timestamp,temperature_outside,humidity_outside,shortwave_radiation,direct_radiation,diffuse_radiation,wind_speed,surface_pressure,dew_point_outside,vpd_outside_reference,et0_outside_reference,external_soil_temperature_context,external_soil_moisture_context,pump_state,fan_state,grow_light_state,vent_state,temperature_inside_true,humidity_inside_true,vapor_density_inside_true,soil_temperature_inside_true,soil_moisture_inside_true,light_lux_inside_true,vpd_inside,solar_inside,ventilation_rate_m3_s,evapotranspiration_rate_kg_s,water_stress_coefficient,condensation_rate_kg_s,drainage_rate_m3_s,air_density,simulation_id,parameter_set_id
2024-06-01T00:00,29.6,83.0,0.0,0.0,0.0,0.81,100950.0,26.4,0.72,0.0,29.8,0.176,0,0,0,1.0,29.6,83.00000000000001,0.024633318950427478,29.6,0.4,0.0,0.7049358805204089,0.0,0.0011845397781352276,4.77714504937632e-07,1.0,0.0,0.0,1.1616214428759424,lhs_candidate_000009_june2024_preflight,pa1_candidate_000009
2024-06-01T01:00,29.3,84.0,0.0,0.0,0.0,1.1,100880.0,26.4,0.63,0.0,29.6,0.176,0,0,0,1.0,29.39685387593299,84.54504653487386,0.024816759306474614,29.583045768524013,0.3999200847421004,0.0,0.6334158832006285,0.0,0.0016633524289692977,4.292474867919008e-07,1.0,0.0,0.0,1.161595393816574,lhs_candidate_000009_june2024_preflight,pa1_candidate_000009
2024-06-01T02:00,28.9,85.0,0.0,0.0,0.0,1.0,100820.0,26.1,0.59,0.0,29.4,0.176,0,0,0,1.0,29.05341043002797,85.32700227899845,0.024582815288235294,29.56011213333016,0.3998453232239331,0.0,0.5895695517199133,0.0,0.0015564396132661524,3.995341055959004e-07,1.0,0.0,0.0,1.1622238430660552,lhs_candidate_000009_june2024_preflight,pa1_candidate_000009
2024-06-01T03:00,28.7,86.0,0.0,0.0,0.0,0.9,100780.0,26.1,0.54,0.0,29.2,0.176,0,0,0,1.0,28.78534683234511,86.5124266303603,0.024562761937040305,29.53032056800815,0.3997769254017297,0.0,0.5336029089084575,0.0,0.0013749001152491228,3.616071425876359e-07,1.0,0.0,0.0,1.1627941683391378,lhs_candidate_000009_june2024_preflight,pa1_candidate_000009
2024-06-01T04:00,28.7,86.0,0.0,0.0,0.0,0.92,100820.0,26.1,0.55,0.0,28.8,0.176,0,0,0,1.0,28.69957380965613,86.9227852917544,0.024563987280312675,29.49727623549299,0.399713400544624,0.0,0.5148050000561666,0.0,0.001345696633028022,3.48868347515089e-07,1.0,0.0,0.0,1.16358623477513,lhs_candidate_000009_june2024_preflight,pa1_candidate_000009
2024-06-01T05:00,28.6,86.0,0.0,0.0,0.0,1.02,100840.0,26.1,0.53,0.0,28.5,0.176,0,0,0,1.0,28.630831468595066,86.7798846608939,0.024431695162624195,29.463864372159417,0.399650400259364,0.0,0.5183619712346577,0.0,0.001510673821482426,3.512788032353396e-07,1.0,0.0,0.0,1.1640821639362078,lhs_candidate_000009_june2024_preflight,pa1_candidate_000009
2024-06-01T06:00,28.6,86.0,19.0,2.0,17.0,1.02,100900.0,26.0,0.54,0.02,28.5,0.176,1,0,0,1.0,28.621504882020147,88.25342993711816,0.024833893494328605,29.434486714355796,0.3995164493999619,2270.1007999999997,0.46033524620058897,16.15,0.0015049426594637128,1.1327846126377521e-06,1.0,0.0,0.0,1.1648107938030094,lhs_candidate_000009_june2024_preflight,pa1_candidate_000009
2024-06-01T07:00,29.0,84.0,156.0,58.0,98.0,1.02,100980.0,26.1,0.62,0.11,29.7,0.175,0,0,0,1.0,29.06591934766979,97.05753554607402,0.02798145002960824,29.445417875016883,0.40583545969004425,17175.875200000002,0.11831538585956292,132.6,0.0015319872998633313,6.819615599702725e-06,1.0,2.051312839968303e-06,0.0,1.1640200952986828,lhs_candidate_000009_june2024_preflight,pa1_candidate_000009
2024-06-01T08:00,30.2,75.0,326.0,146.0,180.0,0.71,101020.0,25.4,1.06,0.24,30.6,0.175,0,0,0,1.0,30.27141567826501,100.0,0.030776264392586856,29.543984279755144,0.40395932374300525,35020.831999999995,0.0,277.09999999999997,0.0010998640292254553,1.4083694663884972e-05,1.0,8.073293286377847e-06,0.0,1.1598546892239443,lhs_candidate_000009_june2024_preflight,pa1_candidate_000009
2024-06-01T09:00,31.6,66.0,535.0,311.0,224.0,0.32,101030.0,24.6,1.55,0.4,32.0,0.173,0,0,0,1.0,31.978810840631933,100.0,0.03372523849487214,29.759627826014675,0.4006116381617033,54960.857599999996,0.0,454.75,0.0009556723140504125,2.3112811795025954e-05,1.0,2.03167030480075e-06,0.0,1.1534787159302973,lhs_candidate_000009_june2024_preflight,pa1_candidate_000009
2024-06-01T10:00,32.7,61.0,673.0,368.0,305.0,0.2,100990.0,24.1,1.93,0.52,33.3,0.172,0,1,0,1.0,33.506142342117,88.74206009899889,0.03244842366865866,30.085820747253493,0.39587225796135145,69954.632,0.5825676931130666,572.05,0.002636197790485782,2.9469410342668267e-05,1.0,0.0,0.0,1.1472792871167645,lhs_candidate_000009_june2024_preflight,pa1_candidate_000009
2024-06-01T11:00,33.3,58.0,730.0,349.0,381.0,0.86,100950.0,23.9,2.15,0.57,34.3,0.17,0,1,0,1.0,34.46960541826265,80.21169969665496,0.030848862861044893,30.47559107251135,0.3903152133214327,77644.49440000001,1.0804275487507757,620.5,0.0033145434999895707,3.226928194989066e-05,1.0,0.0,0.0,1.1432330242817907,lhs_candidate_000009_june2024_preflight,pa1_candidate_000009
2024-06-01T12:00,33.6,57.0,685.0,331.0,354.0,1.64,100940.0,23.9,2.23,0.55,34.7,0.169,0,1,0,1.0,34.850558047251994,72.23420687603019,0.028338315160926195,30.871964488908386,0.38465087187614366,72734.5696,1.5483331405834333,582.25,0.00422134301699233,3.0642299653240856e-05,1.0,0.0,0.0,1.1417059011963098,lhs_candidate_000009_june2024_preflight,pa1_candidate_000009
2024-06-01T13:00,33.3,58.0,601.0,271.0,330.0,1.64,100890.0,23.9,2.16,0.49,34.8,0.167,0,1,0,1.0,34.63533648967714,70.62208872537175,0.027396769798149916,31.229798277276952,0.37945495828282255,64498.191999999995,1.6188229322546608,510.84999999999997,0.004248684840197519,2.706114107163202e-05,1.0,0.0,0.0,1.14193831655835,lhs_candidate_000009_june2024_preflight,pa1_candidate_000009
2024-06-01T14:00,33.5,57.0,537.0,197.0,340.0,1.7,100790.0,23.8,2.24,0.45,34.8,0.166,0,1,0,1.0,34.522637801578256,69.10077120038756,0.02664938378337766,31.538383802182345,0.3748296922133166,59218.015999999996,1.6920472925914591,456.45,0.004224289023433057,2.434586597500222e-05,1.0,0.0,0.0,1.1412243225702021,lhs_candidate_000009_june2024_preflight,pa1_candidate_000009
2024-06-01T15:00,33.2,59.0,342.0,78.0,264.0,0.72,100790.0,24.0,2.1,0.28,34.3,0.164,0,1,0,1.0,34.11566243278776,70.0855583773527,0.026459990473206456,31.775385252643602,0.3712097176748425,39384.1536,1.6015030922762272,290.7,0.003054817974229374,1.58602109209305e-05,1.0,0.0,0.0,1.1427358816096125,lhs_candidate_000009_june2024_preflight,pa1_candidate_000009
2024-06-01T16:00,32.6,61.0,222.0,33.0,189.0,0.71,100770.0,24.1,1.93,0.19,33.7,0.164,0,1,0,1.0,33.36010470891787,68.92298839649236,0.025008573731764815,31.92048400580568,0.36882195567639403,26185.473599999998,1.595073046311085,188.7,0.0029589236841796925,1.0671671381280897e-05,1.0,0.0,0.0,1.1453254492510196,lhs_candidate_000009_june2024_preflight,pa1_candidate_000009
2024-06-01T17:00,32.3,62.0,145.0,34.0,111.0,0.71,100740.0,24.2,1.82,0.13,33.1,0.163,0,0,0,1.0,32.76911479273933,73.05805725702724,0.025694567318018013,32.00049260329056,0.367205751709434,16665.2464,1.337766812031921,123.25,0.001391287235085355,7.170785606227504e-06,1.0,0.0,0.0,1.147196415641844,lhs_candidate_000009_june2024_preflight,pa1_candidate_000009
2024-06-01T18:00,31.9,66.0,41.0,9.0,32.0,0.61,100810.0,24.7,1.61,0.05,32.4,0.163,1,0,0,1.0,32.21487039151345,72.88518466428779,0.024891297227030394,32.02512950252077,0.3663269110094444,4733.8368,1.3049855489085953,34.85,0.0011715152151349363,2.655612892546149e-06,1.0,0.0,0.0,1.1500771895306667,lhs_candidate_000009_june2024_preflight,pa1_candidate_000009
2024-06-01T19:00,31.2,70.0,0.0,0.0,0.0,1.0,100940.0,25.1,1.35,0.03,31.7,0.162,0,0,0,1.0,31.496269458289643,71.07572722686433,0.023361367545549166,32.00174295939947,0.37304076677851833,0.0,1.3366169632298468,0.0,0.001637829899499296,9.057863679874092e-07,1.0,0.0,0.0,1.1542765822131607,lhs_candidate_000009_june2024_preflight,pa1_candidate_000009
2024-06-01T20:00,30.7,74.0,0.0,0.0,0.0,1.1,100990.0,25.5,1.14,0.01,31.1,0.162,0,0,0,1.0,30.897836923099685,74.37715461343902,0.023675328564573113,31.953945761492864,0.37288871518055466,0.0,1.144451609735209,0.0,0.0017180238404957437,7.755615074751513e-07,1.0,0.0,0.0,1.1571213396437483,lhs_candidate_000009_june2024_preflight,pa1_candidate_000009
2024-06-01T21:00,30.2,78.0,0.0,0.0,0.0,1.2,101050.0,25.8,0.96,0.01,30.7,0.162,0,0,0,1.0,30.400457683116127,78.05293628846772,0.024189499378166914,31.89532109612786,0.3727609423924147,0.0,0.9528327076067202,0.0,0.0018571236828129713,6.457069611305588e-07,1.0,0.0,0.0,1.1597059213201961,lhs_candidate_000009_june2024_preflight,pa1_candidate_000009
2024-06-01T22:00,29.7,82.0,0.0,0.0,0.0,1.1,101080.0,26.2,0.77,0.0,30.2,0.162,0,0,0,1.0,29.914217015722265,81.80494311020406,0.024695357458731176,31.827101121695005,0.3726560547026301,0.0,0.7682375927928922,0.0,0.0017271405152420843,5.206122307813349e-07,1.0,0.0,0.0,1.161911419537397,lhs_candidate_000009_june2024_preflight,pa1_candidate_000009
2024-06-01T23:00,29.2,85.0,0.0,0.0,0.0,1.3,101060.0,26.4,0.61,0.0,29.6,0.162,0,0,0,1.0,29.42658770534074,84.62513575875239,0.024880410709474807,31.749649437667998,0.3725710403345261,0.0,0.6312137963191962,0.0,0.0020082440198480106,4.2775519667947745e-07,1.0,0.0,0.0,1.1635536741322652,lhs_candidate_000009_june2024_preflight,pa1_candidate_000009
2024-06-02T00:00,28.8,87.0,0.0,0.0,0.0,1.2,101050.0,26.5,0.5,0.0,29.1,0.162,0,0,0,1.0,28.997408442682943,86.73759316923753,0.02491309805799822,31.663711827506333,0.3725004562792213,0.0,0.5311697026142297,0.0,0.0018560655475696542,3.5995822958380347e-07,1.0,0.0,0.0,1.1650911222736666,lhs_candidate_000009_june2024_preflight,pa1_candidate_000009
2024-06-02T01:00,28.4,89.0,0.0,0.0,0.0,1.12,100980.0,26.4,0.42,0.0,28.8,0.162,0,0,0,1.0,28.60270543405688,88.63499231557194,0.024915653938520053,31.570907016431864,0.37244098513396545,0.0,0.4448972183837654,0.0,0.0017488141099586956,3.014938809348589e-07,1.0,0.0,0.0,1.165806956838472,lhs_candidate_000009_june2024_preflight,pa1_candidate_000009
2024-06-02T02:00,28.4,91.0,0.0,0.0,0.0,1.14,100950.0,26.7,0.35,0.0,28.5,0.162,0,0,0,1.0,28.44846620407767,90.96742983845648,0.025356551219944946,31.473857911901884,0.3723927203923865,0.0,0.3504422317034077,0.0,0.001693869973607745,2.3748448880746903e-07,1.0,0.0,0.0,1.1660566323726773,lhs_candidate_000009_june2024_preflight,pa1_candidate_000009
2024-06-02T03:00,28.4,89.0,0.0,0.0,0.0,1.04,100940.0,26.5,0.41,0.0,28.3,0.162,0,0,0,1.0,28.43106836203417,89.78592494068084,0.02500340104959905,31.378204309909183,0.3723481650578158,0.0,0.3958819052609952,0.0,0.0015397151708452742,2.682776315001994e-07,1.0,0.0,0.0,1.1660083857524148,lhs_candidate_000009_june2024_preflight,pa1_candidate_000009
2024-06-02T04:00,28.3,89.0,0.0,0.0,0.0,1.04,100970.0,26.4,0.4,0.0,28.1,0.162,0,0,0,1.0,28.36752661831142,89.3958390320679,0.024808338581829507,31.284568798869742,0.37229853861043766,0.0,0.40948778797125085,0.0,0.0015615246162737672,2.774979417479498e-07,1.0,0.0,0.0,1.166600728151848,lhs_candidate_000009_june2024_preflight,pa1_candidate_000009
2024-06-02T05:00,28.0,90.0,0.0,0.0,0.0,1.12,101060.0,26.2,0.38,0.0,27.9,0.162,0,0,0,1.0,28.153336339004696,89.88824147714023,0.02465393442832289,31.190602910080575,0.3722497022376304,0.0,0.38564320906194016,0.0,0.0017225778096593171,2.6133916543385655e-07,1.0,0.0,0.0,1.1684706336435513,lhs_candidate_000009_june2024_preflight,pa1_candidate_000009
2024-06-02T06:00,28.0,91.0,19.0,4.0,15.0,1.36,101020.0,26.4,0.34,0.02,28.1,0.162,1,0,0,1.0,28.07110916358556,92.20974670037131,0.025176838012025308,31.099409570565278,0.37213423101892157,2199.736,0.29568755373539846,16.15,0.0020217758586719703,1.0212076691616074e-06,1.0,0.0,0.0,1.1683269899729432,lhs_candidate_000009_june2024_preflight,pa1_candidate_000009
2024-06-02T07:00,30.2,77.0,168.0,87.0,81.0,1.21,101070.0,25.6,1.0,0.13,30.3,0.162,0,0,0,1.0,29.586513690086075,90.99371753386902,0.02698600657467361,31.06202976213862,0.37840654758099246,17633.7744,0.3731722042040686,142.79999999999998,0.002065056471490608,7.510742847649084e-06,1.0,0.0,0.0,1.1630540801820388,lhs_candidate_000009_june2024_preflight,pa1_candidate_000009
2024-06-02T08:00,31.3,68.0,350.0,181.0,169.0,0.98,101090.0,24.7,1.45,0.27,31.3,0.161,0,0,0,1.0,31.375834477276157,96.57974696906741,0.03154036092251366,31.143537383585056,0.3763543403060846,36745.8256,0.1569765135690604,297.5,0.0014809392912477173,1.5226909489928608e-05,1.0,0.0,0.0,1.156449049206674,lhs_candidate_000009_june2024_preflight,pa1_candidate_000009
2024-06-02T09:00,32.0,65.0,510.0,248.0,262.0,0.73,101090.0,24.5,1.68,0.39,32.5,0.16,0,1,0,1.0,32.62226261199347,84.93808280983156,0.029641401990713086,31.334623050252144,0.3729807406343803,54097.788799999995,0.7417308371235096,433.5,0.0028981367233119303,2.2535423235529675e-05,1.0,0.0,0.0,1.1517349831923627,lhs_candidate_000009_june2024_preflight,pa1_candidate_000009
2024-06-02T10:00,33.0,61.0,705.0,426.0,279.0,0.32,101060.0,24.4,1.98,0.54,33.9,0.159,0,1,0,1.0,33.899191538760164,87.56067622101631,0.03268452069664741,31.627718446474432,0.3681720218190424,71855.8896,0.6579750857683262,599.25,0.002751544575645711,3.09029602913213e-05,1.0,0.0,0.0,1.1466048764584034,lhs_candidate_000009_june2024_preflight,pa1_candidate_000009
2024-06-02T11:00,34.0,57.0,821.0,573.0,248.0,0.14,100970.0,24.3,2.27,0.64,35.2,0.157,0,1,0,1.0,35.191255515592104,84.76853574021291,0.033850292844310036,32.01284940205442,0.3621468135335314,80973.23520000001,0.8655113080418744,697.85,0.0028730172521217985,3.605497755707981e-05,1.0,0.0,0.0,1.1407833360323043,lhs_candidate_000009_june2024_preflight,pa1_candidate_000009
2024-06-02T12:00,34.6,55.0,860.0,673.0,187.0,0.8,100910.0,24.2,2.48,0.68,36.1,0.155,0,1,0,1.0,36.06885721140507,78.06064558280012,0.03262076876323722,32.447445160288126,0.3554783758105745,82259.1088,1.3083488986021887,731.0,0.0033952251038855174,3.803993486583602e-05,1.0,0.0,0.0,1.1368696801204525,lhs_candidate_000009_june2024_preflight,pa1_candidate_000009
2024-06-02T13:00,34.8,55.0,913.0,742.0,171.0,0.82,100810.0,24.4,2.5,0.72,36.7,0.154,0,1,0,1.0,36.52611349896743,76.98829013707193,0.03293950045230555,32.90528591891829,0.3484164449956546,86360.1904,1.407085984300915,776.05,0.0035232162649541923,4.039652653250674e-05,1.0,0.0,0.0,1.1340660664886544,lhs_candidate_000009_june2024_preflight,pa1_candidate_000009
2024-06-02T14:00,34.6,56.0,656.0,386.0,270.0,0.92,100820.0,24.6,2.42,0.53,36.4,0.153,0,1,0,1.0,36.19081394219486,71.78045701700766,0.030185633544005823,33.30609453099834,0.3421245904308466,67227.248,1.694154374814465,557.6,0.003553660710152162,2.9488274450717743e-05,1.0,0.0,0.0,1.1354079165359923,lhs_candidate_000009_june2024_preflight,pa1_candidate_000009
2024-06-02T15:00,32.6,66.0,461.0,246.0,215.0,1.2,100830.0,25.5,1.67,0.37,35.5,0.161,0,1,0,1.0,34.460855399104275,73.91770956267709,0.028415246940296675,33.570656594473476,0.3375856152153295,48132.216,1.4233838134149916,391.84999999999997,0.003931103213583882,2.0880485243397208e-05,1.0,0.0,0.0,1.1419065355749656,lhs_candidate_000009_june2024_preflight,pa1_candidate_000009
2024-06-02T16:00,31.5,71.0,398.0,260.0,138.0,1.0,100840.0,25.6,1.34,0.3,34.3,0.165,0,1,0,1.0,32.88447298039707,80.21616518015023,0.028384752552639173,33.7271162284347,0.33410127735778294,39879.1712,0.9887255316312107,338.3,0.0035496105466811395,1.7864234396886937e-05,1.0,0.0,0.0,1.1479023258694536,lhs_candidate_000009_june2024_preflight,pa1_candidate_000009
2024-06-02T17:00,30.9,73.0,171.0,95.0,76.0,0.42,100820.0,25.5,1.21,0.13,33.2,0.165,0,1,0,1.0,31.743599382755647,79.25728424047743,0.026396765864443606,33.78354098729499,0.33177233265816863,17721.862399999998,0.9720691537918382,145.35,0.0027762222804209513,8.04620241110845e-06,1.0,0.0,0.0,1.1519691124008569,lhs_candidate_000009_june2024_preflight,pa1_candidate_000009
2024-06-02T18:00,30.7,73.0,54.0,19.0,35.0,0.64,100860.0,25.3,1.19,0.05,32.3,0.165,1,0,0,1.0,31.058381062143113,80.59333808243359,0.025875956626040596,33.739145170909254,0.33078163668676464,5983.383999999999,0.8747641790908114,45.9,0.0012388821769022135,2.9256841324019246e-06,1.0,0.0,0.0,1.1550219503368264,lhs_candidate_000009_june2024_preflight,pa1_candidate_000009
2024-06-02T19:00,30.4,75.0,0.0,0.0,0.0,0.89,100910.0,25.5,1.08,0.03,31.6,0.165,0,0,0,1.0,30.599856852203967,76.66328131606113,0.024015320003263056,33.645341435092895,0.33749128877866663,0.0,1.0247750717482051,0.0,0.001435953235165854,6.944602049639138e-07,1.0,0.0,0.0,1.1573389595248176,lhs_candidate_000009_june2024_preflight,pa1_candidate_000009
2024-06-02T20:00,29.7,84.0,0.0,0.0,0.0,1.02,100970.0,26.7,0.67,0.0,30.9,0.164,0,0,0,1.0,30.016465121517847,82.71679824483496,0.025109072152773047,33.53061145787128,0.33738052705314686,0.0,0.7340303448596077,0.0,0.0016759465727741538,4.974309756299244e-07,1.0,0.0,0.0,1.16025552484004,lhs_candidate_000009_june2024_preflight,pa1_candidate_000009
2024-06-02T21:00,29.5,84.0,0.0,0.0,0.0,0.94,101010.0,26.6,0.64,0.0,30.2,0.164,0,0,0,1.0,29.640604732274866,84.51139990755766,0.025137161761631877,33.40705886389333,0.337299022235127,0.0,0.6437647778296705,0.0,0.001466072370884262,4.3626063112314814e-07,1.0,0.0,0.0,1.162155988823214,lhs_candidate_000009_june2024_preflight,pa1_candidate_000009
2024-06-02T22:00,29.1,86.0,0.0,0.0,0.0,0.94,101030.0,26.5,0.57,0.0,29.6,0.164,0,0,0,1.0,29.306980496718772,85.92180996488986,0.025098033309228707,33.27984846864141,0.33722425261696254,0.0,0.5740086210882742,0.0,0.0015074443860833352,3.889889163404258e-07,1.0,0.0,0.0,1.1636682623220491,lhs_candidate_000009_june2024_preflight,pa1_candidate_000009
2024-06-02T23:00,29.0,86.0,0.0,0.0,0.0,0.98,101020.0,26.4,0.55,0.0,29.2,0.164,0,0,0,1.0,29.096986119787722,86.49092425990685,0.024977333780970657,33.14937712199003,0.33715671256273433,0.0,0.5441703318176208,0.0,0.0014944461985142196,3.6876837716657483e-07,1.0,0.0,0.0,1.1643614922463679,lhs_candidate_000009_june2024_preflight,pa1_candidate_000009
2024-06-03T00:00,28.6,87.0,0.0,0.0,0.0,0.98,100980.0,26.3,0.49,0.0,28.9,0.164,0,0,0,1.0,28.808135094202093,86.96966179838668,0.024723304296610394,33.017770932823794,0.33709168263071426,0.0,0.5161938913624651,0.0,0.001561859046690595,3.498095586821398e-07,1.0,0.0,0.0,1.1650138292518826,lhs_candidate_000009_june2024_preflight,pa1_candidate_000009
2024-06-03T01:00,28.2,90.0,0.0,0.0,0.0,1.17,100930.0,26.3,0.39,0.0,28.5,0.164,0,0,0,1.0,28.425561112369866,89.32852984209207,0.0248685308433053,32.8818400019451,0.33703448471226266,0.0,0.4134776572426513,0.0,0.0018291600356947428,2.8020175989144655e-07,1.0,0.0,0.0,1.1659141618140043,lhs_candidate_000009_june2024_preflight,pa1_candidate_000009
2024-06-03T02:00,28.1,93.0,0.0,0.0,0.0,1.24,100880.0,26.8,0.27,0.0,28.3,0.164,0,0,0,1.0,28.213233193113986,92.47312382992155,0.025446325916943614,32.74247371073531,0.33699186842167805,0.0,0.28806221760519035,0.0,0.0018704132959753616,1.9521137095888807e-07,1.0,0.0,0.0,1.1661576236500573,lhs_candidate_000009_june2024_preflight,pa1_candidate_000009
2024-06-03T03:00,27.9,93.0,0.0,0.0,0.0,1.2,100840.0,26.7,0.26,0.0,28.2,0.164,0,0,0,1.0,28.043640882507322,92.7865991638537,0.025296178932920056,32.603307143976075,0.3369582661000998,0.0,0.27335513526891253,0.0,0.0018292892084529602,1.8524480981269522e-07,1.0,0.0,0.0,1.1663515946124108,lhs_candidate_000009_june2024_preflight,pa1_candidate_000009
2024-06-03T04:00,27.9,93.0,0.0,0.0,0.0,1.2,100820.0,26.6,0.28,0.0,28.0,0.164,0,0,0,1.0,27.966840944834765,93.02693727255394,0.025254988104343408,32.464898445715306,0.33692564637488076,0.0,0.2630684514111121,0.0,0.001789895526651839,1.782738239083442e-07,1.0,0.0,0.0,1.1664176867543625,lhs_candidate_000009_june2024_preflight,pa1_candidate_000009
2024-06-03T05:00,28.0,92.0,0.0,0.0,0.0,1.33,100840.0,26.5,0.31,0.0,27.8,0.164,0,0,0,1.0,28.0156591419439,92.35638917844192,0.025140247059212435,32.33027328061922,0.33689228042616104,0.0,0.28918670132433855,0.0,0.0019524461653700924,1.9597340080876143e-07,1.0,0.0,0.0,1.1664599620398897,lhs_candidate_000009_june2024_preflight,pa1_candidate_000009
2024-06-03T06:00,28.0,92.0,25.0,13.0,12.0,1.3,100880.0,26.7,0.29,0.01,28.0,0.164,1,0,0,1.0,28.082346614444656,93.65931121158243,0.025588398961101558,32.20674282474738,0.3367621561784403,2622.1888,0.24082518466715008,21.25,0.0019409059132520301,1.2432381445347064e-06,1.0,1.3659226472716726e-07,0.0,1.1666643234891154,lhs_candidate_000009_june2024_preflight,pa1_candidate_000009
2024-06-03T07:00,29.5,86.0,196.0,139.0,57.0,1.1,100930.0,27.0,0.56,0.14,30.5,0.164,0,0,0,1.0,29.235283398711168,100.0,0.02909668213317583,32.14231866770924,0.34292637252152336,19253.396800000002,0.0,166.6,0.0017542239620222566,8.467497405280537e-06,1.0,3.5877870918534154e-06,0.0,1.162792096248608,lhs_candidate_000009_june2024_preflight,pa1_candidate_000009
2024-06-03T08:00,31.3,72.0,419.0,337.0,82.0,0.7,100950.0,25.6,1.3,0.31,31.6,0.163,0,0,0,1.0,31.272844913732232,100.0,0.03247784797711409,32.20735743273895,0.34053516853487914,39756.9568,0.0,356.15,0.0010477599310149937,1.810143577965584e-05,1.0,7.684108762203562e-06,0.0,1.1552381751453356,lhs_candidate_000009_june2024_preflight,pa1_candidate_000009
2024-06-03T09:00,32.9,62.0,633.0,534.0,99.0,0.6,100950.0,24.6,1.91,0.48,33.3,0.162,0,1,0,1.0,33.401855308636534,100.0,0.036364688145175746,32.41822429449435,0.3364448488699208,59187.05760000001,0.0,538.05,0.0026871561477796796,2.734656049766622e-05,1.0,0.0,0.0,1.1472150167762616,lhs_candidate_000009_june2024_preflight,pa1_candidate_000009
2024-06-03T10:00,34.0,56.0,763.0,643.0,120.0,0.63,100900.0,24.0,2.35,0.59,34.8,0.16,0,1,0,1.0,34.9936751568411,81.36036996239227,0.0321573010220911,32.74411712674537,0.33092207983920946,71365.888,1.047680662017508,648.55,0.0030174833025426572,3.367274041230874e-05,1.0,0.0,0.0,1.1407234173144793,lhs_candidate_000009_june2024_preflight,pa1_candidate_000009
2024-06-03T11:00,35.0,53.0,910.0,785.0,125.0,0.45,100830.0,23.9,2.65,0.71,36.1,0.158,0,1,0,1.0,36.33690996961404,79.88475335975946,0.033847565586359075,33.15601704100995,0.32427816993209996,84477.8,1.2173147714688133,773.5,0.0030767874163772626,4.013831955923641e-05,1.0,0.0,0.0,1.1349845013752937,lhs_candidate_000009_june2024_preflight,pa1_candidate_000009
2024-06-03T12:00,35.4,51.0,950.0,825.0,125.0,0.36,100780.0,23.9,2.79,0.75,36.9,0.156,0,1,0,1.0,37.13044960404929,76.13774457059264,0.033601536366641475,33.62385376880024,0.3168775382109944,87997.8,1.5079840056662759,807.5,0.003231783245847172,4.206335832432864e-05,1.0,0.0,0.0,1.1315204066518925,lhs_candidate_000009_june2024_preflight,pa1_candidate_000009
2024-06-03T13:00,36.0,50.0,931.0,796.0,135.0,0.32,100720.0,23.8,2.98,0.74,37.4,0.154,0,1,0,1.0,37.69661205891978,73.94422344986737,0.03359107831613782,34.09709450569938,0.3093909036247863,86677.624,1.6980151386504456,791.35,0.003197625607410824,4.070500108108218e-05,0.9838944668196683,0.0,0.0,1.1287870740160222,lhs_candidate_000009_june2024_preflight,pa1_candidate_000009
2024-06-03T14:00,35.5,54.0,757.0,594.0,163.0,0.8,100580.0,24.7,2.68,0.61,37.3,0.153,0,1,0,1.0,37.43340760695384,69.18228423121006,0.031008584964622898,34.518861366090896,0.30284559529748795,72350.7312,1.9798735431946506,643.4499999999999,0.003591212998195683,3.21213993575678e-05,0.9434913289968392,0.0,0.0,1.1281733318728422,lhs_candidate_000009_june2024_preflight,pa1_candidate_000009
2024-06-03T15:00,34.7,56.0,570.0,403.0,167.0,1.08,100620.0,24.5,2.44,0.46,36.6,0.154,0,1,0,1.0,36.4486444061516,66.36204622385664,0.02828012736405536,34.831163465546695,0.29782847509064564,56035.4608,2.0481507440280993,484.5,0.003766557245480655,2.373727175094337e-05,0.9125214511768249,0.0,0.0,1.13221189001738,lhs_candidate_000009_june2024_preflight,pa1_candidate_000009
2024-06-03T16:00,33.0,64.0,347.0,220.0,127.0,1.06,100620.0,25.4,1.78,0.28,35.4,0.158,0,1,0,1.0,34.676851506258664,68.82451746725062,0.026757309409017237,35.01104573402212,0.29440269621427706,35004.1648,1.7218315260995656,294.95,0.003723309671596838,1.4402619364825429e-05,0.8913746679893646,0.0,0.0,1.1387286866453907,lhs_candidate_000009_june2024_preflight,pa1_candidate_000009
2024-06-03T17:00,32.6,66.0,150.0,87.0,63.0,0.82,100610.0,25.4,1.66,0.13,34.2,0.158,0,1,0,1.0,33.36768245822317,69.74016771166937,0.025315189068811694,35.052053666144076,0.2925181215769118,15416.491199999999,1.5537886443644346,127.5,0.00307374195960475,6.627255312388755e-06,0.879741491215505,0.0,0.0,1.1434786612719845,lhs_candidate_000009_june2024_preflight,pa1_candidate_000009
2024-06-03T18:00,32.1,70.0,65.0,43.0,22.0,1.04,100630.0,25.8,1.45,0.06,33.3,0.158,1,0,0,1.0,32.5698686858368,72.93312677559435,0.025381389198889215,35.005612399789136,0.29162740277571225,6494.0127999999995,1.3289970416994188,55.25,0.0017811959105412402,3.2423243886653776e-06,0.8742432270105694,0.0,0.0,1.1466906124656984,lhs_candidate_000009_june2024_preflight,pa1_candidate_000009
2024-06-03T19:00,31.4,75.0,0.0,0.0,0.0,1.04,100720.0,26.5,1.13,0.03,32.4,0.158,0,0,0,1.0,31.777025969476608,75.10594974540562,0.025058788276077968,34.90909535139961,0.29829472064995904,0.0,1.1688234325229283,0.0,0.0017333813980000526,7.250674302270828e-07,0.9153995101849324,0.0,0.0,1.1507003571697343,lhs_candidate_000009_june2024_preflight,pa1_candidate_000009
2024-06-03T20:00,31.1,79.0,0.0,0.0,0.0,1.12,100810.0,26.9,0.96,0.01,31.9,0.157,0,0,0,1.0,31.27136088426173,78.95797334351286,0.025641813449702233,34.7847583323109,0.29817575268967617,0.0,0.9600351596491445,0.0,0.0017313211284126619,5.950700296906902e-07,0.9146651400597294,0.0,0.0,1.1536416856594651,lhs_candidate_000009_june2024_preflight,pa1_candidate_000009
2024-06-03T21:00,30.7,82.0,0.0,0.0,0.0,1.0,100890.0,27.3,0.8,0.0,31.4,0.157,0,0,0,1.0,30.89934793311568,81.92649883594956,0.02608051000893826,34.654834019643545,0.298077498506861,0.0,0.8073275211338085,0.0,0.0015828069248851973,5.00083613376132e-07,0.9140586327584012,0.0,0.0,1.1559698167472585,lhs_candidate_000009_june2024_preflight,pa1_candidate_000009
2024-06-03T22:00,30.2,86.0,0.0,0.0,0.0,1.1,100900.0,27.6,0.61,0.0,30.9,0.157,0,0,0,1.0,30.45216344781919,85.34771737782117,0.026524027862946307,34.51931217992136,0.29799672301532654,0.0,0.6380128406228294,0.0,0.001747058996509783,3.949892862038247e-07,0.9135600186131267,0.0,0.0,1.1577872244285534,lhs_candidate_000009_june2024_preflight,pa1_candidate_000009
2024-06-03T23:00,29.5,91.0,0.0,0.0,0.0,1.32,100890.0,27.9,0.36,0.0,30.2,0.157,0,0,0,1.0,29.848375390562847,89.56479449108409,0.026941755015714483,34.37575121005904,0.29793646966535625,0.0,0.43893636288408633,0.0,0.002090290903605824,2.716317980643433e-07,0.913188084354051,0.0,0.0,1.1599793845736708,lhs_candidate_000009_june2024_preflight,pa1_candidate_000009
2024-06-04T00:00,29.3,90.0,0.0,0.0,0.0,1.4,100870.0,27.5,0.4,0.0,29.7,0.157,0,0,0,1.0,29.465960913974993,89.85319282223404,0.026474028988090346,34.223914602646744,0.29789028454731903,0.0,0.4175221011200456,0.0,0.002120935271049531,2.582991108254904e-07,0.9129029910328336,0.0,0.0,1.161215005574296,lhs_candidate_000009_june2024_preflight,pa1_candidate_000009
2024-06-04T01:00,29.1,90.0,0.0,0.0,0.0,1.43,100790.0,27.2,0.42,0.0,29.2,0.157,0,0,0,1.0,29.24746378403821,89.81116659410057,0.026149383763387886,34.0701974977366,0.29784387142434904,0.0,0.4140048531520981,0.0,0.002155445591892565,2.560427928900905e-07,0.9126164902737595,0.0,0.0,1.1611324157773146,lhs_candidate_000009_june2024_preflight,pa1_candidate_000009
2024-06-04T02:00,28.5,88.0,0.0,0.0,0.0,1.33,100750.0,26.4,0.45,0.0,28.7,0.157,0,0,0,1.0,28.80607447457699,87.65226312857786,0.024914549509968686,33.91399441089933,0.2977936707854806,0.0,0.48909446432495374,0.0,0.002085632064899608,3.0237952507268925e-07,0.9123066097869171,0.0,0.0,1.1623682342330048,lhs_candidate_000009_june2024_preflight,pa1_candidate_000009
2024-06-04T03:00,28.1,91.0,0.0,0.0,0.0,1.41,100730.0,26.4,0.36,0.0,28.4,0.157,0,0,0,1.0,28.348873601949876,90.05559058677169,0.024965916390696483,33.75106042420888,0.29774429045218154,0.0,0.38359525675366735,0.0,0.0021710358384832876,2.3707607705179084e-07,0.9120017929147008,0.0,0.0,1.1638997872126693,lhs_candidate_000009_june2024_preflight,pa1_candidate_000009
2024-06-04T04:00,27.8,92.0,0.0,0.0,0.0,1.4,100720.0,26.3,0.31,0.0,28.1,0.157,0,0,0,1.0,28.00859467748164,91.36698306911946,0.02486127769024418,33.583723152818095,0.2977052634514335,0.0,0.32648536589209165,0.0,0.002139865338421292,2.0172674847442493e-07,0.911760885502676,0.0,0.0,1.1650991998735665,lhs_candidate_000009_june2024_preflight,pa1_candidate_000009
2024-06-04T05:00,27.8,91.0,0.0,0.0,0.0,1.2,100840.0,26.3,0.33,0.0,27.8,0.157,0,0,0,1.0,27.886334719671336,91.12225236521729,0.024628735762281223,33.415585730459256,0.29766911118974765,0.0,0.33335816082282976,0.0,0.0017999929992153613,2.059228543780251e-07,0.911537723393504,0.0,0.0,1.1669610701896265,lhs_candidate_000009_june2024_preflight,pa1_candidate_000009
2024-06-04T06:00,27.8,92.0,26.0,14.0,12.0,1.41,100860.0,26.5,0.28,0.01,28.0,0.157,1,0,0,1.0,27.91183798097833,93.18933568311309,0.025222753382582352,33.25739820089495,0.2975437590469219,2710.1888,0.25611980774730414,22.099999999999998,0.0021117535576429106,1.1810826747687345e-06,0.9107639447340856,0.0,0.0,1.1670936441483,lhs_candidate_000009_june2024_preflight,pa1_candidate_000009
2024-06-04T07:00,30.5,76.0,199.0,144.0,55.0,1.02,100870.0,25.8,1.04,0.14,30.5,0.157,0,0,0,1.0,29.784372406466787,92.36871185486386,0.027689088893934868,33.166138957338845,0.3037181496246411,19447.032000000003,0.31981725339817535,169.15,0.0018831259389321116,8.36324733149908e-06,0.9488774668187723,6.409946414644245e-07,0.0,1.1599944633159462,lhs_candidate_000009_june2024_preflight,pa1_candidate_000009
2024-06-04T08:00,32.3,63.0,427.0,348.0,79.0,0.58,100910.0,24.4,1.78,0.32,32.0,0.156,0,0,0,1.0,32.287116816860504,100.0,0.03428272003690684,33.223756767239415,0.3014037783156457,40355.4096,0.0,362.95,0.000861982663005634,1.7240449096622874e-05,0.9345912241706524,2.1479334577477322e-06,0.0,1.15094572312875,lhs_candidate_000009_june2024_preflight,pa1_candidate_000009
2024-06-04T09:00,33.6,58.0,638.0,545.0,93.0,0.5,100910.0,24.2,2.19,0.49,33.8,0.155,0,1,0,1.0,34.32168170697786,80.3674488438709,0.030670720096370493,33.4314530343424,0.2975494589764717,59415.9632,1.0631568861261345,542.3,0.002748065464621456,2.5760166869279913e-05,0.9107991294843933,0.0,0.0,1.1433298225498467,lhs_candidate_000009_june2024_preflight,pa1_candidate_000009
2024-06-04T10:00,34.7,54.0,812.0,710.0,102.0,0.81,100880.0,24.1,2.54,0.64,35.3,0.153,0,1,0,1.0,35.97468357816215,73.59829801186699,0.030606837613580472,33.76168894285246,0.2923615618056591,75044.60479999999,1.566347084040248,690.1999999999999,0.0033148500371972056,3.1759897684580924e-05,0.8787750728744388,0.0,0.0,1.13687793484508,lhs_candidate_000009_june2024_preflight,pa1_candidate_000009
2024-06-04T11:00,35.5,52.0,925.0,818.0,107.0,0.91,100820.0,24.1,2.77,0.73,36.5,0.152,0,1,0,1.0,37.2819296535002,69.00030749344035,0.03068852814455968,34.18138705968855,0.2863654778814942,85164.5168,1.975242899962729,786.25,0.0036207720586141096,3.4764752408270374e-05,0.8417622091450259,0.0,0.0,1.1314171498070167,lhs_candidate_000009_june2024_preflight,pa1_candidate_000009
2024-06-04T12:00,36.0,51.0,971.0,854.0,117.0,0.95,100750.0,24.2,2.92,0.77,37.3,0.15,0,1,0,1.0,38.16726938706066,65.4187243851232,0.030438470423430085,34.650095003032895,0.28008784140487125,89564.3408,2.311727718571416,825.35,0.0038020885834021273,3.49432515228091e-05,0.8030113666967361,0.0,0.0,1.1274162522174935,lhs_candidate_000009_june2024_preflight,pa1_candidate_000009
2024-06-04T13:00,36.0,52.0,945.0,833.0,112.0,0.95,100670.0,24.4,2.87,0.75,37.7,0.148,0,1,0,1.0,38.46658758381254,63.49039499617336,0.029993303247019005,35.12373245743429,0.27401514872214633,87100.4288,2.4803654693399633,803.25,0.003910195993694209,3.253966528398401e-05,0.765525609395965,0.0,0.0,1.1254389720749982,lhs_candidate_000009_june2024_preflight,pa1_candidate_000009
2024-06-04T14:00,36.1,51.0,827.0,693.0,134.0,1.48,100590.0,24.4,2.91,0.67,37.7,0.147,0,1,0,1.0,38.39186890417066,59.071276601939125,0.027800178130159954,35.55302732200226,0.2686165345508856,77490.4416,2.7694118562338943,702.9499999999999,0.004355151659108656,2.753397626961928e-05,0.7322008305610221,0.0,0.0,1.1248143183879267,lhs_candidate_000009_june2024_preflight,pa1_candidate_000009
2024-06-04T15:00,35.3,54.0,617.0,439.0,178.0,1.87,100570.0,24.4,2.65,0.51,37.2,0.146,0,1,0,1.0,37.49003477668666,57.81543458748882,0.025988827521106334,35.88606015844854,0.2643364222353786,60558.4672,2.7184766261574254,524.4499999999999,0.004768446314876697,2.011302492491127e-05,0.7057803841690038,0.0,0.0,1.1278555286662773,lhs_candidate_000009_june2024_preflight,pa1_candidate_000009
2024-06-04T16:00,32.7,64.0,276.0,103.0,173.0,2.19,100640.0,25.1,1.77,0.25,35.6,0.15,0,1,0,1.0,34.815848439894175,62.06812965388371,0.024306058475887505,36.045563503166214,0.26170510792333657,30374.555199999995,2.1111758100315305,234.6,0.0051438055196559845,9.208294125018688e-06,0.6895377032304727,0.0,0.0,1.1384409744741855,lhs_candidate_000009_june2024_preflight,pa1_candidate_000009
2024-06-04T17:00,32.3,67.0,175.0,96.0,79.0,0.57,100660.0,25.5,1.57,0.14,34.4,0.15,0,1,0,1.0,33.21243544602872,69.26728873489937,0.02493863270511085,36.0439881219861,0.26035378241413165,18179.4096,1.5644170649057747,148.75,0.002925287522839044,5.872200918783059e-06,0.6811961877415534,0.0,0.0,1.1446266718859341,lhs_candidate_000009_june2024_preflight,pa1_candidate_000009
2024-06-04T18:00,31.9,69.0,64.0,33.0,31.0,0.41,100610.0,25.5,1.46,0.05,33.5,0.15,1,1,0,1.0,32.437634893685825,70.2132430394455,0.024264109801092334,35.97136196711944,0.2595990914551382,6722.6544,1.4516971834007166,54.4,0.00254796958983668,2.5361162053321512e-06,0.6765376015749273,0.0,0.0,1.1469588071371353,lhs_candidate_000009_june2024_preflight,pa1_candidate_000009
2024-06-04T19:00,31.3,74.0,0.0,0.0,0.0,0.94,100760.0,26.0,1.21,0.03,32.6,0.15,0,0,0,1.0,31.67860501638223,73.94855101151845,0.02454343254715396,35.84400207680506,0.26634162726452204,0.0,1.216367872082054,0.0,0.0016075723609946693,5.919756891676455e-07,0.7181581929908768,0.0,0.0,1.1515290247136305,lhs_candidate_000009_june2024_preflight,pa1_candidate_000009
2024-06-04T20:00,30.9,77.0,0.0,0.0,0.0,0.92,100750.0,26.5,1.02,0.0,32.0,0.15,0,0,0,1.0,31.133361092017424,76.88252211148507,0.024783943220695267,35.69028517118334,0.26624249741329,0.0,1.0464853302035197,0.0,0.001496336355931847,5.088641716447675e-07,0.7175462803289505,0.0,0.0,1.153477955032854,lhs_candidate_000009_june2024_preflight,pa1_candidate_000009
2024-06-04T21:00,30.6,80.0,0.0,0.0,0.0,1.08,100780.0,26.9,0.86,0.0,31.5,0.15,0,0,0,1.0,30.784103267332082,79.79379026315186,0.025244841851056937,35.53110370036124,0.2661576480647483,0.0,0.896684277197692,0.0,0.001683219540795515,4.35703613650504e-07,0.7170225189181993,0.0,0.0,1.155147305741133,lhs_candidate_000009_june2024_preflight,pa1_candidate_000009
2024-06-04T22:00,30.4,82.0,0.0,0.0,0.0,1.06,100830.0,27.1,0.77,0.0,31.2,0.15,0,0,0,1.0,30.543204607326835,81.95311636770646,0.025594240922904805,35.36975491814937,0.26608418318353416,0.0,0.7899248540079706,0.0,0.0016329873805211537,3.835858919028235e-07,0.7165690319971245,0.0,0.0,1.156637161665251,lhs_candidate_000009_june2024_preflight,pa1_candidate_000009
2024-06-04T23:00,30.2,84.0,0.0,0.0,0.0,1.03,100850.0,27.2,0.68,0.0,30.9,0.15,0,0,0,1.0,30.342234228693272,83.87683589100628,0.025912937595813555,35.208125391906876,0.26601921947667645,0.0,0.6976605607530866,0.0,0.001590894121579404,3.385929485311517e-07,0.7161680214609657,0.0,0.0,1.1576326536318384,lhs_candidate_000009_june2024_preflight,pa1_candidate_000009
2024-06-05T00:00,30.0,85.0,0.0,0.0,0.0,0.89,100830.0,27.2,0.62,0.0,30.7,0.15,0,0,0,1.0,30.145231673302312,85.03810598961516,0.025993918985228202,35.046584070206656,0.26596098867851775,0.0,0.6401504336054011,0.0,0.0014006378051149603,3.105258438891193e-07,0.7158085720896158,0.0,0.0,1.1581548587364847,lhs_candidate_000009_june2024_preflight,pa1_candidate_000009
2024-06-05T01:00,29.8,86.0,0.0,0.0,0.0,0.81,100770.0,27.2,0.59,0.0,30.5,0.149,0,0,0,1.0,29.948076819957617,86.03119078084848,0.026018788627447588,34.88515586351115,0.2659072700371485,0.0,0.5909427527997346,0.0,0.0012947435374028992,2.8652326088493335e-07,0.7154769755379536,0.0,0.0,1.158218577494462,lhs_candidate_000009_june2024_preflight,pa1_candidate_000009
2024-06-05T02:00,29.6,89.0,0.0,0.0,0.0,0.81,100750.0,27.6,0.45,0.0,30.3,0.149,0,0,0,1.0,29.751524362433223,88.49025498896209,0.026479308951893727,34.723837206257045,0.2658600967326702,0.0,0.481448753800918,0.0,0.0012972677212349578,2.3333922489110814e-07,0.7151857823004333,0.0,0.0,1.1587401213701978,lhs_candidate_000009_june2024_preflight,pa1_candidate_000009
2024-06-05T03:00,29.5,89.0,0.0,0.0,0.0,0.85,100720.0,27.5,0.46,0.0,30.2,0.149,0,0,0,1.0,29.613107929988747,89.11177351652238,0.02646601814579267,34.56316200092184,0.2658200465914865,0.0,0.4518406760169107,0.0,0.0013244135528109847,2.1891365766432336e-07,0.7149385592067068,0.0,0.0,1.1589246790758911,lhs_candidate_000009_june2024_preflight,pa1_candidate_000009
2024-06-05T04:00,29.4,89.0,0.0,0.0,0.0,0.95,100730.0,27.4,0.44,0.0,30.1,0.149,0,0,0,1.0,29.50793178711167,89.08484994829846,0.026307505840409175,34.404442885478176,0.2657807414431336,0.0,0.450224680343438,0.0,0.0014592898494117797,2.1805669332378687e-07,0.7146959348341578,0.0,0.0,1.1594425190118618,lhs_candidate_000009_june2024_preflight,pa1_candidate_000009
2024-06-05T05:00,29.2,89.0,0.0,0.0,0.0,1.02,100760.0,27.3,0.43,0.0,29.9,0.149,0,0,0,1.0,29.347072722626518,88.93420151045565,0.026034621724427557,34.24739550925238,0.2657413736108745,0.0,0.45222867925184396,0.0,0.0015801615988241533,2.1895281354786911e-07,0.7144529235239168,0.0,0.0,1.160404572116956,lhs_candidate_000009_june2024_preflight,pa1_candidate_000009
2024-06-05T06:00,29.2,89.0,25.0,13.0,12.0,1.17,100760.0,27.2,0.43,0.02,29.9,0.149,1,0,0,1.0,29.316840707232377,90.10936366395862,0.026335339904905025,34.0977660719545,0.2656346274276955,2622.1888,0.40349923395764264,21.25,0.0017730109867385262,9.66104190616207e-07,0.7137939964672562,0.0,0.0,1.160520556298249,lhs_candidate_000009_june2024_preflight,pa1_candidate_000009
2024-06-05T07:00,30.2,83.0,185.0,123.0,62.0,0.98,100870.0,26.9,0.74,0.13,30.9,0.149,0,0,0,1.0,30.211820788059697,94.66074269859331,0.029039509857284256,34.002479825761924,0.2720248964230415,18461.308800000003,0.22931520506506597,157.25,0.0014407298045961566,6.137160022181108e-06,0.7532401013767994,0.0,0.0,1.158359986852451,lhs_candidate_000009_june2024_preflight,pa1_candidate_000009
2024-06-05T08:00,32.0,69.0,414.0,327.0,87.0,0.64,100910.0,25.6,1.47,0.31,32.3,0.148,0,0,0,1.0,32.22164143924078,99.4968674347067,0.033991783578047906,34.031642911442226,0.2702723639159957,39492.8688,0.02422408502876916,351.9,0.0011322059873697585,1.329072292775777e-05,0.7424219994814548,0.0,0.0,1.1511924998284018,lhs_candidate_000009_june2024_preflight,pa1_candidate_000009
2024-06-05T09:00,33.4,62.0,624.0,526.0,98.0,0.64,100870.0,25.0,1.96,0.48,34.0,0.147,0,1,0,1.0,34.3353790271778,76.5398798799586,0.029230930101973578,34.20894841554988,0.2672524446971492,58359.875199999995,1.271397241352478,530.4,0.0029942889172913044,2.0135093340562235e-05,0.7237805228219086,0.0,0.0,1.1428257039452043,lhs_candidate_000009_june2024_preflight,pa1_candidate_000009
2024-06-05T10:00,34.5,57.0,795.0,683.0,112.0,0.63,100840.0,24.7,2.37,0.62,35.5,0.146,0,1,0,1.0,36.104125558567134,70.26492245484611,0.029416496713780754,34.51166328552167,0.263196123758535,73900.4288,1.7766777423747726,675.75,0.0033253318509724773,2.4839707819917215e-05,0.6987415046823149,0.0,0.0,1.1359514855167254,lhs_candidate_000009_june2024_preflight,pa1_candidate_000009
2024-06-05T11:00,35.4,54.0,905.0,782.0,123.0,1.03,100800.0,24.7,2.63,0.72,36.7,0.145,0,1,0,1.0,37.50839301432127,64.24586197681711,0.02890647101906537,34.90550209756764,0.2585031919161173,83967.43519999999,2.3063808518632696,769.25,0.0038515201072156988,2.723318956277674e-05,0.6697727896056624,0.0,0.0,1.1303680913867742,lhs_candidate_000009_june2024_preflight,pa1_candidate_000009
2024-06-05T12:00,35.5,54.0,831.0,696.0,135.0,1.62,100740.0,24.8,2.64,0.67,37.2,0.143,0,1,0,1.0,37.930518668036896,59.39628953955463,0.027305662363920385,35.31846812596087,0.2538770391986543,77877.624,2.6798077710481185,706.35,0.0045483571470625855,2.4184426927815116e-05,0.6412162913497178,0.0,0.0,1.1281622953093524,lhs_candidate_000009_june2024_preflight,pa1_candidate_000009
2024-06-05T13:00,35.1,56.0,805.0,547.0,258.0,1.48,100700.0,24.9,2.5,0.65,37.3,0.142,0,1,0,1.0,37.687434470520095,60.14024663617037,0.02730748576287047,35.69751849321447,0.24967791879568002,79917.0592,2.5963075686692325,684.25,0.004445002361755872,2.2480855398224497e-05,0.6152957950350618,0.0,0.0,1.128596251666328,lhs_candidate_000009_june2024_preflight,pa1_candidate_000009
2024-06-05T14:00,35.2,54.0,550.0,255.0,295.0,1.24,100620.0,24.6,2.59,0.46,37.1,0.141,0,1,0,1.0,37.15951503649834,57.700965193033475,0.02550282796291844,35.99293248632725,0.24629712560239056,58778.808000000005,2.677333788555494,467.5,0.00400039660423094,1.5202573238986569e-05,0.5944267012493245,0.0,0.0,1.1296181694224827,lhs_candidate_000009_june2024_preflight,pa1_candidate_000009
2024-06-05T15:00,34.0,59.0,452.0,267.0,185.0,1.0,100640.0,24.9,2.16,0.37,36.5,0.144,0,1,0,1.0,36.02237402812368,60.83802957358164,0.02536268523051148,36.182076984828825,0.24383011319103862,46284.744000000006,2.3294694188484457,384.2,0.0037965751819787176,1.2224383725941222e-05,0.5791982295743124,0.0,0.0,1.1339982807480407,lhs_candidate_000009_june2024_preflight,pa1_candidate_000009
2024-06-05T16:00,31.1,80.0,284.0,151.0,133.0,1.0,100700.0,27.2,0.92,0.22,35.0,0.157,0,1,0,1.0,33.40446563240122,75.70572712196478,0.027533936307336804,36.26424695676345,0.24206094059759703,29671.259199999997,1.2500368792969874,241.4,0.003907387261567197,7.453722296737437e-06,0.5682774110962779,0.0,0.0,1.1443642247954517,lhs_candidate_000009_june2024_preflight,pa1_candidate_000009
2024-06-05T17:00,30.7,80.0,153.0,74.0,79.0,1.63,100770.0,26.9,0.87,0.13,33.6,0.172,0,1,0,1.0,31.687598573167307,79.14985078915944,0.026282347682287644,36.219902439529804,0.2410283674967323,16243.409599999999,0.97401009938371,130.04999999999998,0.004126403832759999,4.084976894270184e-06,0.5619035030662487,0.0,0.0,1.1516093323752463,lhs_candidate_000009_june2024_preflight,pa1_candidate_000009
2024-06-05T18:00,30.0,83.0,44.0,18.0,26.0,1.66,100810.0,26.7,0.74,0.05,32.3,0.178,1,1,0,1.0,30.64477195310298,81.38926389144561,0.025557450694703904,36.094741767340686,0.24053772831601583,4786.7424,0.8193434065897378,37.4,0.0040497466888948066,1.3726592183320046e-06,0.5588748661482459,0.0,0.0,1.1560211180180613,lhs_candidate_000009_june2024_preflight,pa1_candidate_000009
2024-06-05T19:00,29.7,81.0,0.0,0.0,0.0,1.51,100900.0,26.0,0.81,0.03,31.3,0.178,0,0,0,1.0,29.98679614024357,80.76104900954965,0.024476107623408985,35.91822229977471,0.24741277443155554,0.0,0.8157031748933723,0.0,0.0023249381548723566,3.3239299497104496e-07,0.6013134224170096,0.0,0.0,1.159564627667745,lhs_candidate_000009_june2024_preflight,pa1_candidate_000009
2024-06-05T20:00,29.6,80.0,0.0,0.0,0.0,1.4,100990.0,25.8,0.83,0.01,30.9,0.178,0,0,0,1.0,29.731819750126906,80.13871633910931,0.023954661585902388,35.726771522863,0.2473524503058976,0.0,0.829850545065344,0.0,0.0021059572886586585,3.3794853470906516e-07,0.6009410512709727,0.0,0.0,1.161575959450084,lhs_candidate_000009_june2024_preflight,pa1_candidate_000009
2024-06-05T21:00,29.5,81.0,0.0,0.0,0.0,1.17,101070.0,25.8,0.8,0.0,30.5,0.179,0,0,0,1.0,29.616144368627126,81.00856941882725,0.024063344172280413,35.53712661154334,0.24729293429613283,0.0,0.7882458918235558,0.0,0.0017725879724945696,3.208092004342505e-07,0.6005736684946471,0.0,0.0,1.1629402560896929,lhs_candidate_000009_june2024_preflight,pa1_candidate_000009
2024-06-05T22:00,29.3,81.0,0.0,0.0,0.0,1.12,101060.0,25.7,0.77,0.0,30.2,0.179,0,0,0,1.0,29.45507089855526,81.0761939489861,0.023873887209384895,35.34997070534425,0.24723569314667704,0.0,0.7781909573330323,0.0,0.0017231528440647644,3.165305931599265e-07,0.6002203280659076,0.0,0.0,1.1634441527550543,lhs_candidate_000009_june2024_preflight,pa1_candidate_000009
2024-06-05T23:00,28.6,86.0,0.0,0.0,0.0,1.32,101060.0,26.1,0.54,0.0,29.9,0.179,0,0,0,1.0,28.963029397036554,84.53559366842727,0.02423519038312096,35.161307283776594,0.2471836877183402,0.0,0.6181320216009594,0.0,0.0020972190359149294,2.512918561502702e-07,0.5998993069033346,0.0,0.0,1.1653390157770078,lhs_candidate_000009_june2024_preflight,pa1_candidate_000009
2024-06-06T00:00,28.1,89.0,0.0,0.0,0.0,1.24,101030.0,26.1,0.42,0.0,29.5,0.178,0,0,0,1.0,28.414279667297404,87.76631830172191,0.024418540088492483,34.96506034938788,0.24714408572529975,0.0,0.4736969567572684,0.0,0.001967525536087937,1.9249557789008393e-07,0.5996548501561713,0.0,0.0,1.167112992659781,lhs_candidate_000009_june2024_preflight,pa1_candidate_000009
2024-06-06T01:00,27.9,90.0,0.0,0.0,0.0,1.17,100930.0,26.2,0.37,0.0,29.2,0.178,0,0,0,1.0,28.094920892056237,89.3738348117709,0.024434427822658606,34.76422668604391,0.24711239683570624,0.0,0.4038869141770429,0.0,0.0018136707148466997,1.6407342828891336e-07,0.5994592397265818,0.0,0.0,1.1671938451832289,lhs_candidate_000009_june2024_preflight,pa1_candidate_000009
2024-06-06T02:00,27.7,92.0,0.0,0.0,0.0,1.17,100860.0,26.3,0.3,0.0,28.8,0.178,0,0,0,1.0,27.884232450308584,91.21146014949846,0.02464999910159957,34.563514420490215,0.24708547972444256,0.0,0.3299679936075308,0.0,0.0018082581588269332,1.340077434421992e-07,0.5992930847187813,0.0,0.0,1.1672006693165864,lhs_candidate_000009_june2024_preflight,pa1_candidate_000009
2024-06-06T03:00,27.5,92.0,0.0,0.0,0.0,1.12,100840.0,26.1,0.28,0.0,28.5,0.178,0,0,0,1.0,27.68424097061415,91.49848786733506,0.024457078854801972,34.36389957796748,0.2470621595462422,0.0,0.31549015934611724,0.0,0.001739301991091371,1.2809717863087363e-07,0.5991491330014951,0.0,0.0,1.1677450086698922,lhs_candidate_000009_june2024_preflight,pa1_candidate_000009
2024-06-06T04:00,27.5,92.0,0.0,0.0,0.0,1.02,100860.0,26.1,0.3,0.0,28.3,0.178,0,0,0,1.0,27.603581170539595,91.77114173458622,0.024421262835667982,34.16649529028764,0.2470395861196311,0.0,0.30393735357288953,0.0,0.0015548672810606675,1.2337773993974683e-07,0.5990097908619203,0.0,0.0,1.1682898545569282,lhs_candidate_000009_june2024_preflight,pa1_candidate_000009
2024-06-06T05:00,27.9,91.0,0.0,0.0,0.0,1.1,100920.0,26.2,0.35,0.0,28.2,0.178,0,0,0,1.0,27.828899610999287,91.4829743736304,0.024648295194917257,33.97611114312429,0.24701711618858468,0.0,0.31874422109012013,0.0,0.0016491876648893138,1.2935835317658866e-07,0.5988710875838561,0.0,0.0,1.1681097275454353,lhs_candidate_000009_june2024_preflight,pa1_candidate_000009
2024-06-06T06:00,28.1,91.0,21.0,8.0,13.0,1.2,100950.0,26.4,0.36,0.02,28.4,0.178,1,0,0,1.0,28.126968720869268,91.93850430363312,0.025179826662085656,33.80277547016415,0.24694517160590093,2305.3712,0.30697892917679503,17.849999999999998,0.0017690801072079011,6.674031995571462e-07,0.5984269852216108,0.0,0.0,1.1673009500985823,lhs_candidate_000009_june2024_preflight,pa1_candidate_000009
2024-06-06T07:00,29.3,87.0,167.0,87.0,80.0,1.1,100970.0,26.9,0.54,0.12,30.5,0.178,0,0,0,1.0,29.233800254039974,95.34451359679345,0.02773985262278137,33.68610778332421,0.2534943171607219,17510.592,0.18901824679692902,141.95,0.0016462509749405666,4.690940973825527e-06,0.6388538096340859,0.0,0.0,1.1632586329292511,lhs_candidate_000009_june2024_preflight,pa1_candidate_000009
2024-06-06T08:00,30.1,80.0,359.0,210.0,149.0,0.85,101030.0,26.3,0.86,0.26,30.9,0.178,0,1,0,1.0,30.688151122838825,89.19408975117545,0.02807370250658708,33.68100397032201,0.2521806842578532,36834.177599999995,0.4769128033513308,305.15,0.0030099276453077234,9.986291504846316e-06,0.6307449645546496,0.0,0.0,1.1583785236354234,lhs_candidate_000009_june2024_preflight,pa1_candidate_000009
2024-06-06T09:00,32.0,65.0,551.0,405.0,146.0,0.92,101010.0,24.6,1.66,0.42,32.3,0.176,0,1,0,1.0,32.745829103752136,76.48842410710611,0.02686789831305141,33.80113657636567,0.24991309794736782,53624.6304,1.1659098804539139,468.34999999999997,0.003170388638331375,1.5168374329294891e-05,0.6167475181936286,0.0,0.0,1.1503586553632403,lhs_candidate_000009_june2024_preflight,pa1_candidate_000009
2024-06-06T10:00,33.6,56.0,779.0,643.0,136.0,0.61,100980.0,23.6,2.28,0.6,34.2,0.174,0,1,0,1.0,35.09555496182206,67.87337275728261,0.026969148751929566,34.06513342778643,0.24666584208719686,73336.8064,1.8159398967077296,662.15,0.00326219589456417,2.0815730997779723e-05,0.596702728933314,0.0,0.0,1.1412505308744008,lhs_candidate_000009_june2024_preflight,pa1_candidate_000009
2024-06-06T11:00,34.5,53.0,914.0,794.0,120.0,0.92,100920.0,23.5,2.57,0.71,35.6,0.172,0,1,0,1.0,36.82159787732227,61.1496159507302,0.02656306635537558,34.45170250732607,0.24266746151693977,84653.888,2.4142008421500347,776.9,0.0038381556549302908,2.3522788767565283e-05,0.5720213673885172,0.0,0.0,1.1342212732686336,lhs_candidate_000009_june2024_preflight,pa1_candidate_000009
2024-06-06T12:00,35.0,52.0,952.0,811.0,141.0,1.48,100830.0,23.6,2.7,0.76,36.5,0.169,0,1,0,1.0,37.761975384130075,56.65715459122994,0.02582385775789451,34.896416469649196,0.23843262240307897,88736.7184,2.834607522827152,809.1999999999999,0.00449576474086219,2.3499482130599407e-05,0.5458803852041912,0.0,0.0,1.1297822985430506,lhs_candidate_000009_june2024_preflight,pa1_candidate_000009
2024-06-06T13:00,35.1,52.0,862.0,700.0,162.0,1.32,100730.0,23.7,2.72,0.69,36.8,0.167,0,1,0,1.0,37.95061292801637,55.147139673506274,0.02537817723162741,35.329456639932936,0.23447902098088486,81555.54879999999,2.963467373387011,732.6999999999999,0.0043639374453674305,2.046684894301575e-05,0.5214754381536102,0.0,0.0,1.1279774460340422,lhs_candidate_000009_june2024_preflight,pa1_candidate_000009
2024-06-06T14:00,34.5,55.0,726.0,441.0,285.0,1.0,100690.0,24.1,2.48,0.58,36.6,0.165,0,1,0,1.0,37.324610354926016,56.70028043323483,0.02527306515494285,35.694082898245405,0.23114317239187726,73914.984,2.765384917332356,617.1,0.004077142109677572,1.664853656646143e-05,0.5008837801967733,0.0,0.0,1.1298029358459392,lhs_candidate_000009_june2024_preflight,pa1_candidate_000009
2024-06-06T15:00,34.3,56.0,551.0,389.0,162.0,0.8,100680.0,24.3,2.38,0.44,36.2,0.164,0,1,0,1.0,36.52730996478062,57.7942518537032,0.02472883761685807,35.959945498702275,0.22853609651098164,54187.5488,2.5809034062657936,468.34999999999997,0.0037107842481664934,1.2387876205980921e-05,0.4847907192035904,0.0,0.0,1.1325992504524192,lhs_candidate_000009_june2024_preflight,pa1_candidate_000009
2024-06-06T16:00,31.5,70.0,320.0,143.0,177.0,0.45,100690.0,25.4,1.38,0.25,34.9,0.172,0,1,0,1.0,34.04467827872725,66.38899985626354,0.02497135780972167,36.09330215129925,0.22678191690014837,34387.2848,1.7923088964041818,272.0,0.003639634440352522,7.1279597107554974e-06,0.4739624500009159,0.0,0.0,1.1418658951062632,lhs_candidate_000009_june2024_preflight,pa1_candidate_000009
2024-06-06T17:00,30.4,76.0,152.0,65.0,87.0,0.71,100710.0,25.8,1.03,0.12,33.3,0.174,0,1,0,1.0,31.775759745904878,73.88806111752093,0.024650780330133595,36.07127687126012,0.22583320548249458,16436.8688,1.2259177737209748,129.2,0.003286624276345745,3.462768569532952e-06,0.4681062066820653,0.0,0.0,1.1505908875975375,lhs_candidate_000009_june2024_preflight,pa1_candidate_000009
2024-06-06T18:00,30.1,76.0,32.0,8.0,24.0,0.64,100820.0,25.4,1.03,0.04,32.3,0.174,1,1,0,1.0,30.638472701626792,75.32453318484305,0.023645020802189155,35.946663212837585,0.22543477559271902,3660.3776,1.0859544889801382,27.2,0.00275538584474682,9.864113272514255e-07,0.46564676291801865,0.0,0.0,1.1561597645037132,lhs_candidate_000009_june2024_preflight,pa1_candidate_000009
2024-06-06T19:00,29.7,76.0,0.0,0.0,0.0,0.73,100910.0,25.1,0.99,0.02,31.4,0.173,0,0,0,1.0,30.014961673308946,76.25551190848535,0.02314583734825129,35.772467523514244,0.23234431200035616,0.0,1.0083589994475828,0.0,0.001311749809831476,3.473382254838625e-07,0.5082982222244208,0.0,0.0,1.1595718098319148,lhs_candidate_000009_june2024_preflight,pa1_candidate_000009
2024-06-06T20:00,29.4,78.0,0.0,0.0,0.0,0.7,100970.0,25.1,0.91,0.0,30.9,0.173,0,0,0,1.0,29.620080834513022,77.81679878690485,0.02312017266397816,35.584472750000046,0.23228416256041645,0.0,0.9209299410181728,0.0,0.0012060012052156396,3.16990789555596e-07,0.5079269293852867,0.0,0.0,1.1617745225484313,lhs_candidate_000009_june2024_preflight,pa1_candidate_000009
2024-06-06T21:00,28.8,86.0,0.0,0.0,0.0,0.85,101020.0,26.2,0.56,0.0,30.5,0.173,0,0,0,1.0,29.137512631766942,84.06003665491089,0.02432893562192161,35.392594708500454,0.2322348064059233,0.0,0.643595153297829,0.0,0.0014729474643815133,2.2139725731253066e-07,0.5076222617649587,0.0,0.0,1.164205390826389,lhs_candidate_000009_june2024_preflight,pa1_candidate_000009
2024-06-06T22:00,28.9,85.0,0.0,0.0,0.0,0.89,101050.0,26.1,0.6,0.0,29.9,0.173,0,0,0,1.0,28.971707375595326,85.28582537541537,0.024461836594712186,35.19733692743986,0.232198057851168,0.0,0.5884394020670789,0.0,0.0013515633551737548,2.0233317617779523e-07,0.5073954188343704,0.0,0.0,1.1651902349304726,lhs_candidate_000009_june2024_preflight,pa1_candidate_000009
2024-06-06T23:00,28.6,87.0,0.0,0.0,0.0,0.72,101010.0,26.3,0.49,0.0,29.5,0.173,0,0,0,1.0,28.804261308553556,86.44599606772582,0.024569245675849824,35.0054035136577,0.23216279589279368,0.0,0.5368184278056436,0.0,0.0012194151175982614,1.8450427034575726e-07,0.5071777524246524,0.0,0.0,1.165374891959002,lhs_candidate_000009_june2024_preflight,pa1_candidate_000009
2024-06-07T00:00,28.4,88.0,0.0,0.0,0.0,0.63,100950.0,26.2,0.48,0.0,29.2,0.173,0,0,0,1.0,28.581058735189913,87.66299628004398,0.024613285891794456,34.81388793135204,0.2321314149426165,0.0,0.48234158187585185,0.0,0.0010883045532662514,1.6571728343833512e-07,0.5069840428556573,0.0,0.0,1.1655442210851068,lhs_candidate_000009_june2024_preflight,pa1_candidate_000009
2024-06-07T01:00,28.4,87.0,0.0,0.0,0.0,0.67,100840.0,26.0,0.51,0.0,28.9,0.173,0,0,0,1.0,28.496512107067783,87.34792945339171,0.024411716793623393,34.62413022188267,0.23210163068475528,0.0,0.4922404810244232,0.0,0.0010672182064772027,1.6905690223081004e-07,0.5068001894120697,0.0,0.0,1.1646005149422682,lhs_candidate_000009_june2024_preflight,pa1_candidate_000009
2024-06-07T02:00,28.6,85.0,0.0,0.0,0.0,0.67,100780.0,25.8,0.59,0.0,28.6,0.173,0,0,0,1.0,28.60095517859172,85.93535023349033,0.024154463198191915,34.44004600406235,0.23206960681173833,0.0,0.5505221785830026,0.0,0.0009807075023053663,1.8899963690511565e-07,0.5066025111835699,0.0,0.0,1.1635047196596728,lhs_candidate_000009_june2024_preflight,pa1_candidate_000009
2024-06-07T03:00,28.5,84.0,0.0,0.0,0.0,0.76,100740.0,25.6,0.61,0.0,28.5,0.173,0,0,0,1.0,28.60771661779966,84.46746604791203,0.023750648638870636,34.26330738459741,0.2320336510505808,0.0,0.6082167982642117,0.0,0.0011978699438585057,2.0871528197472177e-07,0.5063805620406222,0.0,0.0,1.1630168596850228,lhs_candidate_000009_june2024_preflight,pa1_candidate_000009
2024-06-07T04:00,28.6,84.0,0.0,0.0,0.0,0.95,100710.0,25.6,0.63,0.0,28.3,0.173,0,0,0,1.0,28.63522999642621,84.302105979226,0.02373981465137282,34.091354780684,0.23199572394724463,0.0,0.6156728162633636,0.0,0.0014125767761558683,2.1117620476983117e-07,0.5061464441187941,0.0,0.0,1.1625645183548212,lhs_candidate_000009_june2024_preflight,pa1_candidate_000009
2024-06-07T05:00,28.1,88.0,0.0,0.0,0.0,1.0,100740.0,25.9,0.46,0.0,28.1,0.173,0,0,0,1.0,28.369979116081332,86.85346781334889,0.024106038790973467,33.92276718468086,0.23196038829508286,0.0,0.5077356952048153,0.0,0.00162461137107431,1.740786463974567e-07,0.5059283228091535,0.0,0.0,1.1639338560429038,lhs_candidate_000009_june2024_preflight,pa1_candidate_000009
2024-06-07T06:00,28.4,87.0,24.0,8.0,16.0,1.14,100800.0,25.9,0.52,0.02,28.2,0.173,1,0,0,1.0,28.4272698247135,88.09688146544843,0.0245279406753253,33.75990408630853,0.2318840535814558,2674.9184,0.46124494654370807,20.4,0.001682228798886353,6.820682247181426e-07,0.5054571208731841,0.0,0.0,1.1644058419554806,lhs_candidate_000009_june2024_preflight,pa1_candidate_000009
2024-06-07T07:00,29.5,80.0,180.0,115.0,65.0,1.02,100850.0,25.7,0.82,0.13,30.1,0.172,0,0,0,1.0,29.524415996151582,88.60486381878037,0.026189176752724534,33.65496296457854,0.23845563373322923,18126.855999999996,0.470469227736785,153.0,0.001506689259883591,4.4201042186192235e-06,0.5460224304520322,0.0,0.0,1.160760546313517,lhs_candidate_000009_june2024_preflight,pa1_candidate_000009
2024-06-07T08:00,31.0,69.0,375.0,279.0,96.0,0.8,100890.0,24.7,1.39,0.28,31.2,0.172,0,0,0,1.0,31.427510745435804,85.4685010119566,0.02798896639656688,33.66787726336087,0.23724948761384593,36377.5104,0.6688992790506556,318.75,0.0014675489164645292,8.969388738413892e-06,0.538577084036086,0.0,0.0,1.1539652686508606,lhs_candidate_000009_june2024_preflight,pa1_candidate_000009
2024-06-07T09:00,32.5,62.0,610.0,488.0,122.0,0.51,100860.0,24.2,1.88,0.46,33.0,0.17,0,1,0,1.0,33.62699307943661,71.2629915894879,0.02622338096528557,33.825424040861535,0.23513528124823296,57972.252799999995,1.4971340270834559,518.5,0.003004697464430075,1.4382339092056377e-05,0.5255264274582282,0.0,0.0,1.145351071070125,lhs_candidate_000009_june2024_preflight,pa1_candidate_000009
2024-06-07T10:00,33.6,57.0,740.0,586.0,154.0,0.2,100820.0,23.9,2.23,0.57,34.4,0.168,0,1,0,1.0,35.45642438428942,64.65791350480602,0.026177372001289726,34.10847546346791,0.23231096089545242,70538.08959999999,2.0378546854841537,629.0,0.003246267741894224,1.6944939662111256e-05,0.5080923512064964,0.0,0.0,1.1381098425232128,lhs_candidate_000009_june2024_preflight,pa1_candidate_000009
2024-06-07T11:00,34.4,54.0,878.0,697.0,181.0,0.22,100750.0,23.9,2.48,0.68,35.7,0.166,0,1,0,1.0,36.87853721391237,60.07359368703549,0.02617198665280049,34.48061040841447,0.22904066406789583,83632.0144,2.4887809619089833,746.3,0.0035277286930593668,1.9329592775713505e-05,0.48790533375244344,0.0,0.0,1.1321027162759956,lhs_candidate_000009_june2024_preflight,pa1_candidate_000009
2024-06-07T12:00,34.9,53.0,933.0,750.0,183.0,0.61,100690.0,24.0,2.61,0.73,36.5,0.164,0,1,0,1.0,37.8303532213875,56.77986551004971,0.02597008352525138,34.91323621741105,0.22552634652184717,88542.3792,2.8370680879762507,793.05,0.0038517667712325045,1.968795349827961e-05,0.46621201556695785,0.0,0.0,1.127965553614578,lhs_candidate_000009_june2024_preflight,pa1_candidate_000009
2024-06-07T13:00,35.0,54.0,892.0,651.0,241.0,1.12,100590.0,24.2,2.61,0.71,36.8,0.162,0,1,0,1.0,38.109157517569564,55.187758306547444,0.02560243567377307,35.350895909003896,0.22213011056863158,86974.95839999999,2.9862698024188363,758.1999999999999,0.004264513142220554,1.805900274321946e-05,0.44524759610266407,0.0,0.0,1.1258359680581127,lhs_candidate_000009_june2024_preflight,pa1_candidate_000009
2024-06-07T14:00,34.5,55.0,742.0,464.0,278.0,1.02,100470.0,24.3,2.43,0.59,36.6,0.16,0,1,0,1.0,37.52028725866622,54.94111156404107,0.024734949892461066,35.72949537416826,0.21920109364260368,75076.7072,2.908476046004302,630.6999999999999,0.0041569492029236346,1.4535012812059435e-05,0.4271672447074301,0.0,0.0,1.1266243462564451,lhs_candidate_000009_june2024_preflight,pa1_candidate_000009
2024-06-07T15:00,33.9,58.0,466.0,159.0,307.0,1.22,100510.0,24.5,2.22,0.38,35.9,0.159,0,1,0,1.0,36.2162681611793,56.78557706781295,0.023911235478953612,35.978622861320645,0.21708358788825297,51808.99679999999,2.5979892801679396,396.09999999999997,0.00410374706180356,9.065596862198736e-06,0.41409622153242576,0.0,0.0,1.1318236468082548,lhs_candidate_000009_june2024_preflight,pa1_candidate_000009
2024-06-07T16:00,32.3,64.0,335.0,146.0,189.0,0.98,100520.0,24.7,1.72,0.27,35.0,0.161,0,1,0,1.0,34.39081896396787,61.79427443071566,0.02366801371434521,36.09263404035943,0.21569016877477024,36129.473600000005,2.0769043633201254,284.75,0.0038088353371372678,6.439244687110231e-06,0.4054948689800632,0.0,0.0,1.1386550121890062,lhs_candidate_000009_june2024_preflight,pa1_candidate_000009
2024-06-07T17:00,32.0,66.0,200.0,110.0,90.0,1.63,100570.0,24.7,1.63,0.18,34.0,0.16,0,1,0,1.0,33.14396448354858,64.81877318113855,0.023252869620490852,36.1053531203077,0.21475912603802788,20766.415999999997,1.7840083137555776,170.0,0.0041765195462418235,3.937224515133253e-06,0.39974769159276474,0.0,0.0,1.1438589109606463,lhs_candidate_000009_june2024_preflight,pa1_candidate_000009
2024-06-07T18:00,31.5,68.0,52.0,16.0,36.0,1.51,100570.0,24.8,1.48,0.07,33.0,0.16,1,1,0,1.0,32.15914650358251,66.77366795213777,0.022736683259643245,36.03024392655491,0.21428682464293633,5842.5664,1.594100874370083,44.199999999999996,0.00385540466485751,1.3201635220532804e-06,0.39683225088232305,0.0,0.0,1.1475485902085794,lhs_candidate_000009_june2024_preflight,pa1_candidate_000009
2024-06-07T19:00,30.9,73.0,0.0,0.0,0.0,1.41,100660.0,25.5,1.2,0.04,32.2,0.16,0,0,0,1.0,31.296587395299344,71.84132761192873,0.023362187678589837,35.89036989469733,0.2211575005431421,0.0,1.286572160873698,0.0,0.0022316532153253744,3.829646006736295e-07,0.4392438305132228,0.0,0.0,1.1518296784852435,lhs_candidate_000009_june2024_preflight,pa1_candidate_000009
2024-06-07T20:00,30.4,77.0,0.0,0.0,0.0,1.22,100740.0,25.9,0.99,0.01,31.5,0.159,0,0,0,1.0,30.689710756051902,76.06985082034323,0.02394487654107325,35.72594791697335,0.22109501681807875,0.0,1.0562377446286213,0.0,0.0019277836285696358,3.141265477560093e-07,0.43885812850665895,0.0,0.0,1.1550475449482243,lhs_candidate_000009_june2024_preflight,pa1_candidate_000009
2024-06-07T21:00,29.8,82.0,0.0,0.0,0.0,1.12,100750.0,26.4,0.74,0.0,30.7,0.159,0,0,0,1.0,30.128919929060043,80.67194934869566,0.0246375874958593,35.55340606755423,0.221044594169205,0.0,0.8261855853567455,0.0,0.001813617383196016,2.4553445765152316e-07,0.4385468775876852,0.0,0.0,1.1572982032019978,lhs_candidate_000009_june2024_preflight,pa1_candidate_000009
2024-06-07T22:00,30.3,75.0,0.0,0.0,0.0,1.12,100770.0,25.3,1.09,0.01,30.1,0.159,0,0,0,1.0,30.19135688847923,76.77095441944957,0.023525378545995696,35.37833550014813,0.22099765633268229,0.0,0.9964932865890908,0.0,0.0016979286796247601,2.9595261868324607e-07,0.4382571378560635,0.0,0.0,1.1572896850487167,lhs_candidate_000009_june2024_preflight,pa1_candidate_000009
2024-06-07T23:00,30.6,71.0,0.0,0.0,0.0,1.0,100740.0,24.8,1.25,0.01,29.6,0.159,0,0,0,1.0,30.513207705847602,72.54449742658795,0.022619337107918597,35.214556529511285,0.22093865254900347,0.0,1.1996889960648662,0.0,0.0015160628888173757,3.560044343906822e-07,0.4378929169691572,0.0,0.0,1.1557189118100664,lhs_candidate_000009_june2024_preflight,pa1_candidate_000009
2024-06-08T00:00,30.4,73.0,0.0,0.0,0.0,1.1,100700.0,25.0,1.16,0.01,29.2,0.159,0,0,0,1.0,30.51267130121003,73.05258367588773,0.02277710026457823,35.05982483374028,0.22087428646990184,0.0,1.1774516937410602,0.0,0.0016718896314076481,3.490885430140751e-07,0.43749559549322126,0.0,0.0,1.1552620607523743,lhs_candidate_000009_june2024_preflight,pa1_candidate_000009
2024-06-08T01:00,30.1,75.0,0.0,0.0,0.0,1.2,100630.0,25.3,1.05,0.01,28.9,0.159,0,0,0,1.0,30.27611609751362,74.75758794192731,0.023013427528540405,34.906258131164,0.22081378427370502,0.0,1.0881318953432784,0.0,0.0018450458008269297,3.223317910556245e-07,0.43712212514632726,0.0,0.0,1.1553590309729034,lhs_candidate_000009_june2024_preflight,pa1_candidate_000009
2024-06-08T02:00,28.4,86.0,0.0,0.0,0.0,1.22,100590.0,25.8,0.54,0.0,28.5,0.159,0,0,0,1.0,29.153106382304966,82.52144964388089,0.023903908552098094,34.7433673790156,0.22076473486925394,0.0,0.7063530023178126,0.0,0.0021392406901732885,2.0909443606551652e-07,0.4368193510447774,0.0,0.0,1.159190056345572,lhs_candidate_000009_june2024_preflight,pa1_candidate_000009
2024-06-08T03:00,28.3,86.0,0.0,0.0,0.0,1.02,100570.0,25.7,0.54,0.0,28.2,0.159,0,0,0,1.0,28.4939929601211,85.5284640807327,0.023899925291799216,34.56022210570796,0.22073239814259948,0.0,0.5629461893200336,0.0,0.001607691715335432,1.6656703831749107e-07,0.4366197416209845,0.0,0.0,1.1614919866622033,lhs_candidate_000009_june2024_preflight,pa1_candidate_000009
2024-06-08T04:00,28.6,84.0,0.0,0.0,0.0,1.1,100580.0,25.7,0.61,0.0,28.1,0.159,0,0,0,1.0,28.571279498072897,84.6225342475363,0.023746913507595134,34.37709932512514,0.22070186635788158,0.0,0.6008742010974712,0.0,0.001625096957859973,1.7771260507621769e-07,0.43643127381408386,0.0,0.0,1.1613099293733973,lhs_candidate_000009_june2024_preflight,pa1_candidate_000009
2024-06-08T05:00,28.7,84.0,0.0,0.0,0.0,1.0,100640.0,25.7,0.64,0.0,27.9,0.159,0,0,0,1.0,28.722108295208518,84.24946529175888,0.02383783193764239,34.202945070917664,0.22066912254169005,0.0,0.6208541603665552,0.0,0.0014763325050608101,1.8353677314506636e-07,0.4362291514919139,0.0,0.0,1.161422108795228,lhs_candidate_000009_june2024_preflight,pa1_candidate_000009
2024-06-08T06:00,28.5,86.0,22.0,7.0,15.0,1.22,100730.0,25.9,0.55,0.02,28.1,0.159,1,0,0,1.0,28.697503331560913,85.92832649062353,0.0242802123427204,34.0403704014722,0.22060028782722704,2463.736,0.5538869976265528,18.7,0.0018838859684920588,5.777833686485044e-07,0.43580424584708055,0.0,0.0,1.1625554989093647,lhs_candidate_000009_june2024_preflight,pa1_candidate_000009
2024-06-08T07:00,29.9,77.0,134.0,48.0,86.0,1.08,100720.0,25.5,0.97,0.11,30.1,0.159,0,0,0,1.0,29.737749542733045,83.28846633083526,0.024904167372091904,33.92119478238417,0.227311881314151,14817.686399999999,0.698484677262956,113.89999999999999,0.001671540683694391,2.988603418746503e-06,0.4772338352725371,0.0,0.0,1.1584477689292532,lhs_candidate_000009_june2024_preflight,pa1_candidate_000009
2024-06-08T08:00,31.4,65.0,379.0,260.0,119.0,0.78,100770.0,24.2,1.59,0.28,31.7,0.158,0,0,0,1.0,31.813948589888906,79.71269081406318,0.02664821511259186,33.923737823500915,0.22631940289368407,37538.705599999994,0.9545206128252075,322.15,0.001435358516298512,8.018354796552176e-06,0.4711074252696548,0.0,0.0,1.1511322075902506,lhs_candidate_000009_june2024_preflight,pa1_candidate_000009
2024-06-08T09:00,32.6,60.0,550.0,375.0,175.0,0.58,100770.0,23.8,1.97,0.42,33.2,0.157,0,1,0,1.0,33.795904392971636,66.24484918154265,0.024594094967414895,34.06871185995187,0.22455313945261993,54556.92,1.7752206088410216,467.5,0.003091370192637506,1.1488477641509155e-05,0.46020456452234526,0.0,0.0,1.1436993240550855,lhs_candidate_000009_june2024_preflight,pa1_candidate_000009
2024-06-08T10:00,33.3,58.0,668.0,405.0,263.0,0.63,100740.0,23.9,2.15,0.52,34.4,0.156,0,1,0,1.0,35.19826958854727,62.23880906221572,0.024862641453328546,34.31393986687231,0.2222976824541877,68036.97119999999,2.1465692167861024,567.8,0.003460564562493701,1.3528271388500983e-05,0.44628199045794886,0.0,0.0,1.138158850169177,lhs_candidate_000009_june2024_preflight,pa1_candidate_000009
2024-06-08T11:00,33.8,57.0,690.0,398.0,292.0,0.81,100700.0,24.0,2.26,0.55,35.2,0.154,0,1,0,1.0,36.01747473386081,59.54040102763951,0.024815441389026027,34.60893508492524,0.21985876563943993,70993.2608,2.40600943872026,586.5,0.00371579057984699,1.3557572354513547e-05,0.4312269483916045,0.0,0.0,1.1346923337359238,lhs_candidate_000009_june2024_preflight,pa1_candidate_000009
2024-06-08T12:00,34.3,56.0,851.0,576.0,275.0,0.78,100620.0,24.2,2.39,0.67,36.1,0.153,0,1,0,1.0,36.951032921238024,58.20691881971607,0.025453182855660658,34.95533826503162,0.2171956212450433,84563.16,2.6154522506650917,723.35,0.003855122538035675,1.5984638339336537e-05,0.41478778546323025,0.0,0.0,1.130377616055663,lhs_candidate_000009_june2024_preflight,pa1_candidate_000009
2024-06-08T13:00,34.5,56.0,864.0,715.0,149.0,1.14,100570.0,24.5,2.39,0.68,36.5,0.151,0,1,0,1.0,37.51578566650621,56.09238296022684,0.025247459980110788,35.35011317606281,0.21435290890223382,81274.1776,2.8334711892603166,734.4,0.004253929853151573,1.5590196039845366e-05,0.3972401784088508,0.0,0.0,1.1277620414372647,lhs_candidate_000009_june2024_preflight,pa1_candidate_000009
2024-06-08T14:00,34.0,55.0,792.0,601.0,191.0,1.56,100500.0,23.8,2.38,0.63,36.4,0.15,0,1,0,1.0,37.168423747767484,53.52113890479549,0.02366620518618357,35.72302387955215,0.2117099074803512,76415.8384,2.9433236682249118,673.1999999999999,0.0046926453634928735,1.3793385737629016e-05,0.38092535481698275,0.0,0.0,1.1282385894620215,lhs_candidate_000009_june2024_preflight,pa1_candidate_000009
2024-06-08T15:00,33.0,61.0,493.0,324.0,169.0,1.3,100460.0,24.4,1.98,0.4,35.6,0.149,0,1,0,1.0,35.65103476071614,57.919450628709235,0.023686857480735728,35.98021386584003,0.20971283725814693,49329.8256,2.4525330377052565,419.05,0.004289846882004643,8.463136635657261e-06,0.36859776085275886,0.0,0.0,1.1333312805084912,lhs_candidate_000009_june2024_preflight,pa1_candidate_000009
2024-06-08T16:00,32.5,64.0,348.0,161.0,187.0,0.82,100460.0,24.7,1.78,0.28,34.8,0.149,0,1,0,1.0,34.31832098448326,62.490146068021495,0.02384399392671954,36.09359120502053,0.20842194586579182,37203.108799999995,2.030883061142145,295.8,0.0035672961523783827,5.918070383864928e-06,0.3606292954678508,0.0,0.0,1.138243676705059,lhs_candidate_000009_june2024_preflight,pa1_candidate_000009
2024-06-08T17:00,31.6,68.0,169.0,42.0,127.0,0.72,100450.0,24.9,1.51,0.14,33.9,0.149,0,1,0,1.0,32.94399942123091,66.01611731914035,0.023433638715373066,36.10165837755775,0.2076202438950089,19340.1648,1.7040772124147887,143.65,0.0032768299495171613,3.0075846309521368e-06,0.3556805178704254,0.0,0.0,1.1432404283422553,lhs_candidate_000009_june2024_preflight,pa1_candidate_000009
2024-06-08T18:00,31.0,69.0,52.0,21.0,31.0,0.4,100560.0,24.8,1.37,0.04,32.8,0.152,1,1,0,1.0,31.72685240017853,67.94179773229736,0.022607920460091736,36.01146139848639,0.20724689488037054,5666.6544,1.5009246999290644,44.199999999999996,0.0026833166032944195,1.1532817515492609e-06,0.353375894323275,0.0,0.0,1.1490614677816,lhs_candidate_000009_june2024_preflight,pa1_candidate_000009
2024-06-08T19:00,30.6,73.0,0.0,0.0,0.0,0.85,100620.0,25.2,1.18,0.03,31.8,0.152,0,0,0,1.0,30.946177421847977,72.28307355971562,0.02306853038779312,35.862754740666475,0.21413736745922773,0.0,1.241398032276774,0.0,0.0014770903116330455,3.3306268596588516e-07,0.3959096756742453,0.0,0.0,1.1526986932283732,lhs_candidate_000009_june2024_preflight,pa1_candidate_000009
2024-06-08T20:00,30.2,75.0,0.0,0.0,0.0,0.57,100680.0,25.2,1.09,0.0,31.3,0.152,0,0,0,1.0,30.455369623076088,74.72666666943434,0.02322727087646853,35.692487471858016,0.21408104369019051,0.0,1.1006931242938873,0.0,0.0010794640925756006,2.950527231839572e-07,0.3955619980875958,0.0,0.0,1.1552506122789383,lhs_candidate_000009_june2024_preflight,pa1_candidate_000009
2024-06-08T21:00,30.1,75.0,0.0,0.0,0.0,0.58,100710.0,25.2,1.06,0.0,30.9,0.151,0,0,0,1.0,30.226933584772354,75.52514756232917,0.023188100111129616,35.51874797840622,0.2140295045402366,0.0,1.052077975349465,0.0,0.0009764337233503638,2.817940815485409e-07,0.3952438551866456,0.0,0.0,1.1564649837142544,lhs_candidate_000009_june2024_preflight,pa1_candidate_000009
2024-06-08T22:00,29.9,76.0,0.0,0.0,0.0,0.81,100740.0,25.3,1.0,0.0,30.6,0.151,0,0,0,1.0,30.052688439998953,76.07515749033436,0.02313822375113031,35.34597984470252,0.21397951654935987,0.0,1.018218532046324,0.0,0.001297987992257288,2.7251207364268927e-07,0.3949352873417276,0.0,0.0,1.1574742749552036,lhs_candidate_000009_june2024_preflight,pa1_candidate_000009
2024-06-08T23:00,29.7,78.0,0.0,0.0,0.0,0.86,100740.0,25.4,0.94,0.0,30.4,0.151,0,0,0,1.0,29.85630276587594,77.74382519568023,0.023395955271111782,35.173821507227046,0.21393230863398546,0.0,0.9365883868677538,0.0,0.001367552336285847,2.504799414372296e-07,0.3946438804567004,0.0,0.0,1.158224461877694,lhs_candidate_000009_june2024_preflight,pa1_candidate_000009
2024-06-09T00:00,29.4,79.0,0.0,0.0,0.0,0.98,100690.0,25.5,0.85,0.0,30.1,0.151,0,0,0,1.0,29.598428409325535,78.72815054271173,0.023363498483933202,35.00153641285908,0.2138886514120401,0.0,0.8819961298219043,0.0,0.0015557847726438972,2.357187870477293e-07,0.39437439143234637,0.0,0.0,1.1586356637014819,lhs_candidate_000009_june2024_preflight,pa1_candidate_000009
2024-06-09T01:00,29.1,81.0,0.0,0.0,0.0,1.14,100620.0,25.5,0.77,0.0,29.8,0.151,0,0,0,1.0,29.30465099124898,80.42626987042097,0.023489794380922815,34.827714498207314,0.2138481465308678,0.0,0.7979705384207345,0.0,0.0017770033873164962,2.131272341547101e-07,0.3941243613016532,0.0,0.0,1.158954789357991,lhs_candidate_000009_june2024_preflight,pa1_candidate_000009
2024-06-09T02:00,28.9,81.0,0.0,0.0,0.0,1.14,100550.0,25.4,0.74,0.0,29.5,0.151,0,0,0,1.0,29.066759279788492,80.80737791807263,0.023297634853778428,34.652607078819464,0.21381064658968707,0.0,0.7717655361373361,0.0,0.0017572474268213313,2.0600716399547003e-07,0.3938928801832535,0.0,0.0,1.1590601633409228,lhs_candidate_000009_june2024_preflight,pa1_candidate_000009
2024-06-09T03:00,28.8,82.0,0.0,0.0,0.0,0.99,100530.0,25.4,0.7,0.0,29.4,0.151,0,0,0,1.0,28.923499911268266,81.79453116735672,0.023398898134269482,34.478136392245816,0.2137746108742425,0.0,0.7260346361750827,0.0,0.0015246938003563293,1.9369078275885463e-07,0.39367043749532404,0.0,0.0,1.1593791981265982,lhs_candidate_000009_june2024_preflight,pa1_candidate_000009
2024-06-09T04:00,28.7,83.0,0.0,0.0,0.0,0.92,100540.0,25.4,0.68,0.0,29.3,0.151,0,0,0,1.0,28.819089138316315,82.8094726617473,0.023554739355329094,34.30599454754646,0.2137408387584912,0.0,0.6814306716865088,0.0,0.0014250159949020043,1.816951140218921e-07,0.39346196764500746,0.0,0.0,1.1598954390936884,lhs_candidate_000009_june2024_preflight,pa1_candidate_000009
2024-06-09T05:00,28.7,82.0,0.0,0.0,0.0,0.85,100450.0,25.4,0.69,0.0,29.3,0.151,0,0,0,1.0,28.777053839469602,82.34691929887799,0.023369504994067435,34.1369866304603,0.2137079740543473,0.0,0.698065859363107,0.0,0.0012991789716213756,1.860347136056247e-07,0.3932590991009093,0.0,0.0,1.1590184799980852,lhs_candidate_000009_june2024_preflight,pa1_candidate_000009
2024-06-09T06:00,28.7,82.0,13.0,4.0,9.0,1.22,100540.0,25.4,0.69,0.03,29.3,0.151,1,0,0,1.0,28.800531707297285,82.30058983269575,0.0233862995997277,33.97563631131468,0.21365448639491688,1460.6416,0.7008496473662982,11.049999999999999,0.001835563322453836,4.0729641771758866e-07,0.3929289283636845,0.0,0.0,1.1599667245439196,lhs_candidate_000009_june2024_preflight,pa1_candidate_000009
2024-06-09T07:00,29.0,80.0,82.0,35.0,47.0,1.1,100520.0,25.3,0.78,0.07,29.6,0.15,0,0,0,1.0,29.151454009155184,82.58380263779505,0.023919819448823,33.84107751741224,0.22049287943203208,8869.5728,0.7037660293618058,69.7,0.0016934870669964635,1.7490267483149806e-06,0.4351412310619264,0.0,0.0,1.15838971437904,lhs_candidate_000009_june2024_preflight,pa1_candidate_000009
2024-06-09T08:00,29.7,75.0,175.0,54.0,121.0,0.71,100620.0,24.8,1.04,0.14,30.2,0.15,0,0,0,1.0,29.984558252732274,82.1283381534308,0.024887478159224107,33.76057106875005,0.22002101543868974,19657.070399999997,0.7576348629530365,148.75,0.0012661206851392413,3.48967996853569e-06,0.43222849036228234,0.0,0.0,1.156355343812893,lhs_candidate_000009_june2024_preflight,pa1_candidate_000009
2024-06-09T09:00,30.8,68.0,322.0,85.0,237.0,0.22,100670.0,24.1,1.44,0.25,31.3,0.15,0,1,0,1.0,31.372947734331184,75.40247298606232,0.024620628022147345,33.76205486374037,0.2191490001688493,36674.2288,1.1287472717038596,273.7,0.0024639559823240046,6.264305130689106e-06,0.42684568005462536,0.0,0.0,1.1516552516685983,lhs_candidate_000009_june2024_preflight,pa1_candidate_000009
2024-06-09T10:00,32.4,60.0,570.0,267.0,303.0,0.4,100670.0,23.6,1.95,0.44,33.1,0.149,0,1,0,1.0,33.50494390783582,66.70734529621208,0.024389919507560854,33.89270537755752,0.2176118556926327,60820.2672,1.7226887279192522,484.5,0.0029242608562276076,1.0764592415017533e-05,0.4173571339051401,0.0,0.0,1.1436484523701274,lhs_candidate_000009_june2024_preflight,pa1_candidate_000009
2024-06-09T11:00,33.8,54.0,848.0,663.0,185.0,0.91,100610.0,23.3,2.4,0.66,35.0,0.147,0,1,0,1.0,35.9132236263714,58.35762746581623,0.024191877580943218,34.19208296851764,0.2152472167844687,81132.744,2.4622177023093266,720.8,0.003754267594464139,1.5427124402321946e-05,0.40276059743499204,0.0,0.0,1.1340606141390597,lhs_candidate_000009_june2024_preflight,pa1_candidate_000009
2024-06-09T12:00,34.4,53.0,868.0,685.0,183.0,1.6,100560.0,23.4,2.57,0.69,36.1,0.146,0,1,0,1.0,37.221533830135066,53.26293689479464,0.023616122949075655,34.59528367842608,0.2124846408512828,82822.3792,2.9682364767772196,737.8,0.004638362329670427,1.5239465628804051e-05,0.38570765957581976,0.0,0.0,1.128718987815787,lhs_candidate_000009_june2024_preflight,pa1_candidate_000009
2024-06-09T13:00,34.0,55.0,684.0,417.0,267.0,1.3,100560.0,23.7,2.39,0.55,36.1,0.144,0,1,0,1.0,36.88617319737235,53.5353794309903,0.023332649115889465,34.96085934592495,0.21006514348988714,69585.7008,2.897541287946432,581.4,0.0043588369533006325,1.168430817851958e-05,0.3707724906783157,0.0,0.0,1.1299399031369302,lhs_candidate_000009_june2024_preflight,pa1_candidate_000009
2024-06-09T14:00,33.5,59.0,605.0,303.0,302.0,1.55,100480.0,24.3,2.15,0.49,35.9,0.143,0,1,0,1.0,36.083434312243256,56.79599836818954,0.02375234396924956,35.24057198542179,0.20811543226321172,63865.08479999999,2.578522104040453,514.25,0.004521035278665232,1.0003139335724256e-05,0.35873723619266495,0.0,0.0,1.1319718619657204,lhs_candidate_000009_june2024_preflight,pa1_candidate_000009
2024-06-09T15:00,33.2,59.0,407.0,191.0,216.0,0.98,100430.0,24.2,2.06,0.33,35.3,0.143,0,1,0,1.0,35.179046324736724,57.803553839450025,0.02306783400748614,35.43044570685146,0.20661481603821247,43415.39839999999,2.3961516356302215,345.95,0.003764531879951489,6.712287436473956e-06,0.34947417307538564,0.0,0.0,1.134727217266646,lhs_candidate_000009_june2024_preflight,pa1_candidate_000009
2024-06-09T16:00,32.0,64.0,331.0,155.0,176.0,0.81,100490.0,24.5,1.69,0.26,34.6,0.144,0,1,0,1.0,33.90777215296137,61.8513796435147,0.023098187610422233,35.5285555093555,0.20552802235300655,35320.102399999996,2.0188272092892556,281.34999999999997,0.0035974960732850147,5.3703832981194965e-06,0.34276557008028735,0.0,0.0,1.140105919163901,lhs_candidate_000009_june2024_preflight,pa1_candidate_000009
2024-06-09T17:00,30.1,75.0,193.0,111.0,82.0,0.64,100460.0,25.1,1.07,0.15,33.3,0.154,0,1,0,1.0,31.89102049657347,70.74260969046138,0.023746823608317324,35.53841097327202,0.20476336408508652,19868.9568,1.3825790934458548,164.04999999999998,0.003428422272534805,3.1353129378217178e-06,0.33804545731534896,0.0,0.0,1.147301014066863,lhs_candidate_000009_june2024_preflight,pa1_candidate_000009
2024-06-09T18:00,30.0,74.0,30.0,8.0,22.0,0.64,100560.0,24.8,1.11,0.04,31.9,0.154,1,1,0,1.0,30.564735483075015,72.95826522946672,0.02281154036007991,35.437603766924,0.20441998288085364,3414.0128,1.1850924484644332,25.5,0.002773054993074891,7.051580610477206e-07,0.335925820252183,0.0,0.0,1.1534581717096357,lhs_candidate_000009_june2024_preflight,pa1_candidate_000009
2024-06-09T19:00,29.6,75.0,0.0,0.0,0.0,0.63,100700.0,24.7,1.04,0.02,31.2,0.155,0,0,0,1.0,29.917932814276767,74.86031931799945,0.022603450438857385,35.27553849004862,0.21136090989774722,0.0,1.0616821449323846,0.0,0.0011981264453558532,2.725148052976208e-07,0.3787710487515261,0.0,0.0,1.15752913930352,lhs_candidate_000009_june2024_preflight,pa1_candidate_000009
2024-06-09T20:00,29.2,78.0,0.0,0.0,0.0,0.45,100790.0,24.9,0.9,0.0,30.6,0.155,0,0,0,1.0,29.46246538294912,77.39514040982081,0.022799105641914456,35.099052697617694,0.211314688433968,0.0,0.929960390835789,0.0,0.0009581939305164347,2.3852437927816964e-07,0.37848573107387656,0.0,0.0,1.1603074486840936,lhs_candidate_000009_june2024_preflight,pa1_candidate_000009
2024-06-09T21:00,29.0,79.0,0.0,0.0,0.0,0.51,100830.0,25.1,0.83,0.0,30.3,0.155,0,0,0,1.0,29.178669546674996,79.0050130545275,0.02291715866746021,34.919060742639765,0.21127392671656595,0.0,0.8497139917689278,0.0,0.0009416812000269498,2.1779719372266412e-07,0.3782341155343577,0.0,0.0,1.1618575463608591,lhs_candidate_000009_june2024_preflight,pa1_candidate_000009
2024-06-09T22:00,28.8,81.0,0.0,0.0,0.0,0.72,100810.0,25.3,0.75,0.0,30.0,0.155,0,0,0,1.0,28.96977861921853,80.62432791155088,0.023122387020027016,34.73887834102335,0.21123637121627378,0.0,0.7747725008015549,0.0,0.001192867822290128,1.9846660567034698e-07,0.3780022914584802,0.0,0.0,1.162430257053445,lhs_candidate_000009_june2024_preflight,pa1_candidate_000009
2024-06-09T23:00,28.7,83.0,0.0,0.0,0.0,0.78,100850.0,25.4,0.68,0.0,29.8,0.155,0,0,0,1.0,28.828579976160718,82.6055234699038,0.023508895993776938,34.55972905059613,0.21120262574306112,0.0,0.6898939786619191,0.0,0.0012406668776979788,1.766266396742578e-07,0.3777939860682785,0.0,0.0,1.1634352360175781,lhs_candidate_000009_june2024_preflight,pa1_candidate_000009
2024-06-10T00:00,28.5,84.0,0.0,0.0,0.0,0.76,100850.0,25.5,0.62,0.0,29.5,0.155,0,0,0,1.0,28.665047271363573,83.69890501286228,0.023608374229905024,34.382526464075035,0.21117208057282388,0.0,0.640435910953852,0.0,0.0012414059607071177,1.6388255459518529e-07,0.3776054356347154,0.0,0.0,1.1640656211250218,lhs_candidate_000009_june2024_preflight,pa1_candidate_000009
2024-06-10T01:00,28.2,86.0,0.0,0.0,0.0,0.86,100800.0,25.6,0.54,0.0,29.3,0.155,0,0,0,1.0,28.41083052465812,85.29036874880308,0.023725196911673546,34.20564257940815,0.21114410358192143,0.0,0.5694534853280495,0.0,0.0014045311977310506,1.4565206119141989e-07,0.37743273816000883,0.0,0.0,1.1644693184255144,lhs_candidate_000009_june2024_preflight,pa1_candidate_000009
2024-06-10T02:00,28.1,86.0,0.0,0.0,0.0,0.86,100750.0,25.5,0.54,0.0,29.1,0.156,0,0,0,1.0,28.235986506327382,85.82457459674131,0.02364627962279519,34.028450221265985,0.21111872221820355,0.0,0.5432278447013132,0.0,0.0013542712282739711,1.3888651679081236e-07,0.37727606307533057,0.0,0.0,1.1645669169013442,lhs_candidate_000009_june2024_preflight,pa1_candidate_000009
2024-06-10T03:00,28.0,86.0,0.0,0.0,0.0,0.86,100720.0,25.5,0.52,0.0,29.0,0.155,0,0,0,1.0,28.12699614023657,85.8684059805685,0.023517402708978195,33.85335472952939,0.21109385930055158,0.0,0.5381270030108691,0.0,0.0013481293917839798,1.3752642161094692e-07,0.3771225882750098,0.0,0.0,1.1646413174222445,lhs_candidate_000009_june2024_preflight,pa1_candidate_000009
2024-06-10T04:00,28.0,87.0,0.0,0.0,0.0,0.86,100710.0,25.5,0.51,0.0,28.9,0.155,0,0,0,1.0,28.08434714797405,86.76070545071823,0.023706252193532163,33.681427122719874,0.21106983652722539,0.0,0.5028991072907929,0.0,0.0013184479036395613,1.2847286802063244e-07,0.376974299550774,0.0,0.0,1.1646905602867732,lhs_candidate_000009_june2024_preflight,pa1_candidate_000009
2024-06-10T05:00,28.0,87.0,0.0,0.0,0.0,0.81,100740.0,25.5,0.51,0.0,28.8,0.156,0,0,0,1.0,28.07783422256708,86.99465720246468,0.023761683340658625,33.51402689812846,0.21104703014897414,0.0,0.4938251807940328,0.0,0.0012440431028141298,1.261076897462932e-07,0.37683351943811194,0.0,0.0,1.165062693732518,lhs_candidate_000009_june2024_preflight,pa1_candidate_000009
2024-06-10T06:00,27.9,87.0,20.0,8.0,12.0,0.86,100780.0,25.6,0.49,0.02,28.8,0.156,1,0,0,1.0,28.06475595116401,87.35140002171778,0.023842007172173246,33.35579286969708,0.21099533358994046,2182.1888,0.47991392435652935,17.0,0.0013739033158268422,4.477712732354159e-07,0.3765144048761757,0.0,0.0,1.1655759008334505,lhs_candidate_000009_june2024_preflight,pa1_candidate_000009
2024-06-10T07:00,28.3,87.0,171.0,104.0,67.0,1.06,100790.0,25.9,0.49,0.12,29.4,0.157,0,0,0,1.0,28.646011438697858,90.91484973991535,0.025617074427197555,33.245768959352205,0.21769957897770556,17405.2208,0.3565430871155817,145.35,0.0017447442263879593,3.18818142618916e-06,0.41789863566484914,0.0,0.0,1.1634464483962044,lhs_candidate_000009_june2024_preflight,pa1_candidate_000009
2024-06-10T08:00,28.9,83.0,310.0,175.0,135.0,0.67,100860.0,25.7,0.67,0.22,30.2,0.158,0,0,0,1.0,29.68179411078273,90.94721484404927,0.027111897483587454,33.22411504985421,0.21690442089991596,32029.624000000003,0.37716023561318046,263.5,0.0015504274805653573,5.636516111601761e-06,0.4129902524686171,0.0,0.0,1.1602723506458075,lhs_candidate_000009_june2024_preflight,pa1_candidate_000009
2024-06-10T09:00,30.1,75.0,416.0,136.0,280.0,0.81,100900.0,25.2,1.07,0.31,31.1,0.158,0,1,0,1.0,31.052424566617645,78.8400237340099,0.02530493977192915,33.285736499691765,0.215715494403565,46459.07199999999,0.9534723742779136,353.59999999999997,0.003164888812562423,7.552402550774613e-06,0.40565120002200616,0.0,0.0,1.1555026448245078,lhs_candidate_000009_june2024_preflight,pa1_candidate_000009
2024-06-10T10:00,31.0,67.0,571.0,219.0,352.0,0.63,100900.0,24.2,1.47,0.43,32.4,0.157,0,1,0,1.0,32.54431571116399,70.74161743321977,0.02458540231524299,33.43823119703933,0.2141196557550704,62632.20479999999,1.4345368771917948,485.34999999999997,0.003305701537706968,1.0148404045762793e-05,0.3958003441671012,0.0,0.0,1.1498634030240737,lhs_candidate_000009_june2024_preflight,pa1_candidate_000009
2024-06-10T11:00,32.1,62.0,623.0,242.0,381.0,0.54,100860.0,23.9,1.83,0.48,33.5,0.156,0,1,0,1.0,33.910788427584755,65.00840534181738,0.024281009862936413,33.66603242451122,0.21223104851291713,68228.49440000001,1.8520684491308996,529.55,0.0033692286721610934,1.0821148876133503e-05,0.3841422747710934,0.0,0.0,1.144292501177073,lhs_candidate_000009_june2024_preflight,pa1_candidate_000009
2024-06-10T12:00,32.8,60.0,663.0,289.0,374.0,0.45,100800.0,23.9,2.0,0.52,34.5,0.154,0,1,0,1.0,34.9440631759826,61.7744890341109,0.024353120654399672,33.936043369950305,0.2102484544771748,71502.21759999999,2.142662619731456,563.55,0.0034685795342334035,1.1192313006311405e-05,0.3719040399825605,0.0,0.0,1.1397763759709316,lhs_candidate_000009_june2024_preflight,pa1_candidate_000009
2024-06-10T13:00,33.2,59.0,685.0,388.0,297.0,0.58,100740.0,24.0,2.1,0.54,35.1,0.153,0,1,0,1.0,35.594143478811354,59.6210762211064,0.024311035760148085,34.23153522901209,0.2082315670578786,70729.1728,2.3460044094276618,582.25,0.003637506619821369,1.1208806790095525e-05,0.3594541176412259,0.0,0.0,1.1366994949675586,lhs_candidate_000009_june2024_preflight,pa1_candidate_000009
2024-06-10T14:00,32.8,60.0,480.0,144.0,336.0,0.89,100680.0,24.1,1.98,0.39,34.8,0.152,0,1,0,1.0,35.06956946689177,58.60594025126105,0.023255339704923265,34.480441897249975,0.20652465908979725,54061.2864,2.3364203859773864,408.0,0.0037997363239109265,7.787860186113094e-06,0.3489176487024522,0.0,0.0,1.1379559375638792,lhs_candidate_000009_june2024_preflight,pa1_candidate_000009
2024-06-10T15:00,32.7,60.0,434.0,166.0,268.0,1.06,100640.0,23.8,1.99,0.35,34.6,0.151,0,1,0,1.0,34.52291278041274,59.31938430390777,0.022877425363024066,34.64952235598803,0.2052038373988634,47620.8832,2.227711763642396,368.9,0.0037798188141504162,6.903585363921562e-06,0.3407644283880456,0.0,0.0,1.1395248851591546,lhs_candidate_000009_june2024_preflight,pa1_candidate_000009
2024-06-10T16:00,32.2,61.0,288.0,112.0,176.0,1.21,100670.0,23.7,1.88,0.24,34.0,0.151,0,1,0,1.0,33.7428202666839,59.64759773409032,0.02208314824884775,34.75737397564547,0.20416629400093747,31536.102399999996,2.115903507415865,244.79999999999998,0.0038266615894848284,4.639551439135068e-06,0.33435983951195974,0.0,0.0,1.1427619965403177,lhs_candidate_000009_june2024_preflight,pa1_candidate_000009
2024-06-10T17:00,31.2,66.0,128.0,44.0,84.0,0.73,100610.0,24.1,1.54,0.11,33.1,0.153,0,1,0,1.0,32.38842852426292,63.97795284057153,0.022051681025703578,34.76830100250481,0.20354973827650505,14219.3216,1.750722441678966,108.8,0.003209612191937483,2.2200689526062657e-06,0.33055393997842625,0.0,0.0,1.1471435226213689,lhs_candidate_000009_june2024_preflight,pa1_candidate_000009
2024-06-10T18:00,30.9,68.0,53.0,21.0,32.0,0.32,100690.0,24.3,1.42,0.04,32.2,0.152,1,1,0,1.0,31.44452709694724,67.3875747424169,0.022087964686729696,34.69712890828568,0.20325310023350324,5789.8368,1.5026324751370383,45.05,0.002492892413468605,1.0874055143287617e-06,0.3287228409475509,0.0,0.0,1.1516133583482728,lhs_candidate_000009_june2024_preflight,pa1_candidate_000009
2024-06-10T19:00,30.5,71.0,0.0,0.0,0.0,0.7,100800.0,24.6,1.26,0.03,31.4,0.152,0,0,0,1.0,30.81862088295461,70.78292317592954,0.02243558719273993,34.58249451421963,0.21015039801689478,0.0,1.2991107227599161,0.0,0.001278334082279185,3.268800909112814e-07,0.37129875319070854,0.0,0.0,1.1552453465915378,lhs_candidate_000009_june2024_preflight,pa1_candidate_000009
2024-06-10T20:00,30.1,74.0,0.0,0.0,0.0,0.71,100860.0,24.9,1.13,0.0,30.9,0.152,0,0,0,1.0,30.33659181479502,73.53977338779265,0.02271249132793883,34.44627853751311,0.21009500453127805,0.0,1.1445829186592582,0.0,0.0012304714009145705,2.877328383568178e-07,0.37095681809430897,0.0,0.0,1.1577689660096404,lhs_candidate_000009_june2024_preflight,pa1_candidate_000009
2024-06-10T21:00,29.8,76.0,0.0,0.0,0.0,0.76,100940.0,25.2,1.0,0.0,30.4,0.152,0,0,0,1.0,29.99186661163742,75.74701636447114,0.022962807534172448,34.3046315550604,0.21004602976078363,0.0,1.0285898973239394,0.0,0.0012606463211829008,2.5836301789381207e-07,0.37065450469619526,0.0,0.0,1.1600049132929784,lhs_candidate_000009_june2024_preflight,pa1_candidate_000009
2024-06-10T22:00,29.5,79.0,0.0,0.0,0.0,0.81,101000.0,25.4,0.87,0.0,30.1,0.152,0,0,0,1.0,29.69057345748623,78.43593384972142,0.023393338245833797,34.15979699671192,0.2100023828606006,0.0,0.8988630942931293,0.0,0.0013247917509296352,2.256138956115453e-07,0.3703850793864235,0.0,0.0,1.1618491983935668,lhs_candidate_000009_june2024_preflight,pa1_candidate_000009
2024-06-10T23:00,29.2,81.0,0.0,0.0,0.0,0.85,101040.0,25.6,0.77,0.0,29.8,0.152,0,0,0,1.0,29.393898623013836,80.52679753120778,0.023633477038699263,34.01226791653545,0.20996418508975606,0.0,0.7979665324241263,0.0,0.0013796985024714375,2.0016143697738664e-07,0.37014929067750657,0.0,0.0,1.1634490983299657,lhs_candidate_000009_june2024_preflight,pa1_candidate_000009
2024-06-11T00:00,28.9,83.0,0.0,0.0,0.0,0.82,101030.0,25.7,0.69,0.0,29.5,0.152,0,0,0,1.0,29.097717988701763,82.44944373345942,0.023811161049927285,33.86216040733804,0.20993022863766836,0.0,0.7069984545866346,0.0,0.0013430720753614003,1.7724263433547882e-07,0.36993968294857016,0.0,0.0,1.1644739330503302,lhs_candidate_000009_june2024_preflight,pa1_candidate_000009
2024-06-11T01:00,28.6,84.0,0.0,0.0,0.0,0.92,100990.0,25.6,0.63,0.0,29.2,0.152,0,0,0,1.0,28.800738087686273,83.5523437486797,0.023742261762419524,33.70954849948146,0.209899705720478,0.0,0.6512912952143717,0.0,0.0014771297595320683,1.6319383926828365e-07,0.36975126987949386,0.0,0.0,1.1651577426317559,lhs_candidate_000009_june2024_preflight,pa1_candidate_000009
2024-06-11T02:00,28.5,83.0,0.0,0.0,0.0,1.02,100970.0,25.4,0.65,0.0,29.0,0.151,0,0,0,1.0,28.6208534601269,83.08191202142508,0.023377832659607717,33.55553293933618,0.20987031398828793,0.0,0.6629763532646216,0.0,0.0015649196052024885,1.660402472802072e-07,0.3695698394338761,0.0,0.0,1.1656214046859341,lhs_candidate_000009_june2024_preflight,pa1_candidate_000009
2024-06-11T03:00,28.4,83.0,0.0,0.0,0.0,1.02,100940.0,25.3,0.65,0.0,28.7,0.151,0,0,0,1.0,28.511285741456934,82.95522674820499,0.02320279811426455,33.4028965499113,0.20984033194520801,0.0,0.6637111563858666,0.0,0.0015592679711888898,1.6614103399235965e-07,0.36938476509387663,0.0,0.0,1.165698322308708,lhs_candidate_000009_june2024_preflight,pa1_candidate_000009
2024-06-11T04:00,28.3,84.0,0.0,0.0,0.0,1.02,100950.0,25.2,0.63,0.0,28.4,0.151,0,0,0,1.0,28.40991745003632,83.77103609042508,0.023301400130406796,33.25225505440551,0.20981114080933358,0.0,0.6282380642938552,0.0,0.0015584762931798821,1.5718464897980505e-07,0.3692045728971209,0.0,0.0,1.166205690744558,lhs_candidate_000009_june2024_preflight,pa1_candidate_000009
2024-06-11T05:00,28.1,85.0,0.0,0.0,0.0,1.12,101000.0,25.2,0.59,0.0,28.1,0.151,0,0,0,1.0,28.25010172877802,84.61115987291097,0.023330000667174212,33.103100452258744,0.20978369419935924,0.0,0.590212075108711,0.0,0.0017208082160145104,1.476028133956766e-07,0.3690351493787608,0.0,0.0,1.1674019865768113,lhs_candidate_000009_june2024_preflight,pa1_candidate_000009
2024-06-11T06:00,27.9,86.0,22.0,9.0,13.0,1.12,101060.0,25.3,0.54,0.02,28.2,0.151,1,0,0,1.0,28.109085424212186,85.91576831390542,0.02350726722788714,32.95947964188328,0.20972680082604606,2393.3712,0.5357649339758219,18.7,0.0017523727845447817,4.842684648709513e-07,0.3686839557163337,0.0,0.0,1.1686422662911577,lhs_candidate_000009_june2024_preflight,pa1_candidate_000009
2024-06-11T07:00,29.0,77.0,166.0,97.0,69.0,0.98,101050.0,24.6,0.91,0.12,29.8,0.151,0,0,0,1.0,29.04927142370133,83.78591789876494,0.02413338663693028,32.864142192888096,0.2164341443033476,17035.5856,0.6513354634199495,141.1,0.001464614071003745,3.1219302899997617e-06,0.4100873105144913,0.0,0.0,1.1648911711008048,lhs_candidate_000009_june2024_preflight,pa1_candidate_000009
2024-06-11T08:00,30.7,65.0,413.0,333.0,80.0,0.5,101040.0,23.5,1.53,0.3,31.1,0.15,0,1,0,1.0,31.22648891814796,79.55841642972914,0.02577481155238737,32.896700649859156,0.215480876900123,39158.592000000004,0.930265068901337,351.05,0.0026144729073836748,7.466695551295118e-06,0.4042029438279197,0.0,0.0,1.1564442027348418,lhs_candidate_000009_june2024_preflight,pa1_candidate_000009
2024-06-11T09:00,32.1,59.0,625.0,528.0,97.0,0.32,101030.0,23.0,1.96,0.46,32.9,0.149,0,1,0,1.0,33.52292737468602,64.59224482909737,0.023638942306005162,33.085658511384004,0.213796791512903,58412.6928,1.8339741091750037,531.25,0.003066375599182364,1.1122607971381873e-05,0.39380735501791986,0.0,0.0,1.1476708815961914,lhs_candidate_000009_june2024_preflight,pa1_candidate_000009
2024-06-11T10:00,33.1,55.0,798.0,694.0,104.0,0.36,101000.0,22.9,2.28,0.61,34.4,0.148,0,1,0,1.0,35.38778964573171,58.53565384283903,0.023614515309375455,33.40428297564705,0.21155660637913884,73882.9696,2.381844763871442,678.3,0.0034922519467935056,1.371303270852594e-05,0.3799790517230793,0.0,0.0,1.140395404778891,lhs_candidate_000009_june2024_preflight,pa1_candidate_000009
2024-06-11T11:00,34.0,52.0,884.0,761.0,123.0,0.28,100930.0,22.9,2.52,0.68,35.7,0.146,0,1,0,1.0,36.804162156309125,54.141661451684506,0.02349781480473611,33.809633565495645,0.2090044804654947,82119.43519999999,2.846973284534372,751.4,0.0036752422566400707,1.4612515020466886e-05,0.3642251880586092,0.0,0.0,1.1343974706188977,lhs_candidate_000009_june2024_preflight,pa1_candidate_000009
2024-06-11T12:00,34.6,51.0,878.0,743.0,135.0,0.36,100840.0,23.1,2.68,0.69,36.5,0.145,0,1,0,1.0,37.66522714747816,51.647144675998966,0.023424542801071466,34.24779706503543,0.20643303551913555,82013.624,3.145726234389059,746.3,0.0037956796223089185,1.3955924261051672e-05,0.34835207110577504,0.0,0.0,1.1302460518246864,lhs_candidate_000009_june2024_preflight,pa1_candidate_000009
2024-06-11T13:00,34.9,51.0,795.0,636.0,159.0,0.51,100740.0,23.3,2.73,0.63,36.8,0.143,0,1,0,1.0,37.92434667556583,50.58542791731115,0.023247830415527897,34.666015633505125,0.20408067463326163,75554.0016,3.2602277724047006,675.75,0.003837079706280699,1.2203059757321507e-05,0.3338313248966767,0.0,0.0,1.128184679055448,lhs_candidate_000009_june2024_preflight,pa1_candidate_000009
2024-06-11T14:00,35.2,50.0,708.0,556.0,152.0,0.86,100680.0,23.2,2.84,0.57,36.8,0.142,0,1,0,1.0,37.938599706017385,49.344012259837086,0.02269375904829956,35.036098694517825,0.20203500865218466,67651.7248,3.344710772673852,601.8,0.00393940679034248,1.0552599323576263e-05,0.32120375711225096,0.0,0.0,1.1274610817615496,lhs_candidate_000009_june2024_preflight,pa1_candidate_000009
2024-06-11T15:00,34.4,52.0,596.0,457.0,139.0,1.22,100640.0,23.2,2.6,0.48,36.5,0.141,0,1,0,1.0,37.16990950869518,49.75983379029845,0.022004688404025828,35.343665107383785,0.20030678972062255,57338.3536,3.1817695035887628,506.59999999999997,0.004248111502182318,8.665281438791017e-06,0.3105357390161886,0.0,0.0,1.1298048557624325,lhs_candidate_000009_june2024_preflight,pa1_candidate_000009
2024-06-11T16:00,33.0,58.0,321.0,186.0,135.0,1.08,100670.0,23.8,2.09,0.27,35.4,0.141,0,1,0,1.0,35.24061608992488,54.6062626914369,0.02186168571906833,35.52396209479402,0.1991040194667581,32997.624,2.586485170141527,272.84999999999997,0.003949723726945189,4.73474071582917e-06,0.3031112312762846,0.0,0.0,1.137211814219344,lhs_candidate_000009_june2024_preflight,pa1_candidate_000009
2024-06-11T17:00,32.7,60.0,204.0,103.0,101.0,0.71,100670.0,24.0,1.97,0.16,34.5,0.141,0,1,0,1.0,33.91830698121978,58.82340876776464,0.021979545490012627,35.568872070724325,0.1984034827192327,21505.4224,2.1803469695448543,173.4,0.003204659122004785,3.074716849728634e-06,0.2987869303656339,0.0,0.0,1.142108918564799,lhs_candidate_000009_june2024_preflight,pa1_candidate_000009
2024-06-11T18:00,32.1,64.0,78.0,48.0,30.0,0.99,100720.0,24.4,1.72,0.07,33.5,0.141,1,1,0,1.0,32.902629422602445,62.48533863262131,0.022131875762130035,35.53362216000806,0.19800348585015687,7919.472,1.8767608998056167,66.3,0.0032764190163270417,1.3753723280797386e-06,0.29631781388985723,0.0,0.0,1.1464682997684077,lhs_candidate_000009_june2024_preflight,pa1_candidate_000009
2024-06-11T19:00,31.3,69.0,0.0,0.0,0.0,0.86,100790.0,25.0,1.4,0.03,32.6,0.14,0,1,0,1.0,31.80654818367007,67.43598300370772,0.0225351790891358,35.42873602159242,0.20486697218250555,0.0,1.5314998639562636,0.0,0.002973411593252217,3.5150520007363703e-07,0.3386850134722565,0.0,0.0,1.1513886150003825,lhs_candidate_000009_june2024_preflight,pa1_candidate_000009
2024-06-11T20:00,30.7,73.0,0.0,0.0,0.0,0.3,100860.0,25.3,1.2,0.0,31.9,0.14,0,0,0,1.0,31.041182131546037,72.1533891208199,0.023144802393709158,35.287252946852355,0.20480988505004896,0.0,1.2539707726486324,0.0,0.0009054001148647888,2.875081119141346e-07,0.33833262376573436,0.0,0.0,1.1550872551304194,lhs_candidate_000009_june2024_preflight,pa1_candidate_000009
2024-06-11T21:00,30.4,75.0,0.0,0.0,0.0,0.45,100900.0,25.6,1.07,0.0,31.4,0.14,0,0,0,1.0,30.609235636979427,74.85463425129376,0.023460584676828967,35.136278936422535,0.20476162022762573,0.0,1.1047888746716303,0.0,0.0009045995783196849,2.5308090484038796e-07,0.3380346927631218,0.0,0.0,1.157188539178568,lhs_candidate_000009_june2024_preflight,pa1_candidate_000009
2024-06-11T22:00,30.1,78.0,0.0,0.0,0.0,0.54,100940.0,25.9,0.93,0.0,31.0,0.14,0,0,0,1.0,30.297702201219312,77.47746453297195,0.023878502689905004,34.98156852247173,0.20471873847994354,0.0,0.9720856428640179,0.0,0.0009939760751315038,2.225073710190362e-07,0.33776999061693547,0.0,0.0,1.158835780081551,lhs_candidate_000009_june2024_preflight,pa1_candidate_000009
2024-06-11T23:00,29.8,81.0,0.0,0.0,0.0,0.73,100930.0,26.2,0.8,0.0,30.6,0.14,0,0,0,1.0,29.99920529031566,80.3073185270816,0.024354929681886735,34.824343375056685,0.2046815244067654,0.0,0.8355351997243274,0.0,0.001227666087488276,1.9112133099796116e-07,0.33754027411583587,0.0,0.0,1.159861914271524,lhs_candidate_000009_june2024_preflight,pa1_candidate_000009
2024-06-12T00:00,29.6,83.0,0.0,0.0,0.0,0.92,100900.0,26.4,0.7,0.0,30.3,0.14,0,0,0,1.0,29.7605513859884,82.48063532314477,0.02469309520487854,34.665312496596904,0.20464936743600334,0.0,0.7332093475148507,0.0,0.0014513914602598348,1.676165624230033e-07,0.33734177429631695,0.0,0.0,1.1604307097934063,lhs_candidate_000009_june2024_preflight,pa1_candidate_000009
2024-06-12T01:00,29.3,85.0,0.0,0.0,0.0,1.04,100870.0,26.4,0.62,0.0,29.8,0.14,0,0,0,1.0,29.49804892351248,84.30699793714216,0.024883217022539383,34.50538268887788,0.20462097411055064,0.0,0.6469318278023524,0.0,0.0016367909821463713,1.4781610572530594e-07,0.33716650685525085,0.0,0.0,1.1610918887119654,lhs_candidate_000009_june2024_preflight,pa1_candidate_000009
2024-06-12T02:00,29.0,87.0,0.0,0.0,0.0,0.98,100860.0,26.7,0.51,0.0,29.4,0.14,0,0,0,1.0,29.205105532631823,86.22240175899417,0.02504671588601862,34.34353324587609,0.2045961943076684,0.0,0.558461452523741,0.0,0.0015599018480248147,1.275438051286877e-07,0.3370135451090642,0.0,0.0,1.162101618837336,lhs_candidate_000009_june2024_preflight,pa1_candidate_000009
2024-06-12T03:00,29.0,87.0,0.0,0.0,0.0,1.04,100850.0,26.6,0.52,0.0,29.1,0.14,0,0,0,1.0,29.085888404621027,86.86234605927692,0.02506944423165321,34.18113089229272,0.20457408524249773,0.0,0.5288697252852277,0.0,0.0015722718040867046,1.207366075842741e-07,0.33687706939813417,0.0,0.0,1.1624447457956022,lhs_candidate_000009_june2024_preflight,pa1_candidate_000009
2024-06-12T04:00,28.8,88.0,0.0,0.0,0.0,1.02,100870.0,26.6,0.48,0.0,28.9,0.14,0,0,0,1.0,28.952921477395915,87.5160463781775,0.025075828137823677,34.02122317333023,0.2045528715864645,0.0,0.4987080424589836,0.0,0.0015836959667110389,1.1380668817631428e-07,0.33674612090410194,0.0,0.0,1.1631870126283608,lhs_candidate_000009_june2024_preflight,pa1_candidate_000009
2024-06-12T05:00,28.7,88.0,0.0,0.0,0.0,1.1,100970.0,26.5,0.47,0.0,28.7,0.14,0,0,0,1.0,28.819873976957798,87.73804375724814,0.024957715306822184,33.862467100911765,0.20453274682483447,0.0,0.486084714641446,0.0,0.001676221346046709,1.108850854487526e-07,0.33662189398045966,0.0,0.0,1.1648531738311985,lhs_candidate_000009_june2024_preflight,pa1_candidate_000009
2024-06-12T06:00,28.6,88.0,23.0,11.0,12.0,1.5,101010.0,26.4,0.48,0.02,28.7,0.14,1,0,0,1.0,28.771216468347856,87.88504795367759,0.024933244448617515,33.711372293796465,0.2044828980350565,2446.1888,0.4789066177211736,19.55,0.0022647297709922137,4.4332127402081477e-07,0.3363141854015834,0.0,0.0,1.1655024405544103,lhs_candidate_000009_june2024_preflight,pa1_candidate_000009
2024-06-12T07:00,29.9,77.0,180.0,126.0,54.0,1.22,101070.0,25.5,0.97,0.13,30.4,0.14,0,0,0,1.0,29.909851297498992,82.6574015871573,0.024946806153703045,33.615086752386,0.21119376287351568,17739.849599999998,0.732061356946458,153.0,0.0017892092119694012,3.1247989786893455e-06,0.37773927699701043,0.0,0.0,1.1618132060709747,lhs_candidate_000009_june2024_preflight,pa1_candidate_000009
2024-06-12T08:00,31.8,64.0,398.0,300.0,98.0,1.03,101090.0,24.1,1.7,0.3,31.9,0.139,0,0,0,1.0,32.23918479043939,73.84038276806666,0.025250113838370357,33.6475926570532,0.2103069039988435,38471.8752,1.2607417771725893,338.3,0.0017530340829272674,6.718848714149143e-06,0.37226483949903394,0.0,0.0,1.153179710610171,lhs_candidate_000009_june2024_preflight,pa1_candidate_000009
2024-06-12T09:00,33.1,57.0,622.0,521.0,101.0,0.64,101080.0,23.3,2.19,0.47,33.9,0.138,0,1,0,1.0,34.55819737582924,60.977236157727305,0.023560162047291798,33.834723068286486,0.2087692741302999,58289.422399999996,2.141111748788907,528.6999999999999,0.0032667379359178498,1.0274578813512214e-05,0.3627732971006166,0.0,0.0,1.1443756702186187,lhs_candidate_000009_june2024_preflight,pa1_candidate_000009
2024-06-12T10:00,34.0,54.0,784.0,670.0,114.0,0.41,101070.0,23.3,2.47,0.6,35.4,0.137,0,1,0,1.0,36.339748365444116,56.122814971158725,0.023782990918440747,34.15097755526386,0.20671613151295515,73002.7936,2.6557289917515594,666.4,0.0035307595704721743,1.2487946810795538e-05,0.3500995772404639,0.0,0.0,1.1376756074375147,lhs_candidate_000009_june2024_preflight,pa1_candidate_000009
2024-06-12T11:00,34.7,52.0,895.0,763.0,132.0,0.41,100980.0,23.3,2.67,0.7,36.6,0.136,0,1,0,1.0,37.65111345087478,52.650083843316764,0.02386224673590489,34.554872185851224,0.20435826396524806,83404.0768,3.078121444797407,760.75,0.0037700414283026156,1.3673892187212382e-05,0.33554483929165474,0.0,0.0,1.1318666118467973,lhs_candidate_000009_june2024_preflight,pa1_candidate_000009
2024-06-12T12:00,35.4,49.0,946.0,823.0,123.0,0.61,100910.0,23.2,2.9,0.75,37.5,0.134,0,1,0,1.0,38.66747630215585,48.8462984479399,0.023311285926520955,35.01010939885053,0.20187972929277742,87575.43519999999,3.513045668964259,804.1,0.003968864812473943,1.385039029223539e-05,0.3202452425480088,0.0,0.0,1.1273952552437856,lhs_candidate_000009_june2024_preflight,pa1_candidate_000009
2024-06-12T13:00,35.6,49.0,877.0,712.0,165.0,0.71,100830.0,23.2,2.96,0.7,37.9,0.133,0,1,0,1.0,38.99719501113379,47.46529219220905,0.0230328710120352,35.46463504296989,0.1995235308485225,82981.096,3.6723949364952455,745.4499999999999,0.0040656026095916165,1.23430998575928e-05,0.3057008077069291,0.0,0.0,1.1253115575218091,lhs_candidate_000009_june2024_preflight,pa1_candidate_000009
2024-06-12T14:00,34.8,52.0,672.0,559.0,113.0,0.64,100750.0,23.6,2.64,0.53,37.4,0.133,0,1,0,1.0,38.04631419462413,49.04119077753382,0.0226783933988976,35.83791490412399,0.19758813526546573,63111.61119999999,3.384361133257183,571.1999999999999,0.00397928262117612,9.201812975250495e-06,0.2937539213917638,0.0,0.0,1.1278544542254316,lhs_candidate_000009_june2024_preflight,pa1_candidate_000009
2024-06-12T15:00,34.6,53.0,591.0,482.0,109.0,1.08,100770.0,23.7,2.56,0.47,37.0,0.132,0,1,0,1.0,37.200144096067405,50.73691799910934,0.022471512686231737,36.111433897925366,0.1960550481857673,55842.8816,3.1250247488361214,502.34999999999997,0.004068461473328129,7.860583224110531e-06,0.28429042089979817,0.0,0.0,1.1311540531041335,lhs_candidate_000009_june2024_preflight,pa1_candidate_000009
2024-06-12T16:00,32.9,61.0,391.0,281.0,110.0,0.94,100740.0,24.2,1.97,0.31,36.1,0.133,0,1,0,1.0,35.45063495287678,56.546182571663806,0.02288638982119908,36.288015491858204,0.1948857359485789,38278.064000000006,2.5047850118682375,332.34999999999997,0.003940780424891742,5.1505587102915214e-06,0.2770724441270302,0.0,0.0,1.1372280942330082,lhs_candidate_000009_june2024_preflight,pa1_candidate_000009
2024-06-12T17:00,32.8,61.0,245.0,171.0,74.0,0.1,100720.0,24.2,1.95,0.17,35.1,0.133,0,1,0,1.0,34.19341414774669,59.69828995027862,0.022630342745884782,36.3414606338628,0.19412946146917512,24163.4976,2.1669472102934737,208.25,0.002987947309641264,3.2832452096922556e-06,0.2724040831430563,0.0,0.0,1.1416533478251338,lhs_candidate_000009_june2024_preflight,pa1_candidate_000009
2024-06-12T18:00,32.2,64.0,83.0,52.0,31.0,0.92,100740.0,24.4,1.74,0.07,34.0,0.133,1,1,0,1.0,33.10350910086858,62.223273132375446,0.022274161532219526,36.3001766464325,0.19371599993901242,8394.654400000001,1.9112857303803068,70.55,0.003249022922823824,1.3171330134576765e-06,0.2698518514753854,0.0,0.0,1.145943806478856,lhs_candidate_000009_june2024_preflight,pa1_candidate_000009
2024-06-12T19:00,31.5,69.0,0.0,0.0,0.0,0.71,100790.0,25.1,1.43,0.03,33.0,0.133,0,0,0,1.0,31.99630326062043,67.43059352755174,0.022762315879710743,36.17849789968395,0.20058600040185073,0.0,1.548278653690145,0.0,0.001409851999323281,3.276297017867954e-07,0.3122592617398194,0.0,0.0,1.150672624562666,lhs_candidate_000009_june2024_preflight,pa1_candidate_000009
2024-06-12T20:00,31.1,72.0,0.0,0.0,0.0,0.64,100870.0,25.4,1.26,0.0,32.3,0.132,0,0,0,1.0,31.364694033086508,71.39162601845764,0.023300705476650918,36.021139217422515,0.20053208275288176,0.0,1.3121845818679025,0.0,0.0011670914064110765,2.773741129873427e-07,0.3119264367461837,0.0,0.0,1.153974509687902,lhs_candidate_000009_june2024_preflight,pa1_candidate_000009
2024-06-12T21:00,30.7,75.0,0.0,0.0,0.0,0.71,100900.0,25.7,1.12,0.0,31.8,0.132,0,0,0,1.0,30.944882173314834,74.35822705444613,0.023729148560902913,35.857065455327295,0.2004853628165136,0.0,1.14837041624713,0.0,0.001236298785003371,2.425220746889186e-07,0.3116380420772445,0.0,0.0,1.1559112854402398,lhs_candidate_000009_june2024_preflight,pa1_candidate_000009
2024-06-12T22:00,30.4,78.0,0.0,0.0,0.0,0.72,100910.0,26.1,0.96,0.0,31.3,0.132,0,0,0,1.0,30.606534699795485,77.32635367131495,0.02423173751149068,35.688922285366864,0.20044465920734322,0.0,0.9960375870311249,0.0,0.0012202107271986054,2.101816113062055e-07,0.3113867852305138,0.0,0.0,1.1573135163415422,lhs_candidate_000009_june2024_preflight,pa1_candidate_000009
2024-06-12T23:00,30.1,81.0,0.0,0.0,0.0,0.76,100920.0,26.5,0.82,0.0,30.9,0.132,0,0,0,1.0,30.30572859395184,80.22862833817292,0.024737115616207183,35.518412325858854,0.2004095621477763,0.0,0.8537358871545027,0.0,0.0012705945652126873,1.8002808424854042e-07,0.3111701367146686,0.0,0.0,1.1585755261584363,lhs_candidate_000009_june2024_preflight,pa1_candidate_000009
2024-06-13T00:00,29.8,84.0,0.0,0.0,0.0,0.72,100900.0,26.8,0.67,0.0,30.4,0.132,0,0,0,1.0,30.009213907150798,83.1213835052865,0.025221998083422386,35.345948439529245,0.20037978400203305,0.0,0.716549254225757,0.0,0.0012225408165147818,1.510101527057458e-07,0.310986321000204,0.0,0.0,1.1594788811413506,lhs_candidate_000009_june2024_preflight,pa1_candidate_000009
2024-06-13T01:00,29.3,87.0,0.0,0.0,0.0,0.95,100810.0,27.0,0.52,0.0,29.9,0.132,0,0,0,1.0,29.59354139450007,85.79707740606291,0.025454538386223097,35.17056300533605,0.20035502697166244,0.0,0.588731188706674,0.0,0.0015723714920835342,1.240119892048186e-07,0.3108334998250768,0.0,0.0,1.1600352242151852,lhs_candidate_000009_june2024_preflight,pa1_candidate_000009
2024-06-13T02:00,29.4,86.0,0.0,0.0,0.0,1.1,100800.0,26.8,0.57,0.0,29.4,0.132,0,0,0,1.0,29.46151765879436,86.05199515290978,0.02534794285635513,34.99271735831502,0.2003334263251992,0.0,0.5737874221110473,0.0,0.0016435927163600263,1.2081234553231528e-07,0.3107001625012297,0.0,0.0,1.1604262042029234,lhs_candidate_000009_june2024_preflight,pa1_candidate_000009
2024-06-13T03:00,29.2,86.0,0.0,0.0,0.0,1.2,100740.0,26.7,0.55,0.0,29.1,0.132,0,0,0,1.0,29.35461912943691,85.64958813405717,0.02508336541392086,34.818514675794006,0.20031133581959223,0.0,0.5867169132540262,0.0,0.0018345134378492476,1.234804642034286e-07,0.31056380135550765,0.0,0.0,1.1601452995214951,lhs_candidate_000009_june2024_preflight,pa1_candidate_000009
2024-06-13T04:00,28.6,90.0,0.0,0.0,0.0,1.3,100750.0,26.8,0.39,0.0,28.9,0.132,0,0,0,1.0,28.926732440312122,88.44545778534004,0.025305982324911016,34.64344158758313,0.20029111727832946,0.0,0.46088162140739275,0.0,0.002054055868621661,9.695818372058254e-08,0.3104389955452436,0.0,0.0,1.1619039515805651,lhs_candidate_000009_june2024_preflight,pa1_candidate_000009
2024-06-13T05:00,28.2,92.0,0.0,0.0,0.0,1.1,100780.0,26.7,0.32,0.0,28.6,0.132,0,0,0,1.0,28.471926542131886,90.7967485698318,0.025341479574344537,34.462333943630625,0.2002757942649989,0.0,0.3575506509005093,0.0,0.001758382623055506,7.519696466465158e-08,0.31034440904320304,0.0,0.0,1.1640024468282955,lhs_candidate_000009_june2024_preflight,pa1_candidate_000009
2024-06-13T06:00,28.3,92.0,24.0,13.0,11.0,1.22,100880.0,26.8,0.32,0.01,28.7,0.132,1,0,0,1.0,28.427726327197906,91.955660026527,0.025602941686790438,34.28544386882972,0.20023443689877665,2499.0063999999998,0.3117258269823937,20.4,0.001849311885821211,3.87017242274751e-07,0.31008911665911515,0.0,0.0,1.1653282095995607,lhs_candidate_000009_june2024_preflight,pa1_candidate_000009
2024-06-13T07:00,30.6,76.0,190.0,136.0,54.0,1.2,100900.0,25.9,1.05,0.14,31.0,0.132,0,0,0,1.0,30.247382832531233,82.83065313750227,0.025459149338533715,34.173701033956945,0.20695736607603127,18619.849599999998,0.7389075646554657,161.5,0.0019312113489333622,3.0619943976531657e-06,0.3515886794816745,0.0,0.0,1.1585686826533328,lhs_candidate_000009_june2024_preflight,pa1_candidate_000009
2024-06-13T08:00,32.3,64.0,407.0,327.0,80.0,1.08,100910.0,24.5,1.76,0.31,32.6,0.132,0,1,0,1.0,32.83371199970213,70.83869731564066,0.024999307671468952,34.206956242343395,0.20610300684876068,38630.592000000004,1.45322998551169,345.95,0.003251683247933154,6.430315111160628e-06,0.3463148570911153,0.0,0.0,1.1488897268018117,lhs_candidate_000009_june2024_preflight,pa1_candidate_000009
2024-06-13T09:00,33.6,56.0,613.0,510.0,103.0,1.22,100910.0,23.7,2.27,0.48,34.4,0.131,0,1,0,1.0,35.076344775924646,58.28958718218733,0.0231379580104572,34.39076712585496,0.20466541776338193,57567.7872,2.355157733019104,521.05,0.0038100294704063982,9.474850437087898e-06,0.3374408503912465,0.0,0.0,1.1405304875568205,lhs_candidate_000009_june2024_preflight,pa1_candidate_000009
2024-06-13T10:00,34.6,53.0,773.0,664.0,109.0,1.17,100820.0,23.6,2.6,0.61,36.0,0.13,0,1,0,1.0,36.882102470482515,53.59474544917267,0.02335364667652073,34.69844371310165,0.20277203135499478,71858.88160000001,2.8931971120316655,657.05,0.004042992658481869,1.1517140220745905e-05,0.3257532799691036,0.0,0.0,1.1328762610674976,lhs_candidate_000009_june2024_preflight,pa1_candidate_000009
2024-06-13T11:00,35.3,51.0,877.0,752.0,125.0,0.89,100720.0,23.7,2.8,0.7,37.3,0.129,0,1,0,1.0,38.21519201406844,50.56492505002076,0.023584523167665784,35.092903747909446,0.20060427175084347,81573.8,3.3132537261947315,745.4499999999999,0.004021423205861427,1.2536435593251095e-05,0.3123720478447128,0.0,0.0,1.1269070746929468,lhs_candidate_000009_june2024_preflight,pa1_candidate_000009
2024-06-13T12:00,36.2,48.0,902.0,752.0,150.0,0.54,100610.0,23.5,3.1,0.72,38.3,0.128,0,1,0,1.0,39.30742026883385,47.49174468834907,0.02340901782563771,35.5323165228294,0.1983606614291576,84653.36,3.7321166059282462,766.6999999999999,0.003875981583415006,1.238776711918866e-05,0.29852260141455306,0.0,0.0,1.1217414164527064,lhs_candidate_000009_june2024_preflight,pa1_candidate_000009
2024-06-13T13:00,36.5,48.0,864.0,709.0,155.0,0.57,100580.0,23.6,3.2,0.69,38.7,0.127,0,1,0,1.0,39.81281529914783,46.25244137024681,0.02338475808115748,35.97558969285418,0.19621938294065985,81485.272,3.924835033880224,734.4,0.003960835139240253,1.1408158351375271e-05,0.2853048329670362,0.0,0.0,1.1195960051977212,lhs_candidate_000009_june2024_preflight,pa1_candidate_000009
2024-06-13T14:00,36.3,48.0,760.0,610.0,150.0,0.42,100480.0,23.5,3.15,0.6,38.6,0.126,0,1,0,1.0,39.552659355480884,45.76668254895779,0.022838809572146887,36.376725707945155,0.19432098704587905,72157.36,3.905651432941224,646.0,0.0038777963920971015,9.70681580543552e-06,0.2735863397893769,0.0,0.0,1.1194133978328409,lhs_candidate_000009_june2024_preflight,pa1_candidate_000009
2024-06-13T15:00,35.8,50.0,572.0,436.0,136.0,0.67,100470.0,23.7,2.96,0.46,38.1,0.126,0,1,0,1.0,38.601004535183456,47.30045870668423,0.022497729810929144,36.68622840866899,0.19280464250184787,55120.8064,3.606282515771102,486.2,0.0038353023443575933,7.1750992704333245e-06,0.26422618828301153,0.0,0.0,1.1227187858013647,lhs_candidate_000009_june2024_preflight,pa1_candidate_000009
2024-06-13T16:00,34.9,52.0,314.0,178.0,136.0,1.2,100560.0,23.7,2.67,0.28,37.1,0.126,0,1,0,1.0,36.9570957046418,49.22868628417039,0.021533801512127266,36.85632023445048,0.19179672002155884,32416.806399999998,3.1783686564771125,266.9,0.003994562206374181,4.055614248940411e-06,0.25800444457752375,0.0,0.0,1.1296814821846064,lhs_candidate_000009_june2024_preflight,pa1_candidate_000009
2024-06-13T17:00,32.8,61.0,147.0,66.0,81.0,0.89,100540.0,24.3,1.93,0.13,35.6,0.127,0,1,0,1.0,34.55795810792604,57.00665360994627,0.022025747745941997,36.87930753784416,0.1912503435044162,15785.774399999998,2.3589394675484474,124.95,0.003600033954143815,2.0241206408452255e-06,0.25463175002726046,0.0,0.0,1.1382629535891315,lhs_candidate_000009_june2024_preflight,pa1_candidate_000009
2024-06-13T18:00,32.2,63.0,60.0,36.0,24.0,0.64,100570.0,24.3,1.77,0.06,34.3,0.127,1,1,0,1.0,32.97313763320212,61.49774425891967,0.02186339648171684,36.794562748765486,0.19098086651793297,6124.3776,1.9338041156588996,51.0,0.00290165915375559,9.872274913528622e-07,0.25296831183909246,0.0,0.0,1.1444972221203675,lhs_candidate_000009_june2024_preflight,pa1_candidate_000009
2024-06-13T19:00,31.6,68.0,0.0,0.0,0.0,1.06,100660.0,24.9,1.5,0.04,33.3,0.127,0,0,0,1.0,32.03221316548475,66.71681085166583,0.022564453907288097,36.65227567713831,0.1978850180237444,0.0,1.5854239180353153,0.0,0.0017874529717817114,3.175768657405595e-07,0.2955865310107679,0.0,0.0,1.1490532532618685,lhs_candidate_000009_june2024_preflight,pa1_candidate_000009
2024-06-13T20:00,31.1,71.0,0.0,0.0,0.0,0.92,100690.0,25.3,1.3,0.01,32.5,0.127,0,0,0,1.0,31.400726903408657,70.22447837816385,0.022963987516157303,36.48249464868866,0.19783210323347694,0.0,1.36851481823313,0.0,0.0015369951759842376,2.738248000754278e-07,0.2952598965029441,0.0,0.0,1.1517789822772981,lhs_candidate_000009_june2024_preflight,pa1_candidate_000009
2024-06-13T21:00,30.8,74.0,0.0,0.0,0.0,0.86,100750.0,25.6,1.15,0.0,31.9,0.127,0,0,0,1.0,31.01253575638423,73.36183201350671,0.023496310682132215,36.30607012031849,0.1977860088180646,0.0,1.1975986197986668,0.0,0.001404456771239028,2.3939542304290275e-07,0.29497536307447286,0.0,0.0,1.1539361618949047,lhs_candidate_000009_june2024_preflight,pa1_candidate_000009
2024-06-13T22:00,30.5,77.0,0.0,0.0,0.0,0.94,100760.0,26.0,1.0,0.0,31.3,0.127,0,0,0,1.0,30.706306266478933,76.29389501482544,0.024036838802026252,36.12706500171595,0.19774566758089884,0.0,1.0473400870018166,0.0,0.0015064478386585412,2.0918256969183772e-07,0.2947263430919682,0.0,0.0,1.1552137605842252,lhs_candidate_000009_june2024_preflight,pa1_candidate_000009
2024-06-13T23:00,30.2,79.0,0.0,0.0,0.0,0.89,100770.0,26.2,0.9,0.0,30.8,0.127,0,0,0,1.0,30.40877731758599,78.40612793230164,0.02430985431808129,35.94629429470743,0.19771009180142807,0.0,0.9379450024257254,0.0,0.001441744805217852,1.8719378391643074e-07,0.29450673951498807,0.0,0.0,1.1564607898273445,lhs_candidate_000009_june2024_preflight,pa1_candidate_000009
2024-06-14T00:00,29.7,84.0,0.0,0.0,0.0,0.95,100680.0,26.6,0.68,0.0,30.3,0.127,0,0,0,1.0,29.993943297182348,82.53870201529386,0.025024525304280752,35.76283480100826,0.1976796800273954,0.0,0.7406368866349484,0.0,0.001572379512454251,1.477210776704737e-07,0.29431901251478637,0.0,0.0,1.1570090608882442,lhs_candidate_000009_june2024_preflight,pa1_candidate_000009
2024-06-14T01:00,29.1,88.0,0.0,0.0,0.0,1.04,100660.0,26.9,0.47,0.0,29.8,0.127,0,0,0,1.0,29.449241462659316,86.40059459964077,0.025433672412083733,35.57348286770594,0.1976564422724078,0.0,0.5590514815280181,0.0,0.0017200520346199477,1.1144926726315926e-07,0.29417556958276425,0.0,0.0,1.1588615132689615,lhs_candidate_000009_june2024_preflight,pa1_candidate_000009
2024-06-14T02:00,28.9,88.0,0.0,0.0,0.0,1.04,100630.0,26.7,0.47,0.0,29.4,0.127,0,0,0,1.0,29.098742049662096,87.42026126586434,0.025248126280340347,35.3784925466353,0.19763769196001044,0.0,0.5067863190891537,0.0,0.0016373303713725907,1.0099023701356607e-07,0.2940598269136447,0.0,0.0,1.1598595947462835,lhs_candidate_000009_june2024_preflight,pa1_candidate_000009
2024-06-14T03:00,28.6,89.0,0.0,0.0,0.0,1.1,100610.0,26.7,0.41,0.0,29.0,0.127,0,0,0,1.0,28.82365513538592,88.1835910472607,0.025089629428687907,35.18261211752866,0.1976201367134653,0.0,0.4685249690659865,0.0,0.0017326054790672621,9.333127006040346e-08,0.2939514611942302,0.0,0.0,1.1606854546181515,lhs_candidate_000009_june2024_preflight,pa1_candidate_000009
2024-06-14T04:00,28.4,90.0,0.0,0.0,0.0,1.2,100600.0,26.6,0.39,0.0,28.8,0.127,0,0,0,1.0,28.586911397340682,89.24769104490557,0.025066240293557286,34.986239870194396,0.19760421618552718,0.0,0.4205271987616612,0.0,0.0018509511752032748,8.374199563866242e-08,0.2938531863304147,0.0,0.0,1.1614806767728507,lhs_candidate_000009_june2024_preflight,pa1_candidate_000009
2024-06-14T05:00,28.6,88.0,0.0,0.0,0.0,1.1,100680.0,26.4,0.47,0.0,28.5,0.127,0,0,0,1.0,28.620470838948894,88.26101253757582,0.024834623975199508,34.79270302376063,0.19758871970403233,0.0,0.4600105244373882,0.0,0.0016203834354222729,9.157471718672136e-08,0.2937575290372366,0.0,0.0,1.1622750502166188,lhs_candidate_000009_june2024_preflight,pa1_candidate_000009
2024-06-14T06:00,28.7,88.0,24.0,13.0,11.0,1.2,100710.0,26.6,0.45,0.02,28.6,0.127,1,0,0,1.0,28.7994773046379,88.14772959349213,0.025046365035686736,34.61319341375581,0.19754455475501212,2499.0063999999998,0.46928979887428657,20.4,0.0018066079386267913,3.976310884190407e-07,0.29348490589513654,0.0,0.0,1.1619321341080702,lhs_candidate_000009_june2024_preflight,pa1_candidate_000009
2024-06-14T07:00,30.6,75.0,194.0,141.0,53.0,1.1,100710.0,25.7,1.09,0.14,31.1,0.127,0,0,0,1.0,30.41898177022701,81.30939656840683,0.025223880342297323,34.4998466591626,0.20427174274767101,18936.6672,0.8123133332098078,164.9,0.001709150314349059,2.9921738577216804e-06,0.33501075770167293,0.0,0.0,1.1557333641648226,lhs_candidate_000009_june2024_preflight,pa1_candidate_000009
2024-06-14T08:00,32.6,60.0,418.0,342.0,76.0,0.54,100710.0,23.9,1.94,0.31,32.7,0.126,0,0,0,1.0,33.086563563387195,72.76179788025564,0.02602336522178907,34.530907729733975,0.20343729710383707,39457.8624,1.3767884738509069,355.3,0.0012297174039405713,6.264448960276762e-06,0.3298598586656609,0.0,0.0,1.1456659403271212,lhs_candidate_000009_june2024_preflight,pa1_candidate_000009
2024-06-14T09:00,34.0,53.0,623.0,529.0,94.0,0.3,100660.0,23.2,2.47,0.47,34.7,0.126,0,1,0,1.0,35.51343754651184,56.4065191752921,0.02290430412876773,34.71833730102813,0.20203651606819664,58131.145599999996,2.5215422121372235,529.55,0.003101986878949628,9.194184588992116e-06,0.321213062149362,0.0,0.0,1.136093790903289,lhs_candidate_000009_june2024_preflight,pa1_candidate_000009
2024-06-14T10:00,35.2,50.0,793.0,686.0,107.0,0.4,100630.0,23.0,2.86,0.62,36.4,0.125,0,1,0,1.0,37.52612678204343,51.420527923107095,0.023156854640940923,35.035654482049914,0.20019041544505195,73548.5168,3.136717571677505,674.05,0.00351717936584182,1.1272539709139606e-05,0.3098173792904442,0.0,0.0,1.1283973026747456,lhs_candidate_000009_june2024_preflight,pa1_candidate_000009
2024-06-14T11:00,35.8,48.0,842.0,715.0,127.0,1.49,100570.0,23.1,3.05,0.68,37.4,0.124,0,1,0,1.0,38.709079083560276,46.777221839622484,0.02237088513424836,35.431092568260084,0.1981348213886604,78564.1648,3.6633328536103824,715.6999999999999,0.004545613815765226,1.1545883165298882e-05,0.2971285270904963,0.0,0.0,1.123446787816927,lhs_candidate_000009_june2024_preflight,pa1_candidate_000009
2024-06-14T12:00,36.1,48.0,935.0,798.0,137.0,1.96,100550.0,23.3,3.1,0.76,38.1,0.123,0,1,0,1.0,39.425299770603154,45.28698868199876,0.022455133474691014,35.867493423097805,0.19599339344839903,87099.98879999999,3.9134444838665,794.75,0.0051525865690004264,1.2221025529133458e-05,0.2839098361012286,0.0,0.0,1.1206496694789045,lhs_candidate_000009_june2024_preflight,pa1_candidate_000009
2024-06-14T13:00,36.1,49.0,848.0,712.0,136.0,1.75,100460.0,23.6,3.05,0.7,38.3,0.123,0,1,0,1.0,39.49140814032781,45.53536566122313,0.02265350042608735,36.30265050183879,0.19393625828239902,79408.8064,3.909482614325933,720.8,0.004940822563321393,1.0654333578649952e-05,0.2712114708790063,0.0,0.0,1.119409851143663,lhs_candidate_000009_june2024_preflight,pa1_candidate_000009
2024-06-14T14:00,35.3,53.0,662.0,452.0,210.0,1.75,100410.0,24.2,2.7,0.55,37.9,0.122,0,1,0,1.0,38.479153855318856,48.48997975328115,0.0229215956747963,36.653206998574156,0.19225338850300058,65644.304,3.50182429275107,562.6999999999999,0.004889605251766431,8.078349392005882e-06,0.2608233858209913,0.0,0.0,1.12248703992623,lhs_candidate_000009_june2024_preflight,pa1_candidate_000009
2024-06-14T15:00,34.6,55.0,516.0,365.0,151.0,1.81,100370.0,24.4,2.45,0.44,37.3,0.122,0,1,0,1.0,37.18330159461702,51.07444489393735,0.022601517406182336,36.890004605925334,0.19097374908376916,50720.5424,3.100771697810979,438.59999999999997,0.00480383083479192,6.169656562410794e-06,0.25292437706030346,0.0,0.0,1.1267251568669165,lhs_candidate_000009_june2024_preflight,pa1_candidate_000009
2024-06-14T16:00,34.6,55.0,417.0,306.0,111.0,0.92,100310.0,24.3,2.45,0.34,36.7,0.121,0,1,0,1.0,36.512452819886505,52.936723155871576,0.02263311177456754,37.04092343843972,0.1899770020618069,40601.246399999996,2.8756076535018793,354.45,0.0036832622167501106,4.926486452461792e-06,0.2467716176654747,0.0,0.0,1.128491077686952,lhs_candidate_000009_june2024_preflight,pa1_candidate_000009
2024-06-14T17:00,34.1,57.0,282.0,210.0,72.0,0.89,100350.0,24.3,2.31,0.22,36.0,0.121,0,1,0,1.0,35.71064630693063,54.779592927334214,0.022472001583203397,37.120178746280146,0.1892299453001822,27349.1328,2.6441841945651845,239.7,0.003536094812139216,3.3841190406221706e-06,0.2421601561739642,0.0,0.0,1.131871825781398,lhs_candidate_000009_june2024_preflight,pa1_candidate_000009
2024-06-14T18:00,33.2,61.0,83.0,53.0,30.0,0.72,100470.0,24.8,1.97,0.07,34.9,0.121,1,1,0,1.0,34.284787382080474,58.68483054549697,0.022352783331174915,37.09623961292915,0.18881610732888213,8359.472,2.23274952305342,70.55,0.003144470416424087,1.2216998951835633e-06,0.23960560079556872,0.0,0.0,1.1384811467321212,lhs_candidate_000009_june2024_preflight,pa1_candidate_000009
2024-06-14T19:00,32.2,68.0,0.0,0.0,0.0,0.91,100530.0,25.6,1.51,0.03,33.7,0.121,0,1,0,1.0,32.82946811443135,65.86640456972673,0.02323934509646253,36.97465624946007,0.1956941463056526,0.0,1.7006148032995188,0.0,0.003098142283838449,3.2506508165445237e-07,0.2820626315163741,0.0,0.0,1.144579191082996,lhs_candidate_000009_june2024_preflight,pa1_candidate_000009
2024-06-14T20:00,31.4,74.0,0.0,0.0,0.0,1.04,100570.0,26.3,1.18,0.01,32.9,0.121,0,0,0,1.0,31.83722839683896,72.3042404824067,0.02420155861363574,36.80941082041283,0.195642895531161,0.0,1.3048067832813435,0.0,0.0017648994258072873,2.491283724408326e-07,0.28174626871087033,0.0,0.0,1.148759843123982,lhs_candidate_000009_june2024_preflight,pa1_candidate_000009
2024-06-14T21:00,30.9,79.0,0.0,0.0,0.0,0.78,100630.0,26.9,0.92,0.0,32.3,0.121,0,0,0,1.0,31.211560672362477,77.59524633166738,0.025118707525264492,36.630701642556794,0.19560322279938583,0.0,1.0187411620335887,0.0,0.0013688016928304245,1.9434044231979098e-07,0.2815013753048508,0.0,0.0,1.1518080755397053,lhs_candidate_000009_june2024_preflight,pa1_candidate_000009
2024-06-14T22:00,30.6,82.0,0.0,0.0,0.0,0.78,100610.0,27.1,0.79,0.0,31.9,0.121,0,0,0,1.0,30.823892414228997,81.0775832959115,0.025705894534277685,36.44566960666239,0.1955715426949614,0.0,0.8416209131006398,0.0,0.001308836033981858,1.6044051465249485e-07,0.2813058191047001,0.0,0.0,1.1530478042367351,lhs_candidate_000009_june2024_preflight,pa1_candidate_000009
2024-06-14T23:00,30.3,84.0,0.0,0.0,0.0,0.78,100640.0,27.3,0.7,0.0,31.5,0.121,0,0,0,1.0,30.517401466779592,83.2413378238571,0.025960467917850234,36.25830074170902,0.1955446577396646,0.0,0.7324579372636362,0.0,0.001304420599454393,1.3954810058147342e-07,0.2811398625905222,0.0,0.0,1.154555737327101,lhs_candidate_000009_june2024_preflight,pa1_candidate_000009
2024-06-15T00:00,30.0,86.0,0.0,0.0,0.0,0.76,100620.0,27.4,0.6,0.0,31.2,0.121,0,0,0,1.0,30.21941465078006,85.17766662070626,0.026141054421511965,36.06939971161627,0.19552119451389985,0.0,0.6368797471988699,0.0,0.001280526801114914,1.2127600591500101e-07,0.2809950278635793,0.0,0.0,1.1554601400191165,lhs_candidate_000009_june2024_preflight,pa1_candidate_000009
2024-06-15T01:00,29.8,87.0,0.0,0.0,0.0,0.76,100570.0,27.4,0.56,0.0,30.9,0.121,0,0,0,1.0,29.98098299637183,86.43195004738173,0.02618654600218793,35.879612508725955,0.1955005328018678,0.0,0.575073525299703,0.0,0.0012526619485339488,1.094570284827033e-07,0.28086748643128273,0.0,0.0,1.1557943605262024,lhs_candidate_000009_june2024_preflight,pa1_candidate_000009
2024-06-15T02:00,29.4,88.0,0.0,0.0,0.0,0.85,100560.0,27.1,0.5,0.0,30.6,0.121,0,0,0,1.0,29.658985706975155,87.19036128144283,0.025959847287393707,35.68928324768468,0.19548154591165873,0.0,0.5329801087581862,0.0,0.0014224856135050062,1.0140281611921456e-07,0.28075028340530084,0.0,0.0,1.1569083483228804,lhs_candidate_000009_june2024_preflight,pa1_candidate_000009
2024-06-15T03:00,29.2,88.0,0.0,0.0,0.0,0.95,100530.0,27.1,0.48,0.0,30.3,0.121,0,0,0,1.0,29.387953606434206,87.49953151890446,0.025671585182152297,35.49703124921073,0.1954637528992131,0.0,0.5120646769058328,0.0,0.0015091497212241505,9.738541029480554e-08,0.2806404499951427,0.0,0.0,1.1575993290349702,lhs_candidate_000009_june2024_preflight,pa1_candidate_000009
2024-06-15T04:00,29.1,89.0,0.0,0.0,0.0,0.89,100500.0,27.1,0.44,0.0,30.1,0.121,0,0,0,1.0,29.23992673953272,88.44996816709092,0.02574250529313208,35.3055858367587,0.19544690780215282,0.0,0.46911069693846086,0.0,0.0013974178362855722,8.918328651252337e-08,0.2805364679145236,0.0,0.0,1.157820382670463,lhs_candidate_000009_june2024_preflight,pa1_candidate_000009
2024-06-15T05:00,28.9,90.0,0.0,0.0,0.0,0.89,100530.0,27.1,0.41,0.0,29.8,0.121,0,0,0,1.0,29.075073407528464,89.34394904340736,0.025770483695389215,35.11637204854163,0.1954315458716796,0.0,0.428702396406607,0.0,0.0014205479731981287,8.147365936475556e-08,0.28044164118320747,0.0,0.0,1.1587977402198466,lhs_candidate_000009_june2024_preflight,pa1_candidate_000009
2024-06-15T06:00,29.0,89.0,23.0,10.0,13.0,1.08,100570.0,27.0,0.43,0.01,29.8,0.121,1,0,0,1.0,29.115463859554552,89.20398935919779,0.02578675203265696,34.93564983618974,0.19539191320173083,2481.3712,0.43534734947967246,19.55,0.001645630025393933,3.6107785064424673e-07,0.2801969950724125,0.0,0.0,1.159103908777225,lhs_candidate_000009_june2024_preflight,pa1_candidate_000009
2024-06-15T07:00,30.0,81.0,161.0,72.0,89.0,0.95,100690.0,26.4,0.8,0.12,30.8,0.121,0,0,0,1.0,30.10989100319204,85.68549478524822,0.026141866774989128,34.80689654141838,0.20217761321333233,17299.2336,0.611212614984582,136.85,0.001460391773057111,2.3736450662713265e-06,0.3220840321810638,0.0,0.0,1.1566815681567573,lhs_candidate_000009_june2024_preflight,pa1_candidate_000009
2024-06-15T08:00,31.6,70.0,350.0,212.0,138.0,0.45,100690.0,25.5,1.38,0.26,32.3,0.12,0,0,0,1.0,32.097821342575536,80.38580580230285,0.02728254699787769,34.79074107413276,0.2015122225438413,35655.1712,0.937778543069002,297.5,0.001159810423275876,5.0100521414910585e-06,0.31797668236939075,0.0,0.0,1.1491486646548388,lhs_candidate_000009_june2024_preflight,pa1_candidate_000009
2024-06-15T09:00,33.0,62.0,572.0,377.0,195.0,0.45,100720.0,24.7,1.93,0.44,34.1,0.12,0,1,0,1.0,34.34800593350284,64.75020454400405,0.02474473076215235,34.91804547561366,0.20032692083429535,57196.568,1.9116668031420945,486.2,0.003087361348327132,8.079256724170722e-06,0.3106600051499713,0.0,0.0,1.1410793921364812,lhs_candidate_000009_june2024_preflight,pa1_candidate_000009
2024-06-15T10:00,34.4,55.0,762.0,608.0,154.0,0.32,100620.0,24.1,2.42,0.59,35.8,0.12,0,1,0,1.0,36.5393350509387,56.50248703612182,0.024191075718529065,35.185943510663186,0.19865751278510166,72474.08959999999,2.661644185954527,647.6999999999999,0.0034093965432604187,1.0429309843201895e-05,0.3003550171919856,0.0,0.0,1.1318803286275623,lhs_candidate_000009_june2024_preflight,pa1_candidate_000009
2024-06-15T11:00,35.1,52.0,824.0,698.0,126.0,0.22,100570.0,23.9,2.7,0.65,37.0,0.119,0,1,0,1.0,37.94933004799112,51.42379722914482,0.023663186705170543,35.54596520092914,0.19673572013992655,76944.9824,3.2092491269989285,700.4,0.003674895801014942,1.0897173113930203e-05,0.2884920996291762,0.0,0.0,1.1261904054692873,lhs_candidate_000009_june2024_preflight,pa1_candidate_000009
2024-06-15T12:00,35.8,50.0,895.0,690.0,205.0,0.57,100440.0,23.7,2.95,0.71,38.1,0.118,0,1,0,1.0,38.968612890523325,48.53490008763213,0.023517945824173492,35.95178280103628,0.19473204383093495,85972.39199999999,3.59210844474497,760.75,0.0039132761639132235,1.1348581722670457e-05,0.27612372735145035,0.0,0.0,1.1210616202426378,lhs_candidate_000009_june2024_preflight,pa1_candidate_000009
2024-06-15T13:00,36.2,49.0,828.0,658.0,170.0,1.08,100370.0,23.8,3.05,0.67,38.5,0.118,0,1,0,1.0,39.42379957028021,46.434746386698784,0.023022500520259448,36.364878942958946,0.19279945569381818,78845.008,3.8310414985712327,703.8,0.004263370251103879,1.0136348740835329e-05,0.26419417094949493,0.0,0.0,1.118648902758096,lhs_candidate_000009_june2024_preflight,pa1_candidate_000009
2024-06-15T14:00,36.0,49.0,843.0,727.0,116.0,1.51,100270.0,23.6,3.02,0.68,38.6,0.117,0,1,0,1.0,39.409505884046844,45.47962165452679,0.022532733486151486,36.75866836697774,0.19099718941591384,78265.1584,3.8963711122048594,716.55,0.0047020384847864475,9.884709933511284e-06,0.253069070468604,0.0,0.0,1.1175854836612669,lhs_candidate_000009_june2024_preflight,pa1_candidate_000009
2024-06-15T15:00,33.9,57.0,658.0,509.0,149.0,1.84,100310.0,24.3,2.26,0.53,37.9,0.121,0,1,0,1.0,37.591306511424314,50.30005379513685,0.022727723993146737,37.085122261366244,0.18943882852916613,63146.17759999999,3.22043181573022,559.3,0.005115021676086829,7.451745411568148e-06,0.2434495588220132,0.0,0.0,1.1245731023823546,lhs_candidate_000009_june2024_preflight,pa1_candidate_000009
2024-06-15T16:00,32.6,65.0,393.0,306.0,87.0,1.91,100350.0,25.2,1.72,0.32,36.4,0.121,0,1,0,1.0,35.17883892196639,58.92027875782155,0.023513235330679397,37.24714392689548,0.18837653493562814,37644.8688,2.3327110058086404,334.05,0.004921531055207037,4.396483736276392e-06,0.23689219096066758,0.0,0.0,1.133824084927471,lhs_candidate_000009_june2024_preflight,pa1_candidate_000009
2024-06-15T17:00,32.3,66.0,180.0,111.0,69.0,0.91,100400.0,25.1,1.65,0.15,35.2,0.121,0,1,0,1.0,33.62774414514614,63.283075351006495,0.023287848063597634,37.24967078888782,0.1877928493444222,18267.5856,1.9129500754584048,153.0,0.003436214444332739,2.1165450544519973e-06,0.23328919348408766,0.0,0.0,1.1401245885813036,lhs_candidate_000009_june2024_preflight,pa1_candidate_000009
2024-06-15T18:00,31.6,68.0,61.0,33.0,28.0,0.71,100450.0,25.0,1.47,0.05,34.0,0.121,1,1,0,1.0,32.433786453979806,66.02284141020647,0.02281134371400718,37.14765199152688,0.1875245317568589,6353.1071999999995,1.655563061106561,51.85,0.003002599995361027,8.702956719809374e-07,0.23163291207937597,0.0,0.0,1.1451492210108538,lhs_candidate_000009_june2024_preflight,pa1_candidate_000009
2024-06-15T19:00,30.8,71.0,0.0,0.0,0.0,1.12,100530.0,24.9,1.28,0.03,33.0,0.121,0,1,0,1.0,31.324503003023825,69.33875715460032,0.02258208331537258,36.98132878506739,0.19444491336103242,0.0,1.4031378593372317,0.0,0.0032983706362621585,2.608712409153897e-07,0.27435131704341004,0.0,0.0,1.150236649204558,lhs_candidate_000009_june2024_preflight,pa1_candidate_000009
2024-06-15T20:00,30.1,72.0,0.0,0.0,0.0,1.04,100550.0,24.5,1.19,0.01,32.2,0.12,0,0,0,1.0,30.507410205164128,71.11947137996675,0.022168093345260622,36.78366094111645,0.19440071572834677,0.0,1.2615386157956796,0.0,0.0017502751197477013,2.3431188451000245e-07,0.27407849215028873,0.0,0.0,1.1535611995719999,lhs_candidate_000009_june2024_preflight,pa1_candidate_000009
2024-06-15T21:00,29.8,72.0,0.0,0.0,0.0,0.98,100590.0,24.2,1.16,0.01,31.7,0.12,0,0,0,1.0,30.041526499247347,71.71973724096384,0.021800371104154188,36.57680138041468,0.19435973540753915,0.0,1.2028110301715618,0.0,0.0015809583120129165,2.2319792169091132e-07,0.2738255272070318,0.0,0.0,1.1557933658862178,lhs_candidate_000009_june2024_preflight,pa1_candidate_000009
2024-06-15T22:00,29.4,75.0,0.0,0.0,0.0,1.03,100670.0,24.4,1.03,0.01,31.2,0.12,0,0,0,1.0,29.66682467940294,74.1173777444585,0.0220769067188261,36.36698124962974,0.19432145990362845,0.0,1.0774029430262622,0.0,0.0016618159696246207,1.9975424251826852e-07,0.27358925866437317,0.0,0.0,1.1581438791690062,lhs_candidate_000009_june2024_preflight,pa1_candidate_000009
2024-06-15T23:00,29.1,77.0,0.0,0.0,0.0,1.12,100710.0,24.6,0.94,0.01,30.9,0.12,0,0,0,1.0,29.331964887009878,76.27833360012141,0.022311416527065708,36.154802951482274,0.19428743343912583,0.0,0.9685952439634424,0.0,0.0017639567870288172,1.7944304988667016e-07,0.273379218760036,0.0,0.0,1.1598866751888826,lhs_candidate_000009_june2024_preflight,pa1_candidate_000009
2024-06-16T00:00,29.0,78.0,0.0,0.0,0.0,1.12,100670.0,24.7,0.88,0.0,30.6,0.12,0,0,0,1.0,29.148797687738515,77.62064372822073,0.022479025753980655,35.942593910942456,0.19425633654901336,0.0,0.9041822146406728,0.0,0.001719866381028192,1.673922004634068e-07,0.2731872626482307,0.0,0.0,1.1601285042956344,lhs_candidate_000009_june2024_preflight,pa1_candidate_000009
2024-06-16T01:00,28.8,80.0,0.0,0.0,0.0,1.17,100610.0,24.9,0.8,0.0,30.3,0.12,0,0,0,1.0,28.979735026699053,79.35469066279589,0.022770615973731343,35.73288749161263,0.19422744376560236,0.0,0.826016543708199,0.0,0.0018056110957523437,1.5282147313696818e-07,0.27300891213334794,0.0,0.0,1.1600858457792877,lhs_candidate_000009_june2024_preflight,pa1_candidate_000009
2024-06-16T02:00,28.8,80.0,0.0,0.0,0.0,1.06,100570.0,25.0,0.79,0.0,30.1,0.12,0,0,0,1.0,28.90235753403584,79.87168659754892,0.022822510855398662,35.525963532081356,0.19420051584591377,0.0,0.8017369288019647,0.0,0.0016101086355175293,1.4823918655368984e-07,0.2728426904068752,0.0,0.0,1.159921688770437,lhs_candidate_000009_june2024_preflight,pa1_candidate_000009
2024-06-16T03:00,28.6,80.0,0.0,0.0,0.0,0.99,100570.0,24.9,0.78,0.0,30.0,0.12,0,0,0,1.0,28.77343631106088,79.72624905461848,0.022621309820664626,35.323196439652435,0.19417381850701698,0.0,0.8015286565966182,0.0,0.0015547682345781921,1.4811116356365535e-07,0.27267789201862336,0.0,0.0,1.1604169750075657,lhs_candidate_000009_june2024_preflight,pa1_candidate_000009
2024-06-16T04:00,28.4,82.0,0.0,0.0,0.0,1.06,100610.0,25.0,0.7,0.0,29.8,0.12,0,0,0,1.0,28.581293257566735,81.31191434118702,0.022830374653703547,35.122314194520044,0.19414819739613015,0.0,0.7306606657396668,0.0,0.0016549805962443992,1.3493745075293527e-07,0.27251973701314913,0.0,0.0,1.1616177606554259,lhs_candidate_000009_june2024_preflight,pa1_candidate_000009
2024-06-16T05:00,28.3,82.0,0.0,0.0,0.0,1.34,100620.0,25.0,0.69,0.0,29.7,0.12,0,0,0,1.0,28.440635236367843,81.6703349003936,0.02275529719043106,34.92320531267034,0.1941244021562197,0.0,0.7108242948030905,0.0,0.0020250580026979392,1.312033410188665e-07,0.272372852816171,0.0,0.0,1.1622750356793516,lhs_candidate_000009_june2024_preflight,pa1_candidate_000009
2024-06-16T06:00,28.4,82.0,21.0,9.0,12.0,1.41,100650.0,25.0,0.7,0.02,29.6,0.12,1,0,0,1.0,28.508000047653255,82.04776341298515,0.022944854931824424,34.733429735053086,0.19407883192066924,2270.1888,0.6989139118510876,17.849999999999998,0.002109970870148029,3.757218295583792e-07,0.2720915550658595,0.0,0.0,1.1623619386314288,lhs_candidate_000009_june2024_preflight,pa1_candidate_000009
2024-06-16T07:00,29.6,73.0,157.0,90.0,67.0,1.1,100700.0,24.3,1.11,0.12,30.4,0.12,0,0,0,1.0,29.619058627874395,77.62790170785983,0.023062771162757175,34.59621348723161,0.20086712720177805,16173.2208,0.9287173460753415,133.45,0.0016195396736769744,2.3273289808330914e-06,0.3139946123566546,0.0,0.0,1.1586717777927837,lhs_candidate_000009_june2024_preflight,pa1_candidate_000009
2024-06-16T08:00,30.7,67.0,251.0,103.0,148.0,0.5,100730.0,23.8,1.46,0.19,31.5,0.12,0,0,0,1.0,31.14022161230101,74.31297180214246,0.023964428333427185,34.54776688886259,0.20033149184102741,27294.995199999998,1.1632578943695155,213.35,0.0011592020162460208,3.6138902318134147e-06,0.31068822124091,0.0,0.0,1.153222975654053,lhs_candidate_000009_june2024_preflight,pa1_candidate_000009
2024-06-16T09:00,32.0,61.0,453.0,247.0,206.0,0.14,100780.0,23.6,1.85,0.34,33.0,0.119,0,1,0,1.0,32.9920312724168,64.33501663017371,0.02289493275266244,34.605326640547176,0.19943261309156027,47111.5744,1.7931996496808567,385.05,0.0027505823781157628,6.342474772144462e-06,0.3051395869849399,0.0,0.0,1.1468162638526882,lhs_candidate_000009_june2024_preflight,pa1_candidate_000009
2024-06-16T10:00,33.8,54.0,791.0,686.0,105.0,1.02,100720.0,23.2,2.42,0.61,35.1,0.119,0,1,0,1.0,35.694168004711756,55.89167473464739,0.022908662912205034,34.83490763328209,0.197901222391,73302.152,2.576821275693738,672.35,0.003766929992941131,1.0620658122158822e-05,0.2956865579691358,0.0,0.0,1.1361057583202558,lhs_candidate_000009_june2024_preflight,pa1_candidate_000009
2024-06-16T11:00,34.7,51.0,861.0,724.0,137.0,1.41,100690.0,23.2,2.7,0.68,36.5,0.118,0,1,0,1.0,37.5416990183183,49.67284850256621,0.022387586002179233,35.206564464804224,0.19593678781693294,80587.98879999999,3.2523097965532166,731.85,0.004449455577251285,1.1172422851916079e-05,0.2835604186230429,0.0,0.0,1.1290135120859401,lhs_candidate_000009_june2024_preflight,pa1_candidate_000009
2024-06-16T12:00,35.3,50.0,892.0,745.0,147.0,1.62,100640.0,23.2,2.87,0.72,37.5,0.118,0,1,0,1.0,38.48638229952443,47.39265538644201,0.02241108944163494,35.620347004491585,0.19393053444556166,83667.8128,3.5778173577994035,758.1999999999999,0.004755033859782421,1.1107465768212323e-05,0.2711761385528498,0.0,0.0,1.125032122423074,lhs_candidate_000009_june2024_preflight,pa1_candidate_000009
2024-06-16T13:00,34.7,51.0,702.0,533.0,169.0,1.14,100600.0,23.2,2.7,0.57,37.5,0.117,0,1,0,1.0,37.97371157711306,47.42355072956117,0.02184951708804753,35.9933377212894,0.19216788383017203,67721.8256,3.478114255739633,596.6999999999999,0.004332374972307747,8.507626141238914e-06,0.26029557919859275,0.0,0.0,1.1264380663261333,lhs_candidate_000009_june2024_preflight,pa1_candidate_000009
2024-06-16T14:00,34.7,50.0,678.0,461.0,217.0,1.12,100480.0,22.9,2.74,0.55,37.6,0.117,0,1,0,1.0,37.52235711024731,47.51387302754591,0.021393404815225652,36.29151045409554,0.19068956938150217,67298.58080000001,3.388272421870005,576.3,0.004175189692616261,7.933652807692348e-06,0.25117018136729735,0.0,0.0,1.1267289747837637,lhs_candidate_000009_june2024_preflight,pa1_candidate_000009
2024-06-16T15:00,34.6,51.0,601.0,384.0,217.0,1.43,100500.0,23.1,2.68,0.49,37.3,0.117,0,1,0,1.0,37.2065937882869,48.092229766151455,0.021307203562941114,36.55148612525608,0.1893601111575078,60522.5808,3.293946927014355,510.84999999999997,0.004400599442921159,6.850681720054835e-06,0.2429636491204186,0.0,0.0,1.1280998300042322,lhs_candidate_000009_june2024_preflight,pa1_candidate_000009
2024-06-16T16:00,33.5,56.0,379.0,182.0,197.0,1.81,100540.0,23.4,2.29,0.33,36.3,0.117,0,1,0,1.0,35.811527661884995,51.846238321433404,0.021379937488372334,36.718789182831884,0.18835557490082797,40282.932799999995,2.8313627065099,322.15,0.004734116212337581,4.330890638738811e-06,0.2367628080298023,0.0,0.0,1.1336446058167826,lhs_candidate_000009_june2024_preflight,pa1_candidate_000009
2024-06-16T17:00,32.1,61.0,167.0,39.0,128.0,0.91,100550.0,23.6,1.87,0.15,35.0,0.118,0,1,0,1.0,33.757706332754296,57.47047905165576,0.021293762533905046,36.74166331578359,0.18778418497656754,19199.3472,2.231914630397078,141.95,0.00357790641408888,2.0354846358867974e-06,0.23323570973189844,0.0,0.0,1.14134444703519,lhs_candidate_000009_june2024_preflight,pa1_candidate_000009
2024-06-16T18:00,31.5,64.0,60.0,24.0,36.0,0.86,100610.0,23.9,1.65,0.06,33.8,0.118,1,1,0,1.0,32.29844922000114,62.16212463493395,0.021323697830387577,36.649310860951196,0.18752213780084398,6546.5664,1.8296711580714913,51.0,0.0031335037946668394,8.8756205152424e-07,0.231618134573111,0.0,0.0,1.147481449287284,lhs_candidate_000009_june2024_preflight,pa1_candidate_000009
2024-06-16T19:00,30.9,67.0,0.0,0.0,0.0,0.89,100570.0,24.2,1.46,0.03,32.9,0.118,0,0,0,1.0,31.3440390390681,65.94395509571183,0.021498932800411326,36.49545643669004,0.1944380956594862,0.0,1.5602228044441162,0.0,0.0015841570255589366,2.900319603672822e-07,0.27430923246596417,0.0,0.0,1.1506204908103905,lhs_candidate_000009_june2024_preflight,pa1_candidate_000009
2024-06-16T20:00,30.4,71.0,0.0,0.0,0.0,1.0,100640.0,24.6,1.25,0.01,32.2,0.118,0,0,0,1.0,30.71079944266147,69.97575720384424,0.022051598825894296,36.31433241524728,0.19438989915593347,0.0,1.3268166758084483,0.0,0.001646400817562402,2.4637627050725175e-07,0.2740117231847745,0.0,0.0,1.1538208984039773,lhs_candidate_000009_june2024_preflight,pa1_candidate_000009
2024-06-16T21:00,30.0,75.0,0.0,0.0,0.0,1.0,100700.0,25.1,1.07,0.01,31.7,0.118,0,0,0,1.0,30.262166524287938,73.98529470739392,0.022758551243404705,36.12631665612551,0.1943490856352562,0.0,1.1205282538403374,0.0,0.0016192092384078502,2.0787931596199873e-07,0.273759787871952,0.0,0.0,1.1562158743984472,lhs_candidate_000009_june2024_preflight,pa1_candidate_000009
2024-06-16T22:00,29.7,77.0,0.0,0.0,0.0,0.99,100710.0,25.3,0.94,0.0,31.2,0.118,0,0,0,1.0,29.92081326975834,76.35210597198201,0.023057475353774132,35.93466342654914,0.1943139051560571,0.0,0.9988471227597859,0.0,0.0015822497390389383,1.851581547421727e-07,0.2735426244201055,0.0,0.0,1.157633085060926,lhs_candidate_000009_june2024_preflight,pa1_candidate_000009
2024-06-16T23:00,29.4,79.0,0.0,0.0,0.0,0.85,100740.0,25.4,0.84,0.0,30.9,0.118,0,0,0,1.0,29.61976941643511,78.3305798641467,0.02327242936688742,35.74128973927726,0.19428225753320716,0.0,0.8995843360937608,0.0,0.001396813602012489,1.6663853363030275e-07,0.273347268723501,0.0,0.0,1.159129303572756,lhs_candidate_000009_june2024_preflight,pa1_candidate_000009
2024-06-17T00:00,29.1,81.0,0.0,0.0,0.0,1.0,100710.0,25.6,0.74,0.0,30.6,0.118,0,0,0,1.0,29.32167675781896,80.24705252463905,0.02345914793700045,35.546606912222735,0.19425384263999,0.0,0.806067613770014,0.0,0.0015963947039176953,1.4921973241298e-07,0.27317186814808636,0.0,0.0,1.159926127028106,lhs_candidate_000009_june2024_preflight,pa1_candidate_000009
2024-06-17T01:00,28.8,83.0,0.0,0.0,0.0,0.86,100680.0,25.7,0.67,0.0,30.3,0.118,0,0,0,1.0,29.02466759899623,82.1962905440921,0.023643811704672526,35.350670323430116,0.19422852686679679,0.0,0.7141764580866687,0.0,0.0014133376565313477,1.3213315403895058e-07,0.2730155979431901,0.0,0.0,1.160720360628262,lhs_candidate_000009_june2024_preflight,pa1_candidate_000009
2024-06-17T02:00,28.7,87.0,0.0,0.0,0.0,0.86,100650.0,26.4,0.51,0.0,30.1,0.118,0,0,0,1.0,28.846312462160096,85.90771703479156,0.02447233505289797,35.15459924685454,0.194207208169033,0.0,0.5594972192327612,0.0,0.0013611257094680545,1.0346532308806616e-07,0.2728840010434136,0.0,0.0,1.1610597986457345,lhs_candidate_000009_june2024_preflight,pa1_candidate_000009
2024-06-17T03:00,28.6,88.0,0.0,0.0,0.0,0.81,100610.0,26.4,0.47,0.0,29.9,0.118,0,0,0,1.0,28.73787163897574,87.48223958794121,0.024773835003561263,34.96115327575126,0.19418991950177902,0.0,0.4938753540905303,0.0,0.0012878471933083172,9.129444687871006e-08,0.27277728087517916,0.0,0.0,1.161015271301376,lhs_candidate_000009_june2024_preflight,pa1_candidate_000009
2024-06-17T04:00,28.5,88.0,0.0,0.0,0.0,0.81,100630.0,26.3,0.47,0.0,29.7,0.118,0,0,0,1.0,28.636074102092714,87.69195184493756,0.024695547842463975,34.770884032173676,0.19417375582057408,0.0,0.48274636884323163,0.0,0.0012865867151781992,8.920457720660514e-08,0.27267750506527216,0.0,0.0,1.1616377744047273,lhs_candidate_000009_june2024_preflight,pa1_candidate_000009
2024-06-17T05:00,28.4,88.0,0.0,0.0,0.0,0.95,100700.0,26.3,0.46,0.0,29.6,0.118,0,0,0,1.0,28.53422329114368,87.6652341585027,0.024550974121390484,34.58374912934866,0.1941577351184821,0.0,0.48094625271724345,0.0,0.001476113181998799,8.883971006730144e-08,0.27257861184248217,0.0,0.0,1.162838280351352,lhs_candidate_000009_june2024_preflight,pa1_candidate_000009
2024-06-17T06:00,28.5,87.0,22.0,11.0,11.0,0.95,100740.0,26.2,0.49,0.01,29.6,0.118,1,0,0,1.0,28.60810134336496,87.32160194950399,0.024553693699866975,34.4062076481703,0.19411828501805142,2323.0063999999998,0.4964667481036411,18.7,0.0014596012607638608,3.5046106739805105e-07,0.2723350927040212,0.0,0.0,1.1630153769002465,lhs_candidate_000009_june2024_preflight,pa1_candidate_000009
2024-06-17T07:00,29.6,78.0,171.0,115.0,56.0,0.82,100770.0,25.4,0.9,0.12,30.5,0.118,0,0,0,1.0,29.693658075882585,83.85358730159321,0.02501332163747577,34.283878372719336,0.20089672395621014,17018.214399999997,0.673156367836595,145.35,0.0012692334451614704,2.464293051481612e-06,0.3141773083716675,0.0,0.0,1.1591915961065167,lhs_candidate_000009_june2024_preflight,pa1_candidate_000009
2024-06-17T08:00,31.3,66.0,372.0,277.0,95.0,0.54,100820.0,24.3,1.53,0.27,32.2,0.117,0,1,0,1.0,31.824596312977896,74.82487588612918,0.025028404226705225,34.282068967606804,0.20020534337463872,36078.328,1.1852068317840834,316.2,0.002648116728554482,5.229458170641625e-06,0.3099095270039427,0.0,0.0,1.1516631657320413,lhs_candidate_000009_june2024_preflight,pa1_candidate_000009
2024-06-17T09:00,32.9,58.0,613.0,505.0,108.0,0.2,100760.0,23.5,2.09,0.46,34.1,0.117,0,1,0,1.0,34.307090157664824,61.297394544497394,0.023375149305281964,34.43441120048324,0.19896925660226397,57743.699199999995,2.09415488403558,521.05,0.0030152608226148496,8.434101385046884e-06,0.30227936174237025,0.0,0.0,1.1416844739515606,lhs_candidate_000009_june2024_preflight,pa1_candidate_000009
2024-06-17T10:00,34.0,53.0,709.0,582.0,127.0,0.5,100750.0,23.2,2.49,0.55,35.7,0.117,0,1,0,1.0,36.183142674282585,53.88893706359546,0.02265280150438413,34.710345222473485,0.1973524904620383,66860.1648,2.767104717774053,602.65,0.0035059061724744493,9.501207659755061e-06,0.29229932383974255,0.0,0.0,1.1346477330834164,lhs_candidate_000009_june2024_preflight,pa1_candidate_000009
2024-06-17T11:00,34.7,51.0,795.0,669.0,126.0,1.03,100680.0,23.1,2.71,0.63,36.7,0.116,0,1,0,1.0,37.41376071060388,50.013135603961146,0.022394186623922185,35.05427064947561,0.19557060611895896,74392.9824,3.2079647444701043,675.75,0.00406393393794686,1.0272838426822379e-05,0.28130003777135165,0.0,0.0,1.1293664410351674,lhs_candidate_000009_june2024_preflight,pa1_candidate_000009
2024-06-17T12:00,34.9,51.0,825.0,687.0,138.0,1.35,100650.0,23.2,2.75,0.66,37.4,0.116,0,1,0,1.0,38.01292255420709,48.41458320843666,0.022350646802862584,35.4357572330962,0.19372287903813284,77455.1712,3.4197974904869843,701.25,0.004469903665034567,1.024485054599258e-05,0.2698943150502028,0.0,0.0,1.126855908348098,lhs_candidate_000009_june2024_preflight,pa1_candidate_000009
2024-06-17T13:00,34.6,52.0,704.0,466.0,238.0,1.7,100590.0,23.3,2.63,0.58,37.4,0.116,0,1,0,1.0,37.66697672232126,48.32761817742821,0.021920928192550978,35.78908682347624,0.19203909041961417,70325.41119999999,3.362005857567028,598.4,0.004809293622290612,8.48364457119576e-06,0.2595005581457665,0.0,0.0,1.1274376278159703,lhs_candidate_000009_june2024_preflight,pa1_candidate_000009
2024-06-17T14:00,35.0,51.0,647.0,410.0,237.0,1.57,100540.0,23.2,2.77,0.54,37.4,0.116,0,1,0,1.0,37.545925613314175,48.44957738664917,0.021840967454739343,36.08356077008354,0.19059601099816767,65274.2288,3.3321256674663036,549.9499999999999,0.004528041522312546,7.57027050935953e-06,0.2505926604825165,0.0,0.0,1.1273162612203862,lhs_candidate_000009_june2024_preflight,pa1_candidate_000009
2024-06-17T15:00,32.0,66.0,437.0,187.0,250.0,1.4,100470.0,24.7,1.63,0.35,36.3,0.137,0,1,0,1.0,35.22021399466657,58.3008062196793,0.023316082670951584,36.28850314835019,0.18946629391870357,47251.6,2.373300943398261,371.45,0.004556216991867096,4.99111703786515e-06,0.24361909826360229,0.0,0.0,1.135027617453839,lhs_candidate_000009_june2024_preflight,pa1_candidate_000009
2024-06-17T16:00,32.3,63.0,229.0,79.0,150.0,1.78,100520.0,24.3,1.81,0.22,34.7,0.137,0,1,0,1.0,33.60116156870465,60.67625123650062,0.02229736444228927,36.33711259280244,0.18877796435936536,25429.36,2.045726756574259,194.65,0.004413499668143013,2.6999700793673882e-06,0.2393701503664529,0.0,0.0,1.1415862067977909,lhs_candidate_000009_june2024_preflight,pa1_candidate_000009
2024-06-17T17:00,31.9,65.0,149.0,62.0,87.0,1.12,100530.0,24.5,1.65,0.14,34.1,0.137,0,1,0,1.0,32.868628974948344,63.19345903447328,0.02234248690516896,36.296913514280305,0.1883715541113211,16172.868799999998,1.837824172147974,126.64999999999999,0.003499085328880374,1.8196799935779974e-06,0.23686144513161167,0.0,0.0,1.1444327205684304,lhs_candidate_000009_june2024_preflight,pa1_candidate_000009
2024-06-17T18:00,31.6,66.0,62.0,23.0,39.0,0.99,100550.0,24.4,1.58,0.06,33.3,0.137,1,1,0,1.0,32.19474899426272,64.83905319463534,0.022119764301040873,36.20409940077038,0.18812714368587646,6828.1136,1.6903107475203578,52.699999999999996,0.003173662333811736,8.999814398947272e-07,0.2353527388017066,0.0,0.0,1.1471866063816858,lhs_candidate_000009_june2024_preflight,pa1_candidate_000009
2024-06-17T19:00,31.1,69.0,0.0,0.0,0.0,0.99,100660.0,24.8,1.39,0.03,32.5,0.136,0,0,0,1.0,31.48469191648479,68.11214353930615,0.022373441585997317,36.064579209960954,0.19504297199872342,0.0,1.4725994623886307,0.0,0.0016740013441370843,2.774696414529914e-07,0.27804303702915695,0.0,0.0,1.1511184516423796,lhs_candidate_000009_june2024_preflight,pa1_candidate_000009
2024-06-17T20:00,30.8,71.0,0.0,0.0,0.0,0.71,100720.0,25.0,1.27,0.0,32.0,0.136,0,0,0,1.0,31.01616437660596,70.61747650520756,0.022621751552596,35.90085775848029,0.19499580108520725,0.0,1.3212522288206965,0.0,0.00121471235529396,2.486918301485774e-07,0.2777518585506621,0.0,0.0,1.1535787960272168,lhs_candidate_000009_june2024_preflight,pa1_candidate_000009
2024-06-17T21:00,30.5,73.0,0.0,0.0,0.0,0.72,100740.0,25.1,1.17,0.0,31.6,0.136,0,0,0,1.0,30.701870761569484,72.63637742203416,0.022879059640744794,35.73347129275965,0.1949530114231076,0.0,1.2086239763247288,0.0,0.00121663902431129,2.2727611301474607e-07,0.2774877248339975,0.0,0.0,1.1550013205018044,lhs_candidate_000009_june2024_preflight,pa1_candidate_000009
2024-06-17T22:00,30.1,76.0,0.0,0.0,0.0,1.0,100780.0,25.3,1.04,0.01,31.2,0.136,0,0,0,1.0,30.34292190757179,75.20976294679008,0.02323619070638785,35.56337136292679,0.19491432572129616,0.0,1.0727330579026675,0.0,0.001608181163907587,2.0154885984215607e-07,0.2772489242055319,0.0,0.0,1.156826519397475,lhs_candidate_000009_june2024_preflight,pa1_candidate_000009
2024-06-17T23:00,29.8,78.0,0.0,0.0,0.0,0.99,100780.0,25.6,0.91,0.0,30.9,0.136,0,0,0,1.0,30.010254516772502,77.37695254199241,0.02348025318334209,35.38991135141669,0.19488005874037173,0.0,0.9604753627851181,0.0,0.0015760442131160883,1.8031981084177283e-07,0.2770373996319243,0.0,0.0,1.1580959419358245,lhs_candidate_000009_june2024_preflight,pa1_candidate_000009
2024-06-18T00:00,29.5,80.0,0.0,0.0,0.0,1.06,100730.0,25.6,0.83,0.0,30.7,0.136,0,0,0,1.0,29.709234903805516,79.31881575675013,0.02368058868034827,35.21427987942293,0.1948492732793222,0.0,0.8629868991013341,0.0,0.0016701218304491553,1.619061740785174e-07,0.276847365921742,0.0,0.0,1.1586718659631656,lhs_candidate_000009_june2024_preflight,pa1_candidate_000009
2024-06-18T01:00,29.2,81.0,0.0,0.0,0.0,0.89,100710.0,25.7,0.75,0.0,30.4,0.136,0,0,0,1.0,29.412335526477325,80.47570691461453,0.02364214370389035,35.03683021518831,0.1948212612338125,0.0,0.8009104128915503,0.0,0.0014444625163304145,1.5016606841363433e-07,0.27667445206057095,0.0,0.0,1.1595785706337254,lhs_candidate_000009_june2024_preflight,pa1_candidate_000009
2024-06-18T02:00,28.8,83.0,0.0,0.0,0.0,0.98,100610.0,25.7,0.66,0.0,30.1,0.136,0,0,0,1.0,29.055854807237523,82.12214414348364,0.023662641264877052,34.8571255814392,0.19479555030631968,0.0,0.7184440467437967,0.0,0.0015897793714057414,1.346268312679378e-07,0.27651574263160295,0.0,0.0,1.1597936427045232,lhs_candidate_000009_june2024_preflight,pa1_candidate_000009
2024-06-18T03:00,28.7,84.0,0.0,0.0,0.0,0.98,100520.0,25.7,0.63,0.0,29.9,0.136,0,0,0,1.0,28.84162955592483,83.54462110902855,0.023793087003997578,34.67542040807911,0.19477254362751958,0.0,0.6531407737588801,0.0,0.0015219058947029736,1.223270103959417e-07,0.2763737260957999,0.0,0.0,1.1595781495035928,lhs_candidate_000009_june2024_preflight,pa1_candidate_000009
2024-06-18T04:00,28.6,84.0,0.0,0.0,0.0,0.98,100510.0,25.7,0.61,0.0,29.7,0.136,0,0,0,1.0,28.72865939100422,83.77137760029466,0.02371103924423565,34.495588089890454,0.1947508418430895,0.0,0.6399421342823608,0.0,0.0015140234227754594,1.1979693649422626e-07,0.27623976446351545,0.0,0.0,1.1598966900675214,lhs_candidate_000009_june2024_preflight,pa1_candidate_000009
2024-06-18T05:00,28.5,85.0,0.0,0.0,0.0,0.82,100540.0,25.7,0.59,0.0,29.6,0.136,0,0,0,1.0,28.627016844813316,84.61066043837992,0.023816015367143516,34.31850093373872,0.19472982930554766,0.0,0.6032840810424367,0.0,0.0012935945252901175,1.1288153429481778e-07,0.2761100574416523,0.0,0.0,1.1606336788030596,lhs_candidate_000009_june2024_preflight,pa1_candidate_000009
2024-06-18T06:00,28.4,85.0,21.0,10.0,11.0,1.1,100630.0,25.7,0.58,0.02,29.5,0.135,1,0,0,1.0,28.579957427977348,84.93386196443491,0.023845586867085936,34.149428019197245,0.19468733268174082,2235.0063999999998,0.5890053266428055,17.849999999999998,0.0017091697310770047,3.6036295715725316e-07,0.27584773260333845,0.0,0.0,1.161853819403978,lhs_candidate_000009_june2024_preflight,pa1_candidate_000009
2024-06-18T07:00,29.7,76.0,181.0,125.0,56.0,1.2,100680.0,25.1,0.99,0.13,30.8,0.135,0,0,0,1.0,29.739102865688583,80.78891956297997,0.02415854634200121,34.03607149370686,0.20144791263341863,17898.214399999997,0.8030195953222279,153.85,0.0017753261468438568,2.6561279431434515e-06,0.31757970761369525,0.0,0.0,1.157982528357127,lhs_candidate_000009_june2024_preflight,pa1_candidate_000009
2024-06-18T08:00,31.4,65.0,398.0,318.0,80.0,1.12,100730.0,24.0,1.62,0.3,32.3,0.135,0,1,0,1.0,31.977748679001845,69.29003955843572,0.023366909651002087,34.052082739973514,0.20069784856119688,37838.592000000004,1.4583546043450264,338.3,0.0033232239452939,5.690203951019402e-06,0.312949682476524,0.0,0.0,1.1500575622813491,lhs_candidate_000009_june2024_preflight,pa1_candidate_000009
2024-06-18T09:00,32.6,59.0,590.0,488.0,102.0,1.04,100770.0,23.5,2.03,0.45,33.9,0.134,0,1,0,1.0,34.11336671520909,60.50676732595727,0.022840882265945883,34.21225733838179,0.19944233116971263,55508.6048,2.1140443725925655,501.5,0.0036400479396480273,8.216436929613596e-06,0.30519957512168294,0.0,0.0,1.1425176620586115,lhs_candidate_000009_june2024_preflight,pa1_candidate_000009
2024-06-18T10:00,33.6,55.0,751.0,638.0,113.0,0.89,100720.0,23.2,2.35,0.58,35.3,0.134,0,1,0,1.0,35.88704225488427,55.23518282348272,0.022866527584785353,34.49215714575303,0.1977905630963034,70063.6112,2.64303845971006,638.35,0.003804031252345035,1.0099576659371539e-05,0.2950034759031075,0.0,0.0,1.1353966991581121,lhs_candidate_000009_june2024_preflight,pa1_candidate_000009
2024-06-18T11:00,34.5,52.0,858.0,729.0,129.0,0.73,100620.0,23.1,2.64,0.67,36.7,0.133,0,1,0,1.0,37.35227578127316,51.26169553661762,0.022881252492156657,34.8616172676964,0.1958804431546829,80042.5296,3.117408651126905,729.3,0.0038943107398802645,1.1096122561698944e-05,0.2832126120659438,0.0,0.0,1.1289168990723668,lhs_candidate_000009_june2024_preflight,pa1_candidate_000009
2024-06-18T12:00,34.8,51.0,758.0,622.0,136.0,0.22,100560.0,23.1,2.75,0.6,37.2,0.132,0,1,0,1.0,37.8324008228483,49.231390601163056,0.02251989567099056,35.2458894522783,0.19402685778975817,71488.8064,3.332936629414954,644.3,0.0037462151356093014,9.513438717423593e-06,0.2717707270972727,0.0,0.0,1.126501829636157,lhs_candidate_000009_june2024_preflight,pa1_candidate_000009
2024-06-18T13:00,35.2,51.0,778.0,578.0,200.0,0.45,100480.0,23.4,2.8,0.62,37.6,0.131,0,1,0,1.0,38.168369736467774,49.06048895687542,0.022828474923692735,35.60761307593543,0.19232610440450934,75500.48,3.4054636708980284,661.3,0.003790062035533728,9.384524015546745e-06,0.2612722494105515,0.0,0.0,1.124390914409572,lhs_candidate_000009_june2024_preflight,pa1_candidate_000009
2024-06-18T14:00,34.9,52.0,694.0,574.0,120.0,1.1,100410.0,23.7,2.66,0.56,37.5,0.13,0,1,0,1.0,37.93851379422322,48.70822765865962,0.022401258015508515,35.94802085639074,0.19075175298132832,65293.888000000006,3.386674583570228,589.9,0.004226198052593469,8.119385235303364e-06,0.2515540307489403,0.0,0.0,1.1244378077461121,lhs_candidate_000009_june2024_preflight,pa1_candidate_000009
2024-06-18T15:00,34.1,56.0,514.0,370.0,144.0,0.99,100330.0,24.0,2.36,0.42,36.9,0.129,0,1,0,1.0,36.80345641628962,52.02134450286861,0.022576766476448115,36.202949182659275,0.18949176870061143,50298.2656,2.9784919529322345,436.9,0.004029740345067811,5.905242479771022e-06,0.24377635000377432,0.0,0.0,1.1276563694945276,lhs_candidate_000009_june2024_preflight,pa1_candidate_000009
2024-06-18T16:00,33.3,59.0,393.0,277.0,116.0,1.17,100340.0,24.2,2.1,0.32,36.1,0.129,0,1,0,1.0,35.48046870107093,55.411875989635995,0.02246200656406585,36.352723832269206,0.18856087652556724,38665.1584,2.574396286475101,334.05,0.004011634071079377,4.45658753632811e-06,0.23803010200967437,0.0,0.0,1.13260310293482,lhs_candidate_000009_june2024_preflight,pa1_candidate_000009
2024-06-18T17:00,32.8,62.0,236.0,172.0,64.0,1.12,100370.0,24.4,1.91,0.19,35.2,0.129,0,1,0,1.0,34.29612909883945,59.22318715140236,0.022571227382058003,36.40654533170852,0.18791496102729704,23019.673600000002,2.2050447769486077,200.6,0.0037135984676743327,2.735927834826366e-06,0.23404296930430277,0.0,0.0,1.1373060345404844,lhs_candidate_000009_june2024_preflight,pa1_candidate_000009
2024-06-18T18:00,32.3,64.0,85.0,52.0,33.0,0.64,100430.0,24.6,1.74,0.06,34.2,0.129,1,1,0,1.0,33.181037976267135,62.24030820344938,0.022371595412672026,36.36310460183382,0.18756574507904986,8641.0192,1.9187410661282311,72.25,0.0029651215918810297,1.1530373878766992e-06,0.23188731530277693,0.0,0.0,1.142128342755961,lhs_candidate_000009_june2024_preflight,pa1_candidate_000009
2024-06-18T19:00,31.5,70.0,0.0,0.0,0.0,0.41,100530.0,25.3,1.41,0.02,33.2,0.129,0,1,0,1.0,32.04539049357082,68.13489305794631,0.02306023212376074,36.24189010537938,0.19445402077764945,0.0,1.5190048190602337,0.0,0.0025546267825614696,2.824710843117266e-07,0.2744075356645028,0.0,0.0,1.1475197300196405,lhs_candidate_000009_june2024_preflight,pa1_candidate_000009
2024-06-18T20:00,31.1,73.0,0.0,0.0,0.0,0.82,100630.0,25.6,1.22,0.0,32.5,0.129,0,0,0,1.0,31.372751252337483,72.2182816398661,0.023580669061750683,36.08319501267784,0.1944078320885811,0.0,1.2748512883183785,0.0,0.0013924476772475198,2.3682246467080813e-07,0.2741224202998833,0.0,0.0,1.1511983982300376,lhs_candidate_000009_june2024_preflight,pa1_candidate_000009
2024-06-18T21:00,30.8,75.0,0.0,0.0,0.0,1.3,100660.0,25.8,1.12,0.01,32.0,0.129,0,0,0,1.0,31.00392326653689,74.42793667167227,0.023826752609224556,35.91793914795814,0.19436748311645508,0.0,1.149105162021427,0.0,0.001997297576233016,2.1326931082327938e-07,0.2738733525707104,0.0,0.0,1.1529379963583661,lhs_candidate_000009_june2024_preflight,pa1_candidate_000009
2024-06-18T22:00,30.5,75.0,0.0,0.0,0.0,0.89,100700.0,25.7,1.07,0.0,31.7,0.129,0,0,0,1.0,30.700040801216822,74.83687294666301,0.023569854153348842,35.74993041962658,0.19432987163767426,0.0,1.111314236075776,0.0,0.001436028879325155,2.0608061832046083e-07,0.27364118294860656,0.0,0.0,1.1545496669869195,lhs_candidate_000009_june2024_preflight,pa1_candidate_000009
2024-06-18T23:00,30.2,77.0,0.0,0.0,0.0,0.76,100680.0,25.8,0.98,0.0,31.3,0.129,0,0,0,1.0,30.403782327749283,76.4841297669504,0.02370755554392104,35.579885670390816,0.19429415461862967,0.0,1.0211366314626757,0.0,0.0012691344613716573,1.8920563672947243e-07,0.2734207075224054,0.0,0.0,1.155446940764965,lhs_candidate_000009_june2024_preflight,pa1_candidate_000009
2024-06-19T00:00,30.0,79.0,0.0,0.0,0.0,0.81,100660.0,26.0,0.88,0.0,31.0,0.129,0,0,0,1.0,30.16608628150092,78.49921341325033,0.024022185329560516,35.408439467863815,0.19426180481108896,0.0,0.9210192463237377,0.0,0.0013074291607299063,1.705303257024002e-07,0.273221017352401,0.0,0.0,1.1561227074188465,lhs_candidate_000009_june2024_preflight,pa1_candidate_000009
2024-06-19T01:00,29.7,82.0,0.0,0.0,0.0,0.81,100580.0,26.2,0.77,0.0,30.8,0.129,0,0,0,1.0,29.904551282813667,81.14313816687917,0.024482766058092208,35.23647081886955,0.19423312177417865,0.0,0.7957389525339473,0.0,0.0013343986678630315,1.472387107848021e-07,0.273043961569004,0.0,0.0,1.1562008103860113,lhs_candidate_000009_june2024_preflight,pa1_candidate_000009
2024-06-19T02:00,29.3,84.0,0.0,0.0,0.0,0.91,100560.0,26.3,0.64,0.0,30.5,0.129,0,0,0,1.0,29.55200289164218,83.12815844148098,0.024607213476857768,35.06241284387564,0.19420833369961535,0.0,0.6976920360041232,0.0,0.0014955163201682696,1.2902435855536902e-07,0.27289094876305775,0.0,0.0,1.1573172300316352,lhs_candidate_000009_june2024_preflight,pa1_candidate_000009
2024-06-19T03:00,29.2,84.0,0.0,0.0,0.0,0.9,100510.0,26.3,0.64,0.0,30.2,0.129,0,0,0,1.0,29.337860906509235,83.75456042027916,0.02450606324708934,34.8862258417809,0.19418587583742022,0.0,0.6635539057018258,0.0,0.0014096645843508773,1.2264884842198033e-07,0.2727523199840755,0.0,0.0,1.1575606927838589,lhs_candidate_000009_june2024_preflight,pa1_candidate_000009
2024-06-19T04:00,29.1,85.0,0.0,0.0,0.0,1.0,100510.0,26.3,0.6,0.0,29.9,0.129,0,0,0,1.0,29.22458386158626,84.59762419983963,0.02460078322176313,34.71174691928556,0.19416438512435868,0.0,0.625022241283296,0.0,0.0015391642129835494,1.1547060931515813e-07,0.2726196612614734,0.0,0.0,1.1579943438299323,lhs_candidate_000009_june2024_preflight,pa1_candidate_000009
2024-06-19T05:00,29.0,85.0,0.0,0.0,0.0,1.0,100500.0,26.2,0.6,0.0,29.7,0.129,0,0,0,1.0,29.122265062794106,84.7706997780718,0.02451426659603072,34.53985051724097,0.1941438572841189,0.0,0.6143602246123012,0.0,0.0015377952451084969,1.1344808432108161e-07,0.2724929461982648,0.0,0.0,1.1582710726719385,lhs_candidate_000009_june2024_preflight,pa1_candidate_000009
2024-06-19T06:00,29.1,84.0,17.0,2.0,15.0,1.14,100630.0,26.1,0.64,0.02,29.5,0.129,1,0,0,1.0,29.18322504072405,84.28917694794869,0.024456008033200027,34.37586364227737,0.1941052034469137,2023.7359999999999,0.6360192709211825,14.45,0.0017126806920457526,3.1729542604252e-07,0.2722543422648994,0.0,0.0,1.1595354874379886,lhs_candidate_000009_june2024_preflight,pa1_candidate_000009
2024-06-19T07:00,29.6,80.0,141.0,43.0,98.0,1.3,100650.0,25.8,0.84,0.11,30.7,0.128,0,0,0,1.0,29.84295349422259,82.30818285562857,0.02475164786079567,34.25588516590145,0.20092218726299088,15855.8752,0.7439397764964304,119.85,0.0020156082452352647,2.0732120653290265e-06,0.3143344892777215,0.0,0.0,1.1572407004698073,lhs_candidate_000009_june2024_preflight,pa1_candidate_000009
2024-06-19T08:00,31.1,69.0,311.0,159.0,152.0,1.5,100650.0,24.6,1.41,0.25,31.8,0.128,0,0,0,1.0,31.52111636660052,73.52897511408325,0.024199815536780602,34.23206768105435,0.20033684155697243,32715.7248,1.2249751780496636,264.34999999999997,0.0023632317870903533,4.43268771141434e-06,0.31072124417884217,0.0,0.0,1.1508664881680535,lhs_candidate_000009_june2024_preflight,pa1_candidate_000009
2024-06-19T09:00,32.4,61.0,452.0,195.0,257.0,1.5,100620.0,23.8,1.91,0.36,33.2,0.128,0,1,0,1.0,33.42019142118232,62.35585303586223,0.022697416845768658,34.32253622303632,0.19936348487931038,48817.8768,1.9386450452745905,384.2,0.003972105308854206,6.3504749375992526e-06,0.30471286962537275,0.0,0.0,1.1433964427687275,lhs_candidate_000009_june2024_preflight,pa1_candidate_000009
2024-06-19T10:00,33.6,55.0,643.0,364.0,279.0,1.4,100570.0,23.4,2.33,0.51,34.8,0.127,0,1,0,1.0,35.32857134711782,55.626369427569266,0.022372005217440368,34.52870033832347,0.198002290070883,66399.8896,2.5406559968718594,546.55,0.004095470356784005,8.741247899741604e-06,0.2963104325363148,0.0,0.0,1.1357582444640177,lhs_candidate_000009_june2024_preflight,pa1_candidate_000009
2024-06-19T11:00,34.5,52.0,737.0,377.0,360.0,0.91,100510.0,23.4,2.6,0.59,36.2,0.126,0,1,0,1.0,36.86788548207921,51.760150177318565,0.022537789938112087,34.833930061558114,0.1963411292538096,77521.66399999999,3.0052472006688213,626.4499999999999,0.0038470687201360224,9.690469847184412e-06,0.2860563534185777,0.0,0.0,1.1294447005377275,lhs_candidate_000009_june2024_preflight,pa1_candidate_000009
2024-06-19T12:00,35.2,50.0,832.0,510.0,322.0,0.81,100420.0,23.2,2.84,0.66,37.2,0.126,0,1,0,1.0,38.06144356425714,48.906081006550124,0.022633315535557714,35.203848636860755,0.19452094857113236,84544.7328,3.3961103528161742,707.1999999999999,0.003947283585738824,1.0510546069533224e-05,0.2748206701921751,0.0,0.0,1.1241055907056583,lhs_candidate_000009_june2024_preflight,pa1_candidate_000009
2024-06-19T13:00,34.8,51.0,617.0,324.0,293.0,0.71,100390.0,23.3,2.7,0.5,37.1,0.125,0,1,0,1.0,37.7165305708143,48.288265983997185,0.02195847773958097,35.54871620283175,0.19288794451998245,64604.4432,3.3736140121220344,524.4499999999999,0.003903869101742021,7.66199380195582e-06,0.26474039827149665,0.0,0.0,1.125016615815225,lhs_candidate_000009_june2024_preflight,pa1_candidate_000009
2024-06-19T14:00,35.1,50.0,620.0,245.0,375.0,0.0,100320.0,23.1,2.83,0.48,37.2,0.124,0,1,0,1.0,37.55548393268893,48.801461446484296,0.022010329431282293,35.82438868997115,0.19152974635874956,67753.4,3.3110969950331377,527.0,0.0034912422753262872,7.44171389710622e-06,0.25635645900462695,0.0,0.0,1.1248148819735622,lhs_candidate_000009_june2024_preflight,pa1_candidate_000009
2024-06-19T15:00,34.4,52.0,416.0,154.0,262.0,0.4,100290.0,23.2,2.61,0.33,36.7,0.124,0,1,0,1.0,36.69878797951677,49.573019815363914,0.021398917081166344,36.039729059491805,0.19041080160216897,45825.788799999995,3.112654295383695,353.59999999999997,0.003508194315021718,5.009239736107839e-06,0.24944939260598134,0.0,0.0,1.1275875665268713,lhs_candidate_000009_june2024_preflight,pa1_candidate_000009
2024-06-19T16:00,31.4,69.0,176.0,17.0,159.0,0.51,100310.0,25.0,1.44,0.15,35.0,0.136,0,1,0,1.0,33.74018870946675,62.344974855036334,0.023078599652663862,36.10599711607682,0.18976315136056773,21082.0016,1.9741750135868834,149.6,0.0035845617238031433,2.1946579069295593e-06,0.24545155160844281,0.0,0.0,1.1386851973711174,lhs_candidate_000009_june2024_preflight,pa1_candidate_000009
2024-06-19T17:00,31.0,71.0,93.0,6.0,87.0,0.51,100290.0,25.1,1.31,0.09,33.5,0.143,0,1,0,1.0,31.888325112282757,69.00291190407331,0.023159517229292742,36.03358485099759,0.18945811965360787,11244.868799999998,1.4645664948568689,79.05,0.0028670512486644283,1.2203361614778886e-06,0.24356863983708565,0.0,0.0,1.1453696537984812,lhs_candidate_000009_june2024_preflight,pa1_candidate_000009
2024-06-19T18:00,30.5,71.0,43.0,7.0,36.0,0.72,100360.0,24.6,1.27,0.05,32.4,0.147,1,1,0,1.0,31.065459063532487,69.84098140735877,0.02243222853255703,35.906785101822216,0.18928801954082838,5050.5664,1.3599792343565187,36.55,0.0028545681537346466,6.74028063228823e-07,0.24251863914091598,0.0,0.0,1.1492693430507739,lhs_candidate_000009_june2024_preflight,pa1_candidate_000009
2024-06-19T19:00,30.0,73.0,0.0,0.0,0.0,0.71,100400.0,24.7,1.14,0.02,31.5,0.147,0,0,0,1.0,30.377369080237475,72.30817183466961,0.022381262453652368,35.74562296560111,0.19623235412947024,0.0,1.2006554305951687,0.0,0.0013316874104683202,2.3220319698519474e-07,0.28538490203376693,0.0,0.0,1.1523338089387412,lhs_candidate_000009_june2024_preflight,pa1_candidate_000009
2024-06-19T20:00,29.8,75.0,0.0,0.0,0.0,0.94,100480.0,25.0,1.04,0.0,31.1,0.148,0,0,0,1.0,29.986935886858653,74.51503802914813,0.022583310797686728,35.56643413943503,0.19619274525197203,0.0,1.0805334993391096,0.0,0.0014948408644709042,2.0879293836724508e-07,0.28514040278995084,0.0,0.0,1.1547373644732386,lhs_candidate_000009_june2024_preflight,pa1_candidate_000009
2024-06-19T21:00,29.6,78.0,0.0,0.0,0.0,1.08,100570.0,25.3,0.92,0.0,30.7,0.148,0,0,0,1.0,29.76699468658954,77.3310289120729,0.023159483615217653,35.38605467809711,0.19615741043999285,0.0,0.9490787213267255,0.0,0.0016741500703856052,1.832514709546431e-07,0.28492228666662256,0.0,0.0,1.1566108432128896,lhs_candidate_000009_june2024_preflight,pa1_candidate_000009
2024-06-19T22:00,29.5,81.0,0.0,0.0,0.0,0.73,100620.0,25.8,0.8,0.0,30.5,0.148,0,0,0,1.0,29.62680971057538,80.34005716830704,0.023878568488529296,35.20663910897799,0.19612677468652998,0.0,0.8164934697094712,0.0,0.0011721315683814978,1.5754680542819382e-07,0.2847331770773456,0.0,0.0,1.157721645409306,lhs_candidate_000009_june2024_preflight,pa1_candidate_000009
2024-06-19T23:00,29.3,83.0,0.0,0.0,0.0,1.0,100600.0,26.1,0.68,0.0,30.3,0.148,0,0,0,1.0,29.463248705906864,82.39472443383326,0.02427291813904462,35.02920288116897,0.19610011145904077,0.0,0.7243109589124974,0.0,0.0015621466338420628,1.3967890726940346e-07,0.2845685892533381,0.0,0.0,1.158117146409962,lhs_candidate_000009_june2024_preflight,pa1_candidate_000009
2024-06-20T00:00,29.2,84.0,0.0,0.0,0.0,0.95,100510.0,26.3,0.63,0.0,30.1,0.147,0,0,0,1.0,29.327055505380507,83.62477603222197,0.02445372671594173,34.85313615618577,0.1960760349274156,0.0,0.6684385331237652,0.0,0.001471395600462152,1.2883693174461027e-07,0.28441996868775066,0.0,0.0,1.1576020443752897,lhs_candidate_000009_june2024_preflight,pa1_candidate_000009
2024-06-20T01:00,29.0,86.0,0.0,0.0,0.0,0.63,100460.0,26.4,0.56,0.0,29.8,0.148,0,0,0,1.0,29.165169014768164,85.33704303152201,0.024735728922187856,34.67898300831352,0.1960540742561922,0.0,0.5929803839279919,0.0,0.0010744129944787323,1.1423841820323502e-07,0.2842844089888408,0.0,0.0,1.157645755217176,lhs_candidate_000009_june2024_preflight,pa1_candidate_000009
2024-06-20T02:00,29.0,85.0,0.0,0.0,0.0,0.71,100410.0,26.2,0.61,0.0,29.7,0.147,0,0,0,1.0,29.087921196121236,85.18647901169936,0.02458849135266121,34.506666550496455,0.19603374373043944,0.0,0.596403482921791,0.0,0.0011138933643692372,1.148471609808205e-07,0.2841589119162929,0.0,0.0,1.157365313662241,lhs_candidate_000009_june2024_preflight,pa1_candidate_000009
2024-06-20T03:00,28.9,86.0,0.0,0.0,0.0,0.91,100390.0,26.3,0.56,0.0,29.4,0.147,0,0,0,1.0,29.017661944014364,85.63768501915467,0.024624332342385626,34.33802519856159,0.19601325487514548,0.0,0.575895495694402,0.0,0.0014102296868371133,1.1084865664871788e-07,0.28403243750089807,0.0,0.0,1.1574038397854622,lhs_candidate_000009_june2024_preflight,pa1_candidate_000009
2024-06-20T04:00,28.8,87.0,0.0,0.0,0.0,0.9,100400.0,26.4,0.52,0.0,29.2,0.147,0,0,0,1.0,28.920160692070695,86.59269009891086,0.02476699498877611,34.17219223749795,0.19599401480771275,0.0,0.5345806866213243,0.0,0.0013981186372777836,1.0285333600155543e-07,0.2839136716525479,0.0,0.0,1.1578927509027754,lhs_candidate_000009_june2024_preflight,pa1_candidate_000009
2024-06-20T05:00,28.7,88.0,0.0,0.0,0.0,0.91,100400.0,26.4,0.48,0.0,29.1,0.148,0,0,0,1.0,28.820016235475215,87.56771168942913,0.024909456452330066,34.0088460534842,0.19597622850737154,0.0,0.492841023443209,0.0,0.0014118252705230616,9.478595511343706e-08,0.283803879675133,0.0,0.0,1.158276751081934,lhs_candidate_000009_june2024_preflight,pa1_candidate_000009
2024-06-20T06:00,28.6,89.0,12.0,0.0,12.0,1.12,100420.0,26.5,0.44,0.02,29.2,0.148,1,0,0,1.0,28.749969322735467,88.63738100511814,0.025117537984293926,33.85088149163892,0.19594671091477142,1478.1888,0.44861456650113807,10.2,0.0017206029391634344,2.3325932022540596e-07,0.28362167231340385,0.0,0.0,1.1587762807229096,lhs_candidate_000009_june2024_preflight,pa1_candidate_000009
2024-06-20T07:00,28.8,86.0,79.0,4.0,75.0,1.2,100470.0,26.3,0.54,0.07,29.6,0.149,0,0,0,1.0,29.01028365369244,87.37139181763314,0.02511274842515855,33.716785086905595,0.20284899175103427,9590.68,0.5061620329835228,67.14999999999999,0.0018624699685446365,1.2252911942684988e-06,0.3262283441421869,0.0,0.0,1.1583544503328695,lhs_candidate_000009_june2024_preflight,pa1_candidate_000009
2024-06-20T08:00,29.6,80.0,217.0,50.0,167.0,1.17,100540.0,25.7,0.84,0.17,30.3,0.152,0,0,0,1.0,29.994100700993965,83.73040979841151,0.025386049667816483,33.646569550298466,0.20245183986559492,24971.4608,0.6900957442990365,184.45,0.001911700393532701,3.1867364771236325e-06,0.32377678929379583,0.0,0.0,1.1553995886077955,lhs_candidate_000009_june2024_preflight,pa1_candidate_000009
2024-06-20T09:00,30.1,76.0,293.0,55.0,238.0,0.71,100550.0,25.4,1.01,0.23,30.7,0.155,0,1,0,1.0,30.956819278982298,77.04001328877843,0.024600712260126736,33.65118138869689,0.2017790866219581,34157.411199999995,1.0289655361706922,249.04999999999998,0.0030179479675399457,4.268688533208219e-06,0.3196239914935685,0.0,0.0,1.1518564667694886,lhs_candidate_000009_june2024_preflight,pa1_candidate_000009
2024-06-20T10:00,30.2,76.0,233.0,21.0,212.0,0.2,100560.0,25.4,1.05,0.19,30.9,0.154,0,1,0,1.0,31.200632076866626,75.83366644902763,0.02453409420248011,33.673802217053016,0.20108791763239064,27962.6688,1.0981575539504855,198.04999999999998,0.0027760834177428246,3.4090598224840135e-06,0.315357516249325,0.0,0.0,1.1510481878122276,lhs_candidate_000009_june2024_preflight,pa1_candidate_000009
2024-06-20T11:00,31.3,69.0,557.0,171.0,386.0,0.32,100540.0,24.9,1.43,0.43,32.3,0.155,0,1,0,1.0,32.653579325599004,71.50747473494475,0.02499586572043732,33.76992562832362,0.20008316590778052,62596.4064,1.4056006631733826,473.45,0.003030385528195576,7.733762033721422e-06,0.30915534510975634,0.0,0.0,1.145351437714479,lhs_candidate_000009_june2024_preflight,pa1_candidate_000009
2024-06-20T12:00,31.7,67.0,539.0,156.0,383.0,0.58,100520.0,24.9,1.54,0.42,33.1,0.155,0,1,0,1.0,33.673219197457094,66.20134719932624,0.024420059056913142,33.967132731295756,0.19872336215440803,60906.8592,1.7653840558324427,458.15,0.003466431586090813,7.363233049398477e-06,0.3007614947802965,0.0,0.0,1.1413181045489014,lhs_candidate_000009_june2024_preflight,pa1_candidate_000009
2024-06-20T13:00,32.0,66.0,565.0,245.0,320.0,0.95,100490.0,24.9,1.61,0.44,33.5,0.155,0,1,0,1.0,34.10603393236967,64.33463436024948,0.024276549273920575,34.1744410764585,0.19738360876956473,60978.368,1.9083627226364097,480.25,0.0037896249986843003,7.517643268534052e-06,0.292491412157807,0.0,0.0,1.139370247921405,lhs_candidate_000009_june2024_preflight,pa1_candidate_000009
2024-06-20T14:00,29.0,81.0,220.0,40.0,180.0,0.86,100460.0,25.5,0.74,0.18,32.3,0.164,0,1,0,1.0,31.56708671788166,72.93865315932253,0.02406455146713128,34.286372248013436,0.19644114439574153,25692.832,1.2555613902817915,187.0,0.003897533539950108,2.968561292077909e-06,0.28667373083791076,0.0,0.0,1.1485206685233513,lhs_candidate_000009_june2024_preflight,pa1_candidate_000009
2024-06-20T15:00,28.2,84.0,173.0,51.0,122.0,0.78,100410.0,25.2,0.62,0.14,31.1,0.189,0,0,0,1.0,29.539137527809945,82.05685959975914,0.024273145399717883,34.24209996280221,0.19597193002768115,19516.2528,0.7414436703286267,147.04999999999998,0.0019430370315014372,2.263498146229339e-06,0.2837773458498837,0.0,0.0,1.155640038234389,lhs_candidate_000009_june2024_preflight,pa1_candidate_000009
2024-06-20T16:00,27.9,89.0,111.0,2.0,109.0,0.58,100390.0,25.9,0.42,0.09,30.3,0.196,0,0,0,1.0,28.7448210301707,87.93583252215917,0.02491173542227097,34.14595476868822,0.19563893506322202,13602.8816,0.4761708757506389,94.35,0.001511447239643434,1.4418679330771854e-06,0.28172182137791374,0.0,0.0,1.158449856806409,lhs_candidate_000009_june2024_preflight,pa1_candidate_000009
2024-06-20T17:00,26.7,98.0,47.0,0.0,47.0,0.71,100360.0,26.3,0.08,0.04,29.7,0.202,0,0,0,1.0,27.621468988989108,94.41532041376863,0.02514966941560649,34.00438880337316,0.19545424990164503,5789.5728,0.20648875836546532,39.949999999999996,0.0016707732541831226,6.089754822891317e-07,0.2805817895163274,0.0,0.0,1.1624290759993428,lhs_candidate_000009_june2024_preflight,pa1_candidate_000009
2024-06-20T18:00,26.7,99.0,20.0,0.0,20.0,1.14,100320.0,26.5,0.05,0.02,29.4,0.204,1,0,0,1.0,27.004702960734903,97.87297723938859,0.025198038703267485,33.82310505878889,0.19537703881920093,2463.648,0.07585652333036075,17.0,0.0018294981667243632,2.56418392466052e-07,0.28010517789630207,0.0,0.0,1.1643534110608438,lhs_candidate_000009_june2024_preflight,pa1_candidate_000009
2024-06-20T19:00,26.6,98.0,0.0,0.0,0.0,0.95,100370.0,26.2,0.07,0.01,29.0,0.211,0,0,0,1.0,26.79158846267996,97.38785121138473,0.02477896055553314,33.62876928992211,0.20238521766021442,0.0,0.09199931719601384,0.0,0.0015123881663602178,2.0160307595565424e-08,0.3233655411124347,0.0,0.0,1.1657614394601676,lhs_candidate_000009_june2024_preflight,pa1_candidate_000009
2024-06-20T20:00,26.5,97.0,0.0,0.0,0.0,0.85,100440.0,26.1,0.09,0.0,28.8,0.217,0,0,0,1.0,26.65429321898114,96.540589482359,0.024377076145373235,33.431484019551604,0.20238101667459293,0.0,0.12086020376340922,0.0,0.0013538692191128827,2.648262572949688e-08,0.32333960910242554,0.0,0.0,1.1671086965367767,lhs_candidate_000009_june2024_preflight,pa1_candidate_000009
2024-06-20T21:00,26.5,97.0,0.0,0.0,0.0,0.76,100520.0,26.0,0.09,0.0,28.6,0.22,0,0,0,1.0,26.608275728671835,96.50763173267421,0.02430660145144386,33.23774239403789,0.20237616963164398,0.0,0.12168176554104448,0.0,0.0011988607798248101,2.6660177354135994e-08,0.32330968908422214,0.0,0.0,1.1682176050512252,lhs_candidate_000009_june2024_preflight,pa1_candidate_000009
2024-06-20T22:00,26.5,97.0,0.0,0.0,0.0,1.04,100600.0,26.0,0.1,0.0,28.5,0.224,0,0,0,1.0,26.600059520918226,96.53220080703015,0.024301703914211343,33.0491094052769,0.2023713953825064,0.0,0.12076732371431786,0.0,0.0015810745583592746,2.6457413490881387e-08,0.32328021841053334,0.0,0.0,1.1691793910475463,lhs_candidate_000009_june2024_preflight,pa1_candidate_000009
2024-06-20T23:00,26.5,97.0,0.0,0.0,0.0,0.95,100580.0,26.1,0.09,0.0,28.4,0.226,0,0,0,1.0,26.596544663182232,96.55225029896924,0.02430200930656024,32.86578156498246,0.2023666471041155,0.0,0.12004426116504696,0.0,0.0014526589213165425,2.6296622282181518e-08,0.3232509080500957,0.0,0.0,1.1689606570046867,lhs_candidate_000009_june2024_preflight,pa1_candidate_000009
2024-06-21T00:00,27.8,87.0,0.0,0.0,0.0,1.08,100550.0,25.3,0.5,0.0,28.3,0.228,0,0,0,1.0,27.361812330528622,89.83104742998123,0.02358849041065546,32.6945144714829,0.2023580327337056,0.0,0.37032510907463445,0.0,0.0018193264531248976,8.11092297089784e-08,0.3231977329241086,0.0,0.0,1.165636064880937,lhs_candidate_000009_june2024_preflight,pa1_candidate_000009
2024-06-21T01:00,27.9,84.0,0.0,0.0,0.0,1.1,100440.0,25.0,0.59,0.0,28.1,0.228,0,0,0,1.0,27.870855643023944,84.81932205032615,0.022905671156660614,32.546515626937484,0.20233886668829876,0.0,0.5695182991331049,0.0,0.0016253773325381013,1.2469119715901147e-07,0.3230794240018442,0.0,0.0,1.1623918785543577,lhs_candidate_000009_june2024_preflight,pa1_candidate_000009
2024-06-21T02:00,28.0,84.0,0.0,0.0,0.0,1.14,100400.0,24.9,0.62,0.0,28.0,0.228,0,0,0,1.0,28.0100965413723,84.16960050000586,0.022904733071932474,32.40873362271759,0.20231555720769512,0.0,0.5987299415828007,0.0,0.001672743946670047,1.3102845786530982e-07,0.3229355383191057,0.0,0.0,1.1613917426186495,lhs_candidate_000009_june2024_preflight,pa1_candidate_000009
2024-06-21T03:00,27.5,85.0,0.0,0.0,0.0,1.3,100330.0,24.7,0.55,0.0,27.8,0.228,0,0,0,1.0,27.754284148212314,84.2386983451638,0.022603524174351127,32.274340540141914,0.20229200742166634,0.0,0.5872954908189532,0.0,0.002021595597314738,1.284682410039662e-07,0.3227901692695453,0.0,0.0,1.161568670795377,lhs_candidate_000009_june2024_preflight,pa1_candidate_000009
2024-06-21T04:00,27.3,85.0,0.0,0.0,0.0,1.26,100360.0,24.6,0.54,0.0,27.7,0.228,0,0,0,1.0,27.46333798150721,84.60830496525716,0.02234182687603532,32.136188997845345,0.20226944811997857,0.0,0.5638610410708278,0.0,0.0019233085678360385,1.2328884975304452e-07,0.3226509143208554,0.0,0.0,1.1630405461428444,lhs_candidate_000009_june2024_preflight,pa1_candidate_000009
2024-06-21T05:00,27.4,84.0,0.0,0.0,0.0,1.17,100330.0,24.5,0.59,0.0,27.6,0.228,0,0,0,1.0,27.433271829938587,84.19874099132832,0.022196845779538774,31.998198550017634,0.20224713062089472,0.0,0.5778483422861012,0.0,0.0017289977429146438,1.2629324237897483e-07,0.32251315198083164,0.0,0.0,1.1628091851113471,lhs_candidate_000009_june2024_preflight,pa1_candidate_000009
2024-06-21T06:00,27.4,85.0,9.0,0.0,9.0,0.86,100440.0,24.6,0.56,0.02,27.6,0.227,1,0,0,1.0,27.480479708474604,85.04275030548405,0.022477780038710163,31.866965310236353,0.20221353629782082,1108.6416,0.5484948813953867,7.6499999999999995,0.0013158361543755977,2.451176241024185e-07,0.32230577961617796,0.0,0.0,1.1639012724665891,lhs_candidate_000009_june2024_preflight,pa1_candidate_000009
2024-06-21T07:00,27.7,86.0,64.0,1.0,63.0,1.06,100510.0,25.2,0.52,0.06,28.4,0.227,0,0,0,1.0,27.80580231906723,87.4267213165604,0.023525521616919915,31.757490273520098,0.20912364719819956,7848.4911999999995,0.4699136252049092,54.4,0.001612309460476276,1.125299604430903e-06,0.3649607851740714,0.0,0.0,1.1634534211718786,lhs_candidate_000009_june2024_preflight,pa1_candidate_000009
2024-06-21T08:00,28.6,83.0,160.0,19.0,141.0,0.85,100570.0,25.5,0.65,0.13,28.5,0.228,0,0,0,1.0,28.759938386821347,88.04654606450066,0.02496369088325848,31.6995077535181,0.20878616934184033,19040.7184,0.4722141530482822,136.0,0.001356986263947678,2.624420913974686e-06,0.3628775885298786,0.0,0.0,1.1604688554474702,lhs_candidate_000009_june2024_preflight,pa1_candidate_000009
2024-06-21T09:00,29.4,75.0,343.0,91.0,252.0,0.67,100550.0,24.6,1.02,0.26,32.5,0.227,0,1,0,1.0,30.15262382729827,80.05219012739856,0.024479624416178177,31.734061428100894,0.20805572313563592,39049.9648,0.8538363207424235,291.55,0.002921152056438895,5.517709265244744e-06,0.3583686613310859,0.0,0.0,1.1549105706868235,lhs_candidate_000009_june2024_preflight,pa1_candidate_000009
2024-06-21T10:00,30.9,66.0,532.0,203.0,329.0,0.57,100520.0,23.8,1.52,0.41,31.9,0.227,0,1,0,1.0,32.06955476253825,70.1805303485741,0.023783136718655392,31.888872203358428,0.20680017534006193,58391.0096,1.4234311369382375,452.2,0.003073493088796197,8.396547294238048e-06,0.3506183662966786,0.0,0.0,1.1473147427872936,lhs_candidate_000009_june2024_preflight,pa1_candidate_000009
2024-06-21T11:00,31.7,64.0,700.0,388.0,312.0,0.42,100480.0,24.2,1.67,0.54,32.6,0.225,0,1,0,1.0,33.786124403297514,65.56983605208094,0.02433099170207815,32.16388469803374,0.2050774796820383,72576.90879999999,1.8097330346020692,595.0,0.0034330043360099524,1.0698448716041337e-05,0.3399844424817179,0.0,0.0,1.1404442768051177,lhs_candidate_000009_june2024_preflight,pa1_candidate_000009
2024-06-21T12:00,32.2,64.0,761.0,462.0,299.0,0.36,100450.0,24.5,1.72,0.59,33.5,0.223,0,1,0,1.0,34.82703800763414,63.503734769242,0.024882746342678477,32.51433330264453,0.20310214126696127,77487.5376,2.0325325621561947,646.85,0.0036356071419434604,1.1228068455241877e-05,0.3277909954750696,0.0,0.0,1.1362504077419169,lhs_candidate_000009_june2024_preflight,pa1_candidate_000009
2024-06-21T13:00,32.0,64.0,543.0,271.0,272.0,0.67,100360.0,24.3,1.71,0.43,33.4,0.221,0,1,0,1.0,34.49569585589903,61.793421906484085,0.023797728663715375,32.82880980313598,0.2013847941430493,57353.612799999995,2.0890746265948583,461.55,0.003733451078840719,7.889827128291504e-06,0.3171900873027735,0.0,0.0,1.136455037380402,lhs_candidate_000009_june2024_preflight,pa1_candidate_000009
2024-06-21T14:00,28.8,81.0,207.0,9.0,198.0,0.73,100320.0,25.2,0.76,0.17,32.0,0.225,0,1,0,1.0,31.392273971525324,72.91768197617965,0.02383391069101486,32.97222528689831,0.20040270512330471,25182.115199999997,1.2441352031007398,175.95,0.0038179229944423215,3.044643312961119e-06,0.3111278094031155,0.0,0.0,1.1475784549732593,lhs_candidate_000009_june2024_preflight,pa1_candidate_000009
2024-06-21T15:00,29.0,80.0,268.0,55.0,213.0,0.81,100250.0,25.3,0.78,0.21,31.5,0.225,0,1,0,1.0,30.11450533818413,79.02705761351876,0.024116447824130357,32.98663299712701,0.19979412309965278,31077.851199999997,0.895756935220021,227.79999999999998,0.0032485917745772737,3.745327989098216e-06,0.30737113024477025,0.0,0.0,1.1516095228293144,lhs_candidate_000009_june2024_preflight,pa1_candidate_000009
2024-06-21T16:00,29.4,77.0,283.0,81.0,202.0,0.71,100260.0,24.9,0.95,0.22,31.4,0.226,0,1,0,1.0,30.409908510539836,77.05283950355951,0.023891722994901762,33.01307074695711,0.19910533360273294,32010.8448,0.9967905107141628,240.54999999999998,0.0031031583018094203,3.9107018756222785e-06,0.3031193432267466,0.0,0.0,1.1506036193440035,lhs_candidate_000009_june2024_preflight,pa1_candidate_000009
2024-06-21T17:00,28.9,80.0,203.0,90.0,113.0,0.61,100200.0,25.2,0.78,0.15,30.9,0.225,0,1,0,1.0,30.0708606803792,78.06794330567698,0.023767654750886366,33.02608499026812,0.19849978448269723,21839.6112,0.934380429435484,172.54999999999998,0.003108007390297694,2.815116226429953e-06,0.2993813856956619,0.0,0.0,1.151200830372898,lhs_candidate_000009_june2024_preflight,pa1_candidate_000009
2024-06-21T18:00,28.8,81.0,56.0,18.0,38.0,0.92,100310.0,25.2,0.76,0.05,30.3,0.225,1,0,0,1.0,29.40503000778284,80.6267828744332,0.023677131194139032,32.9740495514954,0.19816895552992406,6264.9312,0.7943786769651942,47.6,0.001711284446167566,8.79414155388262e-07,0.2973392316661979,0.0,0.0,1.15500084428578,lhs_candidate_000009_june2024_preflight,pa1_candidate_000009
2024-06-21T19:00,28.6,82.0,0.0,0.0,0.0,0.99,100350.0,25.3,0.7,0.02,29.8,0.225,0,0,0,1.0,28.85956419925854,81.49261614192103,0.02323140038626006,32.86329707189506,0.20509981064046354,0.0,0.7353507918047706,0.0,0.0016052120412031199,1.6949171259440284e-07,0.34012228790409593,0.0,0.0,1.1575483199492211,lhs_candidate_000009_june2024_preflight,pa1_candidate_000009
2024-06-21T20:00,28.5,83.0,0.0,0.0,0.0,0.72,100440.0,25.4,0.65,0.0,29.5,0.224,0,0,0,1.0,28.61705874940009,82.80977912135,0.02329642813874443,32.734001539442325,0.20507061754160555,0.0,0.6734924090813621,0.0,0.0011513448687302539,1.5515166799048395e-07,0.3399420835901577,0.0,0.0,1.1595175408642258,lhs_candidate_000009_june2024_preflight,pa1_candidate_000009
2024-06-21T21:00,28.4,85.0,0.0,0.0,0.0,0.99,100490.0,25.6,0.59,0.0,29.2,0.224,0,0,0,1.0,28.50179675352122,84.59763321439239,0.023649907419352245,32.604830041827974,0.20504416379766782,0.0,0.5994270195451166,0.0,0.0015115465257607191,1.380229771569205e-07,0.33977878887449275,0.0,0.0,1.1605380353259414,lhs_candidate_000009_june2024_preflight,pa1_candidate_000009
2024-06-21T22:00,27.9,90.0,0.0,0.0,0.0,0.92,100510.0,26.0,0.39,0.0,28.9,0.224,0,0,0,1.0,28.164816272375756,88.51833590665201,0.024293494670232334,32.47482801174808,0.20502236244307093,0.0,0.4381812423683491,0.0,0.0015171129348655523,1.0085485584037503e-07,0.339644212611549,0.0,0.0,1.1620671766539603,lhs_candidate_000009_june2024_preflight,pa1_candidate_000009
2024-06-21T23:00,28.1,88.0,0.0,0.0,0.0,1.06,100510.0,25.8,0.47,0.0,28.4,0.223,0,0,0,1.0,28.10180051878747,88.40611646819586,0.024178982070515623,32.34234725796198,0.20500485276908612,0.0,0.4408450715847385,0.0,0.0015512162677710215,1.0143569139681364e-07,0.3395361282042353,0.0,0.0,1.1623102574877708,lhs_candidate_000009_june2024_preflight,pa1_candidate_000009
2024-06-22T00:00,28.0,88.0,0.0,0.0,0.0,0.94,100460.0,25.8,0.47,0.0,28.1,0.223,0,0,0,1.0,28.091504642926303,87.91144638717056,0.024030112547806817,32.21421272601334,0.204986027684713,0.0,0.45937910137154025,0.0,0.0014351123656328206,1.0566408034748302e-07,0.3394199239797099,0.0,0.0,1.1617717570576724,lhs_candidate_000009_june2024_preflight,pa1_candidate_000009
2024-06-22T01:00,28.3,86.0,0.0,0.0,0.0,1.04,100400.0,25.6,0.55,0.0,27.9,0.223,0,0,0,1.0,28.23652891885061,86.6731753440704,0.02388079492319422,32.09038504646823,0.2049661899536895,0.0,0.5107240358898015,0.0,0.0015591305049381119,1.174318029893134e-07,0.3392974688499353,0.0,0.0,1.1605191863885882,lhs_candidate_000009_june2024_preflight,pa1_candidate_000009
2024-06-22T02:00,27.4,92.0,0.0,0.0,0.0,0.8,100350.0,26.1,0.28,0.0,27.6,0.223,0,0,0,1.0,27.806361817763463,89.937328787254,0.02420184168889117,31.969189293438205,0.20494702484605082,0.0,0.37609446988825557,0.0,0.001457341422827312,8.64460048589928e-08,0.3391791657163631,0.0,0.0,1.1615991818080724,lhs_candidate_000009_june2024_preflight,pa1_candidate_000009
2024-06-22T03:00,27.2,93.0,0.0,0.0,0.0,0.91,100310.0,26.0,0.25,0.0,27.5,0.223,0,0,0,1.0,27.38293436327697,92.24742990035435,0.024251247722275573,31.83896631893645,0.20493385890536817,0.0,0.28267623075755743,0.0,0.0014530653043586862,6.495808253229287e-08,0.3390978944775813,0.0,0.0,1.1627721129541508,lhs_candidate_000009_june2024_preflight,pa1_candidate_000009
2024-06-22T04:00,27.2,93.0,0.0,0.0,0.0,1.04,100270.0,25.9,0.26,0.0,27.3,0.223,0,0,0,1.0,27.277909159000064,92.75144437394142,0.0242428149156609,31.70690958372937,0.2049227244043282,0.0,0.26267928238687066,0.0,0.0015678460322506643,6.035061364741339e-08,0.33902916298968033,0.0,0.0,1.1627147675267326,lhs_candidate_000009_june2024_preflight,pa1_candidate_000009
2024-06-22T05:00,26.8,93.0,0.0,0.0,0.0,0.95,100270.0,25.7,0.23,0.0,27.1,0.222,0,0,0,1.0,27.028298069571434,92.33947985929338,0.023804459563825004,31.575548542576197,0.20491159285814506,0.0,0.27357736183282544,0.0,0.0015347411636797786,6.284171029254874e-08,0.3389604497416362,0.0,0.0,1.1636816145695852,lhs_candidate_000009_june2024_preflight,pa1_candidate_000009
2024-06-22T06:00,27.1,92.0,18.0,5.0,13.0,1.14,100290.0,25.8,0.27,0.01,27.2,0.222,1,0,0,1.0,27.106703071379318,92.545461483785,0.02396123824796286,31.44836798892582,0.20487685062701086,2041.3711999999998,0.2674479737532831,15.299999999999999,0.0016708704181434045,3.248130339797752e-07,0.3387459915247584,0.0,0.0,1.1636097954025233,lhs_candidate_000009_june2024_preflight,pa1_candidate_000009
2024-06-22T07:00,28.7,85.0,145.0,71.0,74.0,0.81,100450.0,26.0,0.57,0.1,29.1,0.222,0,0,0,1.0,28.471634187158035,91.1766249632506,0.025447096546253867,31.372657940142926,0.211657950265955,15363.497599999997,0.3427864597020167,123.25,0.0013515065629012073,2.472604234457723e-06,0.38060463127132715,0.0,0.0,1.1601920928330454,lhs_candidate_000009_june2024_preflight,pa1_candidate_000009
2024-06-22T08:00,29.9,75.0,345.0,226.0,119.0,0.42,100450.0,25.0,1.05,0.25,30.2,0.221,0,1,0,1.0,30.425392804463073,86.11113272992594,0.02672270925282788,31.41386842708061,0.21091889945276535,34546.705599999994,0.6038461239984936,293.25,0.002548711000695548,5.758615588481375e-06,0.37604258921460093,0.0,0.0,1.1527252975893287,lhs_candidate_000009_june2024_preflight,pa1_candidate_000009
2024-06-22T09:00,30.7,70.0,478.0,328.0,150.0,0.73,100490.0,24.5,1.34,0.36,31.3,0.22,0,1,0,1.0,31.96525703625528,72.75786529258056,0.024520062312858734,31.57029648264697,0.209679828639317,47341.36,1.2927614329559436,406.3,0.003248694092374104,7.930193760675304e-06,0.36839400394640126,0.0,0.0,1.1473643991367946,lhs_candidate_000009_june2024_preflight,pa1_candidate_000009
2024-06-22T10:00,30.8,68.0,440.0,183.0,257.0,0.22,100450.0,24.1,1.44,0.34,31.5,0.218,0,1,0,1.0,32.465117440525994,68.95884325803395,0.023865385297531103,31.768060467428068,0.20831650820740896,47761.8768,1.5151754244834486,374.0,0.00316389920801456,7.2123329865327325e-06,0.3599784457247467,0.0,0.0,1.1450318228430623,lhs_candidate_000009_june2024_preflight,pa1_candidate_000009
2024-06-22T11:00,31.1,65.0,574.0,306.0,268.0,0.5,100430.0,23.9,1.56,0.44,32.1,0.217,0,1,0,1.0,33.00912764083697,66.32957105218405,0.023626063217850095,31.99065130279044,0.20684631065687037,59940.8832,1.6945396656259457,487.9,0.003394414159572639,9.104537091350779e-06,0.3509031522029035,0.0,0.0,1.1427696552264412,lhs_candidate_000009_june2024_preflight,pa1_candidate_000009
2024-06-22T12:00,31.4,64.0,624.0,267.0,357.0,1.06,100400.0,23.9,1.63,0.48,32.8,0.215,0,1,0,1.0,33.59147215167652,63.70112917782956,0.023397025136430598,32.26278534070888,0.20516042753151917,67472.11679999999,1.8873429755879143,530.4,0.003918431660975027,9.614511611568573e-06,0.34049646624394553,0.0,0.0,1.1402594076240027,lhs_candidate_000009_june2024_preflight,pa1_candidate_000009
2024-06-22T13:00,31.0,65.0,455.0,225.0,230.0,0.89,100370.0,23.7,1.57,0.36,32.7,0.213,0,1,0,1.0,33.14641323784679,63.256931340170745,0.022695512061127757,32.50351633037557,0.2036732483813893,48131.952,1.8634635692937898,386.75,0.0037581019185435084,6.930974120567317e-06,0.33131634803326737,0.0,0.0,1.141575032577032,lhs_candidate_000009_june2024_preflight,pa1_candidate_000009
2024-06-22T14:00,30.3,68.0,356.0,161.0,195.0,1.1,100280.0,23.7,1.38,0.29,32.4,0.213,0,1,0,1.0,32.14855797023656,65.75372157154189,0.022376786433046858,32.65819504442553,0.20256903246947333,38188.568,1.6420531875256779,302.59999999999997,0.0038330801008494893,5.351823378871999e-06,0.32450020042884775,0.0,0.0,1.1442792459137465,lhs_candidate_000009_june2024_preflight,pa1_candidate_000009
2024-06-22T15:00,30.3,68.0,389.0,151.0,238.0,1.3,100260.0,23.7,1.38,0.31,32.3,0.212,0,1,0,1.0,31.832781381575224,66.96434133034617,0.02240888413415086,32.77641655590602,0.20157610507052978,42605.411199999995,1.555989371268887,330.65,0.003923656437474434,5.686055113724388e-06,0.3183710189538876,0.0,0.0,1.1452355698171963,lhs_candidate_000009_june2024_preflight,pa1_candidate_000009
2024-06-22T16:00,29.7,71.0,298.0,169.0,129.0,1.2,100260.0,23.8,1.22,0.23,31.8,0.213,0,1,0,1.0,31.259544670638213,68.78287901909401,0.022323298927770487,32.87117878822575,0.20067515745521006,30762.529599999998,1.4233143999862232,253.29999999999998,0.003827096772316391,4.3288442678806505e-06,0.3128096139210498,0.0,0.0,1.1473921745714932,lhs_candidate_000009_june2024_preflight,pa1_candidate_000009
2024-06-22T17:00,28.9,77.0,100.0,28.0,72.0,0.76,100220.0,24.4,0.93,0.09,30.9,0.216,0,0,0,1.0,29.980292931593148,74.22446106869396,0.0224871676049337,32.8761501577969,0.20014554937860737,11333.1328,1.0924372567957983,85.0,0.0017967644944711098,1.5664183898740788e-06,0.3095404282630085,0.0,0.0,1.151774629641523,lhs_candidate_000009_june2024_preflight,pa1_candidate_000009
2024-06-22T18:00,28.5,79.0,19.0,2.0,17.0,1.0,100360.0,24.6,0.8,0.04,30.0,0.22,1,0,0,1.0,28.990780956168415,78.08295494875925,0.022419183700230036,32.78994828414239,0.1999667678636573,2270.1007999999997,0.8774585464948332,16.15,0.0017455773076685466,4.365790572370066e-07,0.3084368386645513,0.0,0.0,1.1571609091543182,lhs_candidate_000009_june2024_preflight,pa1_candidate_000009
2024-06-22T19:00,28.2,81.0,0.0,0.0,0.0,1.08,100470.0,24.6,0.73,0.02,29.4,0.226,0,0,0,1.0,28.442983898322165,80.30898722811541,0.02237886910301768,32.666396381458476,0.20694221072332525,0.0,0.7637214357172835,0.0,0.0017161131784120918,1.8191692304640424e-07,0.3514951279217608,0.0,0.0,1.1605333279307897,lhs_candidate_000009_june2024_preflight,pa1_candidate_000009
2024-06-22T20:00,28.1,82.0,0.0,0.0,0.0,1.36,100510.0,24.6,0.7,0.0,28.9,0.232,0,0,0,1.0,28.214996809891414,81.71831767633569,0.02248904209027164,32.53341078703535,0.2069110067159492,0.0,0.6997327670299192,0.0,0.0020418031944439397,1.6658361284145783e-07,0.351302510592279,0.0,0.0,1.161873679877058,lhs_candidate_000009_june2024_preflight,pa1_candidate_000009
2024-06-22T21:00,26.1,97.0,0.0,0.0,0.0,0.89,100560.0,25.6,0.1,0.0,28.5,0.241,0,0,0,1.0,26.975709666937288,91.95846652536709,0.02363735300968676,32.39069840874743,0.206888732822161,0.0,0.2862997047637035,0.0,0.0018236821305413313,6.813197172446993e-08,0.3511650174207469,0.0,0.0,1.1672516956323113,lhs_candidate_000009_june2024_preflight,pa1_candidate_000009
2024-06-22T22:00,26.2,97.0,0.0,0.0,0.0,0.94,100550.0,25.7,0.1,0.0,28.3,0.25,0,0,0,1.0,26.33464679339958,96.26754852103912,0.023880278602470054,32.224650554414865,0.2068812013455621,0.0,0.12796756783531382,0.0,0.001463252875978745,3.044896067105747e-08,0.3511185268244574,0.0,0.0,1.1696339365832091,lhs_candidate_000009_june2024_preflight,pa1_candidate_000009
2024-06-22T23:00,26.2,97.0,0.0,0.0,0.0,0.94,100540.0,25.7,0.1,0.0,28.1,0.256,0,0,0,1.0,26.293335397076024,96.57568828777687,0.023901719605058876,32.058351300291164,0.20687605053489228,0.0,0.11711728161740353,0.0,0.00143665824900983,2.7864689766459337e-08,0.35108673169686594,0.0,0.0,1.1696789603761162,lhs_candidate_000009_june2024_preflight,pa1_candidate_000009
2024-06-23T00:00,26.1,97.0,0.0,0.0,0.0,0.91,100510.0,25.6,0.09,0.0,27.9,0.258,0,0,0,1.0,26.227701428765545,96.49345383373847,0.023794287938693894,31.89589846862809,0.20687098092325984,0.0,0.11946634508720066,0.0,0.0014175796184645656,2.8421048359642436e-08,0.35105543779790027,0.0,0.0,1.1695862990415846,lhs_candidate_000009_june2024_preflight,pa1_candidate_000009
2024-06-23T01:00,26.0,97.0,0.0,0.0,0.0,0.71,100470.0,25.6,0.09,0.0,27.8,0.26,0,0,0,1.0,26.131296566717886,96.50693458198138,0.023670184693694876,31.7361276764452,0.20686588148309018,0.0,0.118331706270427,0.0,0.0011504004203380892,2.8148593517655277e-08,0.3510239597721616,0.0,0.0,1.1694974370243363,lhs_candidate_000009_june2024_preflight,pa1_candidate_000009
2024-06-23T02:00,27.3,89.0,0.0,0.0,0.0,0.54,100450.0,25.4,0.38,0.0,27.8,0.26,0,0,0,1.0,26.852372500256536,91.7455421988376,0.023422112729957596,31.58600445155309,0.2068580047333738,0.0,0.2917601956564515,0.0,0.0012075120488467667,6.939392527400941e-08,0.3509753378603321,0.0,0.0,1.1664542253279109,lhs_candidate_000009_june2024_preflight,pa1_candidate_000009
2024-06-23T03:00,27.4,89.0,0.0,0.0,0.0,0.54,100410.0,25.4,0.41,0.0,27.7,0.259,0,0,0,1.0,27.361045996883195,89.43257162889728,0.023482862719331532,31.4581373748604,0.2068427643059385,0.0,0.38481924079672236,0.0,0.0008343324912111367,9.15030911275315e-08,0.3508812611477686,0.0,0.0,1.1640160690445984,lhs_candidate_000009_june2024_preflight,pa1_candidate_000009
2024-06-23T04:00,27.4,89.0,0.0,0.0,0.0,0.85,100440.0,25.4,0.4,0.0,27.7,0.259,0,0,0,1.0,27.44458586902378,89.08583501417884,0.02349986076886657,31.339458857482818,0.20682593837245933,0.0,0.3993925946669372,0.0,0.0012759666666092842,9.494026101661248e-08,0.35077739736086005,0.0,0.0,1.1640402532978298,lhs_candidate_000009_june2024_preflight,pa1_candidate_000009
2024-06-23T05:00,27.3,90.0,0.0,0.0,0.0,0.85,100440.0,25.4,0.37,0.0,27.5,0.258,0,0,0,1.0,27.393305367960096,89.70047552032845,0.023595166072881316,31.22441516508956,0.20680922901135051,0.0,0.37577183977315753,0.0,0.0013110167118587008,8.929906745304625e-08,0.3506742531564847,0.0,0.0,1.1642388688263785,lhs_candidate_000009_june2024_preflight,pa1_candidate_000009
2024-06-23T06:00,27.2,91.0,13.0,2.0,11.0,0.72,100540.0,25.5,0.33,0.01,27.6,0.263,1,0,0,1.0,27.3316439549687,90.9806191502093,0.02385061217470352,31.11407004510602,0.20677642214376218,1531.0064,0.327881580814954,11.049999999999999,0.0011634730470998541,2.747051900453996e-07,0.35047174162816164,0.0,0.0,1.1656371571612498,lhs_candidate_000009_june2024_preflight,pa1_candidate_000009
2024-06-23T07:00,28.2,87.0,133.0,65.0,68.0,0.82,100620.0,25.7,0.51,0.09,29.1,0.263,0,0,0,1.0,28.186855883022606,92.55038630712144,0.025430787221638038,31.04385439152294,0.2135754232999098,14096.403199999999,0.2846684120879748,113.05,0.001209292550955494,2.330593900086132e-06,0.3924408845673445,0.0,0.0,1.16325387846345,lhs_candidate_000009_june2024_preflight,pa1_candidate_000009
2024-06-23T08:00,28.6,84.0,198.0,66.0,132.0,1.14,100620.0,25.7,0.62,0.15,28.9,0.264,0,0,0,1.0,29.09702940552057,88.11632572797144,0.02544678628848629,31.041105558771026,0.21305464809532423,22068.0768,0.47869737802498413,168.29999999999998,0.0019232802189050576,3.4556670588626835e-06,0.38922622281064345,0.0,0.0,1.15975090646666,lhs_candidate_000009_june2024_preflight,pa1_candidate_000009
2024-06-23T09:00,28.7,84.0,289.0,103.0,186.0,0.5,100640.0,25.7,0.63,0.22,29.3,0.271,0,0,0,1.0,29.667617146182373,89.62815759197265,0.026698158020733945,31.089993926041902,0.21229975977456977,31975.9264,0.4317631589788049,245.65,0.0015237183674928242,4.913925022305976e-06,0.3845664183615418,0.0,0.0,1.1577957184486831,lhs_candidate_000009_june2024_preflight,pa1_candidate_000009
2024-06-23T10:00,29.0,82.0,398.0,166.0,232.0,0.41,100650.0,25.6,0.72,0.3,29.9,0.276,0,1,0,1.0,30.27689042466976,83.62702092749137,0.025744875248002248,31.19564869559564,0.21125703376619304,43186.3168,0.7058259870244536,338.3,0.0030360248434811747,6.682507737949403e-06,0.37812983806292,0.0,0.0,1.1555857071478655,lhs_candidate_000009_june2024_preflight,pa1_candidate_000009
2024-06-23T11:00,29.0,82.0,306.0,97.0,209.0,0.28,100590.0,25.6,0.72,0.24,30.0,0.279,0,1,0,1.0,30.31727365851541,81.98766746896973,0.02529522928787356,31.311079602451613,0.21019633110402572,34281.12159999999,0.7782938769977861,260.09999999999997,0.0029998928299337377,5.10817571301865e-06,0.3715822907655909,0.0,0.0,1.1547431480703008,lhs_candidate_000009_june2024_preflight,pa1_candidate_000009
2024-06-23T12:00,29.3,77.0,252.0,23.0,229.0,0.81,100580.0,24.9,0.92,0.2,29.9,0.281,0,1,0,1.0,30.27293125103865,77.7887623497057,0.023942432577782287,31.388144501605492,0.20935730354586085,30232.7696,0.9572916597615855,214.2,0.0031767569055421076,4.226647101448615e-06,0.36640310830778305,0.0,0.0,1.1547970891312083,lhs_candidate_000009_june2024_preflight,pa1_candidate_000009
2024-06-23T13:00,29.2,79.0,341.0,57.0,284.0,1.33,100520.0,25.2,0.85,0.27,32.2,0.284,0,1,0,1.0,30.432811868886198,78.42236547050445,0.024346398533999027,31.47261516457644,0.20847645745255786,39999.8016,0.9385285891813924,289.84999999999997,0.0038494035212578446,5.547225075288799e-06,0.36096578674418434,0.0,0.0,1.153500400138838,lhs_candidate_000009_june2024_preflight,pa1_candidate_000009
2024-06-23T14:00,29.2,75.0,331.0,97.0,234.0,1.12,100480.0,24.2,1.02,0.26,31.3,0.283,0,1,0,1.0,30.49670746416015,74.88810224688925,0.023329334274935325,31.57559357329271,0.2074969388798215,37360.681599999996,1.0962493195997576,281.34999999999997,0.0036407827037039167,5.338909659680731e-06,0.3549193758013674,0.0,0.0,1.1527987553159964,lhs_candidate_000009_june2024_preflight,pa1_candidate_000009
2024-06-23T15:00,28.4,78.0,229.0,46.0,183.0,0.71,100480.0,24.1,0.87,0.18,30.3,0.304,0,0,0,1.0,29.799458865552406,78.35640652886066,0.02350785770792465,31.644173600633607,0.2066842707586234,26590.379199999996,0.9078410094015541,194.65,0.0019135225269537473,3.676907406867632e-06,0.34990290591742834,0.0,0.0,1.155451961298376,lhs_candidate_000009_june2024_preflight,pa1_candidate_000009
2024-06-23T16:00,27.9,86.0,167.0,32.0,135.0,0.41,100500.0,25.4,0.52,0.13,29.7,0.307,0,0,0,1.0,28.97724701167707,86.30882919630425,0.024762730116077703,31.654322865984184,0.20611741745200363,19445.624,0.547703462342545,141.95,0.0015341399148843205,2.627755602314528e-06,0.3464038114321212,0.0,0.0,1.1588270311804327,lhs_candidate_000009_june2024_preflight,pa1_candidate_000009
2024-06-23T17:00,27.8,87.0,89.0,18.0,71.0,0.32,100400.0,25.3,0.5,0.07,29.2,0.307,0,0,0,1.0,28.429518918383334,88.73892642468387,0.024709739864118736,31.616687414564293,0.2057538282068973,10329.9504,0.436422716767666,75.64999999999999,0.001177458452102054,1.4250561490637386e-06,0.3441594333759093,0.0,0.0,1.159776534506782,lhs_candidate_000009_june2024_preflight,pa1_candidate_000009
2024-06-23T18:00,27.7,87.0,46.0,18.0,28.0,0.54,100480.0,25.4,0.48,0.04,28.8,0.309,1,0,0,1.0,28.081022787824686,88.27895511977287,0.02411669502314611,31.542841523779078,0.2055552720338395,5033.1071999999995,0.44514175924487054,39.1,0.0011536998115779654,7.849512061206285e-07,0.3429337779866636,0.0,0.0,1.1620434813815348,lhs_candidate_000009_june2024_preflight,pa1_candidate_000009
2024-06-23T19:00,27.6,89.0,1.0,0.0,1.0,0.22,100600.0,25.7,0.39,0.0,28.4,0.307,0,0,0,1.0,27.788127338461994,89.16926208682368,0.023971108317816136,31.444110973144962,0.21250124843636803,123.18239999999999,0.4043709123361898,0.85,0.0006731462186106157,1.2239129564323726e-07,0.385810175533136,0.0,0.0,1.1645636103230361,lhs_candidate_000009_june2024_preflight,pa1_candidate_000009
2024-06-23T20:00,27.4,86.0,0.0,0.0,0.0,0.61,100670.0,24.8,0.51,0.0,28.1,0.308,0,0,0,1.0,27.550404479524392,86.90920089528707,0.023059800694826816,31.33171938906595,0.2124794253624823,0.0,0.4820162374910639,0.0,0.0010370663520359175,1.2598025764619905e-07,0.385675465200508,0.0,0.0,1.1662952453252362,lhs_candidate_000009_june2024_preflight,pa1_candidate_000009
2024-06-23T21:00,27.5,85.0,0.0,0.0,0.0,0.98,100680.0,24.8,0.55,0.0,27.9,0.312,0,0,0,1.0,27.519946347568524,85.40932554667604,0.022623832245575584,31.218891692254857,0.2124552372066566,0.0,0.536287868186776,0.0,0.0014460330433015067,1.4011048355415408e-07,0.3855261555966457,0.0,0.0,1.1665292571103305,lhs_candidate_000009_june2024_preflight,pa1_candidate_000009
2024-06-23T22:00,26.1,97.0,0.0,0.0,0.0,1.08,100680.0,25.6,0.1,0.0,27.7,0.313,0,0,0,1.0,26.714707559020535,93.26566858872795,0.023629195678660196,31.10242750782713,0.21243574727746675,0.0,0.2361123350029133,0.0,0.0019081218842270406,6.16674211802569e-08,0.3854058473917701,0.0,0.0,1.1696617851542197,lhs_candidate_000009_june2024_preflight,pa1_candidate_000009
2024-06-23T23:00,27.3,88.0,0.0,0.0,0.0,1.0,100690.0,25.1,0.45,0.0,27.6,0.311,0,0,0,1.0,26.93818441303793,90.45556304682005,0.02320279449641668,30.976593511503903,0.21242439870747093,0.0,0.3390595077385621,0.0,0.0016771715917580643,8.85388939086567e-08,0.3853357944905613,0.0,0.0,1.1689068230751016,lhs_candidate_000009_june2024_preflight,pa1_candidate_000009
2024-06-24T00:00,27.3,88.0,0.0,0.0,0.0,0.94,100670.0,25.1,0.43,0.0,27.5,0.309,0,0,0,1.0,27.303694983356454,88.28121074274976,0.023107285020845195,30.866424545090414,0.21240558618665417,0.0,0.4253168997447725,0.0,0.001377150504700766,1.1102988850467676e-07,0.3852196678188529,0.0,0.0,1.167252917396379,lhs_candidate_000009_june2024_preflight,pa1_candidate_000009
2024-06-24T01:00,27.1,89.0,0.0,0.0,0.0,0.78,100630.0,25.1,0.4,0.0,27.4,0.307,0,0,0,1.0,27.224025119421455,88.71361655028322,0.0231185317753401,30.761695025557785,0.2123858276754959,0.0,0.4077170241263328,0.0,0.0012377583270374067,1.0640170425450718e-07,0.38509770170059204,0.0,0.0,1.1670985975798622,lhs_candidate_000009_june2024_preflight,pa1_candidate_000009
2024-06-24T02:00,27.0,89.0,0.0,0.0,0.0,0.81,100600.0,25.0,0.39,0.0,27.3,0.312,0,0,0,1.0,27.097718873632004,88.94364527253883,0.02301724399252498,30.657037739080277,0.21236704250051971,0.0,0.396462196456842,0.0,0.0012590289000872464,1.0343338310361538e-07,0.38498174383036865,0.0,0.0,1.1672414810406433,lhs_candidate_000009_june2024_preflight,pa1_candidate_000009
2024-06-24T03:00,27.0,89.0,0.0,0.0,0.0,0.85,100560.0,25.0,0.41,0.0,27.3,0.31,0,0,0,1.0,27.05363925167742,89.04833487855086,0.022988228631446134,30.553371771461105,0.21234855681536907,0.0,0.39169454060419495,0.0,0.0012826008811839126,1.021592558962176e-07,0.3848676346627721,0.0,0.0,1.1669486898454577,lhs_candidate_000009_june2024_preflight,pa1_candidate_000009
2024-06-24T04:00,27.0,89.0,0.0,0.0,0.0,0.98,100570.0,24.9,0.41,0.0,27.2,0.308,0,0,0,1.0,27.047259993259306,89.04455156283792,0.022979142083780768,30.45225943410158,0.21233018002818943,0.0,0.3916832934004013,0.0,0.0014635420039040329,1.021262126338847e-07,0.38475419770487307,0.0,0.0,1.1670895352470496,lhs_candidate_000009_june2024_preflight,pa1_candidate_000009
2024-06-24T05:00,26.9,89.0,0.0,0.0,0.0,0.92,100600.0,25.0,0.39,0.0,27.1,0.307,0,0,0,1.0,26.98617974485834,88.94987798265404,0.022877266489277952,30.3534482741848,0.21231173352737975,0.0,0.3936551194762248,0.0,0.0014038144412731257,1.0260996385664295e-07,0.38464033041592444,0.0,0.0,1.1676752611266508,lhs_candidate_000009_june2024_preflight,pa1_candidate_000009
2024-06-24T06:00,27.0,89.0,12.0,1.0,11.0,0.72,100620.0,25.0,0.39,0.01,27.1,0.305,1,0,0,1.0,27.037896679119008,89.55918353270754,0.02309998199362382,30.25957269538,0.21227577915470816,1443.0064,0.37307904857621654,10.2,0.0010859341774872005,2.9647999549409634e-07,0.38441838984387755,0.0,0.0,1.167706194046199,lhs_candidate_000009_june2024_preflight,pa1_candidate_000009
2024-06-24T07:00,27.4,89.0,119.0,31.0,88.0,0.91,100700.0,25.4,0.4,0.08,27.9,0.303,0,0,0,1.0,27.572002530409947,92.96798075055335,0.024696758943125438,30.20137596800226,0.2190782342686978,13568.0512,0.2592528417251594,101.14999999999999,0.0014459786734184288,2.2670745894686395e-06,0.42640885351048025,0.0,0.0,1.1665590161981307,lhs_candidate_000009_june2024_preflight,pa1_candidate_000009
2024-06-24T08:00,28.1,85.0,193.0,40.0,153.0,0.91,100750.0,25.4,0.56,0.15,28.1,0.301,0,0,0,1.0,28.454487279799654,91.39760929719777,0.02548485485966424,30.202693627297837,0.21854830622890925,22366.907199999998,0.3338689229105545,164.04999999999998,0.0015583005208167715,3.6238130185708455e-06,0.4231376927710448,0.0,0.0,1.1637232332599032,lhs_candidate_000009_june2024_preflight,pa1_candidate_000009
2024-06-24T09:00,28.7,84.0,245.0,30.0,215.0,0.85,100780.0,25.6,0.64,0.19,28.9,0.299,0,0,0,1.0,29.312539212469282,90.21109177286017,0.026358908225304317,30.25302338345511,0.2178124722378837,29124.215999999997,0.3992501015066159,208.25,0.001636382882384029,4.543825736019479e-06,0.41859550764125736,0.0,0.0,1.1607674174337288,lhs_candidate_000009_june2024_preflight,pa1_candidate_000009
2024-06-24T10:00,29.0,81.0,262.0,37.0,225.0,0.63,100780.0,25.4,0.75,0.21,29.3,0.297,0,0,0,1.0,29.857381760479072,87.64037916461585,0.02637572980547605,30.33401696842515,0.2169691104444973,30972.04,0.5201520319023594,222.7,0.0015592610778368719,4.824789325161723e-06,0.41338957064504506,0.0,0.0,1.158680222482613,lhs_candidate_000009_june2024_preflight,pa1_candidate_000009
2024-06-24T11:00,30.3,72.0,529.0,126.0,403.0,0.36,100690.0,24.7,1.19,0.4,30.7,0.293,0,1,0,1.0,31.395220742035715,77.9293201438044,0.025476031881028132,30.497319028365258,0.21567187436345175,60730.5072,1.0140750585415623,449.65,0.0029016537369697653,9.543019972266433e-06,0.4053819405151343,0.0,0.0,1.1517998063799617,lhs_candidate_000009_june2024_preflight,pa1_candidate_000009
2024-06-24T12:00,31.3,67.0,736.0,433.0,303.0,0.51,100630.0,24.5,1.5,0.56,31.9,0.289,0,1,0,1.0,33.29007570059479,70.65779069845978,0.025543610527115332,30.805829605090516,0.21364762068818005,75428.2672,1.5001417803743138,625.6,0.0034354149047720684,1.2891754520298218e-05,0.3928865474579016,0.0,0.0,1.1439956169728052,lhs_candidate_000009_june2024_preflight,pa1_candidate_000009
2024-06-24T13:00,31.9,65.0,689.0,411.0,278.0,0.45,100580.0,24.4,1.66,0.53,32.5,0.285,0,1,0,1.0,34.245341407692315,66.17578818512173,0.025154090526556715,31.17565312971136,0.21142936415364302,70412.7072,1.8239216103228655,585.65,0.0035568745190373632,1.175570859870203e-05,0.3791936058866853,0.0,0.0,1.1398738711516134,lhs_candidate_000009_june2024_preflight,pa1_candidate_000009
2024-06-24T14:00,31.5,67.0,385.0,152.0,233.0,0.42,100480.0,24.5,1.54,0.31,32.3,0.285,0,1,0,1.0,33.51823460750178,65.70794971096672,0.02404132205321125,31.459080332476443,0.20978318814378044,42077.4992,1.7757195680195998,327.25,0.003403316386948299,6.582032179550659e-06,0.36903202557889164,0.0,0.0,1.1414405110085746,lhs_candidate_000009_june2024_preflight,pa1_candidate_000009
2024-06-24T15:00,30.7,73.0,481.0,224.0,257.0,0.85,100440.0,25.3,1.19,0.37,32.0,0.309,0,1,0,1.0,32.75306203103618,71.27423070833763,0.025045907693353367,31.665946042558403,0.2084834320721835,51369.8768,1.4250543720652091,408.84999999999997,0.0036907778664574294,7.850371042881632e-06,0.36100883995175004,0.0,0.0,1.1438401288033995,lhs_candidate_000009_june2024_preflight,pa1_candidate_000009
2024-06-24T16:00,30.2,76.0,322.0,144.0,178.0,0.5,100450.0,25.4,1.05,0.24,31.2,0.31,0,1,0,1.0,31.897080540194988,74.1600301786102,0.024902018957716224,31.836047269071113,0.2073097927271179,34598.4672,1.2215049800920261,273.7,0.003298360180654326,5.214012015954986e-06,0.35376415263653016,0.0,0.0,1.14716401937573,lhs_candidate_000009_june2024_preflight,pa1_candidate_000009
2024-06-24T17:00,28.9,85.0,112.0,34.0,78.0,0.22,100470.0,26.2,0.59,0.09,30.4,0.332,0,1,0,1.0,30.22340068413676,81.20130322413372,0.0249260684959197,31.889589437747418,0.20667201388197098,12600.2272,0.8079188344180022,95.2,0.0029836370461301534,1.8841950845802985e-06,0.3498272461850061,0.0,0.0,1.1537224703774058,lhs_candidate_000009_june2024_preflight,pa1_candidate_000009
2024-06-24T18:00,28.5,89.0,46.0,9.0,37.0,0.2,100470.0,26.5,0.44,0.03,29.6,0.336,1,0,0,1.0,29.092389581016953,88.71699403334945,0.0256137804400899,31.843568165445554,0.20643230119658013,5349.748799999999,0.4543795336550964,39.1,0.0010870583023947517,7.995236361394212e-07,0.34834753825049464,0.0,0.0,1.158039776516113,lhs_candidate_000009_june2024_preflight,pa1_candidate_000009
2024-06-24T19:00,28.7,83.0,0.0,0.0,0.0,0.36,100540.0,25.6,0.66,0.01,29.1,0.333,0,0,0,1.0,28.776855396168706,86.13553160835626,0.02444442309903453,31.757771974310803,0.21337642418282668,0.0,0.5482442997217194,0.0,0.0006477063015282639,1.4534686000066138e-07,0.39121249495572025,0.0,0.0,1.160057686088341,lhs_candidate_000009_june2024_preflight,pa1_candidate_000009
2024-06-24T20:00,28.5,84.0,0.0,0.0,0.0,0.28,100620.0,25.5,0.62,0.0,28.6,0.33,0,0,0,1.0,28.624204869374235,84.51540219506303,0.02378554755476681,31.66017701619562,0.21334790616815763,0.0,0.6069194284671195,0.0,0.0006307536342201835,1.608300148974873e-07,0.39103645782813357,0.0,0.0,1.1615680222954723,lhs_candidate_000009_june2024_preflight,pa1_candidate_000009
2024-06-24T21:00,27.8,89.0,0.0,0.0,0.0,0.71,100640.0,25.9,0.4,0.0,28.3,0.327,0,0,0,1.0,28.13684230967081,87.4530405264321,0.0239643365176792,31.558629874404016,0.2133213955385383,0.0,0.4780582996117144,0.0,0.001305118378123458,1.2662957152192558e-07,0.3908728119662858,0.0,0.0,1.1636782340541951,lhs_candidate_000009_june2024_preflight,pa1_candidate_000009
2024-06-24T22:00,27.2,92.0,0.0,0.0,0.0,0.7,100700.0,25.8,0.29,0.0,28.0,0.325,0,0,0,1.0,27.528013104015095,90.63908175982199,0.024019803169676456,31.446502227865995,0.21330200584213665,0.0,0.34422766923903136,0.0,0.0012876425511956573,9.11521769427434e-08,0.3907531224823251,0.0,0.0,1.1667296846864865,lhs_candidate_000009_june2024_preflight,pa1_candidate_000009
2024-06-24T23:00,26.9,93.0,0.0,0.0,0.0,0.54,100730.0,25.7,0.24,0.0,27.7,0.322,0,0,0,1.0,27.112869514718607,92.32081054588758,0.023911223848458344,31.325424535357882,0.21328748103315923,0.0,0.2756074257602825,0.0,0.0010100018552721365,7.296465312484649e-08,0.39066346316764955,0.0,0.0,1.168690872092553,lhs_candidate_000009_june2024_preflight,pa1_candidate_000009
2024-06-25T00:00,26.9,94.0,0.0,0.0,0.0,0.81,100740.0,25.8,0.22,0.0,27.6,0.32,0,0,0,1.0,26.97922109568698,93.57835421787685,0.024058410172431058,31.201489457853015,0.21327551167803474,0.0,0.22867456137507736,0.0,0.0012452937549582027,6.052813850433603e-08,0.3905895782594737,0.0,0.0,1.169327367343105,lhs_candidate_000009_june2024_preflight,pa1_candidate_000009
2024-06-25T01:00,26.8,94.0,0.0,0.0,0.0,0.6,100730.0,25.7,0.22,0.0,27.5,0.319,0,0,0,1.0,26.90459050114416,93.80234875917868,0.02401656554225877,31.079338459428502,0.2132649308001956,0.0,0.21973351505804795,0.0,0.0009822625966062586,5.8151796721782316e-08,0.39052426419873826,0.0,0.0,1.169502103747454,lhs_candidate_000009_june2024_preflight,pa1_candidate_000009
2024-06-25T02:00,26.1,98.0,0.0,0.0,0.0,0.85,100640.0,25.7,0.08,0.0,27.5,0.348,0,0,0,1.0,26.45342049438218,96.17021136059726,0.0240141924370605,30.955484150341974,0.21325611131459277,0.0,0.13222716760890751,0.0,0.001484878269531561,3.4988633598838836e-08,0.390469822929585,0.0,0.0,1.1702167486077035,lhs_candidate_000009_june2024_preflight,pa1_candidate_000009
2024-06-25T03:00,25.9,97.0,0.0,0.0,0.0,0.73,100620.0,25.4,0.1,0.0,27.4,0.353,0,0,0,1.0,26.08415757265028,96.54161712629752,0.023616574558918916,30.824124128025097,0.21325063757879426,0.0,0.11683105024901685,0.0,0.0012181330905187144,3.091199152452571e-08,0.3904360344370016,0.0,0.0,1.1714279852720462,lhs_candidate_000009_june2024_preflight,pa1_candidate_000009
2024-06-25T04:00,25.7,97.0,0.0,0.0,0.0,0.92,100570.0,25.2,0.11,0.0,27.3,0.359,0,0,0,1.0,25.86614260693539,96.40235676107885,0.023297451446910835,30.690401659821624,0.21324494058647497,0.0,0.11997898906824123,0.0,0.0014563157045593684,3.1742036335299626e-08,0.3904008678177468,0.0,0.0,1.1716995530523058,lhs_candidate_000009_june2024_preflight,pa1_candidate_000009
2024-06-25T05:00,25.7,96.0,0.0,0.0,0.0,1.14,100660.0,25.1,0.12,0.0,27.2,0.361,0,0,0,1.0,25.782127702843553,95.8088524795095,0.023045634232102884,30.556808000059142,0.2132388843992508,0.0,0.13907858781384475,0.0,0.0017125927005684689,3.679156564649686e-08,0.3903634839459925,0.0,0.0,1.1730777068701188,lhs_candidate_000009_june2024_preflight,pa1_candidate_000009
2024-06-25T06:00,25.7,97.0,8.0,1.0,7.0,0.67,100650.0,25.2,0.11,0.01,27.2,0.359,1,0,0,1.0,25.79158281005644,96.76532185480873,0.023287998663567008,30.428247103735778,0.21322069049714187,950.2767999999999,0.10739931992331009,6.8,0.0010636502989721012,1.6327856651655998e-07,0.3902511759082832,0.0,0.0,1.1729240691210874,lhs_candidate_000009_june2024_preflight,pa1_candidate_000009
2024-06-25T07:00,27.4,87.0,106.0,30.0,76.0,0.57,100720.0,25.1,0.47,0.08,28.2,0.356,0,0,0,1.0,27.028093041597028,94.42470139866023,0.024341738703830856,30.338678646618643,0.22005817910233771,12001.8624,0.19910621108320425,90.1,0.0011780221177517735,2.038731638619441e-06,0.43245789569344273,0.0,0.0,1.1689048795614763,lhs_candidate_000009_june2024_preflight,pa1_candidate_000009
2024-06-25T08:00,27.8,83.0,222.0,86.0,136.0,0.41,100740.0,24.7,0.63,0.16,28.0,0.352,0,0,0,1.0,28.27602637053474,94.09976926338342,0.025983196012262944,30.333324018069824,0.2194984975339725,24320.806399999998,0.22663420689444091,188.7,0.0011147728410679906,4.180343316154297e-06,0.4290030711973611,0.0,0.0,1.1642966474804137,lhs_candidate_000009_june2024_preflight,pa1_candidate_000009
2024-06-25T09:00,28.6,79.0,319.0,143.0,176.0,0.28,100720.0,24.5,0.84,0.24,28.7,0.347,0,0,0,1.0,29.362146670544607,91.45592188734958,0.02679476588028257,30.40112237218384,0.2185872957298997,34264.102399999996,0.34947641166776044,271.15,0.001255658075803404,5.934966247343268e-06,0.42337836870308465,0.0,0.0,1.1598861121960575,lhs_candidate_000009_june2024_preflight,pa1_candidate_000009
2024-06-25T10:00,28.9,76.0,335.0,68.0,267.0,0.5,100700.0,24.3,0.93,0.26,29.8,0.343,0,1,0,1.0,30.02484093934508,81.4538065093162,0.024736881345938537,30.514141791407486,0.217493051320221,38873.7008,0.7880489803968596,284.75,0.003004338818380124,6.252083885906966e-06,0.4166237735816112,0.0,0.0,1.1571209614032316,lhs_candidate_000009_june2024_preflight,pa1_candidate_000009
2024-06-25T11:00,29.6,73.0,543.0,154.0,389.0,1.3,100670.0,24.2,1.14,0.41,30.5,0.338,0,1,0,1.0,31.044132870990975,75.40621062508482,0.024192044872616073,30.69093286016847,0.2160370774450207,61469.9536,1.1076777972877867,461.55,0.0038927561178602934,9.868493170965574e-06,0.4076362805248192,0.0,0.0,1.1529001190847399,lhs_candidate_000009_june2024_preflight,pa1_candidate_000009
2024-06-25T12:00,30.2,69.0,588.0,244.0,344.0,2.33,100600.0,24.0,1.31,0.45,31.2,0.332,0,1,0,1.0,31.987492024658724,68.75407200570547,0.023198193922046844,30.94486389250942,0.21420555027743365,63846.745599999995,1.4846239257518414,499.8,0.0052471915086005575,1.046652666904342e-05,0.396330557268109,0.0,0.0,1.1485366473052465,lhs_candidate_000009_june2024_preflight,pa1_candidate_000009
2024-06-25T13:00,31.1,66.0,871.0,682.0,189.0,2.0,100610.0,24.0,1.54,0.65,32.4,0.326,0,1,0,1.0,33.49886823645875,66.10390359365263,0.024161559565083948,31.291080944938845,0.21192155467789311,83297.4736,1.7533176906081227,740.35,0.004984654562194474,1.4836975532701486e-05,0.3822318189993402,0.0,0.0,1.1429894759084858,lhs_candidate_000009_june2024_preflight,pa1_candidate_000009
2024-06-25T14:00,29.9,72.0,352.0,107.0,245.0,1.43,100560.0,24.2,1.2,0.28,31.7,0.322,0,1,0,1.0,32.29143317134231,67.59534559576952,0.023178836411739824,31.586269231980314,0.21005147231211577,39595.688,1.566325021990843,299.2,0.0043472708682478645,6.030497456667942e-06,0.37068810069207264,0.0,0.0,1.1469375319328876,lhs_candidate_000009_june2024_preflight,pa1_candidate_000009
2024-06-25T15:00,29.9,71.0,299.0,206.0,93.0,0.85,100580.0,24.1,1.22,0.24,31.3,0.318,0,1,0,1.0,31.222024103375972,70.78294830382198,0.022926311031454642,31.70663001504238,0.20905792474514615,29583.9632,1.3292857787818146,254.15,0.00338246005743815,5.0374484711391815e-06,0.3645550910194207,0.0,0.0,1.1511962008221626,lhs_candidate_000009_june2024_preflight,pa1_candidate_000009
2024-06-25T16:00,30.0,71.0,370.0,253.0,117.0,0.22,100550.0,24.1,1.23,0.27,31.3,0.314,0,1,0,1.0,31.32229104114348,72.2039070929195,0.023512415483157537,31.81927243988335,0.20806083811935758,36676.3408,1.271861390757667,314.5,0.0029802336589200016,6.03777695976422e-06,0.3584002353046764,0.0,0.0,1.150473841732486,lhs_candidate_000009_june2024_preflight,pa1_candidate_000009
2024-06-25T17:00,29.6,74.0,195.0,106.0,89.0,0.4,100560.0,24.4,1.09,0.14,30.8,0.311,0,1,0,1.0,30.786185559151285,72.99310423819495,0.02309585182361502,31.90333453074954,0.2072246537368296,20291.2336,1.198618380474893,165.75,0.002977877611735378,3.2627111919797776e-06,0.353238603313763,0.0,0.0,1.1526177538455833,lhs_candidate_000009_june2024_preflight,pa1_candidate_000009
2024-06-25T18:00,29.2,77.0,76.0,49.0,27.0,0.14,100560.0,24.8,0.92,0.05,30.2,0.309,1,0,0,1.0,29.90929247676656,76.81052091044513,0.023181460012794593,31.90004376231208,0.20680653055536588,7637.924799999999,0.978837002095466,64.6,0.0011622592300933744,1.3839209197682032e-06,0.35065759602077706,0.0,0.0,1.155952819161419,lhs_candidate_000009_june2024_preflight,pa1_candidate_000009
2024-06-25T19:00,29.1,75.0,1.0,0.0,1.0,0.82,100600.0,24.3,0.99,0.0,29.6,0.308,0,0,0,1.0,29.33346246934755,76.02471420043285,0.022239042523062188,31.835973577275087,0.21368057272890068,123.18239999999999,0.9790354624479978,0.85,0.001367349988161839,2.7778303968083143e-07,0.39308995511667083,0.0,0.0,1.1586140584219453,lhs_candidate_000009_june2024_preflight,pa1_candidate_000009
2024-06-25T20:00,29.0,77.0,0.0,0.0,0.0,1.22,100680.0,24.5,0.92,0.01,29.1,0.306,0,0,0,1.0,29.088260149054555,76.89863407084928,0.022196671505805017,31.747360076440835,0.213632608394183,0.0,0.9300965524602116,0.0,0.0018293189900084133,2.4757771925832767e-07,0.39279387897643825,0.0,0.0,1.1604761388424407,lhs_candidate_000009_june2024_preflight,pa1_candidate_000009
2024-06-25T21:00,28.0,87.0,0.0,0.0,0.0,0.92,100700.0,25.5,0.51,0.0,28.6,0.305,0,0,0,1.0,28.442170750643747,84.4595544806429,0.02353441732691232,31.652667583825608,0.21359504927921116,0.0,0.6027120825630008,0.0,0.0016217466314271184,1.6033819981153011e-07,0.39256203258772326,0.0,0.0,1.1631932040804078,lhs_candidate_000009_june2024_preflight,pa1_candidate_000009
2024-06-25T22:00,27.7,89.0,0.0,0.0,0.0,1.12,100760.0,25.8,0.39,0.0,28.2,0.304,0,0,0,1.0,27.910337611771777,88.15638412326399,0.023858560945587824,31.544890682764084,0.21357084318443148,0.0,0.44534854707114624,0.0,0.0017531094521707911,1.1843002169494242e-07,0.3924126122495771,0.0,0.0,1.1659423125074113,lhs_candidate_000009_june2024_preflight,pa1_candidate_000009
2024-06-25T23:00,27.3,92.0,0.0,0.0,0.0,1.04,100790.0,26.0,0.28,0.0,27.9,0.302,0,0,0,1.0,27.53065985681325,90.89388430657772,0.02409084061370395,31.430721196941217,0.21355212065999724,0.0,0.33490964499192977,0.0,0.0016559395264266032,8.903515090831147e-08,0.3922970411110941,0.0,0.0,1.1677621627400356,lhs_candidate_000009_june2024_preflight,pa1_candidate_000009
2024-06-26T00:00,27.1,93.0,0.0,0.0,0.0,0.92,100800.0,26.0,0.24,0.0,27.8,0.302,0,0,0,1.0,27.25715983061523,92.39468780370595,0.024121913851446446,31.311967097614332,0.2135377428055481,0.0,0.2752731108778117,0.0,0.0014500666736794086,7.316432503661491e-08,0.39220828892313647,0.0,0.0,1.168941296149138,lhs_candidate_000009_june2024_preflight,pa1_candidate_000009
2024-06-26T01:00,27.1,94.0,0.0,0.0,0.0,0.91,100750.0,26.0,0.22,0.0,27.8,0.301,0,0,0,1.0,27.169497256029686,93.62417972740755,0.024324817740283316,31.19244516396889,0.21352571027907796,0.0,0.22958994766897067,0.0,0.0013785477317302152,6.101072641319686e-08,0.3921340140683825,0.0,0.0,1.168702506196996,lhs_candidate_000009_june2024_preflight,pa1_candidate_000009
2024-06-26T02:00,27.1,92.0,0.0,0.0,0.0,0.85,100710.0,25.6,0.29,0.0,27.5,0.299,0,0,0,1.0,27.15832939503441,92.31460054519187,0.023969773067493576,31.075538119873276,0.2135139102392755,0.0,0.27656617048250354,0.0,0.0012859878194910422,7.348043258692821e-08,0.3920611743165154,0.0,0.0,1.168281949635445,lhs_candidate_000009_june2024_preflight,pa1_candidate_000009
2024-06-26T03:00,27.1,90.0,0.0,0.0,0.0,0.95,100650.0,25.3,0.36,0.0,27.3,0.298,0,0,0,1.0,27.15438887019918,90.35386309934123,0.02345555267410582,30.961852852756557,0.21349901406500502,0.0,0.3470449673026512,0.0,0.0014252632270943106,9.218420829995055e-08,0.39196922262348777,0.0,0.0,1.1676012430528462,lhs_candidate_000009_june2024_preflight,pa1_candidate_000009
2024-06-26T04:00,27.0,90.0,0.0,0.0,0.0,1.12,100670.0,25.1,0.37,0.0,27.0,0.297,0,0,0,1.0,27.09233990976469,89.84875596857805,0.023244558097983335,30.85083346331301,0.2134818061375249,0.0,0.3638916879282039,0.0,0.0016895742185271004,9.663294318124399e-08,0.3918630008489192,0.0,0.0,1.1680746030598024,lhs_candidate_000009_june2024_preflight,pa1_candidate_000009
2024-06-26T05:00,27.8,85.0,0.0,0.0,0.0,0.91,100650.0,25.0,0.58,0.0,26.9,0.296,0,0,0,1.0,27.52716689431893,86.79619536850305,0.02300034674860071,30.745792204309076,0.2134621577368924,0.0,0.4855175570573049,0.0,0.0015094532689757416,1.2889129011276685e-07,0.39174171442526173,0.0,0.0,1.1661536569629518,lhs_candidate_000009_june2024_preflight,pa1_candidate_000009
2024-06-26T06:00,27.9,85.0,16.0,5.0,11.0,1.0,100750.0,25.0,0.58,0.02,27.0,0.295,1,0,0,1.0,27.899066941465918,85.83843206209006,0.02321685043170613,30.65889781210612,0.21341292285807814,1795.0064,0.5321595477380514,13.6,0.0014629873141772294,4.1173513559040525e-07,0.39143779542023543,0.0,0.0,1.1658702439067414,lhs_candidate_000009_june2024_preflight,pa1_candidate_000009
2024-06-26T07:00,28.1,84.0,98.0,44.0,54.0,0.98,100790.0,25.2,0.6,0.08,28.4,0.294,0,0,0,1.0,28.292908320626474,87.1786951776937,0.024094395518647126,30.604177331814522,0.22022982108097616,10523.849599999998,0.49296339587586324,83.3,0.0015530010852464076,1.9802276205408466e-06,0.4335174140800998,0.0,0.0,1.1648092821444804,lhs_candidate_000009_june2024_preflight,pa1_candidate_000009
2024-06-26T08:00,28.9,78.0,275.0,180.0,95.0,0.58,100870.0,24.6,0.89,0.2,29.2,0.292,0,0,0,1.0,29.37588008887826,88.72471380190848,0.026013976817346882,30.62547788137188,0.21957924172570986,27542.327999999998,0.46155552546373446,233.75,0.0012645802407516811,5.236997597345803e-06,0.4295014921340115,0.0,0.0,1.1615607717143237,lhs_candidate_000009_june2024_preflight,pa1_candidate_000009
2024-06-26T09:00,29.5,73.0,424.0,233.0,191.0,0.76,100870.0,24.2,1.1,0.32,30.1,0.29,0,1,0,1.0,30.59376113262995,76.9265423906447,0.024089885338914915,30.74824107699935,0.21838535497402217,44031.83839999999,1.0128619847758489,360.4,0.003191435833258742,8.02212153771311e-06,0.4221318208272974,0.0,0.0,1.1569034156594658,lhs_candidate_000009_june2024_preflight,pa1_candidate_000009
2024-06-26T10:00,29.9,74.0,513.0,315.0,198.0,1.41,100860.0,24.7,1.1,0.39,30.8,0.288,0,1,0,1.0,31.46467086537533,75.0061063983161,0.02461161663091233,30.94530746029803,0.2168094877657433,52110.11519999999,1.152922083858098,436.05,0.004058066819075626,9.462071085566402e-06,0.4124042454675512,0.0,0.0,1.1534814019463038,lhs_candidate_000009_june2024_preflight,pa1_candidate_000009
2024-06-26T11:00,30.1,75.0,634.0,380.0,254.0,1.61,100800.0,25.1,1.08,0.47,31.4,0.285,0,1,0,1.0,32.14344526757021,74.58139999156961,0.0253740531575713,31.20138062483891,0.21493730878791958,64728.3296,1.2184287172250983,538.9,0.004436332304736935,1.131009726115036e-05,0.40084758511061475,0.0,0.0,1.150232146245763,lhs_candidate_000009_june2024_preflight,pa1_candidate_000009
2024-06-26T12:00,30.7,74.0,806.0,526.0,280.0,1.26,100780.0,25.5,1.15,0.6,32.2,0.281,0,1,0,1.0,33.18057627020016,73.79161851432185,0.026522941074610545,31.53484018549501,0.2126717161066881,80779.072,1.3317321956530654,685.1,0.004203862821278288,1.3819848094580985e-05,0.38686244510301304,0.0,0.0,1.1461104039527112,lhs_candidate_000009_june2024_preflight,pa1_candidate_000009
2024-06-26T13:00,30.3,76.0,674.0,349.0,325.0,1.5,100760.0,25.6,1.04,0.5,32.3,0.278,0,1,0,1.0,33.08873836757623,72.49157056984609,0.025929694775575465,31.882534458709255,0.2104209483431936,70746.28,1.390616964766744,572.9,0.004536082918169772,1.1211518463628729e-05,0.3729688169332939,0.0,0.0,1.1462265946838035,lhs_candidate_000009_june2024_preflight,pa1_candidate_000009
2024-06-26T14:00,30.3,72.0,576.0,276.0,300.0,1.55,100650.0,24.6,1.22,0.44,32.3,0.275,0,1,0,1.0,32.62016229089914,69.90260738787622,0.024391658870456367,32.158035514401355,0.20857226889961342,61242.72,1.481984443656787,489.59999999999997,0.00445184892299853,9.360127576966791e-06,0.3615572154297125,0.0,0.0,1.146729867662781,lhs_candidate_000009_june2024_preflight,pa1_candidate_000009
2024-06-26T15:00,30.0,71.0,400.0,188.0,212.0,1.22,100690.0,24.1,1.24,0.31,31.9,0.278,0,1,0,1.0,31.90774948979104,69.14527326040698,0.023231325613273193,32.35154789173982,0.20715235079100738,42658.66879999999,1.4594424243934099,340.0,0.003973584096909625,6.445384073535612e-06,0.35279228883337893,0.0,0.0,1.1498646629082219,lhs_candidate_000009_june2024_preflight,pa1_candidate_000009
2024-06-26T16:00,28.8,82.0,297.0,146.0,151.0,1.2,100680.0,25.5,0.7,0.22,31.1,0.295,0,1,0,1.0,30.606476079067956,77.89684253082241,0.024410434448980365,32.453651153876784,0.20615208237253455,31448.542399999995,0.9709731563677018,252.45,0.003919829780066881,4.675475712512123e-06,0.3466177924230528,0.0,0.0,1.1546759222244012,lhs_candidate_000009_june2024_preflight,pa1_candidate_000009
2024-06-26T17:00,28.0,83.0,198.0,87.0,111.0,0.54,100750.0,24.9,0.63,0.14,30.2,0.327,0,0,0,1.0,29.38008504257221,83.29787675198352,0.02442841402635042,32.47636022117363,0.20545478335201112,21329.2464,0.6838696015901098,168.29999999999998,0.0017818200086747375,3.0867566507255006e-06,0.3423134774815501,0.0,0.0,1.160162795225979,lhs_candidate_000009_june2024_preflight,pa1_candidate_000009
2024-06-26T18:00,27.1,90.0,57.0,23.0,34.0,0.32,100800.0,25.3,0.37,0.04,29.3,0.332,1,0,0,1.0,28.05168895819953,88.19438474966859,0.024054838068349797,32.41604505380955,0.20509279165169841,6212.201599999999,0.4475888263449961,48.449999999999996,0.0014092809635042676,9.405918846437298e-07,0.3400789608129532,0.0,0.0,1.1658577878479763,lhs_candidate_000009_june2024_preflight,pa1_candidate_000009
2024-06-26T19:00,26.4,98.0,1.0,0.0,1.0,0.45,100830.0,26.0,0.08,0.0,28.8,0.334,0,0,0,1.0,26.930559433412828,95.11904443595556,0.024388728207437906,32.28362049206663,0.21202872850072027,123.18239999999999,0.1733149775263385,0.85,0.0011924264131034901,6.151259869947856e-08,0.3828933858069153,0.0,0.0,1.1705618213231412,lhs_candidate_000009_june2024_preflight,pa1_candidate_000009
2024-06-26T20:00,26.6,91.0,0.0,0.0,0.0,0.3,100900.0,24.9,0.32,0.0,28.3,0.331,0,0,0,1.0,26.654669716540752,93.2149375331276,0.023537820844240002,32.1251873719343,0.21201886799740435,0.0,0.23705258134604712,0.0,0.0005426386508866636,6.14996042475015e-08,0.38283251850249606,0.0,0.0,1.17245240536479,lhs_candidate_000009_june2024_preflight,pa1_candidate_000009
2024-06-26T21:00,26.7,89.0,0.0,0.0,0.0,0.67,100910.0,24.7,0.38,0.0,27.9,0.329,0,0,0,1.0,26.73437500184046,89.76657297777717,0.022767505132476298,31.970618868187298,0.212004695917123,0.0,0.35920918910724575,0.0,0.0010119902097398571,9.316994030776705e-08,0.3827450365254507,0.0,0.0,1.172256951643394,lhs_candidate_000009_june2024_preflight,pa1_candidate_000009
2024-06-26T22:00,26.9,88.0,0.0,0.0,0.0,0.95,100960.0,24.6,0.44,0.0,27.6,0.327,0,0,0,1.0,26.88599895389121,88.39064008572396,0.02260769630591548,31.823052438294905,0.21198654977824924,0.0,0.4111529190064305,0.0,0.0013986361477550755,1.0661164364582428e-07,0.3826330233225262,0.0,0.0,1.1722450978995014,lhs_candidate_000009_june2024_preflight,pa1_candidate_000009
2024-06-26T23:00,26.9,88.0,0.0,0.0,0.0,0.73,100980.0,24.7,0.43,0.0,27.4,0.325,0,0,0,1.0,26.958051374704564,88.08029448825103,0.02261837528993844,31.682759256360317,0.21196692807176168,0.0,0.4239332942532279,0.0,0.0011170679394377635,1.0989078866238e-07,0.38251190167754123,0.0,0.0,1.1721958195670885,lhs_candidate_000009_june2024_preflight,pa1_candidate_000009
2024-06-27T00:00,26.2,91.0,0.0,0.0,0.0,1.0,100960.0,24.6,0.3,0.0,27.1,0.323,0,0,0,1.0,26.550231590303696,89.57472699146666,0.02248788231009403,31.543451560291217,0.21194822617291037,0.0,0.3620005973655611,0.0,0.0016709759681212872,9.380844990433157e-08,0.38239645785747145,0.0,0.0,1.17355841569012,lhs_candidate_000009_june2024_preflight,pa1_candidate_000009
2024-06-27T01:00,27.2,86.0,0.0,0.0,0.0,0.81,100960.0,24.6,0.5,0.0,27.0,0.323,0,0,0,1.0,26.89306846019185,87.79931598060706,0.022465247365797712,31.403793270425236,0.21193067539053342,0.0,0.4322744389313482,0.0,0.0014054325311718225,1.1198740193027091e-07,0.38228811969465076,0.0,0.0,1.1722174778843215,lhs_candidate_000009_june2024_preflight,pa1_candidate_000009
2024-06-27T02:00,27.1,87.0,0.0,0.0,0.0,0.67,100920.0,24.8,0.46,0.0,26.9,0.322,0,0,0,1.0,27.156837308060886,87.03571514024983,0.022597230527472777,31.27908637177855,0.21190909647585976,0.0,0.4664909305378946,0.0,0.0010324078263232366,1.208096059291918e-07,0.3821549165176529,0.0,0.0,1.1707238622105536,lhs_candidate_000009_june2024_preflight,pa1_candidate_000009
2024-06-27T03:00,27.0,88.0,0.0,0.0,0.0,0.5,100880.0,24.7,0.44,0.0,26.8,0.321,0,0,0,1.0,27.09745748944251,87.8688301832407,0.022738769778226052,31.15902597347397,0.2118880260870509,0.0,0.4349965835687013,0.0,0.000846275484862634,1.1261500862047625e-07,0.38202485238920314,0.0,0.0,1.1704912834718586,lhs_candidate_000009_june2024_preflight,pa1_candidate_000009
2024-06-27T04:00,27.0,87.0,0.0,0.0,0.0,0.54,100880.0,24.7,0.45,0.0,26.6,0.319,0,0,0,1.0,27.060485242781127,87.52029917984873,0.0226023162602825,31.0410222758209,0.21186772178148794,0.0,0.4465251136532964,0.0,0.000858075832433314,1.1556167039429167e-07,0.3818995171696787,0.0,0.0,1.1706354346410375,lhs_candidate_000009_june2024_preflight,pa1_candidate_000009
2024-06-27T05:00,24.7,96.0,0.0,0.0,0.0,1.0,100920.0,24.1,0.11,0.0,26.4,0.318,0,0,0,1.0,25.68955311453662,91.43438634375656,0.021879917181831708,30.913886590213558,0.211849598434424,0.0,0.2826860549418071,0.0,0.0019976255315043933,7.313833452238543e-08,0.38178764465693826,0.0,0.0,1.1764720458097466,lhs_candidate_000009_june2024_preflight,pa1_candidate_000009
2024-06-27T06:00,25.0,97.0,18.0,9.0,9.0,0.81,100930.0,24.5,0.09,0.0,26.6,0.316,1,0,0,1.0,25.107604208642087,96.77736649117455,0.02241546379338893,30.764633584785063,0.2118147814883845,1900.6415999999997,0.10274201482670797,15.299999999999999,0.0012668482137437413,3.232884768129933e-07,0.3815727252369414,0.0,0.0,1.1788843355422107,lhs_candidate_000009_june2024_preflight,pa1_candidate_000009
2024-06-27T07:00,27.3,89.0,160.0,107.0,53.0,0.5,100990.0,25.3,0.4,0.1,28.5,0.315,0,0,0,1.0,26.839719167524223,98.11251265924433,0.025030011132473405,30.668778871694965,0.2185541582823995,15944.667199999998,0.06666513592893519,136.0,0.0011801458660480788,2.9441978901068857e-06,0.42317381655802155,7.225329789938144e-07,0.0,1.1727743249086913,lhs_candidate_000009_june2024_preflight,pa1_candidate_000009
2024-06-27T08:00,28.4,85.0,390.0,303.0,87.0,0.2,101030.0,25.6,0.59,0.27,28.6,0.313,0,0,0,1.0,29.05348776311258,100.0,0.028810245477271935,30.710224193456554,0.21765446416551307,37380.8688,0.0,331.5,0.0011379397530573323,7.036311410716789e-06,0.41762014916983375,4.808506422041003e-09,0.0,1.164644364388277,lhs_candidate_000009_june2024_preflight,pa1_candidate_000009
2024-06-27T09:00,29.4,75.0,546.0,417.0,129.0,0.7,101070.0,24.5,1.02,0.4,29.4,0.31,0,1,0,1.0,30.787203294836942,79.50888447415986,0.025158894868075744,30.883033397663972,0.21613237267141938,52586.5296,0.9094882030242584,464.09999999999997,0.0032863896968500367,9.880814180777816e-06,0.4082245226630826,0.0,0.0,1.1584594898235723,lhs_candidate_000009_june2024_preflight,pa1_candidate_000009
2024-06-27T10:00,29.9,72.0,731.0,578.0,153.0,1.1,101060.0,24.4,1.17,0.53,31.0,0.306,0,1,0,1.0,32.109976006241965,73.50166000649169,0.024962234643430958,31.162623457841907,0.21408307931757076,69710.9072,1.2677877552202315,621.35,0.003965059502108804,1.2832222078976265e-05,0.3955745636887084,0.0,0.0,1.1533254537232676,lhs_candidate_000009_june2024_preflight,pa1_candidate_000009
2024-06-27T11:00,30.6,69.0,846.0,644.0,202.0,1.24,100970.0,24.3,1.36,0.63,31.9,0.302,0,1,0,1.0,33.26964338507527,69.19070650927758,0.024986316985246858,31.529786977387992,0.2116369615696131,81554.84479999999,1.57334704049478,719.1,0.004245619798385183,1.4311453820312088e-05,0.3804750714173648,0.0,0.0,1.1479373914074562,lhs_candidate_000009_june2024_preflight,pa1_candidate_000009
2024-06-27T12:00,30.9,68.0,776.0,575.0,201.0,1.58,100900.0,24.2,1.44,0.58,32.3,0.298,0,1,0,1.0,33.72277084925247,66.02961945427057,0.024420211805327968,31.916491190376018,0.2092078367049498,75359.6624,1.779266918792735,659.6,0.004626678813949325,1.2693186120677002e-05,0.36548047348734447,0.0,0.0,1.1454476888776424,lhs_candidate_000009_june2024_preflight,pa1_candidate_000009
2024-06-27T13:00,31.0,67.0,777.0,530.0,247.0,2.01,100830.0,24.2,1.46,0.58,32.6,0.294,0,1,0,1.0,33.835751509113116,64.16652277147635,0.023872379699716586,32.28140040640857,0.20696282301748367,77066.0528,1.8887135048759713,660.4499999999999,0.005104585807302812,1.2253162135551907e-05,0.3516223643054548,0.0,0.0,1.1442317582078898,lhs_candidate_000009_june2024_preflight,pa1_candidate_000009
2024-06-27T14:00,30.3,70.0,678.0,518.0,160.0,2.19,100770.0,24.3,1.28,0.5,32.5,0.291,0,1,0,1.0,33.211619809172454,65.35487251672069,0.02352901465820098,32.60943090519418,0.20493138350883863,65293.184,1.7634940334468467,576.3,0.005335053137687081,1.033716993747461e-05,0.33908261425209035,0.0,0.0,1.1458805564299603,lhs_candidate_000009_june2024_preflight,pa1_candidate_000009
2024-06-27T15:00,30.1,73.0,509.0,386.0,123.0,1.92,100720.0,24.7,1.17,0.38,32.2,0.289,0,1,0,1.0,32.373380456404604,69.11290677979439,0.02380255905196634,32.84856849246144,0.20332306960901478,49119.43519999999,1.4998840507482663,432.65,0.004859518888402093,7.572534213410121e-06,0.32915475067293076,0.0,0.0,1.1484542923347527,lhs_candidate_000009_june2024_preflight,pa1_candidate_000009
2024-06-27T16:00,29.9,75.0,421.0,304.0,117.0,1.35,100740.0,24.9,1.07,0.31,31.8,0.287,0,1,0,1.0,31.77891694751333,72.22999948582328,0.02410166951638957,33.00624205003835,0.20209127419018763,41164.3408,1.3039943801071292,357.84999999999997,0.004098825079042981,6.132467057905635e-06,0.3215510752480718,0.0,0.0,1.1509217147384039,lhs_candidate_000009_june2024_preflight,pa1_candidate_000009
2024-06-27T17:00,29.4,74.0,249.0,180.0,69.0,1.65,100690.0,24.3,1.05,0.19,31.1,0.289,0,1,0,1.0,30.859989111409533,71.36533134342665,0.022670504265943945,33.08475069193457,0.2012103579330756,24339.5856,1.276220202193719,211.65,0.004305777830679472,3.6738800975094897e-06,0.3161133205745407,0.0,0.0,1.1538276334600046,lhs_candidate_000009_june2024_preflight,pa1_candidate_000009
2024-06-27T18:00,28.6,80.0,58.0,28.0,30.0,1.34,100820.0,24.8,0.77,0.05,30.1,0.291,1,0,0,1.0,29.52382725320334,77.53879838198344,0.022917618071689985,33.05258093472922,0.20079178444535997,6159.472,0.927320735466171,49.3,0.00235522220155291,9.826348704480618e-07,0.3135295336133332,0.0,0.0,1.1604175103116328,lhs_candidate_000009_june2024_preflight,pa1_candidate_000009
2024-06-27T19:00,28.1,82.0,1.0,0.0,1.0,1.0,100890.0,24.8,0.67,0.0,29.3,0.292,0,0,0,1.0,28.51818599348125,80.82601039091882,0.02261578295025343,32.93693760092087,0.20771092002050767,123.18239999999999,0.7469201743786771,0.85,0.0017070086763468647,1.9570683346243313e-07,0.3562402470401708,0.0,0.0,1.1650942503428656,lhs_candidate_000009_june2024_preflight,pa1_candidate_000009
2024-06-27T20:00,28.0,82.0,0.0,0.0,0.0,0.85,100950.0,24.5,0.7,0.0,28.9,0.294,0,0,0,1.0,28.141839988101463,81.89631495218559,0.022447805825494018,32.79582504543158,0.20767864800911243,0.0,0.6899785618912881,0.0,0.0013447768486183924,1.6647708633432267e-07,0.3560410370932866,0.0,0.0,1.1672433340530564,lhs_candidate_000009_june2024_preflight,pa1_candidate_000009
2024-06-27T21:00,27.8,83.0,0.0,0.0,0.0,0.73,100970.0,24.6,0.63,0.0,28.5,0.293,0,0,0,1.0,27.95270970006822,82.76591059031949,0.022451888526493876,32.65317155483724,0.20764950267866852,0.0,0.6496449857146742,0.0,0.001193021880681945,1.566662517660585e-07,0.355861127646102,0.0,0.0,1.1682079063780229,lhs_candidate_000009_june2024_preflight,pa1_candidate_000009
2024-06-27T22:00,27.2,88.0,0.0,0.0,0.0,0.41,100980.0,25.0,0.44,0.0,28.2,0.292,0,0,0,1.0,27.52255874313169,86.39014408024514,0.02288693327741896,32.50806681311191,0.20762414456093514,0.0,0.5003137418992014,0.0,0.00097952751635226,1.206009475792236e-07,0.3557045960551552,0.0,0.0,1.1699950428146266,lhs_candidate_000009_june2024_preflight,pa1_candidate_000009
2024-06-27T23:00,27.2,87.0,0.0,0.0,0.0,0.32,101000.0,24.9,0.46,0.0,27.9,0.291,0,0,0,1.0,27.301991544279417,87.42168119034913,0.02288015459186024,32.3581845831502,0.20760398092377358,0.0,0.4564667950873309,0.0,0.0006394069449140939,1.0999311112406207e-07,0.3555801291590962,0.0,0.0,1.1710858553612666,lhs_candidate_000009_june2024_preflight,pa1_candidate_000009
2024-06-28T00:00,26.9,89.0,0.0,0.0,0.0,0.5,100960.0,24.8,0.4,0.0,27.5,0.29,0,0,0,1.0,27.099573489111737,88.34836121529958,0.02286553833122562,32.20897587562632,0.2075847607045932,0.0,0.41785350502560004,0.0,0.0009520448935002394,1.0065501389581768e-07,0.3554614858308222,0.0,0.0,1.171411252578627,lhs_candidate_000009_june2024_preflight,pa1_candidate_000009
2024-06-28T01:00,26.4,91.0,0.0,0.0,0.0,0.45,100940.0,24.8,0.3,0.0,27.3,0.29,0,0,0,1.0,26.69567203451154,90.00294687142434,0.022778511604179742,32.05704787372748,0.20756807895933618,0.0,0.350114505085918,0.0,0.0009922438889922683,8.431321273942012e-08,0.35535851209466784,0.0,0.0,1.1727568128908346,lhs_candidate_000009_june2024_preflight,pa1_candidate_000009
2024-06-28T02:00,26.3,90.0,0.0,0.0,0.0,0.45,100910.0,24.6,0.34,0.0,27.2,0.291,0,0,0,1.0,26.446479453416266,90.09804011732815,0.022489263517544707,31.90105203935906,0.20755338429151385,0.0,0.34173500155598635,0.0,0.0008405379685980793,8.227428683807472e-08,0.35526780426860405,0.0,0.0,1.173383425354311,lhs_candidate_000009_june2024_preflight,pa1_candidate_000009
2024-06-28T03:00,26.1,89.0,0.0,0.0,0.0,0.3,100890.0,24.1,0.39,0.0,27.0,0.299,0,0,0,1.0,26.270769286757123,89.3069143630984,0.022075017377145494,31.745329353686742,0.20753807141797367,0.0,0.3652352129151244,0.0,0.0007151513287291273,8.790867619041523e-08,0.3551732803578622,0.0,0.0,1.1738393093091029,lhs_candidate_000009_june2024_preflight,pa1_candidate_000009
2024-06-28T04:00,26.2,89.0,0.0,0.0,0.0,0.64,100940.0,24.2,0.38,0.0,27.0,0.298,0,0,0,1.0,26.24881465146081,89.06378574385367,0.0219880360686678,31.591276502360955,0.20752203091445265,0.0,0.3730560447969946,0.0,0.0009834398723139,8.976604475388743e-08,0.3550742649040287,0.0,0.0,1.1745071706568575,lhs_candidate_000009_june2024_preflight,pa1_candidate_000009
2024-06-28T05:00,26.3,89.0,0.0,0.0,0.0,0.41,100970.0,24.3,0.38,0.0,26.9,0.297,0,0,0,1.0,26.331650550748634,89.15315580829927,0.02211178561048415,31.442764517190962,0.2075058844113806,0.0,0.3718197198873403,0.0,0.0006469962589288622,8.9443442017369e-08,0.35497459513197904,0.0,0.0,1.1745312791504747,lhs_candidate_000009_june2024_preflight,pa1_candidate_000009
2024-06-28T06:00,26.2,91.0,16.0,7.0,9.0,0.5,101030.0,24.6,0.31,0.01,26.9,0.296,1,0,0,1.0,26.349862941529555,90.9780005831225,0.02258725354532187,31.303563555211703,0.20746879728225384,1724.6416,0.3095980144865953,13.6,0.0009024931125264992,3.196364240751869e-07,0.35474566223613485,0.0,0.0,1.1751577628952123,lhs_candidate_000009_june2024_preflight,pa1_candidate_000009
2024-06-28T07:00,27.7,87.0,146.0,91.0,55.0,0.71,101070.0,25.2,0.5,0.1,28.7,0.296,0,0,0,1.0,27.532939569053315,93.77543948435994,0.02485770089627229,31.211904549680973,0.21424250176505258,14783.032000000001,0.22896074847053471,124.1,0.001178472622442836,2.562792639120278e-06,0.39655865287069497,0.0,0.0,1.1709973900480606,lhs_candidate_000009_june2024_preflight,pa1_candidate_000009
2024-06-28T08:00,28.1,85.0,274.0,163.0,111.0,1.03,101100.0,25.2,0.59,0.2,28.6,0.298,0,0,0,1.0,28.786994982091155,90.63621149707494,0.025735908850290947,31.21374775900308,0.21358479287000007,28017.2464,0.3704907719779076,232.9,0.0018818431496809016,4.744637019267864e-06,0.3924987214197535,0.0,0.0,1.166479943596818,lhs_candidate_000009_june2024_preflight,pa1_candidate_000009
2024-06-28T09:00,28.7,84.0,479.0,326.0,153.0,1.44,101100.0,25.8,0.62,0.34,29.3,0.297,0,1,0,1.0,30.0144349077981,88.09671213527584,0.026739235772784652,31.317258243169118,0.2124256331581681,47534.9072,0.5054825687221034,407.15,0.004007949037264637,8.10611398264341e-06,0.3853434145565932,0.0,0.0,1.1617571466904375,lhs_candidate_000009_june2024_preflight,pa1_candidate_000009
2024-06-28T10:00,29.4,81.0,589.0,464.0,125.0,1.61,101040.0,25.9,0.76,0.43,30.2,0.296,0,1,0,1.0,31.153365558254993,80.61183016282008,0.02601399740610672,31.51674453486897,0.2108113879444248,56229.8,0.8786655267561021,500.65,0.004349625896533209,9.775295384453461e-06,0.3753789379285482,0.0,0.0,1.1567220934689044,lhs_candidate_000009_june2024_preflight,pa1_candidate_000009
2024-06-28T11:00,30.0,78.0,703.0,495.0,208.0,2.06,100970.0,25.8,0.92,0.51,31.0,0.293,0,1,0,1.0,32.19333204924765,76.00190206660203,0.025926003971495245,31.786099097812727,0.20890957793897263,69181.9392,1.1535809858485755,597.55,0.005007278073301221,1.1328244540192426e-05,0.36363936999365826,0.0,0.0,1.151983780823921,lhs_candidate_000009_june2024_preflight,pa1_candidate_000009
2024-06-28T12:00,30.1,75.0,532.0,226.0,306.0,2.46,100890.0,25.2,1.05,0.4,31.2,0.29,0,1,0,1.0,32.22271953586588,71.63445029346104,0.02447436086373195,32.04907987429102,0.20713372000915342,57581.814399999996,1.365785737305043,452.2,0.005491282000838853,8.432076695648105e-06,0.3526772840071199,0.0,0.0,1.1509602742070975,lhs_candidate_000009_june2024_preflight,pa1_candidate_000009
2024-06-28T13:00,30.0,74.0,492.0,189.0,303.0,2.61,100840.0,24.9,1.1,0.38,31.3,0.288,0,1,0,1.0,31.92064491618319,70.8593450014535,0.023823575685790983,32.25114794607406,0.20568910322986575,53956.267199999995,1.3793714938401065,418.2,0.005642056628902154,7.627999932306569e-06,0.3437598964806528,0.0,0.0,1.1515289628307166,lhs_candidate_000009_june2024_preflight,pa1_candidate_000009
2024-06-28T14:00,31.1,66.0,751.0,628.0,123.0,2.82,100710.0,24.0,1.52,0.56,32.1,0.284,0,1,0,1.0,33.12314592211767,64.64573711282077,0.023165331308501656,32.504178092051596,0.2039897534655382,70415.43519999999,1.790692587144295,638.35,0.005938771607371444,1.121715104603778e-05,0.33327008312060613,0.0,0.0,1.1455290978942394,lhs_candidate_000009_june2024_preflight,pa1_candidate_000009
2024-06-28T15:00,30.6,68.0,573.0,421.0,152.0,2.83,100680.0,24.1,1.4,0.44,32.0,0.281,0,1,0,1.0,33.072963480408255,63.5334532123554,0.022706525130997413,32.789338122238426,0.2022272599699705,55771.724799999996,1.8418417642932265,487.05,0.006041242024650515,8.383001350036274e-06,0.32239049364179334,0.0,0.0,1.1453755301753257,lhs_candidate_000009_june2024_preflight,pa1_candidate_000009
2024-06-28T16:00,30.4,70.0,420.0,283.0,137.0,2.15,100710.0,24.2,1.32,0.32,31.7,0.279,0,1,0,1.0,32.307488158106196,66.67421263471363,0.022882477561469616,32.9771808496321,0.20093109054367306,41779.9888,1.6123081522749527,357.0,0.005046510967111287,6.04798889212961e-06,0.31438944780045097,0.0,0.0,1.1485879841184163,lhs_candidate_000009_june2024_preflight,pa1_candidate_000009
2024-06-28T17:00,29.8,73.0,298.0,229.0,69.0,1.91,100700.0,24.4,1.14,0.22,31.1,0.277,0,1,0,1.0,31.392213651971094,69.82035894082311,0.022821444483883336,33.07907346460455,0.20000432107091642,28651.5856,1.3864184469659833,253.29999999999998,0.0046639249690804095,4.263821404192525e-06,0.30866864858590387,0.0,0.0,1.1519255712178877,lhs_candidate_000009_june2024_preflight,pa1_candidate_000009
2024-06-28T18:00,29.3,77.0,64.0,36.0,28.0,1.25,100730.0,24.8,0.93,0.06,30.4,0.276,1,1,0,1.0,30.1620815947995,74.5017102376345,0.022793947812536075,33.073005552089484,0.1995254392824151,6617.1071999999995,1.0920078850472987,54.4,0.0036095129040201353,1.07149786959955e-06,0.30571258816305613,0.0,0.0,1.1569419621700479,lhs_candidate_000009_june2024_preflight,pa1_candidate_000009
2024-06-28T19:00,28.9,79.0,1.0,0.0,1.0,1.17,100820.0,24.9,0.83,0.01,29.7,0.275,0,0,0,1.0,29.26583691335041,78.03766342771408,0.022744124612274888,32.974177648281874,0.20643264821466953,123.18239999999999,0.8933461033635854,0.85,0.0018984415334412498,2.2593825810779572e-07,0.34834968033746627,0.0,0.0,1.1614074601466422,lhs_candidate_000009_june2024_preflight,pa1_candidate_000009
2024-06-28T20:00,28.5,82.0,0.0,0.0,0.0,1.2,100890.0,25.1,0.71,0.0,29.3,0.274,0,0,0,1.0,28.744835408383555,81.08381509811167,0.022970614779185543,32.84812701849054,0.20639647231679983,0.0,0.7466195944119041,0.0,0.0018796660438832548,1.7613883507537383e-07,0.3481263723259249,0.0,0.0,1.1642195486283133,lhs_candidate_000009_june2024_preflight,pa1_candidate_000009
2024-06-28T21:00,28.3,83.0,0.0,0.0,0.0,0.91,100940.0,25.2,0.64,0.0,29.0,0.274,0,0,0,1.0,28.456141147888758,82.66028926531315,0.02305066962808432,32.71629448389311,0.20636656728079705,0.0,0.6730391993390441,0.0,0.0014354459079856782,1.5869591350864345e-07,0.34794177333825344,0.0,0.0,1.1659114544417681,lhs_candidate_000009_june2024_preflight,pa1_candidate_000009
2024-06-28T22:00,28.1,84.0,0.0,0.0,0.0,1.04,100970.0,25.1,0.6,0.0,28.7,0.273,0,0,0,1.0,28.24840594211795,83.64938938062083,0.023062666565587555,32.58288229407655,0.20633901390587395,0.0,0.6270373022653128,0.0,0.0016088772502405153,1.4777685383326939e-07,0.3477716907769997,0.0,0.0,1.1670617998259032,lhs_candidate_000009_june2024_preflight,pa1_candidate_000009
2024-06-28T23:00,27.8,85.0,0.0,0.0,0.0,1.03,100950.0,25.1,0.55,0.0,28.5,0.273,0,0,0,1.0,27.98960649957861,84.50121110405642,0.022969117865353314,32.44812146503784,0.20631328405043858,0.0,0.5854889860171282,0.0,0.001618941000466598,1.379219478490649e-07,0.3476128645088802,0.0,0.0,1.167833404309053,lhs_candidate_000009_june2024_preflight,pa1_candidate_000009
2024-06-29T00:00,27.6,86.0,0.0,0.0,0.0,1.08,100960.0,25.1,0.52,0.0,28.3,0.272,0,0,0,1.0,27.755880566792406,85.54549968817037,0.022956190273107056,32.311280137970066,0.20628947377748133,0.0,0.5386517953136623,0.0,0.0016685869185241768,1.2683499542645223e-07,0.3474658875153169,0.0,0.0,1.168856282584375,lhs_candidate_000009_june2024_preflight,pa1_candidate_000009
2024-06-29T01:00,27.4,87.0,0.0,0.0,0.0,0.89,100920.0,25.0,0.48,0.0,28.2,0.272,0,0,0,1.0,27.5544247582494,86.56152360276252,0.022972638767988825,32.17349142755981,0.20626757853149985,0.0,0.49493429551434387,0.0,0.0014075480050484185,1.1649561311976629e-07,0.34733073167592504,0.0,0.0,1.16917594646031,lhs_candidate_000009_june2024_preflight,pa1_candidate_000009
2024-06-29T02:00,27.6,85.0,0.0,0.0,0.0,0.67,100890.0,24.9,0.54,0.0,28.1,0.271,0,0,0,1.0,27.591411045687167,85.72883798237162,0.022798055710173723,32.037186409191946,0.2062462474068411,0.0,0.5267386041484885,0.0,0.0009879216112358743,1.239345797880689e-07,0.3471990580669205,0.0,0.0,1.1686846443603782,lhs_candidate_000009_june2024_preflight,pa1_candidate_000009
2024-06-29T03:00,27.5,85.0,0.0,0.0,0.0,0.92,100900.0,24.7,0.56,0.0,28.0,0.271,0,0,0,1.0,27.591936206799645,85.03199125777071,0.02261339585714138,31.90625308507015,0.20622322116686434,0.0,0.5524756745779791,0.0,0.0014075071499052747,1.2993695403397108e-07,0.34705692078311323,0.0,0.0,1.1687984408900245,lhs_candidate_000009_june2024_preflight,pa1_candidate_000009
2024-06-29T04:00,27.4,85.0,0.0,0.0,0.0,0.94,100910.0,24.7,0.54,0.0,27.8,0.27,0,0,0,1.0,27.502085361034748,84.95161770049955,0.02248045046775176,31.77769587560525,0.20619980849207942,0.0,0.5525341150190561,0.0,0.0014420688495165041,1.298965841279007e-07,0.34691239809925567,0.0,0.0,1.1692636120018831,lhs_candidate_000009_june2024_preflight,pa1_candidate_000009
2024-06-29T05:00,27.3,86.0,0.0,0.0,0.0,0.92,100900.0,24.7,0.52,0.0,27.7,0.27,0,0,0,1.0,27.403118005538225,85.74615359157002,0.022567218013596804,31.650625262836144,0.206177024024684,0.0,0.5203414164993418,0.0,0.001414917229687707,1.2227873039510898e-07,0.3467717532387901,0.0,0.0,1.1695327218075224,lhs_candidate_000009_june2024_preflight,pa1_candidate_000009
2024-06-29T06:00,27.3,86.0,18.0,7.0,11.0,0.72,100960.0,24.8,0.51,0.01,27.6,0.269,1,0,0,1.0,27.407605978841865,86.53528212643766,0.022780544710842784,31.529930675742815,0.20613141491020512,1971.0063999999998,0.49166305649931896,15.299999999999999,0.001144062341415953,3.8488584940857537e-07,0.34649021549509335,0.0,0.0,1.1702107082654845,lhs_candidate_000009_june2024_preflight,pa1_candidate_000009
2024-06-29T07:00,28.0,83.0,159.0,103.0,56.0,0.81,101000.0,24.7,0.66,0.11,28.4,0.269,0,0,0,1.0,28.179690214168307,88.7672252358291,0.024381677981568078,31.45604252095391,0.21287873690228454,15962.214399999997,0.4290536764191435,135.15,0.0013178158370485166,2.7790066800753047e-06,0.38814035124867,0.0,0.0,1.1676747726470282,lhs_candidate_000009_june2024_preflight,pa1_candidate_000009
2024-06-29T08:00,28.7,78.0,264.0,139.0,125.0,1.02,101070.0,24.6,0.85,0.2,29.1,0.267,0,0,0,1.0,29.29358381823173,84.16908434796807,0.024568160813871427,31.46340858782958,0.21221919365506614,27629.8,0.6449739281694424,224.4,0.0018228079576274997,4.548254021287339e-06,0.38406909663621075,0.0,0.0,1.1641805490539066,lhs_candidate_000009_june2024_preflight,pa1_candidate_000009
2024-06-29T09:00,29.8,72.0,450.0,311.0,139.0,1.33,101050.0,24.2,1.16,0.34,30.2,0.265,0,1,0,1.0,30.799659937314704,74.63355684770633,0.023632012281365036,31.565445585862435,0.2111226770410814,44490.3536,1.1266772022540503,382.5,0.003760046925588985,7.623053939236693e-06,0.37730047556223084,0.0,0.0,1.1581827835147651,lhs_candidate_000009_june2024_preflight,pa1_candidate_000009
2024-06-29T10:00,30.7,68.0,632.0,372.0,260.0,1.65,101040.0,24.0,1.43,0.48,31.3,0.262,0,1,0,1.0,32.41180722854822,68.92441550207192,0.02378610178437161,31.7846254763635,0.20949673565130558,64763.42399999999,1.5123080448839952,537.1999999999999,0.004381463431002005,1.0403924619190613e-05,0.36726380031670114,0.0,0.0,1.151958188920188,lhs_candidate_000009_june2024_preflight,pa1_candidate_000009
2024-06-29T11:00,31.7,63.0,895.0,784.0,111.0,2.16,100950.0,23.9,1.71,0.67,32.4,0.258,0,1,0,1.0,34.21760197518135,62.35760913732196,0.023668379276838476,32.1364965076606,0.20727998105434062,82665.2464,2.026684092443387,760.75,0.005204488014339127,1.415691802714589e-05,0.35358012996506555,0.0,0.0,1.1441703340584617,lhs_candidate_000009_june2024_preflight,pa1_candidate_000009
2024-06-29T12:00,32.0,62.0,827.0,711.0,116.0,2.5,100870.0,23.8,1.79,0.63,32.9,0.255,0,1,0,1.0,34.94568777986442,58.751682347522426,0.023163409658736072,32.55452941375891,0.2048695464089802,76857.1584,2.3123083435643,702.9499999999999,0.005714793970830772,1.2631727885132483e-05,0.33870090375913703,0.0,0.0,1.1405618730719487,lhs_candidate_000009_june2024_preflight,pa1_candidate_000009
2024-06-29T13:00,32.5,60.0,941.0,830.0,111.0,2.82,100810.0,23.8,1.94,0.72,33.5,0.251,0,1,0,1.0,35.60084996746255,56.49329381908046,0.023043656400772876,32.982899382841204,0.20249481090714624,86713.2464,2.5286607422277734,799.85,0.006145350419111601,1.3728438914305916e-05,0.3240420426367052,0.0,0.0,1.1374646319460444,lhs_candidate_000009_june2024_preflight,pa1_candidate_000009
2024-06-29T14:00,32.5,59.0,838.0,728.0,110.0,2.91,100740.0,23.4,2.01,0.65,33.7,0.248,0,1,0,1.0,35.6852629043172,54.58182934587826,0.022361480386476586,33.41274872286761,0.2002016079062183,77614.064,2.6520437843008184,712.3,0.006275414407770621,1.177571194514263e-05,0.3098864685569031,0.0,0.0,1.136364120684259,lhs_candidate_000009_june2024_preflight,pa1_candidate_000009
2024-06-29T15:00,32.2,60.0,681.0,555.0,126.0,3.01,100670.0,23.5,1.92,0.53,33.5,0.245,0,1,0,1.0,35.04552281622606,55.39463422461333,0.02195359596165767,33.76412119522134,0.19830979837409143,64360.98239999999,2.5143347857564455,578.85,0.006342639808641855,9.281482662030479e-06,0.298208631938836,0.0,0.0,1.1379316896208347,lhs_candidate_000009_june2024_preflight,pa1_candidate_000009
2024-06-29T16:00,31.5,63.0,474.0,383.0,91.0,3.13,100620.0,23.6,1.71,0.38,32.9,0.243,0,1,0,1.0,33.82680406803075,58.39035577878145,0.021713226375315007,34.00187620612964,0.19690539318003392,44913.5984,2.1920704461240015,402.9,0.006407936619254235,6.359161474939947e-06,0.28953946407428344,0.0,0.0,1.1418819327216156,lhs_candidate_000009_june2024_preflight,pa1_candidate_000009
2024-06-29T17:00,30.8,68.0,292.0,207.0,85.0,2.19,100650.0,24.1,1.44,0.23,32.2,0.241,0,1,0,1.0,32.494802594385035,64.28013653792183,0.022281222742474422,34.114558910350574,0.195982812736049,28686.504,1.7464684330927813,248.2,0.005043769089782507,3.9165928415127096e-06,0.28384452306203095,0.0,0.0,1.147200196969786,lhs_candidate_000009_june2024_preflight,pa1_candidate_000009
2024-06-29T18:00,29.9,74.0,91.0,59.0,32.0,1.77,100720.0,24.6,1.11,0.08,31.2,0.24,1,1,0,1.0,30.97418865902636,70.77582398051305,0.022621480631452476,34.10542527473613,0.19550963187580395,9133.836800000001,1.3109950040504903,77.35,0.004334300557777,1.353984923843917e-06,0.2809236535543454,0.0,0.0,1.1537380148580545,lhs_candidate_000009_june2024_preflight,pa1_candidate_000009
2024-06-29T19:00,29.2,78.0,1.0,0.0,1.0,1.58,100870.0,24.9,0.9,0.02,30.4,0.24,0,0,0,1.0,29.722488494028195,76.16672859187858,0.022755868882193993,33.99754857931732,0.20238549819284904,123.18239999999999,0.9952754916787447,0.85,0.002510695822144147,2.3207122236612395e-07,0.3233672727953645,0.0,0.0,1.160231477236075,lhs_candidate_000009_june2024_preflight,pa1_candidate_000009
2024-06-29T20:00,28.8,80.0,0.0,0.0,0.0,1.3,100960.0,25.1,0.78,0.01,29.9,0.239,0,0,0,1.0,29.067795514069154,79.12268550090423,0.022813207120218306,33.85045312684085,0.2023484532389235,0.0,0.8395599180444138,0.0,0.0020272636687538076,1.838481853756497e-07,0.3231386002402686,0.0,0.0,1.1637823258184194,lhs_candidate_000009_june2024_preflight,pa1_candidate_000009
2024-06-29T21:00,28.5,82.0,0.0,0.0,0.0,1.22,101020.0,25.1,0.71,0.0,29.5,0.239,0,0,0,1.0,28.706410717054446,81.29353014499326,0.022981763410240025,33.696477398022246,0.20231747583171777,0.0,0.7367010923731176,0.0,0.0018882581278254133,1.6122852966013333e-07,0.3229473816772702,0.0,0.0,1.1658680726687645,lhs_candidate_000009_june2024_preflight,pa1_candidate_000009
2024-06-29T22:00,28.3,84.0,0.0,0.0,0.0,1.12,101050.0,25.2,0.63,0.0,29.2,0.239,0,0,0,1.0,28.463300586209982,83.38363238794537,0.02326149068825319,33.54006186074629,0.20229030382373767,0.0,0.6452306939265129,0.0,0.0017278477984016768,1.4113670732401895e-07,0.3227796532329486,0.0,0.0,1.167154308216408,lhs_candidate_000009_june2024_preflight,pa1_candidate_000009
2024-06-29T23:00,28.0,85.0,0.0,0.0,0.0,1.21,101080.0,25.3,0.55,0.0,29.0,0.239,0,0,0,1.0,28.200544626853812,84.38542379736674,0.023204644559774435,33.382647291895495,0.20226592299084503,0.0,0.5971471613602266,0.0,0.0018717120780853878,1.3055809170386385e-07,0.3226291542644755,0.0,0.0,1.1685187927559777,lhs_candidate_000009_june2024_preflight,pa1_candidate_000009
2024-06-30T00:00,27.8,87.0,0.0,0.0,0.0,1.17,101070.0,25.3,0.5,0.0,28.8,0.238,0,0,0,1.0,27.966620883338916,86.28968429526111,0.023425673002362712,33.22376231000376,0.20224394700849588,0.0,0.5172340241635376,0.0,0.0017991647549544757,1.1303862417982411e-07,0.3224935000524437,0.0,0.0,1.1693108684417433,lhs_candidate_000009_june2024_preflight,pa1_candidate_000009
2024-06-30T01:00,27.6,87.0,0.0,0.0,0.0,1.0,101030.0,25.2,0.48,0.0,28.6,0.238,0,0,0,1.0,27.76497723849072,86.62545832911623,0.02325763281524902,33.06456710832735,0.20222411858877415,0.0,0.4986713091384827,0.0,0.001563719091322503,1.0894048342291478e-07,0.32237110239984046,0.0,0.0,1.1696313428854173,lhs_candidate_000009_june2024_preflight,pa1_candidate_000009
2024-06-30T02:00,27.5,87.0,0.0,0.0,0.0,0.99,100980.0,25.1,0.49,0.0,28.4,0.238,0,0,0,1.0,27.625051876912337,86.74906477640185,0.023112147280499033,32.90588375965172,0.20220470342788652,0.0,0.49004452519988817,0.0,0.0015259633100418821,1.0701606349343405e-07,0.3222512557276946,0.0,0.0,1.1695963513084742,lhs_candidate_000009_june2024_preflight,pa1_candidate_000009
2024-06-30T03:00,27.4,87.0,0.0,0.0,0.0,0.86,100910.0,25.0,0.49,0.0,28.3,0.238,0,0,0,1.0,27.520514060564746,86.80682565970544,0.022994731489335674,32.74909292050143,0.20218554664970725,0.0,0.4849381086217148,0.0,0.0013438271084069936,1.0586206190579213e-07,0.3221330040105386,0.0,0.0,1.1691919454873123,lhs_candidate_000009_june2024_preflight,pa1_candidate_000009
2024-06-30T04:00,27.3,87.0,0.0,0.0,0.0,0.94,100890.0,24.9,0.49,0.0,28.2,0.238,0,0,0,1.0,27.41926910755126,86.79737873738468,0.02286424596934487,32.59446297137903,0.20216655091336147,0.0,0.48242157191680235,0.0,0.0014531305928096126,1.0527436734369292e-07,0.32201574637877456,0.0,0.0,1.1693539730656952,lhs_candidate_000009_june2024_preflight,pa1_candidate_000009
2024-06-30T05:00,27.2,87.0,0.0,0.0,0.0,1.06,100940.0,24.8,0.48,0.0,28.0,0.237,0,0,0,1.0,27.317939395435424,86.76708922825415,0.02272883411808286,32.44195140274045,0.20214763957036916,0.0,0.48067037771632926,0.0,0.0016193986500663412,1.0485419516349699e-07,0.32189900969363683,0.0,0.0,1.1703280403288385,lhs_candidate_000009_june2024_preflight,pa1_candidate_000009
2024-06-30T06:00,27.2,87.0,19.0,9.0,10.0,0.94,100970.0,24.9,0.46,0.01,28.0,0.237,1,0,0,1.0,27.324503971625315,87.226852299118,0.02285755087543662,32.29676468193797,0.20210532283482052,2023.824,0.46414829645810807,16.15,0.001456503362059884,3.651774551598068e-07,0.3216377952766699,0.0,0.0,1.1706502929668974,lhs_candidate_000009_june2024_preflight,pa1_candidate_000009
2024-06-30T07:00,28.1,82.0,180.0,129.0,51.0,0.72,101010.0,24.7,0.69,0.12,28.7,0.237,0,0,0,1.0,28.271470908742963,88.64241518185906,0.024470181905145633,32.20545228780012,0.20884034827360218,17634.3024,0.43614158376377965,153.0,0.001194488037813055,2.9317870274853944e-06,0.3632120263802604,0.0,0.0,1.1674348001425303,lhs_candidate_000009_june2024_preflight,pa1_candidate_000009
2024-06-30T08:00,29.5,73.0,405.0,330.0,75.0,0.32,101060.0,24.2,1.1,0.28,30.0,0.235,0,1,0,1.0,30.20503028587696,81.79132878011711,0.025082306499077216,32.23806528519404,0.2079987907583436,38278.68,0.7817382589448538,344.25,0.0026212914244792794,6.453753066174613e-06,0.3580172269033556,0.0,0.0,1.1605678666319565,lhs_candidate_000009_june2024_preflight,pa1_candidate_000009
2024-06-30T09:00,30.8,66.0,617.0,529.0,88.0,0.22,101050.0,23.7,1.5,0.45,31.4,0.233,0,1,0,1.0,32.327540464591664,69.94978973162623,0.024032226560727732,32.416436312864775,0.20654358241624182,57392.0512,1.4554795307131139,524.4499999999999,0.003091873711442555,9.647896142168685e-06,0.34903445935951743,0.0,0.0,1.1523900011083454,lhs_candidate_000009_june2024_preflight,pa1_candidate_000009
2024-06-30T10:00,31.9,61.0,775.0,666.0,109.0,0.22,100980.0,23.4,1.85,0.58,32.6,0.23,0,1,0,1.0,34.18998685803409,63.05204324764934,0.023897391029682278,32.71950913318661,0.2046147575308216,72034.88160000001,1.9862436670074715,658.75,0.00345544189085364,1.174122736639891e-05,0.3371281329063061,0.0,0.0,1.1446131915218365,lhs_candidate_000009_june2024_preflight,pa1_candidate_000009
2024-06-30T11:00,32.6,59.0,871.0,744.0,127.0,0.58,100890.0,23.5,2.02,0.66,33.6,0.227,0,1,0,1.0,35.51862937777115,58.77315486855665,0.023871716739876727,33.10820894040207,0.20241237789819017,81116.1648,2.385332632104211,740.35,0.0038399387784431045,1.2697057740560545e-05,0.32353319690240845,0.0,0.0,1.1386705209430608,lhs_candidate_000009_june2024_preflight,pa1_candidate_000009
2024-06-30T12:00,33.0,59.0,904.0,699.0,205.0,1.35,100790.0,23.9,2.08,0.7,34.2,0.223,0,1,0,1.0,36.26144843724979,56.401104297830074,0.023804707792077853,33.53850534314008,0.20013121042682935,86764.39199999999,2.627597385549536,768.4,0.004518231865417462,1.263641264373249e-05,0.309451916214996,0.0,0.0,1.1348109432340638,lhs_candidate_000009_june2024_preflight,pa1_candidate_000009
2024-06-30T13:00,32.6,60.0,765.0,560.0,205.0,2.08,100760.0,24.0,1.95,0.6,34.2,0.221,0,1,0,1.0,35.86079914367333,55.417748445878196,0.022911012008992784,33.93761214405734,0.19806633154651743,74532.39199999999,2.628468378041371,650.25,0.005281716841618541,1.0334379139740971e-05,0.29670575028714463,0.0,0.0,1.1359440744856502,lhs_candidate_000009_june2024_preflight,pa1_candidate_000009
2024-06-30T14:00,31.9,64.0,738.0,536.0,202.0,2.16,100720.0,24.1,1.71,0.57,34.0,0.222,0,1,0,1.0,35.0656709175667,58.63031333252699,0.023260295352286003,34.27159851615502,0.19627673753596453,72050.84479999999,2.334541846150733,627.3,0.005354003710550779,9.559508735875481e-06,0.2856588736787934,0.0,0.0,1.138422445066479,lhs_candidate_000009_june2024_preflight,pa1_candidate_000009
2024-06-30T15:00,31.3,68.0,483.0,311.0,172.0,0.61,100700.0,24.8,1.44,0.37,33.3,0.221,0,1,0,1.0,33.87788260997434,63.67590200958898,0.023742287771982635,34.51049867678547,0.19486803975934874,48555.3728,1.919074436585631,410.55,0.003732297516868743,6.139397386103517e-06,0.27696320839104166,0.0,0.0,1.1425996897703588,lhs_candidate_000009_june2024_preflight,pa1_candidate_000009
2024-06-30T16:00,31.2,69.0,323.0,196.0,127.0,0.51,100690.0,24.8,1.41,0.25,32.9,0.219,0,1,0,1.0,32.89816800358298,66.59407500858724,0.023581599331795718,34.62189228256467,0.19394955999418612,32892.1648,1.6707930356395604,274.55,0.003301868333185798,4.09282661204564e-06,0.27129358021102545,0.0,0.0,1.1461435256182053,lhs_candidate_000009_june2024_preflight,pa1_candidate_000009
2024-06-30T17:00,31.0,70.0,231.0,157.0,74.0,1.03,100730.0,24.8,1.36,0.18,32.4,0.219,0,1,0,1.0,32.238775266097775,68.0428626732349,0.023267114539721176,34.655233237558825,0.19331682340241196,22931.4976,1.54011303134933,196.35,0.0035190268014983813,2.947479942397806e-06,0.26738779878032076,0.0,0.0,1.1490745674080614,lhs_candidate_000009_june2024_preflight,pa1_candidate_000009
2024-06-30T18:00,30.4,75.0,93.0,60.0,33.0,0.5,100750.0,25.4,1.1,0.06,31.6,0.218,1,1,0,1.0,31.30700484331101,72.71371401938754,0.023659067187951206,34.61854414218585,0.19293587056318237,9345.0192,1.2474507036082407,79.05,0.00287239397910003,1.2888982878898175e-06,0.2650362380443356,0.0,0.0,1.1528200813890879,lhs_candidate_000009_june2024_preflight,pa1_candidate_000009
2024-06-30T19:00,29.9,78.0,1.0,0.0,1.0,0.72,100830.0,25.6,0.93,0.0,30.8,0.218,0,0,0,1.0,30.348254337954796,76.65431429536812,0.02368929704738825,34.50801581302984,0.1998178991082081,123.18239999999999,1.010532086766284,0.85,0.0013909215081450582,2.2387600069609627e-07,0.3075178957296797,0.0,0.0,1.1573801205554899,lhs_candidate_000009_june2024_preflight,pa1_candidate_000009
2024-06-30T20:00,29.5,81.0,0.0,0.0,0.0,0.92,100920.0,25.8,0.79,0.0,30.3,0.217,0,0,0,1.0,29.76423678709558,80.03729694956137,0.02396639042109361,34.36178073783743,0.1997822811294566,0.0,0.8356433359658744,0.0,0.0015159045062140767,1.7402015229485266e-07,0.3072980316633123,0.0,0.0,1.1606466046316475,lhs_candidate_000009_june2024_preflight,pa1_candidate_000009
2024-06-30T21:00,29.1,83.0,0.0,0.0,0.0,1.02,100990.0,26.0,0.68,0.0,30.0,0.217,0,0,0,1.0,29.34700476368152,82.18670723566436,0.024059269624576846,34.2086569150205,0.19975311102842694,0.0,0.7279773179325182,0.0,0.0016375800300056965,1.5151020549244464e-07,0.30711796931127744,0.0,0.0,1.1630536330470185,lhs_candidate_000009_june2024_preflight,pa1_candidate_000009
2024-06-30T22:00,28.9,85.0,0.0,0.0,0.0,1.08,101000.0,26.1,0.59,0.0,29.7,0.217,0,0,0,1.0,29.067636569169764,84.33571898256427,0.024316055013323342,34.05169171653514,0.19972773021357113,0.0,0.6299173082179284,0.0,0.0016747178154980149,1.3103459643002976e-07,0.3069612976146366,0.0,0.0,1.1642440246272592,lhs_candidate_000009_june2024_preflight,pa1_candidate_000009
2024-06-30T23:00,28.6,87.0,0.0,0.0,0.0,1.03,100990.0,26.2,0.51,0.0,29.4,0.217,0,0,0,1.0,28.801681742268766,86.20383508755248,0.0244969717265609,33.8934099936069,0.19970571492181216,0.0,0.5463278610308104,0.0,0.0016255424806219045,1.1359611289460321e-07,0.30682540075192694,0.0,0.0,1.1651541012993518,lhs_candidate_000009_june2024_preflight,pa1_candidate_000009
