timestamp,temperature_outside,humidity_outside,shortwave_radiation,direct_radiation,diffuse_radiation,wind_speed,surface_pressure,dew_point_outside,vpd_outside_reference,et0_outside_reference,external_soil_temperature_context,external_soil_moisture_context,pump_state,fan_state,grow_light_state,vent_state,temperature_inside_true,humidity_inside_true,vapor_density_inside_true,soil_temperature_inside_true,soil_moisture_inside_true,light_lux_inside_true,vpd_inside,solar_inside,ventilation_rate_m3_s,evapotranspiration_rate_kg_s,water_stress_coefficient,condensation_rate_kg_s,drainage_rate_m3_s,air_density,simulation_id,parameter_set_id
2024-06-01T00:00,29.6,83.0,0.0,0.0,0.0,0.81,100950.0,26.4,0.72,0.0,29.8,0.176,0,0,0,1.0,29.6,83.00000000000001,0.024633318950427478,29.6,0.4,0.0,0.7049358805204089,0.0,0.0014004738381656623,4.895995526923922e-07,1.0,0.0,0.0,1.1616214428759424,lhs_candidate_000017_june2024_preflight,pa1_candidate_000017
2024-06-01T01:00,29.3,84.0,0.0,0.0,0.0,1.1,100880.0,26.4,0.63,0.0,29.6,0.176,0,0,0,1.0,29.395402839320628,84.42088433623098,0.02477836076058709,29.581173875158846,0.39991764652611944,0.0,0.6384512473646189,0.0,0.0019656177873997554,4.434239393444627e-07,1.0,0.0,0.0,1.1616009649388892,lhs_candidate_000017_june2024_preflight,pa1_candidate_000017
2024-06-01T02:00,28.9,85.0,0.0,0.0,0.0,1.0,100820.0,26.1,0.59,0.0,29.4,0.176,0,0,0,1.0,29.051274715277078,85.20340093926211,0.024544350770572272,29.555747809128928,0.3998404092275298,0.0,0.5944625799973582,0.0,0.0018386676294130096,4.12872463016366e-07,1.0,0.0,0.0,1.1622320567263311,lhs_candidate_000017_june2024_preflight,pa1_candidate_000017
2024-06-01T03:00,28.7,86.0,0.0,0.0,0.0,0.9,100780.0,26.1,0.54,0.0,29.2,0.176,0,0,0,1.0,28.783612638743108,86.40628405230655,0.024530304170506098,29.52279260644666,0.3997697680755764,0.0,0.5377481988051951,0.0,0.001624154343990946,3.7348258880197646e-07,1.0,0.0,0.0,1.1628008469933944,lhs_candidate_000017_june2024_preflight,pa1_candidate_000017
2024-06-01T04:00,28.7,86.0,0.0,0.0,0.0,0.92,100820.0,26.1,0.55,0.0,28.8,0.176,0,0,0,1.0,28.698463556519087,86.81207603708064,0.024531214022857878,29.486346401485182,0.3997041311292468,0.0,0.5191298586555431,0.0,0.0015919119557374073,3.605515815131788e-07,1.0,0.0,0.0,1.163590514655346,lhs_candidate_000017_june2024_preflight,pa1_candidate_000017
2024-06-01T05:00,28.6,86.0,0.0,0.0,0.0,1.02,100840.0,26.1,0.53,0.0,28.5,0.176,0,0,0,1.0,28.62965315479089,86.66525511268513,0.024397852015711027,29.44960878318608,0.3996389978574991,0.0,0.522820905403476,0.0,0.0017852054196203586,3.6311512649179526e-07,1.0,0.0,0.0,1.1640867091534504,lhs_candidate_000017_june2024_preflight,pa1_candidate_000017
2024-06-01T06:00,28.6,86.0,19.0,2.0,17.0,1.02,100900.0,26.0,0.54,0.02,28.5,0.176,1,0,0,1.0,28.619462492480647,88.00536096920436,0.024761325179090972,29.417207588355964,0.3995009450746313,2270.1007999999997,0.4700011628009313,16.15,0.0017777967927294519,1.1676804089802163e-06,1.0,0.0,0.0,1.164818677295796,lhs_candidate_000017_june2024_preflight,pa1_candidate_000017
2024-06-01T07:00,29.0,84.0,156.0,58.0,98.0,1.02,100980.0,26.1,0.62,0.11,29.7,0.175,0,0,0,1.0,29.0566897773555,95.70916980425066,0.027578855277729353,29.42759874499373,0.4067867944312815,17175.875200000002,0.17244070675092837,132.6,0.0018046574671616816,7.026872345836911e-06,1.0,1.2127085937471633e-06,0.0,1.164055645158035,lhs_candidate_000017_june2024_preflight,pa1_candidate_000017
2024-06-01T08:00,30.2,75.0,326.0,146.0,180.0,0.71,101020.0,25.4,1.06,0.24,30.6,0.175,0,0,0,1.0,30.2525452832649,100.0,0.03074494852823977,29.53115658036241,0.4048608167283892,35020.831999999995,0.0,277.09999999999997,0.001281534855260004,1.4434082566939298e-05,1.0,7.147088573797946e-06,0.0,1.159926827432633,lhs_candidate_000017_june2024_preflight,pa1_candidate_000017
2024-06-01T09:00,31.6,66.0,535.0,311.0,224.0,0.32,101030.0,24.6,1.55,0.4,32.0,0.173,0,0,0,1.0,31.94588401227258,100.0,0.03366616103866223,29.759414776280614,0.40142984415749317,54960.857599999996,0.0,454.75,0.0010919599409143503,2.3687834887461735e-05,1.0,2.3674876743013495e-06,0.0,1.153603202682449,lhs_candidate_000017_june2024_preflight,pa1_candidate_000017
2024-06-01T10:00,32.7,61.0,673.0,368.0,305.0,0.2,100990.0,24.1,1.93,0.52,33.3,0.172,0,1,0,1.0,33.45993808797865,87.72410264234544,0.031998302210447645,30.105241182213764,0.3965718650244388,69954.632,0.6336058563880593,572.05,0.002823181185363218,3.023802666557553e-05,1.0,0.0,0.0,1.1474521751323332,lhs_candidate_000017_june2024_preflight,pa1_candidate_000017
2024-06-01T11:00,33.3,58.0,730.0,349.0,381.0,0.86,100950.0,23.9,2.15,0.57,34.3,0.17,0,1,0,1.0,34.41085662076814,78.83452928034734,0.030226291135241598,30.518146940442524,0.3908686347126898,77644.49440000001,1.1518583663969952,620.5,0.003632668026240812,3.3121719534460805e-05,1.0,0.0,0.0,1.143451399162686,lhs_candidate_000017_june2024_preflight,pa1_candidate_000017
2024-06-01T12:00,33.6,57.0,685.0,331.0,354.0,1.64,100940.0,23.9,2.23,0.55,34.7,0.169,0,1,0,1.0,34.786285207286056,70.93173184510464,0.027734316606578074,30.937241495454277,0.3850545113263053,72734.5696,1.615208662419604,582.25,0.004713327354277997,3.145109579171085e-05,1.0,0.0,0.0,1.1419441994554005,lhs_candidate_000017_june2024_preflight,pa1_candidate_000017
2024-06-01T13:00,33.3,58.0,601.0,271.0,330.0,1.64,100890.0,23.9,2.16,0.49,34.8,0.167,0,1,0,1.0,34.57280598961802,69.49050127858263,0.02686996788807882,31.314415264838967,0.37972170154047685,64498.191999999995,1.6753600851015933,510.84999999999997,0.004746534246313276,2.777366133750903e-05,1.0,0.0,0.0,1.1421703629734392,lhs_candidate_000017_june2024_preflight,pa1_candidate_000017
2024-06-01T14:00,33.5,57.0,537.0,197.0,340.0,1.7,100790.0,23.8,2.24,0.45,34.8,0.166,0,1,0,1.0,34.46808604257189,68.05506005726596,0.026171426436027705,31.638330803389625,0.3749745904482783,59218.015999999996,1.7440246516682856,456.45,0.004720489865981924,2.4987666060238945e-05,1.0,0.0,0.0,1.1414267027196205,lhs_candidate_000017_june2024_preflight,pa1_candidate_000017
2024-06-01T15:00,33.2,59.0,342.0,78.0,264.0,0.72,100790.0,24.0,2.1,0.28,34.3,0.164,0,1,0,1.0,34.075546468882656,69.36952370727921,0.026134680829163308,31.885832070081552,0.3712590761187109,39384.1536,1.6361807120599545,290.7,0.0033324965713508116,1.6278881398195646e-05,1.0,0.0,0.0,1.14288509430337,lhs_candidate_000017_june2024_preflight,pa1_candidate_000017
2024-06-01T16:00,32.6,61.0,222.0,33.0,189.0,0.71,100770.0,24.1,1.93,0.19,33.7,0.164,0,1,0,1.0,33.333287062878995,68.38219534373444,0.02477731548794813,32.03537818889343,0.3688081275458305,26185.473599999998,1.620396981764948,188.7,0.0032266571885392527,1.0954759887146537e-05,1.0,0.0,0.0,1.145425666567245,lhs_candidate_000017_june2024_preflight,pa1_candidate_000017
2024-06-01T17:00,32.3,62.0,145.0,34.0,111.0,0.71,100740.0,24.2,1.82,0.13,33.1,0.163,0,0,0,1.0,32.75593850294752,72.97973410334532,0.02564912943967214,32.11535428744792,0.36715176042356834,16665.2464,1.3406628781936125,123.25,0.0016346584459173954,7.351198816620822e-06,1.0,0.0,0.0,1.1472458288454406,lhs_candidate_000017_june2024_preflight,pa1_candidate_000017
2024-06-01T18:00,31.9,66.0,41.0,9.0,32.0,0.61,100810.0,24.7,1.61,0.05,32.4,0.163,1,0,0,1.0,32.20427004279874,71.79101974281662,0.024503816209085403,32.13636332960408,0.36624405927153414,4733.8368,1.356833925469621,34.85,0.0013752535052898825,2.7576921072628637e-06,1.0,0.0,0.0,1.150117114367009,lhs_candidate_000017_june2024_preflight,pa1_candidate_000017
2024-06-01T19:00,31.2,70.0,0.0,0.0,0.0,1.0,100940.0,25.1,1.35,0.03,31.7,0.162,0,0,0,1.0,31.49105112936909,70.72917692511317,0.023240980427106477,32.106162361111764,0.3739339421315102,0.0,1.3522310559504853,0.0,0.0019329384312229262,9.391658708610042e-07,1.0,0.0,0.0,1.1542963543182296,lhs_candidate_000017_june2024_preflight,pa1_candidate_000017
2024-06-01T20:00,30.7,74.0,0.0,0.0,0.0,1.1,100990.0,25.5,1.14,0.01,31.1,0.162,0,0,0,1.0,30.89534777718092,74.2395120552788,0.02362835722092738,32.0497219633898,0.37377705077898515,0.0,1.1504362882764596,0.0,0.0020296336413254835,7.990132261751764e-07,1.0,0.0,0.0,1.157130812717029,lhs_candidate_000017_june2024_preflight,pa1_candidate_000017
2024-06-01T21:00,30.2,78.0,0.0,0.0,0.0,1.2,101050.0,25.8,0.96,0.01,30.7,0.162,0,0,0,1.0,30.398413069073477,77.94840610442289,0.024154442573913543,31.98158431028041,0.3736454500441365,0.0,0.957258956185739,0.0,0.0021944668680422843,6.64845654349914e-07,1.0,0.0,0.0,1.1597137327628195,lhs_candidate_000017_june2024_preflight,pa1_candidate_000017
2024-06-01T22:00,29.7,82.0,0.0,0.0,0.0,1.1,101080.0,26.2,0.77,0.0,30.2,0.162,0,0,0,1.0,29.912247877730994,81.72076336804273,0.024667317461129053,31.903112342292722,0.3735374667853156,0.0,0.7717046351834904,0.0,0.0020407439927269985,5.359724971263453e-07,1.0,0.0,0.0,1.1619189690224772,lhs_candidate_000017_june2024_preflight,pa1_candidate_000017
2024-06-01T23:00,29.2,85.0,0.0,0.0,0.0,1.3,101060.0,26.4,0.61,0.0,29.6,0.162,0,0,0,1.0,29.424365780634297,84.54795122801588,0.02485471896702404,31.814727151553495,0.3734498947203774,0.0,0.6343014088073127,0.0,0.0023731258046057737,4.405417494069852e-07,1.0,0.0,0.0,1.1635622185727341,lhs_candidate_000017_june2024_preflight,pa1_candidate_000017
2024-06-02T00:00,28.8,87.0,0.0,0.0,0.0,1.2,101050.0,26.5,0.5,0.0,29.1,0.162,0,0,0,1.0,28.99535431465732,86.66110371936054,0.024888343023123094,31.71727671483135,0.3733771710435146,0.0,0.5341697495198443,0.0,0.0021932039703413423,3.709972462086235e-07,1.0,0.0,0.0,1.16509904311803,lhs_candidate_000017_june2024_preflight,pa1_candidate_000017
2024-06-02T01:00,28.4,89.0,0.0,0.0,0.0,1.12,100980.0,26.4,0.42,0.0,28.8,0.162,0,0,0,1.0,28.600727330776753,88.56486171469875,0.02489324882328201,31.61258173824694,0.3733158633529948,0.0,0.44759124513910686,0.0,0.0020663729650474464,3.1086582406241005e-07,1.0,0.0,0.0,1.1658145991947497,lhs_candidate_000017_june2024_preflight,pa1_candidate_000017
2024-06-02T02:00,28.4,91.0,0.0,0.0,0.0,1.14,100950.0,26.7,0.35,0.0,28.5,0.162,0,0,0,1.0,28.447646699526047,90.94852012423645,0.02535014358193719,31.503575410885485,0.37326622940005705,0.0,0.3511591836577259,0.0,0.0020021213569097174,2.438908048143687e-07,1.0,0.0,0.0,1.1660598007950047,lhs_candidate_000017_june2024_preflight,pa1_candidate_000017
2024-06-02T03:00,28.4,89.0,0.0,0.0,0.0,1.04,100940.0,26.5,0.41,0.0,28.3,0.162,0,0,0,1.0,28.430470632028918,89.66793619647467,0.0249697270473346,31.3965194790862,0.3732201550172155,0.0,0.4004410765026307,0.0,0.0018199698634093796,2.7811858830424774e-07,1.0,0.0,0.0,1.1660106967714177,lhs_candidate_000017_june2024_preflight,pa1_candidate_000017
2024-06-02T04:00,28.3,89.0,0.0,0.0,0.0,1.04,100970.0,26.4,0.4,0.0,28.1,0.162,0,0,0,1.0,28.36658043431303,89.30680527594578,0.024782346913737877,31.292062044911983,0.3731688198964527,0.0,0.41290320896465094,0.0,0.001845516241482938,2.867739208637057e-07,1.0,0.0,0.0,1.1666043890415407,lhs_candidate_000017_june2024_preflight,pa1_candidate_000017
2024-06-02T05:00,28.0,90.0,0.0,0.0,0.0,1.12,101060.0,26.2,0.38,0.0,27.9,0.162,0,0,0,1.0,28.151558616981298,89.81186685503107,0.02463058555628493,31.187567457865008,0.3731183711263037,0.0,0.38851582076447944,0.0,0.0020354606447256377,2.698361330675658e-07,1.0,0.0,0.0,1.1684775277863781,lhs_candidate_000017_june2024_preflight,pa1_candidate_000017
2024-06-02T06:00,28.0,91.0,19.0,4.0,15.0,1.36,101020.0,26.4,0.34,0.02,28.1,0.162,1,0,0,1.0,28.068745725597125,92.04465173670788,0.025128501445846795,31.086233871438644,0.37299956424423747,2199.736,0.3019123849375127,16.15,0.0023890496353582624,1.050937606225182e-06,1.0,0.0,0.0,1.1683361569601585,lhs_candidate_000017_june2024_preflight,pa1_candidate_000017
2024-06-02T07:00,30.2,77.0,168.0,87.0,81.0,1.21,101070.0,25.6,1.0,0.13,30.3,0.162,0,0,0,1.0,29.582583982717473,89.71565380445021,0.026601301323299367,31.04283463674727,0.3802377242541096,17633.7744,0.42603199617002696,142.79999999999998,0.0024435846227486573,7.734315183485914e-06,1.0,0.0,0.0,1.1630691775400066,lhs_candidate_000017_june2024_preflight,pa1_candidate_000017
2024-06-02T08:00,31.3,68.0,350.0,181.0,169.0,0.98,101090.0,24.7,1.45,0.27,31.3,0.161,0,0,0,1.0,31.353255152586268,93.5587022913387,0.030516887133850864,31.12712057074977,0.378122780001968,36745.8256,0.29525214356178164,297.5,0.0017342765293702036,1.5701776066068553e-05,1.0,0.0,0.0,1.1565348014544004,lhs_candidate_000017_june2024_preflight,pa1_candidate_000017
2024-06-02T09:00,32.0,65.0,510.0,248.0,262.0,0.73,101090.0,24.5,1.68,0.39,32.5,0.16,0,1,0,1.0,32.588521762169776,84.18773383125396,0.029327070975600247,31.3281366779689,0.3746548134490992,54097.788799999995,0.777205479727411,433.5,0.0031489700480238593,2.3120719717236958e-05,1.0,0.0,0.0,1.1518620869569802,lhs_candidate_000017_june2024_preflight,pa1_candidate_000017
2024-06-02T10:00,33.0,61.0,705.0,426.0,279.0,0.32,101060.0,24.4,1.98,0.54,33.9,0.159,0,1,0,1.0,33.84936325260949,86.47426783887153,0.0321946993679934,31.637271654457933,0.36972017947242475,71855.8896,0.7134564091638431,599.25,0.002960191356394328,3.171032777989468e-05,1.0,0.0,0.0,1.1467909789808344,lhs_candidate_000017_june2024_preflight,pa1_candidate_000017
2024-06-02T11:00,34.0,57.0,821.0,573.0,248.0,0.14,100970.0,24.3,2.27,0.64,35.2,0.157,0,1,0,1.0,35.12905155924569,83.55230175222155,0.03325694990406774,32.04373691352908,0.3635374139970447,80973.23520000001,0.9314184725523491,697.85,0.003098200712863798,3.69977630259876e-05,1.0,0.0,0.0,1.141013521108054,lhs_candidate_000017_june2024_preflight,pa1_candidate_000017
2024-06-02T12:00,34.6,55.0,860.0,673.0,187.0,0.8,100910.0,24.2,2.48,0.68,36.1,0.155,0,1,0,1.0,35.997216797852445,76.6188350520077,0.031900064600899496,32.50217452027983,0.35669376577305184,82259.1088,1.3888623664656716,731.0,0.0037226512460733453,3.904224856509695e-05,1.0,0.0,0.0,1.1371331332897319,lhs_candidate_000017_june2024_preflight,pa1_candidate_000017
2024-06-02T13:00,34.8,55.0,913.0,742.0,171.0,0.82,100810.0,24.4,2.5,0.72,36.7,0.154,0,1,0,1.0,36.447071483451175,75.53407402463102,0.032186173692226365,32.98427341385438,0.3494460019973311,86360.1904,1.4895553572845346,776.05,0.003872650380168375,4.1458828255530616e-05,1.0,0.0,0.0,1.134355600453541,lhs_candidate_000017_june2024_preflight,pa1_candidate_000017
2024-06-02T14:00,34.6,56.0,656.0,386.0,270.0,0.92,100820.0,24.6,2.42,0.53,36.4,0.153,0,1,0,1.0,36.1203180914495,70.61892533552219,0.029589407563406504,33.40481966651609,0.3429883158277682,67227.248,1.7570850709486177,557.6,0.00391341224338407,3.0265619821513785e-05,1.0,0.0,0.0,1.135666724259647,lhs_candidate_000017_june2024_preflight,pa1_candidate_000017
2024-06-02T15:00,32.6,66.0,461.0,246.0,215.0,1.2,100830.0,25.5,1.67,0.37,35.5,0.161,0,1,0,1.0,34.400952574475845,73.03533974567051,0.027988308126351415,33.67953602998367,0.3383297765683409,48132.216,1.4666528387311861,391.84999999999997,0.004369247635712661,2.143002199977958e-05,1.0,0.0,0.0,1.1421289488901252,lhs_candidate_000017_june2024_preflight,pa1_candidate_000017
2024-06-02T16:00,31.5,71.0,398.0,260.0,138.0,1.0,100840.0,25.6,1.34,0.3,34.3,0.165,0,1,0,1.0,32.837864872997805,79.39398158111206,0.028024662524135623,33.83755356158529,0.3347537519203138,39879.1712,1.0271238211229887,338.3,0.003920187061827513,1.8335347045361568e-05,1.0,0.0,0.0,1.1480771744861142,lhs_candidate_000017_june2024_preflight,pa1_candidate_000017
2024-06-02T17:00,30.9,73.0,171.0,95.0,76.0,0.42,100820.0,25.5,1.21,0.13,33.2,0.165,0,1,0,1.0,31.71637255963846,78.80481390657282,0.026207979180854178,33.88855471677949,0.33236311775748123,17721.862399999998,0.9917432425851316,145.35,0.0030077594955088436,8.260047945700707e-06,1.0,0.0,0.0,1.1520719917673037,lhs_candidate_000017_june2024_preflight,pa1_candidate_000017
2024-06-02T18:00,30.7,73.0,54.0,19.0,35.0,0.64,100860.0,25.3,1.19,0.05,32.3,0.165,1,0,0,1.0,31.047741577659163,79.72172614848797,0.025581511300850002,33.83270563957828,0.33134645851532313,5983.383999999999,0.913499216311203,45.9,0.0014553700597693666,3.025374827367198e-06,1.0,0.0,0.0,1.1550623478692192,lhs_candidate_000017_june2024_preflight,pa1_candidate_000017
2024-06-02T19:00,30.4,75.0,0.0,0.0,0.0,0.89,100910.0,25.5,1.08,0.03,31.6,0.165,0,0,0,1.0,30.594955312323396,76.24524709206692,0.023878069081120015,33.7248050867275,0.3390320026287306,0.0,1.0428401047430271,0.0,0.0016940014151109004,7.242843823397803e-07,1.0,0.0,0.0,1.1573576355323238,lhs_candidate_000017_june2024_preflight,pa1_candidate_000017
2024-06-02T20:00,29.7,84.0,0.0,0.0,0.0,1.02,100970.0,26.7,0.67,0.0,30.9,0.164,0,0,0,1.0,30.013581399978676,82.71834405017552,0.025105627790808008,33.594927131288244,0.33891784730372015,0.0,0.7338433164989699,0.0,0.0019795856137304964,5.096766520650885e-07,1.0,0.0,0.0,1.1602665613036958,lhs_candidate_000017_june2024_preflight,pa1_candidate_000017
2024-06-02T21:00,29.5,84.0,0.0,0.0,0.0,0.94,101010.0,26.6,0.64,0.0,30.2,0.164,0,0,0,1.0,29.638861693269085,84.3739851970516,0.02509391773958318,33.455778528574484,0.33883383792461946,0.0,0.6494111480386575,0.0,0.0017320299941110874,4.510359259319535e-07,1.0,0.0,0.0,1.162162678908206,lhs_candidate_000017_june2024_preflight,pa1_candidate_000017
2024-06-02T22:00,29.1,86.0,0.0,0.0,0.0,0.94,101030.0,26.5,0.57,0.0,29.6,0.164,0,0,0,1.0,29.305061464838488,85.81652522093981,0.025064664912690483,33.313084907431275,0.33875660204926783,0.0,0.5782374026243122,0.0,0.0017808507749218986,4.016035805495896e-07,1.0,0.0,0.0,1.1636756456221753,lhs_candidate_000017_june2024_preflight,pa1_candidate_000017
2024-06-02T23:00,29.0,86.0,0.0,0.0,0.0,0.98,101020.0,26.4,0.55,0.0,29.2,0.164,0,0,0,1.0,29.095485679148076,86.37659053576718,0.02494227841553548,33.167270160598285,0.3386868246326897,0.0,0.5487283561524241,0.0,0.0017657760084570683,3.811086442692152e-07,1.0,0.0,0.0,1.1643672724991259,lhs_candidate_000017_june2024_preflight,pa1_candidate_000017
2024-06-03T00:00,28.6,87.0,0.0,0.0,0.0,0.98,100980.0,26.3,0.49,0.0,28.9,0.164,0,0,0,1.0,28.80590389672833,86.8552054066072,0.024687761594366132,33.020683908915565,0.3386195985453044,0.0,0.5206608198963689,0.0,0.0018450123154108147,3.616148809697823e-07,1.0,0.0,0.0,1.165022437713844,lhs_candidate_000017_june2024_preflight,pa1_candidate_000017
2024-06-03T01:00,28.2,90.0,0.0,0.0,0.0,1.17,100930.0,26.3,0.39,0.0,28.5,0.164,0,0,0,1.0,28.422757668965286,89.28549212575625,0.024852736298391544,32.86975983600679,0.3385606409564888,0.0,0.4150776564846823,0.0,0.0021609246651144508,2.8828414124342946e-07,1.0,0.0,0.0,1.1659250002411636,lhs_candidate_000017_june2024_preflight,pa1_candidate_000017
2024-06-03T02:00,28.1,93.0,0.0,0.0,0.0,1.24,100880.0,26.8,0.27,0.0,28.3,0.164,0,0,0,1.0,28.21109913127361,92.48145871316548,0.02544564272721416,32.71550605126847,0.3385169270416422,0.0,0.28770753710734853,0.0,0.0022101261592650597,1.9982169352764207e-07,1.0,0.0,0.0,1.166165881691628,lhs_candidate_000017_june2024_preflight,pa1_candidate_000017
2024-06-03T03:00,27.9,93.0,0.0,0.0,0.0,1.2,100840.0,26.7,0.26,0.0,28.2,0.164,0,0,0,1.0,28.041306141320472,92.72969675771553,0.025277426337228504,32.561957789027,0.3384823016709443,0.0,0.2754740389595862,0.0,0.0021613562320762863,1.913251544997436e-07,1.0,0.0,0.0,1.1663606358066643,lhs_candidate_000017_june2024_preflight,pa1_candidate_000017
2024-06-03T04:00,27.9,93.0,0.0,0.0,0.0,1.2,100820.0,26.6,0.28,0.0,28.0,0.164,0,0,0,1.0,27.964870515222902,92.9896604136323,0.025242136426627624,32.409709757136035,0.3384486755032322,0.0,0.2644444233281438,0.0,0.002114973318264404,1.836647487398088e-07,1.0,0.0,0.0,1.1664253195356524,lhs_candidate_000017_june2024_preflight,pa1_candidate_000017
2024-06-03T05:00,28.0,92.0,0.0,0.0,0.0,1.33,100840.0,26.5,0.31,0.0,27.8,0.164,0,0,0,1.0,28.014019258473688,92.30758671239396,0.025124700563476987,32.262110776897984,0.33841426830104904,0.0,0.29100529872147707,0.0,0.002307442504970509,2.021120899392583e-07,1.0,0.0,0.0,1.1664663135901683,lhs_candidate_000017_june2024_preflight,pa1_candidate_000017
2024-06-03T06:00,28.0,92.0,25.0,13.0,12.0,1.3,100880.0,26.7,0.29,0.01,28.0,0.164,1,0,0,1.0,28.07903736006883,93.44511435858284,0.02552524351435361,32.12690994951311,0.33828039127582143,2622.1888,0.2489126409579514,21.25,0.0022928491549614976,1.2797856226441236e-06,1.0,0.0,0.0,1.1666771402781326,lhs_candidate_000017_june2024_preflight,pa1_candidate_000017
2024-06-03T07:00,29.5,86.0,196.0,139.0,57.0,1.1,100930.0,27.0,0.56,0.14,30.5,0.164,0,0,0,1.0,29.226220439690778,99.72433700530613,0.029002175698122915,32.055141391897344,0.3454079768349627,19253.396800000002,0.01118735014572625,166.6,0.0020796538190834147,8.685930028130167e-06,1.0,2.327877543342919e-06,0.0,1.1628269479876177,lhs_candidate_000017_june2024_preflight,pa1_candidate_000017
2024-06-03T08:00,31.3,72.0,419.0,337.0,82.0,0.7,100950.0,25.6,1.3,0.31,31.6,0.163,0,0,0,1.0,31.24987626590695,100.0,0.03243793674221617,32.12205916857205,0.3429572481215125,39756.9568,0.0,356.15,0.0012623465795714138,1.8551780967937318e-05,1.0,6.181582227862008e-06,0.0,1.1553253442307003,lhs_candidate_000017_june2024_preflight,pa1_candidate_000017
2024-06-03T09:00,32.9,62.0,633.0,534.0,99.0,0.6,100950.0,24.6,1.91,0.48,33.3,0.162,0,0,0,1.0,33.36079638113826,99.99999999999999,0.03628612973882989,32.344796431121324,0.3387651654913351,59187.05760000001,0.0,538.05,0.0015004767241807969,2.8026914922922013e-05,1.0,2.458404235804549e-07,0.0,1.1473686929885023,lhs_candidate_000017_june2024_preflight,pa1_candidate_000017
2024-06-03T10:00,34.0,56.0,763.0,643.0,120.0,0.63,100900.0,24.0,2.35,0.59,34.8,0.16,0,1,0,1.0,34.93644188354562,80.07705130383366,0.03155594965809752,32.69004379353432,0.33310151695227874,71365.888,1.116274722324735,648.55,0.003276398960449377,3.455812439160633e-05,1.0,0.0,0.0,1.1409353297073082,lhs_candidate_000017_june2024_preflight,pa1_candidate_000017
2024-06-03T11:00,35.0,53.0,910.0,785.0,125.0,0.45,100830.0,23.9,2.65,0.71,36.1,0.158,0,1,0,1.0,36.265962000152285,78.54189387779898,0.03315718292323674,33.12620378741305,0.3262833253243408,84477.8,1.2935465568625935,773.5,0.0033392474010466543,4.11898651615783e-05,1.0,0.0,0.0,1.1352447492475195,lhs_candidate_000017_june2024_preflight,pa1_candidate_000017
2024-06-03T12:00,35.4,51.0,950.0,825.0,125.0,0.36,100780.0,23.9,2.79,0.75,36.9,0.156,0,1,0,1.0,37.04987641404273,74.73846221622524,0.03284818449403537,33.62098646977119,0.31868852083550875,87997.8,1.589426039673243,807.5,0.003520887727746948,4.316641559730294e-05,1.0,0.0,0.0,1.1318143145985218,lhs_candidate_000017_june2024_preflight,pa1_candidate_000017
2024-06-03T13:00,36.0,50.0,931.0,796.0,135.0,0.32,100720.0,23.8,2.98,0.74,37.4,0.154,0,1,0,1.0,37.60448371997235,72.95988579347447,0.032988576741253994,34.12046485669656,0.3109875709657604,86677.624,1.753384099060864,791.35,0.003472753982353847,4.2173813874010535e-05,0.9937504380602494,0.0,0.0,1.1291217217318315,lhs_candidate_000017_june2024_preflight,pa1_candidate_000017
2024-06-03T14:00,35.5,54.0,757.0,594.0,163.0,0.8,100580.0,24.7,2.68,0.61,37.3,0.153,0,1,0,1.0,37.33967219584403,68.29909444280025,0.030466461329438452,34.56405905469787,0.30420966662251475,72350.7312,2.026271336324469,643.4499999999999,0.003947246187948925,3.324502153157577e-05,0.9519115223612021,0.0,0.0,1.128513922238758,lhs_candidate_000017_june2024_preflight,pa1_candidate_000017
2024-06-03T15:00,34.7,56.0,570.0,403.0,167.0,1.08,100620.0,24.5,2.44,0.46,36.6,0.154,0,1,0,1.0,36.37206268158368,65.60137810990426,0.027845988614625554,34.89030182311753,0.29901909841915103,56035.4608,2.085710552659832,484.5,0.004165569458226687,2.454776537795386e-05,0.919870977895994,0.0,0.0,1.1324920210631695,lhs_candidate_000017_june2024_preflight,pa1_candidate_000017
2024-06-03T16:00,33.0,64.0,347.0,220.0,127.0,1.06,100620.0,25.4,1.78,0.28,35.4,0.158,0,1,0,1.0,34.61993145271458,68.31319307798763,0.026479777609572527,35.07479096354836,0.2954774888100598,35004.1648,1.7445608356626274,294.95,0.004122683817348578,1.4884983971747545e-05,0.8980091901855544,0.0,0.0,1.138939287133587,lhs_candidate_000017_june2024_preflight,pa1_candidate_000017
2024-06-03T17:00,32.6,66.0,150.0,87.0,63.0,0.82,100610.0,25.4,1.66,0.13,34.2,0.158,0,1,0,1.0,33.33773849899789,69.45670558792497,0.025172552400691647,35.11093533325687,0.29353006206151744,15416.491199999999,1.5657187830675787,127.5,0.0033616619782830728,6.847702902163135e-06,0.8859880374167743,0.0,0.0,1.1435903795370472,lhs_candidate_000017_june2024_preflight,pa1_candidate_000017
2024-06-03T18:00,32.1,70.0,65.0,43.0,22.0,1.04,100630.0,25.8,1.45,0.06,33.3,0.158,1,0,0,1.0,32.55739305335556,72.83884170536494,0.025331821310791376,35.05433808111613,0.29261034159527216,6494.0127999999995,1.332690550871083,55.25,0.0020983200098035177,3.3483109201786596e-06,0.8803107505880997,0.0,0.0,1.146737407835964,lhs_candidate_000017_june2024_preflight,pa1_candidate_000017
2024-06-03T19:00,31.4,75.0,0.0,0.0,0.0,1.04,100720.0,26.5,1.13,0.03,32.4,0.158,0,0,0,1.0,31.76859308265836,74.88271462917454,0.024973074314815318,34.94463361524352,0.30024974783348546,0.0,1.1787419560702483,0.0,0.0020440906479334627,7.592920896346785e-07,0.9274675792190461,0.0,0.0,1.1507321811584772,lhs_candidate_000017_june2024_preflight,pa1_candidate_000017
2024-06-03T20:00,31.1,79.0,0.0,0.0,0.0,1.12,100810.0,26.9,0.96,0.01,31.9,0.157,0,0,0,1.0,31.267529825060524,78.90252507368953,0.025618551987448644,34.80544694515561,0.3001257364925548,0.0,0.9623554703624793,0.0,0.002044526713305485,6.193940824185907e-07,0.9267020771145359,0.0,0.0,1.1536562041058809,lhs_candidate_000017_june2024_preflight,pa1_candidate_000017
2024-06-03T21:00,30.7,82.0,0.0,0.0,0.0,1.0,100890.0,27.3,0.8,0.0,31.4,0.157,0,0,0,1.0,30.89621577841236,81.85211652919251,0.02605245000334532,34.6605973387232,0.30002336390169015,0.0,0.8105054641244278,0.0,0.0018691909845867229,5.213042046397028e-07,0.9260701475412972,0.0,0.0,1.1559817250562936,lhs_candidate_000017_june2024_preflight,pa1_candidate_000017
2024-06-03T22:00,30.2,86.0,0.0,0.0,0.0,1.1,100900.0,27.6,0.61,0.0,30.9,0.157,0,0,0,1.0,30.448692428798623,85.30748477770496,0.02650656766739748,34.51001695783225,0.29993921910323795,0.0,0.6396377821706221,0.0,0.002063373860145818,4.111740853159244e-07,0.9255507352051725,0.0,0.0,1.1578004613152002,lhs_candidate_000017_june2024_preflight,pa1_candidate_000017
2024-06-03T23:00,29.5,91.0,0.0,0.0,0.0,1.32,100890.0,27.9,0.36,0.0,30.2,0.157,0,0,0,1.0,29.84378243671215,89.55760914914649,0.026932897618313283,34.35098103610687,0.2998765533236075,0.0,0.43912276834524366,0.0,0.002468941683519571,2.8216038184878047e-07,0.9251639094049847,0.0,0.0,1.159996968207692,lhs_candidate_000017_june2024_preflight,pa1_candidate_000017
2024-06-04T00:00,29.3,90.0,0.0,0.0,0.0,1.4,100870.0,27.5,0.4,0.0,29.7,0.157,0,0,0,1.0,29.462310220582445,89.78516639561045,0.02644874395271357,34.1832568753388,0.29982835873640296,0.0,0.4202329030221521,0.0,0.002505688085348012,2.699357818468844e-07,0.9248664119531047,0.0,0.0,1.1612290143895525,lhs_candidate_000017_june2024_preflight,pa1_candidate_000017
2024-06-04T01:00,29.1,90.0,0.0,0.0,0.0,1.43,100790.0,27.2,0.42,0.0,29.2,0.157,0,0,0,1.0,29.24417105840791,89.76046243343346,0.026129941909902546,34.01397569347656,0.299779917990291,0.0,0.41598610793594304,0.0,0.0025466997038199987,2.671214708355017e-07,0.9245673950017964,0.0,0.0,1.1611450591773254,lhs_candidate_000017_june2024_preflight,pa1_candidate_000017
2024-06-04T02:00,28.5,88.0,0.0,0.0,0.0,1.33,100750.0,26.4,0.45,0.0,28.7,0.157,0,0,0,1.0,28.801138581037463,87.52773622404612,0.02487245412938475,33.84241529870438,0.299727315854592,0.0,0.4938858759468876,0.0,0.0024632395513994087,3.1703267645157507e-07,0.9242426904604445,0.0,0.0,1.1623872350749453,lhs_candidate_000017_june2024_preflight,pa1_candidate_000017
2024-06-04T03:00,28.1,91.0,0.0,0.0,0.0,1.41,100730.0,26.4,0.36,0.0,28.4,0.157,0,0,0,1.0,28.343945627687987,90.04692159495688,0.024956777799043667,33.66385533073107,0.29967588229366965,0.0,0.3838197939693688,0.0,0.0025643136296482935,2.462949892214754e-07,0.9239251993436398,0.0,0.0,1.1639188113697976,lhs_candidate_000017_june2024_preflight,pa1_candidate_000017
2024-06-04T04:00,27.8,92.0,0.0,0.0,0.0,1.4,100720.0,26.3,0.31,0.0,28.1,0.157,0,0,0,1.0,28.004005402468906,91.3379371061807,0.024847112846094976,33.48091834051128,0.2996352611057726,0.0,0.3274963133905806,0.0,0.002527595286600668,2.1009549633859758e-07,0.9236744512702012,0.0,0.0,1.165116954778198,lhs_candidate_000017_june2024_preflight,pa1_candidate_000017
2024-06-04T05:00,27.8,91.0,0.0,0.0,0.0,1.2,100840.0,26.3,0.33,0.0,27.8,0.157,0,0,0,1.0,27.882807140661274,91.07243279239746,0.024610499035802823,33.29761091399761,0.2995975592579804,0.0,0.3351599710981663,0.0,0.002125967475010485,2.1495771343511543e-07,0.9234417238146937,0.0,0.0,1.1669747449362955,lhs_candidate_000017_june2024_preflight,pa1_candidate_000017
2024-06-04T06:00,27.8,92.0,26.0,14.0,12.0,1.41,100860.0,26.5,0.28,0.01,28.0,0.157,1,0,0,1.0,27.906750621612613,93.03866523390204,0.02517493482824365,33.12550393805856,0.2994670906439963,2710.1888,0.2617082890257514,22.099999999999998,0.0024940668240766364,1.229827141261825e-06,0.9226363619999771,0.0,0.0,1.167113366093644,lhs_candidate_000017_june2024_preflight,pa1_candidate_000017
2024-06-04T07:00,30.5,76.0,199.0,144.0,55.0,1.02,100870.0,25.8,1.04,0.14,30.5,0.157,0,0,0,1.0,29.771640140329154,91.12877057463821,0.027298567198922683,33.02553403285038,0.3065886419993179,19447.032000000003,0.3715097002925165,169.15,0.002233792207802583,8.76607761084847e-06,0.966596555551345,1.3432249784311085e-07,0.0,1.160043219681514,lhs_candidate_000017_june2024_preflight,pa1_candidate_000017
2024-06-04T08:00,32.3,63.0,427.0,348.0,79.0,0.58,100910.0,24.4,1.78,0.32,32.0,0.156,0,0,0,1.0,32.24518253833452,100.0,0.03420643398141059,33.08549774752076,0.30416275913179874,40355.4096,0.0,362.95,0.0010704890719438103,1.7991356954133973e-05,0.951621969949375,1.5078491071070208e-06,0.0,1.1511037612422552,lhs_candidate_000017_june2024_preflight,pa1_candidate_000017
2024-06-04T09:00,33.6,58.0,638.0,545.0,93.0,0.5,100910.0,24.2,2.19,0.49,33.8,0.155,0,1,0,1.0,34.26136206714611,80.31644140938296,0.030554697932342164,33.305745415824006,0.3001502040527272,59415.9632,1.0623528187284057,542.3,0.002947488696430447,2.6865887668030312e-05,0.9268531114365876,0.0,0.0,1.1435541644305156,lhs_candidate_000017_june2024_preflight,pa1_candidate_000017
2024-06-04T10:00,34.7,54.0,812.0,710.0,102.0,0.81,100880.0,24.1,2.54,0.64,35.3,0.153,0,1,0,1.0,35.887088575121666,72.92763454773868,0.030191006411526455,33.65611137571591,0.2947392922898467,75044.60479999999,1.5984313038354676,690.1999999999999,0.0036169561124336606,3.3113613357732706e-05,0.8934524215422636,0.0,0.0,1.137200177157867,lhs_candidate_000017_june2024_preflight,pa1_candidate_000017
2024-06-04T11:00,35.5,52.0,925.0,818.0,107.0,0.91,100820.0,24.1,2.77,0.73,36.5,0.152,0,1,0,1.0,37.17881299481169,68.24701587121896,0.030193805464262563,34.1009519878318,0.2884909982139373,85164.5168,2.0119284788017096,786.25,0.003978227115011911,3.620680301282918e-05,0.8548827050243044,0.0,0.0,1.13179309928765,lhs_candidate_000017_june2024_preflight,pa1_candidate_000017
2024-06-04T12:00,36.0,51.0,971.0,854.0,117.0,0.95,100750.0,24.2,2.92,0.77,37.3,0.15,0,1,0,1.0,38.057793150465685,64.65299230732333,0.029915299287186305,34.59708796448585,0.2819569053571049,89564.3408,2.3489812264045025,825.35,0.004193730825383191,3.634822422394438e-05,0.8145487985006474,0.0,0.0,1.127812853109519,lhs_candidate_000017_june2024_preflight,pa1_candidate_000017
2024-06-04T13:00,36.0,52.0,945.0,833.0,112.0,0.95,100670.0,24.4,2.87,0.75,37.7,0.148,0,1,0,1.0,38.358355585962,62.76020509450809,0.029486106426089984,35.09749514529458,0.27564392145267214,87100.4288,2.515253492202489,803.25,0.00432426565322052,3.3806009040612125e-05,0.7755797620535317,0.0,0.0,1.1258300001364363,lhs_candidate_000017_june2024_preflight,pa1_candidate_000017
2024-06-04T14:00,36.1,51.0,827.0,693.0,134.0,1.48,100590.0,24.4,2.91,0.67,37.7,0.147,0,1,0,1.0,38.292784952358154,58.384368752182624,0.027339143224712363,35.549785159019294,0.2700382488043588,77490.4416,2.800881773233903,702.9499999999999,0.004860503500881127,2.8573416062820907e-05,0.7409768444713505,0.0,0.0,1.125172172392277,lhs_candidate_000017_june2024_preflight,pa1_candidate_000017
2024-06-04T15:00,35.3,54.0,617.0,439.0,178.0,1.87,100570.0,24.4,2.65,0.51,37.2,0.146,0,1,0,1.0,37.404152356600875,57.30688942274561,0.025647490200452233,35.898919788441205,0.26559881423488496,60558.4672,2.7384504094943045,524.4499999999999,0.0053575624649433665,2.085090873595883e-05,0.7135729273758331,0.0,0.0,1.1281674322797823,lhs_candidate_000017_june2024_preflight,pa1_candidate_000017
2024-06-04T16:00,32.7,64.0,276.0,103.0,173.0,2.19,100640.0,25.1,1.77,0.25,35.6,0.15,0,1,0,1.0,34.747956159916356,61.86190180715473,0.02413974157186945,36.06228756225056,0.2628720564952532,30374.555199999995,2.114690883991346,234.6,0.005808977615199956,9.537677478760824e-06,0.6967410894768715,0.0,0.0,1.1386920035954606,lhs_candidate_000017_june2024_preflight,pa1_candidate_000017
2024-06-04T17:00,32.3,67.0,175.0,96.0,79.0,0.57,100660.0,25.5,1.57,0.14,34.4,0.15,0,1,0,1.0,33.18102543130493,69.10724187854616,0.02483982288795273,36.05314205376987,0.26147247923036826,18179.4096,1.5697999421918873,148.75,0.0031832277403999187,6.081877452857723e-06,0.6881017236442485,0.0,0.0,1.144744037538227,lhs_candidate_000017_june2024_preflight,pa1_candidate_000017
2024-06-04T18:00,31.9,69.0,64.0,33.0,31.0,0.41,100610.0,25.5,1.46,0.05,33.5,0.15,1,1,0,1.0,32.42339443050762,70.1189621757123,0.024213227351136846,35.96876368179511,0.26069080721492993,6722.6544,1.455124394470678,54.4,0.0027459264130661656,2.6267293189215338e-06,0.683276587746481,0.0,0.0,1.1470122582063633,lhs_candidate_000017_june2024_preflight,pa1_candidate_000017
2024-06-04T19:00,31.3,74.0,0.0,0.0,0.0,0.94,100760.0,26.0,1.21,0.03,32.6,0.15,0,0,0,1.0,31.67122071751944,73.74965985429982,0.024467777056764974,35.82654684216509,0.2684088661844201,0.0,1.225141726834035,0.0,0.0018956401808548015,6.219377752284254e-07,0.7309189270643217,0.0,0.0,1.151556920522353,lhs_candidate_000017_june2024_preflight,pa1_candidate_000017
2024-06-04T20:00,30.9,77.0,0.0,0.0,0.0,0.92,100750.0,26.5,1.02,0.0,32.0,0.15,0,0,0,1.0,31.128787953646604,76.81157865605665,0.024755006355045517,35.65646418206213,0.2683050757158839,0.0,1.0494238191127576,0.0,0.0017657876927866835,5.322683916159784e-07,0.7302782451597772,0.0,0.0,1.1534952911552026,lhs_candidate_000017_june2024_preflight,pa1_candidate_000017
2024-06-04T21:00,30.6,80.0,0.0,0.0,0.0,1.08,100780.0,26.9,0.86,0.0,31.5,0.15,0,0,0,1.0,30.780257131902204,79.74941818239407,0.025225589786382115,35.48088514936215,0.26821636187288084,0.0,0.8984562910507954,0.0,0.0019875741420049796,4.5535585513262897e-07,0.7297306288449434,0.0,0.0,1.1551619237427142,lhs_candidate_000017_june2024_preflight,pa1_candidate_000017
2024-06-04T22:00,30.4,82.0,0.0,0.0,0.0,1.06,100830.0,27.1,0.77,0.0,31.2,0.15,0,0,0,1.0,30.539688963599144,81.90718307389625,0.02557505503917286,35.30343777727302,0.26813956383686455,0.0,0.7917763543868568,0.0,0.0019283265440655844,4.010276086166792e-07,0.7292565668942256,0.0,0.0,1.1566505513993461,lhs_candidate_000017_june2024_preflight,pa1_candidate_000017
2024-06-04T23:00,30.2,84.0,0.0,0.0,0.0,1.03,100850.0,27.2,0.68,0.0,30.9,0.15,0,0,0,1.0,30.33875548457,83.83841029014847,0.02589620874816697,35.12619786588325,0.2680716514293467,0.0,0.6991840939399752,0.0,0.0018785215391912786,3.539268891984217e-07,0.72883735450214,0.0,0.0,1.1576459230123934,lhs_candidate_000017_june2024_preflight,pa1_candidate_000017
2024-06-05T00:00,30.0,85.0,0.0,0.0,0.0,0.89,100830.0,27.2,0.62,0.0,30.7,0.15,0,0,0,1.0,30.141685436564757,84.97674721938127,0.02597018961691222,34.94955322665943,0.26801071863658643,0.0,0.6426451025965991,0.0,0.0016532042666353086,3.2513897991165676e-07,0.7284612261517681,0.0,0.0,1.1581684004572275,lhs_candidate_000017_june2024_preflight,pa1_candidate_000017
2024-06-05T01:00,29.8,86.0,0.0,0.0,0.0,0.81,100770.0,27.2,0.59,0.0,30.5,0.149,0,0,0,1.0,29.94444263436466,85.96807778122988,0.025994591546627914,34.7735141281593,0.2679544594588086,0.0,0.5934889386811752,0.0,0.0015277037947194875,3.0012583085759507e-07,0.7281139472765962,0.0,0.0,1.158232464853238,lhs_candidate_000017_june2024_preflight,pa1_candidate_000017
2024-06-05T02:00,29.6,89.0,0.0,0.0,0.0,0.81,100750.0,27.6,0.45,0.0,30.3,0.149,0,0,0,1.0,29.747857576258177,88.4923874382434,0.026474688460507653,34.59806111460951,0.2679051805542175,0.0,0.48125813609605084,0.0,0.001530664672581895,2.4326932714350583e-07,0.7278097565075156,0.0,0.0,1.1587541487135784,lhs_candidate_000017_june2024_preflight,pa1_candidate_000017
2024-06-05T03:00,29.5,89.0,0.0,0.0,0.0,0.85,100720.0,27.5,0.46,0.0,30.2,0.149,0,0,0,1.0,29.60947419928155,89.05290386392177,0.026443323383784516,34.42377380587599,0.26786327454418035,0.0,0.454188705501569,0.0,0.0015628479363234153,2.2950450483431487e-07,0.727551077433212,0.0,0.0,1.1589385885339019,lhs_candidate_000017_june2024_preflight,pa1_candidate_000017
2024-06-05T04:00,29.4,89.0,0.0,0.0,0.0,0.95,100730.0,27.4,0.44,0.0,30.1,0.149,0,0,0,1.0,29.504147042250914,89.03020406869699,0.026285969182209528,34.25208916513242,0.2678220726492913,0.0,0.4523801170126771,0.0,0.0017224746767591037,2.2851070406150059e-07,0.7272967447487118,0.0,0.0,1.1594570180503123,lhs_candidate_000017_june2024_preflight,pa1_candidate_000017
2024-06-05T05:00,29.2,89.0,0.0,0.0,0.0,1.02,100760.0,27.3,0.43,0.0,29.9,0.149,0,0,0,1.0,29.34280116514881,88.87521904123693,0.02601131748336747,34.082663922207416,0.26778080318573366,0.0,0.4545272062307011,0.0,0.0018652595986109342,2.295148427434521e-07,0.7270419949736646,0.0,0.0,1.160420958407169,lhs_candidate_000017_june2024_preflight,pa1_candidate_000017
2024-06-05T06:00,29.2,89.0,25.0,13.0,12.0,1.17,100760.0,27.2,0.43,0.02,29.9,0.149,1,0,0,1.0,29.311218389310866,89.97289032971487,0.026287420717113836,33.9215337312657,0.26766919516047655,2622.1888,0.4089342360893067,21.25,0.0020927519146929385,1.0103030028737826e-06,0.7263530565461516,0.0,0.0,1.1605421287019995,lhs_candidate_000017_june2024_preflight,pa1_candidate_000017
2024-06-05T07:00,30.2,83.0,185.0,123.0,62.0,0.98,100870.0,26.9,0.74,0.13,30.9,0.149,0,0,0,1.0,30.1952008793176,93.72306284763246,0.02872607341340436,33.81862918063468,0.27501345944146227,18461.308800000003,0.2693310395905506,157.25,0.0016980461458896605,6.465340473262337e-06,0.7716880212435943,0.0,0.0,1.1584234519648582,lhs_candidate_000017_june2024_preflight,pa1_candidate_000017
2024-06-05T08:00,32.0,69.0,414.0,327.0,87.0,0.64,100910.0,25.6,1.47,0.31,32.3,0.148,0,0,0,1.0,32.1821771356157,97.49223441968316,0.03323713910605502,33.848729357049976,0.27316665855140326,39492.8688,0.12047164144588152,351.9,0.0013003389067924285,1.3999997180895112e-05,0.7602880157494029,0.0,0.0,1.1513412919104233,lhs_candidate_000017_june2024_preflight,pa1_candidate_000017
2024-06-05T09:00,33.4,62.0,624.0,526.0,98.0,0.64,100870.0,25.0,1.96,0.48,34.0,0.147,0,1,0,1.0,34.274876050577944,76.24422149054287,0.02902602177250168,34.03708974574813,0.2699969997045295,58359.875199999995,1.2831001677607397,530.4,0.003246095365544304,2.112508686928024e-05,0.7407222203983302,0.0,0.0,1.143050618590082,lhs_candidate_000017_june2024_preflight,pa1_candidate_000017
2024-06-05T10:00,34.5,57.0,795.0,683.0,112.0,0.63,100840.0,24.7,2.37,0.62,35.5,0.146,0,1,0,1.0,36.02148368581678,69.85736215845306,0.0291214042645609,34.35887022808505,0.26574301952525764,73900.4288,1.792885363794622,675.75,0.003632471951566861,2.603853110110154e-05,0.7144630834892447,0.0,0.0,1.136255126580246,lhs_candidate_000017_june2024_preflight,pa1_candidate_000017
2024-06-05T11:00,35.4,54.0,905.0,782.0,123.0,1.03,100800.0,24.7,2.63,0.72,36.7,0.145,0,1,0,1.0,37.40968573993276,63.737617412297816,0.0285336039045428,34.77712520146131,0.2608260772282248,83967.43519999999,2.3266653533694974,769.25,0.004257746845282763,2.851788670768036e-05,0.6841115878285483,0.0,0.0,1.1307273638824642,lhs_candidate_000017_june2024_preflight,pa1_candidate_000017
2024-06-05T12:00,35.5,54.0,831.0,696.0,135.0,1.62,100740.0,24.8,2.64,0.67,37.2,0.143,0,1,0,1.0,37.82600778171594,58.93232787999912,0.02694861677510269,35.215047839855266,0.25598442043275366,77877.624,2.6951414128024824,706.35,0.005089249259995255,2.5295920441838465e-05,0.6542248174861337,0.0,0.0,1.1285414410905261,lhs_candidate_000017_june2024_preflight,pa1_candidate_000017
2024-06-05T13:00,35.1,56.0,805.0,547.0,258.0,1.48,100700.0,24.9,2.5,0.65,37.3,0.142,0,1,0,1.0,37.58634068770542,59.723048648536974,0.02697860207199763,35.615793392815306,0.25159471327348987,79917.0592,2.6091426050887025,684.25,0.004967038311778516,2.348880593490669e-05,0.6271278597129004,0.0,0.0,1.1289634248913807,lhs_candidate_000017_june2024_preflight,pa1_candidate_000017
2024-06-05T14:00,35.2,54.0,550.0,255.0,295.0,1.24,100620.0,24.6,2.59,0.46,37.1,0.141,0,1,0,1.0,37.081186771758475,57.36930321495922,0.025254760095130557,35.92685626322622,0.24806382004248048,58778.808000000005,2.686849018334584,467.5,0.004444528838113772,1.587064784862957e-05,0.6053322224844474,0.0,0.0,1.1299033794039492,lhs_candidate_000017_june2024_preflight,pa1_candidate_000017
2024-06-05T15:00,34.0,59.0,452.0,267.0,185.0,1.0,100640.0,24.9,2.16,0.37,36.5,0.144,0,1,0,1.0,35.9604609978198,60.570749080491325,0.025170661707922516,36.124524595435275,0.2454892610256101,46284.744000000006,2.337413902107054,384.2,0.004208023256946412,1.2753301248395507e-05,0.5894398828741365,0.0,0.0,1.1342254140184385,lhs_candidate_000017_june2024_preflight,pa1_candidate_000017
2024-06-05T16:00,31.1,80.0,284.0,151.0,133.0,1.0,100700.0,27.2,0.92,0.22,35.0,0.157,0,1,0,1.0,33.35072457180002,75.61529666834002,0.02742330998731899,36.20683853852224,0.2436442069031914,29671.259199999997,1.2509239271874941,241.4,0.004343559158577326,7.7708979188854e-06,0.5780506598962433,0.0,0.0,1.1445648747196584,lhs_candidate_000017_june2024_preflight,pa1_candidate_000017
2024-06-05T17:00,30.7,80.0,153.0,74.0,79.0,1.63,100770.0,26.9,0.87,0.13,33.6,0.172,0,1,0,1.0,31.655071903478316,79.04599973966344,0.026202340640754055,36.15293688194032,0.24256766694524176,16243.409599999999,0.9770595441650598,130.04999999999998,0.004612561772990483,4.258613106859513e-06,0.5714053515138381,0.0,0.0,1.1517322240847936,lhs_candidate_000017_june2024_preflight,pa1_candidate_000017
2024-06-05T18:00,30.0,83.0,44.0,18.0,26.0,1.66,100810.0,26.7,0.74,0.05,32.3,0.178,1,1,0,1.0,30.62637529571472,81.37284731621253,0.025527020761255365,36.01315658411235,0.24205626202773317,4786.7424,0.8192053774657464,37.4,0.004527284562481581,1.430350651798389e-06,0.56824853103539,0.0,0.0,1.1560911265051304,lhs_candidate_000017_june2024_preflight,pa1_candidate_000017
2024-06-05T19:00,29.7,81.0,0.0,0.0,0.0,1.51,100900.0,26.0,0.81,0.03,31.3,0.178,0,0,0,1.0,29.977599051174266,80.65596335774927,0.024432107505646228,35.819092040381626,0.24991101705997645,0.0,0.81972605448694,0.0,0.0027444458046914236,3.511223710894362e-07,0.6167346732097312,0.0,0.0,1.159599809614871,lhs_candidate_000017_june2024_preflight,pa1_candidate_000017
2024-06-05T20:00,29.6,80.0,0.0,0.0,0.0,1.4,100990.0,25.8,0.83,0.01,30.9,0.178,0,0,0,1.0,29.726669441655257,80.07783221342821,0.02392978494812926,35.60974130469539,0.24984742692294226,0.0,0.8321480649954118,0.0,0.0024871901129536406,3.56216364296241e-07,0.6163421414996436,0.0,0.0,1.161595711630123,lhs_candidate_000017_june2024_preflight,pa1_candidate_000017
2024-06-05T21:00,29.5,81.0,0.0,0.0,0.0,1.17,101070.0,25.8,0.8,0.0,30.5,0.179,0,0,0,1.0,29.61178262439605,80.97618166129995,0.02404803551323447,35.40301854771956,0.249784763948502,0.0,0.7893920703747526,0.0,0.002093031796030997,3.3770179986493396e-07,0.6159553330154444,0.0,0.0,1.1629570100138809,lhs_candidate_000017_june2024_preflight,pa1_candidate_000017
2024-06-05T22:00,29.3,81.0,0.0,0.0,0.0,1.12,101060.0,25.7,0.77,0.0,30.2,0.179,0,0,0,1.0,29.450378525584277,81.01045871058095,0.023848454660783284,35.199605006801804,0.24972443180441994,0.0,0.780683135635611,0.0,0.002034296807883069,3.337741894153711e-07,0.6155829123729626,0.0,0.0,1.1634621940870655,lhs_candidate_000017_june2024_preflight,pa1_candidate_000017
2024-06-05T23:00,28.6,86.0,0.0,0.0,0.0,1.32,101060.0,26.1,0.54,0.0,29.9,0.179,0,0,0,1.0,28.956351191622023,84.54842311729841,0.024230048503270096,34.9950068817898,0.24966974245412302,0.0,0.6173808288047691,0.0,0.00247604571688791,2.638109738021221e-07,0.6152453237908828,0.0,0.0,1.1653647761534256,lhs_candidate_000017_june2024_preflight,pa1_candidate_000017
2024-06-06T00:00,28.1,89.0,0.0,0.0,0.0,1.24,101030.0,26.1,0.42,0.0,29.5,0.178,0,0,0,1.0,28.407416697257606,87.76989024329275,0.024410363405931616,34.782473450909585,0.2496281469774139,0.0,0.47337003593312055,0.0,0.0023223696010431314,2.0218977928431927e-07,0.6149885615889746,0.0,0.0,1.1671395543062808,lhs_candidate_000017_june2024_preflight,pa1_candidate_000017
2024-06-06T01:00,27.9,90.0,0.0,0.0,0.0,1.17,100930.0,26.2,0.37,0.0,29.2,0.178,0,0,0,1.0,28.08911243293159,89.36579896448954,0.024424445884701284,34.565388888880335,0.24959483864287563,0.0,0.40405576551846023,0.0,0.002140775895015551,1.7252598754810597e-07,0.614782954585652,0.0,0.0,1.1672163508853788,lhs_candidate_000017_june2024_preflight,pa1_candidate_000017
2024-06-06T02:00,27.7,92.0,0.0,0.0,0.0,1.17,100860.0,26.3,0.3,0.0,28.8,0.178,0,0,0,1.0,27.87873182106838,91.22828031985287,0.024647093017168824,34.34897711632234,0.24956658128329165,0.0,0.32923091915931435,0.0,0.0021345506840437438,1.4053697182167864e-07,0.6146085264400719,0.0,0.0,1.1672219973077451,lhs_candidate_000017_june2024_preflight,pa1_candidate_000017
2024-06-06T03:00,27.5,92.0,0.0,0.0,0.0,1.12,100840.0,26.1,0.28,0.0,28.5,0.178,0,0,0,1.0,27.67863382184736,91.47432927540709,0.02444307641827271,34.1342851350244,0.2495420408974432,0.0,0.31628315622695125,0.0,0.0020528218619743897,1.3497675604469925e-07,0.6144570425768099,0.0,0.0,1.167766774284096,lhs_candidate_000017_june2024_preflight,pa1_candidate_000017
2024-06-06T04:00,27.5,92.0,0.0,0.0,0.0,1.02,100860.0,26.1,0.3,0.0,28.3,0.178,0,0,0,1.0,27.598434811115773,91.76533384774612,0.024412796688267544,33.92253079081448,0.24951829407890092,0.0,0.30406047060936947,0.0,0.0018346688762908077,1.2972965636659936e-07,0.6143104572771662,0.0,0.0,1.1683098461472636,lhs_candidate_000017_june2024_preflight,pa1_candidate_000017
2024-06-06T05:00,27.9,91.0,0.0,0.0,0.0,1.1,100920.0,26.2,0.35,0.0,28.2,0.178,0,0,0,1.0,27.824914991675836,91.4954320217306,0.024646251774108174,33.71904380728971,0.2494947072094479,0.0,0.31820407078808666,0.0,0.0019524768960881547,1.3573195084072466e-07,0.6141648593175797,0.0,0.0,1.1681251921983367,lhs_candidate_000017_june2024_preflight,pa1_candidate_000017
2024-06-06T06:00,28.1,91.0,21.0,8.0,13.0,1.2,100950.0,26.4,0.36,0.02,28.4,0.178,1,0,0,1.0,28.121513375652935,91.87788917088758,0.02515569693837359,33.53462707958667,0.2494190544524426,2305.3712,0.30918899713918213,17.849999999999998,0.0020881857064732785,7.024042666964925e-07,0.6136978669903865,0.0,0.0,1.167322087276747,lhs_candidate_000017_june2024_preflight,pa1_candidate_000017
2024-06-06T07:00,29.3,87.0,167.0,87.0,80.0,1.1,100970.0,26.9,0.54,0.12,30.5,0.178,0,0,0,1.0,29.21860812309469,94.77591817180006,0.027551650675281487,33.41123250056883,0.2569268292635478,17510.592,0.21191807486416314,141.95,0.001956418428956157,4.977595832387193e-06,0.660042155947826,0.0,0.0,1.1633170793982295,lhs_candidate_000017_june2024_preflight,pa1_candidate_000017
2024-06-06T08:00,30.1,80.0,359.0,210.0,149.0,0.85,101030.0,26.3,0.86,0.26,30.9,0.178,0,1,0,1.0,30.654471839885243,90.02805339545057,0.028284913828874946,33.407186710641305,0.2555342451368697,36834.177599999995,0.43926116800510817,305.15,0.0032827304262709666,1.0553608016133023e-05,0.651445957634998,0.0,0.0,1.158506939645328,lhs_candidate_000017_june2024_preflight,pa1_candidate_000017
2024-06-06T09:00,32.0,65.0,551.0,405.0,146.0,0.92,101010.0,24.6,1.66,0.42,32.3,0.176,0,1,0,1.0,32.692842499084335,76.26203755437865,0.026713338536204962,33.53687080366691,0.2531398866034797,53624.6304,1.173635475952306,468.34999999999997,0.003462821764042465,1.6051228822584107e-05,0.6366659666881462,0.0,0.0,1.1505579524885214,lhs_candidate_000017_june2024_preflight,pa1_candidate_000017
2024-06-06T10:00,33.6,56.0,779.0,643.0,136.0,0.61,100980.0,23.6,2.28,0.6,34.2,0.174,0,1,0,1.0,35.015855837588674,67.66951831463582,0.026776937333783224,33.81991095930583,0.2497053832243986,73336.8064,1.8194336209270419,662.15,0.003557788431450431,2.2005908049569538e-05,0.6154653285456705,0.0,0.0,1.1415456857921782,lhs_candidate_000017_june2024_preflight,pa1_candidate_000017
2024-06-06T11:00,34.5,53.0,914.0,794.0,120.0,0.92,100920.0,23.5,2.57,0.71,35.6,0.172,0,1,0,1.0,36.71940800651731,60.850346219486504,0.026294769978974165,34.23313341919445,0.24548051570141266,84653.888,2.4192717602130336,776.9,0.004240115203543501,2.4841920826559895e-05,0.5893858993914362,0.0,0.0,1.1345953209234996,lhs_candidate_000017_june2024_preflight,pa1_candidate_000017
2024-06-06T12:00,35.0,52.0,952.0,811.0,141.0,1.48,100830.0,23.6,2.7,0.76,36.5,0.169,0,1,0,1.0,37.646031225392086,56.34133773494824,0.025528592293057966,34.70736510595921,0.2410108445143098,88736.7184,2.837378719725521,809.1999999999999,0.005022568373474679,2.4787370690415075e-05,0.5617953365080851,0.0,0.0,1.1302037700066507,lhs_candidate_000017_june2024_preflight,pa1_candidate_000017
2024-06-06T13:00,35.1,52.0,862.0,700.0,162.0,1.32,100730.0,23.7,2.72,0.69,36.8,0.167,0,1,0,1.0,37.83812165210283,54.88935459880506,0.025115331331021336,35.1681853030281,0.23684308733358325,81555.54879999999,2.962411158258059,732.6999999999999,0.004866210789639549,2.1562644883893124e-05,0.5360684403307608,0.0,0.0,1.128385460402668,lhs_candidate_000017_june2024_preflight,pa1_candidate_000017
2024-06-06T14:00,34.5,55.0,726.0,441.0,285.0,1.0,100690.0,24.1,2.48,0.58,36.6,0.165,0,1,0,1.0,37.226540889424236,56.495990943440994,0.025056036019027388,35.55529626022642,0.23333043227887212,73914.984,2.763659974369229,617.1,0.004528450035120017,1.752205449245378e-05,0.5143853844374823,0.0,0.0,1.1301599189147085,lhs_candidate_000017_june2024_preflight,pa1_candidate_000017
2024-06-06T15:00,34.3,56.0,551.0,389.0,162.0,0.8,100680.0,24.3,2.38,0.44,36.2,0.164,0,1,0,1.0,36.451993187790826,57.62462301692608,0.024560914081968928,35.836493265326524,0.23058763474328184,54187.5488,2.580628307317877,468.34999999999997,0.004099441262370238,1.3027628639585697e-05,0.49745453545235707,0.0,0.0,1.132874777506644,lhs_candidate_000017_june2024_preflight,pa1_candidate_000017
2024-06-06T16:00,31.5,70.0,320.0,143.0,177.0,0.45,100690.0,25.4,1.38,0.25,34.9,0.172,0,1,0,1.0,33.98467436651318,66.33195084989723,0.024871549388630797,35.97575430892309,0.2287434854608247,34387.2848,1.7893635147796232,272.0,0.004021315616154977,7.490932104921887e-06,0.4860708979063254,0.0,0.0,1.1420889777688494,lhs_candidate_000017_june2024_preflight,pa1_candidate_000017
2024-06-06T17:00,30.4,76.0,152.0,65.0,87.0,0.71,100710.0,25.8,1.03,0.12,33.3,0.174,0,1,0,1.0,31.74078690357423,73.8646193005175,0.024597040049830272,35.94797905876016,0.2277466080820507,16436.8688,1.2245914463667518,129.2,0.00361258519441374,3.6380219596567803e-06,0.4799173338398191,0.0,0.0,1.1507228674258154,lhs_candidate_000017_june2024_preflight,pa1_candidate_000017
2024-06-06T18:00,30.1,76.0,32.0,8.0,24.0,0.64,100820.0,25.4,1.03,0.04,32.3,0.174,1,1,0,1.0,30.623013839328426,75.31331785241353,0.02362184746122403,35.81077608434249,0.2273280294693172,3660.3776,1.085489685270601,27.2,0.002992149985631555,1.0361709083527366e-06,0.47733351524269885,0.0,0.0,1.1562186009170219,lhs_candidate_000017_june2024_preflight,pa1_candidate_000017
2024-06-06T19:00,29.7,76.0,0.0,0.0,0.0,0.73,100910.0,25.1,0.99,0.02,31.4,0.173,0,0,0,1.0,30.006952140831334,76.08802863734564,0.02308500430529487,35.62123561305169,0.23521782163793192,0.0,1.015005153186196,0.0,0.001544207137046593,3.7083016736622445e-07,0.5260359360366168,0.0,0.0,1.159602446200322,lhs_candidate_000017_june2024_preflight,pa1_candidate_000017
2024-06-06T20:00,29.4,78.0,0.0,0.0,0.0,0.7,100970.0,25.1,0.91,0.0,30.9,0.173,0,0,0,1.0,29.614331554832393,77.77177625412696,0.02309959420359006,35.417382753540416,0.23515381571862773,0.0,0.9224939094332112,0.0,0.0014206361565236093,3.3677822402567123e-07,0.525640837769307,0.0,0.0,1.1617965838217048,lhs_candidate_000017_june2024_preflight,pa1_candidate_000017
2024-06-06T21:00,28.8,86.0,0.0,0.0,0.0,0.85,101020.0,26.2,0.56,0.0,30.5,0.173,0,0,0,1.0,29.13144034160759,84.16477817803467,0.024351201554053088,35.209748227920066,0.23510162158343006,0.0,0.6391419919987973,0.0,0.0017369467336923689,2.3319088407219737e-07,0.5253186517495683,0.0,0.0,1.16422877761762,lhs_candidate_000017_june2024_preflight,pa1_candidate_000017
2024-06-06T22:00,28.9,85.0,0.0,0.0,0.0,0.89,101050.0,26.1,0.6,0.0,29.9,0.173,0,0,0,1.0,28.966875037207142,85.24532408229702,0.024443782377715238,34.99887869877317,0.23506268169333316,0.0,0.5898943091023536,0.0,0.001594028328519138,2.1512439311194534e-07,0.5250782820576121,0.0,0.0,1.1652088720671805,lhs_candidate_000017_june2024_preflight,pa1_candidate_000017
2024-06-06T23:00,28.6,87.0,0.0,0.0,0.0,0.72,101010.0,26.3,0.49,0.0,29.5,0.173,0,0,0,1.0,28.799064947719117,86.43496867487347,0.024559147213951603,34.79220873984547,0.235025235622353,0.0,0.5370936265999808,0.0,0.001437036501058413,1.957826599003767e-07,0.5248471334713148,0.0,0.0,1.1653949473562495,lhs_candidate_000017_june2024_preflight,pa1_candidate_000017
2024-06-07T00:00,28.4,88.0,0.0,0.0,0.0,0.63,100950.0,26.2,0.48,0.0,29.2,0.173,0,0,0,1.0,28.57577507542664,87.6378259891503,0.024599113611515504,34.58646368438661,0.23499191309554784,0.0,0.48317764431663557,0.0,0.0012813680212955837,1.7606004908827322e-07,0.5246414388614065,0.0,0.0,1.1655646314696746,lhs_candidate_000017_june2024_preflight,pa1_candidate_000017
2024-06-07T01:00,28.4,87.0,0.0,0.0,0.0,0.67,100840.0,26.0,0.51,0.0,28.9,0.173,0,0,0,1.0,28.491459499130467,87.284500541795,0.024387249551891935,34.38312630336824,0.23496021194626276,0.0,0.49456326377728965,0.0,0.001256567223742465,1.801415198114001e-07,0.5244457527547084,0.0,0.0,1.164620022439067,lhs_candidate_000017_june2024_preflight,pa1_candidate_000017
2024-06-07T02:00,28.6,85.0,0.0,0.0,0.0,0.67,100780.0,25.8,0.59,0.0,28.6,0.173,0,0,0,1.0,28.59617285775843,85.85703115545485,0.024126143216949128,34.18652277177372,0.23492607981633307,0.0,0.5534343297777573,0.0,0.0011626883971431357,2.0150394551515643e-07,0.5242350605946485,0.0,0.0,1.1635231598367521,lhs_candidate_000017_june2024_preflight,pa1_candidate_000017
2024-06-07T03:00,28.5,84.0,0.0,0.0,0.0,0.76,100740.0,25.6,0.61,0.0,28.5,0.173,0,0,0,1.0,28.6023237610795,84.38028121947382,0.023719142750210333,33.99846154022959,0.23488773538836025,0.0,0.6114395958363956,0.0,0.001411294592647429,2.2252299099877676e-07,0.5239983665948164,0.0,0.0,1.163037644887964,lhs_candidate_000017_june2024_preflight,pa1_candidate_000017
2024-06-07T04:00,28.6,84.0,0.0,0.0,0.0,0.95,100710.0,25.6,0.63,0.0,28.3,0.173,0,0,0,1.0,28.629863842336754,84.28137865284145,0.023727020383930635,33.81606035161123,0.23484740865823592,0.0,0.6162940687494785,0.0,0.001665914078758473,2.2418314248652824e-07,0.5237494361619501,0.0,0.0,1.1625851907093814,lhs_candidate_000017_june2024_preflight,pa1_candidate_000017
2024-06-07T05:00,28.1,88.0,0.0,0.0,0.0,1.0,100740.0,25.9,0.46,0.0,28.1,0.173,0,0,0,1.0,28.36316541979454,86.88128233573681,0.02410476492700068,33.63770745190085,0.23480997255381744,0.0,0.5064610478298746,0.0,0.0019161675268650157,1.8414899515157165e-07,0.5235183490976385,0.0,0.0,1.1639601590130642,lhs_candidate_000017_june2024_preflight,pa1_candidate_000017
2024-06-07T06:00,28.4,87.0,24.0,8.0,16.0,1.14,100800.0,25.9,0.52,0.02,28.2,0.173,1,0,0,1.0,28.420334327326902,88.03428668046804,0.024501212070068258,33.4657012611203,0.2347290039487588,2674.9184,0.46348388236368443,20.4,0.0019843638742105428,7.241377882433222e-07,0.523018542893573,0.0,0.0,1.1644326208947682,lhs_candidate_000017_june2024_preflight,pa1_candidate_000017
2024-06-07T07:00,29.5,80.0,180.0,115.0,65.0,1.02,100850.0,25.7,0.82,0.13,30.1,0.172,0,0,0,1.0,29.506825359973313,88.0488396172731,0.02600000215772797,33.355901628401284,0.24225591225736776,18126.855999999996,0.4929263102151147,153.0,0.0017685509078038516,4.7335775403664385e-06,0.5694809398602948,0.0,0.0,1.160828010565929,lhs_candidate_000017_june2024_preflight,pa1_candidate_000017
2024-06-07T08:00,31.0,69.0,375.0,279.0,96.0,0.8,100890.0,24.7,1.39,0.28,31.2,0.172,0,0,0,1.0,31.38886405052919,84.3623519814955,0.027569693037960915,33.372195116677,0.24096439667765052,36377.5104,0.7182392158163924,318.75,0.0017062865789176083,9.603179699060863e-06,0.5615086214669786,0.0,0.0,1.1541117095453894,lhs_candidate_000017_june2024_preflight,pa1_candidate_000017
2024-06-07T09:00,32.5,62.0,610.0,488.0,122.0,0.51,100860.0,24.2,1.88,0.46,33.0,0.17,0,1,0,1.0,33.56522084962887,71.31803727425076,0.026158527972972852,33.54291924941718,0.2387071065445421,57972.252799999995,1.489120421709861,518.5,0.0032577391664725744,1.5355528211881096e-05,0.5475747317564328,0.0,0.0,1.1455817439704679,lhs_candidate_000017_june2024_preflight,pa1_candidate_000017
2024-06-07T10:00,33.6,57.0,740.0,586.0,154.0,0.2,100820.0,23.9,2.23,0.57,34.4,0.168,0,1,0,1.0,35.37361824680893,64.66962604857919,0.02606991663200979,33.84724927160025,0.23569291097553283,70538.08959999999,2.027905197167233,629.0,0.0035368427420917675,1.8076403376340154e-05,0.5289685862687211,0.0,0.0,1.1384153052966093,lhs_candidate_000017_june2024_preflight,pa1_candidate_000017
2024-06-07T11:00,34.4,54.0,878.0,697.0,181.0,0.22,100750.0,23.9,2.48,0.68,35.7,0.166,0,1,0,1.0,36.7792098945499,60.03233297196058,0.026021057319032405,34.24591289239672,0.2322059420150765,83632.0144,2.4778940407914996,746.3,0.0038679939041064045,2.059999121670891e-05,0.5074440865128179,0.0,0.0,1.132465536960399,lhs_candidate_000017_june2024_preflight,pa1_candidate_000017
2024-06-07T12:00,34.9,53.0,933.0,750.0,183.0,0.61,100690.0,24.0,2.61,0.73,36.5,0.164,0,1,0,1.0,37.71993599514889,56.69728291363788,0.02578684701092906,34.70804815776828,0.2284627340342989,88542.3792,2.8255407401221793,793.05,0.004253112156620527,2.095838312165365e-05,0.48433786440925247,0.0,0.0,1.128366193281853,lhs_candidate_000017_june2024_preflight,pa1_candidate_000017
2024-06-07T13:00,35.0,54.0,892.0,651.0,241.0,1.12,100590.0,24.2,2.61,0.71,36.8,0.162,0,1,0,1.0,37.99575860256816,55.09187212449117,0.0254110335412193,35.17445784652237,0.22484940470177295,86974.95839999999,2.9743723822690877,758.1999999999999,0.0047469800454507565,1.920223418857126e-05,0.4620333623566232,0.0,0.0,1.1262462856463091,lhs_candidate_000017_june2024_preflight,pa1_candidate_000017
2024-06-07T14:00,34.5,55.0,742.0,464.0,278.0,1.02,100470.0,24.3,2.43,0.59,36.6,0.16,0,1,0,1.0,37.41717407070597,54.8661516886434,0.024571486735821206,35.576882420813355,0.22173659813698549,75076.7072,2.897053768943549,630.6999999999999,0.004622038910755393,1.5438923528762637e-05,0.44281850701842895,0.0,0.0,1.1269984032646392,lhs_candidate_000017_june2024_preflight,pa1_candidate_000017
2024-06-07T15:00,33.9,58.0,466.0,159.0,307.0,1.22,100510.0,24.5,2.22,0.38,35.9,0.159,0,1,0,1.0,36.1382219039901,56.74952633766804,0.02380008356649293,35.84068883931194,0.219488318207362,51808.99679999999,2.589060483353146,396.09999999999997,0.004568000542684536,9.621537030141685e-06,0.42894023584791363,0.0,0.0,1.1321092528972543,lhs_candidate_000017_june2024_preflight,pa1_candidate_000017
2024-06-07T16:00,32.3,64.0,335.0,146.0,189.0,0.98,100520.0,24.7,1.72,0.27,35.0,0.161,0,1,0,1.0,34.33314872462315,61.777882622785484,0.02359050452033627,35.95985955532033,0.2180098089870007,36129.473600000005,2.071152020291188,284.75,0.004224410507005533,6.8308078184920974e-06,0.4198136357222266,0.0,0.0,1.1388685735088913,lhs_candidate_000017_june2024_preflight,pa1_candidate_000017
2024-06-07T17:00,32.0,66.0,200.0,110.0,90.0,1.63,100570.0,24.7,1.63,0.18,34.0,0.16,0,1,0,1.0,33.105172988657074,64.80362291908963,0.02319989078882636,35.970316127504894,0.21702229973195808,20766.415999999997,1.7809009052286937,170.0,0.004669684609718377,4.175305410717744e-06,0.41371789957998817,0.0,0.0,1.1440037966671248,lhs_candidate_000017_june2024_preflight,pa1_candidate_000017
2024-06-07T18:00,31.5,68.0,52.0,16.0,36.0,1.51,100570.0,24.8,1.48,0.07,33.0,0.16,1,1,0,1.0,32.13706338857288,66.7856670549942,0.022714082694870696,35.88739551941081,0.21652151994700622,5842.5664,1.591540065403351,44.199999999999996,0.00429534178381479,1.3993098618213363e-06,0.4106266663395446,0.0,0.0,1.147631598794713,lhs_candidate_000017_june2024_preflight,pa1_candidate_000017
2024-06-07T19:00,30.9,73.0,0.0,0.0,0.0,1.41,100660.0,25.5,1.2,0.04,32.2,0.16,0,0,0,1.0,31.28532512905286,71.84963147621626,0.023350808140243432,35.7357650933391,0.22436874156183853,0.0,1.285370134762215,0.0,0.002632990365434681,4.098217647319644e-07,0.4590663059372749,0.0,0.0,1.1518722892187523,lhs_candidate_000017_june2024_preflight,pa1_candidate_000017
2024-06-07T20:00,30.4,77.0,0.0,0.0,0.0,1.22,100740.0,25.9,0.99,0.01,31.5,0.159,0,0,0,1.0,30.681990631174788,76.09154408674736,0.023941763871741944,35.55809892287392,0.22430190171685307,0.0,1.0548154427732404,0.0,0.0022748487079196672,3.3601045469503183e-07,0.4586537143015622,0.0,0.0,1.1550768937711295,lhs_candidate_000017_june2024_preflight,pa1_candidate_000017
2024-06-07T21:00,29.8,82.0,0.0,0.0,0.0,1.12,100750.0,26.4,0.74,0.0,30.7,0.159,0,0,0,1.0,30.121752665882433,80.71021513167392,0.02463973464822479,35.37189564947183,0.22424799676801088,0.0,0.8242113147741805,0.0,0.0021399204913068333,2.623612518866661e-07,0.4583209677037709,0.0,0.0,1.1573255537901237,lhs_candidate_000017_june2024_preflight,pa1_candidate_000017
2024-06-07T22:00,30.3,75.0,0.0,0.0,0.0,1.12,100770.0,25.3,1.09,0.01,30.1,0.159,0,0,0,1.0,30.187079438099936,76.6222412600448,0.023474386705510657,35.18336921258558,0.22419752471299073,0.0,1.0026271996143956,0.0,0.0020101950808863855,3.1893727609220185e-07,0.4580094118085848,0.0,0.0,1.1573060043500414,lhs_candidate_000017_june2024_preflight,pa1_candidate_000017
2024-06-07T23:00,30.6,71.0,0.0,0.0,0.0,1.0,100740.0,24.8,1.25,0.01,29.6,0.159,0,0,0,1.0,30.50924229030075,72.4231561794749,0.02257668185578293,35.007843111134136,0.2241340360266179,0.0,1.204718098096338,0.0,0.0017952777865946777,3.8289479348021647e-07,0.4576175063371476,0.0,0.0,1.1557340040750215,lhs_candidate_000017_june2024_preflight,pa1_candidate_000017
2024-06-08T00:00,30.4,73.0,0.0,0.0,0.0,1.1,100700.0,25.0,1.16,0.01,29.2,0.159,0,0,0,1.0,30.507257537268476,73.03698543444598,0.022765599479583162,34.84270539348429,0.2240649888487473,0.0,1.1777688625869862,0.0,0.0019731371167898957,3.7398089080110784e-07,0.45719128918979807,0.0,0.0,1.155282657382069,lhs_candidate_000017_june2024_preflight,pa1_candidate_000017
2024-06-08T01:00,30.1,75.0,0.0,0.0,0.0,1.2,100630.0,25.3,1.05,0.01,28.9,0.159,0,0,0,1.0,30.269721090125152,74.7453981734565,0.02300173853201018,34.679157587221006,0.22400017465145397,0.0,1.088258927213953,0.0,0.0021776081973309655,3.452561033929908e-07,0.456791201552185,0.0,0.0,1.1553833818275971,lhs_candidate_000017_june2024_preflight,pa1_candidate_000017
2024-06-08T02:00,28.4,86.0,0.0,0.0,0.0,1.22,100590.0,25.8,0.54,0.0,28.5,0.159,0,0,0,1.0,29.141909418189663,82.5937678214398,0.023910283689147344,34.50551582836354,0.22394777784298345,0.0,0.702975924862038,0.0,0.002523494072827625,2.2286504691369061e-07,0.4564677644628608,0.0,0.0,1.1592329930205518,lhs_candidate_000017_june2024_preflight,pa1_candidate_000017
2024-06-08T03:00,28.3,86.0,0.0,0.0,0.0,1.02,100570.0,25.7,0.54,0.0,28.2,0.159,0,0,0,1.0,28.486224592703767,85.5217639178637,0.023887900903921587,34.30972162012184,0.2239132098644387,0.0,0.5629530736211157,0.0,0.0018954635798029624,1.7839005491298291e-07,0.4562543818792512,0.0,0.0,1.1615218998349892,lhs_candidate_000017_june2024_preflight,pa1_candidate_000017
2024-06-08T04:00,28.6,84.0,0.0,0.0,0.0,1.1,100580.0,25.7,0.61,0.0,28.1,0.159,0,0,0,1.0,28.56615898555592,84.59407939814858,0.023732284848376785,34.11445354045871,0.2238804807762276,0.0,0.6018073876362631,0.0,0.0019247916449246225,1.9061786862037918e-07,0.45605235047054077,0.0,0.0,1.1613296383013163,lhs_candidate_000017_june2024_preflight,pa1_candidate_000017
2024-06-08T05:00,28.7,84.0,0.0,0.0,0.0,1.0,100640.0,25.7,0.64,0.0,27.9,0.159,0,0,0,1.0,28.71706181638989,84.24573597757487,0.023830209900245345,33.92955269254423,0.2238453994116406,0.0,0.6208197026441136,0.0,0.0017417110596055412,1.965465010360107e-07,0.45583579883728775,0.0,0.0,1.1614415249317094,lhs_candidate_000017_june2024_preflight,pa1_candidate_000017
2024-06-08T06:00,28.5,86.0,22.0,7.0,15.0,1.22,100730.0,25.9,0.55,0.02,28.1,0.159,1,0,0,1.0,28.690000493363986,85.90677547648788,0.024264179101150928,33.75753699419045,0.22377168613381151,2463.736,0.5544942590758017,18.7,0.002222942739891942,6.189501079671743e-07,0.4553807786037748,0.0,0.0,1.1625843965564262,lhs_candidate_000017_june2024_preflight,pa1_candidate_000017
2024-06-08T07:00,29.9,77.0,134.0,48.0,86.0,1.08,100720.0,25.5,0.97,0.11,30.1,0.159,0,0,0,1.0,29.72404983708881,82.93490001020783,0.024780050121290365,33.63220791442551,0.23144510791109318,14817.686399999999,0.7127011546911008,113.89999999999999,0.0019851828778520444,3.2316717873107503e-06,0.5027475796981061,0.0,0.0,1.1585001682465508,lhs_candidate_000017_june2024_preflight,pa1_candidate_000017
2024-06-08T08:00,31.4,65.0,379.0,260.0,119.0,0.78,100770.0,24.2,1.59,0.28,31.7,0.158,0,0,0,1.0,31.777145966076766,78.88358496779827,0.02631934898885267,33.637299317449134,0.2303721568695957,37538.705599999994,0.9914629434551534,322.15,0.001669022639992173,8.666960937856019e-06,0.4961244251209611,0.0,0.0,1.1512711413852716,lhs_candidate_000017_june2024_preflight,pa1_candidate_000017
2024-06-08T09:00,32.6,60.0,550.0,375.0,175.0,0.58,100770.0,23.8,1.97,0.42,33.2,0.157,0,1,0,1.0,33.735873738757086,66.37670582153874,0.024565480236533342,33.794491241954894,0.22846733142630424,54556.92,1.762375420175251,467.5,0.003363518540106545,1.2388152726292051e-05,0.4843662433722484,0.0,0.0,1.1439230457201177,lhs_candidate_000017_june2024_preflight,pa1_candidate_000017
2024-06-08T10:00,33.3,58.0,668.0,405.0,263.0,0.63,100740.0,23.9,2.15,0.52,34.4,0.156,0,1,0,1.0,35.118483990262035,62.3317136048862,0.024796736145720595,34.058312887585075,0.2260361173596659,68036.97119999999,2.131877028820181,567.8,0.0037968164281253934,1.4576987427924386e-05,0.4693587491337401,0.0,0.0,1.1384534267785955,lhs_candidate_000017_june2024_preflight,pa1_candidate_000017
2024-06-08T11:00,33.8,57.0,690.0,398.0,292.0,0.81,100700.0,24.0,2.26,0.55,35.2,0.154,0,1,0,1.0,35.928260717577565,59.60588530486904,0.02472854023445422,34.37460513135244,0.2234092439410948,70993.2608,2.3903835780529246,586.5,0.0040989449871798485,1.4596141293334372e-05,0.4531434811178691,0.0,0.0,1.1350198574514494,lhs_candidate_000017_june2024_preflight,pa1_candidate_000017
2024-06-08T12:00,34.3,56.0,851.0,576.0,275.0,0.78,100620.0,24.2,2.39,0.67,36.1,0.153,0,1,0,1.0,36.85040445139258,58.26425205665265,0.025347114431288557,34.74475432042392,0.22054341533616453,84563.16,2.5975775155894585,723.35,0.004261232082775014,1.7193107379337836e-05,0.4354531810874354,0.0,0.0,1.1307445451571023,lhs_candidate_000017_june2024_preflight,pa1_candidate_000017
2024-06-08T13:00,34.5,56.0,864.0,715.0,149.0,1.14,100570.0,24.5,2.39,0.68,36.5,0.151,0,1,0,1.0,37.40508128314252,56.1244738969045,0.025119496476939222,35.16529981656154,0.21748741190889267,81274.1776,2.814435684483248,734.4,0.004735222981374055,1.675081646611166e-05,0.4165889624005721,0.0,0.0,1.1281640577264924,lhs_candidate_000017_june2024_preflight,pa1_candidate_000017
2024-06-08T14:00,34.0,55.0,792.0,601.0,191.0,1.56,100500.0,23.8,2.38,0.63,36.4,0.15,0,1,0,1.0,37.05572614436319,53.526105045312846,0.02353222476302636,35.56134250394808,0.21464910240852889,76415.8384,2.925013894320413,673.1999999999999,0.005258745324303006,1.480478915630595e-05,0.3990685333859808,0.0,0.0,1.1286484780436443,lhs_candidate_000017_june2024_preflight,pa1_candidate_000017
2024-06-08T15:00,33.0,61.0,493.0,324.0,169.0,1.3,100460.0,24.4,1.98,0.4,35.6,0.149,0,1,0,1.0,35.561045321081224,57.99670329297736,0.02360817405387139,35.83310296359445,0.21250664439296343,49329.8256,2.435938629318194,419.05,0.0047855754814606416,9.075063095712403e-06,0.3858434839071817,0.0,0.0,1.133661647200579,lhs_candidate_000017_june2024_preflight,pa1_candidate_000017
2024-06-08T16:00,32.5,64.0,348.0,161.0,187.0,0.82,100460.0,24.7,1.78,0.28,34.8,0.149,0,1,0,1.0,34.26014695738276,62.55265837082155,0.02379532814664209,35.95121358980901,0.21112272255216114,37203.108799999995,2.0209558398178986,295.8,0.003935693482546415,6.343096356243464e-06,0.37730075649482187,0.0,0.0,1.1384590769420095,lhs_candidate_000017_june2024_preflight,pa1_candidate_000017
2024-06-08T17:00,31.6,68.0,169.0,42.0,127.0,0.72,100450.0,24.9,1.51,0.14,33.9,0.149,0,1,0,1.0,32.90734621430057,66.06461370221132,0.023405465648046846,35.957058962699165,0.21026359284520144,19340.1648,1.6981486208073977,143.65,0.0036000091820890274,3.222285179035505e-06,0.3719974866987743,0.0,0.0,1.1433773419909865,lhs_candidate_000017_june2024_preflight,pa1_candidate_000017
2024-06-08T18:00,31.0,69.0,52.0,21.0,31.0,0.4,100560.0,24.8,1.37,0.04,32.8,0.152,1,1,0,1.0,31.70818293764537,67.9715190805772,0.02259529489885377,35.85818046482876,0.20986363196583452,5666.6544,1.4979487018257034,44.199999999999996,0.002903596088532198,1.2352380940698478e-06,0.36952859238169455,0.0,0.0,1.1491318361076668,lhs_candidate_000017_june2024_preflight,pa1_candidate_000017
2024-06-08T19:00,30.6,73.0,0.0,0.0,0.0,0.85,100620.0,25.2,1.18,0.03,31.8,0.152,0,0,0,1.0,30.93657305574678,72.2716912948037,0.023053012297437947,35.69714387862577,0.21773042650916932,0.0,1.2412286572562485,0.0,0.001739278852035252,3.6042257566276656e-07,0.4180890525257366,0.0,0.0,1.1527351004269641,lhs_candidate_000017_june2024_preflight,pa1_candidate_000017
2024-06-08T20:00,30.2,75.0,0.0,0.0,0.0,0.57,100680.0,25.2,1.09,0.0,31.3,0.152,0,0,0,1.0,30.448845186546865,74.70342553920128,0.023211887027731862,35.51338301801792,0.21766945663748324,0.0,1.1012944916393055,0.0,0.0012696501677045802,3.195012324921397e-07,0.41771269529310645,0.0,0.0,1.1552754389850166,lhs_candidate_000017_june2024_preflight,pa1_candidate_000017
2024-06-08T21:00,30.1,75.0,0.0,0.0,0.0,0.58,100710.0,25.2,1.06,0.0,30.9,0.151,0,0,0,1.0,30.221472615022694,75.46288092002169,0.023162155729946475,35.326249737249974,0.21761359370250874,0.0,1.0544247996416076,0.0,0.00114832286770895,3.056511350445536e-07,0.4173678623611651,0.0,0.0,1.156485801163694,lhs_candidate_000017_june2024_preflight,pa1_candidate_000017
2024-06-08T22:00,29.9,76.0,0.0,0.0,0.0,0.81,100740.0,25.3,1.0,0.0,30.6,0.151,0,0,0,1.0,30.047103289182633,76.03698827484557,0.023119635777656092,35.140632579334884,0.2175593957799026,0.0,1.0195164433069617,0.0,0.0015299061666403982,2.95295190091688e-07,0.4170333072833494,0.0,0.0,1.1574955966245783,lhs_candidate_000017_june2024_preflight,pa1_candidate_000017
2024-06-08T23:00,29.7,78.0,0.0,0.0,0.0,0.86,100740.0,25.4,0.94,0.0,30.4,0.151,0,0,0,1.0,29.850516631926087,77.74790746240271,0.023389858139029367,34.95609565013997,0.21750829947580488,0.0,0.9361055290829468,0.0,0.001612227674226899,2.709307880668056e-07,0.4167178979987956,0.0,0.0,1.1582465794699508,lhs_candidate_000017_june2024_preflight,pa1_candidate_000017
2024-06-09T00:00,29.4,79.0,0.0,0.0,0.0,0.98,100690.0,25.5,0.85,0.0,30.1,0.151,0,0,0,1.0,29.592174125925453,78.70273283267164,0.023348035376073665,34.77180513028111,0.21746103170012152,0.0,0.882732343797195,0.0,0.0018350020177785103,2.553044589329031e-07,0.41642612160568837,0.0,0.0,1.1586595996985696,lhs_candidate_000017_june2024_preflight,pa1_candidate_000017
2024-06-09T01:00,29.1,81.0,0.0,0.0,0.0,1.14,100620.0,25.5,0.77,0.0,29.8,0.151,0,0,0,1.0,29.298032437333983,80.43332825127126,0.02348340658000132,34.58618157836069,0.21741720546701138,0.0,0.797378434617471,0.0,0.002096867251962558,2.304685204923966e-07,0.4161555893025394,0.0,0.0,1.1589801510860758,lhs_candidate_000017_june2024_preflight,pa1_candidate_000017
2024-06-09T02:00,28.9,81.0,0.0,0.0,0.0,1.14,100550.0,25.4,0.74,0.0,29.5,0.151,0,0,0,1.0,29.0602123401218,80.78254988216122,0.02328217509614727,34.39950557780337,0.21737660645796708,0.0,0.7724717350610786,0.0,0.002073504916579416,2.231352132038301e-07,0.4159049781355993,0.0,0.0,1.1590852726742595,lhs_candidate_000017_june2024_preflight,pa1_candidate_000017
2024-06-09T03:00,28.8,82.0,0.0,0.0,0.0,0.99,100530.0,25.4,0.7,0.0,29.4,0.151,0,0,0,1.0,28.91731219823768,81.80013756299485,0.023392609980464683,34.21391150255897,0.21733761994020234,0.0,0.7255514058715451,0.0,0.0017981903195932183,2.0946059439084587e-07,0.415664320618533,0.0,0.0,1.1594029474880214,lhs_candidate_000017_june2024_preflight,pa1_candidate_000017
2024-06-09T04:00,28.7,83.0,0.0,0.0,0.0,0.92,100540.0,25.4,0.68,0.0,29.3,0.151,0,0,0,1.0,28.813005639399016,82.81507226999544,0.02354851505601759,34.03126220644676,0.21730109822808114,0.0,0.6809689281347975,0.0,0.001680108628348016,1.9648338371531425e-07,0.41543887795111817,0.0,0.0,1.1599188069318545,lhs_candidate_000017_june2024_preflight,pa1_candidate_000017
2024-06-09T05:00,28.7,82.0,0.0,0.0,0.0,0.85,100450.0,25.4,0.69,0.0,29.3,0.151,0,0,0,1.0,28.771111722442576,82.30694302837458,0.023350586322763475,33.8524274049317,0.21726549867196338,0.0,0.69940604471538,0.0,0.0015309957893153273,2.0169639183864062e-07,0.4152191276047122,0.0,0.0,1.1590412906700696,lhs_candidate_000017_june2024_preflight,pa1_candidate_000017
2024-06-09T06:00,28.7,82.0,13.0,4.0,9.0,1.22,100540.0,25.4,0.69,0.03,29.3,0.151,1,0,0,1.0,28.793644426008484,82.27445743592568,0.023370089549454673,33.68223198273898,0.21720757820151906,1460.6416,0.7016046924030639,11.049999999999999,0.0021660639621851707,4.4094734002085006e-07,0.4148615938365375,0.0,0.0,1.159993183180374,lhs_candidate_000017_june2024_preflight,pa1_candidate_000017
2024-06-09T07:00,29.0,80.0,82.0,35.0,47.0,1.1,100520.0,25.3,0.78,0.07,29.6,0.15,0,0,0,1.0,29.13880442117955,82.45445559695425,0.02386592074404309,33.54094438156061,0.22501603010420132,8869.5728,0.7084752477893383,69.7,0.0019940170223336382,1.9090730205971096e-06,0.46306191422346493,0.0,0.0,1.1584381883959003,lhs_candidate_000017_june2024_preflight,pa1_candidate_000017
2024-06-09T08:00,29.7,75.0,175.0,54.0,121.0,0.71,100620.0,24.8,1.04,0.14,30.2,0.15,0,0,0,1.0,29.962037859222093,81.80649370302585,0.024759781209230943,33.45760888216456,0.22450095351351973,19657.070399999997,0.7702830104197012,148.75,0.0014774170585581958,3.809363596985827e-06,0.45988242909580085,0.0,0.0,1.156441257845091,lhs_candidate_000017_june2024_preflight,pa1_candidate_000017
2024-06-09T09:00,30.8,68.0,322.0,85.0,237.0,0.22,100670.0,24.1,1.44,0.25,31.3,0.15,0,1,0,1.0,31.339944342623753,77.33242972013365,0.025206260711353224,33.46203065095871,0.22355065507784944,36674.2288,1.0382367549860758,273.7,0.0026262147942356442,6.800286752390746e-06,0.454016389369441,0.0,0.0,1.151780078547413,lhs_candidate_000017_june2024_preflight,pa1_candidate_000017
2024-06-09T10:00,32.4,60.0,570.0,267.0,303.0,0.4,100670.0,23.6,1.95,0.44,33.1,0.149,0,1,0,1.0,33.445547352556225,66.99930399929778,0.024420203897092523,33.60429699785848,0.22187692464511435,60820.2672,1.7019219627908204,484.5,0.0031620949314039573,1.1721947646319436e-05,0.4436847200315701,0.0,0.0,1.1438700106383677,lhs_candidate_000017_june2024_preflight,pa1_candidate_000017
2024-06-09T11:00,33.8,54.0,848.0,663.0,185.0,0.91,100610.0,23.3,2.4,0.66,35.0,0.147,0,1,0,1.0,35.81879953834822,58.50954900484431,0.024136773777385028,33.92601376762115,0.21930281679726507,81132.744,2.440545764572088,720.8,0.004142709052809488,1.6787263648579582e-05,0.4277951654152165,0.0,0.0,1.1344071948922396,lhs_candidate_000017_june2024_preflight,pa1_candidate_000017
2024-06-09T12:00,34.4,53.0,868.0,685.0,183.0,1.6,100560.0,23.4,2.57,0.69,36.1,0.146,0,1,0,1.0,37.10226454361937,53.370596204169736,0.023519846435091005,34.35760771473004,0.21629834446478333,82822.3792,2.9422458270107033,737.8,0.005191764144146753,1.6564490578745954e-05,0.4092490399060699,0.0,0.0,1.1291528976489724,lhs_candidate_000017_june2024_preflight,pa1_candidate_000017
2024-06-09T13:00,34.0,55.0,684.0,417.0,267.0,1.3,100560.0,23.7,2.39,0.55,36.1,0.144,0,1,0,1.0,36.77381083906321,53.676537759831994,0.023259686452802915,34.74832338205301,0.21366993187802225,69585.7008,2.8710914178138207,581.4,0.004860024703784667,1.2686457357440357e-05,0.3930242708519892,0.0,0.0,1.1303495609554768,lhs_candidate_000017_june2024_preflight,pa1_candidate_000017
2024-06-09T14:00,33.5,59.0,605.0,303.0,302.0,1.55,100480.0,24.3,2.15,0.49,35.9,0.143,0,1,0,1.0,35.98670187710198,56.924695196035685,0.023687593145330574,35.046665592861444,0.21155378855729393,63865.08479999999,2.557236266935408,514.25,0.005059104419023662,1.0852942349528294e-05,0.37996165776107366,0.0,0.0,1.132326069001166,lhs_candidate_000017_june2024_preflight,pa1_candidate_000017
2024-06-09T15:00,33.2,59.0,407.0,191.0,216.0,0.98,100430.0,24.2,2.06,0.33,35.3,0.143,0,1,0,1.0,35.10706424507502,57.911729858808584,0.023024711168126412,35.248666253185505,0.20992622271814082,43415.39839999999,2.380528979798412,345.95,0.004165118053449359,7.2776385055276395e-06,0.369914955050252,0.0,0.0,1.134992190999357,lhs_candidate_000017_june2024_preflight,pa1_candidate_000017
2024-06-09T16:00,32.0,64.0,331.0,155.0,176.0,0.81,100490.0,24.5,1.69,0.26,34.6,0.144,0,1,0,1.0,33.85221849257614,61.95626604775879,0.023070010700382827,35.35250499445057,0.2087481451281264,35320.102399999996,2.007053342179341,281.34999999999997,0.003973049669151618,5.820209272135851e-06,0.3626428711612741,0.0,0.0,1.1403122273050845,lhs_candidate_000017_june2024_preflight,pa1_candidate_000017
2024-06-09T17:00,30.1,75.0,193.0,111.0,82.0,0.64,100460.0,25.1,1.07,0.15,33.3,0.154,0,1,0,1.0,31.84784752368833,70.86774314345745,0.023734165345700588,35.36124964801079,0.20791964568080845,19868.9568,1.3733080675499072,164.04999999999998,0.003777294322570318,3.3962133808910228e-06,0.3575286770420275,0.0,0.0,1.147463416509941,lhs_candidate_000017_june2024_preflight,pa1_candidate_000017
2024-06-09T18:00,30.0,74.0,30.0,8.0,22.0,0.64,100560.0,24.8,1.11,0.04,31.9,0.154,1,1,0,1.0,30.544935815645715,73.00412007197181,0.022801563398384718,35.25149840723522,0.20754773216990038,3414.0128,1.1817456111800833,25.5,0.00300975987879874,7.634126970890751e-07,0.35523291462901474,0.0,0.0,1.1535333724637482,lhs_candidate_000017_june2024_preflight,pa1_candidate_000017
2024-06-09T19:00,29.6,75.0,0.0,0.0,0.0,0.63,100700.0,24.7,1.04,0.02,31.2,0.155,0,0,0,1.0,29.908671933327522,74.78576171125141,0.02256962883862783,35.07697885927217,0.21546793550240595,0.0,1.0642649747039927,0.0,0.001408088796514902,2.987134632512513e-07,0.40412305865682685,0.0,0.0,1.1575645111326314,lhs_candidate_000017_june2024_preflight,pa1_candidate_000017
2024-06-09T20:00,29.2,78.0,0.0,0.0,0.0,0.45,100790.0,24.9,0.9,0.0,30.6,0.155,0,0,0,1.0,29.455846614289257,77.40939924425876,0.022795114116792976,34.88737555872698,0.2154173754631989,0.0,0.9290195946467366,0.0,0.0011253011081155772,2.6055197647666086e-07,0.4038109596493759,0.0,0.0,1.1603328275941942,lhs_candidate_000017_june2024_preflight,pa1_candidate_000017
2024-06-09T21:00,29.0,79.0,0.0,0.0,0.0,0.51,100830.0,25.1,0.83,0.0,30.3,0.155,0,0,0,1.0,29.172773438620386,78.98255101572663,0.022903294946046385,34.69433958983321,0.2153728087940541,0.0,0.8503336773173733,0.0,0.0011064795049404417,2.3832132582957056e-07,0.4035358567534204,0.0,0.0,1.1618802057111937,lhs_candidate_000017_june2024_preflight,pa1_candidate_000017
2024-06-09T22:00,28.8,81.0,0.0,0.0,0.0,0.72,100810.0,25.3,0.75,0.0,30.0,0.155,0,0,0,1.0,28.96387636233866,80.6367120482264,0.0231185017447257,34.50151714013881,0.21533175028960078,0.0,0.7740131808386628,0.0,0.0014048980176511888,2.1679488502885948e-07,0.4032824091950665,0.0,0.0,1.1624529669073076,lhs_candidate_000017_june2024_preflight,pa1_candidate_000017
2024-06-09T23:00,28.7,83.0,0.0,0.0,0.0,0.78,100850.0,25.4,0.68,0.0,29.8,0.155,0,0,0,1.0,28.82278117848971,82.64093951194542,0.023511536193472658,34.31024454476919,0.21529491910687465,0.0,0.6882583369522925,0.0,0.0014617086200799391,1.9266696246388022e-07,0.40305505621527565,0.0,0.0,1.1634575775197182,lhs_candidate_000017_june2024_preflight,pa1_candidate_000017
2024-06-10T00:00,28.5,84.0,0.0,0.0,0.0,0.76,100850.0,25.5,0.62,0.0,29.5,0.155,0,0,0,1.0,28.659019140047967,83.69590351852212,0.023599755541414524,34.12151701104591,0.21526155297968533,0.0,0.6403301605260845,0.0,0.0014623803556004906,1.7915863459021835e-07,0.4028490924671934,0.0,0.0,1.164088871392506,lhs_candidate_000017_june2024_preflight,pa1_candidate_000017
2024-06-10T01:00,28.2,86.0,0.0,0.0,0.0,0.86,100800.0,25.6,0.54,0.0,29.3,0.155,0,0,0,1.0,28.404346203310407,85.30655647425627,0.023721279795971714,33.933500970977725,0.21523099012178323,0.0,0.5686127457487657,0.0,0.0016555025777549093,1.5901824004391402e-07,0.4026604328505138,0.0,0.0,1.1644943580024771,lhs_candidate_000017_june2024_preflight,pa1_candidate_000017
2024-06-10T02:00,28.1,86.0,0.0,0.0,0.0,0.86,100750.0,25.5,0.54,0.0,29.1,0.156,0,0,0,1.0,28.22971407409628,85.81400738770374,0.02363524179166862,33.74549484341755,0.2152032468319374,0.0,0.5434346391784048,0.0,0.0015960596846042638,1.519122937101079e-07,0.40248917797492223,0.0,0.0,1.1645911543225231,lhs_candidate_000017_june2024_preflight,pa1_candidate_000017
2024-06-10T03:00,28.0,86.0,0.0,0.0,0.0,0.86,100720.0,25.5,0.52,0.0,29.0,0.155,0,0,0,1.0,28.12076250649051,85.85685566607498,0.02350620052030924,33.56016440219562,0.21517605057822248,0.0,0.5383715761077066,0.0,0.0015888046496627547,1.5043418747072255e-07,0.40232129986557086,0.0,0.0,1.1646654151719162,lhs_candidate_000017_june2024_preflight,pa1_candidate_000017
2024-06-10T04:00,28.0,87.0,0.0,0.0,0.0,0.86,100710.0,25.5,0.51,0.0,28.9,0.155,0,0,0,1.0,28.078292701428925,86.79106148243395,0.02370666968774748,33.37867670520391,0.21514982496637655,0.0,0.5015692845591277,0.0,0.001553745813202835,1.4009433298558498e-07,0.4021594133726948,0.0,0.0,1.1647139696308144,lhs_candidate_000017_june2024_preflight,pa1_candidate_000017
2024-06-10T05:00,28.0,87.0,0.0,0.0,0.0,0.81,100740.0,25.5,0.51,0.0,28.8,0.156,0,0,0,1.0,28.071795196439783,86.9983181370078,0.02375481009557557,33.20251887706637,0.215124923638328,0.0,0.4935127064954723,0.0,0.0014654879992912677,1.3779134760207643e-07,0.4020057014711605,0.0,0.0,1.165086051418315,lhs_candidate_000017_june2024_preflight,pa1_candidate_000017
2024-06-10T06:00,27.9,87.0,20.0,8.0,12.0,0.86,100780.0,25.6,0.49,0.02,28.8,0.156,1,0,0,1.0,28.057007945424477,87.3219366015636,0.023823833174096795,33.036542413621376,0.21506839477857442,2182.1888,0.4808149658534653,17.0,0.0016181588159694734,4.898072632718137e-07,0.4016567578924347,0.0,0.0,1.1656058831663023,lhs_candidate_000017_june2024_preflight,pa1_candidate_000017
2024-06-10T07:00,28.3,87.0,171.0,104.0,67.0,1.06,100790.0,25.9,0.49,0.12,29.4,0.157,0,0,0,1.0,28.625397062755226,90.79743637625793,0.025555193136266925,32.922012920030795,0.22272718532378794,17405.2208,0.36071976970902675,145.35,0.0020498300532839067,3.5114583268054915e-06,0.4489332427394317,0.0,0.0,1.1635259238031124,lhs_candidate_000017_june2024_preflight,pa1_candidate_000017
2024-06-10T08:00,28.9,83.0,310.0,175.0,135.0,0.67,100860.0,25.7,0.67,0.22,30.2,0.158,0,0,0,1.0,29.641994642086786,90.6336710851373,0.02696020796328225,32.90159730324307,0.22185137220679257,32029.624000000003,0.38933116165343096,263.5,0.0018048881907431612,6.207632011450721e-06,0.4435269889308184,0.0,0.0,1.1604248587170756,lhs_candidate_000017_june2024_preflight,pa1_candidate_000017
2024-06-10T09:00,30.1,75.0,416.0,136.0,280.0,0.81,100900.0,25.2,1.07,0.31,31.1,0.158,0,1,0,1.0,30.99917677218276,79.10852301707519,0.02531871003287852,32.970049783795396,0.2205435943867158,46459.07199999999,0.93852488890407,353.59999999999997,0.003455896667619012,8.304455620001114e-06,0.4354542863377519,0.0,0.0,1.1557049401848098,lhs_candidate_000017_june2024_preflight,pa1_candidate_000017
2024-06-10T10:00,31.0,67.0,571.0,219.0,352.0,0.63,100900.0,24.2,1.47,0.43,32.4,0.157,0,1,0,1.0,32.472352743508026,71.04068160054217,0.024595308219488424,33.13542717075326,0.2187893528955137,62632.20479999999,1.4141331583359622,485.34999999999997,0.0036143480110551835,1.1152342812247559e-05,0.4246256351574921,0.0,0.0,1.1501341541067014,lhs_candidate_000017_june2024_preflight,pa1_candidate_000017
2024-06-10T11:00,32.1,62.0,623.0,242.0,381.0,0.54,100860.0,23.9,1.83,0.48,33.5,0.156,0,1,0,1.0,33.82736300202528,65.32371980030746,0.02429220224089006,33.38091558576209,0.21671476070585777,68228.49440000001,1.8268653593976523,529.55,0.003684684537005341,1.1882214162872221e-05,0.4118195105299862,0.0,0.0,1.1446034787942554,lhs_candidate_000017_june2024_preflight,pa1_candidate_000017
2024-06-10T12:00,32.8,60.0,663.0,289.0,374.0,0.45,100800.0,23.9,2.0,0.52,34.5,0.154,0,1,0,1.0,34.85449364405302,62.075751305780436,0.024358027923599986,33.67130456857457,0.21453862975231855,71502.21759999999,2.115270357355434,563.55,0.0038013471476646774,1.2279998042750677e-05,0.39838660340937376,0.0,0.0,1.1401078296951688,lhs_candidate_000017_june2024_preflight,pa1_candidate_000017
2024-06-10T13:00,33.2,59.0,685.0,388.0,297.0,0.58,100740.0,24.0,2.1,0.54,35.1,0.153,0,1,0,1.0,35.500536307733476,59.88396403236346,0.02430009472929844,33.98840150440197,0.21232661490614704,70729.1728,2.318751346150711,582.25,0.0040027941037311535,1.2288241421120416e-05,0.3847321907786855,0.0,0.0,1.1370442318514224,lhs_candidate_000017_june2024_preflight,pa1_candidate_000017
2024-06-10T14:00,32.8,60.0,480.0,144.0,336.0,0.89,100680.0,24.1,1.98,0.39,34.8,0.152,0,1,0,1.0,34.98635315372078,58.79391012147265,0.0232291635482785,34.25542525912576,0.2104560384728284,54061.2864,2.315140096637782,408.0,0.00420221400703235,8.531232444618068e-06,0.3731854226717803,0.0,0.0,1.1382632576729996,lhs_candidate_000017_june2024_preflight,pa1_candidate_000017
2024-06-10T15:00,32.7,60.0,434.0,166.0,268.0,1.06,100640.0,23.8,1.99,0.35,34.6,0.151,0,1,0,1.0,34.45472753527447,59.472197193970985,0.022854824433076303,34.43686632391004,0.20900949367085728,47620.8832,2.2109640251746905,368.9,0.004185032548802517,7.558864103835523e-06,0.36425613377072397,0.0,0.0,1.1397774781028924,lhs_candidate_000017_june2024_preflight,pa1_candidate_000017
2024-06-10T16:00,32.2,61.0,288.0,112.0,176.0,1.21,100670.0,23.7,1.88,0.24,34.0,0.151,0,1,0,1.0,33.68787715182007,59.75869343025815,0.02206050801984549,34.55270000479863,0.20787374326528618,31536.102399999996,2.1036193830377976,244.79999999999998,0.0042467855659309005,5.0773886093355135e-06,0.35724532879806287,0.0,0.0,1.142966622201989,lhs_candidate_000017_june2024_preflight,pa1_candidate_000017
2024-06-10T17:00,31.2,66.0,128.0,44.0,84.0,0.73,100610.0,24.1,1.54,0.11,33.1,0.153,0,1,0,1.0,32.352745795346415,64.08937755781493,0.022048286067003098,34.564995556338395,0.20719918079237526,14219.3216,1.7418010078852624,108.8,0.003520285448586154,2.4281772435371553e-06,0.3530813629158967,0.0,0.0,1.14727750901563,lhs_candidate_000017_june2024_preflight,pa1_candidate_000017
2024-06-10T18:00,30.9,68.0,53.0,21.0,32.0,0.32,100690.0,24.3,1.42,0.04,32.2,0.152,1,1,0,1.0,31.426399486086265,67.475706228188,0.022095427487087604,34.48962033942442,0.20687478213779234,5789.8368,1.4970310168655931,45.05,0.002676228655937314,1.1888862924542155e-06,0.3510789020851379,0.0,0.0,1.1516818994396303,lhs_candidate_000017_june2024_preflight,pa1_candidate_000017
2024-06-10T19:00,30.5,71.0,0.0,0.0,0.0,0.7,100800.0,24.6,1.26,0.03,31.4,0.152,0,0,0,1.0,30.80829687440567,70.73968126341781,0.02240944915320421,34.36810152921857,0.2147461671096399,0.0,1.3002679056641253,0.0,0.001502565595184389,3.609302550625178e-07,0.3996676982076537,0.0,0.0,1.1552845847467619,lhs_candidate_000017_june2024_preflight,pa1_candidate_000017
2024-06-10T20:00,30.1,74.0,0.0,0.0,0.0,0.71,100860.0,24.9,1.13,0.0,30.9,0.152,0,0,0,1.0,30.32913928659472,73.5604573547934,0.022709751952767015,34.22364413040391,0.21468508526977595,0.0,1.1432006358321387,0.0,0.001448170564123196,3.17031922179502e-07,0.3992906498134318,0.0,0.0,1.1577973973077156,lhs_candidate_000017_june2024_preflight,pa1_candidate_000017
2024-06-10T21:00,29.8,76.0,0.0,0.0,0.0,0.76,100940.0,25.2,1.0,0.0,30.4,0.152,0,0,0,1.0,29.9851104479823,75.75316720520932,0.022956285524452624,34.07346480655086,0.21463110490384046,0.0,1.0279305813539312,0.0,0.0014846013251398884,2.8482738899002295e-07,0.3989574376780276,0.0,0.0,1.160030767055096,lhs_candidate_000017_june2024_preflight,pa1_candidate_000017
2024-06-10T22:00,29.5,79.0,0.0,0.0,0.0,0.81,101000.0,25.4,0.87,0.0,30.1,0.152,0,0,0,1.0,29.683984489246605,78.47405852444669,0.023396353523562743,33.920032265151946,0.21458302999397583,0.0,0.896934093298396,0.0,0.0015608570950126615,2.4834494841278765e-07,0.39866067897515944,0.0,0.0,1.1618744775493406,lhs_candidate_000017_june2024_preflight,pa1_candidate_000017
2024-06-10T23:00,29.2,81.0,0.0,0.0,0.0,0.85,101040.0,25.6,0.77,0.0,29.8,0.152,0,0,0,1.0,29.387310672130937,80.54144728076334,0.023629319893893143,33.76388757290495,0.2145409551840872,0.0,0.7970635978357969,0.0,0.0016259857718859132,2.2054882342762145e-07,0.3984009579264642,0.0,0.0,1.163474433206836,lhs_candidate_000017_june2024_preflight,pa1_candidate_000017
2024-06-11T00:00,28.9,83.0,0.0,0.0,0.0,0.82,101030.0,25.7,0.69,0.0,29.5,0.152,0,0,0,1.0,29.091131867285842,82.46680090842341,0.023807636061685136,33.605157750223974,0.21450354452584589,0.0,0.7060306649581394,0.0,0.0015825359680311077,1.9524662065848156e-07,0.3981700279373203,0.0,0.0,1.164499308043672,lhs_candidate_000017_june2024_preflight,pa1_candidate_000017
2024-06-11T01:00,28.6,84.0,0.0,0.0,0.0,0.92,100990.0,25.6,0.63,0.0,29.2,0.152,0,0,0,1.0,28.794039181125108,83.5455331826425,0.023731650266449016,33.44392453848458,0.2144698885802073,0.0,0.6513084076710518,0.0,0.0017414317287176419,1.8001968011666973e-07,0.3979622751864648,0.0,0.0,1.1651835927292378,lhs_candidate_000017_june2024_preflight,pa1_candidate_000017
2024-06-11T02:00,28.5,83.0,0.0,0.0,0.0,1.02,100970.0,25.4,0.65,0.0,29.0,0.151,0,0,0,1.0,28.614446987493427,83.04868064232437,0.023360302943744683,33.28141220127428,0.214437430643561,0.0,0.664032010481943,0.0,0.0018457057291697088,1.8344404252083252e-07,0.3977619175528457,0.0,0.0,1.1656461508802083,lhs_candidate_000017_june2024_preflight,pa1_candidate_000017
2024-06-11T03:00,28.4,83.0,0.0,0.0,0.0,1.02,100940.0,25.3,0.65,0.0,28.7,0.151,0,0,0,1.0,28.504952459104036,82.94716451356089,0.023192508803739426,33.12070650947056,0.21440434078828355,0.0,0.6637812078123018,0.0,0.0018390572995200466,1.8328058986857347e-07,0.39755765918693553,0.0,0.0,1.1657227962865204,lhs_candidate_000017_june2024_preflight,pa1_candidate_000017
2024-06-11T04:00,28.3,84.0,0.0,0.0,0.0,1.02,100950.0,25.2,0.63,0.0,28.4,0.151,0,0,0,1.0,28.403562755459866,83.78907562872973,0.023298313314852326,32.96247120906164,0.21437217269490905,0.0,0.6273082959946508,0.0,0.0018381024205946072,1.7312332329276772e-07,0.39735909070931513,0.0,0.0,1.166230266414997,lhs_candidate_000017_june2024_preflight,pa1_candidate_000017
2024-06-11T05:00,28.1,85.0,0.0,0.0,0.0,1.12,101000.0,25.2,0.59,0.0,28.1,0.151,0,0,0,1.0,28.24338722381537,84.62192283529315,0.02332438449532759,32.80612250874544,0.21434193243877628,0.0,0.5895691672476326,0.0,0.0020302180443018112,1.6263171618722387e-07,0.39717242246158196,0.0,0.0,1.1674279942026071,lhs_candidate_000017_june2024_preflight,pa1_candidate_000017
2024-06-11T06:00,27.9,86.0,22.0,9.0,13.0,1.12,101060.0,25.3,0.54,0.02,28.2,0.151,1,0,0,1.0,28.10049760519998,85.91365433954627,0.02349561670211273,32.65584530949521,0.21427920866954273,2393.3712,0.5355776878610556,18.7,0.0020664376595442777,5.340944744001942e-07,0.39678523870088106,0.0,0.0,1.1686755810519722,lhs_candidate_000017_june2024_preflight,pa1_candidate_000017
2024-06-11T07:00,29.0,77.0,166.0,97.0,69.0,0.98,101050.0,24.6,0.91,0.12,29.8,0.151,0,0,0,1.0,29.029538479121584,83.5691890951324,0.02404510530845139,32.55714599068305,0.22193833217162182,17035.5856,0.6592896408359845,141.1,0.0017168023489923154,3.4671465652757266e-06,0.44406377883717174,0.0,0.0,1.1649672408871194,lhs_candidate_000017_june2024_preflight,pa1_candidate_000017
2024-06-11T08:00,30.7,65.0,413.0,333.0,80.0,0.5,101040.0,23.5,1.53,0.3,31.1,0.15,0,0,0,1.0,31.180375589554465,80.74240858052514,0.026093867546478362,32.59507086529595,0.22088024909587609,39158.592000000004,0.8740891485156914,351.05,0.001407591606689687,8.266389223159047e-06,0.43753240182639563,0.0,0.0,1.156619431682716,lhs_candidate_000017_june2024_preflight,pa1_candidate_000017
2024-06-11T09:00,32.1,59.0,625.0,528.0,97.0,0.32,101030.0,23.0,1.96,0.46,32.9,0.149,0,1,0,1.0,33.44628556027065,65.08395041676792,0.023723009251185638,32.79985630658455,0.2190148084143586,58412.6928,1.8007754803736549,531.25,0.003322508513150548,1.2321868967226964e-05,0.4260173358911025,0.0,0.0,1.147957772151817,lhs_candidate_000017_june2024_preflight,pa1_candidate_000017
2024-06-11T10:00,33.1,55.0,798.0,694.0,104.0,0.36,101000.0,22.9,2.28,0.61,34.4,0.148,0,1,0,1.0,35.28265824837095,58.97175754075437,0.02366101084595344,33.1423783877334,0.2165340272681582,73882.9696,2.343172161152147,678.3,0.003821919297057841,1.5179579653656952e-05,0.410703872025668,0.0,0.0,1.1407841164125068,lhs_candidate_000017_june2024_preflight,pa1_candidate_000017
2024-06-11T11:00,34.0,52.0,884.0,761.0,123.0,0.28,100930.0,22.9,2.52,0.68,35.7,0.146,0,1,0,1.0,36.682029391700006,54.54900863456131,0.023526615354789455,33.57650242339075,0.2137104282250339,82119.43519999999,2.8029410712810114,751.4,0.004034940259771529,1.6158459577680908e-05,0.3932742483026783,0.0,0.0,1.1348446390395557,lhs_candidate_000017_june2024_preflight,pa1_candidate_000017
2024-06-11T12:00,34.6,51.0,878.0,743.0,135.0,0.36,100840.0,23.1,2.68,0.69,36.5,0.145,0,1,0,1.0,37.539210664902974,52.00896817617029,0.023437500110204672,34.04483296759725,0.21086848059737243,82013.624,3.1009232264119997,746.3,0.004178708438975941,1.541561945461819e-05,0.37573136171217547,0.0,0.0,1.1307044830382795,lhs_candidate_000017_june2024_preflight,pa1_candidate_000017
2024-06-11T13:00,34.9,51.0,795.0,636.0,159.0,0.51,100740.0,23.3,2.73,0.63,36.8,0.143,0,1,0,1.0,37.806021903096315,50.89353386193722,0.023248954987485512,34.49123036363739,0.2082714112973797,75554.0016,3.2192165217686592,675.75,0.0042320252078725425,1.346556070839225e-05,0.3597000697369117,0.0,0.0,1.1286139751167874,lhs_candidate_000017_june2024_preflight,pa1_candidate_000017
2024-06-11T14:00,35.2,50.0,708.0,556.0,152.0,0.86,100680.0,23.2,2.84,0.57,36.8,0.142,0,1,0,1.0,37.8330077331364,49.57994643520676,0.02268003635814643,34.88573426762115,0.20601509215312044,67651.7248,3.3101628547119306,601.8,0.004360402093175074,1.1634074928219132e-05,0.3457721737846941,0.0,0.0,1.1278439028064597,lhs_candidate_000017_june2024_preflight,pa1_candidate_000017
2024-06-11T15:00,34.4,52.0,596.0,457.0,139.0,1.22,100640.0,23.2,2.6,0.48,36.5,0.141,0,1,0,1.0,37.07320963364413,49.94585146647244,0.021977873427333806,35.21286102685285,0.20411050273576045,57338.3536,3.153351014672676,506.59999999999997,0.004733415648522925,9.545757258645127e-06,0.33401544898617563,0.0,0.0,1.13015702795649,lhs_candidate_000017_june2024_preflight,pa1_candidate_000017
2024-06-11T16:00,33.0,58.0,321.0,186.0,135.0,1.08,100670.0,23.8,2.09,0.27,35.4,0.141,0,1,0,1.0,35.16821364184726,54.7804662650296,0.021849100718575775,35.40337145978506,0.20278602243913985,32997.624,2.566284545684691,272.84999999999997,0.004386297608031087,5.2118260108139325e-06,0.3258396446860485,0.0,0.0,1.137478865972011,lhs_candidate_000017_june2024_preflight,pa1_candidate_000017
2024-06-11T17:00,32.7,60.0,204.0,103.0,101.0,0.71,100670.0,24.0,1.97,0.16,34.5,0.141,0,1,0,1.0,33.876630420245334,58.9627073496253,0.021983474802698074,35.44906567775652,0.20201500184180107,21505.4224,2.167930605447464,173.4,0.0035109000930233832,3.3835645899614174e-06,0.3210802582827227,0.0,0.0,1.1422639512794495,lhs_candidate_000017_june2024_preflight,pa1_candidate_000017
2024-06-11T18:00,32.1,64.0,78.0,48.0,30.0,0.99,100720.0,24.4,1.72,0.07,33.5,0.141,1,1,0,1.0,32.87827618255818,62.568603664573274,0.022132852256934933,35.40944730990838,0.2015748860606423,7919.472,1.8700370523580565,66.3,0.003606556137002932,1.5129752251132934e-06,0.31836349420149573,0.0,0.0,1.1465595338793717,lhs_candidate_000017_june2024_preflight,pa1_candidate_000017
2024-06-11T19:00,31.3,69.0,0.0,0.0,0.0,0.86,100790.0,25.0,1.4,0.03,32.6,0.14,0,0,0,1.0,31.794058737178013,67.51737036313087,0.02254735808336661,35.29561611685743,0.20940781119070168,0.0,1.5265927831398711,0.0,0.0018648070666847842,3.8881511368717895e-07,0.36671488389322027,0.0,0.0,1.1514357718676393,lhs_candidate_000017_june2024_preflight,pa1_candidate_000017
2024-06-11T20:00,30.7,73.0,0.0,0.0,0.0,0.3,100860.0,25.3,1.2,0.0,31.9,0.14,0,0,0,1.0,31.034043594042817,72.19890601545313,0.023150538704369537,35.14270741137129,0.20934461339877222,0.0,1.2514125451565423,0.0,0.0010618545843976415,3.1838909968154446e-07,0.3663247740664952,0.0,0.0,1.155114362514465,lhs_candidate_000017_june2024_preflight,pa1_candidate_000017
2024-06-11T21:00,30.4,75.0,0.0,0.0,0.0,0.45,100900.0,25.6,1.07,0.0,31.4,0.14,0,0,0,1.0,30.60364176383734,74.86079149476002,0.02345545363850794,34.9797118223814,0.2092911246404627,0.0,1.104165621487271,0.0,0.0010627551531614808,2.806727765008898e-07,0.3659945965460661,0.0,0.0,1.1572098497572725,lhs_candidate_000017_june2024_preflight,pa1_candidate_000017
2024-06-11T22:00,30.1,78.0,0.0,0.0,0.0,0.54,100940.0,25.9,0.93,0.0,31.0,0.14,0,0,0,1.0,30.292383812119667,77.51704908880696,0.023883850513801017,34.81297642168783,0.2092436037741473,0.0,0.9700818335133654,0.0,0.0011693312278114618,2.46391783934516e-07,0.3657012578651068,0.0,0.0,1.158856090822271,lhs_candidate_000017_june2024_preflight,pa1_candidate_000017
2024-06-11T23:00,29.8,81.0,0.0,0.0,0.0,0.73,100930.0,26.2,0.8,0.0,30.6,0.14,0,0,0,1.0,29.993805079467826,80.3507743573516,0.024360995657622682,34.64383760483629,0.20920240553412844,0.0,0.8334332269583413,0.0,0.0014466597199153852,2.115370997701397e-07,0.36544694774153363,0.0,0.0,1.159882576078846,lhs_candidate_000017_june2024_preflight,pa1_candidate_000017
2024-06-12T00:00,29.6,83.0,0.0,0.0,0.0,0.92,100900.0,26.4,0.7,0.0,30.3,0.14,0,0,0,1.0,29.755170760362113,82.50949955667937,0.024694539130041843,34.47307535467595,0.20916679975134042,0.0,0.7317750543364485,0.0,0.0017119219744201808,1.8562311725388277e-07,0.3652271589588915,0.0,0.0,1.160451322987955,lhs_candidate_000017_june2024_preflight,pa1_candidate_000017
2024-06-12T01:00,29.3,85.0,0.0,0.0,0.0,1.04,100870.0,26.4,0.62,0.0,29.8,0.14,0,0,0,1.0,29.4923073998608,84.3280270141227,0.024881669489167,34.30168649979835,0.20913534745333437,0.0,0.6458513871036016,0.0,0.0019313343318129667,1.637405071058101e-07,0.36503300897119983,0.0,0.0,1.1611139161561719,lhs_candidate_000017_june2024_preflight,pa1_candidate_000017
2024-06-12T02:00,29.0,87.0,0.0,0.0,0.0,0.98,100860.0,26.7,0.51,0.0,29.4,0.14,0,0,0,1.0,29.199202976735293,86.24679717006694,0.025045759882607613,34.12852627749418,0.2091079044316703,0.0,0.5572827725397813,0.0,0.0018401225894070729,1.4122044048431335e-07,0.3648636076029031,0.0,0.0,1.1621243057493407,lhs_candidate_000017_june2024_preflight,pa1_candidate_000017
2024-06-12T03:00,29.0,87.0,0.0,0.0,0.0,1.04,100850.0,26.6,0.52,0.0,29.1,0.14,0,0,0,1.0,29.080657579145157,86.87063502800392,0.025064697335304576,33.955122018389694,0.20908340599320588,0.0,0.5283763993178971,0.0,0.0018552451085257508,1.3383981133445963e-07,0.3647123826741104,0.0,0.0,1.1624648646863833,lhs_candidate_000017_june2024_preflight,pa1_candidate_000017
2024-06-12T04:00,28.8,88.0,0.0,0.0,0.0,1.02,100870.0,26.6,0.48,0.0,28.9,0.14,0,0,0,1.0,28.947377167703927,87.52773972219617,0.02507160159584882,33.784841695050034,0.20905989367330421,0.0,0.49808124604738335,0.0,0.0018685604043495723,1.261157224604233e-07,0.36456724489693965,0.0,0.0,1.1632083602782088,lhs_candidate_000017_june2024_preflight,pa1_candidate_000017
2024-06-12T05:00,28.7,88.0,0.0,0.0,0.0,1.1,100970.0,26.5,0.47,0.0,28.7,0.14,0,0,0,1.0,28.81428025896751,87.73856628719787,0.024950248526153445,33.61616335173201,0.20903757785067142,0.0,0.48590668632582235,0.0,0.001978130248469467,1.229865978902531e-07,0.3644294929053792,0.0,0.0,1.164874752079291,lhs_candidate_000017_june2024_preflight,pa1_candidate_000017
2024-06-12T06:00,28.6,88.0,23.0,11.0,12.0,1.5,101010.0,26.4,0.48,0.02,28.7,0.14,1,0,0,1.0,28.763638826741825,87.8801938270062,0.0249215582681432,33.45599627889844,0.20898227861742652,2446.1888,0.47888838098062836,19.55,0.0026739112147655614,4.918678437835187e-07,0.364088139613744,0.0,0.0,1.1655316931573063,lhs_candidate_000017_june2024_preflight,pa1_candidate_000017
2024-06-12T07:00,29.9,77.0,180.0,126.0,54.0,1.22,101070.0,25.5,0.97,0.13,30.4,0.14,0,0,0,1.0,29.890786234659526,82.45388033279293,0.024859727049317142,33.354546631813434,0.21664326019240948,17739.849599999998,0.7398422583472386,153.0,0.0021149822670696577,3.4899602388314133e-06,0.41137814933586103,0.0,0.0,1.161886298680246,lhs_candidate_000017_june2024_preflight,pa1_candidate_000017
2024-06-12T08:00,31.8,64.0,398.0,300.0,98.0,1.03,101090.0,24.1,1.7,0.3,31.9,0.139,0,0,0,1.0,32.194221952470635,73.55104902667992,0.02509114820300393,33.39096892420789,0.2156531135401007,38471.8752,1.2714565620388374,338.3,0.0020446821790500065,7.4994674661281886e-06,0.40526613296358455,0.0,0.0,1.1533495197264054,lhs_candidate_000017_june2024_preflight,pa1_candidate_000017
2024-06-12T09:00,33.1,57.0,622.0,521.0,101.0,0.64,101080.0,23.3,2.19,0.47,33.9,0.138,0,1,0,1.0,34.48276516149993,61.38174601857145,0.023623225856430723,33.592555702078805,0.2139395132005997,58289.422399999996,2.1100701473564105,528.6999999999999,0.003565666614071936,1.144808710372539e-05,0.3946883530901216,0.0,0.0,1.1446562735892767,lhs_candidate_000017_june2024_preflight,pa1_candidate_000017
2024-06-12T10:00,34.0,54.0,784.0,670.0,114.0,0.41,101070.0,23.3,2.47,0.6,35.4,0.137,0,1,0,1.0,36.23664852510595,56.55855571919216,0.02384067251764751,33.931300850222115,0.2116529072367813,73002.7936,2.6145546281413337,666.4,0.0038696331649777527,1.3901790004057871e-05,0.38057350146161295,0.0,0.0,1.1380547258449918,lhs_candidate_000017_june2024_preflight,pa1_candidate_000017
2024-06-12T11:00,34.7,52.0,895.0,763.0,132.0,0.41,100980.0,23.3,2.67,0.7,36.6,0.136,0,1,0,1.0,37.52914113662948,53.065276682858666,0.02390123206582035,34.362539421886765,0.20902942532361327,83404.0768,3.031013836486336,760.75,0.0041495877722178475,1.520643342650656e-05,0.36437916866427944,0.0,0.0,1.1323109815252985,lhs_candidate_000017_june2024_preflight,pa1_candidate_000017
2024-06-12T12:00,35.4,49.0,946.0,823.0,123.0,0.61,100910.0,23.2,2.9,0.75,37.5,0.134,0,1,0,1.0,38.536088802200275,49.205791760432675,0.023327158618514005,34.84747048922793,0.2062746220204483,87575.43519999999,3.463769133720619,804.1,0.004385247492837171,1.538558551035528e-05,0.3473742100027673,0.0,0.0,1.127870495074403,lhs_candidate_000017_june2024_preflight,pa1_candidate_000017
2024-06-12T13:00,35.6,49.0,877.0,712.0,165.0,0.71,100830.0,23.2,2.96,0.7,37.9,0.133,0,1,0,1.0,38.86809401610764,47.78628004956998,0.023037932313046895,35.33077022394973,0.20365876628505192,82981.096,3.6247361113903587,745.4499999999999,0.004502589320426315,1.3695515352596959e-05,0.3312269523768637,0.0,0.0,1.1257771678328028,lhs_candidate_000017_june2024_preflight,pa1_candidate_000017
2024-06-12T14:00,34.8,52.0,672.0,559.0,113.0,0.64,100750.0,23.6,2.64,0.53,37.4,0.133,0,1,0,1.0,37.934502106165965,49.322140479389304,0.022678970996930805,35.72667100640332,0.20151238811755048,63111.61119999999,3.3454132606038574,571.1999999999999,0.004405756555764156,1.0199829209124987e-05,0.317977704429324,0.0,0.0,1.1282598352751143,lhs_candidate_000017_june2024_preflight,pa1_candidate_000017
2024-06-12T15:00,34.6,53.0,591.0,482.0,109.0,1.08,100770.0,23.7,2.56,0.47,37.0,0.132,0,1,0,1.0,37.108666797098174,50.95927327467717,0.022464565363279936,36.01531533344377,0.19981358536293856,55842.8816,3.0954751299809633,502.34999999999997,0.004520647424818989,8.707295245163263e-06,0.30749126767246027,0.0,0.0,1.1314875648753413,lhs_candidate_000017_june2024_preflight,pa1_candidate_000017
2024-06-12T16:00,32.9,61.0,391.0,281.0,110.0,0.94,100740.0,24.2,1.97,0.31,36.1,0.133,0,1,0,1.0,35.375239082091106,56.763774391447946,0.02288479760041312,36.19985011259337,0.1985187938636646,38278.064000000006,2.481909764724478,332.34999999999997,0.004374408577523376,5.70119971612603e-06,0.2994987275534853,0.0,0.0,1.1375060044056144,lhs_candidate_000017_june2024_preflight,pa1_candidate_000017
2024-06-12T17:00,32.8,61.0,245.0,171.0,74.0,0.1,100720.0,24.2,1.95,0.17,35.1,0.133,0,1,0,1.0,34.148413189165744,59.87946163974264,0.022645604673728798,36.25248919139923,0.19768183524882038,24163.4976,2.15181440001933,208.25,0.003249059471167301,3.632708630843726e-06,0.29433231635074314,0.0,0.0,1.1418205322062247,lhs_candidate_000017_june2024_preflight,pa1_candidate_000017
2024-06-12T18:00,32.2,64.0,83.0,52.0,31.0,0.92,100740.0,24.4,1.74,0.07,34.0,0.133,1,1,0,1.0,33.077920839881415,62.30897442797606,0.022274731831079784,36.20456413010176,0.19722443006180962,8394.654400000001,1.9042165129592266,70.55,0.003573253681014346,1.4568071461051099e-06,0.2915088275420347,0.0,0.0,1.1460395610041665,lhs_candidate_000017_june2024_preflight,pa1_candidate_000017
2024-06-12T19:00,31.5,69.0,0.0,0.0,0.0,0.71,100790.0,25.1,1.43,0.03,33.0,0.133,0,0,0,1.0,31.985686706250018,67.55052692733551,0.02278991738061128,36.071126050890456,0.20506360827216513,0.0,1.5416520575511026,0.0,0.0016586934217387936,3.639380094273074e-07,0.33989881649484655,0.0,0.0,1.1507126597962143,lhs_candidate_000017_june2024_preflight,pa1_candidate_000017
2024-06-12T20:00,31.1,72.0,0.0,0.0,0.0,0.64,100870.0,25.4,1.26,0.0,32.3,0.132,0,0,0,1.0,31.35815146833405,71.4265449553796,0.023303944750993885,35.89981044996488,0.2050035964773181,0.0,1.3100961937230169,0.0,0.0013737502018397842,3.089375184230348e-07,0.3395283733167785,0.0,0.0,1.1539993036151444,lhs_candidate_000017_june2024_preflight,pa1_candidate_000017
2024-06-12T21:00,30.7,75.0,0.0,0.0,0.0,0.71,100900.0,25.7,1.12,0.0,31.8,0.132,0,0,0,1.0,30.939196780195793,74.38905524102613,0.023731744328826937,35.721550198282245,0.2049515567971561,0.0,1.146618419261816,0.0,0.0014566638713249549,2.70131541063097e-07,0.3392071407231858,0.0,0.0,1.1559328968954905,lhs_candidate_000017_june2024_preflight,pa1_candidate_000017
2024-06-12T22:00,30.4,78.0,0.0,0.0,0.0,0.72,100910.0,26.1,0.96,0.0,31.3,0.132,0,0,0,1.0,30.60117592395857,77.37199511576053,0.024239050026843297,35.539241666795135,0.20490623984123177,0.0,0.9937284791185608,0.0,0.0014378627018003238,2.3391917346713093e-07,0.33892740642735664,0.0,0.0,1.15733393365742,lhs_candidate_000017_june2024_preflight,pa1_candidate_000017
2024-06-12T23:00,30.1,81.0,0.0,0.0,0.0,0.76,100920.0,26.5,0.82,0.0,30.9,0.132,0,0,0,1.0,30.300440523495915,80.27657070974337,0.024744839613865283,35.354765705590424,0.2048671868747093,0.0,0.8514080195023492,0.0,0.0014976777191802293,2.002750329599256e-07,0.33868633873277354,0.0,0.0,1.1585957160418328,lhs_candidate_000017_june2024_preflight,pa1_candidate_000017
2024-06-13T00:00,29.8,84.0,0.0,0.0,0.0,0.72,100900.0,26.8,0.67,0.0,30.4,0.132,0,0,0,1.0,30.00394295626083,83.17309209469697,0.025230498413853556,35.16856896455331,0.20483406959230033,0.0,0.7141381380130083,0.0,0.001440695873970188,1.6788391462399922e-07,0.3384819110635823,0.0,0.0,1.1594990410514636,lhs_candidate_000017_june2024_preflight,pa1_candidate_000017
2024-06-13T01:00,29.3,87.0,0.0,0.0,0.0,0.95,100810.0,27.0,0.52,0.0,29.9,0.132,0,0,0,1.0,29.587539260130818,85.82446172654822,0.02545437609886791,34.979561598061785,0.2048065239942674,0.0,0.5873931927311178,0.0,0.0018548354934438546,1.3801857824082186e-07,0.3383118765078235,0.0,0.0,1.1600582233031271,lhs_candidate_000017_june2024_preflight,pa1_candidate_000017
2024-06-13T02:00,29.4,86.0,0.0,0.0,0.0,1.1,100800.0,26.8,0.57,0.0,29.4,0.132,0,0,0,1.0,29.456563942341894,86.04782213591014,0.025339898368865084,34.78826328433892,0.20478244787009592,0.0,0.5737953699406244,0.0,0.0019399142251973166,1.3476429856944746e-07,0.3381632584573822,0.0,0.0,1.1604452005601231,lhs_candidate_000017_june2024_preflight,pa1_candidate_000017
2024-06-13T03:00,29.2,86.0,0.0,0.0,0.0,1.2,100740.0,26.7,0.55,0.0,29.1,0.132,0,0,0,1.0,29.349192045036606,85.64054014065691,0.025073321413229332,34.60144670800414,0.20475779760219792,0.0,0.5869032284017983,0.0,0.002165699577805705,1.3778084761891317e-07,0.33801109630986376,0.0,0.0,1.160166113482731,lhs_candidate_000017_june2024_preflight,pa1_candidate_000017
2024-06-13T04:00,28.6,90.0,0.0,0.0,0.0,1.3,100750.0,26.8,0.39,0.0,28.9,0.132,0,0,0,1.0,28.919550879525115,88.49006680571661,0.02530883592079757,34.414034094392626,0.2047353021775263,0.0,0.45891167379722075,0.0,0.002424671696711533,1.0768941233223961e-07,0.33787223566374264,0.0,0.0,1.1619315752977941,lhs_candidate_000017_june2024_preflight,pa1_candidate_000017
2024-06-13T05:00,28.2,92.0,0.0,0.0,0.0,1.1,100780.0,26.7,0.32,0.0,28.6,0.132,0,0,0,1.0,28.464890057908676,90.82246721385856,0.02533890202054321,34.22029854486366,0.20471826883533092,0.0,0.35640593272469534,0.0,0.002074537552921333,8.360912050010608e-08,0.33776709157611684,0.0,0.0,1.1640296022676415,lhs_candidate_000017_june2024_preflight,pa1_candidate_000017
2024-06-13T06:00,28.3,92.0,24.0,13.0,11.0,1.22,100880.0,26.8,0.32,0.01,28.7,0.132,1,0,0,1.0,28.420514078568132,91.97823597615086,0.025599121876946695,34.03135877733257,0.20467219335733086,2499.0063999999998,0.3107208925881504,20.4,0.0021821518067317684,4.31450345031786e-07,0.33748267504525226,0.0,0.0,1.1653560791570623,lhs_candidate_000017_june2024_preflight,pa1_candidate_000017
2024-06-13T07:00,30.6,76.0,190.0,136.0,54.0,1.2,100900.0,25.9,1.05,0.14,31.0,0.132,0,0,0,1.0,30.231197309209264,82.62455223165493,0.025373631466608714,33.91263570034519,0.21234487996471213,18619.849599999998,0.7470847655488675,161.5,0.002292384447230861,3.437194594622631e-06,0.3848449380537786,0.0,0.0,1.1586304928136177,lhs_candidate_000017_june2024_preflight,pa1_candidate_000017
2024-06-13T08:00,32.3,64.0,407.0,327.0,80.0,1.08,100910.0,24.5,1.76,0.31,32.6,0.132,0,0,0,1.0,32.79036599112303,72.01698052589775,0.025356917637995493,33.94971076266168,0.21138628075669078,38630.592000000004,1.3911200603952487,345.95,0.0021771102112433547,7.194563244507271e-06,0.3789276589919184,0.0,0.0,1.1490525029160161,lhs_candidate_000017_june2024_preflight,pa1_candidate_000017
2024-06-13T09:00,33.6,56.0,613.0,510.0,103.0,1.22,100910.0,23.7,2.27,0.48,34.4,0.131,0,1,0,1.0,35.000060891914195,58.57970863528116,0.023161045982092423,34.14762301004151,0.20977592813125706,57567.7872,2.3289387896101097,521.05,0.004217543942409729,1.0611669127876478e-05,0.368987210686772,0.0,0.0,1.1408128308254584,lhs_candidate_000017_june2024_preflight,pa1_candidate_000017
2024-06-13T10:00,34.6,53.0,773.0,664.0,109.0,1.17,100820.0,23.6,2.6,0.61,36.0,0.13,0,1,0,1.0,36.77765651918444,53.94441029210005,0.02338037864091169,34.4771060946844,0.20765640547197056,71858.88160000001,2.8550878483642874,657.05,0.004484866718011615,1.2886757069189548e-05,0.3559037374812998,0.0,0.0,1.1332580415775657,lhs_candidate_000017_june2024_preflight,pa1_candidate_000017
2024-06-13T11:00,35.3,51.0,877.0,752.0,125.0,0.89,100720.0,23.7,2.8,0.7,37.3,0.129,0,1,0,1.0,38.09298679299777,50.94660912080445,0.02361548728477745,34.89826716965809,0.20523216921384907,81573.8,3.2660433223444296,745.4499999999999,0.004452077973233847,1.4012164639764938e-05,0.34093931613487083,0.0,0.0,1.127349539050483,lhs_candidate_000017_june2024_preflight,pa1_candidate_000017
2024-06-13T12:00,36.2,48.0,902.0,752.0,150.0,0.54,100610.0,23.5,3.1,0.72,38.3,0.128,0,1,0,1.0,39.18175720204864,47.867799657587824,0.023445458493948874,35.36655187366468,0.2027258787203727,84653.36,3.6805199058938896,766.6999999999999,0.004275924098421039,1.3830284602813682e-05,0.32546838716279447,0.0,0.0,1.1221927361257178,lhs_candidate_000017_june2024_preflight,pa1_candidate_000017
2024-06-13T13:00,36.5,48.0,864.0,709.0,155.0,0.57,100580.0,23.6,3.2,0.69,38.7,0.127,0,1,0,1.0,39.68969359234556,46.5906085014054,0.023410603238433705,35.838352136934596,0.20033656331618108,81485.272,3.87458693071566,734.4,0.0043792089062252544,1.2722648933315424e-05,0.3107195266430931,0.0,0.0,1.1200366352517468,lhs_candidate_000017_june2024_preflight,pa1_candidate_000017
2024-06-13T14:00,36.3,48.0,760.0,610.0,150.0,0.42,100480.0,23.5,3.15,0.6,38.6,0.126,0,1,0,1.0,39.4402027197087,46.06212877810095,0.0228566119383157,36.26442265131157,0.19822048535726536,72157.36,3.8610792809463086,646.0,0.00428382940975511,1.0814380335907593e-05,0.2976573170201566,0.0,0.0,1.1198161150762584,lhs_candidate_000017_june2024_preflight,pa1_candidate_000017
2024-06-13T15:00,35.8,50.0,572.0,436.0,136.0,0.67,100470.0,23.7,2.96,0.46,38.1,0.126,0,1,0,1.0,38.50834173432855,47.545790347210556,0.02250853456477011,36.59207485210479,0.19653184465067883,55120.8064,3.5716258576793196,486.2,0.004241168724076643,7.987008021828818e-06,0.2872336089548076,0.0,0.0,1.1230525945057486,lhs_candidate_000017_june2024_preflight,pa1_candidate_000017
2024-06-13T16:00,34.9,52.0,314.0,178.0,136.0,1.2,100560.0,23.7,2.67,0.28,37.1,0.126,0,1,0,1.0,36.890418775034334,49.38386216009832,0.02152795517850968,36.770648029243404,0.1954101997234,32416.806399999998,3.157161172524279,266.9,0.004442331698945615,4.511730882451364e-06,0.28030987483580255,0.0,0.0,1.129924430162048,lhs_candidate_000017_june2024_preflight,pa1_candidate_000017
2024-06-13T17:00,32.8,61.0,147.0,66.0,81.0,0.89,100540.0,24.3,1.93,0.13,35.6,0.127,0,1,0,1.0,34.51422028155024,57.15121796389817,0.0220312368953493,36.791722390548834,0.19480253487458804,15785.774399999998,2.345311700966266,124.95,0.003981889020913587,2.250500698243161e-06,0.27655885725054347,0.0,0.0,1.138424770089563,lhs_candidate_000017_june2024_preflight,pa1_candidate_000017
2024-06-13T18:00,32.2,63.0,60.0,36.0,24.0,0.64,100570.0,24.3,1.77,0.06,34.3,0.127,1,1,0,1.0,32.951683169861305,61.58140399482314,0.021868333418548037,36.697125585437405,0.19450292647160203,6124.3776,1.9272808818845015,51.0,0.00316208058329669,1.0975012829798785e-06,0.27470942266421006,0.0,0.0,1.1445774391692949,lhs_candidate_000017_june2024_preflight,pa1_candidate_000017
2024-06-13T19:00,31.6,68.0,0.0,0.0,0.0,1.06,100660.0,24.9,1.5,0.04,33.3,0.127,0,0,0,1.0,32.021764132993404,66.78301893049802,0.022574289102759118,36.54126880006814,0.20237945775597083,0.0,1.581336326859359,0.0,0.002106960722827618,3.551089576139236e-07,0.3233299861479681,0.0,0.0,1.1490925966618444,lhs_candidate_000017_june2024_preflight,pa1_candidate_000017
2024-06-13T20:00,31.1,71.0,0.0,0.0,0.0,0.92,100690.0,25.3,1.3,0.01,32.5,0.127,0,0,0,1.0,31.393435273318715,70.25267675474231,0.022964251936682913,36.35628148244193,0.20232023662127446,0.0,1.3666530245469914,0.0,0.0018120272774651178,3.065521368849598e-07,0.322964423588114,0.0,0.0,1.1518065591195856,lhs_candidate_000017_june2024_preflight,pa1_candidate_000017
2024-06-13T21:00,30.8,74.0,0.0,0.0,0.0,0.86,100750.0,25.6,1.15,0.0,31.9,0.127,0,0,0,1.0,31.006538791312067,73.40776287345263,0.023503459777630433,36.16446412718499,0.2022686561450508,0.0,1.1951255881913054,0.0,0.0016558357425015663,2.6781275725622065e-07,0.32264602558673333,0.0,0.0,1.153958913715023,lhs_candidate_000017_june2024_preflight,pa1_candidate_000017
2024-06-13T22:00,30.5,77.0,0.0,0.0,0.0,0.94,100760.0,26.0,1.0,0.0,31.3,0.127,0,0,0,1.0,30.70058104179349,76.33981158981321,0.024043902697463142,35.9702955420197,0.20222353058335543,0.0,1.0449700739315508,0.0,0.0017769265305681448,2.339626133695542e-07,0.322367472736762,0.0,0.0,1.1552355273957822,lhs_candidate_000017_june2024_preflight,pa1_candidate_000017
2024-06-13T23:00,30.2,79.0,0.0,0.0,0.0,0.89,100770.0,26.2,0.9,0.0,30.8,0.127,0,0,0,1.0,30.403043802657802,78.42877464737857,0.02430936374246574,35.77465473198544,0.20218371580923963,0.0,0.936654179943814,0.0,0.0017002319364873566,2.095514438062239e-07,0.3221217025261706,0.0,0.0,1.1564826330779319,lhs_candidate_000017_june2024_preflight,pa1_candidate_000017
2024-06-14T00:00,29.7,84.0,0.0,0.0,0.0,0.95,100680.0,26.6,0.68,0.0,30.3,0.127,0,0,0,1.0,29.9876593952801,82.6177008786493,0.02503996842869939,35.576498640254734,0.20214974221152707,0.0,0.7370203669610711,0.0,0.001854654810198152,1.6478134253146825e-07,0.32191198896004364,0.0,0.0,1.1570330451449449,lhs_candidate_000017_june2024_preflight,pa1_candidate_000017
2024-06-14T01:00,29.1,88.0,0.0,0.0,0.0,1.04,100660.0,26.9,0.47,0.0,29.8,0.127,0,0,0,1.0,29.442289694531095,86.44700038355886,0.025437730255068354,35.37225923922699,0.20212379684588275,0.0,0.556920774468324,0.0,0.0020291910677162437,1.244531356693184e-07,0.3217518323819923,0.0,0.0,1.1588881370026367,lhs_candidate_000017_june2024_preflight,pa1_candidate_000017
2024-06-14T02:00,28.9,88.0,0.0,0.0,0.0,1.04,100630.0,26.7,0.47,0.0,29.4,0.127,0,0,0,1.0,29.092594168989667,87.41567981625423,0.02523835475526503,35.16224353916112,0.20210280473703604,0.0,0.506790930664963,0.0,0.0019316963985125469,1.1320518485368878e-07,0.32162225146318546,0.0,0.0,1.1598831873123971,lhs_candidate_000017_june2024_preflight,pa1_candidate_000017
2024-06-14T03:00,28.6,89.0,0.0,0.0,0.0,1.1,100610.0,26.7,0.41,0.0,29.0,0.127,0,0,0,1.0,28.817446345260244,88.19211645784857,0.02508355717527592,34.951732953119084,0.20208313963265176,0.0,0.46801875062452636,0.0,0.0020445241866123977,1.0450493286365326e-07,0.32150086192994914,0.0,0.0,1.1607093196157758,lhs_candidate_000017_june2024_preflight,pa1_candidate_000017
2024-06-14T04:00,28.4,90.0,0.0,0.0,0.0,1.2,100600.0,26.6,0.39,0.0,28.8,0.127,0,0,0,1.0,28.580710613136723,89.26896128858229,0.02506371846609156,34.74114148175271,0.2020653279323339,0.0,0.4195444734610101,0.0,0.0021846963071233414,9.364896766116216e-08,0.3213909131625549,0.0,0.0,1.1615045460403146,lhs_candidate_000017_june2024_preflight,pa1_candidate_000017
2024-06-14T05:00,28.6,88.0,0.0,0.0,0.0,1.1,100680.0,26.4,0.47,0.0,28.5,0.127,0,0,0,1.0,28.615352234272734,88.25234975134903,0.024825242137812405,34.53416461522214,0.20204796641138242,0.0,0.4602134459805898,0.0,0.0019123053074145508,1.0269267113844166e-07,0.3212837432801384,0.0,0.0,1.1622947649600874,lhs_candidate_000017_june2024_preflight,pa1_candidate_000017
2024-06-14T06:00,28.7,88.0,24.0,13.0,11.0,1.2,100710.0,26.6,0.45,0.02,28.6,0.127,1,0,0,1.0,28.79266123321725,88.16792722082891,0.025042788197703694,34.34287849422644,0.20199849409355342,2499.0063999999998,0.4683052922608315,20.4,0.0021318073813990073,4.454807954721971e-07,0.3209783586021816,0.0,0.0,1.1619583636325093,lhs_candidate_000017_june2024_preflight,pa1_candidate_000017
2024-06-14T07:00,30.6,75.0,194.0,141.0,53.0,1.1,100710.0,25.7,1.09,0.14,31.1,0.127,0,0,0,1.0,30.400700688569984,81.1463757969816,0.025148521073549288,34.22282151362729,0.20967444450119155,18936.6672,0.8185422741821249,164.9,0.0020323404777100513,3.373488470487766e-06,0.3683607685258738,0.0,0.0,1.155802967219456,lhs_candidate_000017_june2024_preflight,pa1_candidate_000017
2024-06-14T08:00,32.6,60.0,418.0,342.0,76.0,0.54,100710.0,23.9,1.94,0.31,32.7,0.126,0,0,0,1.0,33.04083694576645,72.67510576897548,0.025929680895049222,34.25774351172038,0.2087340593207451,39457.8624,1.3776341008990327,355.3,0.00141323243923068,7.056902196002907e-06,0.36255592173299445,0.0,0.0,1.145837034370617,lhs_candidate_000017_june2024_preflight,pa1_candidate_000017
2024-06-14T09:00,34.0,53.0,623.0,529.0,94.0,0.3,100660.0,23.2,2.47,0.47,34.7,0.126,0,1,0,1.0,35.43896541600343,56.88090172066452,0.023007937849320766,34.459922330124876,0.2071583378745949,58131.145599999996,2.483893614150738,529.55,0.0033673828372451477,1.0341175337973514e-05,0.3528292461394747,0.0,0.0,1.1363679657265913,lhs_candidate_000017_june2024_preflight,pa1_candidate_000017
2024-06-14T10:00,35.2,50.0,793.0,686.0,107.0,0.4,100630.0,23.0,2.86,0.62,36.4,0.125,0,1,0,1.0,37.42463773159866,51.8777806939248,0.02324202153400686,34.80028331592254,0.2050828058303771,73548.5168,3.0901236008336834,674.05,0.0038542544823444973,1.2668131605524533e-05,0.34001731994059947,0.0,0.0,1.1287660384208753,lhs_candidate_000017_june2024_preflight,pa1_candidate_000017
2024-06-14T11:00,35.8,48.0,842.0,715.0,127.0,1.49,100570.0,23.1,3.05,0.68,37.4,0.124,0,1,0,1.0,38.58634562144591,47.088252876300416,0.02238018029552314,35.223199713858065,0.20277376194139213,78564.1648,3.617947422528066,715.6999999999999,0.005079987356965956,1.2963269515130102e-05,0.325763962601186,0.0,0.0,1.123889099134509,lhs_candidate_000017_june2024_preflight,pa1_candidate_000017
2024-06-14T12:00,36.1,48.0,935.0,798.0,137.0,1.96,100550.0,23.3,3.1,0.76,38.1,0.123,0,1,0,1.0,39.28480076008831,45.59459910720517,0.022448312138796677,35.688420450931986,0.20037078073419418,87099.98879999999,3.862276958681945,794.75,0.005799428179593188,1.3706086955640024e-05,0.31093074527280357,0.0,0.0,1.1211536151639323,lhs_candidate_000017_june2024_preflight,pa1_candidate_000017
2024-06-14T13:00,36.1,49.0,848.0,712.0,136.0,1.75,100460.0,23.6,3.05,0.7,38.3,0.123,0,1,0,1.0,39.35270868212591,45.846743116591064,0.02264977749672159,36.1509868353457,0.19806504722950083,79408.8064,3.858384666562608,720.8,0.005547251237523099,1.1934993749348352e-05,0.29669782240432613,0.0,0.0,1.1199066837647758,lhs_candidate_000017_june2024_preflight,pa1_candidate_000017
2024-06-14T14:00,35.3,53.0,662.0,452.0,210.0,1.75,100410.0,24.2,2.7,0.55,37.9,0.122,0,1,0,1.0,38.358631743442686,48.77807474054996,0.02291731914035141,36.52251598766482,0.1961808219317385,65644.304,3.4596872936812715,562.6999999999999,0.005491436010730518,9.040547885583024e-06,0.2850668020477685,0.0,0.0,1.1229213280801356,lhs_candidate_000017_june2024_preflight,pa1_candidate_000017
2024-06-14T15:00,34.6,55.0,516.0,365.0,151.0,1.81,100370.0,24.4,2.45,0.44,37.3,0.122,0,1,0,1.0,37.08727882472188,51.308042581638176,0.022593557016795933,36.77190850759685,0.19474923859233106,50720.5424,3.0698848409327115,438.59999999999997,0.005396525388692981,6.899866782308047e-06,0.27622986785389547,0.0,0.0,1.1270738940363592,lhs_candidate_000017_june2024_preflight,pa1_candidate_000017
2024-06-14T16:00,34.6,55.0,417.0,306.0,111.0,0.92,100310.0,24.3,2.45,0.34,36.7,0.121,0,1,0,1.0,36.44412919186808,53.156401786692506,0.022647291069017906,36.92936894861076,0.1936348246998818,40601.246399999996,2.8515129984887793,354.45,0.00406971972834866,5.506524014900841e-06,0.26935076975235683,0.0,0.0,1.128740121830054,lhs_candidate_000017_june2024_preflight,pa1_candidate_000017
2024-06-14T17:00,34.1,57.0,282.0,210.0,72.0,0.89,100350.0,24.3,2.31,0.22,36.0,0.121,0,1,0,1.0,35.66065757957177,54.94765352397998,0.022482702102382287,37.01063523915772,0.19279999605749223,27349.1328,2.6271251128613007,239.7,0.0039025981868014703,3.780809780739e-06,0.2641975065277299,0.0,0.0,1.132055047541125,lhs_candidate_000017_june2024_preflight,pa1_candidate_000017
2024-06-14T18:00,33.2,61.0,83.0,53.0,30.0,0.72,100470.0,24.8,1.97,0.07,34.9,0.121,1,1,0,1.0,34.25500257370428,58.79334167484512,0.022359247303842464,36.981990122538065,0.19233776703583208,8359.472,2.2232027298513977,70.55,0.0034462372635342157,1.3639601665296665e-06,0.26134424096192643,0.0,0.0,1.1385914554210217,lhs_candidate_000017_june2024_preflight,pa1_candidate_000017
2024-06-14T19:00,32.2,68.0,0.0,0.0,0.0,0.91,100530.0,25.6,1.51,0.03,33.7,0.121,0,1,0,1.0,32.81434635955856,65.9458118456507,0.023248757872761223,36.849178598690926,0.2001843700557428,0.0,1.695218150249306,0.0,0.0034001636660765814,3.6472913119789266e-07,0.30978006207248643,0.0,0.0,1.1446357599158223,lhs_candidate_000017_june2024_preflight,pa1_candidate_000017
2024-06-14T20:00,31.4,74.0,0.0,0.0,0.0,1.04,100570.0,26.3,1.18,0.01,32.9,0.121,0,0,0,1.0,31.828554710246664,72.38046703733117,0.024215875213055967,36.669633410357854,0.20012686138580024,0.0,1.300577171579239,0.0,0.0020813026315718913,2.7950077800790626e-07,0.3094250702827176,0.0,0.0,1.1487925142173923,lhs_candidate_000017_june2024_preflight,pa1_candidate_000017
2024-06-14T21:00,30.9,79.0,0.0,0.0,0.0,0.78,100630.0,26.9,0.92,0.0,32.3,0.121,0,0,0,1.0,31.20466525383313,77.68140752512937,0.025137314252431896,36.47568215384028,0.2000823725021024,0.0,1.014425737181337,0.0,0.001612849762739879,2.1781186560751985e-07,0.30915044754384197,0.0,0.0,1.1518341707491864,lhs_candidate_000017_june2024_preflight,pa1_candidate_000017
2024-06-14T22:00,30.6,82.0,0.0,0.0,0.0,0.78,100610.0,27.1,0.79,0.0,31.9,0.121,0,0,0,1.0,30.818119423523687,81.13420620727948,0.025715871037687972,36.27524534440079,0.2000468442240386,0.0,0.838826366121606,0.0,0.0015426272428727202,1.799803748386536e-07,0.3089311371854234,0.0,0.0,1.1530697030275336,lhs_candidate_000017_june2024_preflight,pa1_candidate_000017
2024-06-14T23:00,30.3,84.0,0.0,0.0,0.0,0.78,100640.0,27.3,0.7,0.0,31.5,0.121,0,0,0,1.0,30.511854342161115,83.26933118562339,0.025961442837681294,36.072725031408325,0.20001665837532454,0.0,0.7310027256497,0.0,0.0015375745977424797,1.567509028234424e-07,0.30874480478595395,0.0,0.0,1.1545768281044322,lhs_candidate_000017_june2024_preflight,pa1_candidate_000017
2024-06-15T00:00,30.0,86.0,0.0,0.0,0.0,0.76,100620.0,27.4,0.6,0.0,31.2,0.121,0,0,0,1.0,30.213835356551225,85.20646961255753,0.02614202135216754,35.8689904310898,0.1999903058339577,0.0,0.635439098645338,0.0,0.0015092063306321219,1.3618714288176462e-07,0.3085821347775166,0.0,0.0,1.1554813905814427,lhs_candidate_000017_june2024_preflight,pa1_candidate_000017
2024-06-15T01:00,29.8,87.0,0.0,0.0,0.0,0.76,100570.0,27.4,0.56,0.0,30.9,0.121,0,0,0,1.0,29.975522148265654,86.44576992622804,0.026183001170315908,35.66474781040366,0.19996709002558857,0.0,0.5743078348542827,0.0,0.0014762547966663496,1.2302834460134001e-07,0.308438827318448,0.0,0.0,1.1558151823210816,lhs_candidate_000017_june2024_preflight,pa1_candidate_000017
2024-06-15T02:00,29.4,88.0,0.0,0.0,0.0,0.85,100560.0,27.1,0.5,0.0,30.6,0.121,0,0,0,1.0,29.65291392089295,87.18093369926531,0.025948499011736167,35.46035940632225,0.19994572294672988,0.0,0.5331861681330992,0.0,0.0016771328131748042,1.1417040976457847e-07,0.30830693176993756,0.0,0.0,1.1569315465805088,lhs_candidate_000017_june2024_preflight,pa1_candidate_000017
2024-06-15T03:00,29.2,88.0,0.0,0.0,0.0,0.95,100530.0,27.1,0.48,0.0,30.3,0.121,0,0,0,1.0,29.38189224299663,87.49141270358757,0.025660753346096958,35.254278026328215,0.1999256904331829,0.0,0.512218318484055,0.0,0.0017798662745075924,1.096366020800432e-07,0.3081832742789068,0.0,0.0,1.1576225220616505,lhs_candidate_000017_june2024_preflight,pa1_candidate_000017
2024-06-15T04:00,29.1,89.0,0.0,0.0,0.0,0.89,100500.0,27.1,0.44,0.0,30.1,0.121,0,0,0,1.0,29.234150586783493,88.48075166284418,0.025743377143663503,35.049538152337895,0.19990676767208013,0.0,0.4677045406450251,0.0,0.001647634849460807,1.000708089269313e-07,0.30806646711160574,0.0,0.0,1.1578424993964007,lhs_candidate_000017_june2024_preflight,pa1_candidate_000017
2024-06-15T05:00,28.9,90.0,0.0,0.0,0.0,0.89,100530.0,27.1,0.41,0.0,29.8,0.121,0,0,0,1.0,29.0690780792316,89.36385711759108,0.025767812959395477,34.84769916872948,0.19988952041410005,0.0,0.42775332942311817,0.0,0.00167488425650208,9.149115478223219e-08,0.3079600025561732,0.0,0.0,1.1588207280898593,lhs_candidate_000017_june2024_preflight,pa1_candidate_000017
2024-06-15T06:00,29.0,89.0,23.0,10.0,13.0,1.08,100570.0,27.0,0.43,0.01,29.8,0.121,1,0,0,1.0,29.10827029604807,89.20748048911283,0.025777665675140234,34.655384467867044,0.19984494273621312,2481.3712,0.435025839397182,19.55,0.0019408325244723399,4.062960614090409e-07,0.30768483170501926,0.0,0.0,1.1591314947472309,lhs_candidate_000017_june2024_preflight,pa1_candidate_000017
2024-06-15T07:00,30.0,81.0,161.0,72.0,89.0,0.95,100690.0,26.4,0.8,0.12,30.8,0.121,0,0,0,1.0,30.09174715694146,85.62645875335673,0.026098264633690284,34.518962486900996,0.20758585800622095,17299.2336,0.6130954913091702,136.85,0.0017130181039201556,2.6853146603903007e-06,0.35546825929766024,0.0,0.0,1.1567507758193905,lhs_candidate_000017_june2024_preflight,pa1_candidate_000017
2024-06-15T08:00,31.6,70.0,350.0,212.0,138.0,0.45,100690.0,25.5,1.38,0.26,32.3,0.12,0,0,0,1.0,32.05830360041384,80.42674472558907,0.02723911526029802,34.50318974998345,0.2068334058057214,35655.1712,0.9337349544677971,297.5,0.0013338796179134635,5.664123145773691e-06,0.3508234926279099,0.0,0.0,1.149297454055715,lhs_candidate_000017_june2024_preflight,pa1_candidate_000017
2024-06-15T09:00,33.0,62.0,572.0,377.0,195.0,0.45,100720.0,24.7,1.93,0.44,34.1,0.12,0,1,0,1.0,34.281415186600086,65.23659918833404,0.0248439391610629,34.64081444381584,0.2054949794035745,57196.568,1.8783276404731137,486.2,0.0033545544253158607,9.122626130304034e-06,0.34256160125663276,0.0,0.0,1.1413265540244477,lhs_candidate_000017_june2024_preflight,pa1_candidate_000017
2024-06-15T10:00,34.4,55.0,762.0,608.0,154.0,0.32,100620.0,24.1,2.42,0.59,35.8,0.12,0,1,0,1.0,36.44449535154246,56.99865109731432,0.024284739401284717,34.92817343256928,0.2036107295388158,72474.08959999999,2.617675957475114,647.6999999999999,0.0037274118951224657,1.1766766590198372e-05,0.3309304292519493,0.0,0.0,1.1322270634427198,lhs_candidate_000017_june2024_preflight,pa1_candidate_000017
2024-06-15T11:00,35.1,52.0,824.0,698.0,126.0,0.22,100570.0,23.9,2.7,0.65,37.0,0.119,0,1,0,1.0,37.83619357594666,51.88130632761896,0.023736629520776122,35.31332248076743,0.20144356732406996,76944.9824,3.159619542662095,700.4,0.004038973594735813,1.2282356797373482e-05,0.31755288471648124,0.0,0.0,1.1266001124336384,lhs_candidate_000017_june2024_preflight,pa1_candidate_000017
2024-06-15T12:00,35.8,50.0,895.0,690.0,205.0,0.57,100440.0,23.7,2.95,0.71,38.1,0.118,0,1,0,1.0,38.845963204419775,48.95421665137297,0.02357461978577365,35.74648398187481,0.1991863563613389,85972.39199999999,3.539444809080279,760.75,0.004322049241811385,1.2777997626053683e-05,0.3036194837119686,0.0,0.0,1.1215023242005135,lhs_candidate_000017_june2024_preflight,pa1_candidate_000017
2024-06-15T13:00,36.2,49.0,828.0,658.0,170.0,1.08,100370.0,23.8,3.05,0.67,38.5,0.118,0,1,0,1.0,39.30039020022207,46.77492765801191,0.023047531985463037,36.18662611353149,0.1970115055126861,78845.008,3.7816413579982995,703.8,0.004742107052928467,1.1400947196260702e-05,0.290194478473371,0.0,0.0,1.1190907385206217,lhs_candidate_000017_june2024_preflight,pa1_candidate_000017
2024-06-15T14:00,36.0,49.0,843.0,727.0,116.0,1.51,100270.0,23.6,3.02,0.68,38.6,0.117,0,1,0,1.0,39.284084064007466,45.77757862784025,0.022537587712254677,36.605151183627044,0.1949853639661609,78265.1584,3.849139327405026,716.55,0.005266179081902664,1.1107022065167372e-05,0.2776874318898821,0.0,0.0,1.1180341210301068,lhs_candidate_000017_june2024_preflight,pa1_candidate_000017
2024-06-15T15:00,33.9,57.0,658.0,509.0,149.0,1.84,100310.0,24.3,2.26,0.53,37.9,0.121,0,1,0,1.0,37.466520613243745,50.61406022617579,0.022724411906173924,36.95020691330766,0.193235228198043,63146.17759999999,3.178491494956142,559.3,0.005758906479766038,8.364517503415219e-06,0.26688412467927786,0.0,0.0,1.1250248840981933,lhs_candidate_000017_june2024_preflight,pa1_candidate_000017
2024-06-15T16:00,32.6,65.0,393.0,306.0,87.0,1.91,100350.0,25.2,1.72,0.32,36.4,0.121,0,1,0,1.0,35.086534984036106,59.2069157944128,0.023514545370229723,37.118303861223005,0.19204326340837893,37644.8688,2.3046581165344984,334.05,0.005537623124974729,4.931324980854004e-06,0.25952631733567244,0.0,0.0,1.1341636177734538,lhs_candidate_000017_june2024_preflight,pa1_candidate_000017
2024-06-15T17:00,32.3,66.0,180.0,111.0,69.0,0.91,100400.0,25.1,1.65,0.15,35.2,0.121,0,1,0,1.0,33.580160784798416,63.46279103963297,0.023295623391339403,37.116301200046564,0.19138868209902032,18267.5856,1.8985355128090986,153.0,0.0037843542252630376,2.373035387524061e-06,0.2554856919692613,0.0,0.0,1.1403014572628865,lhs_candidate_000017_june2024_preflight,pa1_candidate_000017
2024-06-15T18:00,31.6,68.0,61.0,33.0,28.0,0.71,100450.0,25.0,1.47,0.05,34.0,0.121,1,1,0,1.0,32.41087091364345,66.11474853553392,0.02281534045478992,37.003540675397154,0.19108787014629128,6353.1071999999995,1.64895483629586,51.85,0.003281382440351879,9.754832462519114e-07,0.25362882806352643,0.0,0.0,1.1452351014872602,lhs_candidate_000017_june2024_preflight,pa1_candidate_000017
2024-06-15T19:00,30.8,71.0,0.0,0.0,0.0,1.12,100530.0,24.9,1.28,0.03,33.0,0.121,0,1,0,1.0,31.31155771168297,69.38745948934162,0.022582295804603855,36.82245237301979,0.19898156020665236,0.0,1.3998794827165324,0.0,0.0036390939184180633,2.9396772029082095e-07,0.30235530991760723,0.0,0.0,1.1502855557024645,lhs_candidate_000017_june2024_preflight,pa1_candidate_000017
2024-06-15T20:00,30.1,72.0,0.0,0.0,0.0,1.04,100550.0,24.5,1.19,0.01,32.2,0.12,0,0,0,1.0,30.498426306727794,71.09781274612625,0.022150623756003903,36.60802652434433,0.19893168130827013,0.0,1.2618367465602116,0.0,0.0020637505018359942,2.647095992845924e-07,0.302047415483149,0.0,0.0,1.1535953294266583,lhs_candidate_000017_june2024_preflight,pa1_candidate_000017
2024-06-15T21:00,29.8,72.0,0.0,0.0,0.0,0.98,100590.0,24.2,1.16,0.01,31.7,0.12,0,0,0,1.0,30.03417540286754,71.70024459848081,0.021785789288601292,36.383990260387904,0.19888538818224313,0.0,1.2031328326463377,0.0,0.0018640837366253197,2.521558383789469e-07,0.3017616554459453,0.0,0.0,1.1558213896061778,lhs_candidate_000017_june2024_preflight,pa1_candidate_000017
2024-06-15T22:00,29.4,75.0,0.0,0.0,0.0,1.03,100670.0,24.4,1.03,0.01,31.2,0.12,0,0,0,1.0,29.6596294693642,74.15965307932784,0.022080886200935852,36.15724256110301,0.19884221387910206,0.0,1.0751982210677395,0.0,0.001960025705609061,2.2514393887006897e-07,0.30149514740186456,0.0,0.0,1.1581713984010742,lhs_candidate_000017_june2024_preflight,pa1_candidate_000017
2024-06-15T23:00,29.1,77.0,0.0,0.0,0.0,1.12,100710.0,24.6,0.94,0.01,30.9,0.12,0,0,0,1.0,29.324833549746007,76.30836921168049,0.02231155399852109,35.92842067077833,0.19880385180485596,0.0,0.9669712355001527,0.0,0.002081094748146296,2.023224318982037e-07,0.30125834447441957,0.0,0.0,1.1599140214079764,lhs_candidate_000017_june2024_preflight,pa1_candidate_000017
2024-06-16T00:00,29.0,78.0,0.0,0.0,0.0,1.12,100670.0,24.7,0.88,0.0,30.6,0.12,0,0,0,1.0,29.142196055390812,77.6467112251576,0.02247849809943307,35.7001044418193,0.1987687872186297,0.0,0.9027849167178656,0.0,0.0020291867883258166,1.887568111261896e-07,0.3010418964112945,0.0,0.0,1.1601538398549422,lhs_candidate_000017_june2024_preflight,pa1_candidate_000017
2024-06-16T01:00,28.8,80.0,0.0,0.0,0.0,1.17,100610.0,24.9,0.8,0.0,30.3,0.12,0,0,0,1.0,28.972956279811136,79.39503595409931,0.02277377939399425,35.47508371072569,0.19873622339078664,0.0,0.8240793881480593,0.0,0.0021306527537521954,1.721857892296269e-07,0.30084088512831264,0.0,0.0,1.1601118746796193,lhs_candidate_000017_june2024_preflight,pa1_candidate_000017
2024-06-16T02:00,28.8,80.0,0.0,0.0,0.0,1.06,100570.0,25.0,0.79,0.0,30.1,0.12,0,0,0,1.0,28.89596981904272,79.88649536960817,0.02281879374125659,35.25363967590183,0.1987058575318907,0.0,0.8008511697917844,0.0,0.0018992752845225982,1.67228151769722e-07,0.30065344155488094,0.0,0.0,1.1599462189741234,lhs_candidate_000017_june2024_preflight,pa1_candidate_000017
2024-06-16T03:00,28.6,80.0,0.0,0.0,0.0,0.99,100570.0,24.9,0.78,0.0,30.0,0.12,0,0,0,1.0,28.76658929956545,79.72018213013932,0.02261113726414841,35.03726986464472,0.19867571829016037,0.0,0.8014507813143932,0.0,0.001833366629008345,1.6724980000853365e-07,0.3004673968528418,0.0,0.0,1.1604432915090401,lhs_candidate_000017_june2024_preflight,pa1_candidate_000017
2024-06-16T04:00,28.4,82.0,0.0,0.0,0.0,1.06,100610.0,25.0,0.7,0.0,29.8,0.12,0,0,0,1.0,28.57412121929199,81.35606268031583,0.022833817459462863,34.82341260423179,0.19864683795071578,0.0,0.7286315513393196,0.0,0.0019519216366349584,1.5196338924903725e-07,0.30028912315256656,0.0,0.0,1.1616453725248594,lhs_candidate_000017_june2024_preflight,pa1_candidate_000017
2024-06-16T05:00,28.3,82.0,0.0,0.0,0.0,1.34,100620.0,25.0,0.69,0.0,29.7,0.12,0,0,0,1.0,28.433423361463685,81.68170480776527,0.022749485848560846,34.61193273153287,0.1986200053131412,0.0,0.7100861101824547,0.0,0.00239030775193087,1.4801386563259134e-07,0.30012348958729135,0.0,0.0,1.1623028295881417,lhs_candidate_000017_june2024_preflight,pa1_candidate_000017
2024-06-16T06:00,28.4,82.0,21.0,9.0,12.0,1.41,100650.0,25.0,0.7,0.02,29.6,0.12,1,0,0,1.0,28.499802632104085,82.07471740538585,0.022942105009096898,34.410932970423524,0.1985685934966577,2270.1888,0.6975327918901724,17.849999999999998,0.0024903449561981816,4.2400404479515243e-07,0.29980613269541795,0.0,0.0,1.1623935261337124,lhs_candidate_000017_june2024_preflight,pa1_candidate_000017
2024-06-16T07:00,29.6,73.0,157.0,90.0,67.0,1.1,100700.0,24.3,1.11,0.12,30.4,0.12,0,0,0,1.0,29.600855272841923,77.54337587243835,0.023014931353825676,34.26653581070804,0.20631158372741534,16173.2208,0.9312505316157025,133.45,0.001902458561871854,2.6411402661378433e-06,0.3476023686877491,0.0,0.0,1.158741444693372,lhs_candidate_000017_june2024_preflight,pa1_candidate_000017
2024-06-16T08:00,30.7,67.0,251.0,103.0,148.0,0.5,100730.0,23.8,1.46,0.19,31.5,0.12,0,0,0,1.0,31.106774334489366,74.36357767880843,0.023937800481619746,34.21760527946722,0.20570399640105316,27294.995199999998,1.1587596033215206,213.35,0.001338843794090582,4.098078396293408e-06,0.34385182963613065,0.0,0.0,1.1533497507088724,lhs_candidate_000017_june2024_preflight,pa1_candidate_000017
2024-06-16T09:00,32.0,61.0,453.0,247.0,206.0,0.14,100780.0,23.6,1.85,0.34,33.0,0.119,0,1,0,1.0,32.93954667998114,64.8632978422974,0.023019006657900597,34.282218382202124,0.20468630411387725,47111.5744,1.7614436473077442,385.05,0.0029567628126342445,7.183671436270114e-06,0.33756977848072384,0.0,0.0,1.1470129062563892,lhs_candidate_000017_june2024_preflight,pa1_candidate_000017
2024-06-16T10:00,33.8,54.0,791.0,686.0,105.0,1.02,100720.0,23.2,2.42,0.61,35.1,0.119,0,1,0,1.0,35.602990475137986,56.33450706681832,0.02298143459188171,34.529956535814776,0.20295214713196877,73302.152,2.538188559805285,672.35,0.004159325358342998,1.2023871584624513e-05,0.3268651057528937,0.0,0.0,1.1364412605488134,lhs_candidate_000017_june2024_preflight,pa1_candidate_000017
2024-06-16T11:00,34.7,51.0,861.0,724.0,137.0,1.41,100690.0,23.2,2.7,0.68,36.5,0.118,0,1,0,1.0,37.418016408583306,50.06055860506088,0.022420294531098818,34.92858370429489,0.20072937205178568,80587.98879999999,3.205662050215472,731.85,0.004964495243480001,1.2634854026187458e-05,0.313144271924603,0.0,0.0,1.1294631377081008,lhs_candidate_000017_june2024_preflight,pa1_candidate_000017
2024-06-16T12:00,35.3,50.0,892.0,745.0,147.0,1.62,100640.0,23.2,2.87,0.72,37.5,0.118,0,1,0,1.0,38.35052376260198,47.76484018854114,0.0224320454907664,35.37127230433217,0.19846178563299977,83667.8128,3.526581803671942,758.1999999999999,0.0053260321496725,1.2547355379987748e-05,0.2991468248950603,0.0,0.0,1.125522796455647,lhs_candidate_000017_june2024_preflight,pa1_candidate_000017
2024-06-16T13:00,34.7,51.0,702.0,533.0,169.0,1.14,100600.0,23.2,2.7,0.57,37.5,0.117,0,1,0,1.0,37.84943761204944,47.77300825247164,0.021871754092030023,35.76969354173822,0.19647173858752903,67721.8256,3.4318424765896136,596.6999999999999,0.004824254731762947,9.600000131769837e-06,0.286862583873636,0.0,0.0,1.1268881858696795,lhs_candidate_000017_june2024_preflight,pa1_candidate_000017
2024-06-16T14:00,34.7,50.0,678.0,461.0,217.0,1.12,100480.0,22.9,2.74,0.55,37.6,0.117,0,1,0,1.0,37.41689791843234,47.823058794796,0.02141697644960048,36.08749172791224,0.19480420567504675,67298.58080000001,3.349085954284573,576.3,0.004642941841433226,8.945738348164579e-06,0.2765691708336219,0.0,0.0,1.1271115781064989,lhs_candidate_000017_june2024_preflight,pa1_candidate_000017
2024-06-16T15:00,34.6,51.0,601.0,384.0,217.0,1.43,100500.0,23.1,2.68,0.49,37.3,0.117,0,1,0,1.0,37.11088059970073,48.35953248023217,0.021320928555393363,36.36388197352237,0.19330573117716657,60522.5808,3.259964815886823,510.84999999999997,0.004915872947221317,7.718636516943074e-06,0.26731932825411464,0.0,0.0,1.1284478404642184,lhs_candidate_000017_june2024_preflight,pa1_candidate_000017
2024-06-16T16:00,33.5,56.0,379.0,182.0,197.0,1.81,100540.0,23.4,2.29,0.33,36.3,0.117,0,1,0,1.0,35.73055214320332,52.07078060412364,0.021382789037570037,36.5409380075862,0.19217434595915545,40282.932799999995,2.8056461012158564,322.15,0.005318128384094299,4.8759102123804495e-06,0.2603354688836756,0.0,0.0,1.133941799859333,lhs_candidate_000017_june2024_preflight,pa1_candidate_000017
2024-06-16T17:00,32.1,61.0,167.0,39.0,128.0,0.91,100550.0,23.6,1.87,0.15,35.0,0.118,0,1,0,1.0,33.707616199667676,57.64527531639571,0.021302401799835495,36.56347876007575,0.19153121904559833,19199.3472,2.216538757445429,141.95,0.003952310526023148,2.290267434424774e-06,0.2563655496641873,0.0,0.0,1.141530755251873,lhs_candidate_000017_june2024_preflight,pa1_candidate_000017
2024-06-16T18:00,31.5,64.0,60.0,24.0,36.0,0.86,100610.0,23.9,1.65,0.06,33.8,0.118,1,1,0,1.0,32.27397721413102,62.26573218190541,0.02133149332606773,36.46298292373613,0.19123640064596134,6546.5664,1.822144948396681,51.0,0.003436333731481605,9.983574594236586e-07,0.2545456829997614,0.0,0.0,1.1475733908991343,lhs_candidate_000017_june2024_preflight,pa1_candidate_000017
2024-06-16T19:00,30.9,67.0,0.0,0.0,0.0,0.89,100570.0,24.2,1.46,0.03,32.9,0.118,0,0,0,1.0,31.33228256973675,66.00872249698931,0.0215065160247513,36.29707633453689,0.19912472326608424,0.0,1.5562162769786632,0.0,0.0018648750945472017,3.277528311571998e-07,0.3032390325066929,0.0,0.0,1.150664917810865,lhs_candidate_000017_june2024_preflight,pa1_candidate_000017
2024-06-16T20:00,30.4,71.0,0.0,0.0,0.0,1.0,100640.0,24.6,1.25,0.01,32.2,0.118,0,0,0,1.0,30.702146513540065,70.03742887224276,0.02206076798885734,36.10226459881216,0.19907024724799793,0.0,1.3234377697244124,0.0,0.0019408081836871619,2.784185405767605e-07,0.30290276079011075,0.0,0.0,1.153853756261219,lhs_candidate_000017_june2024_preflight,pa1_candidate_000017
2024-06-16T21:00,30.0,75.0,0.0,0.0,0.0,1.0,100700.0,25.1,1.07,0.01,31.7,0.118,0,0,0,1.0,30.254445284870577,74.05585377720644,0.022770768263440017,35.90029120337439,0.19902414196542031,0.0,1.1169952301283015,0.0,0.0019091821211124197,2.3476735194237612e-07,0.30261816028037236,0.0,0.0,1.1562452985539697,lhs_candidate_000017_june2024_preflight,pa1_candidate_000017
2024-06-16T22:00,29.7,77.0,0.0,0.0,0.0,0.99,100710.0,25.3,0.94,0.0,31.2,0.118,0,0,0,1.0,29.91356942508076,76.38472994984235,0.023058290347475315,35.694746535248754,0.19898437346952041,0.0,0.9970545311652343,0.0,0.0018656864594750833,2.093885120094147e-07,0.30237267573778037,0.0,0.0,1.157660754880422,lhs_candidate_000017_june2024_preflight,pa1_candidate_000017
2024-06-16T23:00,29.4,79.0,0.0,0.0,0.0,0.85,100740.0,25.4,0.84,0.0,30.9,0.118,0,0,0,1.0,29.612719957400536,78.3644450642356,0.023273593536639985,35.48774529646512,0.198948587467561,0.0,0.8978143144140809,0.0,0.001645927634613938,1.884096186620185e-07,0.3021517744911173,0.0,0.0,1.1591562924785976,lhs_candidate_000017_june2024_preflight,pa1_candidate_000017
2024-06-17T00:00,29.1,81.0,0.0,0.0,0.0,1.0,100710.0,25.6,0.74,0.0,30.6,0.118,0,0,0,1.0,29.314522180098738,80.28052254302793,0.023459809069651203,35.27972864493442,0.19891646181652783,0.0,0.8043699385526653,0.0,0.001882505792690323,1.6868918869451082e-07,0.3019534680032583,0.0,0.0,1.1599535642348429,lhs_candidate_000017_june2024_preflight,pa1_candidate_000017
2024-06-17T01:00,28.8,83.0,0.0,0.0,0.0,0.86,100680.0,25.7,0.67,0.0,30.3,0.118,0,0,0,1.0,29.017493574851304,82.23283483085376,0.023645081980247645,35.070744113125556,0.19888784854087124,0.0,0.7124151546856696,0.0,0.0016654212862445607,1.4931741270308216e-07,0.30177684284488426,0.0,0.0,1.1607479183109037,lhs_candidate_000017_june2024_preflight,pa1_candidate_000017
2024-06-17T02:00,28.7,87.0,0.0,0.0,0.0,0.86,100650.0,26.4,0.51,0.0,30.1,0.118,0,0,0,1.0,28.839708013497553,86.02507984983258,0.024496941375840197,34.86203499778005,0.19886384275537747,0.0,0.5546256633028968,0.0,0.0016039320200106975,1.1618871817165101e-07,0.3016286589838116,0.0,0.0,1.1610851907688127,lhs_candidate_000017_june2024_preflight,pa1_candidate_000017
2024-06-17T03:00,28.6,88.0,0.0,0.0,0.0,0.81,100610.0,26.4,0.47,0.0,29.9,0.118,0,0,0,1.0,28.73145895357299,87.52041487550784,0.024775970602845192,34.656652326373724,0.19884436193125027,0.0,0.49218639262986086,0.0,0.001517153014333951,1.0306718743136852e-07,0.3015084069830264,0.0,0.0,1.1610399340471715,lhs_candidate_000017_june2024_preflight,pa1_candidate_000017
2024-06-17T04:00,28.5,88.0,0.0,0.0,0.0,0.81,100630.0,26.3,0.47,0.0,29.7,0.118,0,0,0,1.0,28.629575064080562,87.69935654824351,0.024688865116523476,34.45517469868656,0.19882608447344655,0.0,0.48227427655847777,0.0,0.0015155817464960464,1.0095373190729047e-07,0.30139558316942316,0.0,0.0,1.1616627911012702,lhs_candidate_000017_june2024_preflight,pa1_candidate_000017
2024-06-17T05:00,28.4,88.0,0.0,0.0,0.0,0.95,100700.0,26.3,0.46,0.0,29.6,0.118,0,0,0,1.0,28.527521223921926,87.67396971454164,0.024544424335600827,34.25752731847632,0.19880795376270977,0.0,0.48041887995207855,0.0,0.0017402185549720835,1.0052800141364582e-07,0.3012836652019122,0.0,0.0,1.162864113964315,lhs_candidate_000017_june2024_preflight,pa1_candidate_000017
2024-06-17T06:00,28.5,87.0,22.0,11.0,11.0,0.95,100740.0,26.2,0.49,0.01,29.6,0.118,1,0,0,1.0,28.60012206445864,87.33306213383725,0.02454621048503873,34.07057064297166,0.19876329282833147,2323.0063999999998,0.4957886337609083,18.7,0.00171967942564127,3.968548144615431e-07,0.3010079804217992,0.0,0.0,1.1630461309029332,lhs_candidate_000017_june2024_preflight,pa1_candidate_000017
2024-06-17T07:00,29.6,78.0,171.0,115.0,56.0,0.82,100770.0,25.4,0.9,0.12,30.5,0.118,0,0,0,1.0,29.673671201971167,83.82228891353581,0.024976917724511286,33.94289995122281,0.20649434257775537,17018.214399999997,0.6736866296388913,145.35,0.001483320327086359,2.8034961414711174e-06,0.3487305097392307,0.0,0.0,1.1592681047102813,lhs_candidate_000017_june2024_preflight,pa1_candidate_000017
2024-06-17T08:00,31.3,66.0,372.0,277.0,95.0,0.54,100820.0,24.3,1.53,0.27,32.2,0.117,0,0,0,1.0,31.782824228259116,76.67566265216256,0.02559042716040218,33.94426530827567,0.20570814179122007,36078.328,1.0954818661645076,316.2,0.0014524157891981713,5.925571638880779e-06,0.34387741846432146,0.0,0.0,1.1518209295655943,lhs_candidate_000017_june2024_preflight,pa1_candidate_000017
2024-06-17T09:00,32.9,58.0,613.0,505.0,108.0,0.2,100760.0,23.5,2.09,0.46,34.1,0.117,0,1,0,1.0,34.23481284539905,61.88411286882199,0.023509825205680478,34.11037808126904,0.2043048541781954,57743.699199999995,2.054141583725328,521.05,0.0032635523204300534,9.57644401889135e-06,0.33521514924811985,0.0,0.0,1.1419529253576954,lhs_candidate_000017_june2024_preflight,pa1_candidate_000017
2024-06-17T10:00,34.0,53.0,709.0,582.0,127.0,0.5,100750.0,23.2,2.49,0.55,35.7,0.117,0,1,0,1.0,36.08641197019281,54.37875295671726,0.022744935344716943,34.40816363838572,0.20246977334957886,66860.1648,2.7232339085371753,602.65,0.0038428382247073954,1.0780039662443736e-05,0.3238874898122152,0.0,0.0,1.1350026565978104,lhs_candidate_000017_june2024_preflight,pa1_candidate_000017
2024-06-17T11:00,34.7,51.0,795.0,669.0,126.0,1.03,100680.0,23.1,2.71,0.63,36.7,0.116,0,1,0,1.0,37.299676869155334,50.43354198678564,0.0224511503090615,34.777889988789134,0.2004489269022103,74392.9824,3.161330712274034,675.75,0.004506230467905409,1.164539387762248e-05,0.31141312902598955,0.0,0.0,1.1297814598662246,lhs_candidate_000017_june2024_preflight,pa1_candidate_000017
2024-06-17T12:00,34.9,51.0,825.0,687.0,138.0,1.35,100650.0,23.2,2.75,0.66,37.4,0.116,0,1,0,1.0,37.88688933136956,48.80217506892864,0.022385574568205852,35.18661544110426,0.19835536894762812,77455.1712,3.371042155901927,701.25,0.004988248074109262,1.1602083266384347e-05,0.2984899317754822,0.0,0.0,1.1273125142577953,lhs_candidate_000017_june2024_preflight,pa1_candidate_000017
2024-06-17T13:00,34.6,52.0,704.0,466.0,238.0,1.7,100590.0,23.3,2.63,0.58,37.4,0.116,0,1,0,1.0,37.54409400889811,48.66133892234234,0.02193437874764011,35.56422005430524,0.19644945264623917,70325.41119999999,3.3181080567393133,598.4,0.005394778753167875,9.598137633173655e-06,0.28672501633480973,0.0,0.0,1.1278835410070893,lhs_candidate_000017_june2024_preflight,pa1_candidate_000017
2024-06-17T14:00,35.0,51.0,647.0,410.0,237.0,1.57,100540.0,23.2,2.77,0.54,37.4,0.116,0,1,0,1.0,37.44017094551343,48.75054542399305,0.021858308500802892,35.87829279159411,0.19481743925472914,65274.2288,3.2937128417712347,549.9499999999999,0.005064548427643373,8.55801947468494e-06,0.27665085959709346,0.0,0.0,1.127700107741829,lhs_candidate_000017_june2024_preflight,pa1_candidate_000017
2024-06-17T15:00,32.0,66.0,437.0,187.0,250.0,1.4,100470.0,24.7,1.63,0.35,36.3,0.137,0,1,0,1.0,35.12265098009319,58.639711076486385,0.02333304080325109,36.096025250822805,0.19354088977641365,47251.6,2.341368574682902,371.45,0.005100764864230532,5.637445150671231e-06,0.2687709245457633,0.0,0.0,1.1353868342563376,lhs_candidate_000017_june2024_preflight,pa1_candidate_000017
2024-06-17T16:00,32.3,63.0,229.0,79.0,150.0,1.78,100520.0,24.3,1.81,0.22,34.7,0.137,0,1,0,1.0,33.54313932106885,60.85477566877482,0.022294828637884314,36.145781018203316,0.19276353382793576,25429.36,2.0298503711643905,194.65,0.004944213680046171,3.0486366360636586e-06,0.26397243103664053,0.0,0.0,1.1418021796680515,lhs_candidate_000017_june2024_preflight,pa1_candidate_000017
2024-06-17T17:00,31.9,65.0,149.0,62.0,87.0,1.12,100530.0,24.5,1.65,0.14,34.1,0.137,0,1,0,1.0,32.83426883588467,63.34107049110996,0.022354018460947422,36.101458718339636,0.19230469772539383,16172.868799999998,1.826925298736704,126.64999999999999,0.003866158910986927,2.0541354814264877e-06,0.2611401094160113,0.0,0.0,1.1445612332778492,lhs_candidate_000017_june2024_preflight,pa1_candidate_000017
2024-06-17T18:00,31.6,66.0,62.0,23.0,39.0,0.99,100550.0,24.4,1.58,0.06,33.3,0.137,1,1,0,1.0,32.174098875845445,64.9281839829612,0.02212587050000538,36.00143034670913,0.19202882562988818,6828.1136,1.684062300337899,52.699999999999996,0.003486471893115381,1.0156356769180015e-06,0.2594371952462234,0.0,0.0,1.14726419455555,lhs_candidate_000017_june2024_preflight,pa1_candidate_000017
2024-06-17T19:00,31.1,69.0,0.0,0.0,0.0,0.99,100660.0,24.8,1.39,0.03,32.5,0.136,0,0,0,1.0,31.47300984988795,68.1393022456768,0.022368392475524506,35.85198271372869,0.19991666929236399,0.0,1.4703705144689776,0.0,0.0019715823612514506,3.146652366393595e-07,0.30812758822446906,0.0,0.0,1.1511625961816234,lhs_candidate_000017_june2024_preflight,pa1_candidate_000017
2024-06-17T20:00,30.8,71.0,0.0,0.0,0.0,0.71,100720.0,25.0,1.27,0.0,32.0,0.136,0,0,0,1.0,31.008253828669755,70.65353464087536,0.022623701067754708,35.676937615347015,0.19986318118161656,0.0,1.319036677570801,0.0,0.0014290556056265596,2.819767077966894e-07,0.3077974147013368,0.0,0.0,1.1536087983048116,lhs_candidate_000017_june2024_preflight,pa1_candidate_000017
2024-06-17T21:00,30.5,73.0,0.0,0.0,0.0,0.72,100740.0,25.1,1.17,0.0,31.6,0.136,0,0,0,1.0,30.694787930828273,72.66769541551467,0.02288020906570667,35.49824276449165,0.19981466071266477,0.0,1.2067528950004176,0.0,0.0014320803630508997,2.5772224606196073e-07,0.30749790563373314,0.0,0.0,1.1550282443760453,lhs_candidate_000017_june2024_preflight,pa1_candidate_000017
2024-06-17T22:00,30.1,76.0,0.0,0.0,0.0,1.0,100780.0,25.3,1.04,0.01,31.2,0.136,0,0,0,1.0,30.335513004818992,75.25549307207365,0.023241033181220297,35.31690331124303,0.19977081122838952,0.0,1.0703004288984603,0.0,0.0018963209946176686,2.283793331347031e-07,0.3072272298048736,0.0,0.0,1.156854760663752,lhs_candidate_000017_june2024_preflight,pa1_candidate_000017
2024-06-17T23:00,29.8,78.0,0.0,0.0,0.0,0.99,100780.0,25.6,0.91,0.0,30.9,0.136,0,0,0,1.0,30.002900732720033,77.41111445270957,0.02348128361264871,35.13219038740411,0.1997319728737532,0.0,0.9586205896574294,0.0,0.0018582550522504317,2.0438961346894192e-07,0.3069874868750197,0.0,0.0,1.1581240346489354,lhs_candidate_000017_june2024_preflight,pa1_candidate_000017
2024-06-18T00:00,29.5,80.0,0.0,0.0,0.0,1.06,100730.0,25.6,0.83,0.0,30.7,0.136,0,0,0,1.0,29.70188916626131,79.35340254879058,0.023681487206504908,34.94543062558933,0.19969708068273126,0.0,0.8611799346076681,0.0,0.0019697704461279155,1.8348525164622726e-07,0.3067721029798226,0.0,0.0,1.1586999697978506,lhs_candidate_000017_june2024_preflight,pa1_candidate_000017
2024-06-18T01:00,29.2,81.0,0.0,0.0,0.0,0.89,100710.0,25.7,0.75,0.0,30.4,0.136,0,0,0,1.0,29.405028851882157,80.48719834854039,0.02363613885082424,34.7570093607036,0.1996653118757115,0.0,0.8001021424077148,0.0,0.0017022463256959998,1.7036288336649033e-07,0.306575999232787,0.0,0.0,1.1596065743437125,lhs_candidate_000017_june2024_preflight,pa1_candidate_000017
2024-06-18T02:00,28.8,83.0,0.0,0.0,0.0,0.98,100610.0,25.7,0.66,0.0,30.1,0.136,0,0,0,1.0,29.04821158846794,82.14809577503756,0.023660268740317635,34.56643396121146,0.19963615814153648,0.0,0.7170844679789234,0.0,0.0018743234077241606,1.5259659988585612e-07,0.30639603791071907,0.0,0.0,1.1598229762882404,lhs_candidate_000017_june2024_preflight,pa1_candidate_000017
2024-06-18T03:00,28.7,84.0,0.0,0.0,0.0,0.98,100520.0,25.7,0.63,0.0,29.9,0.136,0,0,0,1.0,28.834585733945783,83.57924771121937,0.023793804474299685,34.37398948027124,0.19961009207616903,0.0,0.6515008121920536,0.0,0.0017942678910571777,1.3856749823843295e-07,0.30623513627264837,0.0,0.0,1.1596051967849499,lhs_candidate_000017_june2024_preflight,pa1_candidate_000017
2024-06-18T04:00,28.6,84.0,0.0,0.0,0.0,0.98,100510.0,25.7,0.61,0.0,29.7,0.136,0,0,0,1.0,28.72181773658113,83.78023517981627,0.023704690315347884,34.1839779736929,0.19958548264617743,0.0,0.639339502688554,0.0,0.00178506647919336,1.3591345895650394e-07,0.3060832262109718,0.0,0.0,1.1599229780873153,lhs_candidate_000017_june2024_preflight,pa1_candidate_000017
2024-06-18T05:00,28.5,85.0,0.0,0.0,0.0,0.82,100540.0,25.7,0.59,0.0,29.6,0.136,0,0,0,1.0,28.620205649613073,84.6463121992519,0.02381718511466221,33.99733787708599,0.1995616706953535,0.0,0.6016489456432521,0.0,0.0015236315897403047,1.2783962242033212e-07,0.30593623886020677,0.0,0.0,1.1606598752346302,lhs_candidate_000017_june2024_preflight,pa1_candidate_000017
2024-06-18T06:00,28.4,85.0,21.0,10.0,11.0,1.1,100630.0,25.7,0.58,0.02,29.5,0.135,1,0,0,1.0,28.57139602216759,84.9459540566846,0.02383782393343773,33.81961618299385,0.1995134552509072,2235.0063999999998,0.5882405516944176,17.849999999999998,0.0020152476208036047,4.0905264104038957e-07,0.3056386126599209,0.0,0.0,1.16188678724176,lhs_candidate_000017_june2024_preflight,pa1_candidate_000017
2024-06-18T07:00,29.7,76.0,181.0,125.0,56.0,1.2,100680.0,25.1,0.99,0.13,30.8,0.135,0,0,0,1.0,29.718360427307204,80.7359394509731,0.02411559025422304,33.70158705371185,0.20722354925669625,17898.214399999997,0.8042747596363999,153.85,0.002086165608010907,3.0281178471778984e-06,0.3532317855351621,0.0,0.0,1.158061834697371,lhs_candidate_000017_june2024_preflight,pa1_candidate_000017
2024-06-18T08:00,31.4,65.0,398.0,318.0,80.0,1.12,100730.0,24.0,1.62,0.3,32.3,0.135,0,1,0,1.0,31.933302162815746,70.61715912413241,0.02375816162778876,33.72201263482896,0.2063689685915234,37838.592000000004,1.3918310387015405,338.3,0.0036508492279942557,6.468042469226668e-06,0.3479565962439716,0.0,0.0,1.1502251101336718,lhs_candidate_000017_june2024_preflight,pa1_candidate_000017
2024-06-18T09:00,32.6,59.0,590.0,488.0,102.0,1.04,100770.0,23.5,2.03,0.45,33.9,0.134,0,1,0,1.0,34.035998491026085,60.939096070403544,0.022911023289267845,33.89638463889316,0.2049399505766881,55508.6048,2.0819192953243415,501.5,0.004013353091421845,9.349622987289997e-06,0.3391354973869636,0.0,0.0,1.142805417890731,lhs_candidate_000017_june2024_preflight,pa1_candidate_000017
2024-06-18T10:00,33.6,55.0,751.0,638.0,113.0,0.89,100720.0,23.2,2.35,0.58,35.3,0.134,0,1,0,1.0,35.78275314097822,55.727290586444916,0.022946205919437905,34.19793238532753,0.20306121119156753,70063.6112,2.5990505065055247,638.35,0.004198050514618648,1.1482394236329947e-05,0.3275383406886885,0.0,0.0,1.1357799848877186,lhs_candidate_000017_june2024_preflight,pa1_candidate_000017
2024-06-18T11:00,34.5,52.0,858.0,729.0,129.0,0.73,100620.0,23.1,2.64,0.67,36.7,0.133,0,1,0,1.0,37.22998985675858,51.767941156456686,0.022963191679014085,34.594207857983704,0.2008906736182897,80042.5296,3.064591399827674,729.3,0.0042990631135455554,1.2602522759531988e-05,0.3141399606067265,0.0,0.0,1.129361678540163,lhs_candidate_000017_june2024_preflight,pa1_candidate_000017
2024-06-18T12:00,34.8,51.0,758.0,622.0,136.0,0.22,100560.0,23.1,2.75,0.6,37.2,0.132,0,1,0,1.0,37.71269594691249,49.70158391399053,0.022596749359884104,35.00571328238625,0.19878660036169435,71488.8064,3.2807290400752813,644.3,0.0041219364069351744,1.0793289241939996e-05,0.30115185408453304,0.0,0.0,1.1269356152383416,lhs_candidate_000017_june2024_preflight,pa1_candidate_000017
2024-06-18T13:00,35.2,51.0,778.0,578.0,200.0,0.45,100480.0,23.4,2.8,0.62,37.6,0.131,0,1,0,1.0,38.055365972528705,49.50096308582173,0.022901545042980795,35.39254513453849,0.19685787982138642,75500.48,3.3554673081902138,661.3,0.0041778193369063354,1.0637738673927447e-05,0.2892461717369532,0.0,0.0,1.1247991991609294,lhs_candidate_000017_june2024_preflight,pa1_candidate_000017
2024-06-18T14:00,34.9,52.0,694.0,574.0,120.0,1.1,100410.0,23.7,2.66,0.56,37.5,0.13,0,1,0,1.0,37.82837416137065,49.05465589663982,0.02243445127220502,35.75580372978757,0.19507404984998566,65293.888000000006,3.3438101514390293,589.9,0.004702301649769244,9.195704205783346e-06,0.2782348756171955,0.0,0.0,1.1248360514106264,lhs_candidate_000017_june2024_preflight,pa1_candidate_000017
2024-06-18T15:00,34.1,56.0,514.0,370.0,144.0,0.99,100330.0,24.0,2.36,0.42,36.9,0.129,0,1,0,1.0,36.71013966016639,52.34055539795107,0.022606740027978297,36.027016943051194,0.19364764064940704,50298.2656,2.943648894229444,436.9,0.004473549050364219,6.682530923400623e-06,0.2694298805518953,0.0,0.0,1.1279959718536379,lhs_candidate_000017_june2024_preflight,pa1_candidate_000017
2024-06-18T16:00,33.3,59.0,393.0,277.0,116.0,1.17,100340.0,24.2,2.1,0.32,36.1,0.129,0,1,0,1.0,35.407725787304265,55.66760470674184,0.02248071827496107,36.18535699383513,0.19259447386245634,38665.1584,2.5493940961862553,334.05,0.0044600923782229605,5.040669141155632e-06,0.262928851002817,0.0,0.0,1.1328701156943886,lhs_candidate_000017_june2024_preflight,pa1_candidate_000017
2024-06-18T17:00,32.8,62.0,236.0,172.0,64.0,1.12,100370.0,24.4,1.91,0.19,35.2,0.129,0,1,0,1.0,34.24540421784582,59.422999239994716,0.022587360963210713,36.24097614284775,0.19186407885774742,23019.673600000002,2.188063607553156,200.6,0.004113922601934274,3.0930035063561635e-06,0.25842023986263846,0.0,0.0,1.1374937072007254,lhs_candidate_000017_june2024_preflight,pa1_candidate_000017
2024-06-18T18:00,32.3,64.0,85.0,52.0,33.0,0.64,100430.0,24.6,1.74,0.06,34.2,0.129,1,1,0,1.0,33.15303837516622,62.36710746908374,0.02238408189647705,36.19307273818234,0.19146936145457982,8641.0192,1.9093005347746943,72.25,0.003233239492960554,1.3028433041090915e-06,0.2559837126825915,0.0,0.0,1.1422327463497772,lhs_candidate_000017_june2024_preflight,pa1_candidate_000017
2024-06-18T19:00,31.5,70.0,0.0,0.0,0.0,0.41,100530.0,25.3,1.41,0.02,33.2,0.129,0,1,0,1.0,32.03156074477417,68.22094594386228,0.02307236996199234,36.06246289902418,0.19932576187792736,0.0,1.5137195877254404,0.0,0.0027542419737036864,3.2010732658442866e-07,0.3044800115921442,0.0,0.0,1.1475717315546174,lhs_candidate_000017_june2024_preflight,pa1_candidate_000017
2024-06-18T20:00,31.1,73.0,0.0,0.0,0.0,0.82,100630.0,25.6,1.22,0.0,32.5,0.129,0,0,0,1.0,31.36497286007744,72.26877368917424,0.02358733959214756,35.89193240405442,0.19927339567227403,0.0,1.271972454245859,0.0,0.0016402114654357808,2.686993281750514e-07,0.304156763409099,0.0,0.0,1.1512278039194408,lhs_candidate_000017_june2024_preflight,pa1_candidate_000017
2024-06-18T21:00,30.8,75.0,0.0,0.0,0.0,1.3,100660.0,25.8,1.12,0.01,32.0,0.129,0,0,0,1.0,30.996814301445962,74.45716130912531,0.02382702027205857,35.71455936596027,0.19922759180944055,0.0,1.1473274853847593,0.0,0.0023575226708125257,2.421432516096553e-07,0.30387402351506515,0.0,0.0,1.152964944514923,lhs_candidate_000017_june2024_preflight,pa1_candidate_000017
2024-06-18T22:00,30.5,75.0,0.0,0.0,0.0,0.89,100700.0,25.7,1.07,0.0,31.7,0.129,0,0,0,1.0,30.693184988586854,74.82231108138788,0.02355658265742101,35.53452815429567,0.1991848386572701,0.0,1.1115224478282792,0.0,0.0016926085626053583,2.343828714701014e-07,0.30361011516833397,0.0,0.0,1.1545757178466391,lhs_candidate_000017_june2024_preflight,pa1_candidate_000017
2024-06-18T23:00,30.2,77.0,0.0,0.0,0.0,0.76,100680.0,25.8,0.98,0.0,31.3,0.129,0,0,0,1.0,30.39712726134765,76.5163758670965,0.02370904589151377,35.352629127058364,0.19914426710985259,0.0,1.0193483835494863,0.0,0.0014947712619672612,2.147691423783428e-07,0.30335967351760856,0.0,0.0,1.155472273161235,lhs_candidate_000017_june2024_preflight,pa1_candidate_000017
2024-06-19T00:00,30.0,79.0,0.0,0.0,0.0,0.81,100660.0,26.0,0.88,0.0,31.0,0.129,0,0,0,1.0,30.15967134685624,78.54375966367941,0.024027493958975608,35.169560043437755,0.19910756220106285,0.0,0.9187733295599272,0.0,0.0015404106989184343,1.934341443889634e-07,0.3031331000065608,0.0,0.0,1.1561471591667132,lhs_candidate_000017_june2024_preflight,pa1_candidate_000017
2024-06-19T01:00,29.7,82.0,0.0,0.0,0.0,0.81,100580.0,26.2,0.77,0.0,30.8,0.129,0,0,0,1.0,29.897998750940435,81.20587382324861,0.02449301068460621,34.98628367388884,0.1990750500825442,0.0,0.7927933378392789,0.0,0.0015722884958568938,1.668004142824793e-07,0.30293240791693954,0.0,0.0,1.156225809866929,lhs_candidate_000017_june2024_preflight,pa1_candidate_000017
2024-06-19T02:00,29.3,84.0,0.0,0.0,0.0,0.91,100560.0,26.3,0.64,0.0,30.5,0.129,0,0,0,1.0,29.54500793345587,83.15266730408557,0.024605129913236535,34.80104290313,0.19904693360034983,0.0,0.696398126243357,0.0,0.001763027678015024,1.4643531846958815e-07,0.3027588493848756,0.0,0.0,1.157343974396161,lhs_candidate_000017_june2024_preflight,pa1_candidate_000017
2024-06-19T03:00,29.2,84.0,0.0,0.0,0.0,0.9,100510.0,26.3,0.64,0.0,30.2,0.129,0,0,0,1.0,29.331362531613884,83.7609196655798,0.024499271420284994,34.61379816442755,0.19902142787356164,0.0,0.6630457387960589,0.0,0.0016615935911593518,1.3934963223562233e-07,0.30260140662692375,0.0,0.0,1.157585561302312,lhs_candidate_000017_june2024_preflight,pa1_candidate_000017
2024-06-19T04:00,29.1,85.0,0.0,0.0,0.0,1.0,100510.0,26.3,0.6,0.0,29.9,0.129,0,0,0,1.0,29.21824259784911,84.62965085932686,0.024601610501928658,34.428811643468165,0.19899703743682942,0.0,0.6234944658127399,0.0,0.0018152355914559236,1.309721045521621e-07,0.3024508483754903,0.0,0.0,1.1580186292756434,lhs_candidate_000017_june2024_preflight,pa1_candidate_000017
2024-06-19T05:00,29.0,85.0,0.0,0.0,0.0,1.0,100500.0,26.2,0.6,0.0,29.7,0.129,0,0,0,1.0,29.115843951116357,84.77908327947956,0.024508123946238605,34.247025164123635,0.19897372921526574,0.0,0.6137944280360461,0.0,0.0018135545697138288,1.2887316627009563e-07,0.30230697046460336,0.0,0.0,1.1582956781245874,lhs_candidate_000017_june2024_preflight,pa1_candidate_000017
2024-06-19T06:00,29.1,84.0,17.0,2.0,15.0,1.14,100630.0,26.1,0.64,0.02,29.5,0.129,1,0,0,1.0,29.17588654472407,84.29685636784224,0.024448473356495852,34.074108926925774,0.1989298038803255,2023.7359999999999,0.6354392105590874,14.45,0.002020201692473194,3.6063970031525047e-07,0.30203582642176235,0.0,0.0,1.1595636333788926,lhs_candidate_000017_june2024_preflight,pa1_candidate_000017
2024-06-19T07:00,29.6,80.0,141.0,43.0,98.0,1.3,100650.0,25.8,0.84,0.11,30.7,0.128,0,0,0,1.0,29.82439153688227,82.3064698666386,0.024726276902261368,33.94841787912128,0.20670396253325413,15855.8752,0.7432191147129288,119.85,0.002372978542769256,2.365868012364536e-06,0.3500244600818156,0.0,0.0,1.1573115997045762,lhs_candidate_000017_june2024_preflight,pa1_candidate_000017
2024-06-19T08:00,31.1,69.0,311.0,159.0,152.0,1.5,100650.0,24.6,1.41,0.25,31.8,0.128,0,0,0,1.0,31.482377388943025,73.47063528090507,0.024130611107176715,33.92550735449014,0.20603602673421226,32715.7248,1.2249804028649915,264.34999999999997,0.0027762114855804858,5.057328915324829e-06,0.34590139959390287,0.0,0.0,1.151012839621415,lhs_candidate_000017_june2024_preflight,pa1_candidate_000017
2024-06-19T09:00,32.4,61.0,452.0,195.0,257.0,1.5,100620.0,23.8,1.91,0.36,33.2,0.128,0,1,0,1.0,33.35919578423663,62.64768059166275,0.022730501954775138,34.02492299832639,0.20492662880274465,48817.8768,1.9170649113749798,384.2,0.004417516658579657,7.236874941716839e-06,0.3390532642144732,0.0,0.0,1.1436239798060084,lhs_candidate_000017_june2024_preflight,pa1_candidate_000017
2024-06-19T10:00,33.6,55.0,643.0,364.0,279.0,1.4,100570.0,23.4,2.33,0.51,34.8,0.127,0,1,0,1.0,35.24065524108617,56.001022246751525,0.022420125038585606,34.24760793064003,0.20337602551427447,66399.8896,2.50701872179273,546.55,0.00455404395999541,9.953930077385323e-06,0.32948163897700294,0.0,0.0,1.1360820267854002,lhs_candidate_000017_june2024_preflight,pa1_candidate_000017
2024-06-19T11:00,34.5,52.0,737.0,377.0,360.0,0.91,100510.0,23.4,2.6,0.59,36.2,0.126,0,1,0,1.0,36.76111187164744,52.21827543878102,0.022613030938976333,34.57546355157659,0.20148537094526997,77521.66399999999,2.959422192382447,626.4499999999999,0.0042488243715633365,1.1023927571719828e-05,0.3178109317609258,0.0,0.0,1.1298338278837305,lhs_candidate_000017_june2024_preflight,pa1_candidate_000017
2024-06-19T12:00,35.2,50.0,832.0,510.0,322.0,0.81,100420.0,23.2,2.84,0.66,37.2,0.126,0,1,0,1.0,37.94218524861942,49.366464476005355,0.022708227493092804,34.971625704105726,0.19941572227262785,84544.7328,3.3438768270513886,707.1999999999999,0.004364172191371653,1.194528353549923e-05,0.30503532267054234,0.0,0.0,1.1245365206540896,lhs_candidate_000017_june2024_preflight,pa1_candidate_000017
2024-06-19T13:00,34.8,51.0,617.0,324.0,293.0,0.71,100390.0,23.3,2.7,0.5,37.1,0.125,0,1,0,1.0,37.60620556660111,48.670555390096595,0.022008167365600344,35.340501665731935,0.1975607542742319,64604.4432,3.3287076832750118,524.4499999999999,0.00431573494195842,8.699033145170193e-06,0.2935849029273574,0.0,0.0,1.1254160204309864,lhs_candidate_000017_june2024_preflight,pa1_candidate_000017
2024-06-19T14:00,35.1,50.0,620.0,245.0,375.0,0.0,100320.0,23.1,2.83,0.48,37.2,0.124,0,1,0,1.0,37.46346946599851,49.19548941782659,0.02208406903025945,35.63498588108024,0.19601925734582976,67753.4,3.269249548713123,527.0,0.0038278311528683953,8.44308967915131e-06,0.2840694897890726,0.0,0.0,1.125148091095717,lhs_candidate_000017_june2024_preflight,pa1_candidate_000017
2024-06-19T15:00,34.4,52.0,416.0,154.0,262.0,0.4,100290.0,23.2,2.61,0.33,36.7,0.124,0,1,0,1.0,36.62253803910079,49.86597171396048,0.021441216981713047,35.86479559812061,0.19475019320559933,45825.788799999995,3.081714250376135,353.59999999999997,0.0038561197314618016,5.679213012290917e-06,0.27623576052839094,0.0,0.0,1.12786512013219,lhs_candidate_000017_june2024_preflight,pa1_candidate_000017
2024-06-19T16:00,31.4,69.0,176.0,17.0,159.0,0.51,100310.0,25.0,1.44,0.15,35.0,0.136,0,1,0,1.0,33.683910147768145,62.60248673896405,0.023105505101962204,35.93477696088477,0.1940161925333253,21082.0016,1.9545269667055658,149.6,0.003957263502758928,2.486130290859616e-06,0.27170489218102045,0.0,0.0,1.1388940516177186,lhs_candidate_000017_june2024_preflight,pa1_candidate_000017
2024-06-19T17:00,31.0,71.0,93.0,6.0,87.0,0.51,100290.0,25.1,1.31,0.09,33.5,0.143,0,1,0,1.0,31.860397880358203,69.15910313613513,0.023177424889298075,35.855521032186815,0.19367063342772547,11244.868799999998,1.4548867170911932,79.05,0.0031159687593455866,1.3824078573251454e-06,0.26957181128225605,0.0,0.0,1.1454745256460748,lhs_candidate_000017_june2024_preflight,pa1_candidate_000017
2024-06-19T18:00,30.5,71.0,43.0,7.0,36.0,0.72,100360.0,24.6,1.27,0.05,32.4,0.147,1,1,0,1.0,31.04955883488533,69.91336276968505,0.022436340221192584,35.71833606628089,0.19347792169962005,5050.5664,1.3554882584007655,36.55,0.003109941552859204,7.636306919114531e-07,0.26838223271370404,0.0,0.0,1.1493294142928285,lhs_candidate_000017_june2024_preflight,pa1_candidate_000017
2024-06-19T19:00,30.0,73.0,0.0,0.0,0.0,0.71,100400.0,24.7,1.14,0.02,31.5,0.147,0,0,0,1.0,30.36738417602054,72.30284662686135,0.022367572190434025,35.544750969184555,0.20139775043204694,0.0,1.2002006660452502,0.0,0.0015662672818343413,2.644687461670945e-07,0.3172700643953515,0.0,0.0,1.152371717616491,lhs_candidate_000017_june2024_preflight,pa1_candidate_000017
2024-06-19T20:00,29.8,75.0,0.0,0.0,0.0,0.94,100480.0,25.0,1.04,0.0,31.1,0.148,0,0,0,1.0,29.979746513216696,74.555822774072,0.02258689020061158,35.352206480902446,0.20135268447441296,0.0,1.0783594460890327,0.0,0.0017620908383293352,2.3741222592190762e-07,0.31699187947168495,0.0,0.0,1.154764751552425,lhs_candidate_000017_june2024_preflight,pa1_candidate_000017
2024-06-19T21:00,29.6,78.0,0.0,0.0,0.0,1.08,100570.0,25.3,0.92,0.0,30.7,0.148,0,0,0,1.0,29.76035185200011,77.39598233690774,0.02317059876992494,35.158805841263046,0.20131253854489023,0.0,0.9459981756089286,0.0,0.0019750039055429973,2.0810867353851565e-07,0.316744065091915,0.0,0.0,1.156636207729054,lhs_candidate_000017_june2024_preflight,pa1_candidate_000017
2024-06-19T22:00,29.5,81.0,0.0,0.0,0.0,0.73,100620.0,25.8,0.8,0.0,30.5,0.148,0,0,0,1.0,29.620697629529904,80.4294280009309,0.02389721086670764,34.96690168541234,0.20127777527613938,0.0,0.8124961312697474,0.0,0.001380100399044623,1.7861867277446998e-07,0.3165294770132061,0.0,0.0,1.1577450165234207,lhs_candidate_000017_june2024_preflight,pa1_candidate_000017
2024-06-19T23:00,29.3,83.0,0.0,0.0,0.0,1.0,100600.0,26.1,0.68,0.0,30.3,0.148,0,0,0,1.0,29.456966038675517,82.43973084845702,0.024277895130355685,34.7775977778223,0.2012475089874927,0.0,0.7221979656972839,0.0,0.0018425191835503446,1.5867386576908013e-07,0.31634264807094253,0.0,0.0,1.1581411910138948,lhs_candidate_000017_june2024_preflight,pa1_candidate_000017
2024-06-20T00:00,29.2,84.0,0.0,0.0,0.0,0.95,100510.0,26.3,0.63,0.0,30.1,0.147,0,0,0,1.0,29.320835313562657,83.65694039507936,0.024454864569343406,34.59018810943053,0.2012201463246717,0.0,0.6668863998867631,0.0,0.0017349967749453199,1.4644314834568597e-07,0.316173742744887,0.0,0.0,1.1576258499985896,lhs_candidate_000017_june2024_preflight,pa1_candidate_000017
2024-06-20T01:00,29.0,86.0,0.0,0.0,0.0,0.63,100460.0,26.4,0.56,0.0,29.8,0.148,0,0,0,1.0,29.158920937404464,85.38994151549986,0.02474264895603501,34.40526362185682,0.20119520704711802,0.0,0.5906280931631791,0.0,0.0012638994115673186,1.296342578079483e-07,0.3160197965871483,0.0,0.0,1.1576696812733966,lhs_candidate_000017_june2024_preflight,pa1_candidate_000017
2024-06-20T02:00,29.0,85.0,0.0,0.0,0.0,0.71,100410.0,26.2,0.61,0.0,29.7,0.147,0,0,0,1.0,29.08191849382126,85.17098720185314,0.024575986756778304,34.222724015179786,0.2011720721609081,0.0,0.5968202586343758,0.0,0.0013110425967715542,1.3093415256468798e-07,0.3158769886475809,0.0,0.0,1.1573883003787493,lhs_candidate_000017_june2024_preflight,pa1_candidate_000017
2024-06-20T03:00,28.9,86.0,0.0,0.0,0.0,0.91,100390.0,26.3,0.56,0.0,29.4,0.147,0,0,0,1.0,29.01142336604664,85.66865605422826,0.02462486790080029,34.04458711726753,0.2011487579891889,0.0,0.5744465130024934,0.0,0.00166246014125747,1.2596824290972457e-07,0.31573307400733897,0.0,0.0,1.1574277361320382,lhs_candidate_000017_june2024_preflight,pa1_candidate_000017
2024-06-20T04:00,28.8,87.0,0.0,0.0,0.0,0.9,100400.0,26.4,0.52,0.0,29.2,0.147,0,0,0,1.0,28.91376096249467,86.6280368266451,0.024768462019544454,33.869861923301706,0.20112690008629205,0.0,0.5329740576602169,0.0,0.001647971201803698,1.1682395728885188e-07,0.31559814868081515,0.0,0.0,1.1579172828110724,lhs_candidate_000017_june2024_preflight,pa1_candidate_000017
2024-06-20T05:00,28.7,88.0,0.0,0.0,0.0,0.91,100400.0,26.4,0.48,0.0,29.1,0.148,0,0,0,1.0,28.813546108266525,87.60412369379726,0.024911019225544815,33.69817605236987,0.20110670085800278,0.0,0.49121362367485943,0.0,0.0016641689187826244,1.0762784169753482e-07,0.31547346208643695,0.0,0.0,1.1583015693026066,lhs_candidate_000017_june2024_preflight,pa1_candidate_000017
2024-06-20T06:00,28.6,89.0,12.0,0.0,12.0,1.12,100420.0,26.5,0.44,0.02,29.2,0.148,1,0,0,1.0,28.742426279593705,88.67606281163044,0.025118154775327087,33.53256582682048,0.20107314206704388,1478.1888,0.44689212813981616,10.2,0.002029453656269942,2.65358450729531e-07,0.3152663090558264,0.0,0.0,1.1588052337496049,lhs_candidate_000017_june2024_preflight,pa1_candidate_000017
2024-06-20T07:00,28.8,86.0,79.0,4.0,75.0,1.2,100470.0,26.3,0.54,0.07,29.6,0.149,0,0,0,1.0,28.99619564392112,87.36806098389266,0.025092525364295872,33.39261103237321,0.20894440064857145,9590.68,0.5058835186943376,67.14999999999999,0.0021936998533586814,1.4005413063742743e-06,0.3638543249911818,0.0,0.0,1.158408460309001,lhs_candidate_000017_june2024_preflight,pa1_candidate_000017
2024-06-20T08:00,29.6,80.0,217.0,50.0,167.0,1.17,100540.0,25.7,0.84,0.17,30.3,0.152,0,0,0,1.0,29.964682986516735,83.74184819877233,0.025349166515035236,33.320885131693096,0.2084905200793108,24971.4608,0.6884477682898074,184.45,0.0022433663760848856,3.64161652690187e-06,0.3610525930821654,0.0,0.0,1.1555117217940534,lhs_candidate_000017_june2024_preflight,pa1_candidate_000017
2024-06-20T09:00,30.1,76.0,293.0,55.0,238.0,0.71,100550.0,25.4,1.01,0.23,30.7,0.155,0,1,0,1.0,30.913110490680953,77.42360457585698,0.024665273084169353,33.329137423481754,0.20772252515975875,34157.411199999995,1.0092588906807887,249.04999999999998,0.00328559887845664,4.872181967395811e-06,0.35631188370221456,0.0,0.0,1.1520220450613714,lhs_candidate_000017_june2024_preflight,pa1_candidate_000017
2024-06-20T10:00,30.2,76.0,233.0,21.0,212.0,0.2,100560.0,25.4,1.05,0.19,30.9,0.154,0,1,0,1.0,31.156362374846513,76.23146584014683,0.024604373749779206,33.3568025671951,0.20693389719590508,27962.6688,1.0773657912565384,198.04999999999998,0.00299402840639743,3.888601940476651e-06,0.35144380985126594,0.0,0.0,1.1512156393235515,lhs_candidate_000017_june2024_preflight,pa1_candidate_000017
2024-06-20T11:00,31.3,69.0,557.0,171.0,386.0,0.32,100540.0,24.9,1.43,0.43,32.3,0.155,0,1,0,1.0,32.58767416613257,72.13720078403907,0.025128099905167286,33.462436030342126,0.2057878430351732,62596.4064,1.3694487133974032,473.45,0.0032859019335686303,8.820346613707615e-06,0.34436940145168643,0.0,0.0,1.14559833096816,lhs_candidate_000017_june2024_preflight,pa1_candidate_000017
2024-06-20T12:00,31.7,67.0,539.0,156.0,383.0,0.58,100520.0,24.9,1.54,0.42,33.1,0.155,0,1,0,1.0,33.58861707182149,66.72036144164991,0.024502291123450825,33.67536804882081,0.20423748565609523,60906.8592,1.73008351010718,458.15,0.0038011491064464708,8.392258615200718e-06,0.33479929417342735,0.0,0.0,1.141632893533063,lhs_candidate_000017_june2024_preflight,pa1_candidate_000017
2024-06-20T13:00,32.0,66.0,565.0,245.0,320.0,0.95,100490.0,24.9,1.61,0.44,33.5,0.155,0,1,0,1.0,34.016475328305425,64.80202559147114,0.02433843582676272,33.898672049896355,0.2027109542636494,60978.368,1.8739900180489175,480.25,0.00418710116449628,8.563144454471355e-06,0.3253762608867248,0.0,0.0,1.1397024469636574,lhs_candidate_000017_june2024_preflight,pa1_candidate_000017
2024-06-20T14:00,29.0,81.0,220.0,40.0,180.0,0.86,100460.0,25.5,0.74,0.18,32.3,0.164,0,1,0,1.0,31.49174979226315,73.28899685585812,0.02408301372772226,34.01961516495559,0.20163786048903412,25692.832,1.2340233599332602,187.0,0.004322347204753637,3.3780911145094916e-06,0.31875222524095137,0.0,0.0,1.1488046939933825,lhs_candidate_000017_june2024_preflight,pa1_candidate_000017
2024-06-20T15:00,28.2,84.0,173.0,51.0,122.0,0.78,100410.0,25.2,0.62,0.14,31.1,0.189,0,0,0,1.0,29.4961285787751,82.19205513733581,0.024256463418906086,33.97268209183765,0.2011039193562705,19516.2528,0.7340375415538078,147.04999999999998,0.002273039796104105,2.5771568045129366e-06,0.3154562923226575,0.0,0.0,1.155804265887789,lhs_candidate_000017_june2024_preflight,pa1_candidate_000017
2024-06-20T16:00,27.9,89.0,111.0,2.0,109.0,0.58,100390.0,25.9,0.42,0.09,30.3,0.196,0,0,0,1.0,28.715393202003103,88.04610855934222,0.024902935167952764,33.870184107057675,0.20072481040913148,13602.8816,0.4710149717333958,94.35,0.001765582211150246,1.6412941124138907e-06,0.3131161136366141,0.0,0.0,1.1585627901339606,lhs_candidate_000017_june2024_preflight,pa1_candidate_000017
2024-06-20T17:00,26.7,98.0,47.0,0.0,47.0,0.71,100360.0,26.3,0.08,0.04,29.7,0.202,0,0,0,1.0,27.600031879529293,94.49225741921269,0.025140465287525275,33.719355072253634,0.20051459004945552,5789.5728,0.20338930311684678,39.949999999999996,0.001961232907532553,6.929377749840094e-07,0.31181845709540446,0.0,0.0,1.162511932580224,lhs_candidate_000017_june2024_preflight,pa1_candidate_000017
2024-06-20T18:00,26.7,99.0,20.0,0.0,20.0,1.14,100320.0,26.5,0.05,0.02,29.4,0.204,1,0,0,1.0,26.991981565595843,97.92147996799088,0.025192785218257217,33.526119188808295,0.20042674079838746,2463.648,0.07407145585037611,17.0,0.002155338911594739,2.916568859842532e-07,0.31127617776782385,0.0,0.0,1.1644027617039838,lhs_candidate_000017_june2024_preflight,pa1_candidate_000017
2024-06-20T19:00,26.6,98.0,0.0,0.0,0.0,0.95,100370.0,26.2,0.07,0.01,29.0,0.211,0,0,0,1.0,26.783431656659232,97.37405783635324,0.024764252260384763,33.31954333013177,0.2084190379456388,0.0,0.09244079867597677,0.0,0.0017821358746942253,2.315231759289106e-08,0.36061134534344935,0.0,0.0,1.1657931427947228,lhs_candidate_000017_june2024_preflight,pa1_candidate_000017
2024-06-20T20:00,26.5,97.0,0.0,0.0,0.0,0.85,100440.0,26.1,0.09,0.0,28.8,0.217,0,0,0,1.0,26.647785572153534,96.52981505429466,0.024365555806098727,33.110418815165566,0.2084142220373938,0.0,0.12119022614810904,0.0,0.0015953641937070154,3.0350271088818486e-08,0.3605816175147765,0.0,0.0,1.1671340307172546,lhs_candidate_000017_june2024_preflight,pa1_candidate_000017
2024-06-20T21:00,26.5,97.0,0.0,0.0,0.0,0.76,100520.0,26.0,0.09,0.0,28.6,0.22,0,0,0,1.0,26.60215784231273,96.53587146885138,0.024305458805345206,32.905623124566304,0.2084087078729471,0.0,0.12065438853057264,0.0,0.0014117678966351012,3.0213226282826015e-08,0.36054757946263644,0.0,0.0,1.1682414481574828,lhs_candidate_000017_june2024_preflight,pa1_candidate_000017
2024-06-20T22:00,26.5,97.0,0.0,0.0,0.0,1.04,100600.0,26.0,0.1,0.0,28.5,0.224,0,0,0,1.0,26.593874735350983,96.5620758089815,0.024300880445412173,32.70685063705928,0.2084032988656877,0.0,0.11968334918450729,0.0,0.0018649762820909625,2.9967291612239626e-08,0.36051419052893646,0.0,0.0,1.1692035153898022,lhs_candidate_000017_june2024_preflight,pa1_candidate_000017
2024-06-20T23:00,26.5,97.0,0.0,0.0,0.0,0.95,100580.0,26.1,0.09,0.0,28.4,0.226,0,0,0,1.0,26.590246658930432,96.58332920204423,0.024301334214007615,32.514282587875925,0.20839792211880526,0.0,0.11891806899491009,0.0,0.0017126822772368995,2.9772933306736468e-08,0.3604810007333658,0.0,0.0,1.1689852186685608,lhs_candidate_000017_june2024_preflight,pa1_candidate_000017
2024-06-21T00:00,27.8,87.0,0.0,0.0,0.0,1.08,100550.0,25.3,0.5,0.0,28.3,0.228,0,0,0,1.0,27.358884007927074,89.75994283562576,0.02356601103549635,32.335430130848444,0.20838802280014865,0.0,0.3728506559574378,0.0,0.0021527507157527146,9.333296483939008e-08,0.3604198938280781,0.0,0.0,1.1656474234750271,lhs_candidate_000017_june2024_preflight,pa1_candidate_000017
2024-06-21T01:00,27.9,84.0,0.0,0.0,0.0,1.1,100440.0,25.0,0.59,0.0,28.1,0.228,0,0,0,1.0,27.865579010691004,84.77346084090824,0.022886647847676498,32.18264834187669,0.20836603349023067,0.0,0.5710631754877071,0.0,0.0019252358744216143,1.428962123830116e-07,0.3602841573471029,0.0,0.0,1.1624122546245599,lhs_candidate_000017_june2024_preflight,pa1_candidate_000017
2024-06-21T02:00,28.0,84.0,0.0,0.0,0.0,1.14,100400.0,24.9,0.62,0.0,28.0,0.228,0,0,0,1.0,28.003517920087102,84.20077286582631,0.022904941548204605,32.041290583325214,0.208339416504708,0.0,0.5973221213075672,0.0,0.0019733524487552086,1.4939878357563192e-07,0.36011985496733334,0.0,0.0,1.1614171129231083,lhs_candidate_000017_june2024_preflight,pa1_candidate_000017
2024-06-21T03:00,27.5,85.0,0.0,0.0,0.0,1.3,100330.0,24.7,0.55,0.0,27.8,0.228,0,0,0,1.0,27.745575677912875,84.24291102828847,0.02259382785133984,31.90376443810905,0.20831252658747587,0.0,0.586840318947917,0.0,0.002385385814495552,1.4670948247598267e-07,0.35995386782392513,0.0,0.0,1.1616022887249446,lhs_candidate_000017_june2024_preflight,pa1_candidate_000017
2024-06-21T04:00,27.3,85.0,0.0,0.0,0.0,1.26,100360.0,24.6,0.54,0.0,27.7,0.228,0,0,0,1.0,27.454725605804672,84.62110781107422,0.02233459920023477,31.762139004089846,0.20828677702608336,0.0,0.5631084159007425,0.0,0.002268987970710954,1.4071436697003235e-07,0.35979491991409485,0.0,0.0,1.1630738674491559,lhs_candidate_000017_june2024_preflight,pa1_candidate_000017
2024-06-21T05:00,27.4,84.0,0.0,0.0,0.0,1.17,100330.0,24.5,0.59,0.0,27.6,0.228,0,0,0,1.0,27.42580652597961,84.21313785046333,0.02219150274557931,31.620824854710236,0.2082613092262988,0.0,0.5770698783802257,0.0,0.002039428901738792,1.4414016904075705e-07,0.35963771127344935,0.0,0.0,1.1628380654264778,lhs_candidate_000017_june2024_preflight,pa1_candidate_000017
2024-06-21T06:00,27.4,85.0,9.0,0.0,9.0,0.86,100440.0,24.6,0.56,0.02,27.6,0.227,1,0,0,1.0,27.472382503156183,85.10074145980866,0.022483069124770008,31.48701036799577,0.20822299945479428,1108.6416,0.5461097443382239,7.6499999999999995,0.0015489242780691345,2.7953396835180943e-07,0.35940123120243384,0.0,0.0,1.163932621920662,lhs_candidate_000017_june2024_preflight,pa1_candidate_000017
2024-06-21T07:00,27.7,86.0,64.0,1.0,63.0,1.06,100510.0,25.2,0.52,0.06,28.4,0.227,0,0,0,1.0,27.792122818816576,87.5336729999708,0.023536588925978097,31.37655015898878,0.2161030335887441,7848.4911999999995,0.46554489646461006,54.4,0.0018968828099391749,1.2882012721561888e-06,0.40804341721446985,0.0,0.0,1.1635063066277849,lhs_candidate_000017_june2024_preflight,pa1_candidate_000017
2024-06-21T08:00,28.6,83.0,160.0,19.0,141.0,0.85,100570.0,25.5,0.65,0.13,28.5,0.228,0,0,0,1.0,28.734558789937385,88.19496452393571,0.024971152930859296,31.321144208677477,0.2157166326857568,19040.7184,0.46566618924747605,136.0,0.0015837522952356362,3.0049667494018816e-06,0.40565822645528893,0.0,0.0,1.1605664166869905,lhs_candidate_000017_june2024_preflight,pa1_candidate_000017
2024-06-21T09:00,29.4,75.0,343.0,91.0,252.0,0.67,100550.0,24.6,1.02,0.26,32.5,0.227,0,1,0,1.0,30.1048786319157,81.02025374814059,0.024711852706543205,31.36438769281209,0.21488040560640037,39049.9648,0.8101801738949446,291.55,0.00316626234975403,6.307606975555251e-06,0.400496330903706,0.0,0.0,1.1550924026530414,lhs_candidate_000017_june2024_preflight,pa1_candidate_000017
2024-06-21T10:00,30.9,66.0,532.0,203.0,329.0,0.57,100520.0,23.8,1.52,0.41,31.9,0.227,0,1,0,1.0,31.992803642319682,70.90029579782522,0.023929113074649972,31.535451712753755,0.21344442525491392,58391.0096,1.3830630117181753,452.2,0.0033307874372350554,9.601094029523668e-06,0.3916322546599625,0.0,0.0,1.1476033214157295,lhs_candidate_000017_june2024_preflight,pa1_candidate_000017
2024-06-21T11:00,31.7,64.0,700.0,388.0,312.0,0.42,100480.0,24.2,1.67,0.54,32.6,0.225,0,1,0,1.0,33.679759848394546,66.33927366686189,0.024479349578621183,31.834123004651566,0.21147526434719066,72576.90879999999,1.7588217622663005,595.0,0.0037492884260985305,1.222484371185508e-05,0.3794769404147572,0.0,0.0,1.1408396193167238,lhs_candidate_000017_june2024_preflight,pa1_candidate_000017
2024-06-21T12:00,32.2,64.0,761.0,462.0,299.0,0.36,100450.0,24.5,1.72,0.59,33.5,0.223,0,1,0,1.0,34.703129359942125,64.25484549569707,0.025014987059337367,32.21221624431223,0.2092190753407641,77487.5376,1.977091893758598,646.85,0.0039857811073437275,1.2818895752945517e-05,0.3655498477824944,0.0,0.0,1.1367077402749837,lhs_candidate_000017_june2024_preflight,pa1_candidate_000017
2024-06-21T13:00,32.0,64.0,543.0,271.0,272.0,0.67,100360.0,24.3,1.71,0.43,33.4,0.221,0,1,0,1.0,34.385060579058525,62.33914401965386,0.02386952051832449,32.551353017448925,0.20725922155365928,57353.612799999995,2.046630242556528,461.55,0.0041100655174036785,9.00012209723191e-06,0.3534519848991314,0.0,0.0,1.136863875375786,lhs_candidate_000017_june2024_preflight,pa1_candidate_000017
2024-06-21T14:00,28.8,81.0,207.0,9.0,198.0,0.73,100320.0,25.2,0.76,0.17,32.0,0.225,0,1,0,1.0,31.31382219980926,73.29929444244745,0.023858301803562826,32.70745047225298,0.2061393369816427,25182.115199999997,1.2211524127876117,175.95,0.004225732737253406,3.4700096394120347e-06,0.3465391171706339,0.0,0.0,1.1478741536947867,lhs_candidate_000017_june2024_preflight,pa1_candidate_000017
2024-06-21T15:00,29.0,80.0,268.0,55.0,213.0,0.81,100250.0,25.3,0.78,0.21,31.5,0.225,0,1,0,1.0,30.064834872935926,79.39682037567314,0.024164360473865092,32.724435922478506,0.20544557423051205,31077.851199999997,0.8774625601726616,227.79999999999998,0.0035583927780453205,4.269815831303474e-06,0.3422566310525435,0.0,0.0,1.1517981711875227,lhs_candidate_000017_june2024_preflight,pa1_candidate_000017
2024-06-21T16:00,29.4,77.0,283.0,81.0,202.0,0.71,100260.0,24.9,0.95,0.22,31.4,0.226,0,1,0,1.0,30.363563412572407,77.41824782402607,0.023945137782166507,32.75407384772914,0.20466042914795954,32010.8448,0.9783211631687121,240.54999999999998,0.0033860904736522117,4.4570770232132256e-06,0.33741005646888605,0.0,0.0,1.1507793111215325,lhs_candidate_000017_june2024_preflight,pa1_candidate_000017
2024-06-21T17:00,28.9,80.0,203.0,90.0,113.0,0.61,100200.0,25.2,0.78,0.15,30.9,0.225,0,1,0,1.0,30.02898072662129,78.37400744409241,0.023806896668724476,32.7695805871356,0.20397042108891045,21839.6112,0.9191313432229884,172.54999999999998,0.003394752241961416,3.2070620842018635e-06,0.3331507474624102,0.0,0.0,1.1513598527346283,lhs_candidate_000017_june2024_preflight,pa1_candidate_000017
2024-06-21T18:00,28.8,81.0,56.0,18.0,38.0,0.92,100310.0,25.2,0.76,0.05,30.3,0.225,1,0,0,1.0,29.379553715459263,80.60956037692935,0.023639340643760588,32.71599464245038,0.20359363712349976,6264.9312,0.7939185948253895,47.6,0.002006938585926699,1.0026890068443988e-06,0.33082492051543066,0.0,0.0,1.1550981079705394,lhs_candidate_000017_june2024_preflight,pa1_candidate_000017
2024-06-21T19:00,28.6,82.0,0.0,0.0,0.0,0.99,100350.0,25.3,0.7,0.02,29.8,0.225,0,0,0,1.0,28.84687320060363,81.4912543534401,0.023214937445462304,32.60021290335583,0.21149748790182116,0.0,0.7348651534039883,0.0,0.001889164465408713,1.9374986622181417e-07,0.3796141228507479,0.0,0.0,1.15759696430774,lhs_candidate_000017_june2024_preflight,pa1_candidate_000017
2024-06-21T20:00,28.5,83.0,0.0,0.0,0.0,0.72,100440.0,25.4,0.65,0.0,29.5,0.224,0,0,0,1.0,28.609817044877303,82.84716503668012,0.023297724679533255,32.46496849177639,0.21146416286889422,0.0,0.6717456751884177,0.0,0.0013543217722176554,1.7701221296983666e-07,0.379408412770952,0.0,0.0,1.1595453672444975,lhs_candidate_000017_june2024_preflight,pa1_candidate_000017
2024-06-21T21:00,28.4,85.0,0.0,0.0,0.0,0.99,100490.0,25.6,0.59,0.0,29.2,0.224,0,0,0,1.0,28.495423839036718,84.65534015040312,0.023657792460693886,32.330117765018386,0.2114340103676309,0.0,0.5969604660786056,0.0,0.0017824664300593058,1.5722833629720153e-07,0.37922228621994386,0.0,0.0,1.1605625542115952,lhs_candidate_000017_june2024_preflight,pa1_candidate_000017
2024-06-21T22:00,27.9,90.0,0.0,0.0,0.0,0.92,100510.0,26.0,0.39,0.0,28.9,0.224,0,0,0,1.0,28.157690615537334,88.60825879312262,0.024308673302888644,32.19452388672809,0.2114092273152836,0.0,0.43456934444831274,0.0,0.00178851648026825,1.1441134768725509e-07,0.37906930441533093,0.0,0.0,1.1620946585011946,lhs_candidate_000017_june2024_preflight,pa1_candidate_000017
2024-06-21T23:00,28.1,88.0,0.0,0.0,0.0,1.06,100510.0,25.8,0.47,0.0,28.4,0.223,0,0,0,1.0,28.096021515290733,88.40091741086115,0.024169895782169392,32.05636694936739,0.2113892538483269,0.0,0.4408944904889722,0.0,0.0018355333842942682,1.1603884788431075e-07,0.37894601140942535,0.0,0.0,1.1623325548612216,lhs_candidate_000017_june2024_preflight,pa1_candidate_000017
2024-06-22T00:00,28.0,88.0,0.0,0.0,0.0,0.94,100460.0,25.8,0.47,0.0,28.1,0.223,0,0,0,1.0,28.08554642389832,87.91934920458628,0.024024417593109058,31.92323061571939,0.21136773474675818,0.0,0.45891965433243165,0.0,0.0016921628927121521,1.2074054501428373e-07,0.3788131774491246,0.0,0.0,1.1617947360542458,lhs_candidate_000017_june2024_preflight,pa1_candidate_000017
2024-06-22T01:00,28.3,86.0,0.0,0.0,0.0,1.04,100400.0,25.6,0.55,0.0,27.9,0.223,0,0,0,1.0,28.23126058212424,86.67293724369632,0.023873835171660186,31.795034831694643,0.21134505751389995,0.0,0.5105767914055184,0.0,0.00184705384121221,1.3428176138479951e-07,0.37867319453024667,0.0,0.0,1.1605394730044163,lhs_candidate_000017_june2024_preflight,pa1_candidate_000017
2024-06-22T02:00,27.4,92.0,0.0,0.0,0.0,0.8,100350.0,26.1,0.28,0.0,27.6,0.223,0,0,0,1.0,27.79858905442798,90.00537851835941,0.02420980361236683,31.669873246443956,0.21132322635006312,0.0,0.37338182303624823,0.0,0.0017171442613040763,9.8164520450165e-08,0.3785384342596489,0.0,0.0,1.1616291830636332,lhs_candidate_000017_june2024_preflight,pa1_candidate_000017
2024-06-22T03:00,27.2,93.0,0.0,0.0,0.0,0.91,100310.0,26.0,0.25,0.0,27.5,0.223,0,0,0,1.0,27.37585746038115,92.27630268727957,0.024249368298361624,31.5347975617868,0.21130824802059117,0.0,0.28150689765418724,0.0,0.001712586902025195,7.399192527849294e-08,0.378445975435748,0.0,0.0,1.1627994943761781,lhs_candidate_000017_june2024_preflight,pa1_candidate_000017
2024-06-22T04:00,27.2,93.0,0.0,0.0,0.0,1.04,100270.0,25.9,0.26,0.0,27.3,0.223,0,0,0,1.0,27.271778822491306,92.77714471009631,0.024241325295360727,31.397871172836563,0.21129556373726358,0.0,0.2616540065873534,0.0,0.0018493475722463082,6.875951654112743e-08,0.3783676773905159,0.0,0.0,1.16273849361216,lhs_candidate_000017_june2024_preflight,pa1_candidate_000017
2024-06-22T05:00,26.8,93.0,0.0,0.0,0.0,0.95,100270.0,25.7,0.23,0.0,27.1,0.222,0,0,0,1.0,27.02135280890368,92.31829189291828,0.023789854557535257,31.2618727384553,0.21128282288884193,0.0,0.2742223037327167,0.0,0.001809527412156071,7.20473346001125e-08,0.3782890301780366,0.0,0.0,1.1637085394312412,lhs_candidate_000017_june2024_preflight,pa1_candidate_000017
2024-06-22T06:00,27.1,92.0,18.0,5.0,13.0,1.14,100290.0,25.8,0.27,0.01,27.2,0.222,1,0,0,1.0,27.09944860521753,92.58765318477808,0.02396254876906934,31.13042568724797,0.21124313643629355,2041.3711999999998,0.2658211843945799,15.299999999999999,0.001971401407525723,3.710860891160418e-07,0.37804405207588615,0.0,0.0,1.1636379099183882,lhs_candidate_000017_june2024_preflight,pa1_candidate_000017
2024-06-22T07:00,28.7,85.0,145.0,71.0,74.0,0.81,100450.0,26.0,0.57,0.1,29.1,0.222,0,0,0,1.0,28.45337641837571,91.26340156154981,0.025445886474001558,31.054306193231856,0.21897513508068805,15363.497599999997,0.33905582706695814,123.25,0.0016126290980346143,2.8337506287463533e-06,0.42577243876967935,0.0,0.0,1.160262325863012,lhs_candidate_000017_june2024_preflight,pa1_candidate_000017
2024-06-22T08:00,29.9,75.0,345.0,226.0,119.0,0.42,100450.0,25.0,1.05,0.25,30.2,0.221,0,0,0,1.0,30.379413017102966,88.72443431775767,0.02746554898120523,31.1032966986181,0.21812853356874717,34546.705599999994,0.4889403415765359,293.25,0.001327431145679904,6.5667986693523925e-06,0.42054650351078504,0.0,0.0,1.1528999167919323,lhs_candidate_000017_june2024_preflight,pa1_candidate_000017
2024-06-22T09:00,30.7,70.0,478.0,328.0,150.0,0.73,100490.0,24.5,1.34,0.36,31.3,0.22,0,1,0,1.0,31.89032621662399,73.40294012074298,0.024638929852214927,31.274957979376186,0.21671133753952254,47341.36,1.2568139094027537,406.3,0.0035437981638203157,9.074792659536493e-06,0.41179837987359597,0.0,0.0,1.1476462404130263,lhs_candidate_000017_june2024_preflight,pa1_candidate_000017
2024-06-22T10:00,30.8,68.0,440.0,183.0,257.0,0.22,100450.0,24.1,1.44,0.34,31.5,0.218,0,1,0,1.0,32.38198526487605,69.60010726319264,0.023981301756268465,31.490240532810155,0.21515180214442173,47761.8768,1.4769414652686979,374.0,0.0034364470783589587,8.24748012682375e-06,0.4021716181754428,0.0,0.0,1.1453433744684638,lhs_candidate_000017_june2024_preflight,pa1_candidate_000017
2024-06-22T11:00,31.1,65.0,574.0,306.0,268.0,0.5,100430.0,23.9,1.56,0.44,32.1,0.217,0,1,0,1.0,32.9153195848858,67.0034508731228,0.02374808548578057,31.731185651141317,0.213470935561802,59940.8832,1.6519077207116406,487.9,0.003709252559153069,1.0406848228181802e-05,0.391795898529642,0.0,0.0,1.1431199105245657,lhs_candidate_000017_june2024_preflight,pa1_candidate_000017
2024-06-22T12:00,31.4,64.0,624.0,267.0,357.0,1.06,100400.0,23.9,1.63,0.48,32.8,0.215,0,1,0,1.0,33.483780875591016,64.28668659218638,0.023478701135772963,32.02382889327421,0.21154448681265892,67472.11679999999,1.8457584856644202,530.4,0.004333622175214892,1.0983169761287475e-05,0.3799042395843143,0.0,0.0,1.1406598722770647,lhs_candidate_000017_june2024_preflight,pa1_candidate_000017
2024-06-22T13:00,31.0,65.0,455.0,225.0,230.0,0.89,100370.0,23.7,1.57,0.36,32.7,0.213,0,1,0,1.0,33.049343319780256,63.75091486831816,0.022755846976449928,32.282342784455935,0.20984627126275165,48131.952,1.8284352845589082,386.75,0.004145714710205769,7.911393723595957e-06,0.36942142754784973,0.0,0.0,1.1419369294827457,lhs_candidate_000017_june2024_preflight,pa1_candidate_000017
2024-06-22T14:00,30.3,68.0,356.0,161.0,195.0,1.1,100280.0,23.7,1.38,0.29,32.4,0.213,0,1,0,1.0,32.070820085459495,66.14921421608362,0.022418492854113403,32.44865148243647,0.2085861291672058,38188.568,1.6159813256690558,302.59999999999997,0.004244191044814189,6.106237275106365e-06,0.36164277263707295,0.0,0.0,1.1445706868716297,lhs_candidate_000017_june2024_preflight,pa1_candidate_000017
2024-06-22T15:00,30.3,68.0,389.0,151.0,238.0,1.3,100260.0,23.7,1.38,0.31,32.3,0.212,0,1,0,1.0,31.762645552939283,67.33619191568029,0.022449219006459922,32.575355792061785,0.2074533780821622,42605.411199999995,1.5323805871793983,330.65,0.004355725559318187,6.485768713791616e-06,0.3546504819886555,0.0,0.0,1.1454989962340536,lhs_candidate_000017_june2024_preflight,pa1_candidate_000017
2024-06-22T16:00,29.7,71.0,298.0,169.0,129.0,1.2,100260.0,23.8,1.22,0.23,31.8,0.213,0,1,0,1.0,31.196110411632723,69.11502619573105,0.022355030745031985,32.676595015445116,0.2064259838021394,30762.529599999998,1.4031028054632717,253.29999999999998,0.00424330893028143,4.935129141885779e-06,0.3483085419885148,0.0,0.0,1.1476313232574553,lhs_candidate_000017_june2024_preflight,pa1_candidate_000017
2024-06-22T17:00,28.9,77.0,100.0,28.0,72.0,0.76,100220.0,24.4,0.93,0.09,30.9,0.216,0,0,0,1.0,29.94453417653948,74.70201646642076,0.022588128868511616,32.682008724381554,0.20582241165348497,11333.1328,1.0699996786396304,85.0,0.0021025609534804663,1.7817618667524774e-06,0.34458278798447517,0.0,0.0,1.151910514727575,lhs_candidate_000017_june2024_preflight,pa1_candidate_000017
2024-06-22T18:00,28.5,79.0,19.0,2.0,17.0,1.0,100360.0,24.6,0.8,0.04,30.0,0.22,1,0,0,1.0,28.97256124632733,78.08327288946946,0.022397029383319708,32.59042993500197,0.2056186959924131,2270.1007999999997,0.8765223096314969,16.15,0.002052350046051129,4.978291435033776e-07,0.34332528390378453,0.0,0.0,1.1572306925426135,lhs_candidate_000017_june2024_preflight,pa1_candidate_000017
2024-06-22T19:00,28.2,81.0,0.0,0.0,0.0,1.08,100470.0,24.6,0.73,0.02,29.4,0.226,0,0,0,1.0,28.43347652794942,80.33654206747552,0.022374904493477215,32.45918686209399,0.21357356101166675,0.0,0.7622320359310999,0.0,0.002022872228567385,2.0774956258964882e-07,0.39242938896090584,0.0,0.0,1.160569913556453,lhs_candidate_000017_june2024_preflight,pa1_candidate_000017
2024-06-22T20:00,28.1,82.0,0.0,0.0,0.0,1.36,100510.0,24.6,0.7,0.0,28.9,0.232,0,0,0,1.0,28.20847727726053,81.74726736773248,0.022488970865468187,32.318106862073904,0.2135379290215113,0.0,0.69835998688708,0.0,0.002410506766763982,1.902342825542657e-07,0.3922094384043908,0.0,0.0,1.1618988156337733,lhs_candidate_000017_june2024_preflight,pa1_candidate_000017
2024-06-22T21:00,26.1,97.0,0.0,0.0,0.0,0.89,100560.0,25.6,0.1,0.0,28.5,0.241,0,0,0,1.0,26.964312042431768,92.10108441416905,0.02365908219673606,32.166457575646525,0.21351266084631415,0.0,0.28103410963331354,0.0,0.002149252078967749,7.652365825677619e-08,0.3920534620142849,0.0,0.0,1.1672960250627866,lhs_candidate_000017_june2024_preflight,pa1_candidate_000017
2024-06-22T22:00,26.2,97.0,0.0,0.0,0.0,0.94,100550.0,25.7,0.1,0.0,28.3,0.25,0,0,0,1.0,26.327955050598963,96.3138926330583,0.02388288307570378,31.989206461429266,0.2135041817855967,0.0,0.1263287974457059,0.0,0.0017249408702343415,3.439387181355356e-08,0.3920011221333129,0.0,0.0,1.169660071693799,lhs_candidate_000017_june2024_preflight,pa1_candidate_000017
2024-06-22T23:00,26.2,97.0,0.0,0.0,0.0,0.94,100540.0,25.7,0.1,0.0,28.1,0.256,0,0,0,1.0,26.288382935641827,96.59956323158599,0.02390104105898561,31.8121337760317,0.21349834235370668,0.0,0.11626674999461573,0.0,0.001694742768983886,3.165150042445405e-08,0.3919650762574487,0.0,0.0,1.1696983058918275,lhs_candidate_000017_june2024_preflight,pa1_candidate_000017
2024-06-23T00:00,26.1,97.0,0.0,0.0,0.0,0.91,100510.0,25.6,0.09,0.0,27.9,0.258,0,0,0,1.0,26.222643477447203,96.50306629444134,0.023789958347831115,31.63968581510225,0.21349256658475435,0.0,0.11910329747414306,0.0,0.0016720521013946987,3.242074946009447e-08,0.3919294233626812,0.0,0.0,1.1696060593994264,lhs_candidate_000017_june2024_preflight,pa1_candidate_000017
2024-06-23T01:00,26.0,97.0,0.0,0.0,0.0,0.71,100470.0,25.6,0.09,0.0,27.8,0.26,0,0,0,1.0,26.126128873062633,96.51493629553985,0.02366533265835555,31.47052693641674,0.21348674870568377,0.0,0.11802461417094001,0.0,0.0013551418159053136,3.212418049447189e-08,0.39189351052891214,0.0,0.0,1.1695176310989788,lhs_candidate_000017_june2024_preflight,pa1_candidate_000017
2024-06-23T02:00,27.3,89.0,0.0,0.0,0.0,0.54,100450.0,25.4,0.38,0.0,27.8,0.26,0,0,0,1.0,26.849786168072775,91.71129626087172,0.023410015438689244,31.31240420441221,0.21347771471545637,0.0,0.2929261447495599,0.0,0.0014299957772352845,7.971789098931545e-08,0.39183774515713815,0.0,0.0,1.1664642814620914,lhs_candidate_000017_june2024_preflight,pa1_candidate_000017
2024-06-23T03:00,27.4,89.0,0.0,0.0,0.0,0.54,100410.0,25.4,0.41,0.0,27.7,0.259,0,0,0,1.0,27.356793460314318,89.46168721940403,0.02348499620738569,31.17923699988448,0.213460286178749,0.0,0.3836635085242457,0.0,0.0009920183584701731,1.043827902560997e-07,0.39173016159721596,0.0,0.0,1.1640325412875168,lhs_candidate_000017_june2024_preflight,pa1_candidate_000017
2024-06-23T04:00,27.4,89.0,0.0,0.0,0.0,0.85,100440.0,25.4,0.4,0.0,27.7,0.259,0,0,0,1.0,27.43931169247039,89.09992107226628,0.023496741652511904,31.056386672085203,0.21344107640384322,0.0,0.3987541394708618,0.0,0.0015040147952749261,1.0845563690399209e-07,0.391611582739773,0.0,0.0,1.1640606776894245,lhs_candidate_000017_june2024_preflight,pa1_candidate_000017
2024-06-23T05:00,27.3,90.0,0.0,0.0,0.0,0.85,100440.0,25.4,0.37,0.0,27.5,0.258,0,0,0,1.0,27.387549997530524,89.73460300089357,0.02359664982428689,30.93768235194139,0.2134220120242506,0.0,0.3744006539572111,0.0,0.001545171411804962,1.018012230784057e-07,0.39149390138426293,0.0,0.0,1.1642611642964742,lhs_candidate_000017_june2024_preflight,pa1_candidate_000017
2024-06-23T06:00,27.2,91.0,13.0,2.0,11.0,0.72,100540.0,25.5,0.33,0.01,27.6,0.263,1,0,0,1.0,27.324594309764034,91.03027232285515,0.023854345319530974,30.8241267241768,0.21338456067530817,1531.0064,0.32594204102631386,11.049999999999999,0.0013688866803486049,3.1378056337840554e-07,0.3912627202179517,0.0,0.0,1.1656645049921512,lhs_candidate_000017_june2024_preflight,pa1_candidate_000017
2024-06-23T07:00,28.2,87.0,133.0,65.0,68.0,0.82,100620.0,25.7,0.51,0.09,29.1,0.263,0,0,0,1.0,28.168168034112146,92.6451061024166,0.025430743347445727,30.753407128420125,0.22113708515912728,14096.403199999999,0.280743692369942,113.05,0.0014465959839073507,2.6714770755595645e-06,0.43911780962424246,0.0,0.0,1.1633260238401029,lhs_candidate_000017_june2024_preflight,pa1_candidate_000017
2024-06-23T08:00,28.6,84.0,198.0,66.0,132.0,1.14,100620.0,25.7,0.62,0.15,28.9,0.264,0,0,0,1.0,29.061786381313098,88.13014535398273,0.025401987886669777,30.754830372229467,0.22054003031929273,22068.0768,0.4771684517222976,168.29999999999998,0.0022537798129629158,3.961615548129635e-06,0.4354322859215601,0.0,0.0,1.159886153108628,lhs_candidate_000017_june2024_preflight,pa1_candidate_000017
2024-06-23T09:00,28.7,84.0,289.0,103.0,186.0,0.5,100640.0,25.7,0.63,0.22,29.3,0.271,0,0,0,1.0,29.616287015952523,89.87279673660488,0.026696641870717044,30.811042001366495,0.21967503645710362,31975.9264,0.4203365215829096,245.65,0.0017644338129045214,5.628966652278282e-06,0.43009281763644214,0.0,0.0,1.1579920078228843,lhs_candidate_000017_june2024_preflight,pa1_candidate_000017
2024-06-23T10:00,29.0,82.0,398.0,166.0,232.0,0.41,100650.0,25.6,0.72,0.3,29.9,0.276,0,1,0,1.0,30.213581078193563,84.33236575989639,0.025873484277222372,30.927148227447848,0.21848191080823687,43186.3168,0.6729754255776812,338.3,0.003294116715796385,7.64688467541631e-06,0.42272784449528933,0.0,0.0,1.1558268678556098,lhs_candidate_000017_june2024_preflight,pa1_candidate_000017
2024-06-23T11:00,29.0,82.0,306.0,97.0,209.0,0.28,100590.0,25.6,0.72,0.24,30.0,0.279,0,1,0,1.0,30.25279213110786,82.57711703836704,0.02538863026097377,31.053284319600753,0.2172684444056081,34281.12159999999,0.7500510997198164,260.09999999999997,0.0032496341951532776,5.842176982052101e-06,0.4152373111457291,0.0,0.0,1.1549885630891539,lhs_candidate_000017_june2024_preflight,pa1_candidate_000017
2024-06-23T12:00,29.3,77.0,252.0,23.0,229.0,0.81,100580.0,24.9,0.92,0.2,29.9,0.281,0,1,0,1.0,30.219283654966347,78.1927539014014,0.023997212718867872,31.138548126324512,0.21630892730951568,30232.7696,0.9369974918747719,214.2,0.0034698204953765577,4.833350963193956e-06,0.4093143661081215,0.0,0.0,1.1550013025803643,lhs_candidate_000017_june2024_preflight,pa1_candidate_000017
2024-06-23T13:00,29.2,79.0,341.0,57.0,284.0,1.33,100520.0,25.2,0.85,0.27,32.2,0.284,0,1,0,1.0,30.372316668982656,78.83607136112157,0.024395172736537657,31.231431328502907,0.21530168032447614,39999.8016,0.9173552396726978,289.84999999999997,0.004271142393581142,6.342872643866031e-06,0.40309679212639593,0.0,0.0,1.1537303049381327,lhs_candidate_000017_june2024_preflight,pa1_candidate_000017
2024-06-23T14:00,29.2,75.0,331.0,97.0,234.0,1.12,100480.0,24.2,1.02,0.26,31.3,0.283,0,1,0,1.0,30.43194989479107,75.28906440435472,0.023372572724951045,31.343362220268638,0.21418189327541512,37360.681599999996,1.0747599135378687,281.34999999999997,0.0040199183370579206,6.102001536159604e-06,0.39618452639145135,0.0,0.0,1.1530446607309655,lhs_candidate_000017_june2024_preflight,pa1_candidate_000017
2024-06-23T15:00,28.4,78.0,229.0,46.0,183.0,0.71,100480.0,24.1,0.87,0.18,30.3,0.304,0,0,0,1.0,29.74709092382607,78.7299224368313,0.023553027297231733,31.418331300486024,0.2132535439617446,26590.379199999996,0.8894935292696573,194.65,0.002232414418342715,4.200136582865533e-06,0.3904539750724975,0.0,0.0,1.1556517276308698,lhs_candidate_000017_june2024_preflight,pa1_candidate_000017
2024-06-23T16:00,27.9,86.0,167.0,32.0,135.0,0.41,100500.0,25.4,0.52,0.13,29.7,0.307,0,0,0,1.0,28.935311789384983,86.50167833180969,0.024761405842508837,31.430645292602033,0.21260585284986178,19445.624,0.5386812414556355,141.95,0.001783745814593134,3.0020964178330366e-06,0.38645588178927026,0.0,0.0,1.1589878985488686,lhs_candidate_000017_june2024_preflight,pa1_candidate_000017
2024-06-23T17:00,27.8,87.0,89.0,18.0,71.0,0.32,100400.0,25.3,0.5,0.07,29.2,0.307,0,0,0,1.0,28.402270775183833,88.76016952089535,0.024678825905725305,31.391967993437287,0.212190384921773,10329.9504,0.4349110488850152,75.64999999999999,0.0013665487713802023,1.6287170940580151e-06,0.3838912649492161,0.0,0.0,1.1598813314529648,lhs_candidate_000017_june2024_preflight,pa1_candidate_000017
2024-06-23T18:00,27.7,87.0,46.0,18.0,28.0,0.54,100480.0,25.4,0.48,0.04,28.8,0.309,1,0,0,1.0,28.064123374357607,88.22227293620088,0.024078870480130323,31.315004227278425,0.2119633903161553,5033.1071999999995,0.4468547620121708,39.1,0.001347859174437738,8.977291755780312e-07,0.382490063679971,0.0,0.0,1.1621086770404854,lhs_candidate_000017_june2024_preflight,pa1_candidate_000017
2024-06-23T19:00,27.6,89.0,1.0,0.0,1.0,0.22,100600.0,25.7,0.39,0.0,28.4,0.307,0,0,0,1.0,27.77883116409272,89.1605912412117,0.023956525956388343,31.211844103746188,0.2198843046853082,123.18239999999999,0.40447529205159505,0.85,0.0007805466374485276,1.4028489106639432e-07,0.43138459682289015,0.0,0.0,1.1645995855612472,lhs_candidate_000017_june2024_preflight,pa1_candidate_000017
2024-06-23T20:00,27.4,86.0,0.0,0.0,0.0,0.61,100670.0,24.8,0.51,0.0,28.1,0.308,0,0,0,1.0,27.5443034795133,86.75768136840271,0.02301186069905984,31.094406872386436,0.21985911924156837,0.0,0.48742156423894567,0.0,0.0012196348482550034,1.4598365286074715e-07,0.4312291311207924,0.0,0.0,1.1663189091167423,lhs_candidate_000017_june2024_preflight,pa1_candidate_000017
2024-06-23T21:00,27.5,85.0,0.0,0.0,0.0,0.98,100680.0,24.8,0.55,0.0,27.9,0.312,0,0,0,1.0,27.514552508711738,85.39760452105638,0.022614004096016382,30.976695414131076,0.2198312760426892,0.0,0.5365495299233576,0.0,0.001705529418216614,1.6063352076410836e-07,0.4310572595227729,0.0,0.0,1.1665501843223414,lhs_candidate_000017_june2024_preflight,pa1_candidate_000017
2024-06-23T22:00,26.1,97.0,0.0,0.0,0.0,1.08,100680.0,25.6,0.1,0.0,27.7,0.313,0,0,0,1.0,26.705515561904797,93.40254454199044,0.02365181293382281,30.855065531774613,0.21980913977750974,0.0,0.231188347930964,0.0,0.002250653641796765,6.919179693257204e-08,0.430920615910554,0.0,0.0,1.1696976408487043,lhs_candidate_000017_june2024_preflight,pa1_candidate_000017
2024-06-23T23:00,27.3,88.0,0.0,0.0,0.0,1.0,100690.0,25.1,0.45,0.0,27.6,0.311,0,0,0,1.0,26.934798938660904,90.39699938984779,0.02318342662423188,30.72322984136189,0.2197961551430473,0.0,0.3410721592101438,0.0,0.001985134611307803,1.0205966804794969e-07,0.43084046384597097,0.0,0.0,1.1689200103612043,lhs_candidate_000017_june2024_preflight,pa1_candidate_000017
2024-06-24T00:00,27.3,88.0,0.0,0.0,0.0,0.94,100670.0,25.1,0.43,0.0,27.5,0.309,0,0,0,1.0,27.299438341111482,88.29296309905526,0.023104931111793188,30.609040567904398,0.2197745817371319,0.0,0.42478451352308255,0.0,0.0016256907784745077,1.2706978599672503e-07,0.43070729467365376,0.0,0.0,1.167269454548541,lhs_candidate_000017_june2024_preflight,pa1_candidate_000017
2024-06-24T01:00,27.1,89.0,0.0,0.0,0.0,0.78,100630.0,25.1,0.4,0.0,27.4,0.307,0,0,0,1.0,27.218461584378513,88.73250749649715,0.023116349281001706,30.500969357247154,0.21975197879153424,0.0,0.4069019834359837,0.0,0.0014584400749958076,1.216809862090577e-07,0.4305677703181126,0.0,0.0,1.167120215009042,lhs_candidate_000017_june2024_preflight,pa1_candidate_000017
2024-06-24T02:00,27.0,89.0,0.0,0.0,0.0,0.81,100600.0,25.0,0.39,0.0,27.3,0.312,0,0,0,1.0,27.092013176031926,88.94707817499881,0.023010871438625718,30.393067760111123,0.21973047765968715,0.0,0.3962065461348705,0.0,0.001483544916604848,1.1844607350095078e-07,0.4304350472820194,0.0,0.0,1.1672636629026907,lhs_candidate_000017_june2024_preflight,pa1_candidate_000017
2024-06-24T03:00,27.0,89.0,0.0,0.0,0.0,0.85,100560.0,25.0,0.41,0.0,27.3,0.31,0,0,0,1.0,27.048145864012433,89.06529406223233,0.02298562127553521,30.286371678934437,0.2197093258672779,0.0,0.3909620108598588,0.0,0.0015116874634785958,1.1684276458710499e-07,0.4303044806622093,0.0,0.0,1.166970044079742,lhs_candidate_000017_june2024_preflight,pa1_candidate_000017
2024-06-24T04:00,27.0,89.0,0.0,0.0,0.0,0.98,100570.0,24.9,0.41,0.0,27.2,0.308,0,0,0,1.0,27.041830918216522,89.06190410289499,0.022976718818222438,30.18260881185563,0.21968830791530736,0.0,0.39093840366891985,0.0,0.001726246792218347,1.1680048239498904e-07,0.43017474021794666,0.0,0.0,1.1671106424725497,lhs_candidate_000017_june2024_preflight,pa1_candidate_000017
2024-06-24T05:00,26.9,89.0,0.0,0.0,0.0,0.92,100600.0,25.0,0.39,0.0,27.1,0.307,0,0,0,1.0,26.980495346555916,88.9563362496895,0.022871731147558205,30.081479832936218,0.21966719653639244,0.0,0.39329384970615866,0.0,0.001655255700542102,1.1746862116340357e-07,0.43004442306415086,0.0,0.0,1.1676973766109986,lhs_candidate_000017_june2024_preflight,pa1_candidate_000017
2024-06-24T06:00,27.0,89.0,12.0,1.0,11.0,0.72,100620.0,25.0,0.39,0.01,27.1,0.305,1,0,0,1.0,27.031340517016236,89.60838233569832,0.023104290596409952,29.985740084069818,0.21962606983344302,1443.0064,0.37117828311370715,10.2,0.001277227290948556,3.391522845232582e-07,0.42979055452742604,0.0,0.0,1.1677316975338023,lhs_candidate_000017_june2024_preflight,pa1_candidate_000017
2024-06-24T07:00,27.4,89.0,119.0,31.0,88.0,0.91,100700.0,25.4,0.4,0.08,27.9,0.303,0,0,0,1.0,27.552916831042495,93.13002290443264,0.024713805213482896,29.92802081021719,0.22738234666487273,13568.0512,0.2529965185207588,101.14999999999999,0.0016950057871276695,2.6007140215953946e-06,0.4776688065732885,0.0,0.0,1.1666330580295576,lhs_candidate_000017_june2024_preflight,pa1_candidate_000017
2024-06-24T08:00,28.1,85.0,193.0,40.0,153.0,0.91,100750.0,25.4,0.56,0.15,28.1,0.301,0,0,0,1.0,28.419379637004905,91.48961542708037,0.0254615496028651,29.933642096958796,0.2267742685234567,22366.907199999998,0.3296257744171842,164.04999999999998,0.0018175315179407836,4.1582584920357756e-06,0.47391523779911543,0.0,0.0,1.1638587098113833,lhs_candidate_000017_june2024_preflight,pa1_candidate_000017
2024-06-24T09:00,28.7,84.0,245.0,30.0,215.0,0.85,100780.0,25.6,0.64,0.19,28.9,0.299,0,0,0,1.0,29.264874022072043,90.39121746921343,0.026343196368256983,29.991551630031783,0.22593012697115797,29124.215999999997,0.39082780257791416,208.25,0.0019026401924695322,5.211591735354434e-06,0.4687044874762838,0.0,0.0,1.160950372059019,lhs_candidate_000017_june2024_preflight,pa1_candidate_000017
2024-06-24T10:00,29.0,81.0,262.0,37.0,225.0,0.63,100780.0,25.4,0.75,0.21,29.3,0.297,0,0,0,1.0,29.80265774469841,87.79233999534087,0.026343312565900334,30.0821115073522,0.22496289331921215,30972.04,0.5121446702998651,222.7,0.0018049088336570085,5.532491875967632e-06,0.4627339093778528,0.0,0.0,1.1588895213059074,lhs_candidate_000017_june2024_preflight,pa1_candidate_000017
2024-06-24T11:00,30.3,72.0,529.0,126.0,403.0,0.36,100690.0,24.7,1.19,0.4,30.7,0.293,0,1,0,1.0,31.3155313953965,78.90653418854232,0.02568576025374023,30.259858799913342,0.22347745223088372,60730.5072,0.9647998743797648,449.65,0.0031194849476093786,1.0927394331748167e-05,0.4535645199437267,0.0,0.0,1.1521012729322144,lhs_candidate_000017_june2024_preflight,pa1_candidate_000017
2024-06-24T12:00,31.3,67.0,736.0,433.0,303.0,0.51,100630.0,24.5,1.5,0.56,31.9,0.289,0,1,0,1.0,33.17024355731599,71.63031909250218,0.025732074375480623,30.591363369700595,0.22116013570175388,75428.2672,1.4407206042873333,625.6,0.003744858426956368,1.4753868646967687e-05,0.4392600969244067,0.0,0.0,1.1444431468033232,lhs_candidate_000017_june2024_preflight,pa1_candidate_000017
2024-06-24T13:00,31.9,65.0,689.0,411.0,278.0,0.45,100580.0,24.4,1.66,0.53,32.5,0.285,0,1,0,1.0,34.11453912811159,67.03431454242921,0.02530653975199497,30.98739338865462,0.21862262168082633,70412.7072,1.7647445592218083,585.65,0.0038868295376730984,1.344158664111715e-05,0.42359643012855763,0.0,0.0,1.1403591145877883,lhs_candidate_000017_june2024_preflight,pa1_candidate_000017
2024-06-24T14:00,31.5,67.0,385.0,152.0,233.0,0.42,100480.0,24.5,1.54,0.31,32.3,0.285,0,1,0,1.0,33.419084567460956,66.2860667382328,0.02412660127133022,31.29135914856876,0.21674112428836284,42077.4992,1.7361345598518394,327.25,0.0037172041591136693,7.519575998324613e-06,0.4119822486935978,0.0,0.0,1.1418096737130603,lhs_candidate_000017_june2024_preflight,pa1_candidate_000017
2024-06-24T15:00,30.7,73.0,481.0,224.0,257.0,0.85,100440.0,25.3,1.19,0.37,32.0,0.309,0,1,0,1.0,32.66429413311278,71.8534796048999,0.025131071452185672,31.51310972556025,0.21525627383014379,51369.8768,1.3893683456292867,408.84999999999997,0.004068665605781535,8.967449513173002e-06,0.40281650512434436,0.0,0.0,1.1441721482208767,lhs_candidate_000017_june2024_preflight,pa1_candidate_000017
2024-06-24T16:00,30.2,76.0,322.0,144.0,178.0,0.5,100450.0,25.4,1.05,0.24,31.2,0.31,0,1,0,1.0,31.82298103724295,74.66131856366499,0.0249715452720381,31.694505318528638,0.21391607862697729,34598.4672,1.19279784028928,273.7,0.0036042131543040368,5.9518541473491e-06,0.3945436952282549,0.0,0.0,1.147442746636588,lhs_candidate_000017_june2024_preflight,pa1_candidate_000017
2024-06-24T17:00,28.9,85.0,112.0,34.0,78.0,0.22,100470.0,26.2,0.59,0.09,30.4,0.332,0,1,0,1.0,30.179884820485455,81.50242425941273,0.02495980900663405,31.751470125392125,0.21318826699535792,12600.2272,0.7929986550764525,95.2,0.0032444998218085254,2.149068243699603e-06,0.39005103083554277,0.0,0.0,1.1538879840053893,lhs_candidate_000017_june2024_preflight,pa1_candidate_000017
2024-06-24T18:00,28.5,89.0,46.0,9.0,37.0,0.2,100470.0,26.5,0.44,0.03,29.6,0.336,1,0,0,1.0,29.07251265262819,88.78121328710334,0.025604597188928747,31.702118322464575,0.21291488863807978,5349.748799999999,0.45127500622167505,39.1,0.0012651013434633008,9.127068122006429e-07,0.3883635101116036,0.0,0.0,1.1581159398485767,lhs_candidate_000017_june2024_preflight,pa1_candidate_000017
2024-06-24T19:00,28.7,83.0,0.0,0.0,0.0,0.36,100540.0,25.6,0.66,0.01,29.1,0.333,0,0,0,1.0,28.76842959125605,85.89264490744853,0.024364287801878833,31.610546898169748,0.22083356262758125,0.0,0.5575767702682684,0.0,0.0007514028756445497,1.6932463143804682e-07,0.43724421375050154,0.0,0.0,1.1600900604609938,lhs_candidate_000017_june2024_preflight,pa1_candidate_000017
2024-06-24T20:00,28.5,84.0,0.0,0.0,0.0,0.28,100620.0,25.5,0.62,0.0,28.6,0.33,0,0,0,1.0,28.6193063582389,84.44108334337002,0.02375827179419051,31.50684645102465,0.22080052323135327,0.0,0.6096592595443449,0.0,0.0007371821399846622,1.8505465880104566e-07,0.43704026686020536,0.0,0.0,1.16158687760571,lhs_candidate_000017_june2024_preflight,pa1_candidate_000017
2024-06-24T21:00,27.8,89.0,0.0,0.0,0.0,0.71,100640.0,25.9,0.4,0.0,28.3,0.327,0,0,0,1.0,28.1312701410171,87.50474188146958,0.0239711767603897,31.39897902364018,0.2207701679629241,0.0,0.4759341160347481,0.0,0.001538346197266537,1.4440207868712736e-07,0.43685288866002525,0.0,0.0,1.1636997561732958,lhs_candidate_000017_june2024_preflight,pa1_candidate_000017
2024-06-24T22:00,27.2,92.0,0.0,0.0,0.0,0.7,100700.0,25.8,0.29,0.0,28.0,0.325,0,0,0,1.0,27.522199574234804,90.65776813821033,0.0240170593893618,31.279559992087755,0.22074802972088908,0.0,0.3434238325710184,0.0,0.001517404519375651,1.0416484254523256e-07,0.43671623284499433,0.0,0.0,1.166752243532223,lhs_candidate_000017_june2024_preflight,pa1_candidate_000017
2024-06-24T23:00,26.9,93.0,0.0,0.0,0.0,0.54,100730.0,25.7,0.24,0.0,27.7,0.322,0,0,0,1.0,27.10793247029793,92.3201127676379,0.02390451729189784,31.150458289898875,0.2207314127111802,0.0,0.27555271236797774,0.0,0.0011887281549110864,8.355903275621135e-08,0.436613658710989,0.0,0.0,1.1687100884999335,lhs_candidate_000017_june2024_preflight,pa1_candidate_000017
2024-06-25T00:00,26.9,94.0,0.0,0.0,0.0,0.81,100740.0,25.8,0.22,0.0,27.6,0.32,0,0,0,1.0,26.975100847530115,93.62163054943238,0.02406404812590719,31.01846846909088,0.2207177566950348,0.0,0.22707858647206747,0.0,0.0014686546076863284,6.88463688420464e-08,0.4365293623150296,0.0,0.0,1.1693434203787105,lhs_candidate_000017_june2024_preflight,pa1_candidate_000017
2024-06-25T01:00,26.8,94.0,0.0,0.0,0.0,0.6,100730.0,25.7,0.22,0.0,27.5,0.319,0,0,0,1.0,26.900532519389966,93.80250132336413,0.024011208149876787,30.888726040130937,0.22070567211563935,0.0,0.21967576283137813,0.0,0.001156763452473126,6.659057725217991e-08,0.43645476614592194,0.0,0.0,1.169517920477252,lhs_candidate_000017_june2024_preflight,pa1_candidate_000017
2024-06-25T02:00,26.1,98.0,0.0,0.0,0.0,0.85,100640.0,25.7,0.08,0.0,27.5,0.348,0,0,0,1.0,26.44783635664921,96.19861678106325,0.024013831960344376,30.757316424295347,0.22069560263585164,0.0,0.13120327358537498,0.0,0.0017514121862233763,3.9766141496170416e-08,0.43639260886328174,0.0,0.0,1.1702385600185639,lhs_candidate_000017_june2024_preflight,pa1_candidate_000017
2024-06-25T03:00,25.9,97.0,0.0,0.0,0.0,0.73,100620.0,25.4,0.1,0.0,27.4,0.353,0,0,0,1.0,26.07911176147132,96.50465581126348,0.023600894669938824,30.617806289454247,0.22068931170010544,0.0,0.1180444836231982,0.0,0.0014356098914416917,3.577468605380462e-08,0.4363537759265768,0.0,0.0,1.1714477387124405,lhs_candidate_000017_june2024_preflight,pa1_candidate_000017
2024-06-25T04:00,25.7,97.0,0.0,0.0,0.0,0.92,100570.0,25.2,0.11,0.0,27.3,0.359,0,0,0,1.0,25.861276395217157,96.3927903079131,0.023288811481650486,30.475950855595794,0.22068274935365856,0.0,0.12026338807948145,0.0,0.0017180963173669523,3.644376606336255e-08,0.4363132676151763,0.0,0.0,1.1717186216913353,lhs_candidate_000017_june2024_preflight,pa1_candidate_000017
2024-06-25T05:00,25.7,96.0,0.0,0.0,0.0,1.14,100660.0,25.1,0.12,0.0,27.2,0.361,0,0,0,1.0,25.777571703027238,95.80566161977356,0.023039001799710964,30.334503267714727,0.2206758045104202,0.0,0.1391469298004946,0.0,0.0020218438781084884,4.216195793816691e-08,0.43627039821247043,0.0,0.0,1.1730955859228491,lhs_candidate_000017_june2024_preflight,pa1_candidate_000017
2024-06-25T06:00,25.7,97.0,8.0,1.0,7.0,0.67,100650.0,25.2,0.11,0.01,27.2,0.359,1,0,0,1.0,25.78643993714157,96.8259312991316,0.023295891383055413,30.198789151918625,0.22065503559189026,950.2767999999999,0.10535485069969885,6.8,0.0012521898111617121,1.8639966582796259e-07,0.4361421950116683,0.0,0.0,1.172944247990641,lhs_candidate_000017_june2024_preflight,pa1_candidate_000017
2024-06-25T07:00,27.4,87.0,106.0,30.0,76.0,0.57,100720.0,25.1,0.47,0.08,28.2,0.356,0,0,0,1.0,27.014209093053605,94.45727741466148,0.024331439114552184,30.105156438389997,0.22845144207982893,12001.8624,0.19778171011714285,90.1,0.0014057052420126913,2.339332947814189e-06,0.4842681609865983,0.0,0.0,1.1689589466844321,lhs_candidate_000017_june2024_preflight,pa1_candidate_000017
2024-06-25T08:00,27.8,83.0,222.0,86.0,136.0,0.41,100740.0,24.7,0.63,0.16,28.0,0.352,0,0,0,1.0,28.240002376340016,94.33642216207275,0.025997174161452797,30.10198504451672,0.22780962448080128,24320.806399999998,0.21708917268153582,188.7,0.0012821085062420573,4.793514580465331e-06,0.48030632395556344,0.0,0.0,1.1644358114053581,lhs_candidate_000017_june2024_preflight,pa1_candidate_000017
2024-06-25T09:00,28.6,79.0,319.0,143.0,176.0,0.28,100720.0,24.5,0.84,0.24,28.7,0.347,0,0,0,1.0,29.305641069967834,91.85005651175027,0.02682773984933627,30.176664752826166,0.22676505862421256,34264.102399999996,0.3322711618595249,271.15,0.0014346521889700553,6.802199597322917e-06,0.47385838656921336,0.0,0.0,1.1601028053320777,lhs_candidate_000017_june2024_preflight,pa1_candidate_000017
2024-06-25T10:00,28.9,76.0,335.0,68.0,267.0,0.5,100700.0,24.3,0.93,0.26,29.8,0.343,0,0,0,1.0,29.96355226485958,84.79030918005714,0.025664972753324206,30.299447054494753,0.22551106286739064,38873.7008,0.6440091444843037,284.75,0.0018682409752165188,7.122209778615144e-06,0.4661176720209299,0.0,0.0,1.157354927880197,lhs_candidate_000017_june2024_preflight,pa1_candidate_000017
2024-06-25T11:00,29.6,73.0,543.0,154.0,389.0,1.3,100670.0,24.2,1.14,0.41,30.5,0.338,0,1,0,1.0,30.95402251349914,76.05479510736575,0.024282464057266646,30.489683376493403,0.22384543193381842,61469.9536,1.0729477702449257,461.55,0.004309994104309878,1.1298916587111155e-05,0.45583599959147175,0.0,0.0,1.1532417398269597,lhs_candidate_000017_june2024_preflight,pa1_candidate_000017
2024-06-25T12:00,30.2,69.0,588.0,244.0,344.0,2.33,100600.0,24.0,1.31,0.45,31.2,0.332,0,1,0,1.0,31.87141538601057,69.25530233341945,0.023223294412369904,30.76102088963107,0.22174897335588759,63846.745599999995,1.4512527726897915,499.8,0.0059179997926444424,1.1976949693652327e-05,0.44289489725856535,0.0,0.0,1.1489737257091177,lhs_candidate_000017_june2024_preflight,pa1_candidate_000017
2024-06-25T13:00,31.1,66.0,871.0,682.0,189.0,2.0,100610.0,24.0,1.54,0.65,32.4,0.326,0,1,0,1.0,33.349157823640084,66.79157202443534,0.024221220867902758,31.12944623224961,0.21913650799107026,83297.4736,1.7034275736641988,740.35,0.005595342674175535,1.6963096030852446e-05,0.4267685678461127,0.0,0.0,1.143547772471193,lhs_candidate_000017_june2024_preflight,pa1_candidate_000017
2024-06-25T14:00,29.9,72.0,352.0,107.0,245.0,1.43,100560.0,24.2,1.2,0.28,31.7,0.322,0,1,0,1.0,32.172276082203304,68.1087938429491,0.023207492330683133,31.443065449229678,0.2169997377135863,39595.688,1.5311797183522908,299.2,0.00484301978597001,6.885554054485345e-06,0.41357862786164384,0.0,0.0,1.1473851433534592,lhs_candidate_000017_june2024_preflight,pa1_candidate_000017
2024-06-25T15:00,29.9,71.0,299.0,206.0,93.0,0.85,100580.0,24.1,1.22,0.24,31.3,0.318,0,1,0,1.0,31.15230698649344,71.22809797979703,0.0229844981872283,31.570740382681663,0.21586536321569105,29583.9632,1.303854715067534,254.15,0.00370773550098376,5.75069216164073e-06,0.40657631614624107,0.0,0.0,1.151459945388815,lhs_candidate_000017_june2024_preflight,pa1_candidate_000017
2024-06-25T16:00,30.0,71.0,370.0,253.0,117.0,0.22,100550.0,24.1,1.23,0.27,31.3,0.314,0,1,0,1.0,31.259317951631814,72.78758053665646,0.02362272734008232,31.690073786067604,0.21472732541848882,36676.3408,1.240707929093459,314.5,0.003227033917068319,6.889844454653263e-06,0.39955139147215324,0.0,0.0,1.1507118400063356,lhs_candidate_000017_june2024_preflight,pa1_candidate_000017
2024-06-25T17:00,29.6,74.0,195.0,106.0,89.0,0.4,100560.0,24.4,1.09,0.14,30.8,0.311,0,1,0,1.0,30.73640144461227,73.36468075076662,0.023151398428875432,31.778897166233897,0.21377337254393627,20291.2336,1.178775431068078,165.75,0.003233272671771525,3.7211288014027735e-06,0.3936627934810881,0.0,0.0,1.1528065811639638,lhs_candidate_000017_june2024_preflight,pa1_candidate_000017
2024-06-25T18:00,29.2,77.0,76.0,49.0,27.0,0.14,100560.0,24.8,0.92,0.05,30.2,0.309,1,0,0,1.0,29.883650456750217,77.26637521243325,0.023286709163181433,31.774868041593447,0.21329668627340131,7637.924799999999,0.9581838157538201,64.6,0.0013499046557633582,1.5747937513985424e-06,0.39072028563827976,0.0,0.0,1.1560506332664937,lhs_candidate_000017_june2024_preflight,pa1_candidate_000017
2024-06-25T19:00,29.1,75.0,1.0,0.0,1.0,0.82,100600.0,24.3,0.99,0.0,29.6,0.308,0,0,0,1.0,29.320985311316345,75.86438066238037,0.02217709934344762,31.7063479107977,0.22113550434598453,123.18239999999999,0.9848740606216468,0.85,0.0016066120430515197,3.1980305995565007e-07,0.439108051518423,0.0,0.0,1.158661852132437,lhs_candidate_000017_june2024_preflight,pa1_candidate_000017
2024-06-25T20:00,29.0,77.0,0.0,0.0,0.0,1.22,100680.0,24.5,0.92,0.01,29.1,0.306,0,0,0,1.0,29.08204634576677,76.93840769147863,0.022200640295737557,31.61197219993555,0.22108056737651313,0.0,0.928162063348569,0.0,0.002159074376977669,2.828466770255923e-07,0.4387689344229206,0.0,0.0,1.1604999978955564,lhs_candidate_000017_june2024_preflight,pa1_candidate_000017
2024-06-25T21:00,28.0,87.0,0.0,0.0,0.0,0.92,100700.0,25.5,0.51,0.0,28.6,0.305,0,0,0,1.0,28.434943731158512,84.6021196877126,0.02356482221274907,31.51109507102116,0.2210378285095635,0.0,0.5969324993060319,0.0,0.0019124964784044966,1.8179891340649177e-07,0.4385051142565648,0.0,0.0,1.163221078217117,lhs_candidate_000017_june2024_preflight,pa1_candidate_000017
2024-06-25T22:00,27.7,89.0,0.0,0.0,0.0,1.12,100760.0,25.8,0.39,0.0,28.2,0.304,0,0,0,1.0,27.90446032638924,88.18790967434921,0.023859386916094155,31.395903679226794,0.22101026447966043,0.0,0.4440110331884939,0.0,0.0020690078442415307,1.351734112156925e-07,0.43833496592382987,0.0,0.0,1.165965074421328,lhs_candidate_000017_june2024_preflight,pa1_candidate_000017
2024-06-25T23:00,27.3,92.0,0.0,0.0,0.0,1.04,100790.0,26.0,0.28,0.0,27.9,0.302,0,0,0,1.0,27.525256679747105,90.93603632853517,0.024094837263372828,31.273886475706778,0.22098891697555725,0.0,0.3332541212358917,0.0,0.0019542184824744113,1.0142440320662764e-07,0.43820319120714357,0.0,0.0,1.1677831475919525,lhs_candidate_000017_june2024_preflight,pa1_candidate_000017
2024-06-26T00:00,27.1,93.0,0.0,0.0,0.0,0.92,100800.0,26.0,0.24,0.0,27.8,0.302,0,0,0,1.0,27.25246093404847,92.41183086277192,0.02412012951595822,31.147048994520016,0.22097251222923095,0.0,0.2745770627947062,0.0,0.001710836444083931,8.354699133110451e-08,0.4381019273409318,0.0,0.0,1.1689595807338455,lhs_candidate_000017_june2024_preflight,pa1_candidate_000017
2024-06-26T01:00,27.1,94.0,0.0,0.0,0.0,0.91,100750.0,26.0,0.22,0.0,27.8,0.301,0,0,0,1.0,27.165562063990656,93.66593225632658,0.024330373879539062,31.0196385074094,0.2209588077787147,0.0,0.228033876116303,0.0,0.0016267033633579578,6.937165586852407e-08,0.4380173319673748,0.0,0.0,1.1687178203178055,lhs_candidate_000017_june2024_preflight,pa1_candidate_000017
2024-06-26T02:00,27.1,92.0,0.0,0.0,0.0,0.85,100710.0,25.6,0.29,0.0,27.5,0.299,0,0,0,1.0,27.154493001755363,92.27185960483409,0.02395359584036691,30.8953922861318,0.2209452752720246,0.0,0.2780417304879439,0.0,0.0015171280289643385,8.456873658568391e-08,0.4379337979754605,0.0,0.0,1.1682968744505045,lhs_candidate_000017_june2024_preflight,pa1_candidate_000017
2024-06-26T03:00,27.1,90.0,0.0,0.0,0.0,0.95,100650.0,25.3,0.36,0.0,27.3,0.298,0,0,0,1.0,27.150330625117515,90.3098293120153,0.023438863774975758,30.774950959635884,0.22092813743977277,0.0,0.34854629951262783,0.0,0.0016819425477453964,1.0598768669348158e-07,0.43782800888748624,0.0,0.0,1.1676170219632191,lhs_candidate_000017_june2024_preflight,pa1_candidate_000017
2024-06-26T04:00,27.0,90.0,0.0,0.0,0.0,1.12,100670.0,25.1,0.37,0.0,27.0,0.297,0,0,0,1.0,27.087830440753542,89.85036393645494,0.023239178485550935,30.657672788510407,0.2209084160592786,0.0,0.36373787012865444,0.0,0.001994632600916075,1.1057646075674573e-07,0.4377062719708556,0.0,0.0,1.168092147138833,lhs_candidate_000017_june2024_preflight,pa1_candidate_000017
2024-06-26T05:00,27.8,85.0,0.0,0.0,0.0,0.91,100650.0,25.0,0.58,0.0,26.9,0.296,0,0,0,1.0,27.52468492567296,86.77075195620779,0.02299045963200436,30.547247638759064,0.2208859016862444,0.0,0.48638259124690997,0.0,0.0017864256944282286,1.4781355826572934e-07,0.4375672943595333,0.0,0.0,1.166163283170139,lhs_candidate_000017_june2024_preflight,pa1_candidate_000017
2024-06-26T06:00,27.9,85.0,16.0,5.0,11.0,1.0,100750.0,25.0,0.58,0.02,27.0,0.295,1,0,0,1.0,27.893816667316933,85.8628473457525,0.02321675506542559,30.456922848821087,0.22082956704562945,1795.0064,0.5310795733553775,13.6,0.0017336172946804983,4.71004489990165e-07,0.4372195496643793,0.0,0.0,1.1658905769548351,lhs_candidate_000017_june2024_preflight,pa1_candidate_000017
2024-06-26T07:00,28.1,84.0,98.0,44.0,54.0,0.98,100790.0,25.2,0.6,0.08,28.4,0.294,0,0,0,1.0,28.276074626680355,87.24303725305425,0.024089952064293083,30.401008091663318,0.22860246724607367,10523.849599999998,0.49001003014749855,83.3,0.001824183333766647,2.2704502209948147e-06,0.4852004150992202,0.0,0.0,1.164874333062804,lhs_candidate_000017_june2024_preflight,pa1_candidate_000017
2024-06-26T08:00,28.9,78.0,275.0,180.0,95.0,0.58,100870.0,24.6,0.89,0.2,29.2,0.292,0,0,0,1.0,29.333560016719087,89.01519639403087,0.02603920648465076,30.425778865373164,0.22785676005574051,27542.327999999998,0.44856911580111625,233.75,0.0014581280928322442,6.001475351152497e-06,0.48059728429469456,0.0,0.0,1.161723284135407,lhs_candidate_000017_june2024_preflight,pa1_candidate_000017
2024-06-26T09:00,29.5,73.0,424.0,233.0,191.0,0.76,100870.0,24.2,1.1,0.32,30.1,0.29,0,1,0,1.0,30.52303447564392,77.62403539378745,0.024215943769719278,30.55820273984915,0.2264897131684297,44031.83839999999,0.9782838500885145,360.4,0.003477029087049198,9.18471982717256e-06,0.4721587232619117,0.0,0.0,1.1571728630642595,lhs_candidate_000017_june2024_preflight,pa1_candidate_000017
2024-06-26T10:00,29.9,74.0,513.0,315.0,198.0,1.41,100860.0,24.7,1.1,0.39,30.8,0.288,0,1,0,1.0,31.368556369174414,75.63345387231377,0.024690248263211617,30.76905446464245,0.22468578363687913,52110.11519999999,1.1178691344300389,436.05,0.004505502771764376,1.0829507797686537e-05,0.4610233557832045,0.0,0.0,1.1538454726457943,lhs_candidate_000017_june2024_preflight,pa1_candidate_000017
2024-06-26T11:00,30.1,75.0,634.0,380.0,254.0,1.61,100800.0,25.1,1.08,0.47,31.4,0.285,0,1,0,1.0,32.0241563668638,75.2615620058953,0.025443482712061788,31.04170683228013,0.22254368541727307,64728.3296,1.1778637667652738,538.9,0.004949488021277039,1.2936623039022093e-05,0.4478005272671177,0.0,0.0,1.1506817581326816,lhs_candidate_000017_june2024_preflight,pa1_candidate_000017
2024-06-26T12:00,30.7,74.0,806.0,526.0,280.0,1.26,100780.0,25.5,1.15,0.6,32.2,0.281,0,1,0,1.0,33.03782100813976,74.64447922331503,0.026628090364749283,31.39543314895682,0.21995342067502463,80779.072,1.278128391557817,685.1,0.004662247701524901,1.5793245078049962e-05,0.43181123873471994,0.0,0.0,1.1466447599258773,lhs_candidate_000017_june2024_preflight,pa1_candidate_000017
2024-06-26T13:00,30.3,76.0,674.0,349.0,325.0,1.5,100760.0,25.6,1.04,0.5,32.3,0.278,0,1,0,1.0,32.94500568963224,73.20161128406629,0.025985644209995103,31.763370180937464,0.217382427548688,70746.28,1.343845924450822,572.9,0.005060590447776468,1.2800825464820632e-05,0.4159409107943704,0.0,0.0,1.146764826980712,lhs_candidate_000017_june2024_preflight,pa1_candidate_000017
2024-06-26T14:00,30.3,72.0,576.0,276.0,300.0,1.55,100650.0,24.6,1.22,0.44,32.3,0.275,0,1,0,1.0,32.49763676000834,70.46840976401593,0.024429915947590152,32.05378872441578,0.2152723838779592,61242.72,1.444132637099865,489.59999999999997,0.004967006381530805,1.0679754078772778e-05,0.40291594986394563,0.0,0.0,1.1471895593761317,lhs_candidate_000017_june2024_preflight,pa1_candidate_000017
2024-06-26T15:00,30.0,71.0,400.0,188.0,212.0,1.22,100690.0,24.1,1.24,0.31,31.9,0.278,0,1,0,1.0,31.814350982197855,69.60625107027732,0.023270098170593424,32.25682003459248,0.2136528366769795,42658.66879999999,1.4300625180287394,340.0,0.004405575410114056,7.3490551388378504e-06,0.39291874491962664,0.0,0.0,1.1502168209329349,lhs_candidate_000017_june2024_preflight,pa1_candidate_000017
2024-06-26T16:00,28.8,82.0,297.0,146.0,151.0,1.2,100680.0,25.5,0.7,0.22,31.1,0.295,0,1,0,1.0,30.535351420333964,78.32670985977822,0.024451362177445774,32.36233687129981,0.21251261733444687,31448.542399999995,0.9482297314514501,252.45,0.004350634398558584,5.328484305856792e-06,0.38588035391633874,0.0,0.0,1.1549463532166517,lhs_candidate_000017_june2024_preflight,pa1_candidate_000017
2024-06-26T17:00,28.0,83.0,198.0,87.0,111.0,0.54,100750.0,24.9,0.63,0.14,30.2,0.327,0,0,0,1.0,29.331292401246237,83.35500247076776,0.024380451595053147,32.382784437254024,0.21171805050941345,21329.2464,0.6796166925570382,168.29999999999998,0.002076627323766223,3.519729875044351e-06,0.3809756204284781,0.0,0.0,1.1603499387240044,lhs_candidate_000017_june2024_preflight,pa1_candidate_000017
2024-06-26T18:00,27.1,90.0,57.0,23.0,34.0,0.32,100800.0,25.3,0.37,0.04,29.3,0.332,1,0,0,1.0,28.023808516072204,88.21880972944685,0.02402470602609632,32.314692088811256,0.21130533349343023,6212.201599999999,0.44593849585937395,48.449999999999996,0.0016443930820652399,1.0722638009059977e-06,0.3784279845273471,0.0,0.0,1.1659657143331605,lhs_candidate_000017_june2024_preflight,pa1_candidate_000017
2024-06-26T19:00,26.4,98.0,1.0,0.0,1.0,0.45,100830.0,26.0,0.08,0.0,28.8,0.334,0,0,0,1.0,26.919005891503268,95.1991136383356,0.024393648555599546,32.16983553173753,0.21921514320157884,123.18239999999999,0.17035627245830387,0.85,0.001399101238793031,6.946892098112e-08,0.4272539703801163,0.0,0.0,1.1706068914063383,lhs_candidate_000017_june2024_preflight,pa1_candidate_000017
2024-06-26T20:00,26.6,91.0,0.0,0.0,0.0,0.3,100900.0,24.9,0.32,0.0,28.3,0.331,0,0,0,1.0,26.65053829974933,93.01303248099741,0.02348145411482979,31.99755561105368,0.21920372923543568,0.0,0.2440473081539345,0.0,0.0006331081534288571,7.240689122448922e-08,0.4271835137989857,0.0,0.0,1.172468562405675,lhs_candidate_000017_june2024_preflight,pa1_candidate_000017
2024-06-26T21:00,26.7,89.0,0.0,0.0,0.0,0.67,100910.0,24.7,0.38,0.0,27.9,0.329,0,0,0,1.0,26.731060956833193,89.65872004021992,0.02273597183886078,31.830105171620325,0.2191871935493912,0.0,0.36292428309018554,0.0,0.0011928542020787367,1.076510137058533e-07,0.4270814416629087,0.0,0.0,1.172269906487176,lhs_candidate_000017_june2024_preflight,pa1_candidate_000017
2024-06-26T22:00,26.9,88.0,0.0,0.0,0.0,0.95,100960.0,24.6,0.44,0.0,27.6,0.327,0,0,0,1.0,26.88277704648549,88.38903071376204,0.022603250823645248,31.670838807441235,0.21916637402201597,0.0,0.4111321281739264,0.0,0.0016561351483068219,1.2191378271525436e-07,0.426952926061827,0.0,0.0,1.1722576860746983,lhs_candidate_000017_june2024_preflight,pa1_candidate_000017
2024-06-26T23:00,26.9,88.0,0.0,0.0,0.0,0.73,100980.0,24.7,0.43,0.0,27.4,0.325,0,0,0,1.0,26.954340092168646,88.0895851085369,0.022616114403419176,31.52000760786055,0.2191439509260501,0.0,0.4235106144502838,0.0,0.0013170378942551867,1.2554368522146491e-07,0.42681451188919817,0.0,0.0,1.172210315691578,lhs_candidate_000017_june2024_preflight,pa1_candidate_000017
2024-06-27T00:00,26.2,91.0,0.0,0.0,0.0,1.0,100960.0,24.6,0.3,0.0,27.1,0.323,0,0,0,1.0,26.544382547186768,89.57980883731443,0.022481854614339852,31.370570534311703,0.21912257444109062,0.0,0.3616995746191525,0.0,0.001971723542161117,1.0718753522090356e-07,0.4266825582783372,0.0,0.0,1.1735813196688842,lhs_candidate_000017_june2024_preflight,pa1_candidate_000017
2024-06-27T01:00,27.2,86.0,0.0,0.0,0.0,0.81,100960.0,24.6,0.5,0.0,27.0,0.323,0,0,0,1.0,26.890527823986584,87.79972951285043,0.02246219237416454,31.22108188330332,0.21910252439158864,0.0,0.4321953101161444,0.0,0.0016636266721097755,1.280413794536181e-07,0.42655879254067064,0.0,0.0,1.172227403803951,lhs_candidate_000017_june2024_preflight,pa1_candidate_000017
2024-06-27T02:00,27.1,87.0,0.0,0.0,0.0,0.67,100920.0,24.8,0.46,0.0,26.9,0.322,0,0,0,1.0,27.153070133694374,87.06122356424521,0.02259914754692989,31.088525158733315,0.21907788151320426,0.0,0.4654703023781459,0.0,0.0012165861747351371,1.3785019008180915e-07,0.4264066760074337,0.0,0.0,1.1707385484437711,lhs_candidate_000017_june2024_preflight,pa1_candidate_000017
2024-06-27T03:00,27.0,88.0,0.0,0.0,0.0,0.5,100880.0,24.7,0.44,0.0,26.8,0.321,0,0,0,1.0,27.092981866868936,87.8999361670743,0.02274119079663519,30.961337916547212,0.21905384676058265,0.0,0.43376736436301844,0.0,0.0009947074890161516,1.2841658954168723e-07,0.42625831333692993,0.0,0.0,1.1705087315972997,lhs_candidate_000017_june2024_preflight,pa1_candidate_000017
2024-06-27T04:00,27.0,87.0,0.0,0.0,0.0,0.54,100880.0,24.7,0.45,0.0,26.6,0.319,0,0,0,1.0,27.055943179203965,87.49259837032187,0.022589486744166404,30.83665194527232,0.21903063208270893,0.0,0.4473970703229493,0.0,0.0010086525511717739,1.324071285949896e-07,0.42611501285622794,0.0,0.0,1.1706531461510545,lhs_candidate_000017_june2024_preflight,pa1_candidate_000017
2024-06-27T05:00,24.7,96.0,0.0,0.0,0.0,1.0,100920.0,24.1,0.11,0.0,26.4,0.318,0,0,0,1.0,25.67807150336348,91.4155079146285,0.021861361618277682,30.7019646755243,0.2190098432285676,0.0,0.28311640406643734,0.0,0.002355433586295915,8.376304485676981e-08,0.4259866865960963,0.0,0.0,1.1765172483722708,lhs_candidate_000017_june2024_preflight,pa1_candidate_000017
2024-06-27T06:00,25.0,97.0,18.0,9.0,9.0,0.81,100930.0,24.5,0.09,0.0,26.6,0.316,1,0,0,1.0,25.09949652340479,96.89331310645453,0.022432101941031256,30.5427044877545,0.21897017133215524,1900.6415999999997,0.09899769287828963,15.299999999999999,0.0014906780163848263,3.6857779315606235e-07,0.4257417983466373,0.0,0.0,1.1789163826143272,lhs_candidate_000017_june2024_preflight,pa1_candidate_000017
2024-06-27T07:00,27.3,89.0,160.0,107.0,53.0,0.5,100990.0,25.3,0.4,0.1,28.5,0.315,0,0,0,1.0,26.82090116640891,98.31532819940195,0.025055613668347503,30.44098861706119,0.22665472122295652,15944.667199999998,0.0594360514869412,136.0,0.0014127703547606727,3.3716212229940954e-06,0.4731772914997316,1.0223877419776186e-06,0.0,1.1728478962733413,lhs_candidate_000017_june2024_preflight,pa1_candidate_000017
2024-06-27T08:00,28.4,85.0,390.0,303.0,87.0,0.2,101030.0,25.6,0.59,0.27,28.6,0.313,0,0,0,1.0,28.997889556797922,100.0,0.028723129342799848,30.48650686927546,0.2256239998570538,37380.8688,0.0,331.5,0.0012909319412741235,8.060849666965443e-06,0.46681481393243096,2.196188616581015e-08,0.0,1.1648586704943014,lhs_candidate_000017_june2024_preflight,pa1_candidate_000017
2024-06-27T09:00,29.4,75.0,546.0,417.0,129.0,0.7,101070.0,24.5,1.02,0.4,29.4,0.31,0,1,0,1.0,30.69909212875597,80.33768308350473,0.025301042326274666,30.671855401170248,0.22388282887243213,52586.5296,0.8683272907012354,464.09999999999997,0.0035814186597491427,1.1300403473782459e-05,0.4560668448915564,0.0,0.0,1.1587954237432387,lhs_candidate_000017_june2024_preflight,pa1_candidate_000017
2024-06-27T10:00,29.9,72.0,731.0,578.0,153.0,1.1,101060.0,24.4,1.17,0.53,31.0,0.306,0,1,0,1.0,31.984813880511215,74.32492589794005,0.025074270921909666,30.970123746352666,0.22153978738944152,69710.9072,1.219744871631895,621.35,0.0043819610834680296,1.466704531025204e-05,0.44160362586075014,0.0,0.0,1.1537985320443271,lhs_candidate_000017_june2024_preflight,pa1_candidate_000017
2024-06-27T11:00,30.6,69.0,846.0,644.0,202.0,1.24,100970.0,24.3,1.36,0.63,31.9,0.302,0,1,0,1.0,33.11855515556762,70.02382554197601,0.025086451526911812,31.360355090609463,0.21874520756950136,81554.84479999999,1.5179019680930406,719.1,0.004709304845987338,1.634268868814045e-05,0.4243531331450701,0.0,0.0,1.148503691228753,lhs_candidate_000017_june2024_preflight,pa1_candidate_000017
2024-06-27T12:00,30.9,68.0,776.0,575.0,201.0,1.58,100900.0,24.2,1.44,0.58,32.3,0.298,0,1,0,1.0,33.56883737074523,66.7247832780205,0.02447843795470335,31.7705520085182,0.21597265686937017,75359.6624,1.727943652483305,659.6,0.0051657894439449716,1.4480810625509323e-05,0.4072386226504332,0.0,0.0,1.1460225565600728,lhs_candidate_000017_june2024_preflight,pa1_candidate_000017
2024-06-27T13:00,31.0,67.0,777.0,530.0,247.0,2.01,100830.0,24.2,1.46,0.58,32.6,0.294,0,1,0,1.0,33.684529230486135,64.76365026368971,0.023903931168987154,32.15676101834757,0.2134125197210432,77066.0528,1.8416405073577637,660.4499999999999,0.005738268041315558,1.3967109177063491e-05,0.3914353069200197,0.0,0.0,1.1447956886566157,lhs_candidate_000017_june2024_preflight,pa1_candidate_000017
2024-06-27T14:00,30.3,70.0,678.0,518.0,160.0,2.19,100770.0,24.3,1.28,0.5,32.5,0.291,0,1,0,1.0,33.06732649880151,65.90576827345652,0.023547369076548398,32.50266669111121,0.21109796604309006,65293.184,1.7214774504109265,576.3,0.006015143545933598,1.177266099506139e-05,0.377147938537593,0.0,0.0,1.1464205092166544,lhs_candidate_000017_june2024_preflight,pa1_candidate_000017
2024-06-27T15:00,30.1,73.0,509.0,386.0,123.0,1.92,100720.0,24.7,1.17,0.38,32.2,0.289,0,1,0,1.0,32.25896766920902,69.60039196716426,0.02382525510954412,32.753201258245404,0.2092670150960951,49119.43519999999,1.466720454015359,432.65,0.005456615775255431,8.617618863272427e-06,0.365845772198118,0.0,0.0,1.1488845280857052,lhs_candidate_000017_june2024_preflight,pa1_candidate_000017
2024-06-27T16:00,29.9,75.0,421.0,304.0,117.0,1.35,100740.0,24.9,1.07,0.31,31.8,0.287,0,1,0,1.0,31.692709624057642,72.66843250873661,0.024136722016778966,32.91702331406092,0.20786557878520773,41164.3408,1.277157783627418,357.84999999999997,0.0045583538157158736,6.975073577017715e-06,0.3571949307728872,0.0,0.0,1.1512471871128522,lhs_candidate_000017_june2024_preflight,pa1_candidate_000017
2024-06-27T17:00,29.4,74.0,249.0,180.0,69.0,1.65,100690.0,24.3,1.05,0.19,31.1,0.289,0,1,0,1.0,30.797241382433114,71.62355563775677,0.02267597704661698,32.996695571017646,0.2068637931538756,24339.5856,1.2601957756495779,211.65,0.004814140396335467,4.177049251272001e-06,0.35101106885108396,0.0,0.0,1.154065832903107,lhs_candidate_000017_june2024_preflight,pa1_candidate_000017
2024-06-27T18:00,28.6,80.0,58.0,28.0,30.0,1.34,100820.0,24.8,0.77,0.05,30.1,0.291,1,0,0,1.0,29.491042094748334,77.63565955427777,0.022905459103191098,32.958767308055364,0.20638807827362488,6159.472,0.9215807144583321,49.3,0.0027693625512472367,1.1166555446011367e-06,0.348074557244598,0.0,0.0,1.1605432185489766,lhs_candidate_000017_june2024_preflight,pa1_candidate_000017
2024-06-27T19:00,28.1,82.0,1.0,0.0,1.0,1.0,100890.0,24.8,0.67,0.0,29.3,0.292,0,0,0,1.0,28.5044279832702,80.8309534542304,0.022600155643297076,32.832182590890724,0.21427889377196463,123.18239999999999,0.7461319726791804,0.85,0.0020093450478307112,2.2318577330318009e-07,0.3967832948886706,0.0,0.0,1.1651473885603292,lhs_candidate_000017_june2024_preflight,pa1_candidate_000017
2024-06-27T20:00,28.0,82.0,0.0,0.0,0.0,0.85,100950.0,24.5,0.7,0.0,28.9,0.294,0,0,0,1.0,28.136009066644775,81.89602127384852,0.022440547657285266,32.678775564797654,0.21424208345068216,0.0,0.6897557810350374,0.0,0.0015851582387887081,1.8997276677158042e-07,0.39655607068322324,0.0,0.0,1.1672659242298218,lhs_candidate_000017_june2024_preflight,pa1_candidate_000017
2024-06-27T21:00,27.8,83.0,0.0,0.0,0.0,0.73,100970.0,24.6,0.63,0.0,28.5,0.293,0,0,0,1.0,27.948108136628996,82.77456789511902,0.022448562456651187,32.52416297415253,0.2142088342112237,0.0,0.6491446320648597,0.0,0.0014062628577045891,1.7869509698316298e-07,0.3963508284643438,0.0,0.0,1.1682257596379608,lhs_candidate_000017_june2024_preflight,pa1_candidate_000017
2024-06-27T22:00,27.2,88.0,0.0,0.0,0.0,0.41,100980.0,25.0,0.44,0.0,28.2,0.292,0,0,0,1.0,27.51756618664648,86.47103314305656,0.022902060568800724,32.36721648462577,0.2141799930528821,0.0,0.4971950902203126,0.0,0.0011524771006638376,1.3680528609042936e-07,0.39617279662272903,0.0,0.0,1.1700144704715991,lhs_candidate_000017_june2024_preflight,pa1_candidate_000017
2024-06-27T23:00,27.2,87.0,0.0,0.0,0.0,0.32,101000.0,24.9,0.46,0.0,27.9,0.291,0,0,0,1.0,27.297914318138357,87.40523741929589,0.02287070241667815,32.20535760210271,0.21415703339308456,0.0,0.45695447033086456,0.0,0.0007489196051830052,1.2568793352847402e-07,0.3960310703276825,0.0,0.0,1.171101747572979,lhs_candidate_000017_june2024_preflight,pa1_candidate_000017
2024-06-28T00:00,26.9,89.0,0.0,0.0,0.0,0.5,100960.0,24.8,0.4,0.0,27.5,0.29,0,0,0,1.0,27.095232148008133,88.3625301091431,0.022863716356750313,32.044638089365165,0.21413508860832106,0.0,0.41723917341726047,0.0,0.0011205675553370609,1.1472475977539996e-07,0.3958956086933399,0.0,0.0,1.171428190385711,lhs_candidate_000017_june2024_preflight,pa1_candidate_000017
2024-06-28T01:00,26.4,91.0,0.0,0.0,0.0,0.45,100940.0,24.8,0.3,0.0,27.3,0.29,0,0,0,1.0,26.690699369810478,89.99714971507117,0.022770762769172344,31.88125487448606,0.21411605826497174,0.0,0.3502151100170412,0.0,0.0011675902440647554,9.626714147292481e-08,0.39577813743809714,0.0,0.0,1.1727762623065363,lhs_candidate_000017_june2024_preflight,pa1_candidate_000017
2024-06-28T02:00,26.3,90.0,0.0,0.0,0.0,0.45,100910.0,24.6,0.34,0.0,27.2,0.291,0,0,0,1.0,26.44193345305821,90.05145145587714,0.022471956259447944,31.713723947126773,0.21409924170874484,0.0,0.3432509186411319,0.0,0.0009877792195349358,9.432807716038746e-08,0.395674331535462,0.0,0.0,1.1734012302444836,lhs_candidate_000017_june2024_preflight,pa1_candidate_000017
2024-06-28T03:00,26.1,89.0,0.0,0.0,0.0,0.3,100890.0,24.1,0.39,0.0,27.0,0.299,0,0,0,1.0,26.26618377624582,89.22988697283033,0.022050349664594522,31.546870985223144,0.21408166001440865,0.0,0.3677666764180487,0.0,0.0008384131200333924,1.0103748096539735e-07,0.3955658025580781,0.0,0.0,1.1738572864685988,lhs_candidate_000017_june2024_preflight,pa1_candidate_000017
2024-06-28T04:00,26.2,89.0,0.0,0.0,0.0,0.64,100940.0,24.2,0.38,0.0,27.0,0.298,0,0,0,1.0,26.244416610118947,89.07262021225712,0.021984834383645638,31.382227203073768,0.21406329951967137,0.0,0.37265796683571173,0.0,0.001157766626945043,1.0235194371767064e-07,0.395452466170811,0.0,0.0,1.1745244239214685,lhs_candidate_000017_june2024_preflight,pa1_candidate_000017
2024-06-28T05:00,26.3,89.0,0.0,0.0,0.0,0.41,100970.0,24.3,0.38,0.0,26.9,0.297,0,0,0,1.0,26.327311593478914,89.18925635189704,0.02211540079397411,31.224071476223482,0.21404491721840357,0.0,0.37048742507604393,0.0,0.0007575007274671933,1.0172659830280494e-07,0.3953389951753307,0.0,0.0,1.1745482962694183,lhs_candidate_000017_june2024_preflight,pa1_candidate_000017
2024-06-28T06:00,26.2,91.0,16.0,7.0,9.0,0.5,101030.0,24.6,0.31,0.01,26.9,0.296,1,0,0,1.0,26.343779250165987,91.07289732395449,0.022603164159219247,31.076335090296585,0.21400271440625723,1724.6416,0.3062316874287889,13.6,0.0010595481688208343,3.639101550542061e-07,0.3950784839892422,0.0,0.0,1.1751816341660979,lhs_candidate_000017_june2024_preflight,pa1_candidate_000017
2024-06-28T07:00,27.7,87.0,146.0,91.0,55.0,0.71,101070.0,25.2,0.5,0.1,28.7,0.296,0,0,0,1.0,27.514741992754946,93.93148717124969,0.02487410777627832,30.979652644718158,0.2217270232254728,14783.032000000001,0.22298353485462252,124.1,0.0014101873069989838,2.93071862484471e-06,0.44275940262637536,0.0,0.0,1.1710682640528056,lhs_candidate_000017_june2024_preflight,pa1_candidate_000017
2024-06-28T08:00,28.1,85.0,274.0,163.0,111.0,1.03,101100.0,25.2,0.59,0.2,28.6,0.298,0,0,0,1.0,28.744426079967166,90.67621037629574,0.02568751550882231,30.9831450111313,0.22097471181249217,28017.2464,0.36800015860251944,232.9,0.002200036316416454,5.427068609769806e-06,0.4381155050153838,0.0,0.0,1.16664442417764,lhs_candidate_000017_june2024_preflight,pa1_candidate_000017
2024-06-28T09:00,28.7,84.0,479.0,326.0,153.0,1.44,101100.0,25.8,0.62,0.34,29.3,0.297,0,0,0,1.0,29.93749469354528,88.28016829057236,0.026683680922476968,31.09447453419863,0.21964930730300644,47534.9072,0.49550003002256204,407.15,0.0030644131796292483,9.266152667349122e-06,0.4299339956975706,0.0,0.0,1.1620520643143615,lhs_candidate_000017_june2024_preflight,pa1_candidate_000017
2024-06-28T10:00,29.4,81.0,589.0,464.0,125.0,1.61,101040.0,25.9,0.76,0.43,30.2,0.296,0,1,0,1.0,31.051934475191707,81.22153763947827,0.02606863886090462,31.30733551202006,0.21780580906270672,56229.8,0.8461373255367257,500.65,0.004852131339519039,1.1161348825160736e-05,0.4185543769302884,0.0,0.0,1.157107783240885,lhs_candidate_000017_june2024_preflight,pa1_candidate_000017
2024-06-28T11:00,30.0,78.0,703.0,495.0,208.0,2.06,100970.0,25.8,0.92,0.51,31.0,0.293,0,1,0,1.0,32.06866906861422,76.60647896698198,0.025959571721069864,31.593837845687645,0.2156351051307146,69181.9392,1.1166328885265386,597.55,0.005629672878547018,1.2925170200974002e-05,0.40515496994268274,0.0,0.0,1.1524542950693215,lhs_candidate_000017_june2024_preflight,pa1_candidate_000017
2024-06-28T12:00,30.1,75.0,532.0,226.0,306.0,2.46,100890.0,25.2,1.05,0.4,31.2,0.29,0,1,0,1.0,32.10226418295023,72.11120131284885,0.024479971346613894,31.87306829130602,0.21360976258443035,57581.814399999996,1.333732030730419,452.2,0.006207436374665767,9.612661631977213e-06,0.3926528554594466,0.0,0.0,1.151414453724463,lhs_candidate_000017_june2024_preflight,pa1_candidate_000017
2024-06-28T13:00,30.0,74.0,492.0,189.0,303.0,2.61,100840.0,24.9,1.1,0.38,31.3,0.288,0,1,0,1.0,31.814629696844992,71.27533999981627,0.02382844609959046,32.08720881386366,0.2119633375525762,53956.267199999995,1.3515511882434499,418.2,0.0063904558055895636,8.691179110947054e-06,0.3824897379788655,0.0,0.0,1.151929270222725,lhs_candidate_000017_june2024_preflight,pa1_candidate_000017
2024-06-28T14:00,31.1,66.0,751.0,628.0,123.0,2.82,100710.0,24.0,1.52,0.56,32.1,0.284,0,1,0,1.0,33.00287699736443,65.06337818858593,0.023167404838728152,32.35487468020481,0.21002758561098261,70415.43519999999,1.7576473271194164,638.35,0.006739752662984649,1.2773374205046162e-05,0.3705406519196458,0.0,0.0,1.145979106903557,lhs_candidate_000017_june2024_preflight,pa1_candidate_000017
2024-06-28T15:00,30.6,68.0,573.0,421.0,152.0,2.83,100680.0,24.1,1.4,0.44,32.0,0.281,0,1,0,1.0,32.94497775458328,63.96591990732967,0.022707057306884406,32.656157988423516,0.20802165639062692,55771.724799999996,1.8069808703540318,487.05,0.006859781837207535,9.536088037216167e-06,0.3581583727816477,0.0,0.0,1.1458544394329915,lhs_candidate_000017_june2024_preflight,pa1_candidate_000017
2024-06-28T16:00,30.4,70.0,420.0,283.0,137.0,2.15,100710.0,24.2,1.32,0.32,31.7,0.279,0,1,0,1.0,32.21032034647291,67.05351909557461,0.022894166127725532,32.85349362348943,0.20654768459876058,41779.9888,1.5852457434826923,357.0,0.005684592200509654,6.875451110429082e-06,0.34905978147383077,0.0,0.0,1.1489534729309718,lhs_candidate_000017_june2024_preflight,pa1_candidate_000017
2024-06-28T17:00,29.8,73.0,298.0,229.0,69.0,1.91,100700.0,24.4,1.14,0.22,31.1,0.277,0,1,0,1.0,31.321227706447097,70.11759385014778,0.02283173116378959,32.95938997215692,0.2054943313817083,28651.5856,1.367241920483194,253.29999999999998,0.005237457391939373,4.845113057140873e-06,0.34255760112165623,0.0,0.0,1.152194136909504,lhs_candidate_000017_june2024_preflight,pa1_candidate_000017
2024-06-28T18:00,29.3,77.0,64.0,36.0,28.0,1.25,100730.0,24.8,0.93,0.06,30.4,0.276,1,1,0,1.0,30.125565501003408,74.67226749685271,0.022801125831908423,32.950556502052166,0.2049503457746088,6617.1071999999995,1.0824364028300084,54.4,0.003996379986338353,1.2161902729826446e-06,0.339199665275363,0.0,0.0,1.1570812645274187,lhs_candidate_000017_june2024_preflight,pa1_candidate_000017
2024-06-28T19:00,28.9,79.0,1.0,0.0,1.0,1.17,100820.0,24.9,0.83,0.01,29.7,0.275,0,0,0,1.0,29.25151609896265,78.05308583501366,0.022730913638326623,32.84343555194033,0.21282770960828512,123.18239999999999,0.8919817093923514,0.85,0.0022362630581086976,2.574326365376984e-07,0.3878253679523773,0.0,0.0,1.1614624608651565,lhs_candidate_000017_june2024_preflight,pa1_candidate_000017
2024-06-28T20:00,28.5,82.0,0.0,0.0,0.0,1.2,100890.0,25.1,0.71,0.0,29.3,0.274,0,0,0,1.0,28.737519221333827,81.12808080139176,0.02297397769681847,32.707536784910815,0.2127865323629004,0.0,0.7445569557658556,0.0,0.002218053980092183,2.0041988326476317e-07,0.38757118742531116,0.0,0.0,1.164247763269338,lhs_candidate_000017_june2024_preflight,pa1_candidate_000017
2024-06-28T21:00,28.3,83.0,0.0,0.0,0.0,0.91,100940.0,25.2,0.64,0.0,29.0,0.274,0,0,0,1.0,28.45069756339789,82.67626634855296,0.02304825956948806,32.5656451181324,0.21275247037353717,0.0,0.672206682558933,0.0,0.0016929586137148902,1.808464693352914e-07,0.387360928231711,0.0,0.0,1.1659324979524839,lhs_candidate_000017_june2024_preflight,pa1_candidate_000017
2024-06-28T22:00,28.1,84.0,0.0,0.0,0.0,1.04,100970.0,25.1,0.6,0.0,28.7,0.273,0,0,0,1.0,28.24330894173399,83.66159829860344,0.023059590820245893,32.42234952061158,0.21272106589869616,0.0,0.626383517053311,0.0,0.0018986887249117699,1.684341436128008e-07,0.38716707344874174,0.0,0.0,1.1670815365428948,lhs_candidate_000017_june2024_preflight,pa1_candidate_000017
2024-06-28T23:00,27.8,85.0,0.0,0.0,0.0,1.03,100950.0,25.1,0.55,0.0,28.5,0.273,0,0,0,1.0,27.984189125360608,84.5053169933489,0.022963401932614563,32.27787173776867,0.2126917289631989,0.0,0.5851492585746669,0.0,0.0019103886544162636,1.572726801883797e-07,0.38698598125431427,0.0,0.0,1.1678544135162565,lhs_candidate_000017_june2024_preflight,pa1_candidate_000017
2024-06-29T00:00,27.6,86.0,0.0,0.0,0.0,1.08,100960.0,25.1,0.52,0.0,28.3,0.272,0,0,0,1.0,27.750537552978113,85.56111243477199,0.022953632340718646,32.13139287263255,0.21266459306261384,0.0,0.5379023010597606,0.0,0.0019692401086680435,1.4451136639083283e-07,0.3868184756951472,0.0,0.0,1.1688770376661557,lhs_candidate_000017_june2024_preflight,pa1_candidate_000017
2024-06-29T01:00,27.4,87.0,0.0,0.0,0.0,0.89,100920.0,25.0,0.48,0.0,28.2,0.272,0,0,0,1.0,27.549207555532643,86.57780250746131,0.022970355153635554,31.984174039358034,0.21263964867239865,0.0,0.49418409658756746,0.0,0.0016600568722381249,1.3271330355786113e-07,0.3866644979777695,0.0,0.0,1.1691962319408535,lhs_candidate_000017_june2024_preflight,pa1_candidate_000017
2024-06-29T02:00,27.6,85.0,0.0,0.0,0.0,0.67,100890.0,24.9,0.54,0.0,28.1,0.271,0,0,0,1.0,27.58702855728691,85.70394539995908,0.022785934928680626,31.838916325992464,0.21261530621427435,0.0,0.5275223268843496,0.0,0.0011728801245433258,1.416112433112168e-07,0.3865142358905824,0.0,0.0,1.1687016750097865,lhs_candidate_000017_june2024_preflight,pa1_candidate_000017
2024-06-29T03:00,27.5,85.0,0.0,0.0,0.0,0.92,100900.0,24.7,0.56,0.0,28.0,0.271,0,0,0,1.0,27.58713341136405,85.0237040563735,0.022605211094477135,31.69990831505488,0.21258901002925723,0.0,0.552626517537143,0.0,0.0016603324520592505,1.4828806031288673e-07,0.3863519137608471,0.0,0.0,1.1688171066921267,lhs_candidate_000017_june2024_preflight,pa1_candidate_000017
2024-06-29T04:00,27.4,85.0,0.0,0.0,0.0,0.94,100910.0,24.7,0.54,0.0,27.8,0.27,0,0,0,1.0,27.496916760603938,84.95097145130269,0.022473875885684672,31.563780299693217,0.21256230058618747,0.0,0.5523909494115293,0.0,0.0017010042518445364,1.4816159558896256e-07,0.3861870406554782,0.0,0.0,1.1692837135099041,lhs_candidate_000017_june2024_preflight,pa1_candidate_000017
2024-06-29T05:00,27.3,86.0,0.0,0.0,0.0,0.92,100900.0,24.7,0.52,0.0,27.7,0.27,0,0,0,1.0,27.397850956851588,85.77347553545441,0.02256785086384911,31.429537161866346,0.21253634582754072,0.0,0.5191840506987786,0.0,0.0016687491790289546,1.3919711194592606e-07,0.38602682609593036,0.0,0.0,1.1695532176645607,lhs_candidate_000017_june2024_preflight,pa1_candidate_000017
2024-06-29T06:00,27.3,86.0,18.0,7.0,11.0,0.72,100960.0,24.8,0.51,0.01,27.6,0.269,1,0,0,1.0,27.400919679669887,86.56477779339784,0.02277990618725738,31.302358874784456,0.21248437074538787,1971.0063999999998,0.4903942089158684,15.299999999999999,0.0013461757523162024,4.3876666961784716e-07,0.3857059922554807,0.0,0.0,1.1702367417206407,lhs_candidate_000017_june2024_preflight,pa1_candidate_000017
2024-06-29T07:00,28.0,83.0,159.0,103.0,56.0,0.81,101000.0,24.7,0.66,0.11,28.4,0.269,0,0,0,1.0,28.15839325832285,88.90145593229794,0.024390048382379216,31.225166603678787,0.22017850326939387,15962.214399999997,0.4234018332467704,135.15,0.0015402215769782653,3.1770941305056576e-06,0.4332006374653943,0.0,0.0,1.167757305754739,lhs_candidate_000017_june2024_preflight,pa1_candidate_000017
2024-06-29T08:00,28.7,78.0,264.0,139.0,125.0,1.02,101070.0,24.6,0.85,0.2,29.1,0.267,0,0,0,1.0,29.251408192501493,84.17161033667196,0.024512629566510354,31.234650439173517,0.21942429481125766,27629.8,0.6433043883713174,224.4,0.0021296983144278446,5.200713156009044e-06,0.4285450296991214,0.0,0.0,1.164342916165266,lhs_candidate_000017_june2024_preflight,pa1_candidate_000017
2024-06-29T09:00,29.8,72.0,450.0,311.0,139.0,1.33,101050.0,24.2,1.16,0.34,30.2,0.265,0,1,0,1.0,30.73222402936516,75.10969795286148,0.023696744830735927,31.344895075320387,0.21817146213760327,44490.3536,1.101285306840718,382.5,0.004161280645610112,8.70626305053873e-06,0.4208114946765634,0.0,0.0,1.158439801205837,lhs_candidate_000017_june2024_preflight,pa1_candidate_000017
2024-06-29T10:00,30.7,68.0,632.0,372.0,260.0,1.65,101040.0,24.0,1.43,0.48,31.3,0.262,0,1,0,1.0,32.310481889261446,69.45617436645804,0.023841032195495885,31.579456817701594,0.21631504575448046,64763.42399999999,1.4779657336857812,537.1999999999999,0.0048903577660497745,1.187494970925413e-05,0.40935213428691647,0.0,0.0,1.1523403089038096,lhs_candidate_000017_june2024_preflight,pa1_candidate_000017
2024-06-29T11:00,31.7,63.0,895.0,784.0,111.0,2.16,100950.0,23.9,1.71,0.67,32.4,0.258,0,1,0,1.0,34.073339981909086,62.921913807562674,0.023702830164256953,31.954217859063252,0.21378593086732542,82665.2464,1.9803479473998715,760.75,0.005859510062384605,1.614442575804925e-05,0.3937403139958359,0.0,0.0,1.1447075988803466,lhs_candidate_000017_june2024_preflight,pa1_candidate_000017
2024-06-29T12:00,32.0,62.0,827.0,711.0,116.0,2.5,100870.0,23.8,1.79,0.63,32.9,0.255,0,1,0,1.0,34.782930986952074,59.287844782469826,0.023177503639084256,32.39825776836211,0.21103873301558526,76857.1584,2.2617933842250713,702.9499999999999,0.0064632109921210585,1.4388339174937143e-05,0.3767823025653411,0.0,0.0,1.1411647127616964,lhs_candidate_000017_june2024_preflight,pa1_candidate_000017
2024-06-29T13:00,32.5,60.0,941.0,830.0,111.0,2.82,100810.0,23.8,1.94,0.72,33.5,0.251,0,1,0,1.0,35.43005506558241,57.00949797638364,0.02304930204035853,32.852181888124406,0.2083350692523138,86713.2464,2.4752703321993965,799.85,0.006974206169276666,1.562197837629318e-05,0.36009302007601107,0.0,0.0,1.1380942032907122,lhs_candidate_000017_june2024_preflight,pa1_candidate_000017
2024-06-29T14:00,32.5,59.0,838.0,728.0,110.0,2.91,100740.0,23.4,2.01,0.65,33.7,0.248,0,1,0,1.0,35.51603767427072,55.05647893651999,0.022359122412661293,33.30658780197878,0.20572707924332634,77614.064,2.6000037036840316,712.3,0.007129367134896345,1.3384593227103675e-05,0.34399431631682925,0.0,0.0,1.1369871289076072,lhs_candidate_000017_june2024_preflight,pa1_candidate_000017
2024-06-29T15:00,32.2,60.0,681.0,555.0,126.0,3.01,100670.0,23.5,1.92,0.53,33.5,0.245,0,1,0,1.0,34.89806084558296,55.81079794765367,0.021949451495565726,33.676729508834285,0.20357781883600937,64360.98239999999,2.470653173488073,578.85,0.007213936102640055,1.0539657498710386e-05,0.33072727676548996,0.0,0.0,1.1384764151709588,lhs_candidate_000017_june2024_preflight,pa1_candidate_000017
2024-06-29T16:00,31.5,63.0,474.0,383.0,91.0,3.13,100620.0,23.6,1.71,0.38,32.9,0.243,0,1,0,1.0,33.710051001819956,58.736428002977924,0.021708406366861513,33.925452385943025,0.20198363418785295,44913.5984,2.1597291462172046,402.9,0.00729795032133173,7.2157702750895046e-06,0.32088663078921575,0.0,0.0,1.1423163920670427,lhs_candidate_000017_june2024_preflight,pa1_candidate_000017
2024-06-29T17:00,30.8,68.0,292.0,207.0,85.0,2.19,100650.0,24.1,1.44,0.23,32.2,0.241,0,1,0,1.0,32.417490188912886,64.56527794896753,0.022288465474988625,34.04084974455205,0.20093705526163483,28686.504,1.7249997124705048,248.2,0.005687208349929217,4.441822075709771e-06,0.3144262670471286,0.0,0.0,1.1474904530003964,lhs_candidate_000017_june2024_preflight,pa1_candidate_000017
2024-06-29T18:00,29.9,74.0,91.0,59.0,32.0,1.77,100720.0,24.6,1.11,0.08,31.2,0.24,1,1,0,1.0,30.93250633484503,70.95088301677745,0.02262676564577582,34.02678011275317,0.20040054716295352,9133.836800000001,1.3000520814938215,77.35,0.004855862615080511,1.5344389720439796e-06,0.31111448866020697,0.0,0.0,1.153896164310765,lhs_candidate_000017_june2024_preflight,pa1_candidate_000017
2024-06-29T19:00,29.2,78.0,1.0,0.0,1.0,1.58,100870.0,24.9,0.9,0.02,30.4,0.24,0,0,0,1.0,29.70490330983109,76.22823984909826,0.022752558443594594,33.90775440660796,0.2082424970700587,123.18239999999999,0.9917038546588146,0.85,0.0029607370735845414,2.6354550805624813e-07,0.35952158685221425,0.0,0.0,1.160298845748242,lhs_candidate_000017_june2024_preflight,pa1_candidate_000017
2024-06-29T20:00,28.8,80.0,0.0,0.0,0.0,1.3,100960.0,25.1,0.78,0.01,29.9,0.239,0,0,0,1.0,29.05981842087622,79.15058367532495,0.02281134009831396,33.74715907617251,0.20820038933966978,0.0,0.8380517831990759,0.0,0.002392516207251632,2.0910919299485667e-07,0.3592616625905542,0.0,0.0,1.1638130448735378,lhs_candidate_000017_june2024_preflight,pa1_candidate_000017
2024-06-29T21:00,28.5,82.0,0.0,0.0,0.0,1.22,101020.0,25.1,0.71,0.0,29.5,0.239,0,0,0,1.0,28.700673981020408,81.32143340088628,0.02298245115831029,33.57950814356836,0.20816515746081937,0.0,0.7353578302921,0.0,0.0022291478018422813,1.8337410658213493e-07,0.3590441818569097,0.0,0.0,1.1658902302385825,lhs_candidate_000017_june2024_preflight,pa1_candidate_000017
2024-06-29T22:00,28.3,84.0,0.0,0.0,0.0,1.12,101050.0,25.2,0.63,0.0,29.2,0.239,0,0,0,1.0,28.45832610956285,83.41989627745518,0.02326527478635005,33.40962099191463,0.2081342662691954,0.0,0.6436367239717544,0.0,0.0020396668985802114,1.6041663153097453e-07,0.35885349548886053,0.0,0.0,1.167173558287932,lhs_candidate_000017_june2024_preflight,pa1_candidate_000017
2024-06-29T23:00,28.0,85.0,0.0,0.0,0.0,1.21,101080.0,25.3,0.55,0.0,29.0,0.239,0,0,0,1.0,28.19531759664339,84.39104411480722,0.023199541300013112,33.23906216433194,0.20810651708981773,0.0,0.5967508471044027,0.0,0.0022098493550683817,1.4866004854130686e-07,0.35868220425813413,0.0,0.0,1.1685390614732083,lhs_candidate_000017_june2024_preflight,pa1_candidate_000017
2024-06-30T00:00,27.8,87.0,0.0,0.0,0.0,1.17,101070.0,25.3,0.5,0.0,28.8,0.238,0,0,0,1.0,27.9615285520238,86.32757706825366,0.023429406514282672,33.067288438179276,0.20808153521411207,0.0,0.5156515277036711,0.0,0.0021240328320573966,1.2840170110347412e-07,0.35852799514884,0.0,0.0,1.1693306435675284,lhs_candidate_000017_june2024_preflight,pa1_candidate_000017
2024-06-30T01:00,27.6,87.0,0.0,0.0,0.0,1.0,101030.0,25.2,0.48,0.0,28.6,0.238,0,0,0,1.0,27.75997464294876,86.6179535691533,0.023249219352578104,32.8955863575906,0.20805895927159185,0.0,0.4988055510369942,0.0,0.0018452588000641736,1.2415862838288244e-07,0.35838863747896205,0.0,0.0,1.1696507878790523,lhs_candidate_000017_june2024_preflight,pa1_candidate_000017
2024-06-30T02:00,27.5,87.0,0.0,0.0,0.0,0.99,100980.0,25.1,0.49,0.0,28.4,0.238,0,0,0,1.0,27.620236157523365,86.75013591202715,0.023106304344953782,32.72485489360519,0.20803684198860659,0.0,0.4898671432854713,0.0,0.0018006658741718843,1.2188730240865168e-07,0.3582521110407814,0.0,0.0,1.1696150780545054,lhs_candidate_000017_june2024_preflight,pa1_candidate_000017
2024-06-30T03:00,27.4,87.0,0.0,0.0,0.0,0.86,100910.0,25.0,0.49,0.0,28.3,0.238,0,0,0,1.0,27.51571894380582,86.80692893341391,0.022988682860664036,32.556609974019565,0.2080150228808116,0.0,0.4847984450036531,0.0,0.0015848713438032672,1.2058077408621423e-07,0.3581174251901952,0.0,0.0,1.1692105921488334,lhs_candidate_000017_june2024_preflight,pa1_candidate_000017
2024-06-30T04:00,27.3,87.0,0.0,0.0,0.0,0.94,100890.0,24.9,0.49,0.0,28.2,0.238,0,0,0,1.0,27.414338126069687,86.79706398314198,0.022857945506721086,32.391125918997986,0.20799338478528814,0.0,0.48229397050150036,0.0,0.0017142919221012677,1.1991311121997128e-07,0.35798385669930954,0.0,0.0,1.169373157187213,lhs_candidate_000017_june2024_preflight,pa1_candidate_000017
2024-06-30T05:00,27.2,87.0,0.0,0.0,0.0,1.06,100940.0,24.8,0.48,0.0,28.0,0.237,0,0,0,1.0,27.31280082979114,86.76976578961043,0.02272308903648079,32.22833319146489,0.2079718462345108,0.0,0.4804286452950879,0.0,0.0019111114022689023,1.1940497092989458e-07,0.3578509026821654,0.0,0.0,1.17034805547695,lhs_candidate_000017_june2024_preflight,pa1_candidate_000017
2024-06-30T06:00,27.2,87.0,19.0,9.0,10.0,0.94,100970.0,24.9,0.46,0.01,28.0,0.237,1,0,0,1.0,27.317875154773283,87.24908984365996,0.022855014219701583,32.07374167129494,0.20792367008623705,2023.824,0.46316051420923765,16.15,0.0017170017049499943,4.158094883245828e-07,0.35755351905084604,0.0,0.0,1.1706761194429751,lhs_candidate_000017_june2024_preflight,pa1_candidate_000017
2024-06-30T07:00,28.1,82.0,180.0,129.0,51.0,0.72,101010.0,24.7,0.69,0.12,28.7,0.237,0,0,0,1.0,28.249627667342505,88.79776392505896,0.024483745151459742,31.9768051369979,0.21560401956774974,17634.3024,0.4296303549048921,153.0,0.001392043788332354,3.348287533635367e-06,0.40496308375154166,0.0,0.0,1.1675194072814181,lhs_candidate_000017_june2024_preflight,pa1_candidate_000017
2024-06-30T08:00,29.5,73.0,405.0,330.0,75.0,0.32,101060.0,24.2,1.1,0.28,30.0,0.235,0,1,0,1.0,30.15438651377688,82.80649781045236,0.02532429032064453,32.012116808286244,0.21464332016782153,38278.68,0.7360166034584061,344.25,0.0028005521823905952,7.3594019660308455e-06,0.39903284054210825,0.0,0.0,1.1607616506230816,lhs_candidate_000017_june2024_preflight,pa1_candidate_000017
2024-06-30T09:00,30.8,66.0,617.0,529.0,88.0,0.22,101050.0,23.7,1.5,0.45,31.4,0.233,0,1,0,1.0,32.24287788450126,70.74755349420447,0.024197252010436408,32.20276501699092,0.21298352610757823,57392.0512,1.4100919236882636,524.4499999999999,0.003348032997246604,1.1001840147659587e-05,0.38878719819492735,0.0,0.0,1.1527094725755258,lhs_candidate_000017_june2024_preflight,pa1_candidate_000017
2024-06-30T10:00,31.9,61.0,775.0,666.0,109.0,0.22,100980.0,23.4,1.85,0.58,32.6,0.23,0,1,0,1.0,34.07595111941565,63.82295489235743,0.02404554377333481,32.525898756336815,0.2107848330545793,72034.88160000001,1.9325039466629463,658.75,0.0037724914496698137,1.3378792972861028e-05,0.37521501885542774,0.0,0.0,1.1450380475935715,lhs_candidate_000017_june2024_preflight,pa1_candidate_000017
2024-06-30T11:00,32.6,59.0,871.0,744.0,127.0,0.58,100890.0,23.5,2.02,0.66,33.6,0.227,0,1,0,1.0,35.38377692508952,59.46881515821296,0.023985978959840563,32.93955577469816,0.20827644408050697,81116.1648,2.32772613722525,740.35,0.004227749505974823,1.4454485497923625e-05,0.35973113629942577,0.0,0.0,1.1391682055533998,lhs_candidate_000017_june2024_preflight,pa1_candidate_000017
2024-06-30T12:00,33.0,59.0,904.0,699.0,205.0,1.35,100790.0,23.9,2.08,0.7,34.2,0.223,0,1,0,1.0,36.11328022560811,56.971828230088285,0.023862593711452648,33.3965122783442,0.20568080686560034,86764.39199999999,2.5722338414519674,768.4,0.005038262887405519,1.4371248790952783e-05,0.3437086843555576,0.0,0.0,1.135354631795757,lhs_candidate_000017_june2024_preflight,pa1_candidate_000017
2024-06-30T13:00,32.6,60.0,765.0,560.0,205.0,2.08,100760.0,24.0,1.95,0.6,34.2,0.221,0,1,0,1.0,35.7136310532788,55.87241880815391,0.02292384715721252,33.819128834599454,0.2033336296606127,74532.39199999999,2.580706596575723,650.25,0.0059511372698924404,1.1741224023931033e-05,0.3292199361766216,0.0,0.0,1.1364853318673203,lhs_candidate_000017_june2024_preflight,pa1_candidate_000017
2024-06-30T14:00,31.9,64.0,738.0,536.0,202.0,2.16,100720.0,24.1,1.71,0.57,34.0,0.222,0,1,0,1.0,34.927558313857375,59.08763701413633,0.023273890230017087,34.171024193374464,0.201301289037097,72050.84479999999,2.291177269907327,627.3,0.006039674219474781,1.0851559635301008e-05,0.3166746236857839,0.0,0.0,1.1389328051487577,lhs_candidate_000017_june2024_preflight,pa1_candidate_000017
2024-06-30T15:00,31.3,68.0,483.0,311.0,172.0,0.61,100700.0,24.8,1.44,0.37,33.3,0.221,0,1,0,1.0,33.777678340116104,64.14076574205247,0.0237901533116354,34.42088376994576,0.19970293904175293,48555.3728,1.8839608403065062,410.55,0.0041134285051752095,6.962686647460072e-06,0.30680826568983294,0.0,0.0,1.1429727202128164,lhs_candidate_000017_june2024_preflight,pa1_candidate_000017
2024-06-30T16:00,31.2,69.0,323.0,196.0,127.0,0.51,100690.0,24.8,1.41,0.25,32.9,0.219,0,1,0,1.0,32.835260732597725,66.93720782090689,0.02362438891226283,34.53522278948465,0.19866151139171517,32892.1648,1.6478008811420795,274.55,0.0036149760978248704,4.639575257300343e-06,0.3003796999488591,0.0,0.0,1.1463791603712696,lhs_candidate_000017_june2024_preflight,pa1_candidate_000017
2024-06-30T17:00,31.0,70.0,231.0,157.0,74.0,1.03,100730.0,24.8,1.36,0.18,32.4,0.219,0,1,0,1.0,32.19466507457185,68.26506015649458,0.02328843853888163,34.56674032898027,0.19794431853793484,22931.4976,1.5256032828950157,196.35,0.003884905306200937,3.3405380633662415e-06,0.29595258356749904,0.0,0.0,1.1492405631009404,lhs_candidate_000017_june2024_preflight,pa1_candidate_000017
2024-06-30T18:00,30.4,75.0,93.0,60.0,33.0,0.5,100750.0,25.4,1.1,0.06,31.6,0.218,1,1,0,1.0,31.279891234985506,72.88774896468783,0.02368130279504396,34.523908847522335,0.19751268970681446,9345.0192,1.237586684056739,79.05,0.003122923172391769,1.4597658726930183e-06,0.29328820806675593,0.0,0.0,1.152922755643675,lhs_candidate_000017_june2024_preflight,pa1_candidate_000017
2024-06-30T19:00,29.9,78.0,1.0,0.0,1.0,0.72,100830.0,25.6,0.93,0.0,30.8,0.218,0,0,0,1.0,30.336580236704236,76.75045052707272,0.023704082477782266,34.402659369748235,0.20536172206656877,123.18239999999999,1.0056988534321527,0.85,0.0016353225235895084,2.538317777561932e-07,0.3417390251022764,0.0,0.0,1.1574246410502749,lhs_candidate_000017_june2024_preflight,pa1_candidate_000017
2024-06-30T20:00,29.5,81.0,0.0,0.0,0.0,0.92,100920.0,25.8,0.79,0.0,30.3,0.217,0,0,0,1.0,29.757804309727554,80.08034683385546,0.023970928902164686,34.24360048364443,0.2053212662496112,0.0,0.8335331162318149,0.0,0.0017876109220683297,1.9769302766372966e-07,0.3414892978371062,0.0,0.0,1.1606712518441338,lhs_candidate_000017_june2024_preflight,pa1_candidate_000017
2024-06-30T21:00,29.1,83.0,0.0,0.0,0.0,1.02,100990.0,26.0,0.68,0.0,30.0,0.217,0,0,0,1.0,29.341360227734906,82.20393563592319,0.024056933840269107,34.07738667049136,0.20528809962468517,0.0,0.7270366618156254,0.0,0.0019323325833555016,1.723313758663092e-07,0.34128456558447634,0.0,0.0,1.1630753358091557,lhs_candidate_000017_june2024_preflight,pa1_candidate_000017
2024-06-30T22:00,28.9,85.0,0.0,0.0,0.0,1.08,101000.0,26.1,0.59,0.0,29.7,0.217,0,0,0,1.0,29.06256784470311,84.37345613309495,0.02432022217398304,33.9073447551433,0.20525925803199593,0.0,0.6282158082536822,0.0,0.0019766962824579403,1.4882993481374978e-07,0.3411065310617033,0.0,0.0,1.1642635513869,lhs_candidate_000017_june2024_preflight,pa1_candidate_000017
2024-06-30T23:00,28.6,87.0,0.0,0.0,0.0,1.03,100990.0,26.2,0.51,0.0,29.4,0.217,0,0,0,1.0,28.796538458571305,86.23251126615641,0.024498244569708207,33.73626728926053,0.2052342451574965,0.0,0.5450300184532346,0.0,0.001918403330830966,1.29064031622403e-07,0.34095213060183027,0.0,0.0,1.165173948250156,lhs_candidate_000017_june2024_preflight,pa1_candidate_000017
