timestamp,temperature_outside,humidity_outside,shortwave_radiation,direct_radiation,diffuse_radiation,wind_speed,surface_pressure,dew_point_outside,vpd_outside_reference,et0_outside_reference,external_soil_temperature_context,external_soil_moisture_context,pump_state,fan_state,grow_light_state,vent_state,temperature_inside_true,humidity_inside_true,vapor_density_inside_true,soil_temperature_inside_true,soil_moisture_inside_true,light_lux_inside_true,vpd_inside,solar_inside,ventilation_rate_m3_s,evapotranspiration_rate_kg_s,water_stress_coefficient,condensation_rate_kg_s,drainage_rate_m3_s,air_density,simulation_id,parameter_set_id
2024-06-01T00:00,29.6,83.0,0.0,0.0,0.0,0.81,100950.0,26.4,0.72,0.0,29.8,0.176,0,0,0,1.0,29.6,83.00000000000001,0.024633318950427478,29.6,0.4,0.0,0.7049358805204089,0.0,0.0012730103251668184,5.102669900962175e-07,1.0,0.0,0.0,1.1616214428759424,lhs_candidate_000004_june2024_preflight,pa1_candidate_000004
2024-06-01T01:00,29.3,84.0,0.0,0.0,0.0,1.1,100880.0,26.4,0.63,0.0,29.6,0.176,0,0,0,1.0,29.394861633608194,84.54260324083643,0.024813357071302278,29.582849598655926,0.39991470195113393,0.0,0.6334433043548926,0.0,0.001786394670369971,4.585171747409946e-07,1.0,0.0,0.0,1.1616030428623894,lhs_candidate_000004_june2024_preflight,pa1_candidate_000004
2024-06-01T02:00,28.9,85.0,0.0,0.0,0.0,1.0,100820.0,26.1,0.59,0.0,29.4,0.176,0,0,0,1.0,29.051088236259446,85.32349366567682,0.024578696005292836,29.559645864531785,0.3998348393259452,0.0,0.5896314281856472,0.0,0.0016712029144771673,4.268040008182185e-07,1.0,0.0,0.0,1.162232773904067,lhs_candidate_000004_june2024_preflight,pa1_candidate_000004
2024-06-01T03:00,28.7,86.0,0.0,0.0,0.0,0.9,100780.0,26.1,0.54,0.0,29.2,0.176,0,0,0,1.0,28.783314208633772,86.51764301383182,0.024561518406450916,29.52952537369709,0.3997618046808065,0.0,0.5333337826332505,0.0,0.001476116469410326,3.8605301772977365e-07,1.0,0.0,0.0,1.1628019963027536,lhs_candidate_000004_june2024_preflight,pa1_candidate_000004
2024-06-01T04:00,28.7,86.0,0.0,0.0,0.0,0.92,100820.0,26.1,0.55,0.0,28.8,0.176,0,0,0,1.0,28.69789554268069,86.9251193846148,0.024562395740974206,29.49613826746107,0.3996939778439109,0.0,0.5146630841960631,0.0,0.00144744472628874,3.725382550998667e-07,1.0,0.0,0.0,1.1635927042863632,lhs_candidate_000004_june2024_preflight,pa1_candidate_000004
2024-06-01T05:00,28.6,86.0,0.0,0.0,0.0,1.02,100840.0,26.1,0.53,0.0,28.5,0.176,0,0,0,1.0,28.62915056498794,86.77661778829761,0.024428531827864725,29.46239417832443,0.3996266821833034,0.0,0.5184395625761349,0.0,0.0016223942678744326,3.7527185443763927e-07,1.0,0.0,0.0,1.164088647849708,lhs_candidate_000004_june2024_preflight,pa1_candidate_000004
2024-06-01T06:00,28.6,86.0,19.0,2.0,17.0,1.02,100900.0,26.0,0.54,0.02,28.5,0.176,1,0,0,1.0,28.6177726828996,88.28006870683079,0.02483632404198518,29.432309156328337,0.39948369431243597,2270.1007999999997,0.4591919685194199,16.15,0.001614871954447288,1.2091474117866631e-06,1.0,0.0,0.0,1.1648251999331987,lhs_candidate_000004_june2024_preflight,pa1_candidate_000004
2024-06-01T07:00,29.0,84.0,156.0,58.0,98.0,1.02,100980.0,26.1,0.62,0.11,29.7,0.175,0,0,0,1.0,29.04583340205144,97.28418142975526,0.028016130613656865,29.439439014317216,0.4092654136783136,17175.875200000002,0.10907541035811974,132.6,0.0016333204704557871,7.2776304052738615e-06,1.0,2.2257091924086316e-06,0.0,1.1640974638185255,lhs_candidate_000004_june2024_preflight,pa1_candidate_000004
2024-06-01T08:00,30.2,75.0,326.0,146.0,180.0,0.71,101020.0,25.4,1.06,0.24,30.6,0.175,0,0,0,1.0,30.222019370676506,100.0,0.030694347857600272,29.528099326067572,0.40726176070222897,35020.831999999995,0.0,277.09999999999997,0.0011366620869796105,1.5043387653705363e-05,1.0,9.44189442955575e-06,0.0,1.160043541640544,lhs_candidate_000004_june2024_preflight,pa1_candidate_000004
2024-06-01T09:00,31.6,66.0,535.0,311.0,224.0,0.32,101030.0,24.6,1.55,0.4,32.0,0.173,0,0,0,1.0,31.891209880774863,100.0,0.03356826007997003,29.72642348797216,0.40368595668601537,54960.857599999996,0.0,454.75,0.0009325046510489635,2.4687768082001134e-05,1.0,4.547442218697037e-06,0.0,1.153809969018133,lhs_candidate_000004_june2024_preflight,pa1_candidate_000004
2024-06-01T10:00,32.7,61.0,673.0,368.0,305.0,0.2,100990.0,24.1,1.93,0.52,33.3,0.172,0,1,0,1.0,33.396561569748435,91.18458411114732,0.03314974652788813,30.028852638839798,0.398642087953835,69954.632,0.4533877177276411,572.05,0.0026405108281933013,3.138401204103775e-05,1.0,0.0,0.0,1.1476894034454583,lhs_candidate_000004_june2024_preflight,pa1_candidate_000004
2024-06-01T11:00,33.3,58.0,730.0,349.0,381.0,0.86,100950.0,23.9,2.15,0.57,34.3,0.17,0,1,0,1.0,34.33945570716026,81.86078613557207,0.03126967336961033,30.39146683121548,0.3927210672819782,77644.49440000001,0.9832587686967837,620.5,0.0033914803081034565,3.439784413596651e-05,1.0,0.0,0.0,1.1437169155017053,lhs_candidate_000004_june2024_preflight,pa1_candidate_000004
2024-06-01T12:00,33.6,57.0,685.0,331.0,354.0,1.64,100940.0,23.9,2.23,0.55,34.7,0.169,0,1,0,1.0,34.717728959617546,73.2352595210462,0.028532854386104103,30.761015229524656,0.38668121108150627,72734.5696,1.4815759008637155,582.25,0.004386954806208157,3.268200915278849e-05,1.0,0.0,0.0,1.1421984885607446,lhs_candidate_000004_june2024_preflight,pa1_candidate_000004
2024-06-01T13:00,33.3,58.0,601.0,271.0,330.0,1.64,100890.0,23.9,2.16,0.49,34.8,0.167,0,1,0,1.0,34.51232614922795,71.49229743686668,0.027556857356314128,31.095271566092617,0.38113938453679036,64498.191999999995,1.5601942687066543,510.84999999999997,0.004420154171964479,2.8862706648208704e-05,1.0,0.0,0.0,1.14239488926535,lhs_candidate_000004_june2024_preflight,pa1_candidate_000004
2024-06-01T14:00,33.5,57.0,537.0,197.0,340.0,1.7,100790.0,23.8,2.24,0.45,34.8,0.166,0,1,0,1.0,34.41226338587549,69.86679048256707,0.026789900657268356,31.38390709463156,0.3762061532343774,59218.015999999996,1.6400249489047423,456.45,0.0043979094284722475,2.5967188892489277e-05,1.0,0.0,0.0,1.1416338720591506,lhs_candidate_000004_june2024_preflight,pa1_candidate_000004
2024-06-01T15:00,33.2,59.0,342.0,78.0,264.0,0.72,100790.0,24.0,2.1,0.28,34.3,0.164,0,1,0,1.0,34.03129256702991,70.93602425235821,0.026662950730581596,31.606758850932085,0.3723463507579653,39384.1536,1.548684164100814,290.7,0.003129142075336347,1.6902726599477175e-05,1.0,0.0,0.0,1.1430497434080389,lhs_candidate_000004_june2024_preflight,pa1_candidate_000004
2024-06-01T16:00,32.6,61.0,222.0,33.0,189.0,0.71,100770.0,24.1,1.93,0.19,33.7,0.164,0,1,0,1.0,33.30178329982829,69.51478532447263,0.025145912537482707,31.744568797892963,0.3698016385021987,26185.473599999998,1.5596003741121307,188.7,0.0030394479291311486,1.1373184976865049e-05,1.0,0.0,0.0,1.1455434182683553,lhs_candidate_000004_june2024_preflight,pa1_candidate_000004
2024-06-01T17:00,32.3,62.0,145.0,34.0,111.0,0.71,100740.0,24.2,1.82,0.13,33.1,0.163,0,0,0,1.0,32.73728808951033,75.31225681925429,0.02644279212871136,31.821612842967156,0.3680873036131578,16665.2464,1.2236470695054842,123.25,0.0014725885679329298,7.576812791619416e-06,1.0,0.0,0.0,1.1473157781694403,lhs_candidate_000004_june2024_preflight,pa1_candidate_000004
2024-06-01T18:00,31.9,66.0,41.0,9.0,32.0,0.61,100810.0,24.7,1.61,0.05,32.4,0.163,1,0,0,1.0,32.192348261450185,72.98776495684619,0.024896510288211233,31.847083733538895,0.36715232040984264,4733.8368,1.2983975241149035,34.85,0.0012399673833909859,2.831803284674325e-06,1.0,0.0,0.0,1.1501620195196705,lhs_candidate_000004_june2024_preflight,pa1_candidate_000004
2024-06-01T19:00,31.2,70.0,0.0,0.0,0.0,1.0,100940.0,25.1,1.35,0.03,31.7,0.162,0,0,0,1.0,31.48470050047746,71.07775542342391,0.023347594950542932,31.827392429908297,0.377355527051531,0.0,1.3356464585822017,0.0,0.0017531804547556897,9.668060841934698e-07,1.0,0.0,0.0,1.1543204175906185,lhs_candidate_000004_june2024_preflight,pa1_candidate_000004
2024-06-01T20:00,30.7,74.0,0.0,0.0,0.0,1.1,100990.0,25.5,1.14,0.01,31.1,0.162,0,0,0,1.0,30.89040996520207,74.4159813197228,0.02367824454284666,31.783986046103887,0.37719337430544786,0.0,1.142233956277828,0.0,0.0018420640269819967,8.268046767960021e-07,1.0,0.0,0.0,1.1571496052663115,lhs_candidate_000004_june2024_preflight,pa1_candidate_000004
2024-06-01T21:00,30.2,78.0,0.0,0.0,0.0,1.2,101050.0,25.8,0.96,0.01,30.7,0.162,0,0,0,1.0,30.394064813022897,78.08845755214732,0.024192171395934197,31.729568009125696,0.3770571602278255,0.0,0.9509428286461064,0.0,0.0019924192752257103,6.883388239063872e-07,1.0,0.0,0.0,1.1597303456136046,lhs_candidate_000004_june2024_preflight,pa1_candidate_000004
2024-06-01T22:00,29.7,82.0,0.0,0.0,0.0,1.1,101080.0,26.2,0.77,0.0,30.2,0.162,0,0,0,1.0,29.908448405550303,81.84067745295383,0.02469843638834696,31.665356135041108,0.3769453642613739,0.0,0.7664749883752027,0.0,0.0018528240635292208,5.548119993743528e-07,1.0,0.0,0.0,1.1619335361095267,lhs_candidate_000004_june2024_preflight,pa1_candidate_000004
2024-06-01T23:00,29.2,85.0,0.0,0.0,0.0,1.3,101060.0,26.4,0.61,0.0,29.6,0.162,0,0,0,1.0,29.42123142098786,84.64892102315109,0.024880166287398513,31.591718231324215,0.37685473282708115,0.0,0.6300428626072283,0.0,0.0021555864456183306,4.5605576906776203e-07,1.0,0.0,0.0,1.1635742720070508,lhs_candidate_000004_june2024_preflight,pa1_candidate_000004
2024-06-02T00:00,28.8,87.0,0.0,0.0,0.0,1.2,101050.0,26.5,0.5,0.0,29.1,0.162,0,0,0,1.0,28.992519946784995,86.75674659157947,0.02491196358117397,31.50941030280449,0.37677947087343405,0.0,0.5302527683578191,0.0,0.0019920711619750707,3.838228292485075e-07,1.0,0.0,0.0,1.1651099727921999,lhs_candidate_000004_june2024_preflight,pa1_candidate_000004
2024-06-02T01:00,28.4,89.0,0.0,0.0,0.0,1.12,100980.0,26.4,0.42,0.0,28.8,0.162,0,0,0,1.0,28.598182025897817,88.65270841758192,0.02491447437671551,31.42007252125018,0.3767160593396754,0.0,0.4440872488269103,0.0,0.0018768529566887875,3.2145202146857813e-07,1.0,0.0,0.0,1.1658244330687018,lhs_candidate_000004_june2024_preflight,pa1_candidate_000004
2024-06-02T02:00,28.4,91.0,0.0,0.0,0.0,1.14,100950.0,26.7,0.35,0.0,28.5,0.162,0,0,0,1.0,28.444755490302345,91.00130888525983,0.02536084523408419,31.326361601327083,0.37666466942308685,0.0,0.3490526343946492,0.0,0.0018181974070897856,2.5266133000100076e-07,1.0,0.0,0.0,1.1660709791155492,lhs_candidate_000004_june2024_preflight,pa1_candidate_000004
2024-06-02T03:00,28.4,89.0,0.0,0.0,0.0,1.04,100940.0,26.5,0.41,0.0,28.3,0.162,0,0,0,1.0,28.42758381483166,89.77974331859144,0.02499691270836128,31.23397663568175,0.3766171168752761,0.0,0.39604139372508396,0.0,0.0016524564809072167,2.866740869828073e-07,1.0,0.0,0.0,1.1660218582764907,lhs_candidate_000004_june2024_preflight,pa1_candidate_000004
2024-06-02T04:00,28.3,89.0,0.0,0.0,0.0,1.04,100970.0,26.4,0.4,0.0,28.1,0.162,0,0,0,1.0,28.36394515439112,89.4038301997244,0.02480569180090584,31.14353439081651,0.376564137453174,0.0,0.40909411890679825,0.0,0.0016758642507995385,2.961222864220379e-07,1.0,0.0,0.0,1.16661458534978,lhs_candidate_000004_june2024_preflight,pa1_candidate_000004
2024-06-02T05:00,28.0,90.0,0.0,0.0,0.0,1.12,101060.0,26.2,0.38,0.0,27.9,0.162,0,0,0,1.0,28.14955791482085,89.89732545564544,0.024651317378511856,31.05266229287861,0.3765120264544541,0.0,0.3852121034303151,0.0,0.0018490452147392768,2.7883531821491527e-07,1.0,0.0,0.0,1.1684852867606377,lhs_candidate_000004_june2024_preflight,pa1_candidate_000004
2024-06-02T06:00,28.0,91.0,19.0,4.0,15.0,1.36,101020.0,26.4,0.34,0.02,28.1,0.162,1,0,0,1.0,28.06558119297902,92.24783889185368,0.025179599197900478,30.964077139011764,0.376388847751267,2199.736,0.2941470793389347,16.15,0.0021700486837994866,1.0896798670637048e-06,1.0,0.0,0.0,1.1683484313513532,lhs_candidate_000004_june2024_preflight,pa1_candidate_000004
2024-06-02T07:00,30.2,77.0,168.0,87.0,81.0,1.21,101070.0,25.6,1.0,0.13,30.3,0.162,0,0,0,1.0,29.565454878500997,91.04737235195299,0.026971095983059582,30.926010918324494,0.38612040944501735,17633.7744,0.37049981843291535,142.79999999999998,0.0022294118953877363,8.020606479754515e-06,1.0,0.0,0.0,1.1631349896180885,lhs_candidate_000004_june2024_preflight,pa1_candidate_000004
2024-06-02T08:00,31.3,68.0,350.0,181.0,169.0,0.98,101090.0,24.7,1.45,0.27,31.3,0.161,0,0,0,1.0,31.32146815862007,96.93020234780633,0.03156287424359611,31.00038973009626,0.3839286855892753,36745.8256,0.14045767717177426,297.5,0.0015549002803058754,1.625254643618116e-05,1.0,4.4596392619349325e-07,0.0,1.1566555443436368,lhs_candidate_000004_june2024_preflight,pa1_candidate_000004
2024-06-02T09:00,32.0,65.0,510.0,248.0,262.0,0.73,101090.0,24.5,1.68,0.39,32.5,0.16,0,1,0,1.0,32.55024827841244,88.38228959425861,0.030725867848580862,31.177661222327963,0.38034577898845506,54097.788799999995,0.5698059156901696,433.5,0.0029633509510066333,2.3946587386897504e-05,1.0,0.0,0.0,1.152006299384429,lhs_candidate_000004_june2024_preflight,pa1_candidate_000004
2024-06-02T10:00,33.0,61.0,705.0,426.0,279.0,0.32,101060.0,24.4,1.98,0.54,33.9,0.159,0,1,0,1.0,33.783757707979554,89.80950727892495,0.0333214625550283,31.45014133742127,0.3752228033568805,71855.8896,0.5355663552570862,599.25,0.002768140699472954,3.292014849790135e-05,1.0,0.0,0.0,1.1470360997760005,lhs_candidate_000004_june2024_preflight,pa1_candidate_000004
2024-06-02T11:00,34.0,57.0,821.0,573.0,248.0,0.14,100970.0,24.3,2.27,0.64,35.2,0.157,0,1,0,1.0,35.048755006512216,87.27284127629405,0.034593148124860716,31.808748975864393,0.3688047999851871,80973.23520000001,0.7175381837937742,697.85,0.002887701213505132,3.840473045184733e-05,1.0,0.0,0.0,1.1413107950291161,lhs_candidate_000004_june2024_preflight,pa1_candidate_000004
2024-06-02T12:00,34.6,55.0,860.0,673.0,187.0,0.8,100910.0,24.2,2.48,0.68,36.1,0.155,0,1,0,1.0,35.91123977317351,79.91436123576462,0.0331247238624666,32.21430486011612,0.36169963226511326,82259.1088,1.187488273420498,731.0,0.0034676572502685393,4.054457233468979e-05,1.0,0.0,0.0,1.1374494697010393,lhs_candidate_000004_june2024_preflight,pa1_candidate_000004
2024-06-02T13:00,34.8,55.0,913.0,742.0,171.0,0.82,100810.0,24.4,2.5,0.72,36.7,0.154,0,1,0,1.0,36.35732901611357,78.79037724231205,0.033418995125497744,32.64193285275184,0.3541721349158972,86360.1904,1.2849783010060003,776.05,0.003604951802037356,4.306084450176766e-05,1.0,0.0,0.0,1.1346845098552878,lhs_candidate_000004_june2024_preflight,pa1_candidate_000004
2024-06-02T14:00,34.6,56.0,656.0,386.0,270.0,0.92,100820.0,24.6,2.42,0.53,36.4,0.153,0,1,0,1.0,36.0451887841758,73.08710227284213,0.030505088833271746,33.01726576709678,0.3474655462527549,67227.248,1.6028631494654917,557.6,0.003649359259134336,3.143158731582855e-05,1.0,0.0,0.0,1.1359426724547754,lhs_candidate_000004_june2024_preflight,pa1_candidate_000004
2024-06-02T15:00,32.6,66.0,461.0,246.0,215.0,1.2,100830.0,25.5,1.67,0.37,35.5,0.161,0,1,0,1.0,34.34980696024642,74.74340413327658,0.02856638972609844,33.26612338313034,0.3426264575008606,48132.216,1.3698526406723763,391.84999999999997,0.004078207828188876,2.226457756333069e-05,1.0,0.0,0.0,1.1423189161203413,lhs_candidate_000004_june2024_preflight,pa1_candidate_000004
2024-06-02T16:00,31.5,71.0,398.0,260.0,138.0,1.0,100840.0,25.6,1.34,0.3,34.3,0.165,0,1,0,1.0,32.795397872165694,81.04013862815361,0.0285415365456776,33.41242981317203,0.3389110930630691,39879.1712,0.9428182105077738,338.3,0.003670322496677589,1.904831146740193e-05,1.0,0.0,0.0,1.148236534276009,lhs_candidate_000004_june2024_preflight,pa1_candidate_000004
2024-06-02T17:00,30.9,73.0,171.0,95.0,76.0,0.42,100820.0,25.5,1.21,0.13,33.2,0.165,0,1,0,1.0,31.68690492805626,79.86644444376428,0.02651931682192183,33.46474932514026,0.3364286531007893,17721.862399999998,0.9404976342820723,145.35,0.0028391061013267258,8.571634796576622e-06,1.0,0.0,0.0,1.152183358968783,lhs_candidate_000004_june2024_preflight,pa1_candidate_000004
2024-06-02T18:00,30.7,73.0,54.0,19.0,35.0,0.64,100860.0,25.3,1.19,0.05,32.3,0.165,1,0,0,1.0,31.032977508139712,81.11938281011666,0.026009397494720206,33.42350440453632,0.33537719079025763,5983.383999999999,0.8498229457634632,45.9,0.0013110209748199914,3.1069928068333606e-06,1.0,0.0,0.0,1.155118410903854,lhs_candidate_000004_june2024_preflight,pa1_candidate_000004
2024-06-02T19:00,30.4,75.0,0.0,0.0,0.0,0.89,100910.0,25.5,1.08,0.03,31.6,0.165,0,0,0,1.0,30.586649659760887,76.65890990427779,0.023996889926156336,33.33637510484561,0.34557637269593217,0.0,1.0241943098280535,0.0,0.0015340802530832902,7.413618205443343e-07,1.0,0.0,0.0,1.1573892833773305,lhs_candidate_000004_june2024_preflight,pa1_candidate_000004
2024-06-02T20:00,29.7,84.0,0.0,0.0,0.0,1.02,100970.0,26.7,0.67,0.0,30.9,0.164,0,0,0,1.0,30.007870955939246,82.80250639408958,0.0251234155004199,33.22926326961318,0.34545846177184847,0.0,0.730030337860875,0.0,0.001796033989954274,5.284315828897699e-07,1.0,0.0,0.0,1.1602884167061243,lhs_candidate_000004_june2024_preflight,pa1_candidate_000004
2024-06-02T21:00,29.5,84.0,0.0,0.0,0.0,0.94,101010.0,26.6,0.64,0.0,30.2,0.164,0,0,0,1.0,29.633430180356363,84.53046133436149,0.02513305423431113,33.113078722604016,0.3453716588715028,0.0,0.6427072539082586,0.0,0.0015707075781409322,4.6522287349406354e-07,1.0,0.0,0.0,1.162183526487591,lhs_candidate_000004_june2024_preflight,pa1_candidate_000004
2024-06-02T22:00,29.1,86.0,0.0,0.0,0.0,0.94,101030.0,26.5,0.57,0.0,29.6,0.164,0,0,0,1.0,29.300136508026647,85.94861537141098,0.025096526080752777,32.99300484188337,0.3452919563991781,0.0,0.5726896536136086,0.0,0.0016155176037192342,4.145407176507043e-07,1.0,0.0,0.0,1.1636945943730796,lhs_candidate_000004_june2024_preflight,pa1_candidate_000004
2024-06-02T23:00,29.0,86.0,0.0,0.0,0.0,0.98,101020.0,26.4,0.55,0.0,29.2,0.164,0,0,0,1.0,29.090632073872566,86.51040104643072,0.024974317919853946,32.8694396681926,0.34521995866805244,0.0,0.5431864190850599,0.0,0.0016018311793091905,3.9318483678694183e-07,1.0,0.0,0.0,1.1643859707763815,lhs_candidate_000004_june2024_preflight,pa1_candidate_000004
2024-06-03T00:00,28.6,87.0,0.0,0.0,0.0,0.98,100980.0,26.3,0.49,0.0,28.9,0.164,0,0,0,1.0,28.801747332565302,86.9847723309363,0.024718983004900486,32.744533554463295,0.3451506072373595,0.0,0.5154047179572627,0.0,0.0016744381358833427,3.730750858067981e-07,1.0,0.0,0.0,1.165038475013037,lhs_candidate_000004_june2024_preflight,pa1_candidate_000004
2024-06-03T01:00,28.2,90.0,0.0,0.0,0.0,1.17,100930.0,26.3,0.39,0.0,28.5,0.164,0,0,0,1.0,28.419330788603883,89.36247190994622,0.02486949931976604,32.61506602307009,0.34508967939392104,0.0,0.41201351865439806,0.0,0.0019623811512019178,2.982354904215218e-07,1.0,0.0,0.0,1.165938249219353,lhs_candidate_000004_june2024_preflight,pa1_candidate_000004
2024-06-03T02:00,28.1,93.0,0.0,0.0,0.0,1.24,100880.0,26.8,0.27,0.0,28.3,0.164,0,0,0,1.0,28.207756182119397,92.51913108539125,0.025451343736760064,32.481952565930634,0.34504439216576566,0.0,0.286210323666535,0.0,0.0020071890515572836,2.07172998888881e-07,1.0,0.0,0.0,1.1661788179216335,lhs_candidate_000004_june2024_preflight,pa1_candidate_000004
2024-06-03T03:00,27.9,93.0,0.0,0.0,0.0,1.2,100840.0,26.7,0.26,0.0,28.2,0.164,0,0,0,1.0,28.038400937986193,92.80092475019805,0.025292809013785486,32.34887219882661,0.34500862393487486,0.0,0.27272906399017494,0.0,0.001963055792052891,1.9741460527060836e-07,1.0,0.0,0.0,1.1663718862890786,lhs_candidate_000004_june2024_preflight,pa1_candidate_000004
2024-06-03T04:00,27.9,93.0,0.0,0.0,0.0,1.2,100820.0,26.6,0.28,0.0,28.0,0.164,0,0,0,1.0,27.96194981146614,93.04882514140796,0.025254145469561753,32.21638578329779,0.3449738912717075,0.0,0.26216800766765,0.0,0.001920850121109595,1.897699973412275e-07,1.0,0.0,0.0,1.1664366335430005,lhs_candidate_000004_june2024_preflight,pa1_candidate_000004
2024-06-03T05:00,28.0,92.0,0.0,0.0,0.0,1.33,100840.0,26.5,0.31,0.0,27.8,0.164,0,0,0,1.0,28.011053098979,92.37244617667211,0.02513826041829975,32.087555820756364,0.3449383491414693,0.0,0.2885018282981995,0.0,0.002095914592699484,2.0883170176314492e-07,1.0,0.0,0.0,1.1664778022109434,lhs_candidate_000004_june2024_preflight,pa1_candidate_000004
2024-06-03T06:00,28.0,92.0,25.0,13.0,12.0,1.3,100880.0,26.7,0.29,0.01,28.0,0.164,1,0,0,1.0,28.07490428476146,93.704434882975,0.025590274577623803,31.969204876648472,0.34479953987629625,2622.1888,0.23900781450125175,21.25,0.00208203977032882,1.3266395418693689e-06,1.0,1.6307508826979841e-07,0.0,1.166693148132767,lhs_candidate_000004_june2024_preflight,pa1_candidate_000004
2024-06-03T07:00,29.5,86.0,196.0,139.0,57.0,1.1,100930.0,27.0,0.56,0.14,30.5,0.164,0,0,0,1.0,29.208333485817153,100.0,0.029054066419117546,31.905989254341794,0.3544158159535118,19253.396800000002,0.0,166.6,0.0019004642053319293,9.044490736583592e-06,1.0,3.735119313223905e-06,0.0,1.162895738656431,lhs_candidate_000004_june2024_preflight,pa1_candidate_000004
2024-06-03T08:00,31.3,72.0,419.0,337.0,82.0,0.7,100950.0,25.6,1.3,0.31,31.6,0.163,0,0,0,1.0,31.207158164550744,100.0,0.03236381973327268,31.9643966899441,0.35186167022764503,39756.9568,0.0,356.15,0.0011863078318320329,1.9334906217492477e-05,1.0,9.129162588017094e-06,0.0,1.1554875001183813,lhs_candidate_000004_june2024_preflight,pa1_candidate_000004
2024-06-03T09:00,32.9,62.0,633.0,534.0,99.0,0.6,100950.0,24.6,1.91,0.48,33.3,0.162,0,0,0,1.0,33.29295603764631,100.0,0.03615664810072849,32.15998249658276,0.34749262745754445,59187.05760000001,0.0,538.05,0.001310524429492753,2.921001345029293e-05,1.0,1.1370263992296366e-06,0.0,1.1476226974768111,lhs_candidate_000004_june2024_preflight,pa1_candidate_000004
2024-06-03T10:00,34.0,56.0,763.0,643.0,120.0,0.63,100900.0,24.0,2.35,0.59,34.8,0.16,0,1,0,1.0,34.861623328823555,83.37111670082987,0.03272630871601882,32.46419085948011,0.34161639791533277,71365.888,0.9278618117474124,648.55,0.003058401008836486,3.5880542024972054e-05,1.0,0.0,0.0,1.1412124722757524,lhs_candidate_000004_june2024_preflight,pa1_candidate_000004
2024-06-03T11:00,35.0,53.0,910.0,785.0,125.0,0.45,100830.0,23.9,2.65,0.71,36.1,0.158,0,1,0,1.0,36.177312130040804,82.20978809608884,0.034547391955516295,32.84930589213434,0.3345372811941663,84477.8,1.0672418151541905,773.5,0.003108956445294915,4.276480012540316e-05,1.0,0.0,0.0,1.1355700981437178,lhs_candidate_000004_june2024_preflight,pa1_candidate_000004
2024-06-03T12:00,35.4,51.0,950.0,825.0,125.0,0.36,100780.0,23.9,2.79,0.75,36.9,0.156,0,1,0,1.0,36.955002027352194,78.34777372374565,0.03426750698581502,33.287190934109475,0.3266519674562181,87997.8,1.3553107514291671,807.5,0.0032754493334162175,4.481913291483291e-05,1.0,0.0,0.0,1.13216058501739,lhs_candidate_000004_june2024_preflight,pa1_candidate_000004
2024-06-03T13:00,36.0,50.0,931.0,796.0,135.0,0.32,100720.0,23.8,2.98,0.74,37.4,0.154,0,1,0,1.0,37.506070260552356,76.57704376313701,0.03445061794521695,33.730724937534305,0.31865333958357894,86677.624,1.5107467767787233,791.35,0.003228573540662993,4.4054883237899616e-05,1.0,0.0,0.0,1.1294794188296178,lhs_candidate_000004_june2024_preflight,pa1_candidate_000004
2024-06-03T14:00,35.5,54.0,757.0,594.0,163.0,0.8,100580.0,24.7,2.68,0.61,37.3,0.153,0,1,0,1.0,37.18778346176701,72.24619321345064,0.03197779497691822,34.12628360447154,0.31142585436305165,72350.7312,1.7593914022021249,643.4499999999999,0.0036458192716340007,3.607725506719787e-05,0.9964558911299485,0.0,0.0,1.129066251217605,lhs_candidate_000004_june2024_preflight,pa1_candidate_000004
2024-06-03T15:00,34.7,56.0,570.0,403.0,167.0,1.08,100620.0,24.5,2.44,0.46,36.6,0.154,0,1,0,1.0,36.23713056081738,68.5492767524404,0.0288957424687269,34.41942981004086,0.30579609629195287,56035.4608,1.8929344188576929,484.5,0.0038567229014514915,2.6613294990776947e-05,0.9617042980984745,0.0,0.0,1.132985931556072,lhs_candidate_000004_june2024_preflight,pa1_candidate_000004
2024-06-03T16:00,33.0,64.0,347.0,220.0,127.0,1.06,100620.0,25.4,1.78,0.28,35.4,0.158,0,1,0,1.0,34.53056116822469,70.25447715117707,0.02710553304816068,34.58940106981047,0.3019576971853102,35004.1648,1.6295861234260403,294.95,0.0038360295545758673,1.612628942157e-05,0.938010476452532,0.0,0.0,1.139270108579444,lhs_candidate_000004_june2024_preflight,pa1_candidate_000004
2024-06-03T17:00,32.6,66.0,150.0,87.0,63.0,0.82,100610.0,25.4,1.66,0.13,34.2,0.158,0,1,0,1.0,33.28518505068996,70.61465911115248,0.02552143814562977,34.62988423067785,0.29984902494101917,15416.491199999999,1.501935715592451,127.5,0.0031510292716114973,7.408256905747875e-06,0.9249939811174023,0.0,0.0,1.1437865045932694,lhs_candidate_000004_june2024_preflight,pa1_candidate_000004
2024-06-03T18:00,32.1,70.0,65.0,43.0,22.0,1.04,100630.0,25.8,1.45,0.06,33.3,0.158,1,0,0,1.0,32.532790490156984,74.19479897734473,0.025769764634702846,34.58933798648517,0.29885651058339735,6494.0127999999995,1.264407114031211,55.25,0.0018936857755922133,3.5970790122816206e-06,0.9188673492802306,0.0,0.0,1.1468297018100644,lhs_candidate_000004_june2024_preflight,pa1_candidate_000004
2024-06-03T19:00,31.4,75.0,0.0,0.0,0.0,1.04,100720.0,26.5,1.13,0.03,32.4,0.158,0,0,0,1.0,31.75362853304742,75.30495271754447,0.025093854691301112,34.5018559424574,0.3089846494697538,0.0,1.1579451786730428,0.0,0.0018495083719637037,8.22576003140194e-07,0.981386725121937,0.0,0.0,1.1507886586392362,lhs_candidate_000004_june2024_preflight,pa1_candidate_000004
2024-06-03T20:00,31.1,79.0,0.0,0.0,0.0,1.12,100810.0,26.9,0.96,0.01,31.9,0.157,0,0,0,1.0,31.257751194307147,79.10809724292359,0.02567185578216265,34.387738807647,0.3088495205254262,0.0,0.952449007237909,0.0,0.001852857218754179,6.760214637138845e-07,0.9805525958359641,0.0,0.0,1.1536932635368318,lhs_candidate_000004_june2024_preflight,pa1_candidate_000004
2024-06-03T21:00,30.7,82.0,0.0,0.0,0.0,1.0,100890.0,27.3,0.8,0.0,31.4,0.157,0,0,0,1.0,30.887786102233672,82.05234461133081,0.026104363210950977,34.26779301452392,0.3087378645496915,0.0,0.8011781510071652,0.0,0.0016937924123582313,5.682539640441935e-07,0.9798633614178487,0.0,0.0,1.1560137755186246,lhs_candidate_000004_june2024_preflight,pa1_candidate_000004
2024-06-03T22:00,30.2,86.0,0.0,0.0,0.0,1.1,100900.0,27.6,0.61,0.0,30.9,0.157,0,0,0,1.0,30.44158485414169,85.45750435359749,0.0265430159448192,34.1419357811489,0.3086461038912821,0.0,0.6328494970723808,0.0,0.001871544413539203,4.486035371018795e-07,0.9792969376005068,0.0,0.0,1.1578275673142697,lhs_candidate_000004_june2024_preflight,pa1_candidate_000004
2024-06-03T23:00,29.5,91.0,0.0,0.0,0.0,1.32,100890.0,27.9,0.36,0.0,30.2,0.157,0,0,0,1.0,29.838549450302185,89.65126811045081,0.026953428601759977,34.00769973008935,0.308577689855,0.0,0.4350534702504416,0.0,0.002241748010973447,3.0826027910211315e-07,0.9788746287345679,0.0,0.0,1.160017002787815,lhs_candidate_000004_june2024_preflight,pa1_candidate_000004
2024-06-04T00:00,29.3,90.0,0.0,0.0,0.0,1.4,100870.0,27.5,0.4,0.0,29.7,0.157,0,0,0,1.0,29.457244633811793,89.90419285357721,0.026476524785999073,33.864859136979895,0.30852515578282785,0.0,0.41521506907981287,0.0,0.0022752603513518854,2.941061720182154e-07,0.9785503443384436,0.0,0.0,1.1612484531387472,lhs_candidate_000004_june2024_preflight,pa1_candidate_000004
2024-06-04T01:00,29.1,90.0,0.0,0.0,0.0,1.43,100790.0,27.2,0.42,0.0,29.2,0.157,0,0,0,1.0,29.239163415542244,89.86819629012338,0.026154181190352087,33.71987557317102,0.30847233377307876,0.0,0.41149048661509235,0.0,0.0023126025021235285,2.9137084673729e-07,0.9782242825498688,0.0,0.0,1.1611642880402449,lhs_candidate_000004_june2024_preflight,pa1_candidate_000004
2024-06-04T02:00,28.5,88.0,0.0,0.0,0.0,1.33,100750.0,26.4,0.45,0.0,28.7,0.157,0,0,0,1.0,28.797102873644565,87.68636219366685,0.02491204389714846,33.572125311739,0.3084150745317147,0.0,0.48749061010909456,0.0,0.0022371221029864534,3.450607835526996e-07,0.9778708304426832,0.0,0.0,1.1624027710900728,lhs_candidate_000004_june2024_preflight,pa1_candidate_000004
2024-06-04T03:00,28.1,91.0,0.0,0.0,0.0,1.41,100730.0,26.4,0.36,0.0,28.4,0.157,0,0,0,1.0,28.340298096387233,90.12925046116108,0.02497460668012014,33.41732570354284,0.3083589049918904,0.0,0.38056432733889567,0.0,0.0023292482053495294,2.692795730749016e-07,0.9775241048882123,0.0,0.0,1.1639328928520967,lhs_candidate_000004_june2024_preflight,pa1_candidate_000004
2024-06-04T04:00,27.8,92.0,0.0,0.0,0.0,1.4,100720.0,26.3,0.31,0.0,28.1,0.157,0,0,0,1.0,28.00073971130188,91.42271082653988,0.024865715436318908,33.25785975801106,0.3083145425224378,0.0,0.3242295221962803,0.0,0.002296023502600047,2.2935394250183722e-07,0.9772502624841839,0.0,0.0,1.1651295893549931,lhs_candidate_000004_june2024_preflight,pa1_candidate_000004
2024-06-04T05:00,27.8,91.0,0.0,0.0,0.0,1.2,100840.0,26.3,0.33,0.0,27.8,0.157,0,0,0,1.0,27.87918049345049,91.17432281136607,0.024633122736393055,33.097373808477414,0.3082734225553621,0.0,0.33126478026353956,0.0,0.001930459551480172,2.342696893491926e-07,0.9769964355269266,0.0,0.0,1.1669888040573977,lhs_candidate_000004_june2024_preflight,pa1_candidate_000004
2024-06-04T06:00,27.8,92.0,26.0,14.0,12.0,1.41,100860.0,26.5,0.28,0.01,28.0,0.157,1,0,0,1.0,27.899494655150093,93.39454201120593,0.02526115659244078,32.946119530362445,0.30813056589612464,2710.1888,0.24822428987633716,22.099999999999998,0.002263635472279091,1.3465073793113733e-06,0.9761146042970656,0.0,0.0,1.1671414961373499,lhs_candidate_000004_june2024_preflight,pa1_candidate_000004
2024-06-04T07:00,30.5,76.0,199.0,144.0,55.0,1.02,100870.0,25.8,1.04,0.14,30.5,0.157,0,0,0,1.0,29.739526384777747,93.13261255649384,0.027850355789988398,32.85764005647582,0.31771262403134287,19447.032000000003,0.2870625069511963,169.15,0.0020473193398444565,9.390716670021942e-06,1.0,8.304758264363371e-07,0.0,1.1601662128560573,lhs_candidate_000004_june2024_preflight,pa1_candidate_000004
2024-06-04T08:00,32.3,63.0,427.0,348.0,79.0,0.58,100910.0,24.4,1.78,0.32,32.0,0.156,0,0,0,1.0,32.164013328037946,99.99999999999999,0.03405918502294839,32.909604577134374,0.31509264578693397,40355.4096,8.881784197001252e-16,362.95,0.0010576376205724475,1.9704069104699972e-05,1.0,6.723088085234096e-06,0.0,1.1514097877565674,lhs_candidate_000004_june2024_preflight,pa1_candidate_000004
2024-06-04T09:00,33.6,58.0,638.0,545.0,93.0,0.5,100910.0,24.2,2.19,0.49,33.8,0.155,0,1,0,1.0,34.122999616847565,93.81942942908108,0.03543405275915324,33.10186061290625,0.31067390290132446,59415.9632,0.33101884204067566,542.3,0.0026992079137061475,2.9437390912747745e-05,0.9918142154402745,0.0,0.0,1.1440690972636545,lhs_candidate_000004_june2024_preflight,pa1_candidate_000004
2024-06-04T10:00,34.7,54.0,812.0,710.0,102.0,0.81,100880.0,24.1,2.54,0.64,35.3,0.153,0,1,0,1.0,35.68974747669948,78.35905123477772,0.032110157219701986,33.408353012922746,0.3046889874287607,75044.60479999999,1.2639632703762897,690.1999999999999,0.0033099868771404835,3.665264972981995e-05,0.9548702927701279,0.0,0.0,1.1379268204540094,lhs_candidate_000004_june2024_preflight,pa1_candidate_000004
2024-06-04T11:00,35.5,52.0,925.0,818.0,107.0,0.91,100820.0,24.1,2.77,0.73,36.5,0.152,0,1,0,1.0,36.95887865305407,73.33483140472462,0.03208133621739461,33.798380496387985,0.2977759432799228,85164.5168,1.6694460571151035,786.25,0.003643693732248609,4.0038966276189114e-05,0.9121971807402641,0.0,0.0,1.1325957856582525,lhs_candidate_000004_june2024_preflight,pa1_candidate_000004
2024-06-04T12:00,36.0,51.0,971.0,854.0,117.0,0.95,100750.0,24.2,2.92,0.77,37.3,0.15,0,1,0,1.0,37.83698994838202,69.26064507472879,0.0316892742080237,34.23487918079011,0.29055488512750777,89564.3408,2.0185264099437576,825.35,0.0038474822318763594,4.0143389103947174e-05,0.8676227477006653,0.0,0.0,1.1286136090812044,lhs_candidate_000004_june2024_preflight,pa1_candidate_000004
2024-06-04T13:00,36.0,52.0,945.0,833.0,112.0,0.95,100670.0,24.4,2.87,0.75,37.7,0.148,0,1,0,1.0,38.15374918401253,66.79137358669604,0.031055809816882853,34.67700208777726,0.2835875855573473,87100.4288,2.218346856246744,803.25,0.0039769476367517015,3.7283399397755064e-05,0.8246147256626377,0.0,0.0,1.126569959183311,lhs_candidate_000004_june2024_preflight,pa1_candidate_000004
2024-06-04T14:00,36.1,51.0,827.0,693.0,134.0,1.48,100590.0,24.4,2.91,0.67,37.7,0.147,0,1,0,1.0,38.11896002788383,61.418371236699386,0.028507107552382734,35.0790037481263,0.2774088480691311,77490.4416,2.572426276051485,702.9499999999999,0.004487266290188069,3.147805559204901e-05,0.7864743707971054,0.0,0.0,1.1258005131297188,lhs_candidate_000004_june2024_preflight,pa1_candidate_000004
2024-06-04T15:00,35.3,54.0,617.0,439.0,178.0,1.87,100570.0,24.4,2.65,0.51,37.2,0.146,0,1,0,1.0,37.27603990420595,59.3913430474999,0.02640689756180637,35.392724445400376,0.2725203934855871,60558.4672,2.586680033291782,524.4499999999999,0.004959470626184171,2.294916853378642e-05,0.7562987252196735,0.0,0.0,1.1286330256188786,lhs_candidate_000004_june2024_preflight,pa1_candidate_000004
2024-06-04T16:00,32.7,64.0,276.0,103.0,173.0,2.19,100640.0,25.1,1.77,0.25,35.6,0.15,0,1,0,1.0,34.6830167206019,62.91678398116358,0.024468391434872214,35.545110511546824,0.2695202211174441,30374.555199999995,2.048817141116897,234.6,0.005389806099622262,1.0490594830822918e-05,0.7377791427002723,0.0,0.0,1.138932218310091,lhs_candidate_000004_june2024_preflight,pa1_candidate_000004
2024-06-04T17:00,32.3,67.0,175.0,96.0,79.0,0.57,100660.0,25.5,1.57,0.14,34.4,0.15,0,1,0,1.0,33.13637309392562,70.15977890857205,0.025158803817585115,35.54616405463755,0.2679816404896044,18179.4096,1.512527201883576,148.75,0.0029908746042807115,6.678546780848817e-06,0.728281731417311,0.0,0.0,1.1449109254622987,lhs_candidate_000004_june2024_preflight,pa1_candidate_000004
2024-06-04T18:00,31.9,69.0,64.0,33.0,31.0,0.41,100610.0,25.5,1.46,0.05,33.5,0.15,1,0,0,1.0,32.39528015236038,71.02791912874905,0.024490540852824573,35.48085688217885,0.2671238999723715,6722.6544,1.408627810195072,54.4,0.0012092281233250172,2.8723816930081254e-06,0.7229870368664908,0.0,0.0,1.147117798771904,lhs_candidate_000004_june2024_preflight,pa1_candidate_000004
2024-06-04T19:00,31.3,74.0,0.0,0.0,0.0,0.94,100760.0,26.0,1.21,0.03,32.6,0.15,0,0,0,1.0,31.656809661746053,74.21084965392183,0.024601856224661846,35.364490234478474,0.2773341796497432,0.0,1.2026351052848678,0.0,0.0017142356758046752,6.842451296838039e-07,0.7860134546280446,0.0,0.0,1.1516113653394695,lhs_candidate_000004_june2024_preflight,pa1_candidate_000004
2024-06-04T20:00,30.9,77.0,0.0,0.0,0.0,0.92,100750.0,26.5,1.02,0.0,32.0,0.15,0,0,0,1.0,31.11888088204436,77.04805623539905,0.02481803850254344,35.22280651560375,0.2772192670373787,0.0,1.0381365479856077,0.0,0.0015985152468288558,5.901198362029306e-07,0.7853041175146833,0.0,0.0,1.1535328492531887,lhs_candidate_000004_june2024_preflight,pa1_candidate_000004
2024-06-04T21:00,30.6,80.0,0.0,0.0,0.0,1.08,100780.0,26.9,0.86,0.0,31.5,0.15,0,0,0,1.0,30.771457064294474,79.93562909844852,0.025272536576948165,35.07534067188868,0.2771208633516258,0.0,0.8897480645407629,0.0,0.0018014955549710808,5.053784615326539e-07,0.7846966873557147,0.0,0.0,1.155195371539145,lhs_candidate_000004_june2024_preflight,pa1_candidate_000004
2024-06-04T22:00,30.4,82.0,0.0,0.0,0.0,1.06,100830.0,27.1,0.77,0.0,31.2,0.15,0,0,0,1.0,30.531589113312332,82.07955598005192,0.02561770418656001,34.925376911537604,0.2770356424759683,0.0,0.783870179136235,0.0,0.001747901663918479,4.449411515614494e-07,0.7841706325677055,0.0,0.0,1.1566814017921137,lhs_candidate_000004_june2024_preflight,pa1_candidate_000004
2024-06-04T23:00,30.2,84.0,0.0,0.0,0.0,1.03,100850.0,27.2,0.68,0.0,30.9,0.15,0,0,0,1.0,30.331342273058485,83.99569072086034,0.025934421472947985,34.77481870508698,0.27696030036792396,0.0,0.6920862097649727,0.0,0.001702924441368874,3.9260965929535007e-07,0.7837055578266912,0.0,0.0,1.1576742011069163,lhs_candidate_000004_june2024_preflight,pa1_candidate_000004
2024-06-05T00:00,30.0,85.0,0.0,0.0,0.0,0.89,100830.0,27.2,0.62,0.0,30.7,0.15,0,0,0,1.0,30.13487522248887,85.1478404980578,0.026012910059943505,34.624042572392725,0.27689276915951017,0.0,0.6350784322543497,0.0,0.001497907175724537,3.600784100902649e-07,0.7832886985154949,0.0,0.0,1.1581944069461343,lhs_candidate_000004_june2024_preflight,pa1_candidate_000004
2024-06-05T01:00,29.8,86.0,0.0,0.0,0.0,0.81,100770.0,27.2,0.59,0.0,30.5,0.149,0,0,0,1.0,29.93815426604776,86.1401092490801,0.02603775266307382,34.47307876780404,0.2768304927508834,0.0,0.5860012661178091,0.0,0.0013838290774059504,3.320894488320425e-07,0.782904276240021,0.0,0.0,1.1582564954602843,lhs_candidate_000004_june2024_preflight,pa1_candidate_000004
2024-06-05T02:00,29.6,89.0,0.0,0.0,0.0,0.81,100750.0,27.6,0.45,0.0,30.3,0.149,0,0,0,1.0,29.742210042550514,88.61057542449907,0.026501939045637593,34.321932874549844,0.2767758982314373,0.0,0.4761608516055098,0.0,0.0013870192674633938,2.697262570789813e-07,0.7825672730335634,0.0,0.0,1.1587757540995762,lhs_candidate_000004_june2024_preflight,pa1_candidate_000004
2024-06-05T03:00,29.5,89.0,0.0,0.0,0.0,0.85,100720.0,27.5,0.46,0.0,30.2,0.149,0,0,0,1.0,29.604341543831218,89.19545928559994,0.026478283458567994,34.17115625314241,0.27672952405784884,0.0,0.4481418229559999,0.0,0.0014167479968754512,2.537617283478169e-07,0.7822810127027706,0.0,0.0,1.1589582362536759,lhs_candidate_000004_june2024_preflight,pa1_candidate_000004
2024-06-05T04:00,29.4,89.0,0.0,0.0,0.0,0.95,100730.0,27.4,0.44,0.0,30.1,0.149,0,0,0,1.0,29.499395031480315,89.16241084843821,0.02631821506041857,34.022075534615446,0.27668394756891135,0.0,0.4468058258891996,0.0,0.001562463381397112,2.529142260087088e-07,0.7819996763513046,0.0,0.0,1.1594752231163994,lhs_candidate_000004_june2024_preflight,pa1_candidate_000004
2024-06-05T05:00,29.2,89.0,0.0,0.0,0.0,1.02,100760.0,27.3,0.43,0.0,29.9,0.149,0,0,0,1.0,29.33857756499266,89.00390225367653,0.026043002126509392,33.874405821367894,0.2766382632154682,0.0,0.4491602087865516,0.0,0.0016928332925110522,2.541552376328645e-07,0.7817176741695567,0.0,0.0,1.1604371611814375,lhs_candidate_000004_june2024_preflight,pa1_candidate_000004
2024-06-05T06:00,29.2,89.0,25.0,13.0,12.0,1.17,100760.0,27.2,0.43,0.02,29.9,0.149,1,0,0,1.0,29.303744910624086,90.33224490203244,0.026381695545550452,33.73338006378482,0.2765141374746837,2622.1888,0.3941088730706923,21.25,0.0018980828251349048,1.1237182933480847e-06,0.7809514658931092,0.0,0.0,1.1605708051095822,lhs_candidate_000004_june2024_preflight,pa1_candidate_000004
2024-06-05T07:00,30.2,83.0,185.0,123.0,62.0,0.98,100870.0,26.9,0.74,0.13,30.9,0.149,0,0,0,1.0,30.156587568600152,96.1002957979017,0.029393358001478805,33.642561426265665,0.28629436587936535,18461.308800000003,0.1669589460600731,157.25,0.0015699116794067286,7.283961958938707e-06,0.841323246168922,9.48437892938823e-07,0.0,1.15857092836836,lhs_candidate_000004_june2024_preflight,pa1_candidate_000004
2024-06-05T08:00,32.0,69.0,414.0,327.0,87.0,0.64,100910.0,25.6,1.47,0.31,32.3,0.148,0,0,0,1.0,32.087819591079096,99.99999999999999,0.03392145588303866,33.66758605832424,0.2842117400524002,39492.8688,8.881784197001252e-16,351.9,0.0010943232815508032,1.5827192353644033e-05,0.8284675311876555,8.262735860035418e-07,0.0,1.1516972036954498,lhs_candidate_000004_june2024_preflight,pa1_candidate_000004
2024-06-05T09:00,33.4,62.0,624.0,526.0,98.0,0.64,100870.0,25.0,1.96,0.48,34.0,0.147,0,1,0,1.0,34.13570056358311,80.70665929476296,0.030501857606318617,33.83129816768948,0.28065233008318485,58359.875199999995,1.0340425463670417,530.4,0.00298833000111565,2.3826465127649956e-05,0.8064958647110176,0.0,0.0,1.1435683277649973,lhs_candidate_000004_june2024_preflight,pa1_candidate_000004
2024-06-05T10:00,34.5,57.0,795.0,683.0,112.0,0.63,100840.0,24.7,2.37,0.62,35.5,0.146,0,1,0,1.0,35.83838184049677,74.45260795941557,0.030744827522465202,34.11230674463911,0.2758558323189805,73900.4288,1.504362759425784,675.75,0.003332650120504743,2.9346544867478786e-05,0.7768878538208671,0.0,0.0,1.1369284541959703,lhs_candidate_000004_june2024_preflight,pa1_candidate_000004
2024-06-05T11:00,35.4,54.0,905.0,782.0,123.0,1.03,100800.0,24.7,2.63,0.72,36.7,0.145,0,1,0,1.0,37.20827826217716,67.81625590594578,0.030048498777137996,34.47885072512708,0.2703165071202893,83967.43519999999,2.042492997020662,769.25,0.0039155272760671885,3.211411540970922e-05,0.7426944883968476,0.0,0.0,1.131461151128817,lhs_candidate_000004_june2024_preflight,pa1_candidate_000004
2024-06-05T12:00,35.5,54.0,831.0,696.0,135.0,1.62,100740.0,24.8,2.64,0.67,37.2,0.143,0,1,0,1.0,37.64400745249903,61.93978347729218,0.028062384823698303,34.864467830709174,0.264866880643323,77877.624,2.4732640758527538,706.35,0.004696185281798924,2.8459378739128408e-05,0.7090548187859443,0.0,0.0,1.1292023126288706,lhs_candidate_000004_june2024_preflight,pa1_candidate_000004
2024-06-05T13:00,35.1,56.0,805.0,547.0,258.0,1.48,100700.0,24.9,2.5,0.65,37.3,0.142,0,1,0,1.0,37.42524000133824,62.50102924543912,0.028002257182471443,35.219306594068506,0.2599313733934594,79917.0592,2.4080403138758983,684.25,0.004589872565068282,2.6390364776082444e-05,0.678588724650984,0.0,0.0,1.129549037519846,lhs_candidate_000004_june2024_preflight,pa1_candidate_000004
2024-06-05T14:00,35.2,54.0,550.0,255.0,295.0,1.24,100620.0,24.6,2.59,0.46,37.1,0.141,0,1,0,1.0,36.95626545515392,59.51302547996573,0.026031308881207114,35.49724959525375,0.25596763669558575,58778.808000000005,2.53443727255286,467.5,0.0041194687620841105,1.7801580389752095e-05,0.6541212141702825,0.0,0.0,1.1303585427899063,lhs_candidate_000004_june2024_preflight,pa1_candidate_000004
2024-06-05T15:00,34.0,59.0,452.0,267.0,185.0,1.0,100640.0,24.9,2.16,0.37,36.5,0.144,0,1,0,1.0,35.866298434328314,62.389206608018306,0.025800510567158295,35.67726331948358,0.25308085049497764,46284.744000000006,2.218116864102055,384.2,0.003912992872086347,1.4293422568721392e-05,0.6363015462652941,0.0,0.0,1.13457103194572,lhs_candidate_000004_june2024_preflight,pa1_candidate_000004
2024-06-05T16:00,31.1,80.0,284.0,151.0,133.0,1.0,100700.0,27.2,0.92,0.22,35.0,0.157,0,1,0,1.0,33.29134813008089,76.86565554622773,0.027789689352578032,35.75613643927999,0.251013398701976,29671.259199999997,1.1828444157430167,241.4,0.004051412802135623,8.70553610648087e-06,0.6235394981603456,0.0,0.0,1.1447866469771955,lhs_candidate_000004_june2024_preflight,pa1_candidate_000004
2024-06-05T17:00,30.7,80.0,153.0,74.0,79.0,1.63,100770.0,26.9,0.87,0.13,33.6,0.172,0,1,0,1.0,31.617924711999407,79.81111834287965,0.026403554994231745,35.714749191306055,0.2498076901238399,16243.409599999999,0.9394036291179946,130.04999999999998,0.004305739015287837,4.768729127296475e-06,0.6160968526162958,0.0,0.0,1.151872605056646,lhs_candidate_000004_june2024_preflight,pa1_candidate_000004
2024-06-05T18:00,30.0,83.0,44.0,18.0,26.0,1.66,100810.0,26.7,0.74,0.05,32.3,0.178,1,1,0,1.0,30.6080112838996,81.68408379273559,0.02559935192456395,35.597648564032795,0.24923512053811794,4786.7424,0.8046733586815584,37.4,0.004234807467922565,1.6005385872650881e-06,0.6125624724575182,0.0,0.0,1.1561610192168212,lhs_candidate_000004_june2024_preflight,pa1_candidate_000004
2024-06-05T19:00,29.7,81.0,0.0,0.0,0.0,1.51,100900.0,26.0,0.81,0.03,31.3,0.178,0,0,0,1.0,29.967785683986456,80.88167230814601,0.02448748187324062,35.43230109748641,0.2595898393227989,0.0,0.8097053925956215,0.0,0.0024904702943288376,3.96488107291731e-07,0.6764804896469068,0.0,0.0,1.159637351386618,lhs_candidate_000004_june2024_preflight,pa1_candidate_000004
2024-06-05T20:00,29.6,80.0,0.0,0.0,0.0,1.4,100990.0,25.8,0.83,0.01,30.9,0.178,0,0,0,1.0,29.7190627192205,80.24331086400674,0.02396935549710269,35.25275221104146,0.2595178115429291,0.0,0.824875305974385,0.0,0.0022572304312348315,4.036508790509746e-07,0.6760358737217844,0.0,0.0,1.1616248857427922,lhs_candidate_000004_june2024_preflight,pa1_candidate_000004
2024-06-05T21:00,29.5,81.0,0.0,0.0,0.0,1.17,101070.0,25.8,0.8,0.0,30.5,0.179,0,0,0,1.0,29.604436796026686,81.13413750457326,0.024085349234915364,35.07474542725009,0.2594467820607014,0.0,0.7825069627841046,0.0,0.001898413679453121,3.826696779832968e-07,0.6755974201277862,0.0,0.0,1.1629852272142196,lhs_candidate_000004_june2024_preflight,pa1_candidate_000004
2024-06-05T22:00,29.3,81.0,0.0,0.0,0.0,1.12,101060.0,25.7,0.77,0.0,30.2,0.179,0,0,0,1.0,29.443618158693933,81.18926264058132,0.02389232152248323,34.89892728094398,0.25937847199301356,0.0,0.7730312357012932,0.0,0.001845241945502674,3.77799812482613e-07,0.6751757530432936,0.0,0.0,1.1634881874683631,lhs_candidate_000004_june2024_preflight,pa1_candidate_000004
2024-06-05T23:00,28.6,86.0,0.0,0.0,0.0,1.32,101060.0,26.1,0.54,0.0,29.9,0.179,0,0,0,1.0,28.951530693943177,84.65159097002645,0.024253242055896834,34.72125786134967,0.2593164619099142,0.0,0.6130877971078732,0.0,0.002248401348616644,2.994615598054783e-07,0.6747929747525568,0.0,0.0,1.1653833713528128,lhs_candidate_000004_june2024_preflight,pa1_candidate_000004
2024-06-06T00:00,28.1,89.0,0.0,0.0,0.0,1.24,101030.0,26.1,0.42,0.0,29.5,0.178,0,0,0,1.0,28.40367851765723,87.86204941629326,0.024430995454909767,34.53562145028044,0.2592692681713205,0.0,0.4697010540621869,0.0,0.0021091046979877094,2.2932553348248947e-07,0.6745016553785217,0.0,0.0,1.1671540226334263,lhs_candidate_000004_june2024_preflight,pa1_candidate_000004
2024-06-06T01:00,27.9,90.0,0.0,0.0,0.0,1.17,100930.0,26.2,0.37,0.0,29.2,0.178,0,0,0,1.0,28.085428009618575,89.4575780971697,0.02444458778338854,34.3450701049115,0.2592315145003682,0.0,0.4004826694573329,0.0,0.0019439043652501689,1.9546298446862217e-07,0.6742686080269641,0.0,0.0,1.1672306271581365,lhs_candidate_000004_june2024_preflight,pa1_candidate_000004
2024-06-06T02:00,27.7,92.0,0.0,0.0,0.0,1.17,100860.0,26.3,0.3,0.0,28.8,0.178,0,0,0,1.0,27.87542447082559,91.29573453055386,0.02466083420294021,34.15436313710381,0.25919947895020184,0.0,0.32663617940349354,0.0,0.001938446909959166,1.593740820964014e-07,0.6740708577172954,0.0,0.0,1.167234821513418,lhs_candidate_000004_june2024_preflight,pa1_candidate_000004
2024-06-06T03:00,27.5,92.0,0.0,0.0,0.0,1.12,100840.0,26.1,0.28,0.0,28.5,0.178,0,0,0,1.0,27.675804097898357,91.56168743939857,0.02446260905643243,33.96448620199183,0.2591717015783578,0.0,0.3129906660992563,0.0,0.001864357362490319,1.5267724301446387e-07,0.6738993924589987,0.0,0.0,1.167777758905638,lhs_candidate_000004_june2024_preflight,pa1_candidate_000004
2024-06-06T04:00,27.5,92.0,0.0,0.0,0.0,1.02,100860.0,26.1,0.3,0.0,28.3,0.178,0,0,0,1.0,27.595601148041446,91.84426515322131,0.024429982034015404,33.77656732253268,0.25914482279878115,0.0,0.30109614208109603,0.0,0.001665862207159729,1.4683891755064524e-07,0.6737334740665503,0.0,0.0,1.168320854110332,lhs_candidate_000004_june2024_preflight,pa1_candidate_000004
2024-06-06T05:00,27.9,91.0,0.0,0.0,0.0,1.1,100920.0,26.2,0.35,0.0,28.2,0.178,0,0,0,1.0,27.82160618771339,91.56178875984799,0.024659639864655837,33.59547525597839,0.2591180955059434,0.0,0.3156603878493285,0.0,0.0017767730187133667,1.5390392880760698e-07,0.6735684907774283,0.0,0.0,1.168138034264449,lhs_candidate_000004_june2024_preflight,pa1_candidate_000004
2024-06-06T06:00,28.1,91.0,21.0,8.0,13.0,1.2,100950.0,26.4,0.36,0.02,28.4,0.178,1,0,0,1.0,28.115549556435614,92.1591772047089,0.02522445882435453,33.430851824837625,0.25903215655981043,2305.3712,0.29837750959962994,17.849999999999998,0.0018947594127355207,7.975720967697544e-07,0.6730380034556199,0.0,0.0,1.167345195454589,lhs_candidate_000004_june2024_preflight,pa1_candidate_000004
2024-06-06T07:00,29.3,87.0,167.0,87.0,80.0,1.1,100970.0,26.9,0.54,0.12,30.5,0.178,0,0,0,1.0,29.18415185143415,96.75757277679304,0.02807505513633816,33.31920954278661,0.26898419276223007,17510.592,0.13126979381473225,141.95,0.0017989397008082572,5.7298194980476735e-06,0.7344703256927783,0.0,0.0,1.163449659753673,lhs_candidate_000004_june2024_preflight,pa1_candidate_000004
2024-06-06T08:00,30.1,80.0,359.0,210.0,149.0,0.85,101030.0,26.3,0.86,0.26,30.9,0.178,0,0,0,1.0,30.58054437716548,99.5757685733555,0.031160419470446694,33.31164486809366,0.2673849407150047,36834.177599999995,0.01860855453446053,305.15,0.0016752638066935975,1.2013591000992743e-05,0.7245983994753376,0.0,0.0,1.1587889181297995,lhs_candidate_000004_june2024_preflight,pa1_candidate_000004
2024-06-06T09:00,32.0,65.0,551.0,405.0,146.0,0.92,101010.0,24.6,1.66,0.42,32.3,0.176,0,1,0,1.0,32.58012534747159,80.58436943475819,0.028059339279350278,33.42135221256846,0.26465682207435387,53624.6304,0.9538675353385533,468.34999999999997,0.0032099557122217395,1.848420120432755e-05,0.7077581609528016,0.0,0.0,1.1509821423357682,lhs_candidate_000004_june2024_preflight,pa1_candidate_000004
2024-06-06T10:00,33.6,56.0,779.0,643.0,136.0,0.61,100980.0,23.6,2.28,0.6,34.2,0.174,0,1,0,1.0,34.83917865835037,72.22959518487598,0.028319715385916596,33.66571025970357,0.2607011329405296,73336.8064,1.5476155228583899,662.15,0.003264515421101645,2.532970101189128e-05,0.6833403267933926,0.0,0.0,1.142200530461124,lhs_candidate_000004_june2024_preflight,pa1_candidate_000004
2024-06-06T11:00,34.5,53.0,914.0,794.0,120.0,0.92,100920.0,23.5,2.57,0.71,35.6,0.172,0,1,0,1.0,36.51566963755292,64.94162130332457,0.027770403702291634,34.025079744595935,0.25584022893407826,84653.888,2.142474495232225,776.9,0.0038978930291918594,2.856881759712184e-05,0.6533347465066559,0.0,0.0,1.1353418053510118,lhs_candidate_000004_june2024_preflight,pa1_candidate_000004
2024-06-06T12:00,35.0,52.0,952.0,811.0,141.0,1.48,100830.0,23.6,2.7,0.76,36.5,0.169,0,1,0,1.0,37.44480720636125,59.67001060975852,0.026760610824053975,34.43959077852266,0.25070279135233914,88736.7184,2.5925904132619544,809.1999999999999,0.0046284335991790375,2.8474663492559954e-05,0.6216221688415996,0.0,0.0,1.1309359913434145,lhs_candidate_000004_june2024_preflight,pa1_candidate_000004
2024-06-06T13:00,35.1,52.0,862.0,700.0,162.0,1.32,100730.0,23.7,2.72,0.69,36.8,0.167,0,1,0,1.0,37.65992454275358,57.78024380697699,0.02619912317285138,34.84448611094032,0.2459190149459458,81555.54879999999,2.745931448359265,732.6999999999999,0.004491116043443966,2.472871562074971e-05,0.5920926848515173,0.0,0.0,1.129032399291673,lhs_candidate_000004_june2024_preflight,pa1_candidate_000004
2024-06-06T14:00,34.5,55.0,726.0,441.0,285.0,1.0,100690.0,24.1,2.48,0.58,36.6,0.165,0,1,0,1.0,37.07960474579705,59.033075213250235,0.025985070146730526,35.18680617871604,0.24189367745468052,73914.984,2.58176551410275,617.1,0.004189070956739323,2.00636457057644e-05,0.5672449225597563,0.0,0.0,1.1306952041925382,lhs_candidate_000004_june2024_preflight,pa1_candidate_000004
2024-06-06T15:00,34.3,56.0,551.0,389.0,162.0,0.8,100680.0,24.3,2.38,0.44,36.2,0.164,0,1,0,1.0,36.3362072896331,59.749005338297295,0.025315033304191843,35.43782411476295,0.23875523868139195,54187.5488,2.4357765457832015,468.34999999999997,0.0038035518902412935,1.4896212354237567e-05,0.547871843712296,0.0,0.0,1.133298611979794,lhs_candidate_000004_june2024_preflight,pa1_candidate_000004
2024-06-06T16:00,31.5,70.0,320.0,143.0,177.0,0.45,100690.0,25.4,1.38,0.25,34.9,0.172,0,1,0,1.0,33.9136831522291,67.75300021723332,0.025309974773140197,35.5654155848484,0.2366473154671183,34387.2848,1.707075211316889,272.0,0.003750572526434304,8.558925455515614e-06,0.5348599720192488,0.0,0.0,1.142353021639228,lhs_candidate_000004_june2024_preflight,pa1_candidate_000004
2024-06-06T17:00,30.4,76.0,152.0,65.0,87.0,0.71,100710.0,25.8,1.03,0.12,33.3,0.174,0,1,0,1.0,31.700140533088796,74.74196061146273,0.024835286461007147,35.54613352278385,0.23550869896411294,16436.8688,1.1807621654747584,129.2,0.003388874816654246,4.1533940466883546e-06,0.5278314750871169,0.0,0.0,1.1508762959527423,lhs_candidate_000004_june2024_preflight,pa1_candidate_000004
2024-06-06T18:00,30.1,76.0,32.0,8.0,24.0,0.64,100820.0,25.4,1.03,0.04,32.3,0.174,1,1,0,1.0,30.602611625083227,75.68884395662297,0.023713585350322374,35.43039781337898,0.23503105446288178,3660.3776,1.0677330515955519,27.2,0.0028312948596025604,1.1807395611681795e-06,0.524883052240011,0.0,0.0,1.156296260889998,lhs_candidate_000004_june2024_preflight,pa1_candidate_000004
2024-06-06T19:00,29.7,76.0,0.0,0.0,0.0,0.73,100910.0,25.1,0.99,0.02,31.4,0.173,0,0,0,1.0,29.99613242374924,76.48638581633031,0.02319229626444407,35.26824278370849,0.24542319716221409,0.0,0.9974766440029685,0.0,0.0013954338934072635,4.2529428054678553e-07,0.5890320812482351,0.0,0.0,1.1596438340626551,lhs_candidate_000004_june2024_preflight,pa1_candidate_000004
2024-06-06T20:00,29.4,78.0,0.0,0.0,0.0,0.7,100970.0,25.1,0.91,0.0,30.9,0.173,0,0,0,1.0,29.606337656639816,78.01717100664406,0.02316243888987071,35.092700126377764,0.24534946182836484,0.0,0.9118903465740997,0.0,0.0012847217360949263,3.885024014478736e-07,0.5885769248664496,0.0,0.0,1.1618272595911487,lhs_candidate_000004_june2024_preflight,pa1_candidate_000004
2024-06-06T21:00,28.8,86.0,0.0,0.0,0.0,0.85,101020.0,26.2,0.56,0.0,30.5,0.173,0,0,0,1.0,29.125244463167522,84.25785372900155,0.024369911637796695,34.91293413773062,0.2452890781332968,0.0,0.6351580285292604,0.0,0.0015746654573242543,2.7043180118267127e-07,0.5882041860080051,0.0,0.0,1.1642526413647,lhs_candidate_000004_june2024_preflight,pa1_candidate_000004
2024-06-06T22:00,28.9,85.0,0.0,0.0,0.0,0.89,101050.0,26.1,0.6,0.0,29.9,0.173,0,0,0,1.0,28.96095573238751,85.4077150225866,0.024482448742728997,34.72944020646044,0.2452440728771871,0.0,0.5832023074473653,0.0,0.0014445756923316048,2.4819328974045653e-07,0.5879263757851056,0.0,0.0,1.1652317021776462,lhs_candidate_000004_june2024_preflight,pa1_candidate_000004
2024-06-06T23:00,28.6,87.0,0.0,0.0,0.0,0.72,101010.0,26.3,0.49,0.0,29.5,0.173,0,0,0,1.0,28.79381999672187,86.58072482446737,0.02459352198116238,34.54898067013482,0.24520085311441497,0.0,0.5311612929397151,0.0,0.0013019462019442506,2.259436305415478e-07,0.5876595871260184,0.0,0.0,1.1654151909876356,lhs_candidate_000004_june2024_preflight,pa1_candidate_000004
2024-06-07T00:00,28.4,88.0,0.0,0.0,0.0,0.63,100950.0,26.2,0.48,0.0,29.2,0.173,0,0,0,1.0,28.571096877835622,87.79184563652703,0.024636044910107627,34.36861821834326,0.2451624328327847,0.0,0.47702836427588746,0.0,0.001160440146079693,2.0283485347408558e-07,0.5874224248937326,0.0,0.0,1.16558270359558,lhs_candidate_000004_june2024_preflight,pa1_candidate_000004
2024-06-07T01:00,28.4,87.0,0.0,0.0,0.0,0.67,100840.0,26.0,0.51,0.0,28.9,0.173,0,0,0,1.0,28.486960964077227,87.46362587861971,0.02443128493627079,34.18971797992849,0.2451259523884423,0.0,0.4874690393625425,0.0,0.0011379778412379216,2.0719482246216464e-07,0.5871972369656931,0.0,0.0,1.1646373912786743,lhs_candidate_000004_june2024_preflight,pa1_candidate_000004
2024-06-07T02:00,28.6,85.0,0.0,0.0,0.0,0.67,100780.0,25.8,0.59,0.0,28.6,0.173,0,0,0,1.0,28.591556857523535,86.05773453271975,0.024176441765676876,34.01623771622843,0.2450867015920903,0.0,0.545434561315377,0.0,0.001061531394161133,2.3173694609169669e-07,0.5869549480993229,0.0,0.0,1.1635409592517054,lhs_candidate_000004_june2024_preflight,pa1_candidate_000004
2024-06-07T03:00,28.5,84.0,0.0,0.0,0.0,0.76,100740.0,25.6,0.61,0.0,28.5,0.173,0,0,0,1.0,28.598054760805827,84.58385763100121,0.023770821382414497,33.84986508318345,0.24504258898561343,0.0,0.6033212154756447,0.0,0.0012792807618306336,2.5621213693477535e-07,0.5866826480593422,0.0,0.0,1.1630540990388558,lhs_candidate_000004_june2024_preflight,pa1_candidate_000004
2024-06-07T04:00,28.6,84.0,0.0,0.0,0.0,0.95,100710.0,25.6,0.63,0.0,28.3,0.173,0,0,0,1.0,28.625702730216307,84.43027190587901,0.023763533713842454,33.68802137278409,0.244996059334032,0.0,0.6103090889590006,0.0,0.0015113482461860481,2.5905278823970136e-07,0.5863954279878519,0.0,0.0,1.1626012213151735,lhs_candidate_000004_june2024_preflight,pa1_candidate_000004
2024-06-07T05:00,28.1,88.0,0.0,0.0,0.0,1.0,100740.0,25.9,0.46,0.0,28.1,0.173,0,0,0,1.0,28.36037950555221,86.97426185801444,0.02412688124369933,33.52928274468319,0.24495273556127684,0.0,0.5027901383128466,0.0,0.0017400557522184884,2.1331778981931219e-07,0.5861279972918323,0.0,0.0,1.1639709138440912,lhs_candidate_000004_june2024_preflight,pa1_candidate_000004
2024-06-07T06:00,28.4,87.0,24.0,8.0,16.0,1.14,100800.0,25.9,0.52,0.02,28.2,0.173,1,0,0,1.0,28.413927714722472,88.37286020078955,0.024586819932108664,33.37549519434017,0.24485885317853115,2674.9184,0.45020202082829286,20.4,0.0017999502470353098,8.393057771793438e-07,0.5855484764106861,0.0,0.0,1.1644573588293166,lhs_candidate_000004_june2024_preflight,pa1_candidate_000004
2024-06-07T07:00,29.5,80.0,180.0,115.0,65.0,1.02,100850.0,25.7,0.82,0.13,30.1,0.172,0,0,0,1.0,29.46924781889725,90.27815605203486,0.026603984951554173,33.27563636714101,0.25482102954839414,18126.855999999996,0.4001113875754809,153.0,0.0016233941372829155,5.561845956386415e-06,0.647043392274038,0.0,0.0,1.1609721556015264,lhs_candidate_000004_june2024_preflight,pa1_candidate_000004
2024-06-07T08:00,31.0,69.0,375.0,279.0,96.0,0.8,100890.0,24.7,1.39,0.28,31.2,0.172,0,0,0,1.0,31.30383492339893,89.99020913092606,0.02927540252158253,33.285837442726134,0.2533066400284576,36377.5104,0.45753652800356104,318.75,0.0014917781927553477,1.1246201629728303e-05,0.6376953088176395,0.0,0.0,1.1544340346404178,lhs_candidate_000004_june2024_preflight,pa1_candidate_000004
2024-06-07T09:00,32.5,62.0,610.0,488.0,122.0,0.51,100860.0,24.2,1.88,0.46,33.0,0.17,0,1,0,1.0,33.42703929666493,75.31660108220393,0.02742499237093087,33.43143425642697,0.25066000859362475,57972.252799999995,1.271663177291173,518.5,0.0029999927914288425,1.8062358629542466e-05,0.6213580777384244,0.0,0.0,1.1460980848705957,lhs_candidate_000004_june2024_preflight,pa1_candidate_000004
2024-06-07T10:00,33.6,57.0,740.0,586.0,154.0,0.2,100820.0,23.9,2.23,0.57,34.4,0.168,0,1,0,1.0,35.19892390623227,68.82225030357539,0.027493474252905502,33.69461024826317,0.2471164907290089,70538.08959999999,1.7723915195407187,629.0,0.003245836013186715,2.124004227305673e-05,0.5994845106728944,0.0,0.0,1.1390602717474136,lhs_candidate_000004_june2024_preflight,pa1_candidate_000004
2024-06-07T11:00,34.4,54.0,878.0,697.0,181.0,0.22,100750.0,23.9,2.48,0.68,35.7,0.166,0,1,0,1.0,36.583314135142786,64.08868813329224,0.027501158477455413,34.041586714113485,0.2430212991186368,83632.0144,2.2027261226850436,746.3,0.003550541191790487,2.4179834490431024e-05,0.5742055501150419,0.0,0.0,1.1331817827959003,lhs_candidate_000004_june2024_preflight,pa1_candidate_000004
2024-06-07T12:00,34.9,53.0,933.0,750.0,183.0,0.61,100690.0,24.0,2.61,0.73,36.5,0.164,0,1,0,1.0,37.52022736543268,60.302459117786285,0.02714859059616605,34.44563750227902,0.2386303836956,88542.3792,2.562401681840561,793.05,0.003912171297927574,2.456944372922632e-05,0.5471011339234568,0.0,0.0,1.1290915426923496,lhs_candidate_000004_june2024_preflight,pa1_candidate_000004
2024-06-07T13:00,35.0,54.0,892.0,651.0,241.0,1.12,100590.0,24.2,2.61,0.71,36.8,0.162,0,1,0,1.0,37.813541824512775,58.02106762355349,0.026515076241261665,34.855310598787604,0.23439718712112811,86974.95839999999,2.753085716321043,758.1999999999999,0.004379313557560736,2.2482201847648743e-05,0.5209702908711612,0.0,0.0,1.126906237511609,lhs_candidate_000004_june2024_preflight,pa1_candidate_000004
2024-06-07T14:00,34.5,55.0,742.0,464.0,278.0,1.02,100470.0,24.3,2.43,0.59,36.6,0.16,0,1,0,1.0,37.26755846112577,57.305102037948316,0.02546825321134845,35.21089723549069,0.23075537073376062,75076.7072,2.7183153211718154,630.6999999999999,0.004274830118685475,1.8049078127055924e-05,0.4984899428009915,0.0,0.0,1.1275415959691248,lhs_candidate_000004_june2024_preflight,pa1_candidate_000004
2024-06-07T15:00,33.9,58.0,466.0,159.0,307.0,1.22,100510.0,24.5,2.22,0.38,35.9,0.159,0,1,0,1.0,36.034730270734585,58.409952962170365,0.02436598431746228,35.44680290516797,0.22812855667010581,51808.99679999999,2.4755759676300135,396.09999999999997,0.00424127578192127,1.1234925450486956e-05,0.4822750411734927,0.0,0.0,1.1324881973409318,lhs_candidate_000004_june2024_preflight,pa1_candidate_000004
2024-06-07T16:00,32.3,64.0,335.0,146.0,189.0,0.98,100520.0,24.7,1.72,0.27,35.0,0.161,0,1,0,1.0,34.26342688383715,63.10002343758541,0.024007667807549718,35.55685437552324,0.22640263931345078,36129.473600000005,1.9917786852296437,284.75,0.0039379501976299185,7.970607489633736e-06,0.47162123032994313,0.0,0.0,1.1391268706631932,lhs_candidate_000004_june2024_preflight,pa1_candidate_000004
2024-06-07T17:00,32.0,66.0,200.0,110.0,90.0,1.63,100570.0,24.7,1.63,0.18,34.0,0.16,0,1,0,1.0,33.05789795218591,65.62866345446852,0.023436692412876634,35.57144387759986,0.22525060262295155,20766.415999999997,1.7345518009843168,170.0,0.004354379061926866,4.870212227889693e-06,0.46450989273426885,0.0,0.0,1.144180417915539,lhs_candidate_000004_june2024_preflight,pa1_candidate_000004
2024-06-07T18:00,31.5,68.0,52.0,16.0,36.0,1.51,100570.0,24.8,1.48,0.07,33.0,0.16,1,1,0,1.0,32.11287810788221,67.14217453821858,0.022805980603551847,35.50423777312936,0.22466666596177443,5842.5664,1.5723088764086612,44.199999999999996,0.004021130452919652,1.6305322384184427e-06,0.460905345443052,0.0,0.0,1.14772252302539,lhs_candidate_000004_june2024_preflight,pa1_candidate_000004
2024-06-07T19:00,30.9,73.0,0.0,0.0,0.0,1.41,100660.0,25.5,1.2,0.04,32.2,0.16,0,0,0,1.0,31.27376150126585,72.06719150357965,0.023407021339649406,35.376424471079616,0.2350040691280031,0.0,1.2745985218638776,0.0,0.0023882250905038075,4.841121356297743e-07,0.5247164760987846,0.0,0.0,1.151916043432763,lhs_candidate_000004_june2024_preflight,pa1_candidate_000004
2024-06-07T20:00,30.4,77.0,0.0,0.0,0.0,1.22,100740.0,25.9,0.99,0.01,31.5,0.159,0,0,0,1.0,30.674230633016304,76.24503740172915,0.02398005055754404,35.22490691457691,0.23492499704315098,0.0,1.0475794628152828,0.0,0.0020638150291840233,3.9751668262174914e-07,0.524228376809574,0.0,0.0,1.1551063956793544,lhs_candidate_000004_june2024_preflight,pa1_candidate_000004
2024-06-07T21:00,29.8,82.0,0.0,0.0,0.0,1.12,100750.0,26.4,0.74,0.0,30.7,0.159,0,0,0,1.0,30.115397158354675,80.83506535867633,0.0246693803205803,35.064903016414924,0.23486122169644932,0.0,0.8185785387549793,0.0,0.0019416775717758386,3.103862524128664e-07,0.5238347018299341,0.0,0.0,1.1573498077648208,lhs_candidate_000004_june2024_preflight,pa1_candidate_000004
2024-06-07T22:00,30.3,75.0,0.0,0.0,0.0,1.12,100770.0,25.3,1.09,0.01,30.1,0.159,0,0,0,1.0,30.179297259989337,76.86354127118126,0.023538422021906986,34.90202264557259,0.23480170807809594,0.0,0.9918360887812128,0.0,0.0018317687888092641,3.7581780320647996e-07,0.5234673338154071,0.0,0.0,1.1573356960466092,lhs_candidate_000004_june2024_preflight,pa1_candidate_000004
2024-06-07T23:00,30.6,71.0,0.0,0.0,0.0,1.0,100740.0,24.8,1.25,0.01,29.6,0.159,0,0,0,1.0,30.50058337081038,72.68641323861057,0.02264818512601725,34.75019822878461,0.23472684484222595,0.0,1.1926272471350337,0.0,0.0016375168950633913,4.515008833922566e-07,0.5230052150754688,0.0,0.0,1.1557669610599297,lhs_candidate_000004_june2024_preflight,pa1_candidate_000004
2024-06-08T00:00,30.4,73.0,0.0,0.0,0.0,1.1,100700.0,25.0,1.16,0.01,29.2,0.159,0,0,0,1.0,30.499376640874825,73.24208730600878,0.022819843324805827,34.607143640064415,0.23464533145106128,0.0,1.1682835921780002,0.0,0.001788874956423673,4.41859432612941e-07,0.5225020459942055,0.0,0.0,1.1553126415138626,lhs_candidate_000004_june2024_preflight,pa1_candidate_000004
2024-06-08T01:00,30.1,75.0,0.0,0.0,0.0,1.2,100630.0,25.3,1.05,0.01,28.9,0.159,0,0,0,1.0,30.263011176434137,74.92338730964451,0.02304816732698858,34.4649217956313,0.23456873152176666,0.0,1.080174132319922,0.0,0.0019758045960572494,4.081656307379506e-07,0.5220292069244856,0.0,0.0,1.1554089328833743,lhs_candidate_000004_june2024_preflight,pa1_candidate_000004
2024-06-08T02:00,28.4,86.0,0.0,0.0,0.0,1.22,100590.0,25.8,0.54,0.0,28.5,0.159,0,0,0,1.0,29.13983654631618,82.67178860647854,0.02393017050787085,34.312962916223434,0.23450667864395516,0.0,0.6997412040059214,0.0,0.0022928560531083,2.642173450126599e-07,0.521646164468859,0.0,0.0,1.159240942151404,lhs_candidate_000004_june2024_preflight,pa1_candidate_000004
2024-06-08T03:00,28.3,86.0,0.0,0.0,0.0,1.02,100570.0,25.7,0.54,0.0,28.2,0.159,0,0,0,1.0,28.483175281553844,85.64085203185095,0.023917175008043884,34.140251896385436,0.23446578757400233,0.0,0.5582238454165624,0.0,0.00172105394520581,2.106793953526185e-07,0.5213937504568045,0.0,0.0,1.16153364205027,lhs_candidate_000004_june2024_preflight,pa1_candidate_000004
2024-06-08T04:00,28.6,84.0,0.0,0.0,0.0,1.1,100580.0,25.7,0.61,0.0,28.1,0.159,0,0,0,1.0,28.56183318852877,84.7269465862908,0.023763939741246045,33.96731008469688,0.23442715432239722,0.0,0.5964675295520974,0.0,0.0017522524622816287,2.2500999041783608e-07,0.5211552735950445,0.0,0.0,1.1613462888789348,lhs_candidate_000004_june2024_preflight,pa1_candidate_000004
2024-06-08T05:00,28.7,84.0,0.0,0.0,0.0,1.0,100640.0,25.7,0.64,0.0,27.9,0.159,0,0,0,1.0,28.712758128574677,84.37640730100698,0.023861564569442203,33.803143377539655,0.23438572693304596,0.0,0.6155169779920766,0.0,0.0015802790969312436,2.3208222311994467e-07,0.5208995489694196,0.0,0.0,1.161458083720776,lhs_candidate_000004_june2024_preflight,pa1_candidate_000004
2024-06-08T06:00,28.5,86.0,22.0,7.0,15.0,1.22,100730.0,25.9,0.55,0.02,28.1,0.159,1,0,0,1.0,28.683644660109834,86.19586037859798,0.02433738133556067,33.64986880879074,0.2342984796682082,2463.736,0.5429203676755203,18.7,0.00201725621406063,7.327672381109447e-07,0.5203609856062233,0.0,0.0,1.1626088775667414,lhs_candidate_000004_june2024_preflight,pa1_candidate_000004
2024-06-08T07:00,29.9,77.0,134.0,48.0,86.0,1.08,100720.0,25.5,0.97,0.11,30.1,0.159,0,0,0,1.0,29.693296701647668,84.5178380726127,0.025210972345583987,33.5369289110145,0.24442443891708393,14817.686399999999,0.6454498326317086,113.89999999999999,0.0018225968636289014,3.876465037823158e-06,0.5828669068955799,0.0,0.0,1.1586178116382675,lhs_candidate_000004_june2024_preflight,pa1_candidate_000004
2024-06-08T08:00,31.4,65.0,379.0,260.0,119.0,0.78,100770.0,24.2,1.59,0.28,31.7,0.158,0,0,0,1.0,31.69340328641042,84.22135597293791,0.0279750453886959,33.53790645248306,0.24313928706687754,37538.705599999994,0.7373382362293368,322.15,0.0014575402497937913,1.0361925742713748e-05,0.5749338707831947,0.0,0.0,1.1515874038641798,lhs_candidate_000004_june2024_preflight,pa1_candidate_000004
2024-06-08T09:00,32.6,60.0,550.0,375.0,175.0,0.58,100770.0,23.8,1.97,0.42,33.2,0.157,0,1,0,1.0,33.60515279781763,69.77349291130074,0.02564580881209272,33.672165589126465,0.24085726331901788,54556.92,1.5728143814936493,467.5,0.0031057072649058872,1.4872789027607207e-05,0.560847304438382,0.0,0.0,1.144410518206024,lhs_candidate_000004_june2024_preflight,pa1_candidate_000004
2024-06-08T10:00,33.3,58.0,668.0,405.0,263.0,0.63,100740.0,23.9,2.15,0.52,34.4,0.156,0,1,0,1.0,34.9596407539941,65.76010048186566,0.025945379140526123,33.90038579444319,0.23793948203015813,68036.97119999999,1.9209100457647201,567.8,0.0035006852884919204,1.748776998308231e-05,0.5428363088281366,0.0,0.0,1.1390403465069339,lhs_candidate_000004_june2024_preflight,pa1_candidate_000004
2024-06-08T11:00,33.8,57.0,690.0,398.0,292.0,0.81,100700.0,24.0,2.26,0.55,35.2,0.154,0,1,0,1.0,35.76496397815458,62.709837704468875,0.025797585087518025,34.17566196146051,0.23478964586953793,70993.2608,2.1869975768705494,586.5,0.0037824752886514495,1.7493545675598447e-05,0.5233928757378885,0.0,0.0,1.13561984470851,lhs_candidate_000004_june2024_preflight,pa1_candidate_000004
2024-06-08T12:00,34.3,56.0,851.0,576.0,275.0,0.78,100620.0,24.2,2.39,0.67,36.1,0.153,0,1,0,1.0,36.671462042655875,61.5729099097676,0.026541564593221913,34.499167268461974,0.23135676381019715,84563.16,2.3684135917177978,723.35,0.0039279637240362784,2.058229473531098e-05,0.5022022457419577,0.0,0.0,1.1313976250026438,lhs_candidate_000004_june2024_preflight,pa1_candidate_000004
2024-06-08T13:00,34.5,56.0,864.0,715.0,149.0,1.14,100570.0,24.5,2.39,0.68,36.5,0.151,0,1,0,1.0,37.22749110945806,59.01403725686887,0.02617406468165028,34.867952156152825,0.2277007802417257,81274.1776,2.6038316962944594,734.4,0.004369868176069088,2.0026835205854954e-05,0.47963444593657834,0.0,0.0,1.1288095647516314,lhs_candidate_000004_june2024_preflight,pa1_candidate_000004
2024-06-08T14:00,34.0,55.0,792.0,601.0,191.0,1.56,100500.0,23.8,2.38,0.63,36.4,0.15,0,1,0,1.0,36.90160847164849,55.87246632368864,0.024370519683558415,35.21685457848159,0.22430946112752176,76415.8384,2.7541164358923202,673.1999999999999,0.004861051145030016,1.767862891091858e-05,0.45870037733038127,0.0,0.0,1.1292094965063657,lhs_candidate_000004_june2024_preflight,pa1_candidate_000004
2024-06-08T15:00,33.0,61.0,493.0,324.0,169.0,1.3,100460.0,24.4,1.98,0.4,35.6,0.149,0,1,0,1.0,35.45371604872935,59.695140122525515,0.024164752572449336,35.458506500877306,0.22175289492446928,49329.8256,2.3236657090015855,419.05,0.004440137354333463,1.082124257027019e-05,0.44291910447203264,0.0,0.0,1.1340559233332357,lhs_candidate_000004_june2024_preflight,pa1_candidate_000004
2024-06-08T16:00,32.5,64.0,348.0,161.0,187.0,0.82,100460.0,24.7,1.78,0.28,34.8,0.149,0,1,0,1.0,34.18328149270021,64.00553214818567,0.02425025967029955,35.566509070532625,0.22010352297764113,37203.108799999995,1.9342648348758913,295.8,0.003668942187137648,7.555039738325537e-06,0.4327377961582786,0.0,0.0,1.1387438107838708,lhs_candidate_000004_june2024_preflight,pa1_candidate_000004
2024-06-08T17:00,31.6,68.0,169.0,42.0,127.0,0.72,100450.0,24.9,1.51,0.14,33.9,0.149,0,1,0,1.0,32.859410744838854,66.96839690325803,0.023665603533158032,35.576452434677776,0.21908068897263544,19340.1648,1.6484805262497852,143.65,0.0033735438562361294,3.834326473071694e-06,0.4264240060039225,0.0,0.0,1.1435564486711596,lhs_candidate_000004_june2024_preflight,pa1_candidate_000004
2024-06-08T18:00,31.0,69.0,52.0,21.0,31.0,0.4,100560.0,24.8,1.37,0.04,32.8,0.152,1,1,0,1.0,31.682750519412817,68.4503066883201,0.022723598312844748,35.494486260386346,0.21860496047216954,5666.6544,1.473432270402529,44.199999999999996,0.0027460714399140814,1.4678501132700203e-06,0.42348741032203424,0.0,0.0,1.1492277090130891,lhs_candidate_000004_june2024_preflight,pa1_candidate_000004
2024-06-08T19:00,30.6,73.0,0.0,0.0,0.0,0.85,100620.0,25.2,1.18,0.03,31.8,0.152,0,0,0,1.0,30.92339120318473,72.64116951087117,0.023154479836119502,35.35749833657319,0.22896230449255217,0.0,1.2237701423193372,0.0,0.00157210831864161,4.3177004700282387e-07,0.48742163267007516,0.0,0.0,1.1527850725211248,lhs_candidate_000004_june2024_preflight,pa1_candidate_000004
2024-06-08T20:00,30.2,75.0,0.0,0.0,0.0,0.57,100680.0,25.2,1.09,0.0,31.3,0.152,0,0,0,1.0,30.44005763317928,74.98535024582732,0.023288459048358107,35.19983095821804,0.22888906189417663,0.0,1.088473863342744,0.0,0.001145971430489676,3.836786560004265e-07,0.48696951786528786,0.0,0.0,1.1553088789621144,lhs_candidate_000004_june2024_preflight,pa1_candidate_000004
2024-06-08T21:00,30.1,75.0,0.0,0.0,0.0,0.58,100710.0,25.2,1.06,0.0,30.9,0.151,0,0,0,1.0,30.213249263665546,75.78769036106934,0.023251529611068127,35.038375508845114,0.2288220643226614,0.0,1.039977032663355,0.0,0.001035390957872301,3.662725704058783e-07,0.48655595260902096,0.0,0.0,1.1565171503436147,lhs_candidate_000004_june2024_preflight,pa1_candidate_000004
2024-06-08T22:00,29.9,76.0,0.0,0.0,0.0,0.81,100740.0,25.3,1.0,0.0,30.6,0.151,0,0,0,1.0,30.039488840831524,76.29062306064881,0.023187212083719197,34.87756527167256,0.22875704071481767,0.0,1.0082851246626041,0.0,0.0013848204718973581,3.5481795830648474e-07,0.48615457231368936,0.0,0.0,1.1575246665322154,lhs_candidate_000004_june2024_preflight,pa1_candidate_000004
2024-06-08T23:00,29.7,78.0,0.0,0.0,0.0,0.86,100740.0,25.4,0.94,0.0,30.4,0.151,0,0,0,1.0,29.843610139746602,77.94742718883538,0.0234411181658724,34.71703360562481,0.22869557924131073,0.0,0.9273442402282339,0.0,0.001460461987167717,3.26079997156073e-07,0.4857751805019181,0.0,0.0,1.1582729807559031,lhs_candidate_000004_june2024_preflight,pa1_candidate_000004
2024-06-09T00:00,29.4,79.0,0.0,0.0,0.0,0.98,100690.0,25.5,0.85,0.0,30.1,0.151,0,0,0,1.0,29.586148899855324,78.89170414009301,0.023396449625758108,34.556047728369066,0.2286386972473525,0.0,0.874596593840054,0.0,0.0016641344833990316,3.07310171616001e-07,0.48542405708242287,0.0,0.0,1.158682659997288,lhs_candidate_000004_june2024_preflight,pa1_candidate_000004
2024-06-09T01:00,29.1,81.0,0.0,0.0,0.0,1.14,100620.0,25.5,0.77,0.0,29.8,0.151,0,0,0,1.0,29.292846274553433,80.57624307363379,0.023518501505458055,34.39319104881979,0.2285858945555041,0.0,0.7913177167106729,0.0,0.0019031159358579392,2.778614729956404e-07,0.4850981145401488,0.0,0.0,1.1590000247904697,lhs_candidate_000004_june2024_preflight,pa1_candidate_000004
2024-06-09T02:00,28.9,81.0,0.0,0.0,0.0,1.14,100550.0,25.4,0.74,0.0,29.5,0.151,0,0,0,1.0,29.05547430653199,80.93728083774432,0.023320752007749117,34.22873026165657,0.22853697355484393,0.0,0.7660424262977097,0.0,0.001882098782441283,2.6881891757473587e-07,0.4847961330545921,0.0,0.0,1.1591034450285758,lhs_candidate_000004_june2024_preflight,pa1_candidate_000004
2024-06-09T03:00,28.8,82.0,0.0,0.0,0.0,0.99,100530.0,25.4,0.7,0.0,29.4,0.151,0,0,0,1.0,28.912730709041107,81.94436113210838,0.023428001810151373,34.06461439962313,0.2284899904036077,0.0,0.7196111511669074,0.0,0.0016315303432080956,2.523742282322893e-07,0.4845061136025167,0.0,0.0,1.1594205325507863,lhs_candidate_000004_june2024_preflight,pa1_candidate_000004
2024-06-09T04:00,28.7,83.0,0.0,0.0,0.0,0.92,100540.0,25.4,0.68,0.0,29.3,0.151,0,0,0,1.0,28.808771640713108,82.96012117314939,0.02358431104645846,33.90256089841016,0.22844599877598443,0.0,0.6750558011327423,0.0,0.0015242272502064894,2.3661556715412235e-07,0.4842345603455829,0.0,0.0,1.1599350710551903,lhs_candidate_000004_june2024_preflight,pa1_candidate_000004
2024-06-09T05:00,28.7,82.0,0.0,0.0,0.0,0.85,100450.0,25.4,0.69,0.0,29.3,0.151,0,0,0,1.0,28.767032046575817,82.48860341257674,0.02339691350209151,33.74338805895812,0.2284031772269343,0.0,0.692061550522066,0.0,0.001388514190642756,2.4244388082744154e-07,0.4839702297958907,0.0,0.0,1.159056952299856,lhs_candidate_000004_june2024_preflight,pa1_candidate_000004
2024-06-09T06:00,28.7,82.0,13.0,4.0,9.0,1.22,100540.0,25.4,0.69,0.03,29.3,0.151,1,0,0,1.0,28.787953154629886,82.52453065772008,0.023433844118789227,33.59136450657603,0.22833335388067322,1460.6416,0.6914785842504219,11.049999999999999,0.0019658272912060704,5.320941190102975e-07,0.48353922148563716,0.0,0.0,1.1600150480566966,lhs_candidate_000004_june2024_preflight,pa1_candidate_000004
2024-06-09T07:00,29.0,80.0,82.0,35.0,47.0,1.1,100520.0,25.3,0.78,0.07,29.6,0.15,0,0,0,1.0,29.11882660890492,83.55092241623379,0.02415700598650369,33.464139561694445,0.2386165748143675,8869.5728,0.6634351423071534,69.7,0.0018007227138184386,2.332555813474905e-06,0.5470158939158487,0.0,0.0,1.1585147528928719,lhs_candidate_000004_june2024_preflight,pa1_candidate_000004
2024-06-09T08:00,29.7,75.0,175.0,54.0,121.0,0.71,100620.0,24.8,1.04,0.14,30.2,0.15,0,0,0,1.0,29.918550741649916,84.6721594540355,0.025566908492798093,33.387201939166864,0.23798815590953273,19657.070399999997,0.647338045789505,148.75,0.001308018654364229,4.640567593055123e-06,0.5431367648736589,0.0,0.0,1.1566071948808612,lhs_candidate_000004_june2024_preflight,pa1_candidate_000004
2024-06-09T09:00,30.8,68.0,322.0,85.0,237.0,0.22,100670.0,24.1,1.44,0.25,31.3,0.15,0,0,0,1.0,31.266779427564924,88.40872006661162,0.02870392814037702,33.38692250022335,0.23683381888830188,36674.2288,0.5287104784200958,273.7,0.001053557290684693,8.169621910099156e-06,0.5360112277055672,0.0,0.0,1.1520569026166112,lhs_candidate_000004_june2024_preflight,pa1_candidate_000004
2024-06-09T10:00,32.4,60.0,570.0,267.0,303.0,0.4,100670.0,23.6,1.95,0.44,33.1,0.149,0,1,0,1.0,33.315566166191566,70.74726327819802,0.025610338348829333,33.50751803835756,0.23479942101903756,60820.2672,1.4977025336444374,484.5,0.002913663490243636,1.4335795377713684e-05,0.5234532161668985,0.0,0.0,1.1443551600236304,lhs_candidate_000004_june2024_preflight,pa1_candidate_000004
2024-06-09T11:00,33.8,54.0,848.0,663.0,185.0,0.91,100610.0,23.3,2.4,0.66,35.0,0.147,0,1,0,1.0,35.627972825901075,62.34321116481554,0.02546558366599417,33.78533583799948,0.2316517085041199,81132.744,2.191925386017055,720.8,0.0038115624345078985,2.0522747968812874e-05,0.5040228920007401,0.0,0.0,1.135108265611749,lhs_candidate_000004_june2024_preflight,pa1_candidate_000004
2024-06-09T12:00,34.4,53.0,868.0,685.0,183.0,1.6,100560.0,23.4,2.57,0.69,36.1,0.146,0,1,0,1.0,36.90490031751951,56.320829138416286,0.02457023443182568,34.160688910682445,0.22798050601423125,82822.3792,2.726622105097685,737.8,0.004786182255886951,2.0230567104382952e-05,0.4813611482359954,0.0,0.0,1.1298716554804555,lhs_candidate_000004_june2024_preflight,pa1_candidate_000004
2024-06-09T13:00,34.0,55.0,684.0,417.0,267.0,1.3,100560.0,23.7,2.39,0.55,36.1,0.144,0,1,0,1.0,36.613224913486896,56.0884415983116,0.024105195547712305,34.50254819185683,0.22477287714882005,69585.7008,2.6978493720642573,581.4,0.004491066549565811,1.5469798347130694e-05,0.4615609700544448,0.0,0.0,1.1309355512082628,lhs_candidate_000004_june2024_preflight,pa1_candidate_000004
2024-06-09T14:00,33.5,59.0,605.0,303.0,302.0,1.55,100480.0,24.3,2.15,0.49,35.9,0.143,0,1,0,1.0,35.85620945580315,58.96414852358056,0.024371395624131768,34.765177880712976,0.22219363838967313,63865.08479999999,2.4187708693720604,514.25,0.00468426046675746,1.3221582031808267e-05,0.4456397431461304,0.0,0.0,1.1328042469986372,lhs_candidate_000004_june2024_preflight,pa1_candidate_000004
2024-06-09T15:00,33.2,59.0,407.0,191.0,216.0,0.98,100430.0,24.2,2.06,0.33,35.3,0.143,0,1,0,1.0,35.00767141128529,59.61131815282197,0.02357825372279031,34.94456698061668,0.22021229145988166,43415.39839999999,2.2718898960199456,345.95,0.0038710795970508,8.852671979395679e-06,0.43340920654247944,0.0,0.0,1.135358270122671,lhs_candidate_000004_june2024_preflight,pa1_candidate_000004
2024-06-09T16:00,32.0,64.0,331.0,155.0,176.0,0.81,100490.0,24.5,1.69,0.26,34.6,0.144,0,1,0,1.0,33.77678979893731,63.418879758860555,0.023521304422004546,35.038631073881604,0.21877964043968878,35320.102399999996,1.9217918169353014,281.34999999999997,0.00370402528260632,7.075472489804978e-06,0.42456568172647396,0.0,0.0,1.1405924643665097,lhs_candidate_000004_june2024_preflight,pa1_candidate_000004
2024-06-09T17:00,30.1,75.0,193.0,111.0,82.0,0.64,100460.0,25.1,1.07,0.15,33.3,0.154,0,1,0,1.0,31.798652963968642,71.88624553471178,0.024012220453871875,35.04908253164163,0.21777275810488367,19868.9568,1.3216114488935644,164.04999999999998,0.0035359222943597652,4.126064715512817e-06,0.41835035867212145,0.0,0.0,1.1476485262227434,lhs_candidate_000004_june2024_preflight,pa1_candidate_000004
2024-06-09T18:00,30.0,74.0,30.0,8.0,22.0,0.64,100560.0,24.8,1.11,0.04,31.9,0.154,1,1,0,1.0,30.521171998742602,73.41299481813726,0.022899952100056423,34.955200404260104,0.2173212528321327,3414.0128,1.1622681155750372,25.5,0.002845014207724982,9.249055845220372e-07,0.41556328908723883,0.0,0.0,1.1536236423292558,lhs_candidate_000004_june2024_preflight,pa1_candidate_000004
2024-06-09T19:00,29.6,75.0,0.0,0.0,0.0,0.63,100700.0,24.7,1.04,0.02,31.2,0.155,0,0,0,1.0,29.89788029907625,75.19234177987423,0.02267908639579776,34.80427688581121,0.22774112750979308,0.0,1.0464552730536023,0.0,0.0012709241649253137,3.63499944673658e-07,0.4798835031468709,0.0,0.0,1.1576057323839206,lhs_candidate_000004_june2024_preflight,pa1_candidate_000004
2024-06-09T20:00,29.2,78.0,0.0,0.0,0.0,0.45,100790.0,24.9,0.9,0.0,30.6,0.155,0,0,0,1.0,29.4484100227951,77.68829061255852,0.022868006342952153,34.639382696448045,0.22767939325265418,0.0,0.9171575171525266,0.0,0.0010150997547635993,3.183336859366554e-07,0.4795024274855197,0.0,0.0,1.1603613436767324,lhs_candidate_000004_june2024_preflight,pa1_candidate_000004
2024-06-09T21:00,29.0,79.0,0.0,0.0,0.0,0.51,100830.0,25.1,0.83,0.0,30.3,0.155,0,0,0,1.0,29.166127126848465,79.2745448503948,0.022979655826617554,34.470682175529156,0.22762499795479665,0.0,0.8381984629928643,0.0,0.0009986933963009924,2.907242810240687e-07,0.4791666540419547,0.0,0.0,1.1619057492313565,lhs_candidate_000004_june2024_preflight,pa1_candidate_000004
2024-06-09T22:00,28.8,81.0,0.0,0.0,0.0,0.72,100810.0,25.3,0.75,0.0,30.0,0.155,0,0,0,1.0,28.957922437247344,80.84822231338318,0.023171621983247213,34.30148403817379,0.2275748410885533,0.0,0.7652949918350926,0.0,0.0012720406205694642,2.6526662334731847e-07,0.4788570437565019,0.0,0.0,1.1624758764617187,lhs_candidate_000004_june2024_preflight,pa1_candidate_000004
2024-06-09T23:00,28.7,83.0,0.0,0.0,0.0,0.78,100850.0,25.4,0.68,0.0,29.8,0.155,0,0,0,1.0,28.81744009242856,82.80648195502656,0.023551769698463922,34.13302577349438,0.22752973544223973,0.0,0.6814841875611006,0.0,0.001324367254094102,2.3607876723138953e-07,0.478578613840986,0.0,0.0,1.163478156318042,lhs_candidate_000004_june2024_preflight,pa1_candidate_000004
2024-06-10T00:00,28.5,84.0,0.0,0.0,0.0,0.76,100850.0,25.5,0.62,0.0,29.5,0.155,0,0,0,1.0,28.654382987328017,83.86925359887395,0.023642646826339382,33.96623711616033,0.22748887902123513,0.0,0.6333518278150754,0.0,0.0013255469379476132,2.1928920334768568e-07,0.478326413711328,0.0,0.0,1.1641067534846543,lhs_candidate_000004_june2024_preflight,pa1_candidate_000004
2024-06-10T01:00,28.2,86.0,0.0,0.0,0.0,0.86,100800.0,25.6,0.54,0.0,29.3,0.155,0,0,0,1.0,28.40054049451781,85.44265783398707,0.023754177142506962,33.79947663691535,0.22745144379993434,0.0,0.5632214005011313,0.0,0.0015021185511214872,1.9491331572762618e-07,0.4780953320983602,0.0,0.0,1.1645090544656633,lhs_candidate_000004_june2024_preflight,pa1_candidate_000004
2024-06-10T02:00,28.1,86.0,0.0,0.0,0.0,0.86,100750.0,25.5,0.54,0.0,29.1,0.156,0,0,0,1.0,28.226241862424782,85.95893116518515,0.023670652232296016,33.63212185584769,0.22741745835424115,0.0,0.5377743758302853,0.0,0.0014482291003068207,1.8602523306420862e-07,0.47788554539655037,0.0,0.0,1.1646045717935671,lhs_candidate_000004_june2024_preflight,pa1_candidate_000004
2024-06-10T03:00,28.0,86.0,0.0,0.0,0.0,0.86,100720.0,25.5,0.52,0.0,29.0,0.155,0,0,0,1.0,28.117537650034368,86.00110943826348,0.023541530042860696,33.466608262449846,0.22738415524685648,0.0,0.532780466137396,0.0,0.0014418054864363376,1.842184750037893e-07,0.47767997065960793,0.0,0.0,1.1646778820935524,lhs_candidate_000004_june2024_preflight,pa1_candidate_000004
2024-06-10T04:00,28.0,87.0,0.0,0.0,0.0,0.86,100710.0,25.5,0.51,0.0,28.9,0.155,0,0,0,1.0,28.075277113780746,86.90654070957339,0.02373428473302018,33.30402223432313,0.2273520086910005,0.0,0.49709707200371644,0.0,0.001410041786893506,1.7180889489191832e-07,0.47748153512963276,0.0,0.0,1.1647256296651054,lhs_candidate_000004_june2024_preflight,pa1_candidate_000004
2024-06-10T05:00,28.0,87.0,0.0,0.0,0.0,0.81,100740.0,25.5,0.51,0.0,28.8,0.156,0,0,0,1.0,28.06906458198367,87.12977152637971,0.023787138725517028,33.14574529286456,0.22732149553897227,0.0,0.4884454266560536,0.0,0.0013299081403282036,1.6875208072044882e-07,0.477293182339335,0.0,0.0,1.1650966131695075,lhs_candidate_000004_june2024_preflight,pa1_candidate_000004
2024-06-10T06:00,27.9,87.0,20.0,8.0,12.0,0.86,100780.0,25.6,0.49,0.02,28.8,0.156,1,0,0,1.0,28.051604641429165,87.68906931125758,0.023916903638643534,32.995996190323474,0.22725210262100207,2182.1888,0.4667446685264798,17.0,0.0014669406494728563,6.012120020423598e-07,0.4768648309938399,0.0,0.0,1.1656267931575786,lhs_candidate_000004_june2024_preflight,pa1_candidate_000004
2024-06-10T07:00,28.3,87.0,171.0,104.0,67.0,1.06,100790.0,25.9,0.49,0.12,29.4,0.157,0,0,0,1.0,28.589391355150926,92.98808783889126,0.026120313865730296,32.890554094354584,0.23734502564363918,17405.2208,0.2742781783259063,145.35,0.0018424889307063202,4.361532147662244e-06,0.5391668249607358,0.0,0.0,1.163664764058653,lhs_candidate_000004_june2024_preflight,pa1_candidate_000004
2024-06-10T08:00,28.9,83.0,310.0,175.0,135.0,0.67,100860.0,25.7,0.67,0.22,30.2,0.158,0,0,0,1.0,29.56605498496019,95.2174561570868,0.02820732414080252,32.8667712144945,0.2362585102351285,32029.624000000003,0.19792991354617495,263.5,0.0015905922368700115,7.693158629768411e-06,0.5324599397230155,0.0,0.0,1.1607159640761766,lhs_candidate_000004_june2024_preflight,pa1_candidate_000004
2024-06-10T09:00,30.1,75.0,416.0,136.0,280.0,0.81,100900.0,25.2,1.07,0.31,31.1,0.158,0,1,0,1.0,30.891829364591988,82.11870275997889,0.02613114645100938,32.92075332289793,0.23463534275583384,46459.07199999999,0.7983998534998102,353.59999999999997,0.0032062525359463404,1.0330940446956983e-05,0.5224403873816904,0.0,0.0,1.1561129824911196,lhs_candidate_000004_june2024_preflight,pa1_candidate_000004
2024-06-10T10:00,31.0,67.0,571.0,219.0,352.0,0.63,100900.0,24.2,1.47,0.43,32.4,0.157,0,1,0,1.0,32.32934339763477,74.65720218861897,0.025651979405621545,33.06001258237162,0.23245378757658322,62632.20479999999,1.2276011443516053,485.34999999999997,0.0033359982649449806,1.386322948330574e-05,0.5089739973863162,0.0,0.0,1.1506725863660352,lhs_candidate_000004_june2024_preflight,pa1_candidate_000004
2024-06-10T11:00,32.1,62.0,623.0,242.0,381.0,0.54,100860.0,23.9,1.83,0.48,33.5,0.156,0,1,0,1.0,33.665776313896544,68.92168849126439,0.025413583632751615,33.27024680492378,0.22987641537467463,68228.49440000001,1.6226199438117126,529.55,0.0033930485703412266,1.4754007858050163e-05,0.49306429243626315,0.0,0.0,1.1452062922726916,lhs_candidate_000004_june2024_preflight,pa1_candidate_000004
2024-06-10T12:00,32.8,60.0,663.0,289.0,374.0,0.45,100800.0,23.9,2.0,0.52,34.5,0.154,0,1,0,1.0,34.68787996125429,65.49290684298512,0.02547670837827015,33.521234336569336,0.2271756706815828,71502.21759999999,1.9070021838624855,563.55,0.0035011148022214738,1.5232550628915746e-05,0.4763930288986592,0.0,0.0,1.1407248998371444,lhs_candidate_000004_june2024_preflight,pa1_candidate_000004
2024-06-10T13:00,33.2,59.0,685.0,388.0,297.0,0.58,100740.0,24.0,2.1,0.54,35.1,0.153,0,1,0,1.0,35.33532635423798,63.03128793202532,0.025359028884785428,33.79703279941689,0.22443315326728164,70729.1728,2.117468576482754,582.25,0.003691504495300608,1.5227690392432713e-05,0.45946390905729406,0.0,0.0,1.1376531782375814,lhs_candidate_000004_june2024_preflight,pa1_candidate_000004
2024-06-10T14:00,32.8,60.0,480.0,144.0,336.0,0.89,100680.0,24.1,1.98,0.39,34.8,0.152,0,1,0,1.0,34.85787398154862,60.99551656720048,0.02393836658476982,34.030684892650044,0.22211635756325604,54061.2864,2.175928670868702,408.0,0.003893308687790845,1.0561403432498572e-05,0.44516270100775335,0.0,0.0,1.1387380608628315,lhs_candidate_000004_june2024_preflight,pa1_candidate_000004
2024-06-10T15:00,32.7,60.0,434.0,166.0,268.0,1.06,100640.0,23.8,1.99,0.35,34.6,0.151,0,1,0,1.0,34.34989851709282,61.38933694787628,0.02346267392169291,34.190685143641204,0.2203260334268954,47620.8832,2.09415346201876,368.9,0.003887100941622512,9.352032805463383e-06,0.4341113174499717,0.0,0.0,1.1401660367806392,lhs_candidate_000004_june2024_preflight,pa1_candidate_000004
2024-06-10T16:00,32.2,61.0,288.0,112.0,176.0,1.21,100670.0,23.7,1.88,0.24,34.0,0.151,0,1,0,1.0,33.610126636611795,61.11371982295832,0.022468714916947782,34.294008564454,0.21892138580798667,31536.102399999996,2.0239814592707708,244.79999999999998,0.003955127041288957,6.277343008886841e-06,0.4254406531357202,0.0,0.0,1.143256315144538,lhs_candidate_000004_june2024_preflight,pa1_candidate_000004
2024-06-10T17:00,31.2,66.0,128.0,44.0,84.0,0.73,100610.0,24.1,1.54,0.11,33.1,0.153,0,1,0,1.0,32.307142473660384,64.92681077545888,0.022282363119394657,34.307189420885784,0.21808775741742056,14219.3216,1.6968147273281176,108.8,0.0033013440780974386,2.9987376125120897e-06,0.42029479887296645,0.0,0.0,1.1474487921779195,lhs_candidate_000004_june2024_preflight,pa1_candidate_000004
2024-06-10T18:00,30.9,68.0,53.0,21.0,32.0,0.32,100690.0,24.3,1.42,0.04,32.2,0.152,1,1,0,1.0,31.40041277415274,68.0132134622883,0.022240511907607927,34.24347187643662,0.21768728453461642,5789.8368,1.4701207055968797,45.05,0.002535312231128993,1.4664948381473668e-06,0.4178227440408421,0.0,0.0,1.1517801702825003,lhs_candidate_000004_june2024_preflight,pa1_candidate_000004
2024-06-10T19:00,30.5,71.0,0.0,0.0,0.0,0.7,100800.0,24.6,1.26,0.03,31.4,0.152,0,0,0,1.0,30.79467237008371,71.26622949627672,0.022559733727545044,34.13903255204512,0.22804495668170022,0.0,1.2758776997779004,0.0,0.0013551800394089786,4.449249229875151e-07,0.48175899186234705,0.0,0.0,1.1553363710791071,lhs_candidate_000004_june2024_preflight,pa1_candidate_000004
2024-06-10T20:00,30.1,74.0,0.0,0.0,0.0,0.71,100860.0,24.9,1.13,0.0,30.9,0.152,0,0,0,1.0,30.320924091330312,73.84174238979324,0.02278649446386923,34.01393902499163,0.22796921129408068,0.0,1.1305068192378527,0.0,0.001309712483048284,3.938484773024323e-07,0.4812914277412388,0.0,0.0,1.1578287397887916,lhs_candidate_000004_june2024_preflight,pa1_candidate_000004
2024-06-10T21:00,29.8,76.0,0.0,0.0,0.0,0.76,100940.0,25.2,1.0,0.0,30.4,0.152,0,0,0,1.0,29.978066128069607,76.0113447512683,0.02302575246341659,33.883131377118914,0.2279021544319304,0.0,1.0165744094183742,0.0,0.001343911292866483,3.5385186152776636e-07,0.48087749649339756,0.0,0.0,1.1600577247299035,lhs_candidate_000004_june2024_preflight,pa1_candidate_000004
2024-06-10T22:00,29.5,79.0,0.0,0.0,0.0,0.81,101000.0,25.4,0.87,0.0,30.1,0.152,0,0,0,1.0,29.67780238648994,78.6785196173766,0.023449454331186587,33.74882015005903,0.22784238920458055,0.0,0.8880989706700979,0.0,0.0014141445571607466,3.0889463629032355e-07,0.480508575336917,0.0,0.0,1.1618981967301885,lhs_candidate_000004_june2024_preflight,pa1_candidate_000004
2024-06-10T23:00,29.2,81.0,0.0,0.0,0.0,0.85,101040.0,25.6,0.77,0.0,29.8,0.152,0,0,0,1.0,29.381983337048883,80.73080007657813,0.023678019759193376,33.611504494368525,0.227790066698293,0.0,0.7890650446231566,0.0,0.0014741469043982034,2.7426462276373007e-07,0.4801855969030432,0.0,0.0,1.1634949210180643,lhs_candidate_000004_june2024_preflight,pa1_candidate_000004
2024-06-11T00:00,28.9,83.0,0.0,0.0,0.0,0.82,101030.0,25.7,0.69,0.0,29.5,0.152,0,0,0,1.0,29.08652672149297,82.63871758683992,0.023851286699440078,33.471306322954916,0.22774354407812683,0.0,0.6989219832131419,0.0,0.001435079350911254,2.427872515144876e-07,0.47989842023535084,0.0,0.0,1.1645170513956997,lhs_candidate_000004_june2024_preflight,pa1_candidate_000004
2024-06-11T01:00,28.6,84.0,0.0,0.0,0.0,0.92,100990.0,25.6,0.63,0.0,29.2,0.152,0,0,0,1.0,28.79010492054127,83.70883337458633,0.023772932529943558,33.328306690295896,0.22770170434208087,0.0,0.644697759750104,0.0,0.001580277085314502,2.238306465920945e-07,0.4796401502597585,0.0,0.0,1.1651987749981947,lhs_candidate_000004_june2024_preflight,pa1_candidate_000004
2024-06-11T02:00,28.5,83.0,0.0,0.0,0.0,1.02,100970.0,25.4,0.65,0.0,29.0,0.151,0,0,0,1.0,28.61064178943286,83.21908335107754,0.023403367779000053,33.18362197325061,0.22766135757490977,0.0,0.657211887236957,0.0,0.0016752913538919502,2.2805690776978896e-07,0.47939109614141834,0.0,0.0,1.1656608496641394,lhs_candidate_000004_june2024_preflight,pa1_candidate_000004
2024-06-11T03:00,28.4,83.0,0.0,0.0,0.0,1.02,100940.0,25.3,0.65,0.0,28.7,0.151,0,0,0,1.0,28.501259559495402,83.10309066523796,0.02323141421574629,33.040065129982665,0.22762019346528686,0.0,0.6575709135214924,0.0,0.00166931027773553,2.2806054554561994e-07,0.47913699669930165,0.0,0.0,1.1657370673930443,lhs_candidate_000004_june2024_preflight,pa1_candidate_000004
2024-06-11T04:00,28.3,84.0,0.0,0.0,0.0,1.02,100950.0,25.2,0.63,0.0,28.4,0.151,0,0,0,1.0,28.400180201151652,83.92440012109542,0.02333162151411765,32.89826400221766,0.22758014376679953,0.0,0.6219495569752267,0.0,0.0016686394086092777,2.1559495111528333e-07,0.4788897763382687,0.0,0.0,1.166243348274903,lhs_candidate_000004_june2024_preflight,pa1_candidate_000004
2024-06-11T05:00,28.1,85.0,0.0,0.0,0.0,1.12,101000.0,25.2,0.59,0.0,28.1,0.151,0,0,0,1.0,28.24061375089901,84.74495675592898,0.023354746410630654,32.75771412144512,0.22754248204033195,0.0,0.5847579904443729,0.0,0.0018438282495848817,2.0260432236449893e-07,0.47865729654525896,0.0,0.0,1.1674387371712864,lhs_candidate_000004_june2024_preflight,pa1_candidate_000004
2024-06-11T06:00,27.9,86.0,22.0,9.0,13.0,1.12,101060.0,25.3,0.54,0.02,28.2,0.151,1,0,0,1.0,28.09465739513219,86.25210713709873,0.023580619801246372,32.62199165773216,0.22746421611468365,2393.3712,0.5225317692959952,18.7,0.001875027633695117,6.663031630407496e-07,0.47817417354742997,0.0,0.0,1.1686982380874644,lhs_candidate_000004_june2024_preflight,pa1_candidate_000004
2024-06-11T07:00,29.0,77.0,166.0,97.0,69.0,0.98,101050.0,24.6,0.91,0.12,29.8,0.151,0,0,0,1.0,28.990154138671382,85.94754788663498,0.024676423448024745,32.53075573090643,0.23755160736958703,17035.5856,0.5625757260215734,141.1,0.001547003462060937,4.359934759706047e-06,0.5404420207999199,0.0,0.0,1.1651190957988218,lhs_candidate_000004_june2024_preflight,pa1_candidate_000004
2024-06-11T08:00,30.7,65.0,413.0,333.0,80.0,0.5,101040.0,23.5,1.53,0.3,31.1,0.15,0,0,0,1.0,31.076712109617993,88.5186351325313,0.02844846341963785,32.558628548064505,0.23622463759104803,39158.592000000004,0.5180678869720596,351.05,0.0011905130953876646,1.0343250378848443e-05,0.532250849327457,0.0,0.0,1.1570135430163955,lhs_candidate_000004_june2024_preflight,pa1_candidate_000004
2024-06-11T09:00,32.1,59.0,625.0,528.0,97.0,0.32,101030.0,23.0,1.96,0.46,32.9,0.149,0,1,0,1.0,33.28026300422564,69.42769296649449,0.025085937420129267,32.732672136157916,0.2338805437684777,58412.6928,1.5621731610581482,531.25,0.0030444396466722595,1.5518743404371827e-05,0.5177811343733191,0.0,0.0,1.14857973057621,lhs_candidate_000004_june2024_preflight,pa1_candidate_000004
2024-06-11T10:00,33.1,55.0,798.0,694.0,104.0,0.36,101000.0,22.9,2.28,0.61,34.4,0.148,0,1,0,1.0,35.07262243240368,63.34430267970523,0.025139553047196114,33.027887375074016,0.23075721122304665,73882.9696,2.069320188711621,678.3,0.003499358599776534,1.910350362199604e-05,0.498501303845967,0.0,0.0,1.1415614945323938,lhs_candidate_000004_june2024_preflight,pa1_candidate_000004
2024-06-11T11:00,34.0,52.0,884.0,761.0,123.0,0.28,100930.0,22.9,2.52,0.68,35.7,0.146,0,1,0,1.0,36.45342408718429,58.696510381382524,0.025019618728032846,33.404589054377695,0.22720604174898634,82119.43519999999,2.5155480130974173,751.4,0.003693728330277527,2.030870397239784e-05,0.4765805046233725,0.0,0.0,1.1356825868272795,lhs_candidate_000004_june2024_preflight,pa1_candidate_000004
2024-06-11T12:00,34.6,51.0,878.0,743.0,135.0,0.36,100840.0,23.1,2.68,0.69,36.5,0.145,0,1,0,1.0,37.31711789352808,55.66792115911176,0.02480340896392913,33.81319218775095,0.22363669416908985,82013.624,2.8301651765721485,746.3,0.0038328869191239694,1.9347467996485497e-05,0.454547494870925,0.0,0.0,1.1315133329221185,lhs_candidate_000004_june2024_preflight,pa1_candidate_000004
2024-06-11T13:00,34.9,51.0,795.0,636.0,159.0,0.51,100740.0,23.3,2.73,0.63,36.8,0.143,0,1,0,1.0,37.608378884136194,53.986337185983075,0.02441459848893762,34.20483712255152,0.22037952701745075,75554.0016,2.984331629790256,675.75,0.003893284551031168,1.687621415216758e-05,0.43444152479907877,0.0,0.0,1.1293317761108705,lhs_candidate_000004_june2024_preflight,pa1_candidate_000004
2024-06-11T14:00,35.2,50.0,708.0,556.0,152.0,0.86,100680.0,23.2,2.84,0.57,36.8,0.142,0,1,0,1.0,37.662598493282765,52.14462055039267,0.023647003206017553,34.553144256826485,0.21755342905189318,67651.7248,3.112918012438226,601.8,0.004024149283987704,1.4563267263675313e-05,0.41699647562897024,0.0,0.0,1.1284622658428443,lhs_candidate_000004_june2024_preflight,pa1_candidate_000004
2024-06-11T15:00,34.4,52.0,596.0,457.0,139.0,1.22,100640.0,23.2,2.6,0.48,36.5,0.141,0,1,0,1.0,36.935735186288305,51.953917772233744,0.022701010905830904,34.844127048435425,0.21517033696703958,57338.3536,3.0042658988380375,506.59999999999997,0.004381959600471786,1.1938750890897344e-05,0.40228603066073815,0.0,0.0,1.1306580755546658,lhs_candidate_000004_june2024_preflight,pa1_candidate_000004
2024-06-11T16:00,33.0,58.0,321.0,186.0,135.0,1.08,100670.0,23.8,2.09,0.27,35.4,0.141,0,1,0,1.0,35.08006750197196,56.10890049559242,0.0222766494200112,35.016586329811055,0.2135147173153441,32997.624,2.478798809578233,272.84999999999997,0.004079620153017459,6.5110177174555875e-06,0.3920661562675562,0.0,0.0,1.13780415666165,lhs_candidate_000004_june2024_preflight,pa1_candidate_000004
2024-06-11T17:00,32.7,60.0,204.0,103.0,101.0,0.71,100670.0,24.0,1.97,0.16,34.5,0.141,0,1,0,1.0,33.81722798149605,60.03462981616538,0.022313451846696506,35.06257724456671,0.21255186271435722,21505.4224,2.1043233814091726,173.4,0.003285215327464423,4.222971073892949e-06,0.3861226093478841,0.0,0.0,1.1424849952809462,lhs_candidate_000004_june2024_preflight,pa1_candidate_000004
2024-06-11T18:00,32.1,64.0,78.0,48.0,30.0,0.99,100720.0,24.4,1.72,0.07,33.5,0.141,1,1,0,1.0,32.84358297766982,63.11107382264418,0.02228382412561639,35.03386370051621,0.21200270848908379,7919.472,1.8393492096246296,66.3,0.003386516213086826,1.8871591638617087e-06,0.3827327684511345,0.0,0.0,1.146689529497053,lhs_candidate_000004_june2024_preflight,pa1_candidate_000004
2024-06-11T19:00,31.3,69.0,0.0,0.0,0.0,0.86,100790.0,25.0,1.4,0.03,32.6,0.14,0,0,0,1.0,31.779649045778314,67.86151375338628,0.022644879391498954,34.93977701638797,0.22230841422791003,0.0,1.5091876597697729,0.0,0.0016860694684149007,4.876013798956878e-07,0.4463482359747533,0.0,0.0,1.1514901838744451,lhs_candidate_000004_june2024_preflight,pa1_candidate_000004
2024-06-11T20:00,30.7,73.0,0.0,0.0,0.0,0.3,100860.0,25.3,1.2,0.0,31.9,0.14,0,0,0,1.0,31.023976074829356,72.53288364932294,0.023245074284052702,34.81064177620721,0.2222291117044672,0.0,1.2356709077831391,0.0,0.000954083691572058,3.9879337874227256e-07,0.44585871422510626,0.0,0.0,1.1551525943717345,lhs_candidate_000004_june2024_preflight,pa1_candidate_000004
2024-06-11T21:00,30.4,75.0,0.0,0.0,0.0,0.45,100900.0,25.6,1.07,0.0,31.4,0.14,0,0,0,1.0,30.594492967921184,75.22171499380097,0.023556938815008557,34.67167481587557,0.2221622300271053,0.0,1.0877447234717224,0.0,0.0009559129955039476,3.5072746341505893e-07,0.44544586436484757,0.0,0.0,1.1572447049628574,lhs_candidate_000004_june2024_preflight,pa1_candidate_000004
2024-06-11T22:00,30.1,78.0,0.0,0.0,0.0,0.54,100940.0,25.9,0.93,0.0,31.0,0.14,0,0,0,1.0,30.28410149838771,77.79625398694898,0.023959170753317157,34.52862356678489,0.222102789585957,0.0,0.9575808246043485,0.0,0.001054584089580363,3.085036818944024e-07,0.445078948061463,0.0,0.0,1.1588877221045393,lhs_candidate_000004_june2024_preflight,pa1_candidate_000004
2024-06-11T23:00,29.8,81.0,0.0,0.0,0.0,0.73,100930.0,26.2,0.8,0.0,30.6,0.14,0,0,0,1.0,29.98657148628721,80.55266142946317,0.024412655455946296,34.3827182528767,0.22205115156286087,0.0,0.824527875543843,0.0,0.0013091226160957753,2.654477890786462e-07,0.44476019483247453,0.0,0.0,1.1599102537643575,lhs_candidate_000004_june2024_preflight,pa1_candidate_000004
2024-06-12T00:00,29.6,83.0,0.0,0.0,0.0,0.92,100900.0,26.4,0.7,0.0,30.3,0.14,0,0,0,1.0,29.74881905419751,82.66857556425454,0.02473363900507459,34.234682539725284,0.22200644640473688,0.0,0.7248549462662721,0.0,0.0015517561152797452,2.3321438167477373e-07,0.44448423706627704,0.0,0.0,1.1604756573377715,lhs_candidate_000004_june2024_preflight,pa1_candidate_000004
2024-06-12T01:00,29.3,85.0,0.0,0.0,0.0,1.04,100870.0,26.4,0.62,0.0,29.8,0.14,0,0,0,1.0,29.486929660861524,84.45974864603025,0.02491326260872861,34.08543714692684,0.22196691689581638,0.0,0.640224792247647,0.0,0.0017522848023708664,2.058724480654549e-07,0.444240227751953,0.0,0.0,1.1611345486929763,lhs_candidate_000004_june2024_preflight,pa1_candidate_000004
2024-06-12T02:00,29.0,87.0,0.0,0.0,0.0,0.98,100860.0,26.7,0.51,0.0,29.4,0.14,0,0,0,1.0,29.194618190500908,86.36385161134567,0.02507349805186507,33.933956848366115,0.2219324113963189,0.0,0.5523935403184845,0.0,0.0016697160346939867,1.7754402202606995e-07,0.44402723084147466,0.0,0.0,1.162141928327019,lhs_candidate_000004_june2024_preflight,pa1_candidate_000004
2024-06-12T03:00,29.0,87.0,0.0,0.0,0.0,1.04,100850.0,26.6,0.52,0.0,29.1,0.14,0,0,0,1.0,29.076181760092666,86.98900661574831,0.025092735302573305,33.78163417934914,0.2219016247259003,0.0,0.5234773314302523,0.0,0.001683552965944044,1.6817809435474882e-07,0.4438371896660513,0.0,0.0,1.1624820802113884,lhs_candidate_000004_june2024_preflight,pa1_candidate_000004
2024-06-12T04:00,28.8,88.0,0.0,0.0,0.0,1.02,100870.0,26.6,0.48,0.0,28.9,0.14,0,0,0,1.0,28.94344907094263,87.63778471114901,0.025097749266292227,33.63154919418304,0.22187207597693748,0.0,0.49357448476551147,0.0,0.0016960211390063592,1.58506009875204e-07,0.44365478998109553,0.0,0.0,1.163223485382731,lhs_candidate_000004_june2024_preflight,pa1_candidate_000004
2024-06-12T05:00,28.7,88.0,0.0,0.0,0.0,1.1,100970.0,26.5,0.47,0.0,28.7,0.14,0,0,0,1.0,28.810717308400825,87.84741337556632,0.024976345751514795,33.482347779858316,0.22184403366024805,0.0,0.48149391002793207,0.0,0.0017959718022112741,1.5456613576150588e-07,0.44348168926079046,0.0,0.0,1.164888496884228,lhs_candidate_000004_june2024_preflight,pa1_candidate_000004
2024-06-12T06:00,28.6,88.0,23.0,11.0,12.0,1.5,101010.0,26.4,0.48,0.02,28.7,0.14,1,0,0,1.0,28.75692836253947,88.15115767659756,0.024989245335874145,33.34007234881178,0.2217743238929544,2446.1888,0.4679999706233047,19.55,0.002427592718386298,6.203182413362865e-07,0.4430513820552741,0.0,0.0,1.1655575993488139,lhs_candidate_000004_june2024_preflight,pa1_candidate_000004
2024-06-12T07:00,29.9,77.0,180.0,126.0,54.0,1.22,101070.0,25.5,0.97,0.13,30.4,0.14,0,0,0,1.0,29.848276883783562,84.45384823908762,0.02540420900359486,33.248522728569675,0.23185919956850584,17739.849599999998,0.65391454975039,153.0,0.0019459146713103922,4.436313956112267e-06,0.5053037010401595,0.0,0.0,1.1620493063146673,lhs_candidate_000004_june2024_preflight,pa1_candidate_000004
2024-06-12T08:00,31.8,64.0,398.0,300.0,98.0,1.03,101090.0,24.1,1.7,0.3,31.9,0.139,0,0,0,1.0,32.092134025444594,78.34781541898617,0.0265828198813301,33.27732041173101,0.23060220972419573,38471.8752,1.03488493372891,338.3,0.0017996089877151211,9.510540243452191e-06,0.49754450447034404,0.0,0.0,1.1537352563219816,lhs_candidate_000004_june2024_preflight,pa1_candidate_000004
2024-06-12T09:00,33.1,57.0,622.0,521.0,101.0,0.64,101080.0,23.3,2.19,0.47,33.9,0.138,0,1,0,1.0,34.32244452217503,65.03229788758227,0.024819339201641078,33.450954173924934,0.22842492360040212,58289.422399999996,1.8936779158153474,528.6999999999999,0.003280928193568713,1.4558546708676538e-05,0.4841044666691489,0.0,0.0,1.1452531141480276,lhs_candidate_000004_june2024_preflight,pa1_candidate_000004
2024-06-12T10:00,34.0,54.0,784.0,670.0,114.0,0.41,101070.0,23.3,2.47,0.6,35.4,0.137,0,1,0,1.0,36.03507500568319,60.433332555400355,0.025210495162687297,33.74522461066866,0.22551864939885158,73002.7936,2.3551823152909406,666.4,0.0035491621970749994,1.7659597424384226e-05,0.4661645024620468,0.0,0.0,1.138796681763724,lhs_candidate_000004_june2024_preflight,pa1_candidate_000004
2024-06-12T11:00,34.7,52.0,895.0,763.0,132.0,0.41,100980.0,23.3,2.67,0.7,36.6,0.136,0,1,0,1.0,37.30733702765662,56.81898485992117,0.025303621490708177,34.12159537805423,0.22218812171142202,83404.0768,2.7552162643594915,760.75,0.003805496416053919,1.92922568069273e-05,0.4456056895766792,0.0,0.0,1.1331199533175003,lhs_candidate_000004_june2024_preflight,pa1_candidate_000004
2024-06-12T12:00,35.4,49.0,946.0,823.0,123.0,0.61,100910.0,23.2,2.9,0.75,37.5,0.134,0,1,0,1.0,38.31105087175481,52.629891437677415,0.02466739695035814,34.54657903919842,0.2186957191001056,87575.43519999999,3.191322384079024,804.1,0.004026359556455362,1.9490733731298587e-05,0.424047648766084,0.0,0.0,1.1286854080187718,lhs_candidate_000004_june2024_preflight,pa1_candidate_000004
2024-06-12T13:00,35.6,49.0,877.0,712.0,165.0,0.71,100830.0,23.2,2.96,0.7,37.9,0.133,0,1,0,1.0,38.66345787669165,50.69237154661536,0.024187382180498113,34.9722110497416,0.21538446550088652,82981.096,3.3855320779642195,745.4499999999999,0.004144098922600244,1.7322885556513713e-05,0.40360781173386745,0.0,0.0,1.1265159899960175,lhs_candidate_000004_june2024_preflight,pa1_candidate_000004
2024-06-12T14:00,34.8,52.0,672.0,559.0,113.0,0.64,100750.0,23.6,2.64,0.53,37.4,0.133,0,1,0,1.0,37.774363249301615,51.62740911456183,0.023546197844295125,35.32345964341385,0.21267153292434307,63111.61119999999,3.1656745603348635,571.1999999999999,0.004070460288863434,1.2882927529581847e-05,0.38686131434779675,0.0,0.0,1.1288409355735238,lhs_candidate_000004_june2024_preflight,pa1_candidate_000004
2024-06-12T15:00,34.6,53.0,591.0,482.0,109.0,1.08,100770.0,23.7,2.56,0.47,37.0,0.132,0,1,0,1.0,36.97756259036679,52.92308380211737,0.023174117185451756,35.58210098893516,0.2105268594509874,55842.8816,2.9503812132841896,502.34999999999997,0.004187635573199542,1.0987320560146873e-05,0.37362258920362595,0.0,0.0,1.1319658931425238,lhs_candidate_000004_june2024_preflight,pa1_candidate_000004
2024-06-12T16:00,32.9,61.0,391.0,281.0,110.0,0.94,100740.0,24.2,1.97,0.31,36.1,0.133,0,1,0,1.0,35.282681466578595,58.22318840676516,0.023360693497020673,35.750364206252506,0.20889378642942547,38278.064000000006,2.385926898162631,332.34999999999997,0.004067022756203109,7.187181908534247e-06,0.3635418915396634,0.0,0.0,1.1378473587747375,lhs_candidate_000004_june2024_preflight,pa1_candidate_000004
2024-06-12T17:00,32.8,61.0,245.0,171.0,74.0,0.1,100720.0,24.2,1.95,0.17,35.1,0.133,0,1,0,1.0,34.08108145469956,61.15654647874579,0.02304715809700069,35.80323184163322,0.2078393753403461,24163.4976,2.075530494948768,208.25,0.0030375547155386817,4.572875155358984e-06,0.3570331811132476,0.0,0.0,1.1420707697685135,lhs_candidate_000004_june2024_preflight,pa1_candidate_000004
2024-06-12T18:00,32.2,64.0,83.0,52.0,31.0,0.92,100740.0,24.4,1.74,0.07,34.0,0.133,1,1,0,1.0,33.04010854329426,62.8810982252654,0.0224344234075794,35.768192508282475,0.20726377183894168,8394.654400000001,1.8713403177420949,70.55,0.0033543142104833674,1.8326642379685146e-06,0.35348007307988694,0.0,0.0,1.14618108872362,lhs_candidate_000004_june2024_preflight,pa1_candidate_000004
2024-06-12T19:00,31.5,69.0,0.0,0.0,0.0,0.71,100790.0,25.1,1.43,0.03,33.0,0.133,0,0,0,1.0,31.96912349458458,67.88958670402748,0.022884118839379124,35.657930641876106,0.21757543693437428,0.0,1.5241161273192376,0.0,0.0014960736232910504,4.601927414446682e-07,0.41713232675539685,0.0,0.0,1.150775125554283,lhs_candidate_000004_june2024_preflight,pa1_candidate_000004
2024-06-12T20:00,31.1,72.0,0.0,0.0,0.0,0.64,100870.0,25.4,1.26,0.0,32.3,0.132,0,0,0,1.0,31.347035811863297,71.71793527308348,0.02338510471708648,35.51366963554657,0.2174994923291207,0.0,1.2959177177263048,0.0,0.0012392495376213964,3.9085059489647994e-07,0.41666353289580677,0.0,0.0,1.1540414303300803,lhs_candidate_000004_june2024_preflight,pa1_candidate_000004
2024-06-12T21:00,30.7,75.0,0.0,0.0,0.0,0.71,100900.0,25.7,1.12,0.0,31.8,0.132,0,0,0,1.0,30.929455497364607,74.64511159477253,0.0238009851072386,35.36235765617791,0.21743365400113498,0.0,1.134524943481209,0.0,0.001316255369670477,3.41840555225124e-07,0.41625712346379623,0.0,0.0,1.1559699275763833,lhs_candidate_000004_june2024_preflight,pa1_candidate_000004
2024-06-12T22:00,30.4,78.0,0.0,0.0,0.0,0.72,100910.0,26.1,0.96,0.0,31.3,0.132,0,0,0,1.0,30.59239403835172,77.59041562254197,0.024295992742921737,35.206602738749325,0.21737629309856693,0.0,0.9836429641991282,0.0,0.0012998370561338357,2.9612661788553785e-07,0.4159030438183144,0.0,0.0,1.1573673948219259,lhs_candidate_000004_june2024_preflight,pa1_candidate_000004
2024-06-12T23:00,30.1,81.0,0.0,0.0,0.0,0.76,100920.0,26.5,0.82,0.0,30.9,0.132,0,0,0,1.0,30.29265161036325,80.46037274856543,0.02479107880509818,35.048124982183296,0.21732684667081678,0.0,0.8430978667489653,0.0,0.0013552681461169059,2.5362911598378424e-07,0.41559781895565917,0.0,0.0,1.1586254554385205,lhs_candidate_000004_june2024_preflight,pa1_candidate_000004
2024-06-13T00:00,29.8,84.0,0.0,0.0,0.0,0.72,100900.0,26.8,0.67,0.0,30.4,0.132,0,0,0,1.0,29.997120359923077,83.33142262367456,0.02526920631870958,34.887348132013315,0.21728490630107317,0.0,0.7071417731511125,0.0,0.0013040131596727096,2.1259692981047158e-07,0.4153389277844023,0.0,0.0,1.1595251366116053,lhs_candidate_000004_june2024_preflight,pa1_candidate_000004
2024-06-13T01:00,29.3,87.0,0.0,0.0,0.0,0.95,100810.0,27.0,0.52,0.0,29.9,0.132,0,0,0,1.0,29.58213071254304,85.9478866052474,0.025483506270093673,34.723301293394535,0.21725001935315377,0.0,0.582097653694881,0.0,0.0016825959698484703,1.7491260412976544e-07,0.4151235762540357,0.0,0.0,1.1600789486555718,lhs_candidate_000004_june2024_preflight,pa1_candidate_000004
2024-06-13T02:00,29.4,86.0,0.0,0.0,0.0,1.1,100800.0,26.8,0.57,0.0,29.4,0.132,0,0,0,1.0,29.451137403250737,86.17518632638361,0.025369930359283272,34.556460951790875,0.21721952065833106,0.0,0.568379744115528,0.0,0.0017600668556774356,1.7071309914727467e-07,0.4149353127057473,0.0,0.0,1.1604660107966545,lhs_candidate_000004_june2024_preflight,pa1_candidate_000004
2024-06-13T03:00,29.2,86.0,0.0,0.0,0.0,1.2,100740.0,26.7,0.55,0.0,29.1,0.132,0,0,0,1.0,29.344292018165177,85.76263124644606,0.025102382495728656,34.39299233743755,0.21718828698149556,0.0,0.5817487634890783,0.0,0.0019659313582226054,1.7464730191006186e-07,0.4147425122314541,0.0,0.0,1.1601849067138146,lhs_candidate_000004_june2024_preflight,pa1_candidate_000004
2024-06-13T04:00,28.6,90.0,0.0,0.0,0.0,1.3,100750.0,26.8,0.39,0.0,28.9,0.132,0,0,0,1.0,28.916320140471647,88.55958980094319,0.025324259477176203,34.228329934370855,0.21715972498371647,0.0,0.45605452084434495,0.0,0.002202425098900262,1.368543220417328e-07,0.4145662036031881,0.0,0.0,1.1619440026935923,lhs_candidate_000004_june2024_preflight,pa1_candidate_000004
2024-06-13T05:00,28.2,92.0,0.0,0.0,0.0,1.1,100780.0,26.7,0.32,0.0,28.6,0.132,0,0,0,1.0,28.462365566196823,90.89324709877187,0.02535514717079758,34.057281138087426,0.2171380983896701,0.0,0.35360542402315787,0.0,0.0018842916338267638,1.0607689467705971e-07,0.41443270610907473,0.0,0.0,1.1640393451807938,lhs_candidate_000004_june2024_preflight,pa1_candidate_000004
2024-06-13T06:00,28.3,92.0,24.0,13.0,11.0,1.22,100880.0,26.8,0.32,0.01,28.7,0.132,1,0,0,1.0,28.41396333365802,92.25394624024447,0.025666653548492714,33.889663488438764,0.2170795121300818,2499.0063999999998,0.2999272672586044,20.4,0.0019800055743228752,5.484746593754933e-07,0.4140710625313692,0.0,0.0,1.1653813936884128,lhs_candidate_000004_june2024_preflight,pa1_candidate_000004
2024-06-13T07:00,30.6,76.0,190.0,136.0,54.0,1.2,100900.0,25.9,1.05,0.14,31.0,0.132,0,0,0,1.0,30.186285412482135,84.55986102285418,0.025905086633323863,33.78299911284836,0.22717574058248532,18619.849599999998,0.6621678078914774,161.5,0.0021065947403500337,4.405176000841203e-06,0.4763934603857119,0.0,0.0,1.158802039362912,lhs_candidate_000004_june2024_preflight,pa1_candidate_000004
2024-06-13T08:00,32.3,64.0,407.0,327.0,80.0,1.08,100910.0,24.5,1.76,0.31,32.6,0.132,0,0,0,1.0,32.68784249537832,76.40143193409487,0.026755081654964406,33.81284424857857,0.2259487028019902,38630.592000000004,1.1664157101725867,345.95,0.0019235661987995682,9.200796457556975e-06,0.4688191530987049,0.0,0.0,1.1494376903030052,lhs_candidate_000004_june2024_preflight,pa1_candidate_000004
2024-06-13T09:00,33.6,56.0,613.0,510.0,103.0,1.22,100910.0,23.7,2.27,0.48,34.4,0.131,0,1,0,1.0,34.84673930840254,61.51831590461967,0.024129547284357213,33.98388043558807,0.22388475310173972,57567.7872,2.145441267680779,521.05,0.0038970799336792523,1.3609426176358563e-05,0.4560787228502452,0.0,0.0,1.1413807304405819,lhs_candidate_000004_june2024_preflight,pa1_candidate_000004
2024-06-13T10:00,34.6,53.0,773.0,664.0,109.0,1.17,100820.0,23.6,2.6,0.61,36.0,0.13,0,1,0,1.0,36.58770449425443,57.061920509577305,0.02449142213356582,34.270789016904395,0.22116801796718658,71858.88160000001,2.634365413251328,657.05,0.004132313092329299,1.6508013171729883e-05,0.4393087528838678,0.0,0.0,1.133953031747127,lhs_candidate_000004_june2024_preflight,pa1_candidate_000004
2024-06-13T11:00,35.3,51.0,877.0,752.0,125.0,0.89,100720.0,23.7,2.8,0.7,37.3,0.129,0,1,0,1.0,37.88393725497317,54.153851578691445,0.02483665798650163,34.639149862738634,0.21806501112119164,81573.8,3.0181870121742604,745.4499999999999,0.0040949221977081285,1.7921346237299194e-05,0.4201543896369855,0.0,0.0,1.1281072438283304,lhs_candidate_000004_june2024_preflight,pa1_candidate_000004
2024-06-13T12:00,36.2,48.0,902.0,752.0,150.0,0.54,100610.0,23.5,3.1,0.72,38.3,0.128,0,1,0,1.0,38.96989104361345,50.9815094518307,0.02470506280207394,35.05042550647499,0.21486242340533973,84653.36,3.4215773163209144,766.6999999999999,0.003929074810390612,1.7656921033564932e-05,0.40038532966259094,0.0,0.0,1.1229544775938178,lhs_candidate_000004_june2024_preflight,pa1_candidate_000004
2024-06-13T13:00,36.5,48.0,864.0,709.0,155.0,0.57,100580.0,23.6,3.2,0.69,38.7,0.127,0,1,0,1.0,39.49316460991622,49.31222959005003,0.02453462893025931,35.46685074555829,0.21181434265051202,81485.272,3.6387204096759835,734.4,0.004032085913413829,1.6218051733131613e-05,0.3815700163611853,0.0,0.0,1.12074069561553,lhs_candidate_000004_june2024_preflight,pa1_candidate_000004
2024-06-13T14:00,36.3,48.0,760.0,610.0,150.0,0.42,100480.0,23.5,3.15,0.6,38.6,0.126,0,1,0,1.0,39.27040729969989,48.42728678835432,0.023825693133614607,35.8451785144346,0.2091189241623411,72157.36,3.6583603868384627,646.0,0.003953465858812907,1.3764700734997782e-05,0.36493163063173517,0.0,0.0,1.1204247169574075,lhs_candidate_000004_june2024_preflight,pa1_candidate_000004
2024-06-13T15:00,35.8,50.0,572.0,436.0,136.0,0.67,100470.0,23.7,2.96,0.46,38.1,0.126,0,1,0,1.0,38.37604560773476,49.394201289716385,0.023227298248222585,36.13894849398678,0.20697094349944753,55120.8064,3.421283640222686,486.2,0.003928588733187699,1.015336101855078e-05,0.3516724907373305,0.0,0.0,1.1235295225517627,lhs_candidate_000004_june2024_preflight,pa1_candidate_000004
2024-06-13T16:00,34.9,52.0,314.0,178.0,136.0,1.2,100560.0,23.7,2.67,0.28,37.1,0.126,0,1,0,1.0,36.80610389219808,50.50885423228045,0.021923338577897303,36.303416496863406,0.20554567283154462,32416.806399999998,3.0728303313065597,266.9,0.004132795130312764,5.730773197923349e-06,0.34287452365151005,0.0,0.0,1.1302317944783065,lhs_candidate_000004_june2024_preflight,pa1_candidate_000004
2024-06-13T17:00,32.8,61.0,147.0,66.0,81.0,0.89,100540.0,24.3,1.93,0.13,35.6,0.127,0,1,0,1.0,34.46904565328291,57.83806604313239,0.022243468273667105,36.33017167116553,0.20477396156627709,15785.774399999998,2.301941017015954,124.95,0.003725793436705387,2.856910191215626e-06,0.33811087386590793,0.0,0.0,1.138591950621867,lhs_candidate_000004_june2024_preflight,pa1_candidate_000004
2024-06-13T18:00,32.2,63.0,60.0,36.0,24.0,0.64,100570.0,24.3,1.77,0.06,34.3,0.127,1,1,0,1.0,32.9244438328493,62.035515029540804,0.0219979028312292,36.254613521626176,0.20439375820972625,6124.3776,1.9015912665563222,51.0,0.0029828073345365604,1.3918040512618712e-06,0.3357639395662114,0.0,0.0,1.1446793017430252,lhs_candidate_000004_june2024_preflight,pa1_candidate_000004
2024-06-13T19:00,31.6,68.0,0.0,0.0,0.0,1.06,100660.0,24.9,1.5,0.04,33.3,0.127,0,0,0,1.0,32.00680409903388,67.09540014841434,0.022661829598726365,36.12448865771152,0.2147516459813498,0.0,1.5651414724341377,0.0,0.0019069231431106703,4.5283215219389747e-07,0.39970151840339385,0.0,0.0,1.149148929878203,lhs_candidate_000004_june2024_preflight,pa1_candidate_000004
2024-06-13T20:00,31.1,71.0,0.0,0.0,0.0,0.92,100690.0,25.3,1.3,0.01,32.5,0.127,0,0,0,1.0,31.38281841328301,70.48917505258139,0.02302847892009007,35.967904118390805,0.2146760002725538,0.0,1.354970943221089,0.0,0.001640262911784693,3.915669060439476e-07,0.3992345695836654,0.0,0.0,1.1518467142959308,lhs_candidate_000004_june2024_preflight,pa1_candidate_000004
2024-06-13T21:00,30.8,74.0,0.0,0.0,0.0,0.86,100750.0,25.6,1.15,0.0,31.9,0.127,0,0,0,1.0,30.99681123110127,73.62691111471739,0.023561328204133068,35.80431996354785,0.2146101216140782,0.0,1.1846202698737098,0.0,0.0014982567675805168,3.4198933389481463e-07,0.39882791119801353,0.0,0.0,1.153995820907206,lhs_candidate_000004_june2024_preflight,pa1_candidate_000004
2024-06-13T22:00,30.5,77.0,0.0,0.0,0.0,0.94,100760.0,26.0,1.0,0.0,31.3,0.127,0,0,0,1.0,30.691831170153563,76.52691854028284,0.02409149665926429,35.637794504988726,0.21455249097848372,0.0,1.036188888286989,0.0,0.0016094357317750253,2.988716902506959e-07,0.39847216653385015,0.0,0.0,1.1552687952395797,lhs_candidate_000004_june2024_preflight,pa1_candidate_000004
2024-06-13T23:00,30.2,79.0,0.0,0.0,0.0,0.89,100770.0,26.2,0.9,0.0,30.8,0.127,0,0,0,1.0,30.395221173106698,78.61496084960316,0.024356802493472194,35.46914848804063,0.21450165099200216,0.0,0.9281543983481311,0.0,0.0015400948763456927,2.675000708409562e-07,0.3981583394568035,0.0,0.0,1.1565124366610222,lhs_candidate_000004_june2024_preflight,pa1_candidate_000004
2024-06-14T00:00,29.7,84.0,0.0,0.0,0.0,0.95,100680.0,26.6,0.68,0.0,30.3,0.127,0,0,0,1.0,29.981256555970635,82.73437498028798,0.025066651389151727,35.297454335261946,0.21445823153992039,0.0,0.7318044743468288,0.0,0.001681806737586314,2.1076878399345327e-07,0.39789031814765674,0.0,0.0,1.157057484382086,lhs_candidate_000004_june2024_preflight,pa1_candidate_000004
2024-06-14T01:00,29.1,88.0,0.0,0.0,0.0,1.04,100660.0,26.9,0.47,0.0,29.8,0.127,0,0,0,1.0,29.4375366271668,86.54469429540062,0.025459906361716075,35.1194908293011,0.21442505916087826,0.0,0.5527549804462248,0.0,0.00184175579089818,1.5911837455303752e-07,0.39768555037579173,0.0,0.0,1.1589063409030491,lhs_candidate_000004_june2024_preflight,pa1_candidate_000004
2024-06-14T02:00,28.9,88.0,0.0,0.0,0.0,1.04,100630.0,26.7,0.47,0.0,29.4,0.127,0,0,0,1.0,29.0881541787011,87.53260961524168,0.025266006293285178,34.93552817083466,0.2143982585334266,0.0,0.5019532561489917,0.0,0.0017531815091026035,1.444342672149956e-07,0.39752011440386786,0.0,0.0,1.1599002264254819,lhs_candidate_000004_june2024_preflight,pa1_candidate_000004
2024-06-14T03:00,28.6,89.0,0.0,0.0,0.0,1.1,100610.0,26.7,0.41,0.0,29.0,0.127,0,0,0,1.0,28.813508041148626,88.2921431572814,0.02510661159436448,34.75036394754966,0.21437315620686803,0.0,0.4639483303794272,0.0,0.0018561764473164276,1.3344652297839895e-07,0.39736516177079034,0.0,0.0,1.1607244579558869,lhs_candidate_000004_june2024_preflight,pa1_candidate_000004
2024-06-14T04:00,28.4,90.0,0.0,0.0,0.0,1.2,100600.0,26.6,0.39,0.0,28.8,0.127,0,0,0,1.0,28.57726169022754,89.3497226825112,0.025081664901603632,34.56440189597184,0.21435039846292336,0.0,0.4163037523110069,0.0,0.0019839983954571404,1.197000712996859e-07,0.39722468186989734,0.0,0.0,1.161517822731375,lhs_candidate_000004_june2024_preflight,pa1_candidate_000004
2024-06-14T05:00,28.6,88.0,0.0,0.0,0.0,1.1,100680.0,26.4,0.47,0.0,28.5,0.127,0,0,0,1.0,28.611468226061238,88.3590920354783,0.02484999393678544,34.38101505687853,0.21432823019076622,0.0,0.45592917926114174,0.0,0.00173586473434977,1.3104843358335776e-07,0.3970878406837421,0.0,0.0,1.162309724996032,lhs_candidate_000004_june2024_preflight,pa1_candidate_000004
2024-06-14T06:00,28.7,88.0,24.0,13.0,11.0,1.2,100710.0,26.6,0.45,0.02,28.6,0.127,1,0,0,1.0,28.785265068163277,88.46458843774477,0.02511691111713976,34.21094570619685,0.21426489110777422,2499.0063999999998,0.4563682335557857,20.4,0.0019336961718828276,5.703827471265617e-07,0.39669685868996435,0.0,0.0,1.1619868268060354,lhs_candidate_000004_june2024_preflight,pa1_candidate_000004
2024-06-14T07:00,30.6,75.0,194.0,141.0,53.0,1.1,100710.0,25.7,1.09,0.14,31.1,0.127,0,0,0,1.0,30.355871995819058,83.20807809662705,0.025725239067235575,34.10273540396835,0.22436240183933145,18936.6672,0.7271652849797037,164.9,0.0018730285710750517,4.350915549184323e-06,0.45902717184772507,0.0,0.0,1.1559736826516072,lhs_candidate_000004_june2024_preflight,pa1_candidate_000004
2024-06-14T08:00,32.6,60.0,418.0,342.0,76.0,0.54,100710.0,23.9,1.94,0.31,32.7,0.126,0,0,0,1.0,32.93670894359786,79.21316113527679,0.028107341112641016,34.130177042807674,0.22315284923561918,39457.8624,1.0419024185458712,355.3,0.0011961583357546588,9.050606278375726e-06,0.4515607977507357,0.0,0.0,1.14622683803642,lhs_candidate_000004_june2024_preflight,pa1_candidate_000004
2024-06-14T09:00,34.0,53.0,623.0,529.0,94.0,0.3,100660.0,23.2,2.47,0.47,34.7,0.126,0,1,0,1.0,35.28133721157782,60.40165948932702,0.024233062916868338,34.304551552418296,0.22112382507077452,58131.145599999996,2.261343969297713,529.55,0.003093515903548799,1.3340296765668662e-05,0.4390359572270032,0.0,0.0,1.1369487226743893,lhs_candidate_000004_june2024_preflight,pa1_candidate_000004
2024-06-14T10:00,35.2,50.0,793.0,686.0,107.0,0.4,100630.0,23.0,2.86,0.62,36.4,0.125,0,1,0,1.0,37.22795695473749,55.37843155583316,0.02456217637561019,34.60069023192483,0.2184474148139078,73548.5168,2.834872958837456,674.05,0.003537288363823503,1.632821132651385e-05,0.4225149062586902,0.0,0.0,1.1294813166046398,lhs_candidate_000004_june2024_preflight,pa1_candidate_000004
2024-06-14T11:00,35.8,48.0,842.0,715.0,127.0,1.49,100570.0,23.1,3.05,0.68,37.4,0.124,0,1,0,1.0,38.38511463456286,49.76949105004885,0.023414542178468046,34.97058318652701,0.215472351713944,78564.1648,3.397572712867092,715.6999999999999,0.004681846883659934,1.6696954259654782e-05,0.40415031922187655,0.0,0.0,1.1246150568257671,lhs_candidate_000004_june2024_preflight,pa1_candidate_000004
2024-06-14T12:00,36.1,48.0,935.0,798.0,137.0,1.96,100550.0,23.3,3.1,0.76,38.1,0.123,0,1,0,1.0,39.08658882795564,47.975665440887845,0.023385789851102616,35.379182015835816,0.2123790283390068,87099.98879999999,3.6542063530833695,794.75,0.005347064595546362,1.7632089003385343e-05,0.38505573048769626,0.0,0.0,1.1218653383643213,lhs_candidate_000004_june2024_preflight,pa1_candidate_000004
2024-06-14T13:00,36.1,49.0,848.0,712.0,136.0,1.75,100460.0,23.6,3.05,0.7,38.3,0.123,0,1,0,1.0,39.17386484650827,47.98789582894148,0.023494931503185015,35.78719649789392,0.20941548128399143,79408.8064,3.6704877167072865,720.8,0.005120049370323881,1.532631294860186e-05,0.3667622301480953,0.0,0.0,1.1205479681154187,lhs_candidate_000004_june2024_preflight,pa1_candidate_000004
2024-06-14T14:00,35.3,53.0,662.0,452.0,210.0,1.75,100410.0,24.2,2.7,0.55,37.9,0.122,0,1,0,1.0,38.218827490184644,50.50737397649923,0.02356202917864604,36.117336345826956,0.20699758671704238,65644.304,3.317762047207993,562.6999999999999,0.005079340813221592,1.1592952723126135e-05,0.3518369550434715,0.0,0.0,1.1234255184931745,lhs_candidate_000004_june2024_preflight,pa1_candidate_000004
2024-06-14T15:00,34.6,55.0,516.0,365.0,151.0,1.81,100370.0,24.4,2.45,0.44,37.3,0.122,0,1,0,1.0,36.98072965203666,52.725046299561676,0.023091147705387838,36.34165729789014,0.2051628077215742,50720.5424,2.963303732168357,438.59999999999997,0.0050014320477977945,8.838304256179412e-06,0.34051115877514937,0.0,0.0,1.1274611139390738,lhs_candidate_000004_june2024_preflight,pa1_candidate_000004
2024-06-14T16:00,34.6,55.0,417.0,306.0,111.0,0.92,100310.0,24.3,2.45,0.34,36.7,0.121,0,1,0,1.0,36.35274689231314,54.600819342129114,0.023153513031076465,36.485998320033325,0.2037362869545527,40601.246399999996,2.749805417603813,354.45,0.0037865121872650183,7.043121869877886e-06,0.33170547502810316,0.0,0.0,1.1290733882355009,lhs_candidate_000004_june2024_preflight,pa1_candidate_000004
2024-06-14T17:00,34.1,57.0,282.0,210.0,72.0,0.89,100350.0,24.3,2.31,0.22,36.0,0.121,0,1,0,1.0,35.59066159895582,56.05258705867403,0.02285183054331738,36.56406074593789,0.20266899147389855,27349.1328,2.5528434517987746,239.7,0.0036417062314687363,4.831523101522549e-06,0.32511723132036147,0.0,0.0,1.1323117008201375,lhs_candidate_000004_june2024_preflight,pa1_candidate_000004
2024-06-14T18:00,33.2,61.0,83.0,53.0,30.0,0.72,100470.0,24.8,1.97,0.07,34.9,0.121,1,1,0,1.0,34.21686485229574,59.335487976554994,0.022520437778479185,36.546101669805616,0.20207859002540815,8359.472,2.1893068102429463,70.55,0.0032375114769858495,1.740708245081355e-06,0.32147277793461826,0.0,0.0,1.1387327305182766,lhs_candidate_000004_june2024_preflight,pa1_candidate_000004
2024-06-14T19:00,32.2,68.0,0.0,0.0,0.0,0.91,100530.0,25.6,1.51,0.03,33.7,0.121,0,1,0,1.0,32.79651826483174,66.14015799337363,0.023295291352093295,36.43639990247461,0.21239664061349425,0.0,1.683856456019845,0.0,0.0032068069651424477,4.6946056584729045e-07,0.385164448231446,0.0,0.0,1.1447024600530595,lhs_candidate_000004_june2024_preflight,pa1_candidate_000004
2024-06-14T20:00,31.4,74.0,0.0,0.0,0.0,1.04,100570.0,26.3,1.18,0.01,32.9,0.121,0,0,0,1.0,31.819170146056045,72.55635510882105,0.024262580951497338,36.284664815089016,0.2123226019752288,0.0,1.291608737256618,0.0,0.0018866207297171549,3.5967428949519874e-07,0.38470741960017774,0.0,0.0,1.1488278650598602,lhs_candidate_000004_june2024_preflight,pa1_candidate_000004
2024-06-14T21:00,30.9,79.0,0.0,0.0,0.0,0.78,100630.0,26.9,0.92,0.0,32.3,0.121,0,0,0,1.0,31.19621130821362,77.84583965470895,0.02517912007507982,36.1190699903579,0.21226537211402144,0.0,1.0064681622857257,0.0,0.0014599310851011041,2.800138239945923e-07,0.3843541488519842,0.0,0.0,1.151866165704538,lhs_candidate_000004_june2024_preflight,pa1_candidate_000004
2024-06-14T22:00,30.6,82.0,0.0,0.0,0.0,0.78,100610.0,27.1,0.79,0.0,31.9,0.121,0,0,0,1.0,30.810355879935514,81.29730984698081,0.025756823181808525,35.946762097546745,0.21221973624855547,0.0,0.8312063461554713,0.0,0.0013963348248363214,2.3108399093782942e-07,0.3840724459787375,0.0,0.0,1.1530991539303452,lhs_candidate_000004_june2024_preflight,pa1_candidate_000004
2024-06-14T23:00,30.3,84.0,0.0,0.0,0.0,0.78,100640.0,27.3,0.7,0.0,31.5,0.121,0,0,0,1.0,30.5049138440418,83.42891184178329,0.026001477156330444,35.771757279451755,0.2121810016876015,0.0,0.7237431870797306,0.0,0.0013923449404837074,2.0108285637688306e-07,0.3838333437506266,0.0,0.0,1.1546032177261334,lhs_candidate_000004_june2024_preflight,pa1_candidate_000004
2024-06-15T00:00,30.0,86.0,0.0,0.0,0.0,0.76,100620.0,27.4,0.6,0.0,31.2,0.121,0,0,0,1.0,30.207691786816998,85.34972054948135,0.026177290711996905,35.594866237451896,0.2121471980407971,0.0,0.6290645588414128,0.0,0.0013670738861110928,1.7468258661825423e-07,0.38362467926417965,0.0,0.0,1.1555047912753822,lhs_candidate_000004_june2024_preflight,pa1_candidate_000004
2024-06-15T01:00,29.8,87.0,0.0,0.0,0.0,0.76,100570.0,27.4,0.56,0.0,30.9,0.121,0,0,0,1.0,29.969952298469483,86.58681897394405,0.0262178255417996,35.41674853362947,0.21211743336506284,0.0,0.568149854301359,0.0,0.0013374669102934722,1.5769184908317968e-07,0.3834409466979188,0.0,0.0,1.1558364205038831,lhs_candidate_000004_june2024_preflight,pa1_candidate_000004
2024-06-15T02:00,29.4,88.0,0.0,0.0,0.0,0.85,100560.0,27.1,0.5,0.0,30.6,0.121,0,0,0,1.0,29.648237809458667,87.31620689422375,0.0259821751100707,35.2377557400185,0.21209005397653932,0.0,0.5274178721313816,0.0,0.0015212169240056013,1.4632203176146656e-07,0.38327193812678595,0.0,0.0,1.1569494130676878,lhs_candidate_000004_june2024_preflight,pa1_candidate_000004
2024-06-15T03:00,29.2,88.0,0.0,0.0,0.0,0.95,100530.0,27.1,0.48,0.0,30.3,0.121,0,0,0,1.0,29.377637703672157,87.61517552563026,0.025691114298677577,35.056499801002325,0.21206437184494484,0.0,0.5070259919359756,0.0,0.0016150644269385874,1.4060651070066704e-07,0.3831134064502768,0.0,0.0,1.1576388020636375,lhs_candidate_000004_june2024_preflight,pa1_candidate_000004
2024-06-15T04:00,29.1,89.0,0.0,0.0,0.0,0.89,100500.0,27.1,0.44,0.0,30.1,0.121,0,0,0,1.0,29.230123263137145,88.57949367294634,0.025766462227428823,34.87574966630478,0.21204007877978512,0.0,0.4635876990056187,0.0,0.0014948025088737378,1.2851004854110102e-07,0.38296344925793285,0.0,0.0,1.157857920404985,lhs_candidate_000004_june2024_preflight,pa1_candidate_000004
2024-06-15T05:00,28.9,90.0,0.0,0.0,0.0,0.89,100530.0,27.1,0.41,0.0,29.8,0.121,0,0,0,1.0,29.065622904806343,89.46043614321906,0.025790808543891337,34.69695273329739,0.21201793830476695,0.0,0.4237846309571722,0.0,0.0015200195286445184,1.1743441005849323e-07,0.38282677965905526,0.0,0.0,1.1588339766694815,lhs_candidate_000004_june2024_preflight,pa1_candidate_000004
2024-06-15T06:00,29.0,89.0,23.0,10.0,13.0,1.08,100570.0,27.0,0.43,0.01,29.8,0.121,1,0,0,1.0,29.101474573348877,89.51378700968903,0.025856610093756505,34.52590168926507,0.21196056993246795,2481.3712,0.42251337731824545,19.55,0.0017600691665122668,5.229086192061524e-07,0.38247265390412316,0.0,0.0,1.1591575562783494,lhs_candidate_000004_june2024_preflight,pa1_candidate_000004
2024-06-15T07:00,30.0,81.0,161.0,72.0,89.0,0.95,100690.0,26.4,0.8,0.12,30.8,0.121,0,0,0,1.0,30.05543106005457,87.71505931404074,0.026682448559417492,34.40315630977341,0.22214030974591648,17299.2336,0.5229176068457186,136.85,0.0015320721805614035,3.4769475715363654e-06,0.44531055398713876,0.0,0.0,1.1568893243707858,lhs_candidate_000004_june2024_preflight,pa1_candidate_000004
2024-06-15T08:00,31.6,70.0,350.0,212.0,138.0,0.45,100690.0,25.5,1.38,0.26,32.3,0.12,0,0,0,1.0,31.97328061352389,86.224714600219,0.029070929775674048,34.38565553166562,0.22116821382536103,35655.1712,0.6539955789035581,297.5,0.001135950185861484,7.303207520801537e-06,0.43930996188494464,0.0,0.0,1.1496177072405012,lhs_candidate_000004_june2024_preflight,pa1_candidate_000004
2024-06-15T09:00,33.0,62.0,572.0,377.0,195.0,0.45,100720.0,24.7,1.93,0.44,34.1,0.12,0,1,0,1.0,34.14263623127582,68.59718618945953,0.025934683806160864,34.50262318841862,0.2194357937930209,57196.568,1.6837091757677896,486.2,0.0030924209595459455,1.1835758510403036e-05,0.4286160110680302,0.0,0.0,1.1418419978983847,lhs_candidate_000004_june2024_preflight,pa1_candidate_000004
2024-06-15T10:00,34.4,55.0,762.0,608.0,154.0,0.32,100620.0,24.1,2.42,0.59,35.8,0.12,0,1,0,1.0,36.25943430111429,60.60313745384555,0.025575567590125213,34.751175470162636,0.21699230607029812,72474.08959999999,2.374089387268863,647.6999999999999,0.0034222967919661984,1.5251603524641306e-05,0.4135327535203588,0.0,0.0,1.1329042604071793,lhs_candidate_000004_june2024_preflight,pa1_candidate_000004
2024-06-15T11:00,35.1,52.0,824.0,698.0,126.0,0.22,100570.0,23.9,2.7,0.65,37.0,0.119,0,1,0,1.0,37.63661000998273,55.16521466897852,0.024983677793856192,35.08667566727004,0.2141850243126172,76944.9824,2.912327138138233,700.4,0.0037108684987683617,1.590039833707685e-05,0.39620385378158773,0.0,0.0,1.12732360199404,lhs_candidate_000004_june2024_preflight,pa1_candidate_000004
2024-06-15T12:00,35.8,50.0,895.0,690.0,205.0,0.57,100440.0,23.7,2.95,0.71,38.1,0.118,0,1,0,1.0,38.6426171788883,51.98571335962758,0.02477833928556297,35.46585238579146,0.2112648071306333,85972.39199999999,3.2930338973040683,760.75,0.003975677683213918,1.6520227932437584e-05,0.3781778217940328,0.0,0.0,1.12223374960216,lhs_candidate_000004_june2024_preflight,pa1_candidate_000004
2024-06-15T13:00,36.2,49.0,828.0,658.0,170.0,1.08,100370.0,23.8,3.05,0.67,38.5,0.118,0,1,0,1.0,39.11519643354064,49.21383815324772,0.024023979449516532,35.853066222687026,0.2084549622606707,78845.008,3.5727151475047396,703.8,0.004374051274568155,1.4719993064930807e-05,0.3608331003745105,0.0,0.0,1.119754432814741,lhs_candidate_000004_june2024_preflight,pa1_candidate_000004
2024-06-15T14:00,36.0,49.0,843.0,727.0,116.0,1.51,100270.0,23.6,3.02,0.68,38.6,0.117,0,1,0,1.0,39.116428199843135,47.89445297343421,0.023381367512979128,36.22312481750742,0.20584046081981106,78265.1584,3.6657737051588666,716.55,0.004864266696513187,1.432342466322868e-05,0.3446942025914263,0.0,0.0,1.1186343936172276,lhs_candidate_000004_june2024_preflight,pa1_candidate_000004
2024-06-15T15:00,33.9,57.0,658.0,509.0,149.0,1.84,100310.0,24.3,2.26,0.53,37.9,0.121,0,1,0,1.0,37.34123891124313,52.23891902569282,0.023304298120621923,36.53006262365918,0.20358483330757204,63146.17759999999,3.053072019267498,559.3,0.005328609525386755,1.0774391736423579e-05,0.33077057597266696,0.0,0.0,1.125478826157129,lhs_candidate_000004_june2024_preflight,pa1_candidate_000004
2024-06-15T16:00,32.6,65.0,393.0,306.0,87.0,1.91,100350.0,25.2,1.72,0.32,36.4,0.121,0,1,0,1.0,35.00614930101779,60.348627218330655,0.023867993868276014,36.68254718273929,0.20205023567293784,37644.8688,2.230228153397912,334.05,0.005137803294148858,6.345461839021772e-06,0.32129775106751757,0.0,0.0,1.134459475952095,lhs_candidate_000004_june2024_preflight,pa1_candidate_000004
2024-06-15T17:00,32.3,66.0,180.0,111.0,69.0,0.91,100400.0,25.1,1.65,0.15,35.2,0.121,0,1,0,1.0,33.529185601515366,64.30608096306062,0.023541964661562397,36.686235123212825,0.20120846890219138,18267.5856,1.849442789218961,153.0,0.003541642166223459,3.048763178962873e-06,0.3161016598900703,0.0,0.0,1.14049099433782,lhs_candidate_000004_june2024_preflight,pa1_candidate_000004
2024-06-15T18:00,31.6,68.0,61.0,33.0,28.0,0.71,100450.0,25.0,1.47,0.05,34.0,0.121,1,1,0,1.0,32.38300219702453,66.56622729545026,0.02293719091189717,36.59280057747519,0.20082213657145784,6353.1071999999995,1.624431880645138,51.85,0.0030919740741579584,1.2519531648072073e-06,0.31371689241640643,0.0,0.0,1.145339562322181,lhs_candidate_000004_june2024_preflight,pa1_candidate_000004
2024-06-15T19:00,30.8,71.0,0.0,0.0,0.0,1.12,100530.0,24.9,1.28,0.03,33.0,0.121,0,0,0,1.0,31.29745710499782,69.55944331351938,0.02262119127642373,36.43878373254459,0.21120005647362464,0.0,1.3909003648597573,0.0,0.0020380796106373453,3.803476061659468e-07,0.37777812638039904,0.0,0.0,1.150338831641606,lhs_candidate_000004_june2024_preflight,pa1_candidate_000004
2024-06-15T20:00,30.1,72.0,0.0,0.0,0.0,1.04,100550.0,24.5,1.19,0.01,32.2,0.12,0,0,0,1.0,30.48996329150449,71.32732296547486,0.022212002380551175,36.25449518415556,0.21113563966850152,0.0,1.2512113212472022,0.0,0.001871120815503069,3.4178891169887017e-07,0.3773804917808736,0.0,0.0,1.153627482291942,lhs_candidate_000004_june2024_preflight,pa1_candidate_000004
2024-06-15T21:00,29.8,72.0,0.0,0.0,0.0,0.98,100590.0,24.2,1.16,0.01,31.7,0.12,0,0,0,1.0,30.025738858734048,71.93729355844192,0.021847851376226964,36.060605957617526,0.21107587814496923,0.0,1.19247790622647,0.0,0.0016891167843658158,3.2542649194097345e-07,0.3770115934874644,0.0,0.0,1.155853552925712,lhs_candidate_000004_june2024_preflight,pa1_candidate_000004
2024-06-15T22:00,29.4,75.0,0.0,0.0,0.0,1.03,100670.0,24.4,1.03,0.01,31.2,0.12,0,0,0,1.0,29.65189679987921,74.3411285081818,0.022125644534107463,35.86337706745764,0.21102010949567365,0.0,1.0671725106985948,0.0,0.0017770035801459875,2.9096480203036106e-07,0.37666734256588674,0.0,0.0,1.158200974690805,lhs_candidate_000004_june2024_preflight,pa1_candidate_000004
2024-06-15T23:00,29.1,77.0,0.0,0.0,0.0,1.12,100710.0,24.6,0.94,0.01,30.9,0.12,0,0,0,1.0,29.317961497421063,76.47240711333271,0.02235116779246252,35.66342212904246,0.2109705329559072,0.0,0.9598956855211189,0.0,0.0018878047989574994,2.6150311964439825e-07,0.3763613145426371,0.0,0.0,1.1599403745787655,lhs_candidate_000004_june2024_preflight,pa1_candidate_000004
2024-06-16T00:00,29.0,78.0,0.0,0.0,0.0,1.12,100670.0,24.7,0.88,0.0,30.6,0.12,0,0,0,1.0,29.135694003985375,77.80415533724013,0.022516109022369977,35.46310242626762,0.21092521458103952,0.0,0.8960897856179191,0.0,0.001840732931729638,2.4393911149775383e-07,0.3760815714878983,0.0,0.0,1.1601787943270014,lhs_candidate_000004_june2024_preflight,pa1_candidate_000004
2024-06-16T01:00,28.8,80.0,0.0,0.0,0.0,1.17,100610.0,24.9,0.8,0.0,30.3,0.12,0,0,0,1.0,28.96719305817152,79.52822535377854,0.02280482060359473,35.264981005999424,0.21088311610133975,0.0,0.818479878796956,0.0,0.0019335504618242542,2.2265770220183277e-07,0.37582170432925777,0.0,0.0,1.1601340051045474,lhs_candidate_000004_june2024_preflight,pa1_candidate_000004
2024-06-16T02:00,28.8,80.0,0.0,0.0,0.0,1.06,100570.0,25.0,0.79,0.0,30.1,0.12,0,0,0,1.0,28.8904509712611,80.03890305672651,0.022855448924169842,35.06934694728331,0.21084387521696268,0.0,0.7945291719022571,0.0,0.0017229931195106966,2.1600288792682347e-07,0.3755794766479178,0.0,0.0,1.1599674133757234,lhs_candidate_000004_june2024_preflight,pa1_candidate_000004
2024-06-16T03:00,28.6,80.0,0.0,0.0,0.0,0.99,100570.0,24.9,0.78,0.0,30.0,0.12,0,0,0,1.0,28.761619690587654,79.88926038448628,0.02265294793662486,34.87759071925967,0.21080496531245838,0.0,0.7945402501983851,0.0,0.0016633122824578584,2.158677630556293e-07,0.3753392920522122,0.0,0.0,1.160462392958019,lhs_candidate_000004_june2024_preflight,pa1_candidate_000004
2024-06-16T04:00,28.4,82.0,0.0,0.0,0.0,1.06,100610.0,25.0,0.7,0.0,29.8,0.12,0,0,0,1.0,28.569807083488627,81.48149645626852,0.022863630110794505,34.68742116254608,0.2107676512903952,0.0,0.7235484286577036,0.0,0.0017716652373927556,1.9645943869415843e-07,0.3751089585826865,0.0,0.0,1.161661982292514,lhs_candidate_000004_june2024_preflight,pa1_candidate_000004
2024-06-16T05:00,28.3,82.0,0.0,0.0,0.0,1.34,100620.0,25.0,0.69,0.0,29.7,0.12,0,0,0,1.0,28.42963255537072,81.80115730255588,0.022778029532456223,34.498742002834206,0.2107329677044643,0.0,0.7053004938634602,0.0,0.0021708865526758906,1.913954171261357e-07,0.37489486237323655,0.0,0.0,1.1623174395424376,lhs_candidate_000004_june2024_preflight,pa1_candidate_000004
2024-06-16T06:00,28.4,82.0,21.0,9.0,12.0,1.41,100650.0,25.0,0.7,0.02,29.6,0.12,1,0,0,1.0,28.49296739533568,82.33766142233488,0.023007002379368712,34.31870674215928,0.2106663850286941,2270.1888,0.6870282972012096,17.849999999999998,0.0022604531236806755,5.491270966452626e-07,0.37448385820181535,0.0,0.0,1.1624198659984797,lhs_candidate_000004_june2024_preflight,pa1_candidate_000004
2024-06-16T07:00,29.6,73.0,157.0,90.0,67.0,1.1,100700.0,24.3,1.11,0.12,30.4,0.12,0,0,0,1.0,29.564474679765812,79.34088809859202,0.023502017493636805,34.18767552560891,0.22084686071069068,16173.2208,0.8549183304683039,133.45,0.0017505661047185362,3.438982393430591e-06,0.4373263006832758,0.0,0.0,1.15888070364696,lhs_candidate_000004_june2024_preflight,pa1_candidate_000004
2024-06-16T08:00,30.7,67.0,251.0,103.0,148.0,0.5,100730.0,23.8,1.46,0.19,31.5,0.12,0,0,0,1.0,31.039337684968242,78.60996775779304,0.025213399408662098,34.14011656185684,0.22005783505178236,27294.995199999998,0.9631211439558856,213.35,0.0011567443502504538,5.310401051989586e-06,0.4324557719245825,0.0,0.0,1.1536054402853244,lhs_candidate_000004_june2024_preflight,pa1_candidate_000004
2024-06-16T09:00,32.0,61.0,453.0,247.0,206.0,0.14,100780.0,23.6,1.85,0.34,33.0,0.119,0,1,0,1.0,32.83036926911002,68.00248572397497,0.02399415260408129,34.19219487822167,0.21873744656761787,47111.5744,1.594270976875368,385.05,0.0027310352120930277,9.359265104729444e-06,0.42430522572603624,0.0,0.0,1.1474221740131412,lhs_candidate_000004_june2024_preflight,pa1_candidate_000004
2024-06-16T10:00,33.8,54.0,791.0,686.0,105.0,1.02,100720.0,23.2,2.42,0.61,35.1,0.119,0,1,0,1.0,35.423085154847236,59.824473973787924,0.024178673985362963,34.40459607594282,0.2164779450621175,73302.152,2.3123038944657517,672.35,0.003831710746960336,1.566529748917905e-05,0.4103576855686266,0.0,0.0,1.1371038323634228,lhs_candidate_000004_june2024_preflight,pa1_candidate_000004
2024-06-16T11:00,34.7,51.0,861.0,724.0,137.0,1.41,100690.0,23.2,2.7,0.68,36.5,0.118,0,1,0,1.0,37.21624654807101,52.96398175139953,0.023477218722214997,34.75018619454024,0.21358363711884512,80587.98879999999,2.9863641151970253,731.85,0.004574386239889541,1.644258404832497e-05,0.39249158715336496,0.0,0.0,1.1301974044728789,lhs_candidate_000004_june2024_preflight,pa1_candidate_000004
2024-06-16T12:00,35.3,50.0,892.0,745.0,147.0,1.62,100640.0,23.2,2.87,0.72,37.5,0.118,0,1,0,1.0,38.15398881361201,50.325895284793155,0.023400184404193333,35.13634611857016,0.2106347478743357,83667.8128,3.3182890164905827,758.1999999999999,0.0049108286152486896,1.630535796222407e-05,0.37428856712552905,0.0,0.0,1.12623337059969,lhs_candidate_000004_june2024_preflight,pa1_candidate_000004
2024-06-16T13:00,34.7,51.0,702.0,533.0,169.0,1.14,100600.0,23.2,2.7,0.57,37.5,0.117,0,1,0,1.0,37.68791395299382,49.961587092971904,0.022686283371280938,35.485904901033436,0.20805093195541136,67721.8256,3.2593901162119474,596.6999999999999,0.004457927011748156,1.2453483310996351e-05,0.35833908614451454,0.0,0.0,1.1274737614862873,lhs_candidate_000004_june2024_preflight,pa1_candidate_000004
2024-06-16T14:00,34.7,50.0,678.0,461.0,217.0,1.12,100480.0,22.9,2.74,0.55,37.6,0.117,0,1,0,1.0,37.27350190678611,49.920310426397826,0.02219295570066728,35.76629561079771,0.20588905555941506,67298.58080000001,3.189523427009253,576.3,0.004296350306065173,1.1590178293427274e-05,0.34499417011984607,0.0,0.0,1.1276322323223942,lhs_candidate_000004_june2024_preflight,pa1_candidate_000004
2024-06-16T15:00,34.6,51.0,601.0,384.0,217.0,1.43,100500.0,23.1,2.68,0.49,37.3,0.117,0,1,0,1.0,36.98557949079723,50.11264375904664,0.021952491121145314,36.01143905559883,0.2039486735923973,60522.5808,3.127881432809176,510.84999999999997,0.004554238703553096,9.989654282421872e-06,0.33301650365677343,0.0,0.0,1.1289037564412954,lhs_candidate_000004_june2024_preflight,pa1_candidate_000004
2024-06-16T16:00,33.5,56.0,379.0,182.0,197.0,1.81,100540.0,23.4,2.29,0.33,36.3,0.117,0,1,0,1.0,35.64565696458173,53.211943133914005,0.02175560775149929,36.170713577393556,0.2024850234117669,40282.932799999995,2.7260888077553336,322.15,0.004935745054660074,6.305449594591934e-06,0.32398162599856123,0.0,0.0,1.1342535470924122,lhs_candidate_000004_june2024_preflight,pa1_candidate_000004
2024-06-16T17:00,32.1,61.0,167.0,39.0,128.0,0.91,100550.0,23.6,1.87,0.15,35.0,0.118,0,1,0,1.0,33.65894630514229,58.42738490355264,0.021536273095308967,36.19508601875085,0.20165376945238137,19199.3472,2.1697073992367426,141.95,0.0036970271713653684,2.9579165560719584e-06,0.3188504287184035,0.0,0.0,1.1417118392200056,lhs_candidate_000004_june2024_preflight,pa1_candidate_000004
2024-06-16T18:00,31.5,64.0,60.0,24.0,36.0,0.86,100610.0,23.9,1.65,0.06,33.8,0.118,1,1,0,1.0,32.24725552358264,62.69914847262878,0.02144950515808573,36.1112143190051,0.20127310943133023,6546.5664,1.79850320600837,51.0,0.003234779824583712,1.2883369009326756e-06,0.3165006755020385,0.0,0.0,1.1476738014315757,lhs_candidate_000004_june2024_preflight,pa1_candidate_000004
2024-06-16T19:00,30.9,67.0,0.0,0.0,0.0,0.89,100570.0,24.2,1.46,0.03,32.9,0.118,0,0,0,1.0,31.31894396801678,66.36524537998066,0.021607248622903752,35.969333343968124,0.21164342810939202,0.0,1.5387275675252967,0.0,0.0016867888807694652,4.238199154812023e-07,0.38051498832958036,0.0,0.0,1.1507153277503874,lhs_candidate_000004_june2024_preflight,pa1_candidate_000004
2024-06-16T20:00,30.4,71.0,0.0,0.0,0.0,1.0,100640.0,24.6,1.25,0.01,32.2,0.118,0,0,0,1.0,30.69302688181014,70.24758304767383,0.022116116230000957,35.80125078776141,0.2115727906695591,0.0,1.3134716642409066,0.0,0.001758668602951519,3.6136192327709787e-07,0.3800789547503649,0.0,0.0,1.1538883883587046,lhs_candidate_000004_june2024_preflight,pa1_candidate_000004
2024-06-16T21:00,30.0,75.0,0.0,0.0,0.0,1.0,100700.0,25.1,1.07,0.01,31.7,0.118,0,0,0,1.0,30.246612402997236,74.23137939862083,0.022815094937118988,35.62592153944475,0.21151293793423068,0.0,1.1089407773908158,0.0,0.0017306114893496682,3.0479487950576383e-07,0.37970949342117705,0.0,0.0,1.1562751496876673,lhs_candidate_000004_june2024_preflight,pa1_candidate_000004
2024-06-16T22:00,29.7,77.0,0.0,0.0,0.0,0.99,100710.0,25.3,0.94,0.0,31.2,0.118,0,0,0,1.0,29.90656067395602,76.56545702442808,0.023104084923683967,35.446590057782885,0.21146133793965335,0.0,0.9890261552196105,0.0,0.0016914749247059068,2.716080454248723e-07,0.37939097493613183,0.0,0.0,1.1576875279557182,lhs_candidate_000004_june2024_preflight,pa1_candidate_000004
2024-06-16T23:00,29.4,79.0,0.0,0.0,0.0,0.85,100740.0,25.4,0.84,0.0,30.9,0.118,0,0,0,1.0,29.606382257648022,78.54507707423771,0.023319224783932658,35.26518738161945,0.21141493153688493,0.0,0.8899940633882739,0.0,0.0014916017832002557,2.4422714075833575e-07,0.37910451565978354,0.0,0.0,1.1591805574816776,lhs_candidate_000004_june2024_preflight,pa1_candidate_000004
2024-06-17T00:00,29.1,81.0,0.0,0.0,0.0,1.0,100710.0,25.6,0.74,0.0,30.6,0.118,0,0,0,1.0,29.30901307191329,80.43256835495906,0.023497204005354017,35.08213325316764,0.21137327954753926,0.0,0.7979144171717092,0.0,0.001707731581775546,2.1881066519415045e-07,0.3788474046144399,0.0,0.0,1.1599746920882026,lhs_candidate_000004_june2024_preflight,pa1_candidate_000004
2024-06-17T01:00,28.8,83.0,0.0,0.0,0.0,0.86,100680.0,25.7,0.67,0.0,30.3,0.118,0,0,0,1.0,29.012706456185676,82.37808271409546,0.023680670274722215,34.89749146564385,0.21133616862785098,0.0,0.7063956830485241,0.0,0.0015104624409781038,1.9359651003613607e-07,0.3786183248632777,0.0,0.0,1.1607663078669512,lhs_candidate_000004_june2024_preflight,pa1_candidate_000004
2024-06-17T02:00,28.7,87.0,0.0,0.0,0.0,0.86,100650.0,26.4,0.51,0.0,30.1,0.118,0,0,0,1.0,28.83545258676043,86.10336970129059,0.02451354467398994,34.712405952089625,0.21130499659208588,0.0,0.5513827797322493,0.0,0.0014548274186024276,1.5103650046671165e-07,0.378425904889419,0.0,0.0,1.1611015521959032,lhs_candidate_000004_june2024_preflight,pa1_candidate_000004
2024-06-17T03:00,28.6,88.0,0.0,0.0,0.0,0.81,100610.0,26.4,0.47,0.0,29.9,0.118,0,0,0,1.0,28.727844357114073,87.6310882893947,0.024802406009819134,34.52967671682325,0.21127972530407702,0.0,0.48771941288294673,0.0,0.0013762642512406913,1.335425594099713e-07,0.37826990928442605,0.0,0.0,1.161053835997622,lhs_candidate_000004_june2024_preflight,pa1_candidate_000004
2024-06-17T04:00,28.5,88.0,0.0,0.0,0.0,0.81,100630.0,26.3,0.47,0.0,29.7,0.118,0,0,0,1.0,28.62640530760963,87.82372538827796,0.024719595573818233,34.34985692111553,0.2112560639938724,0.0,0.4773104319509862,0.0,0.0013751781981887973,1.3064201111692983e-07,0.37812385181402713,0.0,0.0,1.16167499281116,lhs_candidate_000004_june2024_preflight,pa1_candidate_000004
2024-06-17T05:00,28.4,88.0,0.0,0.0,0.0,0.95,100700.0,26.3,0.46,0.0,29.6,0.118,0,0,0,1.0,28.524744851557838,87.78573335194797,0.02457198203221745,34.172904330034356,0.21123259083192852,0.0,0.47598613658486366,0.0,0.0015799539838449598,1.3022962274368304e-07,0.37797895575264523,0.0,0.0,1.1628748160328317,lhs_candidate_000004_june2024_preflight,pa1_candidate_000004
2024-06-17T06:00,28.5,87.0,22.0,11.0,11.0,0.95,100740.0,26.2,0.49,0.01,29.6,0.118,1,0,0,1.0,28.59401061503595,87.67084819461773,0.024632921476105567,34.00483529723547,0.2111745978376702,2323.0063999999998,0.4823966441507821,18.7,0.0015589747279183125,5.152185695216376e-07,0.37762097430660624,0.0,0.0,1.1630696869549348,lhs_candidate_000004_june2024_preflight,pa1_candidate_000004
2024-06-17T07:00,29.6,78.0,171.0,115.0,56.0,0.82,100770.0,25.4,0.9,0.12,30.5,0.118,0,0,0,1.0,29.63554414474898,86.32016154381957,0.02566811905596898,33.888107114435485,0.2213386990835807,17018.214399999997,0.5684203420937957,145.35,0.0013178170014051345,3.6560233802432733e-06,0.4403623400221031,0.0,0.0,1.159414080904386,lhs_candidate_000004_june2024_preflight,pa1_candidate_000004
2024-06-17T08:00,31.3,66.0,372.0,277.0,95.0,0.54,100820.0,24.3,1.53,0.27,32.2,0.117,0,0,0,1.0,31.692013705441237,82.74214895226183,0.027481672880782168,33.88402903001557,0.22031537479606966,36078.328,0.8063983179263543,316.2,0.0012453436049709033,7.704214594679977e-06,0.4340455234325288,0.0,0.0,1.1521640497921506,lhs_candidate_000004_june2024_preflight,pa1_candidate_000004
2024-06-17T09:00,32.9,58.0,613.0,505.0,108.0,0.2,100760.0,23.5,2.09,0.46,34.1,0.117,0,1,0,1.0,34.084708908183835,65.60394014713327,0.02472788010055024,34.02444145890234,0.21848419827660542,57743.699199999995,1.838262979712641,521.05,0.0029980977860853937,1.2520657657320016e-05,0.42274196467040387,0.0,0.0,1.1425108428886273,lhs_candidate_000004_june2024_preflight,pa1_candidate_000004
2024-06-17T10:00,34.0,53.0,709.0,582.0,127.0,0.5,100750.0,23.2,2.49,0.55,35.7,0.117,0,1,0,1.0,35.90526100212014,57.75164135684472,0.02393082148265942,34.28097243004129,0.21608583076356846,66860.1648,2.4969564209587944,602.65,0.003533544102026045,1.4083820544417134e-05,0.40793722693560786,0.0,0.0,1.1356679318930474,lhs_candidate_000004_june2024_preflight,pa1_candidate_000004
2024-06-17T11:00,34.7,51.0,795.0,669.0,126.0,1.03,100680.0,23.1,2.71,0.63,36.7,0.116,0,1,0,1.0,37.10841797457348,53.38957469127533,0.023535624299439055,34.601976774794664,0.2134466892483299,74392.9824,2.9420334510084962,675.75,0.004151957535436951,1.5201806885378009e-05,0.3916462299279624,0.0,0.0,1.130477913985161,lhs_candidate_000004_june2024_preflight,pa1_candidate_000004
2024-06-17T12:00,34.9,51.0,825.0,687.0,138.0,1.35,100650.0,23.2,2.75,0.66,37.4,0.116,0,1,0,1.0,37.69986592693763,51.3983952621041,0.02335292511519193,34.958693210684686,0.21071534496110353,77455.1712,3.167850849528978,701.25,0.004601296245530818,1.5127478469593913e-05,0.3747860800068119,0.0,0.0,1.1279907639448157,lhs_candidate_000004_june2024_preflight,pa1_candidate_000004
2024-06-17T13:00,34.6,52.0,704.0,466.0,238.0,1.7,100590.0,23.3,2.63,0.58,37.4,0.116,0,1,0,1.0,37.38614791603181,50.71150640224935,0.022674883105716616,35.28988834823016,0.20823186748816178,70325.41119999999,3.1584060077648752,598.4,0.004985223007185854,1.2499198056926996e-05,0.35945597214914676,0.0,0.0,1.1284572094824208,lhs_candidate_000004_june2024_preflight,pa1_candidate_000004
2024-06-17T14:00,35.0,51.0,647.0,410.0,237.0,1.57,100540.0,23.2,2.77,0.54,37.4,0.116,0,1,0,1.0,37.30096480643139,50.64422887475185,0.022546424939440673,35.5669777392918,0.20610794816138875,65274.2288,3.148113531439926,549.9499999999999,0.004686727189439801,1.1129741163582992e-05,0.34634535902091823,0.0,0.0,1.1282057682030198,lhs_candidate_000004_june2024_preflight,pa1_candidate_000004
2024-06-17T15:00,32.0,66.0,437.0,187.0,250.0,1.4,100470.0,24.7,1.63,0.35,36.3,0.137,0,1,0,1.0,35.02878320851016,60.060505416254905,0.023782025264589973,35.760784818689544,0.204448547834615,47251.6,2.2492454978194902,371.45,0.004733946616456785,7.324887975891698e-06,0.3361021471272531,0.0,0.0,1.1357326602437943,lhs_candidate_000004_june2024_preflight,pa1_candidate_000004
2024-06-17T16:00,32.3,63.0,229.0,79.0,150.0,1.78,100520.0,24.3,1.81,0.22,34.7,0.137,0,1,0,1.0,33.48233034081187,61.763612250038626,0.022555505159369427,35.807475781633975,0.20343895387870933,25429.36,1.9759974341137951,194.65,0.004600829666775098,3.957652973276955e-06,0.3298700856710453,0.0,0.0,1.1420286131498818,lhs_candidate_000004_june2024_preflight,pa1_candidate_000004
2024-06-17T17:00,31.9,65.0,149.0,62.0,87.0,1.12,100530.0,24.5,1.65,0.14,34.1,0.137,0,1,0,1.0,32.792580746311984,64.07004434599409,0.022561473875349347,35.77205925174928,0.202843461548653,16172.868799999998,1.7864084123589712,126.64999999999999,0.0036211236619400127,2.6645983932524614e-06,0.32619420709045055,0.0,0.0,1.1447171925140498,lhs_candidate_000004_june2024_preflight,pa1_candidate_000004
2024-06-17T18:00,31.6,66.0,62.0,23.0,39.0,0.99,100550.0,24.4,1.58,0.06,33.3,0.137,1,1,0,1.0,32.14748048030352,65.37066074807876,0.02224515170533328,35.68768742941464,0.20248574223049545,6828.1136,1.6603193438596744,52.699999999999996,0.003280764090100941,1.3163011192122876e-06,0.32398606315120654,0.0,0.0,1.1473642226726304,lhs_candidate_000004_june2024_preflight,pa1_candidate_000004
2024-06-17T19:00,31.1,69.0,0.0,0.0,0.0,0.99,100660.0,24.8,1.39,0.03,32.5,0.136,0,0,0,1.0,31.45923790159733,68.48694350969403,0.022465970426063592,35.559686920694034,0.2128551313204958,0.0,1.453191007233908,0.0,0.0017839833980027224,4.0812789855782936e-07,0.3879946377808383,0.0,0.0,1.1512146423764729,lhs_candidate_000004_june2024_preflight,pa1_candidate_000004
2024-06-17T20:00,30.8,71.0,0.0,0.0,0.0,0.71,100720.0,25.0,1.27,0.0,32.0,0.136,0,0,0,1.0,30.998865496837386,70.93120500940688,0.022701177523203792,35.40856615781829,0.21278561316860117,0.0,1.3058580848925647,0.0,0.0012912987281439685,3.6634390082780344e-07,0.38756551338642703,0.0,0.0,1.153644407387836,lhs_candidate_000004_june2024_preflight,pa1_candidate_000004
2024-06-17T21:00,30.5,73.0,0.0,0.0,0.0,0.72,100740.0,25.1,1.17,0.0,31.6,0.136,0,0,0,1.0,30.686378232347614,72.93961291960828,0.022955442416317338,35.25347085055113,0.21272260018341757,0.0,1.1941742261025112,0.0,0.001294859372965008,3.346760161647388e-07,0.3871765443420838,0.0,0.0,1.1550602136857386,lhs_candidate_000004_june2024_preflight,pa1_candidate_000004
2024-06-17T22:00,30.1,76.0,0.0,0.0,0.0,1.0,100780.0,25.3,1.04,0.01,31.2,0.136,0,0,0,1.0,30.32833502524678,75.4469354886077,0.023291139685242008,35.095306471420564,0.21266559570578075,0.0,1.0615836931164946,0.0,0.0017192943225400393,2.972461611339221e-07,0.3868246648504985,0.0,0.0,1.15688212301184,lhs_candidate_000004_june2024_preflight,pa1_candidate_000004
2024-06-17T23:00,29.8,78.0,0.0,0.0,0.0,0.99,100780.0,25.6,0.91,0.0,30.9,0.136,0,0,0,1.0,29.996613226113723,77.58725688310919,0.0235267152564984,34.93342369732463,0.21261504451346488,0.0,0.9508025508535556,0.0,0.0016851591055583395,2.660123961306211e-07,0.38651262045348694,0.0,0.0,1.1581480550806378,lhs_candidate_000004_june2024_preflight,pa1_candidate_000004
2024-06-18T00:00,29.5,80.0,0.0,0.0,0.0,1.06,100730.0,25.6,0.83,0.0,30.7,0.136,0,0,0,1.0,29.696387249621026,79.5072656012836,0.023720332049338735,34.7690321512628,0.21256962557788983,0.0,0.854491920209492,0.0,0.0017872148672606152,2.3889351466455117e-07,0.38623225665364097,0.0,0.0,1.1587210203069975,lhs_candidate_000004_june2024_preflight,pa1_candidate_000004
2024-06-18T01:00,29.2,81.0,0.0,0.0,0.0,0.89,100710.0,25.7,0.75,0.0,30.4,0.136,0,0,0,1.0,29.400117593790768,80.65878302901783,0.023680209927870458,34.60249469661901,0.2125282919920421,0.0,0.7928421149061093,0.0,0.0015439275029843623,2.2151141961018958e-07,0.3859771110619883,0.0,0.0,1.159625398091713,lhs_candidate_000004_june2024_preflight,pa1_candidate_000004
2024-06-18T02:00,28.8,83.0,0.0,0.0,0.0,0.98,100610.0,25.7,0.66,0.0,30.1,0.136,0,0,0,1.0,29.04411813208495,82.29119722893203,0.023696201582172515,34.43337551462284,0.21249037149496644,0.0,0.711168101017901,0.0,0.0017011650891149603,1.9857209518014185e-07,0.38574303391954595,0.0,0.0,1.1598386870002646,lhs_candidate_000004_june2024_preflight,pa1_candidate_000004
2024-06-18T03:00,28.7,84.0,0.0,0.0,0.0,0.98,100520.0,25.7,0.63,0.0,29.9,0.136,0,0,0,1.0,28.83074147061313,83.7079491612771,0.02382544703518061,34.26194424670466,0.21245644614799025,0.0,0.6462507576440251,0.0,0.0016284417327263327,1.8034793635096212e-07,0.38553361819747073,0.0,0.0,1.1596199587453209,lhs_candidate_000004_june2024_preflight,pa1_candidate_000004
2024-06-18T04:00,28.6,84.0,0.0,0.0,0.0,0.98,100510.0,25.7,0.61,0.0,29.7,0.136,0,0,0,1.0,28.718239312718875,83.92001485024035,0.02373960082284487,34.09212190307557,0.21242443474880796,0.0,0.633698428945543,0.0,0.0016202391911380144,1.7675434245582582e-07,0.3853360169679504,0.0,0.0,1.1599367281130637,lhs_candidate_000004_june2024_preflight,pa1_candidate_000004
2024-06-18T05:00,28.5,85.0,0.0,0.0,0.0,0.82,100540.0,25.7,0.59,0.0,29.6,0.136,0,0,0,1.0,28.61693202637183,84.77928487084363,0.023850333409354156,33.92478884767756,0.21239346089367925,0.0,0.5963251365825535,0.0,0.0013824278974616923,1.6624746652044813e-07,0.3851448203313534,0.0,0.0,1.1606724662866623,lhs_candidate_000004_june2024_preflight,pa1_candidate_000004
2024-06-18T06:00,28.4,85.0,21.0,10.0,11.0,1.1,100630.0,25.7,0.58,0.02,29.5,0.135,1,0,0,1.0,28.565330214001524,85.26796790192941,0.023920255909807966,33.764781381264314,0.21233064149966763,2235.0063999999998,0.5754553707210364,17.849999999999998,0.0018282847884659684,5.331175386640349e-07,0.3847570462942446,0.0,0.0,1.161910146288041,lhs_candidate_000004_june2024_preflight,pa1_candidate_000004
2024-06-18T07:00,29.7,76.0,181.0,125.0,56.0,1.2,100680.0,25.1,0.99,0.13,30.8,0.135,0,0,0,1.0,29.677092003134295,82.76332822697383,0.02466594668962665,33.656394672918495,0.22246572238025245,17898.214399999997,0.7179260049017655,153.85,0.0018988514387633432,3.968607741175406e-06,0.44731927395217563,0.0,0.0,1.1582196521062977,lhs_candidate_000004_june2024_preflight,pa1_candidate_000004
2024-06-18T08:00,31.4,65.0,398.0,318.0,80.0,1.12,100730.0,24.0,1.62,0.3,32.3,0.135,0,0,0,1.0,31.835807258151892,76.02357242918396,0.025444560025650143,33.66889836841666,0.22134669806740329,37838.592000000004,1.1294902378865483,338.3,0.0020053273677846976,8.44860900320967e-06,0.4404117164654524,0.0,0.0,1.1505928029403063,lhs_candidate_000004_june2024_preflight,pa1_candidate_000004
2024-06-18T09:00,32.6,59.0,590.0,488.0,102.0,1.04,100770.0,23.5,2.03,0.45,33.9,0.134,0,1,0,1.0,33.88719007362585,63.99633507518028,0.023873420973829825,33.816484555444596,0.21947262584513688,55508.6048,1.9031321767885636,501.5,0.0037082634964647693,1.2266353933317906e-05,0.4288433694144252,0.0,0.0,1.1433592891191382,lhs_candidate_000004_june2024_preflight,pa1_candidate_000004
2024-06-18T10:00,33.6,55.0,751.0,638.0,113.0,0.89,100720.0,23.2,2.35,0.58,35.3,0.134,0,1,0,1.0,35.595976605968715,59.07848640955809,0.024092077012686546,34.07606620381033,0.21700925000630575,70063.6112,2.377768578431392,638.35,0.0038652381191146123,1.5046600714607556e-05,0.41363734571793676,0.0,0.0,1.1364670774044943,lhs_candidate_000004_june2024_preflight,pa1_candidate_000004
2024-06-18T11:00,34.5,52.0,858.0,729.0,129.0,0.73,100620.0,23.1,2.64,0.67,36.7,0.133,0,1,0,1.0,37.02195852755717,55.138831777179135,0.024199346479702878,34.419768799576495,0.21416704042773724,80042.5296,2.8183238359346454,729.3,0.003951746050528241,1.649043822501156e-05,0.3960928421465262,0.0,0.0,1.1301191377645596,lhs_candidate_000004_june2024_preflight,pa1_candidate_000004
2024-06-18T12:00,34.8,51.0,758.0,622.0,136.0,0.22,100560.0,23.1,2.75,0.6,37.2,0.132,0,1,0,1.0,37.52111562230189,52.655596159155344,0.02370699401410632,34.77873876862235,0.21141622795545276,71488.8064,3.056139615761187,644.3,0.003792461812181543,1.4099333517800798e-05,0.37911251824353553,0.0,0.0,1.1276305581542616,lhs_candidate_000004_june2024_preflight,pa1_candidate_000004
2024-06-18T13:00,35.2,51.0,778.0,578.0,200.0,0.45,100480.0,23.4,2.8,0.62,37.6,0.131,0,1,0,1.0,37.87554182027132,52.270447459293635,0.023962626630194467,35.11798151229354,0.20889822511752149,75500.48,3.1407496976773617,661.3,0.0038499242942888036,1.3879082683463114e-05,0.3635692908488981,0.0,0.0,1.1254495189425948,lhs_candidate_000004_june2024_preflight,pa1_candidate_000004
2024-06-18T14:00,34.9,52.0,694.0,574.0,120.0,1.1,100410.0,23.7,2.66,0.56,37.5,0.13,0,1,0,1.0,37.671666625665374,51.250932563400305,0.023252473995136563,35.438135143948784,0.20657210640593834,65293.888000000006,3.1726100628575487,589.9,0.004346695073345328,1.1985384079851317e-05,0.3492105333699898,0.0,0.0,1.1254031620873133,lhs_candidate_000004_june2024_preflight,pa1_candidate_000004
2024-06-18T15:00,34.1,56.0,514.0,370.0,144.0,0.99,100330.0,24.0,2.36,0.42,36.9,0.129,0,1,0,1.0,36.59024953174395,54.094670349911276,0.023220892781039768,35.67910193912509,0.2047140494907314,50298.2656,2.8168057221862393,436.9,0.004148238788547304,8.69941800376602e-06,0.3377410462390828,0.0,0.0,1.1284325815035947,lhs_candidate_000004_june2024_preflight,pa1_candidate_000004
2024-06-18T16:00,33.3,59.0,393.0,277.0,116.0,1.17,100340.0,24.2,2.1,0.32,36.1,0.129,0,1,0,1.0,35.317746280787446,57.07581354537791,0.02294205521540255,35.82197244175131,0.20334353776246153,38665.1584,2.4562001221169423,334.05,0.0041468499622159365,6.5569890912387e-06,0.3292810972991453,0.0,0.0,1.1332005719420413,lhs_candidate_000004_june2024_preflight,pa1_candidate_000004
2024-06-18T17:00,32.8,62.0,236.0,172.0,64.0,1.12,100370.0,24.4,1.91,0.19,35.2,0.129,0,1,0,1.0,34.182736119447306,60.42564322916332,0.02289326648226021,35.875178616388524,0.20239381444871174,23019.673600000002,2.126575831883717,200.6,0.00383930133582312,4.019971860905462e-06,0.32341860770809716,0.0,0.0,1.137725653099072,lhs_candidate_000004_june2024_preflight,pa1_candidate_000004
2024-06-18T18:00,32.3,64.0,85.0,52.0,33.0,0.64,100430.0,24.6,1.74,0.06,34.2,0.129,1,1,0,1.0,33.11684581399713,62.95674872501869,0.02255259459406886,35.837892415874514,0.20188106550662485,8641.0192,1.8755774828895388,72.25,0.00304251994302662,1.690935287706504e-06,0.3202534907816349,0.0,0.0,1.142367727752781,lhs_candidate_000004_june2024_preflight,pa1_candidate_000004
2024-06-18T19:00,31.5,70.0,0.0,0.0,0.0,0.41,100530.0,25.3,1.41,0.02,33.2,0.129,0,1,0,1.0,32.01362328554659,68.45210379272937,0.023128456903429555,35.72783660766543,0.21220874297546788,0.0,1.5011867740767242,0.0,0.0026146113253487967,4.172717647679183e-07,0.38400458626832024,0.0,0.0,1.1476391856008235,lhs_candidate_000004_june2024_preflight,pa1_candidate_000004
2024-06-18T20:00,31.1,73.0,0.0,0.0,0.0,0.82,100630.0,25.6,1.22,0.0,32.5,0.129,0,0,0,1.0,31.355002541447053,72.52363532033753,0.02365790074705199,35.58201878708353,0.21214059889633563,0.0,1.2595692485296524,0.0,0.0014838248956242765,3.497279377360417e-07,0.38358394380454097,0.0,0.0,1.1512654982362023,lhs_candidate_000004_june2024_preflight,pa1_candidate_000004
2024-06-18T21:00,30.8,75.0,0.0,0.0,0.0,1.3,100660.0,25.8,1.12,0.01,32.0,0.129,0,0,0,1.0,30.98851876096029,74.63144044015696,0.023872165249210972,35.429330510032905,0.21208091053973915,0.0,1.1389611971096665,0.0,0.0021388418123001345,3.1593653435347334e-07,0.3832154971588837,0.0,0.0,1.1529963922493789,lhs_candidate_000004_june2024_preflight,pa1_candidate_000004
2024-06-18T22:00,30.5,75.0,0.0,0.0,0.0,0.89,100700.0,25.7,1.07,0.0,31.7,0.129,0,0,0,1.0,30.68543031045634,75.05138513736973,0.02361885215863404,35.27352995345273,0.21202518735008932,0.0,1.1009222158323566,0.0,0.001533193056920235,3.051107880437575e-07,0.3828715268524032,0.0,0.0,1.1546051856511674,lhs_candidate_000004_june2024_preflight,pa1_candidate_000004
2024-06-18T23:00,30.2,77.0,0.0,0.0,0.0,0.76,100680.0,25.8,0.98,0.0,31.3,0.129,0,0,0,1.0,30.389806996558896,76.73536637200652,0.023767522657324652,35.1153331670913,0.21197237394359156,0.0,1.009420039369453,0.0,0.0013529845552720102,2.7951357075096705e-07,0.3825455181703183,0.0,0.0,1.1555001389066846,lhs_candidate_000004_june2024_preflight,pa1_candidate_000004
2024-06-19T00:00,30.0,79.0,0.0,0.0,0.0,0.81,100660.0,26.0,0.88,0.0,31.0,0.129,0,0,0,1.0,30.152954131952853,78.73737506329942,0.02407798890103218,34.95539471681321,0.21192459913599804,0.0,0.9101322462975885,0.0,0.0013950959879626339,2.518259894565833e-07,0.38225061195060517,0.0,0.0,1.156172764222062,lhs_candidate_000004_june2024_preflight,pa1_candidate_000004
2024-06-19T01:00,29.7,82.0,0.0,0.0,0.0,0.81,100580.0,26.2,0.77,0.0,30.8,0.129,0,0,0,1.0,29.892203605433128,81.36228320021587,0.024532493303414733,34.79461306220448,0.21188225370500202,0.0,0.7859340247440207,0.0,0.0014248622177069677,2.1731267411139904e-07,0.38198922040124705,0.0,0.0,1.1562479206380618,lhs_candidate_000004_june2024_preflight,pa1_candidate_000004
2024-06-19T02:00,29.3,84.0,0.0,0.0,0.0,0.91,100560.0,26.3,0.64,0.0,30.5,0.129,0,0,0,1.0,29.540313966546687,83.29874466655592,0.02464207870728332,34.631413959766675,0.2118456365488972,0.0,0.690173418484326,0.0,0.0015994407612498866,1.9072171174472885e-07,0.3817631885734396,0.0,0.0,1.1573619218958586,lhs_candidate_000004_june2024_preflight,pa1_candidate_000004
2024-06-19T03:00,29.2,84.0,0.0,0.0,0.0,0.9,100510.0,26.3,0.64,0.0,30.2,0.129,0,0,0,1.0,29.326917991494884,83.91289670571165,0.024537796182958923,34.46576586318895,0.21181243045759973,0.0,0.656672208268466,0.0,0.001507220471316521,1.8136659520018284e-07,0.3815582127012329,0.0,0.0,1.1576025706513313,lhs_candidate_000004_june2024_preflight,pa1_candidate_000004
2024-06-19T04:00,29.1,85.0,0.0,0.0,0.0,1.0,100510.0,26.3,0.6,0.0,29.9,0.129,0,0,0,1.0,29.214116245219728,84.75238169788494,0.024631759405837544,34.30155022782807,0.21178066077538982,0.0,0.6183686851540795,0.0,0.0016473504429163938,1.7069974824892887e-07,0.381362103551789,0.0,0.0,1.1580344327157972,lhs_candidate_000004_june2024_preflight,pa1_candidate_000004
2024-06-19T05:00,29.0,85.0,0.0,0.0,0.0,1.0,100500.0,26.2,0.6,0.0,29.7,0.129,0,0,0,1.0,29.112111162847214,84.91016343613147,0.02454103009872931,34.13965362653552,0.2117502961254271,0.0,0.6083773881017587,0.0,0.001646074402822861,1.6785912383259658e-07,0.381174667440908,0.0,0.0,1.1583099825059828,lhs_candidate_000004_june2024_preflight,pa1_candidate_000004
2024-06-19T06:00,29.1,84.0,17.0,2.0,15.0,1.14,100630.0,26.1,0.64,0.02,29.5,0.129,1,0,0,1.0,29.169501569688407,84.57710087650065,0.024521232388632998,33.98506283561074,0.21169297593374015,2023.7359999999999,0.6238689697727229,14.45,0.0018326166393629146,4.707166216830806e-07,0.3808208390971614,0.0,0.0,1.1595881233135905,lhs_candidate_000004_june2024_preflight,pa1_candidate_000004
2024-06-19T07:00,29.6,80.0,141.0,43.0,98.0,1.3,100650.0,25.8,0.84,0.11,30.7,0.128,0,0,0,1.0,29.79190895105448,83.82703476480317,0.025138832974828242,33.87121934830204,0.2219115797363459,15855.8752,0.6780812327302566,119.85,0.0021409003382939634,3.1061026862867927e-06,0.44389864034781423,0.0,0.0,1.1574356910641939,lhs_candidate_000004_june2024_preflight,pa1_candidate_000004
2024-06-19T08:00,31.1,69.0,311.0,159.0,152.0,1.5,100650.0,24.6,1.41,0.25,31.8,0.128,0,0,0,1.0,31.404388129970158,76.29079092755428,0.024952607120095727,33.84681730008068,0.22103474394548828,32715.7248,1.0899270833044774,264.34999999999997,0.0024905890665324836,6.638744775755612e-06,0.43848607373758197,0.0,0.0,1.151307587101435,lhs_candidate_000004_june2024_preflight,pa1_candidate_000004
2024-06-19T09:00,32.4,61.0,452.0,195.0,257.0,1.5,100620.0,23.8,1.91,0.36,33.2,0.128,0,1,0,1.0,33.24339965856571,64.90795532876956,0.023407310339216825,33.92977337753362,0.2195774462326786,48817.8768,1.7894244575388822,384.2,0.004097309547193913,9.514490663821297e-06,0.42949040884369516,0.0,0.0,1.1440561928570514,lhs_candidate_000004_june2024_preflight,pa1_candidate_000004
2024-06-19T10:00,33.6,55.0,643.0,364.0,279.0,1.4,100570.0,23.4,2.33,0.51,34.8,0.127,0,1,0,1.0,35.082365507857055,58.752698664514135,0.023329091230182952,34.12118283593071,0.21753981716717827,66399.8896,2.329783074558498,546.55,0.0042080462898039924,1.3073489686459356e-05,0.41691245164924856,0.0,0.0,1.1366654506599498,lhs_candidate_000004_june2024_preflight,pa1_candidate_000004
2024-06-19T11:00,34.5,52.0,737.0,377.0,360.0,0.91,100510.0,23.4,2.6,0.59,36.2,0.126,0,1,0,1.0,36.57687807395752,55.24562840962096,0.02369866255736003,34.4055981004078,0.21505864876924483,77521.66399999999,2.744176134261602,626.4499999999999,0.003914105522337904,1.445567015152041e-05,0.4015965973410175,0.0,0.0,1.1305058831414594,lhs_candidate_000004_june2024_preflight,pa1_candidate_000004
2024-06-19T12:00,35.2,50.0,832.0,510.0,322.0,0.81,100420.0,23.2,2.84,0.66,37.2,0.126,0,1,0,1.0,37.74385526305647,52.399322672668646,0.023861132814421204,34.751153053560536,0.21234660729618307,84544.7328,3.1100141223983218,707.1999999999999,0.00401678513864921,1.564211731142913e-05,0.3848556005937227,0.0,0.0,1.1252539015483423,lhs_candidate_000004_june2024_preflight,pa1_candidate_000004
2024-06-19T13:00,34.8,51.0,617.0,324.0,293.0,0.71,100390.0,23.3,2.7,0.5,37.1,0.125,0,1,0,1.0,37.44350748777276,50.990913767665454,0.0228667199866628,35.074751661927856,0.20991942053594367,64604.4432,3.1502989086906186,524.4499999999999,0.003985570161633658,1.1374343724849247e-05,0.36987296627125726,0.0,0.0,1.126005546676682,lhs_candidate_000004_june2024_preflight,pa1_candidate_000004
2024-06-19T14:00,35.1,50.0,620.0,245.0,375.0,0.0,100320.0,23.1,2.83,0.48,37.2,0.124,0,1,0,1.0,37.31631735316716,51.615900419529126,0.02299704871221784,35.33477316810316,0.20790508480289588,67753.4,3.0887122904450464,527.0,0.003536237653551825,1.1025515766956874e-05,0.3574387950796042,0.0,0.0,1.1256813789585178,lhs_candidate_000004_june2024_preflight,pa1_candidate_000004
2024-06-19T15:00,34.4,52.0,416.0,154.0,262.0,0.4,100290.0,23.2,2.61,0.33,36.7,0.124,0,1,0,1.0,36.509695141606834,51.60928826630212,0.02206243713024348,35.53938995808869,0.2062488012825357,45825.788799999995,2.9562694291649363,353.59999999999997,0.0035788455416721123,7.408301222128131e-06,0.34721482273170184,0.0,0.0,1.1282761247612554,lhs_candidate_000004_june2024_preflight,pa1_candidate_000004
2024-06-19T16:00,31.4,69.0,176.0,17.0,159.0,0.51,100310.0,25.0,1.44,0.15,35.0,0.136,0,1,0,1.0,33.62651370852891,63.50901661866939,0.02336948153953374,35.60474775046594,0.20529146795844247,21082.0016,1.9010479431169003,149.6,0.003697672470851218,3.2416004653694753e-06,0.3413053577681634,0.0,0.0,1.1391071333248002,lhs_candidate_000004_june2024_preflight,pa1_candidate_000004
2024-06-19T17:00,31.0,71.0,93.0,6.0,87.0,0.51,100290.0,25.1,1.31,0.09,33.5,0.143,0,1,0,1.0,31.827122387789323,69.81892936775012,0.023357094458155564,35.53854057787041,0.2048410246015062,11244.868799999998,1.4210823372081975,79.05,0.0029362355338885086,1.801008803186511e-06,0.33852484321917403,0.0,0.0,1.145599506263531,lhs_candidate_000004_june2024_preflight,pa1_candidate_000004
2024-06-19T18:00,30.5,71.0,43.0,7.0,36.0,0.72,100360.0,24.6,1.27,0.05,32.4,0.147,1,1,0,1.0,31.02864959068686,70.3159691849104,0.022540254647633144,35.4208946952666,0.20459000088049276,5050.5664,1.3357591495143715,36.55,0.0029390715759956137,9.944607131122861e-07,0.3369753140771158,0.0,0.0,1.149408419211222,lhs_candidate_000004_june2024_preflight,pa1_candidate_000004
2024-06-19T19:00,30.0,73.0,0.0,0.0,0.0,0.71,100400.0,24.7,1.14,0.02,31.5,0.147,0,0,0,1.0,30.355404230097403,72.70557886374804,0.0224776400933098,35.27071622033328,0.2150007933369091,0.0,1.1819388244903197,0.0,0.0014147426863462766,3.4327841729499417e-07,0.40123946504264885,0.0,0.0,1.1524172039592973,lhs_candidate_000004_june2024_preflight,pa1_candidate_000004
2024-06-19T20:00,29.8,75.0,0.0,0.0,0.0,0.94,100480.0,25.0,1.04,0.0,31.1,0.148,0,0,0,1.0,29.97149233897112,74.7787563712919,0.022644320193330836,35.103161755239206,0.21494205158789692,0.0,1.0684051728789759,0.0,0.0015962180715460076,3.10023653317934e-07,0.4008768616536847,0.0,0.0,1.1547961964671303,lhs_candidate_000004_june2024_preflight,pa1_candidate_000004
2024-06-19T21:00,29.6,78.0,0.0,0.0,0.0,1.08,100570.0,25.3,0.92,0.0,30.7,0.148,0,0,0,1.0,29.753214080001875,77.55852853941693,0.023210286847916702,34.934143435541664,0.2148895768012269,0.0,0.9388103384276238,0.0,0.0017910077910250242,2.7219845046356573e-07,0.40055294321744994,0.0,0.0,1.1566634633181392,lhs_candidate_000004_june2024_preflight,pa1_candidate_000004
2024-06-19T22:00,29.5,81.0,0.0,0.0,0.0,0.73,100620.0,25.8,0.8,0.0,30.5,0.148,0,0,0,1.0,29.614205569608014,80.59595424227338,0.023938261534326804,34.765799202918885,0.21484412538047548,0.0,0.8052818124610317,0.0,0.001248960864607087,2.3331967921914243e-07,0.400272378891824,0.0,0.0,1.1577698416179438,lhs_candidate_000004_june2024_preflight,pa1_candidate_000004
2024-06-19T23:00,29.3,83.0,0.0,0.0,0.0,1.0,100600.0,26.1,0.68,0.0,30.3,0.148,0,0,0,1.0,29.45144488769665,82.5852952870767,0.02431347415507126,34.59915540445504,0.21480460281928468,0.0,0.715983660460199,0.0,0.0016713028511835797,2.0732029008757736e-07,0.40002841246472026,0.0,0.0,1.1581623220179877,lhs_candidate_000004_june2024_preflight,pa1_candidate_000004
2024-06-20T00:00,29.2,84.0,0.0,0.0,0.0,0.95,100510.0,26.3,0.63,0.0,30.1,0.147,0,0,0,1.0,29.315909692081668,83.79842226768464,0.024489666627103668,34.43359730207656,0.2147688560292063,0.0,0.6609254550892323,0.0,0.001573749709514658,1.9127206583327135e-07,0.39980775326670565,0.0,0.0,1.1576447017983165,lhs_candidate_000004_june2024_preflight,pa1_candidate_000004
2024-06-20T01:00,29.0,86.0,0.0,0.0,0.0,0.63,100460.0,26.4,0.56,0.0,29.8,0.148,0,0,0,1.0,29.154552242966083,85.53783452370743,0.024779611330557463,34.26967933624383,0.21473629738196398,0.0,0.5845019407805156,0.0,0.0011447986196053623,1.690700406011949e-07,0.39960677396274064,0.0,0.0,1.157686411107799,lhs_candidate_000004_june2024_preflight,pa1_candidate_000004
2024-06-20T02:00,29.0,85.0,0.0,0.0,0.0,0.71,100410.0,26.2,0.61,0.0,29.7,0.147,0,0,0,1.0,29.077786892476162,85.36070874278862,0.02462519064602936,34.107331755419985,0.21470618279108344,0.0,0.5890440003138973,0.0,0.0011880090703495338,1.7030459286589422e-07,0.39942088142644105,0.0,0.0,1.1574041224416638,lhs_candidate_000004_june2024_preflight,pa1_candidate_000004
2024-06-20T03:00,28.9,86.0,0.0,0.0,0.0,0.91,100390.0,26.3,0.56,0.0,29.4,0.147,0,0,0,1.0,29.007705259037312,85.80057436256152,0.024657792061109428,33.94841179275246,0.21467579845194254,0.0,0.5690365300017461,0.0,0.0015085208748392002,1.644427722229008e-07,0.3992333237774231,0.0,0.0,1.1574419784965506,lhs_candidate_000004_june2024_preflight,pa1_candidate_000004
2024-06-20T04:00,28.8,87.0,0.0,0.0,0.0,0.9,100400.0,26.4,0.52,0.0,29.2,0.147,0,0,0,1.0,28.91054709328431,86.74512330349405,0.0247975939067087,33.792051340908,0.21464725416453073,0.0,0.5282090975700764,0.0,0.0014956869970186445,1.5257690589304248e-07,0.39905712447241193,0.0,0.0,1.1579296028400838,lhs_candidate_000004_june2024_preflight,pa1_candidate_000004
2024-06-20T05:00,28.7,88.0,0.0,0.0,0.0,0.91,100400.0,26.4,0.48,0.0,29.1,0.148,0,0,0,1.0,28.810795898921512,87.71066427998134,0.024937572848614677,33.63793546747265,0.21462087109620887,0.0,0.48691421858912554,0.0,0.0015107602667441713,1.405911903773671e-07,0.39889426602598066,0.0,0.0,1.1583121189230987,lhs_candidate_000004_june2024_preflight,pa1_candidate_000004
2024-06-20T06:00,28.6,89.0,12.0,0.0,12.0,1.12,100420.0,26.5,0.44,0.02,29.2,0.148,1,0,0,1.0,28.738245400530708,88.87689590452013,0.025169297120909335,33.48871270868467,0.21457695390777237,1478.1888,0.4388601221684443,10.2,0.0018423187791135197,3.4736529599801255e-07,0.39862317227019983,0.0,0.0,1.1588212821536539,lhs_candidate_000004_june2024_preflight,pa1_candidate_000004
2024-06-20T07:00,28.8,86.0,79.0,4.0,75.0,1.2,100470.0,26.3,0.54,0.07,29.6,0.149,0,0,0,1.0,28.976967955007687,88.37836520356478,0.02535611187054065,33.36140574512861,0.22492274176887608,9590.68,0.4649059632641257,67.14999999999999,0.001983713591044353,1.8416218665586493e-06,0.46248606030170425,0.0,0.0,1.158482182683605,lhs_candidate_000004_june2024_preflight,pa1_candidate_000004
2024-06-20T08:00,29.6,80.0,217.0,50.0,167.0,1.17,100540.0,25.7,0.84,0.17,30.3,0.152,0,0,0,1.0,29.910520017090914,86.29756942981508,0.026046386367377633,33.29322604651778,0.22432596684108447,24971.4608,0.57842571777987,184.45,0.0020107172869036297,4.786333535099213e-06,0.4588022644511387,0.0,0.0,1.155718234823382,lhs_candidate_000004_june2024_preflight,pa1_candidate_000004
2024-06-20T09:00,30.1,76.0,293.0,55.0,238.0,0.71,100550.0,25.4,1.01,0.23,30.7,0.155,0,1,0,1.0,30.832048281908296,79.63613305954169,0.025259941982682464,33.29489684555112,0.2233160415564726,34157.411199999995,0.9061541383772642,249.04999999999998,0.003062410051999466,6.415836710094989e-06,0.4525681577560038,0.0,0.0,1.1523292521877635,lhs_candidate_000004_june2024_preflight,pa1_candidate_000004
2024-06-20T10:00,30.2,76.0,233.0,21.0,212.0,0.2,100560.0,25.4,1.05,0.19,30.9,0.154,0,1,0,1.0,31.077640683591024,78.24220559920609,0.025147036345108058,33.31393770831942,0.2222782847312145,27962.6688,0.9818179514816734,198.04999999999998,0.002789677901346095,5.114160164344717e-06,0.44616225142725,0.0,0.0,1.151513526924835,lhs_candidate_000004_june2024_preflight,pa1_candidate_000004
2024-06-20T11:00,31.3,69.0,557.0,171.0,386.0,0.32,100540.0,24.9,1.43,0.43,32.3,0.155,0,1,0,1.0,32.45525585535123,75.84041437592025,0.026233244095025594,33.40115598892682,0.2207706011923289,62596.4064,1.1786186492119741,473.45,0.003030445831331984,1.1601183384631471e-05,0.4368555629156106,0.0,0.0,1.1460947170509062,lhs_candidate_000004_june2024_preflight,pa1_candidate_000004
2024-06-20T12:00,31.7,67.0,539.0,156.0,383.0,0.58,100520.0,24.9,1.54,0.42,33.1,0.155,0,1,0,1.0,33.43709621761963,69.85745765772921,0.025450630197063603,33.58246521086789,0.2187323521319335,60906.8592,1.553786062689575,458.15,0.00350801944202514,1.102986905416345e-05,0.4242737785921822,0.0,0.0,1.1421971090311944,lhs_candidate_000004_june2024_preflight,pa1_candidate_000004
2024-06-20T13:00,32.0,66.0,565.0,245.0,320.0,0.95,100490.0,24.9,1.61,0.44,33.5,0.155,0,1,0,1.0,33.86724884955384,67.63817596892426,0.025205598317591185,33.77401135011685,0.21672655001388846,60978.368,1.7087266653741668,480.25,0.003870355562686093,1.1248361710855764e-05,0.4118922840363486,0.0,0.0,1.1402564021033843,lhs_candidate_000004_june2024_preflight,pa1_candidate_000004
2024-06-20T14:00,29.0,81.0,220.0,40.0,180.0,0.86,100460.0,25.5,0.74,0.18,32.3,0.164,0,1,0,1.0,31.410721261001804,74.68636355982608,0.02443611754695022,33.87721289887959,0.21531759596767142,25692.832,1.1641019782119937,187.0,0.00402320629281411,4.432973480801636e-06,0.40319503683747787,0.0,0.0,1.1491103340531872,lhs_candidate_000004_june2024_preflight,pa1_candidate_000004
2024-06-20T15:00,28.2,84.0,173.0,51.0,122.0,0.78,100410.0,25.2,0.62,0.14,31.1,0.189,0,0,0,1.0,29.44798167549637,84.18014959318461,0.024778347072959245,33.83336836657691,0.21461745067152999,19516.2528,0.650283513355562,147.04999999999998,0.002041245467500615,3.372015543846325e-06,0.398873152293395,0.0,0.0,1.1559881679610637,lhs_candidate_000004_june2024_preflight,pa1_candidate_000004
2024-06-20T16:00,27.9,89.0,111.0,2.0,109.0,0.58,100390.0,25.9,0.42,0.09,30.3,0.196,0,0,0,1.0,28.678775179108193,89.76361488463685,0.02533799656593646,33.740296816653384,0.2141219074717451,13602.8816,0.40248611487474806,94.35,0.0015803527067008091,2.1427301764721544e-06,0.3958142436527475,0.0,0.0,1.1587033475700403,lhs_candidate_000004_june2024_preflight,pa1_candidate_000004
2024-06-20T17:00,26.7,98.0,47.0,0.0,47.0,0.71,100360.0,26.3,0.08,0.04,29.7,0.202,0,0,0,1.0,27.58149058354394,95.30064208936133,0.025329661280241462,33.60455288023546,0.21384751434973026,5789.5728,0.17334953883299908,39.949999999999996,0.0017715612190304336,9.042348324590262e-07,0.39412045894895226,0.0,0.0,1.1625836060780232,lhs_candidate_000004_june2024_preflight,pa1_candidate_000004
2024-06-20T18:00,26.7,99.0,20.0,0.0,20.0,1.14,100320.0,26.5,0.05,0.02,29.4,0.204,1,0,0,1.0,26.98338133102299,98.25224364230186,0.02526585454973136,33.43100639676187,0.21373282578088346,2463.648,0.062252731530302086,17.0,0.00195444694336998,3.808110234830437e-07,0.3934125048202683,0.0,0.0,1.1644361273257735,lhs_candidate_000004_june2024_preflight,pa1_candidate_000004
2024-06-20T19:00,26.6,98.0,0.0,0.0,0.0,0.95,100370.0,26.2,0.07,0.01,29.0,0.211,0,0,0,1.0,26.78025864762825,97.48738424931948,0.02478871329915159,33.24536457446355,0.22423805438602584,0.0,0.0884348884067454,0.0,0.0016178263299743308,2.9334794952754774e-08,0.4582595949754682,0.0,0.0,1.1658054759023826,lhs_candidate_000004_june2024_preflight,pa1_candidate_000004
2024-06-20T20:00,26.5,97.0,0.0,0.0,0.0,0.85,100440.0,26.1,0.09,0.0,28.8,0.217,0,0,0,1.0,26.646796059459625,96.5904172554624,0.024379514065865703,33.0570881807822,0.22423181880876733,0.0,0.11906686800312372,0.0,0.0014494279228707328,3.949243161614731e-08,0.45822110375782305,0.0,0.0,1.167137882973029,lhs_candidate_000004_june2024_preflight,pa1_candidate_000004
2024-06-20T21:00,26.5,97.0,0.0,0.0,0.0,0.76,100520.0,26.0,0.09,0.0,28.6,0.22,0,0,0,1.0,26.601373479871636,96.57743630273039,0.024314865191702822,32.87216560217985,0.22422461551924946,0.0,0.11920119796060602,0.0,0.0012826179655652473,3.953314997128263e-08,0.45817663900771277,0.0,0.0,1.1682445051066583,lhs_candidate_000004_june2024_preflight,pa1_candidate_000004
2024-06-20T22:00,26.5,97.0,0.0,0.0,0.0,1.04,100600.0,26.0,0.1,0.0,28.5,0.224,0,0,0,1.0,26.5933835771245,96.59454164693472,0.024308388041004096,32.69215397230973,0.22421753004865358,0.0,0.11854969983282393,0.0,0.001694924179022047,3.931332701749196e-08,0.45813290153489866,0.0,0.0,1.1692054312416826,lhs_candidate_000004_june2024_preflight,pa1_candidate_000004
2024-06-20T23:00,26.5,97.0,0.0,0.0,0.0,0.95,100580.0,26.1,0.09,0.0,28.4,0.226,0,0,0,1.0,26.590022787087428,96.6147090809538,0.02430892759568945,32.51725295532572,0.22421047406458242,0.0,0.11782433225800704,0.0,0.0015566483450300602,3.906906666940739e-08,0.45808934607766927,0.0,0.0,1.1689860917680985,lhs_candidate_000004_june2024_preflight,pa1_candidate_000004
2024-06-21T00:00,27.8,87.0,0.0,0.0,0.0,1.08,100550.0,25.3,0.5,0.0,28.3,0.228,0,0,0,1.0,27.356055339796864,89.88240506375209,0.023594479731731295,32.35429901208641,0.22419753413039067,0.0,0.36833071996407885,0.0,0.00195837428647067,1.2211253791249093e-07,0.4580094699406832,0.0,0.0,1.1656583957321889,lhs_candidate_000004_june2024_preflight,pa1_candidate_000004
2024-06-21T01:00,27.9,84.0,0.0,0.0,0.0,1.1,100440.0,25.0,0.59,0.0,28.1,0.228,0,0,0,1.0,27.8627662653962,84.93550241924574,0.022926850175433493,32.214579939477744,0.2241687329154514,0.0,0.564893275652508,0.0,0.0017517352014558528,1.872061483348463e-07,0.4578316846632802,0.0,0.0,1.1624231165213506,lhs_candidate_000004_june2024_preflight,pa1_candidate_000004
2024-06-21T02:00,28.0,84.0,0.0,0.0,0.0,1.14,100400.0,24.9,0.62,0.0,28.0,0.228,0,0,0,1.0,28.00102652539703,84.33074388381573,0.02293715951799618,32.084893431846446,0.2241338020545615,0.0,0.5923223718255648,0.0,0.0017922585064005386,1.962037273146107e-07,0.4576160620651944,0.0,0.0,1.161426721219854,lhs_candidate_000004_june2024_preflight,pa1_candidate_000004
2024-06-21T03:00,27.5,85.0,0.0,0.0,0.0,1.3,100330.0,24.7,0.55,0.0,27.8,0.228,0,0,0,1.0,27.74446951915317,84.36851096181975,0.022626136623547316,31.958376817974692,0.22409849388175632,0.0,0.5821250418518722,0.0,0.0021677337755850604,1.92734076000258e-07,0.45739811038121186,0.0,0.0,1.1616065590478555,lhs_candidate_000004_june2024_preflight,pa1_candidate_000004
2024-06-21T04:00,27.3,85.0,0.0,0.0,0.0,1.26,100360.0,24.6,0.54,0.0,27.7,0.228,0,0,0,1.0,27.45384355969413,84.74070898881014,0.022365078552439594,31.827830184908716,0.2240646578259724,0.0,0.5587003260411736,0.0,0.0020620177357686554,1.848939875540116e-07,0.45718924583933584,0.0,0.0,1.1630772801958758,lhs_candidate_000004_june2024_preflight,pa1_candidate_000004
2024-06-21T05:00,27.4,84.0,0.0,0.0,0.0,1.17,100330.0,24.5,0.59,0.0,27.6,0.228,0,0,0,1.0,27.424362280002924,84.34346041650838,0.02222407452974455,31.697237776802694,0.22403119995117954,0.0,0.5722577589164279,0.0,0.0018529739570285477,1.8929507805253973e-07,0.45698271574802185,0.0,0.0,1.162843652809862,lhs_candidate_000004_june2024_preflight,pa1_candidate_000004
2024-06-21T06:00,27.4,85.0,9.0,0.0,9.0,0.86,100440.0,24.6,0.56,0.02,27.6,0.227,1,0,0,1.0,27.469254548450262,85.3589476443169,0.022547396872698612,31.573047315297988,0.22398085762081052,1108.6416,0.5365474677769564,7.6499999999999995,0.0014055613968509276,3.670215408579745e-07,0.45667196062228715,0.0,0.0,1.1639447326835854,lhs_candidate_000004_june2024_preflight,pa1_candidate_000004
2024-06-21T07:00,27.7,86.0,64.0,1.0,63.0,1.06,100510.0,25.2,0.52,0.06,28.4,0.227,0,0,0,1.0,27.775179114782233,88.60335456089948,0.023802020756577336,31.469035152100215,0.2343377595808007,7848.4911999999995,0.4251781471517697,54.4,0.0017136632135583284,1.697723155134249e-06,0.5206034542024734,0.0,0.0,1.1635718182827401,lhs_candidate_000004_june2024_preflight,pa1_candidate_000004
2024-06-21T08:00,28.6,83.0,160.0,19.0,141.0,0.85,100570.0,25.5,0.65,0.13,28.5,0.228,0,0,0,1.0,28.688888596698607,91.13104609835243,0.025738199879314565,31.4129559375975,0.23382903855456658,19040.7184,0.34892421462017253,136.0,0.0014052690787670252,3.951259024768935e-06,0.5174632009541147,0.0,0.0,1.1607420179581287,lhs_candidate_000004_june2024_preflight,pa1_candidate_000004
2024-06-21T09:00,29.4,75.0,343.0,91.0,252.0,0.67,100550.0,24.6,1.02,0.26,32.5,0.227,0,1,0,1.0,30.01199823246007,89.59551931295005,0.027190574266862055,31.443013979181075,0.2327301280280648,39049.9648,0.4417727907190212,291.55,0.002942192648805012,8.246271306588502e-06,0.5106798026423753,0.0,0.0,1.155446290819738,lhs_candidate_000004_june2024_preflight,pa1_candidate_000004
2024-06-21T10:00,30.9,66.0,532.0,203.0,329.0,0.57,100520.0,23.8,1.52,0.41,31.9,0.227,0,1,0,1.0,31.834986193277068,75.19021540909165,0.025164539958566712,31.58481677282097,0.23083550792899526,58391.0096,1.1686940302339908,452.2,0.0030570430754852324,1.267185893498603e-05,0.4989846168456498,0.0,0.0,1.1481971599222056,lhs_candidate_000004_june2024_preflight,pa1_candidate_000004
2024-06-21T11:00,31.7,64.0,700.0,388.0,312.0,0.42,100480.0,24.2,1.67,0.54,32.6,0.225,0,1,0,1.0,33.47310785807099,70.953018321636,0.02589881762037574,31.838762980491797,0.22823727125065707,72576.90879999999,1.5003295385752922,595.0,0.0034311785583389133,1.6124491216251005e-05,0.4829461188312165,0.0,0.0,1.1416085006303949,lhs_candidate_000004_june2024_preflight,pa1_candidate_000004
2024-06-21T12:00,32.2,64.0,761.0,462.0,299.0,0.36,100450.0,24.5,1.72,0.59,33.5,0.223,0,1,0,1.0,34.478047883980246,68.67772587446865,0.026424626901528084,32.163257270057215,0.22526297074319562,77487.5376,1.710975848226982,646.85,0.0036479545189354503,1.6890082647785333e-05,0.46458623915552855,0.0,0.0,1.1375394325009633,lhs_candidate_000004_june2024_preflight,pa1_candidate_000004
2024-06-21T13:00,32.0,64.0,543.0,271.0,272.0,0.67,100360.0,24.3,1.71,0.43,33.4,0.221,0,1,0,1.0,34.20428870069226,65.49898089794402,0.02484339760909248,32.45569809812179,0.22268229884900348,57353.612799999995,1.8561768577903774,461.55,0.0037849890832067287,1.1844757134271969e-05,0.4486561657345894,0.0,0.0,1.137532527240275,lhs_candidate_000004_june2024_preflight,pa1_candidate_000004
2024-06-21T14:00,28.8,81.0,207.0,9.0,198.0,0.73,100320.0,25.2,0.76,0.17,32.0,0.225,0,1,0,1.0,31.225936171719596,74.80540116192911,0.024234243653227128,32.59005198870469,0.22120882624833133,25182.115199999997,1.1465314735343903,175.95,0.003931421653507855,4.563520986655332e-06,0.4395606558538971,0.0,0.0,1.148205592840022,lhs_candidate_000004_june2024_preflight,pa1_candidate_000004
2024-06-21T15:00,29.0,80.0,268.0,55.0,213.0,0.81,100250.0,25.3,0.78,0.21,31.5,0.225,0,1,0,1.0,30.00032223671318,82.55416844241083,0.025037847239447235,32.60253802550968,0.22029656520292393,31077.851199999997,0.7402516647920727,227.79999999999998,0.003325896650316306,5.5988988124314915e-06,0.4339294148328638,0.0,0.0,1.1520432823781412,lhs_candidate_000004_june2024_preflight,pa1_candidate_000004
2024-06-21T16:00,29.4,77.0,283.0,81.0,202.0,0.71,100260.0,24.9,0.95,0.22,31.4,0.226,0,1,0,1.0,30.28336086271662,79.4985962284807,0.02448246864628024,32.6258600844584,0.21926462288052123,32010.8448,0.8841264407589273,240.54999999999998,0.0031568230191663144,5.857183685126939e-06,0.42755940049704466,0.0,0.0,1.1510834814830606,lhs_candidate_000004_june2024_preflight,pa1_candidate_000004
2024-06-21T17:00,28.9,80.0,203.0,90.0,113.0,0.61,100200.0,25.2,0.78,0.15,30.9,0.225,0,0,0,1.0,29.967339284595983,80.9236815260676,0.02449960907409356,32.63714371548589,0.21835822127101237,21839.6112,0.8079055137850886,172.54999999999998,0.0017870430116349138,4.199519682186001e-06,0.42196432883340973,0.0,0.0,1.151593991374734,lhs_candidate_000004_june2024_preflight,pa1_candidate_000004
2024-06-21T18:00,28.8,81.0,56.0,18.0,38.0,0.92,100310.0,25.2,0.76,0.05,30.3,0.225,1,0,0,1.0,29.34562121728227,81.8331848251154,0.023953979004252234,32.58853969569217,0.21786590618751372,6264.9312,0.7423655441549957,47.6,0.0018043480558011915,1.3076757288771063e-06,0.4189253468365045,0.0,0.0,1.155227681298858,lhs_candidate_000004_june2024_preflight,pa1_candidate_000004
2024-06-21T19:00,28.6,82.0,0.0,0.0,0.0,0.99,100350.0,25.3,0.7,0.02,29.8,0.225,0,0,0,1.0,28.834313556016514,81.85092765196015,0.023301430755010375,32.485763807660014,0.22825531961995416,0.0,0.7200613562476592,0.0,0.0017093894857443486,2.517770942138226e-07,0.4830575285182355,0.0,0.0,1.1576451092139293,lhs_candidate_000004_june2024_preflight,pa1_candidate_000004
2024-06-21T20:00,28.5,83.0,0.0,0.0,0.0,0.72,100440.0,25.4,0.65,0.0,29.5,0.224,0,0,0,1.0,28.604257313654497,83.0592367208072,0.023350266725092234,32.365779313476665,0.22821171678684238,0.0,0.6632266904056197,0.0,0.0012262173625219885,2.3177503620254352e-07,0.48278837522742213,0.0,0.0,1.1595667315183273,lhs_candidate_000004_june2024_preflight,pa1_candidate_000004
2024-06-21T21:00,28.4,85.0,0.0,0.0,0.0,0.99,100490.0,25.6,0.59,0.0,29.2,0.224,0,0,0,1.0,28.491019386382558,84.80389442923777,0.023693598973438184,32.24577586715439,0.22817218977610598,0.0,0.5910301609616879,0.0,0.0016173237725319633,2.0644043473696795e-07,0.4825443813339876,0.0,0.0,1.1605795003246688,lhs_candidate_000004_june2024_preflight,pa1_candidate_000004
2024-06-21T22:00,27.9,90.0,0.0,0.0,0.0,0.92,100510.0,26.0,0.39,0.0,28.9,0.224,0,0,0,1.0,28.15486328617858,88.69651955979118,0.024329114216285662,32.12469474032083,0.22813960811943407,0.0,0.4311314977216485,0.0,0.00162387184337267,1.5052679852611608e-07,0.4823432599965066,0.0,0.0,1.1621055631520845,lhs_candidate_000004_june2024_preflight,pa1_candidate_000004
2024-06-21T23:00,28.1,88.0,0.0,0.0,0.0,1.06,100510.0,25.8,0.47,0.0,28.4,0.223,0,0,0,1.0,28.093056546306073,88.53186995743397,0.024201762537450433,32.000877831285614,0.22811340122481477,0.0,0.43584163774333184,0.0,0.0016703772407489694,1.5212027766072404e-07,0.48218148904206654,0.0,0.0,1.1623439950584316,lhs_candidate_000004_june2024_preflight,pa1_candidate_000004
2024-06-22T00:00,28.0,88.0,0.0,0.0,0.0,0.94,100460.0,25.8,0.47,0.0,28.1,0.223,0,0,0,1.0,28.082713409991285,88.0541125279848,0.024057502453332755,31.88121004056311,0.2280851826625878,0.0,0.45372546361209176,0.0,0.0015361760223823856,1.5830499811601615e-07,0.4820073003863444,0.0,0.0,1.16180566242611,lhs_candidate_000004_june2024_preflight,pa1_candidate_000004
2024-06-22T01:00,28.3,86.0,0.0,0.0,0.0,1.04,100400.0,25.6,0.55,0.0,27.9,0.223,0,0,0,1.0,28.227972114724263,86.81301517417397,0.02390810989516898,31.765646812954294,0.22805544683288106,0.0,0.5051136690141584,0.0,0.0016810431465944554,1.7616725151971253e-07,0.4818237458819819,0.0,0.0,1.1605521361602422,lhs_candidate_000004_june2024_preflight,pa1_candidate_000004
2024-06-22T02:00,27.4,92.0,0.0,0.0,0.0,0.8,100350.0,26.1,0.28,0.0,27.6,0.223,0,0,0,1.0,27.79725575424953,90.09187370970857,0.024231292522788904,31.65249468720021,0.2280267676721261,0.0,0.37012173343395194,0.0,0.0015599433742641076,1.2903901730323933e-07,0.48164671402546977,0.0,0.0,1.1616343294817093,lhs_candidate_000004_june2024_preflight,pa1_candidate_000004
2024-06-22T03:00,27.2,93.0,0.0,0.0,0.0,0.91,100310.0,26.0,0.25,0.0,27.5,0.223,0,0,0,1.0,27.375063376354916,92.35747869052065,0.02426963727684485,31.530003351965398,0.22800710474408553,0.0,0.278535322622087,0.0,0.0015561685916584338,9.708391488654194e-08,0.4815253379264539,0.0,0.0,1.1628025668670177,lhs_candidate_000004_june2024_preflight,pa1_candidate_000004
2024-06-22T04:00,27.2,93.0,0.0,0.0,0.0,1.04,100270.0,25.9,0.26,0.0,27.3,0.223,0,0,0,1.0,27.270876864509024,92.84680159710551,0.02425831742580641,31.40546147839053,0.2279904552446466,0.0,0.2591169437521472,0.0,0.0016804532402459591,9.029633250652005e-08,0.4814225632385592,0.0,0.0,1.1627419845189058,lhs_candidate_000004_june2024_preflight,pa1_candidate_000004
2024-06-22T05:00,26.8,93.0,0.0,0.0,0.0,0.95,100270.0,25.7,0.23,0.0,27.1,0.222,0,0,0,1.0,27.021080194552933,92.41635539062273,0.023814765720829172,31.281410964951224,0.22797376094693728,0.0,0.2707172951461754,0.0,0.00164465586463153,9.431859607795008e-08,0.48131951201813133,0.0,0.0,1.1637095963073656,lhs_candidate_000004_june2024_preflight,pa1_candidate_000004
2024-06-22T06:00,27.1,92.0,18.0,5.0,13.0,1.14,100290.0,25.8,0.27,0.01,27.2,0.222,1,0,0,1.0,27.094884896778158,92.8873021604626,0.02403403511938044,31.16094179830933,0.22792153294632878,2041.3711999999998,0.2550069543057272,15.299999999999999,0.0017947125369774004,4.883097034649371e-07,0.4809971169526468,0.0,0.0,1.1636555971610925,lhs_candidate_000004_june2024_preflight,pa1_candidate_000004
2024-06-22T07:00,28.7,85.0,145.0,71.0,74.0,0.81,100450.0,26.0,0.57,0.1,29.1,0.222,0,0,0,1.0,28.413929273958406,93.57646830958815,0.026034553677639922,31.08865744924152,0.23808273223145512,15363.497599999997,0.24871870980729316,123.25,0.0014944218681538413,3.7359649665656635e-06,0.5437205693299699,0.0,0.0,1.1604140981112396,lhs_candidate_000004_june2024_preflight,pa1_candidate_000004
2024-06-22T08:00,29.9,75.0,345.0,226.0,119.0,0.42,100450.0,25.0,1.05,0.25,30.2,0.221,0,0,0,1.0,30.277949192254635,96.94964555314523,0.029847997200425296,31.125748000878186,0.23697092906171832,34546.705599999994,0.13150630141160136,293.25,0.00111367397118729,8.597956885706557e-06,0.5368575868007304,0.0,0.0,1.1532854370959664,lhs_candidate_000004_june2024_preflight,pa1_candidate_000004
2024-06-22T09:00,30.7,70.0,478.0,328.0,150.0,0.73,100490.0,24.5,1.34,0.36,31.3,0.22,0,1,0,1.0,31.73694389240448,77.33590441191363,0.025747705366716486,31.27022728688409,0.2351040955517974,47341.36,1.0617109283693136,406.3,0.0032632264623185915,1.1991272492747028e-05,0.5253339231592432,0.0,0.0,1.1482235975326491,lhs_candidate_000004_june2024_preflight,pa1_candidate_000004
2024-06-22T10:00,30.8,68.0,440.0,183.0,257.0,0.22,100450.0,24.1,1.44,0.34,31.5,0.218,0,1,0,1.0,32.22377321135361,73.27682424569733,0.0250368901158282,31.453533579013076,0.23304459606899267,47761.8768,1.2867828164856903,374.0,0.0031583950055494954,1.0885708638734674e-05,0.5126209633888437,0.0,0.0,1.1459367690005395,lhs_candidate_000004_june2024_preflight,pa1_candidate_000004
2024-06-22T11:00,31.1,65.0,574.0,306.0,268.0,0.5,100430.0,23.9,1.56,0.44,32.1,0.217,0,1,0,1.0,32.73664412669373,71.1079935185297,0.024965787508400818,31.660030396148795,0.23082617002867287,59940.8832,1.4319793969566974,487.9,0.0034071966187062324,1.3732452962974602e-05,0.49892697548563497,0.0,0.0,1.1437876332829902,lhs_candidate_000004_june2024_preflight,pa1_candidate_000004
2024-06-22T12:00,31.4,64.0,624.0,267.0,357.0,1.06,100400.0,23.9,1.63,0.48,32.8,0.215,0,1,0,1.0,33.29036238522449,68.00856119359196,0.024586254856766628,31.912251463236604,0.22828470535467982,67472.11679999999,1.6356118096527665,530.4,0.003988871124007131,1.4486846083395702e-05,0.48323892194246804,0.0,0.0,1.1413798319742803,lhs_candidate_000004_june2024_preflight,pa1_candidate_000004
2024-06-22T13:00,31.0,65.0,455.0,225.0,230.0,0.89,100370.0,23.7,1.57,0.36,32.7,0.213,0,1,0,1.0,32.89081329423054,66.64795782862942,0.023591504925506185,32.13598878833268,0.22604612109509947,48131.952,1.6674095448148836,386.75,0.0038275890905829432,1.0422586376013842e-05,0.4694205005870338,0.0,0.0,1.1425284561116893,lhs_candidate_000004_june2024_preflight,pa1_candidate_000004
2024-06-22T14:00,30.3,68.0,356.0,161.0,195.0,1.1,100280.0,23.7,1.38,0.29,32.4,0.213,0,1,0,1.0,31.951307909876373,68.4107531100838,0.02303792758634384,32.28042107341194,0.2243863126646691,38188.568,1.4978698677969944,302.59999999999997,0.003935396517334958,8.041059281771818e-06,0.4591747695349945,0.0,0.0,1.1450190301902268,lhs_candidate_000004_june2024_preflight,pa1_candidate_000004
2024-06-22T15:00,30.3,68.0,389.0,151.0,238.0,1.3,100260.0,23.7,1.38,0.31,32.3,0.212,0,1,0,1.0,31.649222273544538,69.62760163668443,0.02307310444344401,32.390620050602585,0.22289477777588304,42605.411199999995,1.4157587139710905,330.65,0.004040979317269532,8.538291597350516e-06,0.4499677640486608,0.0,0.0,1.1459252645549736,lhs_candidate_000004_june2024_preflight,pa1_candidate_000004
2024-06-22T16:00,29.7,71.0,298.0,169.0,129.0,1.2,100260.0,23.8,1.22,0.23,31.8,0.213,0,1,0,1.0,31.10024377721306,71.00001359934024,0.02284706295910964,32.47887628114781,0.22154281886431926,30762.529599999998,1.3103049480848634,253.29999999999998,0.003944190107127235,6.49175131458562e-06,0.4416223386686374,0.0,0.0,1.1479929320146067,lhs_candidate_000004_june2024_preflight,pa1_candidate_000004
2024-06-22T17:00,28.9,77.0,100.0,28.0,72.0,0.76,100220.0,24.4,0.93,0.09,30.9,0.216,0,0,0,1.0,29.89470852427529,76.10538182250794,0.022950533671056036,32.4838732441686,0.22074945078765704,11333.1328,1.007757235978136,85.0,0.0018833055650209769,2.33385840610401e-06,0.4367250048620805,0.0,0.0,1.1520999082102257,lhs_candidate_000004_june2024_preflight,pa1_candidate_000004
2024-06-22T18:00,28.5,79.0,19.0,2.0,17.0,1.0,100360.0,24.6,0.8,0.04,30.0,0.22,1,0,0,1.0,28.95192149957914,78.71816980230075,0.022553757919203745,32.40430127788019,0.22048306978652146,2270.1007999999997,0.8501158101761765,16.15,0.0018537096150651408,6.491913472843137e-07,0.435080677694577,0.0,0.0,1.1573097550931088,lhs_candidate_000004_june2024_preflight,pa1_candidate_000004
2024-06-22T19:00,28.2,81.0,0.0,0.0,0.0,1.08,100470.0,24.6,0.73,0.02,29.4,0.226,0,0,0,1.0,28.424565038738375,80.58200973224183,0.02243232892699496,32.28971879013335,0.2309391540121074,0.0,0.7523275475117339,0.0,0.0018335678903170897,2.720811587121101e-07,0.4996244074821445,0.0,0.0,1.160604208246597,lhs_candidate_000004_june2024_preflight,pa1_candidate_000004
2024-06-22T20:00,28.1,82.0,0.0,0.0,0.0,1.36,100510.0,24.6,0.7,0.0,28.9,0.232,0,0,0,1.0,28.202628179404496,81.90106673761225,0.02252405853862482,32.1660413544421,0.23089235089933402,0.0,0.692240104763977,0.0,0.0021882538156081243,2.502056179452427e-07,0.4993354993786051,0.0,0.0,1.1619213674857765,lhs_candidate_000004_june2024_preflight,pa1_candidate_000004
2024-06-22T21:00,26.1,97.0,0.0,0.0,0.0,0.89,100560.0,25.6,0.1,0.0,28.5,0.241,0,0,0,1.0,26.96377740598182,92.12743966582025,0.0236651520511908,32.03232297788841,0.23085902397500346,0.0,0.2800876331729776,0.0,0.0019533451709211947,1.0119411852691452e-07,0.4991297776234782,0.0,0.0,1.167298104537472,lhs_candidate_000004_june2024_preflight,pa1_candidate_000004
2024-06-22T22:00,26.2,97.0,0.0,0.0,0.0,0.94,100550.0,25.7,0.1,0.0,28.3,0.25,0,0,0,1.0,26.32672633184825,96.35053296008772,0.02389033576559105,31.87483668749199,0.23084785208653152,0.0,0.12506401311019033,0.0,0.0015671011592154412,4.5178695831296097e-08,0.49906081534896,0.0,0.0,1.169664870675275,lhs_candidate_000004_june2024_preflight,pa1_candidate_000004
2024-06-22T23:00,26.2,97.0,0.0,0.0,0.0,0.94,100540.0,25.7,0.1,0.0,28.1,0.256,0,0,0,1.0,26.286710237866245,96.64201556543983,0.02390931925423738,31.71691155846326,0.23084019531906017,0.0,0.11480390453325162,0.0,0.0015393252689921266,4.146835963472906e-08,0.49901355135222325,0.0,0.0,1.1697048399996623,lhs_candidate_000004_june2024_preflight,pa1_candidate_000004
2024-06-23T00:00,26.1,97.0,0.0,0.0,0.0,0.91,100510.0,25.6,0.09,0.0,27.9,0.258,0,0,0,1.0,26.221261253178213,96.55326021640933,0.023800500556416724,31.56264098047707,0.23083263848592706,0.0,0.11738414948093645,0.0,0.001518889993362972,4.239640731017135e-08,0.49896690423411766,0.0,0.0,1.1696114595766969,lhs_candidate_000004_june2024_preflight,pa1_candidate_000004
2024-06-23T01:00,26.0,97.0,0.0,0.0,0.0,0.71,100470.0,25.6,0.09,0.0,27.8,0.26,0,0,0,1.0,26.124978568679722,96.5712202919752,0.023677615863350265,31.41084359619257,0.23082503583589942,0.0,0.11611062115825899,0.0,0.0012307964369710376,4.193249438945548e-08,0.4989199742956754,0.0,0.0,1.169522126300226,lhs_candidate_000004_june2024_preflight,pa1_candidate_000004
2024-06-23T02:00,27.3,89.0,0.0,0.0,0.0,0.54,100450.0,25.4,0.38,0.0,27.8,0.26,0,0,0,1.0,26.846690425871515,91.82889330202022,0.023436013176014275,31.26856783558241,0.23081323351042485,0.0,0.2887177161450132,0.0,0.0013024106062166359,1.0425304799861255e-07,0.4988471204347213,0.0,0.0,1.1664763185038909,lhs_candidate_000004_june2024_preflight,pa1_candidate_000004
2024-06-23T03:00,27.4,89.0,0.0,0.0,0.0,0.54,100410.0,25.4,0.41,0.0,27.7,0.259,0,0,0,1.0,27.353793865290815,89.62269957136989,0.023523370291202453,31.148524410556874,0.2307904406542943,0.0,0.37773530528650845,0.0,0.0009052988036116191,1.3635792962427696e-07,0.49870642379194013,0.0,0.0,1.1640441605292342,lhs_candidate_000004_june2024_preflight,pa1_candidate_000004
2024-06-23T04:00,27.4,89.0,0.0,0.0,0.0,0.85,100440.0,25.4,0.4,0.0,27.7,0.259,0,0,0,1.0,27.43680565146622,89.24427833843302,0.023531558164872502,31.037506058347773,0.23076533956841744,0.0,0.39341550935348835,0.0,0.001365156855306079,1.4197417164714157e-07,0.4985514788173916,0.0,0.0,1.1640703826522996,lhs_candidate_000004_june2024_preflight,pa1_candidate_000004
2024-06-23T05:00,27.3,90.0,0.0,0.0,0.0,0.85,100440.0,25.4,0.37,0.0,27.5,0.258,0,0,0,1.0,27.38551587381416,89.85010182393206,0.023624370172408843,30.92992999894646,0.23074034779486327,0.0,0.3701441231791107,0.0,0.001402981574938513,1.3353475610890607e-07,0.4983972086102671,0.0,0.0,1.164269044400892,lhs_candidate_000004_june2024_preflight,pa1_candidate_000004
2024-06-23T06:00,27.2,91.0,13.0,2.0,11.0,0.72,100540.0,25.5,0.33,0.01,27.6,0.263,1,0,0,1.0,27.320239013923292,91.36137801247239,0.023935356405855333,30.82657265320045,0.23069113792231533,1531.0064,0.31383031693212304,11.049999999999999,0.001240531691465496,4.1195086732544065e-07,0.49809344396490945,0.0,0.0,1.1656814012204997,lhs_candidate_000004_june2024_preflight,pa1_candidate_000004
2024-06-23T07:00,28.2,87.0,133.0,65.0,68.0,0.82,100620.0,25.7,0.51,0.09,29.1,0.263,0,0,0,1.0,28.131702190176565,95.09437532002572,0.02605090935953584,30.760232872670755,0.24087989742977398,14096.403199999999,0.18685590966736054,113.05,0.001344336890361247,3.518840695866858e-06,0.5609870211714443,0.0,0.0,1.1634668278282747,lhs_candidate_000004_june2024_preflight,pa1_candidate_000004
2024-06-23T08:00,28.6,84.0,198.0,66.0,132.0,1.14,100620.0,25.7,0.62,0.15,28.9,0.264,0,0,0,1.0,28.99456314650957,91.36986716401796,0.026239529377610368,30.75678953673865,0.24009397353825768,22068.0768,0.34558669795331554,168.29999999999998,0.002013327729950659,5.220408525309775e-06,0.5561356391250474,0.0,0.0,1.1601442126891275,lhs_candidate_000004_june2024_preflight,pa1_candidate_000004
2024-06-23T09:00,28.7,84.0,289.0,103.0,186.0,0.5,100640.0,25.7,0.63,0.22,29.3,0.271,0,0,0,1.0,29.519570581690687,95.2484772775966,0.02814544667284212,30.801158695386327,0.23895505915099044,31975.9264,0.1961206754821152,245.65,0.0015383562303202076,7.400825363791104e-06,0.5491053034011756,0.0,0.0,1.1583620379441317,lhs_candidate_000004_june2024_preflight,pa1_candidate_000004
2024-06-23T10:00,29.0,82.0,398.0,166.0,232.0,0.41,100650.0,25.6,0.72,0.3,29.9,0.276,0,1,0,1.0,30.0952942139843,89.19985385335654,0.027192617011930993,30.897767692189962,0.23738874568684173,43186.3168,0.46076795868454834,338.3,0.003046679228528797,1.008713185715921e-05,0.539436701770628,0.0,0.0,1.1562777211363569,lhs_candidate_000004_june2024_preflight,pa1_candidate_000004
2024-06-23T11:00,29.0,82.0,306.0,97.0,209.0,0.28,100590.0,25.6,0.72,0.24,30.0,0.279,0,1,0,1.0,30.13262371783318,85.70152102814414,0.02617887781330528,31.003556502833103,0.23578645014860125,34281.12159999999,0.6113241760467134,260.09999999999997,0.003003177304502878,7.711771191772942e-06,0.5295459885716127,0.0,0.0,1.1554461994063139,lhs_candidate_000004_june2024_preflight,pa1_candidate_000004
2024-06-23T12:00,29.3,77.0,252.0,23.0,229.0,0.81,100580.0,24.9,0.92,0.2,29.9,0.281,0,1,0,1.0,30.119933912434096,80.6197893359204,0.02460971139132429,31.07455552953478,0.2345200059101096,30232.7696,0.8279887140077724,214.2,0.0032238144459224706,6.37967939139928e-06,0.5217284315438865,0.0,0.0,1.155379675340748,lhs_candidate_000004_june2024_preflight,pa1_candidate_000004
2024-06-23T13:00,29.2,79.0,341.0,57.0,284.0,1.33,100520.0,25.2,0.85,0.27,32.2,0.284,0,1,0,1.0,30.264859821878368,81.32200887005013,0.025019026433699573,31.152739396765227,0.23318963529972342,39999.8016,0.8046388998473328,289.84999999999997,0.003964959998014207,8.379561000689665e-06,0.5135162672822433,0.0,0.0,1.154138907934868,lhs_candidate_000004_june2024_preflight,pa1_candidate_000004
2024-06-23T14:00,29.2,75.0,331.0,97.0,234.0,1.12,100480.0,24.2,1.02,0.26,31.3,0.283,0,1,0,1.0,30.31985350362894,77.83796462669422,0.024018284230959686,31.24767202611922,0.23171103003580296,37360.681599999996,0.9577395299211617,281.34999999999997,0.003730250236571922,8.053768519768558e-06,0.50438907429508,0.0,0.0,1.1534705750147876,lhs_candidate_000004_june2024_preflight,pa1_candidate_000004
2024-06-23T15:00,28.4,78.0,229.0,46.0,183.0,0.71,100480.0,24.1,0.87,0.18,30.3,0.304,0,0,0,1.0,29.664456284499938,82.25434593612046,0.024497472681542735,31.310859808915083,0.2304880646201747,26590.379199999996,0.7385888542080692,194.65,0.0019855228901837023,5.515874047313662e-06,0.49683990506280684,0.0,0.0,1.1559670919132463,lhs_candidate_000004_june2024_preflight,pa1_candidate_000004
2024-06-23T16:00,27.9,86.0,167.0,32.0,135.0,0.41,100500.0,25.4,0.52,0.13,29.7,0.307,0,0,0,1.0,28.8699194135735,89.64269762540052,0.025569210084771962,31.31954270386607,0.22963808321634097,19445.624,0.4117715548066485,141.95,0.0015778339509578006,3.93487620894852e-06,0.49159310627370967,0.0,0.0,1.1592388388589316,lhs_candidate_000004_june2024_preflight,pa1_candidate_000004
2024-06-23T17:00,27.8,87.0,89.0,18.0,71.0,0.32,100400.0,25.3,0.5,0.07,29.2,0.307,0,0,0,1.0,28.359646527717377,91.27706290928347,0.025319473057139903,31.283769100780535,0.22909466823019847,10329.9504,0.33668879498404625,75.64999999999999,0.001204932232586692,2.1241551316191962e-06,0.48823869277900295,0.0,0.0,1.1600453032179576,lhs_candidate_000004_june2024_preflight,pa1_candidate_000004
2024-06-23T18:00,27.7,87.0,46.0,18.0,28.0,0.54,100480.0,25.4,0.48,0.04,28.8,0.309,1,0,0,1.0,28.03940740557799,89.75118375809106,0.02446295621846557,31.214746072698603,0.22879879893831567,5033.1071999999995,0.38828790128243496,39.1,0.001203384921214657,1.1692128489524462e-06,0.4864123391254054,0.0,0.0,1.1622040410907275,lhs_candidate_000004_june2024_preflight,pa1_candidate_000004
2024-06-23T19:00,27.6,89.0,1.0,0.0,1.0,0.22,100600.0,25.7,0.39,0.0,28.4,0.307,0,0,0,1.0,27.76802922292953,89.92488117679049,0.02414753166186499,31.122855986242257,0.23921160755720638,123.18239999999999,0.37571883113581084,0.85,0.0006929828895725595,1.7517909853976348e-07,0.550688935538311,0.0,0.0,1.1646413907539581,lhs_candidate_000004_june2024_preflight,pa1_candidate_000004
2024-06-23T20:00,27.4,86.0,0.0,0.0,0.0,0.61,100670.0,24.8,0.51,0.0,28.1,0.308,0,0,0,1.0,27.5400241150394,87.11329827531705,0.02310073776942489,31.018366276316712,0.2391794253315445,0.0,0.4742134795475592,0.0,0.001104478556802685,1.88960664449887e-07,0.5504902798243487,0.0,0.0,1.1663355079504403,lhs_candidate_000004_june2024_preflight,pa1_candidate_000004
2024-06-23T21:00,27.5,85.0,0.0,0.0,0.0,0.98,100680.0,24.8,0.55,0.0,27.9,0.312,0,0,0,1.0,27.5104634174364,85.59880292276283,0.022662175225068935,30.913313528311562,0.2391430844129572,0.0,0.5290302716536255,0.0,0.00154746568144397,2.107177031170224e-07,0.5502659531664025,0.0,0.0,1.1665660498276584,lhs_candidate_000004_june2024_preflight,pa1_candidate_000004
2024-06-23T22:00,26.1,97.0,0.0,0.0,0.0,1.08,100680.0,25.6,0.1,0.0,27.7,0.313,0,0,0,1.0,26.705122691616875,93.42007929380594,0.023655737700793236,30.804364564621935,0.2391138780102016,0.0,0.23056856810482884,0.0,0.002045604957966793,9.180752704157473e-08,0.5500856667296394,0.0,0.0,1.1696991733869677,lhs_candidate_000004_june2024_preflight,pa1_candidate_000004
2024-06-23T23:00,27.3,88.0,0.0,0.0,0.0,1.0,100690.0,25.1,0.45,0.0,27.6,0.311,0,0,0,1.0,26.9318036599444,90.52949798684269,0.023213557655323687,30.685780779014504,0.2390968082517844,0.0,0.3363070410968194,0.0,0.0018062462463281578,1.338846999822092e-07,0.5499802978505209,0.0,0.0,1.1689316779837846,lhs_candidate_000004_june2024_preflight,pa1_candidate_000004
2024-06-24T00:00,27.3,88.0,0.0,0.0,0.0,0.94,100670.0,25.1,0.43,0.0,27.5,0.309,0,0,0,1.0,27.29613935696619,88.43643340233473,0.0231382606378887,30.582825537914538,0.23906846215424657,0.0,0.4194977430229243,0.0,0.001480127086274015,1.6695000091609172e-07,0.5498053219397937,0.0,0.0,1.1672822714994662,lhs_candidate_000004_june2024_preflight,pa1_candidate_000004
2024-06-24T01:00,27.1,89.0,0.0,0.0,0.0,0.78,100630.0,25.1,0.4,0.0,27.4,0.307,0,0,0,1.0,27.21592579219453,88.88526163839148,0.023152900851687405,30.485128811663547,0.23903878354814456,0.0,0.4013259754377354,0.0,0.001323643306014296,1.5966485511714452e-07,0.549622120667559,0.0,0.0,1.1671300682382697,lhs_candidate_000004_june2024_preflight,pa1_candidate_000004
2024-06-24T02:00,27.0,89.0,0.0,0.0,0.0,0.81,100600.0,25.0,0.39,0.0,27.3,0.312,0,0,0,1.0,27.089796842917472,89.10511955709072,0.023048932276937467,30.387298359997544,0.23901058801099506,0.0,0.39049060217198006,0.0,0.0013467521888374785,1.5530487901278558e-07,0.5494480741419449,0.0,0.0,1.1672722794989467,lhs_candidate_000004_june2024_preflight,pa1_candidate_000004
2024-06-24T03:00,27.0,89.0,0.0,0.0,0.0,0.85,100560.0,25.0,0.41,0.0,27.3,0.31,0,0,0,1.0,27.045973710619084,89.21101720104527,0.023020462783678086,30.290275875965058,0.23898283823868216,0.0,0.385702654607015,0.0,0.0013724004409668567,1.5335280540970517e-07,0.5492767792511245,0.0,0.0,1.1669784880235758,lhs_candidate_000004_june2024_preflight,pa1_candidate_000004
2024-06-24T04:00,27.0,89.0,0.0,0.0,0.0,0.98,100570.0,24.9,0.41,0.0,27.2,0.308,0,0,0,1.0,27.03976357223562,89.19254339845523,0.02300779056803534,30.195644074459878,0.23895523500464766,0.0,0.3862223940226537,0.0,0.0015677152937449994,1.5351181488924808e-07,0.5491063889175781,0.0,0.0,1.1671186801266897,lhs_candidate_000004_june2024_preflight,pa1_candidate_000004
2024-06-24T05:00,26.9,89.0,0.0,0.0,0.0,0.92,100600.0,25.0,0.39,0.0,27.1,0.307,0,0,0,1.0,26.978682109147748,89.09492223892912,0.02290506455472436,30.103149501435098,0.23892749607156738,0.0,0.3883171220727042,0.0,0.0015033063006397742,1.5429627719226808e-07,0.5489351609356011,0.0,0.0,1.1677044312935096,lhs_candidate_000004_june2024_preflight,pa1_candidate_000004
2024-06-24T06:00,27.0,89.0,12.0,1.0,11.0,0.72,100620.0,25.0,0.39,0.01,27.1,0.305,1,0,0,1.0,27.026662011578225,89.98849554967533,0.023196292914670246,30.015165699433663,0.23887337927997812,1443.0064,0.3575028983067394,10.2,0.0011566376455953713,4.457506736728074e-07,0.5486011066665316,0.0,0.0,1.1677498976132503,lhs_candidate_000004_june2024_preflight,pa1_candidate_000004
2024-06-24T07:00,27.4,89.0,119.0,31.0,88.0,0.91,100700.0,25.4,0.4,0.08,27.9,0.303,0,0,0,1.0,27.517954868856425,95.61054814000046,0.025323225486842817,29.96003909568277,0.24906675576702336,13568.0512,0.16131782331841027,101.14999999999999,0.0015161778700477117,3.4294633899827344e-06,0.6115231837470578,0.0,0.0,1.166768715256074,lhs_candidate_000004_june2024_preflight,pa1_candidate_000004
2024-06-24T08:00,28.1,85.0,193.0,40.0,153.0,0.91,100750.0,25.4,0.56,0.15,28.1,0.301,0,0,0,1.0,28.349467382100002,95.63102031270455,0.026512442688914704,29.959874958101803,0.24826569386694203,22366.907199999998,0.16853466165465703,164.04999999999998,0.001606190011840407,5.476218686073828e-06,0.6065783572033459,0.0,0.0,1.1641285875246017,lhs_candidate_000004_june2024_preflight,pa1_candidate_000004
2024-06-24T09:00,28.7,84.0,245.0,30.0,215.0,0.85,100780.0,25.6,0.64,0.19,28.9,0.299,0,0,0,1.0,29.17031981208814,95.37521900562969,0.027653135476293424,30.00554139681656,0.24715421115066594,29124.215999999997,0.1870850345285744,208.25,0.0016701588037727228,6.861387042278387e-06,0.5997173527818885,0.0,0.0,1.161313472843408,lhs_candidate_000004_june2024_preflight,pa1_candidate_000004
2024-06-24T10:00,29.0,81.0,262.0,37.0,225.0,0.63,100780.0,25.4,0.75,0.21,29.3,0.297,0,0,0,1.0,29.696999300469614,93.41086287113117,0.027869279027152093,30.080191998942013,0.2458817417177246,30972.04,0.27475896773195485,222.7,0.0015706462430879733,7.273380889783598e-06,0.5918626031958308,0.0,0.0,1.1592938392094596,lhs_candidate_000004_june2024_preflight,pa1_candidate_000004
2024-06-24T11:00,30.3,72.0,529.0,126.0,403.0,0.36,100690.0,24.7,1.19,0.4,30.7,0.293,0,1,0,1.0,31.142170796504146,84.35628660955688,0.02720603538011096,30.231114055996407,0.24392229632689494,60730.5072,0.708516778346584,449.65,0.002840726910205399,1.4449977139569951e-05,0.5797672612771293,0.0,0.0,1.152757645280334,lhs_candidate_000004_june2024_preflight,pa1_candidate_000004
2024-06-24T12:00,31.3,67.0,736.0,433.0,303.0,0.51,100630.0,24.5,1.5,0.56,31.9,0.289,0,1,0,1.0,32.919496745791854,77.58815361163239,0.02750570251872044,30.516168899911886,0.2408584036001912,75428.2672,1.1222683537669291,625.6,0.0034038976815022213,1.950389947872128e-05,0.5608543432110568,0.0,0.0,1.1453807295192837,lhs_candidate_000004_june2024_preflight,pa1_candidate_000004
2024-06-24T13:00,31.9,65.0,689.0,411.0,278.0,0.45,100580.0,24.4,1.66,0.53,32.5,0.285,0,1,0,1.0,33.85911898962766,72.15437367000827,0.026877105646046277,30.858736049028256,0.23750598823450875,70412.7072,1.4696022521326304,585.65,0.003538789967450732,1.7748549789515472e-05,0.5401604212006713,0.0,0.0,1.141307850846594,lhs_candidate_000004_june2024_preflight,pa1_candidate_000004
2024-06-24T14:00,31.5,67.0,385.0,152.0,233.0,0.42,100480.0,24.5,1.54,0.31,32.3,0.285,0,1,0,1.0,33.24232939209693,69.49213799363756,0.025059058487483608,31.123453638557738,0.23502329583878184,42077.4992,1.5555731682467466,327.25,0.003415924645003703,9.91516678991496e-06,0.5248351594986533,0.0,0.0,1.1424683741756667,lhs_candidate_000004_june2024_preflight,pa1_candidate_000004
2024-06-24T15:00,30.7,73.0,481.0,224.0,257.0,0.85,100440.0,25.3,1.19,0.37,32.0,0.309,0,1,0,1.0,32.507743718770676,75.15771046545358,0.02606956589907656,31.317931907908882,0.2330642853027949,51369.8768,1.215511257054108,408.84999999999997,0.003756335239980175,1.1831925456219661e-05,0.5127425018691044,0.0,0.0,1.1447581651877738,lhs_candidate_000004_june2024_preflight,pa1_candidate_000004
2024-06-24T16:00,30.2,76.0,322.0,144.0,178.0,0.5,100450.0,25.4,1.05,0.24,31.2,0.31,0,1,0,1.0,31.695140810483377,77.34541927816055,0.02569350965885388,31.477403386304122,0.23129736619147695,34598.4672,1.0587559030377927,273.7,0.0033345366241076275,7.841274192225013e-06,0.5018355937745491,0.0,0.0,1.1479239396138932,lhs_candidate_000004_june2024_preflight,pa1_candidate_000004
2024-06-24T17:00,28.9,85.0,112.0,34.0,78.0,0.22,100470.0,26.2,0.59,0.09,30.4,0.332,0,1,0,1.0,30.113496550801543,82.80465131585713,0.025267867869959562,31.529020160042624,0.23033905276247868,12600.2272,0.7343729888961033,95.2,0.0030333441238751986,2.8266727521628504e-06,0.49592007878073263,0.0,0.0,1.1541405848872575,lhs_candidate_000004_june2024_preflight,pa1_candidate_000004
2024-06-24T18:00,28.5,89.0,46.0,9.0,37.0,0.2,100470.0,26.5,0.44,0.03,29.6,0.336,1,0,0,1.0,29.04252670031685,90.30901096026876,0.02600272122587364,31.487973659827965,0.2299814505832585,5349.748799999999,0.3891448090466434,39.1,0.001121798747050723,1.187067214050668e-06,0.4937126579213488,0.0,0.0,1.1582308573474391,lhs_candidate_000004_june2024_preflight,pa1_candidate_000004
2024-06-24T19:00,28.7,83.0,0.0,0.0,0.0,0.36,100540.0,25.6,0.66,0.01,29.1,0.333,0,0,0,1.0,28.755282074572808,86.97562278444471,0.024653787160910712,31.40988116376342,0.2403921183108468,0.0,0.5143816625792574,0.0,0.0006621070495191585,2.0775375648302748e-07,0.5579760389558445,0.0,0.0,1.160140580621884,lhs_candidate_000004_june2024_preflight,pa1_candidate_000004
2024-06-24T20:00,28.5,84.0,0.0,0.0,0.0,0.28,100620.0,25.5,0.62,0.0,28.6,0.33,0,0,0,1.0,28.612354653703957,84.94916432670946,0.023892147651864554,31.321093714502826,0.24035025130421714,0.0,0.5895130974047191,0.0,0.000658895560358776,2.3798833276459887e-07,0.5577176006433157,0.0,0.0,1.1616136371025136,lhs_candidate_000004_june2024_preflight,pa1_candidate_000004
2024-06-24T21:00,27.8,89.0,0.0,0.0,0.0,0.71,100640.0,25.9,0.4,0.0,28.3,0.327,0,0,0,1.0,28.126250348358152,87.69111826155876,0.02401561969359731,31.22814847666081,0.2403108306209639,0.0,0.4686983138778831,0.0,0.001394484976589417,1.8913245989280637e-07,0.5574742630923697,0.0,0.0,1.1637191454596618,lhs_candidate_000004_june2024_preflight,pa1_candidate_000004
2024-06-24T22:00,27.2,92.0,0.0,0.0,0.0,0.7,100700.0,25.8,0.29,0.0,28.0,0.325,0,0,0,1.0,27.51862838245174,90.79949612527668,0.024049872205259417,31.124295202209613,0.24028182668700213,0.0,0.33814328607467203,0.0,0.0013765176667655211,1.3640614950002393e-07,0.5572952264629761,0.0,0.0,1.1667661016325757,lhs_candidate_000004_june2024_preflight,pa1_candidate_000004
2024-06-24T23:00,26.9,93.0,0.0,0.0,0.0,0.54,100730.0,25.7,0.24,0.0,27.7,0.322,0,0,0,1.0,27.104721225285886,92.46590615250977,0.023938017149911953,31.011193468745137,0.24026010474351875,0.0,0.2702707953901786,0.0,0.001077337393635639,1.0900032583882524e-07,0.5571611403920911,0.0,0.0,1.1687225879351695,lhs_candidate_000004_june2024_preflight,pa1_candidate_000004
2024-06-25T00:00,26.9,94.0,0.0,0.0,0.0,0.81,100740.0,25.8,0.22,0.0,27.6,0.32,0,0,0,1.0,26.97199809101967,93.71027629684127,0.024082697159673778,30.894999575283673,0.24024225134006227,0.0,0.22388191273133629,0.0,0.0013324828578424775,9.027381023874642e-08,0.5570509341979153,0.0,0.0,1.1693555094222783,lhs_candidate_000004_june2024_preflight,pa1_candidate_000004
2024-06-25T01:00,26.8,94.0,0.0,0.0,0.0,0.6,100730.0,25.7,0.22,0.0,27.5,0.319,0,0,0,1.0,26.89773960948011,93.91934211952002,0.024037398477943825,30.780397871098682,0.2402264443755762,0.0,0.215498898722295,0.0,0.0010486191691556654,8.687838547529521e-08,0.556953360343063,0.0,0.0,1.1695288066055531,lhs_candidate_000004_june2024_preflight,pa1_candidate_000004
2024-06-25T02:00,26.1,98.0,0.0,0.0,0.0,0.85,100640.0,25.7,0.08,0.0,27.5,0.348,0,0,0,1.0,26.446540128334853,96.25321831571512,0.02402573116678324,30.663858838864687,0.24021328062949884,0.0,0.12930884762336303,0.0,0.0015911312374628144,5.212325886845445e-08,0.5568721026512274,0.0,0.0,1.1702436231489837,lhs_candidate_000004_june2024_preflight,pa1_candidate_000004
2024-06-25T03:00,25.9,97.0,0.0,0.0,0.0,0.73,100620.0,25.4,0.1,0.0,27.4,0.353,0,0,0,1.0,26.078051964747452,96.58717683389999,0.02361968052697063,30.5395380851735,0.2402050841883458,0.0,0.1152503740793942,0.0,0.0013040721594579558,4.645219100804733e-08,0.5568215073354679,0.0,0.0,1.1714518877100613,lhs_candidate_000004_june2024_preflight,pa1_candidate_000004
2024-06-25T04:00,25.7,97.0,0.0,0.0,0.0,0.92,100570.0,25.2,0.11,0.0,27.3,0.359,0,0,0,1.0,25.86027192394874,96.45638536547688,0.023302869356077647,30.412639121716158,0.2401965350007071,0.0,0.11813612386681172,0.0,0.0015610300491724067,4.761079293280204e-08,0.556768734572266,0.0,0.0,1.171722557869456,lhs_candidate_000004_june2024_preflight,pa1_candidate_000004
2024-06-25T05:00,25.7,96.0,0.0,0.0,0.0,1.14,100660.0,25.1,0.12,0.0,27.2,0.361,0,0,0,1.0,25.776476639543453,95.8636532247772,0.023051537082400653,30.28567699751075,0.24018744298756567,0.0,0.13721416402986675,0.0,0.0018371829379779934,5.5293981288586517e-08,0.556712611034356,0.0,0.0,1.1730998833479336,lhs_candidate_000004_june2024_preflight,pa1_candidate_000004
2024-06-25T06:00,25.7,97.0,8.0,1.0,7.0,0.67,100650.0,25.2,0.11,0.01,27.2,0.359,1,0,0,1.0,25.783471921684153,97.02807965552309,0.023340656978196993,30.163413530357257,0.24016007855833635,950.2767999999999,0.09862773432027705,6.8,0.0011354024250705152,2.4518780369677e-07,0.5565436948045454,0.0,0.0,1.172955893781379,lhs_candidate_000004_june2024_preflight,pa1_candidate_000004
2024-06-25T07:00,27.4,87.0,106.0,30.0,76.0,0.57,100720.0,25.1,0.47,0.08,28.2,0.356,0,0,0,1.0,26.981580872193025,96.77785717420097,0.024884232050742888,30.07768998057672,0.25040640356334665,12001.8624,0.11475627143053879,90.1,0.0013049888238282148,3.0831425222774194e-06,0.6197926145885596,2.647640289937348e-07,0.0,1.1690860277819246,lhs_candidate_000004_june2024_preflight,pa1_candidate_000004
2024-06-25T08:00,27.8,83.0,222.0,86.0,136.0,0.41,100740.0,24.7,0.63,0.16,28.0,0.352,0,0,0,1.0,28.162714002131185,99.99999999999999,0.027441426759228026,30.071048130388814,0.2495626123386618,24320.806399999998,4.440892098500626e-16,188.7,0.0010921342186878823,6.295964781795604e-06,0.6145840267818631,4.597273365739249e-07,0.0,1.1647344956179784,lhs_candidate_000004_june2024_preflight,pa1_candidate_000004
2024-06-25T09:00,28.6,79.0,319.0,143.0,176.0,0.28,100720.0,24.5,0.84,0.24,28.7,0.347,0,0,0,1.0,29.186365635462547,100.0,0.029019368404892262,30.132243971755926,0.24819128573081936,34264.102399999996,0.0,271.15,0.001202658618833204,8.922296723721198e-06,0.6061190477211071,4.685674587913876e-09,0.0,1.1605604802329645,lhs_candidate_000004_june2024_preflight,pa1_candidate_000004
2024-06-25T10:00,28.9,76.0,335.0,68.0,267.0,0.5,100700.0,24.3,0.93,0.26,29.8,0.343,0,0,0,1.0,29.827981827382448,92.3087354563705,0.02773651928413213,30.235807409348922,0.24654688177585693,38873.7008,0.32313922650521665,284.75,0.0016111748042611199,9.352293714593814e-06,0.5959684060238082,0.0,0.0,1.1578727975713956,lhs_candidate_000004_june2024_preflight,pa1_candidate_000004
2024-06-25T11:00,29.6,73.0,543.0,154.0,389.0,1.3,100670.0,24.2,1.14,0.41,30.5,0.338,0,1,0,1.0,30.77147023766699,80.41221321262087,0.02542323193293013,30.398633495584132,0.24434939730549138,61469.9536,0.8686147480626345,461.55,0.003970373357032243,1.495943282134386e-05,0.5824036870709345,0.0,0.0,1.1539344414779005,lhs_candidate_000004_june2024_preflight,pa1_candidate_000004
2024-06-25T12:00,30.2,69.0,588.0,244.0,344.0,2.33,100600.0,24.0,1.31,0.45,31.2,0.332,0,1,0,1.0,31.664165166885322,72.73450293237363,0.024121895886137543,30.63241941336662,0.24157368708119237,63846.745599999995,1.2720120743829808,499.8,0.005452392879979043,1.5858197865408848e-05,0.5652696733406937,0.0,0.0,1.1497549395883742,lhs_candidate_000004_june2024_preflight,pa1_candidate_000004
2024-06-25T13:00,31.1,66.0,871.0,682.0,189.0,2.0,100610.0,24.0,1.54,0.65,32.4,0.326,0,1,0,1.0,33.08216771909086,71.3936513309914,0.025528120787931638,30.9516526623177,0.2381165299108479,83297.4736,1.4455868663606863,740.35,0.005138681032623749,2.2431093794161185e-05,0.5439291969805425,0.0,0.0,1.1445447805308075,lhs_candidate_000004_june2024_preflight,pa1_candidate_000004
2024-06-25T14:00,29.9,72.0,352.0,107.0,245.0,1.43,100560.0,24.2,1.2,0.28,31.7,0.322,0,1,0,1.0,31.997918180767293,70.69519036409763,0.023866386356291625,31.224789176456483,0.2352942250320731,39595.688,1.3932139678633937,299.2,0.00446975506990525,9.083120649813695e-06,0.5265075619263772,0.0,0.0,1.1480407456165413,lhs_candidate_000004_june2024_preflight,pa1_candidate_000004
2024-06-25T15:00,29.9,71.0,299.0,206.0,93.0,0.85,100580.0,24.1,1.22,0.24,31.3,0.318,0,1,0,1.0,31.03574995302135,73.71291286659526,0.023638167177349085,31.337761863010932,0.23379803090361692,29583.9632,1.1833773745722507,254.15,0.0034373831493743024,7.580126344017251e-06,0.5172717957013391,0.0,0.0,1.15190115854695,lhs_candidate_000004_june2024_preflight,pa1_candidate_000004
2024-06-25T16:00,30.0,71.0,370.0,253.0,117.0,0.22,100550.0,24.1,1.23,0.27,31.3,0.314,0,1,0,1.0,31.135249187813848,76.02856817102341,0.024511141468346466,31.443794120693774,0.23229862508070717,36676.3408,1.0852587733675936,314.5,0.0029793139782270453,9.072837567026654e-06,0.5080162042018962,0.0,0.0,1.1511810293471973,lhs_candidate_000004_june2024_preflight,pa1_candidate_000004
2024-06-25T17:00,29.6,74.0,195.0,106.0,89.0,0.4,100560.0,24.4,1.09,0.14,30.8,0.311,0,1,0,1.0,30.64410348983089,75.36745317817127,0.02366566076944382,31.52360499747114,0.23104325719250374,20291.2336,1.0844141044071112,165.75,0.003006048354447572,4.894260944243787e-06,0.5002670197068132,0.0,0.0,1.1531568239385197,lhs_candidate_000004_june2024_preflight,pa1_candidate_000004
2024-06-25T18:00,29.2,77.0,76.0,49.0,27.0,0.14,100560.0,24.8,0.92,0.05,30.2,0.309,1,0,0,1.0,29.837314061470533,79.36442971241159,0.02385912101250897,31.52308167004612,0.23041702202495998,7637.924799999999,0.8674434382132601,64.6,0.0011862024726815058,2.052592523366336e-06,0.49640137052444433,0.0,0.0,1.1562274301705893,lhs_candidate_000004_june2024_preflight,pa1_candidate_000004
2024-06-25T19:00,29.1,75.0,1.0,0.0,1.0,0.82,100600.0,24.3,0.99,0.0,29.6,0.308,0,0,0,1.0,29.300230996585526,76.72270948973086,0.02240272702608204,31.466477455160614,0.24072287528891936,123.18239999999999,0.9487133417308034,0.85,0.001445143092793662,4.104204165884389e-07,0.5600177486970331,0.0,0.0,1.158741360197835,lhs_candidate_000004_june2024_preflight,pa1_candidate_000004
2024-06-25T20:00,29.0,77.0,0.0,0.0,0.0,1.22,100680.0,24.5,0.92,0.01,29.1,0.306,0,0,0,1.0,29.071885014054192,77.18307799972216,0.022258921826703953,31.387198900397284,0.24065112478227493,0.0,0.9177760144956095,0.0,0.0019570279455594936,3.717429524719065e-07,0.5595748443350305,0.0,0.0,1.1605390163320621,lhs_candidate_000004_june2024_preflight,pa1_candidate_000004
2024-06-25T21:00,28.0,87.0,0.0,0.0,0.0,0.92,100700.0,25.5,0.51,0.0,28.6,0.305,0,0,0,1.0,28.428837672987854,84.72459297826447,0.023591051793316407,31.301704350835248,0.24059483597298223,0.0,0.5919747358945777,0.0,0.0017346713536104843,2.3962904598796675e-07,0.5592273825492731,0.0,0.0,1.1632446299212875,lhs_candidate_000004_june2024_preflight,pa1_candidate_000004
2024-06-25T22:00,27.7,89.0,0.0,0.0,0.0,1.12,100760.0,25.8,0.39,0.0,28.2,0.304,0,0,0,1.0,27.899709522416288,88.31827972679275,0.023888422031718454,31.202796616585978,0.24055858958351248,0.0,0.43898894360293905,0.0,0.0018779879282162443,1.7762990168421026e-07,0.559003639404398,0.0,0.0,1.1659834742780049,lhs_candidate_000004_june2024_preflight,pa1_candidate_000004
2024-06-25T23:00,27.3,92.0,0.0,0.0,0.0,1.04,100790.0,26.0,0.28,0.0,27.9,0.302,0,0,0,1.0,27.52136297775486,91.03428071990997,0.02411569323298347,31.09722095982763,0.2405305280114779,0.0,0.32956698133809237,0.0,0.0017740018733904653,1.333127203870445e-07,0.5588304198239377,0.0,0.0,1.1677982704141703,lhs_candidate_000004_june2024_preflight,pa1_candidate_000004
2024-06-26T00:00,27.1,93.0,0.0,0.0,0.0,0.92,100800.0,26.0,0.24,0.0,27.8,0.302,0,0,0,1.0,27.248951520347614,92.51386728618739,0.02414208217556819,30.986794217443773,0.2405089977594565,0.0,0.27082922559458167,0.0,0.0015526985669024735,1.0952673134556046e-07,0.5586975170336821,0.0,0.0,1.1689732371156258,lhs_candidate_000004_june2024_preflight,pa1_candidate_000004
2024-06-26T01:00,27.1,94.0,0.0,0.0,0.0,0.91,100750.0,26.0,0.22,0.0,27.8,0.301,0,0,0,1.0,27.162147924399036,93.74315246885348,0.024345838321376632,30.87537225508221,0.24049101684790697,0.0,0.2252088002524837,0.0,0.001476165011736551,9.105916607256085e-08,0.5585865237525122,0.0,0.0,1.1687311070456627,lhs_candidate_000004_june2024_preflight,pa1_candidate_000004
2024-06-26T02:00,27.1,92.0,0.0,0.0,0.0,0.85,100710.0,25.6,0.29,0.0,27.5,0.299,0,0,0,1.0,27.151119518470104,92.41064561684045,0.023985151953723884,30.766368699210872,0.24047332887770764,0.0,0.2729945386963757,0.0,0.0013764144023815754,1.1035890236855422e-07,0.5584773387512818,0.0,0.0,1.1683099987105288,lhs_candidate_000004_june2024_preflight,pa1_candidate_000004
2024-06-26T03:00,27.1,90.0,0.0,0.0,0.0,0.95,100650.0,25.3,0.36,0.0,27.3,0.298,0,0,0,1.0,27.14677920085084,90.46526838389794,0.02347459784727842,30.660383987856076,0.24045094553414956,0.0,0.34288393487047353,0.0,0.001526361401812408,1.3857761800895068e-07,0.5583391699638862,0.0,0.0,1.1676308306475383,lhs_candidate_000004_june2024_preflight,pa1_candidate_000004
2024-06-26T04:00,27.0,90.0,0.0,0.0,0.0,1.12,100670.0,25.1,0.37,0.0,27.0,0.297,0,0,0,1.0,27.084421984602663,89.97265262675997,0.023266421900975946,30.556857925757125,0.24042509595864564,0.0,0.35928354130307927,0.0,0.0018110692212726213,1.4516407274176463e-07,0.5581796046829978,0.0,0.0,1.168105408079525,lhs_candidate_000004_june2024_preflight,pa1_candidate_000004
2024-06-26T05:00,27.8,85.0,0.0,0.0,0.0,0.91,100650.0,25.0,0.58,0.0,26.9,0.296,0,0,0,1.0,27.51970147408853,86.93731504746458,0.023028266244172254,30.459155224767862,0.24039554917632272,0.0,0.4801189447720793,0.0,0.0016271311065496183,1.9392273773882868e-07,0.5579972171377946,0.0,0.0,1.1661826117497487,lhs_candidate_000004_june2024_preflight,pa1_candidate_000004
2024-06-26T06:00,27.9,85.0,16.0,5.0,11.0,1.0,100750.0,25.0,0.58,0.02,27.0,0.295,1,0,0,1.0,27.885089790436588,86.28387748064483,0.023319413038321166,30.37916384869931,0.2403214415781811,1795.0064,0.5150010850446574,13.6,0.0015817631845623874,6.194872760693927e-07,0.5575397628282784,0.0,0.0,1.1659243756177355,lhs_candidate_000004_june2024_preflight,pa1_candidate_000004
2024-06-26T07:00,28.1,84.0,98.0,44.0,54.0,0.98,100790.0,25.2,0.6,0.08,28.4,0.294,0,0,0,1.0,28.242868270217798,89.21266556222021,0.02458903398910648,30.32892364217181,0.2505369359573963,10523.849599999998,0.4135554721529551,83.3,0.0016365687749655103,2.99227523945291e-06,0.6205983701073845,0.0,0.0,1.1650026746276188,lhs_candidate_000004_june2024_preflight,pa1_candidate_000004
2024-06-26T08:00,28.9,78.0,275.0,180.0,95.0,0.58,100870.0,24.6,0.89,0.2,29.2,0.292,0,0,0,1.0,29.241602738090663,95.59951168447691,0.027825846446602954,30.348438354589824,0.24955590752958162,27542.327999999998,0.1787454578541321,233.75,0.0012492341735787316,7.878042669677272e-06,0.6145426390714915,0.0,0.0,1.1620765641562842,lhs_candidate_000004_june2024_preflight,pa1_candidate_000004
2024-06-26T09:00,29.5,73.0,424.0,233.0,191.0,0.76,100870.0,24.2,1.1,0.32,30.1,0.29,0,1,0,1.0,30.37376447778913,82.04432729575876,0.025389922498694217,30.461467884813747,0.24775911751106447,44031.83839999999,0.7783571201579496,360.4,0.003201664025587376,1.2146899767708204e-05,0.6034513426608918,0.0,0.0,1.1577419492809002,lhs_candidate_000004_june2024_preflight,pa1_candidate_000004
2024-06-26T10:00,29.9,74.0,513.0,315.0,198.0,1.41,100860.0,24.7,1.1,0.39,30.8,0.288,0,1,0,1.0,31.179039446077518,79.65907057461612,0.025741918033729716,30.64290552083138,0.24537253893373198,52110.11519999999,0.9231909994998428,436.05,0.004150291592865618,1.432991285828433e-05,0.588719376134148,0.0,0.0,1.1545640148003753,lhs_candidate_000004_june2024_preflight,pa1_candidate_000004
2024-06-26T11:00,30.1,75.0,634.0,380.0,254.0,1.61,100800.0,25.1,1.08,0.47,31.4,0.285,0,1,0,1.0,31.804510194102733,79.54587505992414,0.02657907114594221,30.878641992250298,0.24253861945527483,64728.3296,0.9618554421229475,538.9,0.004553197380789904,1.7109589145625512e-05,0.571226046020215,0.0,0.0,1.1515105468070284,lhs_candidate_000004_june2024_preflight,pa1_candidate_000004
2024-06-26T12:00,30.7,74.0,806.0,526.0,280.0,1.26,100780.0,25.5,1.15,0.6,32.2,0.281,0,1,0,1.0,32.77290373603847,79.8790688076167,0.02809915502058779,31.185485689234667,0.23911519914638632,80779.072,0.9992911494102019,685.1,0.004269538781095221,2.085763051859432e-05,0.5500938218912736,0.0,0.0,1.1476377094506076,lhs_candidate_000004_june2024_preflight,pa1_candidate_000004
2024-06-26T13:00,30.3,76.0,674.0,349.0,325.0,1.5,100760.0,25.6,1.04,0.5,32.3,0.278,0,1,0,1.0,32.705344786924805,77.33835347817478,0.027108292991339697,31.50586634280833,0.23572189126303414,70746.28,1.1212087794253947,572.9,0.004650377418089043,1.6886979158650506e-05,0.5291474769323096,0.0,0.0,1.1476634043582588,lhs_candidate_000004_june2024_preflight,pa1_candidate_000004
2024-06-26T14:00,30.3,72.0,576.0,276.0,300.0,1.55,100650.0,24.6,1.22,0.44,32.3,0.275,0,1,0,1.0,32.298459425190096,73.96611672553614,0.02537287756590904,31.76028896766804,0.23293967309997476,61242.72,1.2588833889062632,489.59999999999997,0.00457641319633472,1.407464191955466e-05,0.511973290740585,0.0,0.0,1.1479376206346426,lhs_candidate_000004_june2024_preflight,pa1_candidate_000004
2024-06-26T15:00,30.0,71.0,400.0,188.0,212.0,1.22,100690.0,24.1,1.24,0.31,31.9,0.278,0,1,0,1.0,31.663558733852685,72.36045687342265,0.02399706941236925,31.939913144737826,0.23080663466872076,42658.66879999999,1.2894180761586647,340.0,0.0040724700783641285,9.672598107454251e-06,0.4988063868439553,0.0,0.0,1.1507858368954575,lhs_candidate_000004_june2024_preflight,pa1_candidate_000004
2024-06-26T16:00,28.8,82.0,297.0,146.0,151.0,1.2,100680.0,25.5,0.7,0.22,31.1,0.295,0,1,0,1.0,30.42793422940972,80.44802840152067,0.024968707360169408,32.03531985314282,0.22930612148375662,31448.542399999995,0.8501843744142543,252.45,0.004038532221650803,7.010552032277076e-06,0.48954395977627546,0.0,0.0,1.1553550162943738,lhs_candidate_000004_june2024_preflight,pa1_candidate_000004
2024-06-26T17:00,28.0,83.0,198.0,87.0,111.0,0.54,100750.0,24.9,0.63,0.14,30.2,0.327,0,0,0,1.0,29.254872591566617,86.5360346298727,0.025205949647708885,32.056475243363906,0.22826351751389087,21329.2464,0.5473177712179895,168.29999999999998,0.001844075003033024,4.605448944969123e-06,0.48310813280179554,0.0,0.0,1.1606431672051436,lhs_candidate_000004_june2024_preflight,pa1_candidate_000004
2024-06-26T18:00,27.1,90.0,57.0,23.0,34.0,0.32,100800.0,25.3,0.37,0.04,29.3,0.332,1,0,0,1.0,27.98387000567434,89.90036461328988,0.024429019432236788,32.00007719686404,0.22772451288428502,6212.201599999999,0.38140078979105807,48.449999999999996,0.0014658824206100038,1.3944171390546948e-06,0.4797809437301545,0.0,0.0,1.1661203529787723,lhs_candidate_000004_june2024_preflight,pa1_candidate_000004
2024-06-26T19:00,26.4,98.0,1.0,0.0,1.0,0.45,100830.0,26.0,0.08,0.0,28.8,0.334,0,0,0,1.0,26.905380681385957,95.60506210837565,0.024479192098352195,31.876176968062225,0.238122504957749,123.18239999999999,0.1558267665351587,0.85,0.0012601984370196545,8.645817471114058e-08,0.543966079986105,0.0,0.0,1.1706600474764743,lhs_candidate_000004_june2024_preflight,pa1_candidate_000004
2024-06-26T20:00,26.6,91.0,0.0,0.0,0.0,0.3,100900.0,24.9,0.32,0.0,28.3,0.331,0,0,0,1.0,26.644508704138968,93.34406949884634,0.023557142625636487,31.72766142067642,0.2381080590451108,0.0,0.23240209470885542,0.0,0.0005640880056207585,9.149313641555384e-08,0.543876907685869,0.0,0.0,1.1724921435957634,lhs_candidate_000004_june2024_preflight,pa1_candidate_000004
2024-06-26T21:00,26.7,89.0,0.0,0.0,0.0,0.67,100910.0,24.7,0.38,0.0,27.9,0.329,0,0,0,1.0,26.72532392002722,89.92080006337859,0.022795177834892183,31.5829173925976,0.23808692579158508,0.0,0.3536073780047242,0.0,0.0010785742012877752,1.3917640516346226e-07,0.5437464555036117,0.0,0.0,1.172292333659616,lhs_candidate_000004_june2024_preflight,pa1_candidate_000004
2024-06-26T22:00,26.9,88.0,0.0,0.0,0.0,0.95,100960.0,24.6,0.44,0.0,27.6,0.327,0,0,0,1.0,26.87682902673472,88.55165168272542,0.022637377967461115,31.44496213633658,0.23805981216446437,0.0,0.40523233099556455,0.0,0.001509650156262031,1.5944638812717886e-07,0.5435790874349653,0.0,0.0,1.1722809260359124,lhs_candidate_000004_june2024_preflight,pa1_candidate_000004
2024-06-26T23:00,26.9,88.0,0.0,0.0,0.0,0.73,100980.0,24.7,0.43,0.0,27.4,0.325,0,0,0,1.0,26.94867578487203,88.27191760506612,0.022655821438781074,31.31406826808511,0.23803049322814335,0.0,0.41688862441392827,0.0,0.001192066407633602,1.6397816541313238e-07,0.5433981063465639,0.0,0.0,1.1722324409456364,lhs_candidate_000004_june2024_preflight,pa1_candidate_000004
2024-06-27T00:00,26.2,91.0,0.0,0.0,0.0,1.0,100960.0,24.6,0.3,0.0,27.1,0.323,0,0,0,1.0,26.540473610423263,89.7124804473204,0.022510264175046958,31.183889025969346,0.23800254506770493,0.0,0.3570121893110878,0.0,0.001789918780131531,1.403819012272656e-07,0.5432255868376848,0.0,0.0,1.173596626979491,lhs_candidate_000004_june2024_preflight,pa1_candidate_000004
2024-06-27T01:00,27.2,86.0,0.0,0.0,0.0,0.81,100960.0,24.6,0.5,0.0,27.0,0.323,0,0,0,1.0,26.884848006949664,87.95153913250711,0.02249395341172239,31.053105709866696,0.23797628192156436,0.0,0.42667512426937027,0.0,0.001516254181740742,1.677242160674992e-07,0.5430634686516319,0.0,0.0,1.1722495946835223,lhs_candidate_000004_june2024_preflight,pa1_candidate_000004
2024-06-27T02:00,27.1,87.0,0.0,0.0,0.0,0.67,100920.0,24.8,0.46,0.0,26.9,0.322,0,0,0,1.0,27.147729040503922,87.26174454949101,0.022644512549764847,30.93716931728742,0.23794404572528732,0.0,0.45811318599585515,0.0,0.0011006534284343748,1.8001640168763677e-07,0.5428644797857243,0.0,0.0,1.1707593711909456,lhs_candidate_000004_june2024_preflight,pa1_candidate_000004
2024-06-27T03:00,27.0,88.0,0.0,0.0,0.0,0.5,100880.0,24.7,0.44,0.0,26.8,0.321,0,0,0,1.0,27.088312706013696,88.1199910751753,0.02279223726601809,30.825656897806102,0.2379126976883546,0.0,0.42576219456497366,0.0,0.0008986043178358732,1.6724438508260962e-07,0.542670973384905,0.0,0.0,1.1705269347822997,lhs_candidate_000004_june2024_preflight,pa1_candidate_000004
2024-06-27T04:00,27.0,87.0,0.0,0.0,0.0,0.54,100880.0,24.7,0.45,0.0,26.6,0.319,0,0,0,1.0,27.051543682471536,87.75706842753625,0.02265225656523029,30.71597714489985,0.23788252459413886,0.0,0.43782384796015883,0.0,0.0009116745144444465,1.719233168544431e-07,0.5424847197169066,0.0,0.0,1.17067030224102,lhs_candidate_000004_june2024_preflight,pa1_candidate_000004
2024-06-27T05:00,24.7,96.0,0.0,0.0,0.0,1.0,100920.0,24.1,0.11,0.0,26.4,0.318,0,0,0,1.0,25.678655414627183,91.53010678409775,0.021889481742739435,30.596814000526145,0.2378554167285112,0.0,0.27934660097374797,0.0,0.0021413485926529015,1.0965912538060325e-07,0.5423173872130321,0.0,0.0,1.1765149494572875,lhs_candidate_000004_june2024_preflight,pa1_candidate_000004
2024-06-27T06:00,25.0,97.0,18.0,9.0,9.0,0.81,100930.0,24.5,0.09,0.0,26.6,0.316,1,0,0,1.0,25.094440649668933,97.24921695640444,0.02250810569241153,30.45466281185356,0.2378031842298532,1900.6415999999997,0.08763008515854542,15.299999999999999,0.0013509594080913204,4.845692039306055e-07,0.5419949643818098,2.4374514458583023e-07,0.0,1.1789363677391553,lhs_candidate_000004_june2024_preflight,pa1_candidate_000004
2024-06-27T07:00,27.3,89.0,160.0,107.0,53.0,0.5,100990.0,25.3,0.4,0.1,28.5,0.315,0,0,0,1.0,26.77225807043869,100.0,0.02541633701695093,30.362273267586954,0.24790120416907355,15944.667199999998,0.0,136.0,0.001324411330804913,4.46191249285747e-06,0.6043284207967503,3.5801167131912298e-06,0.0,1.1730381154092733,lhs_candidate_000004_june2024_preflight,pa1_candidate_000004
2024-06-27T08:00,28.4,85.0,390.0,303.0,87.0,0.2,101030.0,25.6,0.59,0.27,28.6,0.313,0,0,0,1.0,28.86469280417639,100.0,0.02851534325378442,30.39843224560194,0.2465304862425687,37380.8688,0.0,331.5,0.001045298939162899,1.0723637709792796e-05,0.595867199028202,1.6128980709277715e-06,0.0,1.1653724050769876,lhs_candidate_000004_june2024_preflight,pa1_candidate_000004
2024-06-27T09:00,29.4,75.0,546.0,417.0,129.0,0.7,101070.0,24.5,1.02,0.4,29.4,0.31,0,1,0,1.0,30.509522543866513,85.80662148213439,0.026749152217112132,30.556578128479227,0.24423100519121954,52586.5296,0.6200598554486927,464.09999999999997,0.003278450835106357,1.4916533494269997e-05,0.5816728715507379,0.0,0.0,1.1595188404357586,lhs_candidate_000004_june2024_preflight,pa1_candidate_000004
2024-06-27T10:00,29.9,72.0,731.0,578.0,153.0,1.1,101060.0,24.4,1.17,0.53,31.0,0.306,0,1,0,1.0,31.738671655793084,79.73321935993556,0.0265482980916792,30.813676646539264,0.2411373780102579,69710.9072,0.949500386773217,621.35,0.004012642571577158,1.9363628773158473e-05,0.5625764074707278,0.0,0.0,1.1547300147918216,lhs_candidate_000004_june2024_preflight,pa1_candidate_000004
2024-06-27T11:00,30.6,69.0,846.0,644.0,202.0,1.24,100970.0,24.3,1.36,0.63,31.9,0.302,0,1,0,1.0,32.83823068428222,75.40301632263939,0.02661643778624189,31.151650690748593,0.2374498858825949,81554.84479999999,1.2260819324730639,719.1,0.004308256715879813,2.155287364145074e-05,0.5398141103863884,0.0,0.0,1.1495558679392528,lhs_candidate_000004_june2024_preflight,pa1_candidate_000004
2024-06-27T12:00,30.9,68.0,776.0,575.0,201.0,1.58,100900.0,24.2,1.44,0.58,32.3,0.298,0,1,0,1.0,33.30716907762957,71.0700902220654,0.02571581856590483,31.508677162498206,0.2337955248920854,75359.6624,1.480478334546973,659.6,0.00474146736324661,1.9076642218785294e-05,0.5172563264943544,0.0,0.0,1.1470010873190353,lhs_candidate_000004_june2024_preflight,pa1_candidate_000004
2024-06-27T13:00,31.0,67.0,777.0,530.0,247.0,2.01,100830.0,24.2,1.46,0.58,32.6,0.294,0,1,0,1.0,33.44596791588538,68.48604639667971,0.024962651054995528,31.84669900423506,0.23042423233545065,77066.0528,1.6252854442794904,660.4499999999999,0.005278895198805435,1.8384089054784298e-05,0.4964458786138929,0.0,0.0,1.145686450418069,lhs_candidate_000004_june2024_preflight,pa1_candidate_000004
2024-06-27T14:00,30.3,70.0,678.0,518.0,160.0,2.19,100770.0,24.3,1.28,0.5,32.5,0.291,0,1,0,1.0,32.86502161193555,69.00525079151328,0.02439263285538334,32.15104973470831,0.2273793703469869,65293.184,1.5473163622229489,576.3,0.0055434693657991155,1.5479015949083802e-05,0.47765043424065995,0.0,0.0,1.1471784016566928,lhs_candidate_000004_june2024_preflight,pa1_candidate_000004
2024-06-27T15:00,30.1,73.0,509.0,386.0,123.0,1.92,100720.0,24.7,1.17,0.38,32.2,0.289,0,1,0,1.0,32.100154545659535,72.17469771450736,0.024498777577666216,32.37340281251962,0.22497351441679092,49119.43519999999,1.3305369204823525,432.65,0.005040992949012399,1.1315954427082891e-05,0.46279947170858593,0.0,0.0,1.1494822605938986,lhs_candidate_000004_june2024_preflight,pa1_candidate_000004
2024-06-27T16:00,29.9,75.0,421.0,304.0,117.0,1.35,100740.0,24.9,1.07,0.31,31.8,0.287,0,1,0,1.0,31.562800915534105,75.10616567627937,0.02477400438830714,32.52105408342109,0.223134327109828,41164.3408,1.1547150299633593,357.84999999999997,0.004221977594359204,9.147675956692962e-06,0.4514464636409136,0.0,0.0,1.151738000215616,lhs_candidate_000004_june2024_preflight,pa1_candidate_000004
2024-06-27T17:00,29.4,74.0,249.0,180.0,69.0,1.65,100690.0,24.3,1.05,0.19,31.1,0.289,0,1,0,1.0,30.70789683960964,73.16895653562946,0.023054280051166713,32.5958912313704,0.22182100474674907,24339.5856,1.185508025983684,211.65,0.004471884163766068,5.474499970893008e-06,0.4433395354737597,0.0,0.0,1.1544051674581781,lhs_candidate_000004_june2024_preflight,pa1_candidate_000004
2024-06-27T18:00,28.6,80.0,58.0,28.0,30.0,1.34,100820.0,24.8,0.77,0.05,30.1,0.291,1,0,0,1.0,29.451614818325822,78.56100513671034,0.023128918807829097,32.56850892775313,0.22119817359600447,6159.472,0.8814459103474359,49.3,0.0025005875313210135,1.4566902377657057e-06,0.4394948987407683,0.0,0.0,1.160694430756834,lhs_candidate_000004_june2024_preflight,pa1_candidate_000004
2024-06-27T19:00,28.1,82.0,1.0,0.0,1.0,1.0,100890.0,24.8,0.67,0.0,29.3,0.292,0,0,0,1.0,28.488454746268182,81.19605418049983,0.02268241229788347,32.46341666791263,0.23157057284085458,123.18239999999999,0.7312429962071354,0.85,0.001817090169705027,2.8975414548490186e-07,0.5035220545731764,0.0,0.0,1.1652090888345712,lhs_candidate_000004_june2024_preflight,pa1_candidate_000004
2024-06-27T20:00,28.0,82.0,0.0,0.0,0.0,0.85,100950.0,24.5,0.7,0.0,28.9,0.294,0,0,0,1.0,28.12680253806471,82.13589394679009,0.022494913704859943,32.33419546015014,0.23152257406921253,0.0,0.6802523181148947,0.0,0.0014340230836892487,2.4778827809233276e-07,0.5032257658593366,0.0,0.0,1.1673015939760532,lhs_candidate_000004_june2024_preflight,pa1_candidate_000004
2024-06-27T21:00,27.8,83.0,0.0,0.0,0.0,0.73,100970.0,24.6,0.63,0.0,28.5,0.293,0,0,0,1.0,27.939916674416203,83.01456434221038,0.022503522037823187,32.203245021115656,0.23147921361583293,0.0,0.6397949523119517,0.0,0.0012713835072851393,2.329273477009361e-07,0.5029581087397095,0.0,0.0,1.1682575424265438,lhs_candidate_000004_june2024_preflight,pa1_candidate_000004
2024-06-27T22:00,27.2,88.0,0.0,0.0,0.0,0.41,100980.0,25.0,0.44,0.0,28.2,0.292,0,0,0,1.0,27.510691346941165,86.66227917423058,0.022944017452553974,32.06950775167741,0.2314416073277684,0.0,0.48996982852045834,0.0,0.0010405191554151406,1.7829883985515178e-07,0.5027259711590641,0.0,0.0,1.170041223759172,lhs_candidate_000004_june2024_preflight,pa1_candidate_000004
2024-06-27T23:00,27.2,87.0,0.0,0.0,0.0,0.32,101000.0,24.9,0.46,0.0,27.9,0.291,0,0,0,1.0,27.291360457924846,87.70503297500088,0.02294084564693237,31.93064433961089,0.2314118300537208,0.0,0.44590639434388235,0.0,0.0006703315535661204,1.6220493410139227e-07,0.502542160825437,0.0,0.0,1.1711272941127022,lhs_candidate_000004_june2024_preflight,pa1_candidate_000004
2024-06-28T00:00,26.9,89.0,0.0,0.0,0.0,0.5,100960.0,24.8,0.4,0.0,27.5,0.29,0,0,0,1.0,27.089327795525133,88.58135695483304,0.022912855657415493,31.792158050936983,0.2313834600964221,0.0,0.40925186915428124,0.0,0.0010123290860913148,1.488194397559714e-07,0.5023670376322352,0.0,0.0,1.1714512270911133,lhs_candidate_000004_june2024_preflight,pa1_candidate_000004
2024-06-28T01:00,26.4,91.0,0.0,0.0,0.0,0.45,100940.0,24.8,0.3,0.0,27.3,0.29,0,0,0,1.0,26.685829658636727,90.18273014498055,0.022811554838252823,31.650622702257433,0.23135876133439803,0.0,0.34361923936560634,0.0,0.0010563735230236532,1.2491501468981741e-07,0.5022145761382595,0.0,0.0,1.1727953096688055,lhs_candidate_000004_june2024_preflight,pa1_candidate_000004
2024-06-28T02:00,26.3,90.0,0.0,0.0,0.0,0.45,100910.0,24.6,0.34,0.0,27.2,0.291,0,0,0,1.0,26.43725522855212,90.27118924696799,0.022520934443440006,31.504690812336086,0.2313369834579953,0.0,0.3355768841878968,0.0,0.0008922450577686826,1.2195874377912106e-07,0.5020801448024401,0.0,0.0,1.1734195535686405,lhs_candidate_000004_june2024_preflight,pa1_candidate_000004
2024-06-28T03:00,26.1,89.0,0.0,0.0,0.0,0.3,100890.0,24.1,0.39,0.0,27.0,0.299,0,0,0,1.0,26.26165223019891,89.50360257858641,0.022112412256760628,31.358750561299804,0.2313142891985166,0.0,0.3583243117467205,0.0,0.0007556678810275208,1.301895088710399e-07,0.5019400567809666,0.0,0.0,1.1738750526053088,lhs_candidate_000004_june2024_preflight,pa1_candidate_000004
2024-06-28T04:00,26.2,89.0,0.0,0.0,0.0,0.64,100940.0,24.2,0.38,0.0,27.0,0.298,0,0,0,1.0,26.239894151194665,89.26894921752692,0.022027746128712417,31.214214903918958,0.23129056114584,0.0,0.36586488774064874,0.0,0.0010477477674820299,1.3289042696367378e-07,0.5017935873200001,0.0,0.0,1.1745421657977528,lhs_candidate_000004_june2024_preflight,pa1_candidate_000004
2024-06-28T05:00,26.3,89.0,0.0,0.0,0.0,0.41,100970.0,24.3,0.38,0.0,26.9,0.297,0,0,0,1.0,26.322915049529705,89.39979624909091,0.022162185372839465,31.075002692761938,0.23126668605272843,0.0,0.36317799160622677,0.0,0.0006816369824825255,1.3187574196065648e-07,0.5016462102020274,0.0,0.0,1.1745655397426857,lhs_candidate_000004_june2024_preflight,pa1_candidate_000004
2024-06-28T06:00,26.2,91.0,16.0,7.0,9.0,0.5,101030.0,24.6,0.31,0.01,26.9,0.296,1,0,0,1.0,26.336633682153817,91.56767882713072,0.02271693209615549,30.944542333066938,0.23121161683899175,1724.6416,0.2891370621432605,13.6,0.0009550833906554275,4.7504649518201494e-07,0.5013062767838997,0.0,0.0,1.1752096732815345,lhs_candidate_000004_june2024_preflight,pa1_candidate_000004
2024-06-28T07:00,27.7,87.0,146.0,91.0,55.0,0.71,101070.0,25.2,0.5,0.1,28.7,0.296,0,0,0,1.0,27.472762518414434,96.73099709688842,0.025556243359424895,30.8582117987903,0.24136454940927612,14783.032000000001,0.11982300959174363,124.1,0.001316573948986501,3.848566078362262e-06,0.56397870005726,0.0,0.0,1.1712317940188333,lhs_candidate_000004_june2024_preflight,pa1_candidate_000004
2024-06-28T08:00,28.1,85.0,274.0,163.0,111.0,1.03,101100.0,25.2,0.59,0.2,28.6,0.298,0,0,0,1.0,28.656665477590604,95.24858503266005,0.026853815362931938,30.85920746234794,0.2403773156051796,28017.2464,0.18658252225238092,232.9,0.0019523779385132933,7.129144760429748e-06,0.5578846642295038,0.0,0.0,1.1669836659146078,lhs_candidate_000004_june2024_preflight,pa1_candidate_000004
2024-06-28T09:00,28.7,84.0,479.0,326.0,153.0,1.44,101100.0,25.8,0.62,0.34,29.3,0.297,0,0,0,1.0,29.78949603608796,93.72009700614223,0.02810198494097635,30.953939795931678,0.23863376647932844,47534.9072,0.263259957251472,407.15,0.0027285115249283116,1.2197641218751326e-05,0.5471220153044966,0.0,0.0,1.1626197755163157,lhs_candidate_000004_june2024_preflight,pa1_candidate_000004
2024-06-28T10:00,29.4,81.0,589.0,464.0,125.0,1.61,101040.0,25.9,0.76,0.43,30.2,0.296,0,1,0,1.0,30.866931721051504,85.12542851652891,0.0270517345249043,31.137387351119425,0.23620439664818063,56229.8,0.663207983886585,500.65,0.004474210881940932,1.4718432190900295e-05,0.5321259052356829,0.0,0.0,1.157811915492746,lhs_candidate_000004_june2024_preflight,pa1_candidate_000004
2024-06-28T11:00,30.0,78.0,703.0,495.0,208.0,2.06,100970.0,25.8,0.92,0.51,31.0,0.293,0,1,0,1.0,31.85690322989862,80.42922709781453,0.026949384251411322,31.385677545376524,0.23334282424624644,69181.9392,0.9230480371688232,597.55,0.005185485672501932,1.7032976680024083e-05,0.5144618780632497,0.0,0.0,1.1532544423702262,lhs_candidate_000004_june2024_preflight,pa1_candidate_000004
2024-06-28T12:00,30.1,75.0,532.0,226.0,306.0,2.46,100890.0,25.2,1.05,0.4,31.2,0.29,0,1,0,1.0,31.926105051733533,74.81193233661408,0.025159788599580873,31.62907706355223,0.2306752402300036,57581.814399999996,1.19264410262645,452.2,0.005726375141459794,1.2655368564332521e-05,0.49799531006175063,0.0,0.0,1.1520793113336951,lhs_candidate_000004_june2024_preflight,pa1_candidate_000004
2024-06-28T13:00,30.0,74.0,492.0,189.0,303.0,2.61,100840.0,24.9,1.1,0.38,31.3,0.288,0,1,0,1.0,31.66845418764976,73.59192533701903,0.024411841316588172,31.817285145419934,0.22850827791657843,53956.267199999995,1.2323102871390028,418.2,0.005901250767163792,1.143483917695055e-05,0.4846189994850521,0.0,0.0,1.1524816772220992,lhs_candidate_000004_june2024_preflight,pa1_candidate_000004
2024-06-28T14:00,31.1,66.0,751.0,628.0,123.0,2.82,100710.0,24.0,1.52,0.56,32.1,0.284,0,1,0,1.0,32.81672222181763,67.98169103218217,0.023969505923188233,32.052688440519276,0.22596234757109634,70415.43519999999,1.5940847579513746,638.35,0.006212431919928645,1.6790981005841248e-05,0.46890338006849597,0.0,0.0,1.1466763379026599,lhs_candidate_000004_june2024_preflight,pa1_candidate_000004
2024-06-28T15:00,30.6,68.0,573.0,421.0,152.0,2.83,100680.0,24.1,1.4,0.44,32.0,0.281,0,1,0,1.0,32.783423646393864,66.21291759278843,0.023304766017705262,32.31843835670094,0.22332742728496396,55771.724799999996,1.679002509405418,487.05,0.006327702461981553,1.2518456460229162e-05,0.4526384400306418,0.0,0.0,1.146459530206896,lhs_candidate_000004_june2024_preflight,pa1_candidate_000004
2024-06-28T16:00,30.4,70.0,420.0,283.0,137.0,2.15,100710.0,24.2,1.32,0.32,31.7,0.279,0,1,0,1.0,32.08674824325814,68.99336132680787,0.023402218855663095,32.49479500554632,0.22139366000028282,41779.9888,1.481538509055388,357.0,0.005260192343940141,9.013873286723273e-06,0.4407016049400174,0.0,0.0,1.149418615473484,lhs_candidate_000004_june2024_preflight,pa1_candidate_000004
2024-06-28T17:00,29.8,73.0,298.0,229.0,69.0,1.91,100700.0,24.4,1.14,0.22,31.1,0.277,0,1,0,1.0,31.230119330556075,71.65821241559725,0.023219869114828786,32.5920379744683,0.22001326543436453,28651.5856,1.2900573706797434,253.29999999999998,0.004859577996399011,6.3466264591417e-06,0.4321806508294107,0.0,0.0,1.1525390166498621,lhs_candidate_000004_june2024_preflight,pa1_candidate_000004
2024-06-28T18:00,29.3,77.0,64.0,36.0,28.0,1.25,100730.0,24.8,0.93,0.06,30.4,0.276,1,1,0,1.0,30.08091778819161,75.3229208626407,0.02294440091296029,32.58950343115057,0.2193012272458164,6617.1071999999995,1.051934041540234,54.4,0.003738967537730107,1.5891131986342746e-06,0.4277853533692371,0.0,0.0,1.1572516331440996,lhs_candidate_000004_june2024_preflight,pa1_candidate_000004
2024-06-28T19:00,28.9,79.0,1.0,0.0,1.0,1.17,100820.0,24.9,0.83,0.01,29.7,0.275,0,0,0,1.0,29.23460551074276,78.40654639717731,0.022812862591076333,32.50118631471888,0.22965604482313423,123.18239999999999,0.8767604490313747,0.85,0.0020238361172165626,3.3474585395247086e-07,0.4917039803897175,0.0,0.0,1.1615274146129686,lhs_candidate_000004_june2024_preflight,pa1_candidate_000004
2024-06-28T20:00,28.5,82.0,0.0,0.0,0.0,1.2,100890.0,25.1,0.71,0.0,29.3,0.274,0,0,0,1.0,28.72892123816613,81.29922443174749,0.02301163850509353,32.38713272496239,0.22960223000372404,0.0,0.7374375591800888,0.0,0.002011614848959026,2.622909650363646e-07,0.4913717901464447,0.0,0.0,1.164280922864021,lhs_candidate_000004_june2024_preflight,pa1_candidate_000004
2024-06-28T21:00,28.3,83.0,0.0,0.0,0.0,0.91,100940.0,25.2,0.64,0.0,29.0,0.274,0,0,0,1.0,28.443111924905942,82.87208689184256,0.02309326316364101,32.267078352683036,0.22955769776235405,0.0,0.6643158342428541,0.0,0.001533589665614025,2.3615092686806356e-07,0.4910968997676176,0.0,0.0,1.165961823365054,lhs_candidate_000004_june2024_preflight,pa1_candidate_000004
2024-06-28T22:00,28.1,84.0,0.0,0.0,0.0,1.04,100970.0,25.1,0.6,0.0,28.7,0.273,0,0,0,1.0,28.236255404460888,83.83973378227205,0.023099759173548246,32.145123959738726,0.229516690367069,0.0,0.6193002002285035,0.0,0.001721497403794716,2.200352997836915e-07,0.49084376769795685,0.0,0.0,1.1671088505061933,lhs_candidate_000004_june2024_preflight,pa1_candidate_000004
2024-06-28T23:00,27.8,85.0,0.0,0.0,0.0,1.03,100950.0,25.1,0.55,0.0,28.5,0.273,0,0,0,1.0,27.977877091466002,84.67548983687855,0.023001670453326226,32.02148874509754,0.22947836706177596,0.0,0.5785100774729726,0.0,0.0017326150131304339,2.0544364302203993e-07,0.49060720408503683,0.0,0.0,1.167878893271214,lhs_candidate_000004_june2024_preflight,pa1_candidate_000004
2024-06-29T00:00,27.6,86.0,0.0,0.0,0.0,1.08,100960.0,25.1,0.52,0.0,28.3,0.272,0,0,0,1.0,27.744719580928088,85.7110629227941,0.022986501446219585,31.895440433391524,0.22944290693206365,0.0,0.5321354490236727,0.0,0.001786520296952504,1.8889051975480162e-07,0.49038831439545466,0.0,0.0,1.1688996385743557,lhs_candidate_000004_june2024_preflight,pa1_candidate_000004
2024-06-29T01:00,27.4,87.0,0.0,0.0,0.0,0.89,100920.0,25.0,0.48,0.0,28.2,0.272,0,0,0,1.0,27.543801172645235,86.73312865567674,0.023004711543581344,31.768135027194454,0.2294103169995052,0.0,0.4883109661688434,0.0,0.001505116335575177,1.732631678236125e-07,0.4901871419722544,0.0,0.0,1.1692172537327084,lhs_candidate_000004_june2024_preflight,pa1_candidate_000004
2024-06-29T02:00,27.6,85.0,0.0,0.0,0.0,0.67,100890.0,24.9,0.54,0.0,28.1,0.271,0,0,0,1.0,27.581273710228466,85.92554819728034,0.022837611401513747,31.642036477967572,0.22937860688253592,0.0,0.5191706759909365,0.0,0.0010719124550152106,1.8413929260445233e-07,0.489991400509481,0.0,0.0,1.1687240394925809,lhs_candidate_000004_june2024_preflight,pa1_candidate_000004
2024-06-29T03:00,27.5,85.0,0.0,0.0,0.0,0.92,100900.0,24.7,0.56,0.0,28.0,0.271,0,0,0,1.0,27.58164935823636,85.21486820013634,0.02264919289474956,31.52106819180292,0.2293443822850257,0.0,0.545397817575243,0.0,0.0015053117686347206,1.933581233995657e-07,0.4897801375618871,0.0,0.0,1.1688384208940847,lhs_candidate_000004_june2024_preflight,pa1_candidate_000004
2024-06-29T04:00,27.4,85.0,0.0,0.0,0.0,0.94,100910.0,24.7,0.54,0.0,27.8,0.27,0,0,0,1.0,27.49181898588286,85.12791495042492,0.022514359052059715,31.402207587384606,0.22930952972307814,0.0,0.545733416777245,0.0,0.0015426433887599114,1.9339211615978465e-07,0.4895649982906058,0.0,0.0,1.1693035402425143,lhs_candidate_000004_june2024_preflight,pa1_candidate_000004
2024-06-29T05:00,27.3,86.0,0.0,0.0,0.0,0.92,100900.0,24.7,0.52,0.0,27.7,0.27,0,0,0,1.0,27.393123761755046,85.9288115312812,0.02260282628851547,31.284569600998754,0.22927563050232572,0.0,0.5133732359455379,0.0,0.0015135171927740279,1.8184684544477117e-07,0.4893557438415168,0.0,0.0,1.1695716133815097,lhs_candidate_000004_june2024_preflight,pa1_candidate_000004
2024-06-29T06:00,27.3,86.0,18.0,7.0,11.0,0.72,100960.0,24.8,0.51,0.01,27.6,0.269,1,0,0,1.0,27.39272446072729,87.04217015031305,0.02289518125100588,31.1726727881331,0.2292076382316942,1971.0063999999998,0.4727424187285698,15.299999999999999,0.00121643834029494,5.734293334271457e-07,0.48893603846724826,0.0,0.0,1.1702686518137244,lhs_candidate_000004_june2024_preflight,pa1_candidate_000004
2024-06-29T07:00,28.0,83.0,159.0,103.0,56.0,0.81,101000.0,24.7,0.66,0.11,28.4,0.269,0,0,0,1.0,28.11379248242095,92.09193817100801,0.025203625739123384,31.103833930970154,0.2393213332395239,15962.214399999997,0.3009054883986644,135.15,0.0013654789753183543,4.165529300007865e-06,0.5513662545649624,0.0,0.0,1.1679301870740395,lhs_candidate_000004_june2024_preflight,pa1_candidate_000004
2024-06-29T08:00,28.7,78.0,264.0,139.0,125.0,1.02,101070.0,24.6,0.85,0.2,29.1,0.267,0,0,0,1.0,29.16485056309526,88.54284705294693,0.025664516090882935,31.110227159158015,0.23833225700577818,27629.8,0.46332687844081066,224.4,0.0018875831963124014,6.8254410681990335e-06,0.5452608457146801,0.0,0.0,1.1646762863667348,lhs_candidate_000004_june2024_preflight,pa1_candidate_000004
2024-06-29T09:00,29.8,72.0,450.0,311.0,139.0,1.33,101050.0,24.2,1.16,0.34,30.2,0.265,0,1,0,1.0,30.594256010342484,78.47726775680177,0.02457615626902793,31.204508138639593,0.23668511990596205,44490.3536,0.944816061661601,382.5,0.0038502359771510593,1.1477386185122386e-05,0.5350933327528522,0.0,0.0,1.1589659927020277,lhs_candidate_000004_june2024_preflight,pa1_candidate_000004
2024-06-29T10:00,30.7,68.0,632.0,372.0,260.0,1.65,101040.0,24.0,1.43,0.48,31.3,0.262,0,1,0,1.0,32.11798240251557,73.21698333383061,0.024876144869109072,31.4074908960255,0.23423829495232626,64763.42399999999,1.2819872305228248,537.1999999999999,0.004507374392106295,1.5647436446920872e-05,0.5199894750143597,0.0,0.0,1.1530669652543208,lhs_candidate_000004_june2024_preflight,pa1_candidate_000004
2024-06-29T11:00,31.7,63.0,895.0,784.0,111.0,2.16,100950.0,23.9,1.71,0.67,32.4,0.258,0,1,0,1.0,33.822668932052316,66.94456902194821,0.024888820627505834,31.733325407187444,0.2309069341300594,82665.2464,1.7410177833307126,760.75,0.005387703901732328,2.125571573023562e-05,0.49942551932135426,0.0,0.0,1.1456423565465215,lhs_candidate_000004_june2024_preflight,pa1_candidate_000004
2024-06-29T12:00,32.0,62.0,827.0,711.0,116.0,2.5,100870.0,23.8,1.79,0.63,32.9,0.255,0,1,0,1.0,34.54205749712598,62.53766458545142,0.024142724335723988,32.12105931894211,0.22729265663369147,76857.1584,2.053654853560219,702.9499999999999,0.005946732459210368,1.891701942778369e-05,0.47711516440550295,0.0,0.0,1.142058061550304,lhs_candidate_000004_june2024_preflight,pa1_candidate_000004
2024-06-29T13:00,32.5,60.0,941.0,830.0,111.0,2.82,100810.0,23.8,1.94,0.72,33.5,0.251,0,1,0,1.0,35.191468628895024,60.117783197450684,0.024006868571208883,32.51929876503235,0.22374018800379905,86713.2464,2.266290033958657,799.85,0.00641687053877201,2.051216968658954e-05,0.4551863457024633,0.0,0.0,1.1389748303493596,lhs_candidate_000004_june2024_preflight,pa1_candidate_000004
2024-06-29T14:00,32.5,59.0,838.0,728.0,110.0,2.91,100740.0,23.4,2.01,0.65,33.7,0.248,0,1,0,1.0,35.30415849650618,57.66501708341176,0.023162549037847546,32.91972549286341,0.22031865842596218,77614.064,2.420670349713228,712.3,0.006564629795602526,1.7545812578861042e-05,0.434065792752853,0.0,0.0,1.1377681327986748,lhs_candidate_000004_june2024_preflight,pa1_candidate_000004
2024-06-29T15:00,32.2,60.0,681.0,555.0,126.0,3.01,100670.0,23.5,1.92,0.53,33.5,0.245,0,1,0,1.0,34.73004921847487,57.89579621352688,0.02257100931055423,33.24847976760638,0.2175030994057565,64360.98239999999,2.332290593225274,578.85,0.006650675553689897,1.3797807075285101e-05,0.416685798800966,0.0,0.0,1.1390976872391638,lhs_candidate_000004_june2024_preflight,pa1_candidate_000004
2024-06-29T16:00,31.5,63.0,474.0,383.0,91.0,3.13,100620.0,23.6,1.71,0.38,32.9,0.243,0,1,0,1.0,33.591867047730155,60.24637638428421,0.022128575631970574,33.472611499943575,0.21541718044889852,44913.5984,2.0670168318031257,402.9,0.006737091394728354,9.436674085662188e-06,0.40380975585739826,0.0,0.0,1.1427565128413453,lhs_candidate_000004_june2024_preflight,pa1_candidate_000004
2024-06-29T17:00,30.8,68.0,292.0,207.0,85.0,2.19,100650.0,24.1,1.44,0.23,32.2,0.241,0,1,0,1.0,32.33615520388104,65.78304714639586,0.02261102417819005,33.5809713179317,0.21404921944268462,28686.504,1.6581003733007043,248.2,0.005274046316462888,5.801854794431909e-06,0.3953655521153372,0.0,0.0,1.1477959696898736,lhs_candidate_000004_june2024_preflight,pa1_candidate_000004
2024-06-29T18:00,29.9,74.0,91.0,59.0,32.0,1.77,100720.0,24.6,1.11,0.08,31.2,0.24,1,1,0,1.0,30.89052433436667,71.54405258018292,0.022764572131902357,33.576316039865425,0.2133487767003328,9133.836800000001,1.2704634723315018,77.35,0.004526184154223427,2.0016849874055616e-06,0.3910418314835359,0.0,0.0,1.1540554946152637,lhs_candidate_000004_june2024_preflight,pa1_candidate_000004
2024-06-29T19:00,29.2,78.0,1.0,0.0,1.0,1.58,100870.0,24.9,0.9,0.02,30.4,0.24,0,0,0,1.0,29.68842881590971,76.49423051047752,0.022811578424584214,33.47947803047215,0.22365680799237125,123.18239999999999,0.9796790461570906,0.85,0.0026847415967647544,3.4340661734645684e-07,0.45467165427389666,0.0,0.0,1.1603619663249665,lhs_candidate_000004_june2024_preflight,pa1_candidate_000004
2024-06-29T20:00,28.8,80.0,0.0,0.0,0.0,1.3,100960.0,25.1,0.78,0.01,29.9,0.239,0,0,0,1.0,29.050684094716253,79.3209276407742,0.022849065076273396,33.34544205392055,0.22360179356535853,0.0,0.8307662623493726,0.0,0.0021702728979622905,2.7321220242746787e-07,0.45433205904542306,0.0,0.0,1.1638482223185291,lhs_candidate_000004_june2024_preflight,pa1_candidate_000004
2024-06-29T21:00,28.5,82.0,0.0,0.0,0.0,1.22,101020.0,25.1,0.71,0.0,29.5,0.239,0,0,0,1.0,28.692412359038254,81.47966781827651,0.023016783735267304,33.20428221259606,0.22355576505620642,0.0,0.728779466480324,0.0,0.002021898520218938,2.395221536974777e-07,0.45404793244571867,0.0,0.0,1.1659221414079894,lhs_candidate_000004_june2024_preflight,pa1_candidate_000004
2024-06-29T22:00,28.3,84.0,0.0,0.0,0.0,1.12,101050.0,25.2,0.63,0.0,29.2,0.239,0,0,0,1.0,28.45055685802001,83.56639733471893,0.023296228465644716,33.06033007393276,0.22351541940097802,0.0,0.6376620396412407,0.0,0.001849537137380573,2.0946036040534283e-07,0.45379888519122236,0.0,0.0,1.1672036247608286,lhs_candidate_000004_june2024_preflight,pa1_candidate_000004
2024-06-29T23:00,28.0,85.0,0.0,0.0,0.0,1.21,101080.0,25.3,0.55,0.0,29.0,0.239,0,0,0,1.0,28.18839135044006,84.537843203959,0.023231074185421828,32.91502822448805,0.22347920757408496,0.0,0.5909005197362043,0.0,0.00200502434483074,1.940044444628122e-07,0.4535753553955862,0.0,0.0,1.1685659202786918,lhs_candidate_000004_june2024_preflight,pa1_candidate_000004
2024-06-30T00:00,27.8,87.0,0.0,0.0,0.0,1.17,101070.0,25.3,0.5,0.0,28.8,0.238,0,0,0,1.0,27.955192980406267,86.44441739493635,0.02345295480034887,32.767903301583516,0.22344658184410726,0.0,0.5110563086320985,0.0,0.001927193916078934,1.6771549403466502e-07,0.4533739620006621,0.0,0.0,1.1693552475205973,lhs_candidate_000004_june2024_preflight,pa1_candidate_000004
2024-06-30T01:00,27.6,87.0,0.0,0.0,0.0,1.0,101030.0,25.2,0.48,0.0,28.6,0.238,0,0,0,1.0,27.754068471160178,86.76636931157934,0.023281490525508475,32.62013950025251,0.22341714096238738,0.0,0.4931035531809358,0.0,0.0016735317755971091,1.617589962215258e-07,0.45319222816288507,0.0,0.0,1.1696737458886297,lhs_candidate_000004_june2024_preflight,pa1_candidate_000004
2024-06-30T02:00,27.5,87.0,0.0,0.0,0.0,0.99,100980.0,25.1,0.49,0.0,28.4,0.238,0,0,0,1.0,27.614516433007047,86.89571781228119,0.02313779164690762,32.472569874420245,0.2233883237874573,0.0,0.4843229742502282,0.0,0.0016330238285235657,1.58816229945258e-07,0.45301434436702037,0.0,0.0,1.1696373209577438,lhs_candidate_000004_june2024_preflight,pa1_candidate_000004
2024-06-30T03:00,27.4,87.0,0.0,0.0,0.0,0.86,100910.0,25.0,0.49,0.0,28.3,0.238,0,0,0,1.0,27.51023562959504,86.96328595839256,0.02302313134153949,32.32659573015366,0.22335990424981328,0.0,0.4788993944420912,0.0,0.0014365321813248396,1.5697695011941848e-07,0.45283891512230423,0.0,0.0,1.1692319157170863,lhs_candidate_000004_june2024_preflight,pa1_candidate_000004
2024-06-30T04:00,27.3,87.0,0.0,0.0,0.0,0.94,100890.0,24.9,0.49,0.0,28.2,0.238,0,0,0,1.0,27.409190197445213,86.94740909826227,0.022891037992628756,32.1824944974209,0.2233317319328309,0.0,0.4766584371330458,0.0,0.0015547138115156777,1.5618239207869914e-07,0.45266501193105496,0.0,0.0,1.1693931860192865,lhs_candidate_000004_june2024_preflight,pa1_candidate_000004
2024-06-30T05:00,27.2,87.0,0.0,0.0,0.0,1.06,100940.0,24.8,0.48,0.0,28.0,0.237,0,0,0,1.0,27.30803668610666,86.90607310374688,0.022752800424165324,32.04023071399712,0.22330366346234268,0.0,0.4753463606660846,0.0,0.0017342231478164472,1.5569285990542852e-07,0.4524917497675474,0.0,0.0,1.1703666128314432,lhs_candidate_000004_june2024_preflight,pa1_candidate_000004
2024-06-30T06:00,27.2,87.0,19.0,9.0,10.0,0.94,100970.0,24.9,0.46,0.01,28.0,0.237,1,0,0,1.0,27.309738706470622,87.63266780866624,0.022945185243607738,31.90461912896636,0.22324069052061365,2023.824,0.44901365846911334,16.15,0.0015551179662354803,5.433283109982002e-07,0.4521030279050226,0.0,0.0,1.170707821346751,lhs_candidate_000004_june2024_preflight,pa1_candidate_000004
2024-06-30T07:00,28.1,82.0,180.0,129.0,51.0,0.72,101010.0,24.7,0.69,0.12,28.7,0.237,0,0,0,1.0,28.20255960485968,92.26243591183923,0.02537349973792914,31.818705510784156,0.23333660229129125,17634.3024,0.29594179632206385,153.0,0.0012248541098337823,4.3830845211398135e-06,0.5144234709338966,0.0,0.0,1.167701761386802,lhs_candidate_000004_june2024_preflight,pa1_candidate_000004
2024-06-30T08:00,29.5,73.0,405.0,330.0,75.0,0.32,101060.0,24.2,1.1,0.28,30.0,0.235,0,1,0,1.0,30.043824989997894,93.70268415174056,0.028485980558486675,31.847756508660087,0.23208232050787025,38278.68,0.26787160238412255,344.25,0.0025769637656247084,9.567540461660121e-06,0.5066809907893226,0.0,0.0,1.1611849296157897,lhs_candidate_000004_june2024_preflight,pa1_candidate_000004
2024-06-30T09:00,30.8,66.0,617.0,529.0,88.0,0.22,101050.0,23.7,1.5,0.45,31.4,0.233,0,1,0,1.0,32.06186757915408,75.61427262131794,0.02561407284749071,32.01249442472234,0.229902637613745,57392.0512,1.1635463751513084,524.4499999999999,0.0030592489517068055,1.4458391806060338e-05,0.493226158109537,0.0,0.0,1.153393103573437,lhs_candidate_000004_june2024_preflight,pa1_candidate_000004
2024-06-30T10:00,31.9,61.0,775.0,666.0,109.0,0.22,100980.0,23.4,1.85,0.58,32.6,0.23,0,1,0,1.0,33.84849897670393,68.74592802727433,0.02559320997204646,32.293563288959696,0.2270142065677455,72034.88160000001,1.648512885150815,658.75,0.003442969287971261,1.756871316139989e-05,0.4753963368379353,0.0,0.0,1.1458863949251699,lhs_candidate_000004_june2024_preflight,pa1_candidate_000004
2024-06-30T11:00,32.6,59.0,871.0,744.0,127.0,0.58,100890.0,23.5,2.02,0.66,33.6,0.227,0,1,0,1.0,35.136058355420566,63.975504159281385,0.025473925218765455,32.6549878751148,0.22372182328213736,81116.1648,2.0408244775875137,740.35,0.003867709913976599,1.896282644976803e-05,0.4550729832230701,0.0,0.0,1.1400835668253217,lhs_candidate_000004_june2024_preflight,pa1_candidate_000004
2024-06-30T12:00,33.0,59.0,904.0,699.0,205.0,1.35,100790.0,23.9,2.08,0.7,34.2,0.223,0,1,0,1.0,35.87002073857564,60.668664602254076,0.025093822635746593,33.055902859284735,0.2203182094089253,86764.39199999999,2.320060997118542,768.4,0.004629359973618161,1.883606913913863e-05,0.43406302104274874,0.0,0.0,1.136248379018576,lhs_candidate_000004_june2024_preflight,pa1_candidate_000004
2024-06-30T13:00,32.6,60.0,765.0,560.0,205.0,2.08,100760.0,24.0,1.95,0.6,34.2,0.221,0,1,0,1.0,35.513529680739744,58.54315525823039,0.023772015267538027,33.428803052426204,0.2172434200000395,74532.39199999999,2.3979666763670133,650.25,0.0054856239346690655,1.5373409174461332e-05,0.4150828395064166,0.0,0.0,1.1372220961848034,lhs_candidate_000004_june2024_preflight,pa1_candidate_000004
2024-06-30T14:00,31.9,64.0,738.0,536.0,202.0,2.16,100720.0,24.1,1.71,0.57,34.0,0.222,0,1,0,1.0,34.75654633075711,61.54161569755696,0.02402551460926958,33.74135204213569,0.21458378038249867,72050.84479999999,2.1334647295075206,627.3,0.005574161596063305,1.419231851965706e-05,0.3986653110030782,0.0,0.0,1.1395653709709122,lhs_candidate_000004_june2024_preflight,pa1_candidate_000004
2024-06-30T15:00,31.3,68.0,483.0,311.0,172.0,0.61,100700.0,24.8,1.44,0.37,33.3,0.221,0,1,0,1.0,33.642996924969,66.49794968062041,0.024490534676472404,33.965644157259426,0.2124955309338268,48555.3728,1.746942238568867,410.55,0.003808003552655025,9.086052166688035e-06,0.3857748823075729,0.0,0.0,1.1434744825899752,lhs_candidate_000004_june2024_preflight,pa1_candidate_000004
2024-06-30T16:00,31.2,69.0,323.0,196.0,127.0,0.51,100690.0,24.8,1.41,0.25,32.9,0.219,0,1,0,1.0,32.738023584138546,68.79878371635776,0.02415679517428961,34.072321318373085,0.21113726901555252,32892.1648,1.5465510465987093,274.55,0.0033612592411311117,6.047464928453995e-06,0.3773905494787193,0.0,0.0,1.1467435768636234,lhs_candidate_000004_june2024_preflight,pa1_candidate_000004
2024-06-30T17:00,31.0,70.0,231.0,157.0,74.0,1.03,100730.0,24.8,1.36,0.18,32.4,0.219,0,1,0,1.0,32.12444209032338,69.5667355492315,0.02364406086204417,34.107058652474,0.21020255350406236,22931.4976,1.4572401740958312,196.35,0.0036248781168445477,4.353313504828347e-06,0.3716207006423603,0.0,0.0,1.149504925559218,lhs_candidate_000004_june2024_preflight,pa1_candidate_000004
2024-06-30T18:00,30.4,75.0,93.0,60.0,33.0,0.5,100750.0,25.4,1.1,0.06,31.6,0.218,1,1,0,1.0,31.23770550715854,73.65088826613392,0.023875265105022272,34.07691616574417,0.2096403484360065,9345.0192,1.1998722379101725,79.05,0.002936527399354482,1.8996719775533576e-06,0.3681502989876945,0.0,0.0,1.1530825416162853,lhs_candidate_000004_june2024_preflight,pa1_candidate_000004
2024-06-30T19:00,29.9,78.0,1.0,0.0,1.0,0.72,100830.0,25.6,0.93,0.0,30.8,0.218,0,0,0,1.0,30.318498268406255,77.21529248373596,0.023824406497674224,33.977878784819644,0.21995826835368976,123.18239999999999,0.9845721535568224,0.85,0.0014735005966476221,3.2769261788763056e-07,0.43184116267709727,0.0,0.0,1.1574936054264333,lhs_candidate_000004_june2024_preflight,pa1_candidate_000004
2024-06-30T20:00,29.5,81.0,0.0,0.0,0.0,0.92,100920.0,25.8,0.79,0.0,30.3,0.217,0,0,0,1.0,29.74784689148087,80.28046719711416,0.024017875322238768,33.84510740048073,0.21990568590039555,0.0,0.8246871124118025,0.0,0.0016183707698159116,2.575932937818744e-07,0.43151657963207135,0.0,0.0,1.1607094075762399,lhs_candidate_000004_june2024_preflight,pa1_candidate_000004
2024-06-30T21:00,29.1,83.0,0.0,0.0,0.0,1.02,100990.0,26.0,0.68,0.0,30.0,0.217,0,0,0,1.0,29.333154849604668,82.3765836058093,0.024096713054293006,33.705155282962316,0.2198624616007423,0.0,0.7196428775369239,0.0,0.0017514712364783125,2.2464344916967907e-07,0.4312497629675451,0.0,0.0,1.163106886236911,lhs_candidate_000004_june2024_preflight,pa1_candidate_000004
2024-06-30T22:00,28.9,85.0,0.0,0.0,0.0,1.08,101000.0,26.1,0.59,0.0,29.7,0.217,0,0,0,1.0,29.055025774449504,84.51177867914988,0.024350090254597407,33.56097939319493,0.21982484317664658,0.0,0.6223837813727684,0.0,0.0017922990863042723,1.9417847194389037e-07,0.43101755047312706,0.0,0.0,1.1642926076789843,lhs_candidate_000004_june2024_preflight,pa1_candidate_000004
2024-06-30T23:00,28.6,87.0,0.0,0.0,0.0,1.03,100990.0,26.2,0.51,0.0,29.4,0.217,0,0,0,1.0,28.789838974546896,86.36180826405577,0.024526009545340857,33.415125702104724,0.21979221845536911,0.0,0.5397020678917159,0.0,0.0017396891299649114,1.683038027006347e-07,0.43081616330474765,0.0,0.0,1.1651998012951812,lhs_candidate_000004_june2024_preflight,pa1_candidate_000004
