timestamp,temperature_outside,humidity_outside,shortwave_radiation,direct_radiation,diffuse_radiation,wind_speed,surface_pressure,dew_point_outside,vpd_outside_reference,et0_outside_reference,external_soil_temperature_context,external_soil_moisture_context,pump_state,fan_state,grow_light_state,vent_state,temperature_inside_true,humidity_inside_true,vapor_density_inside_true,soil_temperature_inside_true,soil_moisture_inside_true,light_lux_inside_true,vpd_inside,solar_inside,ventilation_rate_m3_s,evapotranspiration_rate_kg_s,water_stress_coefficient,condensation_rate_kg_s,drainage_rate_m3_s,air_density,simulation_id,parameter_set_id
2024-06-01T00:00,29.6,83.0,0.0,0.0,0.0,0.81,100950.0,26.4,0.72,0.0,29.8,0.176,0,0,0,1.0,29.6,83.00000000000001,0.024633318950427478,29.6,0.4,0.0,0.7049358805204089,0.0,0.0013523922824034446,4.6540472761753786e-07,1.0,0.0,0.0,1.1616214428759424,lhs_candidate_000008_june2024_preflight,pa1_candidate_000008
2024-06-01T01:00,29.3,84.0,0.0,0.0,0.0,1.1,100880.0,26.4,0.63,0.0,29.6,0.176,0,0,0,1.0,29.396816409424556,84.40524437165539,0.02477567234533847,29.581593472809974,0.3999216174542743,0.0,0.6391442464135486,0.0,0.0018990302251326511,4.2196852526618154e-07,1.0,0.0,0.0,1.161595537665133,lhs_candidate_000008_june2024_preflight,pa1_candidate_000008
2024-06-01T02:00,28.9,85.0,0.0,0.0,0.0,1.0,100820.0,26.1,0.59,0.0,29.4,0.176,0,0,0,1.0,29.052880185469743,85.18834724360272,0.02454215991909617,29.556727937356726,0.3998481176513939,0.0,0.5951225623593874,0.0,0.0017766315763782761,3.9290503106388996e-07,1.0,0.0,0.0,1.1622258823016436,lhs_candidate_000008_june2024_preflight,pa1_candidate_000008
2024-06-01T03:00,28.7,86.0,0.0,0.0,0.0,0.9,100780.0,26.1,0.54,0.0,29.2,0.176,0,0,0,1.0,28.78504302854982,86.38716515846794,0.024526790849412762,29.524473516617082,0.39978087577806787,0.0,0.5385491027457716,0.0,0.001569493603413526,3.55554746748075e-07,1.0,0.0,0.0,1.1627953383301333,lhs_candidate_000008_june2024_preflight,pa1_candidate_000008
2024-06-01T04:00,28.7,86.0,0.0,0.0,0.0,0.92,100820.0,26.1,0.55,0.0,28.8,0.176,0,0,0,1.0,28.699692981144533,86.79456020622204,0.02452791106647918,29.488774097419373,0.3997183916849637,0.0,0.5198563692432927,0.0,0.0015362918336690352,3.4321364341577475e-07,1.0,0.0,0.0,1.1635857753865446,lhs_candidate_000008_june2024_preflight,pa1_candidate_000008
2024-06-01T05:00,28.6,86.0,0.0,0.0,0.0,1.02,100840.0,26.1,0.53,0.0,28.5,0.176,0,0,0,1.0,28.630889501224754,86.65128643114933,0.024395567432198343,29.452763602917592,0.3996564020227385,0.0,0.523406080173995,0.0,0.0017247810407751433,3.455571930838735e-07,1.0,0.0,0.0,1.1640819400825726,lhs_candidate_000008_june2024_preflight,pa1_candidate_000008
2024-06-01T06:00,28.6,86.0,19.0,2.0,17.0,1.02,100900.0,26.0,0.54,0.02,28.5,0.176,1,0,0,1.0,28.622226227011183,87.95186851053654,0.024750011718952747,29.421309991749553,0.3995250078331114,2270.1007999999997,0.4721728476421343,16.15,0.0017187041019719105,1.1114102339260127e-06,1.0,0.0,0.0,1.1648080094830533,lhs_candidate_000008_june2024_preflight,pa1_candidate_000008
2024-06-01T07:00,29.0,84.0,156.0,58.0,98.0,1.02,100980.0,26.1,0.62,0.11,29.7,0.175,0,0,0,1.0,29.07150237523424,95.35985028010624,0.02750037035171293,29.434484126399926,0.40967415791056633,17175.875200000002,0.18663884637020445,132.6,0.0017529187326034855,6.688995053185798e-06,1.0,9.714748335720467e-07,0.0,1.1639985920097822,lhs_candidate_000008_june2024_preflight,pa1_candidate_000008
2024-06-01T08:00,30.2,75.0,326.0,146.0,180.0,0.71,101020.0,25.4,1.06,0.24,30.6,0.175,0,0,0,1.0,30.2890759363036,100.0,0.03080559675650059,29.54435288889279,0.40784245320460605,35020.831999999995,0.0,277.09999999999997,0.0012724955237459583,1.3720785136615631e-05,1.0,5.9628600831580846e-06,0.0,1.1597871852841968,lhs_candidate_000008_june2024_preflight,pa1_candidate_000008
2024-06-01T09:00,31.6,66.0,535.0,311.0,224.0,0.32,101030.0,24.6,1.55,0.4,32.0,0.173,0,0,0,1.0,32.01060197096642,100.0,0.03378236242711391,29.783081265999265,0.4045810309952921,54960.857599999996,0.0,454.75,0.0011253162497109914,2.2517239411317067e-05,1.0,1.001815219724365e-06,0.0,1.1533585484120807,lhs_candidate_000008_june2024_preflight,pa1_candidate_000008
2024-06-01T10:00,32.7,61.0,673.0,368.0,305.0,0.2,100990.0,24.1,1.93,0.52,33.3,0.172,0,1,0,1.0,33.540752622633846,85.81223544386032,0.03143432651769252,30.142881654964008,0.3999474356621049,69954.632,0.7355992940570202,572.05,0.0028414669176033552,2.881107350730063e-05,1.0,0.0,0.0,1.1471498157922506,lhs_candidate_000008_june2024_preflight,pa1_candidate_000008
2024-06-01T11:00,33.3,58.0,730.0,349.0,381.0,0.86,100950.0,23.9,2.15,0.57,34.3,0.17,0,1,0,1.0,34.50615729703855,77.44761199271001,0.029842730928424592,30.571643926943604,0.3945151103045299,77644.49440000001,1.2338443688716563,620.5,0.0036069481721907864,3.153905217238355e-05,1.0,0.0,0.0,1.1430971995504307,lhs_candidate_000008_june2024_preflight,pa1_candidate_000008
2024-06-01T12:00,33.6,57.0,685.0,331.0,354.0,1.64,100940.0,23.9,2.23,0.55,34.7,0.169,0,1,0,1.0,34.882679065313454,70.02249019154189,0.027516624654797397,31.006363449877696,0.3889800179217675,72734.5696,1.674640771785746,582.25,0.004634392710870309,2.993609633803788e-05,1.0,0.0,0.0,1.1415868464389232,lhs_candidate_000008_june2024_preflight,pa1_candidate_000008
2024-06-01T13:00,33.3,58.0,601.0,271.0,330.0,1.64,100890.0,23.9,2.16,0.49,34.8,0.167,0,1,0,1.0,34.66151552366169,68.69753266666214,0.02668658639208244,31.39729603495007,0.3839041404452334,64498.191999999995,1.7273765714840614,510.84999999999997,0.004663363891098698,2.6435495937224288e-05,1.0,0.0,0.0,1.1418411959488541,lhs_candidate_000008_june2024_preflight,pa1_candidate_000008
2024-06-01T14:00,33.5,57.0,537.0,197.0,340.0,1.7,100790.0,23.8,2.24,0.45,34.8,0.166,0,1,0,1.0,34.54772159871634,67.35069962017157,0.026008490610434348,31.73295883100127,0.3793857762837876,59218.015999999996,1.790370456356758,456.45,0.0046352070067393935,2.378343397171808e-05,1.0,0.0,0.0,1.141131288929109,lhs_candidate_000008_june2024_preflight,pa1_candidate_000008
2024-06-01T15:00,33.2,59.0,342.0,78.0,264.0,0.72,100790.0,24.0,2.1,0.28,34.3,0.164,0,1,0,1.0,34.136500914315526,68.64631208819401,0.02594491974461169,31.98878947902113,0.3758484651136154,39384.1536,1.6805016369390975,290.7,0.003303796539351506,1.5503679529567402e-05,1.0,0.0,0.0,1.1426583875430356,lhs_candidate_000008_june2024_preflight,pa1_candidate_000008
2024-06-01T16:00,32.6,61.0,222.0,33.0,189.0,0.71,100770.0,24.1,1.93,0.19,33.7,0.164,0,1,0,1.0,33.375385291504564,67.87343024385991,0.024647575238843596,32.142682047936205,0.37351422099036885,26185.473599999998,1.6503532473828777,188.7,0.0031914837938202814,1.0433179547831545e-05,1.0,0.0,0.0,1.1452683536858377,lhs_candidate_000008_june2024_preflight,pa1_candidate_000008
2024-06-01T17:00,32.3,62.0,145.0,34.0,111.0,0.71,100740.0,24.2,1.82,0.13,33.1,0.163,0,0,0,1.0,32.778531843015,70.90491189683159,0.02494973452661995,32.224606320787224,0.37193259824616837,16665.2464,1.4454430049131846,123.25,0.0015954734940074038,7.05709710112973e-06,1.0,0.0,0.0,1.1471611027984912,lhs_candidate_000008_june2024_preflight,pa1_candidate_000008
2024-06-01T18:00,31.9,66.0,41.0,9.0,32.0,0.61,100810.0,24.7,1.61,0.05,32.4,0.163,1,0,0,1.0,32.22014277765205,71.57147672700945,0.024449497384070273,32.24537362998028,0.37106610909340526,4733.8368,1.3686189084930214,34.85,0.001342214181992064,2.629194183961086e-06,1.0,0.0,0.0,1.1500573328053914,lhs_candidate_000008_june2024_preflight,pa1_candidate_000008
2024-06-01T19:00,31.2,70.0,0.0,0.0,0.0,1.0,100940.0,25.1,1.35,0.03,31.7,0.162,0,0,0,1.0,31.49892913847403,70.6775573201769,0.023233797887576096,32.21337213047973,0.3815994154240457,0.0,1.355221187629998,0.0,0.0018716141952312762,8.947286769185739e-07,1.0,0.0,0.0,1.15426650501853,lhs_candidate_000008_june2024_preflight,pa1_candidate_000008
2024-06-01T20:00,30.7,74.0,0.0,0.0,0.0,1.1,100990.0,25.5,1.14,0.01,31.1,0.162,0,0,0,1.0,30.900311750581327,74.19265421327692,0.02361973733792735,32.154919590928316,0.3814499594272596,0.0,1.1528549136872215,0.0,0.0019629834772607073,7.611247234160436e-07,1.0,0.0,0.0,1.157111921216665,lhs_candidate_000008_june2024_preflight,pa1_candidate_000008
2024-06-01T21:00,30.2,78.0,0.0,0.0,0.0,1.2,101050.0,25.8,0.96,0.01,30.7,0.162,0,0,0,1.0,30.402658807014433,77.9086613497508,0.024147651189772707,32.08504180512582,0.3813246040670241,0.0,0.9592171422196594,0.0,0.0021215285191216572,6.332834022737605e-07,1.0,0.0,0.0,1.159697512049698,lhs_candidate_000008_june2024_preflight,pa1_candidate_000008
2024-06-01T22:00,29.7,82.0,0.0,0.0,0.0,1.1,101080.0,26.2,0.77,0.0,30.2,0.162,0,0,0,1.0,29.916054403269207,81.68365091121994,0.024661192669897098,32.005088089533004,0.3812217378431628,0.0,0.7734403905032874,0.0,0.001973000577325529,5.106319939408491e-07,1.0,0.0,0.0,1.161904375259287,lhs_candidate_000008_june2024_preflight,pa1_candidate_000008
2024-06-01T23:00,29.2,85.0,0.0,0.0,0.0,1.3,101060.0,26.4,0.61,0.0,29.6,0.162,0,0,0,1.0,29.427866708223075,84.52042834951486,0.02485135180753231,31.915466337669617,0.38113832217010085,0.0,0.6355593742979919,0.0,0.0022934890361922754,4.1960176188161286e-07,1.0,0.0,0.0,1.16354875576689,lhs_candidate_000008_june2024_preflight,pa1_candidate_000008
2024-06-02T00:00,28.8,87.0,0.0,0.0,0.0,1.2,101050.0,26.5,0.5,0.0,29.1,0.162,0,0,0,1.0,28.998549191775147,86.63712802484575,0.02488578865170922,31.817001139623184,0.3810690573644643,0.0,0.5352286930677934,0.0,0.0021197239624439006,3.533625837379906e-07,1.0,0.0,0.0,1.165086723521319,lhs_candidate_000008_june2024_preflight,pa1_candidate_000008
2024-06-02T01:00,28.4,89.0,0.0,0.0,0.0,1.12,100980.0,26.4,0.42,0.0,28.8,0.162,0,0,0,1.0,28.60368962226299,88.54268228770823,0.024891043918594664,31.711468535475582,0.381010660426723,0.0,0.4485363943131073,0.0,0.001997220751521845,2.961275829338362e-07,1.0,0.0,0.0,1.1658031544874254,lhs_candidate_000008_june2024_preflight,pa1_candidate_000008
2024-06-02T02:00,28.4,91.0,0.0,0.0,0.0,1.14,100950.0,26.7,0.35,0.0,28.5,0.162,0,0,0,1.0,28.45013679777339,90.92140723659521,0.025346039354927078,31.601732477245587,0.3809633482217583,0.0,0.3522619468473107,0.0,0.001934939501869692,2.325663651869538e-07,1.0,0.0,0.0,1.1660501734669235,lhs_candidate_000008_june2024_preflight,pa1_candidate_000008
2024-06-02T03:00,28.4,89.0,0.0,0.0,0.0,1.04,100940.0,26.5,0.41,0.0,28.3,0.162,0,0,0,1.0,28.432850125490017,89.65723469230456,0.024969998097220305,31.49392003448049,0.38091947767670065,0.0,0.4009111973134867,0.0,0.0017591214647694738,2.6468501851084637e-07,1.0,0.0,0.0,1.1660014969285641,lhs_candidate_000008_june2024_preflight,pa1_candidate_000008
2024-06-02T04:00,28.3,89.0,0.0,0.0,0.0,1.04,100970.0,26.4,0.4,0.0,28.1,0.162,0,0,0,1.0,28.369042825349695,89.2889849776986,0.0247807423392793,31.388675964051934,0.3808705998660795,0.0,0.4136504542954311,0.0,0.0017838244727863303,2.730955854709999e-07,1.0,0.0,0.0,1.1665948618283868,lhs_candidate_000008_june2024_preflight,pa1_candidate_000008
2024-06-02T05:00,28.0,90.0,0.0,0.0,0.0,1.12,101060.0,26.2,0.38,0.0,27.9,0.162,0,0,0,1.0,28.154132640979874,89.79454891213346,0.02462931257871476,31.283422727913532,0.3808225568870433,0.0,0.38923449069598126,0.0,0.001967161273265884,2.5697595643447974e-07,1.0,0.0,0.0,1.1684675455495865,lhs_candidate_000008_june2024_preflight,pa1_candidate_000008
2024-06-02T06:00,28.0,91.0,19.0,4.0,15.0,1.36,101020.0,26.4,0.34,0.02,28.1,0.162,1,0,0,1.0,28.07266451814987,91.99413302843502,0.025120111006123904,31.181620858791092,0.3807094518447489,2199.736,0.30389891110253675,16.15,0.0023090820154579206,1.000314334618792e-06,1.0,0.0,0.0,1.1683209573501345,lhs_candidate_000008_june2024_preflight,pa1_candidate_000008
2024-06-02T07:00,30.2,77.0,168.0,87.0,81.0,1.21,101070.0,25.6,1.0,0.13,30.3,0.162,0,0,0,1.0,29.59846563356958,89.50393762416351,0.02656139281398637,31.139506370850246,0.39081349220654826,17633.7744,0.4351998747282355,142.79999999999998,0.002351556939327452,7.35815675620265e-06,1.0,0.0,0.0,1.1630081649810962,lhs_candidate_000008_june2024_preflight,pa1_candidate_000008
2024-06-02T08:00,31.3,68.0,350.0,181.0,169.0,0.98,101090.0,24.7,1.45,0.27,31.3,0.161,0,0,0,1.0,31.39315661566935,92.78256567805249,0.030328388311938258,31.228365141157493,0.3888012129140465,36745.8256,0.33157848665973955,297.5,0.0017030071185037163,1.4949815254763324e-05,1.0,0.0,0.0,1.156383271434165,lhs_candidate_000008_june2024_preflight,pa1_candidate_000008
2024-06-02T09:00,32.0,65.0,510.0,248.0,262.0,0.73,101090.0,24.5,1.68,0.39,32.5,0.16,0,1,0,1.0,32.64359072410893,82.63101667059229,0.028868888594527253,31.43761567213513,0.3854893860711495,54097.788799999995,0.85637001133487,433.5,0.003126661217846767,2.203041480462806e-05,1.0,0.0,0.0,1.1516546534091558,lhs_candidate_000008_june2024_preflight,pa1_candidate_000008
2024-06-02T10:00,33.0,61.0,705.0,426.0,279.0,0.32,101060.0,24.4,1.98,0.54,33.9,0.159,0,1,0,1.0,33.93446979477212,84.68164709065907,0.03166839133573075,31.7589563515169,0.38078920611717554,71855.8896,0.8118547497502862,599.25,0.0029712444915132247,3.020824354948795e-05,1.0,0.0,0.0,1.146473153026075,lhs_candidate_000008_june2024_preflight,pa1_candidate_000008
2024-06-02T11:00,34.0,57.0,821.0,573.0,248.0,0.14,100970.0,24.3,2.27,0.64,35.2,0.157,0,1,0,1.0,35.23364550484828,81.57239312194253,0.03264579007266448,32.181015183056424,0.37489900519770697,80973.23520000001,1.0495810045668819,697.85,0.003112524393060402,3.52474350302503e-05,1.0,0.0,0.0,1.1406265255332297,lhs_candidate_000008_june2024_preflight,pa1_candidate_000008
2024-06-02T12:00,34.6,55.0,860.0,673.0,187.0,0.8,100910.0,24.2,2.48,0.68,36.1,0.155,0,1,0,1.0,36.11229883094551,75.07970169787798,0.031445466468661046,32.656429220041105,0.36838042789915265,82259.1088,1.4896609210476388,731.0,0.003701665812848397,3.7179423194469374e-05,1.0,0.0,0.0,1.1367099857112164,lhs_candidate_000008_june2024_preflight,pa1_candidate_000008
2024-06-02T13:00,34.8,55.0,913.0,742.0,171.0,0.82,100810.0,24.4,2.5,0.72,36.7,0.154,0,1,0,1.0,36.56980231501133,74.02822167417041,0.03174426373508985,33.15622958427798,0.36147887982487936,86360.1904,1.5918799328207438,776.05,0.0038465475848224644,3.9477588856817794e-05,1.0,0.0,0.0,1.1339060960786576,lhs_candidate_000008_june2024_preflight,pa1_candidate_000008
2024-06-02T14:00,34.6,56.0,656.0,386.0,270.0,0.92,100820.0,24.6,2.42,0.53,36.4,0.153,0,1,0,1.0,36.225680411847236,69.5085416803086,0.029282817016096873,33.59172999381747,0.35532956518732756,67227.248,1.834048218716653,557.6,0.0038768936264533763,2.8820777863705982e-05,1.0,0.0,0.0,1.1352799566859733,lhs_candidate_000008_june2024_preflight,pa1_candidate_000008
2024-06-02T15:00,32.6,66.0,461.0,246.0,215.0,1.2,100830.0,25.5,1.67,0.37,35.5,0.161,0,1,0,1.0,34.4803582709218,72.30647262745778,0.027824190797703985,33.87582159235913,0.35089408333376076,48132.216,1.5129498752960555,391.84999999999997,0.004299243001741882,2.040156787417872e-05,1.0,0.0,0.0,1.141834142014993,lhs_candidate_000008_june2024_preflight,pa1_candidate_000008
2024-06-02T16:00,31.5,71.0,398.0,260.0,138.0,1.0,100840.0,25.6,1.34,0.3,34.3,0.165,0,1,0,1.0,32.901574572135225,78.67494314281501,0.027864568065373494,34.04052118840178,0.34748973442778724,39879.1712,1.0667739426772496,338.3,0.003863994433189866,1.745543591654493e-05,1.0,0.0,0.0,1.1478381832263067,lhs_candidate_000008_june2024_preflight,pa1_candidate_000008
2024-06-02T17:00,30.9,73.0,171.0,95.0,76.0,0.42,100820.0,25.5,1.21,0.13,33.2,0.165,0,1,0,1.0,31.756938347590324,78.29385868458415,0.026094453012868026,34.09495611249368,0.34521320313883846,17721.862399999998,1.0179867812397472,145.35,0.002982817585769463,7.869182575139501e-06,1.0,0.0,0.0,1.151918716448688,lhs_candidate_000008_june2024_preflight,pa1_candidate_000008
2024-06-02T18:00,30.7,73.0,54.0,19.0,35.0,0.64,100860.0,25.3,1.19,0.05,32.3,0.165,1,0,0,1.0,31.06601955949739,79.2701807869884,0.025461558730048996,34.03829666942694,0.34424258517954,5983.383999999999,0.9348123430415161,45.9,0.001420883321604888,2.8899392341983966e-06,1.0,0.0,0.0,1.154992949128657,lhs_candidate_000008_june2024_preflight,pa1_candidate_000008
2024-06-02T19:00,30.4,75.0,0.0,0.0,0.0,0.89,100910.0,25.5,1.08,0.03,31.6,0.165,0,0,0,1.0,30.604070254364068,76.18936390690776,0.023872273588181215,33.92747485780563,0.3547715253596192,0.0,1.04583758276801,0.0,0.0016425107733719886,6.904709616724328e-07,1.0,0.0,0.0,1.1573229059638959,lhs_candidate_000008_june2024_preflight,pa1_candidate_000008
2024-06-02T20:00,29.7,84.0,0.0,0.0,0.0,1.02,100970.0,26.7,0.67,0.0,30.9,0.164,0,0,0,1.0,30.019329345952478,82.65543351828524,0.025094329301114302,33.7941690565377,0.35466264814320614,0.0,0.7367575625536107,0.0,0.0019152297455082047,4.864136756201007e-07,1.0,0.0,0.0,1.1602445632027534,lhs_candidate_000008_june2024_preflight,pa1_candidate_000008
2024-06-02T21:00,29.5,84.0,0.0,0.0,0.0,0.94,101010.0,26.6,0.64,0.0,30.2,0.164,0,0,0,1.0,29.643676391575003,84.34270812247065,0.025091163520813742,33.65185048280222,0.3545825672858839,0.0,0.650891219996081,0.0,0.0016760254135766966,4.297239781968408e-07,1.0,0.0,0.0,1.1621441994513428,lhs_candidate_000008_june2024_preflight,pa1_candidate_000008
2024-06-02T22:00,29.1,86.0,0.0,0.0,0.0,0.94,101030.0,26.5,0.57,0.0,29.6,0.164,0,0,0,1.0,29.309662201473483,85.78321200675964,0.025061200793585536,33.50614792180101,0.3545089658663057,0.0,0.5797492930663184,0.0,0.0017229288200885538,3.827554665351985e-07,1.0,0.0,0.0,1.1636579448645432,lhs_candidate_000008_june2024_preflight,pa1_candidate_000008
2024-06-02T23:00,29.0,86.0,0.0,0.0,0.0,0.98,101020.0,26.4,0.55,0.0,29.2,0.164,0,0,0,1.0,29.099805857703032,86.34748031268457,0.024939737220784068,33.357477832926,0.35444247216785957,0.0,0.5500380725850156,0.0,0.0017082044684821574,3.6313986338973615e-07,1.0,0.0,0.0,1.1643506297274078,lhs_candidate_000008_june2024_preflight,pa1_candidate_000008
2024-06-03T00:00,28.6,87.0,0.0,0.0,0.0,0.98,100980.0,26.3,0.49,0.0,28.9,0.164,0,0,0,1.0,28.810237861859154,86.82883787469537,0.024686103598025966,33.20813833594908,0.35437842298252137,0.0,0.5218360985038997,0.0,0.0017846006155239128,3.44520677690451e-07,1.0,0.0,0.0,1.1650057164174992,lhs_candidate_000008_june2024_preflight,pa1_candidate_000008
2024-06-03T01:00,28.2,90.0,0.0,0.0,0.0,1.17,100930.0,26.3,0.39,0.0,28.5,0.164,0,0,0,1.0,28.426971014502463,89.25436462272759,0.0248498008859142,33.05463772740025,0.3543222211910815,0.0,0.4163853401337785,0.0,0.002089172194504808,2.7490118060927186e-07,1.0,0.0,0.0,1.165908711050116,lhs_candidate_000008_june2024_preflight,pa1_candidate_000008
2024-06-03T02:00,28.1,93.0,0.0,0.0,0.0,1.24,100880.0,26.8,0.27,0.0,28.3,0.164,0,0,0,1.0,28.214851091040696,92.44842034788131,0.0254417842814086,32.89795019765353,0.35428050378767756,0.0,0.2890348312179887,0.0,0.002136371752820799,1.9082327997786536e-07,1.0,0.0,0.0,1.1661513630526625,lhs_candidate_000008_june2024_preflight,pa1_candidate_000008
2024-06-03T03:00,27.9,93.0,0.0,0.0,0.0,1.2,100840.0,26.7,0.26,0.0,28.2,0.164,0,0,0,1.0,28.044909825475866,92.71110278225463,0.025277356987407632,32.74202070125233,0.3542474830026227,0.0,0.27623650753477147,0.0,0.0020892392602743647,1.8237371667382193e-07,1.0,0.0,0.0,1.1663466807390135,lhs_candidate_000008_june2024_preflight,pa1_candidate_000008
2024-06-03T04:00,27.9,93.0,0.0,0.0,0.0,1.2,100820.0,26.6,0.28,0.0,28.0,0.164,0,0,0,1.0,27.968292939266345,92.96794292436404,0.025240984988206507,32.587435125677494,0.3542154167459518,0.0,0.2653165302639158,0.0,0.00204438829904033,1.7516425381660372e-07,1.0,0.0,0.0,1.1664120622804404,lhs_candidate_000008_june2024_preflight,pa1_candidate_000008
2024-06-03T05:00,28.0,92.0,0.0,0.0,0.0,1.33,100840.0,26.5,0.31,0.0,27.8,0.164,0,0,0,1.0,28.01730468563364,92.28850635580088,0.02512403827473103,32.4374693948755,0.35418261463954614,0.0,0.2917829170205466,0.0,0.00223000630287317,1.9263758984596984e-07,1.0,0.0,0.0,1.166453588636137,lhs_candidate_000008_june2024_preflight,pa1_candidate_000008
2024-06-03T06:00,28.0,92.0,25.0,13.0,12.0,1.3,100880.0,26.7,0.29,0.01,28.0,0.164,1,0,0,1.0,28.084417007584292,93.38224639680894,0.025515601303308832,32.30015399736756,0.35405516199801557,2622.1888,0.2513786437549581,21.25,0.0022170674950900172,1.218169790466825e-06,1.0,0.0,0.0,1.1666563049703962,lhs_candidate_000008_june2024_preflight,pa1_candidate_000008
2024-06-03T07:00,29.5,86.0,196.0,139.0,57.0,1.1,100930.0,27.0,0.56,0.14,30.5,0.164,0,0,0,1.0,29.24615013896122,99.42339964432372,0.02894601004971711,32.22847110268799,0.36405384638836136,19253.396800000002,0.023427339352777743,166.6,0.0019962457761362553,8.264773331966529e-06,1.0,2.093554488829097e-06,0.0,1.1627503107970771,lhs_candidate_000008_june2024_preflight,pa1_candidate_000008
2024-06-03T08:00,31.3,72.0,419.0,337.0,82.0,0.7,100950.0,25.6,1.3,0.31,31.6,0.163,0,0,0,1.0,31.29864610086959,100.0,0.032522731274933145,32.29971063774263,0.36172410502830793,39756.9568,0.0,356.15,0.0011701201689127633,1.7634996847367944e-05,1.0,4.571858688169903e-06,0.0,1.1551402718807724,lhs_candidate_000008_june2024_preflight,pa1_candidate_000008
2024-06-03T09:00,32.9,62.0,633.0,534.0,99.0,0.6,100950.0,24.6,1.91,0.48,33.3,0.162,0,1,0,1.0,33.43663943604146,92.24044571117257,0.033604443895600536,32.531452137951206,0.3577374206078719,59187.05760000001,0.3999788490957279,538.05,0.0028987202934226356,2.6905962086098225e-05,1.0,0.0,0.0,1.1470848582234368,lhs_candidate_000008_june2024_preflight,pa1_candidate_000008
2024-06-03T10:00,34.0,56.0,763.0,643.0,120.0,0.63,100900.0,24.0,2.35,0.59,34.8,0.16,0,1,0,1.0,35.03324209400066,78.44305566291924,0.031068127477746125,32.88909204112173,0.35233546493105944,71365.888,1.2143070068206523,648.55,0.003273178195006092,3.2915067270871076e-05,1.0,0.0,0.0,1.140576962460339,lhs_candidate_000008_june2024_preflight,pa1_candidate_000008
2024-06-03T11:00,35.0,53.0,910.0,785.0,125.0,0.45,100830.0,23.9,2.65,0.71,36.1,0.158,0,1,0,1.0,36.382873583875046,76.67523857023274,0.03256465955323066,33.34055229761905,0.34584120323245876,84477.8,1.4150999042463512,773.5,0.00334373130906232,3.923461226853958e-05,1.0,0.0,0.0,1.1348159635744155,lhs_candidate_000008_june2024_preflight,pa1_candidate_000008
2024-06-03T12:00,35.4,51.0,950.0,825.0,125.0,0.36,100780.0,23.9,2.79,0.75,36.9,0.156,0,1,0,1.0,37.17793598874158,72.9498783465023,0.03227299471791365,33.85245917734347,0.33860715080725734,87997.8,1.7138645499028717,807.5,0.0035191227910615066,4.1115391174245836e-05,1.0,0.0,0.0,1.131347261384947,lhs_candidate_000008_june2024_preflight,pa1_candidate_000008
2024-06-03T13:00,36.0,50.0,931.0,796.0,135.0,0.32,100720.0,23.8,2.98,0.74,37.4,0.154,0,1,0,1.0,37.73162335261865,71.2902479719395,0.0324432835320757,34.36892186301333,0.33126874406995843,86677.624,1.8745234359589746,791.35,0.003473603133856179,4.042178189043196e-05,1.0,0.0,0.0,1.1286599507227708,lhs_candidate_000008_june2024_preflight,pa1_candidate_000008
2024-06-03T14:00,35.5,54.0,757.0,594.0,163.0,0.8,100580.0,24.7,2.68,0.61,37.3,0.153,0,1,0,1.0,37.386004453183446,68.37302533453652,0.03057174007993478,34.82592411669694,0.3246380815727973,72350.7312,2.0266403198825103,643.4499999999999,0.003881198663893118,3.3198846918799925e-05,1.0,0.0,0.0,1.1283455469241197,lhs_candidate_000008_june2024_preflight,pa1_candidate_000008
2024-06-03T15:00,34.7,56.0,570.0,403.0,167.0,1.08,100620.0,24.5,2.44,0.46,36.6,0.154,0,1,0,1.0,36.351696849233555,66.47656013468387,0.028187904443892853,35.15956190584043,0.3193693961935439,56035.4608,2.030381124357616,484.5,0.00406132835366531,2.5330804910598893e-05,1.0,0.0,0.0,1.132566541309338,lhs_candidate_000008_june2024_preflight,pa1_candidate_000008
2024-06-03T16:00,33.0,64.0,347.0,220.0,127.0,1.06,100620.0,25.4,1.78,0.28,35.4,0.158,0,1,0,1.0,34.57822531185175,69.28504869692604,0.026798104214058753,35.34622941380662,0.3156724393617314,35004.1648,1.6871489028945343,294.95,0.004010146339139784,1.5718509601513353e-05,1.0,0.0,0.0,1.1390936465924741,lhs_candidate_000008_june2024_preflight,pa1_candidate_000008
2024-06-03T17:00,32.6,66.0,150.0,87.0,63.0,0.82,100610.0,25.4,1.66,0.13,34.2,0.158,0,1,0,1.0,33.30540985068793,70.17299636902527,0.025388862420199634,35.38047170656731,0.3136030539336817,15416.491199999999,1.526236536177581,127.5,0.003273689207280978,7.320879174759151e-06,1.0,0.0,0.0,1.1437110193756743,lhs_candidate_000008_june2024_preflight,pa1_candidate_000008
2024-06-03T18:00,32.1,70.0,65.0,43.0,22.0,1.04,100630.0,25.8,1.45,0.06,33.3,0.158,1,0,0,1.0,32.54338931392983,73.68984608222877,0.025608766251642937,35.31965618794445,0.3126180987952993,6494.0127999999995,1.2899181330479554,55.25,0.0020180348158538703,3.5873544066992136e-06,1.0,0.0,0.0,1.1467899395962518,lhs_candidate_000008_june2024_preflight,pa1_candidate_000008
2024-06-03T19:00,31.4,75.0,0.0,0.0,0.0,1.04,100720.0,26.5,1.13,0.03,32.4,0.158,0,0,0,1.0,31.769495161805047,74.98172807796355,0.025007297828037203,35.20494254589321,0.3230774854778364,0.0,1.1741552576806802,0.0,0.001974457773754589,7.751873936082845e-07,1.0,0.0,0.0,1.1507287768123446,lhs_candidate_000008_june2024_preflight,pa1_candidate_000008
2024-06-03T20:00,31.1,79.0,0.0,0.0,0.0,1.12,100810.0,26.9,0.96,0.01,31.9,0.157,0,0,0,1.0,31.270538060749807,78.93609308686818,0.02563357867644053,35.06060866108249,0.3229505900482507,0.0,0.960988511799453,0.0,0.0019761558315202843,6.344528756962017e-07,1.0,0.0,0.0,1.1536448038574334,lhs_candidate_000008_june2024_preflight,pa1_candidate_000008
2024-06-03T21:00,30.7,82.0,0.0,0.0,0.0,1.0,100890.0,27.3,0.8,0.0,31.4,0.157,0,0,0,1.0,30.899470451882916,81.8852558283754,0.026067552151544673,34.910910892276526,0.3228457074358624,0.0,0.8091754585886504,0.0,0.0018071761884298901,5.342245930526785e-07,1.0,0.0,0.0,1.1559693509414912,lhs_candidate_000008_june2024_preflight,pa1_candidate_000008
2024-06-03T22:00,30.2,86.0,0.0,0.0,0.0,1.1,100900.0,27.6,0.61,0.0,30.9,0.157,0,0,0,1.0,30.452131878433057,85.32621096856434,0.026517299088837033,34.755759080408275,0.32275943103765786,0.0,0.6389481536032768,0.0,0.001994603015920392,4.218390631073183e-07,1.0,0.0,0.0,1.1577873448184588,lhs_candidate_000008_june2024_preflight,pa1_candidate_000008
2024-06-03T23:00,29.5,91.0,0.0,0.0,0.0,1.32,100890.0,27.9,0.36,0.0,30.2,0.157,0,0,0,1.0,29.84757581252096,89.55977053503842,0.026939077949850065,34.59247913464674,0.3226950969255509,0.0,0.4391275230399989,0.0,0.0023860881842809236,2.899157652450887e-07,1.0,0.0,0.0,1.159982445634613,lhs_candidate_000008_june2024_preflight,pa1_candidate_000008
2024-06-04T00:00,29.3,90.0,0.0,0.0,0.0,1.4,100870.0,27.5,0.4,0.0,29.7,0.157,0,0,0,1.0,29.465904715383534,89.79776948490272,0.026457618538066288,34.42082901286011,0.3226456074064996,0.0,0.41980130896871737,0.0,0.002421449621217485,2.771564325961633e-07,1.0,0.0,0.0,1.1612152212227358,lhs_candidate_000008_june2024_preflight,pa1_candidate_000008
2024-06-04T01:00,29.1,90.0,0.0,0.0,0.0,1.43,100790.0,27.2,0.42,0.0,29.2,0.157,0,0,0,1.0,29.247582580278877,89.77024657859343,0.02613763834505419,34.247770893829056,0.3225958519557747,0.0,0.41567041245095737,0.0,0.002460936245704839,2.7442917920789057e-07,1.0,0.0,0.0,1.1611319596289396,lhs_candidate_000008_june2024_preflight,pa1_candidate_000008
2024-06-04T02:00,28.5,88.0,0.0,0.0,0.0,1.33,100750.0,26.4,0.45,0.0,28.7,0.157,0,0,0,1.0,28.804734230812418,87.55579829458844,0.024885310204140147,34.072600209470245,0.3225418559402268,0.0,0.4928772095764402,0.0,0.0023804929539326804,3.25401770303525e-07,1.0,0.0,0.0,1.1623733934724585,lhs_candidate_000008_june2024_preflight,pa1_candidate_000008
2024-06-04T03:00,28.1,91.0,0.0,0.0,0.0,1.41,100730.0,26.4,0.36,0.0,28.4,0.157,0,0,0,1.0,28.34748628511227,90.04951491123522,0.024962335717587783,33.8906915337486,0.32248898499908635,0.0,0.3837986972336713,0.0,0.0024780013265180436,2.5338719886713343e-07,1.0,0.0,0.0,1.163905142805487,lhs_candidate_000008_june2024_preflight,pa1_candidate_000008
2024-06-04T04:00,27.8,92.0,0.0,0.0,0.0,1.4,100720.0,26.3,0.31,0.0,28.1,0.157,0,0,0,1.0,28.00748074487017,91.34251871988062,0.024853100870282228,33.70460089793866,0.32244719881698475,0.0,0.32738933037126516,0.0,0.0024425385402870713,2.1614524999613135e-07,1.0,0.0,0.0,1.1651035093862876,lhs_candidate_000008_june2024_preflight,pa1_candidate_000008
2024-06-04T05:00,27.8,91.0,0.0,0.0,0.0,1.2,100840.0,26.3,0.33,0.0,27.8,0.157,0,0,0,1.0,27.886001949736045,91.08347428047136,0.02461780454024249,33.51824157840407,0.3224084205213279,0.0,0.33480777958662955,0.0,0.0020548608802175507,2.210429739336225e-07,1.0,0.0,0.0,1.166962360166763,lhs_candidate_000008_june2024_preflight,pa1_candidate_000008
2024-06-04T06:00,27.8,92.0,26.0,14.0,12.0,1.41,100860.0,26.5,0.28,0.01,28.0,0.157,1,0,0,1.0,27.908722504350294,93.12800215518038,0.025201838457428752,33.343362796649444,0.32227424526451237,2710.1888,0.25837939177900404,22.099999999999998,0.002409430360524086,1.2648800424525229e-06,1.0,0.0,0.0,1.167105721702276,lhs_candidate_000008_june2024_preflight,pa1_candidate_000008
2024-06-04T07:00,30.5,76.0,199.0,144.0,55.0,1.02,100870.0,25.8,1.04,0.14,30.5,0.157,0,0,0,1.0,29.780168759368166,91.26937224622344,0.02735331608668431,33.242594936732026,0.33224111205141166,19447.032000000003,0.3658007777061001,169.15,0.00215232685459324,8.617076112744009e-06,1.0,2.521255376211673e-07,0.0,1.1600105601193123,lhs_candidate_000008_june2024_preflight,pa1_candidate_000008
2024-06-04T08:00,32.3,63.0,427.0,348.0,79.0,0.58,100910.0,24.4,1.78,0.32,32.0,0.156,0,0,0,1.0,32.25512829776073,100.0,0.034224513970657774,33.305268635018784,0.329838885383632,40355.4096,0.0,362.95,0.0010221873258078964,1.7971703231088573e-05,1.0,2.0058095177699924e-06,0.0,1.1510662746383211,lhs_candidate_000008_june2024_preflight,pa1_candidate_000008
2024-06-04T09:00,33.6,58.0,638.0,545.0,93.0,0.5,100910.0,24.2,2.19,0.49,33.8,0.155,0,1,0,1.0,34.24414091554965,81.43550785626216,0.030952520881706396,33.531831425047166,0.3257791487418647,59415.9632,1.000996548278299,542.3,0.0028803788595117854,2.7513200626990003e-05,1.0,0.0,0.0,1.1436182298013315,lhs_candidate_000008_june2024_preflight,pa1_candidate_000008
2024-06-04T10:00,34.7,54.0,812.0,710.0,102.0,0.81,100880.0,24.1,2.54,0.64,35.3,0.153,0,1,0,1.0,35.80524289477769,75.31822409150328,0.031049035840214453,33.89089221976168,0.3201393738761976,75044.60479999999,1.450747153428317,690.1999999999999,0.0034952809385458434,3.513349368827883e-05,1.0,0.0,0.0,1.1375014341338443,lhs_candidate_000008_june2024_preflight,pa1_candidate_000008
2024-06-04T11:00,35.5,52.0,925.0,818.0,107.0,0.91,100820.0,24.1,2.77,0.73,36.5,0.152,0,1,0,1.0,36.99842506973702,72.06586182618217,0.03159017063069258,34.344900531384404,0.3133676747014214,85164.5168,1.7526651433038687,786.25,0.003803531286206507,4.008880021039389e-05,1.0,0.0,0.0,1.1324513705935526,lhs_candidate_000008_june2024_preflight,pa1_candidate_000008
2024-06-04T12:00,36.0,51.0,971.0,854.0,117.0,0.95,100750.0,24.2,2.92,0.77,37.3,0.15,0,1,0,1.0,37.81541002609541,68.79388970542162,0.031441144897525655,34.84920063861357,0.3060709697675386,89564.3408,2.0467835321228955,825.35,0.00399114859149715,4.067386873310979e-05,0.9634010479477693,0.0,0.0,1.128691930956212,lhs_candidate_000008_june2024_preflight,pa1_candidate_000008
2024-06-04T13:00,36.0,52.0,945.0,833.0,112.0,0.95,100670.0,24.4,2.87,0.75,37.7,0.148,0,1,0,1.0,38.11810333878397,66.52642787880708,0.03087664882827531,35.35719517297592,0.2989968444619233,87100.4288,2.2317438099257334,803.25,0.004123213829494522,3.793612153978899e-05,0.9197336077896501,0.0,0.0,1.12669897188321,lhs_candidate_000008_june2024_preflight,pa1_candidate_000008
2024-06-04T14:00,36.1,51.0,827.0,693.0,134.0,1.48,100590.0,24.4,2.91,0.67,37.7,0.147,0,1,0,1.0,38.07876990669393,61.26042398686164,0.028375780137998033,35.815801967139635,0.2926973389088475,77490.4416,2.57735426111976,702.9499999999999,0.004666235322419693,3.2158531137172986e-05,0.8808477710422686,0.0,0.0,1.125945891910324,lhs_candidate_000008_june2024_preflight,pa1_candidate_000008
2024-06-04T15:00,35.3,54.0,617.0,439.0,178.0,1.87,100570.0,24.4,2.65,0.51,37.2,0.146,0,1,0,1.0,37.23832437802688,59.317566009922196,0.026323269800730395,36.168665313301084,0.2876949393220837,60558.4672,2.5860714698715674,524.4499999999999,0.0051705034281658265,2.3523587930596523e-05,0.8499687612474301,0.0,0.0,1.1287701666937229,lhs_candidate_000008_june2024_preflight,pa1_candidate_000008
2024-06-04T16:00,32.7,64.0,276.0,103.0,173.0,2.19,100640.0,25.1,1.77,0.25,35.6,0.15,0,1,0,1.0,34.65677985945274,62.90237038865385,0.024429333578695468,36.33184735740016,0.28461646573800786,30374.555199999995,2.0466362211637,234.6,0.005632024456764189,1.0775613539959261e-05,0.8309658378889374,0.0,0.0,1.1390292987138553,lhs_candidate_000008_june2024_preflight,pa1_candidate_000008
2024-06-04T17:00,32.3,67.0,175.0,96.0,79.0,0.57,100660.0,25.5,1.57,0.14,34.4,0.15,0,1,0,1.0,33.12782265735381,70.16998687296746,0.02515111301200951,36.3203153396798,0.28303516293685765,18179.4096,1.5112854954074422,148.75,0.003084796679150942,6.867912216407392e-06,0.8212047094867756,0.0,0.0,1.1449428882344106,lhs_candidate_000008_june2024_preflight,pa1_candidate_000008
2024-06-04T18:00,31.9,69.0,64.0,33.0,31.0,0.41,100610.0,25.5,1.46,0.05,33.5,0.15,1,0,0,1.0,32.39558179763643,70.72029499211875,0.024384861916742568,36.232342649845805,0.28215273336320984,6722.6544,1.4236087463795215,54.4,0.0012849124015366946,2.964079598346022e-06,0.8157576133531471,0.0,0.0,1.1471166662971253,lhs_candidate_000008_june2024_preflight,pa1_candidate_000008
2024-06-04T19:00,31.3,74.0,0.0,0.0,0.0,0.94,100760.0,26.0,1.21,0.03,32.6,0.15,0,0,0,1.0,31.663477616466736,74.08446368042657,0.024568699502861488,36.08557211034356,0.29265944111714026,0.0,1.2089855202584028,0.0,0.0018254994186459597,7.028906681480624e-07,0.8806138340564214,0.0,0.0,1.151586173236745,lhs_candidate_000008_june2024_preflight,pa1_candidate_000008
2024-06-04T20:00,30.9,77.0,0.0,0.0,0.0,0.92,100750.0,26.5,1.02,0.0,32.0,0.15,0,0,0,1.0,31.127394069163312,76.98050270633236,0.024807594413017723,35.910884785725976,0.2925415757451161,0.0,1.0416963410331785,0.0,0.0017041852776997516,6.051302365955276e-07,0.8798862700315807,0.0,0.0,1.1535005752782406,lhs_candidate_000008_june2024_preflight,pa1_candidate_000008
2024-06-04T21:00,30.6,80.0,0.0,0.0,0.0,1.08,100780.0,26.9,0.86,0.0,31.5,0.15,0,0,0,1.0,30.779987477154382,79.87789596519565,0.025265862579661007,35.7310295608686,0.2924406689682452,0.0,0.8927423976139104,0.0,0.0019191676550034422,5.182345040508069e-07,0.8792633886928718,0.0,0.0,1.155162948633018,lhs_candidate_000008_june2024_preflight,pa1_candidate_000008
2024-06-04T22:00,30.4,82.0,0.0,0.0,0.0,1.06,100830.0,27.1,0.77,0.0,31.2,0.15,0,0,0,1.0,30.539897496528113,82.02177073336216,0.025611121901065816,35.54949685630546,0.2923532605411205,0.0,0.7867711513387952,0.0,0.0018622569083713053,4.564382229603303e-07,0.8787238305007438,0.0,0.0,1.1566497571690169,lhs_candidate_000008_june2024_preflight,pa1_candidate_000008
2024-06-04T23:00,30.2,84.0,0.0,0.0,0.0,1.03,100850.0,27.2,0.68,0.0,30.9,0.15,0,0,0,1.0,30.33932847050794,83.94119072919122,0.025928756846166714,35.368304782700356,0.29227596358681573,0.0,0.6947603729267162,0.0,0.0018144066300275364,4.0284013698769795e-07,0.8782466888075046,0.0,0.0,1.1576437373841926,lhs_candidate_000008_june2024_preflight,pa1_candidate_000008
2024-06-05T00:00,30.0,85.0,0.0,0.0,0.0,0.89,100830.0,27.2,0.62,0.0,30.7,0.15,0,0,0,1.0,30.142526714756617,85.08538307139511,0.026004571717847653,35.18782716798543,0.29220663809316794,0.0,0.6380287737669392,0.0,0.0015970787735254176,3.697654200268584e-07,0.8778187536615305,0.0,0.0,1.1581651879091692,lhs_candidate_000008_june2024_preflight,pa1_candidate_000008
2024-06-05T01:00,29.8,86.0,0.0,0.0,0.0,0.81,100770.0,27.2,0.59,0.0,30.5,0.149,0,0,0,1.0,29.945467269629642,86.07757764555316,0.02602914391039279,35.00806748087591,0.2921426752727098,0.0,0.5888921962327442,0.0,0.0014760887540715552,3.411351290807716e-07,0.8774239214364804,0.0,0.0,1.1582285493679974,lhs_candidate_000008_june2024_preflight,pa1_candidate_000008
2024-06-05T02:00,29.6,89.0,0.0,0.0,0.0,0.81,100750.0,27.6,0.45,0.0,30.3,0.149,0,0,0,1.0,29.749204727947973,88.57306614587164,0.02650075912094992,34.82900343530322,0.29208663852536504,0.0,0.47792108090473295,0.0,0.0014792091624267203,2.767423261818669e-07,0.877078015588673,0.0,0.0,1.1587489951258991,lhs_candidate_000008_june2024_preflight,pa1_candidate_000008
2024-06-05T03:00,29.5,89.0,0.0,0.0,0.0,0.85,100720.0,27.5,0.46,0.0,30.2,0.149,0,0,0,1.0,29.61103076209665,89.13610997573667,0.02647026457680575,34.65120155271813,0.2920389867306863,0.0,0.45077689351133676,0.0,0.0015104324383867676,2.6093682371412815e-07,0.8767838687079401,0.0,0.0,1.1589326301689582,lhs_candidate_000008_june2024_preflight,pa1_candidate_000008
2024-06-05T04:00,29.4,89.0,0.0,0.0,0.0,0.95,100730.0,27.4,0.44,0.0,30.1,0.149,0,0,0,1.0,29.505684023727092,89.10662106110114,0.026310725534780147,34.47605896081117,0.29199212776014355,0.0,0.4492685315284892,0.0,0.0016644501645973937,2.599778973471352e-07,0.8764946158033553,0.0,0.0,1.1594511299601382,lhs_candidate_000008_june2024_preflight,pa1_candidate_000008
2024-06-05T05:00,29.2,89.0,0.0,0.0,0.0,1.02,100760.0,27.3,0.43,0.0,29.9,0.149,0,0,0,1.0,29.344338736368904,88.94839359860458,0.026034908605731644,34.30323598795271,0.29194516635470047,0.0,0.45157751989828077,0.0,0.001802248675562743,2.6122761294885614e-07,0.8762047305845708,0.0,0.0,1.1604150600162229,lhs_candidate_000008_june2024_preflight,pa1_candidate_000008
2024-06-05T06:00,29.2,89.0,25.0,13.0,12.0,1.17,100760.0,27.2,0.43,0.02,29.9,0.149,1,0,0,1.0,29.308389786422467,90.25271126592605,0.026365122669088442,34.13901663491263,0.29181799512943835,2622.1888,0.39745751327311307,21.25,0.0020192159738661036,1.1508375493325013e-06,0.8754197230212244,0.0,0.0,1.1605529821381355,lhs_candidate_000008_june2024_preflight,pa1_candidate_000008
2024-06-05T07:00,30.2,83.0,185.0,123.0,62.0,0.98,100870.0,26.9,0.74,0.13,30.9,0.149,0,0,0,1.0,30.157144380558353,95.68371539545569,0.029266822063980326,34.03456196918142,0.301889562147133,18461.308800000003,0.18479999507724543,157.25,0.0016674063947758585,7.414781193675228e-06,0.9375898897971171,7.320455194086586e-07,0.0,1.1585688014611664,lhs_candidate_000008_june2024_preflight,pa1_candidate_000008
2024-06-05T08:00,32.0,69.0,414.0,327.0,87.0,0.64,100910.0,25.6,1.47,0.31,32.3,0.148,0,0,0,1.0,32.07959300213611,100.0,0.03390661390059163,34.06561409128717,0.29976947249394575,39492.8688,0.0,351.9,0.0011540839558846243,1.6109052249016692e-05,0.9245029166292947,5.991812187384168e-07,0.0,1.151728244393006,lhs_candidate_000008_june2024_preflight,pa1_candidate_000008
2024-06-05T09:00,33.4,62.0,624.0,526.0,98.0,0.64,100870.0,25.0,1.96,0.48,34.0,0.147,0,1,0,1.0,34.11699261351981,80.644705204804,0.03044859529997234,34.25740406492466,0.29614483801895947,58359.875199999995,1.0362840378781364,530.4,0.00307498687785868,2.4309896146031185e-05,0.9021286297466634,0.0,0.0,1.1436379539197228,lhs_candidate_000008_june2024_preflight,pa1_candidate_000008
2024-06-05T10:00,34.5,57.0,795.0,683.0,112.0,0.63,100840.0,24.7,2.37,0.62,35.5,0.146,0,1,0,1.0,35.80436271271373,74.43714645666437,0.03068442556351073,34.58454118824526,0.29124315772203213,73900.4288,1.5024625325791234,675.75,0.003434414249766646,3.003782973371637e-05,0.8718713439631613,0.0,0.0,1.137053641987539,lhs_candidate_000008_june2024_preflight,pa1_candidate_000008
2024-06-05T11:00,35.4,54.0,905.0,782.0,123.0,1.03,100800.0,24.7,2.63,0.72,36.7,0.145,0,1,0,1.0,37.16030208846041,67.84605151342247,0.029987988500687776,35.00953822469992,0.2855624165462651,83967.43519999999,2.0352837679622784,769.25,0.004052127575874995,3.2998253229727136e-05,0.8368050404090437,0.0,0.0,1.1316360830481733,lhs_candidate_000008_june2024_preflight,pa1_candidate_000008
2024-06-05T12:00,35.5,54.0,831.0,696.0,135.0,1.62,100740.0,24.8,2.64,0.67,37.2,0.143,0,1,0,1.0,37.58830312817274,61.999106634731255,0.02800956640480951,35.453867330274875,0.27995161830447524,77877.624,2.461961493383108,706.35,0.004883902226771093,2.936006839114662e-05,0.8021704833609583,0.0,0.0,1.1294047384361157,lhs_candidate_000008_june2024_preflight,pa1_candidate_000008
2024-06-05T13:00,35.1,56.0,805.0,547.0,258.0,1.48,100700.0,24.9,2.5,0.65,37.3,0.142,0,1,0,1.0,37.366835623173785,62.640351186568566,0.027981059706701027,35.86042133951456,0.27485039649453114,79917.0592,2.39149576740156,684.25,0.004769408929455579,2.732833830405403e-05,0.7706814598427848,0.0,0.0,1.1297614917302925,lhs_candidate_000008_june2024_preflight,pa1_candidate_000008
2024-06-05T14:00,35.2,54.0,550.0,255.0,295.0,1.24,100620.0,24.6,2.59,0.46,37.1,0.141,0,1,0,1.0,36.90892039643645,59.66394203916874,0.026034049917447875,36.17498840353766,0.27073940140106084,58778.808000000005,2.518483891319638,467.5,0.004270599433050436,1.8491976128234242e-05,0.7453049469201287,0.0,0.0,1.1305311451182374,lhs_candidate_000008_june2024_preflight,pa1_candidate_000008
2024-06-05T15:00,34.0,59.0,452.0,267.0,185.0,1.0,100640.0,24.9,2.16,0.37,36.5,0.144,0,1,0,1.0,35.82914216755758,62.5515493894011,0.02581801029289854,36.37378329300991,0.2677370540030854,46284.744000000006,2.2040397381716548,384.2,0.0040540922417534354,1.4883589167893427e-05,0.7267719382906506,0.0,0.0,1.1347074697118347,lhs_candidate_000008_june2024_preflight,pa1_candidate_000008
2024-06-05T16:00,31.1,80.0,284.0,151.0,133.0,1.0,100700.0,27.2,0.92,0.22,35.0,0.157,0,1,0,1.0,33.26352819904074,77.01886107299768,0.027804274356196246,36.45613590591797,0.2655823901355638,29671.259199999997,1.1731827324167963,241.4,0.004205800757145318,9.080796081963626e-06,0.71347154404669,0.0,0.0,1.1448905845734296,lhs_candidate_000008_june2024_preflight,pa1_candidate_000008
2024-06-05T17:00,30.7,80.0,153.0,74.0,79.0,1.63,100770.0,26.9,0.87,0.13,33.6,0.172,0,1,0,1.0,31.60467462900762,79.8677332022102,0.026403599124143067,36.401194018849004,0.2643239243654943,16243.409599999999,0.9360661280097591,130.04999999999998,0.004482523276406372,4.980506586967473e-06,0.7057032368240388,0.0,0.0,1.1519226860197407,lhs_candidate_000008_june2024_preflight,pa1_candidate_000008
2024-06-05T18:00,30.0,83.0,44.0,18.0,26.0,1.66,100810.0,26.7,0.74,0.05,32.3,0.178,1,1,0,1.0,30.605699448575812,81.69248675585436,0.025598800913841726,36.259011831051644,0.2637257498603002,4786.7424,0.804198028742583,37.4,0.0044113557608536505,1.6727678785299405e-06,0.7020108016067912,0.0,0.0,1.156169818570674,lhs_candidate_000008_june2024_preflight,pa1_candidate_000008
2024-06-05T19:00,29.7,81.0,0.0,0.0,0.0,1.51,100900.0,26.0,0.81,0.03,31.3,0.178,0,0,0,1.0,29.97273889835369,80.81346471051752,0.02447338532818952,36.06179107330064,0.274378281768269,0.0,0.8128250885614201,0.0,0.002648018459259761,4.120100528170594e-07,0.7677671714090679,0.0,0.0,1.159618402189964,lhs_candidate_000008_june2024_preflight,pa1_candidate_000008
2024-06-05T20:00,29.6,80.0,0.0,0.0,0.0,1.4,100990.0,25.8,0.83,0.01,30.9,0.178,0,0,0,1.0,29.726152115032065,80.18885736383206,0.02396229120477112,35.84921310525105,0.2743034812925496,0.0,0.827485944942723,0.0,0.002401539916219774,4.1918919280594673e-07,0.7673054400774667,0.0,0.0,1.1615976956898875,lhs_candidate_000008_june2024_preflight,pa1_candidate_000008
2024-06-05T21:00,29.5,81.0,0.0,0.0,0.0,1.17,101070.0,25.8,0.8,0.0,30.5,0.179,0,0,0,1.0,29.611620082688894,81.09103815402057,0.024081932967701343,35.63934643521259,0.2742297456605992,0.0,0.7846187715306732,0.0,0.002021076314784265,3.9723769205247837e-07,0.7668502818555507,0.0,0.0,1.162957634363221,lhs_candidate_000008_june2024_preflight,pa1_candidate_000008
2024-06-05T22:00,29.3,81.0,0.0,0.0,0.0,1.12,101060.0,25.7,0.77,0.0,30.2,0.179,0,0,0,1.0,29.450365334603063,81.135286173,0.023885185182264033,35.43282337494722,0.27415880174813256,0.0,0.7755507376461344,0.0,0.0019644465367335356,3.924224885903953e-07,0.7664123564699541,0.0,0.0,1.1634622448048098,lhs_candidate_000008_june2024_preflight,pa1_candidate_000008
2024-06-05T23:00,28.6,86.0,0.0,0.0,0.0,1.32,101060.0,26.1,0.54,0.0,29.9,0.179,0,0,0,1.0,28.95717292359182,84.62454990926352,0.02425295115461259,35.22524809798621,0.27409444440055375,0.0,0.614368301921731,0.0,0.0023914513737395044,3.107043252769493e-07,0.7660150888923071,0.0,0.0,1.1653616063594623,lhs_candidate_000008_june2024_preflight,pa1_candidate_000008
2024-06-06T00:00,28.1,89.0,0.0,0.0,0.0,1.24,101030.0,26.1,0.42,0.0,29.5,0.178,0,0,0,1.0,28.4089831645887,87.83067514664296,0.024429363108707126,35.01002039675722,0.27404545490284193,0.0,0.4710601691616141,0.0,0.0022434804562035202,2.3813509257109468e-07,0.7657126845854441,0.0,0.0,1.167133491525582,lhs_candidate_000008_june2024_preflight,pa1_candidate_000008
2024-06-06T01:00,27.9,90.0,0.0,0.0,0.0,1.17,100930.0,26.2,0.37,0.0,29.2,0.178,0,0,0,1.0,28.090876016240305,89.42214828686446,0.024442211605582482,34.79043251847248,0.2740062316508267,0.0,0.4019559689266208,0.0,0.0020683093592846835,2.031365873522719e-07,0.7654705657458439,0.0,0.0,1.1672095175389174,lhs_candidate_000008_june2024_preflight,pa1_candidate_000008
2024-06-06T02:00,27.7,92.0,0.0,0.0,0.0,1.17,100860.0,26.3,0.3,0.0,28.8,0.178,0,0,0,1.0,27.880709086897834,91.2693708089042,0.024660874015919036,34.571585261502065,0.2739729491709052,0.0,0.32772642315055966,0.0,0.002062427018277135,1.6557873125522435e-07,0.765265118338921,0.0,0.0,1.1672143306209222,lhs_candidate_000008_june2024_preflight,pa1_candidate_000008
2024-06-06T03:00,27.5,92.0,0.0,0.0,0.0,1.12,100840.0,26.1,0.28,0.0,28.5,0.178,0,0,0,1.0,27.680755833326906,91.52163070530763,0.024458572563344685,34.35450326458245,0.27394405264392496,0.0,0.314567338096543,0.0,0.001983639476799733,1.5889326141844686e-07,0.7650867447155862,0.0,0.0,1.1677585370462062,lhs_candidate_000008_june2024_preflight,pa1_candidate_000008
2024-06-06T04:00,27.5,92.0,0.0,0.0,0.0,1.02,100860.0,26.1,0.3,0.0,28.3,0.178,0,0,0,1.0,27.600452722398906,91.81235613028824,0.02442802105634827,34.14037160866031,0.27391609687835883,0.0,0.3023598300073358,0.0,0.0017730597970102764,1.526925956328369e-07,0.7649141782614742,0.0,0.0,1.1683020072708816,lhs_candidate_000008_june2024_preflight,pa1_candidate_000008
2024-06-06T05:00,27.9,91.0,0.0,0.0,0.0,1.1,100920.0,26.2,0.35,0.0,28.2,0.178,0,0,0,1.0,27.826590447685494,91.53879802235952,0.024660204836637285,33.934402063769895,0.2738883259402558,0.0,0.31661242917589094,0.0,0.0018843670316311034,1.5985436664020296e-07,0.7647427527176285,0.0,0.0,1.1681186895584788,lhs_candidate_000008_june2024_preflight,pa1_candidate_000008
2024-06-06T06:00,28.1,91.0,21.0,8.0,13.0,1.2,100950.0,26.4,0.36,0.02,28.4,0.178,1,0,0,1.0,28.119196469406855,92.1241990740576,0.025219929902882597,33.74748741962228,0.27379923659184535,2305.3712,0.29977217198140016,17.849999999999998,0.002015102889072534,8.266781308833846e-07,0.7641928184681812,0.0,0.0,1.1673310645497867,lhs_candidate_000008_june2024_preflight,pa1_candidate_000008
2024-06-06T07:00,29.3,87.0,167.0,87.0,80.0,1.1,100970.0,26.9,0.54,0.12,30.5,0.178,0,0,0,1.0,29.182369974918107,96.55548153032737,0.028013700867799543,33.622777279438246,0.28403944498385586,17510.592,0.1394371265657135,141.95,0.0019122415764170053,5.8917810421481364e-06,0.8274039813818264,0.0,0.0,1.1634565168547715,lhs_candidate_000008_june2024_preflight,pa1_candidate_000008
2024-06-06T08:00,30.1,80.0,359.0,210.0,149.0,0.85,101030.0,26.3,0.86,0.26,30.9,0.178,0,0,0,1.0,30.566692078999857,99.1591289921688,0.031006914533244473,33.6194428593581,0.28239391984152584,36834.177599999995,0.03685493029906883,305.15,0.0017703785552088832,1.236823256383417e-05,0.8172464187748509,0.0,0.0,1.1588417696523652,lhs_candidate_000008_june2024_preflight,pa1_candidate_000008
2024-06-06T09:00,32.0,65.0,551.0,405.0,146.0,0.92,101010.0,24.6,1.66,0.42,32.3,0.176,0,1,0,1.0,32.556955154547076,81.36848459665495,0.02829759537931377,33.75230173584576,0.2795861525737392,53624.6304,0.9141522012640575,468.34999999999997,0.0033092068091312103,1.9033312777953564e-05,0.7999145220601185,0.0,0.0,1.1510693777677432,lhs_candidate_000008_june2024_preflight,pa1_candidate_000008
2024-06-06T10:00,33.6,56.0,779.0,643.0,136.0,0.61,100980.0,23.6,2.28,0.6,34.2,0.174,0,1,0,1.0,34.79627803157932,72.49226909586174,0.028359249907605095,34.04041339023708,0.2755035211135087,73336.8064,1.5293415144622067,662.15,0.0033559291386793507,2.6182566675828455e-05,0.7747130932932634,0.0,0.0,1.1423596527566366,lhs_candidate_000008_june2024_preflight,pa1_candidate_000008
2024-06-06T11:00,34.5,53.0,914.0,794.0,120.0,0.92,100920.0,23.5,2.57,0.71,35.6,0.172,0,1,0,1.0,36.455122411826814,65.21524506925377,0.027800684387008456,34.46028560283823,0.2704691139889459,84653.888,2.1187277144953525,776.9,0.004027645275760038,2.964693330678317e-05,0.7436365061046044,0.0,0.0,1.1355638359040898,lhs_candidate_000008_june2024_preflight,pa1_candidate_000008
2024-06-06T12:00,35.0,52.0,952.0,811.0,141.0,1.48,100830.0,23.6,2.7,0.76,36.5,0.169,0,1,0,1.0,37.371614985543964,59.94237239074377,0.02678242943172506,34.94189299639775,0.26512628569622754,88736.7184,2.5648667545041866,809.1999999999999,0.004805586073911089,2.9677997799256983e-05,0.7106560845446145,0.0,0.0,1.131202561246487,lhs_candidate_000008_june2024_preflight,pa1_candidate_000008
2024-06-06T13:00,35.1,52.0,862.0,700.0,162.0,1.32,100730.0,23.7,2.72,0.69,36.8,0.167,0,1,0,1.0,37.58495304370983,58.10766316212921,0.02624702823378454,35.409411960612076,0.2601300207033731,81555.54879999999,2.7135831130874157,732.6999999999999,0.00465799123187668,2.588167230556064e-05,0.6798149426134142,0.0,0.0,1.1293048026715142,lhs_candidate_000008_june2024_preflight,pa1_candidate_000008
2024-06-06T14:00,34.5,55.0,726.0,441.0,285.0,1.0,100690.0,24.1,2.48,0.58,36.6,0.165,0,1,0,1.0,37.01165155480005,59.39590241872042,0.02605392823827522,35.801555987776915,0.25590927990579604,73914.984,2.549449397033549,617.1,0.004336941249965663,2.1076778761454008e-05,0.653760987072815,0.0,0.0,1.1309429277482543,lhs_candidate_000008_june2024_preflight,pa1_candidate_000008
2024-06-06T15:00,34.3,56.0,551.0,389.0,162.0,0.8,100680.0,24.3,2.38,0.44,36.2,0.164,0,1,0,1.0,36.28229626175397,60.09548465576745,0.025391222542343352,36.085698712311185,0.25260745626379516,54187.5488,2.407693253978789,468.34999999999997,0.003929411745396166,1.5695287451155328e-05,0.6333793596530566,0.0,0.0,1.1334960616119234,lhs_candidate_000008_june2024_preflight,pa1_candidate_000008
2024-06-06T16:00,31.5,70.0,320.0,143.0,177.0,0.45,100690.0,25.4,1.38,0.25,34.9,0.172,0,1,0,1.0,33.87627464788564,68.01542644726285,0.025358189402225933,36.22531568328619,0.25038413737588294,34387.2848,1.6896573001662523,272.0,0.0038802171095333217,9.03691566538449e-06,0.6196551689869317,0.0,0.0,1.1424922075053914,lhs_candidate_000008_june2024_preflight,pa1_candidate_000008
2024-06-06T17:00,30.4,76.0,152.0,65.0,87.0,0.71,100710.0,25.8,1.03,0.12,33.3,0.174,0,1,0,1.0,31.68267137754743,74.89549394863225,0.024863116250495414,36.19617614129761,0.24918122539254453,16436.8688,1.1724241870241712,129.2,0.0035037765827406206,4.390584984867213e-06,0.6122297863737317,0.0,0.0,1.1509422496345838,lhs_candidate_000008_june2024_preflight,pa1_candidate_000008
2024-06-06T18:00,30.1,76.0,32.0,8.0,24.0,0.64,100820.0,25.4,1.03,0.04,32.3,0.174,1,1,0,1.0,30.60050616705054,75.72695680886187,0.023722838504319887,36.05619540022337,0.2486761528285561,3660.3776,1.065930998663394,27.2,0.0029195922794414486,1.2490222412799587e-06,0.6091120544972599,0.0,0.0,1.156304275800924,lhs_candidate_000008_june2024_preflight,pa1_candidate_000008
2024-06-06T19:00,29.7,76.0,0.0,0.0,0.0,0.73,100910.0,25.1,0.99,0.02,31.4,0.173,0,0,0,1.0,30.001284197267804,76.40454108391556,0.023173932310478536,35.86320415399133,0.25936587931981797,0.0,1.0012444199887227,0.0,0.001486618376442672,4.4626016080814484e-07,0.6750980204927035,0.0,0.0,1.1596241269965575,lhs_candidate_000008_june2024_preflight,pa1_candidate_000008
2024-06-06T20:00,29.4,78.0,0.0,0.0,0.0,0.7,100970.0,25.1,0.91,0.0,30.9,0.173,0,0,0,1.0,29.61302832878585,77.97754328935851,0.023159074125819936,35.6560079229577,0.2592885901355051,0.0,0.9138858545024786,0.0,0.0013707190432133134,4.070361092759011e-07,0.6746209267623772,0.0,0.0,1.1618015847082968,lhs_candidate_000008_june2024_preflight,pa1_candidate_000008
2024-06-06T21:00,28.8,86.0,0.0,0.0,0.0,0.85,101020.0,26.2,0.56,0.0,30.5,0.173,0,0,0,1.0,29.131641593273798,84.26767486228209,0.024381239459775612,35.445268698551914,0.25922541765722784,0.0,0.6349962488342151,0.0,0.0016774577883095633,2.8265783849253903e-07,0.6742309731927645,0.0,0.0,1.164228002502796,lhs_candidate_000008_june2024_preflight,pa1_candidate_000008
2024-06-06T22:00,28.9,85.0,0.0,0.0,0.0,0.89,101050.0,26.1,0.6,0.0,29.9,0.173,0,0,0,1.0,28.967585354499167,85.3628413795862,0.024478427515726375,35.231488319513986,0.2591782598213689,0.0,0.5852199766920987,0.0,0.0015398581022872371,2.603883023295325e-07,0.6739398754405487,0.0,0.0,1.1652061325112897,lhs_candidate_000008_june2024_preflight,pa1_candidate_000008
2024-06-06T23:00,28.6,87.0,0.0,0.0,0.0,0.72,101010.0,26.3,0.49,0.0,29.5,0.173,0,0,0,1.0,28.799997533240862,86.54808114987591,0.024592537746852203,35.021914958723656,0.2591329364667949,0.0,0.5326438016625996,0.0,0.0013885101383255783,2.3689662762730488e-07,0.6736601016468822,0.0,0.0,1.1653913479839564,lhs_candidate_000008_june2024_preflight,pa1_candidate_000008
2024-06-07T00:00,28.4,88.0,0.0,0.0,0.0,0.63,100950.0,26.2,0.48,0.0,29.2,0.173,0,0,0,1.0,28.576964791243853,87.75416517500628,0.0246333707615584,34.81334504723213,0.2590926383342883,0.0,0.47866352104637455,0.0,0.001238535935503931,2.1280995305395965e-07,0.6734113477425204,0.0,0.0,1.1655600356236284,lhs_candidate_000008_june2024_preflight,pa1_candidate_000008
2024-06-07T01:00,28.4,87.0,0.0,0.0,0.0,0.67,100840.0,26.0,0.51,0.0,28.9,0.173,0,0,0,1.0,28.492611904344805,87.41277454585901,0.024424628712497384,34.607223407959,0.2590543381170571,0.0,0.4896068376745495,0.0,0.001214573038960884,2.1759884226454445e-07,0.6731749266485005,0.0,0.0,1.1646155730869743,lhs_candidate_000008_june2024_preflight,pa1_candidate_000008
2024-06-07T02:00,28.6,85.0,0.0,0.0,0.0,0.67,100780.0,25.8,0.59,0.0,28.6,0.173,0,0,0,1.0,28.59698111337241,86.00966956741973,0.024170102788715567,34.40777565850315,0.2590131225840893,0.0,0.5474870226963704,0.0,0.0011219006460027926,2.432309124043311e-07,0.6729205097783292,0.0,0.0,1.1635200432384603,lhs_candidate_000008_june2024_preflight,pa1_candidate_000008
2024-06-07T03:00,28.5,84.0,0.0,0.0,0.0,0.76,100740.0,25.6,0.61,0.0,28.5,0.173,0,0,0,1.0,28.602851178344324,84.53047581731003,0.02376204704694763,34.21677112455689,0.25896681309476244,0.0,0.6055786858761345,0.0,0.0013633087648513066,2.689248842783925e-07,0.6726346487331015,0.0,0.0,1.1630356120782286,lhs_candidate_000008_june2024_preflight,pa1_candidate_000008
2024-06-07T04:00,28.6,84.0,0.0,0.0,0.0,0.95,100710.0,25.6,0.63,0.0,28.3,0.173,0,0,0,1.0,28.630152625878512,84.40307917708984,0.023761656610374726,34.031393095357444,0.25891802786803486,0.0,0.6115326812327138,0.0,0.0016089361185543298,2.7144734626973353e-07,0.6723335053582399,0.0,0.0,1.1625840781926502,lhs_candidate_000008_june2024_preflight,pa1_candidate_000008
2024-06-07T05:00,28.1,88.0,0.0,0.0,0.0,1.0,100740.0,25.9,0.46,0.0,28.1,0.173,0,0,0,1.0,28.363981845192612,86.96320674620475,0.024128572938403692,33.85007376337562,0.2588726588132327,0.0,0.5033221355097313,0.0,0.0018509138406898828,2.2332174845264414e-07,0.6720534494643993,0.0,0.0,1.1639570072964163,lhs_candidate_000008_june2024_preflight,pa1_candidate_000008
2024-06-07T06:00,28.4,87.0,24.0,8.0,16.0,1.14,100800.0,25.9,0.52,0.02,28.2,0.173,1,0,0,1.0,28.41658420492191,88.35046866780287,0.024584164119932226,33.675428828537164,0.25877441877665486,2674.9184,0.451138576535671,20.4,0.00191386928182188,8.782290240131161e-07,0.6714470294855238,0.0,0.0,1.1644471011624418,lhs_candidate_000008_june2024_preflight,pa1_candidate_000008
2024-06-07T07:00,29.5,80.0,180.0,115.0,65.0,1.02,100850.0,25.7,0.82,0.13,30.1,0.172,0,0,0,1.0,29.46521470321107,90.12159229312863,0.026552033706297752,33.56431589160381,0.2690204027487234,18126.855999999996,0.4064604987967746,153.0,0.001727439962335779,5.763116565484066e-06,0.7346938441279223,0.0,0.0,1.1609876285017127,lhs_candidate_000008_june2024_preflight,pa1_candidate_000008
2024-06-07T08:00,31.0,69.0,375.0,279.0,96.0,0.8,100890.0,24.7,1.39,0.28,31.2,0.172,0,0,0,1.0,31.286608027408317,89.78221977808427,0.029180822646592757,33.58127653610501,0.2674503098912986,36377.5104,0.4665866722016583,318.75,0.0015717466465780259,1.1666119075549422e-05,0.7250019129092505,0.0,0.0,1.1544993596194724,lhs_candidate_000008_june2024_preflight,pa1_candidate_000008
2024-06-07T09:00,32.5,62.0,610.0,488.0,122.0,0.51,100860.0,24.2,1.88,0.46,33.0,0.17,0,1,0,1.0,33.39392253466474,75.65611505408789,0.02750061876833377,33.755061965383064,0.2647046586606715,57972.252799999995,1.251851262440395,518.5,0.003077363635152405,1.8763660467796292e-05,0.7080534485226636,0.0,0.0,1.1462219009201577,lhs_candidate_000008_june2024_preflight,pa1_candidate_000008
2024-06-07T10:00,33.6,57.0,740.0,586.0,154.0,0.2,100820.0,23.9,2.23,0.57,34.4,0.168,0,1,0,1.0,35.15016636363921,69.237154738479,0.027589242747773697,34.06395380073355,0.26101791186537776,70538.08959999999,1.7441046232933384,629.0,0.0033323433434295706,2.2132869005596853e-05,0.6852957522554183,0.0,0.0,1.1392404136538252,lhs_candidate_000008_june2024_preflight,pa1_candidate_000008
2024-06-07T11:00,34.4,54.0,878.0,697.0,181.0,0.22,100750.0,23.9,2.48,0.68,35.7,0.166,0,1,0,1.0,36.52024524629395,64.5576028707331,0.027612686530211518,34.4685142601723,0.25674257804634454,83632.0144,2.1664842574359704,746.3,0.0036530101422478766,2.529130781925245e-05,0.6589048027552132,0.0,0.0,1.1334125718917267,lhs_candidate_000008_june2024_preflight,pa1_candidate_000008
2024-06-07T12:00,34.9,53.0,933.0,750.0,183.0,0.61,100690.0,24.0,2.61,0.73,36.5,0.164,0,1,0,1.0,37.445828106683315,60.78108155473088,0.027260321569230604,34.937584401413105,0.25214016171447723,88542.3792,2.5213055917338583,793.05,0.004037023243480963,2.5808025536761878e-05,0.6304948253980076,0.0,0.0,1.129362002132673,lhs_candidate_000008_june2024_preflight,pa1_candidate_000008
2024-06-07T13:00,35.0,54.0,892.0,651.0,241.0,1.12,100590.0,24.2,2.61,0.71,36.8,0.162,0,1,0,1.0,37.73466632469389,58.46097895379981,0.026608972671236665,35.41082434742483,0.24768404267778665,86974.95839999999,2.7126220556075626,758.1999999999999,0.004536810437376387,2.3717720645443747e-05,0.6029879177641152,0.0,0.0,1.1271921483408034,lhs_candidate_000008_june2024_preflight,pa1_candidate_000008
2024-06-07T14:00,34.5,55.0,742.0,464.0,278.0,1.02,100470.0,24.3,2.43,0.59,36.6,0.16,0,1,0,1.0,37.19496091596589,57.72884761839558,0.025561476454828678,35.81866812600358,0.24383477332498082,75076.7072,2.6807328626372593,630.6999999999999,0.00442710199807183,1.9114120138870545e-05,0.579226995833215,0.0,0.0,1.127805356500926,lhs_candidate_000008_june2024_preflight,pa1_candidate_000008
2024-06-07T15:00,33.9,58.0,466.0,159.0,307.0,1.22,100510.0,24.5,2.22,0.38,35.9,0.159,0,1,0,1.0,35.98175579189065,58.72242619367321,0.02442942750684788,36.084799881363196,0.24104897955735435,51808.99679999999,2.449846013693422,396.09999999999997,0.004398603035153061,1.1932225196219193e-05,0.5620307380083602,0.0,0.0,1.1326822666040437,lhs_candidate_000008_june2024_preflight,pa1_candidate_000008
2024-06-07T16:00,32.3,64.0,335.0,146.0,189.0,0.98,100520.0,24.7,1.72,0.27,35.0,0.161,0,1,0,1.0,34.22732561117147,63.361747564226874,0.02406175027320952,36.20403065234763,0.239214095809169,36129.473600000005,1.9736873236350028,284.75,0.004081149469730916,8.48229182854584e-06,0.5507042951183272,0.0,0.0,1.1392606603943547,lhs_candidate_000008_june2024_preflight,pa1_candidate_000008
2024-06-07T17:00,32.0,66.0,200.0,110.0,90.0,1.63,100570.0,24.7,1.63,0.18,34.0,0.16,0,1,0,1.0,33.03650406029736,65.77901052686407,0.023463860156563297,36.213412881798746,0.23798722783730175,20766.415999999997,1.7248941029637996,170.0,0.0045312329053880385,5.190404321081936e-06,0.5431310360327268,0.0,0.0,1.1442603641961138,lhs_candidate_000008_june2024_preflight,pa1_candidate_000008
2024-06-07T18:00,31.5,68.0,52.0,16.0,36.0,1.51,100570.0,24.8,1.48,0.07,33.0,0.16,1,1,0,1.0,32.10602149195036,67.1953781101964,0.022815730053470783,36.127604273993995,0.2373646825794446,5842.5664,1.5691553761163095,44.199999999999996,0.00418234673114629,1.7389677764250435e-06,0.5392881640706457,0.0,0.0,1.1477483030001743,lhs_candidate_000008_june2024_preflight,pa1_candidate_000008
2024-06-07T19:00,30.9,73.0,0.0,0.0,0.0,1.41,100660.0,25.5,1.2,0.04,32.2,0.16,0,0,0,1.0,31.27675070123589,72.05472056003393,0.023406715863030298,35.97207794281324,0.24799613419153907,0.0,1.2753841613646033,0.0,0.0025385577738901476,5.093497798477947e-07,0.6049144085897473,0.0,0.0,1.1519047326415972,lhs_candidate_000008_june2024_preflight,pa1_candidate_000008
2024-06-07T20:00,30.4,77.0,0.0,0.0,0.0,1.22,100740.0,25.9,0.99,0.01,31.5,0.159,0,0,0,1.0,30.67984017833666,76.22975732651989,0.023982478341384995,35.79065553311802,0.2479129233975185,0.0,1.0485889329949654,0.0,0.0021955741913715246,4.1841904804699937e-07,0.6044007617130771,0.0,0.0,1.1550850691971608,lhs_candidate_000008_june2024_preflight,pa1_candidate_000008
2024-06-07T21:00,29.8,82.0,0.0,0.0,0.0,1.12,100750.0,26.4,0.74,0.0,30.7,0.159,0,0,0,1.0,30.121187126441765,80.82230338084555,0.024673200046145746,35.601069162125526,0.24784579363088838,0.0,0.8193954673475039,0.0,0.002066123390012885,3.2673967833075395e-07,0.6039863804375826,0.0,0.0,1.1573277119682628,lhs_candidate_000008_june2024_preflight,pa1_candidate_000008
2024-06-07T22:00,30.3,75.0,0.0,0.0,0.0,1.12,100770.0,25.3,1.09,0.01,30.1,0.159,0,0,0,1.0,30.185866097639533,76.79374913854384,0.02352538984268622,35.40932833599892,0.24778301445947556,0.0,0.9952023894389499,0.0,0.0019419315799404512,3.9658929878156035e-07,0.6035988546881208,0.0,0.0,1.157310633562598,lhs_candidate_000008_june2024_preflight,pa1_candidate_000008
2024-06-07T23:00,30.6,71.0,0.0,0.0,0.0,1.0,100740.0,24.8,1.25,0.01,29.6,0.159,0,0,0,1.0,30.50680176070118,72.6342403341528,0.022639508354844705,35.23038464252441,0.24770407197022315,0.0,1.1953300019311315,0.0,0.00173533117045735,4.7595582232154056e-07,0.6031115553717479,0.0,0.0,1.155743292861012,lhs_candidate_000008_june2024_preflight,pa1_candidate_000008
2024-06-08T00:00,30.4,73.0,0.0,0.0,0.0,1.1,100700.0,25.0,1.16,0.01,29.2,0.159,0,0,0,1.0,30.50467939931133,73.22215061071053,0.022820147104618754,35.061699500510656,0.24761821271985274,0.0,1.1695083779261637,0.0,0.0019037703804074368,4.65264962964688e-07,0.602581559999091,0.0,0.0,1.1552924661493045,lhs_candidate_000008_june2024_preflight,pa1_candidate_000008
2024-06-08T01:00,30.1,75.0,0.0,0.0,0.0,1.2,100630.0,25.3,1.05,0.01,28.9,0.159,0,0,0,1.0,30.267633357518815,74.90337117506651,0.023047756339898706,34.89468903839466,0.24753754987894164,0.0,1.0813223984010047,0.0,0.00210165345011817,4.2982651319643587e-07,0.6020836412280348,0.0,0.0,1.1553913317002935,lhs_candidate_000008_june2024_preflight,pa1_candidate_000008
2024-06-08T02:00,28.4,86.0,0.0,0.0,0.0,1.22,100590.0,25.8,0.54,0.0,28.5,0.159,0,0,0,1.0,29.142214277425836,82.67687155129846,0.023934738685232427,34.71793845656852,0.24747225273429319,0.0,0.6996319728323166,0.0,0.002437007067390668,2.779180868229877e-07,0.6016805724339086,0.0,0.0,1.1592318239435193,lhs_candidate_000008_june2024_preflight,pa1_candidate_000008
2024-06-08T03:00,28.3,86.0,0.0,0.0,0.0,1.02,100570.0,25.7,0.54,0.0,28.2,0.159,0,0,0,1.0,28.486999847285002,85.61554980998675,0.023915111225045145,34.5196427309593,0.24742918213085874,0.0,0.5593315790550388,0.0,0.0018308992893711863,2.220877254851261e-07,0.6014147045114737,0.0,0.0,1.1615189145408291,lhs_candidate_000008_june2024_preflight,pa1_candidate_000008
2024-06-08T04:00,28.6,84.0,0.0,0.0,0.0,1.1,100580.0,25.7,0.61,0.0,28.1,0.159,0,0,0,1.0,28.566427108696264,84.69754273221652,0.023761659034762905,34.32193400814375,0.24738844704327448,0.0,0.5977750522118424,0.0,0.001858534731408212,2.3725282177875119e-07,0.6011632533535461,0.0,0.0,1.161328606274812,lhs_candidate_000008_june2024_preflight,pa1_candidate_000008
2024-06-08T05:00,28.7,84.0,0.0,0.0,0.0,1.0,100640.0,25.7,0.64,0.0,27.9,0.159,0,0,0,1.0,28.717084617543,84.35639982930864,0.02386154258896928,34.134439800607126,0.2473447853842066,0.0,0.616459646520449,0.0,0.0016819303970300812,2.4455891820480437e-07,0.6008937369395468,0.0,0.0,1.161441437203675,lhs_candidate_000008_june2024_preflight,pa1_candidate_000008
2024-06-08T06:00,28.5,86.0,22.0,7.0,15.0,1.22,100730.0,25.9,0.55,0.02,28.1,0.159,1,0,0,1.0,28.68612724898838,86.1865068538359,0.024338039954232497,33.9599703414465,0.24725294254364658,2463.736,0.5433663786531024,18.7,0.0021444452353220045,7.712264655230228e-07,0.6003268058249789,0.0,0.0,1.1625993151598293,lhs_candidate_000008_june2024_preflight,pa1_candidate_000008
2024-06-08T07:00,29.9,77.0,134.0,48.0,86.0,1.08,100720.0,25.5,0.97,0.11,30.1,0.159,0,0,0,1.0,29.691451882235132,84.42077329537355,0.025179501480001865,33.833165821892734,0.25766674501605613,14817.686399999999,0.6494275727181127,113.89999999999999,0.0019373969578371474,4.033242520475398e-06,0.664609537136149,0.0,0.0,1.1586248695909267,lhs_candidate_000008_june2024_preflight,pa1_candidate_000008
2024-06-08T08:00,31.4,65.0,379.0,260.0,119.0,0.78,100770.0,24.2,1.59,0.28,31.7,0.158,0,0,0,1.0,31.677143305263954,84.11398899506422,0.027915151293362563,33.838885267605,0.2563289955500747,37538.705599999994,0.7416721256678303,322.15,0.0015358333831874615,1.0791161234267774e-05,0.6563518243831773,0.0,0.0,1.151648831430217,lhs_candidate_000008_june2024_preflight,pa1_candidate_000008
2024-06-08T09:00,32.6,60.0,550.0,375.0,175.0,0.58,100770.0,23.8,1.97,0.42,33.2,0.157,0,1,0,1.0,33.573642589968756,70.0793343231888,0.025715575978873636,33.99876862744864,0.253951469837824,54556.92,1.55416275953778,467.5,0.0031921837055195095,1.5512277113224088e-05,0.6416757397396544,0.0,0.0,1.1445280853194966,lhs_candidate_000008_june2024_preflight,pa1_candidate_000008
2024-06-08T10:00,33.3,58.0,668.0,405.0,263.0,0.63,100740.0,23.9,2.15,0.52,34.4,0.156,0,1,0,1.0,34.91488311140666,66.09924354652573,0.026018501996266666,34.26643225350559,0.2509038858607769,68036.97119999999,1.8971824074716008,567.8,0.003608769557288006,1.8291955572125847e-05,0.6228634929677586,0.0,0.0,1.1392058335959092,lhs_candidate_000008_june2024_preflight,pa1_candidate_000008
2024-06-08T11:00,33.8,57.0,690.0,398.0,292.0,0.81,100700.0,24.0,2.26,0.55,35.2,0.154,0,1,0,1.0,35.71271629449362,63.05591197782541,0.025869931903342493,34.58700917306543,0.24760398661900226,70993.2608,2.160486796221315,586.5,0.003907523921653447,1.8356356187154575e-05,0.6024937445617424,0.0,0.0,1.1358119478769249,lhs_candidate_000008_june2024_preflight,pa1_candidate_000008
2024-06-08T12:00,34.3,56.0,851.0,576.0,275.0,0.78,100620.0,24.2,2.39,0.67,36.1,0.153,0,1,0,1.0,36.60820087857894,62.00651036466103,0.02664173096767827,34.962882188397494,0.24399530429762503,84563.16,2.333613083222125,723.35,0.0040587674239154084,2.167567283561007e-05,0.5802179277631175,0.0,0.0,1.131628687588198,lhs_candidate_000008_june2024_preflight,pa1_candidate_000008
2024-06-08T13:00,34.5,56.0,864.0,715.0,149.0,1.14,100570.0,24.5,2.39,0.68,36.5,0.151,0,1,0,1.0,37.15534078505983,59.440775639405246,0.026266181730053732,35.39025688132296,0.24013739014002275,81274.1776,2.566628862892404,734.4,0.00452911571752471,2.1176054894584035e-05,0.5564036428396466,0.0,0.0,1.1290720287365394,lhs_candidate_000008_june2024_preflight,pa1_candidate_000008
2024-06-08T14:00,34.0,55.0,792.0,601.0,191.0,1.56,100500.0,23.8,2.38,0.63,36.4,0.15,0,1,0,1.0,36.82823346590287,56.25177350469274,0.024443790972343286,35.79265590661815,0.23654443125322602,76415.8384,2.7195415471166813,673.1999999999999,0.005054321406569167,1.876699788346309e-05,0.534224884279173,0.0,0.0,1.1294767918979411,lhs_candidate_000008_june2024_preflight,pa1_candidate_000008
2024-06-08T15:00,33.0,61.0,493.0,324.0,169.0,1.3,100460.0,24.4,1.98,0.4,35.6,0.149,0,1,0,1.0,35.39759273953153,60.02487204915729,0.02422761370779845,36.067999726744894,0.23382647269936574,49329.8256,2.2975402469869213,419.05,0.0046100505544054374,1.152168307529432e-05,0.5174473623417638,0.0,0.0,1.1342622026001317,lhs_candidate_000008_june2024_preflight,pa1_candidate_000008
2024-06-08T16:00,32.5,64.0,348.0,161.0,187.0,0.82,100460.0,24.7,1.78,0.28,34.8,0.149,0,1,0,1.0,34.14775469248303,64.29818958083642,0.024315869514262612,36.18698222112279,0.2320685479941718,37203.108799999995,1.914751380210698,295.8,0.0037937562128864373,8.060379164673057e-06,0.5065959752726654,0.0,0.0,1.1388754613515903,lhs_candidate_000008_june2024_preflight,pa1_candidate_000008
2024-06-08T17:00,31.6,68.0,169.0,42.0,127.0,0.72,100450.0,24.9,1.51,0.14,33.9,0.149,0,1,0,1.0,32.840594884794385,67.14455482446185,0.023704255320418935,36.191735020639804,0.23097660449828947,19340.1648,1.6379576054716525,143.65,0.0034866880686338425,4.0959746272771846e-06,0.4998555833227745,0.0,0.0,1.1436267678196919,lhs_candidate_000008_june2024_preflight,pa1_candidate_000008
2024-06-08T18:00,31.0,69.0,52.0,21.0,31.0,0.4,100560.0,24.8,1.37,0.04,32.8,0.152,1,1,0,1.0,31.678109242082268,68.52707649485758,0.02274345014957674,36.0901168734049,0.23046825134831303,5666.6544,1.4694606024619725,44.199999999999996,0.002826855769033146,1.569002755464302e-06,0.49671760091551254,0.0,0.0,1.1492452070204966,lhs_candidate_000008_june2024_preflight,pa1_candidate_000008
2024-06-08T19:00,30.6,73.0,0.0,0.0,0.0,0.85,100620.0,25.2,1.18,0.03,31.8,0.152,0,0,0,1.0,30.927320329663406,72.61987491428415,0.02315257433042123,35.925628148590924,0.24112052361414898,0.0,1.224996797372818,0.0,0.0016729559873042612,4.549014485231062e-07,0.562472367988574,0.0,0.0,1.1527701768414742,lhs_candidate_000008_june2024_preflight,pa1_candidate_000008
2024-06-08T20:00,30.2,75.0,0.0,0.0,0.0,0.57,100680.0,25.2,1.09,0.0,31.3,0.152,0,0,0,1.0,30.44608904278698,74.95601980309326,0.023286915350511264,35.73846898569936,0.24104332948867346,0.0,1.0901259473664977,0.0,0.001223360424017371,4.044743337600433e-07,0.5619958610411943,0.0,0.0,1.1552859269501354,lhs_candidate_000008_june2024_preflight,pa1_candidate_000008
2024-06-08T21:00,30.1,75.0,0.0,0.0,0.0,0.58,100710.0,25.2,1.06,0.0,30.9,0.151,0,0,0,1.0,30.21955237576836,75.74235561606534,0.023245527088580225,35.54818215303043,0.2409726684119915,0.0,1.0423004172360537,0.0,0.0011068165365525926,3.8642926151780206e-07,0.5615596815555031,0.0,0.0,1.1564931213756768,lhs_candidate_000008_june2024_preflight,pa1_candidate_000008
2024-06-08T22:00,29.9,76.0,0.0,0.0,0.0,0.81,100740.0,25.3,1.0,0.0,30.6,0.151,0,0,0,1.0,30.045387168550295,76.25495651156531,0.023183760578807198,35.359487591334364,0.24090407519437895,0.0,1.0101434909429816,0.0,0.0014759844558988873,3.7422481501658143e-07,0.5611362666319688,0.0,0.0,1.1575021481822843,lhs_candidate_000008_june2024_preflight,pa1_candidate_000008
2024-06-08T23:00,29.7,78.0,0.0,0.0,0.0,0.86,100740.0,25.4,0.94,0.0,30.4,0.151,0,0,0,1.0,29.84909679023293,77.92781717862633,0.02344218111533478,35.171952462145384,0.24083927736336314,0.0,0.9284613497233205,0.0,0.0015557791880620037,3.43719095250078e-07,0.5607362800207601,0.0,0.0,1.1582520069672666,lhs_candidate_000008_june2024_preflight,pa1_candidate_000008
2024-06-09T00:00,29.4,79.0,0.0,0.0,0.0,0.98,100690.0,25.5,0.85,0.0,30.1,0.151,0,0,0,1.0,29.591130364037305,78.86080404003698,0.023393604749553133,34.984761470501574,0.24077929247239702,0.0,0.8761279704414062,0.0,0.0017712932109444704,3.24130947495418e-07,0.560366002916031,0.0,0.0,1.1586635944142198,lhs_candidate_000008_june2024_preflight,pa1_candidate_000008
2024-06-09T01:00,29.1,81.0,0.0,0.0,0.0,1.14,100620.0,25.5,0.77,0.0,29.8,0.151,0,0,0,1.0,29.297372190176787,80.55655314652043,0.023518539434861943,34.79636505066765,0.24072361623088012,0.0,0.7923266253732812,0.0,0.0020244841300203044,2.929481520550668e-07,0.5600223224128402,0.0,0.0,1.158982681157157,lhs_candidate_000008_june2024_preflight,pa1_candidate_000008
2024-06-09T02:00,28.9,81.0,0.0,0.0,0.0,1.14,100550.0,25.4,0.74,0.0,29.5,0.151,0,0,0,1.0,29.059733355095712,80.90697761875323,0.023317427969799173,34.60703306640491,0.2406720156562997,0.0,0.7674489578332429,0.0,0.002002028235819553,2.835887058386455e-07,0.559703800347529,0.0,0.0,1.1590871097576765,lhs_candidate_000008_june2024_preflight,pa1_candidate_000008
2024-06-09T03:00,28.8,82.0,0.0,0.0,0.0,0.99,100530.0,25.4,0.7,0.0,29.4,0.151,0,0,0,1.0,28.916877311489852,81.9264237077997,0.02342816893984115,34.418844809430475,0.24062247177820925,0.0,0.7204987933768998,0.0,0.0017361521071376817,2.6609414656257453e-07,0.5593979739395633,0.0,0.0,1.1594046166845313,lhs_candidate_000008_june2024_preflight,pa1_candidate_000008
2024-06-09T04:00,28.7,83.0,0.0,0.0,0.0,0.92,100540.0,25.4,0.68,0.0,29.3,0.151,0,0,0,1.0,28.812721401518996,82.94286538534587,0.023584487359693835,34.23362304578625,0.24057608709688616,0.0,0.6758938878265002,0.0,0.0016222151442543253,2.4949292464159205e-07,0.5591116487462109,0.0,0.0,1.15991989876485,lhs_candidate_000008_june2024_preflight,pa1_candidate_000008
2024-06-09T05:00,28.7,82.0,0.0,0.0,0.0,0.85,100450.0,25.4,0.69,0.0,29.3,0.151,0,0,0,1.0,28.770779715267917,82.45648713559362,0.023392588305018884,34.05221798496184,0.2405309083190484,0.0,0.6934812418530947,0.0,0.0014781620362123134,2.5585726652764747e-07,0.5588327674015333,0.0,0.0,1.1590425652097835,lhs_candidate_000008_june2024_preflight,pa1_candidate_000008
2024-06-09T06:00,28.7,82.0,13.0,4.0,9.0,1.22,100540.0,25.4,0.69,0.03,29.3,0.151,1,0,0,1.0,28.790692712089815,82.50639299545072,0.023432196438951072,33.87954174737002,0.2404573013127287,1460.6416,0.6923060337247073,11.049999999999999,0.0020899942094859646,5.60731559261078e-07,0.5583784031649919,0.0,0.0,1.1600045230497822,lhs_candidate_000008_june2024_preflight,pa1_candidate_000008
2024-06-09T07:00,29.0,80.0,82.0,35.0,47.0,1.1,100520.0,25.3,0.78,0.07,29.6,0.15,0,0,0,1.0,29.118439842174485,83.4932754154554,0.024139830372862228,33.736392801964314,0.25103469403033757,8869.5728,0.6657453325134308,69.7,0.0019127678662827566,2.4265609886950855e-06,0.6236709508045529,0.0,0.0,1.1585162352671594,lhs_candidate_000008_june2024_preflight,pa1_candidate_000008
2024-06-09T08:00,29.7,75.0,175.0,54.0,121.0,0.71,100620.0,24.8,1.04,0.14,30.2,0.15,0,0,0,1.0,29.912458984079706,84.58169650880642,0.025531178368411175,33.6521496542573,0.25038078117664125,19657.070399999997,0.6509309266197127,148.75,0.0013843048773809694,4.830175925876066e-06,0.6196344517076621,0.0,0.0,1.156630443456943,lhs_candidate_000008_june2024_preflight,pa1_candidate_000008
2024-06-09T09:00,30.8,68.0,322.0,85.0,237.0,0.22,100670.0,24.1,1.44,0.25,31.3,0.15,0,0,0,1.0,31.25203117381994,88.43075581394618,0.028688422301006183,33.65698256957241,0.24917886535200057,36674.2288,0.5272633288800055,273.7,0.0011033881483412471,8.510119513260142e-06,0.6122152182222257,0.0,0.0,1.152112719680193,lhs_candidate_000008_june2024_preflight,pa1_candidate_000008
2024-06-09T10:00,32.4,60.0,570.0,267.0,303.0,0.4,100670.0,23.6,1.95,0.44,33.1,0.149,0,1,0,1.0,33.28708897759924,71.09379748145757,0.025697186299694797,33.80224012808683,0.24706023174306135,60820.2672,1.4776035806019832,484.5,0.0029877596164243777,1.4957974137374136e-05,0.5991372329818602,0.0,0.0,1.144461504910985,lhs_candidate_000008_june2024_preflight,pa1_candidate_000008
2024-06-09T11:00,33.8,54.0,848.0,663.0,185.0,0.91,100610.0,23.3,2.4,0.66,35.0,0.147,0,1,0,1.0,35.57711782618427,62.67856220861699,0.025535225590369182,34.12973283477875,0.24377026864481857,81132.744,2.1663345375594405,720.8,0.003939338024496844,2.1486767881408447e-05,0.5788288187951763,0.0,0.0,1.1352952460459027,lhs_candidate_000008_june2024_preflight,pa1_candidate_000008
2024-06-09T12:00,34.4,53.0,868.0,685.0,183.0,1.6,100560.0,23.4,2.57,0.69,36.1,0.146,0,1,0,1.0,36.83907487654139,56.6162162257314,0.024615845577013615,34.56815123638742,0.2399189115526001,82822.3792,2.698481455296054,737.8,0.004976693378802077,2.1266490471754034e-05,0.5550550095839512,0.0,0.0,1.1301115810326714,lhs_candidate_000008_june2024_preflight,pa1_candidate_000008
2024-06-09T13:00,34.0,55.0,684.0,417.0,267.0,1.3,100560.0,23.7,2.39,0.55,36.1,0.144,0,1,0,1.0,36.55098136200985,56.39573341681282,0.0241598338231504,34.96388014315153,0.23654102674548322,69585.7008,2.6698752341583165,581.4,0.004662395222936742,1.6320499996533962e-05,0.5342038687992792,0.0,0.0,1.131162846081173,lhs_candidate_000008_june2024_preflight,pa1_candidate_000008
2024-06-09T14:00,33.5,59.0,605.0,303.0,302.0,1.55,100480.0,24.3,2.15,0.49,35.9,0.143,0,1,0,1.0,35.80203738738695,59.25251746168704,0.024422092295420077,35.26574201896535,0.23381572784730584,63865.08479999999,2.394636580123372,514.25,0.004871587558041522,1.3992249304702397e-05,0.5173810360944805,0.0,0.0,1.133002874428608,lhs_candidate_000008_june2024_preflight,pa1_candidate_000008
2024-06-09T15:00,33.2,59.0,407.0,191.0,216.0,0.98,100430.0,24.2,2.06,0.33,35.3,0.143,0,1,0,1.0,34.96763939119743,59.87218900263179,0.023632162504600516,35.46949471193725,0.23171642118506244,43415.39839999999,2.252226499977914,345.95,0.004007948046218339,9.390768682902381e-06,0.5044223529942127,0.0,0.0,1.135505780940832,lhs_candidate_000008_june2024_preflight,pa1_candidate_000008
2024-06-09T16:00,32.0,64.0,331.0,155.0,176.0,0.81,100490.0,24.5,1.69,0.26,34.6,0.144,0,1,0,1.0,33.747162089844984,63.655863444534496,0.02357249146224247,35.57359714535532,0.2301952842860735,35320.102399999996,1.9061892110878018,281.34999999999997,0.0038341253500298487,7.519401492391997e-06,0.4950326190498364,0.0,0.0,1.1407025766317944,lhs_candidate_000008_june2024_preflight,pa1_candidate_000008
2024-06-09T17:00,30.1,75.0,193.0,111.0,82.0,0.64,100460.0,25.1,1.07,0.15,33.3,0.154,0,1,0,1.0,31.778829744632297,72.067313897033,0.024047272854870412,35.58181842485601,0.2291245635727266,19868.9568,1.3116271243060043,164.04999999999998,0.0036594512211703713,4.390431063493435e-06,0.4884232319304111,0.0,0.0,1.147723134086078,lhs_candidate_000008_june2024_preflight,pa1_candidate_000008
2024-06-09T18:00,30.0,74.0,30.0,8.0,22.0,0.64,100560.0,24.8,1.11,0.04,31.9,0.154,1,1,0,1.0,30.51688159237558,73.4611485110594,0.02290967993758483,35.46998818341486,0.22864399710656008,3414.0128,1.1598786838392061,25.5,0.0029324871115011166,9.84705767459e-07,0.48545677226271655,0.0,0.0,1.1536399414863923,lhs_candidate_000008_june2024_preflight,pa1_candidate_000008
2024-06-09T19:00,29.6,75.0,0.0,0.0,0.0,0.63,100700.0,24.7,1.04,0.02,31.2,0.155,0,0,0,1.0,29.901640917373506,75.13754143528026,0.022667169067836807,35.2924479797591,0.2393624274112444,0.0,1.0489933162329792,0.0,0.0013535186202356714,3.820268065344231e-07,0.551619922291632,0.0,0.0,1.1575913674615426,lhs_candidate_000008_june2024_preflight,pa1_candidate_000008
2024-06-09T20:00,29.2,78.0,0.0,0.0,0.0,0.45,100790.0,24.9,0.9,0.0,30.6,0.155,0,0,0,1.0,29.45373413123864,77.66656817515323,0.022868221149573195,35.10000378148713,0.23929759033694334,0.0,0.9183320031711508,0.0,0.001084324709521793,3.34199363890821e-07,0.5512196934379219,0.0,0.0,1.160340927902138,lhs_candidate_000008_june2024_preflight,pa1_candidate_000008
2024-06-09T21:00,29.0,79.0,0.0,0.0,0.0,0.51,100830.0,25.1,0.83,0.0,30.3,0.155,0,0,0,1.0,29.171550620770955,79.23690454696211,0.02297552356512317,34.90434363564049,0.23924045559832863,0.0,0.8399836408782932,0.0,0.0010671115619018518,3.0549124372057254e-07,0.5508670098662262,0.0,0.0,1.1618849052367535,lhs_candidate_000008_june2024_preflight,pa1_candidate_000008
2024-06-09T22:00,28.8,81.0,0.0,0.0,0.0,0.72,100810.0,25.3,0.75,0.0,30.0,0.155,0,0,0,1.0,28.9630327145535,80.82517729382272,0.0231714693018058,34.70898758072943,0.2391877669422065,0.0,0.7664422378751694,0.0,0.0013559145052798832,2.785806070018615e-07,0.5505417712481883,0.0,0.0,1.1624562130462182,lhs_candidate_000008_june2024_preflight,pa1_candidate_000008
2024-06-09T23:00,28.7,83.0,0.0,0.0,0.0,0.78,100850.0,25.4,0.68,0.0,29.8,0.155,0,0,0,1.0,28.82229240315589,82.79280208401524,0.023554113361664613,34.51523701505761,0.23914040914609636,0.0,0.682217938609035,0.0,0.0014111068653450086,2.478357298392267e-07,0.5502494391734343,0.0,0.0,1.1634594607036401,lhs_candidate_000008_june2024_preflight,pa1_candidate_000008
2024-06-10T00:00,28.5,84.0,0.0,0.0,0.0,0.76,100850.0,25.5,0.62,0.0,29.5,0.155,0,0,0,1.0,28.658859557506513,83.84183294341311,0.023640697220210803,34.324064360542444,0.23909749248908832,0.0,0.634593033396051,0.0,0.001412036991830894,2.304235915065157e-07,0.5499845215375823,0.0,0.0,1.1640894869087661,lhs_candidate_000008_june2024_preflight,pa1_candidate_000008
2024-06-10T01:00,28.2,86.0,0.0,0.0,0.0,0.86,100800.0,25.6,0.54,0.0,29.3,0.155,0,0,0,1.0,28.40455306938105,85.42262272739715,0.02375382340201613,34.13367281347651,0.23905816399399285,0.0,0.564127941710133,0.0,0.0015988215813988388,2.0474698181204264e-07,0.5497417530493386,0.0,0.0,1.1644935591607097,lhs_candidate_000008_june2024_preflight,pa1_candidate_000008
2024-06-10T02:00,28.1,86.0,0.0,0.0,0.0,0.86,100750.0,25.5,0.54,0.0,29.1,0.156,0,0,0,1.0,28.23006628554212,85.93010742687883,0.023667675403002023,33.9433725912475,0.2390224472017061,0.0,0.5389981326601707,0.0,0.0015415394438727172,1.9554780665221683e-07,0.5495212790228772,0.0,0.0,1.1645897933090383,lhs_candidate_000008_june2024_preflight,pa1_candidate_000008
2024-06-10T03:00,28.0,86.0,0.0,0.0,0.0,0.86,100720.0,25.5,0.52,0.0,29.0,0.155,0,0,0,1.0,28.12110517812459,85.97322458702618,0.023538502867334662,33.75576433136195,0.238987439654456,0.0,0.533952531708533,0.0,0.0015345273426128324,1.936410911657253e-07,0.5493051830521977,0.0,0.0,1.1646640904587457,lhs_candidate_000008_june2024_preflight,pa1_candidate_000008
2024-06-10T04:00,28.0,87.0,0.0,0.0,0.0,0.86,100710.0,25.5,0.51,0.0,28.9,0.155,0,0,0,1.0,28.078661579843274,86.89494264047211,0.023735524881578735,33.57198891508393,0.23895367295431352,0.0,0.4976353952854735,0.0,0.0015006994549392615,1.804019832534371e-07,0.5490967466315649,0.0,0.0,1.1647125433460777,lhs_candidate_000008_june2024_preflight,pa1_candidate_000008
2024-06-10T05:00,28.0,87.0,0.0,0.0,0.0,0.81,100740.0,25.5,0.51,0.0,28.8,0.156,0,0,0,1.0,28.072212890026897,87.10942129525556,0.023785691888128867,33.39350430598211,0.23892161835088724,0.0,0.48930739030642467,0.0,0.001415531378606398,1.773190080485717e-07,0.5488988787091805,0.0,0.0,1.1650844358370223,lhs_candidate_000008_june2024_preflight,pa1_candidate_000008
2024-06-10T06:00,27.9,87.0,20.0,8.0,12.0,0.86,100780.0,25.6,0.49,0.02,28.8,0.156,1,0,0,1.0,28.05347440054723,87.66831901628908,0.023913697902160302,33.22535753287505,0.23884877571957355,2182.1888,0.4675822569915762,17.0,0.0015598661453803157,6.309731738043526e-07,0.5484492328368737,0.0,0.0,1.1656195573800727,lhs_candidate_000008_june2024_preflight,pa1_candidate_000008
2024-06-10T07:00,28.3,87.0,171.0,104.0,67.0,1.06,100790.0,25.9,0.49,0.12,29.4,0.157,0,0,0,1.0,28.585320139982702,92.89733427682671,0.02608901548792808,33.110072071930276,0.24923003605625166,17405.2208,0.27776253682107566,145.35,0.0019548704815773098,4.5207735371590686e-06,0.6125310867669855,0.0,0.0,1.1636804650035608,lhs_candidate_000008_june2024_preflight,pa1_candidate_000008
2024-06-10T08:00,28.9,83.0,310.0,175.0,135.0,0.67,100860.0,25.7,0.67,0.22,30.2,0.158,0,0,0,1.0,29.55279130837009,95.06873421015095,0.028143011184290603,33.090646908272646,0.2481032211814763,32029.624000000003,0.20392918987883224,263.5,0.0016803204338276723,7.982700391559527e-06,0.605575439391829,0.0,0.0,1.1607668237365516,lhs_candidate_000008_june2024_preflight,pa1_candidate_000008
2024-06-10T09:00,30.1,75.0,416.0,136.0,280.0,0.81,100900.0,25.2,1.07,0.31,31.1,0.158,0,1,0,1.0,30.871365674157147,82.27708121370253,0.026152793461710695,33.16121310762314,0.2464184454454883,46459.07199999999,0.7904060679028966,353.59999999999997,0.003306861988861468,1.0731352047817741e-05,0.5951755891696808,0.0,0.0,1.156190800502788,lhs_candidate_000008_june2024_preflight,pa1_candidate_000008
2024-06-10T10:00,31.0,67.0,571.0,219.0,352.0,0.63,100900.0,24.2,1.47,0.43,32.4,0.157,0,1,0,1.0,32.29857072078647,74.88810042819836,0.025689300979156827,33.32991127237859,0.24414980114833354,62632.20479999999,1.214307957144753,485.34999999999997,0.003439663204415487,1.4432882467056425e-05,0.5811716120267503,0.0,0.0,1.150788511857436,lhs_candidate_000008_june2024_preflight,pa1_candidate_000008
2024-06-10T11:00,32.1,62.0,623.0,242.0,381.0,0.54,100860.0,23.9,1.83,0.48,33.5,0.156,0,1,0,1.0,33.62752537133117,69.20874357922088,0.02546817074170438,33.57941930255875,0.24146291768908293,68228.49440000001,1.6042034401238925,529.55,0.0034966787442543825,1.5401970591831743e-05,0.5645859116610058,0.0,0.0,1.1453490837632296,lhs_candidate_000008_june2024_preflight,pa1_candidate_000008
2024-06-10T12:00,32.8,60.0,663.0,289.0,374.0,0.45,100800.0,23.9,2.0,0.52,34.5,0.154,0,1,0,1.0,34.64446678612874,65.81281131359945,0.02554324709124703,33.873891024172124,0.23863937988660835,71502.21759999999,1.884783903836067,563.55,0.003609940243288743,1.5949010609785243e-05,0.5471566659667183,0.0,0.0,1.1408857945093709,lhs_candidate_000008_june2024_preflight,pa1_candidate_000008
2024-06-10T13:00,33.2,59.0,685.0,388.0,297.0,0.58,100740.0,24.0,2.1,0.54,35.1,0.153,0,1,0,1.0,35.28776534757469,63.36138460294878,0.025428984932555857,34.19526047522117,0.23576334008990862,70729.1728,2.093064788619742,582.25,0.003812164440511279,1.5994515357876765e-05,0.5294033338883248,0.0,0.0,1.137828604000797,lhs_candidate_000008_june2024_preflight,pa1_candidate_000008
2024-06-10T14:00,32.8,60.0,480.0,144.0,336.0,0.89,100680.0,24.1,1.98,0.39,34.8,0.152,0,1,0,1.0,34.816304252092664,61.24271502776599,0.023983393257083103,34.46480558019708,0.23332653931496414,54061.2864,2.157170367420049,408.0,0.004031045099035562,1.1123869478620352e-05,0.514361353796075,0.0,0.0,1.1388917693447584,lhs_candidate_000008_june2024_preflight,pa1_candidate_000008
2024-06-10T15:00,32.7,60.0,434.0,166.0,268.0,1.06,100640.0,23.8,1.99,0.35,34.6,0.151,0,1,0,1.0,34.315869861656815,61.61492468326691,0.02350702745158506,34.64740439167536,0.23143874856642171,47620.8832,2.077986917810452,368.9,0.0040277211465868015,9.872299759374106e-06,0.5027083244840846,0.0,0.0,1.1402922241757567,lhs_candidate_000008_june2024_preflight,pa1_candidate_000008
2024-06-10T16:00,32.2,61.0,288.0,112.0,176.0,1.21,100670.0,23.7,1.88,0.24,34.0,0.151,0,1,0,1.0,33.584268590366136,61.27568060846186,0.022497648847367543,34.76323371307616,0.22995465098526108,31536.102399999996,2.0126431860345155,244.79999999999998,0.004103908613282006,6.638306040465295e-06,0.49354722830408077,0.0,0.0,1.1433526929467428,lhs_candidate_000008_june2024_preflight,pa1_candidate_000008
2024-06-10T17:00,31.2,66.0,128.0,44.0,84.0,0.73,100610.0,24.1,1.54,0.11,33.1,0.153,0,1,0,1.0,32.29356166732941,65.03823922908776,0.02230451116953957,34.77360931802876,0.22907266125957015,14219.3216,1.6901292264038617,108.8,0.003412636118805822,3.1742011416584947e-06,0.48810284728129727,0.0,0.0,1.1474998107023768,lhs_candidate_000008_june2024_preflight,pa1_candidate_000008
2024-06-10T18:00,30.9,68.0,53.0,21.0,32.0,0.32,100690.0,24.3,1.42,0.04,32.2,0.152,1,0,0,1.0,31.39712201779863,68.0823380540635,0.022259198213468886,34.695263890608594,0.22864864845819122,5789.8368,1.4666697367243047,45.05,0.0012146669654266922,1.5530621215468984e-06,0.48548548430982236,0.0,0.0,1.1517926157388514,lhs_candidate_000008_june2024_preflight,pa1_candidate_000008
2024-06-10T19:00,30.5,71.0,0.0,0.0,0.0,0.7,100800.0,24.6,1.26,0.03,31.4,0.152,0,0,0,1.0,30.7973861321794,71.21184378424513,0.022545804645118083,34.57029415656504,0.23930288606390784,0.0,1.2784904199351699,0.0,0.0014419424269457193,4.652957999682959e-07,0.5512523831105423,0.0,0.0,1.155326055780491,lhs_candidate_000008_june2024_preflight,pa1_candidate_000008
2024-06-10T20:00,30.1,74.0,0.0,0.0,0.0,0.71,100860.0,24.9,1.13,0.0,30.9,0.152,0,0,0,1.0,30.325234560304434,73.82042658665631,0.02278521225918203,34.42239968097246,0.23922372195104957,0.0,1.1317071373745118,0.0,0.0013950963486981088,4.1151014882552537e-07,0.5507637157472196,0.0,0.0,1.1578122943451712,lhs_candidate_000008_june2024_preflight,pa1_candidate_000008
2024-06-10T21:00,29.8,76.0,0.0,0.0,0.0,0.76,100940.0,25.2,1.0,0.0,30.4,0.152,0,0,0,1.0,29.98246663569875,75.98481066295588,0.023023191728981828,34.26908920349073,0.23915364269300593,0.0,1.0179557932606422,0.0,0.001431413655935222,3.698572792726897e-07,0.5503311277346046,0.0,0.0,1.1600408844259777,lhs_candidate_000008_june2024_preflight,pa1_candidate_000008
2024-06-10T22:00,29.5,79.0,0.0,0.0,0.0,0.81,101000.0,25.4,0.87,0.0,30.1,0.152,0,0,0,1.0,29.682017823848348,78.66436106936206,0.023450591126873362,34.11271257029882,0.23909118990101494,0.0,0.8889041295264231,0.0,0.001505698860805293,3.22742265287737e-07,0.5499456166729317,0.0,0.0,1.1618820230471663,lhs_candidate_000008_june2024_preflight,pa1_candidate_000008
2024-06-10T23:00,29.2,81.0,0.0,0.0,0.0,0.85,101040.0,25.6,0.77,0.0,29.8,0.152,0,0,0,1.0,29.38594421756418,80.70848853381277,0.02367656923693362,33.95378921813455,0.23903650314543454,0.0,0.7901590159945848,0.0,0.001569113660888803,2.867139042657416e-07,0.5496080441076207,0.0,0.0,1.163479688235149,lhs_candidate_000008_june2024_preflight,pa1_candidate_000008
2024-06-11T00:00,28.9,83.0,0.0,0.0,0.0,0.82,101030.0,25.7,0.69,0.0,29.5,0.152,0,0,0,1.0,29.090245100110216,82.61797471345065,0.023850127532493805,33.79243508327154,0.23898786712023443,0.0,0.699907321643912,0.0,0.0015275042793151197,2.538268113251046e-07,0.5493078217298422,0.0,0.0,1.164502724662667,lhs_candidate_000008_june2024_preflight,pa1_candidate_000008
2024-06-11T01:00,28.6,84.0,0.0,0.0,0.0,0.92,100990.0,25.6,0.63,0.0,29.2,0.152,0,0,0,1.0,28.793523586308066,83.68003390746888,0.023769187325602466,33.62872311758528,0.23894410665139434,0.0,0.6459652597849987,0.0,0.0016812743642787998,2.341491035081712e-07,0.5490376953789774,0.0,0.0,1.1651855823815216,lhs_candidate_000008_june2024_preflight,pa1_candidate_000008
2024-06-11T02:00,28.5,83.0,0.0,0.0,0.0,1.02,100970.0,25.4,0.65,0.0,29.0,0.151,0,0,0,1.0,28.613901034994804,83.18226499241408,0.023397180134574043,33.46384096810108,0.23890188443195254,0.0,0.6587782813780616,0.0,0.0017819684270787947,2.3868020344474514e-07,0.5487770643947688,0.0,0.0,1.1656482597720483,lhs_candidate_000008_june2024_preflight,pa1_candidate_000008
2024-06-11T03:00,28.4,83.0,0.0,0.0,0.0,1.02,100940.0,25.3,0.65,0.0,28.7,0.151,0,0,0,1.0,28.50428803509479,83.07676671011797,0.02322790227626368,33.30079827445241,0.23885882104997985,0.0,0.6587110583205047,0.0,0.0017754661713213738,2.3854024499969206e-07,0.5485112410492584,0.0,0.0,1.165725363908612,lhs_candidate_000008_june2024_preflight,pa1_candidate_000008
2024-06-11T04:00,28.3,84.0,0.0,0.0,0.0,1.02,100950.0,25.2,0.63,0.0,28.4,0.151,0,0,0,1.0,28.402966465214472,83.90836974484897,0.02333072267498397,33.140246321640824,0.23881694664218459,0.0,0.6226704609933189,0.0,0.001774590079730848,2.2538253651101118e-07,0.5482527570505221,0.0,0.0,1.1662325725164422,lhs_candidate_000008_june2024_preflight,pa1_candidate_000008
2024-06-11T05:00,28.1,85.0,0.0,0.0,0.0,1.12,101000.0,25.2,0.59,0.0,28.1,0.151,0,0,0,1.0,28.243026479064625,84.72709935378623,0.023352912678969988,32.98161792878773,0.23877756892461535,0.0,0.5855246031271633,0.0,0.001960293452943755,2.1184321378823658e-07,0.5480096847198479,0.0,0.0,1.1674293915259817,lhs_candidate_000008_june2024_preflight,pa1_candidate_000008
2024-06-11T06:00,27.9,86.0,22.0,9.0,13.0,1.12,101060.0,25.3,0.54,0.02,28.2,0.151,1,0,0,1.0,28.095856698134938,86.23424647293756,0.023577288155799098,32.82933607769154,0.23869579442969846,2393.3712,0.5232471308877207,18.7,0.0019926778745500296,6.960948925017358e-07,0.5475049038870275,0.0,0.0,1.1686935853319989,lhs_candidate_000008_june2024_preflight,pa1_candidate_000008
2024-06-11T07:00,29.0,77.0,166.0,97.0,69.0,0.98,101050.0,24.6,0.91,0.12,29.8,0.151,0,0,0,1.0,28.987059598470683,85.76892012709637,0.024620986022240415,32.72993407185494,0.24907305401935165,17035.5856,0.5696250232531077,141.1,0.001645741062262171,4.502765605010944e-06,0.6115620618478497,0.0,0.0,1.1651310291508088,lhs_candidate_000008_june2024_preflight,pa1_candidate_000008
2024-06-11T08:00,30.7,65.0,413.0,333.0,80.0,0.5,101040.0,23.5,1.53,0.3,31.1,0.15,0,0,0,1.0,31.062244631880162,88.28826980221292,0.0283524271864844,32.76941560242967,0.24770191623068202,39158.592000000004,0.5280276839422187,351.05,0.0012509869473771795,1.0693580560230435e-05,0.6030982483375433,0.0,0.0,1.1570685673225216,lhs_candidate_000008_june2024_preflight,pa1_candidate_000008
2024-06-11T09:00,32.1,59.0,625.0,528.0,97.0,0.32,101030.0,23.0,1.96,0.46,32.9,0.149,0,1,0,1.0,33.252382550537114,69.6401217969356,0.025125736388482672,32.97797451665031,0.2452773974137842,58412.6928,1.5488991636699465,531.25,0.0031287886212374993,1.6072345798644972e-05,0.5881320828011372,0.0,0.0,1.148684243223009,lhs_candidate_000008_june2024_preflight,pa1_candidate_000008
2024-06-11T10:00,33.1,55.0,798.0,694.0,104.0,0.36,101000.0,22.9,2.28,0.61,34.4,0.148,0,1,0,1.0,35.030297993598154,63.5871731635608,0.025180455963233025,33.32593336512171,0.24203728667362934,73882.9696,2.050808191838771,678.3,0.003608666761864647,1.9850751392514908e-05,0.5681313992199342,0.0,0.0,1.1417182727233837,lhs_candidate_000008_june2024_preflight,pa1_candidate_000008
2024-06-11T11:00,34.0,52.0,884.0,761.0,123.0,0.28,100930.0,22.9,2.52,0.68,35.7,0.146,0,1,0,1.0,36.40005469637766,58.99399097455677,0.025077446149940223,33.766617600023714,0.23834008652836688,82119.43519999999,2.4901506528506325,751.4,0.0038118563303587644,2.1185301989624108e-05,0.5453091761010301,0.0,0.0,1.1358783893699997,lhs_candidate_000008_june2024_preflight,pa1_candidate_000008
2024-06-11T12:00,34.6,51.0,878.0,743.0,135.0,0.36,100840.0,23.1,2.68,0.69,36.5,0.145,0,1,0,1.0,37.258241311599214,55.993751965295864,0.024873591542619533,34.24156620355016,0.2346090832394201,82013.624,2.8003880776992176,746.3,0.003958757992379141,2.0265633368716947e-05,0.5222782916013586,0.0,0.0,1.1317279523444892,lhs_candidate_000008_june2024_preflight,pa1_candidate_000008
2024-06-11T13:00,34.9,51.0,795.0,636.0,159.0,0.51,100740.0,23.3,2.73,0.63,36.8,0.143,0,1,0,1.0,37.55034386899152,54.31186667347479,0.024489196139417167,34.69368809657642,0.23119066962616905,75554.0016,2.9539058835122787,675.75,0.004023963002774895,1.7746872542549585e-05,0.5011769730010436,0.0,0.0,1.12954272144139,lhs_candidate_000008_june2024_preflight,pa1_candidate_000008
2024-06-11T14:00,35.2,50.0,708.0,556.0,152.0,0.86,100680.0,23.2,2.84,0.57,36.8,0.142,0,1,0,1.0,37.6089348499418,52.440207684347726,0.023716054671077517,35.09273271351612,0.22821344560754836,67651.7248,3.084702737355848,601.8,0.004166082618537951,1.5369937700281807e-05,0.48279904696017506,0.0,0.0,1.1286571352086667,lhs_candidate_000008_june2024_preflight,pa1_candidate_000008
2024-06-11T15:00,34.4,52.0,596.0,457.0,139.0,1.22,100640.0,23.2,2.6,0.48,36.5,0.141,0,1,0,1.0,36.886848934139365,52.20374348012545,0.022753062675621757,35.42319934576823,0.22569436210373367,57338.3536,2.980692117706374,506.59999999999997,0.00455062165173754,1.264025953384673e-05,0.46724914878847945,0.0,0.0,1.1308363564137502,lhs_candidate_000008_june2024_preflight,pa1_candidate_000008
2024-06-11T16:00,33.0,58.0,321.0,186.0,135.0,1.08,100670.0,23.8,2.09,0.27,35.4,0.141,0,1,0,1.0,35.04643949844929,56.29807616910767,0.022312705174998188,35.614557631494804,0.22393955368550683,32997.624,2.463533945953773,272.84999999999997,0.004233554256119498,6.908688221597336e-06,0.4564169980586842,0.0,0.0,1.1379283050205686,lhs_candidate_000008_june2024_preflight,pa1_candidate_000008
2024-06-11T17:00,32.7,60.0,204.0,103.0,101.0,0.71,100670.0,24.0,1.97,0.16,34.5,0.141,0,1,0,1.0,33.80033876631613,60.1876272116831,0.022350490872541193,35.659075933149865,0.2229171931141989,21505.4224,2.0942943821513103,173.4,0.0033935215151112636,4.486965751656171e-06,0.4501061303345612,0.0,0.0,1.1425478578110957,lhs_candidate_000008_june2024_preflight,pa1_candidate_000008
2024-06-11T18:00,32.1,64.0,78.0,48.0,30.0,0.99,100720.0,24.4,1.72,0.07,33.5,0.141,1,1,0,1.0,32.837576553217296,63.17734550331123,0.022300138527436803,35.616979801204614,0.2223334634369797,7919.472,1.8354255747623331,66.3,0.0035077169207510077,2.006874521495664e-06,0.446502860722097,0.0,0.0,1.1467120385940135,lhs_candidate_000008_june2024_preflight,pa1_candidate_000008
2024-06-11T19:00,31.3,69.0,0.0,0.0,0.0,0.86,100790.0,25.0,1.4,0.03,32.6,0.14,0,0,0,1.0,31.78215164199293,67.8606526633325,0.022647614003195794,35.49967425113902,0.23293288597095962,0.0,1.5094418921841966,0.0,0.0017928755042523673,5.101634457865519e-07,0.5119313948824669,0.0,0.0,1.1514807335263602,lhs_candidate_000008_june2024_preflight,pa1_candidate_000008
2024-06-11T20:00,30.7,73.0,0.0,0.0,0.0,0.3,100860.0,25.3,1.2,0.0,31.9,0.14,0,0,0,1.0,31.02971387953349,72.51662725700078,0.023247017202277703,35.34343227463822,0.23284987003704263,0.0,1.236806105618232,0.0,0.001020331888415012,4.1759915553068656e-07,0.5114189508459422,0.0,0.0,1.155130804490005,lhs_candidate_000008_june2024_preflight,pa1_candidate_000008
2024-06-11T21:00,30.4,75.0,0.0,0.0,0.0,0.45,100900.0,25.6,1.07,0.0,31.4,0.14,0,0,0,1.0,30.600771303177396,75.1849269309285,0.02355337386888437,35.17750590276999,0.23277979642127467,0.0,1.0897502991440455,0.0,0.001022908667867313,3.6763555852557823e-07,0.5109863976621893,0.0,0.0,1.1572207854508176,lhs_candidate_000008_june2024_preflight,pa1_candidate_000008
2024-06-11T22:00,30.1,78.0,0.0,0.0,0.0,0.54,100940.0,25.9,0.93,0.0,31.0,0.14,0,0,0,1.0,30.290208092530897,77.77494008881766,0.023960497557137667,35.0080330437227,0.23271750531738414,0.0,0.958835092091038,0.0,0.0011268699228898693,3.232269082022595e-07,0.5106018846752107,0.0,0.0,1.1588644000239856,lhs_candidate_000008_june2024_preflight,pa1_candidate_000008
2024-06-11T23:00,29.8,81.0,0.0,0.0,0.0,0.73,100930.0,26.2,0.8,0.0,30.6,0.14,0,0,0,1.0,29.992331088879492,80.53456314194666,0.024414771695317437,34.836310094478776,0.2326634031522013,0.0,0.8255679157255766,0.0,0.001395724059237247,2.78120016798627e-07,0.5102679206926006,0.0,0.0,1.1598882158586636,lhs_candidate_000008_june2024_preflight,pa1_candidate_000008
2024-06-12T00:00,29.6,83.0,0.0,0.0,0.0,0.92,100900.0,26.4,0.7,0.0,30.3,0.14,0,0,0,1.0,29.754260945414607,82.64641631613767,0.02473429852929154,34.66309479801655,0.23261655272236606,0.0,0.7260087149238981,0.0,0.0016524856159855564,2.444415693254984e-07,0.5099787205084325,0.0,0.0,1.160454808564408,lhs_candidate_000008_june2024_preflight,pa1_candidate_000008
2024-06-12T01:00,29.3,85.0,0.0,0.0,0.0,1.04,100870.0,26.4,0.62,0.0,29.8,0.14,0,0,0,1.0,29.49191062513445,84.43575362405073,0.024912918624970637,34.489355779356934,0.23257511234058303,0.0,0.6413972562445056,0.0,0.0018647710070685375,2.158452176667814e-07,0.5097229156826113,0.0,0.0,1.1611154384194151,lhs_candidate_000008_june2024_preflight,pa1_candidate_000008
2024-06-12T02:00,29.0,87.0,0.0,0.0,0.0,0.98,100860.0,26.7,0.51,0.0,29.4,0.14,0,0,0,1.0,29.199262738604467,86.34172865606739,0.025073409152883523,34.313968330804435,0.23253893406238027,0.0,0.5534380365548732,0.0,0.0017769873771978928,1.8616327890774758e-07,0.509499592977656,0.0,0.0,1.1621240760457188,lhs_candidate_000008_june2024_preflight,pa1_candidate_000008
2024-06-12T03:00,29.0,87.0,0.0,0.0,0.0,1.04,100850.0,26.6,0.52,0.0,29.1,0.14,0,0,0,1.0,29.080814552689294,86.96195552628964,0.025091260389186347,34.13841894477452,0.2325066418211885,0.0,0.5247060663695708,0.0,0.0017916558261764231,1.7642948073402326e-07,0.5093002581554845,0.0,0.0,1.1624642609219062,lhs_candidate_000008_june2024_preflight,pa1_candidate_000008
2024-06-12T04:00,28.8,88.0,0.0,0.0,0.0,1.02,100870.0,26.6,0.48,0.0,28.9,0.14,0,0,0,1.0,28.94768538386814,87.61307388633602,0.02509646644209038,33.96599668765323,0.23247564461218778,0.0,0.4946822302027032,0.0,0.0018046143204326949,1.6627164305920924e-07,0.5091089173591838,0.0,0.0,1.163207173511026,lhs_candidate_000008_june2024_preflight,pa1_candidate_000008
2024-06-12T05:00,28.7,88.0,0.0,0.0,0.0,1.1,100970.0,26.5,0.47,0.0,28.7,0.14,0,0,0,1.0,28.81465976238941,87.81985385729737,0.024973881382912743,33.79521329059266,0.23244622154514852,0.0,0.48269595306007673,0.0,0.0019104560982287158,1.6218495866188732e-07,0.5089272934885711,0.0,0.0,1.1648732880869321,lhs_candidate_000008_june2024_preflight,pa1_candidate_000008
2024-06-12T06:00,28.6,88.0,23.0,11.0,12.0,1.5,101010.0,26.4,0.48,0.02,28.7,0.14,1,0,0,1.0,28.759499940923728,88.12648793125854,0.024985758725453562,33.633170501708584,0.2323731897236579,2446.1888,0.46904419068153347,19.55,0.002580174683297786,6.496793098502797e-07,0.508476479775666,0.0,0.0,1.1655476714640385,lhs_candidate_000008_june2024_preflight,pa1_candidate_000008
2024-06-12T07:00,29.9,77.0,180.0,126.0,54.0,1.22,101070.0,25.5,0.97,0.13,30.4,0.14,0,0,0,1.0,29.84637915097985,84.30032582789131,0.025355424155596086,33.5312001178536,0.24274727701709903,17739.849599999998,0.6603001714504129,153.0,0.0020683615963560382,4.586884990311942e-06,0.5725140556611051,0.0,0.0,1.1620565844844406,lhs_candidate_000008_june2024_preflight,pa1_candidate_000008
2024-06-12T08:00,31.8,64.0,398.0,300.0,98.0,1.03,101090.0,24.1,1.7,0.3,31.9,0.139,0,0,0,1.0,32.07949216707135,78.09782957845225,0.026480187490198395,33.56906904087663,0.2414468106135305,38471.8752,1.0460861317916312,338.3,0.001903923203765429,9.845647760215024e-06,0.5644864852687067,0.0,0.0,1.1537830412119903,lhs_candidate_000008_june2024_preflight,pa1_candidate_000008
2024-06-12T09:00,33.1,57.0,622.0,521.0,101.0,0.64,101080.0,23.3,2.19,0.47,33.9,0.138,0,1,0,1.0,34.29617667457782,65.18363226014655,0.02484294272717006,33.77420928715794,0.23919154681355143,58289.422399999996,1.8827330386134538,528.6999999999999,0.0033834189826901463,1.5097551057848126e-05,0.5505651037873545,0.0,0.0,1.145350963256408,lhs_candidate_000008_june2024_preflight,pa1_candidate_000008
2024-06-12T10:00,34.0,54.0,784.0,670.0,114.0,0.41,101070.0,23.3,2.47,0.6,35.4,0.137,0,1,0,1.0,35.9949904325892,60.65249972965876,0.02524961718138682,34.11829254124798,0.2361728152352643,73002.7936,2.336991641869624,666.4,0.003663321041115405,1.8372963158393756e-05,0.5319309582423721,0.0,0.0,1.1389443412123392,lhs_candidate_000008_june2024_preflight,pa1_candidate_000008
2024-06-12T11:00,34.7,52.0,895.0,763.0,132.0,0.41,100980.0,23.3,2.67,0.7,36.6,0.136,0,1,0,1.0,37.255695592423926,57.08896108193034,0.025356804620631286,34.55625421616696,0.23270101561220988,83404.0768,2.730315287753456,760.75,0.003932659814298215,2.0150257799211136e-05,0.5105000963716659,0.0,0.0,1.1333084677085408,lhs_candidate_000008_june2024_preflight,pa1_candidate_000008
2024-06-12T12:00,35.4,49.0,946.0,823.0,123.0,0.61,100910.0,23.2,2.9,0.75,37.5,0.134,0,1,0,1.0,38.25114786884037,52.9284798528559,0.02473204019825663,35.04874114527859,0.2290454741142581,87575.43519999999,3.1609720890849964,804.1,0.00416592406039554,2.044566364556283e-05,0.48793502539665495,0.0,0.0,1.1289025287511414,lhs_candidate_000008_june2024_preflight,pa1_candidate_000008
2024-06-12T13:00,35.6,49.0,877.0,712.0,165.0,0.71,100830.0,23.2,2.96,0.7,37.9,0.133,0,1,0,1.0,38.60157335041255,51.00152294966606,0.02425878224968894,35.53915362039901,0.2255645866337968,82981.096,3.353117656517004,745.4499999999999,0.004291326590667175,1.8249871252242394e-05,0.46644806564072105,0.0,0.0,1.1267396100651565,lhs_candidate_000008_june2024_preflight,pa1_candidate_000008
2024-06-12T14:00,34.8,52.0,672.0,559.0,113.0,0.64,100750.0,23.6,2.64,0.53,37.4,0.133,0,1,0,1.0,37.72033904696427,51.91388393855823,0.02361176433401803,35.94007683868838,0.22270124615935322,63111.61119999999,3.1377302930625377,571.1999999999999,0.004215567630896663,1.3622460058092887e-05,0.448773124440452,0.0,0.0,1.1290371097447136,lhs_candidate_000008_june2024_preflight,pa1_candidate_000008
2024-06-12T15:00,34.6,53.0,591.0,482.0,109.0,1.08,100770.0,23.7,2.56,0.47,37.0,0.132,0,1,0,1.0,36.93283790344706,53.17855504558379,0.023232658947059608,36.23230870360802,0.2204299423280021,55842.8816,2.9272285495545907,502.34999999999997,0.004344559663815381,1.1654314515219945e-05,0.434752730419766,0.0,0.0,1.1321291618371634,lhs_candidate_000008_june2024_preflight,pa1_candidate_000008
2024-06-12T16:00,32.9,61.0,391.0,281.0,110.0,0.94,100740.0,24.2,1.97,0.31,36.1,0.133,0,1,0,1.0,35.24816708187316,58.43988143720726,0.02340565570959387,36.41878571475539,0.21869569093546512,38278.064000000006,2.369036530882336,332.34999999999997,0.004219761483262471,7.641582626458884e-06,0.42404747491027855,0.0,0.0,1.1379747009760497,lhs_candidate_000008_june2024_preflight,pa1_candidate_000008
2024-06-12T17:00,32.8,61.0,245.0,171.0,74.0,0.1,100720.0,24.2,1.95,0.17,35.1,0.133,0,1,0,1.0,34.06260356899315,61.35000941279572,0.02309769300814657,36.471488111884284,0.21757376297041398,24163.4976,2.0630706367548375,208.25,0.0031278512910203737,4.869352833064402e-06,0.41712199364453073,0.0,0.0,1.14213946178475,lhs_candidate_000008_june2024_preflight,pa1_candidate_000008
2024-06-12T18:00,32.2,64.0,83.0,52.0,31.0,0.92,100740.0,24.4,1.74,0.07,34.0,0.133,1,1,0,1.0,33.03407906986885,62.94833676419443,0.02245126243373998,36.421580165560655,0.21696054608293402,8394.654400000001,1.8673190370889512,70.55,0.0034734417838012347,1.9534907727521513e-06,0.41333670421564217,0.0,0.0,1.1462036596830116,lhs_candidate_000008_june2024_preflight,pa1_candidate_000008
2024-06-12T19:00,31.5,69.0,0.0,0.0,0.0,0.71,100790.0,25.1,1.43,0.03,33.0,0.133,0,0,0,1.0,31.97265302925964,67.88845424464421,0.022888037961032087,36.28483694353154,0.22756599888176485,0.0,1.5244739716362656,0.0,0.0015920118637577595,4.819007066558603e-07,0.47880246223311634,0.0,0.0,1.1507618138559592,lhs_candidate_000008_june2024_preflight,pa1_candidate_000008
2024-06-12T20:00,31.1,72.0,0.0,0.0,0.0,0.64,100870.0,25.4,1.26,0.0,32.3,0.132,0,0,0,1.0,31.35382901586711,71.69393261453042,0.02338577561678441,36.11026494161918,0.22748641661151384,0.0,1.297517950240585,0.0,0.0013226834083099523,4.097369324520641e-07,0.47831121365132,0.0,0.0,1.1540156847133818,lhs_candidate_000008_june2024_preflight,pa1_candidate_000008
2024-06-12T21:00,30.7,75.0,0.0,0.0,0.0,0.71,100900.0,25.7,1.12,0.0,31.8,0.132,0,0,0,1.0,30.936468456046892,74.61858393145768,0.023801483615902508,35.92909247843824,0.22741738493933075,0.0,1.1361657007890469,0.0,0.001404328174751401,3.584646477904292e-07,0.47788509221809106,0.0,0.0,1.1559432681548665,lhs_candidate_000008_june2024_preflight,pa1_candidate_000008
2024-06-12T22:00,30.4,78.0,0.0,0.0,0.0,0.72,100910.0,26.1,0.96,0.0,31.3,0.132,0,0,0,1.0,30.599236150304442,77.56988304004788,0.02429850789369284,35.744074395217424,0.2273572380537356,0.0,0.9849289593155235,0.0,0.0013868211666339344,3.1050744817006743e-07,0.477513815146516,0.0,0.0,1.1573413245101576,lhs_candidate_000008_june2024_preflight,pa1_candidate_000008
2024-06-12T23:00,30.1,81.0,0.0,0.0,0.0,0.76,100920.0,26.5,0.82,0.0,30.9,0.132,0,0,0,1.0,30.29920336169178,80.4409775067059,0.024793862739004757,35.557037263781346,0.22730538725343866,0.0,0.8442512383432441,0.0,0.0014452317224220685,2.659791698104588e-07,0.47719374847801643,0.0,0.0,1.1586004396342842,lhs_candidate_000008_june2024_preflight,pa1_candidate_000008
2024-06-13T00:00,29.8,84.0,0.0,0.0,0.0,0.72,100900.0,26.8,0.67,0.0,30.4,0.132,0,0,0,1.0,30.00337550758224,83.31375393756817,0.02527239284464003,35.36841271671968,0.22726140253942062,0.0,0.7081453664079236,0.0,0.0013907432352696458,2.2297242914221325e-07,0.4769222378976582,0.0,0.0,1.1595012114254455,lhs_candidate_000008_june2024_preflight,pa1_candidate_000008
2024-06-13T01:00,29.3,87.0,0.0,0.0,0.0,0.95,100810.0,27.0,0.52,0.0,29.9,0.132,0,0,0,1.0,29.587758277578033,85.92161303855815,0.02548349255031337,35.17713065554017,0.22722479438851798,0.0,0.5833748753054473,0.0,0.0017913017115175325,1.835991395320952e-07,0.4766962616575184,0.0,0.0,1.160057384052047,lhs_candidate_000008_june2024_preflight,pa1_candidate_000008
2024-06-13T02:00,29.4,86.0,0.0,0.0,0.0,1.1,100800.0,26.8,0.57,0.0,29.4,0.132,0,0,0,1.0,29.456827709941347,86.13912758922854,0.02536714980077306,34.98368886668624,0.22719276276429767,0.0,0.5700490137202094,0.0,0.001873481975290241,1.793308236502002e-07,0.47649853558208444,0.0,0.0,1.160444189056691,lhs_candidate_000008_june2024_preflight,pa1_candidate_000008
2024-06-13T03:00,29.2,86.0,0.0,0.0,0.0,1.2,100740.0,26.7,0.55,0.0,29.1,0.132,0,0,0,1.0,29.349443034072877,85.72677608414959,0.025098911319641575,34.794699536430166,0.22715995161813315,0.0,0.5833870121055003,0.0,0.0020914905592462948,1.8344879467818493e-07,0.4762959976427973,0.0,0.0,1.1601651508727775,lhs_candidate_000008_june2024_preflight,pa1_candidate_000008
2024-06-13T04:00,28.6,90.0,0.0,0.0,0.0,1.3,100750.0,26.8,0.39,0.0,28.9,0.132,0,0,0,1.0,28.920484754197464,88.54360269597944,0.025325436850962352,34.605202292771295,0.22712997613673735,0.0,0.4568018152058313,0.0,0.0023419077409823665,1.4358767975255386e-07,0.4761109638070207,0.0,0.0,1.1619279830949012,lhs_candidate_000008_june2024_preflight,pa1_candidate_000008
2024-06-13T05:00,28.2,92.0,0.0,0.0,0.0,1.1,100780.0,26.7,0.32,0.0,28.6,0.132,0,0,0,1.0,28.466343623895195,90.87075407201155,0.02535438984109363,34.409597981841024,0.2271072708093621,0.0,0.35456063322743736,0.0,0.0020041896959565163,1.1141713987746094e-07,0.4759708074651982,0.0,0.0,1.1640239925124911,lhs_candidate_000008_june2024_preflight,pa1_candidate_000008
2024-06-13T06:00,28.3,92.0,24.0,13.0,11.0,1.22,100880.0,26.8,0.32,0.01,28.7,0.132,1,0,0,1.0,28.417333590495087,92.23428972178128,0.025665918318725268,34.21911030802873,0.2270458541444776,2499.0063999999998,0.3007471949850413,20.4,0.0021054090695880857,5.748358049774923e-07,0.4755916922498617,0.0,0.0,1.1653683696165973,lhs_candidate_000008_june2024_preflight,pa1_candidate_000008
2024-06-13T07:00,30.6,76.0,190.0,136.0,54.0,1.2,100900.0,25.9,1.05,0.14,31.0,0.132,0,0,0,1.0,30.186186993071995,84.39708265519594,0.025855081783666516,34.100091048472684,0.23743172200124413,18619.849599999998,0.6691449699794876,161.5,0.0022380099950360475,4.554303219495448e-06,0.5397019876620008,0.0,0.0,1.158802415343814,lhs_candidate_000008_june2024_preflight,pa1_candidate_000008
2024-06-13T08:00,32.3,64.0,407.0,327.0,80.0,1.08,100910.0,24.5,1.76,0.31,32.6,0.132,0,0,0,1.0,32.67629085092996,76.15481088539039,0.026652408791083302,34.138569452871536,0.2361623549725237,38630.592000000004,1.1778403166378624,345.95,0.0020367754340660446,9.524427977130872e-06,0.531866388719282,0.0,0.0,1.1494811067649353,lhs_candidate_000008_june2024_preflight,pa1_candidate_000008
2024-06-13T09:00,33.6,56.0,613.0,510.0,103.0,1.22,100910.0,23.7,2.27,0.48,34.4,0.131,0,1,0,1.0,34.821750612829874,61.5908176807699,0.024126559190727533,34.33987984258297,0.23402448604854756,57567.7872,2.138439994908246,521.05,0.004042406730614458,1.4114009474654013e-05,0.518669666966343,0.0,0.0,1.1414733415828335,lhs_candidate_000008_june2024_preflight,pa1_candidate_000008
2024-06-13T10:00,34.6,53.0,773.0,664.0,109.0,1.17,100820.0,23.6,2.6,0.61,36.0,0.13,0,1,0,1.0,36.54927303157177,57.19954016683847,0.024502030914299013,34.674512117708055,0.23120255670406453,71858.88160000001,2.620413765804556,657.05,0.004287924961539424,1.717497934539777e-05,0.5012503500250898,0.0,0.0,1.1340937472005306,lhs_candidate_000008_june2024_preflight,pa1_candidate_000008
2024-06-13T11:00,35.3,51.0,877.0,752.0,125.0,0.89,100720.0,23.7,2.8,0.7,37.3,0.129,0,1,0,1.0,37.83488393583456,54.36159999245377,0.02486974982519598,35.102157129791536,0.22796803866923804,81573.8,2.9965434653748764,745.4499999999999,0.0042437610705643395,1.8717036754046184e-05,0.4812841893162842,0.0,0.0,1.1282851862541925,lhs_candidate_000008_june2024_preflight,pa1_candidate_000008
2024-06-13T12:00,36.2,48.0,902.0,752.0,150.0,0.54,100610.0,23.5,3.1,0.72,38.3,0.128,0,1,0,1.0,38.915462064790475,51.24654062516965,0.024765328639971117,35.57741014346501,0.22461636429587206,84653.36,3.3931447732309126,766.6999999999999,0.004064023011875799,1.851767582913332e-05,0.46059484133254364,0.0,0.0,1.1231503379914272,lhs_candidate_000008_june2024_preflight,pa1_candidate_000008
2024-06-13T13:00,36.5,48.0,864.0,709.0,155.0,0.57,100580.0,23.6,3.2,0.69,38.7,0.127,0,1,0,1.0,39.43683020271726,49.59193592515724,0.024603971789092793,36.0557398049831,0.22141304113515098,81485.272,3.60775102469612,734.4,0.004173642683230567,1.708012933425902e-05,0.4408212415750061,0.0,0.0,1.1209426755347425,lhs_candidate_000008_june2024_preflight,pa1_candidate_000008
2024-06-13T14:00,36.3,48.0,760.0,610.0,150.0,0.42,100480.0,23.5,3.15,0.6,38.6,0.126,0,1,0,1.0,39.21726026093854,48.70773760942767,0.023899585874469446,36.48726971380521,0.2185688610770878,72157.36,3.6281186972094117,646.0,0.0040907458650332445,1.4552861051774216e-05,0.4232645745499248,0.0,0.0,1.12061534915046,lhs_candidate_000008_june2024_preflight,pa1_candidate_000008
2024-06-13T15:00,35.8,50.0,572.0,436.0,136.0,0.67,100470.0,23.7,2.96,0.46,38.1,0.126,0,1,0,1.0,38.33254473802175,49.63642038059304,0.023289754208070085,36.818344818751044,0.2162942327000131,55120.8064,3.396928931148558,486.2,0.004068181272220762,1.0769616005499864e-05,0.40922365864205623,0.0,0.0,1.1236864318624284,lhs_candidate_000008_june2024_preflight,pa1_candidate_000008
2024-06-13T16:00,34.9,52.0,314.0,178.0,136.0,1.2,100560.0,23.7,2.67,0.28,37.1,0.126,0,1,0,1.0,36.77793895611457,50.65406185806682,0.02195460677012195,36.99728554195737,0.2147807589051338,32416.806399999998,3.059110960038369,266.9,0.0042925826528177665,6.092341225524243e-06,0.39988122780946783,0.0,0.0,1.1303345051482712,lhs_candidate_000008_june2024_preflight,pa1_candidate_000008
2024-06-13T17:00,32.8,61.0,147.0,66.0,81.0,0.89,100540.0,24.3,1.93,0.13,35.6,0.127,0,1,0,1.0,34.45509582028859,57.93623257204081,0.022264990405052042,37.016444717267,0.2139598597559318,15785.774399999998,2.294804327087996,124.95,0.0038648856784997245,3.040868620946339e-06,0.3948139491106901,0.0,0.0,1.138643585551768,lhs_candidate_000008_june2024_preflight,pa1_candidate_000008
2024-06-13T18:00,32.2,63.0,60.0,36.0,24.0,0.64,100570.0,24.3,1.77,0.06,34.3,0.127,1,1,0,1.0,32.92237622615052,62.08301417481429,0.022012340341937726,36.91921478574753,0.21355502242151125,6124.3776,1.8989917226681223,51.0,0.003080748366330312,1.4825694033351875e-06,0.3923149532192053,0.0,0.0,1.144687034380062,lhs_candidate_000008_june2024_preflight,pa1_candidate_000008
2024-06-13T19:00,31.6,68.0,0.0,0.0,0.0,1.06,100660.0,24.9,1.5,0.04,33.3,0.127,0,0,0,1.0,32.01152390013537,67.07784720290037,0.022661593469687064,36.76020090154374,0.22420912464480883,0.0,1.5663940870562603,0.0,0.0020286116304434007,4.7372303561794e-07,0.4580810163259804,0.0,0.0,1.1491311564894884,lhs_candidate_000008_june2024_preflight,pa1_candidate_000008
2024-06-13T20:00,31.1,71.0,0.0,0.0,0.0,0.92,100690.0,25.3,1.3,0.01,32.5,0.127,0,0,0,1.0,31.389558904271993,70.46181979055005,0.02302784228470474,36.572111900668084,0.2241299602759701,0.0,1.3567459894885134,0.0,0.0017471652206025115,4.0988164794333727e-07,0.45759234738253146,0.0,0.0,1.1518212200303375,lhs_candidate_000008_june2024_preflight,pa1_candidate_000008
2024-06-13T21:00,30.8,74.0,0.0,0.0,0.0,0.86,100750.0,25.6,1.15,0.0,31.9,0.127,0,0,0,1.0,31.003861604983133,73.60508410149747,0.0235632533602068,36.377504464826444,0.22406100222250686,0.0,1.1860766669479443,0.0,0.0015969806355129207,3.579880311994838e-07,0.4571666803858448,0.0,0.0,1.1539690709525858,lhs_candidate_000008_june2024_preflight,pa1_candidate_000008
2024-06-13T22:00,30.5,77.0,0.0,0.0,0.0,0.94,100760.0,26.0,1.0,0.0,31.3,0.127,0,0,0,1.0,30.698656357913,76.50526480198731,0.024093520197114443,36.180704330663914,0.22400067038846486,0.0,1.0375487581921612,0.0,0.001714575281279347,3.129034335788321e-07,0.4567942616571905,0.0,0.0,1.1552428450624928,lhs_candidate_000008_june2024_preflight,pa1_candidate_000008
2024-06-13T23:00,30.2,79.0,0.0,0.0,0.0,0.89,100770.0,26.2,0.9,0.0,30.8,0.127,0,0,0,1.0,30.40170938974751,78.58533088684669,0.024356137490997607,35.98256224994962,0.22394742614917734,0.0,0.9297853251540196,0.0,0.0016408834192140958,2.8020243786338553e-07,0.4564655935134404,0.0,0.0,1.156487716974047,lhs_candidate_000008_june2024_preflight,pa1_candidate_000008
2024-06-14T00:00,29.7,84.0,0.0,0.0,0.0,0.95,100680.0,26.6,0.68,0.0,30.3,0.127,0,0,0,1.0,29.987203279471462,82.72559364832543,0.02507205055072627,35.78205275721613,0.22390197158447692,0.0,0.7324264823349118,0.0,0.0017906741950705683,2.205902044771606e-07,0.45618500978072174,0.0,0.0,1.1570347860763028,lhs_candidate_000008_june2024_preflight,pa1_candidate_000008
2024-06-14T01:00,29.1,88.0,0.0,0.0,0.0,1.04,100660.0,26.9,0.47,0.0,29.8,0.127,0,0,0,1.0,29.44289756075669,86.52404931388917,0.025461242806829446,35.57568740462413,0.22386723127138308,0.0,0.5537740628645045,0.0,0.0019598973891803355,1.6670575449806466e-07,0.4559705634035993,0.0,0.0,1.1588858089606917,lhs_candidate_000008_june2024_preflight,pa1_candidate_000008
2024-06-14T02:00,28.9,88.0,0.0,0.0,0.0,1.04,100630.0,26.7,0.47,0.0,29.4,0.127,0,0,0,1.0,29.093509257938795,87.49443716677735,0.025262351790142537,35.363751887596955,0.22383912221313312,0.0,0.5036458594474174,0.0,0.0018659678627230168,1.515576814915333e-07,0.45579705069835263,0.0,0.0,1.159879675586737,lhs_candidate_000008_june2024_preflight,pa1_candidate_000008
2024-06-14T03:00,28.6,89.0,0.0,0.0,0.0,1.1,100610.0,26.7,0.41,0.0,29.0,0.127,0,0,0,1.0,28.8185115603184,88.26008608074682,0.025104347951286705,35.15139529896082,0.22381278761641674,0.0,0.4653533827160432,0.0,0.00197498154776124,1.3998472297237491e-07,0.4556344914593626,0.0,0.0,1.1607052251324175,lhs_candidate_000008_june2024_preflight,pa1_candidate_000008
2024-06-14T04:00,28.4,90.0,0.0,0.0,0.0,1.2,100600.0,26.6,0.39,0.0,28.8,0.127,0,0,0,1.0,28.58194110158509,89.32355983805607,0.025080734652090975,34.93902147062991,0.22378891992094307,0.0,0.4174396455781735,0.0,0.0021103945959850827,1.2553100512139764e-07,0.45548716000582146,0.0,0.0,1.1614998093262583,lhs_candidate_000008_june2024_preflight,pa1_candidate_000008
2024-06-14T05:00,28.6,88.0,0.0,0.0,0.0,1.1,100680.0,26.4,0.47,0.0,28.5,0.127,0,0,0,1.0,28.61626963361128,88.32374029271341,0.024846569685759403,34.73024076926157,0.22376565984161076,0.0,0.45744104722648826,0.0,0.0018472513113154418,1.3751672583045385e-07,0.4553435792692022,0.0,0.0,1.1622912314689193,lhs_candidate_000008_june2024_preflight,pa1_candidate_000008
2024-06-14T06:00,28.7,88.0,24.0,13.0,11.0,1.2,100710.0,26.6,0.45,0.02,28.6,0.127,1,0,0,1.0,28.788888202533645,88.44207003858124,0.025115482876949837,34.537228054758515,0.2236993527644304,2499.0063999999998,0.4573550184108184,20.4,0.0020564043808951045,5.969050998247584e-07,0.45493427632364447,0.0,0.0,1.1619728834732133,lhs_candidate_000008_june2024_preflight,pa1_candidate_000008
2024-06-14T07:00,30.6,75.0,194.0,141.0,53.0,1.1,100710.0,25.7,1.09,0.14,31.1,0.127,0,0,0,1.0,30.35559929794164,83.03781151371601,0.025672220744358133,34.41675484799451,0.23408741436850522,18936.6672,0.7345271306214012,164.9,0.0019899909800654746,4.489889497845192e-06,0.5190581133858347,0.0,0.0,1.1559747212867106,lhs_candidate_000008_june2024_preflight,pa1_candidate_000008
2024-06-14T08:00,32.6,60.0,418.0,342.0,76.0,0.54,100710.0,23.9,1.94,0.31,32.7,0.126,0,0,0,1.0,32.9262256380757,78.92699796247548,0.02799028836212556,34.453166680389174,0.23283836648785047,39457.8624,1.0556245942247293,355.3,0.0012608962474518926,9.352472531600599e-06,0.5113479412830276,0.0,0.0,1.1462660970351084,lhs_candidate_000008_june2024_preflight,pa1_candidate_000008
2024-06-14T09:00,34.0,53.0,623.0,529.0,94.0,0.3,100660.0,23.2,2.47,0.47,34.7,0.126,0,1,0,1.0,35.25909795564757,60.52527902236677,0.024254637456296954,34.65877674884075,0.23074070671986013,58131.145599999996,2.2515206921156206,529.55,0.003185299815431631,1.3809393546321983e-05,0.4983994241966675,0.0,0.0,1.1370307075892012,lhs_candidate_000008_june2024_preflight,pa1_candidate_000008
2024-06-14T10:00,35.2,50.0,793.0,686.0,107.0,0.4,100630.0,23.0,2.86,0.62,36.4,0.125,0,1,0,1.0,37.19312942599768,55.536275037648785,0.024588333485770154,35.00429771574492,0.22796560061790805,73548.5168,2.819499559902469,674.05,0.003653381742128004,1.6958710782296958e-05,0.48126913961671636,0.0,0.0,1.1296080699923752,lhs_candidate_000008_june2024_preflight,pa1_candidate_000008
2024-06-14T11:00,35.8,48.0,842.0,715.0,127.0,1.49,100570.0,23.1,3.05,0.68,37.4,0.124,0,1,0,1.0,38.339238954217855,49.896317647511985,0.02341965180542087,35.433255846869635,0.22486964261108583,78564.1648,3.3806198437817896,715.6999999999999,0.004871936050001707,1.7409623398400662e-05,0.462158287722752,0.0,0.0,1.1247806884894203,lhs_candidate_000008_june2024_preflight,pa1_candidate_000008
2024-06-14T12:00,36.1,48.0,935.0,798.0,137.0,1.96,100550.0,23.3,3.1,0.76,38.1,0.123,0,1,0,1.0,39.030348332251215,48.136471885257386,0.023397685578409884,35.90562828373871,0.2216375439274106,87099.98879999999,3.6319341685009077,794.75,0.0055783911955097736,1.846231848695421e-05,0.44220706128031245,0.0,0.0,1.1220674467387926,lhs_candidate_000008_june2024_preflight,pa1_candidate_000008
2024-06-14T13:00,36.1,49.0,848.0,712.0,136.0,1.75,100460.0,23.6,3.05,0.7,38.3,0.123,0,1,0,1.0,39.11569354756205,48.18335177579234,0.023521532127708005,36.37531783193936,0.21852798090674397,79408.8064,3.645305207105456,720.8,0.005335716964006851,1.6115724637626187e-05,0.4230122278194072,0.0,0.0,1.1207567125666464,lhs_candidate_000008_june2024_preflight,pa1_candidate_000008
2024-06-14T14:00,35.3,53.0,662.0,452.0,210.0,1.75,100410.0,24.2,2.7,0.55,37.9,0.122,0,1,0,1.0,38.167877693941826,50.69977768849898,0.02359066739104733,36.75190801272415,0.21598097829606977,65644.304,3.2957845733006708,562.6999999999999,0.005294366221803963,1.2234322740812821e-05,0.4072899894819122,0.0,0.0,1.1236093765538977,lhs_candidate_000008_june2024_preflight,pa1_candidate_000008
2024-06-14T15:00,34.6,55.0,516.0,365.0,151.0,1.81,100370.0,24.4,2.45,0.44,37.3,0.122,0,1,0,1.0,36.94079823428384,52.89216475449602,0.023116973009460345,37.00441249432249,0.2140418920872748,50720.5424,2.94641119331152,438.59999999999997,0.005214545434808861,9.354388766275898e-06,0.39532032152638774,0.0,0.0,1.1276063008359347,lhs_candidate_000008_june2024_preflight,pa1_candidate_000008
2024-06-14T16:00,34.6,55.0,417.0,306.0,111.0,0.92,100310.0,24.3,2.45,0.34,36.7,0.121,0,1,0,1.0,36.32471916903985,54.782004174045404,0.0231968374024457,37.16362060151479,0.21253036014793317,40601.246399999996,2.7346330229213667,354.45,0.003923102245041477,7.471315978344284e-06,0.3859898774563776,0.0,0.0,1.129175643297128,lhs_candidate_000008_june2024_preflight,pa1_candidate_000008
2024-06-14T17:00,34.1,57.0,282.0,210.0,72.0,0.89,100350.0,24.3,2.31,0.22,36.0,0.121,0,1,0,1.0,35.572054033967895,56.19010885497099,0.02288582810343015,37.24493584575579,0.21139717627426607,27349.1328,2.5422502147906623,239.7,0.003773033233650993,5.134363678712364e-06,0.3789949152732474,0.0,0.0,1.1323799484988644,lhs_candidate_000008_june2024_preflight,pa1_candidate_000008
2024-06-14T18:00,33.2,61.0,83.0,53.0,30.0,0.72,100470.0,24.8,1.97,0.07,34.9,0.121,1,1,0,1.0,34.21036141720188,59.39743451310034,0.02253627711850114,37.213982523124244,0.2107694694511661,8359.472,2.1851815549341778,70.55,0.003348868552421464,1.8515948590515848e-06,0.3751201817973216,0.0,0.0,1.1387568249537727,lhs_candidate_000008_june2024_preflight,pa1_candidate_000008
2024-06-14T19:00,32.2,68.0,0.0,0.0,0.0,0.91,100530.0,25.6,1.51,0.03,33.7,0.121,0,1,0,1.0,32.79984157045349,66.13806989640989,0.023298652049106045,37.077384563378146,0.22138240098606354,0.0,1.6842747024734503,0.0,0.003322212414556887,4.899708430540851e-07,0.44063210485224413,0.0,0.0,1.1446900260014476,lhs_candidate_000008_june2024_preflight,pa1_candidate_000008
2024-06-14T20:00,31.4,74.0,0.0,0.0,0.0,1.04,100570.0,26.3,1.18,0.01,32.9,0.121,0,0,0,1.0,31.825238082906175,72.54510651850508,0.02426666723284436,36.89431592146286,0.22130510213227061,0.0,1.2925818680445125,0.0,0.0020078761710646603,3.756166417445329e-07,0.44015495143376926,0.0,0.0,1.1488050074174472,lhs_candidate_000008_june2024_preflight,pa1_candidate_000008
2024-06-14T21:00,30.9,79.0,0.0,0.0,0.0,0.78,100630.0,26.9,0.92,0.0,32.3,0.121,0,0,0,1.0,31.20311873538727,77.83537622650317,0.025185051592461788,36.69736550402293,0.22124532944688755,0.0,1.0073389841399565,0.0,0.0015562883917824098,2.924813646082259e-07,0.4397859842400466,0.0,0.0,1.1518400235980057,lhs_candidate_000008_june2024_preflight,pa1_candidate_000008
2024-06-14T22:00,30.6,82.0,0.0,0.0,0.0,0.78,100610.0,27.1,0.79,0.0,31.9,0.121,0,0,0,1.0,30.817440832582076,81.27494425723495,0.0257595396013236,36.49418951318531,0.2211976390547345,0.0,0.8325365481255771,0.0,0.0014891192743486021,2.4156558404615634e-07,0.4394915991032994,0.0,0.0,1.1530722771935475,lhs_candidate_000008_june2024_preflight,pa1_candidate_000008
2024-06-14T23:00,30.3,84.0,0.0,0.0,0.0,0.78,100640.0,27.3,0.7,0.0,31.5,0.121,0,0,0,1.0,30.511747814025284,83.39653308909396,0.026000952292103932,36.28907678532583,0.22115712769876822,0.0,0.7254405561662622,0.0,0.0014846999883084502,2.1037125623587417e-07,0.4392415290047421,0.0,0.0,1.1545772331436512,lhs_candidate_000008_june2024_preflight,pa1_candidate_000008
2024-06-15T00:00,30.0,86.0,0.0,0.0,0.0,0.76,100620.0,27.4,0.6,0.0,31.2,0.121,0,0,0,1.0,30.214172845744997,85.31866045861968,0.02617691918109662,36.08286858850639,0.2211217591729685,0.0,0.6306322576706704,0.0,0.001457669746862653,1.8278680078101186e-07,0.43902320477141055,0.0,0.0,1.1554801051215309,lhs_candidate_000008_june2024_preflight,pa1_candidate_000008
2024-06-15T01:00,29.8,87.0,0.0,0.0,0.0,0.76,100570.0,27.4,0.56,0.0,30.9,0.121,0,0,0,1.0,29.976147964378445,86.55122496929489,0.026215828826861073,35.87624971419375,0.22109060296736413,0.0,0.569860045837288,0.0,0.0014260989719377993,1.6509980724473554e-07,0.4388308825145934,0.0,0.0,1.1558127960941944,lhs_candidate_000008_june2024_preflight,pa1_candidate_000008
2024-06-15T02:00,29.4,88.0,0.0,0.0,0.0,0.85,100560.0,27.1,0.5,0.0,30.6,0.121,0,0,0,1.0,29.65383817318011,87.27380708179032,0.02597744320675505,35.669569376581244,0.2210619232004611,0.0,0.5293514003580353,0.0,0.0016202391416751004,1.5330177487612504e-07,0.43865384691642667,0.0,0.0,1.1569280152625623,lhs_candidate_000008_june2024_preflight,pa1_candidate_000008
2024-06-15T03:00,29.2,88.0,0.0,0.0,0.0,0.95,100530.0,27.1,0.48,0.0,30.3,0.121,0,0,0,1.0,29.3828957946473,87.57521864138363,0.025686733346821793,35.46130842895075,0.22103501689937777,0.0,0.5088159443070261,0.0,0.0017194621907422702,1.4729885122351377e-07,0.4384877586381344,0.0,0.0,1.1576186820362877,lhs_candidate_000008_june2024_preflight,pa1_candidate_000008
2024-06-15T04:00,29.1,89.0,0.0,0.0,0.0,0.89,100500.0,27.1,0.44,0.0,30.1,0.121,0,0,0,1.0,29.235184651739235,88.55510699068844,0.025766459630245944,35.254429259251204,0.22100958686845323,0.0,0.46471328609672913,0.0,0.001591850553317738,1.3448326201691538e-07,0.43833078313860024,0.0,0.0,1.1578385399287625,lhs_candidate_000008_june2024_preflight,pa1_candidate_000008
2024-06-15T05:00,28.9,90.0,0.0,0.0,0.0,0.89,100530.0,27.1,0.41,0.0,29.8,0.121,0,0,0,1.0,29.07029854127545,89.4331623414876,0.02578951069409003,35.05045979082907,0.220986410270096,0.0,0.4249960421324226,0.0,0.0016182908688646385,1.2294935652682622e-07,0.43818771771664194,0.0,0.0,1.1588160484018266,lhs_candidate_000008_june2024_preflight,pa1_candidate_000008
2024-06-15T06:00,29.0,89.0,23.0,10.0,13.0,1.08,100570.0,27.0,0.43,0.01,29.8,0.121,1,0,0,1.0,29.105208520536195,89.48085264253476,0.025852351046141638,34.85622817559565,0.22092645024900254,2481.3712,0.4239317740792825,19.55,0.0018722288000522305,5.463588165250828e-07,0.4378175941296453,0.0,0.0,1.1591432364817837,lhs_candidate_000008_june2024_preflight,pa1_candidate_000008
2024-06-15T07:00,30.0,81.0,161.0,72.0,89.0,0.95,100690.0,26.4,0.8,0.12,30.8,0.121,0,0,0,1.0,30.05576858262361,87.5479701568094,0.02663210665789815,34.71906232779009,0.2314001096451479,17299.2336,0.5300401376478225,136.85,0.0016278578597409556,3.5806767763243403e-06,0.5024698126243697,0.0,0.0,1.1568880365448362,lhs_candidate_000008_june2024_preflight,pa1_candidate_000008
2024-06-15T08:00,31.6,70.0,350.0,212.0,138.0,0.45,100690.0,25.5,1.38,0.26,32.3,0.12,0,0,0,1.0,31.96627807268523,85.92455222960857,0.02895892989564576,34.704357870066495,0.2303984695890667,35655.1712,0.6679816541827241,297.5,0.0011998419547022603,7.5296201651222456e-06,0.4962868493152266,0.0,0.0,1.1496440914275223,lhs_candidate_000008_june2024_preflight,pa1_candidate_000008
2024-06-15T09:00,33.0,62.0,572.0,377.0,195.0,0.45,100720.0,24.7,1.93,0.44,34.1,0.12,0,1,0,1.0,34.12551656181356,68.67364765957971,0.025940324537083528,34.845224874715605,0.22861181519126972,57196.568,1.6780109108105803,486.2,0.0031874342171404465,1.2219936704309076e-05,0.4852581184646279,0.0,0.0,1.1419056149343298,lhs_candidate_000008_june2024_preflight,pa1_candidate_000008
2024-06-15T10:00,34.4,55.0,762.0,608.0,154.0,0.32,100620.0,24.1,2.42,0.59,35.8,0.12,0,1,0,1.0,36.230341103441575,60.72215872685055,0.025587402967859142,35.13783393842213,0.22608513864304916,72474.08959999999,2.3631486229409915,647.6999999999999,0.0035332648219283105,1.579539411515461e-05,0.46966134964845163,0.0,0.0,1.133010795319756,lhs_candidate_000008_june2024_preflight,pa1_candidate_000008
2024-06-15T11:00,35.1,52.0,824.0,698.0,126.0,0.22,100570.0,23.9,2.7,0.65,37.0,0.119,0,1,0,1.0,37.598021385469735,55.31872237743376,0.025003937663034166,35.529157488160436,0.22317241903760723,76944.9824,2.8962892117103682,700.4,0.003837393909798186,1.6528345255244826e-05,0.45168159899757554,0.0,0.0,1.127463592803919,lhs_candidate_000008_june2024_preflight,pa1_candidate_000008
2024-06-15T12:00,35.8,50.0,895.0,690.0,205.0,0.57,100440.0,23.7,2.95,0.71,38.1,0.118,0,1,0,1.0,38.5970311735221,52.170847531755896,0.02480926328940331,35.9691532010633,0.22013077046586257,85972.39199999999,3.272296840154317,760.75,0.0041176970704978,1.724239675967781e-05,0.4329059905300159,0.0,0.0,1.122397851096692,lhs_candidate_000008_june2024_preflight,pa1_candidate_000008
2024-06-15T13:00,36.2,49.0,828.0,658.0,170.0,1.08,100370.0,23.8,3.05,0.67,38.5,0.118,0,1,0,1.0,39.066657980557046,49.394590322699784,0.024053248632060504,36.41582803290161,0.21719213396706868,78845.008,3.5507416448857274,703.8,0.004542447008095028,1.5426542854256e-05,0.4147662590559796,0.0,0.0,1.1199285143267328,lhs_candidate_000008_june2024_preflight,pa1_candidate_000008
2024-06-15T14:00,36.0,49.0,843.0,727.0,116.0,1.51,100270.0,23.6,3.02,0.68,38.6,0.117,0,1,0,1.0,39.06477824935096,48.08048955422325,0.023411112161402067,36.840734468115365,0.21444665265029347,78265.1584,3.64257845708673,716.55,0.005064777881407687,1.5071484956148171e-05,0.3978188435203301,0.0,0.0,1.1188194502355375,lhs_candidate_000008_june2024_preflight,pa1_candidate_000008
2024-06-15T15:00,33.9,57.0,658.0,509.0,149.0,1.84,100310.0,24.3,2.26,0.53,37.9,0.121,0,1,0,1.0,37.290283685222164,52.430081507822976,0.023328729220260486,37.191275868760926,0.212069005486058,63146.17759999999,3.032443609827816,559.3,0.005560120557852084,1.137784081237113e-05,0.3831420091731976,0.0,0.0,1.1256635606486967,lhs_candidate_000008_june2024_preflight,pa1_candidate_000008
2024-06-15T16:00,32.6,65.0,393.0,306.0,87.0,1.91,100350.0,25.2,1.72,0.32,36.4,0.121,0,1,0,1.0,34.97089810315889,60.50877121575097,0.023887478378045945,37.36222467069883,0.2104464209785914,37644.8688,2.2168968229324637,334.05,0.0053611737169827756,6.717879200046978e-06,0.3731260554234037,0.0,0.0,1.1345892660951715,lhs_candidate_000008_june2024_preflight,pa1_candidate_000008
2024-06-15T17:00,32.3,66.0,180.0,111.0,69.0,0.91,100400.0,25.1,1.65,0.15,35.2,0.121,0,1,0,1.0,33.514881025790444,64.40699246718268,0.023561168027837635,37.359992986765135,0.20955460753245625,18267.5856,1.8427407178046233,153.0,0.0036684655740620653,3.2323031250777773e-06,0.36762103415096453,0.0,0.0,1.1405441932556013,lhs_candidate_000008_june2024_preflight,pa1_candidate_000008
2024-06-15T18:00,31.6,68.0,61.0,33.0,28.0,0.71,100450.0,25.0,1.47,0.05,34.0,0.121,1,1,0,1.0,32.38122184907163,66.60075222003326,0.02294691896535005,37.24486468433605,0.2091448527163958,6353.1071999999995,1.6225916457084804,51.85,0.0031970025105342837,1.328435424067529e-06,0.36509168343454196,0.0,0.0,1.1453462362814997,lhs_candidate_000008_june2024_preflight,pa1_candidate_000008
2024-06-15T19:00,30.8,71.0,0.0,0.0,0.0,1.12,100530.0,24.9,1.28,0.03,33.0,0.121,0,1,0,1.0,31.301960303421648,69.54100023013167,0.022620644573460576,37.06058084105121,0.21982066472032988,0.0,1.3920991255983828,0.0,0.0035565540447123744,3.9611409803325823e-07,0.4309917575329005,0.0,0.0,1.1503218167929963,lhs_candidate_000008_june2024_preflight,pa1_candidate_000008
2024-06-15T20:00,30.1,72.0,0.0,0.0,0.0,1.04,100550.0,24.5,1.19,0.01,32.2,0.12,0,0,0,1.0,30.496146813522692,71.27744608371898,0.02220386298531286,36.843119210651516,0.21975351027242165,0.0,1.2538308220766985,0.0,0.001991525398924573,3.5642747112240336e-07,0.4305772239038374,0.0,0.0,1.1536039895487853,lhs_candidate_000008_june2024_preflight,pa1_candidate_000008
2024-06-15T21:00,29.8,72.0,0.0,0.0,0.0,0.98,100590.0,24.2,1.16,0.01,31.7,0.12,0,0,0,1.0,30.032409267938466,71.8876583271107,0.021840649275993385,36.61640003351933,0.2196911860269138,0.0,1.1950441092616657,0.0,0.0017989063252177454,3.394125923202713e-07,0.430192506338974,0.0,0.0,1.1558281226370712,lhs_candidate_000008_june2024_preflight,pa1_candidate_000008
2024-06-15T22:00,29.4,75.0,0.0,0.0,0.0,1.03,100670.0,24.4,1.03,0.01,31.2,0.12,0,0,0,1.0,29.65827329934903,74.31516390807965,0.022125562788534083,36.387117761145234,0.21963304978892365,0.0,1.0686441852417383,0.0,0.001891871478128303,3.0325970178753e-07,0.4298336406723682,0.0,0.0,1.158176585436771,lhs_candidate_000008_june2024_preflight,pa1_candidate_000008
2024-06-15T23:00,29.1,77.0,0.0,0.0,0.0,1.12,100710.0,24.6,0.94,0.01,30.9,0.12,0,0,0,1.0,29.323979151258683,76.4432864885889,0.02234996427819564,36.155896888995024,0.21958136902207928,0.0,0.9614172462587041,0.0,0.002009133866271034,2.72628363999719e-07,0.429514623593082,0.0,0.0,1.159917297818027,lhs_candidate_000008_june2024_preflight,pa1_candidate_000008
2024-06-16T00:00,29.0,78.0,0.0,0.0,0.0,1.12,100670.0,24.7,0.88,0.0,30.6,0.12,0,0,0,1.0,29.14155356757455,77.77479638755617,0.022514791161561142,35.92525487554859,0.21953411881684162,0.0,0.8975786348338453,0.0,0.0019591248346426723,2.543528578196387e-07,0.4292229556595162,0.0,0.0,1.1601563056357367,lhs_candidate_000008_june2024_preflight,pa1_candidate_000008
2024-06-16T01:00,28.8,80.0,0.0,0.0,0.0,1.17,100610.0,24.9,0.8,0.0,30.3,0.12,0,0,0,1.0,28.972626687301386,79.50532821279896,0.022805006195101823,35.6979173284268,0.21949022876800484,0.0,0.8196527204907782,0.0,0.0020573092797349216,2.3212386106028637e-07,0.4289520294321286,0.0,0.0,1.1601131402722977,lhs_candidate_000008_june2024_preflight,pa1_candidate_000008
2024-06-16T02:00,28.8,80.0,0.0,0.0,0.0,1.06,100570.0,25.0,0.79,0.0,30.1,0.12,0,0,0,1.0,28.89571654831571,80.00767709118819,0.022853092524180187,35.474159654150455,0.2194493056011426,0.0,0.7960144669036544,0.0,0.001833902104413001,2.2529680257761133e-07,0.4286994172910037,0.0,0.0,1.1599471916097412,lhs_candidate_000008_june2024_preflight,pa1_candidate_000008
2024-06-16T03:00,28.6,80.0,0.0,0.0,0.0,0.99,100570.0,24.9,0.78,0.0,30.0,0.12,0,0,0,1.0,28.766396459531236,79.85146859357803,0.0226481358400546,35.25544273787012,0.21940871096629463,0.0,0.7962535004559097,0.0,0.001770291414050918,2.2523272604917106e-07,0.42844883312527554,0.0,0.0,1.1604440327073542,lhs_candidate_000008_june2024_preflight,pa1_candidate_000008
2024-06-16T04:00,28.4,82.0,0.0,0.0,0.0,1.06,100610.0,25.0,0.7,0.0,29.8,0.12,0,0,0,1.0,28.57413963436717,81.46334882878735,0.022863951964480263,35.03926180153131,0.2193698019059927,0.0,0.72443942968953,0.0,0.0018849193784133862,2.0480412239340017e-07,0.4282086537406957,0.0,0.0,1.1616453016263661,lhs_candidate_000008_june2024_preflight,pa1_candidate_000008
2024-06-16T05:00,28.3,82.0,0.0,0.0,0.0,1.34,100620.0,25.0,0.69,0.0,29.7,0.12,0,0,0,1.0,28.433591886016206,81.77333557776915,0.0227752163118749,34.8254866015958,0.2193336281064404,0.0,0.7065410667305825,0.0,0.0023083310732943943,1.996399700752032e-07,0.4279853586817308,0.0,0.0,1.1623021800947027,lhs_candidate_000008_june2024_preflight,pa1_candidate_000008
2024-06-16T06:00,28.4,82.0,21.0,9.0,12.0,1.41,100650.0,25.0,0.7,0.02,29.6,0.12,1,0,0,1.0,28.496124234870685,82.3142252482773,0.023004425401630803,34.62235883664656,0.2192642442103618,2270.1888,0.6880659070595105,17.849999999999998,0.002402997183832882,5.721232059038658e-07,0.42755706302692476,0.0,0.0,1.1624077008397242,lhs_candidate_000008_june2024_preflight,pa1_candidate_000008
2024-06-16T07:00,29.6,73.0,157.0,90.0,67.0,1.1,100700.0,24.3,1.11,0.12,30.4,0.12,0,0,0,1.0,29.565035998437054,79.17285832931194,0.02345295849298898,34.47694781263086,0.2297396134049837,16173.2208,0.8618996023134864,133.45,0.0018593638191291885,3.532610721752536e-06,0.4922198358332327,0.0,0.0,1.1588785547567517,lhs_candidate_000008_june2024_preflight,pa1_candidate_000008
2024-06-16T08:00,30.7,67.0,251.0,103.0,148.0,0.5,100730.0,23.8,1.46,0.19,31.5,0.12,0,0,0,1.0,31.035086653639922,78.33028260921455,0.02511796618050915,34.42793643570636,0.22892866959391822,27294.995199999998,0.9754783807679872,213.35,0.0012247286811350945,5.460783295698928e-06,0.48721400983900137,0.0,0.0,1.153621562091035,lhs_candidate_000008_june2024_preflight,pa1_candidate_000008
2024-06-16T09:00,32.0,61.0,453.0,247.0,206.0,0.14,100780.0,23.6,1.85,0.34,33.0,0.119,0,1,0,1.0,32.819613345754284,68.0617468637768,0.02400140304714688,34.49412180512184,0.2275707396269532,47111.5744,1.5903572763963654,385.05,0.0028057370436560484,9.63216297175489e-06,0.47883172609230373,0.0,0.0,1.1474625099956113,lhs_candidate_000008_june2024_preflight,pa1_candidate_000008
2024-06-16T10:00,33.8,54.0,791.0,686.0,105.0,1.02,100720.0,23.2,2.42,0.61,35.1,0.119,0,1,0,1.0,35.39817106501189,59.85771440469001,0.024160869235459844,34.746848998238015,0.22524190571024916,73302.152,2.307221038995302,672.35,0.003972732631072814,1.617008508140924e-05,0.4644562080879578,0.0,0.0,1.1371956491676964,lhs_candidate_000008_june2024_preflight,pa1_candidate_000008
2024-06-16T11:00,34.7,51.0,861.0,724.0,137.0,1.41,100690.0,23.2,2.7,0.68,36.5,0.118,0,1,0,1.0,37.177276795529096,53.032414297518734,0.02346072577409291,35.15226277958749,0.22224864710181624,80587.98879999999,2.975705424363824,731.85,0.0047595831144958654,1.7037573761994797e-05,0.4459793030976312,0.0,0.0,1.1303393304860563,lhs_candidate_000008_june2024_preflight,pa1_candidate_000008
2024-06-16T12:00,35.3,50.0,892.0,745.0,147.0,1.62,100640.0,23.2,2.87,0.72,37.5,0.118,0,1,0,1.0,38.107327671496215,50.435035703161,0.0233954001908488,35.60192503073783,0.21918682427441882,83667.8128,3.3026627892873877,758.1999999999999,0.005115949426533122,1.6964954454607772e-05,0.42707916218777053,0.0,0.0,1.126402206256522,lhs_candidate_000008_june2024_preflight,pa1_candidate_000008
2024-06-16T13:00,34.7,51.0,702.0,533.0,169.0,1.14,100600.0,23.2,2.7,0.57,37.5,0.117,0,1,0,1.0,37.64352227235484,50.098987899492805,0.022697242622572382,36.00574011139446,0.2164934831406477,67721.8256,3.2426282775303896,596.6999999999999,0.004633451247560156,1.3005959574454675e-05,0.4104535996336278,0.0,0.0,1.1276348023431972,lhs_candidate_000008_june2024_preflight,pa1_candidate_000008
2024-06-16T14:00,34.7,50.0,678.0,461.0,217.0,1.12,100480.0,22.9,2.74,0.55,37.6,0.117,0,1,0,1.0,37.234576030056296,50.06912657225848,0.022214843525977135,36.3277982766,0.21423193264490406,67298.58080000001,3.1733227356359532,576.3,0.00446294018836476,1.2144958348085088e-05,0.3964934113882967,0.0,0.0,1.1277736506680909,lhs_candidate_000008_june2024_preflight,pa1_candidate_000008
2024-06-16T15:00,34.6,51.0,601.0,384.0,217.0,1.43,100500.0,23.1,2.68,0.49,37.3,0.117,0,1,0,1.0,36.949498032984984,50.255451120093575,0.021974372966016162,36.607961265780524,0.21219553581517256,60522.5808,3.112802602782491,510.84999999999997,0.004739083402891982,1.0500359481126005e-05,0.38392306058748493,0.0,0.0,1.129035109421615,lhs_candidate_000008_june2024_preflight,pa1_candidate_000008
2024-06-16T16:00,33.5,56.0,379.0,182.0,197.0,1.81,100540.0,23.4,2.29,0.33,36.3,0.117,0,1,0,1.0,35.616832354876735,53.32354796189433,0.021768724301206497,36.78657022642296,0.21065523146802573,40282.932799999995,2.7152769057470065,322.15,0.005147939540647601,6.643662634501978e-06,0.37441500906188724,0.0,0.0,1.1343594341643886,lhs_candidate_000008_june2024_preflight,pa1_candidate_000008
2024-06-16T17:00,32.1,61.0,167.0,39.0,128.0,0.91,100550.0,23.6,1.87,0.15,35.0,0.118,0,1,0,1.0,33.644743372966424,58.5066663839608,0.021549402595118228,36.80789998434872,0.209778795409334,19199.3472,2.16385337346332,141.95,0.0038341003061893924,3.1208001166422693e-06,0.3690049099341605,0.0,0.0,1.141764694284074,lhs_candidate_000008_june2024_preflight,pa1_candidate_000008
2024-06-16T18:00,31.5,64.0,60.0,24.0,36.0,0.86,100610.0,23.9,1.65,0.06,33.8,0.118,1,1,0,1.0,32.24503378099175,62.73074179537924,0.02145778018079896,36.704569036367005,0.20937702122137705,6546.5664,1.7967547158792376,51.0,0.0033485351977075818,1.3603681617765557e-06,0.3665248223541794,0.0,0.0,1.1476821507348811,lhs_candidate_000008_june2024_preflight,pa1_candidate_000008
2024-06-16T19:00,30.9,67.0,0.0,0.0,0.0,0.89,100570.0,24.2,1.46,0.03,32.9,0.118,0,0,0,1.0,31.323236981774013,66.33062789247685,0.021600939468226533,36.53513297161776,0.22004565720555735,0.0,1.540686860208857,0.0,0.001794834855011039,4.398066106414043e-07,0.4323806000343047,0.0,0.0,1.150699102886811,lhs_candidate_000008_june2024_preflight,pa1_candidate_000008
2024-06-16T20:00,30.4,71.0,0.0,0.0,0.0,1.0,100640.0,24.6,1.25,0.01,32.2,0.118,0,0,0,1.0,30.69903571582636,70.2257983592818,0.022116402155880708,36.33685006820511,0.21997236197612977,0.0,1.31488413770288,0.0,0.001872185479947787,3.7495589000428343e-07,0.4319281603464801,0.0,0.0,1.1538655693828848,lhs_candidate_000008_june2024_preflight,pa1_candidate_000008
2024-06-16T21:00,30.0,75.0,0.0,0.0,0.0,1.0,100700.0,25.1,1.07,0.01,31.7,0.118,0,0,0,1.0,30.252698968522793,74.2134649501094,0.022817080795286788,36.13173519827973,0.21991025733905115,0.0,1.1100984755791647,0.0,0.0018424980688451027,3.162776962673497e-07,0.4315447983892046,0.0,0.0,1.1562519536367155,lhs_candidate_000008_june2024_preflight,pa1_candidate_000008
2024-06-16T22:00,29.7,77.0,0.0,0.0,0.0,0.99,100710.0,25.3,0.94,0.0,31.2,0.118,0,0,0,1.0,29.91248398286843,76.53446571139025,0.023102134605135403,35.923246141509715,0.21985668891553817,0.0,0.9906708544707259,0.0,0.001800908819300717,2.82035348220329e-07,0.4312141291082603,0.0,0.0,1.1576649011338098,lhs_candidate_000008_june2024_preflight,pa1_candidate_000008
2024-06-16T23:00,29.4,79.0,0.0,0.0,0.0,0.85,100740.0,25.4,0.84,0.0,30.9,0.118,0,0,0,1.0,29.612057608704344,78.5148220754531,0.023317416841335144,35.71343573104309,0.21980849782073433,0.0,0.8915401244777055,0.0,0.0015889176499247874,2.5363859931043195e-07,0.4309166532144095,0.0,0.0,1.159158828350051,lhs_candidate_000008_june2024_preflight,pa1_candidate_000008
2024-06-17T00:00,29.1,81.0,0.0,0.0,0.0,1.0,100710.0,25.6,0.74,0.0,30.6,0.118,0,0,0,1.0,29.31429398976613,80.40404586014417,0.023495614033154345,35.50272951766511,0.21976523808496934,0.0,0.7993208285985567,0.0,0.001817723778550835,2.2726176242331602e-07,0.43064961780845273,0.0,0.0,1.1599544393470291,lhs_candidate_000008_june2024_preflight,pa1_candidate_000008
2024-06-17T01:00,28.8,83.0,0.0,0.0,0.0,0.86,100680.0,25.7,0.67,0.0,30.3,0.118,0,0,0,1.0,29.017658003796175,82.35162576686211,0.023679451004799738,35.29117033924578,0.21972669305229664,0.0,0.7076586836295373,0.0,0.0016083667001694404,2.0108934905767548e-07,0.43041168550800396,0.0,0.0,1.160747286672969,lhs_candidate_000008_june2024_preflight,pa1_candidate_000008
2024-06-17T02:00,28.7,87.0,0.0,0.0,0.0,0.86,100650.0,26.4,0.51,0.0,30.1,0.118,0,0,0,1.0,28.840327666357066,86.10770016497979,0.024521297577041166,35.07997086279899,0.2196943499117684,0.0,0.5513664605300339,0.0,0.001549347845498187,1.5660444176924451e-07,0.43021203649239753,0.0,0.0,1.1610828083423155,lhs_candidate_000008_june2024_preflight,pa1_candidate_000008
2024-06-17T03:00,28.6,88.0,0.0,0.0,0.0,0.81,100610.0,26.4,0.47,0.0,29.9,0.118,0,0,0,1.0,28.732490597187542,87.60714661590661,0.02480192013440533,34.872117996670475,0.21966810872061152,0.0,0.4887949503338658,0.0,0.001465915188192798,1.387800025978117e-07,0.4300500538309353,0.0,0.0,1.1610359663462564,lhs_candidate_000008_june2024_preflight,pa1_candidate_000008
2024-06-17T04:00,28.5,88.0,0.0,0.0,0.0,0.81,100630.0,26.3,0.47,0.0,29.7,0.118,0,0,0,1.0,28.63071633948385,87.78979714648919,0.024715866805832924,34.66817136103592,0.21964350469773347,0.0,0.4787600131118559,0.0,0.0014644894195781162,1.3588285029890007e-07,0.4298981771465029,0.0,0.0,1.16165839792073,lhs_candidate_000008_june2024_preflight,pa1_candidate_000008
2024-06-17T05:00,28.4,88.0,0.0,0.0,0.0,0.95,100700.0,26.3,0.46,0.0,29.6,0.118,0,0,0,1.0,28.528661188825055,87.75450683204038,0.024568502175445414,34.46805252338507,0.21961909188344123,0.0,0.4773114233080604,0.0,0.0016812918346326882,1.3542421974632114e-07,0.4297474807619829,0.0,0.0,1.1628597198044106,lhs_candidate_000008_june2024_preflight,pa1_candidate_000008
2024-06-17T06:00,28.5,87.0,22.0,11.0,11.0,0.95,100740.0,26.2,0.49,0.01,29.6,0.118,1,0,0,1.0,28.597118155798576,87.63424424905168,0.024626818887246184,34.278805539382475,0.21955888313374738,2323.0063999999998,0.4839159883533517,18.7,0.0016584530200283603,5.347566925885172e-07,0.42937582181325545,0.0,0.0,1.163057709089217,lhs_candidate_000008_june2024_preflight,pa1_candidate_000008
2024-06-17T07:00,29.6,78.0,171.0,115.0,56.0,0.82,100770.0,25.4,0.9,0.12,30.5,0.118,0,0,0,1.0,29.635858973980532,86.08998451756487,0.02560011065800738,34.150111417423,0.23001873445000115,17018.214399999997,0.5779950512347325,145.35,0.0014002636531309832,3.743442487334874e-06,0.4939428052469207,0.0,0.0,1.1594128753743609,lhs_candidate_000008_june2024_preflight,pa1_candidate_000008
2024-06-17T08:00,31.3,66.0,372.0,277.0,95.0,0.54,100820.0,24.3,1.53,0.27,32.2,0.117,0,0,0,1.0,31.68587383891323,82.2766026489043,0.027318096649011688,34.152415663374875,0.22897026009118704,36078.328,0.8278637012006751,316.2,0.001317446644291623,7.898688076913002e-06,0.4874707413036237,0.0,0.0,1.1521872561602038,lhs_candidate_000008_june2024_preflight,pa1_candidate_000008
2024-06-17T09:00,32.9,58.0,613.0,505.0,108.0,0.2,100760.0,23.5,2.09,0.46,34.1,0.117,0,1,0,1.0,34.06963208574891,65.62058967651113,0.024714625726816934,34.32183355353473,0.22709242529312554,57743.699199999995,1.835832283504903,521.05,0.003087988524989264,1.2854523718986216e-05,0.4758791684760836,0.0,0.0,1.1425669116788646,lhs_candidate_000008_june2024_preflight,pa1_candidate_000008
2024-06-17T10:00,34.0,53.0,709.0,582.0,127.0,0.5,100750.0,23.2,2.49,0.55,35.7,0.117,0,1,0,1.0,35.88082173316639,57.77825644318978,0.02391163355436497,34.62415965200929,0.22462630315455545,66860.1648,2.49203696535699,602.65,0.0036546703344557136,1.4504159825969452e-05,0.4606561923120707,0.0,0.0,1.135757744598052,lhs_candidate_000008_june2024_preflight,pa1_candidate_000008
2024-06-17T11:00,34.7,51.0,795.0,669.0,126.0,1.03,100680.0,23.1,2.71,0.63,36.7,0.116,0,1,0,1.0,37.07562849532744,53.438076550299186,0.023517484433962507,34.999152772843274,0.2219036189245229,74392.9824,2.93373132747634,675.75,0.004311203483639092,1.571097247984124e-05,0.443849499534092,0.0,0.0,1.1305974005094643,lhs_candidate_000008_june2024_preflight,pa1_candidate_000008
2024-06-17T12:00,34.9,51.0,825.0,687.0,138.0,1.35,100650.0,23.2,2.75,0.66,37.4,0.116,0,1,0,1.0,37.65995210967237,51.47974656988378,0.023342340360856292,35.41382473370574,0.21907544714997107,77455.1712,3.155714312001425,701.25,0.004787994287703947,1.5693888521642065e-05,0.42639164907389554,0.0,0.0,1.1281356190787113,lhs_candidate_000008_june2024_preflight,pa1_candidate_000008
2024-06-17T13:00,34.6,52.0,704.0,466.0,238.0,1.7,100590.0,23.3,2.63,0.58,37.4,0.116,0,1,0,1.0,37.34514470046322,50.8074364257989,0.022670224753215427,35.796594742428795,0.21649434561724282,70325.41119999999,3.1452452681120393,598.4,0.005196975119952715,1.3014289631113852e-05,0.4104589235632273,0.0,0.0,1.1286062307312554,lhs_candidate_000008_june2024_preflight,pa1_candidate_000008
2024-06-17T14:00,35.0,51.0,647.0,410.0,237.0,1.57,100540.0,23.2,2.77,0.54,37.4,0.116,0,1,0,1.0,37.26465433220178,50.75353619016599,0.022553174205849468,36.11477243843739,0.21427932303207206,65274.2288,3.1349479887997074,549.9499999999999,0.004880271443978514,1.1626164808104747e-05,0.3967859446424202,0.0,0.0,1.128337739055234,lhs_candidate_000008_june2024_preflight,pa1_candidate_000008
2024-06-17T15:00,32.0,66.0,437.0,187.0,250.0,1.4,100470.0,24.7,1.63,0.35,36.3,0.137,0,1,0,1.0,34.99585732040246,60.18936548491316,0.02379226278373944,36.334834064050284,0.21254370150919447,47251.6,2.237912599378443,371.45,0.004931667211612582,7.671284329236655e-06,0.38607223153823744,0.0,0.0,1.1358540151333802,lhs_candidate_000008_june2024_preflight,pa1_candidate_000008
2024-06-17T16:00,32.3,63.0,229.0,79.0,150.0,1.78,100520.0,24.3,1.81,0.22,34.7,0.137,0,1,0,1.0,33.465697488731706,61.82481609658271,0.022558098997801375,36.384682212004314,0.2114854565258637,25429.36,1.9710012219703388,194.65,0.004795340877233661,4.151973277809607e-06,0.3795398550979241,0.0,0.0,1.1420905642931187,lhs_candidate_000008_june2024_preflight,pa1_candidate_000008
2024-06-17T17:00,31.9,65.0,149.0,62.0,87.0,1.12,100530.0,24.5,1.65,0.14,34.1,0.137,0,1,0,1.0,32.78592766537137,64.11794755599169,0.022570395807931323,36.33863232452728,0.2108604081138178,16172.868799999998,1.7833600218084191,126.64999999999999,0.003756984778749148,2.798281173778979e-06,0.37568153156677647,0.0,0.0,1.1447420862759363,lhs_candidate_000008_june2024_preflight,pa1_candidate_000008
2024-06-17T18:00,31.6,66.0,62.0,23.0,39.0,0.99,100550.0,24.4,1.58,0.06,33.3,0.137,1,1,0,1.0,32.146940865411864,65.38758631223541,0.022250272929618495,36.235880420945506,0.21048461328574286,6828.1136,1.6594572925685096,52.699999999999996,0.003398416325480465,1.3833288211254617e-06,0.37336181040582017,0.0,0.0,1.1473662506484723,lhs_candidate_000008_june2024_preflight,pa1_candidate_000008
2024-06-17T19:00,31.1,69.0,0.0,0.0,0.0,0.99,100660.0,24.8,1.39,0.03,32.5,0.136,0,0,0,1.0,31.46346554935616,68.44036450862829,0.022455764956117234,36.08285140573872,0.22115292608001638,0.0,1.4556880655998183,0.0,0.0018978926356033317,4.221115598993209e-07,0.4392155930865209,0.0,0.0,1.1511986649803518,lhs_candidate_000008_june2024_preflight,pa1_candidate_000008
2024-06-17T20:00,30.8,71.0,0.0,0.0,0.0,0.71,100720.0,25.0,1.27,0.0,32.0,0.136,0,0,0,1.0,31.004815447194634,70.89472520175123,0.022696745295588995,35.90413700830289,0.22108103573273175,0.0,1.307939833988403,0.0,0.0013770056681987582,3.7888522838167477e-07,0.43877182551068983,0.0,0.0,1.1536218395158009,lhs_candidate_000008_june2024_preflight,pa1_candidate_000008
2024-06-17T21:00,30.5,73.0,0.0,0.0,0.0,0.72,100740.0,25.1,1.17,0.0,31.6,0.136,0,0,0,1.0,30.6923804887692,72.90077470629566,0.022950625485685525,35.7220295919449,0.22101585480344946,0.0,1.1962978257356758,0.0,0.0013808250740259605,3.462268879230421e-07,0.43836947409536703,0.0,0.0,1.1550373960407028,lhs_candidate_000008_june2024_preflight,pa1_candidate_000008
2024-06-17T22:00,30.1,76.0,0.0,0.0,0.0,1.0,100780.0,25.3,1.04,0.01,31.2,0.136,0,0,0,1.0,30.333819966937625,75.4190790756277,0.023289427053964355,35.537459004877356,0.22095689118423079,0.0,1.0631216843232894,0.0,0.001830105949276417,3.0742820959894754e-07,0.4380055011372271,0.0,0.0,1.1568612143815589,lhs_candidate_000008_june2024_preflight,pa1_candidate_000008
2024-06-17T23:00,29.8,78.0,0.0,0.0,0.0,0.99,100780.0,25.6,0.91,0.0,30.9,0.136,0,0,0,1.0,30.001758998025473,77.55746624472003,0.02352422486385501,35.34970345930737,0.22090460074816742,0.0,0.9523473869962529,0.0,0.0017936921319248818,2.7519210497814383e-07,0.43768272066770014,0.0,0.0,1.158128396393018,lhs_candidate_000008_june2024_preflight,pa1_candidate_000008
2024-06-18T00:00,29.5,80.0,0.0,0.0,0.0,1.06,100730.0,25.6,0.83,0.0,30.7,0.136,0,0,0,1.0,29.701197453718272,79.47952793885001,0.023718237916011874,35.16005107791259,0.22085761257429495,0.0,0.8558851473862443,0.0,0.00190170617130802,2.4715429678918674e-07,0.43739267021169725,0.0,0.0,1.1587026162701428,lhs_candidate_000008_june2024_preflight,pa1_candidate_000008
2024-06-18T01:00,29.2,81.0,0.0,0.0,0.0,0.89,100710.0,25.7,0.75,0.0,30.4,0.136,0,0,0,1.0,29.404646910848353,80.62299361239134,0.023675525839212872,34.96887243847991,0.2208148352902271,0.0,0.7945165151542128,0.0,0.0016435244555623966,2.2929434190937953e-07,0.4371286129026365,0.0,0.0,1.1596080382159035,lhs_candidate_000008_june2024_preflight,pa1_candidate_000008
2024-06-18T02:00,28.8,83.0,0.0,0.0,0.0,0.98,100610.0,25.7,0.66,0.0,30.1,0.136,0,0,0,1.0,29.048209319197227,82.26246843485617,0.02369320738979396,34.775678920990316,0.2207755873887025,0.0,0.7124901947694271,0.0,0.001809971972456705,2.055079060320043e-07,0.4368863419055711,0.0,0.0,1.1598229849975983,lhs_candidate_000008_june2024_preflight,pa1_candidate_000008
2024-06-18T03:00,28.7,84.0,0.0,0.0,0.0,0.98,100520.0,25.7,0.63,0.0,29.9,0.136,0,0,0,1.0,28.834765543091166,83.68378817167797,0.023823799308819508,34.58074513315712,0.22074048035277452,0.0,0.6473598569725172,0.0,0.0017327916586196467,1.8662934394127656e-07,0.43666963180725016,0.0,0.0,1.1596045063275389,lhs_candidate_000008_june2024_preflight,pa1_candidate_000008
2024-06-18T04:00,28.6,84.0,0.0,0.0,0.0,0.98,100510.0,25.7,0.61,0.0,29.7,0.136,0,0,0,1.0,28.722053694715093,83.88773605011166,0.023735412271935506,34.38827357881161,0.2207073407960802,0.0,0.6351107858678766,0.0,0.0017239461619414332,1.8301224662320414e-07,0.4364650666424704,0.0,0.0,1.159922071434122,lhs_candidate_000008_june2024_preflight,pa1_candidate_000008
2024-06-18T05:00,28.5,85.0,0.0,0.0,0.0,0.82,100540.0,25.7,0.59,0.0,29.6,0.136,0,0,0,1.0,28.62050503282864,84.75718162816139,0.023848770903317645,34.19918031067461,0.22067528245073728,0.0,0.5973147846771991,0.0,0.001471567395757102,1.7204298815119155e-07,0.4362671756218351,0.0,0.0,1.1606587237566697,lhs_candidate_000008_june2024_preflight,pa1_candidate_000008
2024-06-18T06:00,28.4,85.0,21.0,10.0,11.0,1.1,100630.0,25.7,0.58,0.02,29.5,0.135,1,0,0,1.0,28.567970237660635,85.22985311126762,0.023913014262029308,34.01921250255015,0.22061031124376795,2235.0063999999998,0.5770325074290321,17.849999999999998,0.0019439328261813302,5.512904751486657e-07,0.4358661187886911,0.0,0.0,1.1618999796073042,lhs_candidate_000008_june2024_preflight,pa1_candidate_000008
2024-06-18T07:00,29.7,76.0,181.0,125.0,56.0,1.2,100680.0,25.1,0.99,0.13,30.8,0.135,0,0,0,1.0,29.677466750946515,82.5392359401622,0.02459966008129768,33.90034259630198,0.2310417246945161,17898.214399999997,0.7272753610048679,153.85,0.0020170357574696416,4.051153442639775e-06,0.5002575598426919,0.0,0.0,1.1582182188139833,lhs_candidate_000008_june2024_preflight,pa1_candidate_000008
2024-06-18T08:00,31.4,65.0,398.0,318.0,80.0,1.12,100730.0,24.0,1.62,0.3,32.3,0.135,0,0,0,1.0,31.829576208314744,75.6194771453546,0.02530090788533488,33.922033912226716,0.22989868540889996,37838.592000000004,1.1481216654598896,338.3,0.002126881379942915,8.635539870291665e-06,0.49320176178333314,0.0,0.0,1.1506163107475718,lhs_candidate_000008_june2024_preflight,pa1_candidate_000008
2024-06-18T09:00,32.6,59.0,590.0,488.0,102.0,1.04,100770.0,23.5,2.03,0.45,33.9,0.134,0,1,0,1.0,33.8720816955981,63.93481604904199,0.023831571578459197,34.09969860899319,0.2279819539442728,55508.6048,1.9047796035671944,501.5,0.0038456338912970893,1.2558775942795178e-05,0.48137008607575815,0.0,0.0,1.1434155531645975,lhs_candidate_000008_june2024_preflight,pa1_candidate_000008
2024-06-18T10:00,33.6,55.0,751.0,638.0,113.0,0.89,100720.0,23.2,2.35,0.58,35.3,0.134,0,1,0,1.0,35.571442275085516,59.060216008163245,0.024054039885106942,34.4062881566401,0.22545598327164487,70063.6112,2.375620380655859,638.35,0.0040086942697815375,1.545297398372731e-05,0.4657776745163264,0.0,0.0,1.1365573933187676,lhs_candidate_000008_june2024_preflight,pa1_candidate_000008
2024-06-18T11:00,34.5,52.0,858.0,729.0,129.0,0.73,100620.0,23.1,2.64,0.67,36.7,0.133,0,1,0,1.0,36.98908902383058,55.174443197750925,0.02417422529602171,34.80897227955723,0.22253160631087116,80042.5296,2.8110496171717476,729.3,0.004097449408876773,1.6999097704268745e-05,0.44772596488192073,0.0,0.0,1.1302389113001279,lhs_candidate_000008_june2024_preflight,pa1_candidate_000008
2024-06-18T12:00,34.8,51.0,758.0,622.0,136.0,0.22,100560.0,23.1,2.75,0.6,37.2,0.132,0,1,0,1.0,37.48611438059215,52.739716847553446,0.02370247839418633,35.22622272220221,0.219690640083344,71488.8064,3.044920340921184,644.3,0.003926348890163716,1.4589095569000417e-05,0.4301891363169382,0.0,0.0,1.127757615080028,lhs_candidate_000008_june2024_preflight,pa1_candidate_000008
2024-06-18T13:00,35.2,51.0,778.0,578.0,200.0,0.45,100480.0,23.4,2.8,0.62,37.6,0.131,0,1,0,1.0,37.840146379854275,52.38557969685699,0.023972168268256485,35.61827083897015,0.2170804462479143,75500.48,3.127176535160468,661.3,0.003987609409130815,1.4413718194833522e-05,0.4140768286908291,0.0,0.0,1.1255776123302914,lhs_candidate_000008_june2024_preflight,pa1_candidate_000008
2024-06-18T14:00,34.9,52.0,694.0,574.0,120.0,1.1,100410.0,23.7,2.66,0.56,37.5,0.13,0,1,0,1.0,37.635231590141146,51.359677880710514,0.023258559813250482,35.986328889862726,0.2146604827883769,65293.888000000006,3.15928677121094,589.9,0.004517629275795932,1.2491074973037413e-05,0.3991387826443019,0.0,0.0,1.1255350991937836,lhs_candidate_000008_june2024_preflight,pa1_candidate_000008
2024-06-18T15:00,34.1,56.0,514.0,370.0,144.0,0.99,100330.0,24.0,2.36,0.42,36.9,0.129,0,1,0,1.0,36.559438626078084,54.21149945806482,0.023234212709159315,36.26052324980968,0.2127212518069205,50298.2656,2.8049111529857416,436.9,0.004308008408022998,9.092727598385242e-06,0.3871682210303735,0.0,0.0,1.1285448416593498,lhs_candidate_000008_june2024_preflight,pa1_candidate_000008
2024-06-18T16:00,33.3,59.0,393.0,277.0,116.0,1.17,100340.0,24.2,2.1,0.32,36.1,0.129,0,1,0,1.0,35.29486183270946,57.173562061984555,0.022954064751833755,36.42014948639848,0.2112871660008387,38665.1584,2.4475160633267175,334.05,0.004309645301328878,6.868918870752787e-06,0.37831583951134995,0.0,0.0,1.133284647486359,lhs_candidate_000008_june2024_preflight,pa1_candidate_000008
2024-06-18T17:00,32.8,62.0,236.0,172.0,64.0,1.12,100370.0,24.4,1.91,0.19,35.2,0.129,0,1,0,1.0,34.169133899593334,60.498238151570625,0.022904453866878057,36.47541439025727,0.21029148304519105,23019.673600000002,2.121069924852322,200.6,0.003985925844200167,4.2178681900371135e-06,0.37216964842710526,0.0,0.0,1.1377760098545093,lhs_candidate_000008_june2024_preflight,pa1_candidate_000008
2024-06-18T18:00,32.3,64.0,85.0,52.0,33.0,0.64,100430.0,24.6,1.74,0.06,34.2,0.129,1,1,0,1.0,33.11337588527196,62.99168967574644,0.022560979107253434,36.42511469564634,0.2097532554172936,8641.0192,1.8734439884809935,72.25,0.003143289742621458,1.775766849265731e-06,0.36884725566230614,0.0,0.0,1.142380670647379,lhs_candidate_000008_june2024_preflight,pa1_candidate_000008
2024-06-18T19:00,31.5,70.0,0.0,0.0,0.0,0.41,100530.0,25.3,1.41,0.02,33.2,0.129,0,1,0,1.0,32.01768031437778,68.44210463951373,0.023130072517284255,36.29075338383223,0.22037872029466496,0.0,1.502006845851271,0.0,0.0026947536703007587,4.3080371286189656e-07,0.4344365450287961,0.0,0.0,1.1476239283977705,lhs_candidate_000008_june2024_preflight,pa1_candidate_000008
2024-06-18T20:00,31.1,73.0,0.0,0.0,0.0,0.82,100630.0,25.6,1.22,0.0,32.5,0.129,0,0,0,1.0,31.36138214161664,72.48971480384155,0.02365490708795855,36.11650554825691,0.22030832019625177,0.0,1.2615811287208696,0.0,0.0015811855956445653,3.614831562879161e-07,0.43400197652007266,0.0,0.0,1.151241378896176,lhs_candidate_000008_june2024_preflight,pa1_candidate_000008
2024-06-18T21:00,30.8,75.0,0.0,0.0,0.0,1.3,100660.0,25.8,1.12,0.01,32.0,0.129,0,0,0,1.0,30.99478946987317,74.59714366320208,0.023869223135626852,35.93577918750069,0.22024661508404972,0.0,1.1409082588224915,0.0,0.0022755179135446075,3.266196324532724e-07,0.433621080765739,0.0,0.0,1.1529726203321746,lhs_candidate_000008_june2024_preflight,pa1_candidate_000008
2024-06-18T22:00,30.5,75.0,0.0,0.0,0.0,0.89,100700.0,25.7,1.07,0.0,31.7,0.129,0,0,0,1.0,30.691480839699437,75.00019790247445,0.023610423822081176,35.752575907672096,0.2201889806537782,0.0,1.103561939496705,0.0,0.0016332469012286365,3.15668908638358e-07,0.43326531267764323,0.0,0.0,1.1545821934895286,lhs_candidate_000008_june2024_preflight,pa1_candidate_000008
2024-06-18T23:00,30.2,77.0,0.0,0.0,0.0,0.76,100680.0,25.8,0.98,0.0,31.3,0.129,0,0,0,1.0,30.395657479328257,76.70006877557667,0.023764081739639693,35.56764787012008,0.22013435828156144,0.0,1.0112898603951157,0.0,0.0014422298269167436,2.8904977803772685e-07,0.43292813754050274,0.0,0.0,1.1554778680110678,lhs_candidate_000008_june2024_preflight,pa1_candidate_000008
2024-06-19T00:00,30.0,79.0,0.0,0.0,0.0,0.81,100660.0,26.0,0.88,0.0,31.0,0.129,0,0,0,1.0,30.1585750034698,78.70803257442903,0.024076321820451184,35.381677148926634,0.22008495656050947,0.0,0.9116817688464183,0.0,0.0014866392729657896,2.603959578910439e-07,0.4326231886451202,0.0,0.0,1.156151338192287,lhs_candidate_000008_june2024_preflight,pa1_candidate_000008
2024-06-19T01:00,29.7,82.0,0.0,0.0,0.0,0.81,100580.0,26.2,0.77,0.0,30.8,0.129,0,0,0,1.0,29.897436517956535,81.34190958695811,0.024533295019212063,35.195605223426206,0.22004117748612978,0.0,0.787029535749634,0.0,0.001517862975074902,2.246521758232932e-07,0.43235294744524555,0.0,0.0,1.156227954970991,lhs_candidate_000008_june2024_preflight,pa1_candidate_000008
2024-06-19T02:00,29.3,84.0,0.0,0.0,0.0,0.91,100560.0,26.3,0.64,0.0,30.5,0.129,0,0,0,1.0,29.545032041385387,83.26690537370433,0.024638965533364327,35.007712400068336,0.22000330263958923,0.0,0.6916769629171089,0.0,0.001702515835114077,1.9732767587229223e-07,0.4321191520962298,0.0,0.0,1.1573438822203275,lhs_candidate_000008_june2024_preflight,pa1_candidate_000008
2024-06-19T03:00,29.2,84.0,0.0,0.0,0.0,0.9,100510.0,26.3,0.64,0.0,30.2,0.129,0,0,0,1.0,29.33151949954789,83.87582244084845,0.024533088644509284,34.817950018849466,0.21996893670530204,0.0,0.6583601867197726,0.0,0.0016046650093967788,1.877305677647369e-07,0.43190701669939535,0.0,0.0,1.1575849605918478,lhs_candidate_000008_june2024_preflight,pa1_candidate_000008
2024-06-19T04:00,29.1,85.0,0.0,0.0,0.0,1.0,100510.0,26.3,0.6,0.0,29.9,0.129,0,0,0,1.0,29.218470089089543,84.72674966953828,0.024630141602076452,34.63047812776847,0.21993606513943012,0.0,0.6195638079917578,0.0,0.0017530706677131775,1.7658483089094746e-07,0.43170410579895135,0.0,0.0,1.1580177580237752,lhs_candidate_000008_june2024_preflight,pa1_candidate_000008
2024-06-19T05:00,29.0,85.0,0.0,0.0,0.0,1.0,100500.0,26.2,0.6,0.0,29.7,0.129,0,0,0,1.0,29.116138403627307,84.87749931969496,0.024536967528728366,34.446219038279686,0.21990464199827878,0.0,0.6098360983215341,0.0,0.0017514936435425374,1.7373419402368789e-07,0.43151013579184433,0.0,0.0,1.1582945497710355,lhs_candidate_000008_june2024_preflight,pa1_candidate_000008
2024-06-19T06:00,29.1,84.0,17.0,2.0,15.0,1.14,100630.0,26.1,0.64,0.02,29.5,0.129,1,0,0,1.0,29.17292259314506,84.5379911577679,0.02451445582663984,34.27097496753916,0.21984537694388825,2023.7359999999999,0.6255744942912433,14.45,0.0019490112475612869,4.865509684000002e-07,0.431144302122767,0.0,0.0,1.1595750016550148,lhs_candidate_000008_june2024_preflight,pa1_candidate_000008
2024-06-19T07:00,29.6,80.0,141.0,43.0,98.0,1.3,100650.0,25.8,0.84,0.11,30.7,0.128,0,0,0,1.0,29.792967028351143,83.65572138712471,0.025088895238962905,34.14405390632693,0.23036224672445854,15855.8752,0.6853055141866959,119.85,0.002274961207899555,3.1683037035699687e-06,0.4960632513855466,0.0,0.0,1.1574316485328915,lhs_candidate_000008_june2024_preflight,pa1_candidate_000008
2024-06-19T08:00,31.1,69.0,311.0,159.0,152.0,1.5,100650.0,24.6,1.41,0.25,31.8,0.128,0,0,0,1.0,31.400794115935394,75.98979120769022,0.024849381999704448,34.12170178916909,0.2294674131448999,32715.7248,1.1035390847394577,264.34999999999997,0.002644271816949453,6.77828909352137e-06,0.49053958731419695,0.0,0.0,1.1513211737205025,lhs_candidate_000008_june2024_preflight,pa1_candidate_000008
2024-06-19T09:00,32.4,61.0,452.0,195.0,257.0,1.5,100620.0,23.8,1.91,0.36,33.2,0.128,0,1,0,1.0,33.23357568352652,64.82679949922996,0.023365936796630214,34.223111452144366,0.2279787819241457,48817.8768,1.7925764642205038,384.2,0.004262146060082131,9.726835022431327e-06,0.4813505057046031,0.0,0.0,1.1440928762186091,lhs_candidate_000008_june2024_preflight,pa1_candidate_000008
2024-06-19T10:00,33.6,55.0,643.0,364.0,279.0,1.4,100570.0,23.4,2.33,0.51,34.8,0.127,0,1,0,1.0,35.06405583515358,58.69371013315154,0.023283491122846122,34.44949224702488,0.2258930624999879,66399.8896,2.3307563182969204,546.55,0.004376637852417934,1.3399136126825925e-05,0.4684756944443697,0.0,0.0,1.1367329750702775,lhs_candidate_000008_june2024_preflight,pa1_candidate_000008
2024-06-19T11:00,34.5,52.0,737.0,377.0,360.0,0.91,100510.0,23.4,2.6,0.59,36.2,0.126,0,1,0,1.0,36.551092387438,55.2424385429468,0.023665899410720066,34.78236624644844,0.2233460590813408,77521.66399999999,2.7405077357500014,626.4499999999999,0.004060311057945691,1.486316340975203e-05,0.45275345111938775,0.0,0.0,1.130600008964802,lhs_candidate_000008_june2024_preflight,pa1_candidate_000008
2024-06-19T12:00,35.2,50.0,832.0,510.0,322.0,0.81,100420.0,23.2,2.84,0.66,37.2,0.126,0,1,0,1.0,37.71142068699421,52.439715857089304,0.023840087245768273,35.18448185498805,0.220552471842302,84544.7328,3.1019192220292275,707.1999999999999,0.00416710997474012,1.614230871770576e-05,0.4355090854463087,0.0,0.0,1.1253713079900245,lhs_candidate_000008_june2024_preflight,pa1_candidate_000008
2024-06-19T13:00,34.8,51.0,617.0,324.0,293.0,0.71,100390.0,23.3,2.7,0.5,37.1,0.125,0,1,0,1.0,37.41161717262377,51.05666433934075,0.02285894020570473,35.55774532327323,0.2180434185807664,64604.4432,3.140629483198833,524.4499999999999,0.00413400690421242,1.1778210929412142e-05,0.42002110235040985,0.0,0.0,1.1261211716276016,lhs_candidate_000008_june2024_preflight,pa1_candidate_000008
2024-06-19T14:00,35.1,50.0,620.0,245.0,375.0,0.0,100320.0,23.1,2.83,0.48,37.2,0.124,0,1,0,1.0,37.28907955953367,51.71748108786566,0.023010241390276985,35.85544039453559,0.2159544698928452,67753.4,3.0776683764722645,527.0,0.003656178909223942,1.145109968591801e-05,0.407126357363242,0.0,0.0,1.1257801457669385,lhs_candidate_000008_june2024_preflight,pa1_candidate_000008
2024-06-19T15:00,34.4,52.0,416.0,154.0,262.0,0.4,100290.0,23.2,2.61,0.33,36.7,0.124,0,1,0,1.0,36.4874765867535,51.692305376916714,0.02207268535788181,36.08691315720191,0.21423209002623342,45825.788799999995,2.947615342220942,353.59999999999997,0.003704212869106472,7.713708190371065e-06,0.3964943828779841,0.0,0.0,1.1283570861010908,lhs_candidate_000008_june2024_preflight,pa1_candidate_000008
2024-06-19T16:00,31.4,69.0,176.0,17.0,159.0,0.51,100310.0,25.0,1.44,0.15,35.0,0.136,0,1,0,1.0,33.612435978191,63.57720456885091,0.023377263753453618,36.15578346152349,0.21323458175664306,21082.0016,1.8960046848777963,149.6,0.0038348624421937266,3.380044151807038e-06,0.39033692442372264,0.0,0.0,1.1391594084444634,lhs_candidate_000008_june2024_preflight,pa1_candidate_000008
2024-06-19T17:00,31.0,71.0,93.0,6.0,87.0,0.51,100290.0,25.1,1.31,0.09,33.5,0.143,0,1,0,1.0,31.82423391085797,69.84896265786111,0.02336354428939088,36.07452144863493,0.21276469453502958,11244.868799999998,1.419436206691171,79.05,0.0030306280061188017,1.8795839691184893e-06,0.3874363860187011,0.0,0.0,1.145610356484233,lhs_candidate_000008_june2024_preflight,pa1_candidate_000008
2024-06-19T18:00,30.5,71.0,43.0,7.0,36.0,0.72,100360.0,24.6,1.27,0.05,32.4,0.147,1,1,0,1.0,31.030516203690688,70.31305240266865,0.02254157613598629,35.934981633857134,0.21250263075149373,5050.5664,1.3360323413377713,36.55,0.003037091955321424,1.038568732198803e-06,0.3858187083425539,0.0,0.0,1.1494013658314435,lhs_candidate_000008_june2024_preflight,pa1_candidate_000008
2024-06-19T19:00,30.0,73.0,0.0,0.0,0.0,0.71,100400.0,24.7,1.14,0.02,31.5,0.147,0,0,0,1.0,30.360114171906346,72.63524529004273,0.022461598318985934,35.758680618853674,0.2232143019426499,0.0,1.185303814532848,0.0,0.0015067171209503575,3.5366474366365794e-07,0.45194013544845624,0.0,0.0,1.152399320476287,lhs_candidate_000008_june2024_preflight,pa1_candidate_000008
2024-06-19T20:00,29.8,75.0,0.0,0.0,0.0,0.94,100480.0,25.0,1.04,0.0,31.1,0.148,0,0,0,1.0,29.97724984447166,74.7430915934284,0.022640567344083182,35.563397775896895,0.22315382589596522,0.0,1.0702694325673887,0.0,0.0016998299441250474,3.190776068199189e-07,0.4515668265183038,0.0,0.0,1.1547742626243083,lhs_candidate_000008_june2024_preflight,pa1_candidate_000008
2024-06-19T21:00,29.6,78.0,0.0,0.0,0.0,1.08,100570.0,25.3,0.92,0.0,30.7,0.148,0,0,0,1.0,29.75882072900529,77.53604633017954,0.023210605922304735,35.36741559982133,0.223099832350265,0.0,0.9400536638047607,0.0,0.0019062316054180035,2.800497485604493e-07,0.45123353302632724,0.0,0.0,1.1566420542154323,lhs_candidate_000008_june2024_preflight,pa1_candidate_000008
2024-06-19T22:00,29.5,81.0,0.0,0.0,0.0,0.73,100620.0,25.8,0.8,0.0,30.5,0.148,0,0,0,1.0,29.619726589310776,80.58151656608237,0.02394113896857372,35.172996853484314,0.22305307580715902,0.0,0.8061369609834141,0.0,0.0013318412076430408,2.4000124777007625e-07,0.45094491238987056,0.0,0.0,1.1577487296323472,lhs_candidate_000008_june2024_preflight,pa1_candidate_000008
2024-06-19T23:00,29.3,83.0,0.0,0.0,0.0,1.0,100600.0,26.1,0.68,0.0,30.3,0.148,0,0,0,1.0,29.45654739276316,82.55782386884475,0.024312120108859227,34.981216106539435,0.22301239823622734,0.0,0.7173238804869815,0.0,0.0017789778819475956,2.13441106118378e-07,0.4506938162730083,0.0,0.0,1.158142793263019,lhs_candidate_000008_june2024_preflight,pa1_candidate_000008
2024-06-20T00:00,29.2,84.0,0.0,0.0,0.0,0.95,100510.0,26.3,0.63,0.0,30.1,0.147,0,0,0,1.0,29.32070471813161,83.768444819517,0.024487286109920833,34.79137799131388,0.2229755889780095,0.0,0.6623314216411789,0.0,0.0016753363641698346,1.969786367471336e-07,0.45046659862968835,0.0,0.0,1.1576263498177277,lhs_candidate_000008_june2024_preflight,pa1_candidate_000008
2024-06-20T01:00,29.0,86.0,0.0,0.0,0.0,0.63,100460.0,26.4,0.56,0.0,29.8,0.148,0,0,0,1.0,29.159080900229934,85.51455435581852,0.024778972534233997,34.6040550952598,0.2229420646542616,0.0,0.5855958853909353,0.0,0.0012206647070852545,1.7407733459930712e-07,0.4502596583596396,0.0,0.0,1.157669068707897,lhs_candidate_000008_june2024_preflight,pa1_candidate_000008
2024-06-20T02:00,29.0,85.0,0.0,0.0,0.0,0.71,100410.0,26.2,0.61,0.0,29.7,0.147,0,0,0,1.0,29.082139901759508,85.31174305984801,0.0246168984358822,34.41914747810211,0.2229110229854652,0.0,0.5911628455117683,0.0,0.0012662422635577764,1.7565741298760424e-07,0.4500680431201555,0.0,0.0,1.1573874525041408,lhs_candidate_000008_june2024_preflight,pa1_candidate_000008
2024-06-20T03:00,28.9,86.0,0.0,0.0,0.0,0.91,100390.0,26.3,0.56,0.0,29.4,0.147,0,0,0,1.0,29.01165450957459,85.77343794292459,0.024655297181813102,34.238623229750175,0.22287971005077353,0.0,0.5702541333034215,0.0,0.0016055575903799733,1.6937185252297633e-07,0.4498747533998366,0.0,0.0,1.1574268507386527,lhs_candidate_000008_june2024_preflight,pa1_candidate_000008
2024-06-20T04:00,28.8,87.0,0.0,0.0,0.0,0.9,100400.0,26.4,0.52,0.0,29.2,0.147,0,0,0,1.0,28.91414552200798,86.72179915875007,0.024795790131568223,34.061516173990285,0.222850313094651,0.0,0.5292486874483529,0.0,0.001591683939985789,1.57129370998008e-07,0.44969329070772224,0.0,0.0,1.1579158086602561,lhs_candidate_000008_june2024_preflight,pa1_candidate_000008
2024-06-20T05:00,28.7,88.0,0.0,0.0,0.0,0.91,100400.0,26.4,0.48,0.0,29.1,0.148,0,0,0,1.0,28.814101050826835,87.68936562773872,0.02493601350804012,33.887463092502955,0.2228231429148853,0.0,0.48785139312787473,0.0,0.0016074507141571777,1.4478485236928466e-07,0.4495255735486748,0.0,0.0,1.1582994406030815,lhs_candidate_000008_june2024_preflight,pa1_candidate_000008
2024-06-20T06:00,28.6,89.0,12.0,0.0,12.0,1.12,100420.0,26.5,0.44,0.02,29.2,0.148,1,0,0,1.0,28.740926860256078,88.85106444746448,0.025165665345189304,33.719615991049174,0.22277794988457633,1478.1888,0.4399476001941909,10.2,0.001958854200587314,3.5738320429807853e-07,0.44924660422577983,0.0,0.0,1.1588109892553897,lhs_candidate_000008_june2024_preflight,pa1_candidate_000008
2024-06-20T07:00,28.8,86.0,79.0,4.0,75.0,1.2,100470.0,26.3,0.54,0.07,29.6,0.149,0,0,0,1.0,28.97844255355271,88.24551315547487,0.02532003045194694,33.57807638639648,0.2334252110834339,9590.68,0.47026058774333857,67.14999999999999,0.002108256849172716,1.8721470268417447e-06,0.514970438786629,0.0,0.0,1.1584765284786365,lhs_candidate_000008_june2024_preflight,pa1_candidate_000008
2024-06-20T08:00,29.6,80.0,217.0,50.0,167.0,1.17,100540.0,25.7,0.84,0.17,30.3,0.152,0,0,0,1.0,29.909043057088805,86.00981175521392,0.025957461112378136,33.50614959853668,0.23281840963095052,24971.4608,0.5905228757183782,184.45,0.0021352700216162018,4.868408095170886e-06,0.5112247508083365,0.0,0.0,1.155723867222895,lhs_candidate_000008_june2024_preflight,pa1_candidate_000008
2024-06-20T09:00,30.1,76.0,293.0,55.0,238.0,0.71,100550.0,25.4,1.01,0.23,30.7,0.155,0,1,0,1.0,30.8273183869851,79.55928439132786,0.025229155671290755,33.51522075303254,0.23179108919157027,34157.411199999995,0.9093285548984604,249.04999999999998,0.0031635809555515897,6.5292603835282575e-06,0.5048832666146312,0.0,0.0,1.1523471824606821,lhs_candidate_000008_june2024_preflight,pa1_candidate_000008
2024-06-20T10:00,30.2,76.0,233.0,21.0,212.0,0.2,100560.0,25.4,1.05,0.19,30.9,0.154,0,1,0,1.0,31.07221106356695,78.2005638317724,0.025126337502963364,33.54308287864304,0.2307343567142933,27962.6688,0.983393173943889,198.04999999999998,0.0028726618276775475,5.210763854055298e-06,0.4983602266314401,0.0,0.0,1.151534078615923,lhs_candidate_000008_june2024_preflight,pa1_candidate_000008
2024-06-20T11:00,31.3,69.0,557.0,171.0,386.0,0.32,100540.0,24.9,1.43,0.43,32.3,0.155,0,1,0,1.0,32.444807739115205,75.77804600257915,0.026197146912618083,33.65127256255962,0.2291968356284443,62596.4064,1.1809661360988648,473.45,0.00312567522743086,1.1841816876135815e-05,0.48886935573113777,0.0,0.0,1.1461339013908163,lhs_candidate_000008_june2024_preflight,pa1_candidate_000008
2024-06-20T12:00,31.7,67.0,539.0,156.0,383.0,0.58,100520.0,24.9,1.54,0.42,33.1,0.155,0,1,0,1.0,33.420322094235715,69.81473092181714,0.02541260965606572,33.8681099951986,0.2271136715298305,60906.8592,1.5545298446110078,458.15,0.003631336815839898,1.1287112188129221e-05,0.4760103180853735,0.0,0.0,1.1422596048236926,lhs_candidate_000008_june2024_preflight,pa1_candidate_000008
2024-06-20T13:00,32.0,66.0,565.0,245.0,320.0,0.95,100490.0,24.9,1.61,0.44,33.5,0.155,0,1,0,1.0,33.84738120877719,67.61835807476486,0.02517195367050201,34.09496965200491,0.22505847653093106,60978.368,1.7078807561805096,480.25,0.0040161846524930265,1.1540215703419773e-05,0.46332392920327814,0.0,0.0,1.140330194930219,lhs_candidate_000008_june2024_preflight,pa1_candidate_000008
2024-06-20T14:00,29.0,81.0,220.0,40.0,180.0,0.86,100460.0,25.5,0.74,0.18,32.3,0.164,0,1,0,1.0,31.392917605755194,74.7102065050131,0.024420656772382206,34.216839485475646,0.2236116804909653,25692.832,1.1618308269260869,187.0,0.004179911444047359,4.555961519905005e-06,0.45439308945040313,0.0,0.0,1.1491775113311509,lhs_candidate_000008_june2024_preflight,pa1_candidate_000008
2024-06-20T15:00,28.2,84.0,173.0,51.0,122.0,0.78,100410.0,25.2,0.62,0.14,31.1,0.189,0,0,0,1.0,29.439512012300735,84.06308840306598,0.024732514635032454,34.1695247352455,0.2228916753433371,19516.2528,0.6547758802683021,147.04999999999998,0.002163842310461839,3.4707075203696607e-06,0.4499486132304759,0.0,0.0,1.1560205247680648,lhs_candidate_000008_june2024_preflight,pa1_candidate_000008
2024-06-20T16:00,27.9,89.0,111.0,2.0,109.0,0.58,100390.0,25.9,0.42,0.09,30.3,0.196,0,0,0,1.0,28.675313200599618,89.65465564181942,0.025302455450206592,34.06656565929588,0.22238141813106774,13602.8816,0.4066887310610232,94.35,0.0016764141783997696,2.2073207038126996e-06,0.44679887735227003,0.0,0.0,1.1587166380593124,lhs_candidate_000008_june2024_preflight,pa1_candidate_000008
2024-06-20T17:00,26.7,98.0,47.0,0.0,47.0,0.71,100360.0,26.3,0.08,0.04,29.7,0.202,0,0,0,1.0,27.580369690222362,95.23656535751445,0.02531106766071586,33.91466464085735,0.2220986724652598,5789.5728,0.17570169234563515,39.949999999999996,0.0018813117633399187,9.320087561544737e-07,0.4450535337361716,0.0,0.0,1.1625879393025031,lhs_candidate_000008_june2024_preflight,pa1_candidate_000008
2024-06-20T18:00,26.7,99.0,20.0,0.0,20.0,1.14,100320.0,26.5,0.05,0.02,29.4,0.204,1,0,0,1.0,26.984977352719778,98.21357265835067,0.025258141087631723,33.720198207806774,0.221980443291711,2463.648,0.06363609893399769,17.0,0.0020772541264147083,3.926840026211806e-07,0.4443237240229074,0.0,0.0,1.164429935227338,lhs_candidate_000008_june2024_preflight,pa1_candidate_000008
2024-06-20T19:00,26.6,98.0,0.0,0.0,0.0,0.95,100370.0,26.2,0.07,0.01,29.0,0.211,0,0,0,1.0,26.783281454547474,97.44105920435479,0.0247810857857647,33.51214753301228,0.23278963024203547,0.0,0.09008136062788985,0.0,0.0017208449601683413,3.0393242835878374e-08,0.5110471002594782,0.0,0.0,1.1657937266065328,lhs_candidate_000008_june2024_preflight,pa1_candidate_000008
2024-06-20T20:00,26.5,97.0,0.0,0.0,0.0,0.85,100440.0,26.1,0.09,0.0,28.8,0.217,0,0,0,1.0,26.650054358457293,96.55344407218809,0.024374588446231995,33.30143980621025,0.2327832042009797,0.0,0.12038108815839221,0.0,0.0015423801519868952,4.061314826806525e-08,0.5110074333393809,0.0,0.0,1.1671251982381903,lhs_candidate_000008_june2024_preflight,pa1_candidate_000008
2024-06-20T21:00,26.5,97.0,0.0,0.0,0.0,0.76,100520.0,26.0,0.09,0.0,28.6,0.22,0,0,0,1.0,26.60453032553815,96.55555003063863,0.024313615077386434,33.09503974508034,0.23277581863473462,0.0,0.11998574062221046,0.0,0.0013654123536474825,4.047615784354667e-08,0.5109618434242879,0.0,0.0,1.1682322018143636,lhs_candidate_000008_june2024_preflight,pa1_candidate_000008
2024-06-20T22:00,26.5,97.0,0.0,0.0,0.0,1.04,100600.0,26.0,0.1,0.0,28.5,0.224,0,0,0,1.0,26.596230000813414,96.57536273404097,0.024307402076328283,32.894586640165805,0.23276856660358047,0.0,0.11923732104343143,0.0,0.001802536370441959,4.022016091700027e-08,0.5109170777998795,0.0,0.0,1.1691943283362793,lhs_candidate_000008_june2024_preflight,pa1_candidate_000008
2024-06-20T23:00,26.5,97.0,0.0,0.0,0.0,0.95,100580.0,26.1,0.09,0.0,28.4,0.226,0,0,0,1.0,26.59257264889125,96.59731572636586,0.024307991866109095,32.70025944938251,0.23276135006591422,0.0,0.11844747682721479,0.0,0.0016555906857271022,3.995025356564833e-08,0.5108725312710755,0.0,0.0,1.1689761473916351,lhs_candidate_000008_june2024_preflight,pa1_candidate_000008
2024-06-21T00:00,27.8,87.0,0.0,0.0,0.0,1.08,100550.0,25.3,0.5,0.0,28.3,0.228,0,0,0,1.0,27.359603212539998,89.82937721001488,0.023585176655988038,32.51939729724926,0.23274809916633804,0.0,0.37033806463043106,0.0,0.0020784214387955554,1.248885256440646e-07,0.5107907355946792,0.0,0.0,1.1656446337505224,lhs_candidate_000008_june2024_preflight,pa1_candidate_000008
2024-06-21T01:00,27.9,84.0,0.0,0.0,0.0,1.1,100440.0,25.0,0.59,0.0,28.1,0.228,0,0,0,1.0,27.865346470155433,84.88794538828014,0.02291726281318956,32.3640814782252,0.23271868744747892,0.0,0.5667618122915044,0.0,0.0018592894750659146,1.9106026450545e-07,0.5106091817745613,0.0,0.0,1.162413152611893,lhs_candidate_000008_june2024_preflight,pa1_candidate_000008
2024-06-21T02:00,28.0,84.0,0.0,0.0,0.0,1.14,100400.0,24.9,0.62,0.0,28.0,0.228,0,0,0,1.0,28.002978771991124,84.30887045629265,0.02293366820956986,32.220015543304704,0.23268308256250464,0.0,0.5932166483412367,0.0,0.0019052601590874966,1.9989233908844574e-07,0.5103893985339792,0.0,0.0,1.1614191921847103,lhs_candidate_000008_june2024_preflight,pa1_candidate_000008
2024-06-21T03:00,27.5,85.0,0.0,0.0,0.0,1.3,100330.0,24.7,0.55,0.0,27.8,0.228,0,0,0,1.0,27.745409334154974,84.33994342418652,0.02261964480099399,32.07978687597124,0.2326470947469946,0.0,0.5832208875831912,0.0,0.0023034025092314187,1.9643859574039189e-07,0.510167251524658,0.0,0.0,1.161602930892568,lhs_candidate_000008_june2024_preflight,pa1_candidate_000008
2024-06-21T04:00,27.3,85.0,0.0,0.0,0.0,1.26,100360.0,24.6,0.54,0.0,27.7,0.228,0,0,0,1.0,27.454621466211986,84.71615720976668,0.02235955781299778,31.935636662394288,0.23261261441351264,0.0,0.5596247112907493,0.0,0.002191030683192329,1.8841236867086745e-07,0.5099544099599546,0.0,0.0,1.1630742703772223,lhs_candidate_000008_june2024_preflight,pa1_candidate_000008
2024-06-21T05:00,27.4,84.0,0.0,0.0,0.0,1.17,100330.0,24.5,0.59,0.0,27.6,0.228,0,0,0,1.0,27.425402919649002,84.31896476393922,0.02221889523266809,31.791866279787037,0.23257852138969481,0.0,0.5731879732651124,0.0,0.001969162002809181,1.928991577804594e-07,0.509743959195647,0.0,0.0,1.1628396268609802,lhs_candidate_000008_june2024_preflight,pa1_candidate_000008
2024-06-21T06:00,27.4,85.0,9.0,0.0,9.0,0.86,100440.0,24.6,0.56,0.02,27.6,0.227,1,0,0,1.0,27.47005221214688,85.3352869266703,0.022542138265395324,31.655641796760115,0.23252725647393077,1108.6416,0.537439617651835,7.6499999999999995,0.0014938563436578197,3.737246487658129e-07,0.5094275090983381,0.0,0.0,1.163941644278633,lhs_candidate_000008_june2024_preflight,pa1_candidate_000008
2024-06-21T07:00,27.7,86.0,64.0,1.0,63.0,1.06,100510.0,25.2,0.52,0.06,28.4,0.227,0,0,0,1.0,27.77551822146919,88.47700436531419,0.023768521899458602,31.543249973598055,0.243187314318198,7848.4911999999995,0.429900435246501,54.4,0.0018207488067659642,1.7127339611912823e-06,0.5752303352975187,0.0,0.0,1.1635705070779385,lhs_candidate_000008_june2024_preflight,pa1_candidate_000008
2024-06-21T08:00,28.6,83.0,160.0,19.0,141.0,0.85,100570.0,25.5,0.65,0.13,28.5,0.228,0,0,0,1.0,28.68805480694033,90.78001976491687,0.02563789184561292,31.48679324840006,0.24267390408730966,19040.7184,0.36271684647613567,136.0,0.0014922239841484088,3.989323511976073e-06,0.5720611363414176,0.0,0.0,1.1607452243623286,lhs_candidate_000008_june2024_preflight,pa1_candidate_000008
2024-06-21T09:00,29.4,75.0,343.0,91.0,252.0,0.67,100550.0,24.6,1.02,0.26,32.5,0.227,0,1,0,1.0,30.00773600380309,88.87984030757848,0.026967165193429128,31.530587678589217,0.24156372563141518,39049.9648,0.47204501359606743,291.55,0.0030359501599477035,8.335653191168396e-06,0.5652081829099702,0.0,0.0,1.1554625357500414,lhs_candidate_000008_june2024_preflight,pa1_candidate_000008
2024-06-21T10:00,30.9,66.0,532.0,203.0,329.0,0.57,100520.0,23.8,1.52,0.41,31.9,0.227,0,1,0,1.0,31.826815409966468,74.98197756090366,0.025083920529216402,31.70421974517119,0.23964849205843494,58391.0096,1.177958618936736,452.2,0.003155562486002341,1.2821213521766657e-05,0.5533857534471293,0.0,0.0,1.1482279218349725,lhs_candidate_000008_june2024_preflight,pa1_candidate_000008
2024-06-21T11:00,31.7,64.0,700.0,388.0,312.0,0.42,100480.0,24.2,1.67,0.54,32.6,0.225,0,1,0,1.0,33.45800022093933,70.76586659519366,0.025809971716456208,32.007090550588906,0.23701599343651195,72576.90879999999,1.5087216123515752,595.0,0.003550284553504671,1.6360016340816957e-05,0.5371357619537774,0.0,0.0,1.141664751631548,lhs_candidate_000008_june2024_preflight,pa1_candidate_000008
2024-06-21T12:00,32.2,64.0,761.0,462.0,299.0,0.36,100450.0,24.5,1.72,0.59,33.5,0.223,0,1,0,1.0,34.456310907578164,68.55118787597274,0.02634600769369721,32.39036409339542,0.23399326815378188,77487.5376,1.7158172204517528,646.85,0.0037781471145456732,1.719372894433586e-05,0.5184769639122339,0.0,0.0,1.1376198166378422,lhs_candidate_000008_june2024_preflight,pa1_candidate_000008
2024-06-21T13:00,32.0,64.0,543.0,271.0,272.0,0.67,100360.0,24.3,1.71,0.43,33.4,0.221,0,1,0,1.0,34.182233615894596,65.43448516515168,0.024790297952600716,32.732856515077316,0.2313622629479323,57353.612799999995,1.8573677663324832,461.55,0.003924180842366515,1.2093945898080493e-05,0.5022361910366192,0.0,0.0,1.1376141599933813,lhs_candidate_000008_june2024_preflight,pa1_candidate_000008
2024-06-21T14:00,28.8,81.0,207.0,9.0,198.0,0.73,100320.0,25.2,0.76,0.17,32.0,0.225,0,1,0,1.0,31.209056982319268,74.80718658982798,0.024212925231165555,32.88863350820369,0.22985651144000213,25182.115199999997,1.1453508552903138,175.95,0.004082532951911383,4.6673903621909364e-06,0.4929414286419885,0.0,0.0,1.148269270194868,lhs_candidate_000008_june2024_preflight,pa1_candidate_000008
2024-06-21T15:00,29.0,80.0,268.0,55.0,213.0,0.81,100250.0,25.3,0.78,0.21,31.5,0.225,0,0,0,1.0,29.998469953193,83.90202210144349,0.025444089744432827,32.90548536055552,0.22892323657866012,31077.851199999997,0.6829877333676202,227.79999999999998,0.0020567042370067254,5.714908645693511e-06,0.48718047270777853,0.0,0.0,1.15205032153881,lhs_candidate_000008_june2024_preflight,pa1_candidate_000008
2024-06-21T16:00,29.4,77.0,283.0,81.0,202.0,0.71,100260.0,24.9,0.95,0.22,31.4,0.226,0,1,0,1.0,30.276621653476912,79.47663035263737,0.02446680804321871,32.93609433732191,0.2278661374575874,32010.8448,0.8847323826045339,240.54999999999998,0.003262763815122746,6.005832604823601e-06,0.48065516949128034,0.0,0.0,1.1511090474416168,lhs_candidate_000008_june2024_preflight,pa1_candidate_000008
2024-06-21T17:00,28.9,80.0,203.0,90.0,113.0,0.61,100200.0,25.2,0.78,0.15,30.9,0.225,0,0,0,1.0,29.962152669701855,81.149599644012,0.024561116307885853,32.951663766986876,0.22693625451226457,21839.6112,0.7981000772109197,172.54999999999998,0.0018952023308136754,4.307877934904475e-06,0.4749151513102751,0.0,0.0,1.1516136965383015,lhs_candidate_000008_june2024_preflight,pa1_candidate_000008
2024-06-21T18:00,28.8,81.0,56.0,18.0,38.0,0.92,100310.0,25.2,0.76,0.05,30.3,0.225,1,0,0,1.0,29.34346901851607,81.70074846936973,0.023912416171774847,32.896531210951636,0.22643046971287653,6264.9312,0.7476846419043719,47.6,0.0019155120463805024,1.344880223135412e-06,0.47179302291899095,0.0,0.0,1.1552359005823964,lhs_candidate_000008_june2024_preflight,pa1_candidate_000008
2024-06-21T19:00,28.6,82.0,0.0,0.0,0.0,0.99,100350.0,25.3,0.7,0.02,29.8,0.225,0,0,0,1.0,28.83646402313236,81.78208732582948,0.02328456447622657,32.777923727012826,0.23712195607687958,0.0,0.722882525598342,0.0,0.0018174106763868927,2.5666195858224296e-07,0.5377898523264172,0.0,0.0,1.1576368655406666,lhs_candidate_000008_june2024_preflight,pa1_candidate_000008
2024-06-21T20:00,28.5,83.0,0.0,0.0,0.0,0.72,100440.0,25.4,0.65,0.0,29.5,0.224,0,0,0,1.0,28.607727452401463,83.0226693238731,0.02334441303731704,32.63985069335696,0.23707756452323592,0.0,0.6647919922884191,0.0,0.0013058940421478355,2.3591644378774466e-07,0.5375158303903452,0.0,0.0,1.1595533967895744,lhs_candidate_000008_june2024_preflight,pa1_candidate_000008
2024-06-21T21:00,28.4,85.0,0.0,0.0,0.0,0.99,100490.0,25.6,0.59,0.0,29.2,0.224,0,0,0,1.0,28.494479940953116,84.78067233280038,0.023691594685145038,32.50233602866571,0.23703734389954098,0.0,0.5920521911215704,0.0,0.0017206076170426302,2.1000603810060564e-07,0.5372675549354382,0.0,0.0,1.160566185813841,lhs_candidate_000008_june2024_preflight,pa1_candidate_000008
2024-06-21T22:00,27.9,90.0,0.0,0.0,0.0,0.92,100510.0,26.0,0.39,0.0,28.9,0.224,0,0,0,1.0,28.157726648600086,88.69020182057642,0.02433120152314116,32.36419984103063,0.23700421907317157,0.0,0.4314443060890274,0.0,0.0017271377261332608,1.5297878765368458e-07,0.53706308069859,0.0,0.0,1.1620945195275603,lhs_candidate_000008_june2024_preflight,pa1_candidate_000008
2024-06-21T23:00,28.1,88.0,0.0,0.0,0.0,1.06,100510.0,25.8,0.47,0.0,28.4,0.223,0,0,0,1.0,28.09616694923764,88.49373262336653,0.024195465657785967,32.22365100820571,0.236977531205239,0.0,0.43737017830333613,0.0,0.0017724159314318323,1.5503237629857003e-07,0.5368983407730803,0.0,0.0,1.1623319937167835,lhs_candidate_000008_june2024_preflight,pa1_candidate_000008
2024-06-22T00:00,28.0,88.0,0.0,0.0,0.0,0.94,100460.0,25.8,0.47,0.0,28.1,0.223,0,0,0,1.0,28.085553444993494,88.02017077097716,0.024051976874110904,32.088087833179564,0.2369487820633592,0.0,0.4550898314952576,0.0,0.001634072164259165,1.612600516275131e-07,0.5367208769343161,0.0,0.0,1.1617947089755318,lhs_candidate_000008_june2024_preflight,pa1_candidate_000008
2024-06-22T01:00,28.3,86.0,0.0,0.0,0.0,1.04,100400.0,25.6,0.55,0.0,27.9,0.223,0,0,0,1.0,28.23087049182233,86.77859383603868,0.02390242697857494,31.957431890522738,0.2369184927648225,0.0,0.5065174676285529,0.0,0.001783904692779793,1.794207936385122e-07,0.5365339059556944,0.0,0.0,1.1605409751408746,lhs_candidate_000008_june2024_preflight,pa1_candidate_000008
2024-06-22T02:00,27.4,92.0,0.0,0.0,0.0,0.8,100350.0,26.1,0.28,0.0,27.6,0.223,0,0,0,1.0,27.798998363332874,90.08257994331655,0.024231114785497138,31.829824792143036,0.23688931589297751,0.0,0.3705065542752717,0.0,0.0016584892071796614,1.3119836797312245e-07,0.5363538018085032,0.0,0.0,1.161627603177435,lhs_candidate_000008_june2024_preflight,pa1_candidate_000008
2024-06-22T03:00,27.2,93.0,0.0,0.0,0.0,0.91,100310.0,26.0,0.25,0.0,27.5,0.223,0,0,0,1.0,27.37682546271135,92.33737876385337,0.024266714525725576,31.692610750564853,0.2368693029916005,0.0,0.27929666334403613,0.0,0.0016544991212989481,9.887767457156517e-08,0.53623026538025,0.0,0.0,1.162795748978015,lhs_candidate_000008_june2024_preflight,pa1_candidate_000008
2024-06-22T04:00,27.2,93.0,0.0,0.0,0.0,1.04,100270.0,25.9,0.26,0.0,27.3,0.223,0,0,0,1.0,27.27277388424678,92.82797101903157,0.02425593818598827,31.55365710506787,0.23685234510730876,0.0,0.25982791727624477,0.0,0.0017865308672647645,9.196731793518891e-08,0.5361255870821529,0.0,0.0,1.1627346423841336,lhs_candidate_000008_june2024_preflight,pa1_candidate_000008
2024-06-22T05:00,26.8,93.0,0.0,0.0,0.0,0.95,100270.0,25.7,0.23,0.0,27.1,0.222,0,0,0,1.0,27.02247652094052,92.38139943544662,0.02380759706881025,31.415676872604163,0.23683531658468146,0.0,0.27198741226244305,0.0,0.001748182219742279,9.625235337278175e-08,0.5360204727449474,0.0,0.0,1.1637041830248567,lhs_candidate_000008_june2024_preflight,pa1_candidate_000008
2024-06-22T06:00,27.1,92.0,18.0,5.0,13.0,1.14,100290.0,25.8,0.27,0.01,27.2,0.222,1,0,0,1.0,27.096295860667407,92.85100801383028,0.02402651865729147,31.28247570583995,0.2367822006396142,2041.3711999999998,0.25632938692252427,15.299999999999999,0.0019057280062831322,4.964907344128666e-07,0.5356925965408283,0.0,0.0,1.163650128730508,lhs_candidate_000008_june2024_preflight,pa1_candidate_000008
2024-06-22T07:00,28.7,85.0,145.0,71.0,74.0,0.81,100450.0,26.0,0.57,0.1,29.1,0.222,0,0,0,1.0,28.415255894799287,93.28332726423119,0.02595488123794819,31.205495799328588,0.2472451943651706,15363.497599999997,0.26008913793022925,123.25,0.0015865992648967527,3.7664602229033066e-06,0.6002789775627815,0.0,0.0,1.1604089933138646,lhs_candidate_000008_june2024_preflight,pa1_candidate_000008
2024-06-22T08:00,29.9,75.0,345.0,226.0,119.0,0.42,100450.0,25.0,1.05,0.25,30.2,0.221,0,0,0,1.0,30.2756350557833,96.01768320296294,0.029557382942532344,31.255209908800374,0.2461233200564413,34546.705599999994,0.17166214546201797,293.25,0.0011807710324813802,8.683018643245245e-06,0.593353827508897,0.0,0.0,1.1532942328586955,lhs_candidate_000008_june2024_preflight,pa1_candidate_000008
2024-06-22T09:00,30.7,70.0,478.0,328.0,150.0,0.73,100490.0,24.5,1.34,0.36,31.3,0.22,0,1,0,1.0,31.730183736272455,77.10563919738226,0.025661787243180134,31.429009248981604,0.244238353010291,47341.36,1.0720873802329964,406.3,0.003376055899414282,1.2114868323082428e-05,0.5817182284585865,0.0,0.0,1.1482490572745672,lhs_candidate_000008_june2024_preflight,pa1_candidate_000008
2024-06-22T10:00,30.8,68.0,440.0,183.0,257.0,0.22,100450.0,24.1,1.44,0.34,31.5,0.218,0,1,0,1.0,32.214101974690244,73.10401640974715,0.024965011774452837,31.646101911223404,0.24215546275747707,47761.8768,1.294397466979854,374.0,0.0032626142584422286,1.1020782729378621e-05,0.5688608812189943,0.0,0.0,1.145973062152297,lhs_candidate_000008_june2024_preflight,pa1_candidate_000008
2024-06-22T11:00,31.1,65.0,574.0,306.0,268.0,0.5,100430.0,23.9,1.56,0.44,32.1,0.217,0,1,0,1.0,32.72384397834789,70.9329529433894,0.02488746263008093,31.889690137182725,0.2399069338784547,59940.8832,1.4396189046360415,487.9,0.0035259652774974164,1.3935092920524248e-05,0.5549810733237944,0.0,0.0,1.1438354982824677,lhs_candidate_000008_june2024_preflight,pa1_candidate_000008
2024-06-22T12:00,31.4,64.0,624.0,267.0,357.0,1.06,100400.0,23.9,1.63,0.48,32.8,0.215,0,1,0,1.0,33.272478521432134,67.86389409843656,0.024510838276077345,32.18619964703104,0.2373244435342749,67472.11679999999,1.6413642294733912,530.4,0.004143334269853153,1.474098095282217e-05,0.5390397749029315,0.0,0.0,1.1414464468047225,lhs_candidate_000008_june2024_preflight,pa1_candidate_000008
2024-06-22T13:00,31.0,65.0,455.0,225.0,230.0,0.89,100370.0,23.7,1.57,0.36,32.7,0.213,0,1,0,1.0,32.87283800632166,66.57012759338747,0.02354157046280204,32.44729536592433,0.2350437725205969,48131.952,1.6696148729096634,386.75,0.00397143407140248,1.0631768043964232e-05,0.5249615587691168,0.0,0.0,1.1425955663903746,lhs_candidate_000008_june2024_preflight,pa1_candidate_000008
2024-06-22T14:00,30.3,68.0,356.0,161.0,195.0,1.1,100280.0,23.7,1.38,0.29,32.4,0.213,0,1,0,1.0,31.936614506779346,68.36063079007273,0.02300304165425562,32.61467547545637,0.23334904034098478,38188.568,1.4990008524964211,302.59999999999997,0.004087728474377,8.218157405324846e-06,0.5145002490184245,0.0,0.0,1.145074175927091,lhs_candidate_000008_june2024_preflight,pa1_candidate_000008
2024-06-22T15:00,30.3,68.0,389.0,151.0,238.0,1.3,100260.0,23.7,1.38,0.31,32.3,0.212,0,1,0,1.0,31.63590515154528,69.58066627831371,0.0230411665205614,32.742818003337035,0.23182330766466358,42605.411199999995,1.4168770358199976,330.65,0.004200723532014425,8.74185183110662e-06,0.5050821460781703,0.0,0.0,1.1459753338865672,lhs_candidate_000008_june2024_preflight,pa1_candidate_000008
2024-06-22T16:00,29.7,71.0,298.0,169.0,129.0,1.2,100260.0,23.8,1.22,0.23,31.8,0.213,0,1,0,1.0,31.08790521746731,70.97668172666725,0.022824453935708543,32.84519672862637,0.23043800501878142,30762.529599999998,1.3104389600394537,253.29999999999998,0.004098106218146699,6.657225990307281e-06,0.49653089517766313,0.0,0.0,1.148039489590558,lhs_candidate_000008_june2024_preflight,pa1_candidate_000008
2024-06-22T17:00,28.9,77.0,100.0,28.0,72.0,0.76,100220.0,24.4,0.93,0.09,30.9,0.216,0,0,0,1.0,29.89039579868557,76.2111860089803,0.02297707825089047,32.84975011351556,0.22962406522603937,11333.1328,1.0030465845902552,85.0,0.0019981582370841265,2.394152993050969e-06,0.49150657546937887,0.0,0.0,1.1521163043436287,lhs_candidate_000008_june2024_preflight,pa1_candidate_000008
2024-06-22T18:00,28.5,79.0,19.0,2.0,17.0,1.0,100360.0,24.6,0.8,0.04,30.0,0.22,1,0,0,1.0,28.95249379982039,78.63822676617954,0.022531555977315317,32.75595083749331,0.22935042025606778,2270.1007999999997,0.8533374159432228,16.15,0.0019696527033987543,6.676497133278132e-07,0.48981740898807274,0.0,0.0,1.1573075626959404,lhs_candidate_000008_june2024_preflight,pa1_candidate_000008
2024-06-22T19:00,28.2,81.0,0.0,0.0,0.0,1.08,100470.0,24.6,0.73,0.02,29.4,0.226,0,0,0,1.0,28.427875444451665,80.53664581706545,0.022423762407503947,32.62232452556547,0.2401097179617094,0.0,0.7542300186027702,0.0,0.0019499563404684489,2.7697565852350623e-07,0.5562328269241321,0.0,0.0,1.1605914683504885,lhs_candidate_000008_june2024_preflight,pa1_candidate_000008
2024-06-22T20:00,28.1,82.0,0.0,0.0,0.0,1.36,100510.0,24.6,0.7,0.0,28.9,0.232,0,0,0,1.0,28.206534182660597,81.86834513587326,0.02251988099701997,32.479034739565385,0.24006208923116412,0.0,0.6936491221846772,0.0,0.0023267389003573183,2.545939142225601e-07,0.5559388224145934,0.0,0.0,1.1619063073555653,lhs_candidate_000008_june2024_preflight,pa1_candidate_000008
2024-06-22T21:00,26.1,97.0,0.0,0.0,0.0,0.89,100560.0,25.6,0.1,0.0,28.5,0.241,0,0,0,1.0,26.9654624265355,92.14080545820102,0.023670792987471056,32.32553342158915,0.24002823978442703,0.0,0.2796397589187172,0.0,0.002076134345157238,1.0259916771167172e-07,0.5557298752125125,0.0,0.0,1.1672915506555674,lhs_candidate_000008_june2024_preflight,pa1_candidate_000008
2024-06-22T22:00,26.2,97.0,0.0,0.0,0.0,0.94,100550.0,25.7,0.1,0.0,28.3,0.25,0,0,0,1.0,26.329847844018207,96.33378930322822,0.023890332137128087,32.14708307933591,0.24001687681143327,0.0,0.12566093109091447,0.0,0.0016671014551812536,4.609887997412442e-08,0.5556597334039091,0.0,0.0,1.1696526791266453,lhs_candidate_000008_june2024_preflight,pa1_candidate_000008
2024-06-22T23:00,26.2,97.0,0.0,0.0,0.0,0.94,100540.0,25.7,0.1,0.0,28.1,0.256,0,0,0,1.0,26.290226313640012,96.61890509759859,0.02390827893577087,31.968846632019872,0.24000905150469487,0.0,0.11561798895550757,0.0,0.0016379283864719305,4.241092610458156e-08,0.5556114290413263,0.0,0.0,1.1696911051354424,lhs_candidate_000008_june2024_preflight,pa1_candidate_000008
2024-06-23T00:00,26.1,97.0,0.0,0.0,0.0,0.91,100510.0,25.6,0.09,0.0,27.9,0.258,0,0,0,1.0,26.224496171604727,96.52612838832836,0.023798098156915675,31.795173645532756,0.24000131677904857,0.0,0.11833075434761176,0.0,0.0016160424818559684,4.3402291190971854e-08,0.5555636838212875,0.0,0.0,1.1695988212333814,lhs_candidate_000008_june2024_preflight,pa1_candidate_000008
2024-06-23T01:00,26.0,97.0,0.0,0.0,0.0,0.71,100470.0,25.6,0.09,0.0,27.8,0.26,0,0,0,1.0,26.127965427279435,96.54386027269557,0.02367484716545799,31.624758900456065,0.23999353391346168,0.0,0.11705777485232538,0.0,0.0013103240532235287,4.293166485282144e-08,0.5555156414411214,0.0,0.0,1.169510454217333,lhs_candidate_000008_june2024_preflight,pa1_candidate_000008
2024-06-23T02:00,27.3,89.0,0.0,0.0,0.0,0.54,100450.0,25.4,0.38,0.0,27.8,0.26,0,0,0,1.0,26.850424585130956,91.7869482982388,0.02343015488249847,31.465174337304088,0.23998146787035735,0.0,0.29026345484704663,0.0,0.0013803379927974722,1.0644164884690535e-07,0.5554411596935639,0.0,0.0,1.166461799163288,lhs_candidate_000008_june2024_preflight,pa1_candidate_000008
2024-06-23T03:00,27.4,89.0,0.0,0.0,0.0,0.54,100410.0,25.4,0.41,0.0,27.7,0.259,0,0,0,1.0,27.35683253526882,89.59634157758582,0.023520395653030303,31.33003805206272,0.23995823915435213,0.0,0.3787620751530274,0.0,0.0009579105545118315,1.3885885920544808e-07,0.5552977725577293,0.0,0.0,1.1640323899281673,lhs_candidate_000008_june2024_preflight,pa1_candidate_000008
2024-06-23T04:00,27.4,89.0,0.0,0.0,0.0,0.85,100440.0,25.4,0.4,0.0,27.7,0.259,0,0,0,1.0,27.439281432481653,89.21254907560204,0.023526403779047366,31.205058363524095,0.23993266865332766,0.0,0.3946332065934519,0.0,0.0014523531739104192,1.4463628785088695e-07,0.5551399299588127,0.0,0.0,1.1640607948741186,lhs_candidate_000008_june2024_preflight,pa1_candidate_000008
2024-06-23T05:00,27.3,90.0,0.0,0.0,0.0,0.85,100440.0,25.4,0.37,0.0,27.5,0.258,0,0,0,1.0,27.387601630203186,89.82906990946402,0.023621558168695152,31.084204015622873,0.2399072228968909,0.0,0.37095636718610203,0.0,0.0014921640035118723,1.3592006473886606e-07,0.5549828573882154,0.0,0.0,1.1642609642751947,lhs_candidate_000008_june2024_preflight,pa1_candidate_000008
2024-06-23T06:00,27.2,91.0,13.0,2.0,11.0,0.72,100540.0,25.5,0.33,0.01,27.6,0.263,1,0,0,1.0,27.32188724478361,91.32281986531993,0.02392743148168273,30.968650721808157,0.2398571769430746,1531.0064,0.31526149562429673,11.049999999999999,0.0013194040343717675,4.189375787934516e-07,0.5546739317473741,0.0,0.0,1.1656750069049568,lhs_candidate_000008_june2024_preflight,pa1_candidate_000008
2024-06-23T07:00,28.2,87.0,133.0,65.0,68.0,0.82,100620.0,25.7,0.51,0.09,29.1,0.263,0,0,0,1.0,28.13275332696252,94.7868951441789,0.025968172906847945,30.89694892911229,0.25034784099419444,14096.403199999999,0.19858001255912416,113.05,0.0014272756940997438,3.548626630803451e-06,0.6194311172481138,0.0,0.0,1.1634627686421166,lhs_candidate_000008_june2024_preflight,pa1_candidate_000008
2024-06-23T08:00,28.6,84.0,198.0,66.0,132.0,1.14,100620.0,25.7,0.62,0.15,28.9,0.264,0,0,0,1.0,28.99316103445868,90.92081968366445,0.026108577742827366,30.89806502452944,0.24955481476011748,22068.0768,0.3635389824888877,168.29999999999998,0.0021380842188381067,5.268720139395214e-06,0.6145358935809722,0.0,0.0,1.1601495964025161,lhs_candidate_000008_june2024_preflight,pa1_candidate_000008
2024-06-23T09:00,28.7,84.0,289.0,103.0,186.0,0.5,100640.0,25.7,0.63,0.22,29.3,0.271,0,0,0,1.0,29.515592373206136,94.62634292217534,0.027955573865346042,30.954667594127944,0.24840482158860963,31975.9264,0.22174868942382409,245.65,0.0016313583469291626,7.477502061912322e-06,0.6074371703000595,0.0,0.0,1.1583772633473612,lhs_candidate_000008_june2024_preflight,pa1_candidate_000008
2024-06-23T10:00,29.0,82.0,398.0,166.0,232.0,0.41,100650.0,25.6,0.72,0.3,29.9,0.276,0,1,0,1.0,30.089879850007975,89.08197407792919,0.027148739523905178,31.072488306567845,0.2468215093560564,43186.3168,0.46565254460720595,338.3,0.003146368594007535,1.0195287245892035e-05,0.5976636380003482,0.0,0.0,1.1562983665357782,lhs_candidate_000008_june2024_preflight,pa1_candidate_000008
2024-06-23T11:00,29.0,82.0,306.0,97.0,209.0,0.28,100590.0,25.6,0.72,0.24,30.0,0.279,0,1,0,1.0,30.125736107832534,85.56348378612734,0.026126992010245854,31.199895937289025,0.24520053746787512,34281.12159999999,0.6169823315701959,260.09999999999997,0.003099024146757325,7.807828720642054e-06,0.5876576386905872,0.0,0.0,1.1554724404201857,lhs_candidate_000008_june2024_preflight,pa1_candidate_000008
2024-06-23T12:00,29.3,77.0,252.0,23.0,229.0,0.81,100580.0,24.9,0.92,0.2,29.9,0.281,0,1,0,1.0,30.11432826687461,80.49685038851115,0.024564745099334477,31.2852360070014,0.24391747551562598,30232.7696,0.8329734531537172,214.2,0.0033347854180306256,6.46766018241308e-06,0.5797375031828764,0.0,0.0,1.1554010317890435,lhs_candidate_000008_june2024_preflight,pa1_candidate_000008
2024-06-23T13:00,29.2,79.0,341.0,57.0,284.0,1.33,100520.0,25.2,0.85,0.27,32.2,0.284,0,1,0,1.0,30.25712600554805,81.19997254104659,0.024971060397216298,31.378845393571954,0.2425678985249355,39999.8016,0.8095376809153958,289.84999999999997,0.004122211946366787,8.506288953421306e-06,0.5714067810181203,0.0,0.0,1.1541683268165246,lhs_candidate_000008_june2024_preflight,pa1_candidate_000008
2024-06-23T14:00,29.2,75.0,331.0,97.0,234.0,1.12,100480.0,24.2,1.02,0.26,31.3,0.283,0,1,0,1.0,30.310545677324363,77.72327776860269,0.02397086043681418,31.492061750778394,0.2410657523184381,37360.681599999996,0.9621831459135968,281.34999999999997,0.0038717691985880615,8.188311025632168e-06,0.5621342735706056,0.0,0.0,1.1535059545852546,lhs_candidate_000008_june2024_preflight,pa1_candidate_000008
2024-06-23T15:00,28.4,78.0,229.0,46.0,183.0,0.71,100480.0,24.1,0.87,0.18,30.3,0.304,0,0,0,1.0,29.656906287712744,81.9583890721708,0.024399342342290496,31.5674841571604,0.2398215699312678,26590.379199999996,0.7505808873166373,194.65,0.0021050405495792036,5.618705242862838e-06,0.5544541353781963,0.0,0.0,1.1559959140690454,lhs_candidate_000008_june2024_preflight,pa1_candidate_000008
2024-06-23T16:00,27.9,86.0,167.0,32.0,135.0,0.41,100500.0,25.4,0.52,0.13,29.7,0.307,0,0,0,1.0,28.86458997489413,89.3654837309332,0.025482731528612305,31.579475598245093,0.23895524879178393,19445.624,0.4226623246448722,141.95,0.001672394732342713,4.0127553818042e-06,0.5491064740233575,0.0,0.0,1.1592592951299578,lhs_candidate_000008_june2024_preflight,pa1_candidate_000008
2024-06-23T17:00,27.8,87.0,89.0,18.0,71.0,0.32,100400.0,25.3,0.5,0.07,29.2,0.307,0,0,0,1.0,28.357754051863804,90.99988336067545,0.025239970408812935,31.53979464862415,0.23840073210012178,10329.9504,0.3473492252709054,75.64999999999999,0.0012782837886519513,2.1691910590489803e-06,0.5456835314822333,0.0,0.0,1.1600525844825218,lhs_candidate_000008_june2024_preflight,pa1_candidate_000008
2024-06-23T18:00,27.7,87.0,46.0,18.0,28.0,0.54,100480.0,25.4,0.48,0.04,28.8,0.309,1,0,0,1.0,28.039866949417043,89.543192426863,0.02440688085612246,31.461250590059137,0.23809846643055244,5033.1071999999995,0.3961784835713251,39.1,0.0012788596532606617,1.195105808088331e-06,0.5438176940157557,0.0,0.0,1.162202267844794,lhs_candidate_000008_june2024_preflight,pa1_candidate_000008
2024-06-23T19:00,27.6,89.0,1.0,0.0,1.0,0.22,100600.0,25.7,0.39,0.0,28.4,0.307,0,0,0,1.0,27.770501173621795,89.78219980487403,0.02411249571741169,31.35605692881389,0.24881418390714596,123.18239999999999,0.38109461248591536,0.85,0.0007402493996508045,1.7914050046118878e-07,0.609964098192259,0.0,0.0,1.1646318236554025,lhs_candidate_000008_june2024_preflight,pa1_candidate_000008
2024-06-23T20:00,27.4,86.0,0.0,0.0,0.0,0.61,100670.0,24.8,0.51,0.0,28.1,0.308,0,0,0,1.0,27.542881575915406,86.99448909995257,0.023072864481548574,31.236509513166645,0.24878131918014376,0.0,0.47866540787353395,0.0,0.0011762982411201396,1.9269614414699993e-07,0.6097612295070602,0.0,0.0,1.1663244243555615,lhs_candidate_000008_june2024_preflight,pa1_candidate_000008
2024-06-23T21:00,27.5,85.0,0.0,0.0,0.0,0.98,100680.0,24.8,0.55,0.0,27.9,0.312,0,0,0,1.0,27.51333994848356,85.54966557657187,0.02265275723608169,31.11680281190957,0.2487443943739438,0.0,0.53092458420064,0.0,0.0016460818430775763,2.1365420555363833e-07,0.6095332986045914,0.0,0.0,1.1665548889609514,lhs_candidate_000008_june2024_preflight,pa1_candidate_000008
2024-06-23T22:00,26.1,97.0,0.0,0.0,0.0,1.08,100680.0,25.6,0.1,0.0,27.7,0.313,0,0,0,1.0,26.706233113947587,93.43724111748728,0.023661540612322222,30.993340856025977,0.24871487330767897,0.0,0.22998221177844513,0.0,0.0021737838967903047,9.252157103452316e-08,0.6093510698004875,0.0,0.0,1.1696948417775532,lhs_candidate_000008_june2024_preflight,pa1_candidate_000008
2024-06-23T23:00,27.3,88.0,0.0,0.0,0.0,1.0,100690.0,25.1,0.45,0.0,27.6,0.311,0,0,0,1.0,26.934811916407533,90.47927539812214,0.023204543994816987,30.85997394019392,0.24869755692478426,0.0,0.33815019936096835,0.0,0.0019169720451112332,1.3601356071272773e-07,0.609244178548051,0.0,0.0,1.1689199598090034,lhs_candidate_000008_june2024_preflight,pa1_candidate_000008
2024-06-24T00:00,27.3,88.0,0.0,0.0,0.0,0.94,100670.0,25.1,0.43,0.0,27.5,0.309,0,0,0,1.0,27.298761998117758,88.40552634652761,0.02313352342330093,30.74389991782148,0.24866881689221104,0.0,0.42068355225072773,0.0,0.001570399577983236,1.6916153327844812e-07,0.6090667709395744,0.0,0.0,1.1672720821996323,lhs_candidate_000008_june2024_preflight,pa1_candidate_000008
2024-06-24T01:00,27.1,89.0,0.0,0.0,0.0,0.78,100630.0,25.1,0.4,0.0,27.4,0.307,0,0,0,1.0,27.217926311175127,88.85436982173387,0.023147412059677405,30.63387126822844,0.24863874373277423,0.0,0.4024885611055451,0.0,0.0014079072968010164,1.6179579646105282e-07,0.6088811341529273,0.0,0.0,1.1671222948854922,lhs_candidate_000008_june2024_preflight,pa1_candidate_000008
2024-06-24T02:00,27.0,89.0,0.0,0.0,0.0,0.81,100600.0,25.0,0.39,0.0,27.3,0.312,0,0,0,1.0,27.0915752967503,89.0695519660683,0.023041997848822444,30.524073875870524,0.24861016187966847,0.0,0.39180625340223685,0.0,0.0014322403363706963,1.574559928499508e-07,0.6087047029609165,0.0,0.0,1.1672653652671072,lhs_candidate_000008_june2024_preflight,pa1_candidate_000008
2024-06-24T03:00,27.0,89.0,0.0,0.0,0.0,0.85,100560.0,25.0,0.41,0.0,27.3,0.31,0,0,0,1.0,27.04766774009189,89.18173987380989,0.023015064457599353,30.415516108895854,0.24858203705631932,0.0,0.38678773461976945,0.0,0.001459390008317409,1.5539485712640723e-07,0.6085310929402427,0.0,0.0,1.1669719027094136,lhs_candidate_000008_june2024_preflight,pa1_candidate_000008
2024-06-24T04:00,27.0,89.0,0.0,0.0,0.0,0.98,100570.0,24.9,0.41,0.0,27.2,0.308,0,0,0,1.0,27.04131374746548,89.16613141801365,0.023002949907243272,30.30988694454516,0.24855406936337496,0.0,0.38720147142058225,0.0,0.0016666039920181066,1.55516946342632e-07,0.6083584528603393,0.0,0.0,1.167112653175258,lhs_candidate_000008_june2024_preflight,pa1_candidate_000008
2024-06-24T05:00,26.9,89.0,0.0,0.0,0.0,0.92,100600.0,25.0,0.39,0.0,27.1,0.307,0,0,0,1.0,26.9799851883531,89.06519767191088,0.02289907416516033,30.206894266227376,0.24852596262388207,0.0,0.38940535210335137,0.0,0.001598039329870905,1.5635751616244733e-07,0.6081849544684079,0.0,0.0,1.167699361452316,lhs_candidate_000008_june2024_preflight,pa1_candidate_000008
2024-06-24T06:00,27.0,89.0,12.0,1.0,11.0,0.72,100620.0,25.0,0.39,0.01,27.1,0.305,1,0,0,1.0,27.02781113920158,89.94257551964785,0.023185930107628688,30.109407566369537,0.24847118971940355,1443.0064,0.3591668740723972,10.2,0.00122989782506617,4.51134591420975e-07,0.607846850119775,0.0,0.0,1.1677454272839498,lhs_candidate_000008_june2024_preflight,pa1_candidate_000008
2024-06-24T07:00,27.4,89.0,119.0,31.0,88.0,0.91,100700.0,25.4,0.4,0.08,27.9,0.303,0,0,0,1.0,27.518530595771377,95.28174853696092,0.02523694099861237,30.050829339126533,0.25896780192014807,13568.0512,0.17340745234504684,101.14999999999999,0.001611156274154399,3.445933563294523e-06,0.6726407525935066,0.0,0.0,1.166766481100901,lhs_candidate_000008_june2024_preflight,pa1_candidate_000008
2024-06-24T08:00,28.1,85.0,193.0,40.0,153.0,0.91,100750.0,25.4,0.56,0.15,28.1,0.301,0,0,0,1.0,28.34872346314763,95.0452040093523,0.02634895949968038,30.056388814563153,0.2581624392431448,22366.907199999998,0.1911244388296205,164.04999999999998,0.001705821564028381,5.507753926657382e-06,0.6676693780441038,0.0,0.0,1.1641314598993475,lhs_candidate_000008_june2024_preflight,pa1_candidate_000008
2024-06-24T09:00,28.7,84.0,245.0,30.0,215.0,0.85,100780.0,25.6,0.64,0.19,28.9,0.299,0,0,0,1.0,29.168114199814596,94.7098214021314,0.02745691466381187,30.114464760529497,0.25704406932314655,29124.215999999997,0.21397494612492496,208.25,0.0017728089576919933,6.906920185108291e-06,0.6607658600194232,0.0,0.0,1.1613219453997286,lhs_candidate_000008_june2024_preflight,pa1_candidate_000008
2024-06-24T10:00,29.0,81.0,262.0,37.0,225.0,0.63,100780.0,25.4,0.75,0.21,29.3,0.297,0,0,0,1.0,29.693472258505533,92.67317493047291,0.027643904881045792,30.205165635496677,0.25576233301188944,30972.04,0.30545771104724606,222.7,0.001666047881792646,7.330765873574498e-06,0.6528539074807991,0.0,0.0,1.1593073408312349,lhs_candidate_000008_june2024_preflight,pa1_candidate_000008
2024-06-24T11:00,30.3,72.0,529.0,126.0,403.0,0.36,100690.0,24.7,1.19,0.4,30.7,0.293,0,1,0,1.0,31.13664777996753,84.06163538959747,0.02710298398743662,30.385194242772577,0.25378757622919007,60730.5072,0.7216350726583034,449.65,0.0029269759167094623,1.4569430424540889e-05,0.6406640507974696,0.0,0.0,1.1527785686418555,lhs_candidate_000008_june2024_preflight,pa1_candidate_000008
2024-06-24T12:00,31.3,67.0,736.0,433.0,303.0,0.51,100630.0,24.5,1.5,0.56,31.9,0.289,0,1,0,1.0,32.90699742127998,77.27267441371772,0.027375768632236362,30.721415954464746,0.2506939739450558,75428.2672,1.1372677674663727,625.6,0.003522619840734452,1.9720990167075388e-05,0.6215677404015791,0.0,0.0,1.1454275067063715,lhs_candidate_000008_june2024_preflight,pa1_candidate_000008
2024-06-24T13:00,31.9,65.0,689.0,411.0,278.0,0.45,100580.0,24.4,1.66,0.53,32.5,0.285,0,1,0,1.0,33.84110643364053,71.9422829608428,0.026772781272165792,31.12202827533043,0.24729883718462822,70412.7072,1.4793097006888716,585.65,0.0036635289093437853,1.8003582395479567e-05,0.600610106077952,0.0,0.0,1.141374816537557,lhs_candidate_000008_june2024_preflight,pa1_candidate_000008
2024-06-24T14:00,31.5,67.0,385.0,152.0,233.0,0.42,100480.0,24.5,1.54,0.31,32.3,0.285,0,1,0,1.0,33.22700560512704,69.38924180155271,0.02500174349449037,31.427382026733472,0.24477736852281837,42077.4992,1.5594810884541759,327.25,0.003533890868797787,1.0082426722651348e-05,0.5850454847087554,0.0,0.0,1.142525516003106,lhs_candidate_000008_june2024_preflight,pa1_candidate_000008
2024-06-24T15:00,30.7,73.0,481.0,224.0,257.0,0.85,100440.0,25.3,1.19,0.37,32.0,0.309,0,1,0,1.0,32.49296206415956,75.06289977567872,0.026016278826653905,31.650414153162668,0.2427833420376962,51369.8768,1.2191352726977405,408.84999999999997,0.0038969857842337825,1.2055737629887301e-05,0.5727366792450382,0.0,0.0,1.1448135285427707,lhs_candidate_000008_june2024_preflight,pa1_candidate_000008
2024-06-24T16:00,30.2,76.0,322.0,144.0,178.0,0.5,100450.0,25.4,1.05,0.24,31.2,0.31,0,1,0,1.0,31.682681617665345,77.29560127926345,0.025659895797134194,31.833119261847507,0.24098133177619468,34598.4672,1.0603356065780538,273.7,0.003448677253887111,8.004377300081126e-06,0.5616131591123129,0.0,0.0,1.1479708578302346,lhs_candidate_000008_june2024_preflight,pa1_candidate_000008
2024-06-24T17:00,28.9,85.0,112.0,34.0,78.0,0.22,100470.0,26.2,0.59,0.09,30.4,0.332,0,1,0,1.0,30.10777880617247,82.78851708261743,0.025255143715718055,31.88911764659079,0.24000258838760247,12600.2272,0.7348212142846218,95.2,0.003131965315893942,2.888430098428144e-06,0.5555715332568054,0.0,0.0,1.1541623455199324,lhs_candidate_000008_june2024_preflight,pa1_candidate_000008
2024-06-24T18:00,28.5,89.0,46.0,9.0,37.0,0.2,100470.0,26.5,0.44,0.03,29.6,0.336,1,0,0,1.0,29.04286364210999,90.15066645138222,0.02595760533618106,31.83798258163635,0.23963683042737036,5349.748799999999,0.39551088287788705,39.1,0.0011920918617173621,1.215730714530091e-06,0.5533137680701874,0.0,0.0,1.158229565932489,lhs_candidate_000008_june2024_preflight,pa1_candidate_000008
2024-06-24T19:00,28.7,83.0,0.0,0.0,0.0,0.36,100540.0,25.6,0.66,0.01,29.1,0.333,0,0,0,1.0,28.75907654264603,86.70679459616785,0.024582676958910296,31.744383308783313,0.250349897452971,0.0,0.5251140437585113,0.0,0.0007098762861851354,2.1475175717709128e-07,0.6194438114380925,0.0,0.0,1.1601259996876372,lhs_candidate_000008_june2024_preflight,pa1_candidate_000008
2024-06-24T20:00,28.5,84.0,0.0,0.0,0.0,0.28,100620.0,25.5,0.62,0.0,28.6,0.33,0,0,0,1.0,28.616767614064234,84.82089083931716,0.023861823738894793,31.638564563889172,0.2503069203505927,0.0,0.5946894095616582,0.0,0.0007075539030272321,2.431012886781965e-07,0.6191785206826711,0.0,0.0,1.1615966499605064,lhs_candidate_000008_june2024_preflight,pa1_candidate_000008
2024-06-24T21:00,27.8,89.0,0.0,0.0,0.0,0.71,100640.0,25.9,0.4,0.0,28.3,0.327,0,0,0,1.0,28.130062168659737,87.65716645740815,0.024011341211528595,31.5288036665376,0.2502667819556061,0.0,0.47009535631039556,0.0,0.001484548132486482,1.9209196425120025e-07,0.6189307528123833,0.0,0.0,1.1637044219886428,lhs_candidate_000008_june2024_preflight,pa1_candidate_000008
2024-06-24T22:00,27.2,92.0,0.0,0.0,0.0,0.7,100700.0,25.8,0.29,0.0,28.0,0.325,0,0,0,1.0,27.52202701290802,90.76344742465292,0.02404482728494703,31.407823379172303,0.2502373084908833,0.0,0.3395355998283973,0.0,0.0014651658416165812,1.3870140892827213e-07,0.6187488178449588,0.0,0.0,1.1667529131532621,lhs_candidate_000008_june2024_preflight,pa1_candidate_000008
2024-06-24T23:00,26.9,93.0,0.0,0.0,0.0,0.54,100730.0,25.7,0.24,0.0,27.7,0.322,0,0,0,1.0,27.108201691553163,92.42389137124748,0.023931744984677393,31.27743093119419,0.25021520246091317,0.0,0.2718334481753937,0.0,0.0011482008008536753,1.1102036787848194e-07,0.6186123608698344,0.0,0.0,1.1687090405965117,lhs_candidate_000008_june2024_preflight,pa1_candidate_000008
2024-06-25T00:00,26.9,94.0,0.0,0.0,0.0,0.81,100740.0,25.8,0.22,0.0,27.6,0.32,0,0,0,1.0,26.975545453446113,93.68924153419476,0.02408201910992029,31.144257725461877,0.2501970395408227,0.0,0.22467740535365577,0.0,0.0014186128318989483,9.174458690019583e-08,0.6185002440791523,0.0,0.0,1.169341688113629,lhs_candidate_000008_june2024_preflight,pa1_candidate_000008
2024-06-25T01:00,26.8,94.0,0.0,0.0,0.0,0.6,100730.0,25.7,0.22,0.0,27.5,0.319,0,0,0,1.0,26.90109592054954,93.88295027409183,0.0240325509787752,31.01332552772299,0.2501809499590271,0.0,0.21683135162066547,0.0,0.001117661369437877,8.852651795303321e-08,0.618400925673007,0.0,0.0,1.1695157244920962,lhs_candidate_000008_june2024_preflight,pa1_candidate_000008
2024-06-25T02:00,26.1,98.0,0.0,0.0,0.0,0.85,100640.0,25.7,0.08,0.0,27.5,0.348,0,0,0,1.0,26.449050409284705,96.23338081010935,0.024024130901457823,30.880806354391375,0.2501675438825127,0.0,0.13001270516009455,0.0,0.0016921541788066828,5.3073652847736386e-08,0.6183181721142761,0.0,0.0,1.1702338179100489,lhs_candidate_000008_june2024_preflight,pa1_candidate_000008
2024-06-25T03:00,25.9,97.0,0.0,0.0,0.0,0.73,100620.0,25.4,0.1,0.0,27.4,0.353,0,0,0,1.0,26.08053779748233,96.54570175704487,0.02361280945326288,30.740406237712357,0.25015915893978713,0.0,0.11666811178368874,0.0,0.001387573729260801,4.762214991309248e-08,0.6182664132085626,0.0,0.0,1.1714421559712112,lhs_candidate_000008_june2024_preflight,pa1_candidate_000008
2024-06-25T04:00,25.7,97.0,0.0,0.0,0.0,0.92,100570.0,25.2,0.11,0.0,27.3,0.359,0,0,0,1.0,25.862623828501633,96.42637957414303,0.02329867943055493,30.59773693011494,0.2501504131167239,0.0,0.11915303143266254,0.0,0.001660099211927767,4.8632209444743985e-08,0.618212426646444,0.0,0.0,1.1717133416043253,lhs_candidate_000008_june2024_preflight,pa1_candidate_000008
2024-06-25T05:00,25.7,96.0,0.0,0.0,0.0,1.14,100660.0,25.1,0.12,0.0,27.2,0.361,0,0,0,1.0,25.77873681024124,95.83740262564262,0.023048134973065584,30.455489550886057,0.25014113630211765,0.0,0.1381034512260637,0.0,0.0019531565471889484,5.636158613509215e-08,0.6181551623587509,0.0,0.0,1.1730910136554102,lhs_candidate_000008_june2024_preflight,pa1_candidate_000008
2024-06-25T06:00,25.7,97.0,8.0,1.0,7.0,0.67,100650.0,25.2,0.11,0.01,27.2,0.359,1,0,0,1.0,25.785549437226297,97.00504561775163,0.023337824468535075,30.31899068245389,0.2501133756771598,950.2767999999999,0.09940438126440654,6.8,0.001208301168281435,2.4863590097150067e-07,0.6179838004762951,0.0,0.0,1.172947742077428,lhs_candidate_000008_june2024_preflight,pa1_candidate_000008
2024-06-25T07:00,27.4,87.0,106.0,30.0,76.0,0.57,100720.0,25.1,0.47,0.08,28.2,0.356,0,0,0,1.0,26.98383818098631,96.46067678920096,0.02480577500767737,30.225162508880757,0.26066254982291953,12001.8624,0.12606931330204318,90.1,0.001384383318883708,3.1044203550727243e-06,0.6831021594007378,1.0088134144216885e-07,0.0,1.1690772350773544,lhs_candidate_000008_june2024_preflight,pa1_candidate_000008
2024-06-25T08:00,27.8,83.0,222.0,86.0,136.0,0.41,100740.0,24.7,0.63,0.16,28.0,0.352,0,0,0,1.0,28.162824346481916,100.0,0.027441592802350832,30.222467288871915,0.2598134033478937,24320.806399999998,0.0,188.7,0.0011603520676245996,6.333658959430519e-06,0.6778605144931711,1.2366175364295072e-07,0.0,1.1647340690783115,lhs_candidate_000008_june2024_preflight,pa1_candidate_000008
2024-06-25T09:00,28.6,79.0,319.0,143.0,176.0,0.28,100720.0,24.5,0.84,0.24,28.7,0.347,0,0,0,1.0,29.18430860435007,99.8744801580518,0.028979700173936068,30.29837433807355,0.2584330047868228,34264.102399999996,0.005081721713797727,271.15,0.0012757148587100716,8.988910052039965e-06,0.6693395357211284,0.0,0.0,1.1605683764886916,lhs_candidate_000008_june2024_preflight,pa1_candidate_000008
2024-06-25T10:00,28.9,76.0,335.0,68.0,267.0,0.5,100700.0,24.3,0.93,0.26,29.8,0.343,0,0,0,1.0,29.82256248614382,91.3659024581507,0.027445168485804812,30.422384141463336,0.2567727003193342,38873.7008,0.36263833257533307,284.75,0.001707842236474442,9.450700025964261e-06,0.6590907427119395,0.0,0.0,1.1578935087135185,lhs_candidate_000008_june2024_preflight,pa1_candidate_000008
2024-06-25T11:00,29.6,73.0,543.0,154.0,389.0,1.3,100670.0,24.2,1.14,0.41,30.5,0.338,0,1,0,1.0,30.762364478751188,80.13066703955677,0.025321823897870712,30.615602466278837,0.25455265435516783,61469.9536,0.8806423938984822,461.55,0.004127378286439303,1.5124866736801989e-05,0.6453867552788137,0.0,0.0,1.1539690154211055,lhs_candidate_000008_june2024_preflight,pa1_candidate_000008
2024-06-25T12:00,30.2,69.0,588.0,244.0,344.0,2.33,100600.0,24.0,1.31,0.45,31.2,0.332,0,1,0,1.0,31.647714288275075,72.51928277430243,0.02402941178537349,30.8909104570822,0.25174272288414345,63846.745599999995,1.2808583805074374,499.8,0.005701245092257981,1.607381334534942e-05,0.6280414992848361,0.0,0.0,1.1498169954308428,lhs_candidate_000008_june2024_preflight,pa1_candidate_000008
2024-06-25T13:00,31.1,66.0,871.0,682.0,189.0,2.0,100610.0,24.0,1.54,0.65,32.4,0.326,0,1,0,1.0,33.05661180152457,71.18380627585353,0.025418766601880787,31.265661807754128,0.24823284376170077,83297.4736,1.4541062845274841,740.35,0.005364914318550583,2.281119499153816e-05,0.6063755787759306,0.0,0.0,1.1446403039157864,lhs_candidate_000008_june2024_preflight,pa1_candidate_000008
2024-06-25T14:00,29.9,72.0,352.0,107.0,245.0,1.43,100560.0,24.2,1.2,0.28,31.7,0.322,0,1,0,1.0,31.9745357385863,70.63624406329846,0.023816820150038793,31.582279773410512,0.24535875410431693,39595.688,1.3941728509021014,299.2,0.004653383431744881,9.2624699623065e-06,0.5886342845945489,0.0,0.0,1.1481287227970414,lhs_candidate_000008_june2024_preflight,pa1_candidate_000008
2024-06-25T15:00,29.9,71.0,299.0,206.0,93.0,0.85,100580.0,24.1,1.22,0.24,31.3,0.318,0,1,0,1.0,31.024141006505516,73.6614593894413,0.023606964947214065,31.71000575043973,0.24383181479780083,29583.9632,1.1849104766883003,254.15,0.0035587439334201594,7.742103104689511e-06,0.5792087333197582,0.0,0.0,1.15194512138645,lhs_candidate_000008_june2024_preflight,pa1_candidate_000008
2024-06-25T16:00,30.0,71.0,370.0,253.0,117.0,0.22,100550.0,24.1,1.23,0.27,31.3,0.314,0,1,0,1.0,31.12531831433732,76.00102921722271,0.024489226725689577,31.830495964130815,0.24229920045025208,36676.3408,1.0858920315324156,314.5,0.0030714591313062553,9.28096121806566e-06,0.569748150927482,0.0,0.0,1.1512186013501267,lhs_candidate_000008_june2024_preflight,pa1_candidate_000008
2024-06-25T17:00,29.6,74.0,195.0,106.0,89.0,0.4,100560.0,24.4,1.09,0.14,30.8,0.311,0,1,0,1.0,30.636873794756948,75.3480636421764,0.023650372948639746,31.919450511240846,0.2410141557689127,20291.2336,1.0848199057130419,165.75,0.0031018506907834293,5.013321241594352e-06,0.561815776351313,0.0,0.0,1.1531842674291004,lhs_candidate_000008_june2024_preflight,pa1_candidate_000008
2024-06-25T18:00,29.2,77.0,76.0,49.0,27.0,0.14,100560.0,24.8,0.92,0.05,30.2,0.309,1,0,0,1.0,29.836659800126156,79.39298664365026,0.023866860786300865,31.91381605315056,0.2403725608106382,7637.924799999999,0.8662104633667025,64.6,0.0012595478671423154,2.1034438002955837e-06,0.5578553136459149,0.0,0.0,1.1562299268973872,lhs_candidate_000008_june2024_preflight,pa1_candidate_000008
2024-06-25T19:00,29.1,75.0,1.0,0.0,1.0,0.82,100600.0,24.3,0.99,0.0,29.6,0.308,0,0,0,1.0,29.303523208743986,76.53164745122386,0.022350936766533325,31.842873055537208,0.25097895609174825,123.18239999999999,0.9566820480326608,0.85,0.0015378392651172526,4.199340845480247e-07,0.6233268894552362,0.0,0.0,1.1587287472768346,lhs_candidate_000008_june2024_preflight,pa1_candidate_000008
2024-06-25T20:00,29.0,77.0,0.0,0.0,0.0,1.22,100680.0,24.5,0.92,0.01,29.1,0.306,0,0,0,1.0,29.0764342630222,77.14312798531078,0.022252911938658124,31.745994031842628,0.250905845170557,0.0,0.9196245443211191,0.0,0.002081700316508676,3.7817519363281635e-07,0.6228755874725739,0.0,0.0,1.1605215473739439,lhs_candidate_000008_june2024_preflight,pa1_candidate_000008
2024-06-25T21:00,28.0,87.0,0.0,0.0,0.0,0.92,100700.0,25.5,0.51,0.0,28.6,0.305,0,0,0,1.0,28.432554715891015,84.7283465308369,0.023596896106818588,31.642952703975123,0.25084865319359956,0.0,0.5919569600154304,0.0,0.0018452741448640013,2.432911961642236e-07,0.6225225505777751,0.0,0.0,1.1632302927849756,lhs_candidate_000008_june2024_preflight,pa1_candidate_000008
2024-06-25T22:00,27.7,89.0,0.0,0.0,0.0,1.12,100760.0,25.8,0.39,0.0,28.2,0.304,0,0,0,1.0,27.9035634699926,88.2877630156963,0.023885225337344447,31.52602700230063,0.2508117829969465,0.0,0.4402345857111438,0.0,0.0019974307607032865,1.8086794918731067e-07,0.6222949567712748,0.0,0.0,1.1659685479003434,lhs_candidate_000008_june2024_preflight,pa1_candidate_000008
2024-06-25T23:00,27.3,92.0,0.0,0.0,0.0,1.04,100790.0,26.0,0.28,0.0,27.9,0.302,0,0,0,1.0,27.525100730177535,91.01091744833982,0.024114470869029504,31.402496562032386,0.25078321246820595,0.0,0.3304979605152152,0.0,0.001887025465131011,1.357447809269565e-07,0.6221185954827528,0.0,0.0,1.167783753279882,lhs_candidate_000008_june2024_preflight,pa1_candidate_000008
2024-06-26T00:00,27.1,93.0,0.0,0.0,0.0,0.92,100800.0,26.0,0.24,0.0,27.8,0.302,0,0,0,1.0,27.252710416010654,92.48305883240084,0.024139053096035902,31.27430954904035,0.250761269115314,0.0,0.27200366010706434,0.0,0.0016522825369133579,1.1169520682630235e-07,0.6219831426871234,0.0,0.0,1.1689586099225986,lhs_candidate_000008_june2024_preflight,pa1_candidate_000008
2024-06-26T01:00,27.1,94.0,0.0,0.0,0.0,0.91,100750.0,26.0,0.22,0.0,27.8,0.301,0,0,0,1.0,27.165971761831788,93.72310811271358,0.024345776922474145,31.14560961415035,0.25074294363023164,0.0,0.2259809029218065,0.0,0.0015711712669152233,9.277960853440285e-08,0.6218700224088373,0.0,0.0,1.1687162259265214,lhs_candidate_000008_june2024_preflight,pa1_candidate_000008
2024-06-26T02:00,27.1,92.0,0.0,0.0,0.0,0.85,100710.0,25.6,0.29,0.0,27.5,0.299,0,0,0,1.0,27.154780402701192,92.35937054034731,0.02397669435903948,31.02004928929836,0.25072487179573544,0.0,0.2748979064256343,0.0,0.0014652795045719783,1.1284291990919832e-07,0.6217584678749101,0.0,0.0,1.1682957563543281,lhs_candidate_000008_june2024_preflight,pa1_candidate_000008
2024-06-26T03:00,27.1,90.0,0.0,0.0,0.0,0.95,100650.0,25.3,0.36,0.0,27.3,0.298,0,0,0,1.0,27.150175230763672,90.4132457180301,0.023465502758031,30.89824681942245,0.25070199892652867,0.0,0.344823368888564,0.0,0.0016240813978630412,1.4151450012830344e-07,0.6216172773242511,0.0,0.0,1.1676176261623095,lhs_candidate_000008_june2024_preflight,pa1_candidate_000008
2024-06-26T04:00,27.0,90.0,0.0,0.0,0.0,1.12,100670.0,25.1,0.37,0.0,27.0,0.297,0,0,0,1.0,27.087445600443832,89.93926716171306,0.02326167766139349,30.779574071034045,0.2506756383395052,0.0,0.36054366339422295,0.0,0.0019259096748184673,1.4792733010817567e-07,0.6214545576512666,0.0,0.0,1.1680936443835976,lhs_candidate_000008_june2024_preflight,pa1_candidate_000008
2024-06-26T05:00,27.8,85.0,0.0,0.0,0.0,0.91,100650.0,25.0,0.58,0.0,26.9,0.296,0,0,0,1.0,27.523307669461733,86.89437803011943,0.023021467750288224,30.667640930036903,0.25064552688830183,0.0,0.4817986149468423,0.0,0.0017260619558639662,1.9761785666942716e-07,0.6212686844956903,0.0,0.0,1.166168624866871,lhs_candidate_000008_june2024_preflight,pa1_candidate_000008
2024-06-26T06:00,27.9,85.0,16.0,5.0,11.0,1.0,100750.0,25.0,0.58,0.02,27.0,0.295,1,0,0,1.0,27.8878882407622,86.23013949170742,0.023308473832686395,30.575638946404656,0.25057014327675836,1795.0064,0.5171031156094337,13.6,0.0016783805287696719,6.299966374415973e-07,0.6208033535602369,0.0,0.0,1.1659135371765426,lhs_candidate_000008_june2024_preflight,pa1_candidate_000008
2024-06-26T07:00,28.1,84.0,98.0,44.0,54.0,0.98,100790.0,25.2,0.6,0.08,28.4,0.294,0,0,0,1.0,28.24433887346009,88.95319878435828,0.02451949502389759,30.518679601249605,0.2610874310360652,10523.849599999998,0.42353888279326357,83.3,0.0017396435444997182,3.0201224753122324e-06,0.6857248829386741,0.0,0.0,1.1649969901920152,lhs_candidate_000008_june2024_preflight,pa1_candidate_000008
2024-06-26T08:00,28.9,78.0,275.0,180.0,95.0,0.58,100870.0,24.6,0.89,0.2,29.2,0.292,0,0,0,1.0,29.24018384961435,94.84849423362354,0.027605120191051092,30.544011444564156,0.2600968105815645,27542.327999999998,0.20923425473614188,233.75,0.0013258456100103486,7.959877207001917e-06,0.6796099418615091,0.0,0.0,1.1620820169028796,lhs_candidate_000008_june2024_preflight,pa1_candidate_000008
2024-06-26T09:00,29.5,73.0,424.0,233.0,191.0,0.76,100870.0,24.2,1.1,0.32,30.1,0.29,0,1,0,1.0,30.36776132581118,81.76980951026259,0.025296781347424004,30.678549245745568,0.25828057293892315,44031.83839999999,0.7899858333841911,360.4,0.003310967416871471,1.2276472895645634e-05,0.6683985983884145,0.0,0.0,1.157764847778973,lhs_candidate_000008_june2024_preflight,pa1_candidate_000008
2024-06-26T10:00,29.9,74.0,513.0,315.0,198.0,1.41,100860.0,24.7,1.1,0.39,30.8,0.288,0,1,0,1.0,31.1677407334049,79.42726943989771,0.025651479979082712,30.892364070963474,0.2558661204563663,52110.11519999999,0.9331118593336929,436.05,0.004317888172168566,1.4512379600744245e-05,0.6534945707183105,0.0,0.0,1.1546068814667545,lhs_candidate_000008_june2024_preflight,pa1_candidate_000008
2024-06-26T11:00,30.1,75.0,634.0,380.0,254.0,1.61,100800.0,25.1,1.08,0.47,31.4,0.285,0,1,0,1.0,31.786542392904813,79.34070964731471,0.026485134208858032,31.169167937749073,0.25299246913016515,64728.3296,0.9705159422824132,538.9,0.004744156297629697,1.7371856669122183e-05,0.6357559822849701,0.0,0.0,1.1515783973585558,lhs_candidate_000008_june2024_preflight,pa1_candidate_000008
2024-06-26T12:00,30.7,74.0,806.0,526.0,280.0,1.26,100780.0,25.5,1.15,0.6,32.2,0.281,0,1,0,1.0,32.74765593062556,79.71224412941012,0.028003029026376202,31.52902245972091,0.24951099663593646,80779.072,1.0061479327900518,685.1,0.004439389027798001,2.124586540090756e-05,0.6142654113329411,0.0,0.0,1.1477324317638091,lhs_candidate_000008_june2024_preflight,pa1_candidate_000008
2024-06-26T13:00,30.3,76.0,674.0,349.0,325.0,1.5,100760.0,25.6,1.04,0.5,32.3,0.278,0,1,0,1.0,32.675475070816795,77.25615832232653,0.027036686689395222,31.902626534916912,0.24604878709150735,70746.28,1.12338739830246,572.9,0.004843546662478482,1.7258652502967507e-05,0.5928937474784405,0.0,0.0,1.1477754956746142,lhs_candidate_000008_june2024_preflight,pa1_candidate_000008
2024-06-26T14:00,30.3,72.0,576.0,276.0,300.0,1.55,100650.0,24.6,1.22,0.44,32.3,0.275,0,1,0,1.0,32.27127988628077,73.91662293009506,0.025319320707512222,32.19733424599245,0.24320128121097678,61242.72,1.2593450829834913,489.59999999999997,0.004765649472623279,1.4425654077636513e-05,0.5753165506850418,0.0,0.0,1.148039775976396,lhs_candidate_000008_june2024_preflight,pa1_candidate_000008
2024-06-26T15:00,30.0,71.0,400.0,188.0,212.0,1.22,100690.0,24.1,1.24,0.31,31.9,0.278,0,1,0,1.0,31.642881514875672,72.3458610745369,0.023965765144965585,32.40293318180472,0.24101260403800862,42658.66879999999,1.2885885689968362,340.0,0.004231171922326162,9.936136119429833e-06,0.5618061977654853,0.0,0.0,1.1508639064705306,lhs_candidate_000008_june2024_preflight,pa1_candidate_000008
2024-06-26T16:00,28.8,82.0,297.0,146.0,151.0,1.2,100680.0,25.5,0.7,0.22,31.1,0.295,0,1,0,1.0,30.412736822018278,80.4643757749791,0.024953338648873672,32.509692704626275,0.23946998902428768,31448.542399999995,0.8487357036281264,252.45,0.0041973017214089565,7.213140711798853e-06,0.5522838828659733,0.0,0.0,1.155412857388601,lhs_candidate_000008_june2024_preflight,pa1_candidate_000008
2024-06-26T17:00,28.0,83.0,198.0,87.0,111.0,0.54,100750.0,24.9,0.63,0.14,30.2,0.327,0,0,0,1.0,29.246229255263913,86.32181167234293,0.025131737462618563,32.530877400212624,0.2383964711645657,21329.2464,0.5557489150329062,168.29999999999998,0.0019537640871243322,4.747432452524701e-06,0.5456572294108993,0.0,0.0,1.1606763416572399,lhs_candidate_000008_june2024_preflight,pa1_candidate_000008
2024-06-26T18:00,27.1,90.0,57.0,23.0,34.0,0.32,100800.0,25.3,0.37,0.04,29.3,0.332,1,0,0,1.0,27.981979523455614,89.75230046134448,0.024386253616207346,32.462226393170994,0.2378405766280055,6212.201599999999,0.3869496561756076,48.449999999999996,0.0015558256535312925,1.4393385939036932e-06,0.542225781654355,0.0,0.0,1.166127673788059,lhs_candidate_000008_june2024_preflight,pa1_candidate_000008
2024-06-26T19:00,26.4,98.0,1.0,0.0,1.0,0.45,100830.0,26.0,0.08,0.0,28.8,0.334,0,0,0,1.0,26.90909495086294,95.54257778977323,0.02446822542394542,32.31616490813779,0.24854007216530305,123.18239999999999,0.15807667467113484,0.85,0.0013421417502243666,8.908258371246961e-08,0.6082720504031053,0.0,0.0,1.1706455565080105,lhs_candidate_000008_june2024_preflight,pa1_candidate_000008
2024-06-26T20:00,26.6,91.0,0.0,0.0,0.0,0.3,100900.0,24.9,0.32,0.0,28.3,0.331,0,0,0,1.0,26.650348420838036,93.19245867666035,0.023526502990811847,32.14287190117746,0.24852508586873842,0.0,0.2377774871014009,0.0,0.0006109944091953729,9.547369146926095e-08,0.6081795423996199,0.0,0.0,1.1724693049900494,lhs_candidate_000008_june2024_preflight,pa1_candidate_000008
2024-06-26T21:00,26.7,89.0,0.0,0.0,0.0,0.67,100910.0,24.7,0.38,0.0,27.9,0.329,0,0,0,1.0,26.731158864789936,89.82298639672338,0.02277775074090526,31.974404744392547,0.24850317543502884,0.0,0.3571614576700357,0.0,0.0011520040121291604,1.4337749141383807e-07,0.60804429280882,0.0,0.0,1.1722695237537233,lhs_candidate_000008_june2024_preflight,pa1_candidate_000008
2024-06-26T22:00,26.9,88.0,0.0,0.0,0.0,0.95,100960.0,24.6,0.44,0.0,27.6,0.327,0,0,0,1.0,26.88238226304884,88.50765325668354,0.022633090635065207,31.813973591098595,0.24847535127846498,0.0,0.4069223963707489,0.0,0.0015995760185317047,1.6330718465891667e-07,0.6078725387559567,0.0,0.0,1.172259228534597,lhs_candidate_000008_june2024_preflight,pa1_candidate_000008
2024-06-26T23:00,26.9,88.0,0.0,0.0,0.0,0.73,100980.0,24.7,0.43,0.0,27.4,0.325,0,0,0,1.0,26.953793545329322,88.22823822364612,0.022651026892605508,31.661828309447834,0.24844532691988752,0.0,0.41856696005115834,0.0,0.0012712989328552446,1.6792919620131055e-07,0.6076872032091822,0.0,0.0,1.1722124505124527,lhs_candidate_000008_june2024_preflight,pa1_candidate_000008
2024-06-27T00:00,26.2,91.0,0.0,0.0,0.0,1.0,100960.0,24.6,0.3,0.0,27.1,0.323,0,0,0,1.0,26.544452516780403,89.67347777654025,0.022505450166422553,31.51109449046904,0.24841670087894294,0.0,0.3584496697352124,0.0,0.0019040742848986864,1.4376830312673236e-07,0.6075104992527341,0.0,0.0,1.1735810456731288,lhs_candidate_000008_june2024_preflight,pa1_candidate_000008
2024-06-27T01:00,27.2,86.0,0.0,0.0,0.0,0.81,100960.0,24.6,0.5,0.0,27.0,0.323,0,0,0,1.0,26.889806950206925,87.91317852743538,0.022490318609008023,31.360352614469008,0.24838981348657774,0.0,0.42815824902801225,0.0,0.0016070560504476453,1.7168035898483437e-07,0.6073445276949243,0.0,0.0,1.1722302201902424,lhs_candidate_000008_june2024_preflight,pa1_candidate_000008
2024-06-27T02:00,27.1,87.0,0.0,0.0,0.0,0.67,100920.0,24.8,0.46,0.0,26.9,0.322,0,0,0,1.0,27.1521003637351,87.22541761958622,0.022640555114455094,31.226206818652262,0.24835682961555214,0.0,0.4595373335227859,0.0,0.001173815740471414,1.842007868850976e-07,0.607140923552791,0.0,0.0,1.1707423291268668,lhs_candidate_000008_june2024_preflight,pa1_candidate_000008
2024-06-27T03:00,27.0,88.0,0.0,0.0,0.0,0.5,100880.0,24.7,0.44,0.0,26.8,0.321,0,0,0,1.0,27.09221946787412,88.08256587631112,0.02278747949404956,31.097369735964392,0.24832474820656777,0.0,0.4272012951644357,0.0,0.0009595930921766901,1.7118336665277053e-07,0.6069428901639986,0.0,0.0,1.1705117038464454,lhs_candidate_000008_june2024_preflight,pa1_candidate_000008
2024-06-27T04:00,27.0,87.0,0.0,0.0,0.0,0.54,100880.0,24.7,0.45,0.0,26.6,0.319,0,0,0,1.0,27.05521074374394,87.69596209736383,0.02264107543990471,30.971036782621034,0.24829383010496064,0.0,0.44010372718262936,0.0,0.0009731098700912915,1.762980320162761e-07,0.6067520376849422,0.0,0.0,1.1706560022902717,lhs_candidate_000008_june2024_preflight,pa1_candidate_000008
2024-06-27T05:00,24.7,96.0,0.0,0.0,0.0,1.0,100920.0,24.1,0.11,0.0,26.4,0.318,0,0,0,1.0,25.67935053178157,91.49062601754305,0.02188089028170577,30.834984860419777,0.24826603317287135,0.0,0.2806602815783319,0.0,0.002275249559995972,1.1239591858131549e-07,0.6065804516843911,0.0,0.0,1.1765122127256973,lhs_candidate_000008_june2024_preflight,pa1_candidate_000008
2024-06-27T06:00,25.0,97.0,18.0,9.0,9.0,0.81,100930.0,24.5,0.09,0.0,26.6,0.316,1,0,0,1.0,25.096422174351805,97.22968765833367,0.02250609047866166,30.675213679801644,0.24821271355761054,1900.6415999999997,0.08826262803666607,15.299999999999999,0.0014368879169891226,4.946168728853662e-07,0.6062513182568552,1.8980862908718286e-07,0.0,1.178928534982956,lhs_candidate_000008_june2024_preflight,pa1_candidate_000008
2024-06-27T07:00,27.3,89.0,160.0,107.0,53.0,0.5,100990.0,25.3,0.4,0.1,28.5,0.315,0,0,0,1.0,26.774327490478314,100.0,0.025419252842239694,30.573956971103712,0.258610216207988,15944.667199999998,0.0,136.0,0.0014052067818020562,4.514784337593494e-06,0.6704334333826422,3.4876830918440703e-06,0.0,1.1730300216724177,lhs_candidate_000008_june2024_preflight,pa1_candidate_000008
2024-06-27T08:00,28.4,85.0,390.0,303.0,87.0,0.2,101030.0,25.6,0.59,0.27,28.6,0.313,0,0,0,1.0,28.861109478184304,100.0,0.02850977114108509,30.621354426583526,0.25722239782043904,37380.8688,0.0,331.5,0.001106586048670938,1.0864167956288678e-05,0.6618666532125866,1.417924309734722e-06,0.0,1.1653862320823478,lhs_candidate_000008_june2024_preflight,pa1_candidate_000008
2024-06-27T09:00,29.4,75.0,546.0,417.0,129.0,0.7,101070.0,24.5,1.02,0.4,29.4,0.31,0,1,0,1.0,30.498403652796323,85.56710460405131,0.02665851950342958,30.809964228591756,0.25488998491429643,52586.5296,0.6301230434113925,464.09999999999997,0.003389643155512354,1.5148330327283726e-05,0.6474690426808422,0.0,0.0,1.1595612992912163,lhs_candidate_000008_june2024_preflight,pa1_candidate_000008
2024-06-27T10:00,29.9,72.0,731.0,578.0,153.0,1.1,101060.0,24.4,1.17,0.53,31.0,0.306,0,1,0,1.0,31.71763892390055,79.5420289261389,0.02645494066684123,31.11316499372756,0.2517439434182844,69710.9072,0.9573168875359075,621.35,0.004167271305513123,1.9719844460690633e-05,0.6280490334461999,0.0,0.0,1.1548096792878473,lhs_candidate_000008_june2024_preflight,pa1_candidate_000008
2024-06-27T11:00,30.6,69.0,846.0,644.0,202.0,1.24,100970.0,24.3,1.36,0.63,31.9,0.302,0,1,0,1.0,32.8075123550848,75.28445880509894,0.026531442146227515,31.50984303359376,0.24798203282236456,81554.84479999999,1.2298679259418157,719.1,0.004478565342930567,2.2027007813831346e-05,0.6048273631010158,0.0,0.0,1.149671284080894,lhs_candidate_000008_june2024_preflight,pa1_candidate_000008
2024-06-27T12:00,30.9,68.0,776.0,575.0,201.0,1.58,100900.0,24.2,1.44,0.58,32.3,0.298,0,1,0,1.0,33.27109336052378,71.02819213055237,0.02565183495740581,31.926162208426767,0.2442404735368705,75359.6624,1.47963172983652,659.6,0.004938551391355311,1.9567920202275277e-05,0.5817313181288303,0.0,0.0,1.1471361266085711,lhs_candidate_000008_june2024_preflight,pa1_candidate_000008
2024-06-27T13:00,31.0,67.0,777.0,530.0,247.0,2.01,100830.0,24.2,1.46,0.58,32.6,0.294,0,1,0,1.0,33.40650091637649,68.49051673189715,0.024912456851925918,32.318226055960864,0.24077625097926014,77066.0528,1.6214726719513517,660.4499999999999,0.005510186132730241,1.8924672901148e-05,0.560347228267038,0.0,0.0,1.1458339495134748,lhs_candidate_000008_june2024_preflight,pa1_candidate_000008
2024-06-27T14:00,30.3,70.0,678.0,518.0,160.0,2.19,100770.0,24.3,1.28,0.5,32.5,0.291,0,1,0,1.0,32.824199150366965,69.05938314400085,0.024359119338853097,32.669606234507526,0.23763666973745462,65293.184,1.541077104564427,576.3,0.005791599184479091,1.5987362030885e-05,0.5409670971447816,0.0,0.0,1.147331455889187,lhs_candidate_000008_june2024_preflight,pa1_candidate_000008
2024-06-27T15:00,30.1,73.0,509.0,386.0,123.0,1.92,100720.0,24.7,1.17,0.38,32.2,0.289,0,1,0,1.0,32.06736724366561,72.25178998678226,0.024482206251866867,32.92406246277778,0.23514842604472982,49119.43519999999,1.3243960033543014,432.65,0.005258690063371675,1.1719640819856678e-05,0.5256075681773447,0.0,0.0,1.1496057411885812,lhs_candidate_000008_june2024_preflight,pa1_candidate_000008
2024-06-27T16:00,29.9,75.0,421.0,304.0,117.0,1.35,100740.0,24.9,1.07,0.31,31.8,0.287,0,1,0,1.0,31.538727447161474,75.1918640487781,0.024770399274676703,33.09039558297565,0.23324156105358498,41164.3408,1.1491702681644038,357.84999999999997,0.004389110247053508,9.494607233503788e-06,0.5138367966270678,0.0,0.0,1.151828999080438,lhs_candidate_000008_june2024_preflight,pa1_candidate_000008
2024-06-27T17:00,29.4,74.0,249.0,180.0,69.0,1.65,100690.0,24.3,1.05,0.19,31.1,0.289,0,1,0,1.0,30.692025045645238,73.21005010644379,0.02304755108394524,33.17089923568972,0.23187731789132515,24339.5856,1.1826208479365685,211.65,0.004658338361415389,5.691364460294833e-06,0.5054155425390442,0.0,0.0,1.1544654701137,lhs_candidate_000008_june2024_preflight,pa1_candidate_000008
2024-06-27T18:00,28.6,80.0,58.0,28.0,30.0,1.34,100820.0,24.8,0.77,0.05,30.1,0.291,1,0,0,1.0,29.446826954787877,78.52828792513833,0.023113277922829505,33.13159342405062,0.2312295549559985,6159.472,0.8825476488017947,49.3,0.002654352571922019,1.5161781366154674e-06,0.5014170059012254,0.0,0.0,1.1607127959412933,lhs_candidate_000008_june2024_preflight,pa1_candidate_000008
2024-06-27T19:00,28.1,82.0,1.0,0.0,1.0,1.0,100890.0,24.8,0.67,0.0,29.3,0.292,0,0,0,1.0,28.492291839016605,81.1328275496554,0.022669506937917045,33.0026017532058,0.24190173964953227,123.18239999999999,0.7338650730659984,0.85,0.0019327970109344179,2.9873303057020443e-07,0.5672946891946437,0.0,0.0,1.165194266591583,lhs_candidate_000008_june2024_preflight,pa1_candidate_000008
2024-06-27T20:00,28.0,82.0,0.0,0.0,0.0,0.85,100950.0,24.5,0.7,0.0,28.9,0.294,0,0,0,1.0,28.133307247400552,82.08173282110965,0.022488102252097488,32.84696807748483,0.2418522601880275,0.0,0.6825729517679577,0.0,0.001528600125251917,2.5550834072578225e-07,0.5669892604199228,0.0,0.0,1.1672763919240527,lhs_candidate_000008_june2024_preflight,pa1_candidate_000008
2024-06-27T21:00,27.8,83.0,0.0,0.0,0.0,0.73,100970.0,24.6,0.63,0.0,28.5,0.293,0,0,0,1.0,27.946587125001084,82.96321904256016,0.022497845197206448,32.69030221522654,0.24180754928542403,0.0,0.6419783872470739,0.0,0.001356626642616543,2.4019555248089433e-07,0.5667132671939755,0.0,0.0,1.1682316610165897,lhs_candidate_000008_june2024_preflight,pa1_candidate_000008
2024-06-27T22:00,27.2,88.0,0.0,0.0,0.0,0.41,100980.0,25.0,0.44,0.0,28.2,0.292,0,0,0,1.0,27.51690150841898,86.63840599162144,0.022945549112755065,32.53143620568964,0.24176879904684467,0.0,0.4910249961815225,0.0,0.0011121863481455775,1.8363895338972426e-07,0.5664740681903992,0.0,0.0,1.170017056998884,lhs_candidate_000008_june2024_preflight,pa1_candidate_000008
2024-06-27T23:00,27.2,87.0,0.0,0.0,0.0,0.32,101000.0,24.9,0.46,0.0,27.9,0.291,0,0,0,1.0,27.297666413969964,87.63362694280708,0.022930149642712706,32.36783977916814,0.24173806603356773,0.0,0.4486616888648687,0.0,0.0007227915926159858,1.6773926160438362e-07,0.5662843582318996,0.0,0.0,1.1711027138677361,lhs_candidate_000008_june2024_preflight,pa1_candidate_000008
2024-06-28T00:00,26.9,89.0,0.0,0.0,0.0,0.5,100960.0,24.8,0.4,0.0,27.5,0.29,0,0,0,1.0,27.095195541656743,88.53180334630272,0.02290746927004268,32.20541828880475,0.24170874223328492,0.0,0.41116932361295033,0.0,0.0010820547969753213,1.536730116167767e-07,0.5661033471190428,0.0,0.0,1.17142833320802,lhs_candidate_000008_june2024_preflight,pa1_candidate_000008
2024-06-28T01:00,26.4,91.0,0.0,0.0,0.0,0.45,100940.0,24.8,0.3,0.0,27.3,0.29,0,0,0,1.0,26.691117636089132,90.13179659118698,0.022805359751474172,32.04045132766475,0.24168322903072953,0.0,0.3455094146981281,0.0,0.0011279545620642073,1.2909693935809657e-07,0.5659458582143798,0.0,0.0,1.172774626330901,lhs_candidate_000008_june2024_preflight,pa1_candidate_000008
2024-06-28T02:00,26.3,90.0,0.0,0.0,0.0,0.45,100910.0,24.6,0.34,0.0,27.2,0.291,0,0,0,1.0,26.442437341178806,90.20378763840802,0.022510601505619055,31.87148112319472,0.24166069904576243,0.0,0.33800495648897755,0.0,0.0009545086217302537,1.2626192129671085e-07,0.5658067842331014,0.0,0.0,1.1733992566868539,lhs_candidate_000008_june2024_preflight,pa1_candidate_000008
2024-06-28T03:00,26.1,89.0,0.0,0.0,0.0,0.3,100890.0,24.1,0.39,0.0,27.0,0.299,0,0,0,1.0,26.266555241687595,89.42016025611845,0.022097826539234738,31.703217903956205,0.24163719100867775,0.0,0.36127733827510067,0.0,0.0008101864629161444,1.3492071947879618e-07,0.5656616728930726,0.0,0.0,1.1738558301449324,lhs_candidate_000008_june2024_preflight,pa1_candidate_000008
2024-06-28T04:00,26.2,89.0,0.0,0.0,0.0,0.64,100940.0,24.2,0.38,0.0,27.0,0.298,0,0,0,1.0,26.244604150133576,89.22526119457794,0.022022739010645057,31.537157095976298,0.24161264672580293,0.0,0.3674564961030562,0.0,0.0011182219497182233,1.3719159949446004e-07,0.5655101649740922,0.0,0.0,1.1745236882023722,lhs_candidate_000008_june2024_preflight,pa1_candidate_000008
2024-06-28T05:00,26.3,89.0,0.0,0.0,0.0,0.41,100970.0,24.3,0.38,0.0,26.9,0.297,0,0,0,1.0,26.327415799785598,89.36598587930943,0.02215935116493518,31.37748851378722,0.24158801539348096,0.0,0.3644330905388937,0.0,0.0007316672981737659,1.360262145299186e-07,0.5653581197128454,0.0,0.0,1.1745478875730238,lhs_candidate_000008_june2024_preflight,pa1_candidate_000008
2024-06-28T06:00,26.2,91.0,16.0,7.0,9.0,0.5,101030.0,24.6,0.31,0.01,26.9,0.296,1,0,0,1.0,26.34030985012513,91.5341573991538,0.022713259721393,31.22830052236283,0.24153133593466375,1724.6416,0.2903494108452911,13.6,0.0010190381817444026,4.887908625551069e-07,0.56500824651027,0.0,0.0,1.1751952478793817,lhs_candidate_000008_june2024_preflight,pa1_candidate_000008
2024-06-28T07:00,27.7,87.0,146.0,91.0,55.0,0.71,101070.0,25.2,0.5,0.1,28.7,0.296,0,0,0,1.0,27.474354515756644,96.49022730858752,0.025494869748093462,31.131153448243644,0.25198172290205295,14783.032000000001,0.12866023050301933,124.1,0.001397290649947572,3.921785272816706e-06,0.6295168080373639,0.0,0.0,1.1712255916008483,lhs_candidate_000008_june2024_preflight,pa1_candidate_000008
2024-06-28T08:00,28.1,85.0,274.0,163.0,111.0,1.03,101100.0,25.2,0.59,0.2,28.6,0.298,0,0,0,1.0,28.65241746783406,94.78341013188161,0.026716466396837085,31.13521730784516,0.2509750452448627,28017.2464,0.2047989849447447,232.9,0.0020716532055026025,7.272324788612416e-06,0.6233027484250784,0.0,0.0,1.1670000917538705,lhs_candidate_000008_june2024_preflight,pa1_candidate_000008
2024-06-28T09:00,28.7,84.0,479.0,326.0,153.0,1.44,101100.0,25.8,0.62,0.34,29.3,0.297,0,0,0,1.0,29.77647028016795,93.2630890564136,0.027945233084613923,31.248946284807552,0.24919545251748057,47534.9072,0.28220693141941133,407.15,0.002893262481155185,1.245858767113366e-05,0.6123176081325962,0.0,0.0,1.1626697678507911,lhs_candidate_000008_june2024_preflight,pa1_candidate_000008
2024-06-28T10:00,29.4,81.0,589.0,464.0,125.0,1.61,101040.0,25.9,0.76,0.43,30.2,0.296,0,1,0,1.0,30.84637827418644,85.04272383544163,0.02699563862212582,31.46588678836635,0.24671227869228987,56229.8,0.6661147819783486,500.65,0.004659112722382213,1.5061911901620071e-05,0.5969893746437647,0.0,0.0,1.1578901961151005,lhs_candidate_000008_june2024_preflight,pa1_candidate_000008
2024-06-28T11:00,30.0,78.0,703.0,495.0,208.0,2.06,100970.0,25.8,0.92,0.51,31.0,0.293,0,1,0,1.0,31.827548087034216,80.38736150499972,0.026893248265325576,31.757437295759033,0.24377969867931001,69181.9392,0.9234876331475563,597.55,0.0054135770239177395,1.7481096163309013e-05,0.5788870288846297,0.0,0.0,1.1533654470954173,lhs_candidate_000008_june2024_preflight,pa1_candidate_000008
2024-06-28T12:00,30.1,75.0,532.0,226.0,306.0,2.46,100890.0,25.2,1.05,0.4,31.2,0.29,0,1,0,1.0,31.895266069515102,74.81722744374784,0.02512026929083893,32.040584102268056,0.24103813523419163,57581.814399999996,1.1903158555910225,452.2,0.005988894062767376,1.3024540123866573e-05,0.5619637977419236,0.0,0.0,1.1521957824196234,lhs_candidate_000008_june2024_preflight,pa1_candidate_000008
2024-06-28T13:00,30.0,74.0,492.0,189.0,303.0,2.61,100840.0,24.9,1.1,0.38,31.3,0.288,0,1,0,1.0,31.640310971475788,73.61424981727149,0.024382594107693455,32.257436917069434,0.23880533277974242,53956.267199999995,1.2293069221083903,418.2,0.0061756428675347015,1.1796331172686945e-05,0.5481810665416199,0.0,0.0,1.1525880931408836,lhs_candidate_000008_june2024_preflight,pa1_candidate_000008
2024-06-28T14:00,31.1,66.0,751.0,628.0,123.0,2.82,100710.0,24.0,1.52,0.56,32.1,0.284,0,1,0,1.0,32.781909861526515,68.01172281099929,0.023935968873911292,32.530202940272424,0.23617509835595155,70415.43519999999,1.5894781757634222,638.35,0.006505161132618491,1.7372101339578492e-05,0.5319450515799479,0.0,0.0,1.1468068195834706,lhs_candidate_000008_june2024_preflight,pa1_candidate_000008
2024-06-28T15:00,30.6,68.0,573.0,421.0,152.0,2.83,100680.0,24.1,1.4,0.44,32.0,0.281,0,1,0,1.0,32.74389957277837,66.29573416436398,0.02328515932033168,32.83632473941999,0.23344493892250026,55771.724799999996,1.67117150631389,487.05,0.006626754940371771,1.2990582680441002e-05,0.5150922155709893,0.0,0.0,1.1466076624544903,lhs_candidate_000008_june2024_preflight,pa1_candidate_000008
2024-06-28T16:00,30.4,70.0,420.0,283.0,137.0,2.15,100710.0,24.2,1.32,0.32,31.7,0.279,0,1,0,1.0,32.057233553908816,69.08086556656379,0.023395134710688825,33.036089027630126,0.23143592518715603,41779.9888,1.474896805547358,357.0,0.0054930650203885364,9.375599780550955e-06,0.5026908962170126,0.0,0.0,1.1495297685840216,lhs_candidate_000008_june2024_preflight,pa1_candidate_000008
2024-06-28T17:00,29.8,73.0,298.0,229.0,69.0,1.91,100700.0,24.4,1.14,0.22,31.1,0.277,0,1,0,1.0,31.20991026118368,71.72869706629272,0.023217568094214876,33.1427772460363,0.22999889768725815,28651.5856,1.2853717858315825,253.29999999999998,0.005069462431195979,6.612711991453587e-06,0.4938203560941861,0.0,0.0,1.1526155436172998,lhs_candidate_000008_june2024_preflight,pa1_candidate_000008
2024-06-28T18:00,29.3,77.0,64.0,36.0,28.0,1.25,100730.0,24.8,0.93,0.06,30.4,0.276,1,1,0,1.0,30.07446647765262,75.35139667503816,0.022945076316483185,33.13236264638178,0.22925669866330461,6617.1071999999995,1.0503316721054645,54.4,0.00388241216222857,1.657095664173665e-06,0.48923888063768284,0.0,0.0,1.1572762544741126,lhs_candidate_000008_june2024_preflight,pa1_candidate_000008
2024-06-28T19:00,28.9,79.0,1.0,0.0,1.0,1.17,100820.0,24.9,0.83,0.01,29.7,0.275,0,0,0,1.0,29.23795663496151,78.35215944934004,0.02280119314651743,33.022183950591355,0.23991050827864496,123.18239999999999,0.8791386611283736,0.85,0.002151913698396056,3.454912283992524e-07,0.5550031375224997,0.0,0.0,1.161514542332296,lhs_candidate_000008_june2024_preflight,pa1_candidate_000008
2024-06-28T20:00,28.5,82.0,0.0,0.0,0.0,1.2,100890.0,25.1,0.71,0.0,29.3,0.274,0,0,0,1.0,28.73462211398307,81.26796650873757,0.023009951265484753,32.88341205319324,0.23985499485701928,0.0,0.7389140553763891,0.0,0.002140270519172704,2.7058412364887923e-07,0.5546604620803659,0.0,0.0,1.164258936249033,lhs_candidate_000008_june2024_preflight,pa1_candidate_000008
2024-06-28T21:00,28.3,83.0,0.0,0.0,0.0,0.91,100940.0,25.2,0.64,0.0,29.0,0.274,0,0,0,1.0,28.4492474383278,82.82976385067673,0.023089219183704573,32.73895990539218,0.2398090306831254,0.0,0.6661945115382748,0.0,0.0016337635502074053,2.4383004522198773e-07,0.5543767326118851,0.0,0.0,1.1659381038946728,lhs_candidate_000008_june2024_preflight,pa1_candidate_000008
2024-06-28T22:00,28.1,84.0,0.0,0.0,0.0,1.04,100970.0,25.1,0.6,0.0,28.7,0.273,0,0,0,1.0,28.24221656873862,83.79794240328886,0.0230957886157867,32.59323037440627,0.23976668429373738,0.0,0.6211169063783379,0.0,0.0018327819529404463,2.2722425821817695e-07,0.554115335146527,0.0,0.0,1.1670857665404986,lhs_candidate_000008_june2024_preflight,pa1_candidate_000008
2024-06-28T23:00,27.8,85.0,0.0,0.0,0.0,1.03,100950.0,25.1,0.55,0.0,28.5,0.273,0,0,0,1.0,27.983399078581442,84.63279223211936,0.02299704423783281,32.44642749898042,0.23972710309563486,0.0,0.5803085187179899,0.0,0.001844282400597228,2.1220164786140665e-07,0.5538710067631781,0.0,0.0,1.1678574774726984,lhs_candidate_000008_june2024_preflight,pa1_candidate_000008
2024-06-29T00:00,27.6,86.0,0.0,0.0,0.0,1.08,100960.0,25.1,0.52,0.0,28.3,0.272,0,0,0,1.0,27.749968689700424,85.67445169244404,0.02298331880431772,32.29774477872733,0.23969048209114355,0.0,0.5336622820159831,0.0,0.0019012692463401706,1.950648540445559e-07,0.5536449511798984,0.0,0.0,1.1688792474743712,lhs_candidate_000008_june2024_preflight,pa1_candidate_000008
2024-06-29T01:00,27.4,87.0,0.0,0.0,0.0,0.89,100920.0,25.0,0.48,0.0,28.2,0.272,0,0,0,1.0,27.548840058469438,86.69704129674051,0.023001525191924416,32.14841169785558,0.23965682473303043,0.0,0.48978339670551785,0.0,0.001602785449420259,1.7895901159319813e-07,0.5534371897100644,0.0,0.0,1.1691976608661578,lhs_candidate_000008_june2024_preflight,pa1_candidate_000008
2024-06-29T02:00,27.6,85.0,0.0,0.0,0.0,0.67,100890.0,24.9,0.54,0.0,28.1,0.271,0,0,0,1.0,27.586435802525504,85.87648556791159,0.022831062379327822,32.001064946658175,0.23962405118507632,0.0,0.5211375770568218,0.0,0.0011332465565574692,1.9034572185304156e-07,0.5532348838584958,0.0,0.0,1.168703978533404,lhs_candidate_000008_june2024_preflight,pa1_candidate_000008
2024-06-29T03:00,27.5,85.0,0.0,0.0,0.0,0.92,100900.0,24.7,0.56,0.0,28.0,0.271,0,0,0,1.0,27.586362517990263,85.17014464561133,0.022643183671823046,31.859895104767258,0.23958867608996173,0.0,0.5471982093547401,0.0,0.0016027466553493236,1.9978549134763256e-07,0.5530165190738379,0.0,0.0,1.1688201027826397,lhs_candidate_000008_june2024_preflight,pa1_candidate_000008
2024-06-29T04:00,27.4,85.0,0.0,0.0,0.0,0.94,100910.0,24.7,0.54,0.0,27.8,0.27,0,0,0,1.0,27.4961097369463,85.08858411189654,0.0225092801420666,31.721610243418247,0.2395526737477738,0.0,0.5473139105652756,0.0,0.0016420092136222972,1.9974743128218002e-07,0.5527942823936655,0.0,0.0,1.169286852215474,lhs_candidate_000008_june2024_preflight,pa1_candidate_000008
2024-06-29T05:00,27.3,86.0,0.0,0.0,0.0,0.92,100900.0,24.7,0.52,0.0,27.7,0.27,0,0,0,1.0,27.397129214621604,85.90102798648122,0.022600511339212995,31.5852383392478,0.2395176763010296,0.0,0.5145074195154047,0.0,0.0016109140039250929,1.8770100672424784e-07,0.5525782487717877,0.0,0.0,1.169556026262166,lhs_candidate_000008_june2024_preflight,pa1_candidate_000008
2024-06-29T06:00,27.3,86.0,18.0,7.0,11.0,0.72,100960.0,24.8,0.51,0.01,27.6,0.269,1,0,0,1.0,27.396077020312962,86.99555995692981,0.022887153584052015,31.456113217678535,0.23944755819689817,1971.0063999999998,0.47453595255752345,15.299999999999999,0.0012954341054316398,5.912826358412546e-07,0.5521454209685073,0.0,0.0,1.1702555975911393,lhs_candidate_000008_june2024_preflight,pa1_candidate_000008
2024-06-29T07:00,28.0,83.0,159.0,103.0,56.0,0.81,101000.0,24.7,0.66,0.11,28.4,0.269,0,0,0,1.0,28.11419890253082,91.80709004941944,0.02512622897906341,31.378180195500168,0.2498572328665157,15962.214399999997,0.31175146489674077,135.15,0.0014509658686756447,4.251859565256157e-06,0.616402672015529,0.0,0.0,1.1679286114792071,lhs_candidate_000008_june2024_preflight,pa1_candidate_000008
2024-06-29T08:00,28.7,78.0,264.0,139.0,125.0,1.02,101070.0,24.6,0.85,0.2,29.1,0.267,0,0,0,1.0,29.160107582303155,88.11187582320397,0.025533007101844904,31.388054783541186,0.24884710445957664,27629.8,0.48062374706109123,224.4,0.002002439062459906,6.9733719207493106e-06,0.6101673114788682,0.0,0.0,1.1646945591175186,lhs_candidate_000008_june2024_preflight,pa1_candidate_000008
2024-06-29T09:00,29.8,72.0,450.0,311.0,139.0,1.33,101050.0,24.2,1.16,0.34,30.2,0.265,0,1,0,1.0,30.58312996319526,78.38082796721615,0.02453126284347303,31.500185067270063,0.24716381201504237,44490.3536,0.9484468256643028,382.5,0.003998621288632939,1.1735173415002526e-05,0.5997766173768048,0.0,0.0,1.15900844678097,lhs_candidate_000008_june2024_preflight,pa1_candidate_000008
2024-06-29T10:00,30.7,68.0,632.0,372.0,260.0,1.65,101040.0,24.0,1.43,0.48,31.3,0.262,0,1,0,1.0,32.09630253678313,73.14211795589627,0.02482206955860138,31.73851828490973,0.24465899478964892,64763.42399999999,1.2839979663764205,537.1999999999999,0.00469404807137066,1.6037986312104715e-05,0.5843147826521539,0.0,0.0,1.1531488608801792,lhs_candidate_000008_june2024_preflight,pa1_candidate_000008
2024-06-29T11:00,31.7,63.0,895.0,784.0,111.0,2.16,100950.0,23.9,1.71,0.67,32.4,0.258,0,1,0,1.0,33.78573115358602,66.91188259572378,0.02482847207177004,32.1197549017851,0.241238598901722,82665.2464,1.7391536683811184,760.75,0.005626793343312691,2.1861912090713845e-05,0.5632012277884074,0.0,0.0,1.1457802273750777,lhs_candidate_000008_june2024_preflight,pa1_candidate_000008
2024-06-29T12:00,32.0,62.0,827.0,711.0,116.0,2.5,100870.0,23.8,1.79,0.63,32.9,0.255,0,1,0,1.0,34.49510368504181,62.58085489661927,0.024100237547727586,32.57072369561228,0.23751403548334496,76857.1584,2.0459518358723563,702.9499999999999,0.006219540638967106,1.95327963878887e-05,0.5402100955762035,0.0,0.0,1.1422323662246479,lhs_candidate_000008_june2024_preflight,pa1_candidate_000008
2024-06-29T13:00,32.5,60.0,941.0,830.0,111.0,2.82,100810.0,23.8,1.94,0.72,33.5,0.251,0,1,0,1.0,35.1374871044191,60.20642376833847,0.02397492359502753,33.032149646755414,0.23383846288936055,86713.2464,2.25452458011913,799.85,0.006718545505651546,2.126678789136313e-05,0.5175213758602504,0.0,0.0,1.1391742662663324,lhs_candidate_000008_june2024_preflight,pa1_candidate_000008
2024-06-29T14:00,32.5,59.0,838.0,728.0,110.0,2.91,100740.0,23.4,2.01,0.65,33.7,0.248,0,1,0,1.0,35.246932088014134,57.791809505528796,0.02314461322034948,33.49403391000494,0.23028383115817633,77614.064,2.405814416972663,712.3,0.00687517357651876,1.8266223379780508e-05,0.4955792046801008,0.0,0.0,1.13797925806343,lhs_candidate_000008_june2024_preflight,pa1_candidate_000008
2024-06-29T15:00,32.2,60.0,681.0,555.0,126.0,3.01,100670.0,23.5,1.92,0.53,33.5,0.245,0,1,0,1.0,34.6786018017255,58.03304947713384,0.02256390702223059,33.86982940091546,0.2273474924158731,64360.98239999999,2.3180724064144966,578.85,0.006967968714642703,1.4415539704189497e-05,0.47745365688810554,0.0,0.0,1.1392880647190036,lhs_candidate_000008_june2024_preflight,pa1_candidate_000008
2024-06-29T16:00,31.5,63.0,474.0,383.0,91.0,3.13,100620.0,23.6,1.71,0.38,32.9,0.243,0,1,0,1.0,33.55168775906948,60.3691305108554,0.02212685501541534,34.1218783279164,0.22516521950903895,44913.5984,2.0560148226629624,402.9,0.0070622389902290006,9.886199171234343e-06,0.4639828364755491,0.0,0.0,1.1429062190400097,lhs_candidate_000008_june2024_preflight,pa1_candidate_000008
2024-06-29T17:00,30.8,68.0,292.0,207.0,85.0,2.19,100650.0,24.1,1.44,0.23,32.2,0.241,0,1,0,1.0,32.31171692084377,65.88571537474566,0.022616945159028456,34.238252384144914,0.2237307784389678,28686.504,1.6508493444349703,248.2,0.0055092792199255385,6.089474114598941e-06,0.455128261968937,0.0,0.0,1.1478877984239588,lhs_candidate_000008_june2024_preflight,pa1_candidate_000008
2024-06-29T18:00,29.9,74.0,91.0,59.0,32.0,1.77,100720.0,24.6,1.11,0.08,31.2,0.24,1,1,0,1.0,30.881639117584808,71.5897712676616,0.022768255159352144,34.222741900369215,0.22299526047780446,9133.836800000001,1.2677802781840692,77.35,0.00471863067867062,2.1029098935924136e-06,0.45058802764076833,0.0,0.0,1.1540892214776313,lhs_candidate_000008_june2024_preflight,pa1_candidate_000008
2024-06-29T19:00,29.2,78.0,1.0,0.0,1.0,1.58,100870.0,24.9,0.9,0.02,30.4,0.24,0,0,0,1.0,29.691012681741007,76.46516269975004,0.022806103049139256,34.10085491582212,0.23359966201499333,123.18239999999999,0.9810362628210711,0.85,0.0028532442371061797,3.559574894978331e-07,0.5160472963888477,0.0,0.0,1.1603520660158566,lhs_candidate_000008_june2024_preflight,pa1_candidate_000008
2024-06-29T20:00,28.8,80.0,0.0,0.0,0.0,1.3,100960.0,25.1,0.78,0.01,29.9,0.239,0,0,0,1.0,29.057126257341146,79.28405900309083,0.022846458350552757,33.93746181674529,0.2335426131647974,0.0,0.8325572005341151,0.0,0.002308970859535057,2.834577246171771e-07,0.5156951429925766,0.0,0.0,1.1638234125146978,lhs_candidate_000008_june2024_preflight,pa1_candidate_000008
2024-06-29T21:00,28.5,82.0,0.0,0.0,0.0,1.22,101020.0,25.1,0.71,0.0,29.5,0.239,0,0,0,1.0,28.69944099296126,81.44282141057177,0.02301520726715833,33.767345471508044,0.23349485198978207,0.0,0.7305267250645282,0.0,0.002151924605238275,2.4857758671470745e-07,0.5154003209245807,0.0,0.0,1.1658949926417443,lhs_candidate_000008_june2024_preflight,pa1_candidate_000008
2024-06-29T22:00,28.3,84.0,0.0,0.0,0.0,1.12,101050.0,25.2,0.63,0.0,29.2,0.239,0,0,0,1.0,28.45756895856396,83.5331114761346,0.023295884761944687,33.59513660799097,0.23345298099284537,0.0,0.6392136459941749,0.0,0.001969175966390741,2.1739725298742361e-07,0.5151418579805269,0.0,0.0,1.1671764883424678,lhs_candidate_000008_june2024_preflight,pa1_candidate_000008
2024-06-29T23:00,28.0,85.0,0.0,0.0,0.0,1.21,101080.0,25.3,0.55,0.0,29.0,0.239,0,0,0,1.0,28.194955819820493,84.49521250362699,0.023227717051402162,33.422353532330376,0.23341537584447336,0.0,0.5927558849952308,0.0,0.0021337751000100203,2.0150607562349345e-07,0.5149097274350207,0.0,0.0,1.1685404643516735,lhs_candidate_000008_june2024_preflight,pa1_candidate_000008
2024-06-30T00:00,27.8,87.0,0.0,0.0,0.0,1.17,101070.0,25.3,0.5,0.0,28.8,0.238,0,0,0,1.0,27.961480078421555,86.4148096849964,0.023453019111704387,33.24845886071687,0.23338150424063892,0.0,0.5123601279514514,0.0,0.0020510812042055797,1.741049869393938e-07,0.5147006434607341,0.0,0.0,1.1693308318090012,lhs_candidate_000008_june2024_preflight,pa1_candidate_000008
2024-06-30T01:00,27.6,87.0,0.0,0.0,0.0,1.0,101030.0,25.2,0.48,0.0,28.6,0.238,0,0,0,1.0,27.760103762447503,86.72083973145536,0.0232770004664395,33.07470766711379,0.23335091406408512,0.0,0.49497427597368704,0.0,0.0017819944569824199,1.6813539776843155e-07,0.514511815210402,0.0,0.0,1.1696502859858904,lhs_candidate_000008_june2024_preflight,pa1_candidate_000008
2024-06-30T02:00,27.5,87.0,0.0,0.0,0.0,0.99,100980.0,25.1,0.49,0.0,28.4,0.238,0,0,0,1.0,27.620336185291833,86.85431236224053,0.023134179660039018,32.90197178845012,0.23332096607252878,0.0,0.48601842406239193,0.0,0.0017389144706501307,1.6503391009826375e-07,0.5143269510649925,0.0,0.0,1.169614689073372,lhs_candidate_000008_june2024_preflight,pa1_candidate_000008
2024-06-30T03:00,27.4,87.0,0.0,0.0,0.0,0.86,100910.0,25.0,0.49,0.0,28.3,0.238,0,0,0,1.0,27.51578883708575,86.92205245141481,0.023019259167261195,32.731731909951264,0.233291434038352,0.0,0.4805700279945362,0.0,0.0015305143299379567,1.6312599758997445e-07,0.5141446545577285,0.0,0.0,1.1692103203521533,lhs_candidate_000008_june2024_preflight,pa1_candidate_000008
2024-06-30T04:00,27.3,87.0,0.0,0.0,0.0,0.94,100890.0,24.9,0.49,0.0,28.2,0.238,0,0,0,1.0,27.41439671378456,86.90762191741982,0.0228871348203501,32.564256679389686,0.23326215868876377,0.0,0.4782570055993802,0.0,0.001655479156827574,1.6228379926215303e-07,0.5139639425232332,0.0,0.0,1.169372929246373,lhs_candidate_000008_june2024_preflight,pa1_candidate_000008
2024-06-30T05:00,27.2,87.0,0.0,0.0,0.0,1.06,100940.0,24.8,0.48,0.0,28.0,0.237,0,0,0,1.0,27.312851641193724,86.86968998071447,0.022749320787003632,32.39947818474847,0.23323299736516798,0.0,0.4768015225283251,0.0,0.0018455318472827577,1.6173325528406664e-07,0.5137839343528887,0.0,0.0,1.1703478575588848,lhs_candidate_000008_june2024_preflight,pa1_candidate_000008
2024-06-30T06:00,27.2,87.0,19.0,9.0,10.0,0.94,100970.0,24.9,0.46,0.01,28.0,0.237,1,0,0,1.0,27.313728606812248,87.5932000404852,0.022939903119053025,32.24306834452133,0.2331676952912278,2023.824,0.45055179511775023,16.15,0.00165501758776025,5.632485082494416e-07,0.5133808351310358,0.0,0.0,1.1706922753520381,lhs_candidate_000008_june2024_preflight,pa1_candidate_000008
2024-06-30T07:00,28.1,82.0,180.0,129.0,51.0,0.72,101010.0,24.7,0.69,0.12,28.7,0.237,0,0,0,1.0,28.202879811455464,92.01106842928385,0.02530481423526841,32.145673905030804,0.24355739300140913,17634.3024,0.3055616400512755,153.0,0.0013015306646279403,4.491695089844745e-06,0.5775147716136366,0.0,0.0,1.1677005206294342,lhs_candidate_000008_june2024_preflight,pa1_candidate_000008
2024-06-30T08:00,29.5,73.0,405.0,330.0,75.0,0.32,101060.0,24.2,1.1,0.28,30.0,0.235,0,1,0,1.0,30.035798890284582,93.20878929493519,0.028323546603541416,32.18270565659378,0.24227113831493932,38278.68,0.28874769933383826,344.25,0.002643394111775188,9.817418090794664e-06,0.5695749278699959,0.0,0.0,1.1612156691361262,lhs_candidate_000008_june2024_preflight,pa1_candidate_000008
2024-06-30T09:00,30.8,66.0,617.0,529.0,88.0,0.22,101050.0,23.7,1.5,0.45,31.4,0.233,0,1,0,1.0,32.043524229080106,75.65789235122537,0.02560384589143649,32.37713266404323,0.24003361937819168,57392.0512,1.160262254689091,524.4499999999999,0.0031510703470781355,1.4858045329154137e-05,0.5557630825814301,0.0,0.0,1.1534624271068417,lhs_candidate_000008_june2024_preflight,pa1_candidate_000008
2024-06-30T10:00,31.9,61.0,775.0,666.0,109.0,0.22,100980.0,23.4,1.85,0.58,32.6,0.23,0,1,0,1.0,33.81898188821515,68.82867454786195,0.025584345778521252,32.705577661990354,0.2370606405890047,72034.88160000001,1.6414451626725168,658.75,0.003555037843748405,1.811190603094267e-05,0.5374113616605228,0.0,0.0,1.145996579445798,lhs_candidate_000008_june2024_preflight,pa1_candidate_000008
2024-06-30T11:00,32.6,59.0,871.0,744.0,127.0,0.58,100890.0,23.5,2.02,0.66,33.6,0.227,0,1,0,1.0,35.0962552801423,64.09961398783958,0.025470591694781684,33.125624481810895,0.23366007608470707,81116.1648,2.0293280235750037,740.35,0.004004496601237061,1.9623290575960854e-05,0.5164202227451054,0.0,0.0,1.1402307829918008,lhs_candidate_000008_june2024_preflight,pa1_candidate_000008
2024-06-30T12:00,33.0,59.0,904.0,699.0,205.0,1.35,100790.0,23.9,2.08,0.7,34.2,0.223,0,1,0,1.0,35.82154927173883,60.809622476075916,0.02508918302404404,33.589585818901426,0.2301307031799111,86764.39199999999,2.3055994266633455,768.4,0.004814931666859331,1.9572665173693634e-05,0.49463397024636485,0.0,0.0,1.1364266337017395,lhs_candidate_000008_june2024_preflight,pa1_candidate_000008
2024-06-30T13:00,32.6,60.0,765.0,560.0,205.0,2.08,100760.0,24.0,1.95,0.6,34.2,0.221,0,1,0,1.0,35.46254717465072,58.68589342984918,0.023767086032020993,34.018344771392556,0.22692949706855883,74532.39199999999,2.383010014662792,650.25,0.005727359540662005,1.603687094761598e-05,0.47487343869480764,0.0,0.0,1.1374099642186022,lhs_candidate_000008_june2024_preflight,pa1_candidate_000008
2024-06-30T14:00,31.9,64.0,738.0,536.0,202.0,2.16,100720.0,24.1,1.71,0.57,34.0,0.222,0,1,0,1.0,34.70671001067337,61.71738596866484,0.024031617702291383,34.37594444255943,0.22415020839963862,72050.84479999999,2.1178607285643674,627.3,0.005821977527439639,1.4857227231395653e-05,0.4577173358002384,0.0,0.0,1.1397498455746398,lhs_candidate_000008_june2024_preflight,pa1_candidate_000008
2024-06-30T15:00,31.3,68.0,483.0,311.0,172.0,0.61,100700.0,24.8,1.44,0.37,33.3,0.221,0,1,0,1.0,33.6072589091682,66.71126350943128,0.024522977309527027,34.62960089098991,0.22196110601043462,48555.3728,1.732358993954453,410.55,0.003942403139992489,9.538118651404325e-06,0.4442043580891026,0.0,0.0,1.1436077003311689,lhs_candidate_000008_june2024_preflight,pa1_candidate_000008
2024-06-30T16:00,31.2,69.0,323.0,196.0,127.0,0.51,100690.0,24.8,1.41,0.25,32.9,0.219,0,1,0,1.0,32.71777527255535,68.96295469895551,0.02418849886323834,34.74493643598213,0.22053388117654163,32892.1648,1.5366637848078506,274.55,0.003472761597399639,6.360692670362901e-06,0.435394328250257,0.0,0.0,1.1468194907817524,lhs_candidate_000008_june2024_preflight,pa1_candidate_000008
2024-06-30T17:00,31.0,70.0,231.0,157.0,74.0,1.03,100730.0,24.8,1.36,0.18,32.4,0.219,0,1,0,1.0,32.112641672599004,69.66534487984637,0.023662720728503242,34.776049899475915,0.21955004009603293,22931.4976,1.451551042415641,196.35,0.003758391266797197,4.585461321706851e-06,0.42932123516069715,0.0,0.0,1.1495493615184413,lhs_candidate_000008_june2024_preflight,pa1_candidate_000008
2024-06-30T18:00,30.4,75.0,93.0,60.0,33.0,0.5,100750.0,25.4,1.1,0.06,31.6,0.218,1,1,0,1.0,31.234271668778803,73.71130031250263,0.02389045568607311,34.73138489013874,0.21895763296132031,9345.0192,1.1968876318876691,79.05,0.003030537816957494,2.002498678450895e-06,0.42566440099580444,0.0,0.0,1.153095549841266,lhs_candidate_000008_june2024_preflight,pa1_candidate_000008
2024-06-30T19:00,29.9,78.0,1.0,0.0,1.0,0.72,100830.0,25.6,0.93,0.0,30.8,0.218,0,0,0,1.0,30.323259543354855,77.1772890389885,0.023818795460033772,34.60702300658127,0.22957175372379493,123.18239999999999,0.9864830797422703,0.85,0.0015690286064335552,3.4057344542755046e-07,0.49118366496169713,0.0,0.0,1.1574754451927607,lhs_candidate_000008_june2024_preflight,pa1_candidate_000008
2024-06-30T20:00,29.5,81.0,0.0,0.0,0.0,0.92,100920.0,25.8,0.79,0.0,30.3,0.217,0,0,0,1.0,29.75516870909334,80.24531971209844,0.024016882639237555,34.44478367766558,0.22951708667995963,0.0,0.8265046837263816,0.0,0.0017244013830667304,2.678378430795126e-07,0.4908462140738249,0.0,0.0,1.1606813509319125,lhs_candidate_000008_june2024_preflight,pa1_candidate_000008
2024-06-30T21:00,29.1,83.0,0.0,0.0,0.0,1.02,100990.0,26.0,0.68,0.0,30.0,0.217,0,0,0,1.0,29.34047106263658,82.33446927802878,0.024093970342936893,34.2757399365761,0.2294721243282958,0.0,0.7216668794127035,0.0,0.001865417247414477,2.3373177426384e-07,0.490568668693184,0.0,0.0,1.1630787546474144,lhs_candidate_000008_june2024_preflight,pa1_candidate_000008
2024-06-30T22:00,28.9,85.0,0.0,0.0,0.0,1.08,101000.0,26.1,0.59,0.0,29.7,0.217,0,0,0,1.0,29.062201143268105,84.47892426505277,0.024350136598533318,34.10306044257136,0.22943299225934277,0.0,0.6239625787328906,0.0,0.0019086000666567846,2.0198802690265518e-07,0.4903271127119924,0.0,0.0,1.1642649640933143,lhs_candidate_000008_june2024_preflight,pa1_candidate_000008
2024-06-30T23:00,28.6,87.0,0.0,0.0,0.0,1.03,100990.0,26.2,0.51,0.0,29.4,0.217,0,0,0,1.0,28.79664184963831,86.32690510353524,0.024525199769627967,33.92946131119778,0.22939904617915483,0.0,0.5412963760116067,0.0,0.0018526073662737954,1.7515259034659662e-07,0.49011756900712855,0.0,0.0,1.165173549277089,lhs_candidate_000008_june2024_preflight,pa1_candidate_000008
