timestamp,temperature_outside,humidity_outside,shortwave_radiation,direct_radiation,diffuse_radiation,wind_speed,surface_pressure,dew_point_outside,vpd_outside_reference,et0_outside_reference,external_soil_temperature_context,external_soil_moisture_context,pump_state,fan_state,grow_light_state,vent_state,temperature_inside_true,humidity_inside_true,vapor_density_inside_true,soil_temperature_inside_true,soil_moisture_inside_true,light_lux_inside_true,vpd_inside,solar_inside,ventilation_rate_m3_s,evapotranspiration_rate_kg_s,water_stress_coefficient,condensation_rate_kg_s,drainage_rate_m3_s,air_density,simulation_id,parameter_set_id
2024-06-01T00:00,29.6,83.0,0.0,0.0,0.0,0.81,100950.0,26.4,0.72,0.0,29.8,0.176,0,0,0,1.0,29.6,83.00000000000001,0.024633318950427478,29.6,0.4,0.0,0.7049358805204089,0.0,0.001298641451861895,4.510064229654238e-07,1.0,0.0,0.0,1.1616214428759424,lhs_candidate_000023_june2024_preflight,pa1_candidate_000023
2024-06-01T01:00,29.3,84.0,0.0,0.0,0.0,1.1,100880.0,26.4,0.63,0.0,29.6,0.176,0,0,0,1.0,29.397766654180842,84.4111005120852,0.02477867009937145,29.583187933250063,0.3999240383073759,0.0,0.6389392163611278,0.0,0.0018241318760448834,4.087828388741243e-07,1.0,0.0,0.0,1.1615918893153838,lhs_candidate_000023_june2024_preflight,pa1_candidate_000023
2024-06-01T02:00,28.9,85.0,0.0,0.0,0.0,1.0,100820.0,26.1,0.59,0.0,29.4,0.176,0,0,0,1.0,29.05404163423766,85.19448589174446,0.024545480851897398,29.560437112566778,0.3998528362338808,0.0,0.5949158284771316,0.0,0.0017067759576660628,3.806173968175745e-07,1.0,0.0,0.0,1.1622214155651576,lhs_candidate_000023_june2024_preflight,pa1_candidate_000023
2024-06-01T03:00,28.7,86.0,0.0,0.0,0.0,0.9,100780.0,26.1,0.54,0.0,29.2,0.176,0,0,0,1.0,28.786085037580584,86.38866565967238,0.02452861159844321,29.530871278369048,0.3997876827852846,0.0,0.5385222196326729,0.0,0.0015078832912599441,3.445376901295358e-07,1.0,0.0,0.0,1.1627913254171245,lhs_candidate_000023_june2024_preflight,pa1_candidate_000023
2024-06-01T04:00,28.7,86.0,0.0,0.0,0.0,0.92,100820.0,26.1,0.55,0.0,28.8,0.176,0,0,0,1.0,28.700576477944335,86.79725004511427,0.024529854620538586,29.498074711791414,0.3997271384076258,0.0,0.5197770760873293,0.0,0.0014754352809502316,3.3254485450863134e-07,1.0,0.0,0.0,1.1635823696474508,lhs_candidate_000023_june2024_preflight,pa1_candidate_000023
2024-06-01T05:00,28.6,86.0,0.0,0.0,0.0,1.02,100840.0,26.1,0.53,0.0,28.5,0.176,0,0,0,1.0,28.6318157975831,86.65650545980674,0.02439827152768136,29.464909417259737,0.3996670848314799,0.0,0.523229526338719,0.0,0.0016568523182041532,3.347536755962966e-07,1.0,0.0,0.0,1.1640783670214887,lhs_candidate_000023_june2024_preflight,pa1_candidate_000023
2024-06-01T06:00,28.6,86.0,19.0,2.0,17.0,1.02,100900.0,26.0,0.54,0.02,28.5,0.176,1,0,0,1.0,28.62410307808197,87.95060771823289,0.024752195139156885,29.435696135307545,0.3995397478547633,2270.1007999999997,0.4722736250020798,16.15,0.00165166019616963,1.0770908235362397e-06,1.0,0.0,0.0,1.1648007650868724,lhs_candidate_000023_june2024_preflight,pa1_candidate_000023
2024-06-01T07:00,29.0,84.0,156.0,58.0,98.0,1.02,100980.0,26.1,0.62,0.11,29.7,0.175,0,0,0,1.0,29.080695704839684,95.32464473755525,0.027503981383306512,29.44614003710654,0.40526931307039377,17175.875200000002,0.18815478310609635,132.6,0.001689310334549533,6.483026355120171e-06,1.0,9.115848512858365e-07,0.0,1.1639631852067385,lhs_candidate_000023_june2024_preflight,pa1_candidate_000023
2024-06-01T08:00,30.2,75.0,326.0,146.0,180.0,0.71,101020.0,25.4,1.06,0.24,30.6,0.175,0,0,0,1.0,30.310969468536246,100.0,0.030841993518116423,29.543046334576896,0.4034942471000272,35020.831999999995,0.0,277.09999999999997,0.0012416002853706995,1.3296302889788223e-05,1.0,5.498946749273056e-06,0.0,1.1597035111360239,lhs_candidate_000023_june2024_preflight,pa1_candidate_000023
2024-06-01T09:00,31.6,66.0,535.0,311.0,224.0,0.32,101030.0,24.6,1.55,0.4,32.0,0.173,0,0,0,1.0,32.048916754504944,100.0,0.033851318395705064,29.755683978737324,0.40033372406036555,54960.857599999996,0.0,454.75,0.001118905946507531,2.1820619773118712e-05,1.0,5.80943515938609e-07,0.0,1.1532137553584403,lhs_candidate_000023_june2024_preflight,pa1_candidate_000023
2024-06-01T10:00,32.7,61.0,673.0,368.0,305.0,0.2,100990.0,24.1,1.93,0.52,33.3,0.172,0,1,0,1.0,33.58962263070334,84.95933844511683,0.031201997151675195,30.077514194222985,0.39583654387643386,69954.632,0.7819514584920482,572.05,0.002821507903668896,2.794939581594964e-05,1.0,0.0,0.0,1.1469670509434389,lhs_candidate_000023_june2024_preflight,pa1_candidate_000023
2024-06-01T11:00,33.3,58.0,730.0,349.0,381.0,0.86,100950.0,23.9,2.15,0.57,34.3,0.17,0,1,0,1.0,34.563298964829144,76.88808738665864,0.029715650953024135,30.462315406413268,0.3905676403514099,77644.49440000001,1.2684695577342353,620.5,0.0035477829896437066,3.0585475817617206e-05,1.0,0.0,0.0,1.1428849289704823,lhs_candidate_000023_june2024_preflight,pa1_candidate_000023
2024-06-01T12:00,33.6,57.0,685.0,331.0,354.0,1.64,100940.0,23.9,2.23,0.55,34.7,0.169,0,1,0,1.0,34.94049244863597,69.695172552356,0.027470555549058882,30.853854303211968,0.3852005006992621,72734.5696,1.6983475224968032,582.25,0.004525488809328841,2.902512546082899e-05,1.0,0.0,0.0,1.14137262691717,lhs_candidate_000023_june2024_preflight,pa1_candidate_000023
2024-06-01T13:00,33.3,58.0,601.0,271.0,330.0,1.64,100890.0,23.9,2.16,0.49,34.8,0.167,0,1,0,1.0,34.71443971112186,68.41371242558627,0.02664978279473075,31.2074921655092,0.38027909446693925,64498.191999999995,1.7481566009189367,510.84999999999997,0.004551461493066103,2.5630951257462978e-05,1.0,0.0,0.0,1.1416449049528534,lhs_candidate_000023_june2024_preflight,pa1_candidate_000023
2024-06-01T14:00,33.5,57.0,537.0,197.0,340.0,1.7,100790.0,23.8,2.24,0.45,34.8,0.166,0,1,0,1.0,34.594217970193036,67.10617830434967,0.02597703233783204,31.51260665332738,0.3758982789046186,59218.015999999996,1.8084352754869215,456.45,0.004522375005996017,2.3059199433789938e-05,1.0,0.0,0.0,1.1409588780072608,lhs_candidate_000023_june2024_preflight,pa1_candidate_000023
2024-06-01T15:00,33.2,59.0,342.0,78.0,264.0,0.72,100790.0,24.0,2.1,0.28,34.3,0.164,0,1,0,1.0,34.17060737773821,68.364841181321,0.02588472326933279,31.7473274262996,0.37246829727788094,39384.1536,1.698807323008785,290.7,0.0032478024304993768,1.503575125575474e-05,1.0,0.0,0.0,1.1425315752318408,lhs_candidate_000023_june2024_preflight,pa1_candidate_000023
2024-06-01T16:00,32.6,61.0,222.0,33.0,189.0,0.71,100770.0,24.1,1.93,0.19,33.7,0.164,0,1,0,1.0,33.39736792388849,67.68529372803577,0.024607729906774962,31.89144496625958,0.37020454613386317,26185.473599999998,1.6620601736552247,188.7,0.0031336737270991092,1.0117896409849716e-05,1.0,0.0,0.0,1.1451862260415178,lhs_candidate_000023_june2024_preflight,pa1_candidate_000023
2024-06-01T17:00,32.3,62.0,145.0,34.0,111.0,0.71,100740.0,24.2,1.82,0.13,33.1,0.163,0,0,0,1.0,32.78905160176187,69.4156788153086,0.024439309053589396,31.971243661568884,0.3686696646993329,16665.2464,1.5203263254780786,123.25,0.0015395745008239187,6.886679617579944e-06,1.0,0.0,0.0,1.1471216574972716,lhs_candidate_000023_june2024_preflight,pa1_candidate_000023
2024-06-01T18:00,31.9,66.0,41.0,9.0,32.0,0.61,100810.0,24.7,1.61,0.05,32.4,0.163,1,0,0,1.0,32.22565946325167,71.6092831846012,0.02446958491548316,31.996317575313217,0.3678285815753234,4733.8368,1.3672242634020826,34.85,0.0012935652749986998,2.5469620884227436e-06,1.0,0.0,0.0,1.1500365567398145,lhs_candidate_000023_june2024_preflight,pa1_candidate_000023
2024-06-01T19:00,31.2,70.0,0.0,0.0,0.0,1.0,100940.0,25.1,1.35,0.03,31.7,0.162,0,0,0,1.0,31.499543888212546,70.70739048084077,0.023244368504866744,31.973949957039753,0.3739307144259123,0.0,1.35388956931678,0.0,0.0017976038462643629,8.66196357173624e-07,1.0,0.0,0.0,1.1542641758339096,lhs_candidate_000023_june2024_preflight,pa1_candidate_000023
2024-06-01T20:00,30.7,74.0,0.0,0.0,0.0,1.1,100990.0,25.5,1.14,0.01,31.1,0.162,0,0,0,1.0,30.899186255295135,74.19894528759592,0.02362031291963751,31.92734373243917,0.37378594685344535,0.0,1.1524999767888349,0.0,0.0018843049881284407,7.373505965046674e-07,1.0,0.0,0.0,1.1571162044842143,lhs_candidate_000023_june2024_preflight,pa1_candidate_000023
2024-06-01T21:00,30.2,78.0,0.0,0.0,0.0,1.2,101050.0,25.8,0.96,0.01,30.7,0.162,0,0,0,1.0,30.401282496229637,77.91481577417304,0.024147767607741847,31.869935919004675,0.37366451064353506,0.0,0.9588744426068372,0.0,0.0020364607051326805,6.134721531181216e-07,1.0,0.0,0.0,1.1597027701536329,lhs_candidate_000023_june2024_preflight,pa1_candidate_000023
2024-06-01T22:00,29.7,82.0,0.0,0.0,0.0,1.1,101080.0,26.2,0.77,0.0,30.2,0.162,0,0,0,1.0,29.914612690033668,81.68887635910176,0.02466084694660865,31.802957865680327,0.3735648621774421,0.0,0.7731557586045854,0.0,0.0018937401711178045,4.946523828889959e-07,1.0,0.0,0.0,1.1619099025720978,lhs_candidate_000023_june2024_preflight,pa1_candidate_000023
2024-06-01T23:00,29.2,85.0,0.0,0.0,0.0,1.3,101060.0,26.4,0.61,0.0,29.6,0.162,0,0,0,1.0,29.426496238948044,84.530028035066,0.024852324909188157,31.726770489763133,0.37348407671910056,0.0,0.6351150897905922,0.0,0.0022016435039500268,4.0633622536897675e-07,1.0,0.0,0.0,1.163554025864996,lhs_candidate_000023_june2024_preflight,pa1_candidate_000023
2024-06-02T00:00,28.8,87.0,0.0,0.0,0.0,1.2,101050.0,26.5,0.5,0.0,29.1,0.162,0,0,0,1.0,28.997180513030347,86.64834827752578,0.02488715575842072,31.642115772309847,0.3734170104837006,0.0,0.5347369862045088,0.0,0.0020347279175110017,3.42115959819447e-07,1.0,0.0,0.0,1.1650920011791535,lhs_candidate_000023_june2024_preflight,pa1_candidate_000023
2024-06-02T01:00,28.4,89.0,0.0,0.0,0.0,1.12,100980.0,26.4,0.42,0.0,28.8,0.162,0,0,0,1.0,28.602364848068294,88.55368684434785,0.024892335331323456,31.550605700769427,0.37336047547134554,0.0,0.4480711756416058,0.0,0.0019170721891847223,2.8666859461153814e-07,1.0,0.0,0.0,1.165808272677422,lhs_candidate_000023_june2024_preflight,pa1_candidate_000023
2024-06-02T02:00,28.4,91.0,0.0,0.0,0.0,1.14,100950.0,26.7,0.35,0.0,28.5,0.162,0,0,0,1.0,28.44858475919707,90.92250723635821,0.02534419374776137,31.45484912461098,0.3733146473984447,0.0,0.35218754471523894,0.0,0.0018571043879845527,2.2532381900852408e-07,1.0,0.0,0.0,1.166056174008513,lhs_candidate_000023_june2024_preflight,pa1_candidate_000023
2024-06-02T03:00,28.4,89.0,0.0,0.0,0.0,1.04,100940.0,26.5,0.41,0.0,28.3,0.162,0,0,0,1.0,28.431381930539946,89.67964130430724,0.02497423192434868,31.36044867789719,0.37327221128853305,0.0,0.40000857574013127,0.0,0.0016882363656670878,2.5591893090598243e-07,1.0,0.0,0.0,1.1660071733980417,lhs_candidate_000023_june2024_preflight,pa1_candidate_000023
2024-06-02T04:00,28.3,89.0,0.0,0.0,0.0,1.04,100970.0,26.4,0.4,0.0,28.1,0.162,0,0,0,1.0,28.367841386350285,89.30255896784249,0.024782879406891885,31.268018094493492,0.3732249224987272,0.0,0.41309741909421094,0.0,0.0017121445306210157,2.642929583672039e-07,1.0,0.0,0.0,1.1665995102848667,lhs_candidate_000023_june2024_preflight,pa1_candidate_000023
2024-06-02T05:00,28.0,90.0,0.0,0.0,0.0,1.12,101060.0,26.2,0.38,0.0,27.9,0.162,0,0,0,1.0,28.15328570431712,89.80595722230609,0.024631297667524834,31.17522102192912,0.3731784242516961,0.0,0.38878022890745223,0.0,0.001888476502848833,2.487352186269547e-07,1.0,0.0,0.0,1.168470830007641,lhs_candidate_000023_june2024_preflight,pa1_candidate_000023
2024-06-02T06:00,28.0,91.0,19.0,4.0,15.0,1.36,101020.0,26.4,0.34,0.02,28.1,0.162,1,0,0,1.0,28.072791390693418,91.99696791530613,0.02512105999891709,31.085094126799493,0.3730688339743589,2199.736,0.3037935431050385,16.15,0.0022173713799157105,9.693000284057507e-07,1.0,0.0,0.0,1.168320465263029,lhs_candidate_000023_june2024_preflight,pa1_candidate_000023
2024-06-02T07:00,30.2,77.0,168.0,87.0,81.0,1.21,101070.0,25.6,1.0,0.13,30.3,0.162,0,0,0,1.0,29.60529518670721,89.54294302243483,0.026582810976486234,31.048017460478935,0.37875484149627336,17633.7744,0.4337529747224229,142.79999999999998,0.0022547275490022015,7.129590515139558e-06,1.0,0.0,0.0,1.1629819298460267,lhs_candidate_000023_june2024_preflight,pa1_candidate_000023
2024-06-02T08:00,31.3,68.0,350.0,181.0,169.0,0.98,101090.0,24.7,1.45,0.27,31.3,0.161,0,0,0,1.0,31.415019064007986,92.70391350305695,0.03033812714573376,31.128367364906662,0.37680504491160804,36745.8256,0.3356080728588795,297.5,0.0016500037863562092,1.4489888358830243e-05,1.0,0.0,0.0,1.1563002633145552,lhs_candidate_000023_june2024_preflight,pa1_candidate_000023
2024-06-02T09:00,32.0,65.0,510.0,248.0,262.0,0.73,101090.0,24.5,1.68,0.39,32.5,0.16,0,1,0,1.0,32.67688334292022,82.12373178993278,0.0287422937925519,31.31684561513006,0.37359070329873467,54097.788799999995,0.8830330826142578,433.5,0.0030793323634121716,2.136591473751388e-05,1.0,0.0,0.0,1.1515292831377164,lhs_candidate_000023_june2024_preflight,pa1_candidate_000023
2024-06-02T10:00,33.0,61.0,705.0,426.0,279.0,0.32,101060.0,24.4,1.98,0.54,33.9,0.159,0,1,0,1.0,33.98382530449886,83.91180077888517,0.03146181542054632,31.60610521115114,0.3690320373915186,71855.8896,0.8550027808318488,599.25,0.002943387958623817,2.9301291420592854e-05,1.0,0.0,0.0,1.146288918134983,lhs_candidate_000023_june2024_preflight,pa1_candidate_000023
2024-06-02T11:00,34.0,57.0,821.0,573.0,248.0,0.14,100970.0,24.3,2.27,0.64,35.2,0.157,0,1,0,1.0,35.29436517929829,80.73121356340747,0.032411164577083894,31.986414272928034,0.36331856839359356,80973.23520000001,1.1011742940045117,697.85,0.0030833665741798262,3.41899877214212e-05,1.0,0.0,0.0,1.1404019843221782,lhs_candidate_000023_june2024_preflight,pa1_candidate_000023
2024-06-02T12:00,34.6,55.0,860.0,673.0,187.0,0.8,100910.0,24.2,2.48,0.68,36.1,0.155,0,1,0,1.0,36.179194667377914,74.46766131046945,0.03129692071736864,32.41577320603973,0.3569962147916991,82259.1088,1.5318530580279681,731.0,0.0036420781548508327,3.605619093828113e-05,1.0,0.0,0.0,1.1364641596896634,lhs_candidate_000023_june2024_preflight,pa1_candidate_000023
2024-06-02T13:00,34.8,55.0,913.0,742.0,171.0,0.82,100810.0,24.4,2.5,0.72,36.7,0.154,0,1,0,1.0,36.641068254219974,73.4344295750536,0.03160518990432583,32.868182582429824,0.3503033375292284,86360.1904,1.6346260727295654,776.05,0.003781221736347525,3.828361230343167e-05,1.0,0.0,0.0,1.1336452464571147,lhs_candidate_000023_june2024_preflight,pa1_candidate_000023
2024-06-02T14:00,34.6,56.0,656.0,386.0,270.0,0.92,100820.0,24.6,2.42,0.53,36.4,0.153,0,1,0,1.0,36.28591044801962,69.08394633490192,0.029194414984578997,33.26466240651957,0.344339948314769,67227.248,1.865731351708109,557.6,0.0038050934884948347,2.7949414941139353e-05,1.0,0.0,0.0,1.1350589805466558,lhs_candidate_000023_june2024_preflight,pa1_candidate_000023
2024-06-02T15:00,32.6,66.0,461.0,246.0,215.0,1.2,100830.0,25.5,1.67,0.37,35.5,0.161,0,1,0,1.0,34.52492396867613,72.04363587105732,0.027787644967112484,33.52679101623928,0.3400388972469924,48132.216,1.5310896287587439,391.84999999999997,0.004200831547135818,1.978200664057035e-05,1.0,0.0,0.0,1.1416687511062953,lhs_candidate_000023_june2024_preflight,pa1_candidate_000023
2024-06-02T16:00,31.5,71.0,398.0,260.0,138.0,1.0,100840.0,25.6,1.34,0.3,34.3,0.165,0,1,0,1.0,32.93566472106686,78.41719310672619,0.027823370853033946,33.68195488699708,0.3367379852824882,39879.1712,1.0817354741574174,338.3,0.0037812481248485994,1.692498629049332e-05,1.0,0.0,0.0,1.1477103432810705,lhs_candidate_000023_june2024_preflight,pa1_candidate_000023
2024-06-02T17:00,30.9,73.0,171.0,95.0,76.0,0.42,100820.0,25.5,1.21,0.13,33.2,0.165,0,1,0,1.0,31.775886016605668,78.11162894609807,0.026060036522776327,33.73846749149717,0.33453041898118857,17721.862399999998,1.0276347160875239,145.35,0.002933014139614668,7.631904935520998e-06,1.0,0.0,0.0,1.151847137827217,lhs_candidate_000023_june2024_preflight,pa1_candidate_000023
2024-06-02T18:00,30.7,73.0,54.0,19.0,35.0,0.64,100860.0,25.3,1.19,0.05,32.3,0.165,1,0,0,1.0,31.07087255941004,79.16278546868773,0.025433680185554745,33.69548610571085,0.33358832032885555,5983.383999999999,0.9399148579727852,45.9,0.0013683295203004166,2.8037972015067676e-06,1.0,0.0,0.0,1.1549745244208645,lhs_candidate_000023_june2024_preflight,pa1_candidate_000023
2024-06-02T19:00,30.4,75.0,0.0,0.0,0.0,0.89,100910.0,25.5,1.08,0.03,31.6,0.165,0,0,0,1.0,30.603188400509147,76.23895978631563,0.023886679917214278,33.60362110414936,0.33968616676882574,0.0,1.043606626130087,0.0,0.0015766108224945672,6.676824154368155e-07,1.0,0.0,0.0,1.1573262658946057,lhs_candidate_000023_june2024_preflight,pa1_candidate_000023
2024-06-02T20:00,29.7,84.0,0.0,0.0,0.0,1.02,100970.0,26.7,0.67,0.0,30.9,0.164,0,0,0,1.0,30.016686242555046,82.6449846089449,0.025087572633144595,33.490960531467024,0.3395806997039744,0.0,0.737089670315954,0.0,0.0018375166454901333,4.715778906991492e-07,1.0,0.0,0.0,1.1602546785831231,lhs_candidate_000023_june2024_preflight,pa1_candidate_000023
2024-06-02T21:00,29.5,84.0,0.0,0.0,0.0,0.94,101010.0,26.6,0.64,0.0,30.2,0.164,0,0,0,1.0,29.640659845799547,84.3691409566065,0.02509492308178224,33.36945167112459,0.33950318483849135,0.0,0.6496796569616157,0.0,0.0016073309242746112,4.1565439674222803e-07,1.0,0.0,0.0,1.1621557772892361,lhs_candidate_000023_june2024_preflight,pa1_candidate_000023
2024-06-02T22:00,29.1,86.0,0.0,0.0,0.0,0.94,101030.0,26.5,0.57,0.0,29.6,0.164,0,0,0,1.0,29.30685147446008,85.8030868556256,0.025063178159331474,33.24425326740073,0.3394319783319422,0.0,0.5788450004194856,0.0,0.0016525633893038098,3.703355444155936e-07,1.0,0.0,0.0,1.1636687587204837,lhs_candidate_000023_june2024_preflight,pa1_candidate_000023
2024-06-02T23:00,29.0,86.0,0.0,0.0,0.0,0.98,101020.0,26.4,0.55,0.0,29.2,0.164,0,0,0,1.0,29.097077308920483,86.36988984287315,0.024942504603489818,33.115759393155244,0.33936765345117087,0.0,0.5490487112216251,0.0,0.001638461708491831,3.512723669265293e-07,1.0,0.0,0.0,1.1643611409539232,lhs_candidate_000023_june2024_preflight,pa1_candidate_000023
2024-06-03T00:00,28.6,87.0,0.0,0.0,0.0,0.98,100980.0,26.3,0.49,0.0,28.9,0.164,0,0,0,1.0,28.80791635616423,86.85153095397851,0.024689427986260334,32.98608298319957,0.33930570166251073,0.0,0.5208670242777633,0.0,0.0017121641828008495,3.33242185497405e-07,1.0,0.0,0.0,1.165014673186833,lhs_candidate_000023_june2024_preflight,pa1_candidate_000023
2024-06-03T01:00,28.2,90.0,0.0,0.0,0.0,1.17,100930.0,26.3,0.39,0.0,28.5,0.164,0,0,0,1.0,28.424974645954347,89.26396469596278,0.024849758760126683,32.852050225255866,0.3392513074639053,0.0,0.41596514470947676,0.0,0.002005029521660376,2.661276822158929e-07,1.0,0.0,0.0,1.1659164291423862,lhs_candidate_000023_june2024_preflight,pa1_candidate_000023
2024-06-03T02:00,28.1,93.0,0.0,0.0,0.0,1.24,100880.0,26.8,0.27,0.0,28.3,0.164,0,0,0,1.0,28.212810031849042,92.44970345379768,0.025439291129217983,32.71455023188048,0.33921090062602494,0.0,0.2889514342497237,0.0,0.0020503521713147043,1.8486639192700847e-07,1.0,0.0,0.0,1.1661592611206366,lhs_candidate_000023_june2024_preflight,pa1_candidate_000023
2024-06-03T03:00,27.9,93.0,0.0,0.0,0.0,1.2,100840.0,26.7,0.26,0.0,28.2,0.164,0,0,0,1.0,28.043085331740254,92.72800325603873,0.02527943323636413,32.57719609999301,0.33917896384492996,0.0,0.27556674299062944,0.0,0.00200518785517469,1.7630308582489283e-07,1.0,0.0,0.0,1.1663537459483964,lhs_candidate_000023_june2024_preflight,pa1_candidate_000023
2024-06-03T04:00,27.9,93.0,0.0,0.0,0.0,1.2,100820.0,26.6,0.28,0.0,28.0,0.164,0,0,0,1.0,27.966576139690904,92.97927007583596,0.025241680304457295,32.440543792189935,0.33914794880343696,0.0,0.2648626776017089,0.0,0.0019621579466580935,1.6945480022098636e-07,1.0,0.0,0.0,1.1664187125145757,lhs_candidate_000023_june2024_preflight,pa1_candidate_000023
2024-06-03T05:00,28.0,92.0,0.0,0.0,0.0,1.33,100840.0,26.5,0.31,0.0,27.8,0.164,0,0,0,1.0,28.015730059142246,92.30140344345588,0.025125377262399523,32.30760449101714,0.3391162201834579,0.0,0.2912682221681302,0.0,0.0021405539637235392,1.8634863486671904e-07,1.0,0.0,0.0,1.166459687366963,lhs_candidate_000023_june2024_preflight,pa1_candidate_000023
2024-06-03T06:00,28.0,92.0,25.0,13.0,12.0,1.3,100880.0,26.7,0.29,0.01,28.0,0.164,1,0,0,1.0,28.08441596040762,93.39015501498088,0.025517760774083537,32.18557390839073,0.3389927464692183,2622.1888,0.2510782156829152,21.25,0.0021289496000313135,1.180290856987735e-06,1.0,0.0,0.0,1.166656309026026,lhs_candidate_000023_june2024_preflight,pa1_candidate_000023
2024-06-03T07:00,29.5,86.0,196.0,139.0,57.0,1.1,100930.0,27.0,0.56,0.14,30.5,0.164,0,0,0,1.0,29.25483729974885,99.43497940548794,0.028963058977998113,32.12175053801113,0.34457656388866986,19253.396800000002,0.022968358465093708,166.6,0.0019118572946404506,8.008790995257404e-06,1.0,2.113601292921724e-06,0.0,1.1627169085572324,lhs_candidate_000023_june2024_preflight,pa1_candidate_000023
2024-06-03T08:00,31.3,72.0,419.0,337.0,82.0,0.7,100950.0,25.6,1.3,0.31,31.6,0.163,0,0,0,1.0,31.324417171705697,100.0,0.03256761518102218,32.185774424046045,0.342318907533671,39756.9568,0.0,356.15,0.0011460476439099365,1.7089419971844375e-05,1.0,3.862918776346334e-06,0.0,1.1550424994569055,lhs_candidate_000023_june2024_preflight,pa1_candidate_000023
2024-06-03T09:00,32.9,62.0,633.0,534.0,99.0,0.6,100950.0,24.6,1.91,0.48,33.3,0.162,0,1,0,1.0,33.474134367849,87.69552275281235,0.032011789201389855,32.39395273219812,0.3384504905135427,59187.05760000001,0.6355851404987991,538.05,0.0028667399483348257,2.6224304837200155e-05,1.0,0.0,0.0,1.146944589197891,lhs_candidate_000023_june2024_preflight,pa1_candidate_000023
2024-06-03T10:00,34.0,56.0,763.0,643.0,120.0,0.63,100900.0,24.0,2.35,0.59,34.8,0.16,0,1,0,1.0,35.08865380296351,77.77527344825272,0.03089253421737473,32.715690323499224,0.33320925948855673,71365.888,1.2557616633595652,648.55,0.003231267675034147,3.192329028612171e-05,1.0,0.0,0.0,1.1403719222490811,lhs_candidate_000023_june2024_preflight,pa1_candidate_000023
2024-06-03T11:00,35.0,53.0,910.0,785.0,125.0,0.45,100830.0,23.9,2.65,0.71,36.1,0.158,0,1,0,1.0,36.45031300848663,75.90261181934751,0.03234860833321847,33.12252593084487,0.32691052177191987,84477.8,1.4673778242409252,773.5,0.003304470615249506,3.805425099957682e-05,1.0,0.0,0.0,1.1345687695878206,lhs_candidate_000023_june2024_preflight,pa1_candidate_000023
2024-06-03T12:00,35.4,51.0,950.0,825.0,125.0,0.36,100780.0,23.9,2.79,0.75,36.9,0.156,0,1,0,1.0,37.25195721417572,72.22157704447486,0.03207202005212109,33.5847715014249,0.31989423360561925,87997.8,1.7671079870061428,807.5,0.003473050667760761,3.987746165268841e-05,1.0,0.0,0.0,1.1310774702037611,lhs_candidate_000023_june2024_preflight,pa1_candidate_000023
2024-06-03T13:00,36.0,50.0,931.0,796.0,135.0,0.32,100720.0,23.8,2.98,0.74,37.4,0.154,0,1,0,1.0,37.805774233598854,70.56842384298899,0.03223634299095264,34.05252883034967,0.31277660511436267,86677.624,1.9293863524375245,791.35,0.0034301717563288425,3.920634679278125e-05,1.0,0.0,0.0,1.1283908091386359,lhs_candidate_000023_june2024_preflight,pa1_candidate_000023
2024-06-03T14:00,35.5,54.0,757.0,594.0,163.0,0.8,100580.0,24.7,2.68,0.61,37.3,0.153,0,1,0,1.0,37.49270284246428,67.08595837400846,0.030160162573593063,34.46901438076013,0.30644059502584464,72350.7312,2.121368547530908,643.4499999999999,0.003829615191404066,3.11262456269508e-05,0.96568268534472,0.0,0.0,1.1279579870319756,lhs_candidate_000023_june2024_preflight,pa1_candidate_000023
2024-06-03T15:00,34.7,56.0,570.0,403.0,167.0,1.08,100620.0,24.5,2.44,0.46,36.6,0.154,0,1,0,1.0,36.486027096739015,64.86358686907214,0.027694775489869324,34.777386121886884,0.3015754146571778,56035.4608,2.1437666212470865,484.5,0.00401101999145091,2.3035424482502576e-05,0.9356507077603567,0.0,0.0,1.1320751968581222,lhs_candidate_000023_june2024_preflight,pa1_candidate_000023
2024-06-03T16:00,33.0,64.0,347.0,220.0,127.0,1.06,100620.0,25.4,1.78,0.28,35.4,0.158,0,1,0,1.0,34.69649345131699,67.8499370815736,0.026405449884592907,34.955267839343556,0.29824914297843275,35004.1648,1.7775910934235326,294.95,0.00395649342763004,1.3992236241358182e-05,0.9151181665335355,0.0,0.0,1.1386560308030305,lhs_candidate_000023_june2024_preflight,pa1_candidate_000023
2024-06-03T17:00,32.6,66.0,150.0,87.0,63.0,0.82,100610.0,25.4,1.66,0.13,34.2,0.158,0,1,0,1.0,33.37808539735715,69.17807975666733,0.025124919099478345,34.99635481421445,0.29641743158932904,15416.491199999999,1.5835720926424663,127.5,0.003242185164763568,6.445145530732129e-06,0.9038113061069694,0.0,0.0,1.1434398539343185,lhs_candidate_000023_june2024_preflight,pa1_candidate_000023
2024-06-03T18:00,32.1,70.0,65.0,43.0,22.0,1.04,100630.0,25.8,1.45,0.06,33.3,0.158,1,0,0,1.0,32.57374472632121,72.37603584622936,0.025192691196362613,34.951341050815586,0.29555098078482633,6494.0127999999995,1.3566463430907674,55.25,0.001954948466884786,3.1617477412606316e-06,0.8984628443507798,0.0,0.0,1.146676074441375,lhs_candidate_000023_june2024_preflight,pa1_candidate_000023
2024-06-03T19:00,31.4,75.0,0.0,0.0,0.0,1.04,100720.0,26.5,1.13,0.03,32.4,0.158,0,0,0,1.0,31.777353888055018,74.86435136612096,0.02497861674331716,34.856936823547244,0.301603321068461,0.0,1.1801888454014113,0.0,0.0019005406007050632,7.066076204929515e-07,0.9358229695584012,0.0,0.0,1.1506991197076946,lhs_candidate_000023_june2024_preflight,pa1_candidate_000023
2024-06-03T20:00,31.1,79.0,0.0,0.0,0.0,1.12,100810.0,26.9,0.96,0.01,31.9,0.157,0,0,0,1.0,31.270892820552735,78.86626479630621,0.025611389126161517,34.73499838656235,0.3014878492389136,0.0,0.9641936885917586,0.0,0.0018978197971484278,5.768463913750171e-07,0.9351101804871209,0.0,0.0,1.1536434594464127,lhs_candidate_000023_june2024_preflight,pa1_candidate_000023
2024-06-03T21:00,30.7,82.0,0.0,0.0,0.0,1.0,100890.0,27.3,0.8,0.0,31.4,0.157,0,0,0,1.0,30.898737460362156,81.8307994645726,0.026049191309146263,34.607441278526345,0.3013925495407656,0.0,0.8115741006799113,0.0,0.0017348833017051773,4.852335017990795e-07,0.9345219107454668,0.0,0.0,1.155972137717518,lhs_candidate_000023_june2024_preflight,pa1_candidate_000023
2024-06-03T22:00,30.2,86.0,0.0,0.0,0.0,1.1,100900.0,27.6,0.61,0.0,30.9,0.157,0,0,0,1.0,30.451152342156085,85.28358712109551,0.02650265410454445,34.474254115339406,0.3013142058991535,0.0,0.6407682645852009,0.0,0.0019147617431186548,3.8291183819913467e-07,0.9340383080194659,0.0,0.0,1.1577910802940872,lhs_candidate_000023_june2024_preflight,pa1_candidate_000023
2024-06-03T23:00,29.5,91.0,0.0,0.0,0.0,1.32,100890.0,27.9,0.36,0.0,30.2,0.157,0,0,0,1.0,29.8465269145997,89.5345304252041,0.026929957019791208,34.33300643954716,0.3012558329791603,0.0,0.4401626374092942,0.0,0.00229074583970573,2.629319746308563e-07,0.9336779813528414,0.0,0.0,1.1599864612026738,lhs_candidate_000023_june2024_preflight,pa1_candidate_000023
2024-06-04T00:00,29.3,90.0,0.0,0.0,0.0,1.4,100870.0,27.5,0.4,0.0,29.7,0.157,0,0,0,1.0,29.464558702636054,89.79121501477907,0.026453754412486888,34.18347119275603,0.3012110181155085,0.0,0.42003845208786483,0.0,0.00232456643869217,2.508364137522457e-07,0.9334013463920278,0.0,0.0,1.1612203862435366,lhs_candidate_000023_june2024_preflight,pa1_candidate_000023
2024-06-04T01:00,29.1,90.0,0.0,0.0,0.0,1.43,100790.0,27.2,0.42,0.0,29.2,0.157,0,0,0,1.0,29.246391042671192,89.75860368375722,0.026132555191216697,34.032015062142364,0.3011659776808181,0.0,0.416114902888316,0.0,0.0023625661249984764,2.484193512961348e-07,0.9331233190173956,0.0,0.0,1.161136534856814,lhs_candidate_000023_june2024_preflight,pa1_candidate_000023
2024-06-04T02:00,28.5,88.0,0.0,0.0,0.0,1.33,100750.0,26.4,0.45,0.0,28.7,0.157,0,0,0,1.0,28.804373069635602,87.55195636354705,0.024883727881618346,33.87802278101094,0.3011171507388511,0.0,0.49301907168948356,0.0,0.002285704570611005,2.9423584031279457e-07,0.9328219181410561,0.0,0.0,1.1623747837624496,lhs_candidate_000023_june2024_preflight,pa1_candidate_000023
2024-06-04T03:00,28.1,91.0,0.0,0.0,0.0,1.41,100730.0,26.4,0.36,0.0,28.4,0.157,0,0,0,1.0,28.347253550710803,90.02504180012988,0.02495523357870102,33.7172791151979,0.3010692713692098,0.0,0.38473744595967174,0.0,0.0023794042193653942,2.295401643455513e-07,0.9325263664766037,0.0,0.0,1.1639060412573423,lhs_candidate_000023_june2024_preflight,pa1_candidate_000023
2024-06-04T04:00,27.8,92.0,0.0,0.0,0.0,1.4,100720.0,26.3,0.31,0.0,28.1,0.157,0,0,0,1.0,28.007149044414877,91.32770583504615,0.024848617955250254,33.552105341392505,0.3010314439201735,0.0,0.3279431575817666,0.0,0.0023453021195686515,1.9560684327288942e-07,0.9322928637047747,0.0,0.0,1.1651047926543947,lhs_candidate_000023_june2024_preflight,pa1_candidate_000023
2024-06-04T05:00,27.8,91.0,0.0,0.0,0.0,1.2,100840.0,26.3,0.33,0.0,27.8,0.157,0,0,0,1.0,27.885568685238333,91.06807861867514,0.024613057405114627,33.38608497124315,0.3009963576623726,0.0,0.3353774052642229,0.0,0.0019729453391535007,1.9999464523918248e-07,0.9320762818664975,0.0,0.0,1.1669640397136782,lhs_candidate_000023_june2024_preflight,pa1_candidate_000023
2024-06-04T06:00,27.8,92.0,26.0,14.0,12.0,1.41,100860.0,26.5,0.28,0.01,28.0,0.157,1,0,0,1.0,27.912416037109868,92.99439790884244,0.025170790669932653,33.22982094716322,0.3008749113696675,2710.1888,0.26345945264309245,22.099999999999998,0.00231544840638845,1.1445988941363963e-06,0.9313266133930092,0.0,0.0,1.1670914032653428,lhs_candidate_000023_june2024_preflight,pa1_candidate_000023
2024-06-04T07:00,30.5,76.0,199.0,144.0,55.0,1.02,100870.0,25.8,1.04,0.14,30.5,0.157,0,0,0,1.0,29.799530617386765,90.90387161174836,0.027272353026451816,33.13947776809589,0.30645423194535676,19447.032000000003,0.38153888008918013,169.15,0.0020563383252561744,8.074349062578593e-06,0.9657668638602269,1.7786137813389595e-07,0.0,1.1599364224907793,lhs_candidate_000023_june2024_preflight,pa1_candidate_000023
2024-06-04T08:00,32.3,63.0,427.0,348.0,79.0,0.58,100910.0,24.4,1.78,0.32,32.0,0.156,0,0,0,1.0,32.31873264435439,100.0,0.03434033115026249,33.195994738638156,0.3042192474836352,40355.4096,0.0,362.95,0.000951798373762447,1.6579244635545814e-05,0.9519706634792298,5.925346163955457e-07,0.0,1.1508266009484789,lhs_candidate_000023_june2024_preflight,pa1_candidate_000023
2024-06-04T09:00,33.6,58.0,638.0,545.0,93.0,0.5,100910.0,24.2,2.19,0.49,33.8,0.155,0,1,0,1.0,34.365095782683866,77.9070939265389,0.029799338446171476,33.40051966921969,0.30049782368060035,59415.9632,1.199280050770394,542.3,0.0029104251715533127,2.488683908877224e-05,0.9289989116086441,0.0,0.0,1.1431684106121767,lhs_candidate_000023_june2024_preflight,pa1_candidate_000023
2024-06-04T10:00,34.7,54.0,812.0,710.0,102.0,0.81,100880.0,24.1,2.54,0.64,35.3,0.153,0,1,0,1.0,36.028510522996136,71.3085657754078,0.029737151788322525,33.72581168176516,0.2954830735384404,75044.60479999999,1.707225670243064,690.1999999999999,0.0035277886620236837,3.072266071180004e-05,0.8980436638175333,0.0,0.0,1.1366800081981783,lhs_candidate_000023_june2024_preflight,pa1_candidate_000023
2024-06-04T11:00,35.5,52.0,925.0,818.0,107.0,0.91,100820.0,24.1,2.77,0.73,36.5,0.152,0,1,0,1.0,37.335955053339305,66.86026638619217,0.02981897133909468,34.13926368578938,0.28967708287326066,85164.5168,2.117811162104365,786.25,0.0038594082500485625,3.369682091270744e-05,0.8622042152670412,0.0,0.0,1.1312202801486364,lhs_candidate_000023_june2024_preflight,pa1_candidate_000023
2024-06-04T12:00,36.0,51.0,971.0,854.0,117.0,0.95,100750.0,24.2,2.92,0.77,37.3,0.15,0,1,0,1.0,38.215177842224286,63.5012302552166,0.029618261214585204,34.60097487840902,0.2835853640758889,89564.3408,2.4462305853889603,825.35,0.004053880953572411,3.394755667307875e-05,0.8246010128141291,0.0,0.0,1.1272427814031127,lhs_candidate_000023_june2024_preflight,pa1_candidate_000023
2024-06-04T13:00,36.0,52.0,945.0,833.0,112.0,0.95,100670.0,24.4,2.87,0.75,37.7,0.148,0,1,0,1.0,38.50419477331342,61.83779551264423,0.029268327076273703,35.06752626010055,0.27767879170048754,87100.4288,2.59789765134518,803.25,0.004167579876992221,3.168724074514999e-05,0.7881406895091824,0.0,0.0,1.1253031657954604,lhs_candidate_000023_june2024_preflight,pa1_candidate_000023
2024-06-04T14:00,36.1,51.0,827.0,693.0,134.0,1.48,100590.0,24.4,2.91,0.67,37.7,0.147,0,1,0,1.0,38.41721940376585,57.80679480265316,0.027240077941376815,35.49045727566576,0.27241589995111154,77490.4416,2.8588767816546343,702.9499999999999,0.00464921471161777,2.6870482123902828e-05,0.7556537034019231,0.0,0.0,1.1247227984745753,lhs_candidate_000023_june2024_preflight,pa1_candidate_000023
2024-06-04T15:00,35.3,54.0,617.0,439.0,178.0,1.87,100570.0,24.4,2.65,0.51,37.2,0.146,0,1,0,1.0,37.500980777804955,56.95117302833375,0.02561464007442937,35.81873274003513,0.26823527475216347,60558.4672,2.7758202548654443,524.4499999999999,0.005097156068173473,1.9662827547838614e-05,0.7298473750133547,0.0,0.0,1.12781578790046,lhs_candidate_000023_june2024_preflight,pa1_candidate_000023
2024-06-04T16:00,32.7,64.0,276.0,103.0,173.0,2.19,100640.0,25.1,1.77,0.25,35.6,0.15,0,1,0,1.0,34.81044835116743,61.6571773273232,0.024138336283153167,35.97626196232226,0.26566147940680795,30374.555199999995,2.133410480341861,234.6,0.005504077527835568,9.011538336000842e-06,0.7139597494247405,0.0,0.0,1.1384609370450456,lhs_candidate_000023_june2024_preflight,pa1_candidate_000023
2024-06-04T17:00,32.3,67.0,175.0,96.0,79.0,0.57,100660.0,25.5,1.57,0.14,34.4,0.15,0,1,0,1.0,33.212553249958155,68.88943013512866,0.02480274456598994,35.9751938492702,0.2643384585353392,18179.4096,1.5836620164546025,148.75,0.003073357689189495,5.752767970096883e-06,0.705792953921847,0.0,0.0,1.144626231748854,lhs_candidate_000023_june2024_preflight,pa1_candidate_000023
2024-06-04T18:00,31.9,69.0,64.0,33.0,31.0,0.41,100610.0,25.5,1.46,0.05,33.5,0.15,1,1,0,1.0,32.438643340124244,70.00019357835482,0.02419177897910143,35.90435073284329,0.2635988411331334,6722.6544,1.4621634824165737,54.4,0.0026604888341369972,2.486401902809028e-06,0.7012274144020582,0.0,0.0,1.146955022158376,lhs_candidate_000023_june2024_preflight,pa1_candidate_000023
2024-06-04T19:00,31.3,74.0,0.0,0.0,0.0,0.94,100760.0,26.0,1.21,0.03,32.6,0.15,0,0,0,1.0,31.677922694367926,73.73321121188071,0.02447107049630886,35.77965812973778,0.2697231607483114,0.0,1.2263749000929192,0.0,0.0017619965741828318,5.798551561309823e-07,0.7390318564710578,0.0,0.0,1.151531602278037,lhs_candidate_000023_june2024_preflight,pa1_candidate_000023
2024-06-04T20:00,30.9,77.0,0.0,0.0,0.0,0.92,100750.0,26.5,1.02,0.0,32.0,0.15,0,0,0,1.0,31.132158731675798,76.78770346088733,0.02475178249682162,35.628886289817665,0.26962637759465585,0.0,1.0507057407994616,0.0,0.0016396629126390918,4.963935768748406e-07,0.7384344295966411,0.0,0.0,1.153482512960778,lhs_candidate_000023_june2024_preflight,pa1_candidate_000023
2024-06-04T21:00,30.6,80.0,0.0,0.0,0.0,1.08,100780.0,26.9,0.86,0.0,31.5,0.15,0,0,0,1.0,30.783018347290913,79.7252750260955,0.025221694912532334,35.47260634966327,0.26954363408733156,0.0,0.899669095119437,0.0,0.0018447070516250813,4.247440974275587e-07,0.7379236672057504,0.0,0.0,1.1551514291577636,lhs_candidate_000023_june2024_preflight,pa1_candidate_000023
2024-06-04T22:00,30.4,82.0,0.0,0.0,0.0,1.06,100830.0,27.1,0.77,0.0,31.2,0.15,0,0,0,1.0,30.542252191076336,81.8879888432906,0.025572590201918974,35.314094631803364,0.26947200606098376,0.0,0.7927324001899514,0.0,0.0017896975230925704,3.7403380983452923e-07,0.7374815188949615,0.0,0.0,1.1566407890216317,lhs_candidate_000023_june2024_preflight,pa1_candidate_000023
2024-06-04T23:00,30.2,84.0,0.0,0.0,0.0,1.03,100850.0,27.2,0.68,0.0,30.9,0.15,0,0,0,1.0,30.341313917262127,83.8187337771157,0.02589370263565194,35.15522527580794,0.26940865904382494,0.0,0.7001378149460882,0.0,0.0017435540018362389,3.3016988020801566e-07,0.7370904879248453,0.0,0.0,1.1576361640537693,lhs_candidate_000023_june2024_preflight,pa1_candidate_000023
2024-06-05T00:00,30.0,85.0,0.0,0.0,0.0,0.89,100830.0,27.2,0.62,0.0,30.7,0.15,0,0,0,1.0,30.14432501526147,84.96591321514109,0.02597058004272106,34.99636487877617,0.26935183599260515,0.0,0.6432058155835607,0.0,0.0015349011485803277,3.031776362911227e-07,0.7367397283494145,0.0,0.0,1.1581583208863788,lhs_candidate_000023_june2024_preflight,pa1_candidate_000023
2024-06-05T01:00,29.8,86.0,0.0,0.0,0.0,0.81,100770.0,27.2,0.59,0.0,30.5,0.149,0,0,0,1.0,29.947199059061763,85.95703231991604,0.025995126538255565,34.837540768154255,0.26929937438064083,0.0,0.5940500647442675,0.0,0.0014187751321258042,2.7988479767051904e-07,0.7364158912385237,0.0,0.0,1.1582219316626279,lhs_candidate_000023_june2024_preflight,pa1_candidate_000023
2024-06-05T02:00,29.6,89.0,0.0,0.0,0.0,0.81,100750.0,27.6,0.45,0.0,30.3,0.149,0,0,0,1.0,29.750652658748717,88.45759743217837,0.02646828698171235,34.67875152306684,0.26925335824315005,0.0,0.4827906237337354,0.0,0.0014215480839811564,2.2737752820874515e-07,0.7361318410070992,0.0,0.0,1.1587434560544392,lhs_candidate_000023_june2024_preflight,pa1_candidate_000023
2024-06-05T03:00,29.5,89.0,0.0,0.0,0.0,0.85,100720.0,27.5,0.46,0.0,30.2,0.149,0,0,0,1.0,29.612299648454922,89.04725047259171,0.026445695892121576,34.52052926124346,0.2692142537555098,0.0,0.454497126812325,0.0,0.0014513708038004205,2.1398208886752259e-07,0.7358904552809246,0.0,0.0,1.1589277730457093,lhs_candidate_000023_june2024_preflight,pa1_candidate_000023
2024-06-05T04:00,29.4,89.0,0.0,0.0,0.0,0.95,100730.0,27.4,0.44,0.0,30.1,0.149,0,0,0,1.0,29.507165418340897,89.02401537164543,0.026288447585062675,34.364180007218025,0.26917583807475814,0.0,0.45271399184538375,0.0,0.0015993251757046704,2.1307388672602034e-07,0.7356533214491243,0.0,0.0,1.1594454548767268,lhs_candidate_000023_june2024_preflight,pa1_candidate_000023
2024-06-05T05:00,29.2,89.0,0.0,0.0,0.0,1.02,100760.0,27.3,0.43,0.0,29.9,0.149,0,0,0,1.0,29.34617926446647,88.87174977278285,0.026015076664210778,34.20942155965663,0.26913736439712455,0.0,0.45475748981177144,0.0,0.0017317989871511719,2.1396657991674175e-07,0.7354158296118799,0.0,0.0,1.1604079995087877,lhs_candidate_000023_june2024_preflight,pa1_candidate_000023
2024-06-05T06:00,29.2,89.0,25.0,13.0,12.0,1.17,100760.0,27.2,0.43,0.02,29.9,0.149,1,0,0,1.0,29.31680019775312,89.9402810423886,0.02628586599148975,34.06188899142678,0.26903327763822527,2622.1888,0.4103961843812445,21.25,0.001943774437699417,9.421409582568392e-07,0.7347733187544769,0.0,0.0,1.1605207117271532,lhs_candidate_000023_june2024_preflight,pa1_candidate_000023
2024-06-05T07:00,30.2,83.0,185.0,123.0,62.0,0.98,100870.0,26.9,0.74,0.13,30.9,0.149,0,0,0,1.0,30.219545252987,93.45539610409423,0.028681694528367108,33.96774959060282,0.2748180609681498,18461.308800000003,0.28120787332340313,157.25,0.0015849177412397507,5.952249838826556e-06,0.7704818578280853,0.0,0.0,1.1583304924248405,lhs_candidate_000023_june2024_preflight,pa1_candidate_000023
2024-06-05T08:00,32.0,69.0,414.0,327.0,87.0,0.64,100910.0,25.6,1.47,0.31,32.3,0.148,0,0,0,1.0,32.24010997531694,96.01944911452455,0.03283597834236702,33.99611502071646,0.2731161041773251,39492.8688,0.19184947027738364,351.9,0.0012575231933832016,1.2925846611637809e-05,0.7599759517118835,0.0,0.0,1.1511228812012124,lhs_candidate_000023_june2024_preflight,pa1_candidate_000023
2024-06-05T09:00,33.4,62.0,624.0,526.0,98.0,0.64,100870.0,25.0,1.96,0.48,34.0,0.147,0,1,0,1.0,34.36365024395328,74.99805243022713,0.028684466987945818,34.17039626569849,0.2701827378646153,58359.875199999995,1.357084038583503,530.4,0.0031663457205952025,1.9525119175751953e-05,0.7418687522507116,0.0,0.0,1.142720638452381,lhs_candidate_000023_june2024_preflight,pa1_candidate_000023
2024-06-05T10:00,34.5,57.0,795.0,683.0,112.0,0.63,100840.0,24.7,2.37,0.62,35.5,0.146,0,1,0,1.0,36.1374630806351,68.65069130369659,0.02879016527305344,34.46826913548434,0.2662459386569788,73900.4288,1.8765547211254443,675.75,0.0035287688719575624,2.4128654328081477e-05,0.7175675225739433,0.0,0.0,1.1358290434127378,lhs_candidate_000023_june2024_preflight,pa1_candidate_000023
2024-06-05T11:00,35.4,54.0,905.0,782.0,123.0,1.03,100800.0,24.7,2.63,0.72,36.7,0.145,0,1,0,1.0,37.53917832421272,62.789139747553335,0.02829546696307462,34.85588096393527,0.2616827430232029,83967.43519999999,2.4043621065222665,769.25,0.004100957686318927,2.6507269745647974e-05,0.6893996482913758,0.0,0.0,1.130256086417137,lhs_candidate_000023_june2024_preflight,pa1_candidate_000023
2024-06-05T12:00,35.5,54.0,831.0,696.0,135.0,1.62,100740.0,24.8,2.64,0.67,37.2,0.143,0,1,0,1.0,37.94951085569829,58.30949815025637,0.026831959301140348,35.26238323735834,0.25717520721008924,77877.624,2.754363404367063,706.35,0.004858566620812633,2.3588821883473417e-05,0.661575353148699,0.0,0.0,1.1280934225876753,lhs_candidate_000023_june2024_preflight,pa1_candidate_000023
2024-06-05T13:00,35.1,56.0,805.0,547.0,258.0,1.48,100700.0,24.9,2.5,0.65,37.3,0.142,0,1,0,1.0,37.69798505015918,59.17029333117325,0.026881519297686455,35.635462855717215,0.25307525143290566,79917.0592,2.661007570963585,684.25,0.004742758426742084,2.1973712029074208e-05,0.6362669841537386,0.0,0.0,1.1285579456608004,lhs_candidate_000023_june2024_preflight,pa1_candidate_000023
2024-06-05T14:00,35.2,54.0,550.0,255.0,295.0,1.24,100620.0,24.6,2.59,0.46,37.1,0.141,0,1,0,1.0,37.16513331730804,56.97052858164711,0.02518722910165565,35.926429718335655,0.24976751732609803,58778.808000000005,2.724399649229425,467.5,0.00425406214749874,1.4888416906334093e-05,0.6158488723833212,0.0,0.0,1.1295977175933511,lhs_candidate_000023_june2024_preflight,pa1_candidate_000023
2024-06-05T15:00,34.0,59.0,452.0,267.0,185.0,1.0,100640.0,24.9,2.16,0.37,36.5,0.144,0,1,0,1.0,36.02374237834582,60.238612674484195,0.02511456911446734,36.11303290504658,0.24734993772560623,46284.744000000006,2.365302046239166,384.2,0.0040290560765158575,1.198765103616206e-05,0.6009255415160879,0.0,0.0,1.1339932618651711,lhs_candidate_000023_june2024_preflight,pa1_candidate_000023
2024-06-05T16:00,31.1,80.0,284.0,151.0,133.0,1.0,100700.0,27.2,0.92,0.22,35.0,0.157,0,1,0,1.0,33.39839465130629,75.33802386020275,0.027391444846997834,36.19422398318723,0.24561431005262416,29671.259199999997,1.2685259077686006,241.4,0.004147588773002415,7.3155950848920945e-06,0.5902117904482973,0.0,0.0,1.1443868881454995,lhs_candidate_000023_june2024_preflight,pa1_candidate_000023
2024-06-05T17:00,30.7,80.0,153.0,74.0,79.0,1.63,100770.0,26.9,0.87,0.13,33.6,0.172,0,1,0,1.0,31.683117078335858,78.91063934513483,0.026196650275304482,36.15071963131521,0.24460049452322172,16243.409599999999,0.9849347639123618,130.04999999999998,0.004388454411228841,4.012015447438993e-06,0.5839536698964304,0.0,0.0,1.1516262627249416,lhs_candidate_000023_june2024_preflight,pa1_candidate_000023
2024-06-05T18:00,30.0,83.0,44.0,18.0,26.0,1.66,100810.0,26.7,0.74,0.05,32.3,0.178,1,1,0,1.0,30.640618440553204,81.30716110679279,0.025525965476650366,36.02774980839142,0.24411857098652956,4786.7424,0.8227629112340047,37.4,0.004304482391204769,1.3484421430098222e-06,0.5809788332501825,0.0,0.0,1.156036923470666,lhs_candidate_000023_june2024_preflight,pa1_candidate_000023
2024-06-05T19:00,29.7,81.0,0.0,0.0,0.0,1.51,100900.0,26.0,0.81,0.03,31.3,0.178,0,0,0,1.0,29.98430427784814,80.65843216092134,0.024441714639362302,35.85424228238766,0.25037221114483516,0.0,0.819936765404083,0.0,0.0025478064029138027,3.2502139344964845e-07,0.6195815502767602,0.0,0.0,1.1595741596654434,lhs_candidate_000023_june2024_preflight,pa1_candidate_000023
2024-06-05T20:00,29.6,80.0,0.0,0.0,0.0,1.4,100990.0,25.8,0.83,0.01,30.9,0.178,0,0,0,1.0,29.730296703035773,80.07230727845896,0.023932836237698107,35.66598434257884,0.25031332777421694,0.0,0.8325523894599005,0.0,0.0023080833741279077,3.298285955572612e-07,0.6192180726803516,0.0,0.0,1.1615818004866436,lhs_candidate_000023_june2024_preflight,pa1_candidate_000023
2024-06-05T21:00,29.5,81.0,0.0,0.0,0.0,1.17,101070.0,25.8,0.8,0.0,30.5,0.179,0,0,0,1.0,29.615072115494108,80.95509425003459,0.02404606151418964,35.47944509136796,0.25025527079223664,0.0,0.7904166433399369,0.0,0.0019427214553037382,3.129546341046235e-07,0.6188596962483743,0.0,0.0,1.162944374683441,lhs_candidate_000023_june2024_preflight,pa1_candidate_000023
2024-06-05T22:00,29.3,81.0,0.0,0.0,0.0,1.12,101060.0,25.7,0.77,0.0,30.2,0.179,0,0,0,1.0,29.453956862040652,81.0020107106759,0.023850600540210366,35.29529181980451,0.25019938668144437,0.0,0.7811914217493587,0.0,0.0018884820615898894,3.0912962350688095e-07,0.6185147326015085,0.0,0.0,1.1634484359748853,lhs_candidate_000023_june2024_preflight,pa1_candidate_000023
2024-06-05T23:00,28.6,86.0,0.0,0.0,0.0,1.32,101060.0,26.1,0.54,0.0,29.9,0.179,0,0,0,1.0,28.960888223203984,84.5140215229417,0.02422617894872155,35.109545119596405,0.2501486756829037,0.0,0.6189176780795735,0.0,0.0022982002042933676,2.4479142157849066e-07,0.6182017017463193,0.0,0.0,1.1653472749742229,lhs_candidate_000023_june2024_preflight,pa1_candidate_000023
2024-06-06T00:00,28.1,89.0,0.0,0.0,0.0,1.24,101030.0,26.1,0.42,0.0,29.5,0.178,0,0,0,1.0,28.411991152627785,87.74330678710797,0.024409080399856307,34.916171131998446,0.25011008433322746,0.0,0.47452494069529605,0.0,0.0021558673470337152,1.8760956084732466e-07,0.6179634835384411,0.0,0.0,1.1671218497282552,lhs_candidate_000023_june2024_preflight,pa1_candidate_000023
2024-06-06T01:00,27.9,90.0,0.0,0.0,0.0,1.17,100930.0,26.2,0.37,0.0,29.2,0.178,0,0,0,1.0,28.093230447158643,89.3454114104812,0.024424391610151967,34.718168822896004,0.2500791841353399,0.0,0.4049274215017604,0.0,0.0019874257454624003,1.6004386847088107e-07,0.6177727415761723,0.0,0.0,1.1672003949632097,lhs_candidate_000023_june2024_preflight,pa1_candidate_000023
2024-06-06T02:00,27.7,92.0,0.0,0.0,0.0,1.17,100860.0,26.3,0.3,0.0,28.8,0.178,0,0,0,1.0,27.88277872898664,91.19920475224671,0.024644718136605185,34.520216555665726,0.2500529490426877,0.0,0.3304001334686544,0.0,0.001981621581187536,1.305534052407004e-07,0.6176107965598007,0.0,0.0,1.1672063058605773,lhs_candidate_000023_june2024_preflight,pa1_candidate_000023
2024-06-06T03:00,27.5,92.0,0.0,0.0,0.0,1.12,100840.0,26.1,0.28,0.0,28.5,0.178,0,0,0,1.0,27.682838689203646,91.46265474594595,0.02444561399069346,34.323277338105314,0.2500301848299316,0.0,0.31679399366670014,0.0,0.001906020267955534,1.2514863186209866e-07,0.6174702767279729,0.0,0.0,1.167750451915799,lhs_candidate_000023_june2024_preflight,pa1_candidate_000023
2024-06-06T04:00,27.5,92.0,0.0,0.0,0.0,1.02,100860.0,26.1,0.3,0.0,28.3,0.178,0,0,0,1.0,27.602568394824775,91.74418534035574,0.0244127276992174,34.128460740170745,0.25000814791139775,0.0,0.3049149674491991,0.0,0.0017039771705227196,1.204293171296825e-07,0.6173342463666528,0.0,0.0,1.1682937887397646,lhs_candidate_000023_june2024_preflight,pa1_candidate_000023
2024-06-06T05:00,27.9,91.0,0.0,0.0,0.0,1.1,100920.0,26.2,0.35,0.0,28.2,0.178,0,0,0,1.0,27.828654895514962,91.4663578569728,0.024643486641805254,33.94055185827794,0.24998623542746423,0.0,0.3193615271506922,0.0,0.0018081980623042052,1.2610749807304122e-07,0.6171989841201496,0.0,0.0,1.1681106772956356,lhs_candidate_000023_june2024_preflight,pa1_candidate_000023
2024-06-06T06:00,28.1,91.0,21.0,8.0,13.0,1.2,100950.0,26.4,0.36,0.02,28.4,0.178,1,0,0,1.0,28.127196212223897,91.82807739821465,0.025149897111561424,33.76944357396921,0.2499160851569889,2305.3712,0.3111880649946479,17.849999999999998,0.0019396188977813399,6.510602004982642e-07,0.6167659577591907,0.0,0.0,1.167300068681476,lhs_candidate_000023_june2024_preflight,pa1_candidate_000023
2024-06-06T07:00,29.3,87.0,167.0,87.0,80.0,1.1,100970.0,26.9,0.54,0.12,30.5,0.178,0,0,0,1.0,29.240202651916864,94.4859534415641,0.027499632851458834,33.654066204236905,0.2558552858984988,17510.592,0.22395950347489357,141.95,0.001800879319182469,4.544316381390275e-06,0.6534276907314742,0.0,0.0,1.1632340036769262,lhs_candidate_000023_june2024_preflight,pa1_candidate_000023
2024-06-06T08:00,30.1,80.0,359.0,210.0,149.0,0.85,101030.0,26.3,0.86,0.26,30.9,0.178,0,1,0,1.0,30.700442990016683,87.83337101255852,0.027663696133124954,33.64848876137917,0.25458154607417405,36834.177599999995,0.5373441168843875,305.15,0.0031736937997418014,9.674458989819038e-06,0.6455650992232966,0.0,0.0,1.1583316629666873,lhs_candidate_000023_june2024_preflight,pa1_candidate_000023
2024-06-06T09:00,32.0,65.0,551.0,405.0,146.0,0.92,101010.0,24.6,1.66,0.42,32.3,0.176,0,1,0,1.0,32.767521992275256,75.26299588851822,0.02646781464823476,33.76621590150996,0.25238518520025516,53624.6304,1.2281735560641014,468.34999999999997,0.0033541271664058684,1.4699835644561068e-05,0.6320073160509577,0.0,0.0,1.1502770823892248,lhs_candidate_000023_june2024_preflight,pa1_candidate_000023
2024-06-06T10:00,33.6,56.0,779.0,643.0,136.0,0.61,100980.0,23.6,2.28,0.6,34.2,0.174,0,1,0,1.0,35.12278921330094,66.4532650657281,0.026442283864201707,34.02567401857832,0.2492356262072143,73336.8064,1.8990648414058326,662.15,0.0034569801170592634,2.0206973468640593e-05,0.6125655938716932,0.0,0.0,1.1411497074963868,lhs_candidate_000023_june2024_preflight,pa1_candidate_000023
2024-06-06T11:00,34.5,53.0,914.0,794.0,120.0,0.92,100920.0,23.5,2.57,0.71,35.6,0.172,0,1,0,1.0,36.84606631769611,59.86112899846018,0.02603602012865923,34.405839549979426,0.24535019659145538,84653.888,2.4975991400194784,776.9,0.0040838699010016626,2.288199570102167e-05,0.5885814604410826,0.0,0.0,1.134131747533919,lhs_candidate_000023_june2024_preflight,pa1_candidate_000023
2024-06-06T12:00,35.0,52.0,952.0,811.0,141.0,1.48,100830.0,23.6,2.7,0.76,36.5,0.169,0,1,0,1.0,37.77723440799337,55.60582661249294,0.025364381894909274,34.84322267663341,0.24122599953411122,88736.7184,2.905764579444661,809.1999999999999,0.004799831946679672,2.2912101236163123e-05,0.5631234539142669,0.0,0.0,1.1297268534962808,lhs_candidate_000023_june2024_preflight,pa1_candidate_000023
2024-06-06T13:00,35.1,52.0,862.0,700.0,162.0,1.32,100730.0,23.7,2.72,0.69,36.8,0.167,0,1,0,1.0,37.95719702743077,54.27021964128919,0.024982994447297326,35.269172133740135,0.23736662314742807,81555.54879999999,3.0224824723750428,732.6999999999999,0.00465267026998092,2.000342084279823e-05,0.5393001428853584,0.0,0.0,1.1279535741477185,lhs_candidate_000023_june2024_preflight,pa1_candidate_000023
2024-06-06T14:00,34.5,55.0,726.0,441.0,285.0,1.0,100690.0,24.1,2.48,0.58,36.6,0.165,0,1,0,1.0,37.32533058491499,55.964750938533356,0.024946135372159513,35.627957882650236,0.23410282451393777,73914.984,2.812470397345231,617.1,0.00433635115635992,1.630668492720207e-05,0.5191532377403566,0.0,0.0,1.1298003149679632,lhs_candidate_000023_june2024_preflight,pa1_candidate_000023
2024-06-06T15:00,34.3,56.0,551.0,389.0,162.0,0.8,100680.0,24.3,2.38,0.44,36.2,0.164,0,1,0,1.0,36.52660053511882,57.19808843951884,0.024472860059624273,35.889764626361526,0.23154699204139514,54187.5488,2.6172576234707505,468.34999999999997,0.0039341411558769445,1.215537328477928e-05,0.5033764940826861,0.0,0.0,1.1326018450930921,lhs_candidate_000023_june2024_preflight,pa1_candidate_000023
2024-06-06T16:00,31.5,70.0,320.0,143.0,177.0,0.45,100690.0,25.4,1.38,0.25,34.9,0.172,0,1,0,1.0,34.037455623698264,66.02112771233996,0.024823589596383113,36.0213407005037,0.22982477230552087,34387.2848,1.811197406031095,272.0,0.003853260027664014,7.002091094777614e-06,0.4927455080587708,0.0,0.0,1.1418927428934977,lhs_candidate_000023_june2024_preflight,pa1_candidate_000023
2024-06-06T17:00,30.4,76.0,152.0,65.0,87.0,0.71,100710.0,25.8,1.03,0.12,33.3,0.174,0,1,0,1.0,31.770376128609787,73.67135355054651,0.024571426645213425,35.99991534480825,0.2288924831462226,16436.8688,1.2357152563055478,129.2,0.0034665826856946653,3.4041101116484186e-06,0.4869906367050778,0.0,0.0,1.1506112022156707,lhs_candidate_000023_june2024_preflight,pa1_candidate_000023
2024-06-06T18:00,30.1,76.0,32.0,8.0,24.0,0.64,100820.0,25.4,1.03,0.04,32.3,0.174,1,1,0,1.0,30.6357733156755,75.23540625250385,0.023613613919686437,35.87759835136642,0.22850071444764194,3660.3776,1.0897089870912167,27.2,0.0028850222981044206,9.702768338970894e-07,0.4845723114051972,0.0,0.0,1.156170037932227,lhs_candidate_000023_june2024_preflight,pa1_candidate_000023
2024-06-06T19:00,29.7,76.0,0.0,0.0,0.0,0.73,100910.0,25.1,0.99,0.02,31.4,0.173,0,0,0,1.0,30.013252483308502,76.08293941276305,0.023091322975138395,35.706516315168464,0.23478787952882418,0.0,1.0155880910188326,0.0,0.0014367882276243693,3.400708991973591e-07,0.5233819724001493,0.0,0.0,1.1595783473278876,lhs_candidate_000023_june2024_preflight,pa1_candidate_000023
2024-06-06T20:00,29.4,78.0,0.0,0.0,0.0,0.7,100970.0,25.1,0.91,0.0,30.9,0.173,0,0,0,1.0,29.61870534618108,77.7349767707653,0.023094140142697287,35.52175569050629,0.23472913453715458,0.0,0.9242536312351382,0.0,0.0013210156498624883,3.092730176834202e-07,0.5230193489947813,0.0,0.0,1.1617798005288564,lhs_candidate_000023_june2024_preflight,pa1_candidate_000023
2024-06-06T21:00,28.8,86.0,0.0,0.0,0.0,0.85,101020.0,26.2,0.56,0.0,30.5,0.173,0,0,0,1.0,29.135779198420817,84.08129242334057,0.02433279195011712,35.33304938959964,0.2346811073441681,0.0,0.6426726098666653,0.0,0.0016136375927606713,2.1492870186238357e-07,0.5227228848405439,0.0,0.0,1.1642120668680194,lhs_candidate_000023_june2024_preflight,pa1_candidate_000023
2024-06-06T22:00,28.9,85.0,0.0,0.0,0.0,0.89,101050.0,26.1,0.6,0.0,29.9,0.173,0,0,0,1.0,28.970592325033593,85.22784479220842,0.02444372122120605,35.14089798309587,0.234645312819346,0.0,0.5907200483438002,0.0,0.0014809165057199977,1.974707251322011e-07,0.5225019309836173,0.0,0.0,1.16519453535242,lhs_candidate_000023_june2024_preflight,pa1_candidate_000023
2024-06-06T23:00,28.6,87.0,0.0,0.0,0.0,0.72,101010.0,26.3,0.49,0.0,29.5,0.173,0,0,0,1.0,28.803065015540724,86.40317068805528,0.024555471195726417,34.95196622069694,0.23461091621276003,0.0,0.5384772824195094,0.0,0.0013358804517198109,1.7993343864210474e-07,0.5222896062516051,0.0,0.0,1.1653795090005297,lhs_candidate_000023_june2024_preflight,pa1_candidate_000023
2024-06-07T00:00,28.4,88.0,0.0,0.0,0.0,0.63,100950.0,26.2,0.48,0.0,29.2,0.173,0,0,0,1.0,28.579903079102625,87.61113605062931,0.024597171268633186,34.763361555713594,0.23458029495695853,0.0,0.48433671913252896,0.0,0.001192057540096323,1.6178367147626594e-07,0.5221005861540651,0.0,0.0,1.1655486852375172,lhs_candidate_000023_june2024_preflight,pa1_candidate_000023
2024-06-07T01:00,28.4,87.0,0.0,0.0,0.0,0.67,100840.0,26.0,0.51,0.0,28.9,0.173,0,0,0,1.0,28.495615314477202,87.27237498603719,0.024389404776106023,34.57642236976283,0.23455118538997533,0.0,0.4951542378426135,0.0,0.0011691647302691688,1.6534013851574478e-07,0.5219208974689835,0.0,0.0,1.1646039773002794,lhs_candidate_000023_june2024_preflight,pa1_candidate_000023
2024-06-07T02:00,28.6,85.0,0.0,0.0,0.0,0.67,100780.0,25.8,0.59,0.0,28.6,0.173,0,0,0,1.0,28.60040612565102,85.84586497972523,0.024128586943786647,34.395041323976436,0.2345198585431641,0.0,0.5540072022184841,0.0,0.0010746059377899815,1.8492356968427797e-07,0.5217275218713833,0.0,0.0,1.1635068367262116,lhs_candidate_000023_june2024_preflight,pa1_candidate_000023
2024-06-07T03:00,28.5,84.0,0.0,0.0,0.0,0.76,100740.0,25.6,0.61,0.0,28.5,0.173,0,0,0,1.0,28.607047797537657,84.3728532095428,0.02372317824194718,34.220877673393595,0.23448467707161363,0.0,0.6118978896064315,0.0,0.0013126884907886816,2.0416204152728822e-07,0.5215103522939113,0.0,0.0,1.1630194374184892,lhs_candidate_000023_june2024_preflight,pa1_candidate_000023
2024-06-07T04:00,28.6,84.0,0.0,0.0,0.0,0.95,100710.0,25.6,0.63,0.0,28.3,0.173,0,0,0,1.0,28.63472552740012,84.24929140183973,0.023724287968747513,34.05139063689884,0.2344476379155218,0.0,0.6177261504779001,0.0,0.0015482814944380063,2.060163029955967e-07,0.5212817155279125,0.0,0.0,1.162566461719547,lhs_candidate_000023_june2024_preflight,pa1_candidate_000023
2024-06-07T05:00,28.1,88.0,0.0,0.0,0.0,1.0,100740.0,25.9,0.46,0.0,28.1,0.173,0,0,0,1.0,28.368729458157553,86.8353654196256,0.024099365671205252,33.88516846261589,0.23441320643816912,0.0,0.5083979417582256,0.0,0.0017803217085243974,1.6948539387905263e-07,0.5210691755442539,0.0,0.0,1.1639386800190745,lhs_candidate_000023_june2024_preflight,pa1_candidate_000023
2024-06-07T06:00,28.4,87.0,24.0,8.0,16.0,1.14,100800.0,25.9,0.52,0.02,28.2,0.173,1,0,0,1.0,28.427160490717398,87.97297552536173,0.024493296228254323,33.72448632973138,0.2343388349774444,2674.9184,0.4660433350505504,20.4,0.0018442046725502365,6.648377321787559e-07,0.5206100924533605,0.0,0.0,1.1644062640999946,lhs_candidate_000023_june2024_preflight,pa1_candidate_000023
2024-06-07T07:00,29.5,80.0,180.0,115.0,65.0,1.02,100850.0,25.7,0.82,0.13,30.1,0.172,0,0,0,1.0,29.53049353337853,87.67838478396688,0.02592388186699313,33.62075297229071,0.2403006214284292,18126.855999999996,0.5088986212842812,153.0,0.0016559023770995095,4.273728820201976e-06,0.5574112433853654,0.0,0.0,1.160737239342693,lhs_candidate_000023_june2024_preflight,pa1_candidate_000023
2024-06-07T08:00,31.0,69.0,375.0,279.0,96.0,0.8,100890.0,24.7,1.39,0.28,31.2,0.172,0,0,0,1.0,31.44075817079804,83.38365492116624,0.02732557407968358,33.633034274060755,0.23913345076277936,36377.5104,0.7654420158616446,318.75,0.0016179589991487328,8.684758600656535e-06,0.5502064861899961,0.0,0.0,1.153915079771661,lhs_candidate_000023_june2024_preflight,pa1_candidate_000023
2024-06-07T09:00,32.5,62.0,610.0,488.0,122.0,0.51,100860.0,24.2,1.88,0.46,33.0,0.17,0,1,0,1.0,33.64767630444865,70.1303948419925,0.025834682011541973,33.787717053480385,0.23708866006441956,57972.252799999995,1.5579377093349915,518.5,0.0031730389399706248,1.391070832180884e-05,0.537584321385306,0.0,0.0,1.1452738555116304,lhs_candidate_000023_june2024_preflight,pa1_candidate_000023
2024-06-07T10:00,33.6,57.0,740.0,586.0,154.0,0.2,100820.0,23.9,2.23,0.57,34.4,0.168,0,1,0,1.0,35.47857871880708,63.49680073935733,0.02573682636312416,34.066044242900176,0.2343545511063541,70538.08959999999,2.1073754760811028,629.0,0.0034369231508773615,1.6417924265102715e-05,0.5207071055947783,0.0,0.0,1.1380281454027656,lhs_candidate_000023_june2024_preflight,pa1_candidate_000023
2024-06-07T11:00,34.4,54.0,878.0,697.0,181.0,0.22,100750.0,23.9,2.48,0.68,35.7,0.166,0,1,0,1.0,36.89856665330478,58.948231030291474,0.025708099903109027,34.4320820544897,0.2311827529632626,83632.0144,2.561725028541291,746.3,0.0037429205890214673,1.876686558137701e-05,0.5011281047114976,0.0,0.0,1.1320295813378585,lhs_candidate_000023_june2024_preflight,pa1_candidate_000023
2024-06-07T12:00,34.9,53.0,933.0,750.0,183.0,0.61,100690.0,24.0,2.61,0.73,36.5,0.164,0,1,0,1.0,37.844516495108564,55.78841819888164,0.025535022883048757,34.857648651627464,0.22776679878144734,88542.3792,2.9043750270549955,793.05,0.004094613890182148,1.9159291475100794e-05,0.48004196778671204,0.0,0.0,1.1279141839471518,lhs_candidate_000023_june2024_preflight,pa1_candidate_000023
2024-06-07T13:00,35.0,54.0,892.0,651.0,241.0,1.12,100590.0,24.2,2.61,0.71,36.8,0.162,0,1,0,1.0,38.11441457413045,54.391748857739344,0.025239896607807635,35.28819993676748,0.22445789505006056,86974.95839999999,3.0401789389328018,758.1999999999999,0.0045432907980308005,1.7615428834680155e-05,0.45961663611148496,0.0,0.0,1.1258169534098417,lhs_candidate_000023_june2024_preflight,pa1_candidate_000023
2024-06-07T14:00,34.5,55.0,742.0,464.0,278.0,1.02,100470.0,24.3,2.43,0.59,36.6,0.16,0,1,0,1.0,37.51828578017832,54.30037001765377,0.024443985299392502,35.660731377365344,0.22159770088300157,75076.7072,2.9495144964041886,630.6999999999999,0.00442287692850352,1.420923343527692e-05,0.4419611165617381,0.0,0.0,1.126631604526749,lhs_candidate_000023_june2024_preflight,pa1_candidate_000023
2024-06-07T15:00,33.9,58.0,466.0,159.0,307.0,1.22,100510.0,24.5,2.22,0.38,35.9,0.159,0,1,0,1.0,36.210493327005175,56.36580703832917,0.02372741459309398,35.90612939394751,0.21952594686900082,51808.99679999999,2.6223955189324477,396.09999999999997,0.004363163830783985,8.877063149427014e-06,0.4291725115370421,0.0,0.0,1.1318447745670206,lhs_candidate_000023_june2024_preflight,pa1_candidate_000023
2024-06-07T16:00,32.3,64.0,335.0,146.0,189.0,0.98,100520.0,24.7,1.72,0.27,35.0,0.161,0,1,0,1.0,34.38378068361125,61.47243297884089,0.023536084163086834,36.018724812984914,0.2181607658137964,36129.473600000005,2.0935817483681425,284.75,0.004039056218049205,6.312367691778539e-06,0.42074546798639756,0.0,0.0,1.1386810716781053,lhs_candidate_000023_june2024_preflight,pa1_candidate_000023
2024-06-07T17:00,32.0,66.0,200.0,110.0,90.0,1.63,100570.0,24.7,1.63,0.18,34.0,0.16,0,1,0,1.0,33.13850664827211,64.6193809509674,0.023174665053776904,36.03165430757263,0.21724772253458272,20766.415999999997,1.7935707219409593,170.0,0.004443086087070772,3.862484271649873e-06,0.4151093983616217,0.0,0.0,1.143879293682753,lhs_candidate_000023_june2024_preflight,pa1_candidate_000023
2024-06-07T18:00,31.5,68.0,52.0,16.0,36.0,1.51,100570.0,24.8,1.48,0.07,33.0,0.16,1,1,0,1.0,32.154671060077106,66.69809812282585,0.022705548036158145,35.958307071612275,0.21678429364965118,5842.5664,1.5973229427668292,44.199999999999996,0.004091173877733238,1.2956250709509281e-06,0.4122487262324147,0.0,0.0,1.1475654120569556,lhs_candidate_000023_june2024_preflight,pa1_candidate_000023
2024-06-07T19:00,30.9,73.0,0.0,0.0,0.0,1.41,100660.0,25.5,1.2,0.04,32.2,0.16,0,0,0,1.0,31.293945790423475,71.78982151782608,0.023342137945685886,35.82128782456916,0.22303449885776105,0.0,1.2887320787485717,0.0,0.0024454281702830432,3.71713888955683e-07,0.4508302398627226,0.0,0.0,1.1518396727023628,lhs_candidate_000023_june2024_preflight,pa1_candidate_000023
2024-06-07T20:00,30.4,77.0,0.0,0.0,0.0,1.22,100740.0,25.9,0.99,0.01,31.5,0.159,0,0,0,1.0,30.68749534706905,76.04134243084846,0.023933051567045,35.659994752669526,0.22297388367003873,0.0,1.0573623795990374,0.0,0.00211232007458367,3.0472592951191395e-07,0.4504560720372761,0.0,0.0,1.1550559668933296,lhs_candidate_000023_june2024_preflight,pa1_candidate_000023
2024-06-07T21:00,29.8,82.0,0.0,0.0,0.0,1.12,100750.0,26.4,0.74,0.0,30.7,0.159,0,0,0,1.0,30.126737705665427,80.65766161888382,0.024630321044656497,35.49055948244539,0.2229249812715582,0.0,0.8266929377216576,0.0,0.001987100066410657,2.380886266272135e-07,0.45015420537998885,0.0,0.0,1.1573065305245371,lhs_candidate_000023_june2024_preflight,pa1_candidate_000023
2024-06-07T22:00,30.3,75.0,0.0,0.0,0.0,1.12,100770.0,25.3,1.09,0.01,30.1,0.159,0,0,0,1.0,30.190848057256495,76.64570945113798,0.023486353895797524,35.31854253468264,0.22287930546497195,0.0,1.0018369213577105,0.0,0.0018617858711525066,2.8834960063024237e-07,0.449872255956617,0.0,0.0,1.1572916263142248,lhs_candidate_000023_june2024_preflight,pa1_candidate_000023
2024-06-07T23:00,30.6,71.0,0.0,0.0,0.0,1.0,100740.0,24.8,1.25,0.01,29.6,0.159,0,0,0,1.0,30.513272450927328,72.42348142066847,0.02258168310341659,35.1576757486692,0.2228218609260778,0.0,1.204981339887755,0.0,0.001662055644755474,3.465454415666404e-07,0.44951766003751736,0.0,0.0,1.155718665395304,lhs_candidate_000023_june2024_preflight,pa1_candidate_000023
2024-06-08T00:00,30.4,73.0,0.0,0.0,0.0,1.1,100700.0,25.0,1.16,0.01,29.2,0.159,0,0,0,1.0,30.512187934766892,72.9913084075845,0.02275740290381264,35.00570542540624,0.22275928966092437,0.0,1.180096487652654,0.0,0.001832643845286363,3.390970911222341e-07,0.449131417660027,0.0,0.0,1.1552638996870044,lhs_candidate_000023_june2024_preflight,pa1_candidate_000023
2024-06-08T01:00,30.1,75.0,0.0,0.0,0.0,1.2,100630.0,25.3,1.05,0.01,28.9,0.159,0,0,0,1.0,30.275133012314466,74.7044068300907,0.02299583668228334,34.854799354945676,0.22270052219708025,0.0,1.0903630307423704,0.0,0.0020222331034829284,3.1305939710153427e-07,0.4487686555375324,0.0,0.0,1.1553627742895887,lhs_candidate_000023_june2024_preflight,pa1_candidate_000023
2024-06-08T02:00,28.4,86.0,0.0,0.0,0.0,1.22,100590.0,25.8,0.54,0.0,28.5,0.159,0,0,0,1.0,29.149230893513742,82.5293725308317,0.023901162568864293,34.694526350917045,0.22265295779346564,0.0,0.7058748907098318,0.0,0.0023434712915714894,2.025345545994462e-07,0.4484750481078126,0.0,0.0,1.1592049172106063,lhs_candidate_000023_june2024_preflight,pa1_candidate_000023
2024-06-08T03:00,28.3,86.0,0.0,0.0,0.0,1.02,100570.0,25.7,0.54,0.0,28.2,0.159,0,0,0,1.0,28.491858459937564,85.49184688385283,0.02388690417754115,34.51405273408115,0.22262157760280274,0.0,0.5643007295560083,0.0,0.001761204798136127,1.6184317395880585e-07,0.44828134322717744,0.0,0.0,1.161500205696761,lhs_candidate_000023_june2024_preflight,pa1_candidate_000023
2024-06-08T04:00,28.6,84.0,0.0,0.0,0.0,1.1,100580.0,25.7,0.61,0.0,28.1,0.159,0,0,0,1.0,28.570680670321245,84.57258375806741,0.02373211948536391,34.33356963254059,0.22259189538935514,0.0,0.6028050872563653,0.0,0.0017820100339930294,1.728156785589034e-07,0.44809811968737745,0.0,0.0,1.1613122342356708,lhs_candidate_000023_june2024_preflight,pa1_candidate_000023
2024-06-08T05:00,28.7,84.0,0.0,0.0,0.0,1.0,100640.0,25.7,0.64,0.0,27.9,0.159,0,0,0,1.0,28.721725475864556,84.20962228137773,0.023826060626230182,34.16193264833542,0.2225600708393986,0.0,0.6224108926198428,0.0,0.001618277988529292,1.783581580427983e-07,0.44790167184813956,0.0,0.0,1.1614235816554273,lhs_candidate_000023_june2024_preflight,pa1_candidate_000023
2024-06-08T06:00,28.5,86.0,22.0,7.0,15.0,1.22,100730.0,25.9,0.55,0.02,28.1,0.159,1,0,0,1.0,28.69695787402899,85.83682259337226,0.0242536342389693,34.00164821074968,0.22249322530622123,2463.736,0.557471146922055,18.7,0.0020650587867866196,5.611322072569997e-07,0.4474890451001311,0.0,0.0,1.1625575997244852,lhs_candidate_000023_june2024_preflight,pa1_candidate_000023
2024-06-08T07:00,29.9,77.0,134.0,48.0,86.0,1.08,100720.0,25.5,0.97,0.11,30.1,0.159,0,0,0,1.0,29.742785476580607,82.66557311013958,0.024724659064310314,33.88401327876087,0.22859169193184392,14817.686399999999,0.7247291882801616,113.89999999999999,0.001829499587963459,2.8763692562363764e-06,0.4851339008138514,0.0,0.0,1.1584285084297965,lhs_candidate_000023_june2024_preflight,pa1_candidate_000023
2024-06-08T08:00,31.4,65.0,379.0,260.0,119.0,0.78,100770.0,24.2,1.59,0.28,31.7,0.158,0,0,0,1.0,31.827019723115257,77.83202543809749,0.026037638191465245,33.88619694175619,0.22763584130310352,37538.705599999994,1.0437778861453308,322.15,0.0015827357312295978,7.728007625504287e-06,0.4792335882907625,0.0,0.0,1.1510828707501826,lhs_candidate_000023_june2024_preflight,pa1_candidate_000023
2024-06-08T09:00,32.6,60.0,550.0,375.0,175.0,0.58,100770.0,23.8,1.97,0.42,33.2,0.157,0,1,0,1.0,33.814368672125845,65.31699348579033,0.024273137686029962,34.02863960802556,0.22593549646789793,54556.92,1.8258964453268614,467.5,0.0032661203041685896,1.1062485372354837e-05,0.46873763251788847,0.0,0.0,1.1436305291533213,lhs_candidate_000023_june2024_preflight,pa1_candidate_000023
2024-06-08T10:00,33.3,58.0,668.0,405.0,263.0,0.63,100740.0,23.9,2.15,0.52,34.4,0.156,0,1,0,1.0,35.21657626192547,61.304744450326346,0.02451280759262474,34.26982873309974,0.22376200481045727,68036.97119999999,2.201890376560178,567.8,0.003668833574427141,1.3046731294227592e-05,0.45532101734850167,0.0,0.0,1.138091281554656,lhs_candidate_000023_june2024_preflight,pa1_candidate_000023
2024-06-08T11:00,33.8,57.0,690.0,398.0,292.0,0.81,100700.0,24.0,2.26,0.55,35.2,0.154,0,1,0,1.0,36.03206004518494,58.70258851957126,0.02448468352740571,34.560050672595054,0.2214078328010236,70993.2608,2.457797316529836,586.5,0.003946093200508496,1.3098021410538805e-05,0.4407890913643433,0.0,0.0,1.134638805918229,lhs_candidate_000023_june2024_preflight,pa1_candidate_000023
2024-06-08T12:00,34.3,56.0,851.0,576.0,275.0,0.78,100620.0,24.2,2.39,0.67,36.1,0.153,0,1,0,1.0,36.964046821901306,57.33240729480252,0.02508749956395246,34.90079790549731,0.21883241223647387,84563.16,2.6720740226574646,723.35,0.004097850256754993,1.5473955316526317e-05,0.4248914335584807,0.0,0.0,1.1303301798877172,lhs_candidate_000023_june2024_preflight,pa1_candidate_000023
2024-06-08T13:00,34.5,56.0,864.0,715.0,149.0,1.14,100570.0,24.5,2.39,0.68,36.5,0.151,0,1,0,1.0,37.52243150859029,55.339668067015545,0.024917110344137502,35.28910081417774,0.21607743887937433,81274.1776,2.8830853149355997,734.4,0.004532171946777891,1.5125954587265716e-05,0.4078854251813231,0.0,0.0,1.1277379165788102,lhs_candidate_000023_june2024_preflight,pa1_candidate_000023
2024-06-08T14:00,34.0,55.0,792.0,601.0,191.0,1.56,100500.0,23.8,2.38,0.63,36.4,0.15,0,1,0,1.0,37.165730928700256,52.91548923496835,0.023395172000078828,35.65588391117819,0.21351036625168862,76415.8384,2.9812403196654143,673.1999999999999,0.005010083983295093,1.3411673475303499e-05,0.3920392978499298,0.0,0.0,1.128248379949848,lhs_candidate_000023_june2024_preflight,pa1_candidate_000023
2024-06-08T15:00,33.0,61.0,493.0,324.0,169.0,1.3,100460.0,24.4,1.98,0.4,35.6,0.149,0,1,0,1.0,35.64306243547094,57.52098278853749,0.023514192196691028,35.90895558649222,0.21156687680825245,49329.8256,2.4746709850238036,419.05,0.004566576629212002,8.243444939981578e-06,0.3800424494336571,0.0,0.0,1.133360540510343,lhs_candidate_000023_june2024_preflight,pa1_candidate_000023
2024-06-08T16:00,32.5,64.0,348.0,161.0,187.0,0.82,100460.0,24.7,1.78,0.28,34.8,0.149,0,1,0,1.0,34.313953622535,62.15676574630886,0.02371137168788708,36.02076718224658,0.21030870882705227,37203.108799999995,2.0484361374331637,295.8,0.0037751437571911283,5.771824604432491e-06,0.3722759804139029,0.0,0.0,1.1382598448511552,lhs_candidate_000023_june2024_preflight,pa1_candidate_000023
2024-06-08T17:00,31.6,68.0,169.0,42.0,127.0,0.72,100450.0,24.9,1.51,0.14,33.9,0.149,0,1,0,1.0,32.940319291098554,65.81658133833278,0.023358266349554513,36.02915962625324,0.20952649858815556,19340.1648,1.7137287388698583,143.65,0.0034567415201814883,2.935642696389272e-06,0.3674475221491084,0.0,0.0,1.14325417354517,lhs_candidate_000023_june2024_preflight,pa1_candidate_000023
2024-06-08T18:00,31.0,69.0,52.0,21.0,31.0,0.4,100560.0,24.8,1.37,0.04,32.8,0.152,1,1,0,1.0,31.72447429545737,67.84087478176198,0.022571474363101814,35.94094271113627,0.20916199730225732,5666.6544,1.5054470506844106,44.199999999999996,0.0028061580363249474,1.1262848443956586e-06,0.36519751421146496,0.0,0.0,1.1490704307769697,lhs_candidate_000023_june2024_preflight,pa1_candidate_000023
2024-06-08T19:00,30.6,73.0,0.0,0.0,0.0,0.85,100620.0,25.2,1.18,0.03,31.8,0.152,0,0,0,1.0,30.94473395933207,72.18258751772596,0.023034676681801976,35.795151074663245,0.21543216148134564,0.0,1.2457962232525537,0.0,0.0016183877699460917,3.2192623688491483e-07,0.40390223136633113,0.0,0.0,1.15270416480407,lhs_candidate_000023_june2024_preflight,pa1_candidate_000023
2024-06-08T20:00,30.2,75.0,0.0,0.0,0.0,0.57,100680.0,25.2,1.09,0.0,31.3,0.152,0,0,0,1.0,30.45406206692295,74.64261129650248,0.023199509800135736,35.628037030183066,0.21537774966283388,0.0,1.1042713263070483,0.0,0.0011822215393380924,2.851174901030659e-07,0.403566355943419,0.0,0.0,1.155255587690124,lhs_candidate_000023_june2024_preflight,pa1_candidate_000023
2024-06-08T21:00,30.1,75.0,0.0,0.0,0.0,0.58,100710.0,25.2,1.06,0.0,30.9,0.151,0,0,0,1.0,30.22608198016859,75.41288464833596,0.02315256857002948,35.4573949412171,0.2153279078348788,0.0,1.0568521809830878,0.0,0.001069608095418873,2.7266606705860403e-07,0.403258690338758,0.0,0.0,1.1564682300179767,lhs_candidate_000023_june2024_preflight,pa1_candidate_000023
2024-06-08T22:00,29.9,76.0,0.0,0.0,0.0,0.81,100740.0,25.3,1.0,0.0,30.6,0.151,0,0,0,1.0,30.05184769413439,75.99084666095948,0.023111530634972996,35.28763423043897,0.21527955952833755,0.0,1.0217574662835802,0.0,0.0014223629052367004,2.6341659482460255e-07,0.40296024400208363,0.0,0.0,1.1574774845059288,lhs_candidate_000023_june2024_preflight,pa1_candidate_000023
2024-06-08T23:00,29.7,78.0,0.0,0.0,0.0,0.86,100740.0,25.4,0.94,0.0,30.4,0.151,0,0,0,1.0,29.8554057870825,77.69118615520874,0.023378979326384636,35.118391639848916,0.2152339599208991,0.0,0.93875520141644,0.0,0.0014986194112164013,2.418489436782579e-07,0.4026787649438217,0.0,0.0,1.1582278905385714,lhs_candidate_000023_june2024_preflight,pa1_candidate_000023
2024-06-09T00:00,29.4,79.0,0.0,0.0,0.0,0.98,100690.0,25.5,0.85,0.0,30.1,0.151,0,0,0,1.0,29.597321250320398,78.66545306777641,0.02334349072252862,34.94893716536249,0.21519178727977537,0.0,0.8845394163408229,0.0,0.001704926592800953,2.277341572662257e-07,0.4024184399986134,0.0,0.0,1.158639900878225,lhs_candidate_000023_june2024_preflight,pa1_candidate_000023
2024-06-09T01:00,29.1,81.0,0.0,0.0,0.0,1.14,100620.0,25.5,0.77,0.0,29.8,0.151,0,0,0,1.0,29.30337538690636,80.38891726175169,0.023477257193407545,34.77787179500177,0.21515267870693883,0.0,0.7994345088037673,0.0,0.0019474473065267336,2.0569951300661165e-07,0.402177029055178,0.0,0.0,1.158959677277527,lhs_candidate_000023_june2024_preflight,pa1_candidate_000023
2024-06-09T02:00,28.9,81.0,0.0,0.0,0.0,1.14,100550.0,25.4,0.74,0.0,29.5,0.151,0,0,0,1.0,29.06557923849059,80.75273412515415,0.023280384525161787,34.6054504990392,0.2151164613644274,0.0,0.7739100975822355,0.0,0.001925834643908841,1.9902122763289372e-07,0.4019534652125149,0.0,0.0,1.15906468904692,lhs_candidate_000023_june2024_preflight,pa1_candidate_000023
2024-06-09T03:00,28.8,82.0,0.0,0.0,0.0,0.99,100530.0,25.4,0.7,0.0,29.4,0.151,0,0,0,1.0,28.922600405351176,81.75459410320369,0.02338632661292979,34.43358916075441,0.21508166555580605,0.0,0.7275894831743348,0.0,0.0016709624603728406,1.870092841693725e-07,0.4017386762704077,0.0,0.0,1.1593826505034355,lhs_candidate_000023_june2024_preflight,pa1_candidate_000023
2024-06-09T04:00,28.7,83.0,0.0,0.0,0.0,0.92,100540.0,25.4,0.68,0.0,29.3,0.151,0,0,0,1.0,28.818317763185377,82.76849062342951,0.02354209146477952,34.26396989019526,0.21504905442825334,0.0,0.6830247057677732,0.0,0.0015617322818241176,1.7546701856459514e-07,0.4015373730139095,0.0,0.0,1.159898402035307,lhs_candidate_000023_june2024_preflight,pa1_candidate_000023
2024-06-09T05:00,28.7,82.0,0.0,0.0,0.0,0.85,100450.0,25.4,0.69,0.0,29.3,0.151,0,0,0,1.0,28.776471648866206,82.27608034660129,0.023348659512837953,34.09739263343837,0.21501728313669,0.0,0.7008434650927207,0.0,0.0014238683817715577,1.7995666744401066e-07,0.40134125393018516,0.0,0.0,1.1590207148788643,lhs_candidate_000023_june2024_preflight,pa1_candidate_000023
2024-06-09T06:00,28.7,82.0,13.0,4.0,9.0,1.22,100540.0,25.4,0.69,0.03,29.3,0.151,1,0,0,1.0,28.800227694324924,82.21539100792553,0.023361702213089895,33.93831160733707,0.21496561235924824,1460.6416,0.7042109038533426,11.049999999999999,0.002012207214201414,3.9330793768932155e-07,0.40102229851387805,0.0,0.0,1.159967892434848,lhs_candidate_000023_june2024_preflight,pa1_candidate_000023
2024-06-09T07:00,29.0,80.0,82.0,35.0,47.0,1.1,100520.0,25.3,0.78,0.07,29.6,0.15,0,0,0,1.0,29.153880509223743,82.19305889547499,0.02380978686370084,33.805534624659145,0.22118733044416602,8869.5728,0.7196562707903986,69.7,0.0018580652287886667,1.6719764401244625e-06,0.4394279657047286,0.0,0.0,1.1583804163418576,lhs_candidate_000023_june2024_preflight,pa1_candidate_000023
2024-06-09T08:00,29.7,75.0,175.0,54.0,121.0,0.71,100620.0,24.8,1.04,0.14,30.2,0.15,0,0,0,1.0,29.991002314441378,81.13397656274054,0.024594722351620222,33.72593288357988,0.22073597407552506,19657.070399999997,0.8000846146522069,148.75,0.0013932135446247476,3.3400771265698302e-06,0.4366418152810189,0.0,0.0,1.1563307624295227,lhs_candidate_000023_june2024_preflight,pa1_candidate_000023
2024-06-09T09:00,30.8,68.0,322.0,85.0,237.0,0.22,100670.0,24.1,1.44,0.25,31.3,0.15,0,1,0,1.0,31.384295420123443,74.15328348205878,0.024227439584072096,33.72704658272735,0.21990068910950455,36674.2288,1.186835221188741,273.7,0.0025780702234562036,5.994405131553334e-06,0.4314857352438553,0.0,0.0,1.1516123382032402,lhs_candidate_000023_june2024_preflight,pa1_candidate_000023
2024-06-09T10:00,32.4,60.0,570.0,267.0,303.0,0.4,100670.0,23.6,1.95,0.44,33.1,0.149,0,1,0,1.0,33.52531073473052,65.7214077937201,0.02405520043080127,33.85531110687135,0.21843055801614514,60820.2672,1.7757246316590551,484.5,0.0030853169716664863,1.0300157653695772e-05,0.42241085195151323,0.0,0.0,1.1435725007390618,lhs_candidate_000023_june2024_preflight,pa1_candidate_000023
2024-06-09T11:00,33.8,54.0,848.0,663.0,185.0,0.91,100610.0,23.3,2.4,0.66,35.0,0.147,0,1,0,1.0,35.93741309741903,57.31172102114343,0.023788010483196415,34.14964071993563,0.21616604131149464,81132.744,2.5274137409399704,720.8,0.003992167732108756,1.4786762359171385e-05,0.4084323537746583,0.0,0.0,1.1339718614910075,lhs_candidate_000023_june2024_preflight,pa1_candidate_000023
2024-06-09T12:00,34.4,53.0,868.0,685.0,183.0,1.6,100560.0,23.4,2.57,0.69,36.1,0.146,0,1,0,1.0,37.23647992569419,52.46408962142583,0.02327971610264619,34.546189724402936,0.2135153167806605,82822.3792,3.0214252565623694,737.8,0.004955868050850544,1.463811804071201e-05,0.3920698566707438,0.0,0.0,1.1286646364089368,lhs_candidate_000023_june2024_preflight,pa1_candidate_000023
2024-06-09T13:00,34.0,55.0,684.0,417.0,267.0,1.3,100560.0,23.7,2.39,0.55,36.1,0.144,0,1,0,1.0,36.8908798734155,52.91570263015945,0.023068139341201825,34.90584430911547,0.2111888663392765,69585.7008,2.9369378673366446,581.4,0.004646470404812448,1.1246955197200442e-05,0.37770905147701545,0.0,0.0,1.1299227497180826,lhs_candidate_000023_june2024_preflight,pa1_candidate_000023
2024-06-09T14:00,33.5,59.0,605.0,303.0,302.0,1.55,100480.0,24.3,2.15,0.49,35.9,0.143,0,1,0,1.0,36.08384905103311,56.28430182109219,0.023538853888038405,35.18110214703136,0.20931053942313,63865.08479999999,2.6091207593692447,514.25,0.004822870709031029,9.645258158749056e-06,0.3661144408835185,0.0,0.0,1.1319703437857358,lhs_candidate_000023_june2024_preflight,pa1_candidate_000023
2024-06-09T15:00,33.2,59.0,407.0,191.0,216.0,0.98,100430.0,24.2,2.06,0.33,35.3,0.143,0,1,0,1.0,35.17895210937697,57.386190031567004,0.022901163306732204,35.368117829593345,0.2078625083928924,43415.39839999999,2.4198393165572076,345.95,0.003993327204955003,6.482086450951385e-06,0.35717597773390364,0.0,0.0,1.1347275640025989,lhs_candidate_000023_june2024_preflight,pa1_candidate_000023
2024-06-09T16:00,32.0,64.0,331.0,155.0,176.0,0.81,100490.0,24.5,1.69,0.26,34.6,0.144,0,1,0,1.0,33.90666321560916,61.50180453666291,0.022966303867457558,35.46497321104271,0.20681245977899979,35320.102399999996,2.037200868595161,281.34999999999997,0.003809742490243891,5.191537178625463e-06,0.35069419616666536,0.0,0.0,1.1401100366646448,lhs_candidate_000023_june2024_preflight,pa1_candidate_000023
2024-06-09T17:00,30.1,75.0,193.0,111.0,82.0,0.64,100460.0,25.1,1.07,0.15,33.3,0.154,0,1,0,1.0,31.887110921450763,70.52219346683722,0.02366790412595235,35.474883318576204,0.20607300708009926,19868.9568,1.3926870526181951,164.04999999999998,0.0036229647262720566,3.033049855005799e-06,0.34612967333394606,0.0,0.0,1.1473157187022738,lhs_candidate_000023_june2024_preflight,pa1_candidate_000023
2024-06-09T18:00,30.0,74.0,30.0,8.0,22.0,0.64,100560.0,24.8,1.11,0.04,31.9,0.154,1,1,0,1.0,30.562657934676725,72.87042455572556,0.02278152798347135,35.37587275009191,0.20574072249632575,3414.0128,1.188800953914169,25.5,0.002904871746567069,6.827073876432504e-07,0.34407853392793675,0.0,0.0,1.1534660619477095,lhs_candidate_000023_june2024_preflight,pa1_candidate_000023
2024-06-09T19:00,29.6,75.0,0.0,0.0,0.0,0.63,100700.0,24.7,1.04,0.02,31.2,0.155,0,0,0,1.0,29.916710058638657,74.71508418669083,0.022558105782085967,35.21664056504862,0.21206023187578527,0.0,1.0677406831979916,0.0,0.0013125051924733576,2.6169611811615296e-07,0.38308785108509424,0.0,0.0,1.1575338094808583,lhs_candidate_000023_june2024_preflight,pa1_candidate_000023
2024-06-09T20:00,29.2,78.0,0.0,0.0,0.0,0.45,100790.0,24.9,0.9,0.0,30.6,0.155,0,0,0,1.0,29.461417704882006,77.32047444517926,0.02277581513261007,35.04311174865348,0.21201592092611288,0.0,0.9329758440435638,0.0,0.0010493853616272274,2.2850288768204446e-07,0.3828143267044005,0.0,0.0,1.1603114658116505,lhs_candidate_000023_june2024_preflight,pa1_candidate_000023
2024-06-09T21:00,29.0,79.0,0.0,0.0,0.0,0.51,100830.0,25.1,0.83,0.0,30.3,0.155,0,0,0,1.0,29.177868226803717,78.91182862372942,0.022889130573175993,34.866023721061225,0.21197684605111464,0.0,0.853445904502268,0.0,0.001031526606941851,2.0889284573728435e-07,0.3825731237723126,0.0,0.0,1.1618606258637347,lhs_candidate_000023_june2024_preflight,pa1_candidate_000023
2024-06-09T22:00,28.8,81.0,0.0,0.0,0.0,0.72,100810.0,25.3,0.75,0.0,30.0,0.155,0,0,0,1.0,28.968987121666547,80.56727592524334,0.023105028424210017,34.68866672780628,0.21194085077644406,0.0,0.7770182813216255,0.0,0.0013070986079042341,1.9007565646741444e-07,0.3823509307187905,0.0,0.0,1.162433302412201,lhs_candidate_000023_june2024_preflight,pa1_candidate_000023
2024-06-09T23:00,28.7,83.0,0.0,0.0,0.0,0.78,100850.0,25.4,0.68,0.0,29.8,0.155,0,0,0,1.0,28.82785194297967,82.57057526167502,0.023498016736766887,34.512254797630774,0.21190854973994352,0.0,0.6912509620781297,0.0,0.0013595794296207195,1.6900691534872165e-07,0.3821515416045897,0.0,0.0,1.1634380409234688,lhs_candidate_000023_june2024_preflight,pa1_candidate_000023
2024-06-10T00:00,28.5,84.0,0.0,0.0,0.0,0.76,100850.0,25.5,0.62,0.0,29.5,0.155,0,0,0,1.0,28.664230439682434,83.64530563583479,0.02359220318845602,34.337697016805166,0.21187929904590058,0.0,0.6425113118540287,0.0,0.001360317157994753,1.5701612661018108e-07,0.3819709817648184,0.0,0.0,1.1640687715585745,lhs_candidate_000023_june2024_preflight,pa1_candidate_000023
2024-06-10T01:00,28.2,86.0,0.0,0.0,0.0,0.86,100800.0,25.6,0.54,0.0,29.3,0.155,0,0,0,1.0,28.409797436497957,85.25434687560903,0.023713835876856864,34.16337658619395,0.21185250574868095,0.0,0.5708137680732115,0.0,0.0015390762920937389,1.3943436852447916e-07,0.38180559104124046,0.0,0.0,1.1644733076822917,lhs_candidate_000023_june2024_preflight,pa1_candidate_000023
2024-06-10T02:00,28.1,86.0,0.0,0.0,0.0,0.86,100750.0,25.5,0.54,0.0,29.1,0.156,0,0,0,1.0,28.235118261250754,85.77432471976128,0.023631310345608628,33.98867546559312,0.21182819113552198,0.0,0.5451260002609843,0.0,0.0014840704175827684,1.3310719559257302e-07,0.3816555008365555,0.0,0.0,1.1645702718430142,lhs_candidate_000023_june2024_preflight,pa1_candidate_000023
2024-06-10T03:00,28.0,86.0,0.0,0.0,0.0,0.86,100720.0,25.5,0.52,0.0,29.0,0.155,0,0,0,1.0,28.126252169506976,85.81700415421388,0.02350236582383399,33.81598861985488,0.21180436099354555,0.0,0.5400609969399301,0.0,0.0014774275376022643,1.318196124208994e-07,0.3815084011947256,0.0,0.0,1.1646441933842373,lhs_candidate_000023_june2024_preflight,pa1_candidate_000023
2024-06-10T04:00,28.0,87.0,0.0,0.0,0.0,0.86,100710.0,25.5,0.51,0.0,28.9,0.155,0,0,0,1.0,28.08378089705322,86.73395473007913,0.02369820659235503,33.646380707838176,0.21178135838736314,0.0,0.5038986390141393,0.0,0.0014450113436225705,1.2294722598128732e-07,0.381366409798538,0.0,0.0,1.1646927496398407,lhs_candidate_000023_june2024_preflight,pa1_candidate_000023
2024-06-10T05:00,28.0,87.0,0.0,0.0,0.0,0.81,100740.0,25.5,0.51,0.0,28.8,0.156,0,0,0,1.0,28.077356797138552,86.95168155869361,0.023749322815520058,33.481203685855355,0.2117595156108448,0.0,0.4954432419720618,0.0,0.0013634859488878312,1.208414383703061e-07,0.381231577844721,0.0,0.0,1.1650645402797961,lhs_candidate_000023_june2024_preflight,pa1_candidate_000023
2024-06-10T06:00,27.9,87.0,20.0,8.0,12.0,0.86,100780.0,25.6,0.49,0.02,28.8,0.156,1,0,0,1.0,28.064633132173995,87.22415118440911,0.023807114953530405,33.325003187472106,0.21171000815771673,2182.1888,0.4847385424243895,17.0,0.0015061546366809423,4.288662260031082e-07,0.3809259762822021,0.0,0.0,1.1655763760920839,lhs_candidate_000023_june2024_preflight,pa1_candidate_000023
2024-06-10T07:00,28.3,87.0,171.0,104.0,67.0,1.06,100790.0,25.9,0.49,0.12,29.4,0.157,0,0,0,1.0,28.651633211337465,90.17236159705078,0.025415667761485954,33.216125614929815,0.21780615754167623,17405.2208,0.3858073885329172,145.35,0.0019160744845786986,3.022511511737241e-06,0.4185565280350385,0.0,0.0,1.1634247764412133,lhs_candidate_000023_june2024_preflight,pa1_candidate_000023
2024-06-10T08:00,28.9,83.0,310.0,175.0,135.0,0.67,100860.0,25.7,0.67,0.22,30.2,0.158,0,0,0,1.0,29.693716563016583,89.40666024717879,0.026669874347478438,33.194176170147415,0.21705181318275105,32029.624000000003,0.44164596939524126,263.5,0.0017075201870930241,5.350188948093026e-06,0.4139000813750065,0.0,0.0,1.1602266726577155,lhs_candidate_000023_june2024_preflight,pa1_candidate_000023
2024-06-10T09:00,30.1,75.0,416.0,136.0,280.0,0.81,100900.0,25.2,1.07,0.31,31.1,0.158,0,1,0,1.0,31.06924146463598,78.0079927270006,0.025060472944661048,33.25425328599499,0.21592388501638418,46459.07199999999,0.9919126178111686,353.59999999999997,0.00334545142773123,7.162780996400043e-06,0.406937561829532,0.0,0.0,1.1554387699359758,lhs_candidate_000023_june2024_preflight,pa1_candidate_000023
2024-06-10T10:00,31.0,67.0,571.0,219.0,352.0,0.63,100900.0,24.2,1.47,0.43,32.4,0.157,0,1,0,1.0,32.56527802301681,69.75401362649124,0.024269123427195432,33.40387361791189,0.214409426542364,62632.20479999999,1.484709505718063,485.34999999999997,0.003501221916245651,9.63708788009297e-06,0.397589052730642,0.0,0.0,1.1497845590899458,lhs_candidate_000023_june2024_preflight,pa1_candidate_000023
2024-06-10T11:00,32.1,62.0,623.0,242.0,381.0,0.54,100860.0,23.9,1.83,0.48,33.5,0.156,0,1,0,1.0,33.93255827701626,64.05181351021479,0.023951052081972447,33.62774465488041,0.21261455660153944,68228.49440000001,1.9050088870196418,529.55,0.0035708679729635553,1.0292209491847983e-05,0.38650960865147804,0.0,0.0,1.1442113794240305,lhs_candidate_000023_june2024_preflight,pa1_candidate_000023
2024-06-10T12:00,32.8,60.0,663.0,289.0,374.0,0.45,100800.0,23.9,2.0,0.52,34.5,0.154,0,1,0,1.0,34.96400578203647,60.88114823352861,0.024025865516655524,33.89332380959919,0.2107273008608823,71502.21759999999,2.1951563151128197,563.55,0.0036783613915562915,1.0663143895520138e-05,0.37485988185729807,0.0,0.0,1.1397026042149292,lhs_candidate_000023_june2024_preflight,pa1_candidate_000023
2024-06-10T13:00,33.2,59.0,685.0,388.0,297.0,0.58,100740.0,24.0,2.1,0.54,35.1,0.153,0,1,0,1.0,35.610883876000145,58.804622842104195,0.02399891638039057,34.184071559933855,0.20880408439343145,70729.1728,2.3956459130718373,582.25,0.0038614290603451095,1.0697713642495378e-05,0.3629881752680954,0.0,0.0,1.1366378653958618,lhs_candidate_000023_june2024_preflight,pa1_candidate_000023
2024-06-10T14:00,32.8,60.0,480.0,144.0,336.0,0.89,100680.0,24.1,1.98,0.39,34.8,0.152,0,1,0,1.0,35.07775900110749,58.03941693929681,0.023040347491241796,34.42915717769929,0.20717372178147675,54061.2864,2.369468569415926,408.0,0.004035313606358615,7.444345258427937e-06,0.3529242085276343,0.0,0.0,1.1379257023601557,lhs_candidate_000023_june2024_preflight,pa1_candidate_000023
2024-06-10T15:00,32.7,60.0,434.0,166.0,268.0,1.06,100640.0,23.8,1.99,0.35,34.6,0.151,0,1,0,1.0,34.52870983854602,58.82688517902613,0.022694353758299656,34.5957564371204,0.2059104078253838,47620.8832,2.2554065707890927,368.9,0.004012526302128362,6.607155571143584e-06,0.34512597423076424,0.0,0.0,1.1395034150613146,lhs_candidate_000023_june2024_preflight,pa1_candidate_000023
2024-06-10T16:00,32.2,61.0,288.0,112.0,176.0,1.21,100670.0,23.7,1.88,0.24,34.0,0.151,0,1,0,1.0,33.74493175583054,59.302717771535114,0.021957899551417536,34.70219198025371,0.20491690469906937,31536.102399999996,2.1342388765998304,244.79999999999998,0.004062341535633929,4.444838041038099e-06,0.33899323888314425,0.0,0.0,1.142754134144093,lhs_candidate_000023_june2024_preflight,pa1_candidate_000023
2024-06-10T17:00,31.2,66.0,128.0,44.0,84.0,0.73,100610.0,24.1,1.54,0.11,33.1,0.153,0,1,0,1.0,32.387939085017926,63.78292890955093,0.02198388984155261,34.71333530959314,0.20432603658907333,14219.3216,1.760152338165954,108.8,0.003384724952220596,2.1283569174483173e-06,0.33534590487082305,0.0,0.0,1.1471453602231452,lhs_candidate_000023_june2024_preflight,pa1_candidate_000023
2024-06-10T18:00,30.9,68.0,53.0,21.0,32.0,0.32,100690.0,24.3,1.42,0.04,32.2,0.152,1,1,0,1.0,31.444731288941473,67.2702298949125,0.022049742669877265,34.64369086284791,0.20404159836016633,5789.8368,1.5080566657652534,45.05,0.00259942111206005,1.0429690935398167e-06,0.3335901133343601,0.0,0.0,1.1516125863381097,lhs_candidate_000023_june2024_preflight,pa1_candidate_000023
2024-06-10T19:00,30.5,71.0,0.0,0.0,0.0,0.7,100800.0,24.6,1.26,0.03,31.4,0.152,0,0,0,1.0,30.81849231370636,70.60888524822064,0.02238026899086697,34.53127373243837,0.21032044656609936,0.0,1.3068395822816887,0.0,0.0014013692285843049,3.1131849642855744e-07,0.3723484355932059,0.0,0.0,1.1552458352245032,lhs_candidate_000023_june2024_preflight,pa1_candidate_000023
2024-06-10T20:00,30.1,74.0,0.0,0.0,0.0,0.71,100860.0,24.9,1.13,0.0,30.9,0.152,0,0,0,1.0,30.335957530855463,73.46174615857842,0.0226876169782002,34.397513446148494,0.210267804480707,0.0,1.1479164632209073,0.0,0.0013484770607294593,2.7322079535291943e-07,0.3720234844488087,0.0,0.0,1.1577713857402494,lhs_candidate_000023_june2024_preflight,pa1_candidate_000023
2024-06-10T21:00,29.8,76.0,0.0,0.0,0.0,0.76,100940.0,25.2,1.0,0.0,30.4,0.152,0,0,0,1.0,29.99127867703899,75.67002675177815,0.022938738906464678,34.25828965343977,0.21022129171641926,0.0,1.0318202945672685,0.0,0.001381607583248766,2.4539868341508193e-07,0.371736368619872,0.0,0.0,1.1600071630922335,lhs_candidate_000023_june2024_preflight,pa1_candidate_000023
2024-06-10T22:00,29.5,79.0,0.0,0.0,0.0,0.81,101000.0,25.4,0.87,0.0,30.1,0.152,0,0,0,1.0,29.689942011636617,78.38741835011925,0.023378068660201475,34.115832818884776,0.21017985603596065,0.0,0.9008526804332089,0.0,0.0014519210166324696,2.1410312965175671e-07,0.3714805928145719,0.0,0.0,1.1618516209434107,lhs_candidate_000023_june2024_preflight,pa1_candidate_000023
2024-06-10T23:00,29.2,81.0,0.0,0.0,0.0,0.85,101040.0,25.6,0.77,0.0,29.8,0.152,0,0,0,1.0,29.39316635524846,80.47302644423453,0.023616756677765745,33.97063153567787,0.2101435940966882,0.0,0.8001361860288765,0.0,0.0015120614271341855,1.900515365489946e-07,0.37125675368326055,0.0,0.0,1.1634519143124968,lhs_candidate_000023_june2024_preflight,pa1_candidate_000023
2024-06-11T00:00,28.9,83.0,0.0,0.0,0.0,0.82,101030.0,25.7,0.69,0.0,29.5,0.152,0,0,0,1.0,29.09692546709676,82.40128815178362,0.02379622717654994,33.822802411217,0.21011135284787605,0.0,0.7089058872468033,0.0,0.0014718462409981157,1.6829188748116318e-07,0.3710577336288645,0.0,0.0,1.164476986417206,lhs_candidate_000023_june2024_preflight,pa1_candidate_000023
2024-06-11T01:00,28.6,84.0,0.0,0.0,0.0,0.92,100990.0,25.6,0.63,0.0,29.2,0.152,0,0,0,1.0,28.799858823775697,83.49646685821519,0.023725245486823553,33.67242075407338,0.21008235682577883,0.0,0.6534706432347077,0.0,0.00161881131190744,1.550569147134043e-07,0.37087874583814096,0.0,0.0,1.1651611355167772,lhs_candidate_000023_june2024_preflight,pa1_candidate_000023
2024-06-11T02:00,28.5,83.0,0.0,0.0,0.0,1.02,100970.0,25.4,0.65,0.0,29.0,0.151,0,0,0,1.0,28.62019449912294,83.0126157947166,0.02335749285775165,33.52058313820204,0.21005441526693766,0.0,0.6656664720759093,0.0,0.0017152339870821374,1.5787731143374794e-07,0.37070626707986215,0.0,0.0,1.1656239499971182,lhs_candidate_000023_june2024_preflight,pa1_candidate_000023
2024-06-11T03:00,28.4,83.0,0.0,0.0,0.0,1.02,100940.0,25.3,0.65,0.0,28.7,0.151,0,0,0,1.0,28.510773241358887,82.8997263098442,0.02318662462886625,33.37005710450217,0.21002592356538974,0.0,0.665852509862201,0.0,0.0017091316791605117,1.5784651145884706e-07,0.370530392378949,0.0,0.0,1.1657003027468607,lhs_candidate_000023_june2024_preflight,pa1_candidate_000023
2024-06-11T04:00,28.3,84.0,0.0,0.0,0.0,1.02,100950.0,25.2,0.63,0.0,28.4,0.151,0,0,0,1.0,28.409450455220536,83.73163970798365,0.023289846530406916,33.22145302425424,0.20999820493946167,0.0,0.6297460633685374,0.0,0.0017082931371211229,1.4921820607070392e-07,0.3703592897497634,0.0,0.0,1.166207496730114,lhs_candidate_000023_june2024_preflight,pa1_candidate_000023
2024-06-11T05:00,28.1,85.0,0.0,0.0,0.0,1.12,101000.0,25.2,0.59,0.0,28.1,0.151,0,0,0,1.0,28.249457938904847,84.57194799528236,0.023318366043159105,33.074265291436554,0.20997214526305577,0.0,0.5916938396980616,0.0,0.001886185958874952,1.4014084378875832e-07,0.370198427549727,0.0,0.0,1.1674044801498986,lhs_candidate_000023_june2024_preflight,pa1_candidate_000023
2024-06-11T06:00,27.9,86.0,22.0,9.0,13.0,1.12,101060.0,25.3,0.54,0.02,28.2,0.151,1,0,0,1.0,28.108892237095805,85.8038272016049,0.023476390407041796,32.93244681806725,0.20991815163959865,2393.3712,0.5400171105167368,18.7,0.0019210592824937848,4.596649152918849e-07,0.36986513357776946,0.0,0.0,1.1686430157018317,lhs_candidate_000023_june2024_preflight,pa1_candidate_000023
2024-06-11T07:00,29.0,77.0,166.0,97.0,69.0,0.98,101050.0,24.6,0.91,0.12,29.8,0.151,0,0,0,1.0,29.056793581401408,82.88589974203204,0.02388393045113416,32.83806811130044,0.21601955033584788,17035.5856,0.6877888672203132,141.1,0.001610894903718561,2.9385000712939703e-06,0.4075280884928882,0.0,0.0,1.1648621760706515,lhs_candidate_000023_june2024_preflight,pa1_candidate_000023
2024-06-11T08:00,30.7,65.0,413.0,333.0,80.0,0.5,101040.0,23.5,1.53,0.3,31.1,0.15,0,1,0,1.0,31.244712955324776,75.43168655587418,0.024461719419707352,32.869625981964184,0.21512137322224692,39158.592000000004,1.1192247794828445,351.05,0.002747394990580085,7.0591425512388825e-06,0.4019837853225119,0.0,0.0,1.1563749667026555,lhs_candidate_000023_june2024_preflight,pa1_candidate_000023
2024-06-11T09:00,32.1,59.0,625.0,528.0,97.0,0.32,101030.0,23.0,1.96,0.46,32.9,0.149,0,1,0,1.0,33.55239504501409,63.423231320502474,0.023247127219487667,33.05528015403254,0.21353586483522724,58412.6928,1.8976457226147736,531.25,0.003245354978258344,1.0473793532838893e-05,0.39219669651374844,0.0,0.0,1.1475606144847166,lhs_candidate_000023_june2024_preflight,pa1_candidate_000023
2024-06-11T10:00,33.1,55.0,798.0,694.0,104.0,0.36,101000.0,22.9,2.28,0.61,34.4,0.148,0,1,0,1.0,35.42042474477238,57.3547423678751,0.023177308743810375,33.368699567293994,0.21142449788663203,73882.9696,2.454089621870976,678.3,0.003710109275982294,1.2936104683502092e-05,0.37916356720143235,0.0,0.0,1.1402747940074234,lhs_candidate_000023_june2024_preflight,pa1_candidate_000023
2024-06-11T11:00,34.0,52.0,884.0,761.0,123.0,0.28,100930.0,22.9,2.52,0.68,35.7,0.146,0,1,0,1.0,36.83501481166947,53.039751813765044,0.023056051521446547,33.76755934485939,0.20901433672607858,82119.43519999999,2.92029173568862,751.4,0.003908666053378184,1.3814950290382882e-05,0.3642860291733246,0.0,0.0,1.134284564599154,lhs_candidate_000023_june2024_preflight,pa1_candidate_000023
2024-06-11T12:00,34.6,51.0,878.0,743.0,135.0,0.36,100840.0,23.1,2.68,0.69,36.5,0.145,0,1,0,1.0,37.690559649963085,50.691661107463815,0.0230208960372597,34.19884210905848,0.20658043015924582,82013.624,3.2122952871909423,746.3,0.004037772977111171,1.3224963763917648e-05,0.34926191456324585,0.0,0.0,1.130153940418927,lhs_candidate_000023_june2024_preflight,pa1_candidate_000023
2024-06-11T13:00,34.9,51.0,795.0,636.0,159.0,0.51,100740.0,23.3,2.73,0.63,36.8,0.143,0,1,0,1.0,37.94278816538348,49.790499834552975,0.022903983396365846,34.610657203916,0.20434878895771635,75554.0016,3.3159813613030944,675.75,0.0040802434231131095,1.1589893888949662e-05,0.3354863515908417,0.0,0.0,1.1281178005964714,lhs_candidate_000023_june2024_preflight,pa1_candidate_000023
2024-06-11T14:00,35.2,50.0,708.0,556.0,152.0,0.86,100680.0,23.2,2.84,0.57,36.8,0.142,0,1,0,1.0,37.95156223954173,48.68601480145018,0.022405912563953155,34.97526274211264,0.20240394386662533,67651.7248,3.390533595629972,601.8,0.004190046053060917,1.0042743914093192e-05,0.32348113497916875,0.0,0.0,1.127414104330885,lhs_candidate_000023_june2024_preflight,pa1_candidate_000023
2024-06-11T15:00,34.4,52.0,596.0,457.0,139.0,1.22,100640.0,23.2,2.6,0.48,36.5,0.141,0,1,0,1.0,37.174809138001855,49.24966153310607,0.021784542838098716,35.27843823402356,0.20075781504294332,57338.3536,3.21493610206017,506.59999999999997,0.004525204503770341,8.260816136992185e-06,0.3133198459440946,0.0,0.0,1.12978701759797,lhs_candidate_000023_june2024_preflight,pa1_candidate_000023
2024-06-11T16:00,33.0,58.0,321.0,186.0,135.0,1.08,100670.0,23.8,2.09,0.27,35.4,0.141,0,1,0,1.0,35.23875181131897,54.291918540609586,0.02173373342180192,35.456441024663306,0.19961045083561538,32997.624,2.6041282824898273,272.84999999999997,0.0041956784362958115,4.519588771092776e-06,0.306237350837132,0.0,0.0,1.1372186889177338,lhs_candidate_000023_june2024_preflight,pa1_candidate_000023
2024-06-11T17:00,32.7,60.0,204.0,103.0,101.0,0.71,100670.0,24.0,1.97,0.16,34.5,0.141,0,1,0,1.0,33.91877289343407,58.573656463380814,0.021886759683036824,35.50129189161953,0.1989414626060972,21505.4224,2.193628575282795,173.4,0.0033798186110416727,2.9376458768918656e-06,0.30210779386479764,0.0,0.0,1.1421071856549685,lhs_candidate_000023_june2024_preflight,pa1_candidate_000023
2024-06-11T18:00,32.1,64.0,78.0,48.0,30.0,0.99,100720.0,24.4,1.72,0.07,33.5,0.141,1,1,0,1.0,32.90208091788613,62.36632493327268,0.0220890814142756,35.467361568282996,0.1985592087178607,7919.472,1.8826568799644723,66.3,0.0034579453437492023,1.3146407660943075e-06,0.2997482019621031,0.0,0.0,1.1464703544620654,lhs_candidate_000023_june2024_preflight,pa1_candidate_000023
2024-06-11T19:00,31.3,69.0,0.0,0.0,0.0,0.86,100790.0,25.0,1.4,0.03,32.6,0.14,0,1,0,1.0,31.805389843858467,67.39777836417974,0.022521021414799346,35.36488726084454,0.2048068991161671,0.0,1.5331961388962552,0.0,0.0031253070075375096,3.3185704677981203e-07,0.33831419207510555,0.0,0.0,1.1513929884245482,lhs_candidate_000023_june2024_preflight,pa1_candidate_000023
2024-06-11T20:00,30.7,73.0,0.0,0.0,0.0,0.3,100860.0,25.3,1.2,0.0,31.9,0.14,0,0,0,1.0,31.040109962224875,72.07329224255525,0.02311778031087046,35.226241958995615,0.20475295339786315,0.0,1.2575009075292658,0.0,0.0009914206201732288,2.7191549312063223e-07,0.33798119381397007,0.0,0.0,1.155091326430168,lhs_candidate_000023_june2024_preflight,pa1_candidate_000023
2024-06-11T21:00,30.4,75.0,0.0,0.0,0.0,0.45,100900.0,25.6,1.07,0.0,31.4,0.14,0,0,0,1.0,30.60858337082972,74.75128052730734,0.023427369836655932,35.078104937619074,0.20470726931382935,0.0,1.1092885188431287,0.0,0.0009910083123774135,2.3966667559723974e-07,0.3376991932952429,0.0,0.0,1.157191024029875,lhs_candidate_000023_june2024_preflight,pa1_candidate_000023
2024-06-11T22:00,30.1,78.0,0.0,0.0,0.0,0.54,100940.0,25.9,0.93,0.0,31.0,0.14,0,0,0,1.0,30.297082791879298,77.41072245793141,0.023857135800157307,34.92618265988823,0.20466668217725484,0.0,0.9749317084088793,0.0,0.0010890922125967018,2.1048202246134686e-07,0.33744865541515334,0.0,0.0,1.1588381455473815,lhs_candidate_000023_june2024_preflight,pa1_candidate_000023
2024-06-11T23:00,29.8,81.0,0.0,0.0,0.0,0.73,100930.0,26.2,0.8,0.0,30.6,0.14,0,0,0,1.0,29.998440646231302,80.26540998616434,0.024341213814343423,34.77168303737531,0.20463149328568114,0.0,0.8372766026951215,0.0,0.0013452923300380335,1.806467376277677e-07,0.33723144003506883,0.0,0.0,1.1598648398400988,lhs_candidate_000023_june2024_preflight,pa1_candidate_000023
2024-06-12T00:00,29.6,83.0,0.0,0.0,0.0,0.92,100900.0,26.4,0.7,0.0,30.3,0.14,0,0,0,1.0,29.759725333278688,82.44545048094321,0.024681457309519504,34.61531037698997,0.20460109851809485,0.0,0.7346470098855509,0.0,0.0015906220006106737,1.5841568941902478e-07,0.3370438180129312,0.0,0.0,1.1604338743564826,lhs_candidate_000023_june2024_preflight,pa1_candidate_000023
2024-06-12T01:00,29.3,85.0,0.0,0.0,0.0,1.04,100870.0,26.4,0.62,0.0,29.8,0.14,0,0,0,1.0,29.496997003199574,84.27625144505458,0.02487272222982881,34.45796655613971,0.2045742626094511,0.0,0.648160072187093,0.0,0.0017938053961395405,1.3969737535757196e-07,0.3368781642558711,0.0,0.0,1.1610959243579655,lhs_candidate_000023_june2024_preflight,pa1_candidate_000023
2024-06-12T02:00,29.0,87.0,0.0,0.0,0.0,0.98,100860.0,26.7,0.51,0.0,29.4,0.14,0,0,0,1.0,29.20394619086309,86.19663370673406,0.02503765159864032,34.29863905241871,0.20455084522915637,0.0,0.55946850850022,0.0,0.0017094073215364594,1.2053001927823145e-07,0.33673361252565664,0.0,0.0,1.162106074783631,lhs_candidate_000023_june2024_preflight,pa1_candidate_000023
2024-06-12T03:00,29.0,87.0,0.0,0.0,0.0,1.04,100850.0,26.6,0.52,0.0,29.1,0.14,0,0,0,1.0,29.085120121550418,86.82906312115958,0.02505879022075212,34.1386938487927,0.20452994224999557,0.0,0.530186039157464,0.0,0.0017232264705911292,1.1417773449729564e-07,0.33660458179009617,0.0,0.0,1.1624477007355125,lhs_candidate_000023_june2024_preflight,pa1_candidate_000023
2024-06-12T04:00,28.8,88.0,0.0,0.0,0.0,1.02,100870.0,26.6,0.48,0.0,28.9,0.14,0,0,0,1.0,28.952061024926884,87.48572945827026,0.02506596599699921,33.98115913869716,0.20450988198962164,0.0,0.4998942737769414,0.0,0.0017356954953993392,1.0761467535417075e-07,0.3364807530223558,0.0,0.0,1.1631903256383203,lhs_candidate_000023_june2024_preflight,pa1_candidate_000023
2024-06-12T05:00,28.7,88.0,0.0,0.0,0.0,1.1,100970.0,26.5,0.47,0.0,28.7,0.14,0,0,0,1.0,28.81906073973324,87.70281049057442,0.02494658611893961,33.82469829936014,0.20449084542256168,0.0,0.4874584805627378,0.0,0.0018371921898803203,1.0490091407236738e-07,0.33636324334914625,0.0,0.0,1.16485631091405,lhs_candidate_000023_june2024_preflight,pa1_candidate_000023
2024-06-12T06:00,28.6,88.0,23.0,11.0,12.0,1.5,101010.0,26.4,0.48,0.02,28.7,0.14,1,0,0,1.0,28.77088628494708,87.79597228000357,0.02490752457445605,33.675710164527466,0.20444372933374796,2446.1888,0.48241857694398504,19.55,0.002482733589173698,4.189902764191213e-07,0.33607240329474053,0.0,0.0,1.1655037151583776,lhs_candidate_000023_june2024_preflight,pa1_candidate_000023
2024-06-12T07:00,29.9,77.0,180.0,126.0,54.0,1.22,101070.0,25.5,0.97,0.13,30.4,0.14,0,0,0,1.0,29.918003061045155,81.90227633850057,0.024729804729071596,33.580594902927686,0.2105499070644882,17739.849599999998,0.7642940172227375,153.0,0.001966159269232207,2.926765618852429e-06,0.3737648584227667,0.0,0.0,1.1617819562311862,lhs_candidate_000023_june2024_preflight,pa1_candidate_000023
2024-06-12T08:00,31.8,64.0,398.0,300.0,98.0,1.03,101090.0,24.1,1.7,0.3,31.9,0.139,0,0,0,1.0,32.25868192421829,72.19876202538498,0.024714340861496934,33.61235246970628,0.20971871966174827,38471.8752,1.341332663980698,338.3,0.0019330123831622719,6.300351583167907e-06,0.36863407198610043,0.0,0.0,1.1531060922082736,lhs_candidate_000023_june2024_preflight,pa1_candidate_000023
2024-06-12T09:00,33.1,57.0,622.0,521.0,101.0,0.64,101080.0,23.3,2.19,0.47,33.9,0.138,0,1,0,1.0,34.58613212457314,59.9696152677576,0.0232046502033965,33.79646208025161,0.20827775686804276,58289.422399999996,2.1998026649216196,528.6999999999999,0.003462318980526886,9.632528013171745e-06,0.3597392399261899,0.0,0.0,1.1442717895121333,lhs_candidate_000023_june2024_preflight,pa1_candidate_000023
2024-06-12T10:00,34.0,54.0,784.0,670.0,114.0,0.41,101070.0,23.3,2.47,0.6,35.4,0.137,0,1,0,1.0,36.370653810299004,55.07729185740984,0.023377106371751784,34.107769650186526,0.20635116421889885,73002.7936,2.723613286625071,666.4,0.0037512168186141746,1.1729010631831021e-05,0.34784669270925217,0.0,0.0,1.1375620112354015,lhs_candidate_000023_june2024_preflight,pa1_candidate_000023
2024-06-12T11:00,34.7,52.0,895.0,763.0,132.0,0.41,100980.0,23.3,2.67,0.7,36.6,0.136,0,1,0,1.0,37.68043120033373,51.651819435743306,0.02344482961695161,34.50537340186492,0.20413417539163356,83404.0768,3.1480152560259467,760.75,0.004011407430216117,1.2871136092071271e-05,0.3341615764915652,0.0,0.0,1.1317598533752444,lhs_candidate_000023_june2024_preflight,pa1_candidate_000023
2024-06-12T12:00,35.4,49.0,946.0,823.0,123.0,0.61,100910.0,23.2,2.9,0.75,37.5,0.134,0,1,0,1.0,38.69254716116332,47.94402422465734,0.022909731136711825,34.95354794436443,0.2017983103371423,87575.43519999999,3.5798363570516,804.1,0.004226819177261527,1.3069183954392137e-05,0.31974265640211297,0.0,0.0,1.1273046172992611,lhs_candidate_000023_june2024_preflight,pa1_candidate_000023
2024-06-12T13:00,35.6,49.0,877.0,712.0,165.0,0.71,100830.0,23.2,2.96,0.7,37.9,0.133,0,1,0,1.0,39.01455733531328,46.71725162169218,0.02268975520680466,35.40113779734815,0.19957231214745258,82981.096,3.7281591286019213,745.4499999999999,0.0043297320880528,1.1675416936557188e-05,0.30600192683612704,0.0,0.0,1.1252489686608846,lhs_candidate_000023_june2024_preflight,pa1_candidate_000023
2024-06-12T14:00,34.8,52.0,672.0,559.0,113.0,0.64,100750.0,23.6,2.64,0.53,37.4,0.133,0,1,0,1.0,38.05426810284837,48.46536578951113,0.02242117609955544,35.76893614777845,0.19773968176049433,63111.61119999999,3.4240755819777915,571.1999999999999,0.004231794839856876,8.722510571629511e-06,0.2946893935832984,0.0,0.0,1.127825627979333,lhs_candidate_000023_june2024_preflight,pa1_candidate_000023
2024-06-12T15:00,34.6,53.0,591.0,482.0,109.0,1.08,100770.0,23.7,2.56,0.47,37.0,0.132,0,1,0,1.0,37.205299475008715,50.24608285175845,0.0222599913872249,36.03861611552089,0.19628519947628972,55842.8816,3.157046156623444,502.34999999999997,0.004328456187128762,7.464052310046431e-06,0.28571110787833165,0.0,0.0,1.1311352632597371,lhs_candidate_000023_june2024_preflight,pa1_candidate_000023
2024-06-12T16:00,32.9,61.0,391.0,281.0,110.0,0.94,100740.0,24.2,1.97,0.31,36.1,0.133,0,1,0,1.0,35.44913996202481,56.20534985218091,0.02274667864484814,36.21295743324197,0.19517413442345952,38278.064000000006,2.524223553357736,332.34999999999997,0.004186014967413311,4.89731204220923e-06,0.27885268162629334,0.0,0.0,1.137233603469352,lhs_candidate_000023_june2024_preflight,pa1_candidate_000023
2024-06-12T17:00,32.8,61.0,245.0,171.0,74.0,0.1,100720.0,24.2,1.95,0.17,35.1,0.133,0,1,0,1.0,34.1949114102573,59.40329340767005,0.022520280836361276,36.266165589623604,0.19445464905875276,24163.4976,2.1829903391827967,208.25,0.0031429062311268395,3.1253434099643497e-06,0.2744114139429183,0.0,0.0,1.1416477861428207,lhs_candidate_000023_june2024_preflight,pa1_candidate_000023
2024-06-12T18:00,32.2,64.0,83.0,52.0,31.0,0.92,100740.0,24.4,1.74,0.07,34.0,0.133,1,1,0,1.0,33.1031324950794,62.09590841481882,0.022228126719114887,36.22634023576649,0.19406096527481753,8394.654400000001,1.9176891750893819,70.55,0.003427998560844709,1.2544214296707969e-06,0.2719812671285033,0.0,0.0,1.145945215669574,lhs_candidate_000023_june2024_preflight,pa1_candidate_000023
2024-06-12T19:00,31.5,69.0,0.0,0.0,0.0,0.71,100790.0,25.1,1.43,0.03,33.0,0.133,0,0,0,1.0,31.99526614592072,67.39281642065828,0.02274830763609582,36.10739936179865,0.20031547746780962,0.0,1.549983650798063,0.0,0.0015449190140350048,3.0799723067410393e-07,0.3105893670852446,0.0,0.0,1.1506765354196442,lhs_candidate_000023_june2024_preflight,pa1_candidate_000023
2024-06-12T20:00,31.1,72.0,0.0,0.0,0.0,0.64,100870.0,25.4,1.26,0.0,32.3,0.132,0,0,0,1.0,31.36364811556511,71.32135126160254,0.023276466959792675,35.95320475007243,0.20026474632342123,0.0,1.3153297730810967,0.0,0.001278610595846114,2.611056333596941e-07,0.31027621187297055,0.0,0.0,1.1539784732611813,lhs_candidate_000023_june2024_preflight,pa1_candidate_000023
2024-06-12T21:00,30.7,75.0,0.0,0.0,0.0,0.71,100900.0,25.7,1.12,0.0,31.8,0.132,0,0,0,1.0,30.943944914828077,74.29666604072743,0.023708310715400117,35.79225917808021,0.20022076433412347,0.0,1.1510659880363892,0.0,0.0013546222967439313,2.2829775231490543e-07,0.3100047181118733,0.0,0.0,1.1559148481144734,lhs_candidate_000023_june2024_preflight,pa1_candidate_000023
2024-06-12T22:00,30.4,78.0,0.0,0.0,0.0,0.72,100910.0,26.1,0.96,0.0,31.3,0.132,0,0,0,1.0,30.605646911448847,77.28161864591067,0.02421656208782948,35.62718585359615,0.20018245656375866,0.0,0.9979521768469817,0.0,0.0013370144210410263,1.9777880260893793e-07,0.309768250393572,0.0,0.0,1.1573168988282998,lhs_candidate_000023_june2024_preflight,pa1_candidate_000023
2024-06-12T23:00,30.1,81.0,0.0,0.0,0.0,0.76,100920.0,26.5,0.82,0.0,30.9,0.132,0,0,0,1.0,30.304789729435644,80.19497806240783,0.02472548813981825,35.459675653127384,0.2001494341201167,0.0,0.8551429731004649,0.0,0.0013922393357354748,1.693646871784867e-07,0.3095644081488686,0.0,0.0,1.1585791106971801,lhs_candidate_000023_june2024_preflight,pa1_candidate_000023
2024-06-13T00:00,29.8,84.0,0.0,0.0,0.0,0.72,100900.0,26.8,0.67,0.0,30.4,0.132,0,0,0,1.0,30.00820823935433,83.09637626124717,0.02521303932871179,35.29013864546445,0.20012142251526324,0.0,0.7175694988054659,0.0,0.0013394714248230926,1.4203829636050943e-07,0.30939149700779783,0.0,0.0,1.1594827274847441,lhs_candidate_000023_june2024_preflight,pa1_candidate_000023
2024-06-13T01:00,29.3,87.0,0.0,0.0,0.0,0.95,100810.0,27.0,0.52,0.0,29.9,0.132,0,0,0,1.0,29.592072042867276,85.77258928022167,0.025445245550072833,35.1176126874947,0.20009812975471736,0.0,0.5896964033610455,0.0,0.001722885707809053,1.1667238836658852e-07,0.3092477145352924,0.0,0.0,1.1600408544192704,lhs_candidate_000023_june2024_preflight,pa1_candidate_000023
2024-06-13T02:00,29.4,86.0,0.0,0.0,0.0,1.1,100800.0,26.8,0.57,0.0,29.4,0.132,0,0,0,1.0,29.460640362196944,86.01298435096164,0.02533524502332733,34.942562345842646,0.20007779224474886,0.0,0.5753631628434559,0.0,0.001801372284286175,1.137903211821583e-07,0.30912217435030165,0.0,0.0,1.1604295683872075,lhs_candidate_000023_june2024_preflight,pa1_candidate_000023
2024-06-13T03:00,29.2,86.0,0.0,0.0,0.0,1.2,100740.0,26.7,0.55,0.0,29.1,0.132,0,0,0,1.0,29.353636687670363,85.60911210845728,0.025070173404301573,34.7710564406767,0.2000569832098224,0.0,0.5883384614756597,0.0,0.002010681781507289,1.1630811278293153e-07,0.30899372351742227,0.0,0.0,1.1601490673280908,lhs_candidate_000023_june2024_preflight,pa1_candidate_000023
2024-06-13T04:00,28.6,90.0,0.0,0.0,0.0,1.3,100750.0,26.8,0.39,0.0,28.9,0.132,0,0,0,1.0,28.924827938593246,88.4414512994588,0.02530220906598224,34.59859715879103,0.20003796905675528,0.0,0.46099066237577757,0.0,0.0022509741616117953,9.109822160619646e-08,0.3088763522021931,0.0,0.0,1.1619112770769928,lhs_candidate_000023_june2024_preflight,pa1_candidate_000023
2024-06-13T05:00,28.2,92.0,0.0,0.0,0.0,1.1,100780.0,26.7,0.32,0.0,28.6,0.132,0,0,0,1.0,28.47005104536618,90.78393697198317,0.025335304368404907,34.42006079157606,0.2000235625395711,0.0,0.3580094283700954,0.0,0.0019266767036905726,7.072731607155384e-08,0.3087874230837722,0.0,0.0,1.1640096846853834,lhs_candidate_000023_june2024_preflight,pa1_candidate_000023
2024-06-13T06:00,28.3,92.0,24.0,13.0,11.0,1.22,100880.0,26.8,0.32,0.01,28.7,0.132,1,0,0,1.0,28.427297193856816,91.87574774065645,0.025580091232955328,34.24557918873322,0.19998465975488425,2499.0063999999998,0.3148146631172244,20.4,0.0020272124214520243,3.6417286108563504e-07,0.30854728243755714,0.0,0.0,1.1653298678185071,lhs_candidate_000023_june2024_preflight,pa1_candidate_000023
2024-06-13T07:00,30.6,76.0,190.0,136.0,54.0,1.2,100900.0,25.9,1.05,0.14,31.0,0.132,0,0,0,1.0,30.25734367091475,82.09549556687843,0.025246753025059212,34.13522432080127,0.20610346954750783,18619.849599999998,0.7709856616429862,161.5,0.002112012647684845,2.854573266381296e-06,0.3463177132562212,0.0,0.0,1.158530646937834,lhs_candidate_000023_june2024_preflight,pa1_candidate_000023
2024-06-13T08:00,32.3,64.0,407.0,327.0,80.0,1.08,100910.0,24.5,1.76,0.31,32.6,0.132,0,1,0,1.0,32.85289285240084,69.11999316574266,0.02441752672980691,34.1678103305348,0.20530644834499387,38630.592000000004,1.5405386924357338,345.95,0.003441389329146188,6.003684614146815e-06,0.34139782929008566,0.0,0.0,1.1488177121734158,lhs_candidate_000023_june2024_preflight,pa1_candidate_000023
2024-06-13T09:00,33.6,56.0,613.0,510.0,103.0,1.22,100910.0,23.7,2.27,0.48,34.4,0.131,0,1,0,1.0,35.102343287457195,57.44106957388592,0.02283198071109431,34.34872326306041,0.2039656411323119,57567.7872,2.4065221748553562,521.05,0.0040538537531919225,8.841569820087708e-06,0.3331212415574808,0.0,0.0,1.1404342933325764,lhs_candidate_000023_june2024_preflight,pa1_candidate_000023
2024-06-13T10:00,34.6,53.0,773.0,664.0,109.0,1.17,100820.0,23.6,2.6,0.61,36.0,0.13,0,1,0,1.0,36.909726494178386,52.725501402737265,0.023007448538554662,34.65162315400927,0.20219722548710592,71858.88160000001,2.951832684158947,657.05,0.004308847396440694,1.0766892721142967e-05,0.3222050955994193,0.0,0.0,1.1327753301886825,lhs_candidate_000023_june2024_preflight,pa1_candidate_000023
2024-06-13T11:00,35.3,51.0,877.0,752.0,125.0,0.89,100720.0,23.7,2.8,0.7,37.3,0.129,0,1,0,1.0,38.24157687624948,49.69719668798486,0.023210869228747946,35.03998131487993,0.20016842103120724,81573.8,3.376216340428073,745.4499999999999,0.004284761505473904,1.1746084106355865e-05,0.30968161130374844,0.0,0.0,1.1268115894901842,lhs_candidate_000023_june2024_preflight,pa1_candidate_000023
2024-06-13T12:00,36.2,48.0,902.0,752.0,150.0,0.54,100610.0,23.5,3.1,0.72,38.3,0.128,0,1,0,1.0,39.331779693214976,46.670352268649964,0.02303238380562333,35.4726961470964,0.19806367998404484,84653.36,3.7954469860365005,766.6999999999999,0.004125048514494871,1.1635392677255546e-05,0.2966893826175607,0.0,0.0,1.1216539714335567,lhs_candidate_000023_june2024_preflight,pa1_candidate_000023
2024-06-13T13:00,36.5,48.0,864.0,709.0,155.0,0.57,100580.0,23.6,3.2,0.69,38.7,0.127,0,1,0,1.0,39.831316616956364,45.548955333860654,0.023050468032102756,35.90938863629509,0.19605006210119613,81485.272,3.9801337082380153,734.4,0.004215541678509222,1.0740951167385429e-05,0.28425964259997616,0.0,0.0,1.119529822328618,lhs_candidate_000023_june2024_preflight,pa1_candidate_000023
2024-06-13T14:00,36.3,48.0,760.0,610.0,150.0,0.42,100480.0,23.5,3.15,0.6,38.6,0.126,0,1,0,1.0,39.56479369050339,45.16553726554671,0.022552573925781288,36.30474035469225,0.194260696221781,72157.36,3.9515061241776226,646.0,0.004122266949091826,9.159675893270573e-06,0.2732141742085247,0.0,0.0,1.1193699610096652,lhs_candidate_000023_june2024_preflight,pa1_candidate_000023
2024-06-13T15:00,35.8,50.0,572.0,436.0,136.0,0.67,100470.0,23.7,2.96,0.46,38.1,0.126,0,1,0,1.0,38.60715110311281,46.841579211210956,0.022286405151241785,36.61007344114223,0.19282850006247532,55120.8064,3.638888036208421,486.2,0.00407340123266059,6.783244010381022e-06,0.2643734571757736,0.0,0.0,1.1226966504076517,lhs_candidate_000023_june2024_preflight,pa1_candidate_000023
2024-06-13T16:00,34.9,52.0,314.0,178.0,136.0,1.2,100560.0,23.7,2.67,0.28,37.1,0.126,0,1,0,1.0,36.95688912503568,48.95361691873701,0.021413252859119516,36.778395809270386,0.1918750232106688,32416.806399999998,3.195552488592562,266.9,0.004245476695566059,3.838887721886033e-06,0.25848779759672097,0.0,0.0,1.1296822347288544,lhs_candidate_000023_june2024_preflight,pa1_candidate_000023
2024-06-13T17:00,32.8,61.0,147.0,66.0,81.0,0.89,100540.0,24.3,1.93,0.13,35.6,0.127,0,1,0,1.0,34.553657697323516,56.86071276455986,0.021964429049124632,36.801946704193575,0.19135769548488207,15785.774399999998,2.3663825195329706,124.95,0.003811095660613593,1.917144887717216e-06,0.2552944165733462,0.0,0.0,1.1382788617460597,lhs_candidate_000023_june2024_preflight,pa1_candidate_000023
2024-06-13T18:00,32.2,63.0,60.0,36.0,24.0,0.64,100570.0,24.3,1.77,0.06,34.3,0.127,1,1,0,1.0,32.97128346076033,61.400345828867636,0.02182663142255844,36.71932036257697,0.19110239702211917,6124.3776,1.9384943612327117,51.0,0.003046151968489515,9.355588655640569e-07,0.2537185001365381,0.0,0.0,1.1445041543244434,lhs_candidate_000023_june2024_preflight,pa1_candidate_000023
2024-06-13T19:00,31.6,68.0,0.0,0.0,0.0,1.06,100660.0,24.9,1.5,0.04,33.3,0.127,0,0,0,1.0,32.030977504027874,66.65469382303941,0.02254196273437634,36.580022949754316,0.19738963757342837,0.0,1.5882719434268706,0.0,0.001958937125792251,2.9725306927322367e-07,0.2925286269964714,0.0,0.0,1.1490579057170396,lhs_candidate_000023_june2024_preflight,pa1_candidate_000023
2024-06-13T20:00,31.1,71.0,0.0,0.0,0.0,0.92,100690.0,25.3,1.3,0.01,32.5,0.127,0,0,0,1.0,31.399344927040485,70.16650971500148,0.02294333558235511,36.413524495186145,0.1973401112007195,0.0,1.3710715645438016,0.0,0.0016841429241291422,2.5633475494537337e-07,0.29222290864641676,0.0,0.0,1.1517842087910353,lhs_candidate_000023_june2024_preflight,pa1_candidate_000023
2024-06-13T21:00,30.8,74.0,0.0,0.0,0.0,0.86,100750.0,25.6,1.15,0.0,31.9,0.127,0,0,0,1.0,31.011547737872974,73.31589148504112,0.023480352474412415,36.24034392215015,0.19729696596462426,0.0,1.1995965420495285,0.0,0.0015390333887431438,2.2407148041173802e-07,0.29195658002854485,0.0,0.0,1.153939910265786,lhs_candidate_000023_june2024_preflight,pa1_candidate_000023
2024-06-13T22:00,30.5,77.0,0.0,0.0,0.0,0.94,100760.0,26.0,1.0,0.0,31.3,0.127,0,0,0,1.0,30.705349800076682,76.25764744353265,0.024024183330820983,36.06451420525052,0.1972592088979125,0.0,1.0488842699164302,0.0,0.0016509172708001935,1.9576367796473945e-07,0.29172351171550936,0.0,0.0,1.1552173969301052,lhs_candidate_000023_june2024_preflight,pa1_candidate_000023
2024-06-13T23:00,30.2,79.0,0.0,0.0,0.0,0.89,100770.0,26.2,0.9,0.0,30.8,0.127,0,0,0,1.0,30.407768893757005,78.36029804551275,0.02429432448824378,35.88684027265018,0.19722590211303967,0.0,0.9398814562636466,0.0,0.0015799158870267451,1.7529577135849777e-07,0.29151791427802265,0.0,0.0,1.156464631608835,lhs_candidate_000023_june2024_preflight,pa1_candidate_000023
2024-06-14T00:00,29.7,84.0,0.0,0.0,0.0,0.95,100680.0,26.6,0.68,0.0,30.3,0.127,0,0,0,1.0,29.99253638365953,82.53618339493622,0.025021858450525434,35.70640444109696,0.19719745561012186,0.0,0.7406839395092537,0.0,0.0017229358959195429,1.3806055361408335e-07,0.2913423185809992,0.0,0.0,1.1570144306780241,lhs_candidate_000023_june2024_preflight,pa1_candidate_000023
2024-06-14T01:00,29.1,88.0,0.0,0.0,0.0,1.04,100660.0,26.9,0.47,0.0,29.8,0.127,0,0,0,1.0,29.447317774838893,86.39060364319829,0.025428075584151038,35.5200221457294,0.1971757268763809,0.0,0.5594002126401478,0.0,0.0018846052233524669,1.0422198096448279e-07,0.2912081905949439,0.0,0.0,1.1588688804452305,lhs_candidate_000023_june2024_preflight,pa1_candidate_000023
2024-06-14T02:00,28.9,88.0,0.0,0.0,0.0,1.04,100630.0,26.7,0.47,0.0,29.4,0.127,0,0,0,1.0,29.097230270715162,87.38324570514726,0.02523535877552643,35.32795604638376,0.1971581664927819,0.0,0.508233154000103,0.0,0.0017941112850296884,9.465378819498215e-08,0.29109979316532036,0.0,0.0,1.1598653961272098,lhs_candidate_000023_june2024_preflight,pa1_candidate_000023
2024-06-14T03:00,28.6,89.0,0.0,0.0,0.0,1.1,100610.0,26.7,0.41,0.0,29.0,0.127,0,0,0,1.0,28.82220207351452,88.15592171093998,0.025079768877339224,35.13493009108426,0.19714171860424856,0.0,0.4695825827474023,0.0,0.0018986490046759602,8.742496908120102e-08,0.2909982629891887,0.0,0.0,1.1606910397275332,lhs_candidate_000023_june2024_preflight,pa1_candidate_000023
2024-06-14T04:00,28.4,90.0,0.0,0.0,0.0,1.2,100600.0,26.6,0.39,0.0,28.8,0.127,0,0,0,1.0,28.585536374881514,89.23013528028207,0.02505942621545429,34.94133501413856,0.19712681226210438,0.0,0.42118023863467435,0.0,0.0020284909753903995,7.838882356098833e-08,0.29090624853150854,0.0,0.0,1.1614859696927222,lhs_candidate_000023_june2024_preflight,pa1_candidate_000023
2024-06-14T05:00,28.6,88.0,0.0,0.0,0.0,1.1,100680.0,26.4,0.47,0.0,28.5,0.127,0,0,0,1.0,28.619831432333577,88.222569420916,0.024822939693263855,34.75048398626076,0.19711229065143077,0.0,0.4614998759962967,0.0,0.0017760671774332347,8.586652854132762e-08,0.2908166089594492,0.0,0.0,1.1622775129093021,lhs_candidate_000023_june2024_preflight,pa1_candidate_000023
2024-06-14T06:00,28.7,88.0,24.0,13.0,11.0,1.2,100710.0,26.6,0.45,0.02,28.6,0.127,1,0,0,1.0,28.799638725005778,88.05777391101812,0.025021025337757335,34.573422387900294,0.1970709387450118,2499.0063999999998,0.4728560052927526,20.4,0.001980721474773638,3.723237007060984e-07,0.2905613502778507,0.0,0.0,1.1619315129464973,lhs_candidate_000023_june2024_preflight,pa1_candidate_000023
2024-06-14T07:00,30.6,75.0,194.0,141.0,53.0,1.1,100710.0,25.7,1.09,0.14,31.1,0.127,0,0,0,1.0,30.42867734233578,80.53362621612798,0.024996275220331387,34.46146326756502,0.20319512468807135,18936.6672,0.8464982628308002,164.9,0.0018680446548150556,2.7760301118882316e-06,0.32836496721031705,0.0,0.0,1.1556964528235227,lhs_candidate_000023_june2024_preflight,pa1_candidate_000023
2024-06-14T08:00,32.6,60.0,418.0,342.0,76.0,0.54,100710.0,23.9,1.94,0.31,32.7,0.126,0,1,0,1.0,33.10796428550399,70.64081105156617,0.025293347808351695,34.491831281928924,0.20242008988100987,39457.8624,1.485777543140562,355.3,0.002754353033004001,5.824198766128878e-06,0.3235808017346289,0.0,0.0,1.1455858833774681,lhs_candidate_000023_june2024_preflight,pa1_candidate_000023
2024-06-14T09:00,34.0,53.0,623.0,529.0,94.0,0.3,100660.0,23.2,2.47,0.47,34.7,0.126,0,1,0,1.0,35.543030891485316,55.43402022114717,0.022543956831615763,34.67632563563962,0.20111941248016835,58131.145599999996,2.581997142963783,529.55,0.003283996234893921,8.539379612535036e-06,0.3155519288899281,0.0,0.0,1.135984877477614,lhs_candidate_000023_june2024_preflight,pa1_candidate_000023
2024-06-14T10:00,35.2,50.0,793.0,686.0,107.0,0.4,100630.0,23.0,2.86,0.62,36.4,0.125,0,1,0,1.0,37.55877625944611,50.460138500739916,0.022762246162103445,34.988801453789186,0.19940326791462043,73548.5168,3.20439976643112,674.05,0.0037371624625964902,1.0488613602191484e-05,0.30495844391741006,0.0,0.0,1.1282787299627723,lhs_candidate_000023_june2024_preflight,pa1_candidate_000023
2024-06-14T11:00,35.8,48.0,842.0,715.0,127.0,1.49,100570.0,23.1,3.05,0.68,37.4,0.124,0,1,0,1.0,38.73451089535386,46.02582728572362,0.022039870525042856,35.37824315105164,0.19748867869637077,78564.1648,3.720137072378921,715.6999999999999,0.004857522988616693,1.076470656938102e-05,0.293139991952906,0.0,0.0,1.123355179268667,lhs_candidate_000023_june2024_preflight,pa1_candidate_000023
2024-06-14T12:00,36.1,48.0,935.0,798.0,137.0,1.96,100550.0,23.3,3.1,0.76,38.1,0.123,0,1,0,1.0,39.44190807444147,44.63817849429508,0.022151930311499587,35.80786552490575,0.19548988039844595,87099.98879999999,3.96337275461028,794.75,0.005519405965173216,1.142043181532335e-05,0.28080173085460464,0.0,0.0,1.12059012830165,lhs_candidate_000023_june2024_preflight,pa1_candidate_000023
2024-06-14T13:00,36.1,49.0,848.0,712.0,136.0,1.75,100460.0,23.6,3.05,0.7,38.3,0.123,0,1,0,1.0,39.50051687968325,44.9745502175768,0.022384750858083426,36.23624154661864,0.19356515664087054,79408.8064,3.9516629386419364,720.8,0.005285450641952333,9.98096863712641e-06,0.2689207200053737,0.0,0.0,1.1193772383315435,lhs_candidate_000023_june2024_preflight,pa1_candidate_000023
2024-06-14T14:00,35.3,53.0,662.0,452.0,210.0,1.75,100410.0,24.2,2.7,0.55,37.9,0.122,0,1,0,1.0,38.48050441805116,48.0562645725072,0.022718129882149295,36.58152091651875,0.19198701289333828,65644.304,3.5315667073938353,562.6999999999999,0.005227188925636125,7.583555952938975e-06,0.2591790919341869,0.0,0.0,1.1224821752254315,lhs_candidate_000023_june2024_preflight,pa1_candidate_000023
2024-06-14T15:00,34.6,55.0,516.0,365.0,151.0,1.81,100370.0,24.4,2.45,0.44,37.3,0.122,0,1,0,1.0,37.18161294689518,50.72270031108678,0.022443923490988296,36.81493898069764,0.19078475641535023,50720.5424,3.122777480946236,438.59999999999997,0.00513229212407848,5.8014009212165435e-06,0.25175775565031006,0.0,0.0,1.1267312878628895,lhs_candidate_000023_june2024_preflight,pa1_candidate_000023
2024-06-14T16:00,34.6,55.0,417.0,306.0,111.0,0.92,100310.0,24.3,2.45,0.34,36.7,0.121,0,1,0,1.0,36.515093368529286,52.57862016872711,0.022483057919123695,36.96398492541148,0.18984681305085485,40601.246399999996,2.897906302378892,354.45,0.003905400448541682,4.639418684159277e-06,0.24596798179540033,0.0,0.0,1.1284814549182016,lhs_candidate_000023_june2024_preflight,pa1_candidate_000023
2024-06-14T17:00,34.1,57.0,282.0,210.0,72.0,0.89,100350.0,24.3,2.31,0.22,36.0,0.121,0,1,0,1.0,35.71267467658842,54.50905833048195,0.022363368415968407,37.042738955038836,0.1891429080007856,27349.1328,2.6602999069901254,239.7,0.0037438575176486364,3.1903224545461098e-06,0.24162288889373826,0.0,0.0,1.1318643925281882,lhs_candidate_000023_june2024_preflight,pa1_candidate_000023
2024-06-14T18:00,33.2,61.0,83.0,53.0,30.0,0.72,100470.0,24.8,1.97,0.07,34.9,0.121,1,1,0,1.0,34.28381591136839,58.56522425343172,0.022306092278180468,37.02006676678816,0.18875264739786804,8359.472,2.2390924089750843,70.55,0.003313027100759497,1.1524821221634466e-06,0.23921387282634596,0.0,0.0,1.13848474425794,lhs_candidate_000023_june2024_preflight,pa1_candidate_000023
2024-06-14T19:00,32.2,68.0,0.0,0.0,0.0,0.91,100530.0,25.6,1.51,0.03,33.7,0.121,0,1,0,1.0,32.827773097952964,65.83841302463345,0.023227386369677812,36.90127603290867,0.19501615391262975,0.0,1.7018473886209051,0.0,0.003261794504213532,3.025569236462567e-07,0.27787749328783795,0.0,0.0,1.1445855316762032,lhs_candidate_000023_june2024_preflight,pa1_candidate_000023
2024-06-14T20:00,31.4,74.0,0.0,0.0,0.0,1.04,100570.0,26.3,1.18,0.01,32.9,0.121,0,0,0,1.0,31.835087825534842,72.28304920102704,0.024191705308000265,36.739298425230224,0.19496845874130173,0.0,1.3056470152030633,0.0,0.0019336868817167682,2.3187390659364816e-07,0.2775830786500107,0.0,0.0,1.1487679058209912,lhs_candidate_000023_june2024_preflight,pa1_candidate_000023
2024-06-14T21:00,30.9,79.0,0.0,0.0,0.0,0.78,100630.0,26.9,0.92,0.0,32.3,0.121,0,0,0,1.0,31.209956061362885,77.58121231716142,0.02511200637610142,36.563866235033146,0.19493153563399065,0.0,1.0192863147411937,0.0,0.0014994724943072364,1.8086958876760637e-07,0.27735515823451024,0.0,0.0,1.1518141479676662,lhs_candidate_000023_june2024_preflight,pa1_candidate_000023
2024-06-14T22:00,30.6,82.0,0.0,0.0,0.0,0.78,100610.0,27.1,0.79,0.0,31.9,0.121,0,0,0,1.0,30.822687784052434,81.05235681228163,0.025696233588301455,36.38207598858756,0.19490203671465178,0.0,0.8426850526648528,0.0,0.0014339827764175404,1.4943400193834282e-07,0.27717306613982584,0.0,0.0,1.1530523737136513,lhs_candidate_000023_june2024_preflight,pa1_candidate_000023
2024-06-14T23:00,30.3,84.0,0.0,0.0,0.0,0.78,100640.0,27.3,0.7,0.0,31.5,0.121,0,0,0,1.0,30.516258805389125,83.2053781391102,0.025947656698351182,36.1978784288805,0.19487698262562766,0.0,0.7339816779041217,0.0,0.0014291858770098308,1.3008492285922564e-07,0.2770184112693066,0.0,0.0,1.1545600817882518,lhs_candidate_000023_june2024_preflight,pa1_candidate_000023
2024-06-15T00:00,30.0,86.0,0.0,0.0,0.0,0.76,100620.0,27.4,0.6,0.0,31.2,0.121,0,0,0,1.0,30.218252148474583,85.1462434098234,0.02612977125948874,36.012069559179004,0.194855110309956,0.0,0.6381874412032342,0.0,0.0014029574504591236,1.1305200749680728e-07,0.2768833969750371,0.0,0.0,1.1554645677239508,lhs_candidate_000023_june2024_preflight,pa1_candidate_000023
2024-06-15T01:00,29.8,87.0,0.0,0.0,0.0,0.76,100570.0,27.4,0.56,0.0,30.9,0.121,0,0,0,1.0,29.979918954857233,86.39448317759486,0.02617368874275456,35.82529345130266,0.19483584191446493,0.0,0.5766263374092282,0.0,0.0013724667239471038,1.0210285833845873e-07,0.2767644562621292,0.0,0.0,1.1557984175760185,lhs_candidate_000023_june2024_preflight,pa1_candidate_000023
2024-06-15T02:00,29.4,88.0,0.0,0.0,0.0,0.85,100560.0,27.1,0.5,0.0,30.6,0.121,0,0,0,1.0,29.657667361993475,87.14453200316802,0.02594434821042617,35.63789208647931,0.19481811989544584,0.0,0.5348464126461132,0.0,0.001558569815143848,9.466748017297043e-08,0.27665506108299903,0.0,0.0,1.1569133851977011,lhs_candidate_000023_june2024_preflight,pa1_candidate_000023
2024-06-15T03:00,29.2,88.0,0.0,0.0,0.0,0.95,100530.0,27.1,0.48,0.0,30.3,0.121,0,0,0,1.0,29.38673669852398,87.45678767044613,0.025657348565578966,35.448495770007234,0.19480150965787454,0.0,0.513779592902524,0.0,0.001653702894131497,9.090496309515265e-08,0.276552528752312,0.0,0.0,1.157603985301828,lhs_candidate_000023_june2024_preflight,pa1_candidate_000023
2024-06-15T04:00,29.1,89.0,0.0,0.0,0.0,0.89,100500.0,27.1,0.44,0.0,30.1,0.121,0,0,0,1.0,29.238960761125064,88.4294226239774,0.025735173846011677,35.25982309802536,0.19478580287974898,0.0,0.4699189790923173,0.0,0.001531324495953091,8.31153897983248e-08,0.27645557333178383,0.0,0.0,1.1578240813157006,lhs_candidate_000023_june2024_preflight,pa1_candidate_000023
2024-06-15T05:00,28.9,90.0,0.0,0.0,0.0,0.89,100530.0,27.1,0.41,0.0,29.8,0.121,0,0,0,1.0,29.07406719089764,89.3189122404468,0.025761850602870517,35.073289107279855,0.1947714805165566,0.0,0.42968467693228085,0.0,0.0015566650488333072,7.597477429647077e-08,0.2763671636824482,0.0,0.0,1.1588015982896844,lhs_candidate_000023_june2024_preflight,pa1_candidate_000023
2024-06-15T06:00,29.0,89.0,23.0,10.0,13.0,1.08,100570.0,27.0,0.43,0.01,29.8,0.121,1,0,0,1.0,29.11539414663056,89.10219969058112,0.025757229323046287,34.895043427171615,0.19473453161175514,2481.3712,0.4394502322205769,19.55,0.001804103609871581,3.366786502603862e-07,0.2761390840231799,0.0,0.0,1.1591041761069436,lhs_candidate_000023_june2024_preflight,pa1_candidate_000023
2024-06-15T07:00,30.0,81.0,161.0,72.0,89.0,0.95,100690.0,26.4,0.8,0.12,30.8,0.121,0,0,0,1.0,30.11699417128898,84.93799318812421,0.025923754660199985,34.76789310533196,0.20091394937040077,17299.2336,0.6433919143237476,136.85,0.0016059726296018867,2.1931374262154202e-06,0.3142836380888937,0.0,0.0,1.1566544761758586,lhs_candidate_000023_june2024_preflight,pa1_candidate_000023
2024-06-15T08:00,31.6,70.0,350.0,212.0,138.0,0.45,100690.0,25.5,1.38,0.26,32.3,0.12,0,1,0,1.0,32.11456239146069,77.68817832946513,0.026390473946120274,34.75165068985978,0.20029863774901743,35655.1712,1.06776425477786,297.5,0.0026748209248424054,4.644337100114085e-06,0.3104854182038113,0.0,0.0,1.1490856440610933,lhs_candidate_000023_june2024_preflight,pa1_candidate_000023
2024-06-15T09:00,33.0,62.0,572.0,377.0,195.0,0.45,100720.0,24.7,1.93,0.44,34.1,0.12,0,1,0,1.0,34.37500266380213,63.80447971202373,0.024417753495025514,34.87674993892115,0.1992031194215359,57196.568,1.9659003205590881,486.2,0.0032666765725986213,7.467776166863527e-06,0.30372295939219696,0.0,0.0,1.140979220077843,lhs_candidate_000023_june2024_preflight,pa1_candidate_000023
2024-06-15T10:00,34.4,55.0,762.0,608.0,154.0,0.32,100620.0,24.1,2.42,0.59,35.8,0.12,0,1,0,1.0,36.57205540011727,55.4969207606321,0.023800557687933287,35.14037653488585,0.19765874044524542,72474.08959999999,2.728048870445428,647.6999999999999,0.0036198842035536655,9.656616726835093e-06,0.2941897558348483,0.0,0.0,1.1317607519976924,lhs_candidate_000023_june2024_preflight,pa1_candidate_000023
2024-06-15T11:00,35.1,52.0,824.0,698.0,126.0,0.22,100570.0,23.9,2.7,0.65,37.0,0.119,0,1,0,1.0,37.97960072900745,50.51972561726668,0.02328299574533491,35.494825526033374,0.1958774942961524,76944.9824,3.274334257582292,700.4,0.00390799105997814,1.0110804599949197e-05,0.28319440923550865,0.0,0.0,1.1260808352115947,lhs_candidate_000023_june2024_preflight,pa1_candidate_000023
2024-06-15T12:00,35.8,50.0,895.0,690.0,205.0,0.57,100440.0,23.7,2.95,0.71,38.1,0.118,0,1,0,1.0,38.995424234449736,47.70916049776248,0.023149140487026047,35.894399920657655,0.1940163132285499,85972.39199999999,3.6550000604417106,760.75,0.0041667447225499895,1.0553607416957538e-05,0.271705637213271,0.0,0.0,1.120965328045702,lhs_candidate_000023_june2024_preflight,pa1_candidate_000023
2024-06-15T13:00,36.2,49.0,828.0,658.0,170.0,1.08,100370.0,23.8,3.05,0.67,38.5,0.118,0,1,0,1.0,39.44262707893872,45.77626024392628,0.022717531124487003,36.30124242626935,0.19221704726088987,78845.008,3.882046428110592,703.8,0.0045466067708919925,9.447926975308341e-06,0.26059905716598686,0.0,0.0,1.1185815263388268,lhs_candidate_000023_june2024_preflight,pa1_candidate_000023
2024-06-15T14:00,36.0,49.0,843.0,727.0,116.0,1.51,100270.0,23.6,3.02,0.68,38.6,0.117,0,1,0,1.0,39.42033988981682,44.914466110355185,0.022264864161360316,36.68906926701543,0.19053534605345276,78265.1584,3.9390440861381433,716.55,0.005024349869145785,9.233778384189338e-06,0.2502181855151405,0.0,0.0,1.117546747012157,lhs_candidate_000023_june2024_preflight,pa1_candidate_000023
2024-06-15T15:00,33.9,57.0,658.0,509.0,149.0,1.84,100310.0,24.3,2.26,0.53,37.9,0.121,0,1,0,1.0,37.58716982554802,49.9005886846131,0.022542470681400643,37.01050163651722,0.18907818848102376,63146.17759999999,3.245587921493874,559.3,0.005472860687346791,6.9746839981215425e-06,0.24122338568533186,0.0,0.0,1.1245880732520195,lhs_candidate_000023_june2024_preflight,pa1_candidate_000023
2024-06-15T16:00,32.6,65.0,393.0,306.0,87.0,1.91,100350.0,25.2,1.72,0.32,36.4,0.121,0,1,0,1.0,35.170561700717975,58.66743669228929,0.023402267556779096,37.170029144569746,0.18808319355759265,37644.8688,2.345996503096709,334.05,0.00525950339651307,4.12095622218922e-06,0.2350814417135349,0.0,0.0,1.1338545237433448,lhs_candidate_000023_june2024_preflight,pa1_candidate_000023
2024-06-15T17:00,32.3,66.0,180.0,111.0,69.0,0.91,100400.0,25.1,1.65,0.15,35.2,0.121,0,1,0,1.0,33.625253752080305,63.08936701206202,0.023213524910814493,37.17283048374804,0.1875358046705767,18267.5856,1.9227749003603591,153.0,0.003632212861373796,1.9860789266382494e-06,0.2317024979665229,0.0,0.0,1.1401338440813311,lhs_candidate_000023_june2024_preflight,pa1_candidate_000023
2024-06-15T18:00,31.6,68.0,61.0,33.0,28.0,0.71,100450.0,25.0,1.47,0.05,34.0,0.121,1,1,0,1.0,32.43249993072309,65.92117490399862,0.02277466266276515,37.07297604199504,0.18728396366516917,6353.1071999999995,1.6603965114615655,51.85,0.0031572430237192996,8.170833551721152e-07,0.23014792385906896,0.0,0.0,1.1451540421675155,lhs_candidate_000023_june2024_preflight,pa1_candidate_000023
2024-06-15T19:00,30.8,71.0,0.0,0.0,0.0,1.12,100530.0,24.9,1.28,0.03,33.0,0.121,0,1,0,1.0,31.32272324063268,69.30532251591605,0.022569044951917087,36.909796741836885,0.1935873644383305,0.0,1.40452593880558,0.0,0.0034813647317027017,2.417733732796389e-07,0.26905780517487965,0.0,0.0,1.1502433727885537,lhs_candidate_000023_june2024_preflight,pa1_candidate_000023
2024-06-15T20:00,30.1,72.0,0.0,0.0,0.0,1.04,100550.0,24.5,1.19,0.01,32.2,0.12,0,0,0,1.0,30.505292096330308,71.04007351002373,0.02214081942765601,36.715581357048805,0.19354635830116554,0.0,1.264853721051539,0.0,0.001917651151617961,2.1752553248276244e-07,0.26880468087139225,0.0,0.0,1.1535692460912956,lhs_candidate_000023_june2024_preflight,pa1_candidate_000023
2024-06-15T21:00,29.8,72.0,0.0,0.0,0.0,0.98,100590.0,24.2,1.16,0.01,31.7,0.12,0,0,0,1.0,30.04018989886511,71.63798998545496,0.02177394986298427,36.51215186336427,0.1935083110948205,0.0,1.2061954421560572,0.0,0.0017323909071577086,2.0725642578805282e-07,0.2685698215729661,0.0,0.0,1.1557984611495415,lhs_candidate_000023_june2024_preflight,pa1_candidate_000023
2024-06-15T22:00,29.4,75.0,0.0,0.0,0.0,1.03,100670.0,24.4,1.03,0.01,31.2,0.12,0,0,0,1.0,29.665582461824332,74.07686099672772,0.022063352727065645,36.305696953804706,0.19347279885199253,0.0,1.0790124377356216,0.0,0.0018211353651981896,1.8525167718430057e-07,0.2683506101974848,0.0,0.0,1.1581486301354975,lhs_candidate_000023_june2024_preflight,pa1_candidate_000023
2024-06-15T23:00,29.1,77.0,0.0,0.0,0.0,1.12,100710.0,24.6,0.94,0.01,30.9,0.12,0,0,0,1.0,29.330730292277885,76.23808179822905,0.022298146892634946,36.09680494503647,0.19344123822199677,0.0,0.9701697435767862,0.0,0.0019331622878536684,1.664439515951541e-07,0.26815579149380725,0.0,0.0,1.159891409341625,lhs_candidate_000023_june2024_preflight,pa1_candidate_000023
2024-06-16T00:00,29.0,78.0,0.0,0.0,0.0,1.12,100670.0,24.7,0.88,0.0,30.6,0.12,0,0,0,1.0,29.147882353862233,77.58010574157433,0.022466166845548124,35.8877920964892,0.19341239136781432,0.0,0.9057721909932113,0.0,0.0018849942439630664,1.55292609745571e-07,0.26797772449268104,0.0,0.0,1.1601320170722127,lhs_candidate_000023_june2024_preflight,pa1_candidate_000023
2024-06-16T01:00,28.8,80.0,0.0,0.0,0.0,1.17,100610.0,24.9,0.8,0.0,30.3,0.12,0,0,0,1.0,28.978772414829233,79.32666991316518,0.02276138159972256,35.68117603950804,0.19338559408857006,0.0,0.8270916323156112,0.0,0.0019789972157366366,1.4171547339839863e-07,0.26781230918870413,0.0,0.0,1.1600895419264514,lhs_candidate_000023_june2024_preflight,pa1_candidate_000023
2024-06-16T02:00,28.8,80.0,0.0,0.0,0.0,1.06,100570.0,25.0,0.79,0.0,30.1,0.12,0,0,0,1.0,28.901691385662918,79.82644545938038,0.022808755255686847,35.47723537416908,0.19336060849298145,0.0,0.8035079868023494,0.0,0.0017647837214488362,1.3759531987767103e-07,0.2676580771171695,0.0,0.0,1.1599242468754496,lhs_candidate_000023_june2024_preflight,pa1_candidate_000023
2024-06-16T03:00,28.6,80.0,0.0,0.0,0.0,0.99,100570.0,24.9,0.78,0.0,30.0,0.12,0,0,0,1.0,28.772673670199616,79.66623720171536,0.022603341409221628,35.277339021495855,0.19333581576848877,0.0,0.803865753074323,0.0,0.0017040345866109461,1.375778756684859e-07,0.26750503560795535,0.0,0.0,1.160419906160071,lhs_candidate_000023_june2024_preflight,pa1_candidate_000023
2024-06-16T04:00,28.4,82.0,0.0,0.0,0.0,1.06,100610.0,25.0,0.7,0.0,29.8,0.12,0,0,0,1.0,28.580428956963626,81.28468807188511,0.02282165205918629,35.07922885244276,0.19331203955299145,0.0,0.7316884873767213,0.0,0.001813867455499612,1.251563683713103e-07,0.26735826884562625,0.0,0.0,1.1616210880855915,lhs_candidate_000023_june2024_preflight,pa1_candidate_000023
2024-06-16T05:00,28.3,82.0,0.0,0.0,0.0,1.34,100620.0,25.0,0.69,0.0,29.7,0.12,0,0,0,1.0,28.4397942513845,81.63162116061312,0.022743464024824314,34.8827987807055,0.19328995608446187,0.0,0.7122908492249422,0.0,0.002219701229544981,1.21776252843613e-07,0.26722195113865355,0.0,0.0,1.1622782766903874,lhs_candidate_000023_june2024_preflight,pa1_candidate_000023
2024-06-16T06:00,28.4,82.0,21.0,9.0,12.0,1.41,100650.0,25.0,0.7,0.02,29.6,0.12,1,0,0,1.0,28.508079288619193,81.96575107177534,0.022922019316640768,34.69550028414288,0.19324768289571273,2270.1888,0.7021100316761437,17.849999999999998,0.0023132535339033377,3.4857333418682897e-07,0.26696100552909097,0.0,0.0,1.1623616332967168,lhs_candidate_000023_june2024_preflight,pa1_candidate_000023
2024-06-16T07:00,29.6,73.0,157.0,90.0,67.0,1.1,100700.0,24.3,1.11,0.12,30.4,0.12,0,0,0,1.0,29.626811448383293,76.94248262880349,0.022868747907179354,34.559900973952374,0.1994305166442271,16173.2208,0.9575976087144249,133.45,0.001780383142057973,2.140795847532045e-06,0.3051266459520191,0.0,0.0,1.15864210915905,lhs_candidate_000023_june2024_preflight,pa1_candidate_000023
2024-06-16T08:00,30.7,67.0,251.0,103.0,148.0,0.5,100730.0,23.8,1.46,0.19,31.5,0.12,0,0,0,1.0,31.15436975571517,72.8992568295784,0.02352636222021021,34.51182874435553,0.19893736617893518,27294.995199999998,1.2282669695452535,213.35,0.00128308238065081,3.329904589608963e-06,0.3020825072773777,0.0,0.0,1.153169358402151,lhs_candidate_000023_june2024_preflight,pa1_candidate_000023
2024-06-16T09:00,32.0,61.0,453.0,247.0,206.0,0.14,100780.0,23.6,1.85,0.34,33.0,0.119,0,1,0,1.0,33.01484407436292,63.4628677440907,0.02261179287681476,34.56819279402402,0.19810989999554598,47111.5744,1.8394025697067682,385.05,0.0028983759851647223,5.836434867475156e-06,0.2969746913305308,0.0,0.0,1.1467308128520193,lhs_candidate_000023_june2024_preflight,pa1_candidate_000023
2024-06-16T10:00,33.8,54.0,791.0,686.0,105.0,1.02,100720.0,23.2,2.42,0.61,35.1,0.119,0,1,0,1.0,35.72833967452569,54.87217570390106,0.02253059858410655,34.79391082889752,0.19669970604990783,73302.152,2.6413387627608707,672.35,0.004010132004071836,9.787270646280213e-06,0.28826979043152984,0.0,0.0,1.135980069251583,lhs_candidate_000023_june2024_preflight,pa1_candidate_000023
2024-06-16T11:00,34.7,51.0,861.0,724.0,137.0,1.41,100690.0,23.2,2.7,0.68,36.5,0.118,0,1,0,1.0,37.57135791657884,48.83647519245682,0.022043969385866113,35.15959387098771,0.1948875278765436,80587.98879999999,3.3116829837447814,731.85,0.004753726268483881,1.0317393616283872e-05,0.27708350541076293,0.0,0.0,1.1289057457672222,lhs_candidate_000023_june2024_preflight,pa1_candidate_000023
2024-06-16T12:00,35.3,50.0,892.0,745.0,147.0,1.62,100640.0,23.2,2.87,0.72,37.5,0.118,0,1,0,1.0,38.508552327811714,46.6734663076613,0.022095805560935232,35.566786500096946,0.19303269187985272,83667.8128,3.6310639085348324,758.1999999999999,0.005085686043675461,1.0281198135490674e-05,0.2656339004929181,0.0,0.0,1.1249520925513061,lhs_candidate_000023_june2024_preflight,pa1_candidate_000023
2024-06-16T13:00,34.7,51.0,702.0,533.0,169.0,1.14,100600.0,23.2,2.7,0.57,37.5,0.117,0,1,0,1.0,37.98629403584716,46.8279386449811,0.02158891293551623,35.93397861793505,0.1913993450257619,67721.8256,3.5199104221748163,596.6999999999999,0.004620072323819996,7.89242660011482e-06,0.25555151250470304,0.0,0.0,1.1263925127833365,lhs_candidate_000023_june2024_preflight,pa1_candidate_000023
2024-06-16T14:00,34.7,50.0,678.0,461.0,217.0,1.12,100480.0,22.9,2.74,0.55,37.6,0.117,0,1,0,1.0,37.53406817383641,46.94154675735783,0.021148348703601924,36.227614908123236,0.19002661203049867,67298.58080000001,3.427396435814502,576.3,0.004447688110210862,7.374245837279734e-06,0.2470778520401153,0.0,0.0,1.1266865033601436,lhs_candidate_000023_june2024_preflight,pa1_candidate_000023
2024-06-16T15:00,34.6,51.0,601.0,384.0,217.0,1.43,100500.0,23.1,2.68,0.49,37.3,0.117,0,1,0,1.0,37.21462669959218,47.620891848421074,0.021107050668534216,36.483742214678784,0.1887898173916493,60522.5808,3.3253093257866095,510.84999999999997,0.004693315084569743,6.3787670312904935e-06,0.23944331723240309,0.0,0.0,1.1280706323280205,lhs_candidate_000023_june2024_preflight,pa1_candidate_000023
2024-06-16T16:00,33.5,56.0,379.0,182.0,197.0,1.81,100540.0,23.4,2.29,0.33,36.3,0.117,0,1,0,1.0,35.810436574740486,51.55876034505741,0.02126019016789458,36.64877473421266,0.18785386810533355,40282.932799999995,2.848095201645883,322.15,0.005056025416442229,4.037777802391354e-06,0.233665852502059,0.0,0.0,1.1336486092583544,lhs_candidate_000023_june2024_preflight,pa1_candidate_000023
2024-06-16T17:00,32.1,61.0,167.0,39.0,128.0,0.91,100550.0,23.6,1.87,0.15,35.0,0.118,0,1,0,1.0,33.75488644457753,57.283810676108395,0.02122145563024612,36.67172377902745,0.18732091273380025,19199.3472,2.241358262283822,141.95,0.0037874838964332127,1.8995147887793834e-06,0.2303760045296312,0.0,0.0,1.141354933879336,lhs_candidate_000023_june2024_preflight,pa1_candidate_000023
2024-06-16T18:00,31.5,64.0,60.0,24.0,36.0,0.86,100610.0,23.9,1.65,0.06,33.8,0.118,1,1,0,1.0,32.29715479803249,62.06367332379219,0.02128846215048638,36.58130074670745,0.18707631797023436,6546.5664,1.8342979440566838,51.0,0.0033008111703215427,8.286616738138016e-07,0.22886616031008866,0.0,0.0,1.147486312076717,lhs_candidate_000023_june2024_preflight,pa1_candidate_000023
2024-06-16T19:00,30.9,67.0,0.0,0.0,0.0,0.89,100570.0,24.2,1.46,0.03,32.9,0.118,0,0,0,1.0,31.343129529937837,65.86019493603564,0.021470580677292957,36.43032171793233,0.1933761337551786,0.0,1.5639793643924556,0.0,0.0017361748320865735,2.6791680413556506e-07,0.2677539120690037,0.0,0.0,1.1506239276690267,lhs_candidate_000023_june2024_preflight,pa1_candidate_000023
2024-06-16T20:00,30.4,71.0,0.0,0.0,0.0,1.0,100640.0,24.6,1.25,0.01,32.2,0.118,0,0,0,1.0,30.709596495068507,69.9310640330151,0.02203608936382968,36.25236708325719,0.1933316388398126,0.0,1.3287005385110997,0.0,0.0018042550346099302,2.2737898412116013e-07,0.2674792520976087,0.0,0.0,1.1538254662573164,lhs_candidate_000023_june2024_preflight,pa1_candidate_000023
2024-06-16T21:00,30.0,75.0,0.0,0.0,0.0,1.0,100700.0,25.1,1.07,0.01,31.7,0.118,0,0,0,1.0,30.26106046845967,73.9552860904296,0.02274796287401584,36.067481134953354,0.19329397884263252,0.0,1.1217497834225099,0.0,0.001774491039401648,1.917969033450222e-07,0.2672467829792131,0.0,0.0,1.156220089272172,lhs_candidate_000023_june2024_preflight,pa1_candidate_000023
2024-06-16T22:00,29.7,77.0,0.0,0.0,0.0,0.99,100710.0,25.3,0.94,0.0,31.2,0.118,0,0,0,1.0,29.919823682093153,76.30521254484758,0.02304208061076596,35.87889741633605,0.19326150110025195,0.0,1.0007709821735378,0.0,0.0017340288138564493,1.7098357174818857e-07,0.267046303087975,0.0,0.0,1.1576368649800481,lhs_candidate_000023_june2024_preflight,pa1_candidate_000023
2024-06-16T23:00,29.4,79.0,0.0,0.0,0.0,0.85,100740.0,25.4,0.84,0.0,30.9,0.118,0,0,0,1.0,29.61885416429996,78.28319903704366,0.023257198135225976,35.68852042778547,0.19323227310637492,0.0,0.901503841395952,0.0,0.0015306995803732284,1.5391953709179066e-07,0.2668658833726847,0.0,0.0,1.1591328075513043,lhs_candidate_000023_june2024_preflight,pa1_candidate_000023
2024-06-17T00:00,29.1,81.0,0.0,0.0,0.0,1.0,100710.0,25.6,0.74,0.0,30.6,0.118,0,0,0,1.0,29.320679964146947,80.20833561388717,0.0234465594371515,35.496758596720134,0.19320602834336015,0.0,0.8076011421401295,0.0,0.0017495360952957293,1.3780322032929958e-07,0.266703878662717,0.0,0.0,1.1599299495705873,lhs_candidate_000023_june2024_preflight,pa1_candidate_000023
2024-06-17T01:00,28.8,83.0,0.0,0.0,0.0,0.86,100680.0,25.7,0.67,0.0,30.3,0.118,0,0,0,1.0,29.023647693337526,82.16000201263533,0.023632060400822368,35.30366692182574,0.19318264917022585,0.0,0.7155899628604967,0.0,0.0015487467014440946,1.2203702680150803e-07,0.2665595627791719,0.0,0.0,1.1607242783268201,lhs_candidate_000023_june2024_preflight,pa1_candidate_000023
2024-06-17T02:00,28.7,87.0,0.0,0.0,0.0,0.86,100650.0,26.4,0.51,0.0,30.1,0.118,0,0,0,1.0,28.84552201562506,85.92399073604552,0.024475915606000053,35.110363196956584,0.19316299439600826,0.0,0.5588255575511369,0.0,0.0014916477986376725,9.525897892480838e-08,0.26643823701239666,0.0,0.0,1.1610628376169372,lhs_candidate_000023_june2024_preflight,pa1_candidate_000023
2024-06-17T03:00,28.6,88.0,0.0,0.0,0.0,0.81,100610.0,26.4,0.47,0.0,29.9,0.118,0,0,0,1.0,28.73714365557048,87.4567432414241,0.02476563053115346,34.91958955336189,0.19314704535448668,0.0,0.4948604260394154,0.0,0.0014113261378199398,8.432413249770307e-08,0.2663397861388067,0.0,0.0,1.1610180710226243,lhs_candidate_000023_june2024_preflight,pa1_candidate_000023
2024-06-17T04:00,28.5,88.0,0.0,0.0,0.0,0.81,100630.0,26.3,0.47,0.0,29.7,0.118,0,0,0,1.0,28.63537633323202,87.64879980748078,0.024682454530618955,34.73189379543596,0.1931321013608495,0.0,0.48441929094419356,0.0,0.0014099673389096601,8.251637537562782e-08,0.26624753926450306,0.0,0.0,1.1616404602693513,lhs_candidate_000023_june2024_preflight,pa1_candidate_000023
2024-06-17T05:00,28.4,88.0,0.0,0.0,0.0,0.95,100700.0,26.3,0.46,0.0,29.6,0.118,0,0,0,1.0,28.533521653602936,87.62580707493888,0.024538990994480404,34.54723615860277,0.19311728319576688,0.0,0.48246392698936313,0.0,0.001617817997952483,8.21550627691961e-08,0.2661560691096721,0.0,0.0,1.1628409848112669,lhs_candidate_000023_june2024_preflight,pa1_candidate_000023
2024-06-17T06:00,28.5,87.0,22.0,11.0,11.0,0.95,100740.0,26.2,0.49,0.01,29.6,0.118,1,0,0,1.0,28.608341908324633,87.20440776319272,0.02452106257441149,34.37197018927832,0.19308083129652465,2323.0063999999998,0.5010628801713866,18.7,0.0016003658103729953,3.238690134740666e-07,0.26593105738595463,0.0,0.0,1.163014449732018,lhs_candidate_000023_june2024_preflight,pa1_candidate_000023
2024-06-17T07:00,29.6,78.0,171.0,115.0,56.0,0.82,100770.0,25.4,0.9,0.12,30.5,0.118,0,0,0,1.0,29.702028882479233,82.93417476005905,0.02475028673989972,34.251001861930476,0.19925544224751637,17018.214399999997,0.7118298469935245,145.35,0.0013981514172177472,2.2590182056449654e-06,0.3040459397994838,0.0,0.0,1.1591595561406784,lhs_candidate_000023_june2024_preflight,pa1_candidate_000023
2024-06-17T08:00,31.3,66.0,372.0,277.0,95.0,0.54,100820.0,24.3,1.53,0.27,32.2,0.117,0,1,0,1.0,31.844020828073177,72.51939447388676,0.024282363648677363,34.24876951213813,0.19862115936739475,36078.328,1.2951680380145971,316.2,0.0027848047569723434,4.802418640787685e-06,0.30013061337897995,0.0,0.0,1.151589818397275,lhs_candidate_000023_june2024_preflight,pa1_candidate_000023
2024-06-17T09:00,32.9,58.0,613.0,505.0,108.0,0.2,100760.0,23.5,2.09,0.46,34.1,0.117,0,1,0,1.0,34.33889562131456,60.23316834415422,0.02300755259243716,34.39845220584007,0.19748824354762093,57743.699199999995,2.155543780326189,521.05,0.003191225219670425,7.733262699656018e-06,0.2931373058495119,0.0,0.0,1.1415663825194704,lhs_candidate_000023_june2024_preflight,pa1_candidate_000023
2024-06-17T10:00,34.0,53.0,709.0,582.0,127.0,0.5,100750.0,23.2,2.49,0.55,35.7,0.117,0,1,0,1.0,36.21700465553304,52.91458228209059,0.022282085315310854,34.670019825482576,0.19600458540151833,66860.1648,2.8308221563020965,602.65,0.0037255140498840622,8.72625571021665e-06,0.28397892223159465,0.0,0.0,1.1345235394244761,lhs_candidate_000023_june2024_preflight,pa1_candidate_000023
2024-06-17T11:00,34.7,51.0,795.0,669.0,126.0,1.03,100680.0,23.1,2.71,0.63,36.7,0.116,0,1,0,1.0,37.444271185093264,49.158501254051444,0.02204584002697449,35.00860809441092,0.19436650899594063,74392.9824,3.2682216981119714,675.75,0.004332746869570377,9.452801748199113e-06,0.273867339481115,0.0,0.0,1.1292555004635434,lhs_candidate_000023_june2024_preflight,pa1_candidate_000023
2024-06-17T12:00,34.9,51.0,825.0,687.0,138.0,1.35,100650.0,23.2,2.75,0.66,37.4,0.116,0,1,0,1.0,38.03659060726948,47.67541636224907,0.022035913952515692,35.3841525525903,0.19266450174434296,77455.1712,3.4732411224386097,701.25,0.004774167570072196,9.446958861670737e-06,0.2633611218786603,0.0,0.0,1.1267702025810837,lhs_candidate_000023_june2024_preflight,pa1_candidate_000023
2024-06-17T13:00,34.6,52.0,704.0,466.0,238.0,1.7,100590.0,23.3,2.63,0.58,37.4,0.116,0,1,0,1.0,37.68018931270327,47.756550809630895,0.021676494690484504,35.73200598653386,0.1911102767758803,70325.41119999999,3.401596855805355,598.4,0.00514253601771057,7.83880971482743e-06,0.25376714059185373,0.0,0.0,1.1273897033476599,lhs_candidate_000023_june2024_preflight,pa1_candidate_000023
2024-06-17T14:00,35.0,51.0,647.0,410.0,237.0,1.57,100540.0,23.2,2.77,0.54,37.4,0.116,0,1,0,1.0,37.557337402402354,47.926016400722375,0.021617532602008722,36.02199470135238,0.18977562705009776,65274.2288,3.368052148814237,549.9499999999999,0.004833977334487855,7.008244343198846e-06,0.24552856203764054,0.0,0.0,1.1272748566770747,lhs_candidate_000023_june2024_preflight,pa1_candidate_000023
2024-06-17T15:00,32.0,66.0,437.0,187.0,250.0,1.4,100470.0,24.7,1.63,0.35,36.3,0.137,0,1,0,1.0,35.21811213536158,57.949468465503195,0.023173043218379534,36.223920956527834,0.18872905264681894,47251.6,2.3930196895450035,371.45,0.004860658243953347,4.627066649967113e-06,0.23906822621493176,0.0,0.0,1.1350353538839861,lhs_candidate_000023_june2024_preflight,pa1_candidate_000023
2024-06-17T16:00,32.3,63.0,229.0,79.0,150.0,1.78,100520.0,24.3,1.81,0.22,34.7,0.137,0,1,0,1.0,33.60069688365906,60.43972940673701,0.022209904487386953,36.27190280896115,0.1880905892807507,25429.36,2.0579778517457674,194.65,0.004704693580672103,2.505679255914926e-06,0.23512709432562165,0.0,0.0,1.141587936143621,lhs_candidate_000023_june2024_preflight,pa1_candidate_000023
2024-06-17T17:00,31.9,65.0,149.0,62.0,87.0,1.12,100530.0,24.5,1.65,0.14,34.1,0.137,0,1,0,1.0,32.86962335749497,63.007593222214894,0.022277944124169054,36.232693065349906,0.18771331137621097,16172.868799999998,1.8472079515381634,126.64999999999999,0.0037028210315185415,1.6898724769035978e-06,0.2327982183716727,0.0,0.0,1.1444290018398382,lhs_candidate_000023_june2024_preflight,pa1_candidate_000023
2024-06-17T18:00,31.6,66.0,62.0,23.0,39.0,0.99,100550.0,24.4,1.58,0.06,33.3,0.137,1,1,0,1.0,32.19533394658953,64.72773944081028,0.022082476315975215,36.14176335666151,0.187486281240189,6828.1136,1.6957179623574317,52.699999999999996,0.0033459092839202937,8.36184095410362e-07,0.23139679777894454,0.0,0.0,1.1471844087077736,lhs_candidate_000023_june2024_preflight,pa1_candidate_000023
2024-06-17T19:00,31.1,69.0,0.0,0.0,0.0,0.99,100660.0,24.8,1.39,0.03,32.5,0.136,0,0,0,1.0,31.484359795132022,68.00715889713634,0.022338559779811598,36.00487108330966,0.1937863865489834,0.0,1.4774198785627317,0.0,0.0018350513482701717,2.554824903837314e-07,0.2702863367221197,0.0,0.0,1.1511197066256242,lhs_candidate_000023_june2024_preflight,pa1_candidate_000023
2024-06-17T20:00,30.8,71.0,0.0,0.0,0.0,0.71,100720.0,25.0,1.27,0.0,32.0,0.136,0,0,0,1.0,31.015655575807912,70.53732365777373,0.022595458574388706,35.84404845601799,0.1937429819809762,0.0,1.3248181131466832,0.0,0.0013312984831723017,2.2886676927579807e-07,0.27001840728997656,0.0,0.0,1.153580725705342,lhs_candidate_000023_june2024_preflight,pa1_candidate_000023
2024-06-17T21:00,30.5,73.0,0.0,0.0,0.0,0.72,100740.0,25.1,1.17,0.0,31.6,0.136,0,0,0,1.0,30.70150037959624,72.55602165776018,0.02285329401279721,35.67950930202393,0.19370359578667465,0.0,1.212147593655918,0.0,0.0013335256973316118,2.0921401328157933e-07,0.26977528263379413,0.0,0.0,1.1550027283989766,lhs_candidate_000023_june2024_preflight,pa1_candidate_000023
2024-06-17T22:00,30.1,76.0,0.0,0.0,0.0,1.0,100780.0,25.3,1.04,0.01,31.2,0.136,0,0,0,1.0,30.342230886499035,75.16187001748966,0.02322052895405773,35.51219328018657,0.1936680018722639,0.0,1.0747630093635054,0.0,0.0017626566554962877,1.8535065581868595e-07,0.2695555671127402,0.0,0.0,1.156829153374299,lhs_candidate_000023_june2024_preflight,pa1_candidate_000023
2024-06-17T23:00,29.8,78.0,0.0,0.0,0.0,0.99,100780.0,25.6,0.91,0.0,30.9,0.136,0,0,0,1.0,30.009479844841756,77.32919005862361,0.023464776919524994,35.34145648386528,0.1936364850345445,0.0,0.9624603851039941,0.0,0.0017273610581608422,1.6586345951367025e-07,0.2693610187317562,0.0,0.0,1.158098901250901,lhs_candidate_000023_june2024_preflight,pa1_candidate_000023
2024-06-18T00:00,29.5,80.0,0.0,0.0,0.0,1.06,100730.0,25.6,0.83,0.0,30.7,0.136,0,0,0,1.0,29.708396376476685,79.27809735501572,0.02366735693712979,35.16848556453144,0.19360816876732906,0.0,0.8646443236487333,0.0,0.0018304896095996746,1.489098549332186e-07,0.2691862269588214,0.0,0.0,1.1586750739905354,lhs_candidate_000023_june2024_preflight,pa1_candidate_000023
2024-06-18T01:00,29.2,81.0,0.0,0.0,0.0,0.89,100710.0,25.7,0.75,0.0,30.4,0.136,0,0,0,1.0,29.411509764720407,80.41921190654475,0.023624487173743807,34.99363277987578,0.19358239103139138,0.0,0.8031896963062573,0.0,0.0015830224954355503,1.3824431392416027e-07,0.2690271051320456,0.0,0.0,1.1595817353972755,lhs_candidate_000023_june2024_preflight,pa1_candidate_000023
2024-06-18T02:00,28.8,83.0,0.0,0.0,0.0,0.98,100610.0,25.7,0.66,0.0,30.1,0.136,0,0,0,1.0,29.05483584260114,82.07998194533356,0.023649180358937098,34.816466195335884,0.19355872764951063,0.0,0.7200960008319957,0.0,0.0017422662759872141,1.238750037371091e-07,0.2688810348735224,0.0,0.0,1.1597975532597735,lhs_candidate_000023_june2024_preflight,pa1_candidate_000023
2024-06-18T03:00,28.7,84.0,0.0,0.0,0.0,0.98,100520.0,25.7,0.63,0.0,29.9,0.136,0,0,0,1.0,28.840916697174496,83.50995485016807,0.023782289453430947,34.63724151134384,0.19353756210739478,0.0,0.6544897391529729,0.0,0.0016680292658873101,1.1253433406586372e-07,0.26875038337898016,0.0,0.0,1.1595808867231077,lhs_candidate_000023_june2024_preflight,pa1_candidate_000023
2024-06-18T04:00,28.6,84.0,0.0,0.0,0.0,0.98,100510.0,25.7,0.61,0.0,29.7,0.136,0,0,0,1.0,28.728114947986075,83.7223023569984,0.023696444401743653,34.45981137495905,0.19351758492465276,0.0,0.6418570785968845,0.0,0.0016594977807326311,1.1031160835179091e-07,0.2686270674361282,0.0,0.0,1.1598987819636324,lhs_candidate_000023_june2024_preflight,pa1_candidate_000023
2024-06-18T05:00,28.5,85.0,0.0,0.0,0.0,0.82,100540.0,25.7,0.59,0.0,29.6,0.136,0,0,0,1.0,28.62656674836159,84.57302345231246,0.023804835970272574,34.285040197363486,0.1934982446810724,0.0,0.6047437303852528,0.0,0.0014178476151948062,1.0388699937903964e-07,0.2685076832164964,0.0,0.0,1.1606354098755092,lhs_candidate_000023_june2024_preflight,pa1_candidate_000023
2024-06-18T06:00,28.4,85.0,21.0,10.0,11.0,1.1,100630.0,25.7,0.58,0.02,29.5,0.135,1,0,0,1.0,28.580110493634088,84.82029127204456,0.023813900585358365,34.118098912288254,0.19345913855778918,2235.0063999999998,0.5934505985870646,17.849999999999998,0.0018738977099049627,3.316281757473101e-07,0.2682662873937604,0.0,0.0,1.1618532300033455,lhs_candidate_000023_june2024_preflight,pa1_candidate_000023
2024-06-18T07:00,29.7,76.0,181.0,125.0,56.0,1.2,100680.0,25.1,0.99,0.13,30.8,0.135,0,0,0,1.0,29.748634564654225,80.00697487861257,0.02393707459986524,34.00593582668733,0.19961835910714887,17898.214399999997,0.836162634089153,153.85,0.0019517615358466541,2.424949146878046e-06,0.30628616732807945,0.0,0.0,1.1579460886389896,lhs_candidate_000023_june2024_preflight,pa1_candidate_000023
2024-06-18T08:00,31.4,65.0,398.0,318.0,80.0,1.12,100730.0,24.0,1.62,0.3,32.3,0.135,0,1,0,1.0,31.998584102338825,68.00867623154443,0.022960244859500458,34.021236661511765,0.19893320622639857,37838.592000000004,1.5209938898606392,338.3,0.0035203228425229683,5.197194814084821e-06,0.30205682855801586,0.0,0.0,1.1499790368107408,lhs_candidate_000023_june2024_preflight,pa1_candidate_000023
2024-06-18T09:00,32.6,59.0,590.0,488.0,102.0,1.04,100770.0,23.5,2.03,0.45,33.9,0.134,0,1,0,1.0,34.143650795244106,59.58232922566345,0.022527614525369964,34.17862212482945,0.19778671588303348,55508.6048,2.1671766049986285,501.5,0.0038702104001304242,7.5073476752992935e-06,0.2949797276730462,0.0,0.0,1.1424050658620106,lhs_candidate_000023_june2024_preflight,pa1_candidate_000023
2024-06-18T10:00,33.6,55.0,751.0,638.0,113.0,0.89,100720.0,23.2,2.35,0.58,35.3,0.134,0,1,0,1.0,35.92154952376421,54.24599903997827,0.02249709666272345,34.45397779998014,0.19627616570793782,70063.6112,2.706565702807698,638.35,0.004050700768850983,9.244394369684983e-06,0.28565534387615943,0.0,0.0,1.1352699342092074,lhs_candidate_000023_june2024_preflight,pa1_candidate_000023
2024-06-18T11:00,34.5,52.0,858.0,729.0,129.0,0.73,100620.0,23.1,2.64,0.67,36.7,0.133,0,1,0,1.0,37.38733469670033,50.28680552068504,0.022486348005072494,34.817582208256525,0.19452590754405283,80042.5296,3.1858261838507023,729.3,0.004149299918052769,1.017851346580489e-05,0.2748512811361286,0.0,0.0,1.1287894470797502,lhs_candidate_000023_june2024_preflight,pa1_candidate_000023
2024-06-18T12:00,34.8,51.0,758.0,622.0,136.0,0.22,100560.0,23.1,2.75,0.6,37.2,0.132,0,1,0,1.0,37.861006450793596,48.39712550942172,0.022170546582107577,35.19597397649746,0.1928237046745559,71488.8064,3.392955708619805,644.3,0.003985103128866643,8.746266120764037e-06,0.26434385601577715,0.0,0.0,1.1263982182155003,lhs_candidate_000023_june2024_preflight,pa1_candidate_000023
2024-06-18T13:00,35.2,51.0,778.0,578.0,200.0,0.45,100480.0,23.4,2.8,0.62,37.6,0.131,0,1,0,1.0,38.193764936575455,48.285857927530444,0.022497027386684996,35.552275548402996,0.19125850537147482,75500.48,3.4619946085895443,661.3,0.0040316503434694615,8.645591197235692e-06,0.2546821319226841,0.0,0.0,1.1242992018542348,lhs_candidate_000023_june2024_preflight,pa1_candidate_000023
2024-06-18T14:00,34.9,52.0,694.0,574.0,120.0,1.1,100410.0,23.7,2.66,0.56,37.5,0.13,0,1,0,1.0,37.95556084276446,48.093716604039,0.02213783268351037,35.887657331084505,0.18980670689170567,65293.888000000006,3.4304111373257222,589.9,0.0045053601380551,7.494557913089286e-06,0.24572041291176344,0.0,0.0,1.1243761941065542,lhs_candidate_000023_june2024_preflight,pa1_candidate_000023
2024-06-18T15:00,34.1,56.0,514.0,370.0,144.0,0.99,100330.0,24.0,2.36,0.42,36.9,0.129,0,1,0,1.0,36.812368791130616,51.54868621071905,0.022381871593350894,36.13895391799563,0.18864272446718502,50298.2656,3.009296866718292,436.9,0.004287428129503142,5.459932699735599e-06,0.23853533621719153,0.0,0.0,1.1276239458932498,lhs_candidate_000023_june2024_preflight,pa1_candidate_000023
2024-06-18T16:00,33.3,59.0,393.0,277.0,116.0,1.17,100340.0,24.2,2.1,0.32,36.1,0.129,0,1,0,1.0,35.4853843652746,55.03428590889688,0.02231463008229296,36.28678024175691,0.18778148611326678,38665.1584,2.596900270772282,334.05,0.004266118834815857,4.125745949243452e-06,0.23321905008189375,0.0,0.0,1.1325850638608443,lhs_candidate_000023_june2024_preflight,pa1_candidate_000023
2024-06-18T17:00,32.8,62.0,236.0,172.0,64.0,1.12,100370.0,24.4,1.91,0.19,35.2,0.129,0,1,0,1.0,34.298760226077626,58.96282794625677,0.022475091701348163,36.34021473067119,0.1871832404378209,23019.673600000002,2.219448357297377,200.6,0.00393864961033712,2.535233921325213e-06,0.2295261755421043,0.0,0.0,1.1372963015466568,lhs_candidate_000023_june2024_preflight,pa1_candidate_000023
2024-06-18T18:00,32.3,64.0,85.0,52.0,33.0,0.64,100430.0,24.6,1.74,0.06,34.2,0.129,1,1,0,1.0,33.18217091446799,62.093087384794316,0.022320012413229815,36.2980340929161,0.1868595360621538,8641.0192,1.9263442708972742,72.25,0.003117669413649906,1.0692157188088863e-06,0.22752800038366547,0.0,0.0,1.1421241187111082,lhs_candidate_000023_june2024_preflight,pa1_candidate_000023
2024-06-18T19:00,31.5,70.0,0.0,0.0,0.0,0.41,100530.0,25.3,1.41,0.02,33.2,0.129,0,1,0,1.0,32.0454154940532,68.08910021322069,0.023044764208325654,36.179331791907096,0.19313460802812435,0.0,1.5211899053660556,0.0,0.0026669377846285907,2.591357827829579e-07,0.26626301251928614,0.0,0.0,1.1475196360190583,lhs_candidate_000023_june2024_preflight,pa1_candidate_000023
2024-06-18T20:00,31.1,73.0,0.0,0.0,0.0,0.82,100630.0,25.6,1.22,0.0,32.5,0.129,0,0,0,1.0,31.37215364783758,72.15293104667197,0.023558577751859246,36.02358877680516,0.19309220859666826,0.0,1.2778067511660165,0.0,0.0015261444993704678,2.1746132400496957e-07,0.2660012876337547,0.0,0.0,1.1512006573804305,lhs_candidate_000023_june2024_preflight,pa1_candidate_000023
2024-06-18T21:00,30.8,75.0,0.0,0.0,0.0,1.3,100660.0,25.8,1.12,0.01,32.0,0.129,0,0,0,1.0,31.003119343000193,74.38188099537071,0.02381098187823711,35.861237663343594,0.19305516530115394,0.0,1.1511220333916774,0.0,0.0021892832800784945,1.9573330249130635e-07,0.26577262531576507,0.0,0.0,1.152941043751053,lhs_candidate_000023_june2024_preflight,pa1_candidate_000023
2024-06-18T22:00,30.5,75.0,0.0,0.0,0.0,0.89,100700.0,25.7,1.07,0.0,31.7,0.129,0,0,0,1.0,30.69934409975036,74.75447431065575,0.023543020787417622,35.69606912751416,0.19302061757870753,0.0,1.1149090001464614,0.0,0.0015738661727713202,1.8942363133364003e-07,0.2655593677697996,0.0,0.0,1.1545523142740102,lhs_candidate_000023_june2024_preflight,pa1_candidate_000023
2024-06-18T23:00,30.2,77.0,0.0,0.0,0.0,0.76,100680.0,25.8,0.98,0.0,31.3,0.129,0,0,0,1.0,30.40321732733991,76.42177383778419,0.023687506010124287,35.52880240845761,0.19298780075667096,0.0,1.0238112521296547,0.0,0.00139093540148237,1.738133866806566e-07,0.2653567947942652,0.0,0.0,1.1554490913861981,lhs_candidate_000023_june2024_preflight,pa1_candidate_000023
2024-06-19T00:00,30.0,79.0,0.0,0.0,0.0,0.81,100660.0,26.0,0.88,0.0,31.0,0.129,0,0,0,1.0,30.165604874339135,78.44968906812994,0.02400640602037157,35.36006741357847,0.19295808740338072,0.0,0.9231152395699125,0.0,0.0014329962425250903,1.566098069038424e-07,0.26517337903321436,0.0,0.0,1.1561245423582374,lhs_candidate_000023_june2024_preflight,pa1_candidate_000023
2024-06-19T01:00,29.7,82.0,0.0,0.0,0.0,0.81,100580.0,26.2,0.77,0.0,30.8,0.129,0,0,0,1.0,29.90391342326164,81.11256526571178,0.024472696995084805,35.19073567713564,0.19293175576118615,0.0,0.7969999149045006,0.0,0.0014624522997733758,1.351310094684266e-07,0.2650108380320133,0.0,0.0,1.1562032439257157,lhs_candidate_000023_june2024_preflight,pa1_candidate_000023
2024-06-19T02:00,29.3,84.0,0.0,0.0,0.0,0.91,100560.0,26.3,0.64,0.0,30.5,0.129,0,0,0,1.0,29.551041481016306,83.08601252481131,0.0245934549625488,35.019249037511344,0.19290899183693774,0.0,0.6993961744769233,0.0,0.0016389223764816364,1.1851945869727863e-07,0.2648703199810972,0.0,0.0,1.157320905793955,lhs_candidate_000023_june2024_preflight,pa1_candidate_000023
2024-06-19T03:00,29.2,84.0,0.0,0.0,0.0,0.9,100510.0,26.3,0.64,0.0,30.2,0.129,0,0,0,1.0,29.337176593812444,83.70260803367188,0.02448995165949981,34.845574236786305,0.1928883534262134,0.0,0.6656496717925275,0.0,0.0015449597238073052,1.1274653178658565e-07,0.2647429223840334,0.0,0.0,1.1575633115179433,lhs_candidate_000023_june2024_preflight,pa1_candidate_000023
2024-06-19T04:00,29.1,85.0,0.0,0.0,0.0,1.0,100510.0,26.3,0.6,0.0,29.9,0.129,0,0,0,1.0,29.224037939997107,84.5646352583122,0.024590460018267906,34.673529122826196,0.19286861011746184,0.0,0.6263411921613482,0.0,0.0016870658508034981,1.0603969593483598e-07,0.2646210501077892,0.0,0.0,1.1579964345322846,lhs_candidate_000023_june2024_preflight,pa1_candidate_000023
2024-06-19T05:00,29.0,85.0,0.0,0.0,0.0,1.0,100500.0,26.2,0.6,0.0,29.7,0.129,0,0,0,1.0,29.121745824473958,84.72505943539628,0.024500375754037327,34.50397930540043,0.19284974779006114,0.0,0.616182913962275,0.0,0.001685582166358964,1.0427399620030693e-07,0.26450461598803177,0.0,0.0,1.1582730623343345,lhs_candidate_000023_june2024_preflight,pa1_candidate_000023
2024-06-19T06:00,29.1,84.0,17.0,2.0,15.0,1.14,100630.0,26.1,0.64,0.02,29.5,0.129,1,0,0,1.0,29.18354383829145,84.18978825731296,0.02442759464159148,34.342168753147746,0.19281423981154647,2023.7359999999999,0.6400545862251108,14.45,0.0018778446172586177,2.914703384107996e-07,0.264285430935472,0.0,0.0,1.1595342647582687,lhs_candidate_000023_june2024_preflight,pa1_candidate_000023
2024-06-19T07:00,29.6,80.0,141.0,43.0,98.0,1.3,100650.0,25.8,0.84,0.11,30.7,0.128,0,0,0,1.0,29.849659311411546,81.75214236843382,0.02459336016591961,34.22361319600867,0.19902530206273494,15855.8752,0.7676167751702532,119.85,0.002213124087774635,1.8889762292412387e-06,0.3026253213749071,0.0,0.0,1.1572150890727562,lhs_candidate_000023_june2024_preflight,pa1_candidate_000023
2024-06-19T08:00,31.1,69.0,311.0,159.0,152.0,1.5,100650.0,24.6,1.41,0.25,31.8,0.128,0,0,0,1.0,31.538316761834935,72.49338251686217,0.02388091659586008,34.19974914344344,0.1984918207358519,32715.7248,1.2741405060982385,264.34999999999997,0.002598174691722704,4.040890479998251e-06,0.2993322267645179,0.0,0.0,1.1508015189606058,lhs_candidate_000023_june2024_preflight,pa1_candidate_000023
2024-06-19T09:00,32.4,61.0,452.0,195.0,257.0,1.5,100620.0,23.8,1.91,0.36,33.2,0.128,0,1,0,1.0,33.44402845520345,61.6459989222094,0.0224672108545693,34.28855929564539,0.19760475201800093,48817.8768,1.9778362850747762,384.2,0.004230115834576264,5.789193905605743e-06,0.29385649393827734,0.0,0.0,1.1433075461256867,lhs_candidate_000023_june2024_preflight,pa1_candidate_000023
2024-06-19T10:00,33.6,55.0,643.0,364.0,279.0,1.4,100570.0,23.4,2.33,0.51,34.8,0.127,0,1,0,1.0,35.35862494186165,54.78416563649422,0.02206767201886591,34.49136929669365,0.19636297328102226,66399.8896,2.59317026808943,546.55,0.004367134843828457,7.980326304780396e-06,0.28619119309273,0.0,0.0,1.1356476037387784,lhs_candidate_000023_june2024_preflight,pa1_candidate_000023
2024-06-19T11:00,34.5,52.0,737.0,377.0,360.0,0.91,100510.0,23.4,2.6,0.59,36.2,0.126,0,1,0,1.0,36.90037935855546,50.868059159321575,0.02218629286835044,34.79182722255644,0.1948449489656693,77521.66399999999,3.066249331487921,626.4499999999999,0.0040967930634144695,8.864121620856488e-06,0.27682067262758836,0.0,0.0,1.1293263325593945,lhs_candidate_000023_june2024_preflight,pa1_candidate_000023
2024-06-19T12:00,35.2,50.0,832.0,510.0,322.0,0.81,100420.0,23.2,2.84,0.66,37.2,0.126,0,1,0,1.0,38.09378928540422,48.02592432416537,0.02226255843929165,35.15606875505589,0.1931782271493591,84544.7328,3.4606566609031724,707.1999999999999,0.004206033400134454,9.63466010515971e-06,0.26653226635406846,0.0,0.0,1.1239887690782764,lhs_candidate_000023_june2024_preflight,pa1_candidate_000023
2024-06-19T13:00,34.8,51.0,617.0,324.0,293.0,0.71,100390.0,23.3,2.7,0.5,37.1,0.125,0,1,0,1.0,37.73775141765643,47.6284091511584,0.021681852102394053,35.49586488890347,0.19167980157584472,64604.4432,3.420592863361453,524.4499999999999,0.004154355622710177,7.037590205138492e-06,0.25728272577681927,0.0,0.0,1.1249398234514532,lhs_candidate_000023_june2024_preflight,pa1_candidate_000023
2024-06-19T14:00,35.1,50.0,620.0,245.0,375.0,0.0,100320.0,23.1,2.83,0.48,37.2,0.124,0,1,0,1.0,37.576294788520244,48.122361492955754,0.02172710253464866,35.767620472515766,0.19043119518659882,67753.4,3.3588050156810323,527.0,0.0037034209430100674,6.847436105262339e-06,0.24957527892962236,0.0,0.0,1.1247395476335393,lhs_candidate_000023_june2024_preflight,pa1_candidate_000023
2024-06-19T15:00,34.4,52.0,416.0,154.0,262.0,0.4,100290.0,23.2,2.61,0.33,36.7,0.124,0,1,0,1.0,36.71195877326601,49.08755433602811,0.021203696563726532,35.98016738899167,0.189400838898356,45825.788799999995,3.144880245238245,353.59999999999997,0.003718431964874722,4.616003869243021e-06,0.24321505492812343,0.0,0.0,1.12753963801273,lhs_candidate_000023_june2024_preflight,pa1_candidate_000023
2024-06-19T16:00,31.4,69.0,176.0,17.0,159.0,0.51,100310.0,25.0,1.44,0.15,35.0,0.136,0,1,0,1.0,33.740126671305966,62.128506472786356,0.022998393355802834,36.04595539988627,0.18880383930209604,21082.0016,1.9855171311558224,149.6,0.0037960324595205115,2.0237096676266856e-06,0.23952987223516078,0.0,0.0,1.1386854275575238,lhs_candidate_000023_june2024_preflight,pa1_candidate_000023
2024-06-19T17:00,31.0,71.0,93.0,6.0,87.0,0.51,100290.0,25.1,1.31,0.09,33.5,0.143,0,1,0,1.0,31.8891385561633,68.83641564444052,0.02310463721248531,35.974950381286405,0.1885224856124513,11244.868799999998,1.4725009371578803,79.05,0.003009986632581012,1.1259977605854122e-06,0.23779312106451422,0.0,0.0,1.1453665994562081,lhs_candidate_000023_june2024_preflight,pa1_candidate_000023
2024-06-19T18:00,30.5,71.0,43.0,7.0,36.0,0.72,100360.0,24.6,1.27,0.05,32.4,0.147,1,1,0,1.0,31.066050143505553,69.73272473073901,0.022398167380998663,35.850358018068704,0.1883655050154073,5050.5664,1.3649068263583883,36.55,0.0029961553232674036,6.221492010145697e-07,0.23682410503337845,0.0,0.0,1.149267110065065,lhs_candidate_000023_june2024_preflight,pa1_candidate_000023
2024-06-19T19:00,30.0,73.0,0.0,0.0,0.0,0.71,100400.0,24.7,1.14,0.02,31.5,0.147,0,0,0,1.0,30.376979877224954,72.16890207062097,0.022337686214364962,35.69186592905639,0.19469220281886893,0.0,1.2066669927029916,0.0,0.001459668334173875,2.1297924845876802e-07,0.27587779517820327,0.0,0.0,1.15233528653981,lhs_candidate_000023_june2024_preflight,pa1_candidate_000023
2024-06-19T20:00,29.8,75.0,0.0,0.0,0.0,0.94,100480.0,25.0,1.04,0.0,31.1,0.148,0,0,0,1.0,29.986432095454585,74.45366496644816,0.022564095838768373,35.51552104857396,0.194655936409695,0.0,1.083104346301253,0.0,0.001638491859157041,1.9101505390080588e-07,0.27565392845490744,0.0,0.0,1.1547392835654247,lhs_candidate_000023_june2024_preflight,pa1_candidate_000023
2024-06-19T21:00,29.6,78.0,0.0,0.0,0.0,1.08,100570.0,25.3,0.92,0.0,30.7,0.148,0,0,0,1.0,29.76650930662368,77.29946704979555,0.023149422783043654,35.33791476811355,0.19462362956299653,0.0,0.9503736122123767,0.0,0.001835120535321157,1.6748555513860031e-07,0.27545450347528727,0.0,0.0,1.1566126965147545,lhs_candidate_000023_june2024_preflight,pa1_candidate_000023
2024-06-19T22:00,29.5,81.0,0.0,0.0,0.0,0.73,100620.0,25.8,0.8,0.0,30.5,0.148,0,0,0,1.0,29.6264871682952,80.31506343716713,0.023870722457470236,35.161187298276644,0.19459563288760193,0.0,0.8175163129828316,0.0,0.0012847594759401641,1.439815535355028e-07,0.27528168449136997,0.0,0.0,1.1577228787091005,lhs_candidate_000023_june2024_preflight,pa1_candidate_000023
2024-06-19T23:00,29.3,83.0,0.0,0.0,0.0,1.0,100600.0,26.1,0.68,0.0,30.3,0.148,0,0,0,1.0,29.462744050477,82.36024788028043,0.024262096917090515,34.98634859243668,0.19457125148262283,0.0,0.7257082916758439,0.0,0.00171229443760317,1.2774238188339595e-07,0.275131181991499,0.0,0.0,1.1581190777566015,lhs_candidate_000023_june2024_preflight,pa1_candidate_000023
2024-06-20T00:00,29.2,84.0,0.0,0.0,0.0,0.95,100510.0,26.3,0.63,0.0,30.1,0.147,0,0,0,1.0,29.32656702645174,83.58585592695458,0.024441696811552668,34.81279195129459,0.19454922675884942,0.0,0.6700083888029762,0.0,0.0016127925054500666,1.1787956016917679e-07,0.27499522690647793,0.0,0.0,1.1576039138232674,lhs_candidate_000023_june2024_preflight,pa1_candidate_000023
2024-06-20T01:00,29.0,86.0,0.0,0.0,0.0,0.63,100460.0,26.4,0.56,0.0,29.8,0.148,0,0,0,1.0,29.164678552405867,85.30236279136712,0.024725016712506792,34.641063776753356,0.19452913600752894,0.0,0.5943660516439859,0.0,0.0011774438686300347,1.0452408167435197e-07,0.27487120992301817,0.0,0.0,1.1576476333319752,lhs_candidate_000023_june2024_preflight,pa1_candidate_000023
2024-06-20T02:00,29.0,85.0,0.0,0.0,0.0,0.71,100410.0,26.2,0.61,0.0,29.7,0.147,0,0,0,1.0,29.08762580896852,85.11101168550995,0.024566313157956213,34.47109153547115,0.194510502357551,0.0,0.5994316283849339,0.0,0.0012209210336634432,1.05370792459126e-07,0.2747561873922901,0.0,0.0,1.1573664447948844,lhs_candidate_000023_june2024_preflight,pa1_candidate_000023
2024-06-20T03:00,28.9,86.0,0.0,0.0,0.0,0.91,100390.0,26.3,0.56,0.0,29.4,0.147,0,0,0,1.0,29.01732697258638,85.59876602162711,0.0246126924370923,34.3047027484717,0.19449172878873802,0.0,0.5774448804744763,0.0,0.0015458301938602872,1.0146304986589998e-07,0.27464030116504956,0.0,0.0,1.1574051228401887,lhs_candidate_000023_june2024_preflight,pa1_candidate_000023
2024-06-20T04:00,28.8,87.0,0.0,0.0,0.0,0.9,100400.0,26.4,0.52,0.0,29.2,0.147,0,0,0,1.0,28.919767686712422,86.55998270359754,0.02475710970716269,34.14103554233416,0.19447412116115406,0.0,0.5358726287455737,0.0,0.0015325082574359277,9.412111117039645e-08,0.2745316121058893,0.0,0.0,1.1578942573695061,lhs_candidate_000023_june2024_preflight,pa1_candidate_000023
2024-06-20T05:00,28.7,88.0,0.0,0.0,0.0,0.91,100400.0,26.4,0.48,0.0,29.1,0.148,0,0,0,1.0,28.81960270230823,87.53832088620759,0.024900534182259418,33.97977417817652,0.19445784530591365,0.0,0.4939943127404578,0.0,0.0015475231095656143,8.673381621946705e-08,0.2744311438636645,0.0,0.0,1.1582783372874623,lhs_candidate_000023_june2024_preflight,pa1_candidate_000023
2024-06-20T06:00,28.6,89.0,12.0,0.0,12.0,1.12,100420.0,26.5,0.44,0.02,29.2,0.148,1,0,0,1.0,28.749891823262328,88.57410432872229,0.025099500832958643,33.82376038521454,0.1944308440254666,1478.1888,0.4511108078082309,10.2,0.0018862955784467452,2.1339085698348963e-07,0.2742644692930037,0.0,0.0,1.158776578187578,lhs_candidate_000023_june2024_preflight,pa1_candidate_000023
2024-06-20T07:00,28.8,86.0,79.0,4.0,75.0,1.2,100470.0,26.3,0.54,0.07,29.6,0.149,0,0,0,1.0,29.014011780813387,86.99153594265782,0.025008646681721564,33.69117818151622,0.2007199545085112,9590.68,0.5214992121239792,67.14999999999999,0.0020439022430340033,1.1132581858137315e-06,0.31308613894142723,0.0,0.0,1.158340158450072,lhs_candidate_000023_june2024_preflight,pa1_candidate_000023
2024-06-20T08:00,29.6,80.0,217.0,50.0,167.0,1.17,100540.0,25.7,0.84,0.17,30.3,0.152,0,0,0,1.0,30.006238895742996,82.79828443489316,0.025119918252242697,33.621459601575204,0.20035907115572013,24971.4608,0.7301412101594158,184.45,0.0021022491279334607,2.896498003121043e-06,0.31085846392419836,0.0,0.0,1.155353327098316,lhs_candidate_000023_june2024_preflight,pa1_candidate_000023
2024-06-20T09:00,30.1,76.0,293.0,55.0,238.0,0.71,100550.0,25.4,1.01,0.23,30.7,0.155,0,1,0,1.0,30.974406866964333,76.36454799672663,0.02440804318720118,33.62549554239513,0.19974783652354194,34157.411199999995,1.0602983120017555,249.04999999999998,0.0031856868065657526,3.878095544590013e-06,0.30708541063914785,0.0,0.0,1.151789854631513,lhs_candidate_000023_june2024_preflight,pa1_candidate_000023
2024-06-20T10:00,30.2,76.0,233.0,21.0,212.0,0.2,100560.0,25.4,1.05,0.19,30.9,0.154,0,1,0,1.0,31.216900926002356,75.24261798987654,0.024364094605210454,33.64744392268196,0.1991196189343872,27962.6688,1.1260566115222153,198.04999999999998,0.0029214336514443865,3.099878015982223e-06,0.3032075242863408,0.0,0.0,1.1509866626291063,lhs_candidate_000023_june2024_preflight,pa1_candidate_000023
2024-06-20T11:00,31.3,69.0,557.0,171.0,386.0,0.32,100540.0,24.9,1.43,0.43,32.3,0.155,0,1,0,1.0,32.68272653132242,70.41372098822491,0.02465156100903285,33.7416274755084,0.19820567109709417,62596.4064,1.4619520904940622,473.45,0.003206137009548268,7.038399721573716e-06,0.2975658709697171,0.0,0.0,1.1452422806783458,lhs_candidate_000023_june2024_preflight,pa1_candidate_000023
2024-06-20T12:00,31.7,67.0,539.0,156.0,383.0,0.58,100520.0,24.9,1.54,0.42,33.1,0.155,0,1,0,1.0,33.70275462683593,65.27184829647571,0.024114587194069285,33.935473338995195,0.19696723597979401,60906.8592,1.8169263475748911,458.15,0.003680620016921176,6.710575549764875e-06,0.2899212097518149,0.0,0.0,1.1412082495133269,lhs_candidate_000023_june2024_preflight,pa1_candidate_000023
2024-06-20T13:00,32.0,66.0,565.0,245.0,320.0,0.95,100490.0,24.9,1.61,0.44,33.5,0.155,0,1,0,1.0,34.13235921330241,63.49460769048959,0.02399262507934438,34.13934796400611,0.1957454176994917,60978.368,1.956173076534271,480.25,0.004031719394808665,6.8606078569313234e-06,0.28237912160180056,0.0,0.0,1.1392726365845884,lhs_candidate_000023_june2024_preflight,pa1_candidate_000023
2024-06-20T14:00,29.0,81.0,220.0,40.0,180.0,0.86,100460.0,25.5,0.74,0.18,32.3,0.164,0,1,0,1.0,31.572426785700888,72.55874794383793,0.023946038377206675,34.24939433984408,0.1948848787457294,25692.832,1.273573285796667,187.0,0.004141302243271214,2.71187135433468e-06,0.27706715275141613,0.0,0.0,1.148500541424974,lhs_candidate_000023_june2024_preflight,pa1_candidate_000023
2024-06-20T15:00,28.2,84.0,173.0,51.0,122.0,0.78,100410.0,25.2,0.62,0.14,31.1,0.189,0,0,0,1.0,29.542852353975874,81.40947254984529,0.024086496365176967,34.205355680088005,0.19445604561176186,19516.2528,0.7683591613930001,147.04999999999998,0.002132128426777236,2.071211856354107e-06,0.2744200346405053,0.0,0.0,1.1556258555346026,lhs_candidate_000023_june2024_preflight,pa1_candidate_000023
2024-06-20T16:00,27.9,89.0,111.0,2.0,109.0,0.58,100390.0,25.9,0.42,0.09,30.3,0.196,0,0,0,1.0,28.748799494336804,87.36913121586089,0.024756567933524477,34.110177127916096,0.1941511801572786,13602.8816,0.49865334295694863,94.35,0.0016597018379664462,1.3208013627019735e-06,0.2725381491190038,0.0,0.0,1.158434590593853,lhs_candidate_000023_june2024_preflight,pa1_candidate_000023
2024-06-20T17:00,26.7,98.0,47.0,0.0,47.0,0.71,100360.0,26.3,0.08,0.04,29.7,0.202,0,0,0,1.0,27.621536685848426,94.15210147230073,0.02507964855408952,33.97023591577447,0.19398197356566954,5789.5728,0.21622190865469015,39.949999999999996,0.0018317529008465994,5.579973647933869e-07,0.2714936639856145,0.0,0.0,1.1624288143628911,lhs_candidate_000023_june2024_preflight,pa1_candidate_000023
2024-06-20T18:00,26.7,99.0,20.0,0.0,20.0,1.14,100320.0,26.5,0.05,0.02,29.4,0.204,1,0,0,1.0,27.004093741576934,97.76794906857964,0.02517015000455648,33.79104456158477,0.19391123420686193,2463.648,0.07959932326664898,17.0,0.0020053861377961764,2.349116710801616e-07,0.27105700127692556,0.0,0.0,1.1643557743349735,lhs_candidate_000023_june2024_preflight,pa1_candidate_000023
2024-06-20T19:00,26.6,98.0,0.0,0.0,0.0,0.95,100370.0,26.2,0.07,0.01,29.0,0.211,0,0,0,1.0,26.79069854060615,97.33613110856892,0.02476457956660273,33.59898026455439,0.2002964774599593,0.0,0.09381598212336861,0.0,0.0016574689295530984,1.8635132950607656e-08,0.3104720830861685,0.0,0.0,1.1657648982666677,lhs_candidate_000023_june2024_preflight,pa1_candidate_000023
2024-06-20T20:00,26.5,97.0,0.0,0.0,0.0,0.85,100440.0,26.1,0.09,0.0,28.8,0.217,0,0,0,1.0,26.65332470446506,96.50853078177944,0.024367671608741603,33.40397746774471,0.2002926267134426,0.0,0.12197327834429261,0.0,0.0014835503616157418,2.4226301156440382e-08,0.31044831304594206,0.0,0.0,1.167112466880937,lhs_candidate_000023_june2024_preflight,pa1_candidate_000023
2024-06-20T21:00,26.5,97.0,0.0,0.0,0.0,0.76,100520.0,26.0,0.09,0.0,28.6,0.22,0,0,0,1.0,26.607562084916125,96.49583711264478,0.02430266815644278,33.21243047471398,0.2002882099975791,0.0,0.12208758914476059,0.0,0.0013137332189299155,2.4246875982163924e-08,0.3104210493677722,0.0,0.0,1.168220386269465,lhs_candidate_000023_june2024_preflight,pa1_candidate_000023
2024-06-20T22:00,26.5,97.0,0.0,0.0,0.0,1.04,100600.0,26.0,0.1,0.0,28.5,0.224,0,0,0,1.0,26.599399724295438,96.52357583313334,0.024298642652421397,33.02589563933666,0.20028386960231695,0.0,0.12106299097783957,0.0,0.0017329460259585627,2.4041313235484977e-08,0.3103942568044256,0.0,0.0,1.1691819645993677,lhs_candidate_000023_june2024_preflight,pa1_candidate_000023
2024-06-20T23:00,26.5,97.0,0.0,0.0,0.0,0.95,100580.0,26.1,0.09,0.0,28.4,0.226,0,0,0,1.0,26.595925546917982,96.5435148988806,0.024298975511599194,32.844567439102796,0.20027955523414234,0.0,0.120344027039188,0.0,0.0015921515546990588,2.3896487167556558e-08,0.3103676249021132,0.0,0.0,1.1689630714580395,lhs_candidate_000023_june2024_preflight,pa1_candidate_000023
2024-06-21T00:00,27.8,87.0,0.0,0.0,0.0,1.08,100550.0,25.3,0.5,0.0,28.3,0.228,0,0,0,1.0,27.363356706643717,89.7524496617411,0.02356986010555628,32.675176111725065,0.20027168304285362,0.0,0.37322114359551284,0.0,0.001993706995177972,7.409821746128158e-08,0.31031903112872605,0.0,0.0,1.1656300745299013,lhs_candidate_000023_june2024_preflight,pa1_candidate_000023
2024-06-21T01:00,27.9,84.0,0.0,0.0,0.0,1.1,100440.0,25.0,0.59,0.0,28.1,0.228,0,0,0,1.0,27.871814749362798,84.7344853368416,0.022883967034646426,32.52885284804331,0.20025420157470517,0.0,0.5727330474771852,0.0,0.001781341895190197,1.1366917729554184e-07,0.31021112083151337,0.0,0.0,1.1623881749775258,lhs_candidate_000023_june2024_preflight,pa1_candidate_000023
2024-06-21T02:00,28.0,84.0,0.0,0.0,0.0,1.14,100400.0,24.9,0.62,0.0,28.0,0.228,0,0,0,1.0,28.01064577315101,84.12368130880623,0.022892927553831287,32.392606881085,0.20023299236911238,0.0,0.6004858770956214,0.0,0.0018342064461299627,1.1912692826149099e-07,0.3100801998093357,0.0,0.0,1.1613896245688264,lhs_candidate_000023_june2024_preflight,pa1_candidate_000023
2024-06-21T03:00,27.5,85.0,0.0,0.0,0.0,1.3,100330.0,24.7,0.55,0.0,27.8,0.228,0,0,0,1.0,27.753729965128464,84.18369386014854,0.022588076351736035,32.259665931571625,0.20021156861124367,0.0,0.5893260086482521,0.0,0.0022160482200715365,1.1686312439326974e-07,0.3099479543903931,0.0,0.0,1.161570810089922,lhs_candidate_000023_june2024_preflight,pa1_candidate_000023
2024-06-21T04:00,27.3,85.0,0.0,0.0,0.0,1.26,100360.0,24.6,0.54,0.0,27.7,0.228,0,0,0,1.0,27.4628210678004,84.55821135634983,0.02232796269957626,32.12293794041391,0.2001910519947301,0.0,0.5656790807905261,0.0,0.0021082987370401513,1.1212811289811038e-07,0.3098213086094452,0.0,0.0,1.1630425460296014,lhs_candidate_000023_june2024_preflight,pa1_candidate_000023
2024-06-21T05:00,27.4,84.0,0.0,0.0,0.0,1.17,100330.0,24.5,0.59,0.0,27.6,0.228,0,0,0,1.0,27.433434237782098,84.1450818913196,0.02218289861069216,31.986339102858132,0.20017075432499265,0.0,0.5798161494129208,0.0,0.0018956405236430604,1.1488386401933498e-07,0.3096960143518065,0.0,0.0,1.1628085568354323,lhs_candidate_000023_june2024_preflight,pa1_candidate_000023
2024-06-21T06:00,27.4,85.0,9.0,0.0,9.0,0.86,100440.0,24.6,0.56,0.02,27.6,0.227,1,0,0,1.0,27.48119720474894,84.9569268811015,0.022455984127431324,31.856393564887668,0.20014021790065484,1108.6416,0.5516652350841107,7.6499999999999995,0.001443140840849954,2.228522909725706e-07,0.3095075179052768,0.0,0.0,1.1638984946616426,lhs_candidate_000023_june2024_preflight,pa1_candidate_000023
2024-06-21T07:00,27.7,86.0,64.0,1.0,63.0,1.06,100510.0,25.2,0.52,0.06,28.4,0.227,0,0,0,1.0,27.8102377562542,87.05098530263264,0.0234301291491985,31.74785226801831,0.2064370244451597,7848.4911999999995,0.48408156259777213,54.4,0.001770415417229709,1.0172685104943866e-06,0.34837669410592415,0.0,0.0,1.1634362746391407,lhs_candidate_000023_june2024_preflight,pa1_candidate_000023
2024-06-21T08:00,28.6,83.0,160.0,19.0,141.0,0.85,100570.0,25.5,0.65,0.13,28.5,0.228,0,0,0,1.0,28.77187625984559,87.0014829147114,0.024683463283475045,31.690052773168254,0.2061317861471519,19040.7184,0.5138537566313013,136.0,0.0014966003619087136,2.3750495356842416e-06,0.3464925070811847,0.0,0.0,1.1604229709623293,lhs_candidate_000023_june2024_preflight,pa1_candidate_000023
2024-06-21T09:00,29.4,75.0,343.0,91.0,252.0,0.67,100550.0,24.6,1.02,0.26,32.5,0.227,0,1,0,1.0,30.175588377254286,78.43440161737293,0.02401466801230901,31.72344821395329,0.20547046695566615,39049.9648,0.9242985391894734,291.55,0.003083790142109759,4.9926910909382806e-06,0.34241028984979105,0.0,0.0,1.1548231332845351,lhs_candidate_000023_june2024_preflight,pa1_candidate_000023
2024-06-21T10:00,30.9,66.0,532.0,203.0,329.0,0.57,100520.0,23.8,1.52,0.41,31.9,0.227,0,1,0,1.0,32.10750380632281,68.88042190353517,0.02338971913650181,31.87538817832379,0.2043350153788392,58391.0096,1.488678658966899,452.2,0.0032581641348004347,7.597072668763818e-06,0.33540132949900736,0.0,0.0,1.147172110757398,lhs_candidate_000023_june2024_preflight,pa1_candidate_000023
2024-06-21T11:00,31.7,64.0,700.0,388.0,312.0,0.42,100480.0,24.2,1.67,0.54,32.6,0.225,0,1,0,1.0,33.83226506524677,64.18983563379072,0.023876683088842963,32.145882971658345,0.20277520841906704,72576.90879999999,1.8871179147581403,595.0,0.0036521824298798777,9.694248956576316e-06,0.3257728914757225,0.0,0.0,1.1402728634700938,lhs_candidate_000023_june2024_preflight,pa1_candidate_000023
2024-06-21T12:00,32.2,64.0,761.0,462.0,299.0,0.36,100450.0,24.5,1.72,0.59,33.5,0.223,0,1,0,1.0,34.87326062811036,62.197325916818386,0.02442959798672557,32.49076946367257,0.20098361742095974,77487.5376,2.110679773139732,646.85,0.003872241594614358,1.0193161073444906e-05,0.3147136877837021,0.0,0.0,1.1360798996080315,lhs_candidate_000023_june2024_preflight,pa1_candidate_000023
2024-06-21T13:00,32.0,64.0,543.0,271.0,272.0,0.67,100360.0,24.3,1.71,0.43,33.4,0.221,0,1,0,1.0,34.52833067037589,60.85740117130987,0.023477225500497825,32.800456062239974,0.19942317803823129,57353.612799999995,2.144132608145266,461.55,0.0039730118196575,7.175113695912289e-06,0.30508134591500796,0.0,0.0,1.1363344959070218,lhs_candidate_000023_june2024_preflight,pa1_candidate_000023
2024-06-21T14:00,28.8,81.0,207.0,9.0,198.0,0.73,100320.0,25.2,0.76,0.17,32.0,0.225,0,1,0,1.0,31.400002412468996,72.50145247432046,0.023707658397848937,32.94175585873258,0.19852965625055322,25182.115199999997,1.2638106806199665,175.95,0.004055074085551992,2.7713758400371126e-06,0.2995657793244026,0.0,0.0,1.147549333343815,lhs_candidate_000023_june2024_preflight,pa1_candidate_000023
2024-06-21T15:00,29.0,80.0,268.0,55.0,213.0,0.81,100250.0,25.3,0.78,0.21,31.5,0.225,0,1,0,1.0,30.125718106242132,78.46919673018174,0.02396071305335869,32.95562237078415,0.19797555268769507,31077.851199999997,0.9201743205787074,227.79999999999998,0.003433791393614211,3.4114217425889873e-06,0.29614538696108067,0.0,0.0,1.1515669453010062,lhs_candidate_000023_june2024_preflight,pa1_candidate_000023
2024-06-21T16:00,29.4,77.0,283.0,81.0,202.0,0.71,100260.0,24.9,0.95,0.22,31.4,0.226,0,1,0,1.0,30.425087254950135,76.43288579661983,0.02371888620464333,32.98134327965828,0.19734788724615976,32010.8448,1.0246092555215833,240.54999999999998,0.003277176460940963,3.5651276422522694e-06,0.2922709089269121,0.0,0.0,1.1505460892007577,lhs_candidate_000023_june2024_preflight,pa1_candidate_000023
2024-06-21T17:00,28.9,80.0,203.0,90.0,113.0,0.61,100200.0,25.2,0.78,0.15,30.9,0.225,0,1,0,1.0,30.082027026030477,77.60500791018227,0.023640972793213873,32.99396418549494,0.1967956557543608,21839.6112,0.9547139832031482,172.54999999999998,0.0032801319286437465,2.568102261841741e-06,0.2888620725577828,0.0,0.0,1.1511584380619273,lhs_candidate_000023_june2024_preflight,pa1_candidate_000023
2024-06-21T18:00,28.8,81.0,56.0,18.0,38.0,0.92,100310.0,25.2,0.76,0.05,30.3,0.225,1,0,0,1.0,29.409342253295645,80.18411778568013,0.02355265180307217,32.94259427013154,0.19649338024312277,6264.9312,0.8127315910222883,47.6,0.0018786716403906114,8.047372275393778e-07,0.28699617434026403,0.0,0.0,1.1549843825656725,lhs_candidate_000023_june2024_preflight,pa1_candidate_000023
2024-06-21T19:00,28.6,82.0,0.0,0.0,0.0,0.99,100350.0,25.3,0.7,0.02,29.8,0.225,0,0,0,1.0,28.86038508346733,81.35642070795994,0.02319361301181314,32.83344077428715,0.2028083756043047,0.0,0.7407974005982108,0.0,0.0017603538663126756,1.5449710806445635e-07,0.3259776271870661,0.0,0.0,1.1575451736562998,lhs_candidate_000023_june2024_preflight,pa1_candidate_000023
2024-06-21T20:00,28.5,83.0,0.0,0.0,0.0,0.72,100440.0,25.4,0.65,0.0,29.5,0.224,0,0,0,1.0,28.617113514756674,82.74174239189163,0.023277357390141182,32.705955478371045,0.202781843100148,0.0,0.6761601533350805,0.0,0.0012622973218210562,1.4094582670865341e-07,0.32581384629720983,0.0,0.0,1.159517330432443,lhs_candidate_000023_june2024_preflight,pa1_candidate_000023
2024-06-21T21:00,28.4,85.0,0.0,0.0,0.0,0.99,100490.0,25.6,0.59,0.0,29.2,0.224,0,0,0,1.0,28.501829390188142,84.56036300834786,0.0236395304466971,32.578538704908695,0.20275782917890395,0.0,0.6008786334193559,0.0,0.0016571693032613223,1.251963808864204e-07,0.3256656122154565,0.0,0.0,1.160537909763655,lhs_candidate_000023_june2024_preflight,pa1_candidate_000023
2024-06-21T22:00,27.9,90.0,0.0,0.0,0.0,0.92,100510.0,26.0,0.39,0.0,28.9,0.224,0,0,0,1.0,28.164150421525566,88.51426833027607,0.024291491396854985,32.450239344430265,0.20273807647147454,0.0,0.43831950279088616,0.0,0.0016628037498267884,9.129209561964581e-08,0.3255436819226824,0.0,0.0,1.1620697446163888,lhs_candidate_000023_june2024_preflight,pa1_candidate_000023
2024-06-21T23:00,28.1,88.0,0.0,0.0,0.0,1.06,100510.0,25.8,0.47,0.0,28.4,0.223,0,0,0,1.0,28.101736164559608,88.35111582075054,0.024163854137311088,32.319427446712275,0.20272217940813397,0.0,0.44293475417628914,0.0,0.0017005961078070334,9.222554037629058e-08,0.3254455519020616,0.0,0.0,1.162310505783698,lhs_candidate_000023_june2024_preflight,pa1_candidate_000023
2024-06-22T00:00,28.0,88.0,0.0,0.0,0.0,0.94,100460.0,25.8,0.47,0.0,28.1,0.223,0,0,0,1.0,28.091465247153828,87.85906633286139,0.024015742836860768,32.19289210699979,0.2027050694541785,0.0,0.46136854679298844,0.0,0.0015733227013169113,9.603255192699374e-08,0.32533993490233637,0.0,0.0,1.1617719089919214,lhs_candidate_000023_june2024_preflight,pa1_candidate_000023
2024-06-22T01:00,28.3,86.0,0.0,0.0,0.0,1.04,100400.0,25.6,0.55,0.0,27.9,0.223,0,0,0,1.0,28.236992822418465,86.61559191139997,0.023865535880683235,32.070590208559274,0.20268703798080578,0.0,0.5129446367100128,0.0,0.001709012162217287,1.0673144098976651e-07,0.32522862951114684,0.0,0.0,1.1605174000839231,lhs_candidate_000023_june2024_preflight,pa1_candidate_000023
2024-06-22T02:00,27.4,92.0,0.0,0.0,0.0,0.8,100350.0,26.1,0.28,0.0,27.6,0.223,0,0,0,1.0,27.805421917726523,89.92326048272518,0.024196805344541102,31.95085001179008,0.2026696498387532,0.0,0.37659963503556826,0.0,0.0015970646984456685,7.833546431280991e-08,0.3251212953009458,0.0,0.0,1.161602809545054,lhs_candidate_000023_june2024_preflight,pa1_candidate_000023
2024-06-22T03:00,27.2,93.0,0.0,0.0,0.0,0.91,100310.0,26.0,0.25,0.0,27.5,0.223,0,0,0,1.0,27.3821197366629,92.22047214750442,0.024243071117870336,31.82208860321782,0.202657703757862,0.0,0.28364565423166166,0.0,0.0015924612565144333,5.898697799251036e-08,0.3250475540608765,0.0,0.0,1.1627752647806846,lhs_candidate_000023_june2024_preflight,pa1_candidate_000023
2024-06-22T04:00,27.2,93.0,0.0,0.0,0.0,1.04,100270.0,25.9,0.26,0.0,27.3,0.223,0,0,0,1.0,27.277541846456916,92.72716531550057,0.024235977457535206,31.691474248826516,0.20264759300514065,0.0,0.263553459902818,0.0,0.0017186309432208151,5.47980795502352e-08,0.3249851420070411,0.0,0.0,1.1627161890998532,lhs_candidate_000023_june2024_preflight,pa1_candidate_000023
2024-06-22T05:00,26.8,93.0,0.0,0.0,0.0,0.95,100270.0,25.7,0.23,0.0,27.1,0.222,0,0,0,1.0,27.02755044947869,92.28670571589093,0.023789870773666462,31.561510413592405,0.20263746050852588,0.0,0.2754499863946047,0.0,0.0016820790476042439,5.7260584902852067e-08,0.32492259573164123,0.0,0.0,1.1636845128268178,lhs_candidate_000023_june2024_preflight,pa1_candidate_000023
2024-06-22T06:00,27.1,92.0,18.0,5.0,13.0,1.14,100290.0,25.8,0.27,0.01,27.2,0.222,1,0,0,1.0,27.107584973195358,92.44013735708837,0.023935135486126594,31.43561012342383,0.20260593130752205,2041.3711999999998,0.27124073049959385,15.299999999999999,0.0018323570650702087,2.947513796769557e-07,0.3247279710340868,0.0,0.0,1.1636063777050425,lhs_candidate_000023_june2024_preflight,pa1_candidate_000023
2024-06-22T07:00,28.7,85.0,145.0,71.0,74.0,0.81,100450.0,26.0,0.57,0.1,29.1,0.222,0,0,0,1.0,28.482731652823542,90.30946467118571,0.025220380312906552,31.360434033672032,0.2087864140092008,15363.497599999997,0.3767179421769882,123.25,0.0014733158855761747,2.233527282329696e-06,0.36287909882222724,0.0,0.0,1.1601494078371397,lhs_candidate_000023_june2024_preflight,pa1_candidate_000023
2024-06-22T08:00,29.9,75.0,345.0,226.0,119.0,0.42,100450.0,25.0,1.05,0.25,30.2,0.221,0,1,0,1.0,30.45080928440974,83.04280136307392,0.02580583253406598,31.400576224474097,0.20811776937934745,34546.705599999994,0.7383199799154676,293.25,0.002682332314581476,5.217542768280454e-06,0.3587516628354781,0.0,0.0,1.1526287951475886,lhs_candidate_000023_june2024_preflight,pa1_candidate_000023
2024-06-22T09:00,30.7,70.0,478.0,328.0,150.0,0.73,100490.0,24.5,1.34,0.36,31.3,0.22,0,1,0,1.0,32.00208230473837,71.54454617953984,0.02415847963255777,31.554388606602824,0.2069984932777327,47341.36,1.3531521304604626,406.3,0.0034475550015598587,7.164052882348323e-06,0.3518425510971155,0.0,0.0,1.1472259370239781,lhs_candidate_000023_june2024_preflight,pa1_candidate_000023
2024-06-22T10:00,30.8,68.0,440.0,183.0,257.0,0.22,100450.0,24.1,1.44,0.34,31.5,0.218,0,1,0,1.0,32.50027636989809,67.85061089826912,0.02352567288472436,31.749126166622048,0.20576608061389773,47761.8768,1.5723800136961255,374.0,0.00335453716617089,6.523913096990571e-06,0.34423506551788724,0.0,0.0,1.1449001099145932,lhs_candidate_000023_june2024_preflight,pa1_candidate_000023
2024-06-22T11:00,31.1,65.0,574.0,306.0,268.0,0.5,100430.0,23.9,1.56,0.44,32.1,0.217,0,1,0,1.0,33.04797408844828,65.08857032840535,0.023231642430517726,31.968280844005363,0.2044354619249548,59940.8832,1.760827591005563,487.9,0.003606785429125869,8.24523538868185e-06,0.3360213699071284,0.0,0.0,1.142624675359492,lhs_candidate_000023_june2024_preflight,pa1_candidate_000023
2024-06-22T12:00,31.4,64.0,624.0,267.0,357.0,1.06,100400.0,23.9,1.63,0.48,32.8,0.215,0,1,0,1.0,33.63052411851853,62.56686716265829,0.02302765231390209,32.236212512598826,0.20290760179268022,67472.11679999999,1.9505672126963303,530.4,0.004177366159058089,8.719477473817441e-06,0.32659013452271746,0.0,0.0,1.1401142570388871,lhs_candidate_000023_june2024_preflight,pa1_candidate_000023
2024-06-22T13:00,31.0,65.0,455.0,225.0,230.0,0.89,100370.0,23.7,1.57,0.36,32.7,0.213,0,1,0,1.0,33.174832502500195,62.38750171226198,0.022417162827515814,32.47334705654652,0.20155785476647717,48131.952,1.910597224842117,386.75,0.003998210549875808,6.295179742691267e-06,0.3182583627560319,0.0,0.0,1.1414691230341867,lhs_candidate_000023_june2024_preflight,pa1_candidate_000023
2024-06-22T14:00,30.3,68.0,356.0,161.0,195.0,1.1,100280.0,23.7,1.38,0.29,32.4,0.213,0,1,0,1.0,32.16801835072724,65.07525260189395,0.022168820443373205,32.62575945170744,0.20055442789746916,38188.568,1.676425032853278,302.59999999999997,0.0040764519598230214,4.865844432604238e-06,0.312064369737464,0.0,0.0,1.144206311765826,lhs_candidate_000023_june2024_preflight,pa1_candidate_000023
2024-06-22T15:00,30.3,68.0,389.0,151.0,238.0,1.3,100260.0,23.7,1.38,0.31,32.3,0.212,0,1,0,1.0,31.852026853908182,66.26962102358067,0.02219916190823385,32.74214129381237,0.199651257129834,42605.411199999995,1.5904416603401628,330.65,0.004175401672952429,5.174571978390194e-06,0.3064892415421852,0.0,0.0,1.1451633060368502,lhs_candidate_000023_june2024_preflight,pa1_candidate_000023
2024-06-22T16:00,29.7,71.0,298.0,169.0,129.0,1.2,100260.0,23.8,1.22,0.23,31.8,0.213,0,1,0,1.0,31.27409883522528,68.22128875829797,0.02215829372516069,32.8354378928358,0.1988309506332276,30762.529599999998,1.4501182254042009,253.29999999999998,0.00406793170624653,3.943265354839213e-06,0.3014256211927629,0.0,0.0,1.147337319076746,lhs_candidate_000023_june2024_preflight,pa1_candidate_000023
2024-06-22T17:00,28.9,77.0,100.0,28.0,72.0,0.76,100220.0,24.4,0.93,0.09,30.9,0.216,0,0,0,1.0,29.98654788826187,73.9528735745361,0.022412465177051373,32.84039866024704,0.1983483326494804,11333.1328,1.1043440553891424,85.0,0.001973344155762207,1.4281147645467817e-06,0.2984464978362988,0.0,0.0,1.1517508637827023,lhs_candidate_000023_june2024_preflight,pa1_candidate_000023
2024-06-22T18:00,28.5,79.0,19.0,2.0,17.0,1.0,100360.0,24.6,0.8,0.04,30.0,0.22,1,0,0,1.0,28.991977109162853,77.85503410078834,0.022355199900783166,32.75556280254638,0.19818508277110258,2270.1007999999997,0.8866447490476461,16.15,0.0019144153710026314,3.9922194054624747e-07,0.2974387825376703,0.0,0.0,1.157156328058041,lhs_candidate_000023_june2024_preflight,pa1_candidate_000023
2024-06-22T19:00,28.2,81.0,0.0,0.0,0.0,1.08,100470.0,24.6,0.73,0.02,29.4,0.226,0,0,0,1.0,28.442823257788316,80.22819392790883,0.022356158772150986,32.63385429164441,0.20454067555069422,0.0,0.7668478776552474,0.0,0.0018813239772191219,1.651763362639196e-07,0.3366708367326804,0.0,0.0,1.1605339460777713,lhs_candidate_000023_june2024_preflight,pa1_candidate_000023
2024-06-22T20:00,28.1,82.0,0.0,0.0,0.0,1.36,100510.0,24.6,0.7,0.0,28.9,0.232,0,0,0,1.0,28.21478500075691,81.67188323770297,0.022476002293965503,32.5027725114032,0.20451237382116244,0.0,0.7015014111606326,0.0,0.002238375913374466,1.510225293049105e-07,0.3364961346985336,0.0,0.0,1.1618744964802936,lhs_candidate_000023_june2024_preflight,pa1_candidate_000023
2024-06-22T21:00,26.1,97.0,0.0,0.0,0.0,0.89,100560.0,25.6,0.1,0.0,28.5,0.241,0,0,0,1.0,26.972154254775322,91.99888147993462,0.023643088456048993,32.361946722878734,0.20449224755410453,0.0,0.28480140269264487,0.0,0.0019973630321700286,6.129075073159453e-08,0.33637189848212673,0.0,0.0,1.1672655235381022,lhs_candidate_000023_june2024_preflight,pa1_candidate_000023
2024-06-22T22:00,26.2,97.0,0.0,0.0,0.0,0.94,100550.0,25.7,0.1,0.0,28.3,0.25,0,0,0,1.0,26.33298485797207,96.26915533440139,0.02387846963839792,32.19787981210518,0.20448545728353043,0.0,0.12789994392381576,0.0,0.0016030392422200725,2.7521306708874254e-08,0.33632998323166935,0.0,0.0,1.169640427289442,lhs_candidate_000023_june2024_preflight,pa1_candidate_000023
2024-06-22T23:00,26.2,97.0,0.0,0.0,0.0,0.94,100540.0,25.7,0.1,0.0,28.1,0.256,0,0,0,1.0,26.292574053097958,96.56631954842335,0.02389838847851636,32.033546289343555,0.20448079210617276,0.0,0.11743243490193311,0.0,0.0015745029443314262,2.5266761162943877e-08,0.3363011858405726,0.0,0.0,1.1696819343287534,lhs_candidate_000023_june2024_preflight,pa1_candidate_000023
2024-06-23T00:00,26.1,97.0,0.0,0.0,0.0,0.91,100510.0,25.6,0.09,0.0,27.9,0.258,0,0,0,1.0,26.2269827809786,96.47498842478672,0.02378878279412897,31.87298309118423,0.20447618731674932,0.0,0.1200903597263947,0.0,0.0015536100297899836,2.5836456317098126e-08,0.336272761214502,0.0,0.0,1.169589106607476,lhs_candidate_000023_june2024_preflight,pa1_candidate_000023
2024-06-23T01:00,26.0,97.0,0.0,0.0,0.0,0.71,100470.0,25.6,0.09,0.0,27.8,0.26,0,0,0,1.0,26.13063465270508,96.48457793033748,0.023663828612246526,31.715028593895816,0.20447154946134516,0.0,0.11908440916522922,0.0,0.0012606243267303593,2.5617853127822993e-08,0.3362441324774393,0.0,0.0,1.169500023582409,lhs_candidate_000023_june2024_preflight,pa1_candidate_000023
2024-06-23T02:00,27.3,89.0,0.0,0.0,0.0,0.54,100450.0,25.4,0.38,0.0,27.8,0.26,0,0,0,1.0,26.853399202112794,91.68538410059313,0.02340808609204572,31.56661673511019,0.20446437340868373,0.0,0.29390425232300776,0.0,0.0013229560906476636,6.321737774233796e-08,0.33619983585607244,0.0,0.0,1.1664502333707478,lhs_candidate_000023_june2024_preflight,pa1_candidate_000023
2024-06-23T03:00,27.4,89.0,0.0,0.0,0.0,0.54,100410.0,25.4,0.41,0.0,27.7,0.259,0,0,0,1.0,27.361681228824906,89.37697401820265,0.02346908673007373,31.4402674166335,0.20445051130640873,0.0,0.3868582386855679,0.0,0.0009139230450063142,8.319015022108245e-08,0.33611426732351074,0.0,0.0,1.1640136085073418,lhs_candidate_000023_june2024_preflight,pa1_candidate_000023
2024-06-23T04:00,27.4,89.0,0.0,0.0,0.0,0.85,100440.0,25.4,0.4,0.0,27.7,0.259,0,0,0,1.0,27.444833785886615,89.03120770911875,0.023485771760630953,31.32298350465086,0.2044352113506692,0.0,0.40139744299881874,0.0,0.0013990732187049893,8.629241255391316e-08,0.336019823152279,0.0,0.0,1.1640392932506989,lhs_candidate_000023_june2024_preflight,pa1_candidate_000023
2024-06-23T05:00,27.3,90.0,0.0,0.0,0.0,0.85,100440.0,25.4,0.37,0.0,27.5,0.258,0,0,0,1.0,27.39331924044058,89.66322631797865,0.023585385945656737,31.209261214374166,0.20442003777838005,0.0,0.377131160117528,0.0,0.0014373121603716119,8.105304817399434e-08,0.3359261591258028,0.0,0.0,1.1642388150874332,lhs_candidate_000023_june2024_preflight,pa1_candidate_000023
2024-06-23T06:00,27.2,91.0,13.0,2.0,11.0,0.72,100540.0,25.5,0.33,0.01,27.6,0.263,1,0,0,1.0,27.33223820283563,90.86772204798325,0.023821797436728475,31.100126649632287,0.2043902738440963,1531.0064,0.3319972746976054,11.049999999999999,0.0012760662173643465,2.493314221195159e-07,0.33574243113639696,0.0,0.0,1.1656348519421516,lhs_candidate_000023_june2024_preflight,pa1_candidate_000023
2024-06-23T07:00,28.2,87.0,133.0,65.0,68.0,0.82,100620.0,25.7,0.51,0.09,29.1,0.263,0,0,0,1.0,28.196459706067802,91.62939501070831,0.02519097919296699,31.03046906869978,0.2105868933608576,14096.403199999999,0.3200404534208503,113.05,0.0013176741075125458,2.1053279459268027e-06,0.37399316889418266,0.0,0.0,1.163216805904455,lhs_candidate_000023_june2024_preflight,pa1_candidate_000023
2024-06-23T08:00,28.6,84.0,198.0,66.0,132.0,1.14,100620.0,25.7,0.62,0.15,28.9,0.264,0,0,0,1.0,29.113370933679914,86.91309894990901,0.025121648052317414,31.02739645261716,0.21011627393332297,22068.0768,0.5276633583039771,168.29999999999998,0.0021171276909461452,3.122060385255634e-06,0.3710881106995245,0.0,0.0,1.1596882058422433,lhs_candidate_000023_june2024_preflight,pa1_candidate_000023
2024-06-23T09:00,28.7,84.0,289.0,103.0,186.0,0.5,100640.0,25.7,0.63,0.22,29.3,0.271,0,0,0,1.0,29.69023703137791,87.76871005056329,0.026176340233585563,31.075235703592522,0.2094340021220505,31975.9264,0.5098316065268196,245.65,0.0016854050535402886,4.4441207176842265e-06,0.36687655630895366,0.0,0.0,1.1577092398271895,lhs_candidate_000023_june2024_preflight,pa1_candidate_000023
2024-06-23T10:00,29.0,82.0,398.0,166.0,232.0,0.41,100650.0,25.6,0.72,0.3,29.9,0.276,0,1,0,1.0,30.305098007302043,82.45428105124857,0.025422492697945866,31.178952411119376,0.20849090791529046,43186.3168,0.7576039560423178,338.3,0.00321183223040079,6.035977278494536e-06,0.3610549871314226,0.0,0.0,1.155478290005965,lhs_candidate_000023_june2024_preflight,pa1_candidate_000023
2024-06-23T11:00,29.0,82.0,306.0,97.0,209.0,0.28,100590.0,25.6,0.72,0.24,30.0,0.279,0,1,0,1.0,30.343837435600776,81.04808793494296,0.025041187684140608,31.292472359383623,0.20753232512613667,34281.12159999999,0.8201376787599872,260.09999999999997,0.0031715796244677413,4.618669999592559e-06,0.35513780942059675,0.0,0.0,1.1546420773538888,lhs_candidate_000023_june2024_preflight,pa1_candidate_000023
2024-06-23T12:00,29.3,77.0,252.0,23.0,229.0,0.81,100580.0,24.9,0.92,0.2,29.9,0.281,0,1,0,1.0,30.29448926278697,77.03468870986819,0.023737925548365013,31.36830804899251,0.2067734281271364,30232.7696,0.9910138594689339,214.2,0.003361079282740676,3.824201391300824e-06,0.35045326004405186,0.0,0.0,1.154715047340715,lhs_candidate_000023_june2024_preflight,pa1_candidate_000023
2024-06-23T13:00,29.2,79.0,341.0,57.0,284.0,1.33,100520.0,25.2,0.85,0.27,32.2,0.284,0,1,0,1.0,30.454954911733715,77.64756166392809,0.02413463275047961,31.451358215664033,0.20597636390809396,39999.8016,0.9734605098297067,289.84999999999997,0.0040954485717558395,5.020907092382961e-06,0.3455331105437899,0.0,0.0,1.1534162710481508,lhs_candidate_000023_june2024_preflight,pa1_candidate_000023
2024-06-23T14:00,29.2,75.0,331.0,97.0,234.0,1.12,100480.0,24.2,1.02,0.26,31.3,0.283,0,1,0,1.0,30.518900231646718,74.09197565292963,0.02310892199606499,31.552599122107285,0.2050893184597354,37360.681599999996,1.132439031757444,281.34999999999997,0.0038675840175303004,4.837233175349111e-06,0.34005752135639145,0.0,0.0,1.1527145063372037,lhs_candidate_000023_june2024_preflight,pa1_candidate_000023
2024-06-23T15:00,28.4,78.0,229.0,46.0,183.0,0.71,100480.0,24.1,0.87,0.18,30.3,0.304,0,0,0,1.0,29.814295077289884,77.25782306726437,0.023196894543864217,31.620023674907817,0.20435256035255298,26590.379199999996,0.9547343978691338,194.65,0.002105638883487984,3.3386108534588415e-06,0.3355096318058826,0.0,0.0,1.1553953786243485,lhs_candidate_000023_june2024_preflight,pa1_candidate_000023
2024-06-23T16:00,27.9,86.0,167.0,32.0,135.0,0.41,100500.0,25.4,0.52,0.13,29.7,0.307,0,0,0,1.0,28.988882091353037,85.25450532967795,0.02447574742874603,31.629857057949145,0.2038375189605915,19445.624,0.5902775879742164,141.95,0.0016895675526716718,2.389105104497804e-06,0.33233036395426846,0.0,0.0,1.1587824058586433,lhs_candidate_000023_june2024_preflight,pa1_candidate_000023
2024-06-23T17:00,27.8,87.0,89.0,18.0,71.0,0.32,100400.0,25.3,0.5,0.07,29.2,0.307,0,0,0,1.0,28.437226351593097,87.84975420212767,0.024472465138943293,31.59262429161122,0.20350663339482825,10329.9504,0.47109324841107014,75.64999999999999,0.00129750108175308,1.2984837862406772e-06,0.3302878604619028,0.0,0.0,1.1597468949882717,lhs_candidate_000023_june2024_preflight,pa1_candidate_000023
2024-06-23T18:00,27.7,87.0,46.0,18.0,28.0,0.54,100480.0,25.4,0.48,0.04,28.8,0.309,1,0,0,1.0,28.08526897861764,87.70505335648254,0.02396549531169165,31.519724066342118,0.20332563606706305,5033.1071999999995,0.46705278289390906,39.1,0.00126856621577169,7.159388488183813e-07,0.3291705930065621,0.0,0.0,1.1620271012997856,lhs_candidate_000023_june2024_preflight,pa1_candidate_000023
2024-06-23T19:00,27.6,89.0,1.0,0.0,1.0,0.22,100600.0,25.7,0.39,0.0,28.4,0.307,0,0,0,1.0,27.789679936528085,88.8821927246447,0.02389597661055628,31.422306578509897,0.2096543786863227,123.18239999999999,0.4151263738268862,0.85,0.0007403319597458372,1.1281941248511538e-07,0.36823690547112775,0.0,0.0,1.1645576021448871,lhs_candidate_000023_june2024_preflight,pa1_candidate_000023
2024-06-23T20:00,27.4,86.0,0.0,0.0,0.0,0.61,100670.0,24.8,0.51,0.0,28.1,0.308,0,0,0,1.0,27.550516034393823,86.71779909211119,0.023009157077027095,31.311376640691027,0.209634368724354,0.0,0.48906702962496196,0.0,0.0011370721453829854,1.1518160031461663e-07,0.36811338718737047,0.0,0.0,1.1662948126491786,lhs_candidate_000023_june2024_preflight,pa1_candidate_000023
2024-06-23T21:00,27.5,85.0,0.0,0.0,0.0,0.98,100680.0,24.8,0.55,0.0,27.9,0.312,0,0,0,1.0,27.520286265847773,85.32500898039531,0.022601921275339106,31.199965792499345,0.20961237178242226,0.0,0.5393976820539805,0.0,0.0015855628972158942,1.269882602130148e-07,0.36797760359519915,0.0,0.0,1.166527938308188,lhs_candidate_000023_june2024_preflight,pa1_candidate_000023
2024-06-23T22:00,26.1,97.0,0.0,0.0,0.0,1.08,100680.0,25.6,0.1,0.0,27.7,0.313,0,0,0,1.0,26.712561951260824,93.30367641472961,0.023636012368261614,31.08488461578002,0.2095948018596468,0.0,0.23475012731973388,0.0,0.002090775574241736,5.5250003863013745e-08,0.3678691472817704,0.0,0.0,1.1696701544397559,lhs_candidate_000023_june2024_preflight,pa1_candidate_000023
2024-06-23T23:00,27.3,88.0,0.0,0.0,0.0,1.0,100690.0,25.1,0.45,0.0,27.6,0.311,0,0,0,1.0,26.938926118138035,90.38061384206382,0.02318452123738085,30.960456733175338,0.2095845294125191,0.0,0.34173690315608285,0.0,0.0018382740050891448,8.041618930816968e-08,0.3678057371143154,0.0,0.0,1.168903933984313,lhs_candidate_000023_june2024_preflight,pa1_candidate_000023
2024-06-24T00:00,27.3,88.0,0.0,0.0,0.0,0.94,100670.0,25.1,0.43,0.0,27.5,0.309,0,0,0,1.0,27.304417833963818,88.22618764027415,0.023093804450262285,30.851582647093167,0.20956748418695048,0.0,0.4273319656537322,0.0,0.0015103410188802382,1.0052931765209788e-07,0.36770051967253387,0.0,0.0,1.1672501091518328,lhs_candidate_000023_june2024_preflight,pa1_candidate_000023
2024-06-24T01:00,27.1,89.0,0.0,0.0,0.0,0.78,100630.0,25.1,0.4,0.0,27.4,0.307,0,0,0,1.0,27.224161967006754,88.65699227398085,0.0231039502886848,30.748058108798293,0.20954959238538232,0.0,0.4097658423655792,0.0,0.0013570991067433718,9.636795486589166e-08,0.3675900764529773,0.0,0.0,1.1670980658609427,lhs_candidate_000023_june2024_preflight,pa1_candidate_000023
2024-06-24T02:00,27.0,89.0,0.0,0.0,0.0,0.81,100600.0,25.0,0.39,0.0,27.3,0.312,0,0,0,1.0,27.097784614461617,88.8789023944,0.023000573141477923,30.64456357283908,0.20953256889631952,0.0,0.3987853035669118,0.0,0.0013803590902390203,9.375876198842954e-08,0.36748499318715755,0.0,0.0,1.1672412254669895,lhs_candidate_000023_june2024_preflight,pa1_candidate_000023
2024-06-24T03:00,27.0,89.0,0.0,0.0,0.0,0.85,100560.0,25.0,0.41,0.0,27.3,0.31,0,0,0,1.0,27.053841658060627,88.99269695319768,0.02297412265741186,30.542021064846644,0.20951581996616683,0.0,0.3936891458369911,0.0,0.0014063094807968519,9.253455882415804e-08,0.36738160472942494,0.0,0.0,1.1669479030538483,lhs_candidate_000023_june2024_preflight,pa1_candidate_000023
2024-06-24T04:00,27.0,89.0,0.0,0.0,0.0,0.98,100570.0,24.9,0.41,0.0,27.2,0.308,0,0,0,1.0,27.047519464391158,88.99452355621925,0.022966561313990587,30.441983704783055,0.20949917821336408,0.0,0.3934779009277176,0.0,0.001604699788206079,9.245904628637946e-08,0.36727887786027213,0.0,0.0,1.1670885264910706,lhs_candidate_000023_june2024_preflight,pa1_candidate_000023
2024-06-24T05:00,26.9,89.0,0.0,0.0,0.0,0.92,100600.0,25.0,0.39,0.0,27.1,0.307,0,0,0,1.0,26.986339440803572,88.89246167021362,0.022862701483716875,30.344199279588896,0.20948247163239064,0.0,0.3957042548370109,0.0,0.0015391540687293393,9.295608454851716e-08,0.3671757508172262,0.0,0.0,1.1676746398323254,lhs_candidate_000023_june2024_preflight,pa1_candidate_000023
2024-06-24T06:00,27.0,89.0,12.0,1.0,11.0,0.72,100620.0,25.0,0.39,0.01,27.1,0.305,1,0,0,1.0,27.038977456491313,89.42501223243012,0.02306675427910578,30.251254396440494,0.20944994170243988,1443.0064,0.37789731096323687,10.2,0.0011915534356178367,2.6833463973624635e-07,0.36697494878049314,0.0,0.0,1.1677019899263719,lhs_candidate_000023_june2024_preflight,pa1_candidate_000023
2024-06-24T07:00,27.4,89.0,119.0,31.0,88.0,0.91,100700.0,25.4,0.4,0.08,27.9,0.303,0,0,0,1.0,27.581215460504453,92.07906658823947,0.02447303785275806,30.193416620140813,0.2156501919111159,13568.0512,0.2921820629255758,101.14999999999999,0.0015917417888293834,2.0426496803777965e-06,0.40524809821676483,0.0,0.0,1.166523278548978,lhs_candidate_000023_june2024_preflight,pa1_candidate_000023
2024-06-24T08:00,28.1,85.0,193.0,40.0,153.0,0.91,100750.0,25.4,0.56,0.15,28.1,0.301,0,0,0,1.0,28.47245375152679,89.88684804222643,0.025088248806581382,30.194292316422434,0.21517243771832562,22366.907199999998,0.39291273308964936,164.04999999999998,0.0017200699904811236,3.2679217222205613e-06,0.40229899826126925,0.0,0.0,1.1636539148112643,lhs_candidate_000023_june2024_preflight,pa1_candidate_000023
2024-06-24T09:00,28.7,84.0,245.0,30.0,215.0,0.85,100780.0,25.6,0.64,0.19,28.9,0.299,0,0,0,1.0,29.33610661512099,88.44646167902488,0.02587641760851587,30.243603065176142,0.21450872894530187,29124.215999999997,0.47186290209564463,208.25,0.0018085169839358194,4.099294952998791e-06,0.3982020305265548,0.0,0.0,1.1606769793193383,lhs_candidate_000023_june2024_preflight,pa1_candidate_000023
2024-06-24T10:00,29.0,81.0,262.0,37.0,225.0,0.63,100780.0,25.4,0.75,0.21,29.3,0.297,0,0,0,1.0,29.88288493566788,85.6629681260345,0.025816223351460714,30.323252334393768,0.21374747485827628,30972.04,0.604255077115595,222.7,0.0017258791648718705,4.357091998794697e-06,0.39350293122392765,0.0,0.0,1.1585827082319464,lhs_candidate_000023_june2024_preflight,pa1_candidate_000023
2024-06-24T11:00,30.3,72.0,529.0,126.0,403.0,0.36,100690.0,24.7,1.19,0.4,30.7,0.293,0,1,0,1.0,31.43830035801407,76.30647286221888,0.025003032239693294,30.483914157296255,0.21257758229704554,60730.5072,1.0913044874782618,449.65,0.0030756888272658028,8.60407040218646e-06,0.38628137220398484,0.0,0.0,1.151636900932561,lhs_candidate_000023_june2024_preflight,pa1_candidate_000023
2024-06-24T12:00,31.3,67.0,736.0,433.0,303.0,0.51,100630.0,24.5,1.5,0.56,31.9,0.289,0,1,0,1.0,33.34928810515264,68.87295420105389,0.024976182399868978,30.7877718089827,0.2107511710537927,75428.2672,1.596674633788317,625.6,0.0036611170019396006,1.1640289359941783e-05,0.3750072287271155,0.0,0.0,1.143774609179595,lhs_candidate_000023_june2024_preflight,pa1_candidate_000023
2024-06-24T13:00,31.9,65.0,689.0,411.0,278.0,0.45,100580.0,24.4,1.66,0.53,32.5,0.285,0,1,0,1.0,34.30142505692593,64.6573546864073,0.02464913207333736,31.15228674909032,0.2087463894098677,70412.7072,1.9117494214543629,585.65,0.003791167987257156,1.063411233119562e-05,0.3626320333942451,0.0,0.0,1.1396659414393073,lhs_candidate_000023_june2024_preflight,pa1_candidate_000023
2024-06-24T14:00,31.5,67.0,385.0,152.0,233.0,0.42,100480.0,24.5,1.54,0.31,32.3,0.285,0,1,0,1.0,33.55338648592644,64.75948715709917,0.023738155891814227,31.432010736474997,0.2072561225851994,42077.4992,1.8284204639801849,327.25,0.0036146168110701635,5.963289648234352e-06,0.3534328554641939,0.0,0.0,1.1413096882663423,lhs_candidate_000023_june2024_preflight,pa1_candidate_000023
2024-06-24T15:00,30.7,73.0,481.0,224.0,257.0,0.85,100440.0,25.3,1.19,0.37,32.0,0.309,0,1,0,1.0,32.78328632143881,70.28462065830459,0.024737691628311468,31.6361289840387,0.20607817141557,51369.8768,1.4766534427996483,408.84999999999997,0.003925543548083929,7.118086541256867e-06,0.346161551947963,0.0,0.0,1.143727124570866,lhs_candidate_000023_june2024_preflight,pa1_candidate_000023
2024-06-24T16:00,30.2,76.0,322.0,144.0,178.0,0.5,100450.0,25.4,1.05,0.24,31.2,0.31,0,1,0,1.0,31.92063600294835,73.37087459834493,0.02466796375601264,31.80395724868999,0.20501331259893585,34598.4672,1.260487726684564,273.7,0.003494582076895394,4.7337248917644945e-06,0.33958834937614724,0.0,0.0,1.1470754432358414,lhs_candidate_000023_june2024_preflight,pa1_candidate_000023
2024-06-24T17:00,28.9,85.0,112.0,34.0,78.0,0.22,100470.0,26.2,0.59,0.09,30.4,0.332,0,1,0,1.0,30.23343130178208,80.83482725824052,0.024827007643593045,31.857062052160902,0.20443406654429383,12600.2272,0.8241422247913661,95.2,0.0031435680093114676,1.7120950950120706e-06,0.3360127564462582,0.0,0.0,1.1536843254170186,lhs_candidate_000023_june2024_preflight,pa1_candidate_000023
2024-06-24T18:00,28.5,89.0,46.0,9.0,37.0,0.2,100470.0,26.5,0.44,0.03,29.6,0.336,1,0,0,1.0,29.09641165549166,88.20257130948742,0.025470836241347647,31.81196458500736,0.20421586458191768,5349.748799999999,0.47520628668684006,39.1,0.0011955096552990021,7.296366478443248e-07,0.3346658307525783,0.0,0.0,1.1580243661686411,lhs_candidate_000023_june2024_preflight,pa1_candidate_000023
2024-06-24T19:00,28.7,83.0,0.0,0.0,0.0,0.36,100540.0,25.6,0.66,0.01,29.1,0.333,0,0,0,1.0,28.778394889619484,85.6660029709058,0.024313218073179654,31.727627350544065,0.21054267888144135,0.0,0.5668614393544149,0.0,0.0007125057633001134,1.3553661807892838e-07,0.37372024000889725,0.0,0.0,1.1600517711057141,lhs_candidate_000023_june2024_preflight,pa1_candidate_000023
2024-06-24T20:00,28.5,84.0,0.0,0.0,0.0,0.28,100620.0,25.5,0.62,0.0,28.6,0.33,0,0,0,1.0,28.624556015686604,84.30091934091726,0.023725639888352926,31.631629142060884,0.2105164117088285,0.0,0.6153386144288335,0.0,0.0006920765366680728,1.4706368168843644e-07,0.37355809696807724,0.0,0.0,1.1615666706893826,lhs_candidate_000023_june2024_preflight,pa1_candidate_000023
2024-06-24T21:00,27.8,89.0,0.0,0.0,0.0,0.71,100640.0,25.9,0.4,0.0,28.3,0.327,0,0,0,1.0,28.13635475548565,87.40293453024522,0.023949965762750956,31.53164588805818,0.21049229600375727,0.0,0.47995380329938087,0.0,0.0014304551286688934,1.1466149558080023e-07,0.37340923459109426,0.0,0.0,1.1636801171670021,lhs_candidate_000023_june2024_preflight,pa1_candidate_000023
2024-06-24T22:00,27.2,92.0,0.0,0.0,0.0,0.7,100700.0,25.8,0.29,0.0,28.0,0.325,0,0,0,1.0,27.527027125218275,90.59387345317684,0.02400651830985453,31.42109757923873,0.21047473366847905,0.0,0.34587017995369873,0.0,0.0014108955832970293,8.260478027376164e-08,0.3733008251140682,0.0,0.0,1.1667335106213832,lhs_candidate_000023_june2024_preflight,pa1_candidate_000023
2024-06-24T23:00,26.9,93.0,0.0,0.0,0.0,0.54,100730.0,25.7,0.24,0.0,27.7,0.322,0,0,0,1.0,27.11216103397895,92.26643954383229,0.023896205654178236,31.301618207732716,0.21046155661102772,0.0,0.2775472837730768,0.0,0.0011065751115318543,6.627265989353872e-08,0.37321948525325754,0.0,0.0,1.1686936296660368,lhs_candidate_000023_june2024_preflight,pa1_candidate_000023
2024-06-25T00:00,26.9,94.0,0.0,0.0,0.0,0.81,100740.0,25.8,0.22,0.0,27.6,0.32,0,0,0,1.0,26.978872616802473,93.56049202091516,0.02405335400506488,31.179265051692425,0.2104507074270953,0.0,0.22930594473704424,0.0,0.0013649618047287327,5.4743782001935557e-08,0.3731525149820697,0.0,0.0,1.1693287250461912,lhs_candidate_000023_june2024_preflight,pa1_candidate_000023
2024-06-25T01:00,26.8,94.0,0.0,0.0,0.0,0.6,100730.0,25.7,0.22,0.0,27.5,0.319,0,0,0,1.0,26.904292519641093,93.75799141612833,0.02400481245193648,31.058642117011537,0.2104411150565832,0.0,0.22130230294088937,0.0,0.001076569885141589,5.2824634074953423e-08,0.3730933028184148,0.0,0.0,1.1695032651705812,lhs_candidate_000023_june2024_preflight,pa1_candidate_000023
2024-06-25T02:00,26.1,98.0,0.0,0.0,0.0,0.85,100640.0,25.7,0.08,0.0,27.5,0.348,0,0,0,1.0,26.452225937863737,96.15807481885403,0.02400956794549221,30.93627663526099,0.21043311653725716,0.0,0.13263685917839574,0.0,0.0016270878466413514,3.165609326421749e-08,0.37304392924232815,0.0,0.0,1.1702214144276608,lhs_candidate_000023_june2024_preflight,pa1_candidate_000023
2024-06-25T03:00,25.9,97.0,0.0,0.0,0.0,0.73,100620.0,25.4,0.1,0.0,27.4,0.353,0,0,0,1.0,26.083180908066478,96.49489286848349,0.02360385971695303,30.80640676908557,0.2104281329042161,0.0,0.11840265683873374,0.0,0.0013346494905761514,2.8256522940638223e-08,0.3730131660754081,0.0,0.0,1.171431808685687,lhs_candidate_000023_june2024_preflight,pa1_candidate_000023
2024-06-25T04:00,25.7,97.0,0.0,0.0,0.0,0.92,100570.0,25.2,0.11,0.0,27.3,0.359,0,0,0,1.0,25.865345498883276,96.37160431367546,0.023288983099346426,30.67415668850878,0.2104229395261477,0.0,0.12099885514038267,0.0,0.001596035436851745,2.8873618020558024e-08,0.37298110818609703,0.0,0.0,1.1717026765413254,lhs_candidate_000023_june2024_preflight,pa1_candidate_000023
2024-06-25T05:00,25.7,96.0,0.0,0.0,0.0,1.14,100660.0,25.1,0.12,0.0,27.2,0.361,0,0,0,1.0,25.78159836828287,95.78204864608216,0.023038505594525197,30.54199646293222,0.21041743725925866,0.0,0.1399636564058757,0.0,0.0018772425439456467,3.3396094037074924e-08,0.3729471435756707,0.0,0.0,1.1730797841030913,lhs_candidate_000023_june2024_preflight,pa1_candidate_000023
2024-06-25T06:00,25.7,97.0,8.0,1.0,7.0,0.67,100650.0,25.2,0.11,0.01,27.2,0.359,1,0,0,1.0,25.791734203510572,96.70615715063776,0.023273956638069887,30.41477591177381,0.21040098263505344,950.2767999999999,0.10936471482687837,6.8,0.0011662531154189328,1.4774356019803765e-07,0.37284557182131756,0.0,0.0,1.172923475115614,lhs_candidate_000023_june2024_preflight,pa1_candidate_000023
2024-06-25T07:00,27.4,87.0,106.0,30.0,76.0,0.57,100720.0,25.1,0.47,0.08,28.2,0.356,0,0,0,1.0,27.03727493567914,93.52970948434701,0.024123269224564925,30.325984623707527,0.21663263156634077,12001.8624,0.2311928203451683,90.1,0.001283501334118632,1.8390816603304784e-06,0.41131254053296773,0.0,0.0,1.1688691260113018,lhs_candidate_000023_june2024_preflight,pa1_candidate_000023
2024-06-25T08:00,27.8,83.0,222.0,86.0,136.0,0.41,100740.0,24.7,0.63,0.16,28.0,0.352,0,0,0,1.0,28.29583222858747,91.6820673390299,0.025343093697778794,30.320338577616344,0.2161269589881124,24320.806399999998,0.3198686083287501,188.7,0.001240063087070481,3.7795166466680854e-06,0.4081911048648914,0.0,0.0,1.1642201498424771,lhs_candidate_000023_june2024_preflight,pa1_candidate_000023
2024-06-25T09:00,28.6,79.0,319.0,143.0,176.0,0.28,100720.0,24.5,0.84,0.24,28.7,0.347,0,0,0,1.0,29.391898835621777,88.41555257684267,0.025945896859642575,30.386887004432417,0.2153030234956676,34264.102399999996,0.4746490088586435,271.15,0.0014003548785368847,5.367131389172164e-06,0.4031050833065902,0.0,0.0,1.1597720482491678,lhs_candidate_000023_june2024_preflight,pa1_candidate_000023
2024-06-25T10:00,28.9,76.0,335.0,68.0,267.0,0.5,100700.0,24.3,0.93,0.26,29.8,0.343,0,1,0,1.0,30.050927909572533,78.39492870927162,0.023841512830124076,30.498147073406837,0.21431312539384104,38873.7008,0.9193984666636532,284.75,0.003176140472472719,5.657806196871913e-06,0.3969946011965496,0.0,0.0,1.1570214043857852,lhs_candidate_000023_june2024_preflight,pa1_candidate_000023
2024-06-25T11:00,29.6,73.0,543.0,154.0,389.0,1.3,100670.0,24.2,1.14,0.41,30.5,0.338,0,1,0,1.0,31.08641585439324,74.03362068548255,0.023805593848026472,30.672134341112077,0.21299962332026046,61469.9536,1.1723150182139013,461.55,0.0041508258306419505,8.904311285355106e-06,0.3888865637053115,0.0,0.0,1.1527398882443163,lhs_candidate_000023_june2024_preflight,pa1_candidate_000023
2024-06-25T12:00,30.2,69.0,588.0,244.0,344.0,2.33,100600.0,24.0,1.31,0.45,31.2,0.332,0,1,0,1.0,32.029790906091215,67.64849491909865,0.02287661179727192,30.922198882594504,0.2113460659045464,63846.745599999995,1.540832855529866,499.8,0.005629778674697567,9.45490115828768e-06,0.37867941916386677,0.0,0.0,1.1483774565039129,lhs_candidate_000023_june2024_preflight,pa1_candidate_000023
2024-06-25T13:00,31.1,66.0,871.0,682.0,189.0,2.0,100610.0,24.0,1.54,0.65,32.4,0.326,0,1,0,1.0,33.55197698492789,64.68099011762226,0.023707624291503762,31.26301304336989,0.2092809287099583,83297.4736,1.8323489253873135,740.35,0.005345639130674727,1.3428627571819972e-05,0.3659316587034463,0.0,0.0,1.1427915549782863,lhs_candidate_000023_june2024_preflight,pa1_candidate_000023
2024-06-25T14:00,29.9,72.0,352.0,107.0,245.0,1.43,100560.0,24.2,1.2,0.28,31.7,0.322,0,1,0,1.0,32.31814922708996,66.83589233083252,0.02295095570901803,31.55399740138144,0.20758673944926181,39595.688,1.605450721095957,299.2,0.004641217958588965,5.468566626861918e-06,0.3554737003040853,0.0,0.0,1.1468372214844178,lhs_candidate_000023_june2024_preflight,pa1_candidate_000023
2024-06-25T15:00,29.9,71.0,299.0,206.0,93.0,0.85,100580.0,24.1,1.22,0.24,31.3,0.318,0,1,0,1.0,31.242474160830323,70.04240827682071,0.022711309369306598,31.67285345773338,0.20668538356504526,29583.9632,1.3645630805363798,254.15,0.0035847536524080273,4.572656087446071e-06,0.349909775092872,0.0,0.0,1.1511188597889688,lhs_candidate_000023_june2024_preflight,pa1_candidate_000023
2024-06-25T16:00,30.0,71.0,370.0,253.0,117.0,0.22,100550.0,24.1,1.23,0.27,31.3,0.314,0,1,0,1.0,31.34753358044579,71.25812221072354,0.02323579200389245,31.784056595437445,0.20577985044718025,36676.3408,1.3170241225588009,314.5,0.0031493493051790115,5.4862259396088924e-06,0.344320064488767,0.0,0.0,1.1503784686080318,lhs_candidate_000023_june2024_preflight,pa1_candidate_000023
2024-06-25T17:00,29.6,74.0,195.0,106.0,89.0,0.4,100560.0,24.4,1.09,0.14,30.8,0.311,0,1,0,1.0,30.803504366946186,72.40927946638392,0.022932451865098583,31.867259390996523,0.2050196660934112,20291.2336,1.225739459124152,165.75,0.0031418530850044297,2.967502002287023e-06,0.33962756847784703,0.0,0.0,1.1525520794412647,lhs_candidate_000023_june2024_preflight,pa1_candidate_000023
2024-06-25T18:00,29.2,77.0,76.0,49.0,27.0,0.14,100560.0,24.8,0.92,0.05,30.2,0.309,1,0,0,1.0,29.917714270036043,76.37646301009589,0.023060964785512842,31.86446745977571,0.20463926719556721,7637.924799999999,0.9976408673020636,64.6,0.0012815064621709735,1.2607592241175347e-06,0.33727942713313097,0.0,0.0,1.1559206969814115,lhs_candidate_000023_june2024_preflight,pa1_candidate_000023
2024-06-25T19:00,29.1,75.0,1.0,0.0,1.0,0.82,100600.0,24.3,0.99,0.0,29.6,0.308,0,0,0,1.0,29.336307255494205,75.66058348441416,0.022135947132147983,31.801779564708177,0.21090259763729136,123.18239999999999,0.994067810574617,0.85,0.001501166476777417,2.5442793187145306e-07,0.37594196072402075,0.0,0.0,1.1586031620304602,lhs_candidate_000023_june2024_preflight,pa1_candidate_000023
2024-06-25T20:00,29.0,77.0,0.0,0.0,0.0,1.22,100680.0,24.5,0.92,0.01,29.1,0.306,0,0,0,1.0,29.08902086255615,76.82502641212841,0.022176343182377174,31.714824494748697,0.21085900900448046,0.0,0.9331011020913111,0.0,0.002005951135387534,2.2427025388790478e-07,0.37567289508938556,0.0,0.0,1.1604732180089081,lhs_candidate_000023_june2024_preflight,pa1_candidate_000023
2024-06-25T21:00,28.0,87.0,0.0,0.0,0.0,0.92,100700.0,25.5,0.51,0.0,28.6,0.305,0,0,0,1.0,28.441206204701658,84.46845575552476,0.02353565547388734,31.621757801536102,0.21082506030045603,0.0,0.602333143915518,0.0,0.0017773587897269032,1.4468962980599337e-07,0.3754633351880002,0.0,0.0,1.1631969241931361,lhs_candidate_000023_june2024_preflight,pa1_candidate_000023
2024-06-25T22:00,27.7,89.0,0.0,0.0,0.0,1.12,100760.0,25.8,0.39,0.0,28.2,0.304,0,0,0,1.0,27.909413757006103,88.12205998822719,0.023848060933546765,31.515634572168306,0.21080316540262495,0.0,0.4466151760166115,0.0,0.001921442697227537,1.0724517483739316e-07,0.3753281814976849,0.0,0.0,1.1659458904103523,lhs_candidate_000023_june2024_preflight,pa1_candidate_000023
2024-06-25T23:00,27.3,92.0,0.0,0.0,0.0,1.04,100790.0,26.0,0.28,0.0,27.9,0.302,0,0,0,1.0,27.52970782121838,90.87469569988463,0.0240844912037032,31.403121678893843,0.21078621905192121,0.0,0.33559670420948384,0.0,0.0018148633035670397,8.056398018213763e-08,0.37522357439457543,0.0,0.0,1.1677658601998788,lhs_candidate_000023_june2024_preflight,pa1_candidate_000023
2024-06-26T00:00,27.1,93.0,0.0,0.0,0.0,0.92,100800.0,26.0,0.24,0.0,27.8,0.302,0,0,0,1.0,27.256430797424713,92.36448039941057,0.02411305663814899,31.286011825795754,0.21077319450393067,0.0,0.27635466614337867,0.0,0.001589232536384939,6.632800934107477e-08,0.37514317595018937,0.0,0.0,1.1689441329625858,lhs_candidate_000023_june2024_preflight,pa1_candidate_000023
2024-06-26T01:00,27.1,94.0,0.0,0.0,0.0,0.91,100750.0,26.0,0.22,0.0,27.8,0.301,0,0,0,1.0,27.16911881686449,93.61148801268571,0.02432101162107531,31.168099913127147,0.21076229918360068,0.0,0.23004186876109634,0.0,0.0015110571713353965,5.520255533940396e-08,0.37507592088642394,0.0,0.0,1.1687039789064342,lhs_candidate_000023_june2024_preflight,pa1_candidate_000023
2024-06-26T02:00,27.1,92.0,0.0,0.0,0.0,0.85,100710.0,25.6,0.29,0.0,27.5,0.299,0,0,0,1.0,27.158115356139206,92.24784250018115,0.023952155794090924,31.052743337593064,0.2107515728680044,0.0,0.27896502133825996,0.0,0.0014096916646339581,6.693070107776807e-08,0.3750097090617555,0.0,0.0,1.1682827823061754,lhs_candidate_000023_june2024_preflight,pa1_candidate_000023
2024-06-26T03:00,27.1,90.0,0.0,0.0,0.0,0.95,100650.0,25.3,0.36,0.0,27.3,0.298,0,0,0,1.0,27.154315357231958,90.2793127466343,0.023436104437953627,30.94054393040475,0.21073800929856568,0.0,0.34972560439946143,0.0,0.001562500119933209,8.388920509330752e-08,0.3749259833244795,0.0,0.0,1.167601528875685,lhs_candidate_000023_june2024_preflight,pa1_candidate_000023
2024-06-26T04:00,27.0,90.0,0.0,0.0,0.0,1.12,100670.0,25.1,0.37,0.0,27.0,0.297,0,0,0,1.0,27.092203507042278,89.80245155928002,0.02323240356372515,30.83094954632213,0.21072238126604562,0.0,0.36554863905828006,0.0,0.0018522413000359149,8.766213866201248e-08,0.3748295139879359,0.0,0.0,1.1680751337265574,lhs_candidate_000023_june2024_preflight,pa1_candidate_000023
2024-06-26T05:00,27.8,85.0,0.0,0.0,0.0,0.91,100650.0,25.0,0.58,0.0,26.9,0.296,0,0,0,1.0,27.52837201373345,86.72343741511963,0.022982592689861116,30.727261347561935,0.21070454586189366,0.0,0.48822732180649053,0.0,0.0016540375139844504,1.170472972820804e-07,0.3747194189005782,0.0,0.0,1.1661489830171576,lhs_candidate_000023_june2024_preflight,pa1_candidate_000023
2024-06-26T06:00,27.9,85.0,16.0,5.0,11.0,1.0,100750.0,25.0,0.58,0.02,27.0,0.295,1,0,0,1.0,27.900955973480375,85.68692974415404,0.023178279118260352,30.641521793386243,0.21065991642393828,1795.0064,0.5379118671505094,13.6,0.0016039265996395818,3.7321817868501985e-07,0.3744439285428289,0.0,0.0,1.1658629283139097,lhs_candidate_000023_june2024_preflight,pa1_candidate_000023
2024-06-26T07:00,28.1,84.0,98.0,44.0,54.0,0.98,100790.0,25.2,0.6,0.08,28.4,0.294,0,0,0,1.0,28.300885805495067,86.45848105189839,0.02390578756625328,30.58744615165028,0.216872794070627,10523.849599999998,0.5208961002633323,83.3,0.0017078077786477546,1.7875299694548065e-06,0.41279502512732724,0.0,0.0,1.1647784570619855,lhs_candidate_000023_june2024_preflight,pa1_candidate_000023
2024-06-26T08:00,28.9,78.0,275.0,180.0,95.0,0.58,100870.0,24.6,0.89,0.2,29.2,0.292,0,0,0,1.0,29.39897545151036,86.46518558761476,0.02538330810286311,30.60823977797565,0.21628512117472098,27542.327999999998,0.5547874655589196,233.75,0.001404747185743331,4.734537674700921e-06,0.40916741465877154,0.0,0.0,1.1614721028725208,lhs_candidate_000023_june2024_preflight,pa1_candidate_000023
2024-06-26T09:00,29.5,73.0,424.0,233.0,191.0,0.76,100870.0,24.2,1.1,0.32,30.1,0.29,0,1,0,1.0,30.630426754846688,75.58590479533231,0.023716800070793825,30.72909184024189,0.21520664849384816,44031.83839999999,1.0739582621805428,360.4,0.0033854156044398854,7.237314853795755e-06,0.4025101758879516,0.0,0.0,1.1567637799889487,lhs_candidate_000023_june2024_preflight,pa1_candidate_000023
2024-06-26T10:00,29.9,74.0,513.0,315.0,198.0,1.41,100860.0,24.7,1.1,0.39,30.8,0.288,0,1,0,1.0,31.50704263276459,73.75008293902305,0.024254340887214336,30.92325021168732,0.21378433975037997,52110.11519999999,1.213773990693344,436.05,0.004331025478050193,8.543902846427298e-06,0.39373049228629614,0.0,0.0,1.1533209755034133,lhs_candidate_000023_june2024_preflight,pa1_candidate_000023
2024-06-26T11:00,30.1,75.0,634.0,380.0,254.0,1.61,100800.0,25.1,1.08,0.47,31.4,0.285,0,1,0,1.0,32.18894794797052,73.25928233367297,0.024984610158599554,31.17548617247405,0.21209272130051104,64728.3296,1.2850998900778685,538.9,0.004744736735090844,1.022637987374342e-05,0.38328840308957435,0.0,0.0,1.1500607346191478,lhs_candidate_000023_june2024_preflight,pa1_candidate_000023
2024-06-26T12:00,30.7,74.0,806.0,526.0,280.0,1.26,100780.0,25.5,1.15,0.6,32.2,0.281,0,1,0,1.0,33.23461993875293,72.21899472578669,0.026031786251328466,31.503860335456693,0.2100422640031364,80779.072,1.4159214258520154,685.1,0.004494012452099259,1.2519762602699229e-05,0.3706312592786197,0.0,0.0,1.1459082397226383,lhs_candidate_000023_june2024_preflight,pa1_candidate_000023
2024-06-26T13:00,30.3,76.0,674.0,349.0,325.0,1.5,100760.0,25.6,1.04,0.5,32.3,0.278,0,1,0,1.0,33.13157412405728,71.26091031578603,0.025547191235853944,31.846403887499577,0.20800128020084874,70746.28,1.4563218869742394,572.9,0.004852710881280478,1.017587104438923e-05,0.35803259383239966,0.0,0.0,1.1460662863680897,lhs_candidate_000023_june2024_preflight,pa1_candidate_000023
2024-06-26T14:00,30.3,72.0,576.0,276.0,300.0,1.55,100650.0,24.6,1.22,0.44,32.3,0.275,0,1,0,1.0,32.65358922079246,68.85350608252821,0.024068167709907537,32.117866692527656,0.20632200041844193,61242.72,1.5365277896693659,489.59999999999997,0.0047577298717029,8.50945445010343e-06,0.3476666692496415,0.0,0.0,1.1466045203475628,lhs_candidate_000023_june2024_preflight,pa1_candidate_000023
2024-06-26T15:00,30.0,71.0,400.0,188.0,212.0,1.22,100690.0,24.1,1.24,0.31,31.9,0.278,0,1,0,1.0,31.931888933421195,68.32814664025246,0.022986324998077408,32.30871799004664,0.20503022612986155,42658.66879999999,1.500139034867003,340.0,0.004231866666837152,5.86793634511112e-06,0.33969275388803427,0.0,0.0,1.14977368047295,lhs_candidate_000023_june2024_preflight,pa1_candidate_000023
2024-06-26T16:00,28.8,82.0,297.0,146.0,151.0,1.2,100680.0,25.5,0.7,0.22,31.1,0.295,0,1,0,1.0,30.621419260801115,77.29247998438923,0.024240527441056127,32.40956279165226,0.20411921757786922,31448.542399999995,0.9983737286310639,252.45,0.004169540327114711,4.260133213986412e-06,0.3340692443078347,0.0,0.0,1.1546191211856769,lhs_candidate_000023_june2024_preflight,pa1_candidate_000023
2024-06-26T17:00,28.0,83.0,198.0,87.0,111.0,0.54,100750.0,24.9,0.63,0.14,30.2,0.327,0,0,0,1.0,29.390175319384177,82.21473397518628,0.02412398348237438,32.4320928711428,0.2034831706714475,21329.2464,0.7286424877782807,168.29999999999998,0.001959158956109703,2.8200296386029513e-06,0.3301430288360957,0.0,0.0,1.1601241016417685,lhs_candidate_000023_june2024_preflight,pa1_candidate_000023
2024-06-26T18:00,27.1,90.0,57.0,23.0,34.0,0.32,100800.0,25.3,0.37,0.04,29.3,0.332,1,0,0,1.0,28.055593852612805,87.62080998131397,0.023903518924309954,32.372863799706224,0.20315220510666696,6212.201599999999,0.46944156933796233,48.449999999999996,0.001547839715916528,8.613133456314195e-07,0.32810003152263556,0.0,0.0,1.165842673415657,lhs_candidate_000023_june2024_preflight,pa1_candidate_000023
2024-06-26T19:00,26.4,98.0,1.0,0.0,1.0,0.45,100830.0,26.0,0.08,0.0,28.8,0.334,0,0,0,1.0,26.930254017036628,95.00755389384341,0.024359729875193654,32.24250925063294,0.20947165979558208,123.18239999999999,0.17727065152092303,0.85,0.0013070265407513324,5.660859963152065e-08,0.36710901108384003,0.0,0.0,1.170563012700264,lhs_candidate_000023_june2024_preflight,pa1_candidate_000023
2024-06-26T20:00,26.6,91.0,0.0,0.0,0.0,0.3,100900.0,24.9,0.32,0.0,28.3,0.331,0,0,0,1.0,26.654014994123678,93.03485839222273,0.02349149542926725,32.08639724860133,0.2094625594165392,0.0,0.24333471068838852,0.0,0.0005936738864351276,5.714335802914063e-08,0.36705283590456306,0.0,0.0,1.17245496580706,lhs_candidate_000023_june2024_preflight,pa1_candidate_000023
2024-06-26T21:00,26.7,89.0,0.0,0.0,0.0,0.67,100910.0,24.7,0.38,0.0,27.9,0.329,0,0,0,1.0,26.734094313266304,89.63572108388273,0.022733963309815978,31.934065846105234,0.2094494752248709,0.0,0.3637962910678483,0.0,0.0011091873685922138,8.541308111421873e-08,0.3669720692893265,0.0,0.0,1.1722580488644156,lhs_candidate_000023_june2024_preflight,pa1_candidate_000023
2024-06-26T22:00,26.9,88.0,0.0,0.0,0.0,0.95,100960.0,24.6,0.44,0.0,27.6,0.327,0,0,0,1.0,26.886047870656657,88.33341507149514,0.022593121059985354,31.788628668249764,0.2094329234490423,0.0,0.41318076631992984,0.0,0.0015333250750259825,9.698069367409013e-08,0.36686989783359447,0.0,0.0,1.1722449067810043,lhs_candidate_000023_june2024_preflight,pa1_candidate_000023
2024-06-26T23:00,26.9,88.0,0.0,0.0,0.0,0.73,100980.0,24.7,0.43,0.0,27.4,0.325,0,0,0,1.0,26.95804352968245,88.01981020113416,0.02260283355215435,31.650353750447326,0.2094150770506071,0.0,0.42608426726372617,0.0,0.001224663165502589,9.99793385824884e-08,0.3667597348802908,0.0,0.0,1.1721958502090597,lhs_candidate_000023_june2024_preflight,pa1_candidate_000023
2024-06-27T00:00,26.2,91.0,0.0,0.0,0.0,1.0,100960.0,24.6,0.3,0.0,27.1,0.323,0,0,0,1.0,26.549099758112906,89.5296994561526,0.022475165424649373,31.5129872603478,0.2093980641024796,0.0,0.3635398822037579,0.0,0.001831241773314288,8.527906869884946e-08,0.36665471668197286,0.0,0.0,1.173562847706078,lhs_candidate_000023_june2024_preflight,pa1_candidate_000023
2024-06-27T01:00,27.2,86.0,0.0,0.0,0.0,0.81,100960.0,24.6,0.5,0.0,27.0,0.323,0,0,0,1.0,26.8938017847672,87.74499311337111,0.02245225958164095,31.37522080568222,0.20938211020323388,0.0,0.4342178124856373,0.0,0.0015402780995440667,1.0183131634476982e-07,0.3665562358224314,0.0,0.0,1.1722146129163433,lhs_candidate_000023_june2024_preflight,pa1_candidate_000023
2024-06-27T02:00,27.1,87.0,0.0,0.0,0.0,0.67,100920.0,24.8,0.46,0.0,26.9,0.322,0,0,0,1.0,27.157236145143564,86.97146960025577,0.02258104809281098,31.252265218437017,0.20936248531848956,0.0,0.46881361974191993,0.0,0.0011322495061248257,1.0990827490836105e-07,0.36643509455857753,0.0,0.0,1.1707223073759254,lhs_candidate_000023_june2024_preflight,pa1_candidate_000023
2024-06-27T03:00,27.0,88.0,0.0,0.0,0.0,0.5,100880.0,24.7,0.44,0.0,26.8,0.321,0,0,0,1.0,27.097541759776213,87.79863370700197,0.02272071014409881,31.13386055363812,0.20934330923146932,0.0,0.4375158334495248,0.0,0.0009278952352245484,1.0253771408614143e-07,0.36631672365104523,0.0,0.0,1.1704909549506306,lhs_candidate_000023_june2024_preflight,pa1_candidate_000023
2024-06-27T04:00,27.0,87.0,0.0,0.0,0.0,0.54,100880.0,24.7,0.45,0.0,26.6,0.319,0,0,0,1.0,27.06059669108076,87.4121103665949,0.022574515405253556,31.017447442409892,0.20932479064125692,0.0,0.4503990652025456,0.0,0.0009408632206293829,1.055241325555081e-07,0.36620241136578346,0.0,0.0,1.1706350000616783,lhs_candidate_000023_june2024_preflight,pa1_candidate_000023
2024-06-27T05:00,24.7,96.0,0.0,0.0,0.0,1.0,100920.0,24.1,0.11,0.0,26.4,0.318,0,0,0,1.0,25.685770423146625,91.38176530214612,0.021862701091125827,30.891888338485455,0.20930825772112374,0.0,0.28435893363891607,0.0,0.0021881112739362578,6.660397346139215e-08,0.366100356303233,0.0,0.0,1.1764869377039533,lhs_candidate_000023_june2024_preflight,pa1_candidate_000023
2024-06-27T06:00,25.0,97.0,18.0,9.0,9.0,0.81,100930.0,24.5,0.09,0.0,26.6,0.316,1,0,0,1.0,25.107138733836567,96.68442338232327,0.022393350982927253,30.74424914131551,0.20927668281292786,1900.6415999999997,0.10570224136558393,15.299999999999999,0.0013885007265823355,2.9337503274428645e-07,0.36590544946251763,0.0,0.0,1.1788861753672666,lhs_candidate_000023_june2024_preflight,pa1_candidate_000023
2024-06-27T07:00,27.3,89.0,160.0,107.0,53.0,0.5,100990.0,25.3,0.4,0.1,28.5,0.315,0,0,0,1.0,26.852675929294257,96.94384387297642,0.024749625479546587,30.649250930040946,0.21541918536713808,15944.667199999998,0.10802412729705102,136.0,0.0012825386049690984,2.6631685545721642e-06,0.4038221318959141,8.194787600246759e-08,0.0,1.1727236741686908,lhs_candidate_000023_june2024_preflight,pa1_candidate_000023
2024-06-27T08:00,28.4,85.0,390.0,303.0,87.0,0.2,101030.0,25.6,0.59,0.27,28.6,0.313,0,0,0,1.0,29.086480517268193,98.38178173046283,0.02839499750086329,30.689742261111764,0.2146070656452086,37380.8688,0.06514526273737697,331.5,0.0012765608303493031,6.36032588583741e-06,0.39880904719264565,0.0,0.0,1.1645172294205615,lhs_candidate_000023_june2024_preflight,pa1_candidate_000023
2024-06-27T09:00,29.4,75.0,546.0,417.0,129.0,0.7,101070.0,24.5,1.02,0.4,29.4,0.31,0,1,0,1.0,30.83139099084464,77.88004256041371,0.024702052056615947,30.85982043541975,0.21322862893784472,52586.5296,0.9842600155957681,464.09999999999997,0.0034924153834981356,8.93747655300417e-06,0.39030017862867117,0.0,0.0,1.1582910924897531,lhs_candidate_000023_june2024_preflight,pa1_candidate_000023
2024-06-27T10:00,29.9,72.0,731.0,578.0,153.0,1.1,101060.0,24.4,1.17,0.53,31.0,0.306,0,1,0,1.0,32.163401689551755,71.85683378288537,0.024473056147741902,31.13515159970087,0.21137381994243956,69710.9072,1.350549973150165,621.35,0.004233807899937754,1.1622676898423123e-05,0.37885074038542943,0.0,0.0,1.1531236374908236,lhs_candidate_000023_june2024_preflight,pa1_candidate_000023
2024-06-27T11:00,30.6,69.0,846.0,644.0,202.0,1.24,100970.0,24.3,1.36,0.63,31.9,0.302,0,1,0,1.0,33.3262413046201,67.57805467022833,0.024476857685949125,31.496736820194847,0.20915610933648612,81554.84479999999,1.6609538442907938,719.1,0.004540379762519608,1.298797234552916e-05,0.36516116874374155,0.0,0.0,1.1477253982433375,lhs_candidate_000023_june2024_preflight,pa1_candidate_000023
2024-06-27T12:00,30.9,68.0,776.0,575.0,201.0,1.58,100900.0,24.2,1.44,0.58,32.3,0.298,0,1,0,1.0,33.76983095036763,64.73545554846922,0.02400083426621174,31.877678202800666,0.20694937529823168,75359.6624,1.8519065304469442,659.6,0.004952915763955666,1.154276468132738e-05,0.35153935369278816,0.0,0.0,1.145272057072119,lhs_candidate_000023_june2024_preflight,pa1_candidate_000023
2024-06-27T13:00,31.0,67.0,777.0,530.0,247.0,2.01,100830.0,24.2,1.46,0.58,32.6,0.294,0,1,0,1.0,33.87364187484766,63.06066813626313,0.023507659203191138,32.23712460844479,0.2049059072180539,77066.0528,1.9511172940274863,660.4499999999999,0.005472577791990452,1.1163921281915319e-05,0.33892535319786365,0.0,0.0,1.1440905464121507,lhs_candidate_000023_june2024_preflight,pa1_candidate_000023
2024-06-27T14:00,30.3,70.0,678.0,518.0,160.0,2.19,100770.0,24.3,1.28,0.5,32.5,0.291,0,1,0,1.0,33.237139271496915,64.45585780385296,0.02323660186540875,32.56018997629405,0.2030533463185445,65293.184,1.8118427353338045,576.3,0.00572157379183168,9.43571265382643e-06,0.32748979208978085,0.0,0.0,1.1457851142525972,lhs_candidate_000023_june2024_preflight,pa1_candidate_000023
2024-06-27T15:00,30.1,73.0,509.0,386.0,123.0,1.92,100720.0,24.7,1.17,0.38,32.2,0.289,0,1,0,1.0,32.39182533276606,68.38165107076588,0.023573780675236636,32.79576530401097,0.2015840913929516,49119.43519999999,1.5369906235624242,432.65,0.005199117921167117,6.9235784882856915e-06,0.31842031724044206,0.0,0.0,1.148384962718731,lhs_candidate_000023_june2024_preflight,pa1_candidate_000023
2024-06-27T16:00,29.9,75.0,421.0,304.0,117.0,1.35,100740.0,24.9,1.07,0.31,31.8,0.287,0,1,0,1.0,31.79557828219164,71.53661450938077,0.023891516147209205,32.95127983024125,0.20045709136088644,41164.3408,1.337814590289533,357.84999999999997,0.004365997196598795,5.614723171300378e-06,0.3114635269190521,0.0,0.0,1.150858831741425,lhs_candidate_000023_june2024_preflight,pa1_candidate_000023
2024-06-27T17:00,29.4,74.0,249.0,180.0,69.0,1.65,100690.0,24.3,1.05,0.19,31.1,0.289,0,1,0,1.0,30.86937525643683,70.91922508956026,0.02254014844817653,33.02900209070779,0.19965015133401381,24339.5856,1.2967962109314013,211.65,0.0045899759021805235,3.366842365398361e-06,0.30648241564206063,0.0,0.0,1.153792010751764,lhs_candidate_000023_june2024_preflight,pa1_candidate_000023
2024-06-27T18:00,28.6,80.0,58.0,28.0,30.0,1.34,100820.0,24.8,0.77,0.05,30.1,0.291,1,0,0,1.0,29.525165559225307,77.26044352079317,0.022837004845225033,32.997828996780335,0.19926642561184277,6159.472,0.9388850653962675,49.3,0.002582664447988712,9.02087466198133e-07,0.30411373834470845,0.0,0.0,1.160412379419116,lhs_candidate_000023_june2024_preflight,pa1_candidate_000023
2024-06-27T19:00,28.1,82.0,1.0,0.0,1.0,1.0,100890.0,24.8,0.67,0.0,29.3,0.292,0,0,0,1.0,28.51732071786077,80.70346746037694,0.02258042596641134,32.88442144365822,0.2055704148362763,123.18239999999999,0.7516560946418727,0.85,0.0018709230657683795,1.7895164217060157e-07,0.34302725207577967,0.0,0.0,1.1650975921952347,lhs_candidate_000023_june2024_preflight,pa1_candidate_000023
2024-06-27T20:00,28.0,82.0,0.0,0.0,0.0,0.85,100950.0,24.5,0.7,0.0,28.9,0.294,0,0,0,1.0,28.141191101416606,81.81751356279842,0.0224254082501754,32.74582507030218,0.20554095021248311,0.0,0.6929557341565125,0.0,0.0014738226503256996,1.5199765734732412e-07,0.3428453716819946,0.0,0.0,1.167245847928934,lhs_candidate_000023_june2024_preflight,pa1_candidate_000023
2024-06-27T21:00,27.8,83.0,0.0,0.0,0.0,0.73,100970.0,24.6,0.63,0.0,28.5,0.293,0,0,0,1.0,27.9522951328257,82.68972409422685,0.022430710673642947,32.605640152647354,0.20551434023209,0.0,0.6525011059049945,0.0,0.001307586928440468,1.43055490540045e-07,0.3426811125437655,0.0,0.0,1.1682095148039242,lhs_candidate_000023_june2024_preflight,pa1_candidate_000023
2024-06-27T22:00,27.2,88.0,0.0,0.0,0.0,0.41,100980.0,25.0,0.44,0.0,28.2,0.292,0,0,0,1.0,27.521758565011453,86.35661059581614,0.022877040555314216,32.462949356762834,0.20549121104805726,0.0,0.5015230194061675,0.0,0.001073048878126793,1.0990897826074846e-07,0.3425383398028226,0.0,0.0,1.1699981565238706,lhs_candidate_000023_june2024_preflight,pa1_candidate_000023
2024-06-27T23:00,27.2,87.0,0.0,0.0,0.0,0.32,101000.0,24.9,0.46,0.0,27.9,0.291,0,0,0,1.0,27.30156971499046,87.31564191737827,0.02285186964728973,32.315446067022044,0.2054727803037019,0.0,0.4603035914131639,0.0,0.0007003250468195524,1.0084221880579599e-07,0.3424245697759376,0.0,0.0,1.1710874995474299,lhs_candidate_000023_june2024_preflight,pa1_candidate_000023
2024-06-28T00:00,26.9,89.0,0.0,0.0,0.0,0.5,100960.0,24.8,0.4,0.0,27.5,0.29,0,0,0,1.0,27.09905273200454,88.27907027531975,0.02284694720036796,32.16854831376818,0.20545517231209345,0.0,0.4203255991139798,0.0,0.0010431930451536234,9.205470610798446e-08,0.3423158784697127,0.0,0.0,1.1714132842943965,lhs_candidate_000023_june2024_preflight,pa1_candidate_000023
2024-06-28T01:00,26.4,91.0,0.0,0.0,0.0,0.45,100940.0,24.8,0.3,0.0,27.3,0.29,0,0,0,1.0,26.694785679741774,89.93773831464166,0.022760889166757794,32.0188789318137,0.20543991385098426,0.0,0.35237985766383817,0.0,0.001086909720311291,7.715280473962355e-08,0.34222169043817446,0.0,0.0,1.1727602796131005,lhs_candidate_000023_june2024_preflight,pa1_candidate_000023
2024-06-28T02:00,26.3,90.0,0.0,0.0,0.0,0.45,100910.0,24.6,0.34,0.0,27.2,0.291,0,0,0,1.0,26.4458620475395,90.00491415383314,0.022465247594614095,31.86510547124276,0.20542644610396468,0.0,0.3449364044136356,0.0,0.0009207518404788095,7.550473036036544e-08,0.34213855619731287,0.0,0.0,1.1733858434578774,lhs_candidate_000023_june2024_preflight,pa1_candidate_000023
2024-06-28T03:00,26.1,89.0,0.0,0.0,0.0,0.3,100890.0,24.1,0.39,0.0,27.0,0.299,0,0,0,1.0,26.270294262314017,89.18209477343936,0.022043581523256226,31.71154532537397,0.20541237647809288,0.0,0.36948822200663267,0.0,0.000783358816593987,8.085846107339016e-08,0.3420517066548943,0.0,0.0,1.1738411715822181,lhs_candidate_000023_june2024_preflight,pa1_candidate_000023
2024-06-28T04:00,26.2,89.0,0.0,0.0,0.0,0.64,100940.0,24.2,0.38,0.0,27.0,0.298,0,0,0,1.0,26.248594490150303,88.99580061729749,0.021970982675992103,31.559585075316182,0.20539765748627295,0.0,0.3753702767445595,0.0,0.0010779412311524715,8.21238644318178e-08,0.34196084868069726,0.0,0.0,1.1745080343250331,lhs_candidate_000023_june2024_preflight,pa1_candidate_000023
2024-06-28T05:00,26.3,89.0,0.0,0.0,0.0,0.41,100970.0,24.3,0.38,0.0,26.9,0.297,0,0,0,1.0,26.331591455586906,89.08960619759927,0.022095951387308292,31.41307003277944,0.20538289539587776,0.0,0.37399683816012397,0.0,0.0007092251584374685,8.180157835314828e-08,0.3418697246659121,0.0,0.0,1.1745315109146897,lhs_candidate_000023_june2024_preflight,pa1_candidate_000023
2024-06-28T06:00,26.2,91.0,16.0,7.0,9.0,0.5,101030.0,24.6,0.31,0.01,26.9,0.296,1,0,0,1.0,26.35046187371708,90.8317102255381,0.022551685019319867,31.27569783888628,0.20534904700392795,1724.6416,0.3146292092377396,13.6,0.0009901051636264243,2.9173522419635725e-07,0.3416607839748639,0.0,0.0,1.1751554128493886,lhs_candidate_000023_june2024_preflight,pa1_candidate_000023
2024-06-28T07:00,27.7,87.0,146.0,91.0,55.0,0.71,101070.0,25.2,0.5,0.1,28.7,0.296,0,0,0,1.0,27.543243178482687,92.75977143737292,0.024602435187704854,31.18510909302748,0.21152168079038258,14783.032000000001,0.2664808945425867,124.1,0.001283039882116017,2.3261560423790594e-06,0.3797634616690283,0.0,0.0,1.1709572644382455,lhs_candidate_000023_june2024_preflight,pa1_candidate_000023
2024-06-28T08:00,28.1,85.0,274.0,163.0,111.0,1.03,101100.0,25.2,0.59,0.2,28.6,0.298,0,0,0,1.0,28.80710240679442,89.00441798343759,0.025300309119698643,31.18674525611321,0.21092443771667266,28017.2464,0.43556145481056463,232.9,0.0020739083222725396,4.307615472171637e-06,0.3760767760288436,0.0,0.0,1.166402267306223,lhs_candidate_000023_june2024_preflight,pa1_candidate_000023
2024-06-28T09:00,28.7,84.0,479.0,326.0,153.0,1.44,101100.0,25.8,0.62,0.34,29.3,0.297,0,1,0,1.0,30.041843038055887,85.14163972818233,0.025880617601945967,31.28849586936582,0.20987219684761793,47534.9072,0.6319645669086382,407.15,0.00427074722736735,7.369791727126234e-06,0.36958146202233294,0.0,0.0,1.161652125424412,lhs_candidate_000023_june2024_preflight,pa1_candidate_000023
2024-06-28T10:00,29.4,81.0,589.0,464.0,125.0,1.61,101040.0,25.9,0.76,0.43,30.2,0.296,0,1,0,1.0,31.19023083775746,79.41790161366828,0.025679373868245623,31.48475852399523,0.2084070698767175,56229.8,0.9347312090718112,500.65,0.004647266504201278,8.87682926486967e-06,0.36053746837479944,0.0,0.0,1.1565819776414141,lhs_candidate_000023_june2024_preflight,pa1_candidate_000023
2024-06-28T11:00,30.0,78.0,703.0,495.0,208.0,2.06,100970.0,25.8,0.92,0.51,31.0,0.293,0,1,0,1.0,32.231569129785356,74.84467232584029,0.025583181338206182,31.74987419911466,0.20667873488648614,69181.9392,1.2118201352221933,597.55,0.005366339435460901,1.0302936191232232e-05,0.3498687338671984,0.0,0.0,1.151839539975559,lhs_candidate_000023_june2024_preflight,pa1_candidate_000023
2024-06-28T12:00,30.1,75.0,532.0,226.0,306.0,2.46,100890.0,25.2,1.05,0.4,31.2,0.29,0,1,0,1.0,32.24801481950283,70.83334733304592,0.024233208590824885,32.00884510375561,0.20506232370821226,57581.814399999996,1.4063637381239165,452.2,0.00589258941522259,7.680864336672306e-06,0.33989088708773,0.0,0.0,1.1508649433104372,lhs_candidate_000023_june2024_preflight,pa1_candidate_000023
2024-06-28T13:00,30.0,74.0,492.0,189.0,303.0,2.61,100840.0,24.9,1.1,0.38,31.3,0.288,0,1,0,1.0,31.93884218660471,70.1775982718617,0.023617244748328516,32.2078595613166,0.20374558411547528,53956.267199999995,1.4130950514242953,418.2,0.006056015367756174,6.957361884094568e-06,0.33176286491034124,0.0,0.0,1.1514602789556045,lhs_candidate_000023_june2024_preflight,pa1_candidate_000023
2024-06-28T14:00,31.1,66.0,751.0,628.0,123.0,2.82,100710.0,24.0,1.52,0.56,32.1,0.284,0,1,0,1.0,33.15061661814005,63.76299979335061,0.022882155347712894,32.45688500024048,0.20219440021014287,70415.43519999999,1.8382306536076216,638.35,0.006383040819508778,1.0247664870202277e-05,0.3221876556181659,0.0,0.0,1.145426360648783,lhs_candidate_000023_june2024_preflight,pa1_candidate_000023
2024-06-28T15:00,30.6,68.0,573.0,421.0,152.0,2.83,100680.0,24.1,1.4,0.44,32.0,0.281,0,1,0,1.0,33.08799975497011,62.895878063080765,0.022496509869038277,32.737677455774204,0.20058281332761138,55771.724799999996,1.8756245358259016,487.05,0.006492590660361909,7.671879500565317e-06,0.3122395884420456,0.0,0.0,1.1453192922787816,lhs_candidate_000023_june2024_preflight,pa1_candidate_000023
2024-06-28T16:00,30.4,70.0,420.0,283.0,137.0,2.15,100710.0,24.2,1.32,0.32,31.7,0.279,0,1,0,1.0,32.31824956254031,66.13099518594822,0.022709020187995654,32.92279283436264,0.19939575213883706,41779.9888,1.6395835617195589,357.0,0.005401766344772722,5.543052529856693e-06,0.304912050239735,0.0,0.0,1.1485475202736697,lhs_candidate_000023_june2024_preflight,pa1_candidate_000023
2024-06-28T17:00,29.8,73.0,298.0,229.0,69.0,1.91,100700.0,24.4,1.14,0.22,31.1,0.277,0,1,0,1.0,31.399607945949622,69.39020055983377,0.022689813951902896,33.02346098269803,0.19854591302473568,28651.5856,1.4067697669463994,253.29999999999998,0.0049816543408369735,3.9119367678933104e-06,0.299666129782319,0.0,0.0,1.151897603109925,lhs_candidate_000023_june2024_preflight,pa1_candidate_000023
2024-06-28T18:00,29.3,77.0,64.0,36.0,28.0,1.25,100730.0,24.8,0.93,0.06,30.4,0.276,1,1,0,1.0,30.164039252975556,74.33918073280233,0.022746625679107353,33.018014194870226,0.19810639011855924,6617.1071999999995,1.099091745408698,54.4,0.0038243034416015793,9.839532609198563e-07,0.29695302542320523,0.0,0.0,1.156934495002036,lhs_candidate_000023_june2024_preflight,pa1_candidate_000023
2024-06-28T19:00,28.9,79.0,1.0,0.0,1.0,1.17,100820.0,24.9,0.83,0.01,29.7,0.275,0,0,0,1.0,29.265461558853158,77.92172179185857,0.022709869904701824,32.921302654931225,0.2043994477318843,123.18239999999999,0.8980427362630805,0.85,0.002081110123951697,2.0663033491609108e-07,0.3357990600733598,0.0,0.0,1.1614089016718576,lhs_candidate_000023_june2024_preflight,pa1_candidate_000023
2024-06-28T20:00,28.5,82.0,0.0,0.0,0.0,1.2,100890.0,25.1,0.71,0.0,29.3,0.274,0,0,0,1.0,28.74375963844731,81.04476590874388,0.022958204109258522,32.79766780114762,0.20436643550424383,0.0,0.7481142616356737,0.0,0.0020601454778879295,1.6062638661885638e-07,0.33559528089039403,0.0,0.0,1.1642236972148592,lhs_candidate_000023_june2024_preflight,pa1_candidate_000023
2024-06-28T21:00,28.3,83.0,0.0,0.0,0.0,0.91,100940.0,25.2,0.64,0.0,29.0,0.274,0,0,0,1.0,28.45547108696276,82.60170681211582,0.023033488898785533,32.6682280610449,0.20433914436101971,0.0,0.6752868151853066,0.0,0.0015732419966531048,1.4491694229986015e-07,0.3354268170433316,0.0,0.0,1.1659140446855922,lhs_candidate_000023_june2024_preflight,pa1_candidate_000023
2024-06-28T22:00,28.1,84.0,0.0,0.0,0.0,1.04,100970.0,25.1,0.6,0.0,28.7,0.273,0,0,0,1.0,28.247849380001533,83.59505312377652,0.02304698279127184,32.53715906991625,0.2043139809633986,0.0,0.6291007200220715,0.0,0.0017635018169868467,1.3494286112607087e-07,0.33527148742838636,0.0,0.0,1.167063954925505,lhs_candidate_000023_june2024_preflight,pa1_candidate_000023
2024-06-28T23:00,27.8,85.0,0.0,0.0,0.0,1.03,100950.0,25.1,0.55,0.0,28.5,0.273,0,0,0,1.0,27.98887505520906,84.44585425320946,0.022953148870298642,32.40468312189064,0.2042904815546339,0.0,0.5875551445598961,0.0,0.0017744269733839507,1.2597675670416735e-07,0.3351264293495919,0.0,0.0,1.167836240891238,lhs_candidate_000023_june2024_preflight,pa1_candidate_000023
2024-06-29T00:00,27.6,86.0,0.0,0.0,0.0,1.08,100960.0,25.1,0.52,0.0,28.3,0.272,0,0,0,1.0,27.75518264212384,85.50085216238993,0.022943328204781788,32.2700748066003,0.20426873984758648,0.0,0.5402936033108463,0.0,0.001828888817731667,1.1579709356828937e-07,0.33499222128139805,0.0,0.0,1.1688589936497893,lhs_candidate_000023_june2024_preflight,pa1_candidate_000023
2024-06-29T01:00,27.4,87.0,0.0,0.0,0.0,0.89,100920.0,25.0,0.48,0.0,28.2,0.272,0,0,0,1.0,27.55380055119928,86.51437883545226,0.022959337354312385,32.13446367486147,0.20424874680969896,0.0,0.4966525085125588,0.0,0.001542679156681541,1.0640460883671182e-07,0.33486880746727754,0.0,0.0,1.169178373459461,lhs_candidate_000023_june2024_preflight,pa1_candidate_000023
2024-06-29T02:00,27.6,85.0,0.0,0.0,0.0,0.67,100890.0,24.9,0.54,0.0,28.1,0.271,0,0,0,1.0,27.59135617336233,85.64101697590019,0.022774632445554104,32.000270213602334,0.20422923507062665,0.0,0.5299783175426009,0.0,0.0010831405136681718,1.1350361056976076e-07,0.3347483646334979,0.0,0.0,1.1686848575949138,lhs_candidate_000023_june2024_preflight,pa1_candidate_000023
2024-06-29T03:00,27.5,85.0,0.0,0.0,0.0,0.92,100900.0,24.7,0.56,0.0,28.0,0.271,0,0,0,1.0,27.591828088022805,84.96107832684928,0.022594402727395095,31.871355671962487,0.20420815747680787,0.0,0.5550895962749345,0.0,0.0015430080390540074,1.1883539927485961e-07,0.33461825602967826,0.0,0.0,1.168798861081185,lhs_candidate_000023_june2024_preflight,pa1_candidate_000023
2024-06-29T04:00,27.4,85.0,0.0,0.0,0.0,0.94,100910.0,24.7,0.54,0.0,27.8,0.27,0,0,0,1.0,27.501884293664297,84.88793115911929,0.02246334836621993,31.74473909211051,0.20418675268130015,0.0,0.5548659845410295,0.0,0.0015808350702353378,1.1874062294312401e-07,0.33448612766234664,0.0,0.0,1.1692643939719025,lhs_candidate_000023_june2024_preflight,pa1_candidate_000023
2024-06-29T05:00,27.3,86.0,0.0,0.0,0.0,0.92,100900.0,24.7,0.52,0.0,27.7,0.27,0,0,0,1.0,27.402906135006415,85.69981908949184,0.022554759803260747,31.619541829188115,0.2041659384695079,0.0,0.5220264039362461,0.0,0.0015510574894727074,1.1167008280201884e-07,0.33435764487350556,0.0,0.0,1.1695335462531182,lhs_candidate_000023_june2024_preflight,pa1_candidate_000023
2024-06-29T06:00,27.3,86.0,18.0,7.0,11.0,0.72,100960.0,24.8,0.51,0.01,27.6,0.269,1,0,0,1.0,27.408382514284984,86.3723254829103,0.0227386200740965,31.50057252801716,0.2041242885791641,1971.0063999999998,0.49763600538222486,15.299999999999999,0.0012549568839167597,3.5165120053225233e-07,0.33410054678496354,0.0,0.0,1.1702076848592387,lhs_candidate_000023_june2024_preflight,pa1_candidate_000023
2024-06-29T07:00,28.0,83.0,159.0,103.0,56.0,0.81,101000.0,24.7,0.66,0.11,28.4,0.269,0,0,0,1.0,28.18994954722732,87.65367115547461,0.024089364263321558,31.427622679378196,0.2102727055738739,15962.214399999997,0.47186904200017166,135.15,0.0014526493345282453,2.525091776972302e-06,0.3720537381103327,0.0,0.0,1.1676350183283088,lhs_candidate_000023_june2024_preflight,pa1_candidate_000023
2024-06-29T08:00,28.7,78.0,264.0,139.0,125.0,1.02,101070.0,24.6,0.85,0.2,29.1,0.267,0,0,0,1.0,29.313187653744563,82.6024017322567,0.024136564762251855,31.43477234903838,0.2096732832013019,27629.8,0.7096044211131463,224.4,0.002009241177717958,4.133498873229446e-06,0.36835360000803646,0.0,0.0,1.164105093907884,lhs_candidate_000023_june2024_preflight,pa1_candidate_000023
2024-06-29T09:00,29.8,72.0,450.0,311.0,139.0,1.33,101050.0,24.2,1.16,0.34,30.2,0.265,0,1,0,1.0,30.830120888897902,73.58597772195259,0.023338465020942636,31.535207217215408,0.2086773240784502,44490.3536,1.1752456512528844,382.5,0.004001330803409473,6.920191797959792e-06,0.36220570418796416,0.0,0.0,1.1580667254331052,lhs_candidate_000023_june2024_preflight,pa1_candidate_000023
2024-06-29T10:00,30.7,68.0,632.0,372.0,260.0,1.65,101040.0,24.0,1.43,0.48,31.3,0.262,0,1,0,1.0,32.45104975524399,67.76342549630233,0.023434179628435775,31.75106235705924,0.20720037547579181,64763.42399999999,1.5722798071039445,537.1999999999999,0.004682779539436972,9.45670522526248e-06,0.3530887375048878,0.0,0.0,1.151810264853771,lhs_candidate_000023_june2024_preflight,pa1_candidate_000023
2024-06-29T11:00,31.7,63.0,895.0,784.0,111.0,2.16,100950.0,23.9,1.71,0.67,32.4,0.258,0,1,0,1.0,34.263423603983924,61.129653350098835,0.023257997050376508,32.09750578370691,0.20518361444671226,82665.2464,2.098134498884836,760.75,0.005583888527795534,1.2891848068836793e-05,0.3406395953500757,0.0,0.0,1.1439997892991616,lhs_candidate_000023_june2024_preflight,pa1_candidate_000023
2024-06-29T12:00,32.0,62.0,827.0,711.0,116.0,2.5,100870.0,23.8,1.79,0.63,32.9,0.255,0,1,0,1.0,34.98020980724157,57.79345009205656,0.022826589355774786,32.509140137443666,0.20298615071055298,76857.1584,2.3705452122609003,702.9499999999999,0.00613934638679352,1.1528356312128344e-05,0.3270750043861295,0.0,0.0,1.1404340877819825,lhs_candidate_000023_june2024_preflight,pa1_candidate_000023
2024-06-29T13:00,32.5,60.0,941.0,830.0,111.0,2.82,100810.0,23.8,1.94,0.72,33.5,0.251,0,1,0,1.0,35.630267333852345,55.58833628068011,0.02270909036950179,32.9308477825961,0.20081641183822344,86713.2464,2.5854393201642423,799.85,0.006609594270004822,1.2557908779265445e-05,0.3136815545569348,0.0,0.0,1.1373562661682621,lhs_candidate_000023_june2024_preflight,pa1_candidate_000023
2024-06-29T14:00,32.5,59.0,838.0,728.0,110.0,2.91,100740.0,23.4,2.01,0.65,33.7,0.248,0,1,0,1.0,35.7038867426305,53.84431373306682,0.022080601088230508,33.35402027879559,0.19871625510863342,77614.064,2.697870098918582,712.3,0.0067498542887287636,1.0797234122567914e-05,0.3007176241273668,0.0,0.0,1.1362955981156364,lhs_candidate_000023_june2024_preflight,pa1_candidate_000023
2024-06-29T15:00,32.2,60.0,681.0,555.0,126.0,3.01,100670.0,23.5,1.92,0.53,33.5,0.245,0,1,0,1.0,35.0543066532605,54.822905712972535,0.021736940091970764,33.70005098789576,0.19697989106406305,64360.98239999999,2.5477984026112317,578.85,0.006821559673314902,8.527559389961295e-06,0.28999932755594476,0.0,0.0,1.1378992585149021,lhs_candidate_000023_june2024_preflight,pa1_candidate_000023
2024-06-29T16:00,31.5,63.0,474.0,383.0,91.0,3.13,100620.0,23.6,1.71,0.38,32.9,0.243,0,1,0,1.0,33.827239297871884,57.99508210708673,0.021566731343789648,33.93438501455008,0.1956885687019715,44913.5984,2.21294786421462,402.9,0.006891484991986449,5.851653412479385e-06,0.28202820186402155,0.0,0.0,1.141880313770669,lhs_candidate_000023_june2024_preflight,pa1_candidate_000023
2024-06-29T17:00,30.8,68.0,292.0,207.0,85.0,2.19,100650.0,24.1,1.44,0.23,32.2,0.241,0,1,0,1.0,32.49497210088011,63.96803462666799,0.022173239145904293,34.04577484355743,0.1948391266619746,28686.504,1.7617449948614095,248.2,0.005395873329104705,3.608361594374089e-06,0.2767847324813246,0.0,0.0,1.1471995607483452,lhs_candidate_000023_june2024_preflight,pa1_candidate_000023
2024-06-29T18:00,29.9,74.0,91.0,59.0,32.0,1.77,100720.0,24.6,1.11,0.08,31.2,0.24,1,1,0,1.0,30.97230368428371,70.6412247682019,0.02257617642049951,34.037471102767455,0.1944030431292419,9133.836800000001,1.316891761650247,77.35,0.004617375547263077,1.2482381855989445e-06,0.27409285882248086,0.0,0.0,1.153745165819991,lhs_candidate_000023_june2024_preflight,pa1_candidate_000023
2024-06-29T19:00,29.2,78.0,1.0,0.0,1.0,1.58,100870.0,24.9,0.9,0.02,30.4,0.24,0,0,0,1.0,29.72010135827383,76.10488832436542,0.022734452918510874,33.932004971931434,0.20066723457905308,123.18239999999999,0.9977210328350878,0.85,0.0027515795556688036,2.1239947752544953e-07,0.31276070727810545,0.0,0.0,1.1602406218496575,lhs_candidate_000023_june2024_preflight,pa1_candidate_000023
2024-06-29T20:00,28.8,80.0,0.0,0.0,0.0,1.3,100960.0,25.1,0.78,0.01,29.9,0.239,0,0,0,1.0,29.065881767686932,79.08173683877942,0.02279902458955873,33.787809317870845,0.20063334990315224,0.0,0.8411136460407991,0.0,0.002221584387308409,1.681935883787914e-07,0.31255154261205087,0.0,0.0,1.1637896953325653,lhs_candidate_000023_june2024_preflight,pa1_candidate_000023
2024-06-29T21:00,28.5,82.0,0.0,0.0,0.0,1.22,101020.0,25.1,0.71,0.0,29.5,0.239,0,0,0,1.0,28.705118146480924,81.25671910833205,0.022969735630290537,33.636722793780294,0.20060501011373544,0.0,0.7380955328385119,0.0,0.002069451132302243,1.4751092586955086e-07,0.31237660564034225,0.0,0.0,1.1658730650199713,lhs_candidate_000023_june2024_preflight,pa1_candidate_000023
2024-06-29T22:00,28.3,84.0,0.0,0.0,0.0,1.12,101050.0,25.2,0.63,0.0,29.2,0.239,0,0,0,1.0,28.462307844764382,83.35344727269722,0.023251807107863766,33.48314146118308,0.20058015268488724,0.0,0.6463655800413934,0.0,0.001893700250829937,1.2911492687223387e-07,0.3122231647215262,0.0,0.0,1.1671581498449657,lhs_candidate_000023_june2024_preflight,pa1_candidate_000023
2024-06-29T23:00,28.0,85.0,0.0,0.0,0.0,1.21,101080.0,25.3,0.55,0.0,29.0,0.239,0,0,0,1.0,28.19941071557182,84.34277878130641,0.023191476217510432,33.328489421325756,0.20055783233239002,0.0,0.5987385595347803,0.0,0.0020513901433257837,1.195484004142473e-07,0.3120853847678397,0.0,0.0,1.168523189634137,lhs_candidate_000023_june2024_preflight,pa1_candidate_000023
2024-06-30T00:00,27.8,87.0,0.0,0.0,0.0,1.17,101070.0,25.3,0.5,0.0,28.8,0.238,0,0,0,1.0,27.965549434276234,86.26875869763728,0.023418614103671933,33.172297190869855,0.20053772635046108,0.0,0.517991136540322,0.0,0.001971864567011285,1.033846648129704e-07,0.31196127376827826,0.0,0.0,1.1693150291602326,lhs_candidate_000023_june2024_preflight,pa1_candidate_000023
2024-06-30T01:00,27.6,87.0,0.0,0.0,0.0,1.0,101030.0,25.2,0.48,0.0,28.6,0.238,0,0,0,1.0,27.76400243701724,86.57554538647723,0.02324298561727579,33.01572210899788,0.2005195650240922,0.0,0.5005038596723819,0.0,0.0017137106228229545,9.985852103189698e-08,0.31184916681538405,0.0,0.0,1.16963513186947,lhs_candidate_000023_june2024_preflight,pa1_candidate_000023
2024-06-30T02:00,27.5,87.0,0.0,0.0,0.0,0.99,100980.0,25.1,0.49,0.0,28.4,0.238,0,0,0,1.0,27.62428866729016,86.70226454968221,0.023098707724729703,32.859583914392964,0.20050177077092307,0.0,0.49175337043547085,0.0,0.0016724432080129428,9.807810081434329e-08,0.31173932574643876,0.0,0.0,1.1695993191392462,lhs_candidate_000023_june2024_preflight,pa1_candidate_000023
2024-06-30T03:00,27.4,87.0,0.0,0.0,0.0,0.86,100910.0,25.0,0.49,0.0,28.3,0.238,0,0,0,1.0,27.519885357183558,86.75484969292098,0.02298016705045484,32.70525557721542,0.20048421076419023,0.0,0.4868306895740706,0.0,0.0014727953419403357,9.706253180643333e-08,0.3116309306431496,0.0,0.0,1.1691943902779787,lhs_candidate_000023_june2024_preflight,pa1_candidate_000023
2024-06-30T04:00,27.3,87.0,0.0,0.0,0.0,0.94,100890.0,24.9,0.49,0.0,28.2,0.238,0,0,0,1.0,27.418684457824842,86.74634753057391,0.02285006644272502,32.553003959497374,0.20046679333418213,0.0,0.48426968557975814,0.0,0.0015926942161676866,9.651861701013855e-08,0.3115234156430996,0.0,0.0,1.169356247628934,lhs_candidate_000023_june2024_preflight,pa1_candidate_000023
2024-06-30T05:00,27.2,87.0,0.0,0.0,0.0,1.06,100940.0,24.8,0.48,0.0,28.0,0.237,0,0,0,1.0,27.317350360255567,86.72116892954297,0.022716066595689085,32.40278749879237,0.2004494579967577,0.0,0.4823217522220502,0.0,0.0017750174109459971,9.609735836137947e-08,0.31141640738739323,0.0,0.0,1.1703303346359801,lhs_candidate_000023_june2024_preflight,pa1_candidate_000023
2024-06-30T06:00,27.2,87.0,19.0,9.0,10.0,0.94,100970.0,24.9,0.46,0.01,28.0,0.237,1,0,0,1.0,27.324859202474617,87.09886723084476,0.022824460265461307,32.25972536570352,0.20041070786524448,2023.824,0.46880874048393517,16.15,0.0015970508469843189,3.344763060849405e-07,0.311177209044719,0.0,0.0,1.170648908987223,lhs_candidate_000023_june2024_preflight,pa1_candidate_000023
2024-06-30T07:00,28.1,82.0,180.0,129.0,51.0,0.72,101010.0,24.7,0.69,0.12,28.7,0.237,0,0,0,1.0,28.281936727999177,87.44913285534926,0.024154616416365324,32.169626638872494,0.20654736711853178,17634.3024,0.4822578875878665,153.0,0.0013184239179702237,2.670312450830144e-06,0.349057821719332,0.0,0.0,1.1673942664096275,lhs_candidate_000023_june2024_preflight,pa1_candidate_000023
2024-06-30T08:00,29.5,73.0,405.0,330.0,75.0,0.32,101060.0,24.2,1.1,0.28,30.0,0.235,0,1,0,1.0,30.230304239714265,79.38292332874255,0.024376966875771757,32.201605400154364,0.2057801260060045,38278.68,0.8864183808071391,344.25,0.002760522071118241,5.882919527007184e-06,0.34432176546916365,0.0,0.0,1.1604711822451446,lhs_candidate_000023_june2024_preflight,pa1_candidate_000023
2024-06-30T09:00,30.8,66.0,617.0,529.0,88.0,0.22,101050.0,23.7,1.5,0.45,31.4,0.233,0,1,0,1.0,32.36746236088942,68.54209692745715,0.023598557187868015,32.37726750650205,0.20445527860649024,57392.0512,1.52709332112516,524.4499999999999,0.003279174541650872,8.7875013781054e-06,0.3361436951017916,0.0,0.0,1.1522394185728553,lhs_candidate_000023_june2024_preflight,pa1_candidate_000023
2024-06-30T10:00,31.9,61.0,775.0,666.0,109.0,0.22,100980.0,23.4,1.85,0.58,32.6,0.23,0,1,0,1.0,34.23652021975104,61.63046989102869,0.023415558005856707,32.6758781408895,0.2026969673443338,72034.88160000001,2.0680071564265843,658.75,0.0036766847726283185,1.0712573302612877e-05,0.32528992187860367,0.0,0.0,1.1444399155446434,lhs_candidate_000023_june2024_preflight,pa1_candidate_000023
2024-06-30T11:00,32.6,59.0,871.0,744.0,127.0,0.58,100890.0,23.5,2.02,0.66,33.6,0.227,0,1,0,1.0,35.56438942781669,57.47464185701305,0.023399716748758397,33.05888597372558,0.20068548828336785,81116.1648,2.4666690500031887,740.35,0.004094339189045506,1.1608515886749948e-05,0.31287338446523366,0.0,0.0,1.1385017383342542,lhs_candidate_000023_june2024_preflight,pa1_candidate_000023
2024-06-30T12:00,33.0,59.0,904.0,699.0,205.0,1.35,100790.0,23.9,2.08,0.7,34.2,0.223,0,1,0,1.0,36.29955009184434,55.334327415674544,0.023400355077841863,33.48284966857752,0.19859761437798693,86764.39199999999,2.6975111655736663,768.4,0.004831581560342142,1.157839750055449e-05,0.2999852739381909,0.0,0.0,1.1346712171476099,lhs_candidate_000023_june2024_preflight,pa1_candidate_000023
2024-06-30T13:00,32.6,60.0,765.0,560.0,205.0,2.08,100760.0,24.0,1.95,0.6,34.2,0.221,0,1,0,1.0,35.88208392884587,54.66028767400417,0.022622732268768077,33.87608460975769,0.1967036533896138,74532.39199999999,2.676253072824542,650.25,0.0056620588358755036,9.488818685351727e-06,0.2882941567260111,0.0,0.0,1.1358658356009168,lhs_candidate_000023_june2024_preflight,pa1_candidate_000023
2024-06-30T14:00,31.9,64.0,738.0,536.0,202.0,2.16,100720.0,24.1,1.71,0.57,34.0,0.222,0,1,0,1.0,35.078340894566445,57.95434263328991,0.023007270981325947,34.205047419590365,0.19505890070165263,72050.84479999999,2.3743489410985332,627.3,0.0057390896587719495,8.794632109169551e-06,0.2781413623558805,0.0,0.0,1.138375649284647,lhs_candidate_000023_june2024_preflight,pa1_candidate_000023
2024-06-30T15:00,31.3,68.0,483.0,311.0,172.0,0.61,100700.0,24.8,1.44,0.37,33.3,0.221,0,1,0,1.0,33.889411362217885,63.0492376175396,0.023522853701429237,34.44055125428366,0.19376168600282842,48555.3728,1.9534369644416572,410.55,0.003962893307906455,5.659173185915511e-06,0.27013386421499025,0.0,0.0,1.1425567873016547,lhs_candidate_000023_june2024_preflight,pa1_candidate_000023
2024-06-30T16:00,31.2,69.0,323.0,196.0,127.0,0.51,100690.0,24.8,1.41,0.25,32.9,0.219,0,1,0,1.0,32.908537192609664,66.09613362801925,0.023418106885014545,34.55086731107381,0.19291452368006867,32892.1648,1.6966847620059897,274.55,0.003491528881091597,3.7773934287888874e-06,0.26490446716091776,0.0,0.0,1.1461046945534754,lhs_candidate_000023_june2024_preflight,pa1_candidate_000023
2024-06-30T17:00,31.0,70.0,231.0,157.0,74.0,1.03,100730.0,24.8,1.36,0.18,32.4,0.219,0,1,0,1.0,32.24580511467975,67.68913805091645,0.023154806233587708,34.58446632091163,0.192330338810458,22931.4976,1.557777704002676,196.35,0.0037275099617691985,2.7222729838977733e-06,0.26129838771887653,0.0,0.0,1.1490481170767766,lhs_candidate_000023_june2024_preflight,pa1_candidate_000023
2024-06-30T18:00,30.4,75.0,93.0,60.0,33.0,0.5,100750.0,25.4,1.1,0.06,31.6,0.218,1,1,0,1.0,31.309903014202607,72.52606012696602,0.02360166999501738,34.54917412667214,0.19197839671705128,9345.0192,1.2562364820165701,79.05,0.0030172527418232025,1.1911594457087327e-06,0.25912590566081034,0.0,0.0,1.1528091076300804,lhs_candidate_000023_june2024_preflight,pa1_candidate_000023
2024-06-30T19:00,29.9,78.0,1.0,0.0,1.0,0.72,100830.0,25.6,0.93,0.0,30.8,0.218,0,0,0,1.0,30.348540709277675,76.56369991526803,0.023661658839874655,34.44119587420224,0.19824795667764494,123.18239999999999,1.0144710046860812,0.85,0.001525110702956455,2.054493679765088e-07,0.29782689307188237,0.0,0.0,1.157379028489362,lhs_candidate_000023_june2024_preflight,pa1_candidate_000023
2024-06-30T20:00,29.5,81.0,0.0,0.0,0.0,0.92,100920.0,25.8,0.79,0.0,30.3,0.217,0,0,0,1.0,29.763159562780846,79.99209157393469,0.02395145673372582,34.29792873540059,0.19821529691231518,0.0,0.8374838044051569,0.0,0.0016612064140478105,1.5947013387191183e-07,0.2976252895821925,0.0,0.0,1.1606507321404858,lhs_candidate_000023_june2024_preflight,pa1_candidate_000023
2024-06-30T21:00,29.1,83.0,0.0,0.0,0.0,1.02,100990.0,26.0,0.68,0.0,30.0,0.217,0,0,0,1.0,29.345762056108388,82.14107495302937,0.02404428772739932,34.147730916668635,0.1981885592231402,0.0,0.7297899003837531,0.0,0.0017945525189934381,1.3888645295862082e-07,0.2974602421181493,0.0,0.0,1.1630584110827435,lhs_candidate_000023_june2024_preflight,pa1_candidate_000023
2024-06-30T22:00,28.9,85.0,0.0,0.0,0.0,1.08,101000.0,26.1,0.59,0.0,29.7,0.217,0,0,0,1.0,29.066579861661044,84.30905139260594,0.0243069674510601,33.99363666478733,0.19816530555208645,0.0,0.6309511966141068,0.0,0.0018353964325844019,1.200184970988056e-07,0.29731670093880525,0.0,0.0,1.1642480954343712,lhs_candidate_000023_june2024_preflight,pa1_candidate_000023
2024-06-30T23:00,28.6,87.0,0.0,0.0,0.0,1.03,100990.0,26.2,0.51,0.0,29.4,0.217,0,0,0,1.0,28.80053798720092,86.17611293521395,0.0244875655218551,33.838155278147475,0.198145136523275,0.0,0.5473894217002626,0.0,0.0017814100247008698,1.040799126420837e-07,0.29719220076095687,0.0,0.0,1.165158514773549,lhs_candidate_000023_june2024_preflight,pa1_candidate_000023
