timestamp,temperature_outside,humidity_outside,shortwave_radiation,direct_radiation,diffuse_radiation,wind_speed,surface_pressure,dew_point_outside,vpd_outside_reference,et0_outside_reference,external_soil_temperature_context,external_soil_moisture_context,pump_state,fan_state,grow_light_state,vent_state,temperature_inside_true,humidity_inside_true,vapor_density_inside_true,soil_temperature_inside_true,soil_moisture_inside_true,light_lux_inside_true,vpd_inside,solar_inside,ventilation_rate_m3_s,evapotranspiration_rate_kg_s,water_stress_coefficient,condensation_rate_kg_s,drainage_rate_m3_s,air_density,simulation_id,parameter_set_id
2024-06-01T00:00,29.6,83.0,0.0,0.0,0.0,0.81,100950.0,26.4,0.72,0.0,29.8,0.176,0,0,0,1.0,29.6,83.00000000000001,0.024633318950427478,29.6,0.4,0.0,0.7049358805204089,0.0,0.001548213529445915,4.259230650220892e-07,1.0,0.0,0.0,1.1616214428759424,lhs_candidate_000019_june2024_preflight,pa1_candidate_000019
2024-06-01T01:00,29.3,84.0,0.0,0.0,0.0,1.1,100880.0,26.4,0.63,0.0,29.6,0.176,0,0,0,1.0,29.398134580189353,84.23668628229771,0.024727965359639958,29.5809604451954,0.39992762328106074,0.0,0.6461015951857099,0.0,0.002174959390005434,3.9037532255274596e-07,1.0,0.0,0.0,1.1615904767141525,lhs_candidate_000019_june2024_preflight,pa1_candidate_000019
2024-06-01T02:00,28.9,85.0,0.0,0.0,0.0,1.0,100820.0,26.1,0.59,0.0,29.4,0.176,0,0,0,1.0,29.053713651036247,85.02134987330633,0.024495160924403327,29.555249705652603,0.39985962003619746,0.0,0.6018613845609675,0.0,0.0020345283841663453,3.6364533670977467e-07,1.0,0.0,0.0,1.162222676929871,lhs_candidate_000019_june2024_preflight,pa1_candidate_000019
2024-06-01T03:00,28.7,86.0,0.0,0.0,0.0,0.9,100780.0,26.1,0.54,0.0,29.2,0.176,0,0,0,1.0,28.786060560551253,86.23110785953693,0.02448384300209225,29.52190787047836,0.39979739520179897,0.0,0.5447551038501901,0.0,0.0017976457947770888,3.2914165660997597e-07,1.0,0.0,0.0,1.1627914196810467,lhs_candidate_000019_june2024_preflight,pa1_candidate_000019
2024-06-01T04:00,28.7,86.0,0.0,0.0,0.0,0.92,100820.0,26.1,0.55,0.0,28.8,0.176,0,0,0,1.0,28.701152994762186,86.63557630548871,0.024484934660802274,29.485041799915226,0.39973952928070405,0.0,0.5261595541769863,0.0,0.0017595020959794868,3.17906204235592e-07,1.0,0.0,0.0,1.1635801472779204,lhs_candidate_000019_june2024_preflight,pa1_candidate_000019
2024-06-01T05:00,28.6,86.0,0.0,0.0,0.0,1.02,100840.0,26.1,0.53,0.0,28.5,0.176,0,0,0,1.0,28.632294642759128,86.49561127190405,0.02435360865520766,29.447896951057036,0.39968210918824576,0.0,0.5295532567618153,0.0,0.0019756487827441603,3.199566832176473e-07,1.0,0.0,0.0,1.1640765199505358,lhs_candidate_000019_june2024_preflight,pa1_candidate_000019
2024-06-01T06:00,28.6,86.0,19.0,2.0,17.0,1.02,100900.0,26.0,0.54,0.02,28.5,0.176,1,0,0,1.0,28.626034491140206,87.55857535526675,0.024644464921866324,29.415840155957866,0.3995607903161096,2270.1007999999997,0.48769384299760077,16.15,0.001970627123173071,1.026503812482553e-06,1.0,0.0,0.0,1.1647933101827355,lhs_candidate_000019_june2024_preflight,pa1_candidate_000019
2024-06-01T07:00,29.0,84.0,156.0,58.0,98.0,1.02,100980.0,26.1,0.62,0.11,29.7,0.175,0,0,0,1.0,29.093643549650523,93.09229777574146,0.02687882389734247,29.432788177706655,0.4079687991565921,17175.875200000002,0.2782012013843329,132.6,0.002024093793947118,6.176869854910238e-06,1.0,0.0,0.0,1.163913322074761,lhs_candidate_000019_june2024_preflight,pa1_candidate_000019
2024-06-01T08:00,30.2,75.0,326.0,146.0,180.0,0.71,101020.0,25.4,1.06,0.24,30.6,0.175,0,0,0,1.0,30.344586608803528,99.00125099707724,0.030589358841199878,29.5553748391314,0.4062804367175856,35020.831999999995,0.04322238275202128,277.09999999999997,0.001515522768503081,1.2582925275434412e-05,1.0,1.7224892162174857e-06,0.0,1.1595750544276593,lhs_candidate_000019_june2024_preflight,pa1_candidate_000019
2024-06-01T09:00,31.6,66.0,535.0,311.0,224.0,0.32,101030.0,24.6,1.55,0.4,32.0,0.173,0,1,0,1.0,32.11224343819658,97.61130008723347,0.03315421773686296,29.818195474793207,0.40329522461408746,54960.857599999996,0.11429969692195563,454.75,0.002795061861865386,2.06760952540729e-05,1.0,0.0,0.0,1.1529745210466829,lhs_candidate_000019_june2024_preflight,pa1_candidate_000019
2024-06-01T10:00,32.7,61.0,673.0,368.0,305.0,0.2,100990.0,24.1,1.93,0.52,33.3,0.172,0,1,0,1.0,33.664426276598384,80.59043913255137,0.029714108779273336,30.211974572092643,0.39902088829625915,69954.632,1.0133101151523558,572.05,0.0031635170306950596,2.6534737935592275e-05,1.0,0.0,0.0,1.1466874118202943,lhs_candidate_000019_june2024_preflight,pa1_candidate_000019
2024-06-01T11:00,33.3,58.0,730.0,349.0,381.0,0.86,100950.0,23.9,2.15,0.57,34.3,0.17,0,1,0,1.0,34.64438860287469,72.93784808225958,0.028308498605350566,30.67981468885722,0.39401998475979055,77644.49440000001,1.4919649526829577,620.5,0.004010920145038236,2.901945764048179e-05,1.0,0.0,0.0,1.1425838314565262,lhs_candidate_000019_june2024_preflight,pa1_candidate_000019
2024-06-01T12:00,33.6,57.0,685.0,331.0,354.0,1.64,100940.0,23.9,2.23,0.55,34.7,0.169,0,1,0,1.0,35.01446513294052,66.6297883307853,0.026363607193503252,31.152845087726245,0.38892938294349316,72734.5696,1.8778012488976814,582.25,0.005158684211088973,2.7519278341733558e-05,1.0,0.0,0.0,1.1410986485499095,lhs_candidate_000019_june2024_preflight,pa1_candidate_000019
2024-06-01T13:00,33.3,58.0,601.0,271.0,330.0,1.64,100890.0,23.9,2.16,0.49,34.8,0.167,0,1,0,1.0,34.77727424684905,65.7434263950933,0.025693620485053845,31.576874032792478,0.38426366519079486,64498.191999999995,1.9025529620753967,510.84999999999997,0.00518488809418467,2.429873623232059e-05,1.0,0.0,0.0,1.1414119449861098,lhs_candidate_000019_june2024_preflight,pa1_candidate_000019
2024-06-01T14:00,33.5,57.0,537.0,197.0,340.0,1.7,100790.0,23.8,2.24,0.45,34.8,0.166,0,1,0,1.0,34.65342623186808,64.67558258081218,0.025113600738925088,31.939858780178874,0.380110494484927,59218.015999999996,1.9484479074142014,456.45,0.005148994436312032,2.1861325345767406e-05,1.0,0.0,0.0,1.140739406142907,lhs_candidate_000019_june2024_preflight,pa1_candidate_000019
2024-06-01T15:00,33.2,59.0,342.0,78.0,264.0,0.72,100790.0,24.0,2.1,0.28,34.3,0.164,0,1,0,1.0,34.21921260884025,66.28363470270368,0.02516065763082498,32.21470895466483,0.376857229566732,39384.1536,1.8154675617052791,290.7,0.003638766848225763,1.4270003005163468e-05,1.0,0.0,0.0,1.1423509032289938,lhs_candidate_000019_june2024_preflight,pa1_candidate_000019
2024-06-01T16:00,32.6,61.0,222.0,33.0,189.0,0.71,100770.0,24.1,1.93,0.19,33.7,0.164,0,1,0,1.0,33.433042612169295,66.15797585726665,0.02409768294154735,32.377636083219606,0.37470852593494014,26185.473599999998,1.7440914095717805,188.7,0.003495467929220079,9.604738705554659e-06,1.0,0.0,0.0,1.1450529696119078,lhs_candidate_000019_june2024_preflight,pa1_candidate_000019
2024-06-01T17:00,32.3,62.0,145.0,34.0,111.0,0.71,100740.0,24.2,1.82,0.13,33.1,0.163,0,1,0,1.0,32.81342232287773,66.28811000776444,0.023368290497272737,32.46201982020074,0.37325104137423254,16665.2464,1.678091442227243,123.25,0.0032449307994545052,6.598989087240856e-06,1.0,0.0,0.0,1.1470302865033515,lhs_candidate_000019_june2024_preflight,pa1_candidate_000019
2024-06-01T18:00,31.9,66.0,41.0,9.0,32.0,0.61,100810.0,24.7,1.61,0.05,32.4,0.163,1,0,0,1.0,32.240040289636724,69.9922826635807,0.023935323407608854,32.47947739766001,0.37244222127012866,4733.8368,1.446267667746171,34.85,0.001556664535165808,2.4530673170071653e-06,1.0,0.0,0.0,1.149982401483005,lhs_candidate_000019_june2024_preflight,pa1_candidate_000019
2024-06-01T19:00,31.2,70.0,0.0,0.0,0.0,1.0,100940.0,25.1,1.35,0.03,31.7,0.162,0,0,0,1.0,31.507838804170227,70.22691229887953,0.02309665110885663,32.43975898420196,0.3812018884186184,0.0,1.3767445916273275,0.0,0.0021491206478339063,8.318306564075072e-07,1.0,0.0,0.0,1.1542327486946342,lhs_candidate_000019_june2024_preflight,pa1_candidate_000019
2024-06-01T20:00,30.7,74.0,0.0,0.0,0.0,1.1,100990.0,25.5,1.14,0.01,31.1,0.162,0,0,0,1.0,30.90602440012921,73.95619244656213,0.02355167968728513,32.372053516876264,0.38106361316716836,0.0,1.1637967440353751,0.0,0.002251203668595773,7.03167323411514e-07,1.0,0.0,0.0,1.1570901812267844,lhs_candidate_000019_june2024_preflight,pa1_candidate_000019
2024-06-01T21:00,30.2,78.0,0.0,0.0,0.0,1.2,101050.0,25.8,0.96,0.01,30.7,0.162,0,0,0,1.0,30.407364114609734,77.72255254541103,0.02409607634491059,32.29277216358012,0.38094784813289684,0.0,0.967558386812287,0.0,0.002431762563538586,5.845998836017347e-07,1.0,0.0,0.0,1.159679536094716,lhs_candidate_000019_june2024_preflight,pa1_candidate_000019
2024-06-01T22:00,29.7,82.0,0.0,0.0,0.0,1.1,101080.0,26.2,0.77,0.0,30.2,0.162,0,0,0,1.0,29.91994091058373,81.52486319650257,0.024618428006272623,32.203333784106164,0.3808528876528141,0.0,0.7803195211823297,0.0,0.002261392123538801,4.7146994690239024e-07,1.0,0.0,0.0,1.1618894752337694,lhs_candidate_000019_june2024_preflight,pa1_candidate_000019
2024-06-01T23:00,29.2,85.0,0.0,0.0,0.0,1.3,101060.0,26.4,0.61,0.0,29.6,0.162,0,0,0,1.0,29.43081132389712,84.38898620061748,0.024816671746047583,32.1041652726486,0.38077585338334957,0.0,0.6410648468001212,0.0,0.002627346148107334,3.8733211341924113e-07,1.0,0.0,0.0,1.1635374324979464,lhs_candidate_000019_june2024_preflight,pa1_candidate_000019
2024-06-02T00:00,28.8,87.0,0.0,0.0,0.0,1.2,101050.0,26.5,0.5,0.0,29.1,0.162,0,0,0,1.0,29.00114782321994,86.5122790756907,0.024853445162996337,31.99612676633493,0.38071188916745596,0.0,0.5403104543287984,0.0,0.002428343237313838,3.2645619428721467e-07,1.0,0.0,0.0,1.165076703268153,lhs_candidate_000019_june2024_preflight,pa1_candidate_000019
2024-06-02T01:00,28.4,89.0,0.0,0.0,0.0,1.12,100980.0,26.4,0.42,0.0,28.8,0.162,0,0,0,1.0,28.605982090624273,88.42821009661816,0.02486197803619542,31.881070125393673,0.3806579221491231,0.0,0.4530780032263664,0.0,0.0022879963277541607,2.73750247591029e-07,1.0,0.0,0.0,1.165794297772047,lhs_candidate_000019_june2024_preflight,pa1_candidate_000019
2024-06-02T02:00,28.4,91.0,0.0,0.0,0.0,1.14,100950.0,26.7,0.35,0.0,28.5,0.162,0,0,0,1.0,28.453079141272546,90.85321942134716,0.02533110827430013,31.761971850280105,0.3806142607586161,0.0,0.35496832993438954,0.0,0.002217213860058473,2.1447227081109013e-07,1.0,0.0,0.0,1.1660387978531288,lhs_candidate_000019_june2024_preflight,pa1_candidate_000019
2024-06-02T03:00,28.4,89.0,0.0,0.0,0.0,1.04,100940.0,26.5,0.41,0.0,28.3,0.162,0,0,0,1.0,28.436001658237235,89.507982992389,0.02493273004337789,31.64518141207538,0.3805735939471901,0.0,0.4067709548674574,0.0,0.0020163125321713007,2.457714760258872e-07,1.0,0.0,0.0,1.1659893123713212,lhs_candidate_000019_june2024_preflight,pa1_candidate_000019
2024-06-02T04:00,28.3,89.0,0.0,0.0,0.0,1.04,100970.0,26.4,0.4,0.0,28.1,0.162,0,0,0,1.0,28.372029153856587,89.15918342504192,0.02474876388224364,31.53134300538866,0.3805282828444784,0.0,0.41873588298150466,0.0,0.002044430417892821,2.530006992728892e-07,1.0,0.0,0.0,1.1665833076626708,lhs_candidate_000019_june2024_preflight,pa1_candidate_000019
2024-06-02T05:00,28.0,90.0,0.0,0.0,0.0,1.12,101060.0,26.2,0.38,0.0,27.9,0.162,0,0,0,1.0,28.156328680866178,89.68067531962399,0.024601041224604256,31.41776036450293,0.38048379568616914,0.0,0.3936278833873179,0.0,0.0022535434253187292,2.3783041721002323e-07,1.0,0.0,0.0,1.1684590292952246,lhs_candidate_000019_june2024_preflight,pa1_candidate_000019
2024-06-02T06:00,28.0,91.0,19.0,4.0,15.0,1.36,101020.0,26.4,0.34,0.02,28.1,0.162,1,0,0,1.0,28.077316301217607,91.70971655470929,0.025048840745965528,31.308344102342435,0.3803795391453416,2199.736,0.3147804252589679,16.15,0.00264621681598379,9.220293277786194e-07,1.0,0.0,0.0,1.1683029152425535,lhs_candidate_000019_june2024_preflight,pa1_candidate_000019
2024-06-02T07:00,30.2,77.0,168.0,87.0,81.0,1.21,101070.0,25.6,1.0,0.13,30.3,0.162,0,0,0,1.0,29.629199899523364,87.61124555187632,0.026043076299471606,31.264048699887855,0.3887469190533291,17633.7744,0.5145858218349488,142.79999999999998,0.0026739446297644365,6.78190758755259e-06,1.0,0.0,0.0,1.1628901112896244,lhs_candidate_000019_june2024_preflight,pa1_candidate_000019
2024-06-02T08:00,31.3,68.0,350.0,181.0,169.0,0.98,101090.0,24.7,1.45,0.27,31.3,0.161,0,0,0,1.0,31.454400707153177,87.65913998398021,0.028747647298443917,31.361590388219184,0.386889937915848,36745.8256,0.5689294397046485,297.5,0.0019982387127046256,1.3824985829705565e-05,1.0,0.0,0.0,1.1561507677582439,lhs_candidate_000019_june2024_preflight,pa1_candidate_000019
2024-06-02T09:00,32.0,65.0,510.0,248.0,262.0,0.73,101090.0,24.5,1.68,0.39,32.5,0.16,0,1,0,1.0,32.729342465123366,78.95323992830052,0.02770951641334773,31.589712473997892,0.3838246164878695,54097.788799999995,1.0427161344214704,433.5,0.003444360468526971,2.0274099954879063e-05,1.0,0.0,0.0,1.1513317927975786,lhs_candidate_000019_june2024_preflight,pa1_candidate_000019
2024-06-02T10:00,33.0,61.0,705.0,426.0,279.0,0.32,101060.0,24.4,1.98,0.54,33.9,0.159,0,1,0,1.0,34.061720713282895,79.63089249837692,0.029978884154512102,31.939948089073447,0.3794983971255995,71855.8896,1.0872148284264052,599.25,0.0033061701741030876,2.7811961580355036e-05,1.0,0.0,0.0,1.145998269576212,lhs_candidate_000019_june2024_preflight,pa1_candidate_000019
2024-06-02T11:00,34.0,57.0,821.0,573.0,248.0,0.14,100970.0,24.3,2.27,0.64,35.2,0.157,0,1,0,1.0,35.38789165142949,76.03740019176534,0.030675250621170512,32.39944900995262,0.3740748819085442,80973.23520000001,1.3764961718550497,697.85,0.0034791696039467405,3.2454813154130806e-05,1.0,0.0,0.0,1.1400562965564578,lhs_candidate_000019_june2024_preflight,pa1_candidate_000019
2024-06-02T12:00,34.6,55.0,860.0,673.0,187.0,0.8,100910.0,24.2,2.48,0.68,36.1,0.155,0,1,0,1.0,36.27674043886071,70.21448634818614,0.02965815801549066,32.91596427402699,0.36807446099519414,82259.1088,1.7966028872450224,731.0,0.0041303004254286185,3.42108372046481e-05,1.0,0.0,0.0,1.136105893067127,lhs_candidate_000019_june2024_preflight,pa1_candidate_000019
2024-06-02T13:00,34.8,55.0,913.0,742.0,171.0,0.82,100810.0,24.4,2.5,0.72,36.7,0.154,0,1,0,1.0,36.74075876634125,69.22605719608153,0.02994691182457493,33.458064898724516,0.3617250037925257,86360.1904,1.9039078302504322,776.05,0.004294043614198307,3.6317115587107714e-05,1.0,0.0,0.0,1.1332805577015255,lhs_candidate_000019_june2024_preflight,pa1_candidate_000019
2024-06-02T14:00,34.6,56.0,656.0,386.0,270.0,0.92,100820.0,24.6,2.42,0.53,36.4,0.153,0,1,0,1.0,36.36772413168959,65.86497133352843,0.027951632105295467,33.92867805519759,0.3560672350080297,67227.248,2.069236664815721,557.6,0.004312706883715492,2.651792697508602e-05,1.0,0.0,0.0,1.1347589545735337,lhs_candidate_000019_june2024_preflight,pa1_candidate_000019
2024-06-02T15:00,32.6,66.0,461.0,246.0,215.0,1.2,100830.0,25.5,1.67,0.37,35.5,0.161,0,1,0,1.0,34.57660188997972,69.77788113336261,0.02698643548762858,34.2330064993647,0.35198757494272914,48132.216,1.6599285806311643,391.84999999999997,0.004764923385326344,1.8759647098946683e-05,1.0,0.0,0.0,1.1414770255046995,lhs_candidate_000019_june2024_preflight,pa1_candidate_000019
2024-06-02T16:00,31.5,71.0,398.0,260.0,138.0,1.0,100840.0,25.6,1.34,0.3,34.3,0.165,0,1,0,1.0,32.98018368086592,76.21486648294143,0.027105649291904427,34.40801594584366,0.34885727266141003,39879.1712,1.1950981464634323,338.3,0.004265148647484019,1.605217317703163e-05,1.0,0.0,0.0,1.147543437587489,lhs_candidate_000019_june2024_preflight,pa1_candidate_000019
2024-06-02T17:00,30.9,73.0,171.0,95.0,76.0,0.42,100820.0,25.5,1.21,0.13,33.2,0.165,0,1,0,1.0,31.809178886522623,76.68907745343868,0.025630893255111514,34.46333737104493,0.3467622634034918,17721.862399999998,1.096486035221651,145.35,0.0032577956991243833,7.249045830487598e-06,1.0,0.0,0.0,1.1517213888759512,lhs_candidate_000019_june2024_preflight,pa1_candidate_000019
2024-06-02T18:00,30.7,73.0,54.0,19.0,35.0,0.64,100860.0,25.3,1.19,0.05,32.3,0.165,1,0,0,1.0,31.09021888163612,77.4219155887687,0.024900179697542605,34.39727678480436,0.3458653122832525,5983.383999999999,1.0195628235663516,45.9,0.0016497875758843153,2.69598345984529e-06,1.0,0.0,0.0,1.1549010807801963,lhs_candidate_000019_june2024_preflight,pa1_candidate_000019
2024-06-02T19:00,30.4,75.0,0.0,0.0,0.0,0.89,100910.0,25.5,1.08,0.03,31.6,0.165,0,0,0,1.0,30.61525139571397,75.66434953729177,0.023722038697807334,34.27215424900186,0.3546204852053458,0.0,1.0695804679841032,0.0,0.001889661784342414,6.46241741696053e-07,1.0,0.0,0.0,1.1572803066509736,lhs_candidate_000019_june2024_preflight,pa1_candidate_000019
2024-06-02T20:00,29.7,84.0,0.0,0.0,0.0,1.02,100970.0,26.7,0.67,0.0,30.9,0.164,0,0,0,1.0,30.02525927431301,82.54798677061359,0.025069742129036357,34.12311154156076,0.35451972703957685,0.0,0.7415737995601615,0.0,0.002196800551679972,4.4805973759707914e-07,1.0,0.0,0.0,1.1602218695068465,lhs_candidate_000019_june2024_preflight,pa1_candidate_000019
2024-06-02T21:00,29.5,84.0,0.0,0.0,0.0,0.94,101010.0,26.6,0.64,0.0,30.2,0.164,0,0,0,1.0,29.649201675709563,84.1371179806723,0.02503750025415052,33.965178170014866,0.3544456179379829,0.0,0.6596474081566632,0.0,0.0019232429825655993,3.9855971823784746e-07,1.0,0.0,0.0,1.1621229933950792,lhs_candidate_000019_june2024_preflight,pa1_candidate_000019
2024-06-02T22:00,29.1,86.0,0.0,0.0,0.0,0.94,101030.0,26.5,0.57,0.0,29.6,0.164,0,0,0,1.0,29.31464070679954,85.61097611057907,0.025017650951604666,33.804239843266764,0.3543774001089629,0.0,0.5869413820945248,0.0,0.001976381958685693,3.5463065416027376e-07,1.0,0.0,0.0,1.1636387912958397,lhs_candidate_000019_june2024_preflight,pa1_candidate_000019
2024-06-02T23:00,29.0,86.0,0.0,0.0,0.0,0.98,101020.0,26.4,0.55,0.0,29.2,0.164,0,0,0,1.0,29.104923562999957,86.17162305803755,0.024895879150239646,33.64071275661314,0.35431575799548126,0.0,0.55728774491641,0.0,0.001959676278207168,3.3671389267179394e-07,1.0,0.0,0.0,1.1643309152317265,lhs_candidate_000019_june2024_preflight,pa1_candidate_000019
2024-06-03T00:00,28.6,87.0,0.0,0.0,0.0,0.98,100980.0,26.3,0.49,0.0,28.9,0.164,0,0,0,1.0,28.814557302991584,86.6585890188796,0.024643507476375687,33.476966993706455,0.3542563636047636,0.0,0.5287134349210167,0.0,0.0020463435947895544,3.1944926190119884e-07,1.0,0.0,0.0,1.164989051635195,lhs_candidate_000019_june2024_preflight,pa1_candidate_000019
2024-06-03T01:00,28.2,90.0,0.0,0.0,0.0,1.17,100930.0,26.3,0.39,0.0,28.5,0.164,0,0,0,1.0,28.43038452955023,89.15536926858921,0.02482687614859102,33.30935355172659,0.3542043714311267,0.0,0.4203045960761602,0.0,0.0023939343201367733,2.539485175183199e-07,1.0,0.0,0.0,1.1658955144128886,lhs_candidate_000019_june2024_preflight,pa1_candidate_000019
2024-06-03T02:00,28.1,93.0,0.0,0.0,0.0,1.24,100880.0,26.8,0.27,0.0,28.3,0.164,0,0,0,1.0,28.218306218861237,92.40142343176974,0.025433667032176466,33.138883662039234,0.35416590813320153,0.0,0.2908920461578708,0.0,0.0024479476635381327,1.7575730688958788e-07,1.0,0.0,0.0,1.1661379933587224,lhs_candidate_000019_june2024_preflight,pa1_candidate_000019
2024-06-03T03:00,27.9,93.0,0.0,0.0,0.0,1.2,100840.0,26.7,0.26,0.0,28.2,0.164,0,0,0,1.0,28.04793910965211,92.6185167637377,0.02525631258358266,32.96964138353126,0.3541353437099121,0.0,0.27979468563591237,0.0,0.002393760067852804,1.6905226897368792e-07,1.0,0.0,0.0,1.166334950261858,lhs_candidate_000019_june2024_preflight,pa1_candidate_000019
2024-06-03T04:00,27.9,93.0,0.0,0.0,0.0,1.2,100820.0,26.6,0.28,0.0,28.0,0.164,0,0,0,1.0,27.97159874765684,92.89015513520205,0.02522444449336211,32.80221972232061,0.35410565869774663,0.0,0.2683030811657412,0.0,0.002342647111748106,1.62109028413506e-07,1.0,0.0,0.0,1.1663992570389756,lhs_candidate_000019_june2024_preflight,pa1_candidate_000019
2024-06-03T05:00,28.0,92.0,0.0,0.0,0.0,1.33,100840.0,26.5,0.31,0.0,27.8,0.164,0,0,0,1.0,28.020939198560086,92.20183652030101,0.025105452467447536,32.64000821738213,0.35407528791963955,0.0,0.2951247182028274,0.0,0.002555159722483672,1.7831469217871565e-07,1.0,0.0,0.0,1.1664395119438198,lhs_candidate_000019_june2024_preflight,pa1_candidate_000019
2024-06-03T06:00,28.0,92.0,25.0,13.0,12.0,1.3,100880.0,26.7,0.29,0.01,28.0,0.164,1,0,0,1.0,28.09078439026979,93.01666733136925,0.025424592004054884,32.49173423251089,0.3539578021272756,2622.1888,0.26536364474317375,21.25,0.0025420644325678775,1.1232785898326466e-06,1.0,0.0,0.0,1.1666316451383247,lhs_candidate_000019_june2024_preflight,pa1_candidate_000019
2024-06-03T07:00,29.5,86.0,196.0,139.0,57.0,1.1,100930.0,27.0,0.56,0.14,30.5,0.164,0,0,0,1.0,29.278357316296592,97.11350606403735,0.028323062659092582,32.415296021570555,0.36222802630373413,19253.396800000002,0.11749663929984067,166.6,0.002262905482078305,7.620484890378426e-06,1.0,3.8768830225667426e-07,0.0,1.1626264834358175,lhs_candidate_000019_june2024_preflight,pa1_candidate_000019
2024-06-03T08:00,31.3,72.0,419.0,337.0,82.0,0.7,100950.0,25.6,1.3,0.31,31.6,0.163,0,0,0,1.0,31.37666746449961,100.0,0.03265877910757866,32.49431671156662,0.3600895542426244,39756.9568,0.0,356.15,0.0014250164264548075,1.61389677911875e-05,1.0,3.689448738178929e-07,0.0,1.1548443187547406,lhs_candidate_000019_june2024_preflight,pa1_candidate_000019
2024-06-03T09:00,32.9,62.0,633.0,534.0,99.0,0.6,100950.0,24.6,1.91,0.48,33.3,0.162,0,1,0,1.0,33.539957407474134,81.48061087318611,0.02984633795612619,32.7475271420712,0.35641877199029437,59187.05760000001,0.9601402887591162,538.05,0.0032079058581087703,2.4961899750065513e-05,1.0,0.0,0.0,1.1466984273092502,lhs_candidate_000019_june2024_preflight,pa1_candidate_000019
2024-06-03T10:00,34.0,56.0,763.0,643.0,120.0,0.63,100900.0,24.0,2.35,0.59,34.8,0.16,0,1,0,1.0,35.176091972047196,73.52687764057522,0.029338083439498636,33.136656564315146,0.35144294508661955,71365.888,1.5030477098307244,648.55,0.0036459553681325984,3.029724201041416e-05,1.0,0.0,0.0,1.1400485242767653,lhs_candidate_000019_june2024_preflight,pa1_candidate_000019
2024-06-03T11:00,35.0,53.0,910.0,785.0,125.0,0.45,100830.0,23.9,2.65,0.71,36.1,0.158,0,1,0,1.0,36.552800727849764,71.24189350560395,0.030522758073561085,33.62719863180084,0.3454652339615174,84477.8,1.761024695876487,773.5,0.003740491453190397,3.611523196527685e-05,1.0,0.0,0.0,1.1341933149087464,lhs_candidate_000019_june2024_preflight,pa1_candidate_000019
2024-06-03T12:00,35.4,51.0,950.0,825.0,125.0,0.36,100780.0,23.9,2.79,0.75,36.9,0.156,0,1,0,1.0,37.35952465527265,67.63624086121956,0.0302014071317424,34.18260471917677,0.3388065618058075,87997.8,2.0708722472630017,807.5,0.003938926617962277,3.7843155125725474e-05,1.0,0.0,0.0,1.1306856396816947,lhs_candidate_000019_june2024_preflight,pa1_candidate_000019
2024-06-03T13:00,36.0,50.0,931.0,796.0,135.0,0.32,100720.0,23.8,2.98,0.74,37.4,0.154,0,1,0,1.0,37.91471265320821,66.12205811898168,0.03037319243468946,34.74180250023143,0.3320516749714411,86677.624,2.2340019610811215,791.35,0.003889873816614508,3.7209879650411535e-05,1.0,0.0,0.0,1.1279956337733532,lhs_candidate_000019_june2024_preflight,pa1_candidate_000019
2024-06-03T14:00,35.5,54.0,757.0,594.0,163.0,0.8,100580.0,24.7,2.68,0.61,37.3,0.153,0,1,0,1.0,37.543255466501165,64.42776024459518,0.029039941192753566,35.23462735917257,0.32594903202905684,72350.7312,2.2989918967719705,643.4499999999999,0.004325090833611408,3.0547045460889086e-05,1.0,0.0,0.0,1.127774457988314,lhs_candidate_000019_june2024_preflight,pa1_candidate_000019
2024-06-03T15:00,34.7,56.0,570.0,403.0,167.0,1.08,100620.0,24.5,2.44,0.46,36.6,0.154,0,1,0,1.0,36.47401408144673,63.46266996150432,0.027079885829506663,35.591868901724034,0.3211018411789213,56035.4608,2.227776609171125,484.5,0.004509037049940773,2.3301184222140465e-05,1.0,0.0,0.0,1.1321191199262093,lhs_candidate_000019_june2024_preflight,pa1_candidate_000019
2024-06-03T16:00,33.0,64.0,347.0,220.0,127.0,1.06,100620.0,25.4,1.78,0.28,35.4,0.158,0,1,0,1.0,34.65915332911622,67.21922570933522,0.02610909873494045,35.78854276552014,0.3177012784064958,35004.1648,1.8087178233243066,294.95,0.004431046779628951,1.445851391996946e-05,1.0,0.0,0.0,1.1387941604033849,lhs_candidate_000019_june2024_preflight,pa1_candidate_000019
2024-06-03T17:00,32.6,66.0,150.0,87.0,63.0,0.82,100610.0,25.4,1.66,0.13,34.2,0.158,0,1,0,1.0,33.354636006548674,68.9100574613153,0.024996679264312444,35.819301525971284,0.3157970451938621,15416.491199999999,1.5952486222473676,127.5,0.0035817872337652133,6.741524475141261e-06,1.0,0.0,0.0,1.1435273337465333,lhs_candidate_000019_june2024_preflight,pa1_candidate_000019
2024-06-03T18:00,32.1,70.0,65.0,43.0,22.0,1.04,100630.0,25.8,1.45,0.06,33.3,0.158,1,0,0,1.0,32.56603228898322,72.21554372658598,0.025126554279768468,35.746458922161445,0.3148883169030681,6494.0127999999995,1.3639362516969067,55.25,0.002325480806097549,3.327750330669759e-06,1.0,0.0,0.0,1.1467050021600325,lhs_candidate_000019_june2024_preflight,pa1_candidate_000019
2024-06-03T19:00,31.4,75.0,0.0,0.0,0.0,1.04,100720.0,26.5,1.13,0.03,32.4,0.158,0,0,0,1.0,31.781182318695983,74.58056448013667,0.024889011110661267,35.615295255676834,0.32358082841220537,0.0,1.1937720889233883,0.0,0.002268427436541847,7.212784610661494e-07,1.0,0.0,0.0,1.1506846726061064,lhs_candidate_000019_june2024_preflight,pa1_candidate_000019
2024-06-03T20:00,31.1,79.0,0.0,0.0,0.0,1.12,100810.0,26.9,0.96,0.01,31.9,0.157,0,0,0,1.0,31.27841488971896,78.74740253755937,0.025583088322901334,35.45272885282218,0.32346342628075225,0.0,0.9700310608815932,0.0,0.002267749490447092,5.860938761016229e-07,1.0,0.0,0.0,1.1536149542692653,lhs_candidate_000019_june2024_preflight,pa1_candidate_000019
2024-06-03T21:00,30.7,82.0,0.0,0.0,0.0,1.0,100890.0,27.3,0.8,0.0,31.4,0.157,0,0,0,1.0,30.906384494009597,81.69478565456265,0.026016572155534535,35.2851546328159,0.32336645222378546,0.0,0.8180058101642205,0.0,0.002074088825603438,4.942400457951084e-07,1.0,0.0,0.0,1.1559430649590314,lhs_candidate_000019_june2024_preflight,pa1_candidate_000019
2024-06-03T22:00,30.2,86.0,0.0,0.0,0.0,1.1,100900.0,27.6,0.61,0.0,30.9,0.157,0,0,0,1.0,30.457805708337297,85.18752430450743,0.026482291607545665,35.112481786079485,0.3232866772267945,0.0,0.6451962811539778,0.0,0.0022873169240478315,3.898283307796528e-07,1.0,0.0,0.0,1.1577657080609833,lhs_candidate_000019_june2024_preflight,pa1_candidate_000019
2024-06-03T23:00,29.5,91.0,0.0,0.0,0.0,1.32,100890.0,27.9,0.36,0.0,30.2,0.157,0,0,0,1.0,29.851211408780042,89.47766723277529,0.026919678095887203,34.93191350290271,0.32322727122516437,0.0,0.4426732831157878,0.0,0.002733679747524427,2.6746370380363794e-07,1.0,0.0,0.0,1.1599685274465628,lhs_candidate_000019_june2024_preflight,pa1_candidate_000019
2024-06-04T00:00,29.3,90.0,0.0,0.0,0.0,1.4,100870.0,27.5,0.4,0.0,29.7,0.157,0,0,0,1.0,29.469881165038267,89.67639772335241,0.02642756189394362,34.74320771064877,0.32318146600280323,0.0,0.42489279884846143,0.0,0.0027743284913033417,2.5672071487941706e-07,1.0,0.0,0.0,1.1611999627610388,lhs_candidate_000019_june2024_preflight,pa1_candidate_000019
2024-06-04T01:00,29.1,90.0,0.0,0.0,0.0,1.43,100790.0,27.2,0.42,0.0,29.2,0.157,0,0,0,1.0,29.251794657286972,89.66206126351724,0.02611211868251365,34.5536090551203,0.32313542524336386,0.0,0.420168428164545,0.0,0.0028196300450631243,2.5386624471042995e-07,1.0,0.0,0.0,1.1611157865197952,lhs_candidate_000019_june2024_preflight,pa1_candidate_000019
2024-06-04T02:00,28.5,88.0,0.0,0.0,0.0,1.33,100750.0,26.4,0.45,0.0,28.7,0.157,0,0,0,1.0,28.80766434494393,87.38522299831929,0.024840799940370493,34.36234171951916,0.3230853307246875,0.0,0.4997179144244073,0.0,0.0027268779744823164,3.0193013526416397e-07,1.0,0.0,0.0,1.1623621141207199,lhs_candidate_000019_june2024_preflight,pa1_candidate_000019
2024-06-04T03:00,28.1,91.0,0.0,0.0,0.0,1.41,100730.0,26.4,0.36,0.0,28.4,0.157,0,0,0,1.0,28.350207166410133,89.97371089049884,0.02494503849417191,34.16459590089314,0.3230364989735941,0.0,0.3867836337164605,0.0,0.0028383244679173205,2.336951137332929e-07,1.0,0.0,0.0,1.1638946391717904,lhs_candidate_000019_june2024_preflight,pa1_candidate_000019
2024-06-04T04:00,27.8,92.0,0.0,0.0,0.0,1.4,100720.0,26.3,0.31,0.0,28.1,0.157,0,0,0,1.0,28.010123983792678,91.25809521908687,0.024833733894637725,33.96302711141362,0.32299790001805606,0.0,0.33063274880832605,0.0,0.0027977067856181223,1.997686848698343e-07,1.0,0.0,0.0,1.1650932834410197,lhs_candidate_000019_june2024_preflight,pa1_candidate_000019
2024-06-04T05:00,27.8,91.0,0.0,0.0,0.0,1.2,100840.0,26.3,0.33,0.0,27.8,0.157,0,0,0,1.0,27.88954670753979,90.97699718105896,0.024593816497572325,33.76169179217795,0.32296201497201427,0.0,0.3388758967396832,0.0,0.0023547861376669445,2.04749204275035e-07,1.0,0.0,0.0,1.166948619118525,lhs_candidate_000019_june2024_preflight,pa1_candidate_000019
2024-06-04T06:00,27.8,92.0,26.0,14.0,12.0,1.41,100860.0,26.5,0.28,0.01,28.0,0.157,1,0,0,1.0,27.915471836119234,92.77373128671644,0.02511527913976952,33.57320258385693,0.3228383679992733,2710.1888,0.2718064438284884,22.099999999999998,0.0027621850353489377,1.1656891592972426e-06,1.0,0.0,0.0,1.1670795573478014,lhs_candidate_000019_june2024_preflight,pa1_candidate_000019
2024-06-04T07:00,30.5,76.0,199.0,144.0,55.0,1.02,100870.0,25.8,1.04,0.14,30.5,0.157,0,0,0,1.0,29.8172234064254,88.98247159460938,0.026721491435350433,33.465527933152735,0.3310793156717999,19447.032000000003,0.46260227115164865,169.15,0.002440091832014502,7.944551576403165e-06,1.0,0.0,0.0,1.1598686841057797,lhs_candidate_000019_june2024_preflight,pa1_candidate_000019
2024-06-04T08:00,32.3,63.0,427.0,348.0,79.0,0.58,100910.0,24.4,1.78,0.32,32.0,0.156,0,0,0,1.0,32.33119927552324,96.88083810006722,0.0332912310845861,33.53475474585495,0.3288623824860342,40355.4096,0.1511075199635643,362.95,0.0011517654447029937,1.6538409710648546e-05,1.0,0.0,0.0,1.1507796359280213,lhs_candidate_000019_june2024_preflight,pa1_candidate_000019
2024-06-04T09:00,33.6,58.0,638.0,545.0,93.0,0.5,100910.0,24.2,2.19,0.49,33.8,0.155,0,1,0,1.0,34.351535384798915,76.31350436670708,0.029169106527679213,33.78154861021457,0.32510863522678757,59415.9632,1.2848177739403202,542.3,0.003191209267406617,2.5350659372296004e-05,1.0,0.0,0.0,1.1432188227783404,lhs_candidate_000019_june2024_preflight,pa1_candidate_000019
2024-06-04T10:00,34.7,54.0,812.0,710.0,102.0,0.81,100880.0,24.1,2.54,0.64,35.3,0.153,0,1,0,1.0,35.955216959089874,70.55503042110836,0.029311769969477364,34.17207453384016,0.3199170135899388,75044.60479999999,1.7450312577527631,690.1999999999999,0.0038942191586312574,3.2330822068390964e-05,1.0,0.0,0.0,1.1369495323739314,lhs_candidate_000019_june2024_preflight,pa1_candidate_000019
2024-06-04T11:00,35.5,52.0,925.0,818.0,107.0,0.91,100820.0,24.1,2.77,0.73,36.5,0.152,0,1,0,1.0,37.17147488163251,67.26241763781334,0.029747026987912248,34.665343261505356,0.31368636822614876,85164.5168,2.073486605919358,786.25,0.004247454521940631,3.6881789151948305e-05,1.0,0.0,0.0,1.1318198625848441,lhs_candidate_000019_june2024_preflight,pa1_candidate_000019
2024-06-04T12:00,36.0,51.0,971.0,854.0,117.0,0.95,100750.0,24.2,2.92,0.77,37.3,0.15,0,1,0,1.0,37.986227630601384,64.39538851260555,0.02968786969064855,35.21227851436262,0.3069526471954121,89564.3408,2.356963221070215,825.35,0.004454216281645889,3.761523838920695e-05,0.9688435012062475,0.0,0.0,1.128072265244702,lhs_candidate_000019_june2024_preflight,pa1_candidate_000019
2024-06-04T13:00,36.0,52.0,945.0,833.0,112.0,0.95,100670.0,24.4,2.87,0.75,37.7,0.148,0,1,0,1.0,38.26987379696453,62.70623343909372,0.02932878290275245,35.76165262688196,0.30039980011885525,87100.4288,2.5069034251818056,803.25,0.0045921474155168965,3.519913895339615e-05,0.9283938278941682,0.0,0.0,1.1261498752019052,lhs_candidate_000019_june2024_preflight,pa1_candidate_000019
2024-06-04T14:00,36.1,51.0,827.0,693.0,134.0,1.48,100590.0,24.4,2.91,0.67,37.7,0.147,0,1,0,1.0,38.201523448151896,58.39310526083545,0.02721685057098924,36.25558140150445,0.294546233323062,77490.4416,2.786533717594031,702.9499999999999,0.0051903324586310366,2.99245201246698e-05,0.8922606995250741,0.0,0.0,1.1255019761581502,lhs_candidate_000019_june2024_preflight,pa1_candidate_000019
2024-06-04T15:00,35.3,54.0,617.0,439.0,178.0,1.87,100570.0,24.4,2.65,0.51,37.2,0.146,0,1,0,1.0,37.321704279407456,57.36800661425326,0.025566892963186174,36.63265820546802,0.28988582257717166,60558.4672,2.722309912729037,524.4499999999999,0.0057474143735016525,2.1941626192414923e-05,0.8634927319578497,0.0,0.0,1.1284670255575646,lhs_candidate_000019_june2024_preflight,pa1_candidate_000019
2024-06-04T16:00,32.7,64.0,276.0,103.0,173.0,2.19,100640.0,25.1,1.77,0.25,35.6,0.15,0,1,0,1.0,34.68927051279518,61.949269270464356,0.024099982678086156,36.802436773635954,0.28701221794420434,30374.555199999995,2.1029999891220665,234.6,0.006256715177713072,1.0065792138189067e-05,0.8457544317543478,0.0,0.0,1.1389090807636575,lhs_candidate_000019_june2024_preflight,pa1_candidate_000019
2024-06-04T17:00,32.3,67.0,175.0,96.0,79.0,0.57,100660.0,25.5,1.57,0.14,34.4,0.15,0,1,0,1.0,33.15537672075972,69.21699326667643,0.024845629008328367,36.78317654783651,0.28553390902106657,18179.4096,1.5619769800730943,148.75,0.0033523058760404423,6.428965038523429e-06,0.8366290680312751,0.0,0.0,1.1448398935391286,lhs_candidate_000019_june2024_preflight,pa1_candidate_000019
2024-06-04T18:00,31.9,69.0,64.0,33.0,31.0,0.41,100610.0,25.5,1.46,0.05,33.5,0.15,1,1,0,1.0,32.41561096099324,70.16158410997686,0.024217941408414084,36.681514441283326,0.28470720528541404,6722.6544,1.4524118466642628,54.4,0.0028809636187155795,2.779533143364259e-06,0.8315259585519386,0.0,0.0,1.1470414752865061,lhs_candidate_000019_june2024_preflight,pa1_candidate_000019
2024-06-04T19:00,31.3,74.0,0.0,0.0,0.0,0.94,100760.0,26.0,1.21,0.03,32.6,0.15,0,0,0,1.0,31.673718477889835,73.65199567111638,0.024438632552948585,36.51630190648313,0.29344083243481284,0.0,1.2298738592698761,0.0,0.002097481022798289,6.579606120597853e-07,0.8854372372519311,0.0,0.0,1.1515474845333993,lhs_candidate_000019_june2024_preflight,pa1_candidate_000019
2024-06-04T20:00,30.9,77.0,0.0,0.0,0.0,0.92,100750.0,26.5,1.02,0.0,32.0,0.15,0,0,0,1.0,31.134902834511266,76.76015820154832,0.02474654227841637,36.321615150751676,0.29333115429151535,0.0,1.0521167684199257,0.0,0.0019569731682039762,5.624333556130313e-07,0.8847602116760207,0.0,0.0,1.1534721106220323,lhs_candidate_000019_june2024_preflight,pa1_candidate_000019
2024-06-04T21:00,30.6,80.0,0.0,0.0,0.0,1.08,100780.0,26.9,0.86,0.0,31.5,0.15,0,0,0,1.0,30.786944717870764,79.70619654137842,0.025220979659156997,36.122195007280894,0.29323741178342033,0.0,0.9007173221564324,0.0,0.0022020242033007637,4.811843657726601e-07,0.8841815542186441,0.0,0.0,1.1551365064816443,lhs_candidate_000019_june2024_preflight,pa1_candidate_000019
2024-06-04T22:00,30.4,82.0,0.0,0.0,0.0,1.06,100830.0,27.1,0.77,0.0,31.2,0.15,0,0,0,1.0,30.5465272141452,81.86021787948039,0.025569801463644883,35.921658853663814,0.2931562302993081,0.0,0.794141802458963,0.0,0.002136788223026549,4.2400876976116083e-07,0.8836804339463463,0.0,0.0,1.156624507419399,lhs_candidate_000019_june2024_preflight,pa1_candidate_000019
2024-06-04T23:00,30.2,84.0,0.0,0.0,0.0,1.03,100850.0,27.2,0.68,0.0,30.9,0.15,0,0,0,1.0,30.34553476163731,83.79369594950929,0.025891859357975867,35.7220816947048,0.29308441752861447,0.0,0.7013905115934409,0.0,0.002081821252968315,3.74299075656543e-07,0.8832371452383609,0.0,0.0,1.1576200643042447,lhs_candidate_000019_june2024_preflight,pa1_candidate_000019
2024-06-05T00:00,30.0,85.0,0.0,0.0,0.0,0.89,100830.0,27.2,0.62,0.0,30.7,0.15,0,0,0,1.0,30.14835151972463,84.91915182298926,0.025961931112933885,35.5238286558577,0.29301993118030983,0.0,0.6453552813238264,0.0,0.0018333382108289696,3.4424049809298434e-07,0.8828390813599373,0.0,0.0,1.1581429454989929,lhs_candidate_000019_june2024_preflight,pa1_candidate_000019
2024-06-05T01:00,29.8,86.0,0.0,0.0,0.0,0.81,100770.0,27.2,0.59,0.0,30.5,0.149,0,0,0,1.0,29.95097104725452,85.90950393565281,0.025986053370957295,35.32688597602657,0.29296035462215775,0.0,0.596189647980951,0.0,0.0016949437001304226,3.1788246778619035e-07,0.8824713248281343,0.0,0.0,1.1582075179857736,lhs_candidate_000019_june2024_preflight,pa1_candidate_000019
2024-06-05T02:00,29.6,89.0,0.0,0.0,0.0,0.81,100750.0,27.6,0.45,0.0,30.3,0.149,0,0,0,1.0,29.754284643319043,88.46769287334824,0.026476515641667753,35.131210926326524,0.29290822975423836,0.0,0.48246904103981025,0.0,0.001698115003037273,2.5715396123574247e-07,0.8821495663841874,0.0,0.0,1.1587295620999238,lhs_candidate_000019_june2024_preflight,pa1_candidate_000019
2024-06-05T03:00,29.5,89.0,0.0,0.0,0.0,0.85,100720.0,27.5,0.46,0.0,30.2,0.149,0,0,0,1.0,29.615825257799862,88.99243340011911,0.026434468815152573,34.9373708929803,0.2928638271667196,0.0,0.45686447080194936,0.0,0.0017335049718461707,2.4343117415817845e-07,0.8818754763377753,0.0,0.0,1.1589142777095587,lhs_candidate_000019_june2024_preflight,pa1_candidate_000019
2024-06-05T04:00,29.4,89.0,0.0,0.0,0.0,0.95,100730.0,27.4,0.44,0.0,30.1,0.149,0,0,0,1.0,29.51022844650807,88.97285827103612,0.026277708494288437,34.746798635815516,0.2928201291295812,0.0,0.4549042197052291,0.0,0.0019092154050584069,2.423125539407969e-07,0.8816057353677853,0.0,0.0,1.159433720880143,lhs_candidate_000019_june2024_preflight,pa1_candidate_000019
2024-06-05T05:00,29.2,89.0,0.0,0.0,0.0,1.02,100760.0,27.3,0.43,0.0,29.9,0.149,0,0,0,1.0,29.348361447038798,88.81622906230704,0.02600190703234606,34.55911859128363,0.29277635937070984,0.0,0.45708383911556094,0.0,0.002066282611966201,2.433989489068567e-07,0.8813355516710484,0.0,0.0,1.1603996284812517,lhs_candidate_000019_june2024_preflight,pa1_candidate_000019
2024-06-05T06:00,29.2,89.0,25.0,13.0,12.0,1.17,100760.0,27.2,0.43,0.02,29.9,0.149,1,0,0,1.0,29.31490206396875,89.89976955933508,0.02627131594160863,34.38125494023255,0.2926584199584573,2622.1888,0.4120038014679772,21.25,0.0023160342493938786,1.0671895447961924e-06,0.8806075306077612,0.0,0.0,1.1605279946335514,lhs_candidate_000019_june2024_preflight,pa1_candidate_000019
2024-06-05T07:00,30.2,83.0,185.0,123.0,62.0,0.98,100870.0,26.9,0.74,0.13,30.9,0.149,0,0,0,1.0,30.187736860070963,93.3689761650069,0.028606018308676588,34.26903908555118,0.3009996431164332,18461.308800000003,0.2844025933782861,157.25,0.0018834289143084722,6.8020991989646624e-06,0.9320965624471184,0.0,0.0,1.1584519564794322,lhs_candidate_000019_june2024_preflight,pa1_candidate_000019
2024-06-05T08:00,32.0,69.0,414.0,327.0,87.0,0.64,100910.0,25.6,1.47,0.31,32.3,0.148,0,0,0,1.0,32.15107183792592,97.04463742380986,0.03302987802631266,34.30454028396475,0.29905463954660727,39492.8688,0.14172492376678658,351.9,0.001403270709531688,1.4750897088427753e-05,0.9200903675716499,0.0,0.0,1.1514585951790026,lhs_candidate_000019_june2024_preflight,pa1_candidate_000019
2024-06-05T09:00,33.4,62.0,624.0,526.0,98.0,0.64,100870.0,25.0,1.96,0.48,34.0,0.147,0,1,0,1.0,34.21776785513079,76.61938274081362,0.029081813420938234,34.51436039455305,0.2957148104181069,58359.875199999995,1.2588350775481345,530.4,0.0033984473099665504,2.2303100856550287e-05,0.8994741383833758,0.0,0.0,1.1432629946586204,lhs_candidate_000019_june2024_preflight,pa1_candidate_000019
2024-06-05T10:00,34.5,57.0,795.0,683.0,112.0,0.63,100840.0,24.7,2.37,0.62,35.5,0.146,0,1,0,1.0,35.935238679000186,70.33483183735046,0.02919015107390781,34.87075464301917,0.2912132921146618,73900.4288,1.7561543090171012,675.75,0.003815085832577757,2.7617431899452793e-05,0.8716869883621098,0.0,0.0,1.1365721793504016,lhs_candidate_000019_june2024_preflight,pa1_candidate_000019
2024-06-05T11:00,35.4,54.0,905.0,782.0,123.0,1.03,100800.0,24.7,2.63,0.72,36.7,0.145,0,1,0,1.0,37.29821203852926,64.21554496306247,0.028584248181775393,35.332522788463315,0.28598357903965943,83967.43519999999,2.2821378684455773,769.25,0.004506191702319014,3.041793178345796e-05,0.8394048088867866,0.0,0.0,1.1311333780247346,lhs_candidate_000019_june2024_preflight,pa1_candidate_000019
2024-06-05T12:00,35.5,54.0,831.0,696.0,135.0,1.62,100740.0,24.8,2.64,0.67,37.2,0.143,0,1,0,1.0,37.70407728362299,59.34370501273034,0.02696867514545749,35.81349118870194,0.2808044918221287,77877.624,2.6505806737253126,706.35,0.00543389151756226,2.7137729107621186e-05,0.8074351347044981,0.0,0.0,1.1289841041600703,lhs_candidate_000019_june2024_preflight,pa1_candidate_000019
2024-06-05T13:00,35.1,56.0,805.0,547.0,258.0,1.48,100700.0,24.9,2.5,0.65,37.3,0.142,0,1,0,1.0,37.46311364020562,60.21859177178678,0.02703189641201391,36.251928663247114,0.2760824881186713,79917.0592,2.5598679590303433,684.25,0.0052966901410477895,2.5335982242286304e-05,0.7782869636955019,0.0,0.0,1.1294113094895364,lhs_candidate_000019_june2024_preflight,pa1_candidate_000019
2024-06-05T14:00,35.2,54.0,550.0,255.0,295.0,1.24,100620.0,24.6,2.59,0.46,37.1,0.141,0,1,0,1.0,36.98171585103007,57.80915220892403,0.02531903216867107,36.58900136350348,0.27226553141986226,58778.808000000005,2.6447622648129854,467.5,0.004721488307361542,1.719473827396608e-05,0.7547255025917423,0.0,0.0,1.1302657819695012,lhs_candidate_000019_june2024_preflight,pa1_candidate_000019
2024-06-05T15:00,34.0,59.0,452.0,267.0,185.0,1.0,100640.0,24.9,2.16,0.37,36.5,0.144,0,1,0,1.0,35.881645735908684,60.99527953394356,0.02524407920327804,36.7991688339176,0.26947133082120506,46284.744000000006,2.302264081826412,384.2,0.004466330763098962,1.3865375490632923e-05,0.7374773507481793,0.0,0.0,1.1345146862476923,lhs_candidate_000019_june2024_preflight,pa1_candidate_000019
2024-06-05T16:00,31.1,80.0,284.0,151.0,133.0,1.0,100700.0,27.2,0.92,0.22,35.0,0.157,0,1,0,1.0,33.290336684189114,75.9942242745573,0.027473171051092576,36.88350716041619,0.2674629504633316,29671.259199999997,1.227330662799857,241.4,0.004626519361084501,8.469380572457469e-06,0.7250799411316764,0.0,0.0,1.1447904254933123,lhs_candidate_000019_june2024_preflight,pa1_candidate_000019
2024-06-05T17:00,30.7,80.0,153.0,74.0,79.0,1.63,100770.0,26.9,0.87,0.13,33.6,0.172,0,1,0,1.0,31.622157271441598,79.22761547904813,0.026216440714051322,36.82029435091155,0.2662885945834413,16243.409599999999,0.9667863095811144,130.04999999999998,0.004938174043388847,4.649648922370116e-06,0.7178308307619833,0.0,0.0,1.1518566082893744,lhs_candidate_000019_june2024_preflight,pa1_candidate_000019
2024-06-05T18:00,30.0,83.0,44.0,18.0,26.0,1.66,100810.0,26.7,0.74,0.05,32.3,0.178,1,1,0,1.0,30.614027557250907,81.4403364512018,0.02553122598586944,36.66291604932978,0.26573003019562114,4786.7424,0.8156620515392627,37.4,0.004852771287872262,1.5627898605625906e-06,0.7143829024421058,0.0,0.0,1.156138120584664,lhs_candidate_000019_june2024_preflight,pa1_candidate_000019
2024-06-05T19:00,29.7,81.0,0.0,0.0,0.0,1.51,100900.0,26.0,0.81,0.03,31.3,0.178,0,0,0,1.0,29.97845144681961,80.60188648944354,0.024416851959508216,36.446416505376014,0.2746023848368155,0.0,0.8220578219538743,0.0,0.003034406964048204,3.820280475557596e-07,0.7691505236840462,0.0,0.0,1.1595965488261744,lhs_candidate_000019_june2024_preflight,pa1_candidate_000019
2024-06-05T20:00,29.6,80.0,0.0,0.0,0.0,1.4,100990.0,25.8,0.83,0.01,30.9,0.178,0,0,0,1.0,29.731910413812006,80.03301879409058,0.023923184503440213,36.213899198649585,0.2745332269513812,0.0,0.834271181041121,0.0,0.0027525737300377754,3.874886729228937e-07,0.7687236231566742,0.0,0.0,1.1615756117477176,lhs_candidate_000019_june2024_preflight,pa1_candidate_000019
2024-06-05T21:00,29.5,81.0,0.0,0.0,0.0,1.17,101070.0,25.8,0.8,0.0,30.5,0.179,0,0,0,1.0,29.61766804794647,80.94786382206384,0.024047298309176384,35.98484803171,0.2744651028064492,0.0,0.7908348089756827,0.0,0.002317839476331441,3.6711312121188154e-07,0.7683031037435136,0.0,0.0,1.1629344035888982,lhs_candidate_000019_june2024_preflight,pa1_candidate_000019
2024-06-05T22:00,29.3,81.0,0.0,0.0,0.0,1.12,101060.0,25.7,0.77,0.0,30.2,0.179,0,0,0,1.0,29.45597301217059,80.96537253214619,0.023842422092045207,35.75987850808889,0.2743994683991028,0.0,0.7827888604432127,0.0,0.002252821815582915,3.631864937142856e-07,0.7678979530808814,0.0,0.0,1.1634406843542147,lhs_candidate_000019_june2024_preflight,pa1_candidate_000019
2024-06-05T23:00,28.6,86.0,0.0,0.0,0.0,1.32,101060.0,26.1,0.54,0.0,29.9,0.179,0,0,0,1.0,28.960496169041523,84.53871544619464,0.024232739779658178,35.53438219426458,0.2743400360439643,0.0,0.6179167485152197,0.0,0.0027396408429913696,2.865546656726936e-07,0.7675310866911376,0.0,0.0,1.165348787266102,lhs_candidate_000019_june2024_preflight,pa1_candidate_000019
2024-06-06T00:00,28.1,89.0,0.0,0.0,0.0,1.24,101030.0,26.1,0.42,0.0,29.5,0.178,0,0,0,1.0,28.411510079399584,87.75018243552951,0.02441035041322046,35.301492313655835,0.27429482547789824,0.0,0.4742455029237558,0.0,0.002569884335915196,2.1984814142212525e-07,0.7672520091228286,0.0,0.0,1.167123711607365,lhs_candidate_000019_june2024_preflight,pa1_candidate_000019
2024-06-06T01:00,27.9,90.0,0.0,0.0,0.0,1.17,100930.0,26.2,0.37,0.0,29.2,0.178,0,0,0,1.0,28.093980080121522,89.33694948390564,0.024423082839917787,35.06465831206656,0.27425858224320504,0.0,0.405266693063596,0.0,0.002369869275517212,1.8781653973081504e-07,0.767028285451883,0.0,0.0,1.1671974904341627,lhs_candidate_000019_june2024_preflight,pa1_candidate_000019
2024-06-06T02:00,27.7,92.0,0.0,0.0,0.0,1.17,100860.0,26.3,0.3,0.0,28.8,0.178,0,0,0,1.0,27.883797376197087,91.20976744520732,0.024648952296591264,34.82915930395152,0.27422783707150356,0.0,0.33002317887855037,0.0,0.002363132048088282,1.5290788993664583e-07,0.76683850044138,0.0,0.0,1.1672023562328016,lhs_candidate_000019_june2024_preflight,pa1_candidate_000019
2024-06-06T03:00,27.5,92.0,0.0,0.0,0.0,1.12,100840.0,26.1,0.28,0.0,28.5,0.178,0,0,0,1.0,27.683575986987158,91.43345474653185,0.024438801328284677,34.59602251216334,0.27420108117030384,0.0,0.3178911930280579,0.0,0.0022728328706358666,1.4725511895152048e-07,0.7666733405574311,0.0,0.0,1.167747589935327,lhs_candidate_000019_june2024_preflight,pa1_candidate_000019
2024-06-06T04:00,27.5,92.0,0.0,0.0,0.0,1.02,100860.0,26.1,0.3,0.0,28.3,0.178,0,0,0,1.0,27.60364405194271,91.73498080857865,0.02441172457689518,34.36646316732454,0.2741751970532196,0.0,0.30527409808536277,0.0,0.0020322869692229193,1.413810956367231e-07,0.766513562056911,0.0,0.0,1.1682896102915412,lhs_candidate_000019_june2024_preflight,pa1_candidate_000019
2024-06-06T05:00,27.9,91.0,0.0,0.0,0.0,1.1,100920.0,26.2,0.35,0.0,28.2,0.178,0,0,0,1.0,27.83080495849608,91.47539680867662,0.024648835457122747,34.14587751600873,0.27414951738728116,0.0,0.31906324708417433,0.0,0.002154112462220176,1.4773668319922298e-07,0.766355045600501,0.0,0.0,1.1681023328713944,lhs_candidate_000019_june2024_preflight,pa1_candidate_000019
2024-06-06T06:00,28.1,91.0,21.0,8.0,13.0,1.2,100950.0,26.4,0.36,0.02,28.4,0.178,1,0,0,1.0,28.125111841400695,91.86283074447464,0.025156539045787414,33.94587601717983,0.2740673393733753,2305.3712,0.3098270837877286,17.849999999999998,0.0023109440562484587,7.628396456078683e-07,0.765847773909724,0.0,0.0,1.1673081446429794,lhs_candidate_000019_june2024_preflight,pa1_candidate_000019
2024-06-06T07:00,29.3,87.0,167.0,87.0,80.0,1.1,100970.0,26.9,0.54,0.12,30.5,0.178,0,0,0,1.0,29.208784669676724,94.74480003577335,0.02752789267406909,33.81368569122384,0.282566699883846,17510.592,0.21305960874334495,141.95,0.002169972125293175,5.369120966803967e-06,0.8183129622459628,0.0,0.0,1.1633548748641436,lhs_candidate_000019_june2024_preflight,pa1_candidate_000019
2024-06-06T08:00,30.1,80.0,359.0,210.0,149.0,0.85,101030.0,26.3,0.86,0.26,30.9,0.178,0,1,0,1.0,30.61968458958612,92.20313361364093,0.028914119616163605,33.8135563105677,0.2810641644062763,36834.177599999995,0.3427681966231786,305.15,0.0034562693597486316,1.1354848535696714e-05,0.8090380518905944,0.0,0.0,1.1586396101286816,lhs_candidate_000019_june2024_preflight,pa1_candidate_000019
2024-06-06T09:00,32.0,65.0,551.0,405.0,146.0,0.92,101010.0,24.6,1.66,0.42,32.3,0.176,0,1,0,1.0,32.632472789648446,76.90495249839627,0.0268525481468173,33.961188548158,0.27848583336422245,53624.6304,1.1379792659812114,468.34999999999997,0.003640189578108616,1.7378017317730127e-05,0.7931224281742126,0.0,0.0,1.1507851036677479,lhs_candidate_000019_june2024_preflight,pa1_candidate_000019
2024-06-06T10:00,33.6,56.0,779.0,643.0,136.0,0.61,100980.0,23.6,2.28,0.6,34.2,0.174,0,1,0,1.0,34.91392763528332,68.63398240668226,0.02701490196616194,34.27680083683744,0.27475974843082546,73336.8064,1.755238482718969,662.15,0.003720050646563453,2.392453092441361e-05,0.7701219038939843,0.0,0.0,1.1419233856432949,lhs_candidate_000019_june2024_preflight,pa1_candidate_000019
2024-06-06T11:00,34.5,53.0,914.0,794.0,120.0,0.92,100920.0,23.5,2.57,0.71,35.6,0.172,0,1,0,1.0,36.58362630853855,61.76826389553451,0.0265058643477811,34.734487032329675,0.27015346322213224,84653.888,2.34509617573548,776.9,0.004474230022406777,2.716224784157227e-05,0.7416880445810632,0.0,0.0,1.1350927072777997,lhs_candidate_000019_june2024_preflight,pa1_candidate_000019
2024-06-06T12:00,35.0,52.0,952.0,811.0,141.0,1.48,100830.0,23.6,2.7,0.76,36.5,0.169,0,1,0,1.0,37.48922483238596,57.16322933784623,0.0256945898258707,35.25763780808246,0.2652510107275656,88736.7184,2.7603849829515497,809.1999999999999,0.005345928668805642,2.72737925286718e-05,0.7114259921454665,0.0,0.0,1.13077428126978,lhs_candidate_000019_june2024_preflight,pa1_candidate_000019
2024-06-06T13:00,35.1,52.0,862.0,700.0,162.0,1.32,100730.0,23.7,2.72,0.69,36.8,0.167,0,1,0,1.0,37.682120182026026,55.73034535499461,0.025298256194934098,35.76355939402237,0.2606515773785825,81555.54879999999,2.8827208025658027,732.6999999999999,0.005170718463963019,2.386802782946138e-05,0.6830344282628551,0.0,0.0,1.1289517782932805,lhs_candidate_000019_june2024_preflight,pa1_candidate_000019
2024-06-06T14:00,34.5,55.0,726.0,441.0,285.0,1.0,100690.0,24.1,2.48,0.58,36.6,0.165,0,1,0,1.0,37.08721249652896,57.341025091762425,0.02525010220918122,36.18597487926008,0.2567531527494618,73914.984,2.6895133103684947,617.1,0.004797829809366581,1.9498230361519216e-05,0.6589700787003816,0.0,0.0,1.130667476869958,lhs_candidate_000019_june2024_preflight,pa1_candidate_000019
2024-06-06T15:00,34.3,56.0,551.0,389.0,162.0,0.8,100680.0,24.3,2.38,0.44,36.2,0.164,0,1,0,1.0,36.34118089317882,58.39091258162824,0.02474596114408466,36.4900471254245,0.253694531788774,54187.5488,2.518646621577263,468.34999999999997,0.004328154348533455,1.455889762114527e-05,0.6400897023998394,0.0,0.0,1.1332803995771703,lhs_candidate_000019_june2024_preflight,pa1_candidate_000019
2024-06-06T16:00,31.5,70.0,320.0,143.0,177.0,0.45,100690.0,25.4,1.38,0.25,34.9,0.172,0,1,0,1.0,33.90624726614471,66.90991932438145,0.024985283264867257,36.63666368609858,0.2516305594572522,34387.2848,1.750980221509359,272.0,0.004257127269512445,8.396219696406831e-06,0.6273491324521742,0.0,0.0,1.1423806856487138,lhs_candidate_000019_june2024_preflight,pa1_candidate_000019
2024-06-06T17:00,30.4,76.0,152.0,65.0,87.0,0.71,100710.0,25.8,1.03,0.12,33.3,0.174,0,1,0,1.0,31.700128993395218,74.21832378250197,0.024661277036909457,36.60129080618637,0.25051229113352635,16436.8688,1.205240338589065,129.2,0.0038212279905806253,4.084345906441542e-06,0.6204462415649775,0.0,0.0,1.1508763395176242,lhs_candidate_000019_june2024_preflight,pa1_candidate_000019
2024-06-06T18:00,30.1,76.0,32.0,8.0,24.0,0.64,100820.0,25.4,1.03,0.04,32.3,0.174,1,1,0,1.0,30.611255656429364,75.43236137477912,0.023644222842050203,36.44646319854552,0.2500421978738125,3660.3776,1.079530309996009,27.2,0.0031508354282060733,1.1639624294306427e-06,0.6175444313198302,0.0,0.0,1.1562633565582623,lhs_candidate_000019_june2024_preflight,pa1_candidate_000019
2024-06-06T19:00,29.7,76.0,0.0,0.0,0.0,0.73,100910.0,25.1,0.99,0.02,31.4,0.173,0,0,0,1.0,30.0086231857623,76.03897776214734,0.02307220634730533,36.23464826956075,0.2589490768996142,0.0,1.0171847279462454,0.0,0.0017086498164308815,4.133233247834382e-07,0.6725251660470013,0.0,0.0,1.1595960543392914,lhs_candidate_000019_june2024_preflight,pa1_candidate_000019
2024-06-06T20:00,29.4,78.0,0.0,0.0,0.0,0.7,100970.0,25.1,0.91,0.0,30.9,0.173,0,0,0,1.0,29.619286276731494,77.76522915538959,0.02310385546612127,36.008159830806754,0.258877809806603,0.0,0.9230286540388395,0.0,0.0015754690465309316,3.7481855970273594e-07,0.6720852457197718,0.0,0.0,1.161777571394629,lhs_candidate_000019_june2024_preflight,pa1_candidate_000019
2024-06-06T21:00,28.8,86.0,0.0,0.0,0.0,0.85,101020.0,26.2,0.56,0.0,30.5,0.173,0,0,0,1.0,29.136453392934655,84.21809440761007,0.0243732761676691,35.77860105705954,0.2588198497299858,0.0,0.6371744175390948,0.0,0.0019242985528308732,2.5860265581718445e-07,0.6717274674690481,0.0,0.0,1.164209470306448,lhs_candidate_000019_june2024_preflight,pa1_candidate_000019
2024-06-06T22:00,28.9,85.0,0.0,0.0,0.0,0.89,101050.0,26.1,0.6,0.0,29.9,0.173,0,0,0,1.0,28.972888654724425,85.21267639695651,0.024442429169781597,35.5464835525619,0.25877649733844055,0.0,0.5914051064434505,0.0,0.0017675729133175841,2.399311681868972e-07,0.6714598601138305,0.0,0.0,1.165185679119054,lhs_candidate_000019_june2024_preflight,pa1_candidate_000019
2024-06-06T23:00,28.6,87.0,0.0,0.0,0.0,0.72,101010.0,26.3,0.49,0.0,29.5,0.173,0,0,0,1.0,28.804762912635056,86.42010343592538,0.02456255884059874,35.319322678184186,0.2587347639353791,0.0,0.5378595424294326,0.0,0.001594293668356683,2.1812418532775803e-07,0.6712022465146857,0.0,0.0,1.1653729560504684,lhs_candidate_000019_june2024_preflight,pa1_candidate_000019
2024-06-07T00:00,28.4,88.0,0.0,0.0,0.0,0.63,100950.0,26.2,0.48,0.0,29.2,0.173,0,0,0,1.0,28.58140441861562,87.61417181973587,0.024600042158476564,35.09375625894485,0.2586976197125842,0.0,0.4842601830935509,0.0,0.0014228169286333455,1.9632035198987558e-07,0.6709729611887914,0.0,0.0,1.165542885760665,lhs_candidate_000019_june2024_preflight,pa1_candidate_000019
2024-06-07T01:00,28.4,87.0,0.0,0.0,0.0,0.67,100840.0,26.0,0.51,0.0,28.9,0.173,0,0,0,1.0,28.497167365329688,87.24028048774463,0.024382505217742108,34.87127434886886,0.25866223219364226,0.0,0.4964475332136451,0.0,0.0013956157406344353,2.0119561335460587e-07,0.6707545197138411,0.0,0.0,1.1645979851187132,lhs_candidate_000019_june2024_preflight,pa1_candidate_000019
2024-06-07T02:00,28.6,85.0,0.0,0.0,0.0,0.67,100780.0,25.8,0.59,0.0,28.6,0.173,0,0,0,1.0,28.601899561491354,85.81272465935669,0.024121240800375955,34.65624244139648,0.25862411445030814,0.0,0.5553524192973804,0.0,0.001282967111660569,2.249890828306653e-07,0.6705192250019021,0.0,0.0,1.1635010782775892,lhs_candidate_000019_june2024_preflight,pa1_candidate_000019
2024-06-07T03:00,28.5,84.0,0.0,0.0,0.0,0.76,100740.0,25.6,0.61,0.0,28.5,0.173,0,0,0,1.0,28.607325747747485,84.33188002733806,0.02371201793948826,34.45046113056208,0.2585812934882113,0.0,0.6135121226480198,0.0,0.0015652411565314172,2.4845325323198726e-07,0.6702548980753784,0.0,0.0,1.163018366155361,lhs_candidate_000019_june2024_preflight,pa1_candidate_000019
2024-06-07T04:00,28.6,84.0,0.0,0.0,0.0,0.95,100710.0,25.6,0.63,0.0,28.3,0.173,0,0,0,1.0,28.634640344587876,84.26756249823235,0.023729322606883627,34.25097919508078,0.258536335335953,0.0,0.6170065317104059,0.0,0.001845756192513788,2.497649216336187e-07,0.6699773786169938,0.0,0.0,1.1625667898697156,lhs_candidate_000019_june2024_preflight,pa1_candidate_000019
2024-06-07T05:00,28.1,88.0,0.0,0.0,0.0,1.0,100740.0,25.9,0.46,0.0,28.1,0.173,0,0,0,1.0,28.366803119010754,86.88605269855884,0.024110889926772093,34.05613918054571,0.258494662833479,0.0,0.5063838336096089,0.0,0.0021210256707602506,2.0490602811295528e-07,0.6697201409474012,0.0,0.0,1.1639461162236928,lhs_candidate_000019_june2024_preflight,pa1_candidate_000019
2024-06-07T06:00,28.4,87.0,24.0,8.0,16.0,1.14,100800.0,25.9,0.52,0.02,28.2,0.173,1,0,0,1.0,28.422320398276796,88.0495847612424,0.024508133352419175,33.86904441720415,0.2584045672327655,2674.9184,0.4629446839513647,20.4,0.002195133198089037,8.057667697287231e-07,0.6691639952639846,0.0,0.0,1.1644249522672283,lhs_candidate_000019_june2024_preflight,pa1_candidate_000019
2024-06-07T07:00,29.5,80.0,180.0,115.0,65.0,1.02,100850.0,25.7,0.82,0.13,30.1,0.172,0,0,0,1.0,29.49231437558355,88.15072652771805,0.02600959788486013,33.751360648031266,0.26691289585765904,18126.855999999996,0.48831584822207175,153.0,0.0019558146763734414,5.2165156537992856e-06,0.7216845423312287,0.0,0.0,1.1608836695281441,lhs_candidate_000019_june2024_preflight,pa1_candidate_000019
2024-06-07T08:00,31.0,69.0,375.0,279.0,96.0,0.8,100890.0,24.7,1.39,0.28,31.2,0.172,0,0,0,1.0,31.34362274528804,84.87570622688006,0.027670412874265252,33.77288724074259,0.2654888932926847,36377.5104,0.6928787618713965,318.75,0.0018483262833264209,1.0595622420544368e-05,0.7128944030412637,0.0,0.0,1.154283186109211,lhs_candidate_000019_june2024_preflight,pa1_candidate_000019
2024-06-07T09:00,32.5,62.0,610.0,488.0,122.0,0.51,100860.0,24.2,1.88,0.46,33.0,0.17,0,1,0,1.0,33.483376184423356,72.4144210686617,0.0264465385950028,33.96437331460442,0.26299737080769037,57972.252799999995,1.4256634258826812,518.5,0.0033924430887890874,1.69895449152462e-05,0.6975146346153727,0.0,0.0,1.1458875154930186,lhs_candidate_000019_june2024_preflight,pa1_candidate_000019
2024-06-07T10:00,33.6,57.0,740.0,586.0,154.0,0.2,100820.0,23.9,2.23,0.57,34.4,0.168,0,1,0,1.0,35.25921327355232,65.88329367748192,0.026401943065222526,34.30185652274328,0.2596550579333116,70538.08959999999,1.945927849338498,629.0,0.0036880410061382136,2.0089159114187846e-05,0.6768830736624174,0.0,0.0,1.1388376025787657,lhs_candidate_000019_june2024_preflight,pa1_candidate_000019
2024-06-07T11:00,34.4,54.0,878.0,697.0,181.0,0.22,100750.0,23.9,2.48,0.68,35.7,0.166,0,1,0,1.0,36.63712779946761,61.30137601930174,0.026377945619886788,34.74212844772912,0.25576926164765784,83632.0144,2.380681745269031,746.3,0.004049008577323212,2.3019216741378576e-05,0.652896676837394,0.0,0.0,1.1329849358045112,lhs_candidate_000019_june2024_preflight,pa1_candidate_000019
2024-06-07T12:00,34.9,53.0,933.0,750.0,183.0,0.61,100690.0,24.0,2.61,0.73,36.5,0.164,0,1,0,1.0,37.55820758598775,57.91287254688277,0.026123368819022965,35.251206272125216,0.2515737215801651,88542.3792,2.7222486499848753,793.05,0.004476469543924517,2.3563795804116186e-05,0.6269982813590439,0.0,0.0,1.1289535252703076,lhs_candidate_000019_june2024_preflight,pa1_candidate_000019
2024-06-07T13:00,35.0,54.0,892.0,651.0,241.0,1.12,100590.0,24.2,2.61,0.71,36.8,0.162,0,1,0,1.0,37.82916042895116,56.15968613091951,0.02568486450460405,35.763221245960494,0.24749862947191845,86974.95839999999,2.8775922421445044,758.1999999999999,0.005032321389282718,2.1724465595418665e-05,0.6018433918019658,0.0,0.0,1.1268496398195367,lhs_candidate_000019_june2024_preflight,pa1_candidate_000019
2024-06-07T14:00,34.5,55.0,742.0,464.0,278.0,1.02,100470.0,24.3,2.43,0.59,36.6,0.16,0,1,0,1.0,37.26625932561367,55.840192389357114,0.024815550910689783,36.202602742534566,0.24396733607217055,75076.7072,2.811385200419118,630.6999999999999,0.004898154604001673,1.7563113867918862e-05,0.5800452843961146,0.0,0.0,1.127546314888591,lhs_candidate_000019_june2024_preflight,pa1_candidate_000019
2024-06-07T15:00,33.9,58.0,466.0,159.0,307.0,1.22,100510.0,24.5,2.22,0.38,35.9,0.159,0,1,0,1.0,36.02740900170301,57.45824886818568,0.023959919755827893,36.48669535793986,0.24140451444588437,51808.99679999999,2.5312077675321625,396.09999999999997,0.004854671166987127,1.0990356997511344e-05,0.5642253978141011,0.0,0.0,1.1325150144709237,lhs_candidate_000019_june2024_preflight,pa1_candidate_000019
2024-06-07T16:00,32.3,64.0,335.0,146.0,189.0,0.98,100520.0,24.7,1.72,0.27,35.0,0.161,0,1,0,1.0,34.25569930552997,62.3665678725638,0.023719018336329882,36.610941184527526,0.2397131982043421,36129.473600000005,2.0304968203344624,284.75,0.004485160375355166,7.825150185320943e-06,0.5537851741008771,0.0,0.0,1.1391555060857466,lhs_candidate_000019_june2024_preflight,pa1_candidate_000019
2024-06-07T17:00,32.0,66.0,200.0,110.0,90.0,1.63,100570.0,24.7,1.63,0.18,34.0,0.16,0,1,0,1.0,33.056258026775595,65.1593437764563,0.0232670785522684,36.61666425982421,0.23858078044222025,20766.415999999997,1.7580743924559101,170.0,0.004994758273009057,4.793092434332084e-06,0.5467949410013596,0.0,0.0,1.1441865457149947,lhs_candidate_000019_june2024_preflight,pa1_candidate_000019
2024-06-07T18:00,31.5,68.0,52.0,16.0,36.0,1.51,100570.0,24.8,1.48,0.07,33.0,0.16,1,1,0,1.0,32.11619159093198,66.93279261786869,0.02273886734517473,36.5191237910162,0.23800565599943804,5842.5664,1.5826242492734366,44.199999999999996,0.004591789995270864,1.607542913725648e-06,0.5432447901199879,0.0,0.0,1.1477100651796457,lhs_candidate_000019_june2024_preflight,pa1_candidate_000019
2024-06-07T19:00,30.9,73.0,0.0,0.0,0.0,1.41,100660.0,25.5,1.2,0.04,32.2,0.16,0,0,0,1.0,31.282671045387758,71.88794206574029,0.02335994011121643,36.34636680371636,0.24686165807513694,0.0,1.28342731010174,0.0,0.0029093221784884725,4.636494016870957e-07,0.5979114695996107,0.0,0.0,1.1518823313913502,lhs_candidate_000019_june2024_preflight,pa1_candidate_000019
2024-06-07T20:00,30.4,77.0,0.0,0.0,0.0,1.22,100740.0,25.9,0.99,0.01,31.5,0.159,0,0,0,1.0,30.684852081210153,76.11180298114024,0.023951823458413707,36.146449586161296,0.24678599537871454,0.0,1.0540937513050324,0.0,0.0025166151446505036,3.8050317758975504e-07,0.597444415917991,0.0,0.0,1.1550660155101407,lhs_candidate_000019_june2024_preflight,pa1_candidate_000019
2024-06-07T21:00,29.8,82.0,0.0,0.0,0.0,1.12,100750.0,26.4,0.74,0.0,30.7,0.159,0,0,0,1.0,30.125500982687512,80.73024805250056,0.024650840159267856,35.93866110907099,0.24672495675423448,0.0,0.8235322235333982,0.0,0.002368158130741428,2.9708838271733503e-07,0.597067634285398,0.0,0.0,1.1573112498888583,lhs_candidate_000019_june2024_preflight,pa1_candidate_000019
2024-06-07T22:00,30.3,75.0,0.0,0.0,0.0,1.12,100770.0,25.3,1.09,0.01,30.1,0.159,0,0,0,1.0,30.192725041130497,76.55388679379317,0.023460593757575893,35.72925077431722,0.24666760981313846,0.0,1.0058840010365837,0.0,0.0022182501002375892,3.6265645274738755e-07,0.5967136408218423,0.0,0.0,1.1572844653786205,lhs_candidate_000019_june2024_preflight,pa1_candidate_000019
2024-06-07T23:00,30.6,71.0,0.0,0.0,0.0,1.0,100740.0,24.8,1.25,0.01,29.6,0.159,0,0,0,1.0,30.514599599718895,72.38560349927911,0.022571485645324144,35.533722377052285,0.246595495068735,0.0,1.2067279536911135,0.0,0.001980414213393414,4.3474317636486036e-07,0.5962684880786111,0.0,0.0,1.1557136143928752,lhs_candidate_000019_june2024_preflight,pa1_candidate_000019
2024-06-08T00:00,30.4,73.0,0.0,0.0,0.0,1.1,100700.0,25.0,1.16,0.01,29.2,0.159,0,0,0,1.0,30.511321784683748,73.05033444635033,0.022774743979742797,35.349352340672716,0.24651720362979765,0.0,1.1774591756580337,0.0,0.002184216658627101,4.2385481132705113e-07,0.5957852075913436,0.0,0.0,1.1552671949105016,lhs_candidate_000019_june2024_preflight,pa1_candidate_000019
2024-06-08T01:00,30.1,75.0,0.0,0.0,0.0,1.2,100630.0,25.3,1.05,0.01,28.9,0.159,0,0,0,1.0,30.27300357540652,74.75341868218668,0.023008280574277527,35.16718924533588,0.24644373393811728,0.0,1.088117743296158,0.0,0.00240947438489187,3.9139604843127475e-07,0.5953316909760326,0.0,0.0,1.155370882679871,lhs_candidate_000019_june2024_preflight,pa1_candidate_000019
2024-06-08T02:00,28.4,86.0,0.0,0.0,0.0,1.22,100590.0,25.8,0.54,0.0,28.5,0.159,0,0,0,1.0,29.141763378952714,82.63206485915822,0.02392118028529077,34.97533368762814,0.2463844083564228,0.0,0.7014233300704156,0.0,0.0027896216174475366,2.521468348817047e-07,0.5949654836816223,0.0,0.0,1.1592335530540105,lhs_candidate_000019_june2024_preflight,pa1_candidate_000019
2024-06-08T03:00,28.3,86.0,0.0,0.0,0.0,1.02,100570.0,25.7,0.54,0.0,28.2,0.159,0,0,0,1.0,28.489134086209294,85.51128654257619,0.02388877574621566,34.761598291029514,0.24634521977787494,0.0,0.5634555580607108,0.0,0.0020976174604546895,2.024679880496736e-07,0.5947235788757712,0.0,0.0,1.161510696247516,lhs_candidate_000019_june2024_preflight,pa1_candidate_000019
2024-06-08T04:00,28.6,84.0,0.0,0.0,0.0,1.1,100580.0,25.7,0.61,0.0,28.1,0.159,0,0,0,1.0,28.57087418714752,84.57440342145824,0.02373288114993958,34.549049801657844,0.24630805445213477,0.0,0.602740748730136,0.0,0.00212433133961574,2.1650089255984518e-07,0.5944941632847826,0.0,0.0,1.161311489396725,lhs_candidate_000019_june2024_preflight,pa1_candidate_000019
2024-06-08T05:00,28.7,84.0,0.0,0.0,0.0,1.0,100640.0,25.7,0.64,0.0,27.9,0.159,0,0,0,1.0,28.721661343098244,84.24134505514424,0.023834952730566464,34.34759312257512,0.24626823676820206,0.0,0.6211581659298977,0.0,0.0019292250094548908,2.2302407389235413e-07,0.5942483751123584,0.0,0.0,1.1614238284003746,lhs_candidate_000019_june2024_preflight,pa1_candidate_000019
2024-06-08T06:00,28.5,86.0,22.0,7.0,15.0,1.22,100730.0,25.9,0.55,0.02,28.1,0.159,1,0,0,1.0,28.69127182760388,85.94288210708054,0.02427606273448659,34.16043920654249,0.246184674243609,2463.736,0.5531143832285212,18.7,0.0024582649444769102,7.015451547204948e-07,0.5937325570593147,0.0,0.0,1.1625794998325913,lhs_candidate_000019_june2024_preflight,pa1_candidate_000019
2024-06-08T07:00,29.9,77.0,134.0,48.0,86.0,1.08,100720.0,25.5,0.97,0.11,30.1,0.159,0,0,0,1.0,29.713947121352668,83.04998484299925,0.024800858187952114,34.02544311495653,0.25484830971573036,14817.686399999999,0.707483842389093,113.89999999999999,0.0022018581189223512,3.617170130154644e-06,0.647211788368706,0.0,0.0,1.1585388126543494,lhs_candidate_000019_june2024_preflight,pa1_candidate_000019
2024-06-08T08:00,31.4,65.0,379.0,260.0,119.0,0.78,100770.0,24.2,1.59,0.28,31.7,0.158,0,0,0,1.0,31.732470165220686,79.57335418915268,0.026486305913238032,34.03438553459136,0.2536468326119963,37538.705599999994,0.9566541155169408,322.15,0.001806804045608658,9.709703344336806e-06,0.6397952630370141,0.0,0.0,1.1514398423283465,lhs_candidate_000019_june2024_preflight,pa1_candidate_000019
2024-06-08T09:00,32.6,60.0,550.0,375.0,175.0,0.58,100770.0,23.8,1.97,0.42,33.2,0.157,0,1,0,1.0,33.65604355043414,67.39629614995853,0.024838414538246544,34.21036951745526,0.2515108831733535,54556.92,1.7013371927124648,467.5,0.003514340387765543,1.391874148539712e-05,0.6266103899589723,0.0,0.0,1.1442206917218392,lhs_candidate_000019_june2024_preflight,pa1_candidate_000019
2024-06-08T10:00,33.3,58.0,668.0,405.0,263.0,0.63,100740.0,23.9,2.15,0.52,34.4,0.156,0,1,0,1.0,35.01043004530667,63.401895345348485,0.025081151865560956,34.502666924864606,0.24877360146085872,68036.97119999999,2.058981329222627,567.8,0.003987528149089345,1.644638055691216e-05,0.60971358926456,0.0,0.0,1.13885261620046,lhs_candidate_000019_june2024_preflight,pa1_candidate_000019
2024-06-08T11:00,33.8,57.0,690.0,398.0,292.0,0.81,100700.0,24.0,2.26,0.55,35.2,0.154,0,1,0,1.0,35.80634578340514,60.631910548284,0.024996204426543545,34.85134676291578,0.24580306455740267,70993.2608,2.3141205470689585,586.5,0.004321683953937903,1.6544060946224934e-05,0.5913769417123622,0.0,0.0,1.1354677390796928,lhs_candidate_000019_june2024_preflight,pa1_candidate_000019
2024-06-08T12:00,34.3,56.0,851.0,576.0,275.0,0.78,100620.0,24.2,2.39,0.67,36.1,0.153,0,1,0,1.0,36.70725435728724,59.44098928355938,0.025669729318405256,35.259349795898764,0.24254626224171566,84563.16,2.504701566853424,723.35,0.00449454802758224,1.959010757477351e-05,0.5712732237142942,0.0,0.0,1.131266934695421,lhs_candidate_000019_june2024_preflight,pa1_candidate_000019
2024-06-08T13:00,34.5,56.0,864.0,715.0,149.0,1.14,100570.0,24.5,2.39,0.68,36.5,0.151,0,1,0,1.0,37.246780606136234,57.22431663910084,0.025405337863454013,35.72245832257865,0.2390541291947605,81274.1776,2.7203841114054366,734.4,0.005022410217959206,1.9197793419609272e-05,0.5497168468812376,0.0,0.0,1.1287394152858188,lhs_candidate_000019_june2024_preflight,pa1_candidate_000019
2024-06-08T14:00,34.0,55.0,792.0,601.0,191.0,1.56,100500.0,23.8,2.38,0.63,36.4,0.15,0,1,0,1.0,36.89866954403474,54.471254722981136,0.023755756920564797,36.157182493523635,0.2357919745774173,76415.8384,2.841114605729748,673.1999999999999,0.005610608842514684,1.7064511180967863e-05,0.5295800899840574,0.0,0.0,1.1292202001967762,lhs_candidate_000019_june2024_preflight,pa1_candidate_000019
2024-06-08T15:00,33.0,61.0,493.0,324.0,169.0,1.3,100460.0,24.4,1.98,0.4,35.6,0.149,0,1,0,1.0,35.44105140619548,58.77709882267836,0.023777508378408464,36.452630451506344,0.23331736386031174,49329.8256,2.3749353079344635,419.05,0.00509451826743234,1.0504275382834071e-05,0.5143047151871095,0.0,0.0,1.1341024652300828,lhs_candidate_000019_june2024_preflight,pa1_candidate_000019
2024-06-08T16:00,32.5,64.0,348.0,161.0,187.0,0.82,100460.0,24.7,1.78,0.28,34.8,0.149,0,1,0,1.0,34.18140885329494,63.231974401622836,0.023954827516414836,36.57785792091378,0.23171315264087722,37203.108799999995,1.9756284288454649,295.8,0.004160804444462877,7.363202106392809e-06,0.5044021767955384,0.0,0.0,1.138750749406059,lhs_candidate_000019_june2024_preflight,pa1_candidate_000019
2024-06-08T17:00,31.6,68.0,169.0,42.0,127.0,0.72,100450.0,24.9,1.51,0.14,33.9,0.149,0,1,0,1.0,32.86190936925964,66.48647154939293,0.023498403180942654,36.57910824198166,0.23071498602100318,19340.1648,1.6727662376878243,143.65,0.0038041989187380908,3.7468690417300686e-06,0.4982406544506369,0.0,0.0,1.1435471113938127,lhs_candidate_000019_june2024_preflight,pa1_candidate_000019
2024-06-08T18:00,31.0,69.0,52.0,21.0,31.0,0.4,100560.0,24.8,1.37,0.04,32.8,0.152,1,1,0,1.0,31.690821595715647,68.17668578375134,0.022642513229322283,36.46525701539926,0.2302497339794542,5666.6544,1.4868904788859685,44.199999999999996,0.003047096653061773,1.4372171144529424e-06,0.4953687282682358,0.0,0.0,1.1491972816428957,lhs_candidate_000019_june2024_preflight,pa1_candidate_000019
2024-06-08T19:00,30.6,73.0,0.0,0.0,0.0,0.85,100620.0,25.2,1.18,0.03,31.8,0.152,0,0,0,1.0,30.935534190876005,72.32417231268145,0.02306846631001538,36.28381907956718,0.23912617304652067,0.0,1.2388060949695912,0.0,0.0019219119646286841,4.1178935969514476e-07,0.5501615620155598,0.0,0.0,1.1527390385820768,lhs_candidate_000019_june2024_preflight,pa1_candidate_000019
2024-06-08T20:00,30.2,75.0,0.0,0.0,0.0,0.57,100680.0,25.2,1.09,0.0,31.3,0.152,0,0,0,1.0,30.45257720184562,74.72377631180528,0.023222878861735487,36.07852598948398,0.23905643651763003,0.0,1.1006433003802085,0.0,0.0014077628785442262,3.655766392214297e-07,0.5497310896150002,0.0,0.0,1.1552612378354339,lhs_candidate_000019_june2024_preflight,pa1_candidate_000019
2024-06-08T21:00,30.1,75.0,0.0,0.0,0.0,0.58,100710.0,25.2,1.06,0.0,30.9,0.151,0,0,0,1.0,30.226236610404367,75.46314155723817,0.02316819131031928,35.87057049341849,0.23899248204305523,0.0,1.0547012773502225,0.0,0.0012753555368092372,3.50065506447786e-07,0.5493363089077483,0.0,0.0,1.156467640568529,lhs_candidate_000019_june2024_preflight,pa1_candidate_000019
2024-06-08T22:00,29.9,76.0,0.0,0.0,0.0,0.81,100740.0,25.3,1.0,0.0,30.6,0.151,0,0,0,1.0,30.0516515599007,76.03948058541974,0.02312607684340009,35.66483511374694,0.23893040881691688,0.0,1.0196762857084734,0.0,0.001695529543067651,3.382043087234209e-07,0.5489531408451659,0.0,0.0,1.1574782332517164,lhs_candidate_000019_june2024_preflight,pa1_candidate_000019
2024-06-08T23:00,29.7,78.0,0.0,0.0,0.0,0.86,100740.0,25.4,0.94,0.0,30.4,0.151,0,0,0,1.0,29.854824924941372,77.76596145173943,0.02340074521112411,35.46083850321077,0.23887191450101034,0.0,0.9355774509578856,0.0,0.0017861107571998484,3.101064577499206e-07,0.5485920648210515,0.0,0.0,1.1582301108686683,lhs_candidate_000019_june2024_preflight,pa1_candidate_000019
2024-06-09T00:00,29.4,79.0,0.0,0.0,0.0,0.98,100690.0,25.5,0.85,0.0,30.1,0.151,0,0,0,1.0,29.596064381423602,78.69774735399662,0.023351482217128617,35.257714108094355,0.23881777021470008,0.0,0.8831366202305562,0.0,0.002031602991264534,2.925460831723414e-07,0.548257840831482,0.0,0.0,1.1586447110429978,lhs_candidate_000019_june2024_preflight,pa1_candidate_000019
2024-06-09T01:00,29.1,81.0,0.0,0.0,0.0,1.14,100620.0,25.5,0.77,0.0,29.8,0.151,0,0,0,1.0,29.301586215115805,80.43867625396207,0.023489504756665048,35.05383682983547,0.23876756965192397,0.0,0.7973238554759883,0.0,0.0023204898365541122,2.6397063428386644e-07,0.5479479608143455,0.0,0.0,1.1589665331779604,lhs_candidate_000019_june2024_preflight,pa1_candidate_000019
2024-06-09T02:00,28.9,81.0,0.0,0.0,0.0,1.14,100550.0,25.4,0.74,0.0,29.5,0.151,0,0,0,1.0,29.063739791841403,80.76962218654741,0.02328292103519657,34.84947867177774,0.23872103373663622,0.0,0.7731488978307728,0.0,0.002294674271460448,2.5583282277946746e-07,0.5476607020780014,0.0,0.0,1.1590717437812945,lhs_candidate_000019_june2024_preflight,pa1_candidate_000019
2024-06-09T03:00,28.8,82.0,0.0,0.0,0.0,0.99,100530.0,25.4,0.7,0.0,29.4,0.151,0,0,0,1.0,28.921049074844714,81.80542804947528,0.023398889060802456,34.64679242360789,0.23867636389750344,0.0,0.725497247112616,0.0,0.001990855558501187,2.399441544260701e-07,0.5473849623302681,0.0,0.0,1.1593886046843473,lhs_candidate_000019_june2024_preflight,pa1_candidate_000019
2024-06-09T04:00,28.7,83.0,0.0,0.0,0.0,0.92,100540.0,25.4,0.68,0.0,29.3,0.151,0,0,0,1.0,28.81679023072848,82.82041732500977,0.023554898043204507,34.44764983442487,0.23863452577419997,0.0,0.6809062365627532,0.0,0.001860567162931314,2.2509029256576236e-07,0.5471267023098764,0.0,0.0,1.1599042695098545,lhs_candidate_000019_june2024_preflight,pa1_candidate_000019
2024-06-09T05:00,28.7,82.0,0.0,0.0,0.0,0.85,100450.0,25.4,0.69,0.0,29.3,0.151,0,0,0,1.0,28.77490999467837,82.2908553660267,0.023350862225400344,34.25291026733301,0.23859370531334134,0.0,0.700195927737655,0.0,0.0016960506896891417,2.3136037243607718e-07,0.546874724156428,0.0,0.0,1.1590267097123255,lhs_candidate_000019_june2024_preflight,pa1_candidate_000019
2024-06-09T06:00,28.7,82.0,13.0,4.0,9.0,1.22,100540.0,25.4,0.69,0.03,29.3,0.151,1,0,0,1.0,28.795714298309576,82.29232477643663,0.02337780505645469,34.06786564635728,0.23852734027000314,1460.6416,0.700981448529991,11.049999999999999,0.0023959345030744716,5.050787997346409e-07,0.546465063395081,0.0,0.0,1.1599852312948342,lhs_candidate_000019_june2024_preflight,pa1_candidate_000019
2024-06-09T07:00,29.0,80.0,82.0,35.0,47.0,1.1,100520.0,25.3,0.78,0.07,29.6,0.15,0,0,0,1.0,29.13279261683826,82.57030625715251,0.023891634928522483,33.91525193293151,0.24734017469468805,8869.5728,0.7035530690540988,69.7,0.0022000591096965065,2.1532301860736123e-06,0.6008652758931361,0.0,0.0,1.15846122743054,lhs_candidate_000019_june2024_preflight,pa1_candidate_000019
2024-06-09T08:00,29.7,75.0,175.0,54.0,121.0,0.71,100620.0,24.8,1.04,0.14,30.2,0.15,0,0,0,1.0,29.941667816284635,82.18432128867425,0.024846749404320814,33.826886348300455,0.24675913629547694,19657.070399999997,0.7534053187219749,148.75,0.001613514488603848,4.297913829438258e-06,0.5972786191078824,0.0,0.0,1.1565189794078339,lhs_candidate_000019_june2024_preflight,pa1_candidate_000019
2024-06-09T09:00,30.8,68.0,322.0,85.0,237.0,0.22,100670.0,24.1,1.44,0.25,31.3,0.15,0,1,0,1.0,31.302120164315042,83.02145777938921,0.02700586631599391,33.83524364786739,0.2456873830063014,36674.2288,0.7759948975919895,273.7,0.0027127234609816264,7.602773666538227e-06,0.590662858063589,0.0,0.0,1.1519231720986747,lhs_candidate_000019_june2024_preflight,pa1_candidate_000019
2024-06-09T10:00,32.4,60.0,570.0,267.0,303.0,0.4,100670.0,23.6,1.95,0.44,33.1,0.149,0,1,0,1.0,33.36843834676249,68.18138082541375,0.024750345904751538,33.99580193790344,0.24379546815736627,60820.2672,1.6338986684087469,484.5,0.003287076291545203,1.3283269324121388e-05,0.5789843713417672,0.0,0.0,1.1441577671588343,lhs_candidate_000019_june2024_preflight,pa1_candidate_000019
2024-06-09T11:00,33.8,54.0,848.0,663.0,185.0,0.91,100610.0,23.3,2.4,0.66,35.0,0.147,0,1,0,1.0,35.692052272624565,59.68242870819696,0.024459724102266888,34.354136260323045,0.24087102473852692,81132.744,2.355090300030284,720.8,0.0043685529973637414,1.911997153701126e-05,0.5609322514723885,0.0,0.0,1.1348727500493558,lhs_candidate_000019_june2024_preflight,pa1_candidate_000019
2024-06-09T12:00,34.4,53.0,868.0,685.0,183.0,1.6,100560.0,23.4,2.57,0.69,36.1,0.146,0,1,0,1.0,36.94706475237126,54.3427525888596,0.02375859613617474,34.83149753668065,0.23743909306289057,82822.3792,2.8566578605855,737.8,0.005536181241749629,1.89772335703085e-05,0.5397474880425344,0.0,0.0,1.1297180248749985,lhs_candidate_000019_june2024_preflight,pa1_candidate_000019
2024-06-09T13:00,34.0,55.0,684.0,417.0,267.0,1.3,100560.0,23.7,2.39,0.55,36.1,0.144,0,1,0,1.0,36.631246721199076,54.573689459688985,0.023475930597494615,35.26019346568841,0.2344201980587925,69585.7008,2.7936615835290346,581.4,0.005168999031405893,1.4608927978900211e-05,0.52111233369625,0.0,0.0,1.1308697579969096,lhs_candidate_000019_june2024_preflight,pa1_candidate_000019
2024-06-09T14:00,33.5,59.0,605.0,303.0,302.0,1.55,100480.0,24.3,2.15,0.49,35.9,0.143,0,1,0,1.0,35.863986662576,57.729424120977214,0.023870645955230613,35.585765325754316,0.2319778675273833,63865.08479999999,2.492613559189083,514.25,0.005399637250671103,1.2554415918955877e-05,0.5060362193048352,0.0,0.0,1.1327757367911957,lhs_candidate_000019_june2024_preflight,pa1_candidate_000019
2024-06-09T15:00,33.2,59.0,407.0,191.0,216.0,0.98,100430.0,24.2,2.06,0.33,35.3,0.143,0,1,0,1.0,35.01520077773458,58.60814857815285,0.023190548491846038,35.80407619252536,0.23009203458996322,43415.39839999999,2.329287901383837,345.95,0.004411525815285514,8.446304417628729e-06,0.4943952752466865,0.0,0.0,1.135330530038958,lhs_candidate_000019_june2024_preflight,pa1_candidate_000019
2024-06-09T16:00,32.0,64.0,331.0,155.0,176.0,0.81,100490.0,24.5,1.69,0.26,34.6,0.144,0,1,0,1.0,33.78275837263437,62.57658208570513,0.02321618150369399,35.9139638527166,0.22872293473321484,35320.102399999996,1.9666965194530062,281.34999999999997,0.00420779420050479,6.7729323852307225e-06,0.4859440415630546,0.0,0.0,1.1405702845567756,lhs_candidate_000019_june2024_preflight,pa1_candidate_000019
2024-06-09T17:00,30.1,75.0,193.0,111.0,82.0,0.64,100460.0,25.1,1.07,0.15,33.3,0.154,0,1,0,1.0,31.79957127340262,71.33777503919586,0.023830181083026838,35.92057039216,0.22775798522003549,19868.9568,1.347464758072919,164.04999999999998,0.004000619815932864,3.9589756107380215e-06,0.4799875630866388,0.0,0.0,1.1476450702530756,lhs_candidate_000019_june2024_preflight,pa1_candidate_000019
2024-06-09T18:00,30.0,74.0,30.0,8.0,22.0,0.64,100560.0,24.8,1.11,0.04,31.9,0.154,1,1,0,1.0,30.528685113002155,73.16199461418368,0.022830890188093627,35.79772967316036,0.22732433174948427,3414.0128,1.173744470829921,25.5,0.0031664510565350143,8.900471800986755e-07,0.47731068981163133,0.0,0.0,1.1535951012868244,lhs_candidate_000019_june2024_preflight,pa1_candidate_000019
2024-06-09T19:00,29.6,75.0,0.0,0.0,0.0,0.63,100700.0,24.7,1.04,0.02,31.2,0.155,0,0,0,1.0,29.9087711992929,74.79211933762048,0.022571668719476936,35.603910897413336,0.23626156497624362,0.0,1.0640026885667155,0.0,0.001556732221097064,3.423155174755183e-07,0.532478796149652,0.0,0.0,1.1575641319759475,lhs_candidate_000019_june2024_preflight,pa1_candidate_000019
2024-06-09T20:00,29.2,78.0,0.0,0.0,0.0,0.45,100790.0,24.9,0.9,0.0,30.6,0.155,0,0,0,1.0,29.459543002011543,77.44604438698538,0.022810481976691527,35.39463667328521,0.23620365672861435,0.0,0.9277100631111046,0.0,0.0012486898637081298,2.982665045206658e-07,0.5321213378309528,0.0,0.0,1.1603186540820998,lhs_candidate_000019_june2024_preflight,pa1_candidate_000019
2024-06-09T21:00,29.0,79.0,0.0,0.0,0.0,0.51,100830.0,25.1,0.83,0.0,30.3,0.155,0,0,0,1.0,29.17719058248703,78.99164912513675,0.022911438580640906,35.18256281862677,0.23615260228206142,0.0,0.8501822900416389,0.0,0.0012288942597417512,2.7317879332364523e-07,0.5318061869263051,0.0,0.0,1.1618632300894691,lhs_candidate_000019_june2024_preflight,pa1_candidate_000019
2024-06-09T22:00,28.8,81.0,0.0,0.0,0.0,0.72,100810.0,25.3,0.75,0.0,30.0,0.155,0,0,0,1.0,28.968239151699844,80.65435196189222,0.023129057291055858,34.97132863673163,0.23610555190528126,0.0,0.7735030993317364,0.0,0.0015575372744988949,2.4840466136421304e-07,0.5315157525017362,0.0,0.0,1.1624361803092818,lhs_candidate_000019_june2024_preflight,pa1_candidate_000019
2024-06-09T23:00,28.7,83.0,0.0,0.0,0.0,0.78,100850.0,25.4,0.68,0.0,29.8,0.155,0,0,0,1.0,28.827174536260156,82.66336648095536,0.02352355403936931,34.76226081317218,0.23606336027374705,0.0,0.6875439118107325,0.0,0.0016202015536534971,2.2069132786282908e-07,0.531255310331772,0.0,0.0,1.163440650792072,lhs_candidate_000019_june2024_preflight,pa1_candidate_000019
2024-06-10T00:00,28.5,84.0,0.0,0.0,0.0,0.76,100850.0,25.5,0.62,0.0,29.5,0.155,0,0,0,1.0,28.663198879444487,83.69369588042707,0.023604521621167874,34.556348311951666,0.23602510304835952,0.0,0.6405719660628355,0.0,0.0016207355091485691,2.055226343958771e-07,0.5310191546195032,0.0,0.0,1.164072750201866,lhs_candidate_000019_june2024_preflight,pa1_candidate_000019
2024-06-10T01:00,28.2,86.0,0.0,0.0,0.0,0.86,100800.0,25.6,0.54,0.0,29.3,0.155,0,0,0,1.0,28.408138446275558,85.30955600845348,0.023727038062042998,34.35170528995149,0.23599005093974773,0.0,0.5686218265264329,0.0,0.0018334231593102356,1.823636435000116e-07,0.5308027835786897,0.0,0.0,1.1644797139091032,lhs_candidate_000019_june2024_preflight,pa1_candidate_000019
2024-06-10T02:00,28.1,86.0,0.0,0.0,0.0,0.86,100750.0,25.5,0.54,0.0,29.1,0.156,0,0,0,1.0,28.233596839578222,85.80097577782479,0.023636681915813095,34.14760637112673,0.23595820914285545,0.0,0.5440566223317131,0.0,0.0017679152346303014,1.7442068510285669e-07,0.5306062292768855,0.0,0.0,1.1645761507377825,lhs_candidate_000019_june2024_preflight,pa1_candidate_000019
2024-06-10T03:00,28.0,86.0,0.0,0.0,0.0,0.86,100720.0,25.5,0.52,0.0,29.0,0.155,0,0,0,1.0,28.124568378626098,85.84391852396699,0.023507565530524906,33.94674287949171,0.23592698221107142,0.0,0.5389833552534573,0.0,0.001759842838025133,1.727314589904055e-07,0.5304134704387125,0.0,0.0,1.1646507024542954,lhs_candidate_000019_june2024_preflight,pa1_candidate_000019
2024-06-10T04:00,28.0,87.0,0.0,0.0,0.0,0.86,100710.0,25.5,0.51,0.0,28.9,0.155,0,0,0,1.0,28.082144536099964,86.80022233122017,0.02371418349021272,33.75027815855914,0.23589690211896322,0.0,0.5013337858619487,0.0,0.0017212061370921984,1.60609416035483e-07,0.5302277908577977,0.0,0.0,1.1646990765135576,lhs_candidate_000019_june2024_preflight,pa1_candidate_000019
2024-06-10T05:00,28.0,87.0,0.0,0.0,0.0,0.81,100740.0,25.5,0.51,0.0,28.8,0.156,0,0,0,1.0,28.075579001343886,86.99308141393624,0.0237583126715189,33.55970372023495,0.2358683315492928,0.0,0.49382020364002477,0.0,0.0016237849213815462,1.5814971257950837e-07,0.5300514293166222,0.0,0.0,1.1650714163453915,lhs_candidate_000019_june2024_preflight,pa1_candidate_000019
2024-06-10T06:00,27.9,87.0,20.0,8.0,12.0,0.86,100780.0,25.6,0.49,0.02,28.8,0.156,1,0,0,1.0,28.058285858936994,87.35616777912824,0.023834843924534187,33.38056547426185,0.2358035112561203,2182.1888,0.47955241552838856,17.0,0.0017899946673991766,5.614847115868414e-07,0.5296513040501254,0.0,0.0,1.1656009379387695,lhs_candidate_000019_june2024_preflight,pa1_candidate_000019
2024-06-10T07:00,28.3,87.0,171.0,104.0,67.0,1.06,100790.0,25.9,0.49,0.12,29.4,0.157,0,0,0,1.0,28.609953494086607,91.09135799492354,0.025616292389232173,33.259545492047785,0.24444743804804614,17405.2208,0.34888629655952696,145.35,0.002255269375341996,3.962912598470441e-06,0.583008876839791,0.0,0.0,1.1635854711098172,lhs_candidate_000019_june2024_preflight,pa1_candidate_000019
2024-06-10T08:00,28.9,83.0,310.0,175.0,135.0,0.67,100860.0,25.7,0.67,0.22,30.2,0.158,0,0,0,1.0,29.601978971801444,91.28560783961574,0.027095286943782857,33.24327577324647,0.24345839609725356,32029.624000000003,0.36139924324340944,263.5,0.0019634706844774016,7.014504303502896e-06,0.5769036796126763,0.0,0.0,1.1605782356782932,lhs_candidate_000019_june2024_preflight,pa1_candidate_000019
2024-06-10T09:00,30.1,75.0,416.0,136.0,280.0,0.81,100900.0,25.2,1.07,0.31,31.1,0.158,0,1,0,1.0,30.939925608399168,79.93095097491194,0.02550072836395236,33.32460003290838,0.24197932846601267,46459.07199999999,0.8985414927789179,353.59999999999997,0.003632969197448371,9.405916345055218e-06,0.567773632506251,0.0,0.0,1.155930126410757,lhs_candidate_000019_june2024_preflight,pa1_candidate_000019
2024-06-10T10:00,31.0,67.0,571.0,219.0,352.0,0.63,100900.0,24.2,1.47,0.43,32.4,0.157,0,1,0,1.0,32.38781873486682,72.0735439738468,0.02484123507250949,33.51195278185817,0.23998916908454357,62632.20479999999,1.3572186280674305,485.34999999999997,0.003795060330159949,1.2672758019806656e-05,0.5554886980527382,0.0,0.0,1.1504523649616603,lhs_candidate_000019_june2024_preflight,pa1_candidate_000019
2024-06-10T11:00,32.1,62.0,623.0,242.0,381.0,0.54,100860.0,23.9,1.83,0.48,33.5,0.156,0,1,0,1.0,33.72605979958769,66.42866676450662,0.024572039551248745,33.78613252636773,0.23762721889350183,68228.49440000001,1.7586887000115934,529.55,0.0038643183634555376,1.3554743675962326e-05,0.5409087586018632,0.0,0.0,1.1449813251404277,lhs_candidate_000019_june2024_preflight,pa1_candidate_000019
2024-06-10T12:00,32.8,60.0,663.0,289.0,374.0,0.45,100800.0,23.9,2.0,0.52,34.5,0.154,0,1,0,1.0,34.743246673277056,63.190394665148546,0.024652093313348923,34.10766437439217,0.23513944027113998,71502.21759999999,2.040496079815379,563.55,0.003990762150565602,1.4069127818326268e-05,0.5255521004391357,0.0,0.0,1.1405197696898974,lhs_candidate_000019_june2024_preflight,pa1_candidate_000019
2024-06-10T13:00,33.2,59.0,685.0,388.0,297.0,0.58,100740.0,24.0,2.1,0.54,35.1,0.153,0,1,0,1.0,35.38237038910363,60.960235807333575,0.024585730309550868,34.457120407135925,0.2325993385533944,70729.1728,2.2418993032607615,582.25,0.004215000169641569,1.4143488208896587e-05,0.5098724602061383,0.0,0.0,1.1374797124981046,lhs_candidate_000019_june2024_preflight,pa1_candidate_000019
2024-06-10T14:00,32.8,60.0,480.0,144.0,336.0,0.89,100680.0,24.1,1.98,0.39,34.8,0.152,0,1,0,1.0,34.88516919833653,59.58105265665967,0.023416505943513185,34.748659958694255,0.23044212652164953,54061.2864,2.2582443331165396,408.0,0.004448492691754221,9.858127385991068e-06,0.49655633655339215,0.0,0.0,1.1386371564683209,lhs_candidate_000019_june2024_preflight,pa1_candidate_000019
2024-06-10T15:00,32.7,60.0,434.0,166.0,268.0,1.06,100640.0,23.8,1.99,0.35,34.6,0.151,0,1,0,1.0,34.371635897169895,60.171145943455194,0.023023236910259887,34.94483986310019,0.2287678235796856,47620.8832,2.1628345207272672,368.9,0.004438203514966126,8.763417400598501e-06,0.48622113320793575,0.0,0.0,1.140085443353708,lhs_candidate_000019_june2024_preflight,pa1_candidate_000019
2024-06-10T16:00,32.2,61.0,288.0,112.0,176.0,1.21,100670.0,23.7,1.88,0.24,34.0,0.151,0,1,0,1.0,33.6239763299023,60.26189303421191,0.0221716760989276,35.06799832142797,0.2274494345665446,31536.102399999996,2.0699180449884045,244.79999999999998,0.004516772412123775,5.90135042701817e-06,0.4780829294231148,0.0,0.0,1.1432047014141082,lhs_candidate_000019_june2024_preflight,pa1_candidate_000019
2024-06-10T17:00,31.2,66.0,128.0,44.0,84.0,0.73,100610.0,24.1,1.54,0.11,33.1,0.153,0,1,0,1.0,32.31625955178618,64.42610869439959,0.02212123376969106,35.07632452138575,0.2266649113010576,14219.3216,1.7219231720447374,108.8,0.0037208817140409103,2.8255606834011534e-06,0.4732401932164049,0.0,0.0,1.1474145449248876,lhs_candidate_000019_june2024_preflight,pa1_candidate_000019
2024-06-10T18:00,30.9,68.0,53.0,21.0,32.0,0.32,100690.0,24.3,1.42,0.04,32.2,0.152,1,1,0,1.0,31.412106800485887,67.69102079853653,0.022149000415058535,34.98872920132575,0.22628730889360726,5789.8368,1.4859146960765734,45.05,0.0027962194432449437,1.3841135955085487e-06,0.4709093141580695,0.0,0.0,1.1517359463053851,lhs_candidate_000019_june2024_preflight,pa1_candidate_000019
2024-06-10T19:00,30.5,71.0,0.0,0.0,0.0,0.7,100800.0,24.6,1.26,0.03,31.4,0.152,0,0,0,1.0,30.80655674373406,70.77849658960986,0.022419649370023883,34.85092390808286,0.23516917084964375,0.0,1.298414211327633,0.0,0.0016594296831016638,4.124413576499855e-07,0.5257356225286651,0.0,0.0,1.1552911986726526,lhs_candidate_000019_june2024_preflight,pa1_candidate_000019
2024-06-10T20:00,30.1,74.0,0.0,0.0,0.0,0.71,100860.0,24.9,1.13,0.0,30.9,0.152,0,0,0,1.0,30.331505943815767,73.59752708860968,0.02272409590771062,34.68882246509265,0.23509935376365693,0.0,1.141752399569906,0.0,0.0016032653712768732,3.6238041947185784e-07,0.5253046528620798,0.0,0.0,1.157788368389916,lhs_candidate_000019_june2024_preflight,pa1_candidate_000019
2024-06-10T21:00,29.8,76.0,0.0,0.0,0.0,0.76,100940.0,25.2,1.0,0.0,30.4,0.152,0,0,0,1.0,29.988181893714355,75.77411936168323,0.022966448292881848,34.52153784418003,0.23503762684078122,0.0,1.0272232960263366,0.0,0.0016441604922239669,3.257935785609859e-07,0.5249236224739582,0.0,0.0,1.1600190134332782,lhs_candidate_000019_june2024_preflight,pa1_candidate_000019
2024-06-10T22:00,29.5,79.0,0.0,0.0,0.0,0.81,101000.0,25.4,0.87,0.0,30.1,0.152,0,0,0,1.0,29.687186787801533,78.50514582428269,0.023409683980366164,34.35151647303864,0.23498265649431438,0.0,0.8958036712599524,0.0,0.001728439203695898,2.83928945121471e-07,0.5245842993476196,0.0,0.0,1.1618621915120808,lhs_candidate_000019_june2024_preflight,pa1_candidate_000019
2024-06-10T23:00,29.2,81.0,0.0,0.0,0.0,0.85,101040.0,25.6,0.77,0.0,29.8,0.152,0,0,0,1.0,29.3905033377579,80.55335692883594,0.02363691251187476,34.179283082343424,0.23493452461248238,0.0,0.7967223083863617,0.0,0.001800315850410156,2.5238164473186873e-07,0.5242871889659406,0.0,0.0,1.1634621552315245,lhs_candidate_000019_june2024_preflight,pa1_candidate_000019
2024-06-11T00:00,28.9,83.0,0.0,0.0,0.0,0.82,101030.0,25.7,0.69,0.0,29.5,0.152,0,0,0,1.0,29.094310011167472,82.47691891493334,0.023814677119627477,34.004948108982994,0.23489171191012168,0.0,0.7057527493297622,0.0,0.0017523488681657922,2.2345207837434322e-07,0.5240229130254425,0.0,0.0,1.164487063160217,lhs_candidate_000019_june2024_preflight,pa1_candidate_000019
2024-06-11T01:00,28.6,84.0,0.0,0.0,0.0,0.92,100990.0,25.6,0.63,0.0,29.2,0.152,0,0,0,1.0,28.79708058543939,83.53826918557262,0.023733525328190085,33.82857809738391,0.2348531660897631,0.0,0.6517106457361348,0.0,0.0019276361246227402,2.0624783343709424e-07,0.5237849758627351,0.0,0.0,1.1651718562540945,lhs_candidate_000019_june2024_preflight,pa1_candidate_000019
2024-06-11T02:00,28.5,83.0,0.0,0.0,0.0,1.02,100970.0,25.4,0.65,0.0,29.0,0.151,0,0,0,1.0,28.61756237722098,83.02665296294649,0.023358082873308768,33.65139976864534,0.23481595353690005,0.0,0.6650149601765469,0.0,0.0020428287429193554,2.1036597257336795e-07,0.5235552687462967,0.0,0.0,1.16563411697565,lhs_candidate_000019_june2024_preflight,pa1_candidate_000019
2024-06-11T03:00,28.4,83.0,0.0,0.0,0.0,1.02,100940.0,25.3,0.65,0.0,28.7,0.151,0,0,0,1.0,28.507971098303496,82.93963381965861,0.023194231921146495,33.47652821680174,0.23477802997339425,0.0,0.6641906252213099,0.0,0.0020354133824524085,2.1001126461607813e-07,0.5233211726752732,0.0,0.0,1.1657111310998995,lhs_candidate_000019_june2024_preflight,pa1_candidate_000019
2024-06-11T04:00,28.3,84.0,0.0,0.0,0.0,1.02,100950.0,25.2,0.63,0.0,28.4,0.151,0,0,0,1.0,28.406469553068398,83.79471412621939,0.02330358835635243,33.30461745282029,0.23474119052087125,0.0,0.62719592611225,0.0,0.0020342727310237365,1.9822768910469166e-07,0.5230937686473535,0.0,0.0,1.1662190247548383,lhs_candidate_000019_june2024_preflight,pa1_candidate_000019
2024-06-11T05:00,28.1,85.0,0.0,0.0,0.0,1.12,101000.0,25.2,0.59,0.0,28.1,0.151,0,0,0,1.0,28.24594756399555,84.62084084381817,0.023327359058653855,33.135057002886164,0.234706553839378,0.0,0.5896983914910923,0.0,0.002246197591100995,1.8630027024745154e-07,0.5228799619714691,0.0,0.0,1.1674180769730453,lhs_candidate_000019_june2024_preflight,pa1_candidate_000019
2024-06-11T06:00,27.9,86.0,22.0,9.0,13.0,1.12,101060.0,25.3,0.54,0.02,28.2,0.151,1,0,0,1.0,28.100511800643265,85.95290440913716,0.023506369095139854,32.97278884227807,0.23463475094587702,2393.3712,0.5340858000140769,18.7,0.0022844414836922,6.112966163199548e-07,0.5224367342338088,0.0,0.0,1.1686755259819646,lhs_candidate_000019_june2024_preflight,pa1_candidate_000019
2024-06-11T07:00,29.0,77.0,166.0,97.0,69.0,0.98,101050.0,24.6,0.91,0.12,29.8,0.151,0,0,0,1.0,29.01512553064069,83.78879674790248,0.0240893728953395,32.86859267177666,0.24327951487451083,17035.5856,0.649936362686558,141.1,0.0018858697513259779,3.907750018214471e-06,0.5757994745340175,0.0,0.0,1.165022808559912,lhs_candidate_000019_june2024_preflight,pa1_candidate_000019
2024-06-11T08:00,30.7,65.0,413.0,333.0,80.0,0.5,101040.0,23.5,1.53,0.3,31.1,0.15,0,0,0,1.0,31.132035898420515,81.85158264343532,0.026383901894034275,32.9155655987643,0.24208664572831962,39158.592000000004,0.8214832623351684,351.05,0.0015066032524559145,9.324740346962871e-06,0.5684360847427137,0.0,0.0,1.156803177745549,lhs_candidate_000019_june2024_preflight,pa1_candidate_000019
2024-06-11T09:00,32.1,59.0,625.0,528.0,97.0,0.32,101030.0,23.0,1.96,0.46,32.9,0.149,0,1,0,1.0,33.36041307569853,66.25003282902018,0.02403908745196557,33.145825676251945,0.23997888376821522,58412.6928,1.7322962811133333,531.25,0.0034632197332809984,1.3952444920183706e-05,0.5554252084457729,0.0,0.0,1.1482793859759262,lhs_candidate_000019_june2024_preflight,pa1_candidate_000019
2024-06-11T10:00,33.1,55.0,798.0,694.0,104.0,0.36,101000.0,22.9,2.28,0.61,34.4,0.148,0,1,0,1.0,35.161778709949566,60.182316072524195,0.023995595276030127,33.5268124223415,0.2371629635329061,73882.9696,2.2589179061069866,678.3,0.004008532902661157,1.7272290035100256e-05,0.5380429847710254,0.0,0.0,1.14123138267657,lhs_candidate_000019_june2024_preflight,pa1_candidate_000019
2024-06-11T11:00,34.0,52.0,884.0,761.0,123.0,0.28,100930.0,22.9,2.52,0.68,35.7,0.146,0,1,0,1.0,36.53795591906114,55.78668806559488,0.023882918477957423,34.007302153558015,0.23394110626213033,82119.43519999999,2.7052405357869564,751.4,0.004237767460868837,1.8489979435281063e-05,0.5181549769267304,0.0,0.0,1.1353725930814453,lhs_candidate_000019_june2024_preflight,pa1_candidate_000019
2024-06-11T12:00,34.6,51.0,878.0,743.0,135.0,0.36,100840.0,23.1,2.68,0.69,36.5,0.145,0,1,0,1.0,37.38720515013058,53.189636623941794,0.02378422630721298,34.52322603191177,0.23067950139802001,82013.624,2.999779707913833,746.3,0.0043969756465275555,1.774506729166572e-05,0.4980216135680248,0.0,0.0,1.1312579539723553,lhs_candidate_000019_june2024_preflight,pa1_candidate_000019
2024-06-11T13:00,34.9,51.0,795.0,636.0,159.0,0.51,100740.0,23.3,2.73,0.63,36.8,0.143,0,1,0,1.0,37.660871990902685,51.96379620662006,0.02356292701204362,35.01237138526507,0.22768154404850227,75554.0016,3.124387940897902,675.75,0.004460835358257114,1.5588781237058047e-05,0.47951570400310045,0.0,0.0,1.1291410423275943,lhs_candidate_000019_june2024_preflight,pa1_candidate_000019
2024-06-11T14:00,35.2,50.0,708.0,556.0,152.0,0.86,100680.0,23.2,2.84,0.57,36.8,0.142,0,1,0,1.0,37.701358293243864,50.50372974220951,0.022948178344781165,35.44212305095293,0.22506266791228896,67651.7248,3.2264260329308323,601.8,0.004612230282490215,1.3539094605326831e-05,0.46334980192770964,0.0,0.0,1.1283215588119087,lhs_candidate_000019_june2024_preflight,pa1_candidate_000019
2024-06-11T15:00,34.4,52.0,596.0,457.0,139.0,1.22,100640.0,23.2,2.6,0.48,36.5,0.141,0,1,0,1.0,36.95569041977397,50.70396996351886,0.022177528158393994,35.79611315215211,0.22284109140277225,57338.3536,3.085777167822083,506.59999999999997,0.00503737425763024,1.1160447879490305e-05,0.4496363666837793,0.0,0.0,1.1305853179543146,lhs_candidate_000019_june2024_preflight,pa1_candidate_000019
2024-06-11T16:00,33.0,58.0,321.0,186.0,135.0,1.08,100670.0,23.8,2.09,0.27,35.4,0.141,0,1,0,1.0,35.08623398028237,55.33174340848464,0.021975142798668038,35.99833114886877,0.22129021420504127,32997.624,2.5235490413632125,272.84999999999997,0.004664207508437687,6.112014747646146e-06,0.44006305064840295,0.0,0.0,1.1377813941052726,lhs_candidate_000019_june2024_preflight,pa1_candidate_000019
2024-06-11T17:00,32.7,60.0,204.0,103.0,101.0,0.71,100670.0,24.0,1.97,0.16,34.5,0.141,0,1,0,1.0,33.830410119876085,59.405909240217554,0.022095055298649278,36.041291396936565,0.2203851425328837,21505.4224,2.1389992443750927,173.4,0.003704011553358675,3.975466534793528e-06,0.4344761884745907,0.0,0.0,1.1424359354881761,lhs_candidate_000019_june2024_preflight,pa1_candidate_000019
2024-06-11T18:00,32.1,64.0,78.0,48.0,30.0,0.99,100720.0,24.4,1.72,0.07,33.5,0.141,1,1,0,1.0,32.855764257843234,62.785777490595606,0.022183251875590167,35.99044802522896,0.21986774672362341,7919.472,1.8568387747497277,66.3,0.0038261625177853763,1.7795980543071094e-06,0.4312823871828606,0.0,0.0,1.146643882819564,lhs_candidate_000019_june2024_preflight,pa1_candidate_000019
2024-06-11T19:00,31.3,69.0,0.0,0.0,0.0,0.86,100790.0,25.0,1.4,0.03,32.6,0.14,0,0,0,1.0,31.790036001930304,67.60353434797145,0.022571290843421583,35.85845343984249,0.22870386920412616,0.0,1.5221967155691045,0.0,0.0020584763800377023,4.468208107565845e-07,0.48582635311188993,0.0,0.0,1.1514509614810653,lhs_candidate_000019_june2024_preflight,pa1_candidate_000019
2024-06-11T20:00,30.7,73.0,0.0,0.0,0.0,0.3,100860.0,25.3,1.2,0.0,31.9,0.14,0,0,0,1.0,31.0366920928198,72.26170290973181,0.023173965774992103,35.68517052352052,0.2286311822416843,0.0,1.2487740926643514,0.0,0.0011774063758361213,3.6622266096791855e-07,0.4853776681585451,0.0,0.0,1.1551043051416217,lhs_candidate_000019_june2024_preflight,pa1_candidate_000019
2024-06-11T21:00,30.4,75.0,0.0,0.0,0.0,0.45,100900.0,25.6,1.07,0.0,31.4,0.14,0,0,0,1.0,30.607845549267033,74.89540241008058,0.023471606433852602,35.50240809769426,0.22856962622522672,0.0,1.1029101394537975,0.0,0.001180477817083922,3.2319255263832987e-07,0.4849976927483131,0.0,0.0,1.1571938348230846,lhs_candidate_000019_june2024_preflight,pa1_candidate_000019
2024-06-11T22:00,30.1,78.0,0.0,0.0,0.0,0.54,100940.0,25.9,0.93,0.0,31.0,0.14,0,0,0,1.0,30.296824034141878,77.56065379583843,0.023903009398957377,35.316511909960624,0.22851492114230362,0.0,0.9684464729579934,0.0,0.0012980796886085395,2.835922438666176e-07,0.48466000705125695,0.0,0.0,1.1588391337216275,lhs_candidate_000019_june2024_preflight,pa1_candidate_000019
2024-06-11T23:00,29.8,81.0,0.0,0.0,0.0,0.73,100930.0,26.2,0.8,0.0,30.6,0.14,0,0,0,1.0,29.998173417582617,80.38085123150019,0.02437587027523761,35.128800122994555,0.22846749212452264,0.0,0.8323660351752671,0.0,0.001603567338378588,2.435962796342254e-07,0.4843672353365595,0.0,0.0,1.1598658622744757,lhs_candidate_000019_june2024_preflight,pa1_candidate_000019
2024-06-12T00:00,29.6,83.0,0.0,0.0,0.0,0.92,100900.0,26.4,0.7,0.0,30.3,0.14,0,0,0,1.0,29.759505377874845,82.52130684484392,0.024703871918658662,34.94004148315814,0.22842646754864387,0.0,0.7314632231755143,0.0,0.0018961238783043043,2.1395462441310244e-07,0.4841139972138511,0.0,0.0,1.160434716996601,lhs_candidate_000019_june2024_preflight,pa1_candidate_000019
2024-06-12T01:00,29.3,85.0,0.0,0.0,0.0,1.04,100870.0,26.4,0.62,0.0,29.8,0.14,0,0,0,1.0,29.496315504349997,84.3296077604912,0.024887548966477505,34.7512254438258,0.2283902000829868,0.0,0.6459352877312381,0.0,0.002138035034573998,1.8885014041859186e-07,0.48389012396905434,0.0,0.0,1.1610985389132935,lhs_candidate_000019_june2024_preflight,pa1_candidate_000019
2024-06-12T02:00,29.0,87.0,0.0,0.0,0.0,0.98,100860.0,26.7,0.51,0.0,29.4,0.14,0,0,0,1.0,29.203076321580017,86.24752854535208,0.02505124975177499,34.56117018297077,0.2283585473354602,0.0,0.5573776972130733,0.0,0.002037246084519888,1.6289302609937077e-07,0.4836947366386433,0.0,0.0,1.1621094181608191,lhs_candidate_000019_june2024_preflight,pa1_candidate_000019
2024-06-12T03:00,29.0,87.0,0.0,0.0,0.0,1.04,100850.0,26.6,0.52,0.0,29.1,0.14,0,0,0,1.0,29.084950108646172,86.86090423187699,0.02506774750518722,34.371418851324805,0.22833027311083887,0.0,0.5288991063739017,0.0,0.0020542642572419696,1.545144151067618e-07,0.4835202043878943,0.0,0.0,1.1624483546344395,lhs_candidate_000019_june2024_preflight,pa1_candidate_000019
2024-06-12T04:00,28.8,88.0,0.0,0.0,0.0,1.02,100870.0,26.6,0.48,0.0,28.9,0.14,0,0,0,1.0,28.95135060464082,87.51930103489195,0.025074613896043787,34.18536671838963,0.22830312926212937,0.0,0.49853275069378844,0.0,0.002068717666093036,1.455926130729357e-07,0.48335264976623066,0.0,0.0,1.1631930609918772,lhs_candidate_000019_june2024_preflight,pa1_candidate_000019
2024-06-12T05:00,28.7,88.0,0.0,0.0,0.0,1.1,100970.0,26.5,0.47,0.0,28.7,0.14,0,0,0,1.0,28.81811211635128,87.72331617617704,0.024951127504682445,34.00144265543404,0.22827735563743382,0.0,0.4866189249846524,0.0,0.0021895776112437672,1.4206649606523736e-07,0.4831935533174927,0.0,0.0,1.1648599702737266,lhs_candidate_000019_june2024_preflight,pa1_candidate_000019
2024-06-12T06:00,28.6,88.0,23.0,11.0,12.0,1.5,101010.0,26.4,0.48,0.02,28.7,0.14,1,0,0,1.0,28.7647008932162,87.90032915750861,0.024928713363863608,33.827386261144795,0.228213568574755,2446.1888,0.4781221726176246,19.55,0.002956557302758008,5.671892965335705e-07,0.4827998060170062,0.0,0.0,1.1655275930848938,lhs_candidate_000019_june2024_preflight,pa1_candidate_000019
2024-06-12T07:00,29.9,77.0,180.0,126.0,54.0,1.22,101070.0,25.5,0.97,0.13,30.4,0.14,0,0,0,1.0,29.87677160307268,82.62274743151852,0.024891757671034652,33.71916408601882,0.23685824859509766,17739.849599999998,0.7321326073730656,153.0,0.0023475276854083545,3.954497075127798e-06,0.5361620283648004,0.0,0.0,1.1619400345542603,lhs_candidate_000019_june2024_preflight,pa1_candidate_000019
2024-06-12T08:00,31.8,64.0,398.0,300.0,98.0,1.03,101090.0,24.1,1.7,0.3,31.9,0.139,0,0,0,1.0,32.14848378124248,74.128093440781,0.025226586916846525,33.76288234338413,0.23573556772881674,38471.8752,1.2405105218898504,338.3,0.00222853675426867,8.509843278108484e-06,0.5292318995605971,0.0,0.0,1.1535223083271409,lhs_candidate_000019_june2024_preflight,pa1_candidate_000019
2024-06-12T09:00,33.1,57.0,622.0,521.0,101.0,0.64,101080.0,23.3,2.19,0.47,33.9,0.138,0,1,0,1.0,34.39991747268099,62.33831310432399,0.023887744437871818,33.98771242094917,0.23378849821436817,58289.422399999996,2.048364246935881,528.6999999999999,0.0037414629495010777,1.3031547471922273e-05,0.5172129519405443,0.0,0.0,1.1449646206944823,lhs_candidate_000019_june2024_preflight,pa1_candidate_000019
2024-06-12T10:00,34.0,54.0,784.0,670.0,114.0,0.41,101070.0,23.3,2.47,0.6,35.4,0.137,0,1,0,1.0,36.1203737665424,57.65160167897773,0.02415615403328639,34.36279869870974,0.23117954322995007,73002.7936,2.5325814804118085,666.4,0.0040655281380723,1.5899244939591482e-05,0.5011082915429017,0.0,0.0,1.1384825943047736,lhs_candidate_000019_june2024_preflight,pa1_candidate_000019
2024-06-12T11:00,34.7,52.0,895.0,763.0,132.0,0.41,100980.0,23.3,2.67,0.7,36.6,0.136,0,1,0,1.0,37.38827283279503,54.20123468019236,0.024237893699851097,34.838856882856945,0.22817064384201596,83404.0768,2.9351229986917287,760.75,0.00436963348541049,1.749037088390039e-05,0.48253483853096274,0.0,0.0,1.1328246274792273,lhs_candidate_000019_june2024_preflight,pa1_candidate_000019
2024-06-12T12:00,35.4,49.0,946.0,823.0,123.0,0.61,100910.0,23.2,2.9,0.75,37.5,0.134,0,1,0,1.0,38.38046124754008,50.310068232867074,0.02366327713101859,35.37279689095515,0.22499224258376924,87575.43519999999,3.36016502829613,804.1,0.004629237714316665,1.7807452392711116e-05,0.4629150776775879,0.0,0.0,1.128433931877401,lhs_candidate_000019_june2024_preflight,pa1_candidate_000019
2024-06-12T13:00,35.6,49.0,877.0,712.0,165.0,0.71,100830.0,23.2,2.96,0.7,37.9,0.133,0,1,0,1.0,38.713365464875174,48.80576916120919,0.02334608574358187,35.9026711318601,0.22195531321472342,82981.096,3.524520198148561,745.4499999999999,0.0047622403427285,1.594993888528796e-05,0.4441686000908853,0.0,0.0,1.1263357133032839,lhs_candidate_000019_june2024_preflight,pa1_candidate_000019
2024-06-12T14:00,34.8,52.0,672.0,559.0,113.0,0.64,100750.0,23.6,2.64,0.53,37.4,0.133,0,1,0,1.0,37.80220070895092,50.1978567109688,0.022926696276109985,36.33352728810071,0.2194490478257707,63111.61119999999,3.264146758762444,571.1999999999999,0.004663129820113684,1.1941883031520066e-05,0.4286978260850044,0.0,0.0,1.1287398780350246,lhs_candidate_000019_june2024_preflight,pa1_candidate_000019
2024-06-12T15:00,34.6,53.0,591.0,482.0,109.0,1.08,100770.0,23.7,2.56,0.47,37.0,0.132,0,1,0,1.0,36.99895129861658,51.721434007783934,0.022672773824267765,36.64563144431758,0.217455596152723,55842.8816,3.029217676957535,502.34999999999997,0.0048022653656119175,1.0240879638777315e-05,0.4163925688439692,0.0,0.0,1.1318878297212684,lhs_candidate_000019_june2024_preflight,pa1_candidate_000019
2024-06-12T16:00,32.9,61.0,391.0,281.0,110.0,0.94,100740.0,24.2,1.97,0.31,36.1,0.133,0,1,0,1.0,35.29002924162616,57.38472234643123,0.023033062667640113,36.84253480385406,0.21593020393206,38278.064000000006,2.434799298207873,332.34999999999997,0.004649452432389504,6.727964572460189e-06,0.40697656748185185,0.0,0.0,1.1378202525445529,lhs_candidate_000019_june2024_preflight,pa1_candidate_000019
2024-06-12T17:00,32.8,61.0,245.0,171.0,74.0,0.1,100720.0,24.2,1.95,0.17,35.1,0.133,0,1,0,1.0,34.09726433504186,60.42161287564772,0.02278950691692692,36.89455232079092,0.21494148692790016,24163.4976,2.1167054932514024,208.25,0.0034064232866774834,4.295671903273376e-06,0.40087337609814916,0.0,0.0,1.1420106162805739,lhs_candidate_000019_june2024_preflight,pa1_candidate_000019
2024-06-12T18:00,32.2,64.0,83.0,52.0,31.0,0.92,100740.0,24.4,1.74,0.07,34.0,0.133,1,1,0,1.0,33.05394863906491,62.53456864039639,0.02232710185981714,36.83511564178403,0.21440026240059767,8394.654400000001,1.890276889381477,70.55,0.003788194559611182,1.7249279369213145e-06,0.3975324839543066,0.0,0.0,1.146129282546368,lhs_candidate_000019_june2024_preflight,pa1_candidate_000019
2024-06-12T19:00,31.5,69.0,0.0,0.0,0.0,0.71,100790.0,25.1,1.43,0.03,33.0,0.133,0,0,0,1.0,31.981600279027976,67.62292151507532,0.022809378719728986,36.681794741539875,0.22324271766573642,0.0,1.537857434819848,0.0,0.0018301867413828485,4.20094557626396e-07,0.45211554114652114,0.0,0.0,1.1507280705354934,lhs_candidate_000019_june2024_preflight,pa1_candidate_000019
2024-06-12T20:00,31.1,72.0,0.0,0.0,0.0,0.64,100870.0,25.4,1.26,0.0,32.3,0.132,0,0,0,1.0,31.361554453678476,71.47017383291106,0.023322424564303904,36.48831212362832,0.2231733923104978,0.0,1.3083485750238073,0.0,0.0015221788633457659,3.5706163008433905e-07,0.45168760685492465,0.0,0.0,1.1539864074124873,lhs_candidate_000019_june2024_preflight,pa1_candidate_000019
2024-06-12T21:00,30.7,75.0,0.0,0.0,0.0,0.71,100900.0,25.7,1.12,0.0,31.8,0.132,0,0,0,1.0,30.94371533178682,74.42044925808379,0.023747517755198188,36.288592738326386,0.22311323052698578,0.0,1.1455076565148135,0.0,0.001614729582810005,3.1236365673810763e-07,0.4513162378208999,0.0,0.0,1.1559157208008621,lhs_candidate_000019_june2024_preflight,pa1_candidate_000019
2024-06-12T22:00,30.4,78.0,0.0,0.0,0.0,0.72,100910.0,26.1,0.96,0.0,31.3,0.132,0,0,0,1.0,30.606002223369234,77.40488799105518,0.024255652839868816,36.085476547400454,0.223060833492707,0.0,0.9925574509738992,0.0,0.0015943112720328801,2.704623421165273e-07,0.45099279933769754,0.0,0.0,1.1573155450822443,lhs_candidate_000019_june2024_preflight,pa1_candidate_000019
2024-06-12T23:00,30.1,81.0,0.0,0.0,0.0,0.76,100920.0,26.5,0.82,0.0,30.9,0.132,0,0,0,1.0,30.305338781418424,80.30307146242794,0.024759548341692,35.880840751036104,0.2230156751694676,0.0,0.850502429702237,0.0,0.001660319293382671,2.316104723781439e-07,0.4507140442559729,0.0,0.0,1.1585770144409058,lhs_candidate_000019_june2024_preflight,pa1_candidate_000019
2024-06-13T00:00,29.8,84.0,0.0,0.0,0.0,0.72,100900.0,26.8,0.67,0.0,30.4,0.132,0,0,0,1.0,30.00888125738449,83.19626258634004,0.025244265139206697,35.67511336770601,0.22297737507109286,0.0,0.7133567965290171,0.0,0.0015975536847789196,1.9416080759537951e-07,0.45047762389563495,0.0,0.0,1.159480153412766,lhs_candidate_000019_june2024_preflight,pa1_candidate_000019
2024-06-13T01:00,29.3,87.0,0.0,0.0,0.0,0.95,100810.0,27.0,0.52,0.0,29.9,0.132,0,0,0,1.0,29.59193209336537,85.82431091294926,0.025460396027179193,35.467162323874994,0.22294549035800615,0.0,0.5875479191040776,0.0,0.0020538813633712238,1.598483908853405e-07,0.4502808046790503,0.0,0.0,1.160041390675146,lhs_candidate_000019_june2024_preflight,pa1_candidate_000019
2024-06-13T02:00,29.4,86.0,0.0,0.0,0.0,1.1,100800.0,26.8,0.57,0.0,29.4,0.132,0,0,0,1.0,29.46160405800724,86.02818361403833,0.02534104765395647,35.2575006944612,0.22291757769934328,0.0,0.5747698315045202,0.0,0.0021482669610823476,1.5631214622878985e-07,0.4501085043169339,0.0,0.0,1.1604258728874375,lhs_candidate_000019_june2024_preflight,pa1_candidate_000019
2024-06-13T03:00,29.2,86.0,0.0,0.0,0.0,1.2,100740.0,26.7,0.55,0.0,29.1,0.132,0,0,0,1.0,29.35370660425409,85.6185627918273,0.025073036228845616,35.0529829006077,0.22288898047899716,0.0,0.587954461239562,0.0,0.002397139346205544,1.5983507675353892e-07,0.4499319782654146,0.0,0.0,1.1601487991870474,lhs_candidate_000019_june2024_preflight,pa1_candidate_000019
2024-06-13T04:00,28.6,90.0,0.0,0.0,0.0,1.3,100750.0,26.8,0.39,0.0,28.9,0.132,0,0,0,1.0,28.922761764360743,88.49288257090967,0.025314071719009696,34.84840732095966,0.22286291934438338,0.0,0.45888459746456656,0.0,0.0026823483881846044,1.2470290677640118e-07,0.44977110706409495,0.0,0.0,1.161919224536827,lhs_candidate_000019_june2024_preflight,pa1_candidate_000019
2024-06-13T05:00,28.2,92.0,0.0,0.0,0.0,1.1,100780.0,26.7,0.32,0.0,28.6,0.132,0,0,0,1.0,28.468263143617467,90.81248528628714,0.025340792787399615,34.637958468715865,0.2228431777141565,0.0,0.35686341251872067,0.0,0.0022957121816428246,9.695214803635402e-08,0.44964924514911414,0.0,0.0,1.164016584582389,lhs_candidate_000019_june2024_preflight,pa1_candidate_000019
2024-06-13T06:00,28.3,92.0,24.0,13.0,11.0,1.22,100880.0,26.8,0.32,0.01,28.7,0.132,1,0,0,1.0,28.422575051931098,92.0105120460702,0.025610993293099963,34.433715381394556,0.22278983514831216,2499.0063999999998,0.3095077091520033,20.4,0.0024137051454029826,4.993888900135941e-07,0.44931997005130964,0.0,0.0,1.1653481150116582,lhs_candidate_000019_june2024_preflight,pa1_candidate_000019
2024-06-13T07:00,30.6,76.0,190.0,136.0,54.0,1.2,100900.0,25.9,1.05,0.14,31.0,0.132,0,0,0,1.0,30.21988488941726,82.7665429751254,0.025401724391232644,34.30739225255885,0.23144682547020404,18619.849599999998,0.7404998270974805,161.5,0.0025412419051332297,3.904318077084225e-06,0.5027581819148398,0.0,0.0,1.158673697215806,lhs_candidate_000019_june2024_preflight,pa1_candidate_000019
2024-06-13T08:00,32.3,64.0,407.0,327.0,80.0,1.08,100910.0,24.5,1.76,0.31,32.6,0.132,0,0,0,1.0,32.74600876643587,72.53064866829422,0.025477902661402013,34.351483292704366,0.2303572231292057,38630.592000000004,1.3621848078021905,345.95,0.002377870879424196,8.184426595828622e-06,0.49603224153830683,0.0,0.0,1.149219124181376,lhs_candidate_000019_june2024_preflight,pa1_candidate_000019
2024-06-13T09:00,33.6,56.0,613.0,510.0,103.0,1.22,100910.0,23.7,2.27,0.48,34.4,0.131,0,1,0,1.0,34.92010023012136,59.29059289655023,0.023344767022385127,34.57167036853293,0.22852263049840163,57567.7872,2.2788712183588413,521.05,0.004476222879936177,1.2112029489867784e-05,0.4847075956691459,0.0,0.0,1.1411089327479311,lhs_candidate_000019_june2024_preflight,pa1_candidate_000019
2024-06-13T10:00,34.6,53.0,773.0,664.0,109.0,1.17,100820.0,23.6,2.6,0.61,36.0,0.13,0,1,0,1.0,36.66555163675771,54.78685969666757,0.023609206222904428,34.93585495447869,0.226097905135766,71858.88160000001,2.7857655876784135,657.05,0.00476094705541022,1.477682267499047e-05,0.4697401551590494,0.0,0.0,1.1336681041416916,lhs_candidate_000019_june2024_preflight,pa1_candidate_000019
2024-06-13T11:00,35.3,51.0,877.0,752.0,125.0,0.89,100720.0,23.7,2.8,0.7,37.3,0.129,0,1,0,1.0,37.95814077019239,51.90013416644827,0.02389308589963479,35.39997035139137,0.2233105243906954,81573.8,3.1792941410759115,745.4499999999999,0.004714073913647411,1.615594883151204e-05,0.45253410117713216,0.0,0.0,1.1278381749353432,lhs_candidate_000019_june2024_preflight,pa1_candidate_000019
2024-06-13T12:00,36.2,48.0,902.0,752.0,150.0,0.54,100610.0,23.5,3.1,0.72,38.3,0.128,0,1,0,1.0,39.037753341247864,48.87138861580332,0.023763785216475885,35.91435478193012,0.22041225432743122,84653.36,3.581892146808168,766.6999999999999,0.004511353974880324,1.6041502147724485e-05,0.43464354523105697,0.0,0.0,1.122710373620575,lhs_candidate_000019_june2024_preflight,pa1_candidate_000019
2024-06-13T13:00,36.5,48.0,864.0,709.0,155.0,0.57,100580.0,23.6,3.2,0.69,38.7,0.127,0,1,0,1.0,39.54584954771753,47.53643682990053,0.023713845192763927,36.43025717714724,0.21763260475690915,81485.272,3.7768258550341054,734.4,0.004628200560317028,1.4846342626083163e-05,0.417485214548822,0.0,0.0,1.120551866266099,lhs_candidate_000019_june2024_preflight,pa1_candidate_000019
2024-06-13T14:00,36.3,48.0,760.0,610.0,150.0,0.42,100480.0,23.5,3.15,0.6,38.6,0.126,0,1,0,1.0,39.307552807339896,46.936194845941436,0.023135337794052607,36.89374647809293,0.21515643663654388,72157.36,3.771630063309597,646.0,0.004525864109480796,1.2690369783950504e-05,0.40220022615150547,0.0,0.0,1.1202915188813494,lhs_candidate_000019_june2024_preflight,pa1_candidate_000019
2024-06-13T15:00,35.8,50.0,572.0,436.0,136.0,0.67,100470.0,23.7,2.96,0.46,38.1,0.126,0,1,0,1.0,38.39997675512686,48.26833406941292,0.022725428639504143,37.24691379865545,0.21317028506379268,55120.8064,3.5019155324964424,486.2,0.004489385424034003,9.416293735722932e-06,0.38994003125797955,0.0,0.0,1.123443220665678,lhs_candidate_000019_june2024_preflight,pa1_candidate_000019
2024-06-13T16:00,34.9,52.0,314.0,178.0,136.0,1.2,100560.0,23.7,2.67,0.28,37.1,0.126,0,1,0,1.0,36.81766631185384,49.83098402136489,0.02164194662415673,37.43395651287011,0.21184580251699064,32416.806399999998,3.1168832853315185,266.9,0.004731281291202218,5.336231770506038e-06,0.3817642130678435,0.0,0.0,1.1301896345508804,lhs_candidate_000019_june2024_preflight,pa1_candidate_000019
2024-06-13T17:00,32.8,61.0,147.0,66.0,81.0,0.89,100540.0,24.3,1.93,0.13,35.6,0.127,0,1,0,1.0,34.47341298462235,57.45329005712679,0.022100531613032944,37.44775273698317,0.21112647732095283,15785.774399999998,2.323511846111274,124.95,0.004233362375124077,2.666166571064296e-06,0.37732393407995574,0.0,0.0,1.1385757860254844,lhs_candidate_000019_june2024_preflight,pa1_candidate_000019
2024-06-13T18:00,32.2,63.0,60.0,36.0,24.0,0.64,100570.0,24.3,1.77,0.06,34.3,0.127,1,1,0,1.0,32.93604979088181,61.75704026444867,0.021912592582434307,37.3367705697132,0.21077135675479683,6124.3776,1.9167877631953671,51.0,0.0033366824632888948,1.3014053745987756e-06,0.37513183181973353,0.0,0.0,1.1446358985890892,lhs_candidate_000019_june2024_preflight,pa1_candidate_000019
2024-06-13T19:00,31.6,68.0,0.0,0.0,0.0,1.06,100660.0,24.9,1.5,0.04,33.3,0.127,0,0,0,1.0,32.020321880094905,66.84491111462052,0.02259347579614869,37.159796860507285,0.21965697365794182,0.0,1.5782612575003432,0.0,0.002328261468821215,4.100247061440364e-07,0.42998131887618407,0.0,0.0,1.1490980273410727,lhs_candidate_000019_june2024_preflight,pa1_candidate_000019
2024-06-13T20:00,31.1,71.0,0.0,0.0,0.0,0.92,100690.0,25.3,1.3,0.01,32.5,0.127,0,0,0,1.0,31.396725798666214,70.27867918007118,0.02297679467710179,36.952216717879715,0.21958852630513973,0.0,1.3657134871940722,0.0,0.0020057552650217226,3.544571702200593e-07,0.4295588043527144,0.0,0.0,1.1517941142355754,lhs_candidate_000019_june2024_preflight,pa1_candidate_000019
2024-06-13T21:00,30.8,74.0,0.0,0.0,0.0,0.86,100750.0,25.6,1.15,0.0,31.9,0.127,0,0,0,1.0,31.01104839987375,73.43947344733793,0.023519301236409905,36.73850461589675,0.21952889241992007,0.0,1.1940069166825449,0.0,0.0018343766637652164,3.096268981855751e-07,0.42919069395012394,0.0,0.0,1.1539418046768195,lhs_candidate_000019_june2024_preflight,pa1_candidate_000019
2024-06-13T22:00,30.5,77.0,0.0,0.0,0.0,0.94,100760.0,26.0,1.0,0.0,31.3,0.127,0,0,0,1.0,30.705316650400874,76.36415679518807,0.024057695122715397,36.52313397654865,0.21947671394383544,0.0,1.0441769489658026,0.0,0.001968163027336791,2.7057016043990086e-07,0.42886860459157683,0.0,0.0,1.1552175229607524,lhs_candidate_000019_june2024_preflight,pa1_candidate_000019
2024-06-13T23:00,30.2,79.0,0.0,0.0,0.0,0.89,100770.0,26.2,0.9,0.0,30.8,0.127,0,0,0,1.0,30.407768525592225,78.43740519438853,0.024318229811923102,36.30695819397357,0.219430646680496,0.0,0.9365324264947232,0.0,0.0018835427969704584,2.425160899450502e-07,0.42858423876849383,0.0,0.0,1.156464633011433,lhs_candidate_000019_june2024_preflight,pa1_candidate_000019
2024-06-14T00:00,29.7,84.0,0.0,0.0,0.0,0.95,100680.0,26.6,0.68,0.0,30.3,0.127,0,0,0,1.0,29.99201974916027,82.64880826475,0.02505530224859366,36.08889125013843,0.21939136548928262,0.0,0.7358854303205336,0.0,0.002053652601841256,1.9045052158250652e-07,0.42834176227952236,0.0,0.0,1.1570164025378524,lhs_candidate_000019_june2024_preflight,pa1_candidate_000019
2024-06-14T01:00,29.1,88.0,0.0,0.0,0.0,1.04,100660.0,26.9,0.47,0.0,29.8,0.127,0,0,0,1.0,29.446235613326955,86.45231417799316,0.025444744397334657,35.86528922236526,0.2193613500977915,0.0,0.5568289575352283,0.0,0.0022460278281561333,1.4404755083853446e-07,0.4281564820851328,0.0,0.0,1.158873024856668,lhs_candidate_000019_june2024_preflight,pa1_candidate_000019
2024-06-14T02:00,28.9,88.0,0.0,0.0,0.0,1.04,100630.0,26.7,0.47,0.0,29.4,0.127,0,0,0,1.0,29.09710174024578,87.39136057797653,0.025237525676927382,35.63645770485277,0.21933701197533623,0.0,0.5079024976345332,0.0,0.0021388075219655064,1.313445324500433e-07,0.42800624676133475,0.0,0.0,1.159865889359545,lhs_candidate_000019_june2024_preflight,pa1_candidate_000019
2024-06-14T03:00,28.6,89.0,0.0,0.0,0.0,1.1,100610.0,26.7,0.41,0.0,29.0,0.127,0,0,0,1.0,28.82182273216007,88.17366653675755,0.025084298036265433,35.40774073838495,0.21931420206157246,0.0,0.4688687606682933,0.0,0.0022632652152793707,1.21210447397342e-07,0.4278654448245213,0.0,0.0,1.1606924978043403,lhs_candidate_000019_june2024_preflight,pa1_candidate_000019
2024-06-14T04:00,28.4,90.0,0.0,0.0,0.0,1.2,100600.0,26.6,0.39,0.0,28.8,0.127,0,0,0,1.0,28.585004513811633,89.25528808405383,0.025065761486885316,35.179526906992194,0.21929354840255028,0.0,0.42018362536410914,0.0,0.002417977069179577,1.0859215543478497e-07,0.4277379531021622,0.0,0.0,1.1614880170162387,lhs_candidate_000019_june2024_preflight,pa1_candidate_000019
2024-06-14T05:00,28.6,88.0,0.0,0.0,0.0,1.1,100680.0,26.4,0.47,0.0,28.5,0.127,0,0,0,1.0,28.620312303280347,88.22451012677045,0.024824137994348253,34.95555715750495,0.21927339796010575,0.0,0.4614366886815082,0.0,0.002117750071925747,1.1921890849733398e-07,0.4276135676549738,0.0,0.0,1.162275660820262,lhs_candidate_000019_june2024_preflight,pa1_candidate_000019
2024-06-14T06:00,28.7,88.0,24.0,13.0,11.0,1.2,100710.0,26.6,0.45,0.02,28.6,0.127,1,0,0,1.0,28.795205262043606,88.19906475711458,0.02505511026175999,34.74884109443553,0.2192161191513157,2499.0063999999998,0.4671416694828676,20.4,0.002358404057751134,5.155640738964142e-07,0.427259994761208,0.0,0.0,1.161948573592725,lhs_candidate_000019_june2024_preflight,pa1_candidate_000019
2024-06-14T07:00,30.6,75.0,194.0,141.0,53.0,1.1,100710.0,25.7,1.09,0.14,31.1,0.127,0,0,0,1.0,30.38885062697527,81.3096797003639,0.025183043180112972,34.62118003517831,0.22787725039578755,18936.6672,0.8109026031202498,164.9,0.0022550281219846247,3.8277177755826574e-06,0.4807237678752318,0.0,0.0,1.1558480894050498,lhs_candidate_000019_june2024_preflight,pa1_candidate_000019
2024-06-14T08:00,32.6,60.0,418.0,342.0,76.0,0.54,100710.0,23.9,1.94,0.31,32.7,0.126,0,0,0,1.0,32.997850047831236,73.52144401713565,0.02617215483186355,34.66347905155056,0.22680971979973777,39457.8624,1.331749887672785,355.3,0.0015188424342176634,8.01528143649406e-06,0.4741340728378875,0.0,0.0,1.1459979238873628,lhs_candidate_000019_june2024_preflight,pa1_candidate_000019
2024-06-14T09:00,34.0,53.0,623.0,529.0,94.0,0.3,100660.0,23.2,2.47,0.47,34.7,0.126,0,1,0,1.0,35.362951766108495,57.77751894842143,0.023278653287319675,34.88863322093478,0.2250170671527315,58131.145599999996,2.4220762944376473,529.55,0.0035218645203012548,1.1789730862251072e-05,0.46306831575760193,0.0,0.0,1.1366479522756294,lhs_candidate_000019_june2024_preflight,pa1_candidate_000019
2024-06-14T10:00,35.2,50.0,793.0,686.0,107.0,0.4,100630.0,23.0,2.86,0.62,36.4,0.125,0,1,0,1.0,37.317637440802464,52.81903562679363,0.02353468407959809,35.26482511797908,0.22264506405999476,73548.5168,3.0121234076804324,674.05,0.004053682524603988,1.4513121461738636e-05,0.4484263213579924,0.0,0.0,1.1291550589814319,lhs_candidate_000019_june2024_preflight,pa1_candidate_000019
2024-06-14T11:00,35.8,48.0,842.0,715.0,127.0,1.49,100570.0,23.1,3.05,0.68,37.4,0.124,0,1,0,1.0,38.45763709119368,47.828462685444805,0.022584250438285873,35.730164130146534,0.2199921476453339,78564.1648,3.542686250067503,715.6999999999999,0.005421162505343446,1.4937059638482847e-05,0.43205029410699936,0.0,0.0,1.1243533179048395,lhs_candidate_000019_june2024_preflight,pa1_candidate_000019
2024-06-14T12:00,36.1,48.0,935.0,798.0,137.0,1.96,100550.0,23.3,3.1,0.76,38.1,0.123,0,1,0,1.0,39.13757040448586,46.328346481356164,0.02264094446825318,36.24128474485428,0.21721483610144335,87099.98879999999,3.7802377878592988,794.75,0.006218770995099438,1.58901633089494e-05,0.4149063956879219,0.0,0.0,1.1216821915822373,lhs_candidate_000019_june2024_preflight,pa1_candidate_000019
2024-06-14T13:00,36.1,49.0,848.0,712.0,136.0,1.75,100460.0,23.6,3.05,0.7,38.3,0.123,0,1,0,1.0,39.20624758555966,46.5811337296605,0.02284343605388094,36.74809707100942,0.21453371260030626,79408.8064,3.776312657866238,720.8,0.005937453947139206,1.3920466056909291e-05,0.3983562506191745,0.0,0.0,1.1204317981565126,lhs_candidate_000019_june2024_preflight,pa1_candidate_000019
2024-06-14T14:00,35.3,53.0,662.0,452.0,210.0,1.75,100410.0,24.2,2.7,0.55,37.9,0.122,0,1,0,1.0,38.2328740996218,49.42926516604825,0.0230755353505201,37.15233031016214,0.21233036826886836,65644.304,3.392605203743776,562.6999999999999,0.005881905102824972,1.0599477156460908e-05,0.38475535968437263,0.0,0.0,1.123374840306278,lhs_candidate_000019_june2024_preflight,pa1_candidate_000019
2024-06-14T15:00,34.6,55.0,516.0,365.0,151.0,1.81,100370.0,24.4,2.45,0.44,37.3,0.122,0,1,0,1.0,36.98813737871188,51.856724449110274,0.02271948625617746,37.421228711617715,0.210648418964997,50720.5424,3.018950141887746,438.59999999999997,0.005784976399265246,8.123612280275556e-06,0.3743729565740556,0.0,0.0,1.1274341842494857,lhs_candidate_000019_june2024_preflight,pa1_candidate_000019
2024-06-14T16:00,34.6,55.0,417.0,306.0,111.0,0.92,100310.0,24.3,2.45,0.34,36.7,0.121,0,1,0,1.0,36.370614242279196,53.7183341867603,0.02280026144526985,37.58878243058594,0.20933425318032692,40601.246399999996,2.8059992870001658,354.45,0.0043142233306512475,6.50381066653603e-06,0.3662608221007835,0.0,0.0,1.1290082114801032,lhs_candidate_000019_june2024_preflight,pa1_candidate_000019
2024-06-14T17:00,34.1,57.0,282.0,210.0,72.0,0.89,100350.0,24.3,2.31,0.22,36.0,0.121,0,1,0,1.0,35.608108551469485,55.37871295042719,0.022597510899624314,37.67151746259272,0.20834699942239726,27349.1328,2.5944775457878437,239.7,0.004138511732099473,4.476732005474717e-06,0.3601666631012177,0.0,0.0,1.132247717436616,lhs_candidate_000019_june2024_preflight,pa1_candidate_000019
2024-06-14T18:00,33.2,61.0,83.0,53.0,30.0,0.72,100470.0,24.8,1.97,0.07,34.9,0.121,1,1,0,1.0,34.22956633582699,59.00866353533888,0.022411285737870358,37.63218522676687,0.2077993680314723,8359.472,2.208461187623303,70.55,0.0036458836876473747,1.6167175669850414e-06,0.35678622241649577,0.0,0.0,1.1386856760078041,lhs_candidate_000019_june2024_preflight,pa1_candidate_000019
2024-06-14T19:00,32.2,68.0,0.0,0.0,0.0,0.91,100530.0,25.6,1.51,0.03,33.7,0.121,0,1,0,1.0,32.809705675626915,66.00558262863204,0.023264117660762834,37.47884850170604,0.21665070375828888,0.0,1.6918017070069626,0.0,0.003609082656887987,4.205529914502437e-07,0.41142409727338813,0.0,0.0,1.1446531213287146,lhs_candidate_000019_june2024_preflight,pa1_candidate_000019
2024-06-14T20:00,31.4,74.0,0.0,0.0,0.0,1.04,100570.0,26.3,1.18,0.01,32.9,0.121,0,0,0,1.0,31.830907786148362,72.4235441942103,0.024233326483144395,37.27638317295823,0.21658436143434157,0.0,1.2987216077418728,0.0,0.0023024638026846274,3.2251865023780633e-07,0.41101457675519487,0.0,0.0,1.1487836507249167,lhs_candidate_000019_june2024_preflight,pa1_candidate_000019
2024-06-14T21:00,30.9,79.0,0.0,0.0,0.0,0.78,100630.0,26.9,0.92,0.0,32.3,0.121,0,0,0,1.0,31.20906650978877,77.72377345383305,0.025156952979800636,37.06014329333257,0.2165330258930649,0.0,1.0127534598620618,0.0,0.0017868597685642737,2.513087090308647e-07,0.41069769069793144,0.0,0.0,1.1518175143799114,lhs_candidate_000019_june2024_preflight,pa1_candidate_000019
2024-06-14T22:00,30.6,82.0,0.0,0.0,0.0,0.78,100610.0,27.1,0.79,0.0,31.9,0.121,0,0,0,1.0,30.82347278041065,81.15417079293364,0.025729596853211682,36.83808611400222,0.2164920089886966,0.0,0.8381944450556258,0.0,0.001710285583564549,2.0786470892710113e-07,0.410444499930226,0.0,0.0,1.1530493960133084,lhs_candidate_000019_june2024_preflight,pa1_candidate_000019
2024-06-14T23:00,30.3,84.0,0.0,0.0,0.0,0.78,100640.0,27.3,0.7,0.0,31.5,0.121,0,0,0,1.0,30.51736312501054,83.26944015360712,0.02596917857665249,36.61462900210162,0.21645712116946864,0.0,0.7312280884768674,0.0,0.0017048644385233148,1.8124286473800974e-07,0.41022914302141134,0.0,0.0,1.1545558831040754,lhs_candidate_000019_june2024_preflight,pa1_candidate_000019
2024-06-15T00:00,30.0,86.0,0.0,0.0,0.0,0.76,100620.0,27.4,0.6,0.0,31.2,0.121,0,0,0,1.0,30.219283318850323,85.20421539074589,0.026149016912301135,36.39061843398858,0.21642664763709443,0.0,0.6357342297909265,0.0,0.00167354671657252,1.5750141482737902e-07,0.41004103479687926,0.0,0.0,1.155460640230635,lhs_candidate_000019_june2024_preflight,pa1_candidate_000019
2024-06-15T01:00,29.8,87.0,0.0,0.0,0.0,0.76,100570.0,27.4,0.56,0.0,30.9,0.121,0,0,0,1.0,29.981001157714385,86.4331894467945,0.02618694722045274,36.16674862662045,0.21639978442092883,0.0,0.5750215931925657,0.0,0.0016372678285719974,1.4240241390335788e-07,0.40987521247486935,0.0,0.0,1.1557942912796484,lhs_candidate_000019_june2024_preflight,pa1_candidate_000019
2024-06-15T02:00,29.4,88.0,0.0,0.0,0.0,0.85,100560.0,27.1,0.5,0.0,30.6,0.121,0,0,0,1.0,29.65784467424764,87.1535520248749,0.025947282990046023,35.94336015997729,0.2163750312767569,0.0,0.5344765880552464,0.0,0.001858245164963226,1.3231221909198177e-07,0.4097224152886228,0.0,0.0,1.1569127077551455,lhs_candidate_000019_june2024_preflight,pa1_candidate_000019
2024-06-15T03:00,29.2,88.0,0.0,0.0,0.0,0.95,100530.0,27.1,0.48,0.0,30.3,0.121,0,0,0,1.0,29.38670890924144,87.46391159430297,0.025659399792665162,35.718859896399195,0.2163518139734861,0.0,0.5134869692879618,0.0,0.0019714882083457963,1.270716753098353e-07,0.40957909860176606,0.0,0.0,1.1576040916326742,lhs_candidate_000019_june2024_preflight,pa1_candidate_000019
2024-06-15T04:00,29.1,89.0,0.0,0.0,0.0,0.89,100500.0,27.1,0.44,0.0,30.1,0.121,0,0,0,1.0,29.239085105389155,88.47397704040635,0.025748314397015384,35.496316862509296,0.21632990703514968,0.0,0.4681128362736455,0.0,0.0018257209958666564,1.1580477499338958e-07,0.4094438705873437,0.0,0.0,1.1578236052112694,lhs_candidate_000019_june2024_preflight,pa1_candidate_000019
2024-06-15T05:00,28.9,90.0,0.0,0.0,0.0,0.89,100530.0,27.1,0.41,0.0,29.8,0.121,0,0,0,1.0,29.073779777753344,89.34980388089915,0.02577035725050656,35.27729116075984,0.216309937867501,0.0,0.42843483885587164,0.0,0.0018555792706805856,1.0595706702157351e-07,0.4093206041203765,0.0,0.0,1.1588027003036003,lhs_candidate_000019_june2024_preflight,pa1_candidate_000019
2024-06-15T06:00,29.0,89.0,23.0,10.0,13.0,1.08,100570.0,27.0,0.43,0.01,29.8,0.121,1,0,0,1.0,29.111058468263863,89.22337885044023,0.02578617297390085,35.069230751352826,0.21625838556825525,2481.3712,0.4344549458445086,19.55,0.0021476281023738455,4.6970164678856117e-07,0.40900238005095835,0.0,0.0,1.1591208024726638,lhs_candidate_000019_june2024_preflight,pa1_candidate_000019
2024-06-15T07:00,30.0,81.0,161.0,72.0,89.0,0.95,100690.0,26.4,0.8,0.12,30.8,0.121,0,0,0,1.0,30.08235084549862,85.80712041037017,0.026140056450271332,34.92360158755547,0.2249938901623979,17299.2336,0.6050634924877967,136.85,0.0018858985421950467,3.040006743568213e-06,0.46292524791603645,0.0,0.0,1.1567866202486572,lhs_candidate_000019_june2024_preflight,pa1_candidate_000019
2024-06-15T08:00,31.6,70.0,350.0,212.0,138.0,0.45,100690.0,25.5,1.38,0.26,32.3,0.12,0,0,0,1.0,32.02524359818686,81.14435290454782,0.027433850099295918,34.91106544566114,0.22414172603541957,35655.1712,0.8978233717408659,297.5,0.0014391263163959112,6.418158111116858e-06,0.4576649755272813,0.0,0.0,1.1494219588351415,lhs_candidate_000019_june2024_preflight,pa1_candidate_000019
2024-06-15T09:00,33.0,62.0,572.0,377.0,195.0,0.45,100720.0,24.7,1.93,0.44,34.1,0.12,0,1,0,1.0,34.21824564169714,66.04443583276408,0.025068591263517258,35.06703422297991,0.22262312317554414,57196.568,1.8282490184975742,486.2,0.003516450153914835,1.0372027656210718e-05,0.4482908837996552,0.0,0.0,1.1415611165728752,lhs_candidate_000019_june2024_preflight,pa1_candidate_000019
2024-06-15T10:00,34.4,55.0,762.0,608.0,154.0,0.32,100620.0,24.1,2.42,0.59,35.8,0.12,0,1,0,1.0,36.34975657918075,57.91016669256087,0.02455306279528542,35.38715207180338,0.2204760208451817,72474.08959999999,2.54894275723296,647.6999999999999,0.003917295186424124,1.3438583072557407e-05,0.43503716571099815,0.0,0.0,1.1325736414278236,lhs_candidate_000019_june2024_preflight,pa1_candidate_000019
2024-06-15T11:00,35.1,52.0,824.0,698.0,126.0,0.22,100570.0,23.9,2.7,0.65,37.0,0.119,0,1,0,1.0,37.72102084911001,52.77715696686802,0.024005237155638483,35.81306185159326,0.2179943607591915,76944.9824,3.0815135657433816,700.4,0.004258033923970866,1.410276076553878e-05,0.41971827629130565,0.0,0.0,1.1270174997045685,lhs_candidate_000019_june2024_preflight,pa1_candidate_000019
2024-06-15T12:00,35.8,50.0,895.0,690.0,205.0,0.57,100440.0,23.7,2.95,0.71,38.1,0.118,0,1,0,1.0,38.71781110866614,49.840487309568026,0.02384640207099449,36.29038297547374,0.2153950274393028,85972.39199999999,3.4541098755493365,760.75,0.004570964983033877,1.4758458228485684e-05,0.40367300888458524,0.0,0.0,1.1219631696873495,lhs_candidate_000019_june2024_preflight,pa1_candidate_000019
2024-06-15T13:00,36.2,49.0,828.0,658.0,170.0,1.08,100370.0,23.8,3.05,0.67,38.5,0.118,0,1,0,1.0,39.17065514685939,47.53818773576991,0.02327098806378988,36.77323685226351,0.21287571186560983,78845.008,3.7015865063174878,703.8,0.005042463237576271,1.324630572568643e-05,0.38812167818277676,0.0,0.0,1.119555598254639,lhs_candidate_000019_june2024_preflight,pa1_candidate_000019
2024-06-15T14:00,36.0,49.0,843.0,727.0,116.0,1.51,100270.0,23.6,3.02,0.68,38.6,0.117,0,1,0,1.0,39.15212607259573,46.485053700246155,0.02273420787345235,37.231072061858875,0.21051473977176938,78265.1584,3.7721437086239686,716.55,0.0056283524127756,1.2980657564603784e-05,0.3735477763689468,0.0,0.0,1.118506527474457,lhs_candidate_000019_june2024_preflight,pa1_candidate_000019
2024-06-15T15:00,33.9,57.0,658.0,509.0,149.0,1.84,100310.0,24.3,2.26,0.53,37.9,0.121,0,1,0,1.0,37.34242456234986,51.24951324715866,0.0228642999652546,37.607410485818825,0.20846414423501147,63146.17759999999,3.1165193990236646,559.3,0.006180684265773594,9.826210207088608e-06,0.3608897792284659,0.0,0.0,1.1254745283865226,lhs_candidate_000019_june2024_preflight,pa1_candidate_000019
2024-06-15T16:00,32.6,65.0,393.0,306.0,87.0,1.91,100350.0,25.2,1.72,0.32,36.4,0.121,0,1,0,1.0,34.99953220873966,59.70800956623644,0.023606500460094257,37.788847184632395,0.20706137532235558,37644.8688,2.2654316128261094,334.05,0.005946019664116588,5.814019024740892e-06,0.3522307118663925,0.0,0.0,1.1344838369270553,lhs_candidate_000019_june2024_preflight,pa1_candidate_000019
2024-06-15T17:00,32.3,66.0,180.0,111.0,69.0,0.91,100400.0,25.1,1.65,0.15,35.2,0.121,0,1,0,1.0,33.53790426317095,63.80074817612608,0.02336768225690283,37.78252822972186,0.20628887263109238,18267.5856,1.8765399503919222,153.0,0.004012189536577252,2.802982836250932e-06,0.3474621767351382,0.0,0.0,1.1404585719469704,lhs_candidate_000019_june2024_preflight,pa1_candidate_000019
2024-06-15T18:00,31.6,68.0,61.0,33.0,28.0,0.71,100450.0,25.0,1.47,0.05,34.0,0.121,1,1,0,1.0,32.39583360041494,66.27180886162097,0.02285129754956613,37.65392595553229,0.2059333737623511,6353.1071999999995,1.6399218883603268,51.85,0.0034697878831026607,1.153342671605241e-06,0.34526773927377225,0.0,0.0,1.145291463764364,lhs_candidate_000019_june2024_preflight,pa1_candidate_000019
2024-06-15T19:00,30.8,71.0,0.0,0.0,0.0,1.12,100530.0,24.9,1.28,0.03,33.0,0.121,0,1,0,1.0,31.310143868477088,69.41341758165981,0.022589034734929587,37.45106164410049,0.2148394283432845,0.0,1.3985801283755332,0.0,0.0038755824124642596,3.38215151027818e-07,0.4002433848350896,0.0,0.0,1.1502908973652421,lhs_candidate_000019_june2024_preflight,pa1_candidate_000019
2024-06-15T20:00,30.1,72.0,0.0,0.0,0.0,1.04,100550.0,24.5,1.19,0.01,32.2,0.12,0,0,0,1.0,30.50159689072581,71.08219000954766,0.02214953790542796,37.2133069550027,0.21478197929609213,0.0,1.2627475803138433,0.0,0.0022836433508059708,3.050965426103059e-07,0.3998887610869885,0.0,0.0,1.153583284138805,lhs_candidate_000019_june2024_preflight,pa1_candidate_000019
2024-06-15T21:00,29.8,72.0,0.0,0.0,0.0,0.98,100590.0,24.2,1.16,0.01,31.7,0.12,0,0,0,1.0,30.03866318776803,71.68553468277047,0.02178660316683132,36.96661590312612,0.21472862072043164,0.0,1.2040680224310032,0.0,0.002064156587860655,2.9067916482571947e-07,0.3995593871631583,0.0,0.0,1.155804281190166,lhs_candidate_000019_june2024_preflight,pa1_candidate_000019
2024-06-15T22:00,29.4,75.0,0.0,0.0,0.0,1.03,100670.0,24.4,1.03,0.01,31.2,0.12,0,0,0,1.0,29.664177635749315,74.17445696986381,0.022090739035352584,36.71792556432146,0.214678887946173,0.0,1.0748633181874414,0.0,0.00217009990558586,2.5928793831520634e-07,0.39925239472946306,0.0,0.0,1.1581540030589421,lhs_candidate_000019_june2024_preflight,pa1_candidate_000019
2024-06-15T23:00,29.1,77.0,0.0,0.0,0.0,1.12,100710.0,24.6,0.94,0.01,30.9,0.12,0,0,0,1.0,29.329369666734852,76.3120836246029,0.022318140783942515,36.46784124638969,0.21463469367594382,0.0,0.967072485082483,0.0,0.002303744332858536,2.3312628884163015e-07,0.3989795905922458,0.0,0.0,1.1598966268144082,lhs_candidate_000019_june2024_preflight,pa1_candidate_000019
2024-06-16T00:00,29.0,78.0,0.0,0.0,0.0,1.12,100670.0,24.7,0.88,0.0,30.6,0.12,0,0,0,1.0,29.147036676259535,77.64657831959627,0.022484381674670015,36.21896177295559,0.2145942841666586,0.0,0.9030425887772804,0.0,0.002246656773367148,2.1755489066577485e-07,0.39873014917690497,0.0,0.0,1.1601352625478343,lhs_candidate_000019_june2024_preflight,pa1_candidate_000019
2024-06-16T01:00,28.8,80.0,0.0,0.0,0.0,1.17,100610.0,24.9,0.8,0.0,30.3,0.12,0,0,0,1.0,28.977587750169885,79.39995356486051,0.02278093846127273,35.97409193617427,0.21455675810997743,0.0,0.8241032945366742,0.0,0.0023585260555067855,1.984220314260487e-07,0.39849850685171256,0.0,0.0,1.1600940907235082,lhs_candidate_000019_june2024_preflight,pa1_candidate_000019
2024-06-16T02:00,28.8,80.0,0.0,0.0,0.0,1.06,100570.0,25.0,0.79,0.0,30.1,0.12,0,0,0,1.0,28.900816343820864,79.87841290019803,0.022822515020150543,35.733490860735046,0.21452174672309726,0.0,0.8013975794744077,0.0,0.002103281079742723,1.9285045624002854e-07,0.39828238717961273,0.0,0.0,1.1599276071784008,lhs_candidate_000019_june2024_preflight,pa1_candidate_000019
2024-06-16T03:00,28.6,80.0,0.0,0.0,0.0,0.99,100570.0,24.9,0.78,0.0,30.0,0.12,0,0,0,1.0,28.771014604837045,79.70250891663916,0.022611585142740816,35.49865421198381,0.21448697534283465,0.0,0.8023547410676461,0.0,0.002030223068711061,1.9297673709891732e-07,0.39806774902984354,0.0,0.0,1.160426282703535,lhs_candidate_000019_june2024_preflight,pa1_candidate_000019
2024-06-16T04:00,28.4,82.0,0.0,0.0,0.0,1.06,100610.0,25.0,0.7,0.0,29.8,0.12,0,0,0,1.0,28.57822355984853,81.36341451799528,0.022841001968168472,35.266952305777274,0.21445368283250574,0.0,0.7285174723191585,0.0,0.0021608410608579616,1.7512745562200317e-07,0.39786223970682555,0.0,0.0,1.1616295786264041,lhs_candidate_000019_june2024_preflight,pa1_candidate_000019
2024-06-16T05:00,28.3,82.0,0.0,0.0,0.0,1.34,100620.0,25.0,0.69,0.0,29.7,0.12,0,0,0,1.0,28.4373373000144,81.66839537810081,0.02275065093320197,35.03823320911703,0.21442273275668872,0.0,0.7107634626269235,0.0,0.0026448116419125894,1.7077754494875081e-07,0.3976711898561032,0.0,0.0,1.162287745460628,lhs_candidate_000019_june2024_preflight,pa1_candidate_000019
2024-06-16T06:00,28.4,82.0,21.0,9.0,12.0,1.41,100650.0,25.0,0.7,0.02,29.6,0.12,1,0,0,1.0,28.50209674466917,82.09694308317162,0.022951197156054013,34.82138701566947,0.21436347279245793,2270.1888,0.6967606305575025,17.849999999999998,0.0027543768888094672,4.886291499361439e-07,0.397305387607765,0.0,0.0,1.1623846859445586,lhs_candidate_000019_june2024_preflight,pa1_candidate_000019
2024-06-16T07:00,29.6,73.0,157.0,90.0,67.0,1.1,100700.0,24.3,1.11,0.12,30.4,0.12,0,0,0,1.0,29.59239396529118,77.66305639830524,0.0230398785503917,34.667584971806846,0.22310226905773115,16173.2208,0.925836719512934,133.45,0.0021082126523780747,2.9812593532093836e-06,0.4512485744304392,0.0,0.0,1.1587738302063717,lhs_candidate_000019_june2024_preflight,pa1_candidate_000019
2024-06-16T08:00,30.7,67.0,251.0,103.0,148.0,0.5,100730.0,23.8,1.46,0.19,31.5,0.12,0,0,0,1.0,31.08275971942238,74.82623255808014,0.02405574372868883,34.61818807678563,0.22241627317654192,27294.995199999998,1.1362942453571172,213.35,0.0014544172969279522,4.6286174452374e-06,0.4470140319539625,0.0,0.0,1.1534407903797035,lhs_candidate_000019_june2024_preflight,pa1_candidate_000019
2024-06-16T09:00,32.0,61.0,453.0,247.0,206.0,0.14,100780.0,23.6,1.85,0.34,33.0,0.119,0,1,0,1.0,32.894513638768316,65.60066646215114,0.023225336382254224,34.69343248195683,0.22126624292786046,47111.5744,1.7201253393601164,385.05,0.0030812484225761294,8.133095211107836e-06,0.43991507980160777,0.0,0.0,1.1471816839249218,lhs_candidate_000019_june2024_preflight,pa1_candidate_000019
2024-06-16T10:00,33.8,54.0,791.0,686.0,105.0,1.02,100720.0,23.2,2.42,0.61,35.1,0.119,0,1,0,1.0,35.51688157897805,57.10568193350966,0.023192343536561553,34.971281003047324,0.21929844785187497,73302.152,2.48157166025254,672.35,0.004408017299513508,1.3674451543001076e-05,0.42776819661651216,0.0,0.0,1.1367582939214769,lhs_candidate_000019_june2024_preflight,pa1_candidate_000019
2024-06-16T11:00,34.7,51.0,861.0,724.0,137.0,1.41,100690.0,23.2,2.7,0.68,36.5,0.118,0,1,0,1.0,37.30042897215482,50.77189421938809,0.022602641353652746,35.41368700697402,0.21676356811469397,80587.98879999999,3.139879072028719,731.85,0.0052960577530268655,1.4449352225113764e-05,0.41212079083144426,0.0,0.0,1.1298909376481534,lhs_candidate_000019_june2024_preflight,pa1_candidate_000019
2024-06-16T12:00,35.3,50.0,892.0,745.0,147.0,1.62,100640.0,23.2,2.87,0.72,37.5,0.118,0,1,0,1.0,38.2198985971741,48.46588066182649,0.022610888505370373,35.90218464649476,0.2141626930506167,83667.8128,3.454814306073678,758.1999999999999,0.00569553701803435,1.4434744732070235e-05,0.3960660064852882,0.0,0.0,1.125994973124433,lhs_candidate_000019_june2024_preflight,pa1_candidate_000019
2024-06-16T13:00,34.7,51.0,702.0,533.0,169.0,1.14,100600.0,23.2,2.7,0.57,37.5,0.117,0,1,0,1.0,37.7302845498926,48.4357532323662,0.02204099030836766,36.3388874673962,0.21186725067441708,67721.8256,3.366499931217568,596.6999999999999,0.005138634111829708,1.110309198381451e-05,0.38189660910134005,0.0,0.0,1.12732009546552,lhs_candidate_000019_june2024_preflight,pa1_candidate_000019
2024-06-16T14:00,34.7,50.0,678.0,461.0,217.0,1.12,100480.0,22.9,2.74,0.55,37.6,0.117,0,1,0,1.0,37.312625676590024,48.472245548782084,0.021592343187301723,36.68593580589745,0.2099339497887837,67298.58080000001,3.2887350190919444,576.3,0.004941734790756597,1.0396742779923345e-05,0.36996265301718345,0.0,0.0,1.1274901307609433,lhs_candidate_000019_june2024_preflight,pa1_candidate_000019
2024-06-16T15:00,34.6,51.0,601.0,384.0,217.0,1.43,100500.0,23.1,2.68,0.49,37.3,0.117,0,1,0,1.0,37.015605371457006,48.93205358385152,0.021468324551828125,36.98693031097772,0.20818853962490366,60522.5808,3.2071438934897665,510.84999999999997,0.005250432873300071,9.010952092364297e-06,0.35918851620310904,0.0,0.0,1.128794471824045,lhs_candidate_000019_june2024_preflight,pa1_candidate_000019
2024-06-16T16:00,33.5,56.0,379.0,182.0,197.0,1.81,100540.0,23.4,2.29,0.33,36.3,0.117,0,1,0,1.0,35.65533508423618,52.48644822008729,0.021469744716551026,37.176725005682655,0.2068654885371078,40282.932799999995,2.769833683203681,322.15,0.0057059578964326115,5.711749235113571e-06,0.35102153417967774,0.0,0.0,1.1342179989968968,lhs_candidate_000019_june2024_preflight,pa1_candidate_000019
2024-06-16T17:00,32.1,61.0,167.0,39.0,128.0,0.91,100550.0,23.6,1.87,0.15,35.0,0.118,0,1,0,1.0,33.666057237598885,57.93883357810578,0.021364176717933777,37.19565332934181,0.20611142726625384,19199.3472,2.196076760532518,141.95,0.004199926308615569,2.687580985726343e-06,0.3463668349768756,0.0,0.0,1.141685378297958,lhs_candidate_000019_june2024_preflight,pa1_candidate_000019
2024-06-16T18:00,31.5,64.0,60.0,24.0,36.0,0.86,100610.0,23.9,1.65,0.06,33.8,0.118,1,1,0,1.0,32.25892502752515,62.41480101679104,0.021365471458824514,37.080130390659846,0.205765288552129,6546.5664,1.8134065240767434,51.0,0.0036419237293259556,1.1726998427469717e-06,0.3442301762477099,0.0,0.0,1.1476299494585223,lhs_candidate_000019_june2024_preflight,pa1_candidate_000019
2024-06-16T19:00,30.9,67.0,0.0,0.0,0.0,0.89,100570.0,24.2,1.46,0.03,32.9,0.118,0,0,0,1.0,31.331495077657177,66.04982442259043,0.02151900084013037,36.8937100329737,0.21466605750904297,0.0,1.5542650038533732,0.0,0.0020610071858846992,3.7485903328366286e-07,0.3991731945002653,0.0,0.0,1.1506678938193375,lhs_candidate_000019_june2024_preflight,pa1_candidate_000019
2024-06-16T20:00,30.4,71.0,0.0,0.0,0.0,1.0,100640.0,24.6,1.25,0.01,32.2,0.118,0,0,0,1.0,30.705600481980763,70.06704973538004,0.022074197045928275,36.67688556267963,0.21460372706603026,0.0,1.322390006284754,0.0,0.0021480760048612443,3.1862779667906503e-07,0.39878843867919916,0.0,0.0,1.1538406402467274,lhs_candidate_000019_june2024_preflight,pa1_candidate_000019
2024-06-16T21:00,30.0,75.0,0.0,0.0,0.0,1.0,100700.0,25.1,1.07,0.01,31.7,0.118,0,0,0,1.0,30.258747318006318,74.0836537390751,0.022784603980364356,36.45356269484582,0.21455096223076883,0.0,1.1160731696805861,0.0,0.002113790847968484,2.686964425593276e-07,0.3984627298195607,0.0,0.0,1.1562289041499476,lhs_candidate_000019_june2024_preflight,pa1_candidate_000019
2024-06-16T22:00,29.7,77.0,0.0,0.0,0.0,0.99,100710.0,25.3,0.94,0.0,31.2,0.118,0,0,0,1.0,29.918192854327504,76.38865974707954,0.023065244556270105,36.22732292053862,0.2145054144257126,0.0,0.9971531781510197,0.0,0.0020660304536320065,2.398968667763218e-07,0.3981815705290902,0.0,0.0,1.1576430942920855,lhs_candidate_000019_june2024_preflight,pa1_candidate_000019
2024-06-16T23:00,29.4,79.0,0.0,0.0,0.0,0.85,100740.0,25.4,0.84,0.0,30.9,0.118,0,0,0,1.0,29.61744634344819,78.36853301670956,0.023280772945338882,36.000280695651554,0.21446441253783596,0.0,0.897888758391248,0.0,0.0018236517255765035,2.1587835087134705e-07,0.39792847245577756,0.0,0.0,1.1591381973359596,lhs_candidate_000019_june2024_preflight,pa1_candidate_000019
2024-06-17T00:00,29.1,81.0,0.0,0.0,0.0,1.0,100710.0,25.6,0.74,0.0,30.6,0.118,0,0,0,1.0,29.319086821917416,80.28025351468648,0.02346555082474535,35.77285721763322,0.21442759792713703,0.0,0.804592622034149,0.0,0.002084555033184247,1.9333679452447142e-07,0.3977012217724508,0.0,0.0,1.159936059065628,lhs_candidate_000019_june2024_preflight,pa1_candidate_000019
2024-06-17T01:00,28.8,83.0,0.0,0.0,0.0,0.86,100680.0,25.7,0.67,0.0,30.3,0.118,0,0,0,1.0,29.021990468677053,82.23321301964322,0.023650983369979228,35.545076081045295,0.21439480338844616,0.0,0.7125851201332973,0.0,0.001844965435450416,1.711410133447235e-07,0.3974987863484331,0.0,0.0,1.1607306441746112,lhs_candidate_000019_june2024_preflight,pa1_candidate_000019
2024-06-17T02:00,28.7,87.0,0.0,0.0,0.0,0.86,100650.0,26.4,0.51,0.0,30.1,0.118,0,0,0,1.0,28.844604002613575,86.0654428411958,0.02451498142932401,35.31818738192235,0.2143673379745188,0.0,0.5531804467481627,0.0,0.001777495348760173,1.3280025148059539e-07,0.39732924675628883,0.0,0.0,1.1610663670534833,lhs_candidate_000019_june2024_preflight,pa1_candidate_000019
2024-06-17T03:00,28.6,88.0,0.0,0.0,0.0,0.81,100610.0,26.4,0.47,0.0,29.9,0.118,0,0,0,1.0,28.736455237927192,87.51418731676388,0.024780965976119413,35.09526824829005,0.2143450202516382,0.0,0.4925744893242263,0.0,0.0016819066288751559,1.1820977369668989e-07,0.3971914830348038,0.0,0.0,1.161020718591968,lhs_candidate_000019_june2024_preflight,pa1_candidate_000019
2024-06-17T04:00,28.5,88.0,0.0,0.0,0.0,0.81,100630.0,26.3,0.47,0.0,29.7,0.118,0,0,0,1.0,28.63441004287628,87.67674780475994,0.024689021425809102,34.87687560656681,0.2143240373545681,0.0,0.4832960958937029,0.0,0.0016800241788122979,1.1594528985221475e-07,0.3970619589788154,0.0,0.0,1.161644179752321,lhs_candidate_000019_june2024_preflight,pa1_candidate_000019
2024-06-17T05:00,28.4,88.0,0.0,0.0,0.0,0.95,100700.0,26.3,0.46,0.0,29.6,0.118,0,0,0,1.0,28.532051786488086,87.65210163164714,0.024544381906868553,34.662908659746755,0.2143032140650094,0.0,0.48139767785816545,0.0,0.0019275226498822952,1.1545246238906618e-07,0.39693342015437905,0.0,0.0,1.162846650450682,lhs_candidate_000019_june2024_preflight,pa1_candidate_000019
2024-06-17T06:00,28.5,87.0,22.0,11.0,11.0,0.95,100740.0,26.2,0.49,0.01,29.6,0.118,1,0,0,1.0,28.60289190525869,87.34711472064248,0.02455387656087258,34.46102860637648,0.214252012640233,2323.0063999999998,0.49531812597101954,18.7,0.0019033972847141874,4.547868038118799e-07,0.3966173619767469,0.0,0.0,1.163035455105908,lhs_candidate_000019_june2024_preflight,pa1_candidate_000019
2024-06-17T07:00,29.6,78.0,171.0,115.0,56.0,0.82,100770.0,25.4,0.9,0.12,30.5,0.118,0,0,0,1.0,29.66453488902185,83.99354871736882,0.025015558848954886,34.32533733561077,0.22297900445936963,17018.214399999997,0.6662048017874023,145.35,0.001630988876163744,3.148489680060622e-06,0.45048768184796073,0.0,0.0,1.1593030813543208,lhs_candidate_000019_june2024_preflight,pa1_candidate_000019
2024-06-17T08:00,31.3,66.0,372.0,277.0,95.0,0.54,100820.0,24.3,1.53,0.27,32.2,0.117,0,0,0,1.0,31.750301789429997,77.22507934454181,0.025729132670830455,34.33198106091262,0.2220955307881779,36078.328,1.0677097668002093,316.2,0.001573631940584444,6.663826215402929e-06,0.4450341406677648,0.0,0.0,1.1519437894824396,lhs_candidate_000019_june2024_preflight,pa1_candidate_000019
2024-06-17T09:00,32.9,58.0,613.0,505.0,108.0,0.2,100760.0,23.5,2.09,0.46,34.1,0.117,0,1,0,1.0,34.172465452985534,62.68089457304845,0.023734940689380344,34.51960880009529,0.2205153008272325,57743.699199999995,2.0042422064263206,521.05,0.0034142197367616547,1.0804681228867494e-05,0.4352796347360031,0.0,0.0,1.1421845966318735,lhs_candidate_000019_june2024_preflight,pa1_candidate_000019
2024-06-17T10:00,34.0,53.0,709.0,582.0,127.0,0.5,100750.0,23.2,2.49,0.55,35.7,0.117,0,1,0,1.0,35.99984344318058,55.12002571165563,0.02295220050127957,34.850523932268494,0.2184401778846446,66860.1648,2.6662953379194887,602.65,0.004052284492583191,1.2217887798410818e-05,0.4224702338558308,0.0,0.0,1.1353204814656555,lhs_candidate_000019_june2024_preflight,pa1_candidate_000019
2024-06-17T11:00,34.7,51.0,795.0,669.0,126.0,1.03,100680.0,23.1,2.71,0.63,36.7,0.116,0,1,0,1.0,37.19532274225173,51.12455036195524,0.022637610810317423,35.258876652957696,0.21614387290029838,74392.9824,3.099622204565075,675.75,0.00478855228973166,1.3267344002498047e-05,0.4082955117302369,0.0,0.0,1.1301613507464687,lhs_candidate_000019_june2024_preflight,pa1_candidate_000019
2024-06-17T12:00,34.9,51.0,825.0,687.0,138.0,1.35,100650.0,23.2,2.75,0.66,37.4,0.116,0,1,0,1.0,37.77013800463239,49.46943362745112,0.022557133521211564,35.70898394362892,0.21375215962642205,77455.1712,3.3061434658005844,701.25,0.005323052351341173,1.3291451463141396e-05,0.39353184954581516,0.0,0.0,1.1277358230615662,lhs_candidate_000019_june2024_preflight,pa1_candidate_000019
2024-06-17T13:00,34.6,52.0,704.0,466.0,238.0,1.7,100590.0,23.3,2.63,0.58,37.4,0.116,0,1,0,1.0,37.4310831532334,49.24174346637973,0.022068301593068676,36.12298538144821,0.21156305547916104,70325.41119999999,3.260535185635358,598.4,0.005778318993601306,1.1053443834065614e-05,0.3800188609824756,0.0,0.0,1.1282939429632075,lhs_candidate_000019_june2024_preflight,pa1_candidate_000019
2024-06-17T14:00,35.0,51.0,647.0,410.0,237.0,1.57,100540.0,23.2,2.77,0.54,37.4,0.116,0,1,0,1.0,37.340695821989264,49.309463537365914,0.02199682846985003,36.46572771613928,0.20967920496609793,65274.2288,3.2402384705118306,549.9499999999999,0.00541476073209976,9.90188055856646e-06,0.36839015411171566,0.0,0.0,1.1280614007178356,lhs_candidate_000019_june2024_preflight,pa1_candidate_000019
2024-06-17T15:00,32.0,66.0,437.0,187.0,250.0,1.4,100470.0,24.7,1.63,0.35,36.3,0.137,0,1,0,1.0,35.036801427255384,59.15302758020942,0.02343246369935897,36.70120785152394,0.2081995202919186,47251.6,2.301370745722401,371.45,0.00546011273367857,6.546648282364042e-06,0.359256298098263,0.0,0.0,1.135703111434878,lhs_candidate_000019_june2024_preflight,pa1_candidate_000019
2024-06-17T16:00,32.3,63.0,229.0,79.0,150.0,1.78,100520.0,24.3,1.81,0.22,34.7,0.137,0,1,0,1.0,33.49490114827606,61.14890310927539,0.022345797637978667,36.75251044526911,0.20729569098761788,25429.36,2.0091757527251723,194.65,0.005300184955984402,3.5489827158540404e-06,0.3536771048618388,0.0,0.0,1.141981796060275,lhs_candidate_000019_june2024_preflight,pa1_candidate_000019
2024-06-17T17:00,31.9,65.0,149.0,62.0,87.0,1.12,100530.0,24.5,1.65,0.14,34.1,0.137,0,1,0,1.0,32.8086439539517,63.573367169896365,0.022405608230767544,36.69960485993168,0.20676116329301383,16172.868799999998,1.8127377727252663,126.64999999999999,0.004112888095574936,2.3946251870651943e-06,0.3503775511914434,0.0,0.0,1.1446570934440758,lhs_candidate_000019_june2024_preflight,pa1_candidate_000019
2024-06-17T18:00,31.6,66.0,62.0,23.0,39.0,0.99,100550.0,24.4,1.58,0.06,33.3,0.137,1,1,0,1.0,32.162785026747734,65.05390480579152,0.022155382946663412,36.58535323688222,0.2064394253832136,6828.1136,1.6769543599824481,52.699999999999996,0.0037001182445088486,1.1849919886997884e-06,0.3483915147111951,0.0,0.0,1.1473067082484218,lhs_candidate_000019_june2024_preflight,pa1_candidate_000019
2024-06-17T19:00,31.1,69.0,0.0,0.0,0.0,0.99,100660.0,24.8,1.39,0.03,32.5,0.136,0,0,0,1.0,31.472580237977105,68.16108734954823,0.022375030188442325,36.41681705663344,0.21534051017294875,0.0,1.4693293210846958,0.0,0.0021792610617700787,3.5807021295555127e-07,0.4033364825490664,0.0,0.0,1.151164219676383,lhs_candidate_000019_june2024_preflight,pa1_candidate_000019
2024-06-17T20:00,30.8,71.0,0.0,0.0,0.0,0.71,100720.0,25.0,1.27,0.0,32.0,0.136,0,0,0,1.0,31.01216633400088,70.67119529989438,0.022634105673153132,36.22107635104457,0.21527962433189912,0.0,1.318536522730732,0.0,0.0015836925489549616,3.2102314029235713e-07,0.40296064402406867,0.0,0.0,1.153593959179263,lhs_candidate_000019_june2024_preflight,pa1_candidate_000019
2024-06-17T21:00,30.5,73.0,0.0,0.0,0.0,0.72,100740.0,25.1,1.17,0.0,31.6,0.136,0,0,0,1.0,30.69939271387167,72.67969461512891,0.022889653756799563,36.022358472446136,0.2152243751906308,0.0,1.2065400905562558,0.0,0.001587717564749536,2.935068306651542e-07,0.4026195999421655,0.0,0.0,1.155010740130186,lhs_candidate_000019_june2024_preflight,pa1_candidate_000019
2024-06-17T22:00,30.1,76.0,0.0,0.0,0.0,1.0,100780.0,25.3,1.04,0.01,31.2,0.136,0,0,0,1.0,30.33975478822597,75.2674586586881,0.02325004537879053,35.8216087081879,0.2151744387034286,0.0,1.0700425211956799,0.0,0.0020995488728294317,2.601027020399643e-07,0.40231135002116414,0.0,0.0,1.1568385916588662,lhs_candidate_000019_june2024_preflight,pa1_candidate_000019
2024-06-17T23:00,29.8,78.0,0.0,0.0,0.0,0.99,100780.0,25.6,0.91,0.0,30.9,0.136,0,0,0,1.0,30.007076863227248,77.41408446966273,0.02348748619190114,35.61805865443454,0.21513019256088747,0.0,0.9587241593979998,0.0,0.0020574859510461207,2.3288556048080857e-07,0.4020382256844906,0.0,0.0,1.1581080809487536,lhs_candidate_000019_june2024_preflight,pa1_candidate_000019
2024-06-18T00:00,29.5,80.0,0.0,0.0,0.0,1.06,100730.0,25.6,0.83,0.0,30.7,0.136,0,0,0,1.0,29.705970771333373,79.35384288115334,0.023686856480268,35.413041707398406,0.21509043171606712,0.0,0.8613636471964319,0.0,0.002180519247315377,2.091077934247845e-07,0.4017927883707847,0.0,0.0,1.1586843539403797,lhs_candidate_000019_june2024_preflight,pa1_candidate_000019
2024-06-18T01:00,29.2,81.0,0.0,0.0,0.0,0.89,100710.0,25.7,0.75,0.0,30.4,0.136,0,0,0,1.0,29.409072002703226,80.47545888848735,0.023637881122158935,35.20692835995306,0.21505420888015553,0.0,0.800770015096214,0.0,0.0018852076576177498,1.9428967895226747e-07,0.40156919061824403,0.0,0.0,1.1595910783143186,lhs_candidate_000019_june2024_preflight,pa1_candidate_000019
2024-06-18T02:00,28.8,83.0,0.0,0.0,0.0,0.98,100610.0,25.7,0.66,0.0,30.1,0.136,0,0,0,1.0,29.051925346374944,82.14208189855738,0.023663321950783665,34.999199147100306,0.21502096643040522,0.0,0.7174799444708437,0.0,0.0020748796196578966,1.7399217392592764e-07,0.40136399031114334,0.0,0.0,1.1598087232296472,lhs_candidate_000019_june2024_preflight,pa1_candidate_000019
2024-06-18T03:00,28.7,84.0,0.0,0.0,0.0,0.98,100520.0,25.7,0.63,0.0,29.9,0.136,0,0,0,1.0,28.838641928373484,83.57632152914573,0.023798236471635748,34.79012876239027,0.21499124888004964,0.0,0.6517698574769062,0.0,0.0019867806021558435,1.5798493740928402e-07,0.40118054864228175,0.0,0.0,1.1595896214172556,lhs_candidate_000019_june2024_preflight,pa1_candidate_000019
2024-06-18T04:00,28.6,84.0,0.0,0.0,0.0,0.98,100510.0,25.7,0.61,0.0,29.7,0.136,0,0,0,1.0,28.725908363467063,83.76322232243501,0.023705170315578093,34.58407042009111,0.21496317205166077,0.0,0.6401617309346266,0.0,0.001976654037261199,1.551041647182395e-07,0.4010072348867949,0.0,0.0,1.1599072603304876,lhs_candidate_000019_june2024_preflight,pa1_candidate_000019
2024-06-18T05:00,28.5,85.0,0.0,0.0,0.0,0.82,100540.0,25.7,0.59,0.0,29.6,0.136,0,0,0,1.0,28.62424463319369,84.64512528430521,0.02382210786105099,34.381949180057234,0.21493601517576527,0.0,0.6018363136954799,0.0,0.0016881535583472885,1.4575737939784491e-07,0.4008395998504029,0.0,0.0,1.1606443408202056,lhs_candidate_000019_june2024_preflight,pa1_candidate_000019
2024-06-18T06:00,28.4,85.0,21.0,10.0,11.0,1.1,100630.0,25.7,0.58,0.02,29.5,0.135,1,0,0,1.0,28.573445736057163,84.95582925863387,0.02384326638521339,34.19005827184342,0.21488105347534656,2235.0063999999998,0.5879245363806436,17.849999999999998,0.0022292967583670146,4.6622201686502796e-07,0.40050033009473185,0.0,0.0,1.1618788941346132,lhs_candidate_000019_june2024_preflight,pa1_candidate_000019
2024-06-18T07:00,29.7,76.0,181.0,125.0,56.0,1.2,100680.0,25.1,0.99,0.13,30.8,0.135,0,0,0,1.0,29.708730066616322,80.83352462920229,0.024132144093104196,34.0650810292077,0.22358605961018918,17898.214399999997,0.7997577394512176,153.85,0.0022996452948048133,3.3862944125461196e-06,0.45423493586536534,0.0,0.0,1.1580986589723987,lhs_candidate_000019_june2024_preflight,pa1_candidate_000019
2024-06-18T08:00,31.4,65.0,398.0,318.0,80.0,1.12,100730.0,24.0,1.62,0.3,32.3,0.135,0,1,0,1.0,31.90011341375286,72.10103426105064,0.024214545711516624,34.09284087902444,0.22262967263026393,37838.592000000004,1.3190638880180767,338.3,0.0038686336325816804,7.230271993615455e-06,0.44833131253249336,0.0,0.0,1.1503502519738724,lhs_candidate_000019_june2024_preflight,pa1_candidate_000019
2024-06-18T09:00,32.6,59.0,590.0,488.0,102.0,1.04,100770.0,23.5,2.03,0.45,33.9,0.134,0,1,0,1.0,33.973117073793404,61.500771297549235,0.023046101205132827,34.28942960684469,0.2210267826866602,55508.6048,2.0448108620919228,501.5,0.0042564643060851465,1.0505384024494687e-05,0.4384369301645692,0.0,0.0,1.1430393997055253,lhs_candidate_000019_june2024_preflight,pa1_candidate_000019
2024-06-18T10:00,33.6,55.0,751.0,638.0,113.0,0.89,100720.0,23.2,2.35,0.58,35.3,0.134,0,1,0,1.0,35.69374498169649,56.41028090060982,0.023120721024013535,34.62531403687282,0.21891114081531549,70063.6112,2.5464649149586007,638.35,0.004450060615200111,1.2959319396095576e-05,0.4253774124402191,0.0,0.0,1.1361073144433484,lhs_candidate_000019_june2024_preflight,pa1_candidate_000019
2024-06-18T11:00,34.5,52.0,858.0,729.0,129.0,0.73,100620.0,23.1,2.64,0.67,36.7,0.133,0,1,0,1.0,37.121329385946495,52.52494229182147,0.023169781398084,35.06448516516251,0.21645488430361787,80042.5296,2.99871509312191,729.3,0.004554101116483032,1.4300155453520743e-05,0.41021533520751774,0.0,0.0,1.1297571935622897,lhs_candidate_000019_june2024_preflight,pa1_candidate_000019
2024-06-18T12:00,34.8,51.0,758.0,622.0,136.0,0.22,100560.0,23.1,2.75,0.6,37.2,0.132,0,1,0,1.0,37.60409349973145,50.43688351328115,0.022804420063544814,35.517609682361396,0.2140610184273059,71488.8064,3.213793430844418,644.3,0.004355009222908503,1.2313274098714744e-05,0.39543838535374015,0.0,0.0,1.12732945708368,lhs_candidate_000019_june2024_preflight,pa1_candidate_000019
2024-06-18T13:00,35.2,51.0,778.0,578.0,200.0,0.45,100480.0,23.4,2.8,0.62,37.6,0.131,0,1,0,1.0,37.949467535789466,50.23669088100272,0.023117089273300646,35.94183749089354,0.21185486731674577,75500.48,3.2877012809078625,661.3,0.004419322047991878,1.2200414043500083e-05,0.3818201686218875,0.0,0.0,1.1251820814518578,lhs_candidate_000019_june2024_preflight,pa1_candidate_000019
2024-06-18T14:00,34.9,52.0,694.0,574.0,120.0,1.1,100410.0,23.7,2.66,0.56,37.5,0.13,0,1,0,1.0,37.725100111493376,49.66915077321747,0.022596284454214584,36.338817863747515,0.20980377399246833,65293.888000000006,3.28505163568599,589.9,0.005008670940321728,1.0600846894732945e-05,0.3691590987189403,0.0,0.0,1.1252097268012753,lhs_candidate_000019_june2024_preflight,pa1_candidate_000019
2024-06-18T15:00,34.1,56.0,514.0,370.0,144.0,0.99,100330.0,24.0,2.36,0.42,36.9,0.129,0,1,0,1.0,36.62437753282638,52.88231418929054,0.02274032418040857,36.63277421484493,0.20815602854477813,50298.2656,2.8965921522330262,436.9,0.0047602813797891635,7.735572175582745e-06,0.35898783052332184,0.0,0.0,1.1283082615108642,lhs_candidate_000019_june2024_preflight,pa1_candidate_000019
2024-06-18T16:00,33.3,59.0,393.0,277.0,116.0,1.17,100340.0,24.2,2.1,0.32,36.1,0.129,0,1,0,1.0,35.342502209070815,56.110311018479024,0.02258295818174991,36.80203932258234,0.20693490940477338,38665.1584,2.514878314987356,334.05,0.004754406770602325,5.854102474589659e-06,0.3514500580541567,0.0,0.0,1.133109634781855,lhs_candidate_000019_june2024_preflight,pa1_candidate_000019
2024-06-18T17:00,32.8,62.0,236.0,172.0,64.0,1.12,100370.0,24.4,1.91,0.19,35.2,0.129,0,1,0,1.0,34.202626471229685,59.747754692270334,0.022660018030013183,36.85803137732643,0.2060857157083995,23019.673600000002,2.165396381256685,200.6,0.004379345355929073,3.600059407000396e-06,0.3462081216567871,0.0,0.0,1.1376520250851136,lhs_candidate_000019_june2024_preflight,pa1_candidate_000019
2024-06-18T18:00,32.3,64.0,85.0,52.0,33.0,0.64,100430.0,24.6,1.74,0.06,34.2,0.129,1,1,0,1.0,33.134014245283275,62.55088728489464,0.02242751683251961,36.79936048739297,0.20562603811211339,8641.0192,1.8979522631039285,72.25,0.0034132398523014362,1.5179589949931817e-06,0.34337060563032956,0.0,0.0,1.1423036935200912,lhs_candidate_000019_june2024_preflight,pa1_candidate_000019
2024-06-18T19:00,31.5,70.0,0.0,0.0,0.0,0.41,100530.0,25.3,1.41,0.02,33.2,0.129,0,1,0,1.0,32.02937717184391,68.27327410099413,0.02308738427357417,36.649847003182465,0.21449163068036275,0.0,1.511040641718934,0.0,0.0028960132919259246,3.634511371750451e-07,0.3980964856812516,0.0,0.0,1.147579942484831,lhs_candidate_000019_june2024_preflight,pa1_candidate_000019
2024-06-18T20:00,31.1,73.0,0.0,0.0,0.0,0.82,100630.0,25.6,1.22,0.0,32.5,0.129,0,0,0,1.0,31.368868508691484,72.28955648388522,0.023599039925420322,36.45794168699809,0.21443213574406322,0.0,1.2713003438618045,0.0,0.0018166059009797307,3.055042244342346e-07,0.39772923298804463,0.0,0.0,1.1512130764937782,lhs_candidate_000019_june2024_preflight,pa1_candidate_000019
2024-06-18T21:00,30.8,75.0,0.0,0.0,0.0,1.3,100660.0,25.8,1.12,0.01,32.0,0.129,0,0,0,1.0,31.00130001511396,74.45628365686288,0.023832473521149034,36.25985546934325,0.2143800269198249,0.0,1.1476599571540165,0.0,0.0026089240471598107,2.75569349591273e-07,0.3974075735791661,0.0,0.0,1.1529479402456333,lhs_candidate_000019_june2024_preflight,pa1_candidate_000019
2024-06-18T22:00,30.5,75.0,0.0,0.0,0.0,0.89,100700.0,25.7,1.07,0.0,31.7,0.129,0,0,0,1.0,30.69778543792847,74.8009601093085,0.023555686735253264,36.059748236761955,0.214331339114679,0.0,1.1127570962311069,0.0,0.0018750251795194568,2.6698661705216505e-07,0.3971070315720926,0.0,0.0,1.1545582368335938,lhs_candidate_000019_june2024_preflight,pa1_candidate_000019
2024-06-18T23:00,30.2,77.0,0.0,0.0,0.0,0.76,100680.0,25.8,0.98,0.0,31.3,0.129,0,0,0,1.0,30.40182889635463,76.52190937273888,0.023716769124664833,35.858400395218716,0.21428515563628037,0.0,1.0193822373795594,0.0,0.0016569271982197075,2.444073654886702e-07,0.39682194837210105,0.0,0.0,1.1554543763529408,lhs_candidate_000019_june2024_preflight,pa1_candidate_000019
2024-06-19T00:00,30.0,79.0,0.0,0.0,0.0,0.81,100660.0,26.0,0.88,0.0,31.0,0.129,0,0,0,1.0,30.1644654636068,78.55312050038565,0.02403657839386699,35.65649805095607,0.21424338992117603,0.0,0.9186247536192047,0.0,0.0017073383954263005,2.2010662843700682e-07,0.39656413531590146,0.0,0.0,1.156128885377979,lhs_candidate_000019_june2024_preflight,pa1_candidate_000019
2024-06-19T01:00,29.7,82.0,0.0,0.0,0.0,0.81,100580.0,26.2,0.77,0.0,30.8,0.129,0,0,0,1.0,29.90260978182143,81.22179684150439,0.024503925321893882,35.45499376662281,0.2142064035361358,0.0,0.7923313397249552,0.0,0.0017423272315073759,1.8973685888105796e-07,0.39633582429713454,0.0,0.0,1.1562082175653199,lhs_candidate_000019_june2024_preflight,pa1_candidate_000019
2024-06-19T02:00,29.3,84.0,0.0,0.0,0.0,0.91,100560.0,26.3,0.64,0.0,30.5,0.129,0,0,0,1.0,29.54920566377643,83.1440230664038,0.02460817525657627,35.25207969698963,0.21417439080180553,0.0,0.6969237925390006,0.0,0.0019524073359649032,1.6680673210831908e-07,0.39613821482596007,0.0,0.0,1.15732792474092,lhs_candidate_000019_june2024_preflight,pa1_candidate_000019
2024-06-19T03:00,29.2,84.0,0.0,0.0,0.0,0.9,100510.0,26.3,0.64,0.0,30.2,0.129,0,0,0,1.0,29.335815572460277,83.74207024828462,0.02449968569501614,35.04770255542821,0.21414532305005163,0.0,0.663985785061449,0.0,0.0018407022978211979,1.588511293568181e-07,0.395958784259578,0.0,0.0,1.1575685199221142,lhs_candidate_000019_june2024_preflight,pa1_candidate_000019
2024-06-19T04:00,29.1,85.0,0.0,0.0,0.0,1.0,100510.0,26.3,0.6,0.0,29.9,0.129,0,0,0,1.0,29.22267378856478,84.6236256396716,0.0246057882006616,34.846174522960666,0.21411753403761247,0.0,0.623898357936699,0.0,0.002010213720201997,1.4919600074568533e-07,0.39578724714575597,0.0,0.0,1.1580016588221484,lhs_candidate_000019_june2024_preflight,pa1_candidate_000019
2024-06-19T05:00,29.0,85.0,0.0,0.0,0.0,1.0,100500.0,26.2,0.6,0.0,29.7,0.129,0,0,0,1.0,29.120086888182193,84.7602895776011,0.02450835038632019,34.64842384104034,0.21409096522911256,0.0,0.6147028687235983,0.0,0.0020082117129446306,1.469361243079193e-07,0.3956232421550158,0.0,0.0,1.1582794192360004,lhs_candidate_000019_june2024_preflight,pa1_candidate_000019
2024-06-19T06:00,29.1,84.0,17.0,2.0,15.0,1.14,100630.0,26.1,0.64,0.02,29.5,0.129,1,0,0,1.0,29.178853368424228,84.29738037309346,0.02445257188787573,34.460741326966975,0.2140409327487564,2023.7359999999999,0.6355268135560697,14.45,0.0022354156042678477,4.106482564724416e-07,0.39531439968368154,0.0,0.0,1.1595522543099381,lhs_candidate_000019_june2024_preflight,pa1_candidate_000019
2024-06-19T07:00,29.6,80.0,141.0,43.0,98.0,1.3,100650.0,25.8,0.84,0.11,30.7,0.128,0,0,0,1.0,29.81727875375309,82.37961160301775,0.024738722606188267,34.326031724517485,0.22281791699366416,15855.8752,0.7398444826681003,119.85,0.002619034921157819,2.6421342495816924e-06,0.4494933147757047,0.0,0.0,1.1573387699866458,lhs_candidate_000019_june2024_preflight,pa1_candidate_000019
2024-06-19T08:00,31.1,69.0,311.0,159.0,152.0,1.5,100650.0,24.6,1.41,0.25,31.8,0.128,0,0,0,1.0,31.45661152928638,73.62841939094206,0.024149153094270515,34.305282307142846,0.2220714342959027,32715.7248,1.2159161271023908,264.34999999999997,0.003055903795189588,5.6561398411189395e-06,0.4448853968882883,0.0,0.0,1.1511102007231317,lhs_candidate_000019_june2024_preflight,pa1_candidate_000019
2024-06-19T09:00,32.4,61.0,452.0,195.0,257.0,1.5,100620.0,23.8,1.91,0.36,33.2,0.128,0,1,0,1.0,33.312895132537236,63.01441959379448,0.02280785697904291,34.41837899284968,0.2208295532571863,48817.8768,1.8933311678665432,384.2,0.004715455898929601,8.112173794116537e-06,0.4372194645505328,0.0,0.0,1.1437967594031637,lhs_candidate_000019_june2024_preflight,pa1_candidate_000019
2024-06-19T10:00,33.6,55.0,643.0,364.0,279.0,1.4,100570.0,23.4,2.33,0.51,34.8,0.127,0,1,0,1.0,35.16909359454322,56.502000064473485,0.022536762088842834,34.66653263749128,0.21908826460918315,66399.8896,2.468704524341863,546.55,0.004856281661003727,1.1198505813944262e-05,0.4264707691924886,0.0,0.0,1.136345714316058,lhs_candidate_000019_june2024_preflight,pa1_candidate_000019
2024-06-19T11:00,34.5,52.0,737.0,377.0,360.0,0.91,100510.0,23.4,2.6,0.59,36.2,0.126,0,1,0,1.0,36.670221893889945,52.851665659487736,0.022780741336569474,35.029392684513944,0.21695644832247218,77521.66399999999,2.9057416233079754,626.4499999999999,0.004506213413401232,1.2458564798231462e-05,0.41331140939797645,0.0,0.0,1.1301652800105741,lhs_candidate_000019_june2024_preflight,pa1_candidate_000019
2024-06-19T12:00,35.2,50.0,832.0,510.0,322.0,0.81,100420.0,23.2,2.84,0.66,37.2,0.126,0,1,0,1.0,37.83654521125019,50.05578419341285,0.02290183042605483,35.46628192554288,0.21461128567885096,84544.7328,3.2795512998366414,707.1999999999999,0.004628772353094728,1.3571695196492686e-05,0.39883509678303064,0.0,0.0,1.1249185181452808,lhs_candidate_000019_june2024_preflight,pa1_candidate_000019
2024-06-19T13:00,34.8,51.0,617.0,324.0,293.0,0.71,100390.0,23.3,2.7,0.5,37.1,0.125,0,1,0,1.0,37.50885736839121,49.25351557638335,0.022161412822980123,35.869950964404815,0.21249866973796389,64604.4432,3.273569879170527,524.4499999999999,0.004578319004197069,9.931652569512931e-06,0.3857942576417524,0.0,0.0,1.1257686812974865,lhs_candidate_000019_june2024_preflight,pa1_candidate_000019
2024-06-19T14:00,35.1,50.0,620.0,245.0,375.0,0.0,100320.0,23.1,2.83,0.48,37.2,0.124,0,1,0,1.0,37.37928669237751,49.83564252115669,0.022275443148976205,36.19042290540936,0.21073496818649196,67753.4,3.2133336047539727,527.0,0.004037026564733713,9.681060213473922e-06,0.3749072110277281,0.0,0.0,1.125453112525585,lhs_candidate_000019_june2024_preflight,pa1_candidate_000019
2024-06-19T15:00,34.4,52.0,416.0,154.0,262.0,0.4,100290.0,23.2,2.61,0.33,36.7,0.124,0,1,0,1.0,36.55425061243585,50.34743041196889,0.0215723772593849,36.43801016341266,0.20927722800390264,45825.788799999995,3.040754068022869,353.59999999999997,0.004077779792462886,6.535366129557048e-06,0.3659088148389052,0.0,0.0,1.1281138057944846,lhs_candidate_000019_june2024_preflight,pa1_candidate_000019
2024-06-19T16:00,31.4,69.0,176.0,17.0,159.0,0.51,100310.0,25.0,1.44,0.15,35.0,0.136,0,1,0,1.0,33.640239956668346,62.91720784528083,0.02316842508510741,36.50865983806568,0.2084317299163139,21082.0016,1.9333600626514773,149.6,0.00420433616350723,2.8665002310177497e-06,0.3606896908414438,0.0,0.0,1.1390561679904023,lhs_candidate_000019_june2024_preflight,pa1_candidate_000019
2024-06-19T17:00,31.0,71.0,93.0,6.0,87.0,0.51,100290.0,25.1,1.31,0.09,33.5,0.143,0,1,0,1.0,31.843029177575954,69.35369954669126,0.023221136394858222,36.417910321692666,0.20803304764525943,11244.868799999998,1.4442870276563098,79.05,0.0032839004419165096,1.595836233941394e-06,0.3582286891682681,0.0,0.0,1.1455397579782178,lhs_candidate_000019_june2024_preflight,pa1_candidate_000019
2024-06-19T18:00,30.5,71.0,43.0,7.0,36.0,0.72,100360.0,24.6,1.27,0.05,32.4,0.147,1,1,0,1.0,31.043777088622186,69.99998739534765,0.02245717578878458,36.26483400680098,0.2078104752026432,5050.5664,1.3511409128199663,36.55,0.003286729290295452,8.823688728538031e-07,0.35685478520150127,0.0,0.0,1.1493512593519544,lhs_candidate_000019_june2024_preflight,pa1_candidate_000019
2024-06-19T19:00,30.0,73.0,0.0,0.0,0.0,0.71,100400.0,24.7,1.14,0.02,31.5,0.147,0,0,0,1.0,30.368592230247188,72.29898261769513,0.022367833384397788,36.072485164812974,0.21674883526156613,0.0,1.2004510545123677,0.0,0.0017325933571412451,2.9885097533811993e-07,0.41202984729361813,0.0,0.0,1.1523671309863477,lhs_candidate_000019_june2024_preflight,pa1_candidate_000019
2024-06-19T20:00,29.8,75.0,0.0,0.0,0.0,0.94,100480.0,25.0,1.04,0.0,31.1,0.148,0,0,0,1.0,29.983896857417903,74.56435311054034,0.022594544029266434,35.86021946026304,0.21669791994860052,0.0,1.0782546062706637,0.0,0.0019513310920517314,2.682255475465727e-07,0.41171555523827486,0.0,0.0,1.1547489411424379,lhs_candidate_000019_june2024_preflight,pa1_candidate_000019
2024-06-19T21:00,29.6,78.0,0.0,0.0,0.0,1.08,100570.0,25.3,0.92,0.0,30.7,0.148,0,0,0,1.0,29.764861131251234,77.41200333460002,0.02318105558056042,35.6477580193898,0.2166525744185499,0.0,0.9455726508372049,0.0,0.0021866051172959857,2.3505979829994524e-07,0.41143564455895004,0.0,0.0,1.1566189897040513,lhs_candidate_000019_june2024_preflight,pa1_candidate_000019
2024-06-19T22:00,29.5,81.0,0.0,0.0,0.0,0.73,100620.0,25.8,0.8,0.0,30.5,0.148,0,0,0,1.0,29.625592861089626,80.45982739522739,0.02391258881841275,35.43743833438846,0.21661332278460832,0.0,0.8114625170793017,0.0,0.00153074263306063,2.0160258180606207e-07,0.4111933505222736,0.0,0.0,1.1577262982711025,lhs_candidate_000019_june2024_preflight,pa1_candidate_000019
2024-06-19T23:00,29.3,83.0,0.0,0.0,0.0,1.0,100600.0,26.1,0.68,0.0,30.3,0.148,0,0,0,1.0,29.461641090352813,82.44026793152585,0.02428421559376002,35.23035594421219,0.21657912885736366,0.0,0.722370340988193,0.0,0.002040509446154666,1.7937608586209282e-07,0.4109822768973066,0.0,0.0,1.158123298873665,lhs_candidate_000019_june2024_preflight,pa1_candidate_000019
2024-06-20T00:00,29.2,84.0,0.0,0.0,0.0,0.95,100510.0,26.3,0.63,0.0,30.1,0.147,0,0,0,1.0,29.32544269137243,83.65005020116982,0.024458973676398803,35.02576403693727,0.21654818514569701,0.0,0.6673447890242583,0.0,0.0019218145954068052,1.656353455501565e-07,0.41079126633146307,0.0,0.0,1.1576082167665964,lhs_candidate_000019_june2024_preflight,pa1_candidate_000019
2024-06-20T01:00,29.0,86.0,0.0,0.0,0.0,0.63,100460.0,26.4,0.56,0.0,29.8,0.148,0,0,0,1.0,29.16348513530395,85.39588867447343,0.02475051811976996,34.824247420964994,0.21651998993730392,0.0,0.5905432265102628,0.0,0.0014023809658858031,1.465110550016775e-07,0.41061722183520943,0.0,0.0,1.1576522032785752,lhs_candidate_000019_june2024_preflight,pa1_candidate_000019
2024-06-20T02:00,29.0,85.0,0.0,0.0,0.0,0.71,100410.0,26.2,0.61,0.0,29.7,0.147,0,0,0,1.0,29.086581897895933,85.1378276833794,0.024572656696093393,34.625688190599845,0.21649379756340725,0.0,0.5983159425313223,0.0,0.0014544231944885165,1.4838098174166607e-07,0.4104555405148596,0.0,0.0,1.157370442284663,lhs_candidate_000019_june2024_preflight,pa1_candidate_000019
2024-06-20T03:00,28.9,86.0,0.0,0.0,0.0,0.91,100390.0,26.3,0.56,0.0,29.4,0.147,0,0,0,1.0,29.015738728527996,85.66133953911074,0.024628553694917243,34.43210899558172,0.21646740643405837,0.0,0.574883115520826,0.0,0.001841544422699493,1.4251310902060384e-07,0.4102926323090023,0.0,0.0,1.1574112063949198,lhs_candidate_000019_june2024_preflight,pa1_candidate_000019
2024-06-20T04:00,28.8,87.0,0.0,0.0,0.0,0.9,100400.0,26.4,0.52,0.0,29.2,0.147,0,0,0,1.0,28.917827680048596,86.6221303373932,0.02477226461932322,34.24248084942478,0.21644267848575272,0.0,0.5333348811636709,0.0,0.0018253453894859478,1.3216414425633103e-07,0.41013999065279455,0.0,0.0,1.157901693853532,lhs_candidate_000019_june2024_preflight,pa1_candidate_000019
2024-06-20T05:00,28.7,88.0,0.0,0.0,0.0,0.91,100400.0,26.4,0.48,0.0,29.1,0.148,0,0,0,1.0,28.817456927866335,87.59815684498734,0.02491463786707885,34.05641249515878,0.21641982599293666,0.0,0.4915613092463551,0.0,0.0018430850061702435,1.2177046207168354e-07,0.40999892588232506,0.0,0.0,1.1582865679891348,lhs_candidate_000019_june2024_preflight,pa1_candidate_000019
2024-06-20T06:00,28.6,89.0,12.0,0.0,12.0,1.12,100420.0,26.5,0.44,0.02,29.2,0.148,1,0,0,1.0,28.745152155757943,88.68195128227812,0.02512356085847501,33.87735986254019,0.21638187919766594,1478.1888,0.44673024524767957,10.2,0.002245466862631892,3.0000052799704173e-07,0.4097646864053453,0.0,0.0,1.1587947706482826,lhs_candidate_000019_june2024_preflight,pa1_candidate_000019
2024-06-20T07:00,28.8,86.0,79.0,4.0,75.0,1.2,100470.0,26.3,0.54,0.07,29.6,0.149,0,0,0,1.0,28.99339207251116,87.38703835774672,0.025094142484988244,33.72733085093746,0.22526819328667289,9590.68,0.5050416784532081,67.14999999999999,0.002423291805575003,1.555568107454683e-06,0.46461847707822773,0.0,0.0,1.1584192091154473,lhs_candidate_000019_june2024_preflight,pa1_candidate_000019
2024-06-20T08:00,29.6,80.0,217.0,50.0,167.0,1.17,100540.0,25.7,0.84,0.17,30.3,0.152,0,0,0,1.0,29.948558644469323,83.86779601737882,0.025365164645674114,33.653436661481635,0.22476391249818795,24971.4608,0.6824828408439103,184.45,0.002469769238741164,4.047738750445903e-06,0.4615056327048639,0.0,0.0,1.1555731931066369,lhs_candidate_000019_june2024_preflight,pa1_candidate_000019
2024-06-20T09:00,30.1,76.0,293.0,55.0,238.0,0.71,100550.0,25.4,1.01,0.23,30.7,0.155,0,1,0,1.0,30.88429613201416,77.79121439569303,0.0247440783654101,33.667489799101865,0.22390994440331582,34157.411199999995,0.9911966473381919,249.04999999999998,0.003464041155633972,5.422163208105725e-06,0.4562342247118261,0.0,0.0,1.1521312260873962,lhs_candidate_000019_june2024_preflight,pa1_candidate_000019
2024-06-20T10:00,30.2,76.0,233.0,21.0,212.0,0.2,100560.0,25.4,1.05,0.19,30.9,0.154,0,1,0,1.0,31.126950226699922,76.6082682077898,0.024687051604384447,33.70134341803199,0.22303163484018276,27962.6688,1.0585142664774176,198.04999999999998,0.0031372248515582823,4.334205846826872e-06,0.45081256074186893,0.0,0.0,1.1513269186199535,lhs_candidate_000019_june2024_preflight,pa1_candidate_000019
2024-06-20T11:00,31.3,69.0,557.0,171.0,386.0,0.32,100540.0,24.9,1.43,0.43,32.3,0.155,0,1,0,1.0,32.53744348148139,72.82245706833008,0.025299354826331825,33.822796684477105,0.22175240732542137,62596.4064,1.3319981254346955,473.45,0.003448412163732359,9.85896773932145e-06,0.4429160946013665,0.0,0.0,1.1457865761503776,lhs_candidate_000019_june2024_preflight,pa1_candidate_000019
2024-06-20T12:00,31.7,67.0,539.0,156.0,383.0,0.58,100520.0,24.9,1.54,0.42,33.1,0.155,0,1,0,1.0,33.52175092479003,67.32563862885758,0.024637762360382343,34.062055253633886,0.22001633405774018,60906.8592,1.6922844599525848,458.15,0.004016519822926188,9.414857323596453e-06,0.4321995929490135,0.0,0.0,1.1418818130787491,lhs_candidate_000019_june2024_preflight,pa1_candidate_000019
2024-06-20T13:00,32.0,66.0,565.0,245.0,320.0,0.95,100490.0,24.9,1.61,0.44,33.5,0.155,0,1,0,1.0,33.944294637266545,65.3790019726532,0.024462384013861815,34.31103870619182,0.21830056945050474,60978.368,1.835876781773086,480.25,0.004446019874757801,9.642947927791205e-06,0.42160845339817743,0.0,0.0,1.1399703272585284,lhs_candidate_000019_june2024_preflight,pa1_candidate_000019
2024-06-20T14:00,29.0,81.0,220.0,40.0,180.0,0.86,100460.0,25.5,0.74,0.18,32.3,0.164,0,1,0,1.0,31.43636471638854,73.65364979788396,0.024131295125839843,34.44471474143775,0.2170906896153215,25692.832,1.21335806668995,187.0,0.004605128211386396,3.813001345153648e-06,0.4141400593538364,0.0,0.0,1.1490135892116604,lhs_candidate_000019_june2024_preflight,pa1_candidate_000019
2024-06-20T15:00,28.2,84.0,173.0,51.0,122.0,0.78,100410.0,25.2,0.62,0.14,31.1,0.189,0,0,0,1.0,29.467047468142088,82.44986514919688,0.02429417139740865,34.39543121659753,0.21648754254611682,19516.2528,0.7222003496497358,147.04999999999998,0.0024945720743073884,2.913934603216648e-06,0.41041692929701745,0.0,0.0,1.1559153371972464,lhs_candidate_000019_june2024_preflight,pa1_candidate_000019
2024-06-20T16:00,27.9,89.0,111.0,2.0,109.0,0.58,100390.0,25.9,0.42,0.09,30.3,0.196,0,0,0,1.0,28.698358076258998,88.26542074181647,0.024941754119820345,34.286671370091966,0.2160587258427524,13602.8816,0.4619175293599098,94.35,0.001938014276091363,1.8572163826255869e-06,0.40776991260958273,0.0,0.0,1.158628174828905,lhs_candidate_000019_june2024_preflight,pa1_candidate_000019
2024-06-20T17:00,26.7,98.0,47.0,0.0,47.0,0.71,100360.0,26.3,0.08,0.04,29.7,0.202,0,0,0,1.0,27.591102926298234,94.59007310492906,0.02515411627024332,34.12515801302214,0.21582076693003135,5789.5728,0.19967302289290023,39.949999999999996,0.002161596847438992,7.845593037537543e-07,0.4063010304322923,0.0,0.0,1.162546447365784,lhs_candidate_000019_june2024_preflight,pa1_candidate_000019
2024-06-20T18:00,26.7,99.0,20.0,0.0,20.0,1.14,100320.0,26.5,0.05,0.02,29.4,0.204,1,0,0,1.0,26.990746813039202,97.94538416038444,0.025197213384500077,33.918163570860685,0.2157212689214441,2463.648,0.07321428676761288,17.0,0.002381887203524001,3.304695075258259e-07,0.4056868451940995,0.0,0.0,1.1644075519542323,lhs_candidate_000019_june2024_preflight,pa1_candidate_000019
2024-06-20T19:00,26.6,98.0,0.0,0.0,0.0,0.95,100370.0,26.2,0.07,0.01,29.0,0.211,0,0,0,1.0,26.786384783291325,97.33056380394932,0.02475724296008768,33.696671764791695,0.22474189739873066,0.0,0.0939882238211216,0.0,0.0019725225031778895,2.6200168798652603e-08,0.4613697370292016,0.0,0.0,1.1657816645781671,lhs_candidate_000019_june2024_preflight,pa1_candidate_000019
2024-06-20T20:00,26.5,97.0,0.0,0.0,0.0,0.85,100440.0,26.1,0.09,0.0,28.8,0.217,0,0,0,1.0,26.652066262447,96.48442140576356,0.024359883157224843,33.472486486869286,0.22473645806284362,0.0,0.12280644018774645,0.0,0.001767524610983542,3.423104698400161e-08,0.4613361608817508,0.0,0.0,1.1671173659244505,lhs_candidate_000019_june2024_preflight,pa1_candidate_000019
2024-06-20T21:00,26.5,97.0,0.0,0.0,0.0,0.76,100520.0,26.0,0.09,0.0,28.6,0.22,0,0,0,1.0,26.606672990492413,96.51229513856049,0.024305613628929995,33.253193585624466,0.224730266165501,0.0,0.12150782253831283,0.0,0.001565301034407584,3.3866264469275786e-08,0.46129793929321616,0.0,0.0,1.168223851273999,lhs_candidate_000019_june2024_preflight,pa1_candidate_000019
2024-06-20T22:00,26.5,97.0,0.0,0.0,0.0,1.04,100600.0,26.0,0.1,0.0,28.5,0.224,0,0,0,1.0,26.5981934034306,96.53944765643092,0.02430101088243812,33.04047887353098,0.22472420350105118,0.0,0.1205017162779054,0.0,0.0020650520451197542,3.3583121081039546e-08,0.4612605154385876,0.0,0.0,1.1691866699107913,lhs_candidate_000019_june2024_preflight,pa1_candidate_000019
2024-06-20T23:00,26.5,97.0,0.0,0.0,0.0,0.95,100580.0,26.1,0.09,0.0,28.4,0.226,0,0,0,1.0,26.59436954676338,96.5620936190622,0.024301552428795375,32.83450123679748,0.2247181793607131,0.0,0.11968621421102021,0.0,0.0018968237606172788,3.335315634883831e-08,0.46122332938711785,0.0,0.0,1.1689691396511557,lhs_candidate_000019_june2024_preflight,pa1_candidate_000019
2024-06-21T00:00,27.8,87.0,0.0,0.0,0.0,1.08,100550.0,25.3,0.5,0.0,28.3,0.228,0,0,0,1.0,27.36502687036777,89.68996459449468,0.02355562163301633,32.642890146480234,0.22470705905949964,0.0,0.37553357568967094,0.0,0.0023757374660749583,1.0463499090257839e-07,0.46115468555246697,0.0,0.0,1.1656235963411519,lhs_candidate_000019_june2024_preflight,pa1_candidate_000019
2024-06-21T01:00,27.9,84.0,0.0,0.0,0.0,1.1,100440.0,25.0,0.59,0.0,28.1,0.228,0,0,0,1.0,27.86993053867151,84.72484962046514,0.02287899534123319,32.478139490768655,0.2246824707961423,0.0,0.5730316293833746,0.0,0.0021250866781143025,1.5961136075837406e-07,0.4610029061490265,0.0,0.0,1.1623954508553151,lhs_candidate_000019_june2024_preflight,pa1_candidate_000019
2024-06-21T02:00,28.0,84.0,0.0,0.0,0.0,1.14,100400.0,24.9,0.62,0.0,28.0,0.228,0,0,0,1.0,28.0068467714922,84.19306667471903,0.022907031446834675,32.325317520793426,0.22465280036390822,0.0,0.5977293088185944,0.0,0.0021839456795931258,1.6642447023680926e-07,0.4608197553327668,0.0,0.0,1.1614042751442908,lhs_candidate_000019_june2024_preflight,pa1_candidate_000019
2024-06-21T03:00,27.5,85.0,0.0,0.0,0.0,1.3,100330.0,24.7,0.55,0.0,27.8,0.228,0,0,0,1.0,27.747243992834896,84.22198884525055,0.022590289804433693,32.176720888454774,0.2246228224532433,0.0,0.5876767153880418,0.0,0.0026380298421656806,1.6355984232849454e-07,0.4606347065015019,0.0,0.0,1.16159584825907,lhs_candidate_000019_june2024_preflight,pa1_candidate_000019
2024-06-21T04:00,27.3,85.0,0.0,0.0,0.0,1.26,100360.0,24.6,0.54,0.0,27.7,0.228,0,0,0,1.0,27.456343886246895,84.60500884065107,0.022332342725717463,32.02429988830479,0.2245941222461482,0.0,0.5637512264966231,0.0,0.0025093740030897285,1.568406508812958e-07,0.46045754472930983,0.0,0.0,1.163067606171805,lhs_candidate_000019_june2024_preflight,pa1_candidate_000019
2024-06-21T05:00,27.4,84.0,0.0,0.0,0.0,1.17,100330.0,24.5,0.59,0.0,27.6,0.228,0,0,0,1.0,27.42812675639948,84.19821627084177,0.022190410053799854,31.87255565106496,0.2245657379412194,0.0,0.577693696675956,0.0,0.0022562084575493643,1.6065841474733794e-07,0.4602823329704901,0.0,0.0,1.1628290892169248,lhs_candidate_000019_june2024_preflight,pa1_candidate_000019
2024-06-21T06:00,27.4,85.0,9.0,0.0,9.0,0.86,100440.0,24.6,0.56,0.02,27.6,0.227,1,0,0,1.0,27.474075108230064,85.1182260585328,0.022489786991821366,31.72906022570231,0.22452308858058428,1108.6416,0.5455228474170681,7.6499999999999995,0.0017138940148322835,3.1109522293795786e-07,0.4600190653122487,0.0,0.0,1.1639260686256179,lhs_candidate_000019_june2024_preflight,pa1_candidate_000019
2024-06-21T07:00,27.7,86.0,64.0,1.0,63.0,1.06,100510.0,25.2,0.52,0.06,28.4,0.227,0,0,0,1.0,27.789689923310306,87.58528971810321,0.023547317183231362,31.611653720933287,0.23342110551006148,7848.4911999999995,0.463551538118431,54.4,0.002095148137693178,1.4136370784739445e-06,0.5149450957411202,0.0,0.0,1.16351571279573,lhs_candidate_000019_june2024_preflight,pa1_candidate_000019
2024-06-21T08:00,28.6,83.0,160.0,19.0,141.0,0.85,100570.0,25.5,0.65,0.13,28.5,0.228,0,0,0,1.0,28.723132263612857,88.32022827189496,0.02499102464777121,31.555181051756772,0.23299692634236543,19040.7184,0.46042023408407085,136.0,0.0017404729458761964,3.2999158289340217e-06,0.5123267058170706,0.0,0.0,1.1606103465412714,lhs_candidate_000019_june2024_preflight,pa1_candidate_000019
2024-06-21T09:00,29.4,75.0,343.0,91.0,252.0,0.67,100550.0,24.6,1.02,0.26,32.5,0.227,0,1,0,1.0,30.07554488579137,81.73001708478262,0.024888865073426625,31.607763751571692,0.2320778914317089,39049.9648,0.7785726352508471,291.55,0.0033301547531628083,6.932049298876823e-06,0.5066536508130179,0.0,0.0,1.1552041451755994,lhs_candidate_000019_june2024_preflight,pa1_candidate_000019
2024-06-21T10:00,30.9,66.0,532.0,203.0,329.0,0.57,100520.0,23.8,1.52,0.41,31.9,0.227,0,1,0,1.0,31.940257379001093,71.51574660498027,0.0240693930093605,31.801543076052255,0.2304967128453984,58391.0096,1.3497966518310966,452.2,0.003497108474410437,1.0587320446803313e-05,0.496893289169126,0.0,0.0,1.1478009752734122,lhs_candidate_000019_june2024_preflight,pa1_candidate_000019
2024-06-21T11:00,31.7,64.0,700.0,388.0,312.0,0.42,100480.0,24.2,1.67,0.54,32.6,0.225,0,1,0,1.0,33.60222834265274,67.05901360639936,0.024644290166849634,32.13527547411395,0.2283208434376554,72576.90879999999,1.7137804486133912,595.0,0.003951908048661536,1.3535941967801022e-05,0.4834619965287371,0.0,0.0,1.14112796608432,lhs_candidate_000019_june2024_preflight,pa1_candidate_000019
2024-06-21T12:00,32.2,64.0,761.0,462.0,299.0,0.36,100450.0,24.5,1.72,0.59,33.5,0.223,0,1,0,1.0,34.608908362857,65.01978504579225,0.02518868444777968,32.55546986956146,0.22581668449511802,77487.5376,1.9247076323984968,646.85,0.004208752013720413,1.4262416490532238e-05,0.4680042252785063,0.0,0.0,1.1370557455926946,lhs_candidate_000019_june2024_preflight,pa1_candidate_000019
2024-06-21T13:00,32.0,64.0,543.0,271.0,272.0,0.67,100360.0,24.3,1.71,0.43,33.4,0.221,0,1,0,1.0,34.30032063061045,62.92808630227248,0.023988502470091953,32.92936134373422,0.22363145391983333,57353.612799999995,2.005165729911951,461.55,0.004353382141518938,1.0056920888594165e-05,0.45451514765329215,0.0,0.0,1.1371772196129761,lhs_candidate_000019_june2024_preflight,pa1_candidate_000019
2024-06-21T14:00,28.8,81.0,207.0,9.0,198.0,0.73,100320.0,25.2,0.76,0.17,32.0,0.225,0,1,0,1.0,31.258305801195732,73.65832114548815,0.023904025123127864,33.098522932069606,0.22237856216709195,25182.115199999997,1.200938795670691,175.95,0.004497325386655564,3.886459795610866e-06,0.44678124794501206,0.0,0.0,1.1480834969940996,lhs_candidate_000019_june2024_preflight,pa1_candidate_000019
2024-06-21T15:00,29.0,80.0,268.0,55.0,213.0,0.81,100250.0,25.3,0.78,0.21,31.5,0.225,0,1,0,1.0,30.03039663561448,79.78390859509447,0.02423702305962661,33.1178735964466,0.22160069676693533,31077.851199999997,0.8592785728112662,227.79999999999998,0.003764606407158949,4.791922433860618e-06,0.4419796096724404,0.0,0.0,1.1519290038508676,lhs_candidate_000019_june2024_preflight,pa1_candidate_000019
2024-06-21T16:00,29.4,77.0,283.0,81.0,202.0,0.71,100260.0,24.9,0.95,0.22,31.4,0.226,0,1,0,1.0,30.330024818142647,77.83139928255427,0.024029434230916656,33.15271286577236,0.22071873064635736,32010.8448,0.9585809736641329,240.54999999999998,0.003572814630683524,5.011303692425111e-06,0.43653537436023065,0.0,0.0,1.150906487599184,lhs_candidate_000019_june2024_preflight,pa1_candidate_000019
2024-06-21T17:00,28.9,80.0,203.0,90.0,113.0,0.61,100200.0,25.2,0.78,0.15,30.9,0.225,0,0,0,1.0,29.999727813735962,78.70744765620032,0.023870408532795928,33.170900764782225,0.21994231484758076,21839.6112,0.9034427439509929,172.54999999999998,0.0021966468988022492,3.6115185672736786e-06,0.43174268424432566,0.0,0.0,1.1514709550262734,lhs_candidate_000019_june2024_preflight,pa1_candidate_000019
2024-06-21T18:00,28.8,81.0,56.0,18.0,38.0,0.92,100310.0,25.2,0.76,0.05,30.3,0.225,1,0,0,1.0,29.365766466631445,80.68680807726619,0.023644278925662957,33.11164447479708,0.21951798351523918,6264.9312,0.7901277489401073,47.6,0.002208840183228795,1.1304800652252557e-06,0.42912335503234067,0.0,0.0,1.1551507519210387,lhs_candidate_000019_june2024_preflight,pa1_candidate_000019
2024-06-21T19:00,28.6,82.0,0.0,0.0,0.0,0.99,100350.0,25.3,0.7,0.02,29.8,0.225,0,0,0,1.0,28.84559446787868,81.47851866483671,0.023209690455832988,32.983102011101074,0.22844067580170924,0.0,0.7353164044144527,0.0,0.0020874894804281175,2.1512065412944717e-07,0.4842017024796867,0.0,0.0,1.1576018658928877,lhs_candidate_000019_june2024_preflight,pa1_candidate_000019
2024-06-21T20:00,28.5,83.0,0.0,0.0,0.0,0.72,100440.0,25.4,0.65,0.0,29.5,0.224,0,0,0,1.0,28.612946731631894,82.84471848783653,0.023301021281383453,32.83359442310238,0.22840368357306284,0.0,0.6719633652742907,0.0,0.0015004969976471535,1.964936825278301e-07,0.4839733553892768,0.0,0.0,1.1595333412028102,lhs_candidate_000019_june2024_preflight,pa1_candidate_000019
2024-06-21T21:00,28.4,85.0,0.0,0.0,0.0,0.99,100490.0,25.6,0.59,0.0,29.2,0.224,0,0,0,1.0,28.49907198211012,84.66078719928127,0.0236640358606368,32.68499837859952,0.22837022386269676,0.0,0.5968748555270773,0.0,0.0019734322902141936,1.7446202110534344e-07,0.48376681396726395,0.0,0.0,1.1605485183711544,lhs_candidate_000019_june2024_preflight,pa1_candidate_000019
2024-06-21T22:00,27.9,90.0,0.0,0.0,0.0,0.92,100510.0,26.0,0.39,0.0,28.9,0.224,0,0,0,1.0,28.16068326914764,88.62903931085661,0.02431836472831297,32.53608850693562,0.22834274790428014,0.0,0.4338521157518169,0.0,0.0019795879421602505,1.2676724396912464e-07,0.48359720928567984,0.0,0.0,1.1620831164385717,lhs_candidate_000019_june2024_preflight,pa1_candidate_000019
2024-06-21T23:00,28.1,88.0,0.0,0.0,0.0,1.06,100510.0,25.8,0.47,0.0,28.4,0.223,0,0,0,1.0,28.09984534090414,88.3694912318827,0.024166372757407607,32.3850120371203,0.22832054361597168,0.0,0.44218740313981586,0.0,0.0020261782530829682,1.291661122049945e-07,0.483460145777603,0.0,0.0,1.1623178011374826,lhs_candidate_000019_june2024_preflight,pa1_candidate_000019
2024-06-22T00:00,28.0,88.0,0.0,0.0,0.0,0.94,100460.0,25.8,0.47,0.0,28.1,0.223,0,0,0,1.0,28.089107827795825,87.89654602478787,0.024022880277147773,32.239455006486494,0.22829660313926484,0.0,0.4598811922590098,0.0,0.0018736893449112074,1.342935324611098e-07,0.4833123650571904,0.0,0.0,1.1617810007184493,lhs_candidate_000019_june2024_preflight,pa1_candidate_000019
2024-06-22T01:00,28.3,86.0,0.0,0.0,0.0,1.04,100400.0,25.6,0.55,0.0,27.9,0.223,0,0,0,1.0,28.235144079298497,86.64847119975879,0.023872176410176544,32.09930916139034,0.22827137932102792,0.0,0.5116295902130776,0.0,0.0020388870110435915,1.493568582097121e-07,0.483156662475481,0.0,0.0,1.160524518877272,lhs_candidate_000019_june2024_preflight,pa1_candidate_000019
2024-06-22T02:00,27.4,92.0,0.0,0.0,0.0,0.8,100350.0,26.1,0.28,0.0,27.6,0.223,0,0,0,1.0,27.800619841627054,90.01642084016365,0.02421547791131852,31.962608329162514,0.2282471433336434,0.0,0.3730134717227278,0.0,0.001899985425680094,1.088577958433214e-07,0.4830070576150828,0.0,0.0,1.1616213444963748,lhs_candidate_000019_june2024_preflight,pa1_candidate_000019
2024-06-22T03:00,27.2,93.0,0.0,0.0,0.0,0.91,100310.0,26.0,0.25,0.0,27.5,0.223,0,0,0,1.0,27.37831821437882,92.26372235969771,0.024249354329437346,31.816204925345442,0.22823050544194592,0.0,0.28200600811707277,0.0,0.0018953158694086007,8.228127741377134e-08,0.48290435457991315,0.0,0.0,1.1627899732650855,lhs_candidate_000019_june2024_preflight,pa1_candidate_000019
2024-06-22T04:00,27.2,93.0,0.0,0.0,0.0,1.04,100270.0,25.9,0.26,0.0,27.3,0.223,0,0,0,1.0,27.274781757928572,92.76221922660007,0.024241444733149754,31.668307834177092,0.22821639610383362,0.0,0.26224079533609057,0.0,0.002046773789658686,7.650055451705831e-08,0.4828172599002076,0.0,0.0,1.162726871306549,lhs_candidate_000019_june2024_preflight,pa1_candidate_000019
2024-06-22T05:00,26.8,93.0,0.0,0.0,0.0,0.95,100270.0,25.7,0.23,0.0,27.1,0.222,0,0,0,1.0,27.02366495602669,92.27945858554533,0.023782889601765632,31.521704840568457,0.22820218715085286,0.0,0.27564596034862543,0.0,0.0020022564336852028,8.039648472433442e-08,0.4827295503139066,0.0,0.0,1.163699575735669,lhs_candidate_000019_june2024_preflight,pa1_candidate_000019
2024-06-22T06:00,27.1,92.0,18.0,5.0,13.0,1.14,100290.0,25.8,0.27,0.01,27.2,0.222,1,0,0,1.0,27.101181413092345,92.59518192281402,0.023966793442971892,31.380650600401296,0.22815811583657322,2041.3711999999998,0.26557816577265525,15.299999999999999,0.0021798296348023547,4.119142300769073e-07,0.48245750516403224,0.0,0.0,1.163631194338039,lhs_candidate_000019_june2024_preflight,pa1_candidate_000019
2024-06-22T07:00,28.7,85.0,145.0,71.0,74.0,0.81,100450.0,26.0,0.57,0.1,29.1,0.222,0,0,0,1.0,28.4469412217374,91.33738374294859,0.02545754913268428,31.30078954595693,0.2368942455414674,15363.497599999997,0.3360591597409024,123.25,0.0017884624918831319,3.1046625470499113e-06,0.5363842317374531,0.0,0.0,1.1602870824676006,lhs_candidate_000019_june2024_preflight,pa1_candidate_000019
2024-06-22T08:00,29.9,75.0,345.0,226.0,119.0,0.42,100450.0,25.0,1.05,0.25,30.2,0.221,0,0,0,1.0,30.351051819190317,89.08479321622855,0.02753497253303766,31.35845486327977,0.2359661920031628,34546.705599999994,0.47254692873385684,293.25,0.0014367732658058395,7.203203962156933e-06,0.5306555061923629,0.0,0.0,1.1530076515840118,lhs_candidate_000019_june2024_preflight,pa1_candidate_000019
2024-06-22T09:00,30.7,70.0,478.0,328.0,150.0,0.73,100490.0,24.5,1.34,0.36,31.3,0.22,0,1,0,1.0,31.84035070425441,73.92026605705944,0.024746589879853276,31.55075584042622,0.23441002499407093,47341.36,1.228889407517388,406.3,0.0037381664223418033,9.980191026174174e-06,0.5210495370004379,0.0,0.0,1.1478342929489547,lhs_candidate_000019_june2024_preflight,pa1_candidate_000019
2024-06-22T10:00,30.8,68.0,440.0,183.0,257.0,0.22,100450.0,24.1,1.44,0.34,31.5,0.218,0,1,0,1.0,32.324975524198706,70.1451299116335,0.024096056419001925,31.78934257830969,0.232692403948385,47761.8768,1.4458091777808995,374.0,0.003612921702707758,9.096879892176381e-06,0.5104469379529939,0.0,0.0,1.145557125950571,lhs_candidate_000019_june2024_preflight,pa1_candidate_000019
2024-06-22T11:00,31.1,65.0,574.0,306.0,268.0,0.5,100430.0,23.9,1.56,0.44,32.1,0.217,0,1,0,1.0,32.84799241442722,67.62770477471611,0.023884165954107014,32.05629667690502,0.23083518028739825,59940.8832,1.6145414791108994,487.9,0.003912972651513195,1.1518882530844081e-05,0.4989825943666559,0.0,0.0,1.1433714253415856,lhs_candidate_000019_june2024_preflight,pa1_candidate_000019
2024-06-22T12:00,31.4,64.0,624.0,267.0,357.0,1.06,100400.0,23.9,1.63,0.48,32.8,0.215,0,1,0,1.0,33.40349321269591,64.8780171443652,0.023594723722056354,32.380608672644954,0.22869855379466783,67472.11679999999,1.8070673099510541,530.4,0.004605871390465851,1.2206511796609541e-05,0.48579354194239405,0.0,0.0,1.1409586159460525,lhs_candidate_000019_june2024_preflight,pa1_candidate_000019
2024-06-22T13:00,31.0,65.0,455.0,225.0,230.0,0.89,100370.0,23.7,1.57,0.36,32.7,0.213,0,1,0,1.0,32.97671962078388,64.26529861660234,0.022851629128006465,32.665149564154305,0.22680788693286225,48131.952,1.795162376094364,386.75,0.004399375941338068,8.823542397378308e-06,0.4741227588448287,0.0,0.0,1.1422078358706047,lhs_candidate_000019_june2024_preflight,pa1_candidate_000019
2024-06-22T14:00,30.3,68.0,356.0,161.0,195.0,1.1,100280.0,23.7,1.38,0.29,32.4,0.213,0,1,0,1.0,32.01331751213506,66.56927851584987,0.022491925683798403,32.846781405589105,0.22540047308899583,38188.568,1.5907523451865515,302.59999999999997,0.004516923485057154,6.829551134020357e-06,0.4654350190678755,0.0,0.0,1.1447863607618711,lhs_candidate_000019_june2024_preflight,pa1_candidate_000019
2024-06-22T15:00,30.3,68.0,389.0,151.0,238.0,1.3,100260.0,23.7,1.38,0.31,32.3,0.212,0,1,0,1.0,31.709764916502557,67.75909188429591,0.02252658038736451,32.98585754089024,0.22413183978966683,42605.411199999995,1.5080188635589993,330.65,0.0046434640465896695,7.273422501176021e-06,0.45760394931893106,0.0,0.0,1.145697693218469,lhs_candidate_000019_june2024_preflight,pa1_candidate_000019
2024-06-22T16:00,29.7,71.0,298.0,169.0,129.0,1.2,100260.0,23.8,1.22,0.23,31.8,0.213,0,1,0,1.0,31.148783558402098,69.48983647729833,0.022419348028293994,33.096818385647005,0.22297837645083782,30762.529599999998,1.3823504111886593,253.29999999999998,0.004520911859263967,5.547045364149442e-06,0.4504838052520853,0.0,0.0,1.1478098115792408,lhs_candidate_000019_june2024_preflight,pa1_candidate_000019
2024-06-22T17:00,28.9,77.0,100.0,28.0,72.0,0.76,100220.0,24.4,0.93,0.09,30.9,0.216,0,0,0,1.0,29.920364460155284,75.04569774762992,0.0226624046109638,33.100969282464945,0.2222996103329265,11333.1328,1.054000451446341,85.0,0.0023079745211923423,2.0032394748592133e-06,0.44629389094399075,0.0,0.0,1.1520023790393183,lhs_candidate_000019_june2024_preflight,pa1_candidate_000019
2024-06-22T18:00,28.5,79.0,19.0,2.0,17.0,1.0,100360.0,24.6,0.8,0.04,30.0,0.22,1,0,0,1.0,28.965457835599558,78.11460153546291,0.02239734418635696,32.998103345385125,0.22207031857713297,2270.1007999999997,0.8749100644014765,16.15,0.0022639098598579233,5.607516981501658e-07,0.4448785097353887,0.0,0.0,1.1572579016267657,lhs_candidate_000019_june2024_preflight,pa1_candidate_000019
2024-06-22T19:00,28.2,81.0,0.0,0.0,0.0,1.08,100470.0,24.6,0.73,0.02,29.4,0.226,0,0,0,1.0,28.434360764302518,80.33438591131163,0.022375386588297404,32.85238055075398,0.2310496247702209,0.0,0.7623547379645998,0.0,0.0022368961063530864,2.3044890058763039e-07,0.5003063257421043,0.0,0.0,1.1605665108000724,lhs_candidate_000019_june2024_preflight,pa1_candidate_000019
2024-06-22T20:00,28.1,82.0,0.0,0.0,0.0,1.36,100510.0,24.6,0.7,0.0,28.9,0.232,0,0,0,1.0,28.211568366941393,81.73954106439908,0.022490655813028605,32.69664075812863,0.2310100888074297,0.0,0.6987811569814042,0.0,0.002666634908130812,2.1112848045961385e-07,0.5000622765890723,0.0,0.0,1.1618868979448036,lhs_candidate_000019_june2024_preflight,pa1_candidate_000019
2024-06-22T21:00,26.1,97.0,0.0,0.0,0.0,0.89,100560.0,25.6,0.1,0.0,28.5,0.241,0,0,0,1.0,26.964036647337444,92.1509184933004,0.023671522821477175,32.53063290558684,0.23098213419181843,0.0,0.27925655869798494,0.0,0.002375798400478584,8.434495833633711e-08,0.4998897172334471,0.0,0.0,1.1672970962142812,lhs_candidate_000019_june2024_preflight,pa1_candidate_000019
2024-06-22T22:00,26.2,97.0,0.0,0.0,0.0,0.94,100550.0,25.7,0.1,0.0,28.3,0.25,0,0,0,1.0,26.33101789347596,96.30531131950723,0.02388482424130645,32.33912226045161,0.23097274827636902,0.0,0.12664576342948042,0.0,0.0019094686196115466,3.8246885382021234e-08,0.4998317794837594,0.0,0.0,1.1696481093829847,lhs_candidate_000019_june2024_preflight,pa1_candidate_000019
2024-06-22T23:00,26.2,97.0,0.0,0.0,0.0,0.94,100540.0,25.7,0.1,0.0,28.1,0.256,0,0,0,1.0,26.292584251585886,96.57762916379221,0.02390120096369088,32.1483219273025,0.23096623612227177,0.0,0.11704571460728586,0.0,0.0018770985705061376,3.534483808153493e-08,0.4997915810016776,0.0,0.0,1.1696818944914433,lhs_candidate_000019_june2024_preflight,pa1_candidate_000019
2024-06-23T00:00,26.1,97.0,0.0,0.0,0.0,0.91,100510.0,25.6,0.09,0.0,27.9,0.258,0,0,0,1.0,26.226678991517183,96.47403303633018,0.023788144894548263,31.96266421640142,0.23095977698540307,0.0,0.12012075452100479,0.0,0.001851920185805964,3.627052842983635e-08,0.49975170978643874,0.0,0.0,1.1695902934362092,lhs_candidate_000019_june2024_preflight,pa1_candidate_000019
2024-06-23T01:00,26.0,97.0,0.0,0.0,0.0,0.71,100470.0,25.6,0.09,0.0,27.8,0.26,0,0,0,1.0,26.130037832533674,96.48553418218653,0.023663276297858284,31.780764515192796,0.23095326833404473,0.0,0.11904782031584027,0.0,0.0015022565863033277,3.59436654771714e-08,0.499711532926202,0.0,0.0,1.1695023557834123,lhs_candidate_000019_june2024_preflight,pa1_candidate_000019
2024-06-23T02:00,27.3,89.0,0.0,0.0,0.0,0.54,100450.0,25.4,0.38,0.0,27.8,0.26,0,0,0,1.0,26.855289241578028,91.66446774106046,0.02340519649039754,31.610489070065764,0.23094317122690322,0.0,0.2946763107574628,0.0,0.00157528881873903,8.89594251001868e-08,0.4996492051043409,0.0,0.0,1.166442884710393,lhs_candidate_000019_june2024_preflight,pa1_candidate_000019
2024-06-23T03:00,27.4,89.0,0.0,0.0,0.0,0.54,100410.0,25.4,0.41,0.0,27.7,0.259,0,0,0,1.0,27.361093050333945,89.45643158541553,0.023489188762540122,31.465922525355737,0.23092378994584956,0.0,0.38395142317787423,0.0,0.001090418079622839,1.1588281169851638e-07,0.4995295675669726,0.0,0.0,1.1640158867851944,lhs_candidate_000019_june2024_preflight,pa1_candidate_000019
2024-06-23T04:00,27.4,89.0,0.0,0.0,0.0,0.85,100440.0,25.4,0.4,0.0,27.7,0.259,0,0,0,1.0,27.442765780946964,89.08217642998041,0.023496537279598415,31.332157074484638,0.23090244942698704,0.0,0.3994839606447016,0.0,0.0016659749934121381,1.2053898936360412e-07,0.4993978359690558,0.0,0.0,1.1640473015572264,lhs_candidate_000019_june2024_preflight,pa1_candidate_000019
2024-06-23T05:00,27.3,90.0,0.0,0.0,0.0,0.85,100440.0,25.4,0.37,0.0,27.5,0.258,0,0,0,1.0,27.390509286047394,89.72851270707208,0.023598900683556693,31.202932352084865,0.23088127559514357,0.0,0.3746876338783598,0.0,0.0017109262290289462,1.1302743712972766e-07,0.49926713330335537,0.0,0.0,1.1642497003354182,lhs_candidate_000019_june2024_preflight,pa1_candidate_000019
2024-06-23T06:00,27.2,91.0,13.0,2.0,11.0,0.72,100540.0,25.5,0.33,0.01,27.6,0.263,1,0,0,1.0,27.326380419749125,91.04313717760135,0.023860068646858367,31.0796877317921,0.23083972988841994,1531.0064,0.32550858098680635,11.049999999999999,0.0015151686205187825,3.4801221995086834e-07,0.4990106783235799,0.0,0.0,1.1656575759782677,lhs_candidate_000019_june2024_preflight,pa1_candidate_000019
2024-06-23T07:00,28.2,87.0,133.0,65.0,68.0,0.82,100620.0,25.7,0.51,0.09,29.1,0.263,0,0,0,1.0,28.16141399531656,92.72520199842613,0.025443304550307785,31.00455455197581,0.23959845402476945,14096.403199999999,0.27757730569705164,113.05,0.0016058836674251338,2.9260991049145944e-06,0.5530768766961077,0.0,0.0,1.1633521003467735,lhs_candidate_000019_june2024_preflight,pa1_candidate_000019
2024-06-23T08:00,28.6,84.0,198.0,66.0,132.0,1.14,100620.0,25.7,0.62,0.15,28.9,0.264,0,0,0,1.0,29.042766187965327,88.18955055330017,0.02539279506499574,31.0085877236925,0.2389440357312628,22068.0768,0.47425899084704604,168.29999999999998,0.002479458747853343,4.344573961779071e-06,0.5490372576003877,0.0,0.0,1.159959157036458,lhs_candidate_000019_june2024_preflight,pa1_candidate_000019
2024-06-23T09:00,28.7,84.0,289.0,103.0,186.0,0.5,100640.0,25.7,0.63,0.22,29.3,0.271,0,0,0,1.0,29.585089739724623,90.13978300985305,0.02673069086577778,31.072997292294048,0.23799490344743823,31975.9264,0.4085212155284763,245.65,0.0019252432242934164,6.1805446386455084e-06,0.5431784163422113,0.0,0.0,1.1581113405258385,lhs_candidate_000019_june2024_preflight,pa1_candidate_000019
2024-06-23T10:00,29.0,82.0,398.0,166.0,232.0,0.41,100650.0,25.6,0.72,0.3,29.9,0.276,0,1,0,1.0,30.173058478752957,84.91591866593724,0.02599559703032392,31.204275918719127,0.23668425023505027,43186.3168,0.6464079380183936,338.3,0.003464704911788502,8.411932708372025e-06,0.5350879644138906,0.0,0.0,1.1559812811383445,lhs_candidate_000019_june2024_preflight,pa1_candidate_000019
2024-06-23T11:00,29.0,82.0,306.0,97.0,209.0,0.28,100590.0,25.6,0.72,0.24,30.0,0.279,0,1,0,1.0,30.21010550621142,83.05645237784046,0.025477249860054018,31.34555554368208,0.23534783775163773,34281.12159999999,0.727635181138881,260.09999999999997,0.0034131241784982943,6.4411759283240115e-06,0.5268385046397391,0.0,0.0,1.1551510846688124,lhs_candidate_000019_june2024_preflight,pa1_candidate_000019
2024-06-23T12:00,29.3,77.0,252.0,23.0,229.0,0.81,100580.0,24.9,0.92,0.2,29.9,0.281,0,1,0,1.0,30.1842096780394,78.53613941629744,0.024057011403211665,31.440168539257098,0.23428889049950594,30232.7696,0.9203924797705305,214.2,0.003665278584837067,5.339645830704313e-06,0.5203017932068268,0.0,0.0,1.15513485325729,lhs_candidate_000019_june2024_preflight,pa1_candidate_000019
2024-06-23T13:00,29.2,79.0,341.0,57.0,284.0,1.33,100520.0,25.2,0.85,0.27,32.2,0.284,0,1,0,1.0,30.331243687879276,79.20221326479742,0.024454262401288486,31.54345633985298,0.23317490316763423,39999.8016,0.8993690356604529,289.84999999999997,0.0045549212940699255,7.022620038407372e-06,0.5134253281952731,0.0,0.0,1.1538864501497352,lhs_candidate_000019_june2024_preflight,pa1_candidate_000019
2024-06-23T14:00,29.2,75.0,331.0,97.0,234.0,1.12,100480.0,24.2,1.02,0.26,31.3,0.283,0,1,0,1.0,30.386848361143866,75.67100254882217,0.023434116261429508,31.66814732088251,0.23193375099142363,37360.681599999996,1.055422700918271,281.34999999999997,0.004273064600179847,6.770705253551271e-06,0.5057638950087878,0.0,0.0,1.1532159878131414,lhs_candidate_000019_june2024_preflight,pa1_candidate_000019
2024-06-23T15:00,28.4,78.0,229.0,46.0,183.0,0.71,100480.0,24.1,0.87,0.18,30.3,0.304,0,0,0,1.0,29.712028548333684,79.08687280975168,0.023614916336276198,31.7512605040876,0.23090303276275437,26590.379199999996,0.8728055897458593,194.65,0.0024455069143464224,4.668370460846925e-06,0.49940143680712573,0.0,0.0,1.1557855175780838,lhs_candidate_000019_june2024_preflight,pa1_candidate_000019
2024-06-23T16:00,27.9,86.0,167.0,32.0,135.0,0.41,100500.0,25.4,0.52,0.13,29.7,0.307,0,0,0,1.0,28.908430101219675,86.78954926392885,0.024807430539584913,31.76535631603615,0.23018260200584173,19445.624,0.5263742713207171,141.95,0.0019503144678476335,3.3411953447090525e-06,0.49495433336939343,0.0,0.0,1.1590910426699106,lhs_candidate_000019_june2024_preflight,pa1_candidate_000019
2024-06-23T17:00,27.8,87.0,89.0,18.0,71.0,0.32,100400.0,25.3,0.5,0.07,29.2,0.307,0,0,0,1.0,28.387235928866673,88.8989183612244,0.024697070549887772,31.723279738428598,0.22971996266390982,10329.9504,0.4291675894791265,75.64999999999999,0.0014948920590432465,1.8145591112971798e-06,0.4920985349624063,0.0,0.0,1.159939163904439,lhs_candidate_000019_june2024_preflight,pa1_candidate_000019
2024-06-23T18:00,27.7,87.0,46.0,18.0,28.0,0.54,100480.0,25.4,0.48,0.04,28.8,0.309,1,0,0,1.0,28.057661553493823,88.2499582785345,0.024077886757382375,31.63873366022761,0.229466945789525,5033.1071999999995,0.445636738720006,39.1,0.0014831631692036591,1.001221748585352e-06,0.4905367024044754,0.0,0.0,1.1621336078077062,lhs_candidate_000019_june2024_preflight,pa1_candidate_000019
2024-06-23T19:00,27.6,89.0,1.0,0.0,1.0,0.22,100600.0,25.7,0.39,0.0,28.4,0.307,0,0,0,1.0,27.779225653006076,89.13755964789544,0.02395085725860458,31.525119823993993,0.23840946575099267,123.18239999999999,0.4053440477553343,0.85,0.0008636135481683196,1.54676813553209e-07,0.5457374429073621,0.0,0.0,1.1645980588845877,lhs_candidate_000019_june2024_preflight,pa1_candidate_000019
2024-06-23T20:00,27.4,86.0,0.0,0.0,0.0,0.61,100670.0,24.8,0.51,0.0,28.1,0.308,0,0,0,1.0,27.547123149913737,86.64469449197229,0.022985462569737502,31.39597152028179,0.23838156112072847,0.0,0.49166136094929724,0.0,0.0013516139490359614,1.6206688155935124e-07,0.5455651921032622,0.0,0.0,1.1663079724144851,lhs_candidate_000019_june2024_preflight,pa1_candidate_000019
2024-06-23T21:00,27.5,85.0,0.0,0.0,0.0,0.98,100680.0,24.8,0.55,0.0,27.9,0.312,0,0,0,1.0,27.517702729388,85.36865524360888,0.022610263283001288,31.26691445592668,0.2383507816604465,0.0,0.5377122214758514,0.0,0.0018881027813124854,1.77184950640795e-07,0.5453751954348549,0.0,0.0,1.1665379618904768,lhs_candidate_000019_june2024_preflight,pa1_candidate_000019
2024-06-23T22:00,26.1,97.0,0.0,0.0,0.0,1.08,100680.0,25.6,0.1,0.0,27.7,0.313,0,0,0,1.0,26.705857227148588,93.45009082171674,0.023664301247477454,31.134220095168963,0.2383264784314225,0.0,0.22952683991755896,0.0,0.002488299362549372,7.561203404188675e-08,0.545225175502608,0.0,0.0,1.1696963080582319,lhs_candidate_000019_june2024_preflight,pa1_candidate_000019
2024-06-23T23:00,27.3,88.0,0.0,0.0,0.0,1.0,100690.0,25.1,0.45,0.0,27.6,0.311,0,0,0,1.0,26.93904304730301,90.33952582541663,0.023174131315874136,30.991542093578595,0.23831213244154792,0.0,0.34319894540919105,0.0,0.002191467283139647,1.1304018108558104e-07,0.5451366200095551,0.0,0.0,1.1689034785229622,lhs_candidate_000019_june2024_preflight,pa1_candidate_000019
2024-06-24T00:00,27.3,88.0,0.0,0.0,0.0,0.94,100670.0,25.1,0.43,0.0,27.5,0.309,0,0,0,1.0,27.303000195686796,88.27602824163228,0.02310504229963007,30.86716325054488,0.23828831793592692,0.0,0.42548768726785857,0.0,0.0017993451992651054,1.4010601090086992e-07,0.5449896168884378,0.0,0.0,1.1672556166303152,lhs_candidate_000019_june2024_preflight,pa1_candidate_000019
2024-06-24T01:00,27.1,89.0,0.0,0.0,0.0,0.78,100630.0,25.1,0.4,0.0,27.4,0.307,0,0,0,1.0,27.22105541040762,88.7190757186444,0.023116162020693564,30.74928861161199,0.23826339987960735,0.0,0.4074489389723901,0.0,0.0016148502672016355,1.3412828505037103e-07,0.5448358017259712,0.0,0.0,1.1671101364520764,lhs_candidate_000019_june2024_preflight,pa1_candidate_000019
2024-06-24T02:00,27.0,89.0,0.0,0.0,0.0,0.81,100600.0,25.0,0.39,0.0,27.3,0.312,0,0,0,1.0,27.094419176743767,88.92551605099287,0.02300835409129185,30.63188945138896,0.2382396866788633,0.0,0.3970354683463788,0.0,0.0016423797008159218,1.3066515587868391e-07,0.5446894239436006,0.0,0.0,1.167254309066201,lhs_candidate_000019_june2024_preflight,pa1_candidate_000019
2024-06-24T03:00,27.0,89.0,0.0,0.0,0.0,0.85,100560.0,25.0,0.41,0.0,27.3,0.31,0,0,0,1.0,27.05059371535634,89.05161510194326,0.022985203071788737,30.516019083713132,0.23821636351930456,0.0,0.39150729040231,0.0,0.001673488187098777,1.2881176560161375e-07,0.5445454538228677,0.0,0.0,1.1669605285449611,lhs_candidate_000019_june2024_preflight,pa1_candidate_000019
2024-06-24T04:00,27.0,89.0,0.0,0.0,0.0,0.98,100570.0,24.9,0.41,0.0,27.2,0.308,0,0,0,1.0,27.04419249105058,89.04870115708829,0.022976313959952976,30.40342011857091,0.23819319237952805,0.0,0.39146450488216056,0.0,0.0019103210526060942,1.2876385818802338e-07,0.5444024220958521,0.0,0.0,1.1671014610264843,lhs_candidate_000019_june2024_preflight,pa1_candidate_000019
2024-06-24T05:00,26.9,89.0,0.0,0.0,0.0,0.92,100600.0,25.0,0.39,0.0,27.1,0.307,0,0,0,1.0,26.982567612694464,88.93800455747353,0.02286964054317215,30.293773064083318,0.2381699103017454,0.0,0.3939945927210333,0.0,0.0018316740821154173,1.2956186434754e-07,0.5442587055663296,0.0,0.0,1.1676893142412503,lhs_candidate_000019_june2024_preflight,pa1_candidate_000019
2024-06-24T06:00,27.0,89.0,12.0,1.0,11.0,0.72,100620.0,25.0,0.39,0.01,27.1,0.305,1,0,0,1.0,27.0326484212048,89.62040489764898,0.02310906245694045,30.19025873730996,0.23812462672187298,1443.0064,0.3707772913057199,10.2,0.001413438522986697,3.7329914896140693e-07,0.5439791772955123,0.0,0.0,1.1677266096941608,lhs_candidate_000019_june2024_preflight,pa1_candidate_000019
2024-06-24T07:00,27.4,89.0,119.0,31.0,88.0,0.91,100700.0,25.4,0.4,0.08,27.9,0.303,0,0,0,1.0,27.54573005844699,93.1957258593431,0.024721449571347857,30.1294446793149,0.2468891866425907,13568.0512,0.25047172487392233,101.14999999999999,0.001867716610098588,2.831889244308617e-06,0.5980813990283378,0.0,0.0,1.1666609411208433,lhs_candidate_000019_june2024_preflight,pa1_candidate_000019
2024-06-24T08:00,28.1,85.0,193.0,40.0,153.0,0.91,100750.0,25.4,0.56,0.15,28.1,0.301,0,0,0,1.0,28.40105560307848,91.54916373193949,0.025452583303486962,30.13871667418797,0.2462266393374254,22366.907199999998,0.3269713737165221,164.04999999999998,0.001994783962902719,4.533044701580948e-06,0.5939916008483049,0.0,0.0,1.1639294327821301,lhs_candidate_000019_june2024_preflight,pa1_candidate_000019
2024-06-24T09:00,28.7,84.0,245.0,30.0,215.0,0.85,100780.0,25.6,0.64,0.19,28.9,0.299,0,0,0,1.0,29.23755932777336,90.53454218226317,0.026345808437703726,30.20483478027599,0.24530586018982437,29124.215999999997,0.3843921140670581,208.25,0.0020827774310271264,5.688416607267151e-06,0.5883077789495331,0.0,0.0,1.1610552408061965,lhs_candidate_000019_june2024_preflight,pa1_candidate_000019
2024-06-24T10:00,29.0,81.0,262.0,37.0,225.0,0.63,100780.0,25.4,0.75,0.21,29.3,0.297,0,0,0,1.0,29.76994522849286,87.9577687197999,0.026346242364762337,30.305903324644515,0.2442492485386153,30972.04,0.5042559341672113,222.7,0.001969359242033849,6.04844064339852e-06,0.5817854848062672,0.0,0.0,1.1590146705172528,lhs_candidate_000019_june2024_preflight,pa1_candidate_000019
2024-06-24T11:00,30.3,72.0,529.0,126.0,403.0,0.36,100690.0,24.7,1.19,0.4,30.7,0.293,0,1,0,1.0,31.26304702012664,79.63863527910149,0.025851352160337304,30.504326961498418,0.2426240700903521,60730.5072,0.9285414716579776,449.65,0.003258650700483842,1.1970777201430304e-05,0.5717535190762476,0.0,0.0,1.1522999086876442,lhs_candidate_000019_june2024_preflight,pa1_candidate_000019
2024-06-24T12:00,31.3,67.0,736.0,433.0,303.0,0.51,100630.0,24.5,1.5,0.56,31.9,0.289,0,1,0,1.0,33.086080562901714,72.44040397332375,0.025907757614564,30.873080545709918,0.24008008261176755,75428.2672,1.3929960088639177,625.6,0.003942803946621791,1.6231523095606047e-05,0.5560498926652319,0.0,0.0,1.1447576746081292,lhs_candidate_000019_june2024_preflight,pa1_candidate_000019
2024-06-24T13:00,31.9,65.0,689.0,411.0,278.0,0.45,100580.0,24.4,1.66,0.53,32.5,0.285,0,1,0,1.0,34.01909336641713,67.8152716386334,0.025473650448184705,31.310730150644616,0.23728201045201108,70412.7072,1.7138103002086602,585.65,0.004096452351527106,1.4856403600126638e-05,0.5387778422963647,0.0,0.0,1.1407134550688054,lhs_candidate_000019_june2024_preflight,pa1_candidate_000019
2024-06-24T14:00,31.5,67.0,385.0,152.0,233.0,0.42,100480.0,24.5,1.54,0.31,32.3,0.285,0,1,0,1.0,33.34683126990437,66.82776613207946,0.024231375939093084,31.642047857239433,0.23519888567606517,42077.4992,1.701349525313912,327.25,0.003918972550731049,8.339666176891846e-06,0.5259190473831183,0.0,0.0,1.142078842936657,lhs_candidate_000019_june2024_preflight,pa1_candidate_000019
2024-06-24T15:00,30.7,73.0,481.0,224.0,257.0,0.85,100440.0,25.3,1.19,0.37,32.0,0.309,0,1,0,1.0,32.59823476574298,72.425129895223,0.025242518418346616,31.882797252671285,0.23354938126822314,51369.8768,1.3561025669085414,408.84999999999997,0.0043165410588651455,9.97766903849724e-06,0.5157369214087848,0.0,0.0,1.1444193558239935,lhs_candidate_000019_june2024_preflight,pa1_candidate_000019
2024-06-24T16:00,30.2,76.0,322.0,144.0,178.0,0.5,100450.0,25.4,1.05,0.24,31.2,0.31,0,1,0,1.0,31.767907721337675,75.16513606160468,0.025066344545144198,32.07991912270214,0.23205634855171714,34598.4672,1.1654428407767878,273.7,0.0038026150525434085,6.638916210098257e-06,0.506520670072328,0.0,0.0,1.147649994145732,lhs_candidate_000019_june2024_preflight,pa1_candidate_000019
2024-06-24T17:00,28.9,85.0,112.0,34.0,78.0,0.22,100470.0,26.2,0.59,0.09,30.4,0.332,0,1,0,1.0,30.150706227400722,81.77421083147566,0.025003622072619882,32.13854173954935,0.23124401114587828,12600.2272,0.7800420830861912,95.2,0.0034178210715197378,2.399857056960469e-06,0.5015062416412239,0.0,0.0,1.1539989920817284,lhs_candidate_000019_june2024_preflight,pa1_candidate_000019
2024-06-24T18:00,28.5,89.0,46.0,9.0,37.0,0.2,100470.0,26.5,0.44,0.03,29.6,0.336,1,0,0,1.0,29.062798118500762,88.89306699415381,0.02562329844779537,32.08075097330618,0.23093863878608442,5349.748799999999,0.4465250771185545,39.1,0.0013875583461890283,1.0200321006563465e-06,0.4996212270745952,0.0,0.0,1.1581531671165521,lhs_candidate_000019_june2024_preflight,pa1_candidate_000019
2024-06-24T19:00,28.7,83.0,0.0,0.0,0.0,0.36,100540.0,25.6,0.66,0.01,29.1,0.333,0,0,0,1.0,28.76913560768914,85.72641457852728,0.024318071968981673,31.977054583337353,0.23987825185774456,0.0,0.5641698881158357,0.0,0.0008320137278639078,1.8911720794864744e-07,0.554804023813238,0.0,0.0,1.1600873476728666,lhs_candidate_000019_june2024_preflight,pa1_candidate_000019
2024-06-24T20:00,28.5,84.0,0.0,0.0,0.0,0.28,100620.0,25.5,0.62,0.0,28.6,0.33,0,0,0,1.0,28.622823463695866,84.38184778898413,0.023746168333941817,31.860094687731593,0.23984147940950803,0.0,0.6121050936474588,0.0,0.000821750010469038,2.0510177390083852e-07,0.5545770333920249,0.0,0.0,1.1615733395292887,lhs_candidate_000019_june2024_preflight,pa1_candidate_000019
2024-06-24T21:00,27.8,89.0,0.0,0.0,0.0,0.71,100640.0,25.9,0.4,0.0,28.3,0.327,0,0,0,1.0,28.134156364180882,87.51175157291628,0.02397689236476232,31.739355178780485,0.2398079224149009,0.0,0.47574698657725767,0.0,0.001703316211679865,1.5935189192178174e-07,0.5543698914500056,0.0,0.0,1.1636886082349758,lhs_candidate_000019_june2024_preflight,pa1_candidate_000019
2024-06-24T22:00,27.2,92.0,0.0,0.0,0.0,0.7,100700.0,25.8,0.29,0.0,28.0,0.325,0,0,0,1.0,27.524805961438357,90.64307835964843,0.024016617202994504,31.60730108407895,0.23978346188856367,0.0,0.34401622577872093,0.0,0.0016799435975739555,1.1519716788707965e-07,0.5542189005466893,0.0,0.0,1.1667421295883311,lhs_candidate_000019_june2024_preflight,pa1_candidate_000019
2024-06-24T23:00,26.9,93.0,0.0,0.0,0.0,0.54,100730.0,25.7,0.24,0.0,27.7,0.322,0,0,0,1.0,27.11110282735298,92.2934204088801,0.023901795039052025,31.46584181617723,0.23976506580536328,0.0,0.27656182054649436,0.0,0.001317960143395655,9.259043133090671e-08,0.5541053444775511,0.0,0.0,1.1686977484790668,lhs_candidate_000019_june2024_preflight,pa1_candidate_000019
2024-06-25T00:00,26.9,94.0,0.0,0.0,0.0,0.81,100740.0,25.8,0.22,0.0,27.6,0.32,0,0,0,1.0,26.978758284442595,93.61857658043603,0.0240681345980547,31.321868774162223,0.23974996163440482,0.0,0.22723607363061715,0.0,0.0016271674825494744,7.606381021087463e-08,0.5540121088543507,0.0,0.0,1.169329170495382,lhs_candidate_000019_june2024_preflight,pa1_candidate_000019
2024-06-25T01:00,26.8,94.0,0.0,0.0,0.0,0.6,100730.0,25.7,0.22,0.0,27.5,0.319,0,0,0,1.0,26.904156345416123,93.77487465257958,0.024008954008171927,31.1805682722489,0.23973657520055214,0.0,0.22070196526556396,0.0,0.0012832955269134027,7.386559819897105e-08,0.5539294765466182,0.0,0.0,1.1695037959287706,lhs_candidate_000019_june2024_preflight,pa1_candidate_000019
2024-06-25T02:00,26.1,98.0,0.0,0.0,0.0,0.85,100640.0,25.7,0.08,0.0,27.5,0.348,0,0,0,1.0,26.45026699869524,96.18716662128101,0.02401421736521436,31.037935846363517,0.23972541723385454,0.0,0.1316173170816115,0.0,0.0019381715760550702,4.404484120614922e-08,0.5538606002089786,0.0,0.0,1.1702290659314043,lhs_candidate_000019_june2024_preflight,pa1_candidate_000019
2024-06-25T03:00,25.9,97.0,0.0,0.0,0.0,0.73,100620.0,25.4,0.1,0.0,27.4,0.353,0,0,0,1.0,26.08186076808369,96.45652174961839,0.023592737696100853,30.88743679116424,0.23971839748825774,0.0,0.1196894998552307,0.0,0.0015898173221069749,4.0050144583167226e-08,0.5538172684460354,0.0,0.0,1.1714369767649275,lhs_candidate_000019_june2024_preflight,pa1_candidate_000019
2024-06-25T04:00,25.7,97.0,0.0,0.0,0.0,0.92,100570.0,25.2,0.11,0.0,27.3,0.359,0,0,0,1.0,25.86405973067773,96.36084258343355,0.023284710893382733,30.73492325864963,0.23971107325534838,0.0,0.12134850157920729,0.0,0.0019016812514964848,4.0601959963551486e-08,0.5537720571317801,0.0,0.0,1.1717077148931985,lhs_candidate_000019_june2024_preflight,pa1_candidate_000019
2024-06-25T05:00,25.7,96.0,0.0,0.0,0.0,1.14,100660.0,25.1,0.12,0.0,27.2,0.361,0,0,0,1.0,25.780449754056516,95.77745823023909,0.023035923207333338,30.58316876810909,0.23970334450184613,0.0,0.14010645025960633,0.0,0.002237189730551452,4.687413794401561e-08,0.553724348776828,0.0,0.0,1.1730842915600257,lhs_candidate_000019_june2024_preflight,pa1_candidate_000019
2024-06-25T06:00,25.7,97.0,8.0,1.0,7.0,0.67,100650.0,25.2,0.11,0.01,27.2,0.359,1,0,0,1.0,25.788808095254197,96.83867108508674,0.023302039055091733,30.437827299409907,0.2396804059402648,950.2767999999999,0.10494670131382877,6.8,0.001387016861562137,2.0568450217593557e-07,0.553582752717684,0.0,0.0,1.1729349560641282,lhs_candidate_000019_june2024_preflight,pa1_candidate_000019
2024-06-25T07:00,27.4,87.0,106.0,30.0,76.0,0.57,100720.0,25.1,0.47,0.08,28.2,0.356,0,0,0,1.0,27.010336307250984,94.48204019121486,0.02433260320294952,30.338962232523073,0.24848792859849464,12001.8624,0.19685336951973476,90.1,0.0015579630124527694,2.5545022308228443e-06,0.6079501765339176,0.0,0.0,1.1689740290489719,lhs_candidate_000019_june2024_preflight,pa1_candidate_000019
2024-06-25T08:00,27.8,83.0,222.0,86.0,136.0,0.41,100740.0,24.7,0.63,0.16,28.0,0.352,0,0,0,1.0,28.220371038068734,94.52302461744237,0.026020586515397293,30.33885118451648,0.24778696062741537,24320.806399999998,0.2096971454289429,188.7,0.001395267056840161,5.238034564358902e-06,0.6036232137494776,0.0,0.0,1.1645116630334735,lhs_candidate_000019_june2024_preflight,pa1_candidate_000019
2024-06-25T09:00,28.6,79.0,319.0,143.0,176.0,0.28,100720.0,24.5,0.84,0.24,28.7,0.347,0,0,0,1.0,29.270959405934676,92.2381453393361,0.0268903514126084,30.424280479373586,0.2466447298472054,34264.102399999996,0.3158166441760746,271.15,0.0015511541504612868,7.4440318478261115e-06,0.5965724064642308,0.0,0.0,1.1602358460307693,lhs_candidate_000019_june2024_preflight,pa1_candidate_000019
2024-06-25T10:00,28.9,76.0,335.0,68.0,267.0,0.5,100700.0,24.3,0.93,0.26,29.8,0.343,0,0,0,1.0,29.91979381483629,85.06223428895969,0.025686419413075107,30.56157278764719,0.24527071016595842,38873.7008,0.6309090919326432,284.75,0.002031776316226124,7.812590292039826e-06,0.5880908034935705,0.0,0.0,1.1575220314939663,lhs_candidate_000019_june2024_preflight,pa1_candidate_000019
2024-06-25T11:00,29.6,73.0,543.0,154.0,389.0,1.3,100670.0,24.2,1.14,0.41,30.5,0.338,0,1,0,1.0,30.89200327463684,76.58722655200711,0.02437119257975251,30.774088218337848,0.2434421899236947,61469.9536,1.0453906036379728,461.55,0.004587966692737661,1.2428275025915943e-05,0.5768036415042883,0.0,0.0,1.1534769809257484,lhs_candidate_000019_june2024_preflight,pa1_candidate_000019
2024-06-25T12:00,30.2,69.0,588.0,244.0,344.0,2.33,100600.0,24.0,1.31,0.45,31.2,0.332,0,1,0,1.0,31.789144086248033,69.70887790670103,0.023273110648639725,31.075894965270336,0.24113178011082673,63846.745599999995,1.4232021334268738,499.8,0.006370121193109738,1.3224447756823454e-05,0.5625418525359674,0.0,0.0,1.1492837139924859,lhs_candidate_000019_june2024_preflight,pa1_candidate_000019
2024-06-25T13:00,31.1,66.0,871.0,682.0,189.0,2.0,100610.0,24.0,1.54,0.65,32.4,0.326,0,1,0,1.0,33.23706730293455,67.47777093509447,0.024325921665501977,31.48560724729907,0.2382403332096686,83297.4736,1.657795725920729,740.35,0.006001634472459332,1.8819520146706797e-05,0.5446934148744975,0.0,0.0,1.1439661349902002,lhs_candidate_000019_june2024_preflight,pa1_candidate_000019
2024-06-25T14:00,29.9,72.0,352.0,107.0,245.0,1.43,100560.0,24.2,1.2,0.28,31.7,0.322,0,1,0,1.0,32.08434630501901,68.60357023284016,0.023267030425425515,31.830016543944325,0.2358653791852173,39595.688,1.4999597712560102,299.2,0.0051714651235248675,7.666692358362618e-06,0.5300332048470204,0.0,0.0,1.14771567404642,lhs_candidate_000019_june2024_preflight,pa1_candidate_000019
2024-06-25T15:00,29.9,71.0,299.0,206.0,93.0,0.85,100580.0,24.1,1.22,0.24,31.3,0.318,0,1,0,1.0,31.101289061765865,71.68234117426519,0.02306792127941471,31.966981334788688,0.23460077520337777,29583.9632,1.2795514605971237,254.15,0.003921045449693756,6.418136237556325e-06,0.5222270074282579,0.0,0.0,1.1516530262365636,lhs_candidate_000019_june2024_preflight,pa1_candidate_000019
2024-06-25T16:00,30.0,71.0,370.0,253.0,117.0,0.22,100550.0,24.1,1.23,0.27,31.3,0.314,0,1,0,1.0,31.21103298136855,73.41298664230341,0.023764177751158293,32.09627635942576,0.23332925252303252,36676.3408,1.2088716921840414,314.5,0.0033834578826693103,7.706410732487857e-06,0.5143781019940279,0.0,0.0,1.1508943932275286,lhs_candidate_000019_june2024_preflight,pa1_candidate_000019
2024-06-25T17:00,29.6,74.0,195.0,106.0,89.0,0.4,100560.0,24.4,1.09,0.14,30.8,0.311,0,1,0,1.0,30.69964028711844,73.75813356809107,0.023229605213183978,32.19086434778959,0.23226129004863663,20291.2336,1.158929621045286,165.75,0.0033994030786075246,4.169531325827021e-06,0.5077857410409669,0.0,0.0,1.1529460531220352,lhs_candidate_000019_june2024_preflight,pa1_candidate_000019
2024-06-25T18:00,29.2,77.0,76.0,49.0,27.0,0.14,100560.0,24.8,0.92,0.05,30.2,0.309,1,0,0,1.0,29.868335405180886,77.70423221902286,0.023399272165178498,32.18178180291908,0.2317270549661654,7637.924799999999,0.9389029878995343,64.6,0.0014760792803334304,1.763004324854403e-06,0.504487993618305,0.0,0.0,1.156109061991744,lhs_candidate_000019_june2024_preflight,pa1_candidate_000019
2024-06-25T19:00,29.1,75.0,1.0,0.0,1.0,0.82,100600.0,24.3,0.99,0.0,29.6,0.308,0,0,0,1.0,29.318436607140143,75.77985165990317,0.02214932126950527,32.10145415030896,0.240578115553782,123.18239999999999,0.9881781284753717,0.85,0.0017738316769050464,3.5536600303974595e-07,0.5591241700850741,0.0,0.0,1.1586716154199206,lhs_candidate_000019_june2024_preflight,pa1_candidate_000019
2024-06-25T20:00,29.0,77.0,0.0,0.0,0.0,1.22,100680.0,24.5,0.92,0.01,29.1,0.306,0,0,0,1.0,29.084474073641633,76.94533987326388,0.022205575443202917,31.993008220507495,0.24051721241178,0.0,0.9280131699555194,0.0,0.0023884474903029963,3.13293827622983e-07,0.5587482247640742,0.0,0.0,1.1604906760661977,lhs_candidate_000019_june2024_preflight,pa1_candidate_000019
2024-06-25T21:00,28.0,87.0,0.0,0.0,0.0,0.92,100700.0,25.5,0.51,0.0,28.6,0.305,0,0,0,1.0,28.436666419993863,84.65966811568124,0.023583074513553882,31.87842811486473,0.24046996517427097,0.0,0.5947609676487042,0.0,0.0021155391321187552,2.0068430591479587e-07,0.5584565751498208,0.0,0.0,1.1632144337988202,lhs_candidate_000019_june2024_preflight,pa1_candidate_000019
2024-06-25T22:00,27.7,89.0,0.0,0.0,0.0,1.12,100760.0,25.8,0.39,0.0,28.2,0.304,0,0,0,1.0,27.907086250972927,88.18161617815541,0.02386112670386184,31.749774983639647,0.2404394495838194,0.0,0.4443155802335599,0.0,0.002289092652461287,1.4987043958879797e-07,0.5582682073075272,0.0,0.0,1.165954904468543,lhs_candidate_000019_june2024_preflight,pa1_candidate_000019
2024-06-25T23:00,27.3,92.0,0.0,0.0,0.0,1.04,100790.0,26.0,0.28,0.0,27.9,0.302,0,0,0,1.0,27.528134043885462,90.93393440694152,0.024098101180177505,31.614652439389733,0.24041578658255164,0.0,0.3333874522476217,0.0,0.0021624875399612106,1.124242614645487e-07,0.5581221393984669,0.0,0.0,1.1677719723950564,lhs_candidate_000019_june2024_preflight,pa1_candidate_000019
2024-06-26T00:00,27.1,93.0,0.0,0.0,0.0,0.92,100800.0,26.0,0.24,0.0,27.8,0.302,0,0,0,1.0,27.255778659074284,92.39510592672032,0.024120183179627618,31.475073709523286,0.24039757914571358,0.0,0.27523571707578043,0.0,0.0018941030920405033,9.279575714524169e-08,0.5580097478130468,0.0,0.0,1.1689466705745521,lhs_candidate_000019_june2024_preflight,pa1_candidate_000019
2024-06-26T01:00,27.1,94.0,0.0,0.0,0.0,0.91,100750.0,26.0,0.22,0.0,27.8,0.301,0,0,0,1.0,27.169350104274958,93.66169973462328,0.02433436805482824,31.33533874234637,0.24038237414641145,0.0,0.2282369040146821,0.0,0.001801655326002807,7.693715820769719e-08,0.5579158897926633,0.0,0.0,1.1687030788428296,lhs_candidate_000019_june2024_preflight,pa1_candidate_000019
2024-06-26T02:00,27.1,92.0,0.0,0.0,0.0,0.85,100710.0,25.6,0.29,0.0,27.5,0.299,0,0,0,1.0,27.158260166755596,92.22242399515504,0.02394574752190814,31.199218067583697,0.24036729740867097,0.0,0.27988209308015,0.0,0.001680742330903678,9.433067355892377e-08,0.5578228235103146,0.0,0.0,1.1682822189525408,lhs_candidate_000019_june2024_preflight,pa1_candidate_000019
2024-06-26T03:00,27.1,90.0,0.0,0.0,0.0,0.95,100650.0,25.3,0.36,0.0,27.3,0.298,0,0,0,1.0,27.153809670790388,90.26273504993947,0.023431146061586878,31.06733561019935,0.24034819562638557,0.0,0.35031164693790595,0.0,0.0018623485873079475,1.1804309517666476e-07,0.557704911273985,0.0,0.0,1.1676034950187817,lhs_candidate_000019_june2024_preflight,pa1_candidate_000019
2024-06-26T04:00,27.0,90.0,0.0,0.0,0.0,1.12,100670.0,25.1,0.37,0.0,27.0,0.297,0,0,0,1.0,27.090837880693552,89.82902123740048,0.02323752247345741,30.939021126103075,0.24032627336819917,0.0,0.3645670141450532,0.0,0.002207219970457104,1.228168607103239e-07,0.5575695886925875,0.0,0.0,1.168080446641986,lhs_candidate_000019_june2024_preflight,pa1_candidate_000019
2024-06-26T05:00,27.8,85.0,0.0,0.0,0.0,0.91,100650.0,25.0,0.58,0.0,26.9,0.296,0,0,0,1.0,27.528925561292144,86.73797412862751,0.02298714626967776,30.81802359026665,0.24030125633010538,0.0,0.4877085291336538,0.0,0.001971462943675364,1.6425578399863164e-07,0.5574151625315147,0.0,0.0,1.166146836145968,lhs_candidate_000019_june2024_preflight,pa1_candidate_000019
2024-06-26T06:00,27.9,85.0,16.0,5.0,11.0,1.0,100750.0,25.0,0.58,0.02,27.0,0.295,1,0,0,1.0,27.895805736875037,85.87283765582872,0.02322199440248553,30.718283158864104,0.240238804241071,1795.0064,0.5307657909904062,13.6,0.001914853558460157,5.219225632036197e-07,0.5570296558090803,0.0,0.0,1.1658828736837363,lhs_candidate_000019_june2024_preflight,pa1_candidate_000019
2024-06-26T07:00,28.1,84.0,98.0,44.0,54.0,0.98,100790.0,25.2,0.6,0.08,28.4,0.294,0,0,0,1.0,28.269767102541984,87.28885890313433,0.024094276600994464,30.65690027433551,0.24901971362207617,10523.849599999998,0.48807105247373883,83.3,0.002011661113296993,2.4874972884726632e-06,0.6112328001362727,0.0,0.0,1.164898709277558,lhs_candidate_000019_june2024_preflight,pa1_candidate_000019
2024-06-26T08:00,28.9,78.0,275.0,180.0,95.0,0.58,100870.0,24.6,0.89,0.2,29.2,0.292,0,0,0,1.0,29.308242786702504,89.30902589690066,0.026089239626970386,30.685835760670194,0.2482024179502818,27542.327999999998,0.43593373336010677,233.75,0.0015869865085299327,6.580648870094219e-06,0.6061877651251963,0.0,0.0,1.1618205260400387,lhs_candidate_000019_june2024_preflight,pa1_candidate_000019
2024-06-26T09:00,29.5,73.0,424.0,233.0,191.0,0.76,100870.0,24.2,1.1,0.32,30.1,0.29,0,1,0,1.0,30.47571534818269,78.1763809048712,0.02432618961681628,30.83412615020724,0.24670224759962145,44031.83839999999,0.9515586371514546,360.4,0.003664942587557828,1.009194787133945e-05,0.5969274543186509,0.0,0.0,1.1573532048714057,lhs_candidate_000019_june2024_preflight,pa1_candidate_000019
2024-06-26T10:00,29.9,74.0,513.0,315.0,198.0,1.41,100860.0,24.7,1.1,0.39,30.8,0.288,0,1,0,1.0,31.301132221765723,76.16773136777714,0.024775122838112063,31.068805389619612,0.24471694215026424,52110.11519999999,1.0891795543726102,436.05,0.004803587621946724,1.1937682940227932e-05,0.5846724824090386,0.0,0.0,1.154101004778872,lhs_candidate_000019_june2024_preflight,pa1_candidate_000019
2024-06-26T11:00,30.1,75.0,634.0,380.0,254.0,1.61,100800.0,25.1,1.08,0.47,31.4,0.285,0,1,0,1.0,31.93715066939935,75.89025167052839,0.025537454074901888,31.371906391193566,0.24235116472975257,64728.3296,1.1422992846456763,538.9,0.00529056086592209,1.431470316660403e-05,0.5700689180848925,0.0,0.0,1.1510099131162863,lhs_candidate_000019_june2024_preflight,pa1_candidate_000019
2024-06-26T12:00,30.7,74.0,806.0,526.0,280.0,1.26,100780.0,25.5,1.15,0.6,32.2,0.281,0,1,0,1.0,32.92823080048349,75.50794387404805,0.02678060969490594,31.76548699470903,0.23947834691323372,80779.072,1.2270357309615818,685.1,0.004960349408902366,1.755694503604197e-05,0.5523354747730477,0.0,0.0,1.1470553119505007,lhs_candidate_000019_june2024_preflight,pa1_candidate_000019
2024-06-26T13:00,30.3,76.0,674.0,349.0,325.0,1.5,100760.0,25.6,1.04,0.5,32.3,0.278,0,1,0,1.0,32.83241221494757,73.96596343700858,0.02610114001918601,32.173042531356096,0.23661340420858337,70746.28,1.2972905001272266,572.9,0.0054047657405127516,1.429914432300319e-05,0.5346506432628604,0.0,0.0,1.1471868062558646,lhs_candidate_000019_june2024_preflight,pa1_candidate_000019
2024-06-26T14:00,30.3,72.0,576.0,276.0,300.0,1.55,100650.0,24.6,1.22,0.44,32.3,0.275,0,1,0,1.0,32.399862152856976,71.13261127896082,0.02453260362666273,32.49326033458909,0.23425148776094817,61242.72,1.40390004480293,489.59999999999997,0.005305915910233996,1.1979575503746409e-05,0.5200709121046184,0.0,0.0,1.1475566549712852,lhs_candidate_000019_june2024_preflight,pa1_candidate_000019
2024-06-26T15:00,30.0,71.0,400.0,188.0,212.0,1.22,100690.0,24.1,1.24,0.31,31.9,0.278,0,1,0,1.0,31.739602241650704,70.16155377537719,0.023362436854035815,32.71520593706094,0.23243197131063076,42658.66879999999,1.3980073857348394,340.0,0.004688718915901092,8.269558477160495e-06,0.5088393290779677,0.0,0.0,1.15049881565525,lhs_candidate_000019_june2024_preflight,pa1_candidate_000019
2024-06-26T16:00,28.8,82.0,297.0,146.0,151.0,1.2,100680.0,25.5,0.7,0.22,31.1,0.295,0,1,0,1.0,30.479777766488727,78.80998467187483,0.024528714784945713,32.828942301265954,0.2311474422468287,31448.542399999995,0.9241466387335695,252.45,0.004636415814242387,6.010001903920014e-06,0.5009101373261031,0.0,0.0,1.1551577441721623,lhs_candidate_000019_june2024_preflight,pa1_candidate_000019
2024-06-26T17:00,28.0,83.0,198.0,87.0,111.0,0.54,100750.0,24.9,0.63,0.14,30.2,0.327,0,0,0,1.0,29.29432567226743,83.69214674555997,0.024429932322325463,32.84990296394487,0.23025063650181057,21329.2464,0.6644334633807634,168.29999999999998,0.0022702336925998876,3.976855161555092e-06,0.49537429939389244,0.0,0.0,1.1604917643033406,lhs_candidate_000019_june2024_preflight,pa1_candidate_000019
2024-06-26T18:00,27.1,90.0,57.0,23.0,34.0,0.32,100800.0,25.3,0.37,0.04,29.3,0.332,1,0,0,1.0,28.006887643029586,88.37579951111897,0.02404511251574463,32.77349543777016,0.2297841939742463,6212.201599999999,0.43956292564595767,48.449999999999996,0.0018030851420482831,1.2120796659381797e-06,0.49249502453238453,0.0,0.0,1.1660312255621375,lhs_candidate_000019_june2024_preflight,pa1_candidate_000019
2024-06-26T19:00,26.4,98.0,1.0,0.0,1.0,0.45,100830.0,26.0,0.08,0.0,28.8,0.334,0,0,0,1.0,26.917766431243464,95.23483341964163,0.024401126619347985,32.61345584373015,0.2387130241453439,123.18239999999999,0.16907647711617146,0.85,0.0015454220810168263,7.70346793805508e-08,0.5476112601564438,0.0,0.0,1.170611726716505,lhs_candidate_000019_june2024_preflight,pa1_candidate_000019
2024-06-26T20:00,26.6,91.0,0.0,0.0,0.0,0.3,100900.0,24.9,0.32,0.0,28.3,0.331,0,0,0,1.0,26.65541222070287,92.845029437259,0.023445380769400326,32.42448493262839,0.23870012941807434,0.0,0.2499871339350399,0.0,0.0007109037228529359,8.270055787494967e-08,0.5475316630745329,0.0,0.0,1.1724495016453924,lhs_candidate_000019_june2024_preflight,pa1_candidate_000019
2024-06-26T21:00,26.7,89.0,0.0,0.0,0.0,0.67,100910.0,24.7,0.38,0.0,27.9,0.329,0,0,0,1.0,26.736438866842366,89.57417724985243,0.02272130790522113,32.24098822559538,0.2386813947896159,0.0,0.3660069808688826,0.0,0.0013251712335193514,1.2105658328287403e-07,0.5474160172198512,0.0,0.0,1.1722488839891685,lhs_candidate_000019_june2024_preflight,pa1_candidate_000019
2024-06-26T22:00,26.9,88.0,0.0,0.0,0.0,0.95,100960.0,24.6,0.44,0.0,27.6,0.327,0,0,0,1.0,26.887986399868296,88.36503671276084,0.02260363565507874,32.066310371894915,0.23865808106147776,0.0,0.41210776811323946,0.0,0.001826309256567044,1.362685567575187e-07,0.5472721053177639,0.0,0.0,1.1722373329700273,lhs_candidate_000019_june2024_preflight,pa1_candidate_000019
2024-06-26T23:00,26.9,88.0,0.0,0.0,0.0,0.73,100980.0,24.7,0.43,0.0,27.4,0.325,0,0,0,1.0,26.959082617211703,88.07056552517324,0.022617167980218844,31.900677263355632,0.23863302472750295,0.0,0.42430498993968513,0.0,0.0014611503184431536,1.402620680524056e-07,0.5471174365895244,0.0,0.0,1.172191791637826,lhs_candidate_000019_june2024_preflight,pa1_candidate_000019
2024-06-27T00:00,26.2,91.0,0.0,0.0,0.0,1.0,100960.0,24.6,0.3,0.0,27.1,0.323,0,0,0,1.0,26.547469109518723,89.55795696003035,0.02248022333781598,31.73691070077437,0.23860913201218223,0.0,0.3625239502347677,0.0,0.002181979168185901,1.1980686780209693e-07,0.5469699506924829,0.0,0.0,1.1735692330406404,lhs_candidate_000019_june2024_preflight,pa1_candidate_000019
2024-06-27T01:00,27.2,86.0,0.0,0.0,0.0,0.81,100960.0,24.6,0.5,0.0,27.0,0.323,0,0,0,1.0,26.895778015202907,87.7769791978665,0.02246290254519586,31.573558878815856,0.23858672647448528,0.0,0.43313474042841404,0.0,0.0018345717955742592,1.4310611784327812e-07,0.5468316449042302,0.0,0.0,1.1722068922071551,lhs_candidate_000019_june2024_preflight,pa1_candidate_000019
2024-06-27T02:00,27.1,87.0,0.0,0.0,0.0,0.67,100920.0,24.8,0.46,0.0,26.9,0.322,0,0,0,1.0,27.157430845226717,87.0551629468699,0.02260302123816938,31.427849213848138,0.23855921080183645,0.0,0.465807344927196,0.0,0.0013500738626457962,1.5385322288486182e-07,0.5466617950730646,0.0,0.0,1.1707215483546451,lhs_candidate_000019_june2024_preflight,pa1_candidate_000019
2024-06-27T03:00,27.0,88.0,0.0,0.0,0.0,0.5,100880.0,24.7,0.44,0.0,26.8,0.321,0,0,0,1.0,27.09679571579837,87.89764045568397,0.022745393014074262,31.287986521472842,0.23853238931415957,0.0,0.4339466760273747,0.0,0.0011051443794995398,1.4328643565754235e-07,0.5464962303343184,0.0,0.0,1.1704938633504554,lhs_candidate_000019_june2024_preflight,pa1_candidate_000019
2024-06-27T04:00,27.0,87.0,0.0,0.0,0.0,0.54,100880.0,24.7,0.45,0.0,26.6,0.319,0,0,0,1.0,27.05962040167624,87.45590104311745,0.022584604956857084,31.1510636965671,0.23850644340729749,0.0,0.4488065245928987,0.0,0.001120292172870747,1.4814963278100038e-07,0.5463360704154165,0.0,0.0,1.170638806996798,lhs_candidate_000019_june2024_preflight,pa1_candidate_000019
2024-06-27T05:00,24.7,96.0,0.0,0.0,0.0,1.0,100920.0,24.1,0.11,0.0,26.4,0.318,0,0,0,1.0,25.676722745032457,91.38626021612653,0.021852719213997288,31.004334461232204,0.23848316680642412,0.0,0.284058288156253,0.0,0.0026030890711504703,9.374209418134168e-08,0.546192387693976,0.0,0.0,1.1765225585982964,lhs_candidate_000019_june2024_preflight,pa1_candidate_000019
2024-06-27T06:00,25.0,97.0,18.0,9.0,9.0,0.81,100930.0,24.5,0.09,0.0,26.6,0.316,1,0,0,1.0,25.1001908315229,96.95158685333432,0.022446468429375994,30.83362799305872,0.23843897450111756,1900.6415999999997,0.09714475594946403,15.299999999999999,0.0016486080341587502,4.1054015310568414e-07,0.5459195956859109,0.0,0.0,1.1789136381694276,lhs_candidate_000019_june2024_preflight,pa1_candidate_000019
2024-06-27T07:00,27.3,89.0,160.0,107.0,53.0,0.5,100990.0,25.3,0.4,0.1,28.5,0.315,0,0,0,1.0,26.812689036590097,98.51716081854072,0.02509562762397754,30.726970066398607,0.24712121597463904,15944.667199999998,0.05229006368516087,136.0,0.0015701718132539613,3.7136547374989546e-06,0.5995136788557965,1.3297536475572717e-06,0.0,1.1728800055307054,lhs_candidate_000019_june2024_preflight,pa1_candidate_000019
2024-06-27T08:00,28.4,85.0,390.0,303.0,87.0,0.2,101030.0,25.6,0.59,0.27,28.6,0.313,0,0,0,1.0,28.960358240473123,100.0,0.028664449777994976,30.781711081683195,0.2459842940422014,37380.8688,0.0,331.5,0.0013849929981469967,8.900440462339991e-06,0.5924956422358111,5.97457372688968e-08,0.0,1.165003381451882,lhs_candidate_000019_june2024_preflight,pa1_candidate_000019
2024-06-27T09:00,29.4,75.0,546.0,417.0,129.0,0.7,101070.0,24.5,1.02,0.4,29.4,0.31,0,1,0,1.0,30.633939952363782,81.11385318522755,0.025456130461689076,30.990039013319517,0.24406064047103862,52586.5296,0.8309544786307028,464.09999999999997,0.0037702536511062803,1.250239804691861e-05,0.5806212374755471,0.0,0.0,1.1590439492046638,lhs_candidate_000019_june2024_preflight,pa1_candidate_000019
2024-06-27T10:00,29.9,72.0,731.0,578.0,153.0,1.1,101060.0,24.4,1.17,0.53,31.0,0.306,0,1,0,1.0,31.88881855694669,75.168278064208,0.025229468580926073,31.322787538896005,0.24146280609288764,69710.9072,1.1732948197266255,621.35,0.00465227215859281,1.6296997827374168e-05,0.5645852227956027,0.0,0.0,1.154161630957232,lhs_candidate_000019_june2024_preflight,pa1_candidate_000019
2024-06-27T11:00,30.6,69.0,846.0,644.0,202.0,1.24,100970.0,24.3,1.36,0.63,31.9,0.302,0,1,0,1.0,32.99777411533892,70.95823923018354,0.025259604176898563,31.75692803404144,0.23834971390951482,81554.84479999999,1.4606611076633147,719.1,0.005008305287753488,1.825272982258061e-05,0.5453686043797211,0.0,0.0,1.1489567974809016,lhs_candidate_000019_june2024_preflight,pa1_candidate_000019
2024-06-27T12:00,30.9,68.0,776.0,575.0,201.0,1.58,100900.0,24.2,1.44,0.58,32.3,0.298,0,1,0,1.0,33.44264357112528,67.5625050213282,0.02462171762791838,32.21093590338443,0.23524491714414883,75359.6624,1.6726048285915454,659.6,0.005517278415673626,1.625989981050919e-05,0.5262031922478323,0.0,0.0,1.146494260444347,lhs_candidate_000019_june2024_preflight,pa1_candidate_000019
2024-06-27T13:00,31.0,67.0,777.0,530.0,247.0,2.01,100830.0,24.2,1.46,0.58,32.6,0.294,0,1,0,1.0,33.55765361805584,65.54006760246816,0.024029677493029273,32.636899184018986,0.2323627548977027,77066.0528,1.78834702727519,660.4499999999999,0.006156181714345087,1.5765283550260246e-05,0.5084120672697697,0.0,0.0,1.1452692557567272,lhs_candidate_000019_june2024_preflight,pa1_candidate_000019
2024-06-27T14:00,30.3,70.0,678.0,518.0,160.0,2.19,100770.0,24.3,1.28,0.5,32.5,0.291,0,1,0,1.0,32.94547670173441,66.63437087401972,0.02365494590708786,33.017423179847576,0.22974395185485158,65293.184,1.6732143976336777,576.3,0.006466198383016023,1.3352702376736838e-05,0.49224661638797274,0.0,0.0,1.1468768737075865,lhs_candidate_000019_june2024_preflight,pa1_candidate_000019
2024-06-27T15:00,30.1,73.0,509.0,386.0,123.0,1.92,100720.0,24.7,1.17,0.38,32.2,0.289,0,1,0,1.0,32.16161184504288,70.25235619051446,0.023924325227072815,33.29153509009473,0.22766324160478324,49119.43519999999,1.427402335747936,432.65,0.005851968851651096,9.812419776741853e-06,0.47940272595545214,0.0,0.0,1.1492508770739651,lhs_candidate_000019_june2024_preflight,pa1_candidate_000019
2024-06-27T16:00,29.9,75.0,421.0,304.0,117.0,1.35,100740.0,24.9,1.07,0.31,31.8,0.287,0,1,0,1.0,31.61811178042873,73.28996280043863,0.02424643245406038,33.46905513841297,0.22606503386991614,41164.3408,1.2428510060224194,357.84999999999997,0.004859374704328176,7.966608139490981e-06,0.46953724611059344,0.0,0.0,1.1515289769534651,lhs_candidate_000019_june2024_preflight,pa1_candidate_000019
2024-06-27T17:00,29.4,74.0,249.0,180.0,69.0,1.65,100690.0,24.3,1.05,0.19,31.1,0.289,0,1,0,1.0,30.745272008105886,72.00423430961709,0.02273292420207128,33.55265138218061,0.2249195161511424,24339.5856,1.2396105570025968,211.65,0.0051539421493624555,4.781859291722459e-06,0.4624661490811259,0.0,0.0,1.1542631906272736,lhs_candidate_000019_june2024_preflight,pa1_candidate_000019
2024-06-27T18:00,28.6,80.0,58.0,28.0,30.0,1.34,100820.0,24.8,0.77,0.05,30.1,0.291,1,0,0,1.0,29.46870503660025,77.79779126312579,0.022925482513985577,33.50542966549269,0.22437474014431427,6159.472,0.9137236650947096,49.3,0.0030500050613895408,1.2791108345427754e-06,0.4591033342241622,0.0,0.0,1.1606288812027539,lhs_candidate_000019_june2024_preflight,pa1_candidate_000019
2024-06-27T19:00,28.1,82.0,1.0,0.0,1.0,1.0,100890.0,24.8,0.67,0.0,29.3,0.292,0,0,0,1.0,28.501909204247625,80.83413112714304,0.02259793095919961,33.361032956217954,0.23328074204251917,123.18239999999999,0.7458992993380087,0.85,0.0022195221948474995,2.514826677700804e-07,0.5140786545834517,0.0,0.0,1.1651571174853286,lhs_candidate_000019_june2024_preflight,pa1_candidate_000019
2024-06-27T20:00,28.0,82.0,0.0,0.0,0.0,0.85,100950.0,24.5,0.7,0.0,28.9,0.294,0,0,0,1.0,28.140262969775442,81.87851041694962,0.022440984560332798,33.18842071988641,0.23323922741248593,0.0,0.6905937910288622,0.0,0.0017562236231510285,2.1439627637443936e-07,0.5138223914350983,0.0,0.0,1.1672494436568337,lhs_candidate_000019_june2024_preflight,pa1_candidate_000019
2024-06-27T21:00,27.8,83.0,0.0,0.0,0.0,0.73,100970.0,24.6,0.63,0.0,28.5,0.293,0,0,0,1.0,27.953267881469902,82.76116380750419,0.022451289175660916,33.01525475442384,0.2332017060433438,0.0,0.6498450448174737,0.0,0.0015598673020853762,2.0165480348828e-07,0.5135907780453322,0.0,0.0,1.16820574076909,lhs_candidate_000019_june2024_preflight,pa1_candidate_000019
2024-06-27T22:00,27.2,88.0,0.0,0.0,0.0,0.41,100980.0,25.0,0.44,0.0,28.2,0.292,0,0,0,1.0,27.522417552959542,86.49700709296236,0.022915065688253494,32.840325008000875,0.23316920880688596,0.0,0.4963812408788151,0.0,0.0012800839988960158,1.539729599542144e-07,0.5133901778202837,0.0,0.0,1.1699955922225265,lhs_candidate_000019_june2024_preflight,pa1_candidate_000019
2024-06-27T23:00,27.2,87.0,0.0,0.0,0.0,0.32,101000.0,24.9,0.46,0.0,27.9,0.291,0,0,0,1.0,27.303430255451843,87.36905925001386,0.02286819849178682,32.66100080636601,0.2331432983502366,0.0,0.45841504617465656,0.0,0.0008384473898861832,1.4215189095097626e-07,0.5132302367298555,0.0,0.0,1.1710802476559308,lhs_candidate_000019_june2024_preflight,pa1_candidate_000019
2024-06-28T00:00,26.9,89.0,0.0,0.0,0.0,0.5,100960.0,24.8,0.4,0.0,27.5,0.29,0,0,0,1.0,27.100420119013673,88.34889363637986,0.022866746543942582,32.48340306695852,0.23311849671792745,0.0,0.41785514965449977,0.0,0.0012454200790345924,1.295358463480786e-07,0.5130771402341201,0.0,0.0,1.1714079494965082,lhs_candidate_000019_june2024_preflight,pa1_candidate_000019
2024-06-28T01:00,26.4,91.0,0.0,0.0,0.0,0.45,100940.0,24.8,0.3,0.0,27.3,0.29,0,0,0,1.0,26.695314936292366,89.9684673394349,0.022769334301957326,32.3036365171098,0.23309699005062043,0.0,0.35131466226027763,0.0,0.0012964412337014171,1.0887999615963531e-07,0.5129443830285212,0.0,0.0,1.172758209575553,lhs_candidate_000019_june2024_preflight,pa1_candidate_000019
2024-06-28T02:00,26.3,90.0,0.0,0.0,0.0,0.45,100910.0,24.6,0.34,0.0,27.2,0.291,0,0,0,1.0,26.44678815162442,89.99860848467233,0.02246482991437,32.12018987788414,0.23307794185911537,0.0,0.3451728490695998,0.0,0.0010990450669354447,1.069519936374516e-07,0.5128268015994776,0.0,0.0,1.173382216324791,lhs_candidate_000019_june2024_preflight,pa1_candidate_000019
2024-06-28T03:00,26.1,89.0,0.0,0.0,0.0,0.3,100890.0,24.1,0.39,0.0,27.0,0.299,0,0,0,1.0,26.270907950796452,89.16024712120205,0.02203893402163814,31.93794847510427,0.23305799299852992,0.0,0.3702478377851275,0.0,0.0009349513959909371,1.1469394524805478e-07,0.5127036604847526,0.0,0.0,1.1738387656954277,lhs_candidate_000019_june2024_preflight,pa1_candidate_000019
2024-06-28T04:00,26.2,89.0,0.0,0.0,0.0,0.64,100940.0,24.2,0.38,0.0,27.0,0.298,0,0,0,1.0,26.249154658331882,89.0577379617346,0.021986959104252277,31.758443543407388,0.2330372091879014,0.0,0.37326983482169673,0.0,0.0012857944578024887,1.1560115341083969e-07,0.5125753653574161,0.0,0.0,1.1745058368504593,lhs_candidate_000019_june2024_preflight,pa1_candidate_000019
2024-06-28T05:00,26.3,89.0,0.0,0.0,0.0,0.41,100970.0,24.3,0.38,0.0,26.9,0.297,0,0,0,1.0,26.332010172701096,89.19023567184989,0.022121424685679295,31.585999125729593,0.23301646406442825,0.0,0.37055651429745895,0.0,0.0008463130464557797,1.1473217116920266e-07,0.5124473090396806,0.0,0.0,1.1745298687578052,lhs_candidate_000019_june2024_preflight,pa1_candidate_000019
2024-06-28T06:00,26.2,91.0,16.0,7.0,9.0,0.5,101030.0,24.6,0.31,0.01,26.9,0.296,1,0,0,1.0,26.346700078883853,91.13413829074806,0.022622038210621778,31.425101825700626,0.23296893527036072,1724.6416,0.3041832809367748,13.6,0.0011752913784031124,4.097605512058832e-07,0.5121539214219798,0.0,0.0,1.175170173257631,lhs_candidate_000019_june2024_preflight,pa1_candidate_000019
2024-06-28T07:00,27.7,87.0,146.0,91.0,55.0,0.71,101070.0,25.2,0.5,0.1,28.7,0.296,0,0,0,1.0,27.50684820993264,94.15934039217653,0.024923600063182783,31.321162543419554,0.24169208126534777,14783.032000000001,0.21451223529883867,124.1,0.0015669810967515858,3.2563201308374247e-06,0.5660005016379492,0.0,0.0,1.1710990105952561,lhs_candidate_000019_june2024_preflight,pa1_candidate_000019
2024-06-28T08:00,28.1,85.0,274.0,163.0,111.0,1.03,101100.0,25.2,0.59,0.2,28.6,0.298,0,0,0,1.0,28.71578974931666,90.9485798673443,0.02572442625822631,31.327227632299252,0.24085546847956205,28017.2464,0.35665810829527755,232.9,0.002413459724735986,6.039856580970942e-06,0.5608362251824818,0.0,0.0,1.166755097253612,lhs_candidate_000019_june2024_preflight,pa1_candidate_000019
2024-06-28T09:00,28.7,84.0,479.0,326.0,153.0,1.44,101100.0,25.8,0.62,0.34,29.3,0.297,0,0,0,1.0,29.87935348937363,88.75145557559036,0.026741889507706503,31.45305742671758,0.239378661709302,47534.9072,0.4739901733189642,407.15,0.003360633704077713,1.0337261570764763e-05,0.5517201340080371,0.0,0.0,1.162275023263887,lhs_candidate_000019_june2024_preflight,pa1_candidate_000019
2024-06-28T10:00,29.4,81.0,589.0,464.0,125.0,1.61,101040.0,25.9,0.76,0.43,30.2,0.296,0,1,0,1.0,30.97159904741599,81.91443736892212,0.026177984308351585,31.69121186754309,0.23731914782415467,56229.8,0.8111977642427379,500.65,0.005184555248112403,1.249263421497746e-05,0.5390070853342881,0.0,0.0,1.1574134397580165,lhs_candidate_000019_june2024_preflight,pa1_candidate_000019
2024-06-28T11:00,30.0,78.0,703.0,495.0,208.0,2.06,100970.0,25.8,0.92,0.51,31.0,0.293,0,1,0,1.0,31.96661550331312,77.3434259558393,0.026067323412160906,32.01010530366351,0.2348843614308976,69181.9392,1.0752385789767018,597.55,0.006043070109899809,1.4528686720065689e-05,0.5239775396968989,0.0,0.0,1.152839761031129,lhs_candidate_000019_june2024_preflight,pa1_candidate_000019
2024-06-28T12:00,30.1,75.0,532.0,226.0,306.0,2.46,100890.0,25.2,1.05,0.4,31.2,0.29,0,1,0,1.0,32.004351291599,72.69662351686094,0.024550467127471227,32.31830206710572,0.23260323398586066,57581.814399999996,1.2985334754521354,452.2,0.0066870941448072575,1.0848587223652701e-05,0.5098965060855597,0.0,0.0,1.1517839005890766,lhs_candidate_000019_june2024_preflight,pa1_candidate_000019
2024-06-28T13:00,30.0,74.0,492.0,189.0,303.0,2.61,100840.0,24.9,1.1,0.38,31.3,0.288,0,1,0,1.0,31.72826140292111,71.80313131728838,0.023894591412861852,32.55285321825864,0.23074189770455578,53956.267199999995,1.3202472477643132,418.2,0.006893700297858257,9.842768152095395e-06,0.49840677595404803,0.0,0.0,1.1522555977389353,lhs_candidate_000019_june2024_preflight,pa1_candidate_000019
2024-06-28T14:00,31.1,66.0,751.0,628.0,123.0,2.82,100710.0,24.0,1.52,0.56,32.1,0.284,0,1,0,1.0,32.89802598586966,65.70041843243364,0.023264972311488143,32.84837441438399,0.22854491777199354,70415.43519999999,1.7154754783416335,638.35,0.00727666946636774,1.4527598772840011e-05,0.4848451714320589,0.0,0.0,1.1463717154430948,lhs_candidate_000019_june2024_preflight,pa1_candidate_000019
2024-06-28T15:00,30.6,68.0,573.0,421.0,152.0,2.83,100680.0,24.1,1.4,0.44,32.0,0.281,0,1,0,1.0,32.835225426525064,64.56362975737059,0.02278663093848209,33.179178841615744,0.22625875424613523,55771.724799999996,1.7660930152176109,487.05,0.007408740730719396,1.0891721505986343e-05,0.47073305090206935,0.0,0.0,1.1462654402980441,lhs_candidate_000019_june2024_preflight,pa1_candidate_000019
2024-06-28T16:00,30.4,70.0,420.0,283.0,137.0,2.15,100710.0,24.2,1.32,0.32,31.7,0.279,0,1,0,1.0,32.12712493321544,67.5878556715128,0.022974764857036884,33.3929575709555,0.22457249910274188,41779.9888,1.5522302384749707,357.0,0.006110426346737793,7.878605198275844e-06,0.4603240685354437,0.0,0.0,1.1492665905909178,lhs_candidate_000019_june2024_preflight,pa1_candidate_000019
2024-06-28T17:00,29.8,73.0,298.0,229.0,69.0,1.91,100700.0,24.4,1.14,0.22,31.1,0.277,0,1,0,1.0,31.261558545370704,70.54342935169181,0.022897149314075313,33.50498403143878,0.2233639753424862,28651.5856,1.3431975051717289,253.29999999999998,0.005621496930119539,5.565641462833784e-06,0.4528640453239889,0.0,0.0,1.1524199839761364,lhs_candidate_000019_june2024_preflight,pa1_candidate_000019
2024-06-28T18:00,29.3,77.0,64.0,36.0,28.0,1.25,100730.0,24.8,0.93,0.06,30.4,0.276,1,1,0,1.0,30.09967474307881,74.8647347271946,0.022827950377129445,33.48925620745259,0.22273881310442015,6617.1071999999995,1.0726181757262236,54.4,0.0042573049907541835,1.3978504148899126e-06,0.4490050191630873,0.0,0.0,1.1571800534575116,lhs_candidate_000019_june2024_preflight,pa1_candidate_000019
2024-06-28T19:00,28.9,79.0,1.0,0.0,1.0,1.17,100820.0,24.9,0.83,0.01,29.7,0.275,0,0,0,1.0,29.248576069100576,78.06467668621455,0.022730655123637825,33.36503746996556,0.23162928092492951,123.18239999999999,0.891359453060597,0.85,0.0024702951936697542,2.907807433919807e-07,0.5038844501538859,0.0,0.0,1.1614737530291708,lhs_candidate_000019_june2024_preflight,pa1_candidate_000019
2024-06-28T20:00,28.5,82.0,0.0,0.0,0.0,1.2,100890.0,25.1,0.71,0.0,29.3,0.274,0,0,0,1.0,28.740695300593792,81.13402460590002,0.022979644807305556,33.210396370592385,0.23158275845868642,0.0,0.7444593500950174,0.0,0.0024540894763211258,2.265196607834384e-07,0.503597274436336,0.0,0.0,1.1642355146534251,lhs_candidate_000019_june2024_preflight,pa1_candidate_000019
2024-06-28T21:00,28.3,83.0,0.0,0.0,0.0,0.91,100940.0,25.2,0.64,0.0,29.0,0.274,0,0,0,1.0,28.455269780957007,82.66594685611219,0.023051148359275887,33.050327541259875,0.2315442328599305,0.0,0.6727855821192894,0.0,0.001875416716672224,2.0461452299653513e-07,0.5033594620983365,0.0,0.0,1.165914822873253,lhs_candidate_000019_june2024_preflight,pa1_candidate_000019
2024-06-28T22:00,28.1,84.0,0.0,0.0,0.0,1.04,100970.0,25.1,0.6,0.0,28.7,0.273,0,0,0,1.0,28.248019031536852,83.64753769484528,0.023061667076913574,32.88944179104533,0.23150869365294888,0.0,0.627094212384598,0.0,0.002102538287675024,1.9063526986378703e-07,0.5031400842774623,0.0,0.0,1.1670632980061517,lhs_candidate_000019_june2024_preflight,pa1_candidate_000019
2024-06-28T23:00,27.8,85.0,0.0,0.0,0.0,1.03,100950.0,25.1,0.55,0.0,28.5,0.273,0,0,0,1.0,27.988537668104417,84.48644449305787,0.022963756236402018,32.7279218827325,0.23147548050247896,0.0,0.5860103422693723,0.0,0.002115182353630027,1.780732722997443e-07,0.5029350648301171,0.0,0.0,1.1678375493019484,lhs_candidate_000019_june2024_preflight,pa1_candidate_000019
2024-06-29T00:00,27.6,86.0,0.0,0.0,0.0,1.08,100960.0,25.1,0.52,0.0,28.3,0.272,0,0,0,1.0,27.754816807498614,85.54747919563906,0.022955378145737892,32.56491825319817,0.2314447619996248,0.0,0.5385446091505304,0.0,0.002180097248168434,1.635879724647715e-07,0.5027454444421284,0.0,0.0,1.1688604147273793,lhs_candidate_000019_june2024_preflight,pa1_candidate_000019
2024-06-29T01:00,27.4,87.0,0.0,0.0,0.0,0.89,100920.0,25.0,0.48,0.0,28.2,0.272,0,0,0,1.0,27.55350095955593,86.56491850407596,0.022972370463266552,32.401698534182344,0.2314165241004816,0.0,0.4947825582477319,0.0,0.0018388915806720825,1.502427302827888e-07,0.502571136422726,0.0,0.0,1.1691795383147725,lhs_candidate_000019_june2024_preflight,pa1_candidate_000019
2024-06-29T02:00,27.6,85.0,0.0,0.0,0.0,0.67,100890.0,24.9,0.54,0.0,28.1,0.271,0,0,0,1.0,27.591873197241938,85.67586421177131,0.02278454826465159,32.24099372188468,0.23138894259635504,0.0,0.5287080997464542,0.0,0.0012906616078276248,1.6048997086763417e-07,0.5024008802244138,0.0,0.0,1.1686828484367853,lhs_candidate_000019_june2024_preflight,pa1_candidate_000019
2024-06-29T03:00,27.5,85.0,0.0,0.0,0.0,0.92,100900.0,24.7,0.56,0.0,28.0,0.271,0,0,0,1.0,27.591481988782487,85.00118398729587,0.02260463743520003,32.0871286637724,0.2313591454958933,0.0,0.553598097760442,0.0,0.0018392435501156516,1.6798383662841508e-07,0.5022169475055142,0.0,0.0,1.1688002061580105,lhs_candidate_000019_june2024_preflight,pa1_candidate_000019
2024-06-29T04:00,27.4,85.0,0.0,0.0,0.0,0.94,100910.0,24.7,0.54,0.0,27.8,0.27,0,0,0,1.0,27.50082715345123,84.93284192692798,0.022473923249524595,31.93665067548347,0.2313288940156054,0.0,0.5531828279176594,0.0,0.001883747790107106,1.6779541314900717e-07,0.502030209972873,0.0,0.0,1.1692685053073755,lhs_candidate_000019_june2024_preflight,pa1_candidate_000019
2024-06-29T05:00,27.3,86.0,0.0,0.0,0.0,0.92,100900.0,24.7,0.52,0.0,27.7,0.27,0,0,0,1.0,27.401571887022115,85.77048752741158,0.02257169722520466,31.788540910441586,0.23129951995729353,0.0,0.5194061255231954,0.0,0.0018479919253255985,1.574931163661762e-07,0.5018488886252688,0.0,0.0,1.169538738199934,lhs_candidate_000019_june2024_preflight,pa1_candidate_000019
2024-06-29T06:00,27.3,86.0,18.0,7.0,11.0,0.72,100960.0,24.8,0.51,0.01,27.6,0.269,1,0,0,1.0,27.403063957846925,86.59401924902879,0.022790296743408166,31.64863126842736,0.23124075201011576,1971.0063999999998,0.4893882508816514,15.299999999999999,0.0014904749623566285,4.959746670407422e-07,0.5014861235192332,0.0,0.0,1.1702283927353594,lhs_candidate_000019_june2024_preflight,pa1_candidate_000019
2024-06-29T07:00,28.0,83.0,159.0,103.0,56.0,0.81,101000.0,24.7,0.66,0.11,28.4,0.269,0,0,0,1.0,28.1476436029737,89.13264250683095,0.024439062956604946,31.564998429267895,0.23992941717382088,15962.214399999997,0.4143231141972241,135.15,0.0016926698608548559,3.538704990108489e-06,0.5551198590976598,0.0,0.0,1.167798968837192,lhs_candidate_000019_june2024_preflight,pa1_candidate_000019
2024-06-29T08:00,28.7,78.0,264.0,139.0,125.0,1.02,101070.0,24.6,0.85,0.2,29.1,0.267,0,0,0,1.0,29.222294210923366,84.44022698304879,0.02455195501143108,31.577233162903212,0.23908864336281904,27629.8,0.6313259563878235,224.4,0.002334783964645413,5.801844615103427e-06,0.5499298973013521,0.0,0.0,1.1644550251741301,lhs_candidate_000019_june2024_preflight,pa1_candidate_000019
2024-06-29T09:00,29.8,72.0,450.0,311.0,139.0,1.33,101050.0,24.2,1.16,0.34,30.2,0.265,0,1,0,1.0,30.6801284727755,75.65499451647601,0.023802022468086118,31.70077710015578,0.23768974394775547,44490.3536,1.0739614090501264,382.5,0.004426986918221126,9.733512326928831e-06,0.5412947157268856,0.0,0.0,1.1586384305074233,lhs_candidate_000019_june2024_preflight,pa1_candidate_000019
2024-06-29T10:00,30.7,68.0,632.0,372.0,260.0,1.65,101040.0,24.0,1.43,0.48,31.3,0.262,0,1,0,1.0,32.22753068110491,70.11607070985715,0.023961722287793086,31.961525750950678,0.2356105586510951,64763.42399999999,1.4392854817921772,537.1999999999999,0.005226245513951804,1.332400563753053e-05,0.5284602385870067,0.0,0.0,1.1526533247979973,lhs_candidate_000019_june2024_preflight,pa1_candidate_000019
2024-06-29T11:00,31.7,63.0,895.0,784.0,111.0,2.16,100950.0,23.9,1.71,0.67,32.4,0.258,0,1,0,1.0,33.95025455420495,63.69396159892565,0.02383935489715983,32.37757554096756,0.23276560735259677,82665.2464,1.925870060915797,760.75,0.006292535569790326,1.820693381278131e-05,0.5108988108184986,0.0,0.0,1.1451663963652556,lhs_candidate_000019_june2024_preflight,pa1_candidate_000019
2024-06-29T12:00,32.0,62.0,827.0,711.0,116.0,2.5,100870.0,23.8,1.79,0.63,32.9,0.255,0,1,0,1.0,34.642974207024714,60.025261704344054,0.0232951713047089,32.86812213225023,0.22965882932336948,76857.1584,2.2036767165834643,702.9499999999999,0.0069600096800212265,1.6318112918922915e-05,0.4917211686627746,0.0,0.0,1.141683612645543,lhs_candidate_000019_june2024_preflight,pa1_candidate_000019
2024-06-29T13:00,32.5,60.0,941.0,830.0,111.0,2.82,100810.0,23.8,1.94,0.72,33.5,0.251,0,1,0,1.0,35.27885961418202,57.77646026008651,0.023176855289972337,33.36853344462079,0.22658342946498072,86713.2464,2.4109318299176548,799.85,0.007525734480890612,1.7823119296711556e-05,0.4727372189196341,0.0,0.0,1.1386521104431686,lhs_candidate_000019_june2024_preflight,pa1_candidate_000019
2024-06-29T14:00,32.5,59.0,838.0,728.0,110.0,2.91,100740.0,23.4,2.01,0.65,33.7,0.248,0,1,0,1.0,35.364600207458395,55.77955487129636,0.022475592545506913,33.867997818887304,0.2235992880981985,77614.064,2.536919244029113,712.3,0.007698249906305439,1.5360782522931024e-05,0.4543165931987563,0.0,0.0,1.1375452303734184,lhs_candidate_000019_june2024_preflight,pa1_candidate_000019
2024-06-29T15:00,32.2,60.0,681.0,555.0,126.0,3.01,100670.0,23.5,1.92,0.53,33.5,0.245,0,1,0,1.0,34.76601715141135,56.44686358729509,0.02204743123790293,34.2721481684754,0.22112643147379674,64360.98239999999,2.417361507836221,578.85,0.007796824271284658,1.2157882399704685e-05,0.4390520461345478,0.0,0.0,1.1389646282654808,lhs_candidate_000019_june2024_preflight,pa1_candidate_000019
2024-06-29T16:00,31.5,63.0,474.0,383.0,91.0,3.13,100620.0,23.6,1.71,0.38,32.9,0.243,0,1,0,1.0,33.607835550455384,59.24260275207784,0.02177816722973635,34.54055321667356,0.21928388981179744,44913.5984,2.121099347367074,402.9,0.00789707541382563,8.356414930348204e-06,0.4276783321715892,0.0,0.0,1.1426970258181148,lhs_candidate_000019_june2024_preflight,pa1_candidate_000019
2024-06-29T17:00,30.8,68.0,292.0,207.0,85.0,2.19,100650.0,24.1,1.44,0.23,32.2,0.241,0,1,0,1.0,32.351311298500804,64.9786667900611,0.022352520615777475,34.66101119699477,0.21807031453280568,28686.504,1.6985297842930303,248.2,0.006118936644381367,5.157149019401117e-06,0.42018712674571407,0.0,0.0,1.1477390268759562,lhs_candidate_000019_june2024_preflight,pa1_candidate_000019
2024-06-29T18:00,29.9,74.0,91.0,59.0,32.0,1.77,100720.0,24.6,1.11,0.08,31.2,0.24,1,1,0,1.0,30.90161305623284,71.16078274148134,0.02265610307020735,34.63815198335172,0.21744703202386312,9133.836800000001,1.2883889196653593,77.35,0.005208960064617856,1.7834194081622935e-06,0.41633970385100694,0.0,0.0,1.154013406364952,lhs_candidate_000019_june2024_preflight,pa1_candidate_000019
2024-06-29T19:00,29.2,78.0,1.0,0.0,1.0,1.58,100870.0,24.9,0.9,0.02,30.4,0.24,0,0,0,1.0,29.699338060752535,76.26501691459981,0.022756672404891102,34.50027367018817,0.22629581958756317,123.18239999999999,0.9898528717825155,0.85,0.0032703944710779547,2.998086898906894e-07,0.47096184930594553,0.0,0.0,1.1603201677432757,lhs_candidate_000019_june2024_preflight,pa1_candidate_000019
2024-06-29T20:00,28.8,80.0,0.0,0.0,0.0,1.3,100960.0,25.1,0.78,0.01,29.9,0.239,0,0,0,1.0,29.062874962045655,79.14930792893053,0.0228147694053253,34.31826103662988,0.2262478570722755,0.0,0.8382510460403432,0.0,0.0026467335332486315,2.3837915433106515e-07,0.47066578439676227,0.0,0.0,1.163801274221855,lhs_candidate_000019_june2024_preflight,pa1_candidate_000019
2024-06-29T21:00,28.5,82.0,0.0,0.0,0.0,1.22,101020.0,25.1,0.71,0.0,29.5,0.239,0,0,0,1.0,28.70542768486492,81.31647481998205,0.022987015966787237,34.12986376800035,0.22620768640221886,0.0,0.735755590589434,0.0,0.002467355324766965,2.0912159179670186e-07,0.4704178172976473,0.0,0.0,1.1658718694725954,lhs_candidate_000019_june2024_preflight,pa1_candidate_000019
2024-06-29T22:00,28.3,84.0,0.0,0.0,0.0,1.12,101050.0,25.2,0.63,0.0,29.2,0.239,0,0,0,1.0,28.463580018929562,83.4175983508424,0.02327132190311128,33.93989377796139,0.2261724604649881,0.0,0.6439222007017738,0.0,0.0022585221592671574,1.8293546597787263e-07,0.47020037324066727,0.0,0.0,1.1671532268953928,lhs_candidate_000019_june2024_preflight,pa1_candidate_000019
2024-06-29T23:00,28.0,85.0,0.0,0.0,0.0,1.21,101080.0,25.3,0.55,0.0,29.0,0.239,0,0,0,1.0,28.200285631545512,84.37081340934712,0.023200297535990077,33.749895583724886,0.22614078757203154,0.0,0.5976969055603192,0.0,0.002446191633772092,1.697324579054286e-07,0.4700048615557503,0.0,0.0,1.1685197970386991,lhs_candidate_000019_june2024_preflight,pa1_candidate_000019
2024-06-30T00:00,27.8,87.0,0.0,0.0,0.0,1.17,101070.0,25.3,0.5,0.0,28.8,0.238,0,0,0,1.0,27.966503123530426,86.32303745217891,0.023434576061367632,33.559289013463726,0.22611228584038576,0.0,0.5159722074898228,0.0,0.0023514593706022795,1.4646963610757325e-07,0.4698289249406528,0.0,0.0,1.1693113257326009,lhs_candidate_000019_june2024_preflight,pa1_candidate_000019
2024-06-30T01:00,27.6,87.0,0.0,0.0,0.0,1.0,101030.0,25.2,0.48,0.0,28.6,0.238,0,0,0,1.0,27.76495062286083,86.58974192191658,0.023248009461537232,33.369365869954585,0.22608649808157916,0.0,0.500002223210712,0.0,0.002043786644738565,1.4188812822770005e-07,0.4696697412443158,0.0,0.0,1.169631446338153,lhs_candidate_000019_june2024_preflight,pa1_candidate_000019
2024-06-30T02:00,27.5,87.0,0.0,0.0,0.0,0.99,100980.0,25.1,0.49,0.0,28.4,0.238,0,0,0,1.0,27.62524707360567,86.72729828470173,0.023106596500380994,33.18101728386264,0.22606122903663858,0.0,0.49085508560478974,0.0,0.0019946152286212018,1.3924613898035651e-07,0.4695137594854234,0.0,0.0,1.1695955922654926,lhs_candidate_000019_june2024_preflight,pa1_candidate_000019
2024-06-30T03:00,27.4,87.0,0.0,0.0,0.0,0.86,100910.0,25.0,0.49,0.0,28.3,0.238,0,0,0,1.0,27.5206510820719,86.78502006362785,0.022989128885604237,32.995759956214634,0.22603630290090382,0.0,0.4857435006782622,0.0,0.0017565286544254917,1.377509233795364e-07,0.4693598944500236,0.0,0.0,1.1691914126636331,lhs_candidate_000019_june2024_preflight,pa1_candidate_000019
2024-06-30T04:00,27.3,87.0,0.0,0.0,0.0,0.94,100890.0,24.9,0.49,0.0,28.2,0.238,0,0,0,1.0,27.41904626560009,86.77517107161452,0.02285811506018848,32.81384945942303,0.22601158262709173,0.0,0.483226738780854,0.0,0.0018990798591019596,1.369926480830018e-07,0.4692073001672329,0.0,0.0,1.1693548400249651,lhs_candidate_000019_june2024_preflight,pa1_candidate_000019
2024-06-30T05:00,27.2,87.0,0.0,0.0,0.0,1.06,100940.0,24.8,0.48,0.0,28.0,0.237,0,0,0,1.0,27.317200312250648,86.74932465177353,0.022723253606204367,32.63519280803308,0.22598697719256508,0.0,0.48129483635305537,0.0,0.002116026424338269,1.36400794164432e-07,0.46905541476892026,0.0,0.0,1.1703309190782474,lhs_candidate_000019_june2024_preflight,pa1_candidate_000019
2024-06-30T06:00,27.2,87.0,19.0,9.0,10.0,0.94,100970.0,24.9,0.46,0.01,28.0,0.237,1,0,0,1.0,27.320502420220365,87.27132466972573,0.022864154157022358,32.46598248251243,0.22593203862083294,2023.824,0.4624239607216363,16.15,0.0019003311487531646,4.7398265308854925e-07,0.4687162877829194,0.0,0.0,1.1706658832404409,lhs_candidate_000019_june2024_preflight,pa1_candidate_000019
2024-06-30T07:00,28.1,82.0,180.0,129.0,51.0,0.72,101010.0,24.7,0.69,0.12,28.7,0.237,0,0,0,1.0,28.237888894721298,89.11762006931613,0.024556135449612222,32.36157539796857,0.23460292766685548,17634.3024,0.41707852236842724,153.0,0.0015267619903371037,3.752404847856514e-06,0.5222402942398486,0.0,0.0,1.1675648810557733,lhs_candidate_000019_june2024_preflight,pa1_candidate_000019
2024-06-30T08:00,29.5,73.0,405.0,330.0,75.0,0.32,101060.0,24.2,1.1,0.28,30.0,0.235,0,1,0,1.0,30.11506560357105,84.33353323558693,0.025736587709290874,32.403845364745926,0.23352572416047973,38278.68,0.6691381965246963,344.25,0.0029093521834090805,8.251522961001626e-06,0.5155908898795045,0.0,0.0,1.1609121533014686,lhs_candidate_000019_june2024_preflight,pa1_candidate_000019
2024-06-30T09:00,30.8,66.0,617.0,529.0,88.0,0.22,101050.0,23.7,1.5,0.45,31.4,0.233,0,1,0,1.0,32.170134651219584,71.7530329224978,0.024446452600732086,32.61720006639001,0.23165951369556514,57392.0512,1.3560464291427765,524.4499999999999,0.003501758687776235,1.2392497346585354e-05,0.5040710721948466,0.0,0.0,1.1529841082924441,lhs_candidate_000019_june2024_preflight,pa1_candidate_000019
2024-06-30T10:00,31.9,61.0,775.0,666.0,109.0,0.22,100980.0,23.4,1.85,0.58,32.6,0.23,0,1,0,1.0,33.973603734034455,64.88969090027001,0.02431664697474211,32.97567959449347,0.22917712993283992,72034.88160000001,1.8648655992712526,658.75,0.003963259422532388,1.514045931857174e-05,0.48874771563481434,0.0,0.0,1.145419625723381,lhs_candidate_000019_june2024_preflight,pa1_candidate_000019
2024-06-30T11:00,32.6,59.0,871.0,744.0,127.0,0.58,100890.0,23.5,2.02,0.66,33.6,0.227,0,1,0,1.0,35.25906441939744,60.514935060230414,0.024250450034254897,33.43260246540662,0.22633062720783712,81116.1648,2.25210651444278,740.35,0.004465626958574406,1.6448660753646485e-05,0.4711767111594884,0.0,0.0,1.1396288551830946,lhs_candidate_000019_june2024_preflight,pa1_candidate_000019
2024-06-30T12:00,33.0,59.0,904.0,699.0,205.0,1.35,100790.0,23.9,2.08,0.7,34.2,0.223,0,1,0,1.0,35.97391578763608,57.896458909009574,0.024076062948915143,33.93584973326056,0.22336801754695199,86764.39199999999,2.497792763605836,768.4,0.0053700481798289006,1.6453131703194544e-05,0.45288899720340736,0.0,0.0,1.1358664914484013,lhs_candidate_000019_june2024_preflight,pa1_candidate_000019
2024-06-30T13:00,32.6,60.0,765.0,560.0,205.0,2.08,100760.0,24.0,1.95,0.6,34.2,0.221,0,1,0,1.0,35.5772358226424,56.61706432826721,0.02306591432926875,34.39901232309395,0.22067325921211423,74532.39199999999,2.518192432720467,650.25,0.006390825259219236,1.351849848736028e-05,0.43625468649453225,0.0,0.0,1.1369874293856745,lhs_candidate_000019_june2024_preflight,pa1_candidate_000019
2024-06-30T14:00,31.9,64.0,738.0,536.0,202.0,2.16,100720.0,24.1,1.71,0.57,34.0,0.222,0,1,0,1.0,34.79906313594408,59.84007307009601,0.023413060405210046,34.78383709216044,0.21832730002894637,72050.84479999999,2.233107226271176,627.3,0.00649176489592614,1.2558473067009986e-05,0.4217734569688048,0.0,0.0,1.139408037552255,lhs_candidate_000019_june2024_preflight,pa1_candidate_000019
2024-06-30T15:00,31.3,68.0,483.0,311.0,172.0,0.61,100700.0,24.8,1.44,0.37,33.3,0.221,0,1,0,1.0,33.68265956357586,64.91349039408752,0.023956882494669922,35.055106266560045,0.21647402473851088,48555.3728,1.8336177216268945,410.55,0.004351727466483826,8.088486446799126e-06,0.41033348604019065,0.0,0.0,1.1433266716782438,lhs_candidate_000019_june2024_preflight,pa1_candidate_000019
2024-06-30T16:00,31.2,69.0,323.0,196.0,127.0,0.51,100690.0,24.8,1.41,0.25,32.9,0.219,0,1,0,1.0,32.77559034704082,67.53608047030382,0.023760625059491933,35.17542465705124,0.21526254340634796,32892.1648,1.6125399179431916,274.55,0.003811858914479607,5.404526279046608e-06,0.4028552062120244,0.0,0.0,1.146602760124452,lhs_candidate_000019_june2024_preflight,pa1_candidate_000019
2024-06-30T17:00,31.0,70.0,231.0,157.0,74.0,1.03,100730.0,24.8,1.36,0.18,32.4,0.219,0,1,0,1.0,32.15490397513431,68.66531387261865,0.023375522449634464,35.20387323493435,0.2144262099103938,22931.4976,1.5029853627201675,196.35,0.004125665328535316,3.899663827946831e-06,0.39769265376786295,0.0,0.0,1.149390233373878,lhs_candidate_000019_june2024_preflight,pa1_candidate_000019
2024-06-30T18:00,30.4,75.0,93.0,60.0,33.0,0.5,100750.0,25.4,1.1,0.06,31.6,0.218,1,1,0,1.0,31.259778292840775,73.13914256578204,0.02373740946558617,35.14980714442477,0.21392211810617887,9345.0192,1.2247110397329495,79.05,0.0032893617110204706,1.70543001296442e-06,0.3945809759640671,0.0,0.0,1.1529989314774858,lhs_candidate_000019_june2024_preflight,pa1_candidate_000019
2024-06-30T19:00,29.9,78.0,1.0,0.0,1.0,0.72,100830.0,25.6,0.93,0.0,30.8,0.218,0,0,0,1.0,30.33490645113107,76.81220296551686,0.02372101359536416,35.00943463130511,0.2227782925522312,123.18239999999999,1.0029315973452584,0.85,0.00180638121573656,2.8953641535645667e-07,0.44924871945821726,0.0,0.0,1.1574310245000776,lhs_candidate_000019_june2024_preflight,pa1_candidate_000019
2024-06-30T20:00,29.5,81.0,0.0,0.0,0.0,0.92,100920.0,25.8,0.79,0.0,30.3,0.217,0,0,0,1.0,29.762336708583604,80.08965963039624,0.02397960217260868,34.82858376244152,0.22273206332818443,0.0,0.8333604329201569,0.0,0.001979801226429795,2.2606082760525267e-07,0.4489633538776817,0.0,0.0,1.1606538850207444,lhs_candidate_000019_june2024_preflight,pa1_candidate_000019
2024-06-30T21:00,29.1,83.0,0.0,0.0,0.0,1.02,100990.0,26.0,0.68,0.0,30.0,0.217,0,0,0,1.0,29.346603054931734,82.19299617949271,0.02406058548893432,34.64121798772116,0.22269410767477796,0.0,0.727703457600922,0.0,0.0021400486381539774,1.9729686142391595e-07,0.4487290597208516,0.0,0.0,1.1630551775563327,lhs_candidate_000019_june2024_preflight,pa1_candidate_000019
2024-06-30T22:00,28.9,85.0,0.0,0.0,0.0,1.08,101000.0,26.1,0.59,0.0,29.7,0.217,0,0,0,1.0,29.068135487109092,84.3702670859004,0.024326676942226313,34.45066434564368,0.2226610984300414,0.0,0.6285461170509739,0.0,0.0021892445646512788,1.7033568248123463e-07,0.44852529895087284,0.0,0.0,1.1642421026306564,lhs_candidate_000019_june2024_preflight,pa1_candidate_000019
2024-06-30T23:00,28.6,87.0,0.0,0.0,0.0,1.03,100990.0,26.2,0.51,0.0,29.4,0.217,0,0,0,1.0,28.80196731219588,86.22251258243175,0.024502661194141035,34.25972728338467,0.22263246043074011,0.0,0.5455972498757529,0.0,0.002124824010183073,1.4779830620046936e-07,0.44834852117740814,0.0,0.0,1.1651529993592826,lhs_candidate_000019_june2024_preflight,pa1_candidate_000019
