timestamp,temperature_outside,humidity_outside,shortwave_radiation,direct_radiation,diffuse_radiation,wind_speed,surface_pressure,dew_point_outside,vpd_outside_reference,et0_outside_reference,external_soil_temperature_context,external_soil_moisture_context,pump_state,fan_state,grow_light_state,vent_state,temperature_inside_true,humidity_inside_true,vapor_density_inside_true,soil_temperature_inside_true,soil_moisture_inside_true,light_lux_inside_true,vpd_inside,solar_inside,ventilation_rate_m3_s,evapotranspiration_rate_kg_s,water_stress_coefficient,condensation_rate_kg_s,drainage_rate_m3_s,air_density,simulation_id,parameter_set_id
2024-06-01T00:00,29.6,83.0,0.0,0.0,0.0,0.81,100950.0,26.4,0.72,0.0,29.8,0.176,0,0,0,1.0,29.6,83.00000000000001,0.024633318950427478,29.6,0.4,0.0,0.7049358805204089,0.0,0.0012172236543056252,4.288985556140674e-07,1.0,0.0,0.0,1.1616214428759424,lhs_candidate_000021_june2024_preflight,pa1_candidate_000021
2024-06-01T01:00,29.3,84.0,0.0,0.0,0.0,1.1,100880.0,26.4,0.63,0.0,29.6,0.176,0,0,0,1.0,29.399176542635736,84.42113092387346,0.024783512182125083,29.57981137864855,0.39992775470061187,0.0,0.6385799736214102,0.0,0.0017105730089838592,3.885261566315785e-07,1.0,0.0,0.0,1.1615864762615036,lhs_candidate_000021_june2024_preflight,pa1_candidate_000021
2024-06-01T02:00,28.9,85.0,0.0,0.0,0.0,1.0,100820.0,26.1,0.59,0.0,29.4,0.176,0,0,0,1.0,29.055678067087758,85.20574504523931,0.0245509124829825,29.552615316928467,0.39986008465061096,0.0,0.5945196096094874,0.0,0.0016007689782455404,3.617188582563093e-07,1.0,0.0,0.0,1.1622151221780985,lhs_candidate_000021_june2024_preflight,pa1_candidate_000021
2024-06-01T03:00,28.7,86.0,0.0,0.0,0.0,0.9,100780.0,26.1,0.54,0.0,29.2,0.176,0,0,0,1.0,28.78740441637143,86.39274298359015,0.024531535458160576,29.517378350611462,0.399798145268235,0.0,0.538402018648461,0.0,0.0014142595293489884,3.2757567676587815e-07,1.0,0.0,0.0,1.1627862443566448,lhs_candidate_000021_june2024_preflight,pa1_candidate_000021
2024-06-01T04:00,28.7,86.0,0.0,0.0,0.0,0.92,100820.0,26.1,0.55,0.0,28.8,0.176,0,0,0,1.0,28.701496882584593,86.80393230189915,0.0245329760960904,29.478444103104902,0.3997405889100172,0.0,0.5195416989429917,0.0,0.0013835843617426785,3.1610064179656485e-07,1.0,0.0,0.0,1.1635788216557281,lhs_candidate_000021_june2024_preflight,pa1_candidate_000021
2024-06-01T05:00,28.6,86.0,0.0,0.0,0.0,1.02,100840.0,26.1,0.53,0.0,28.5,0.176,0,0,0,1.0,28.632645802075437,86.66825784575852,0.024402687013688324,29.439270584187117,0.39968352123484124,0.0,0.5227938327118524,0.0,0.0015534994324119028,3.180793117929032e-07,1.0,0.0,0.0,1.164075165411696,lhs_candidate_000021_june2024_preflight,pa1_candidate_000021
2024-06-01T06:00,28.6,86.0,19.0,2.0,17.0,1.02,100900.0,26.0,0.54,0.02,28.5,0.176,1,0,0,1.0,28.626257542693818,87.95206093575054,0.02475551809649938,29.405431909243394,0.39956243122014723,2270.1007999999997,0.47227562933364897,16.15,0.0015494710287169166,1.0242941673325155e-06,1.0,0.0,0.0,1.1647924492503363,lhs_candidate_000021_june2024_preflight,pa1_candidate_000021
2024-06-01T07:00,29.0,84.0,156.0,58.0,98.0,1.02,100980.0,26.1,0.62,0.11,29.7,0.175,0,0,0,1.0,29.09413253309482,95.27243922092917,0.02750903509391009,29.422553462629804,0.40568735873433664,17175.875200000002,0.19040343450245967,132.6,0.0015916663742587493,6.166603252504055e-06,1.0,7.960400506508269e-07,0.0,1.1639114390461633,lhs_candidate_000021_june2024_preflight,pa1_candidate_000021
2024-06-01T08:00,30.2,75.0,326.0,146.0,180.0,0.71,101020.0,25.4,1.06,0.24,30.6,0.175,0,0,0,1.0,30.344398970611746,100.0,0.03089763924761833,29.549618837809295,0.4039990874039095,35020.831999999995,0.0,277.09999999999997,0.001191368643291064,1.2644531904758528e-05,1.0,4.732659357778969e-06,0.0,1.1595757713455568,lhs_candidate_000021_june2024_preflight,pa1_candidate_000021
2024-06-01T09:00,31.6,66.0,535.0,311.0,224.0,0.32,101030.0,24.6,1.55,0.4,32.0,0.173,0,1,0,1.0,32.10794738132022,98.24263477926822,0.03336103039150651,29.822553898301596,0.40099341124837995,54960.857599999996,0.08406982950634045,454.75,0.0024906820035699934,2.0802145551213333e-05,1.0,0.0,0.0,1.1529907474681795,lhs_candidate_000021_june2024_preflight,pa1_candidate_000021
2024-06-01T10:00,32.7,61.0,673.0,368.0,305.0,0.2,100990.0,24.1,1.93,0.52,33.3,0.172,0,1,0,1.0,33.66769069793473,83.66533759207191,0.03085313258655339,30.231715937983736,0.39670467139255616,69954.632,0.8529350533979931,572.05,0.002786367571093312,2.6622533391274464e-05,1.0,0.0,0.0,1.146675211510577,lhs_candidate_000021_june2024_preflight,pa1_candidate_000021
2024-06-01T11:00,33.3,58.0,730.0,349.0,381.0,0.86,100950.0,23.9,2.15,0.57,34.3,0.17,0,1,0,1.0,34.65658468530557,75.99674337722836,0.029514482248088197,30.7177602322665,0.3916871177586506,77644.49440000001,1.3242194627332395,620.5,0.0034560059179548214,2.9120126970438235e-05,1.0,0.0,0.0,1.1425385593691637,lhs_candidate_000021_june2024_preflight,pa1_candidate_000021
2024-06-01T12:00,33.6,57.0,685.0,331.0,354.0,1.64,100940.0,23.9,2.23,0.55,34.7,0.169,0,1,0,1.0,35.03719420603169,69.14871998795012,0.02739264647711582,31.208869604046917,0.3865779252068212,72734.5696,1.7382383573192857,582.25,0.004360053408945941,2.7626614362233744e-05,1.0,0.0,0.0,1.1410144915340608,lhs_candidate_000021_june2024_preflight,pa1_candidate_000021
2024-06-01T13:00,33.3,58.0,601.0,271.0,330.0,1.64,100890.0,23.9,2.16,0.49,34.8,0.167,0,1,0,1.0,34.805690033974884,67.92676319274861,0.02658624157462808,31.648510982493573,0.3818936077334513,64498.191999999995,1.7840982012043738,510.84999999999997,0.004382422117831457,2.4396416258500808e-05,1.0,0.0,0.0,1.1413066242536107,lhs_candidate_000021_june2024_preflight,pa1_candidate_000021
2024-06-01T14:00,33.5,57.0,537.0,197.0,340.0,1.7,100790.0,23.8,2.24,0.45,34.8,0.166,0,1,0,1.0,34.67727352028077,66.67324385570919,0.025921516722124935,32.023891956194596,0.3777237997163736,59218.015999999996,1.8406900675101157,456.45,0.0043528292833301925,2.1948485907851848e-05,1.0,0.0,0.0,1.1406510333963635,lhs_candidate_000021_june2024_preflight,pa1_candidate_000021
2024-06-01T15:00,33.2,59.0,342.0,78.0,264.0,0.72,100790.0,24.0,2.1,0.28,34.3,0.164,0,1,0,1.0,34.235967833244395,67.86070111112556,0.02578189417627523,32.3069993314985,0.37445834635020275,39384.1536,1.7321624557126531,290.7,0.0031668175627759575,1.4319008314157647e-05,1.0,0.0,0.0,1.142288635110944,lhs_candidate_000021_june2024_preflight,pa1_candidate_000021
2024-06-01T16:00,32.6,61.0,222.0,33.0,189.0,0.71,100770.0,24.1,1.93,0.19,33.7,0.164,0,1,0,1.0,33.444831662353515,67.32121654024625,0.024536611502020064,32.4730973272373,0.3723024658819034,26185.473599999998,1.6852527588034967,188.7,0.00305193110112399,9.636038496733705e-06,1.0,0.0,0.0,1.1450089405366324,lhs_candidate_000021_june2024_preflight,pa1_candidate_000021
2024-06-01T17:00,32.3,62.0,145.0,34.0,111.0,0.71,100740.0,24.2,1.82,0.13,33.1,0.163,0,1,0,1.0,32.820926077754386,67.13260591720761,0.02367539328413439,32.55702607295012,0.3708402252551955,16665.2464,1.6367442907855199,123.25,0.0028530790359104757,6.619932982046458e-06,1.0,0.0,0.0,1.1470021562681805,lhs_candidate_000021_june2024_preflight,pa1_candidate_000021
2024-06-01T18:00,31.9,66.0,41.0,9.0,32.0,0.61,100810.0,24.7,1.61,0.05,32.4,0.163,1,0,0,1.0,32.24679455072047,71.53160920058843,0.024470508450451466,32.57113673430657,0.37003233681769165,4733.8368,1.3726003230537147,34.85,0.001229186352711413,2.4253835603703675e-06,1.0,0.0,0.0,1.1499569680746655,lhs_candidate_000021_june2024_preflight,pa1_candidate_000021
2024-06-01T19:00,31.2,70.0,0.0,0.0,0.0,1.0,100940.0,25.1,1.35,0.03,31.7,0.162,0,0,0,1.0,31.514279563671728,70.69663472452991,0.023259139400297987,32.52574103384062,0.37651146599310387,0.0,1.355519104242719,0.0,0.0016933505433853917,8.247277546544815e-07,1.0,0.0,0.0,1.1542083476209217,lhs_candidate_000021_june2024_preflight,pa1_candidate_000021
2024-06-01T20:00,30.7,74.0,0.0,0.0,0.0,1.1,100990.0,25.5,1.14,0.01,31.1,0.162,0,0,0,1.0,30.910749921626042,74.15441254028131,0.023620794910415504,32.451107489299396,0.37637351349710096,0.0,1.1552500226861206,0.0,0.0017725118821384188,7.028796232324151e-07,1.0,0.0,0.0,1.1570721984568064,lhs_candidate_000021_june2024_preflight,pa1_candidate_000021
2024-06-01T21:00,30.2,78.0,0.0,0.0,0.0,1.2,101050.0,25.8,0.96,0.01,30.7,0.162,0,0,0,1.0,30.411727668444563,77.87133430119425,0.02414788023849183,32.3644016641136,0.3762577458422879,0.0,0.961336310192916,0.0,0.001914097526424374,5.848982386833715e-07,1.0,0.0,0.0,1.1596628662591417,lhs_candidate_000021_june2024_preflight,pa1_candidate_000021
2024-06-01T22:00,29.7,82.0,0.0,0.0,0.0,1.1,101080.0,26.2,0.77,0.0,30.2,0.162,0,0,0,1.0,29.924232572974162,81.64459997354662,0.024660309514763102,32.26717176820252,0.37616272068990414,0.0,0.7754532685401951,0.0,0.0017802815312645424,4.7180289160138485e-07,1.0,0.0,0.0,1.161873022375602,lhs_candidate_000021_june2024_preflight,pa1_candidate_000021
2024-06-01T23:00,29.2,85.0,0.0,0.0,0.0,1.3,101060.0,26.4,0.61,0.0,29.6,0.162,0,0,0,1.0,29.43542019757337,84.49516162750001,0.024854114168251652,32.159888446181114,0.37608568399051956,0.0,0.6368738171607315,0.0,0.0020678248929981327,3.8748809336673737e-07,1.0,0.0,0.0,1.1635197099089318,lhs_candidate_000021_june2024_preflight,pa1_candidate_000021
2024-06-02T00:00,28.8,87.0,0.0,0.0,0.0,1.2,101050.0,26.5,0.5,0.0,29.1,0.162,0,0,0,1.0,29.005334686555248,86.61833665111445,0.02488959013009281,32.043474922016024,0.3760217324424219,0.0,0.5361915639334476,0.0,0.0019113324209577062,3.262307873075352e-07,1.0,0.0,0.0,1.165060559197962,lhs_candidate_000021_june2024_preflight,pa1_candidate_000021
2024-06-02T01:00,28.4,89.0,0.0,0.0,0.0,1.12,100980.0,26.4,0.42,0.0,28.8,0.162,0,0,0,1.0,28.60983002511242,88.52581169607842,0.02489465330437288,31.91989086208277,0.3759678189860673,0.0,0.44935674975259676,0.0,0.0018009400882309865,2.733985689337329e-07,1.0,0.0,0.0,1.1657794319760124,lhs_candidate_000021_june2024_preflight,pa1_candidate_000021
2024-06-02T02:00,28.4,91.0,0.0,0.0,0.0,1.14,100950.0,26.7,0.35,0.0,28.5,0.162,0,0,0,1.0,28.454952382797526,90.88127897984243,0.025341528721902328,31.792282551303895,0.375924057131959,0.0,0.35391786268170655,0.0,0.0017442511213433998,2.153314426244574e-07,1.0,0.0,0.0,1.1660315556899,lhs_candidate_000021_june2024_preflight,pa1_candidate_000021
2024-06-02T03:00,28.4,89.0,0.0,0.0,0.0,1.04,100940.0,26.5,0.41,0.0,28.3,0.162,0,0,0,1.0,28.43713568787716,89.67630602098563,0.024981167055651687,31.667374903254156,0.3758836224829271,0.0,0.4002714861657344,0.0,0.0015859487450662867,2.435340107007213e-07,1.0,0.0,0.0,1.1659849280117658,lhs_candidate_000021_june2024_preflight,pa1_candidate_000021
2024-06-02T04:00,28.3,89.0,0.0,0.0,0.0,1.04,100970.0,26.4,0.4,0.0,28.1,0.162,0,0,0,1.0,28.373266738594506,89.28896747304121,0.024786468575564526,31.54587078761231,0.37583859157564103,0.0,0.41375259238365736,0.0,0.0016081088430707658,2.51736213404148e-07,1.0,0.0,0.0,1.1665785194892317,lhs_candidate_000021_june2024_preflight,pa1_candidate_000021
2024-06-02T05:00,28.0,90.0,0.0,0.0,0.0,1.12,101060.0,26.2,0.38,0.0,27.9,0.162,0,0,0,1.0,28.158504852349008,89.79262868207624,0.02463469171652178,31.42491499541803,0.37579430294927263,0.0,0.3894067321388257,0.0,0.0017729649341505025,2.369236544427831e-07,1.0,0.0,0.0,1.1684505902130966,lhs_candidate_000021_june2024_preflight,pa1_candidate_000021
2024-06-02T06:00,28.0,91.0,19.0,4.0,15.0,1.36,101020.0,26.4,0.34,0.02,28.1,0.162,1,0,0,1.0,28.078789158422342,91.97096238355005,0.025122225546789813,31.308505693923454,0.3756899656670365,2199.736,0.30488710283355136,16.15,0.002081180387882465,9.22451291652448e-07,1.0,0.0,0.0,1.168297202829172,lhs_candidate_000021_june2024_preflight,pa1_candidate_000021
2024-06-02T07:00,30.2,77.0,168.0,87.0,81.0,1.21,101070.0,25.6,1.0,0.13,30.3,0.162,0,0,0,1.0,29.62113659982877,89.58840490483546,0.026619161803529776,31.260114849057093,0.38177359670745925,17633.7744,0.43226096492983324,142.79999999999998,0.002106030939076189,6.779197606746099e-06,1.0,0.0,0.0,1.1629210809903183,lhs_candidate_000021_june2024_preflight,pa1_candidate_000021
2024-06-02T08:00,31.3,68.0,350.0,181.0,169.0,0.98,101090.0,24.7,1.45,0.27,31.3,0.161,0,0,0,1.0,31.454214069711476,92.5108860136127,0.03033846544573236,31.35998220998662,0.37991956801374305,36745.8256,0.3452540827059467,297.5,0.0015709236300697682,1.3785477896737551e-05,1.0,0.0,0.0,1.156151476156262,lhs_candidate_000021_june2024_preflight,pa1_candidate_000021
2024-06-02T09:00,32.0,65.0,510.0,248.0,262.0,0.73,101090.0,24.5,1.68,0.39,32.5,0.16,0,1,0,1.0,32.73410602749493,81.3324656878317,0.028551730639996078,31.596145119207094,0.3768535783886679,54097.788799999995,0.9250901868247592,433.5,0.003007763365558944,2.0344168215351686e-05,1.0,0.0,0.0,1.1513138629977058,lhs_candidate_000021_june2024_preflight,pa1_candidate_000021
2024-06-02T10:00,33.0,61.0,705.0,426.0,279.0,0.32,101060.0,24.4,1.98,0.54,33.9,0.159,0,1,0,1.0,34.06759483224887,82.68462411443655,0.031138114240231256,31.95913703436063,0.3725123587706378,71855.8896,0.9245220319267871,599.25,0.0029000082170039052,2.7907269535611287e-05,1.0,0.0,0.0,1.1459763576470665,lhs_candidate_000021_june2024_preflight,pa1_candidate_000021
2024-06-02T11:00,34.0,57.0,821.0,573.0,248.0,0.14,100970.0,24.3,2.27,0.64,35.2,0.157,0,1,0,1.0,35.39779320018067,79.38901284386,0.03204382232063495,32.435503272421286,0.36707053162551095,80973.23520000001,1.18461398604685,697.85,0.0030380245032847657,3.256479651493194e-05,1.0,0.0,0.0,1.1400197112259247,lhs_candidate_000021_june2024_preflight,pa1_candidate_000021
2024-06-02T12:00,34.6,55.0,860.0,673.0,187.0,0.8,100910.0,24.2,2.48,0.68,36.1,0.155,0,1,0,1.0,36.2945123833789,73.45521334683751,0.031055442839881726,32.97084364840042,0.36104957534348503,82259.1088,1.6026874346534496,731.0,0.003552032517810039,3.43318510323213e-05,1.0,0.0,0.0,1.1360406445004525,lhs_candidate_000021_june2024_preflight,pa1_candidate_000021
2024-06-02T13:00,34.8,55.0,913.0,742.0,171.0,0.82,100810.0,24.4,2.5,0.72,36.7,0.154,0,1,0,1.0,36.76558221026058,72.43789572592424,0.03137630096321284,33.53225672834264,0.35467697651352914,86360.1904,1.707510589320548,776.05,0.003683224892481637,3.6451333861468345e-05,1.0,0.0,0.0,1.1331897848330936,lhs_candidate_000021_june2024_preflight,pa1_candidate_000021
2024-06-02T14:00,34.6,56.0,656.0,386.0,270.0,0.92,100820.0,24.6,2.42,0.53,36.4,0.153,0,1,0,1.0,36.39571103934195,68.34041830666467,0.029043974998228604,34.018729079825185,0.348998776715071,67227.248,1.922118196623222,557.6,0.003699149851626467,2.6613670593957467e-05,1.0,0.0,0.0,1.1346563577907751,lhs_candidate_000021_june2024_preflight,pa1_candidate_000021
2024-06-02T15:00,32.6,66.0,461.0,246.0,215.0,1.2,100830.0,25.5,1.67,0.37,35.5,0.161,0,1,0,1.0,34.61193285755896,71.5461047396965,0.027721357255028934,34.331521990572,0.3449036728350058,48132.216,1.5658740629039993,391.84999999999997,0.004055828031776907,1.883347679842154e-05,1.0,0.0,0.0,1.1413459843216458,lhs_candidate_000021_june2024_preflight,pa1_candidate_000021
2024-06-02T16:00,31.5,71.0,398.0,260.0,138.0,1.0,100840.0,25.6,1.34,0.3,34.3,0.165,0,1,0,1.0,33.0072839999724,77.91032939361712,0.027748334411814367,34.508650360557006,0.3417610635978647,39879.1712,1.1115971408183891,338.3,0.003661713765398187,1.6113509503948143e-05,1.0,0.0,0.0,1.1474418597548766,lhs_candidate_000021_june2024_preflight,pa1_candidate_000021
2024-06-02T17:00,30.9,73.0,171.0,95.0,76.0,0.42,100820.0,25.5,1.21,0.13,33.2,0.165,0,1,0,1.0,31.824575263129766,77.71330552010959,0.025994534824349907,34.56046546223081,0.33965881907003653,17721.862399999998,1.0492226761236325,145.35,0.0028683281133168497,7.27093145820716e-06,1.0,0.0,0.0,1.1516632452217324,lhs_candidate_000021_june2024_preflight,pa1_candidate_000021
2024-06-02T18:00,30.7,73.0,54.0,19.0,35.0,0.64,100860.0,25.3,1.19,0.05,32.3,0.165,1,0,0,1.0,31.096740899664027,78.59636049054014,0.02528673971066457,34.48573823506993,0.3387593514701756,5983.383999999999,0.9668868865296307,45.9,0.0013019469677547477,2.68276834678926e-06,1.0,0.0,0.0,1.154876323618798,lhs_candidate_000021_june2024_preflight,pa1_candidate_000021
2024-06-02T19:00,30.4,75.0,0.0,0.0,0.0,0.89,100910.0,25.5,1.08,0.03,31.6,0.165,0,0,0,1.0,30.62074600169219,76.22274383286077,0.023904170100911195,34.34974229144964,0.3452339068909959,0.0,1.0453662680160916,0.0,0.0014892623863921508,6.360239205142704e-07,1.0,0.0,0.0,1.157259373762027,lhs_candidate_000021_june2024_preflight,pa1_candidate_000021
2024-06-02T20:00,29.7,84.0,0.0,0.0,0.0,1.02,100970.0,26.7,0.67,0.0,30.9,0.164,0,0,0,1.0,30.030484426399124,82.54966078212892,0.0250773315112108,34.189093879390775,0.3451331837538947,0.0,0.7417248847185078,0.0,0.0017300911620708294,4.512817981174793e-07,1.0,0.0,0.0,1.160201873708854,lhs_candidate_000021_june2024_preflight,pa1_candidate_000021
2024-06-02T21:00,29.5,84.0,0.0,0.0,0.0,0.94,101010.0,26.6,0.64,0.0,30.2,0.164,0,0,0,1.0,29.652774168717773,84.33238003836786,0.02510046647222471,34.019394910489325,0.3450591599734387,0.0,0.6516614329370873,0.0,0.0015143772506707551,3.9648520533495303e-07,1.0,0.0,0.0,1.162109282568684,lhs_candidate_000021_june2024_preflight,pa1_candidate_000021
2024-06-02T22:00,29.1,86.0,0.0,0.0,0.0,0.94,101030.0,26.5,0.57,0.0,29.6,0.164,0,0,0,1.0,29.318105609404967,85.76118105670575,0.02506626419685059,33.846882151791455,0.34499121576120756,0.0,0.5809304204066597,0.0,0.0015560284985541336,3.5345089547825296e-07,1.0,0.0,0.0,1.1636254613116035,lhs_candidate_000021_june2024_preflight,pa1_candidate_000021
2024-06-02T23:00,29.0,86.0,0.0,0.0,0.0,0.98,101020.0,26.4,0.55,0.0,29.2,0.164,0,0,0,1.0,29.107317339572482,86.33671016806505,0.024946825016732118,33.67200933864725,0.34492984279372113,0.0,0.5507108012995552,0.0,0.0015422370199323523,3.350646119248098e-07,1.0,0.0,0.0,1.1643216941214087,lhs_candidate_000021_june2024_preflight,pa1_candidate_000021
2024-06-03T00:00,28.6,87.0,0.0,0.0,0.0,0.98,100980.0,26.3,0.49,0.0,28.9,0.164,0,0,0,1.0,28.817601296788485,86.82438131333286,0.024694755397924494,33.49728412537657,0.3448707661227137,0.0,0.5222351548497128,0.0,0.0016107070857425,3.177393998452402e-07,1.0,0.0,0.0,1.1649773079268257,lhs_candidate_000021_june2024_preflight,pa1_candidate_000021
2024-06-03T01:00,28.2,90.0,0.0,0.0,0.0,1.17,100930.0,26.3,0.39,0.0,28.5,0.164,0,0,0,1.0,28.433967299384886,89.22116749976301,0.024850070243077477,33.31885162271649,0.3448188453124533,0.0,0.4178413320495866,0.0,0.0018840006812202098,2.542238929016143e-07,1.0,0.0,0.0,1.165881663758569,lhs_candidate_000021_june2024_preflight,pa1_candidate_000021
2024-06-03T02:00,28.1,93.0,0.0,0.0,0.0,1.24,100880.0,26.8,0.27,0.0,28.3,0.164,0,0,0,1.0,28.220616152672235,92.39726857751981,0.025435743635269546,33.13775211816205,0.34478018682589534,0.0,0.2910901877804526,0.0,0.0019257803191420162,1.771056978973696e-07,1.0,0.0,0.0,1.1661290551894559,lhs_candidate_000021_june2024_preflight,pa1_candidate_000021
2024-06-03T03:00,27.9,93.0,0.0,0.0,0.0,1.2,100840.0,26.7,0.26,0.0,28.2,0.164,0,0,0,1.0,28.050155421095123,92.70574366458753,0.02528317391853951,32.95829767428094,0.3447496738771965,0.0,0.2765240240937352,0.0,0.0018831558275470403,1.682433222704415e-07,1.0,0.0,0.0,1.1663263680568023,lhs_candidate_000021_june2024_preflight,pa1_candidate_000021
2024-06-03T04:00,27.9,93.0,0.0,0.0,0.0,1.2,100820.0,26.6,0.28,0.0,28.0,0.164,0,0,0,1.0,27.972806493258084,92.9529650598501,0.025243174832119197,32.78111368004031,0.3447200593682603,0.0,0.26595153856021314,0.0,0.0018424594058443855,1.6181078861755e-07,1.0,0.0,0.0,1.166394578836124,lhs_candidate_000021_june2024_preflight,pa1_candidate_000021
2024-06-03T05:00,28.0,92.0,0.0,0.0,0.0,1.33,100840.0,26.5,0.31,0.0,27.8,0.164,0,0,0,1.0,28.0211818132512,92.28291748024016,0.025127864505179665,32.60976406619682,0.34468978738725026,0.0,0.2920603008681777,0.0,0.002009014968719315,1.776959361213063e-07,1.0,0.0,0.0,1.1664385722942818,lhs_candidate_000021_june2024_preflight,pa1_candidate_000021
2024-06-03T06:00,28.0,92.0,25.0,13.0,12.0,1.3,100880.0,26.7,0.29,0.01,28.0,0.164,1,0,0,1.0,28.091364711778247,93.36522588747374,0.025520677379174402,32.45333004099475,0.3445722491658387,2622.1888,0.2521270824902784,21.25,0.001998885412263508,1.1230723763652553e-06,1.0,0.0,0.0,1.1666293976998403,lhs_candidate_000021_june2024_preflight,pa1_candidate_000021
2024-06-03T07:00,29.5,86.0,196.0,139.0,57.0,1.1,100930.0,27.0,0.56,0.14,30.5,0.164,0,0,0,1.0,29.27456263157034,99.43286653034619,0.028993520258828426,32.37196684721685,0.3505585384949698,19253.396800000002,0.023080490470926307,166.6,0.0017812056552566691,7.616276585978344e-06,1.0,2.0926099947178754e-06,0.0,1.162641071539775,lhs_candidate_000021_june2024_preflight,pa1_candidate_000021
2024-06-03T08:00,31.3,72.0,419.0,337.0,82.0,0.7,100950.0,25.6,1.3,0.31,31.6,0.163,0,0,0,1.0,31.370661624708617,100.0,0.032648289293031346,32.452880725630756,0.34841155374974003,39756.9568,0.0,356.15,0.0011151559485553608,1.6251714319306207e-05,1.0,2.866573413177998e-06,0.0,1.154867094910306,lhs_candidate_000021_june2024_preflight,pa1_candidate_000021
2024-06-03T09:00,32.9,62.0,633.0,534.0,99.0,0.6,100950.0,24.6,1.91,0.48,33.3,0.162,0,1,0,1.0,33.53917245801312,84.66165521261478,0.03101027353753078,32.7154506287938,0.3447223176093821,59187.05760000001,0.7951837327248557,538.05,0.0028184963229026137,2.503591990521996e-05,1.0,0.0,0.0,1.1467013622035773,lhs_candidate_000021_june2024_preflight,pa1_candidate_000021
2024-06-03T10:00,34.0,56.0,763.0,643.0,120.0,0.63,100900.0,24.0,2.35,0.59,34.8,0.16,0,1,0,1.0,35.183087947525046,76.69381869610206,0.030612854850116125,33.11970496500175,0.3397301465096506,71365.888,1.323751387114644,648.55,0.003167180569448266,3.039981013644534e-05,1.0,0.0,0.0,1.1400226569539538,lhs_candidate_000021_june2024_preflight,pa1_candidate_000021
2024-06-03T11:00,35.0,53.0,910.0,785.0,125.0,0.45,100830.0,23.9,2.65,0.71,36.1,0.158,0,1,0,1.0,36.565342085167195,74.65698631000315,0.03200654608257247,33.62927328524686,0.333731772897621,84477.8,1.552962750009761,773.5,0.0032441723412244333,3.624094282036349e-05,1.0,0.0,0.0,1.1341473878212036,lhs_candidate_000021_june2024_preflight,pa1_candidate_000021
2024-06-03T12:00,35.4,51.0,950.0,825.0,125.0,0.36,100780.0,23.9,2.79,0.75,36.9,0.156,0,1,0,1.0,37.37970418955091,71.03096890257208,0.03174996816927558,34.20586652049973,0.32704993409885585,87997.8,1.8556855263255772,807.5,0.0034032489409247706,3.7976602349320864e-05,1.0,0.0,0.0,1.1306121629439911,lhs_candidate_000021_june2024_preflight,pa1_candidate_000021
2024-06-03T13:00,36.0,50.0,931.0,796.0,135.0,0.32,100720.0,23.8,2.98,0.74,37.4,0.154,0,1,0,1.0,37.93634961878719,69.37364606403266,0.031901916733887425,34.7857341641053,0.3202712491263448,86677.624,2.0219490797580013,791.35,0.003365548152684296,3.734080952056282e-05,1.0,0.0,0.0,1.1279171783775086,lhs_candidate_000021_june2024_preflight,pa1_candidate_000021
2024-06-03T14:00,35.5,54.0,757.0,594.0,163.0,0.8,100580.0,24.7,2.68,0.61,37.3,0.153,0,1,0,1.0,37.571650470275976,67.07370999951605,0.0302764045677825,35.295917781690214,0.31414698775507816,72350.7312,2.1312676376727104,643.4499999999999,0.003708950759012763,3.0658399408199084e-05,1.0,0.0,0.0,1.1276713973874732,lhs_candidate_000021_june2024_preflight,pa1_candidate_000021
2024-06-03T15:00,34.7,56.0,570.0,403.0,167.0,1.08,100620.0,24.5,2.44,0.46,36.6,0.154,0,1,0,1.0,36.5153655949125,65.3062985861449,0.02792591069247534,35.6643887152128,0.30930413393079326,56035.4608,2.1201532384359747,484.5,0.0038579182586474517,2.300910775310035e-05,0.9833588514246497,0.0,0.0,1.1319679411240768,lhs_candidate_000021_june2024_preflight,pa1_candidate_000021
2024-06-03T16:00,33.0,64.0,347.0,220.0,127.0,1.06,100620.0,25.4,1.78,0.28,35.4,0.158,0,1,0,1.0,34.71847506029657,68.15832599938872,0.026555886537687264,35.86555420725883,0.3059798865098597,35004.1648,1.7626849910248046,294.95,0.0038042154743345305,1.3991505041514254e-05,0.9628388056164179,0.0,0.0,1.1385747315026509,lhs_candidate_000021_june2024_preflight,pa1_candidate_000021
2024-06-03T17:00,32.6,66.0,150.0,87.0,63.0,0.82,100610.0,25.4,1.66,0.13,34.2,0.158,0,1,0,1.0,33.39502851348276,69.33563592140867,0.02520462433617024,35.89345882808725,0.3041476962866657,15416.491199999999,1.5769708697729286,127.5,0.003135340408256589,6.4489877745800875e-06,0.9515289894238624,0.0,0.0,1.1433766546245079,lhs_candidate_000021_june2024_preflight,pa1_candidate_000021
2024-06-03T18:00,32.1,70.0,65.0,43.0,22.0,1.04,100630.0,25.8,1.45,0.06,33.3,0.158,1,0,0,1.0,32.585535512191534,71.97722295267438,0.02506953223748553,35.81294895475233,0.30328012016201195,6494.0127999999995,1.377145858985502,55.25,0.0018385782298558292,3.1782301274202885e-06,0.9461735812469874,0.0,0.0,1.1466318525224748,lhs_candidate_000021_june2024_preflight,pa1_candidate_000021
2024-06-03T19:00,31.4,75.0,0.0,0.0,0.0,1.04,100720.0,26.5,1.13,0.03,32.4,0.158,0,0,0,1.0,31.791099113380234,74.92896039314562,0.025018502963049128,35.671419865412474,0.30969426872957084,0.0,1.1780714246013884,0.0,0.00178883366957823,7.065630217337935e-07,0.9857670909232769,0.0,0.0,1.1506472519249396,lhs_candidate_000021_june2024_preflight,pa1_candidate_000021
2024-06-03T20:00,31.1,79.0,0.0,0.0,0.0,1.12,100810.0,26.9,0.96,0.01,31.9,0.157,0,0,0,1.0,31.28341555659308,78.85543974036435,0.025625045118808202,35.4972154807964,0.30957854909516974,0.0,0.9653741467731036,0.0,0.0017856480005700886,5.785756194134802e-07,0.9850527721924058,0.0,0.0,1.1535960048248466,lhs_candidate_000021_june2024_preflight,pa1_candidate_000021
2024-06-03T21:00,30.7,82.0,0.0,0.0,0.0,1.0,100890.0,27.3,0.8,0.0,31.4,0.157,0,0,0,1.0,30.910396890210777,81.82656112412457,0.02606415079635356,35.31802225650558,0.30948298578411215,0.0,0.812302814373548,0.0,0.001633059119693106,4.865441650297944e-07,0.9844628752105689,0.0,0.0,1.155927811076546,lhs_candidate_000021_june2024_preflight,pa1_candidate_000021
2024-06-03T22:00,30.2,86.0,0.0,0.0,0.0,1.1,100900.0,27.6,0.61,0.0,30.9,0.157,0,0,0,1.0,30.462182830270805,85.2652721444354,0.02651271163281363,35.1338131319384,0.3094043944744236,0.0,0.6419703707033286,0.0,0.0018006790507929793,3.843308328185002e-07,0.9839777436692814,0.0,0.0,1.1577490167621447,lhs_candidate_000021_june2024_preflight,pa1_candidate_000021
2024-06-03T23:00,29.5,91.0,0.0,0.0,0.0,1.32,100890.0,27.9,0.36,0.0,30.2,0.157,0,0,0,1.0,29.85717309492606,89.50154567717769,0.02693555128596179,34.94164978756608,0.3093457597058782,0.0,0.44181993874634484,0.0,0.0021519493682594006,2.6440872080629044e-07,0.983615800653569,0.0,0.0,1.1599457049891624,lhs_candidate_000021_june2024_preflight,pa1_candidate_000021
2024-06-04T00:00,29.3,90.0,0.0,0.0,0.0,1.4,100870.0,27.5,0.4,0.0,29.7,0.157,0,0,0,1.0,29.474048946781654,89.78456141934174,0.02646542423429538,34.74125528369369,0.3093007701488194,0.0,0.42054197932118553,0.0,0.002183072170490747,2.516037922896888e-07,0.9833380873383913,0.0,0.0,1.1611839705488467,lhs_candidate_000021_june2024_preflight,pa1_candidate_000021
2024-06-04T01:00,29.1,90.0,0.0,0.0,0.0,1.43,100790.0,27.2,0.42,0.0,29.2,0.157,0,0,0,1.0,29.25491797654113,89.74914108322861,0.02614191790915883,34.54026919886142,0.3092555795013585,0.0,0.4167042760459285,0.0,0.0022182008369758008,2.4923702955443896e-07,0.9830591327244352,0.0,0.0,1.1611037942039404,lhs_candidate_000021_june2024_preflight,pa1_candidate_000021
2024-06-04T02:00,28.5,88.0,0.0,0.0,0.0,1.33,100750.0,26.4,0.45,0.0,28.7,0.157,0,0,0,1.0,28.81268178678027,87.5768931007303,0.024902101640522936,34.337915954564515,0.3092067000173109,0.0,0.4922680720430286,0.0,0.0021461884463471206,2.943424918584934e-07,0.9827574075142647,0.0,0.0,1.1623428001966751,lhs_candidate_000021_june2024_preflight,pa1_candidate_000021
2024-06-04T03:00,28.1,91.0,0.0,0.0,0.0,1.41,100730.0,26.4,0.36,0.0,28.4,0.157,0,0,0,1.0,28.354785807967236,90.00677423967667,0.024960462098373444,34.1290946965589,0.30915867949581355,0.0,0.3856106662763117,0.0,0.0022335308726012296,2.3049914480293887e-07,0.982460984542059,0.0,0.0,1.1638769643068667,lhs_candidate_000021_june2024_preflight,pa1_candidate_000021
2024-06-04T04:00,27.8,92.0,0.0,0.0,0.0,1.4,100720.0,26.3,0.31,0.0,28.1,0.157,0,0,0,1.0,28.013812981641127,91.31978599391643,0.02485555497522127,33.91657676912509,0.3091207199601636,0.0,0.32837002381474045,0.0,0.002201232511043903,1.962366821423801e-07,0.982226666420763,0.0,0.0,1.165079012049735,lhs_candidate_000021_june2024_preflight,pa1_candidate_000021
2024-06-04T05:00,27.8,91.0,0.0,0.0,0.0,1.2,100840.0,26.3,0.33,0.0,27.8,0.157,0,0,0,1.0,27.89110659885034,91.07247404465836,0.024621737233635203,33.70464263134229,0.3090855474123341,0.0,0.335320562584994,0.0,0.001852186511762799,2.0034608752054744e-07,0.9820095519279884,0.0,0.0,1.1669425723927758,lhs_candidate_000021_june2024_preflight,pa1_candidate_000021
2024-06-04T06:00,27.8,92.0,26.0,14.0,12.0,1.41,100860.0,26.5,0.28,0.01,28.0,0.157,1,0,0,1.0,27.917200945442605,93.06283689078856,0.025195937959627934,33.506486543671386,0.30896396086645933,2710.1888,0.2609584109912704,22.099999999999998,0.002172442768214801,1.14535737644904e-06,0.9812590176941934,0.0,0.0,1.16707285449828,lhs_candidate_000021_june2024_preflight,pa1_candidate_000021
2024-06-04T07:00,30.5,76.0,199.0,144.0,55.0,1.02,100870.0,25.8,1.04,0.14,30.5,0.157,0,0,0,1.0,29.80733331476826,91.35932154543994,0.027420575317687674,33.392859887403425,0.3149211295936111,19447.032000000003,0.3625974250193731,169.15,0.001923458199234575,7.939206908985139e-06,1.0,3.882675517428935e-07,0.0,1.159906548208525,lhs_candidate_000021_june2024_preflight,pa1_candidate_000021
2024-06-04T08:00,32.3,63.0,427.0,348.0,79.0,0.58,100910.0,24.4,1.78,0.32,32.0,0.156,0,0,0,1.0,32.328925465138795,100.0,0.03435892239732364,33.46424676020603,0.31270869867309786,40355.4096,0.0,362.95,0.0009031013358987588,1.6562009580772673e-05,1.0,1.0738782303803964e-06,0.0,1.1507882016733746,lhs_candidate_000021_june2024_preflight,pa1_candidate_000021
2024-06-04T09:00,33.6,58.0,638.0,545.0,93.0,0.5,100910.0,24.2,2.19,0.49,33.8,0.155,0,1,0,1.0,34.3674481450761,78.70613183240818,0.030108671531770805,33.72114386653555,0.30897631270975684,59415.9632,1.1560564832393414,542.3,0.002816612769812514,2.4974410727436527e-05,0.9813352636404743,0.0,0.0,1.1431596659168974,lhs_candidate_000021_june2024_preflight,pa1_candidate_000021
2024-06-04T10:00,34.7,54.0,812.0,710.0,102.0,0.81,100880.0,24.1,2.54,0.64,35.3,0.153,0,1,0,1.0,36.029775295187164,72.22691963202723,0.030122090971565714,34.12853962419629,0.30393966107222986,75044.60479999999,1.6526955434504886,690.1999999999999,0.003394291735742837,3.08834370464479e-05,0.9502448214335176,0.0,0.0,1.1366753583427243,lhs_candidate_000021_june2024_preflight,pa1_candidate_000021
2024-06-04T11:00,35.5,52.0,925.0,818.0,107.0,0.91,100820.0,24.1,2.77,0.73,36.5,0.152,0,1,0,1.0,37.336583270741464,67.8162148284183,0.03024628543496134,34.644439484432716,0.2980973235953363,85164.5168,2.0567910061957386,786.25,0.0037047772064605442,3.3942888784610465e-05,0.914181009847755,0.0,0.0,1.1312179913145808,lhs_candidate_000021_june2024_preflight,pa1_candidate_000021
2024-06-04T12:00,36.0,51.0,971.0,854.0,117.0,0.95,100750.0,24.2,2.92,0.77,37.3,0.15,0,1,0,1.0,38.2150150875997,64.4513466210191,0.030061166319994368,35.21777038812745,0.2919543136526363,89564.3408,2.382530689973022,825.35,0.003886739705575161,3.427204014629364e-05,0.8762611953866438,0.0,0.0,1.127243370627871,lhs_candidate_000021_june2024_preflight,pa1_candidate_000021
2024-06-04T13:00,36.0,52.0,945.0,833.0,112.0,0.95,100670.0,24.4,2.87,0.75,37.7,0.148,0,1,0,1.0,38.50394156950187,62.741597795079464,0.029695723014512787,35.79341382847228,0.28598457153783347,87100.4288,2.536336579375078,803.25,0.00399328030066602,3.206280401398342e-05,0.8394109354187251,0.0,0.0,1.1253040800500638,lhs_candidate_000021_june2024_preflight,pa1_candidate_000021
2024-06-04T14:00,36.1,51.0,827.0,693.0,134.0,1.48,100590.0,24.4,2.91,0.67,37.7,0.147,0,1,0,1.0,38.41824989329409,58.567685969786396,0.027600071749159755,36.310142493356324,0.2806536586477597,77490.4416,2.8074771854077554,702.9499999999999,0.0044451277939594035,2.7247662247844994e-05,0.8065040657269118,0.0,0.0,1.124719078534991,lhs_candidate_000021_june2024_preflight,pa1_candidate_000021
2024-06-04T15:00,35.3,54.0,617.0,439.0,178.0,1.87,100570.0,24.4,2.65,0.51,37.2,0.146,0,1,0,1.0,37.50673583139776,57.503376493542696,0.02587060123402647,36.70373986472143,0.27641050323158783,60558.4672,2.7410697117372766,524.4499999999999,0.004866230754963143,1.9975395039685904e-05,0.7803117483431348,0.0,0.0,1.1277948946135825,lhs_candidate_000021_june2024_preflight,pa1_candidate_000021
2024-06-04T16:00,32.7,64.0,276.0,103.0,173.0,2.19,100640.0,25.1,1.77,0.25,35.6,0.15,0,1,0,1.0,34.82534044031293,61.913048238525555,0.02425732043024714,36.87960504635937,0.2737941861922653,30374.555199999995,2.1209210557157188,234.6,0.005249752719477328,9.166578723823968e-06,0.7641616431621315,0.0,0.0,1.1384058869824696,lhs_candidate_000021_june2024_preflight,pa1_candidate_000021
2024-06-04T17:00,32.3,67.0,175.0,96.0,79.0,0.57,100660.0,25.5,1.57,0.14,34.4,0.15,0,1,0,1.0,33.2233499437067,69.11926737518533,0.02489966800707779,36.85607464198734,0.27244809021056426,18179.4096,1.5729130516475531,148.75,0.0029743087078048167,5.853853080288122e-06,0.7558524087071868,0.0,0.0,1.1445858947584369,lhs_candidate_000021_june2024_preflight,pa1_candidate_000021
2024-06-04T18:00,31.9,69.0,64.0,33.0,31.0,0.41,100610.0,25.5,1.46,0.05,33.5,0.15,1,1,0,1.0,32.44887058850501,70.10939289554939,0.024242667456644242,36.7453724817945,0.27169538375402347,6722.6544,1.4576806341424047,54.4,0.0025890149838813546,2.5309989393315487e-06,0.7512060725557004,0.0,0.0,1.146916637874198,lhs_candidate_000021_june2024_preflight,pa1_candidate_000021
2024-06-04T19:00,31.3,74.0,0.0,0.0,0.0,0.94,100760.0,26.0,1.21,0.03,32.6,0.15,0,0,0,1.0,31.68912504129067,73.81711963948526,0.024513567791717015,36.56802565557019,0.27817652297058215,0.0,1.223233208252986,0.0,0.0016580780404185224,5.88854098271156e-07,0.7912131047566799,0.0,0.0,1.1514892853461163,lhs_candidate_000021_june2024_preflight,pa1_candidate_000021
2024-06-04T20:00,30.9,77.0,0.0,0.0,0.0,0.92,100750.0,26.5,1.02,0.0,32.0,0.15,0,0,0,1.0,31.1436894964416,76.80584519507063,0.024772932510482844,36.360012770689465,0.27807805422396803,0.0,1.0505732770178375,0.0,0.0015441226945125644,5.053485496562648e-07,0.790605272987457,0.0,0.0,1.1534388034262806,lhs_candidate_000021_june2024_preflight,pa1_candidate_000021
2024-06-04T21:00,30.6,80.0,0.0,0.0,0.0,1.08,100780.0,26.9,0.86,0.0,31.5,0.15,0,0,0,1.0,30.79370351378619,79.72840542896525,0.025237170301279182,36.14733207238244,0.2779937925575024,0.0,0.9000784177525323,0.0,0.0017350434764905169,4.326724161704086e-07,0.7900851392438419,0.0,0.0,1.1551108197119846,lhs_candidate_000021_june2024_preflight,pa1_candidate_000021
2024-06-04T22:00,30.4,82.0,0.0,0.0,0.0,1.06,100830.0,27.1,0.77,0.0,31.2,0.15,0,0,0,1.0,30.552036696087228,81.89142867080564,0.025587137838416027,35.93388233986412,0.27792083064253126,0.0,0.7930249637174223,0.0,0.0016831519755367665,3.809939526793033e-07,0.7896347570526621,0.0,0.0,1.1566035250054956,lhs_candidate_000021_june2024_preflight,pa1_candidate_000021
2024-06-04T23:00,30.2,84.0,0.0,0.0,0.0,1.03,100850.0,27.2,0.68,0.0,30.9,0.15,0,0,0,1.0,30.350300548313793,83.82008819745056,0.02590667008917786,35.721866279409255,0.2778563023018486,0.0,0.7004392299079876,0.0,0.0016395813521821337,3.363431249708861e-07,0.7892364339620284,0.0,0.0,1.1576018864959559,lhs_candidate_000021_june2024_preflight,pa1_candidate_000021
2024-06-05T00:00,30.0,85.0,0.0,0.0,0.0,0.89,100830.0,27.2,0.62,0.0,30.7,0.15,0,0,0,1.0,30.152572208011208,84.97917678622103,0.025986203869350407,35.51166514439789,0.27779844399681797,0.0,0.6429420863678534,0.0,0.0014442385456179723,3.0859392636082813e-07,0.7888792839309752,0.0,0.0,1.1581268290502316,lhs_candidate_000021_june2024_preflight,pa1_candidate_000021
2024-06-05T01:00,29.8,86.0,0.0,0.0,0.0,0.81,100770.0,27.2,0.59,0.0,30.5,0.149,0,0,0,1.0,29.954718272632906,85.97421252728553,0.026010896991088873,35.30325051850468,0.2777450552542386,0.0,0.593579342897836,0.0,0.001335319846812761,2.847821930073781e-07,0.7885497237915963,0.0,0.0,1.1581931992888244,lhs_candidate_000021_june2024_preflight,pa1_candidate_000021
2024-06-05T02:00,29.6,89.0,0.0,0.0,0.0,0.81,100750.0,27.6,0.45,0.0,30.3,0.149,0,0,0,1.0,29.757463248924967,88.44996835025225,0.02647576867427535,35.09656093219763,0.2776981862446872,0.0,0.48329883651046224,0.0,0.0013373956256197697,2.3178772415424239e-07,0.7882604089178221,0.0,0.0,1.1587174027947607,lhs_candidate_000021_june2024_preflight,pa1_candidate_000021
2024-06-05T03:00,29.5,89.0,0.0,0.0,0.0,0.85,100720.0,27.5,0.46,0.0,30.2,0.149,0,0,0,1.0,29.61837722212901,89.06397569754066,0.02645938070099068,34.89217903583021,0.27765837746602373,0.0,0.4539617720420326,0.0,0.001364726163652058,2.1764994198766132e-07,0.7880146757161959,0.0,0.0,1.158904509490287,lhs_candidate_000021_june2024_preflight,pa1_candidate_000021
2024-06-05T04:00,29.4,89.0,0.0,0.0,0.0,0.95,100730.0,27.4,0.44,0.0,30.1,0.149,0,0,0,1.0,29.51254218989654,89.04170617479673,0.026301344398687657,34.69161447053016,0.2776193069478434,0.0,0.4521242453790224,0.0,0.0015025500750820476,2.1670260476726131e-07,0.7877734996780459,0.0,0.0,1.1594248574374235,lhs_candidate_000021_june2024_preflight,pa1_candidate_000021
2024-06-05T05:00,29.2,89.0,0.0,0.0,0.0,1.02,100760.0,27.3,0.43,0.0,29.9,0.149,0,0,0,1.0,29.350999698118663,88.893828799022,0.02602835587134359,34.494462532609965,0.2775801885612148,0.0,0.45398134481929864,0.0,0.0016261193226127257,2.1752601288764106e-07,0.7875320281556469,0.0,0.0,1.16038950809958,lhs_candidate_000021_june2024_preflight,pa1_candidate_000021
2024-06-05T06:00,29.2,89.0,25.0,13.0,12.0,1.17,100760.0,27.2,0.43,0.02,29.9,0.149,1,0,0,1.0,29.32046797272212,90.03608889983046,0.02631911226668436,34.30791135102226,0.2774743511152542,2622.1888,0.40657356977706893,21.25,0.001823873745979782,9.576636761128313e-07,0.786878710587989,0.0,0.0,1.1605066391836552,lhs_candidate_000021_june2024_preflight,pa1_candidate_000021
2024-06-05T07:00,30.2,83.0,185.0,123.0,62.0,0.98,100870.0,26.9,0.74,0.13,30.9,0.149,0,0,0,1.0,30.2189875060373,94.20256422786616,0.028910132078648024,34.19035327934009,0.2836114698646905,18461.308800000003,0.24909567359792195,157.25,0.0014851865133023636,6.0431422265403565e-06,0.8247621596585832,0.0,0.0,1.1583326220271581,lhs_candidate_000021_june2024_preflight,pa1_candidate_000021
2024-06-05T08:00,32.0,69.0,414.0,327.0,87.0,0.64,100910.0,25.6,1.47,0.31,32.3,0.148,0,0,0,1.0,32.233951969263885,98.1402283384463,0.033550246147988926,34.22807347161223,0.2818839501539481,39492.8688,0.0896037506637315,351.9,0.0011736248292958452,1.3116995878952401e-05,0.8140984577404206,0.0,0.0,1.1511460933629012,lhs_candidate_000021_june2024_preflight,pa1_candidate_000021
2024-06-05T09:00,33.4,62.0,624.0,526.0,98.0,0.64,100870.0,25.0,1.96,0.48,34.0,0.147,0,1,0,1.0,34.351291015405195,75.96215710952013,0.029034441049631664,34.44897661655591,0.27890162870546975,58359.875199999995,1.3038580777276554,530.4,0.0030477930479830082,1.9889303640365413e-05,0.7956890660831466,0.0,0.0,1.1427665671881289,lhs_candidate_000021_june2024_preflight,pa1_candidate_000021
2024-06-05T10:00,34.5,57.0,795.0,683.0,112.0,0.63,100840.0,24.7,2.37,0.62,35.5,0.146,0,1,0,1.0,36.1203197432028,69.7294528505068,0.0292167201011049,34.82381356321378,0.27488800230676236,73900.4288,1.810278620139413,675.75,0.003386476833521645,2.46206713941705e-05,0.7709135944861875,0.0,0.0,1.135892004192721,lhs_candidate_000021_june2024_preflight,pa1_candidate_000021
2024-06-05T11:00,35.4,54.0,905.0,782.0,123.0,1.03,100800.0,24.7,2.63,0.72,36.7,0.145,0,1,0,1.0,37.520169327157845,63.83796443448702,0.02874021477829913,35.30904586791297,0.27022691041155195,83967.43519999999,2.334184105066285,769.25,0.003923858058807778,2.7104726959070777e-05,0.7421414222935305,0.0,0.0,1.1303252434741677,lhs_candidate_000021_june2024_preflight,pa1_candidate_000021
2024-06-05T12:00,35.5,54.0,831.0,696.0,135.0,1.62,100740.0,24.8,2.64,0.67,37.2,0.143,0,1,0,1.0,37.934883073194655,59.14831425300829,0.02719770257742623,35.814257486201214,0.2656127837161509,77877.624,2.696810583059618,706.35,0.00463679879590177,2.4173576426061733e-05,0.7136591587416721,0.0,0.0,1.1281464676121278,lhs_candidate_000021_june2024_preflight,pa1_candidate_000021
2024-06-05T13:00,35.1,56.0,805.0,547.0,258.0,1.48,100700.0,24.9,2.5,0.65,37.3,0.142,0,1,0,1.0,37.68626893573397,59.97411013511022,0.02723043124341372,36.27415257587654,0.2614070098893286,79917.0592,2.6069643671689637,684.25,0.004528976832661322,2.256307972831704e-05,0.6876975919094357,0.0,0.0,1.1286004835347496,lhs_candidate_000021_june2024_preflight,pa1_candidate_000021
2024-06-05T14:00,35.2,54.0,550.0,255.0,295.0,1.24,100620.0,24.6,2.59,0.46,37.1,0.141,0,1,0,1.0,37.157252491637465,57.6081698724947,0.02545886567949735,36.62706591384132,0.2580079897686773,58778.808000000005,2.682877039898539,467.5,0.004071655808030358,1.531121320186662e-05,0.6667159862264029,0.0,0.0,1.1296264058132326,lhs_candidate_000021_june2024_preflight,pa1_candidate_000021
2024-06-05T15:00,34.0,59.0,452.0,267.0,185.0,1.0,100640.0,24.9,2.16,0.37,36.5,0.144,0,1,0,1.0,36.020446321123295,60.78444619025938,0.025337825286768298,36.84594101705925,0.2555201414919371,46284.744000000006,2.332410049062299,384.2,0.003862268483876753,1.2343754000189056e-05,0.6513588980983771,0.0,0.0,1.1340053513346708,lhs_candidate_000021_june2024_preflight,pa1_candidate_000021
2024-06-05T16:00,31.1,80.0,284.0,151.0,133.0,1.0,100700.0,27.2,0.92,0.22,35.0,0.157,0,1,0,1.0,33.40317208430369,75.68411183892132,0.027524199849611724,36.932109817858375,0.2537320116321554,29671.259199999997,1.2510585655305908,241.4,0.003976399608545381,7.54083920650231e-06,0.6403210594577495,0.0,0.0,1.1443690536157043,lhs_candidate_000021_june2024_preflight,pa1_candidate_000021
2024-06-05T17:00,30.7,80.0,153.0,74.0,79.0,1.63,100770.0,26.9,0.87,0.13,33.6,0.172,0,1,0,1.0,31.689899082148763,79.11770535949441,0.026274898677384886,36.86276907709817,0.25268672213694615,16243.409599999999,0.9756388838699057,130.04999999999998,0.004202726636423792,4.137892752768857e-06,0.6338686551663343,0.0,0.0,1.1516006416243956,lhs_candidate_000021_june2024_preflight,pa1_candidate_000021
2024-06-05T18:00,30.0,83.0,44.0,18.0,26.0,1.66,100810.0,26.7,0.74,0.05,32.3,0.178,1,1,0,1.0,30.649692585473094,81.35931397916919,0.025554808860300572,36.694346995567045,0.2521895588182378,4786.7424,0.8208924961923163,37.4,0.004124909758570061,1.39159032489564e-06,0.6307997457915914,0.0,0.0,1.156002393986824,lhs_candidate_000021_june2024_preflight,pa1_candidate_000021
2024-06-05T19:00,29.7,81.0,0.0,0.0,0.0,1.51,100900.0,26.0,0.81,0.03,31.3,0.178,0,0,0,1.0,29.993731592135376,80.70172550834027,0.024467300905236983,36.463917704862276,0.25880057504176734,0.0,0.8185439812939395,0.0,0.0023919112525754137,3.344746154601731e-07,0.6716084879121441,0.0,0.0,1.1595380986524544,lhs_candidate_000021_june2024_preflight,pa1_candidate_000021
2024-06-05T20:00,29.6,80.0,0.0,0.0,0.0,1.4,100990.0,25.8,0.83,0.01,30.9,0.178,0,0,0,1.0,29.73893204374213,80.09096658825142,0.023949613817114346,36.21691226517111,0.2587399032600876,0.0,0.8321857303650515,0.0,0.002167265151527917,3.398593009292531e-07,0.6712339707412815,0.0,0.0,1.1615486838767437,lhs_candidate_000021_june2024_preflight,pa1_candidate_000021
2024-06-05T21:00,29.5,81.0,0.0,0.0,0.0,1.17,101070.0,25.8,0.8,0.0,30.5,0.179,0,0,0,1.0,29.622710702310776,80.96824271090817,0.02405992947679498,35.97396342996855,0.25868006344911704,0.0,0.7902180786827051,0.0,0.001825008237021954,3.2254238832939503e-07,0.6708645891920805,0.0,0.0,1.162915035012939,lhs_candidate_000021_june2024_preflight,pa1_candidate_000021
2024-06-05T22:00,29.3,81.0,0.0,0.0,0.0,1.12,101060.0,25.7,0.77,0.0,30.2,0.179,0,0,0,1.0,29.460878798555207,81.03253503036134,0.023868555642393166,35.73579628020234,0.2586225028484663,0.0,0.7802472496989603,0.0,0.001773894149839239,3.183039329763696e-07,0.6705092768423844,0.0,0.0,1.163421823196641,lhs_candidate_000021_june2024_preflight,pa1_candidate_000021
2024-06-05T23:00,28.6,86.0,0.0,0.0,0.0,1.32,101060.0,26.1,0.54,0.0,29.9,0.179,0,0,0,1.0,28.967758894867337,84.5092075923024,0.024233870873606924,35.497552302472,0.25857022851044537,0.0,0.6193560065554595,0.0,0.0021572268460052896,2.5254632813735723e-07,0.6701865957434899,0.0,0.0,1.1653207729952282,lhs_candidate_000021_june2024_preflight,pa1_candidate_000021
2024-06-06T00:00,28.1,89.0,0.0,0.0,0.0,1.24,101030.0,26.1,0.42,0.0,29.5,0.178,0,0,0,1.0,28.41825543690277,87.74093334725622,0.024416789553713247,35.251934713054105,0.2585304200783079,0.0,0.47478943387570505,0.0,0.002023736086933141,1.9352740905245591e-07,0.669940864680913,0.0,0.0,1.1670976058533828,lhs_candidate_000021_june2024_preflight,pa1_candidate_000021
2024-06-06T01:00,27.9,90.0,0.0,0.0,0.0,1.17,100930.0,26.2,0.37,0.0,29.2,0.178,0,0,0,1.0,28.098380559040002,89.34939119773136,0.024432382130486995,35.002525481027554,0.25849855608204436,0.0,0.4048974803369716,0.0,0.001865531072846548,1.6499051783086938e-07,0.6697441733459528,0.0,0.0,1.1671804406231703,lhs_candidate_000021_june2024_preflight,pa1_candidate_000021
2024-06-06T02:00,27.7,92.0,0.0,0.0,0.0,1.17,100860.0,26.3,0.3,0.0,28.8,0.178,0,0,0,1.0,27.88706755589304,91.19458807431867,0.02464927948489797,34.75491511463085,0.25847149545489934,0.0,0.33065608608353525,0.0,0.0018596467580958825,1.3470449909473415e-07,0.6695771324376503,0.0,0.0,1.1671896768592034,lhs_candidate_000021_june2024_preflight,pa1_candidate_000021
2024-06-06T03:00,27.5,92.0,0.0,0.0,0.0,1.12,100840.0,26.1,0.28,0.0,28.5,0.178,0,0,0,1.0,27.68640984806819,91.47744859062199,0.024454374236274636,34.51020692762773,0.2584480430194139,0.0,0.31631096215423415,0.0,0.0017884828410235445,1.2883264272289577e-07,0.6694323643173696,0.0,0.0,1.1677365898225103,lhs_candidate_000021_june2024_preflight,pa1_candidate_000021
2024-06-06T04:00,27.5,92.0,0.0,0.0,0.0,1.02,100860.0,26.1,0.3,0.0,28.3,0.178,0,0,0,1.0,27.605207920492365,91.75633226017894,0.024419509599840385,34.26967004006715,0.2584253497909874,0.0,0.3045132775443906,0.0,0.0015987681884308657,1.240015227800431e-07,0.6692922826604162,0.0,0.0,1.1682835354129344,lhs_candidate_000021_june2024_preflight,pa1_candidate_000021
2024-06-06T05:00,27.9,91.0,0.0,0.0,0.0,1.1,100920.0,26.2,0.35,0.0,28.2,0.178,0,0,0,1.0,27.830114318911143,91.47471429570346,0.024647715659886577,34.03898259719954,0.25840277774307185,0.0,0.3190759448403986,0.0,0.0016939886237036818,1.2990456938563533e-07,0.6691529490313077,0.0,0.0,1.1681050132402027,lhs_candidate_000021_june2024_preflight,pa1_candidate_000021
2024-06-06T06:00,28.1,91.0,21.0,8.0,13.0,1.2,100950.0,26.4,0.36,0.02,28.4,0.178,1,0,0,1.0,28.127510512739708,91.91552194584492,0.02517428043772043,33.830332349224335,0.25833056329730963,2305.3712,0.30786379179535217,17.849999999999998,0.0018181846948730253,6.699350544950331e-07,0.6687071808475904,0.0,0.0,1.167298850923758,lhs_candidate_000021_june2024_preflight,pa1_candidate_000021
2024-06-06T07:00,29.3,87.0,167.0,87.0,80.0,1.1,100970.0,26.9,0.54,0.12,30.5,0.178,0,0,0,1.0,29.235183402793268,95.11988555633968,0.027676580245315736,33.69308105037003,0.26461889390149196,17510.592,0.19815422078660072,141.95,0.0016908756421347515,4.668225894736381e-06,0.7075240364289627,0.0,0.0,1.163253312034524,lhs_candidate_000021_june2024_preflight,pa1_candidate_000021
2024-06-06T08:00,30.1,80.0,359.0,210.0,149.0,0.85,101030.0,26.3,0.86,0.26,30.9,0.178,0,1,0,1.0,30.689820729868277,88.91129497921541,0.027987205812476504,33.694780125343456,0.263310681887914,36834.177599999995,0.489440420700606,305.15,0.0030556270121569144,9.947758946530159e-06,0.6994486536290988,0.0,0.0,1.1583721583179307,lhs_candidate_000021_june2024_preflight,pa1_candidate_000021
2024-06-06T09:00,32.0,65.0,551.0,405.0,146.0,0.92,101010.0,24.6,1.66,0.42,32.3,0.176,0,1,0,1.0,32.7475754654767,76.24306943034375,0.026784188764579688,33.851474318987435,0.2610496358987574,53624.6304,1.1781923367389626,468.34999999999997,0.003220461920172434,1.5141428910833031e-05,0.6854915796219593,0.0,0.0,1.1503520879940083,lhs_candidate_000021_june2024_preflight,pa1_candidate_000021
2024-06-06T10:00,33.6,56.0,779.0,643.0,136.0,0.61,100980.0,23.6,2.28,0.6,34.2,0.174,0,1,0,1.0,35.09480838950026,67.65003261801905,0.026879362371560172,34.18488044795154,0.25780288034857257,73336.8064,1.8284886761895947,662.15,0.003313514210897768,2.0846877063023485e-05,0.6654498786948925,0.0,0.0,1.1412532949957594,lhs_candidate_000021_june2024_preflight,pa1_candidate_000021
2024-06-06T11:00,34.5,53.0,914.0,794.0,120.0,0.92,100920.0,23.5,2.57,0.71,35.6,0.172,0,1,0,1.0,36.814967836962374,61.009751454255245,0.026493295092634768,34.667464183654126,0.2537901678311729,84653.888,2.4220161955887227,776.9,0.0039032437396205235,2.365700940198548e-05,0.6406800483405736,0.0,0.0,1.1342455338580524,lhs_candidate_000021_june2024_preflight,pa1_candidate_000021
2024-06-06T12:00,35.0,52.0,952.0,811.0,141.0,1.48,100830.0,23.6,2.7,0.76,36.5,0.169,0,1,0,1.0,37.74821631715521,56.604721216970376,0.02578187808862635,35.21850494842847,0.24952129125869293,88736.7184,2.835922205592119,809.1999999999999,0.004577430125196394,2.3744166746845042e-05,0.6143289583869934,0.0,0.0,1.1298322980267943,lhs_candidate_000021_june2024_preflight,pa1_candidate_000021
2024-06-06T13:00,35.1,52.0,862.0,700.0,162.0,1.32,100730.0,23.7,2.72,0.69,36.8,0.167,0,1,0,1.0,37.93257763218098,55.16873762785306,0.025364829531053762,35.750961825435866,0.2455174392550118,81555.54879999999,2.959151931166602,732.6999999999999,0.004440471384342054,2.0774882545008995e-05,0.5896138225618012,0.0,0.0,1.1280428415540664,lhs_candidate_000021_june2024_preflight,pa1_candidate_000021
2024-06-06T14:00,34.5,55.0,726.0,441.0,285.0,1.0,100690.0,24.1,2.48,0.58,36.6,0.165,0,1,0,1.0,37.30616460366593,56.7736816515465,0.025281930828396762,36.19488362942371,0.24212457953234942,73914.984,2.7579311582010186,617.1,0.0041450158776445796,1.696757397737998e-05,0.5686702440268483,0.0,0.0,1.1298700630809682,lhs_candidate_000021_june2024_preflight,pa1_candidate_000021
2024-06-06T15:00,34.3,56.0,551.0,389.0,162.0,0.8,100680.0,24.3,2.38,0.44,36.2,0.164,0,1,0,1.0,36.51229221704248,57.88875603734982,0.024750150467979615,36.513584106462325,0.23946319986586065,54187.5488,2.5730114961148964,468.34999999999997,0.0037688836410290465,1.2666809038984946e-05,0.5522419744806213,0.0,0.0,1.1326541783214532,lhs_candidate_000021_june2024_preflight,pa1_candidate_000021
2024-06-06T16:00,31.5,70.0,320.0,143.0,177.0,0.45,100690.0,25.4,1.38,0.25,34.9,0.172,0,1,0,1.0,34.0347296830259,66.47068136062963,0.0249890490882284,36.66632631462108,0.2376674851813883,34387.2848,1.7869633935085112,272.0,0.0036976326864164473,7.305103413001984e-06,0.5411573159344957,0.0,0.0,1.1419028759879213,lhs_candidate_000021_june2024_preflight,pa1_candidate_000021
2024-06-06T17:00,30.4,76.0,152.0,65.0,87.0,0.71,100710.0,25.8,1.03,0.12,33.3,0.174,0,1,0,1.0,31.773159025223197,73.93190443031402,0.024661987084446425,36.627197659073325,0.2366945700492587,16436.8688,1.2236792418688625,129.2,0.0033377003188355603,3.553473127300459e-06,0.5351516669707327,0.0,0.0,1.1506007011044128,lhs_candidate_000021_june2024_preflight,pa1_candidate_000021
2024-06-06T18:00,30.1,76.0,32.0,8.0,24.0,0.64,100820.0,25.4,1.03,0.04,32.3,0.174,1,1,0,1.0,30.64162548008415,75.32364774593576,0.023648753230880587,36.462125943623185,0.2362855662819424,3660.3776,1.0861889241853167,27.2,0.0027952667672552943,1.0130790317528934e-06,0.5326269523576691,0.0,0.0,1.156147765767431,lhs_candidate_000021_june2024_preflight,pa1_candidate_000021
2024-06-06T19:00,29.7,76.0,0.0,0.0,0.0,0.73,100910.0,25.1,0.99,0.02,31.4,0.173,0,0,0,1.0,30.020823313814333,76.19481048085017,0.02313474128257228,36.237147244554635,0.24292987586095396,0.0,1.0112767108890424,0.0,0.0013521680100104993,3.529517305973278e-07,0.5736412090182343,0.0,0.0,1.1595493901511056,lhs_candidate_000021_june2024_preflight,pa1_candidate_000021
2024-06-06T20:00,29.4,78.0,0.0,0.0,0.0,0.7,100970.0,25.1,0.91,0.0,30.9,0.173,0,0,0,1.0,29.62603515398484,77.7811237036839,0.02311703479838041,35.997015486338334,0.2428687900566588,0.0,0.9227269551923465,0.0,0.0012439507045050213,3.218347594654659e-07,0.5732641361522147,0.0,0.0,1.1617516753747508,lhs_candidate_000021_june2024_preflight,pa1_candidate_000021
2024-06-06T21:00,28.8,86.0,0.0,0.0,0.0,0.85,101020.0,26.2,0.56,0.0,30.5,0.173,0,0,0,1.0,29.142711762047586,84.05361280934643,0.02433396046992007,35.75402700259277,0.24281871561041835,0.0,0.6440477982417057,0.0,0.0015169369023351092,2.2451409296009976e-07,0.572955034632212,0.0,0.0,1.1641853676658402,lhs_candidate_000021_june2024_preflight,pa1_candidate_000021
2024-06-06T22:00,28.9,85.0,0.0,0.0,0.0,0.89,101050.0,26.1,0.6,0.0,29.9,0.173,0,0,0,1.0,28.97640720492761,85.25476987402597,0.024459192322886666,35.5087469939802,0.2427814067608267,0.0,0.589841563296706,0.0,0.001392158287345396,2.055352321367893e-07,0.5727247330915229,0.0,0.0,1.1651721094203773,lhs_candidate_000021_june2024_preflight,pa1_candidate_000021
2024-06-06T23:00,28.6,87.0,0.0,0.0,0.0,0.72,101010.0,26.3,0.49,0.0,29.5,0.173,0,0,0,1.0,28.80821611266319,86.42309099806893,0.024568036460599615,35.26913471934125,0.24274559623026318,0.0,0.5378486914392364,0.0,0.0012561416861857373,1.8734554348816062e-07,0.5725036804337233,0.0,0.0,1.1653596288226935,lhs_candidate_000021_june2024_preflight,pa1_candidate_000021
2024-06-07T00:00,28.4,88.0,0.0,0.0,0.0,0.63,100950.0,26.2,0.48,0.0,29.2,0.173,0,0,0,1.0,28.58434596726158,87.64008551154305,0.024611274688494587,35.031637914483355,0.24271372863489282,0.0,0.4833294237254213,0.0,0.0011212041924421382,1.6829733336088808e-07,0.5723069668820545,0.0,0.0,1.1655315231128816,lhs_candidate_000021_june2024_preflight,pa1_candidate_000021
2024-06-07T01:00,28.4,87.0,0.0,0.0,0.0,0.67,100840.0,26.0,0.51,0.0,28.9,0.173,0,0,0,1.0,28.499197109537548,87.32096893730244,0.024407765978807575,34.79780241561622,0.242683474173345,0.0,0.4933662412591824,0.0,0.0010990581796055854,1.717361358928707e-07,0.5721202109465741,0.0,0.0,1.1645901487444168,lhs_candidate_000021_june2024_preflight,pa1_candidate_000021
2024-06-07T02:00,28.6,85.0,0.0,0.0,0.0,0.67,100780.0,25.8,0.59,0.0,28.6,0.173,0,0,0,1.0,28.603069167354406,85.90927995163996,0.024149925227556424,34.57223709306354,0.2426509471878259,0.0,0.5516102140935017,0.0,0.0010098178144645293,1.9194292812680535e-07,0.571919427085345,0.0,0.0,1.163496568505123,lhs_candidate_000021_june2024_preflight,pa1_candidate_000021
2024-06-07T03:00,28.5,84.0,0.0,0.0,0.0,0.76,100740.0,25.6,0.61,0.0,28.5,0.173,0,0,0,1.0,28.609133848358155,84.44307818222491,0.023745630158069915,34.35684300580685,0.24261443527025348,0.0,0.6092218093981696,0.0,0.0012320473358044062,2.1190640216618995e-07,0.5716940448781079,0.0,0.0,1.1630113975039362,lhs_candidate_000021_june2024_preflight,pa1_candidate_000021
2024-06-07T04:00,28.6,84.0,0.0,0.0,0.0,0.95,100710.0,25.6,0.63,0.0,28.3,0.173,0,0,0,1.0,28.636090931823894,84.2923470429871,0.02373818303027338,34.14847032526337,0.24257595007102942,0.0,0.6160862979736574,0.0,0.0014521327975513146,2.1420503779859945e-07,0.5714564819199347,0.0,0.0,1.1625612017906188,lhs_candidate_000021_june2024_preflight,pa1_candidate_000021
2024-06-07T05:00,28.1,88.0,0.0,0.0,0.0,1.0,100740.0,25.9,0.46,0.0,28.1,0.173,0,0,0,1.0,28.370096518641994,86.85393632092811,0.024106323766457924,33.945342253227714,0.24254012116567572,0.0,0.5077210618863166,0.0,0.0016695065284389999,1.764595617776889e-07,0.5712353158375044,0.0,0.0,1.1639334028432107,lhs_candidate_000021_june2024_preflight,pa1_candidate_000021
2024-06-07T06:00,28.4,87.0,24.0,8.0,16.0,1.14,100800.0,25.9,0.52,0.02,28.2,0.173,1,0,0,1.0,28.426801166285262,88.08840671020405,0.024524952149543734,33.750586958685126,0.2424627291911558,2674.9184,0.46156078786996924,20.4,0.0017283794870147332,6.915924251115938e-07,0.5707575875997272,0.0,0.0,1.1644076514733535,lhs_candidate_000021_june2024_preflight,pa1_candidate_000021
2024-06-07T07:00,29.5,80.0,180.0,115.0,65.0,1.02,100850.0,25.7,0.82,0.13,30.1,0.172,0,0,0,1.0,29.52359353656253,88.4390727523299,0.026139006948903067,33.628798764929705,0.24876969571995036,18126.855999999996,0.4772916209899387,153.0,0.001547743620646709,4.433685153018984e-06,0.60968947975278,0.0,0.0,1.1607637004659186,lhs_candidate_000021_june2024_preflight,pa1_candidate_000021
2024-06-07T08:00,31.0,69.0,375.0,279.0,96.0,0.8,100890.0,24.7,1.39,0.28,31.2,0.172,0,0,0,1.0,31.42507719955203,85.12627118522116,0.027873267040433258,33.653494054622925,0.24755894192624242,36377.5104,0.6845579092779586,318.75,0.0015064785285567556,9.010104577533026e-06,0.602215690902731,0.0,0.0,1.1539744887993222,lhs_candidate_000021_june2024_preflight,pa1_candidate_000021
2024-06-07T09:00,32.5,62.0,610.0,488.0,122.0,0.51,100860.0,24.2,1.88,0.46,33.0,0.17,0,1,0,1.0,33.6219869896079,71.18926072776954,0.0261893558198634,33.856804921287065,0.24543382979572842,57972.252799999995,1.5005557665142568,518.5,0.0030463867082125558,1.4475889279221046e-05,0.5890977147884471,0.0,0.0,1.1453697615979124,lhs_candidate_000021_june2024_preflight,pa1_candidate_000021
2024-06-07T10:00,33.6,57.0,740.0,586.0,154.0,0.2,100820.0,23.9,2.23,0.57,34.4,0.168,0,1,0,1.0,35.446928976835814,64.62994333110063,0.026153169328556717,34.21364034394335,0.24258636369890535,70538.08959999999,2.038400942006015,629.0,0.003292778782984898,1.711277179616803e-05,0.5715207635734898,0.0,0.0,1.1381448617203176,lhs_candidate_000021_june2024_preflight,pa1_candidate_000021
2024-06-07T11:00,34.4,54.0,878.0,697.0,181.0,0.22,100750.0,23.9,2.48,0.68,35.7,0.166,0,1,0,1.0,36.86343634806914,60.10559821672934,0.02616565484714029,34.678132382082275,0.23927700449481915,83632.0144,2.4847394997708356,746.3,0.0035802418821168237,1.9600532300973094e-05,0.5510926203383898,0.0,0.0,1.1321578614059633,lhs_candidate_000021_june2024_preflight,pa1_candidate_000021
2024-06-07T12:00,34.9,53.0,933.0,750.0,183.0,0.61,100690.0,24.0,2.61,0.73,36.5,0.164,0,1,0,1.0,37.80933594442838,56.87088638616125,0.025983887759042038,35.21433747090569,0.2357053328191646,88542.3792,2.8278734637064487,793.05,0.0039118987994529834,2.005543171630125e-05,0.5290452643158308,0.0,0.0,1.128041791121224,lhs_candidate_000021_june2024_preflight,pa1_candidate_000021
2024-06-07T13:00,35.0,54.0,892.0,651.0,241.0,1.12,100590.0,24.2,2.61,0.71,36.8,0.162,0,1,0,1.0,38.08402201650816,55.316350581200545,0.02562933091615085,35.7530183505693,0.2322377254896264,86974.95839999999,2.9736589272527154,758.1999999999999,0.004335856864995052,1.8481741639850655e-05,0.507640280800163,0.0,0.0,1.1259268914442735,lhs_candidate_000021_june2024_preflight,pa1_candidate_000021
2024-06-07T14:00,34.5,55.0,742.0,464.0,278.0,1.02,100470.0,24.3,2.43,0.59,36.6,0.16,0,1,0,1.0,37.49554731321873,55.09390835201058,0.02477243511262352,36.21477798135934,0.22923391359111334,75076.7072,2.894724347450006,630.6999999999999,0.004225126497391631,1.4937597874451686e-05,0.4890982320439095,0.0,0.0,1.1267140711055772,lhs_candidate_000021_june2024_preflight,pa1_candidate_000021
2024-06-07T15:00,33.9,58.0,466.0,159.0,307.0,1.22,100510.0,24.5,2.22,0.38,35.9,0.159,0,1,0,1.0,36.198274928228464,56.91127937937574,0.023941947880131025,36.51282859699895,0.22705435750998537,51808.99679999999,2.5878800075152593,396.09999999999997,0.00417253825277525,9.346038280848873e-06,0.47564418216040355,0.0,0.0,1.1318894792960583,lhs_candidate_000021_june2024_preflight,pa1_candidate_000021
2024-06-07T16:00,32.3,64.0,335.0,146.0,189.0,0.98,100520.0,24.7,1.72,0.27,35.0,0.161,0,1,0,1.0,34.37937033178952,61.90406857995532,0.023695882112015638,36.64209861477134,0.22561628751774762,36129.473600000005,2.069619881292352,284.75,0.0038712119619589494,6.652747352638717e-06,0.4667672068996767,0.0,0.0,1.1386974017741003,lhs_candidate_000021_june2024_preflight,pa1_candidate_000021
2024-06-07T17:00,32.0,66.0,200.0,110.0,90.0,1.63,100570.0,24.7,1.63,0.18,34.0,0.16,0,1,0,1.0,33.13846150814405,64.88176702774882,0.023268710025011727,36.64614925589939,0.22465365464950365,20766.415999999997,1.7802649258182135,170.0,0.004251589987732103,4.073939347230693e-06,0.46082502870063985,0.0,0.0,1.1438794622651987,lhs_candidate_000021_june2024_preflight,pa1_candidate_000021
2024-06-07T18:00,31.5,68.0,52.0,16.0,36.0,1.51,100570.0,24.8,1.48,0.07,33.0,0.16,1,1,0,1.0,32.15962920004795,66.78981046889541,0.02274276349628782,36.541601274994086,0.22416475738817204,5842.5664,1.5933698141330175,44.199999999999996,0.003923644358865242,1.3671772083409019e-06,0.4578071443714324,0.0,0.0,1.1475467759269602,lhs_candidate_000021_june2024_preflight,pa1_candidate_000021
2024-06-07T19:00,30.9,73.0,0.0,0.0,0.0,1.41,100660.0,25.5,1.2,0.04,32.2,0.16,0,0,0,1.0,31.301148169745176,71.82230634547103,0.023361703821630855,36.35796148084898,0.23076886636333918,0.0,1.287774827234697,0.0,0.0022951546458610987,3.906374458528262e-07,0.4985732491564147,0.0,0.0,1.1518124237125316,lhs_candidate_000021_june2024_preflight,pa1_candidate_000021
2024-06-07T20:00,30.4,77.0,0.0,0.0,0.0,1.22,100740.0,25.9,0.99,0.01,31.5,0.159,0,0,0,1.0,30.695139022003886,76.05042065941271,0.02394574870220736,36.14583402108759,0.23070512214934058,0.0,1.0574228423473686,0.0,0.001983633731393882,3.205086388428432e-07,0.4981797663539542,0.0,0.0,1.155026909748065,lhs_candidate_000021_june2024_preflight,pa1_candidate_000021
2024-06-07T21:00,29.8,82.0,0.0,0.0,0.0,1.12,100750.0,26.4,0.74,0.0,30.7,0.159,0,0,0,1.0,30.13391690496226,80.6555851516609,0.02463923797633112,35.92565675406812,0.2306536737784733,0.0,0.827121878753287,0.0,0.001866264632134109,2.5054377454542913e-07,0.4978621838177364,0.0,0.0,1.1572791352893566,lhs_candidate_000021_june2024_preflight,pa1_candidate_000021
2024-06-07T22:00,30.3,75.0,0.0,0.0,0.0,1.12,100770.0,25.3,1.09,0.01,30.1,0.159,0,0,0,1.0,30.196182599156735,76.72949295551766,0.02351879870590293,35.70409741610605,0.230605735114612,0.0,0.9985478764860334,0.0,0.0017420827265947274,3.0229070144098107e-07,0.4975662661395802,0.0,0.0,1.1572712745807088,lhs_candidate_000021_june2024_preflight,pa1_candidate_000021
2024-06-07T23:00,30.6,71.0,0.0,0.0,0.0,1.0,100740.0,24.8,1.25,0.01,29.6,0.159,0,0,0,1.0,30.517432864833722,72.51305686296361,0.0226146782114635,35.49760146544564,0.23054549175027575,0.0,1.2013528036015213,0.0,0.0015552540117408293,3.634140858288025e-07,0.4971943935202207,0.0,0.0,1.1557028314023006,lhs_candidate_000021_june2024_preflight,pa1_candidate_000021
2024-06-08T00:00,30.4,73.0,0.0,0.0,0.0,1.1,100700.0,25.0,1.16,0.01,29.2,0.159,0,0,0,1.0,30.516069076788753,73.0382714257695,0.022776804513842727,35.30334400802307,0.23047981107652055,0.0,1.1783057943214246,0.0,0.0017199417920593545,3.561516120355547e-07,0.4967889572624725,0.0,0.0,1.1552491343123905,lhs_candidate_000021_june2024_preflight,pa1_candidate_000021
2024-06-08T01:00,30.1,75.0,0.0,0.0,0.0,1.2,100630.0,25.3,1.05,0.01,28.9,0.159,0,0,0,1.0,30.278787827873003,74.74504533206496,0.02301288281863108,35.111809374022684,0.2304180838852584,0.0,1.0888390731950093,0.0,0.0018973244164413531,3.288572123628335e-07,0.4964079252176444,0.0,0.0,1.155348857884776,lhs_candidate_000021_june2024_preflight,pa1_candidate_000021
2024-06-08T02:00,28.4,86.0,0.0,0.0,0.0,1.22,100590.0,25.8,0.54,0.0,28.5,0.159,0,0,0,1.0,29.154283899844398,82.52339733617659,0.023906004450513055,34.91040471417473,0.2303680621504807,0.0,0.7063222978117145,0.0,0.002198788558707988,2.1319468145481612e-07,0.49609914907704133,0.0,0.0,1.1591855411378968,lhs_candidate_000021_june2024_preflight,pa1_candidate_000021
2024-06-08T03:00,28.3,86.0,0.0,0.0,0.0,1.02,100570.0,25.7,0.54,0.0,28.2,0.159,0,0,0,1.0,28.495382230129565,85.51759942165894,0.023898705162181462,34.68614687981731,0.23033507154005964,0.0,0.5634142311777861,0.0,0.001652873668555099,1.6998983415423314e-07,0.49589550333370147,0.0,0.0,1.1614866372483645,lhs_candidate_000021_june2024_preflight,pa1_candidate_000021
2024-06-08T04:00,28.6,84.0,0.0,0.0,0.0,1.1,100580.0,25.7,0.61,0.0,28.1,0.159,0,0,0,1.0,28.57254573730699,84.61151228560554,0.02374546397435987,34.463339948134276,0.23030391096016672,0.0,0.6013490280551101,0.0,0.0016691944139526022,1.8136490929757855e-07,0.49570315407510324,0.0,0.0,1.1613050557031455,lhs_candidate_000021_june2024_preflight,pa1_candidate_000021
2024-06-08T05:00,28.7,84.0,0.0,0.0,0.0,1.0,100640.0,25.7,0.64,0.0,27.9,0.159,0,0,0,1.0,28.72284454022813,84.24510684915553,0.023837556924160185,34.252588926504416,0.2302705032206344,0.0,0.6210524399281638,0.0,0.001517542135321675,1.872294712406952e-07,0.4954969334607061,0.0,0.0,1.1614192761746103,lhs_candidate_000021_june2024_preflight,pa1_candidate_000021
2024-06-08T06:00,28.5,86.0,22.0,7.0,15.0,1.22,100730.0,25.9,0.55,0.02,28.1,0.159,1,0,0,1.0,28.697215110593422,85.92870489158976,0.02427993711607157,34.05722776547434,0.23020030058248642,2463.736,0.553862856791052,18.7,0.0019357206826147485,5.892713922436585e-07,0.49506358384250876,0.0,0.0,1.1625566089837795,lhs_candidate_000021_june2024_preflight,pa1_candidate_000021
2024-06-08T07:00,29.9,77.0,134.0,48.0,86.0,1.08,100720.0,25.5,0.97,0.11,30.1,0.159,0,0,0,1.0,29.737103812691718,83.19401218891964,0.024875054435503093,33.91682218471602,0.23664647391299215,14817.686399999999,0.7024064686596345,113.89999999999999,0.00171802855894513,3.0084539510676703e-06,0.5348547772406923,0.0,0.0,1.1584502386432698,lhs_candidate_000021_june2024_preflight,pa1_candidate_000021
2024-06-08T08:00,31.4,65.0,379.0,260.0,119.0,0.78,100770.0,24.2,1.59,0.28,31.7,0.158,0,0,0,1.0,31.810849567607136,79.47364959212763,0.026563913995787954,33.92777769750709,0.23564674761503696,37538.705599999994,0.965598185609625,322.15,0.0014729299864316646,8.082372162807902e-06,0.5286836272533145,0.0,0.0,1.151143905433976,lhs_candidate_000021_june2024_preflight,pa1_candidate_000021
2024-06-08T09:00,32.6,60.0,550.0,375.0,175.0,0.58,100770.0,23.8,1.97,0.42,33.2,0.157,0,1,0,1.0,33.78944418223315,66.22716952111523,0.024579192514056145,34.11454468328253,0.23386486717823332,54556.92,1.775510662851548,467.5,0.0031348026669713908,1.160289028424183e-05,0.5176843652977365,0.0,0.0,1.1437233957043795,lhs_candidate_000021_june2024_preflight,pa1_candidate_000021
2024-06-08T10:00,33.3,58.0,668.0,405.0,263.0,0.63,100740.0,23.9,2.15,0.52,34.4,0.156,0,1,0,1.0,35.18773254490521,62.25187388988114,0.02485425174584107,34.4237222866968,0.231583445270322,68036.97119999999,2.1445789603019514,567.8,0.0035130099428812706,1.3705245035286907e-05,0.5036015140143334,0.0,0.0,1.1381977452773977,lhs_candidate_000021_june2024_preflight,pa1_candidate_000021
2024-06-08T11:00,33.8,57.0,690.0,398.0,292.0,0.81,100700.0,24.0,2.26,0.55,35.2,0.154,0,1,0,1.0,36.0035888886212,59.58799568717396,0.02481748000093633,34.792047012618795,0.22910837802686637,70993.2608,2.401349047576345,586.5,0.003774481019778725,1.3782437458697587e-05,0.48832332115349614,0.0,0.0,1.1347432992194477,lhs_candidate_000021_june2024_preflight,pa1_candidate_000021
2024-06-08T12:00,34.3,56.0,851.0,576.0,275.0,0.78,100620.0,24.2,2.39,0.67,36.1,0.153,0,1,0,1.0,36.93250116232736,58.304885327761866,0.02547181149751092,35.221898860204504,0.22639578130009066,84563.16,2.606687821914385,723.35,0.003916257440919641,1.6313623455711846e-05,0.4715788969141399,0.0,0.0,1.1304451719008985,lhs_candidate_000021_june2024_preflight,pa1_candidate_000021
2024-06-08T13:00,34.5,56.0,864.0,715.0,149.0,1.14,100570.0,24.5,2.39,0.68,36.5,0.151,0,1,0,1.0,37.49250803591205,56.2231431464607,0.025276262190248356,35.70902194814795,0.22348826162663116,81274.1776,2.8214664868968975,734.4,0.004325529909953067,1.5980762250168668e-05,0.4536312446088343,0.0,0.0,1.1278465489580307,lhs_candidate_000021_june2024_preflight,pa1_candidate_000021
2024-06-08T14:00,34.0,55.0,792.0,601.0,191.0,1.56,100500.0,23.8,2.38,0.63,36.4,0.15,0,1,0,1.0,37.14300744397895,53.66216223974131,0.02369771534983533,36.16585928414178,0.22077331277408635,76415.8384,2.9303383533466385,673.1999999999999,0.004776743542981728,1.419927309052977e-05,0.4368723010746071,0.0,0.0,1.1283310042249963,lhs_candidate_000021_june2024_preflight,pa1_candidate_000021
2024-06-08T15:00,33.0,61.0,493.0,324.0,169.0,1.3,100460.0,24.4,1.98,0.4,35.6,0.149,0,1,0,1.0,35.63146258054126,58.05359443043699,0.023717671731952536,36.47609366556192,0.21871410267638122,49329.8256,2.4420841012312517,419.05,0.004363658805536556,8.741012153008393e-06,0.4241611276319829,0.0,0.0,1.1334031169582395,lhs_candidate_000021_june2024_preflight,pa1_candidate_000021
2024-06-08T16:00,32.5,64.0,348.0,161.0,187.0,0.82,100460.0,24.7,1.78,0.28,34.8,0.149,0,1,0,1.0,34.30694987026589,62.61195524986121,0.023876268719785335,36.60650605301895,0.21737934427496888,37203.108799999995,2.0230097019155453,295.8,0.0036225475901046503,6.125983430214596e-06,0.41592187824054866,0.0,0.0,1.138285773977085,lhs_candidate_000021_june2024_preflight,pa1_candidate_000021
2024-06-08T17:00,31.6,68.0,169.0,42.0,127.0,0.72,100450.0,24.9,1.51,0.14,33.9,0.149,0,1,0,1.0,32.939450829993284,66.0880202945494,0.023453523387270216,36.60598550020664,0.21654889177999392,19340.1648,1.7000377455963953,143.65,0.0033266686334167623,3.1176627236425374e-06,0.41079562827156746,0.0,0.0,1.143257417275983,lhs_candidate_000021_june2024_preflight,pa1_candidate_000021
2024-06-08T18:00,31.0,69.0,52.0,21.0,31.0,0.4,100560.0,24.8,1.37,0.04,32.8,0.152,1,1,0,1.0,31.728108005898513,67.96736206555764,0.022617941963102302,36.484257440759826,0.21616173746592787,5666.6544,1.4998344396499799,44.199999999999996,0.0027199439583122883,1.1964049819602476e-06,0.4084057868267153,0.0,0.0,1.1490567355029822,lhs_candidate_000021_june2024_preflight,pa1_candidate_000021
2024-06-08T19:00,30.6,73.0,0.0,0.0,0.0,0.85,100620.0,25.2,1.18,0.03,31.8,0.152,0,0,0,1.0,30.95085831016363,72.25695235753345,0.02306598741194691,36.29141319935442,0.2227860409327658,0.0,1.2428992605288425,0.0,0.0015208343275224633,3.397613548810605e-07,0.44929654896769017,0.0,0.0,1.1526809502536424,lhs_candidate_000021_june2024_preflight,pa1_candidate_000021
2024-06-08T20:00,30.2,75.0,0.0,0.0,0.0,0.57,100680.0,25.2,1.09,0.0,31.3,0.152,0,0,0,1.0,30.460658344177396,74.6999414664346,0.023225579744228234,36.07364780223793,0.22272857838584892,0.0,1.1021902038785951,0.0,0.0011138721559858056,3.010589885228663e-07,0.4489418418879563,0.0,0.0,1.1552304884851172,lhs_candidate_000021_june2024_preflight,pa1_candidate_000021
2024-06-08T21:00,30.1,75.0,0.0,0.0,0.0,0.58,100710.0,25.2,1.06,0.0,30.9,0.151,0,0,0,1.0,30.231843762630085,75.49216977727923,0.023184117370829975,35.853372542064285,0.2226759790516966,0.0,1.0537917972291813,0.0,0.001008125223807329,2.876309777633539e-07,0.44861715464010243,0.0,0.0,1.156446266546853,lhs_candidate_000021_june2024_preflight,pa1_candidate_000021
2024-06-08T22:00,29.9,76.0,0.0,0.0,0.0,0.81,100740.0,25.3,1.0,0.0,30.6,0.151,0,0,0,1.0,30.056904180446963,76.05022004429802,0.023135908853102446,35.6358397217207,0.22262496163092138,0.0,1.0195262421638605,0.0,0.0013368750815481224,2.7808289601330645e-07,0.44830223228963817,0.0,0.0,1.1574581816174494,lhs_candidate_000021_june2024_preflight,pa1_candidate_000021
2024-06-08T23:00,29.7,78.0,0.0,0.0,0.0,0.86,100740.0,25.4,0.94,0.0,30.4,0.151,0,0,0,1.0,29.85983429821433,77.72909348703635,0.02339599300385427,35.420552012230026,0.22257679918957152,0.0,0.9373983919829776,0.0,0.0014077314171536681,2.5551239214787044e-07,0.44800493326896,0.0,0.0,1.1582109629523154,lhs_candidate_000021_june2024_preflight,pa1_candidate_000021
2024-06-09T00:00,29.4,79.0,0.0,0.0,0.0,0.98,100690.0,25.5,0.85,0.0,30.1,0.151,0,0,0,1.0,29.601259410573913,78.7100574769513,0.023361715281567472,35.20657448117789,0.2225322575486329,0.0,0.8828901059151573,0.0,0.001600437081305805,2.4050704245705796e-07,0.44772998486810434,0.0,0.0,1.1586248293980448,lhs_candidate_000021_june2024_preflight,pa1_candidate_000021
2024-06-09T01:00,29.1,81.0,0.0,0.0,0.0,1.14,100620.0,25.5,0.77,0.0,29.8,0.151,0,0,0,1.0,29.306818393890403,80.41580065363097,0.023489503568915125,34.992175424884834,0.22249093736790573,0.0,0.798497119899495,0.0,0.0018271921660456124,2.1739373415952067e-07,0.4474749220241095,0.0,0.0,1.1589464842991564,lhs_candidate_000021_june2024_preflight,pa1_candidate_000021
2024-06-09T02:00,28.9,81.0,0.0,0.0,0.0,1.14,100550.0,25.4,0.74,0.0,29.5,0.151,0,0,0,1.0,29.068363583142816,80.79359902145296,0.023295697183921094,34.777619697417556,0.2224526802270087,0.0,0.772391177263803,0.0,0.0018066008363378824,2.1017531795057807e-07,0.4472387668333871,0.0,0.0,1.159054010557598,lhs_candidate_000021_june2024_preflight,pa1_candidate_000021
2024-06-09T03:00,28.8,82.0,0.0,0.0,0.0,0.99,100530.0,25.4,0.7,0.0,29.4,0.151,0,0,0,1.0,28.92462065001988,81.78862084923286,0.02339863683656701,34.565165348367636,0.2224159242732363,0.0,0.7263174063732265,0.0,0.0015674620052486294,1.975379230689345e-07,0.4470118782298538,0.0,0.0,1.159374896668924,lhs_candidate_000021_june2024_preflight,pa1_candidate_000021
2024-06-09T04:00,28.7,83.0,0.0,0.0,0.0,0.92,100540.0,25.4,0.68,0.0,29.3,0.151,0,0,0,1.0,28.81970681337594,82.80586126964324,0.023554505839576228,34.35678144517675,0.2223814828131103,0.0,0.6815981891541592,0.0,0.001464747345530736,1.852873869591727e-07,0.44679927662413765,0.0,0.0,1.1598930665428386,lhs_candidate_000021_june2024_preflight,pa1_candidate_000021
2024-06-09T05:00,28.7,82.0,0.0,0.0,0.0,0.85,100450.0,25.4,0.69,0.0,29.3,0.151,0,0,0,1.0,28.777189976270353,82.33790892136427,0.02336712151570569,34.15336909448337,0.2223479607230083,0.0,0.6984276657674524,0.0,0.0013351256757562955,1.8977442363247721e-07,0.4465923501420266,0.0,0.0,1.1590179574049797,lhs_candidate_000021_june2024_preflight,pa1_candidate_000021
2024-06-09T06:00,28.7,82.0,13.0,4.0,9.0,1.22,100540.0,25.4,0.69,0.03,29.3,0.151,1,0,0,1.0,28.799975592918596,82.29832761425374,0.023384947170444273,33.960461141869324,0.22229341514162113,1460.6416,0.7009166653189309,11.049999999999999,0.0018859220279652238,4.1532253558665266e-07,0.44625564902235265,0.0,0.0,1.1599688609049943,lhs_candidate_000021_june2024_preflight,pa1_candidate_000021
2024-06-09T07:00,29.0,80.0,82.0,35.0,47.0,1.1,100520.0,25.3,0.78,0.07,29.6,0.15,0,0,0,1.0,29.150457242853836,82.5278577599862,0.023902318911372008,33.80184867725459,0.22886753520488157,8869.5728,0.7059860679365868,69.7,0.0017396545538721454,1.7575113895388597e-06,0.4868366370671702,0.0,0.0,1.158393533902972,lhs_candidate_000021_june2024_preflight,pa1_candidate_000021
2024-06-09T08:00,29.7,75.0,175.0,54.0,121.0,0.71,100620.0,24.8,1.04,0.14,30.2,0.15,0,0,0,1.0,29.982666472503944,81.99344056760293,0.0248440587329128,33.7109911487307,0.22839319603615632,19657.070399999997,0.7632707518086965,148.75,0.0012996397492796936,3.5093535030714623e-06,0.4839086175071378,0.0,0.0,1.1563625603567314,lhs_candidate_000021_june2024_preflight,pa1_candidate_000021
2024-06-09T09:00,30.8,68.0,322.0,85.0,237.0,0.22,100670.0,24.1,1.44,0.25,31.3,0.15,0,1,0,1.0,31.3705217645447,75.60008343382341,0.02468194929526732,33.72193328278807,0.22751598749963647,36674.2288,1.1195249914758039,273.7,0.002491491583968515,6.3020153318900374e-06,0.478493749997756,0.0,0.0,1.1516644263568225,lhs_candidate_000021_june2024_preflight,pa1_candidate_000021
2024-06-09T10:00,32.4,60.0,570.0,267.0,303.0,0.4,100670.0,23.6,1.95,0.44,33.1,0.149,0,1,0,1.0,33.4993907300285,66.68201714780126,0.024373535324040217,33.89262165858535,0.22596716474323983,60820.2672,1.7234643726055623,484.5,0.0029632439844448077,1.085914566556787e-05,0.4689331156990113,0.0,0.0,1.1436691629386042,lhs_candidate_000021_june2024_preflight,pa1_candidate_000021
2024-06-09T11:00,33.8,54.0,848.0,663.0,185.0,0.91,100610.0,23.3,2.4,0.66,35.0,0.147,0,1,0,1.0,35.901947011741434,58.3523017353848,0.024175579939975832,34.271074846581115,0.22357748326832586,81132.744,2.461008439439294,720.8,0.003815126645558809,1.5618696410165675e-05,0.454181995483493,0.0,0.0,1.1341019934755638,lhs_candidate_000021_june2024_preflight,pa1_candidate_000021
2024-06-09T12:00,34.4,53.0,868.0,685.0,183.0,1.6,100560.0,23.4,2.57,0.69,36.1,0.146,0,1,0,1.0,37.203969749937876,53.298216394545506,0.023610539488378896,34.77489782762707,0.22077454647220252,82822.3792,2.963164160336964,737.8,0.00472305889051844,1.5496082745031115e-05,0.4368799164950773,0.0,0.0,1.1287828662022568,lhs_candidate_000021_june2024_preflight,pa1_candidate_000021
2024-06-09T13:00,34.0,55.0,684.0,417.0,267.0,1.3,100560.0,23.7,2.39,0.55,36.1,0.144,0,1,0,1.0,36.867832538752246,53.60428200382698,0.023340712160821658,35.22770363851232,0.21830945208466146,69585.7008,2.8903530935683954,581.4,0.00443510771831875,1.1928348111093831e-05,0.4216632844732189,0.0,0.0,1.1300067503948923,lhs_candidate_000021_june2024_preflight,pa1_candidate_000021
2024-06-09T14:00,33.5,59.0,605.0,303.0,302.0,1.55,100480.0,24.3,2.15,0.49,35.9,0.143,0,1,0,1.0,36.06684625710011,56.877990747913636,0.023766281103214448,35.57116787669196,0.21631569565191713,63865.08479999999,2.5712885951308495,514.25,0.004602573167716644,1.0246392249256703e-05,0.4093561459994885,0.0,0.0,1.1320325870261239,lhs_candidate_000021_june2024_preflight,pa1_candidate_000021
2024-06-09T15:00,33.2,59.0,407.0,191.0,216.0,0.98,100430.0,24.2,2.06,0.33,35.3,0.143,0,1,0,1.0,35.16707241443886,57.884555994441115,0.023085792939507188,35.80110994213047,0.2147765676030592,43415.39839999999,2.389971665969752,345.95,0.0038254085849463836,6.893659459662002e-06,0.39985535557443946,0.0,0.0,1.134771285932081,lhs_candidate_000021_june2024_preflight,pa1_candidate_000021
2024-06-09T16:00,32.0,64.0,331.0,155.0,176.0,0.81,100490.0,24.5,1.69,0.26,34.6,0.144,0,1,0,1.0,33.899370634005685,61.93038813809109,0.023117501591570735,35.91622504639723,0.21365930403689518,35320.102399999996,2.013703199999458,281.34999999999997,0.0036548951741185564,5.526432344309367e-06,0.39295866689441467,0.0,0.0,1.1401371148685902,lhs_candidate_000021_june2024_preflight,pa1_candidate_000021
2024-06-09T17:00,30.1,75.0,193.0,111.0,82.0,0.64,100460.0,25.1,1.07,0.15,33.3,0.154,0,1,0,1.0,31.88599075296129,70.80449793196244,0.0237612300015898,35.922280532901404,0.21287187992069817,19868.9568,1.379262117688394,164.04999999999998,0.0034823860895241646,3.2309341800009124e-06,0.3880980242018406,0.0,0.0,1.147319931932694,lhs_candidate_000021_june2024_preflight,pa1_candidate_000021
2024-06-09T18:00,30.0,74.0,30.0,8.0,22.0,0.64,100560.0,24.8,1.11,0.04,31.9,0.154,1,1,0,1.0,30.565436336871606,72.96832063944777,0.022815544981130823,35.79202021008655,0.21251790592811642,3414.0128,1.1846991969536034,25.5,0.0028117247452014342,7.272161472926894e-07,0.3859129995562742,0.0,0.0,1.1534555099893473,lhs_candidate_000021_june2024_preflight,pa1_candidate_000021
2024-06-09T19:00,29.6,75.0,0.0,0.0,0.0,0.63,100700.0,24.7,1.04,0.02,31.2,0.155,0,0,0,1.0,29.921590178423795,74.8200612180794,0.022595764664829546,35.586955446900134,0.21919420306844345,0.0,1.0636055298672944,0.0,0.0012340729905411215,2.764014081678023e-07,0.42712471029903365,0.0,0.0,1.1575151706383253,lhs_candidate_000021_june2024_preflight,pa1_candidate_000021
2024-06-09T20:00,29.2,78.0,0.0,0.0,0.0,0.45,100790.0,24.9,0.9,0.0,30.6,0.155,0,0,0,1.0,29.4662843144673,77.37371118180684,0.022797518581267943,35.36575987924072,0.21914733913240558,0.0,0.9310467246575009,0.0,0.0009884064210629886,2.417892021145594e-07,0.4268354267432444,0.0,0.0,1.1602928059337982,lhs_candidate_000021_june2024_preflight,pa1_candidate_000021
2024-06-09T21:00,29.0,79.0,0.0,0.0,0.0,0.51,100830.0,25.1,0.83,0.0,30.3,0.155,0,0,0,1.0,29.182014108207674,78.97875602357865,0.02291371113774703,35.1419110235039,0.2191060115874575,0.0,0.8509409039062952,0.0,0.0009710319300324452,2.2085395544459986e-07,0.4265803184410956,0.0,0.0,1.1618446932593858,lhs_candidate_000021_june2024_preflight,pa1_candidate_000021
2024-06-09T22:00,28.8,81.0,0.0,0.0,0.0,0.72,100810.0,25.3,0.75,0.0,30.0,0.155,0,0,0,1.0,28.972483545977955,80.6085508628465,0.023121270041648802,34.91932615504301,0.21906793675489575,0.0,0.775524619278984,0.0,0.0012279350814756026,2.0116944821798404e-07,0.4263452886104676,0.0,0.0,1.1624198497223803,lhs_candidate_000021_june2024_preflight,pa1_candidate_000021
2024-06-09T23:00,28.7,83.0,0.0,0.0,0.0,0.78,100850.0,25.4,0.68,0.0,29.8,0.155,0,0,0,1.0,28.830685172779457,82.59696290248337,0.023509159415893995,34.69941378335191,0.21903373768391948,0.0,0.6903175901021017,0.0,0.0012765123179343868,1.7897825961872235e-07,0.42613418323407093,0.0,0.0,1.1634271253666482,lhs_candidate_000021_june2024_preflight,pa1_candidate_000021
2024-06-10T00:00,28.5,84.0,0.0,0.0,0.0,0.76,100850.0,25.5,0.62,0.0,29.5,0.155,0,0,0,1.0,28.666532411502576,83.68597235428827,0.023606641306781702,34.48320724684203,0.2190027793119572,0.0,0.6409991579469088,0.0,0.0012767967510912577,1.661169679629895e-07,0.42594308217257526,0.0,0.0,1.1640598931399952,lhs_candidate_000021_june2024_preflight,pa1_candidate_000021
2024-06-10T01:00,28.2,86.0,0.0,0.0,0.0,0.86,100800.0,25.6,0.54,0.0,29.3,0.155,0,0,0,1.0,28.41168006777802,85.28340704748302,0.023724363420380673,34.26870192059334,0.21897442547400695,0.0,0.5697510885151127,0.0,0.0014438609207939044,1.4759213263247288e-07,0.4257680584815244,0.0,0.0,1.164466037946053,lhs_candidate_000021_june2024_preflight,pa1_candidate_000021
2024-06-10T02:00,28.1,86.0,0.0,0.0,0.0,0.86,100750.0,25.5,0.54,0.0,29.1,0.156,0,0,0,1.0,28.236331115101862,85.81544478583086,0.023644210729971943,34.055105749026225,0.21894870249583193,0.0,0.5435886031796282,0.0,0.0013918808206430146,1.4076231266941167e-07,0.4256092746656292,0.0,0.0,1.164565585321453,lhs_candidate_000021_june2024_preflight,pa1_candidate_000021
2024-06-10T03:00,28.0,86.0,0.0,0.0,0.0,0.86,100720.0,25.5,0.52,0.0,29.0,0.155,0,0,0,1.0,28.126832586513057,85.86153644503166,0.02351531034091654,33.84524898574364,0.2189235055054276,0.0,0.5383834707577844,0.0,0.0013852113736268384,1.3936349483310018e-07,0.42545373768782474,0.0,0.0,1.1646419496694118,lhs_candidate_000021_june2024_preflight,pa1_candidate_000021
2024-06-10T04:00,28.0,87.0,0.0,0.0,0.0,0.86,100710.0,25.5,0.51,0.0,28.9,0.155,0,0,0,1.0,28.08372081238394,86.76347976659109,0.023706195525073245,33.64035361486825,0.21889917169190728,0.0,0.5027753995689559,0.0,0.001354373471802544,1.301002027950191e-07,0.42530352896239065,0.0,0.0,1.1646929819517426,lhs_candidate_000021_june2024_preflight,pa1_candidate_000021
2024-06-10T05:00,28.0,87.0,0.0,0.0,0.0,0.81,100740.0,25.5,0.51,0.0,28.8,0.156,0,0,0,1.0,28.076746334642305,86.99511467975138,0.023760389882917336,33.441980743172834,0.21887607333480957,0.0,0.49377654980751995,0.0,0.0012775345515190911,1.2772878864129163e-07,0.4251609465111702,0.0,0.0,1.165066901385562,lhs_candidate_000021_june2024_preflight,pa1_candidate_000021
2024-06-10T06:00,27.9,87.0,20.0,8.0,12.0,0.86,100780.0,25.6,0.49,0.02,28.8,0.156,1,0,0,1.0,28.062994614841507,87.34754208140887,0.023838649854484518,33.25590175093925,0.21882370495681525,2182.1888,0.4800110960743753,17.0,0.0014105892718610127,4.536363710952088e-07,0.4248376849186126,0.0,0.0,1.1655827165127455,lhs_candidate_000021_june2024_preflight,pa1_candidate_000021
2024-06-10T07:00,28.3,87.0,171.0,104.0,67.0,1.06,100790.0,25.9,0.49,0.12,29.4,0.157,0,0,0,1.0,28.64425299604145,90.78813288078183,0.02557891209085359,33.13092202963488,0.22526517770254192,17405.2208,0.3614792063385699,145.35,0.0017919265231077445,3.1836673719599132e-06,0.4645998623613699,0.0,0.0,1.163453227365131,lhs_candidate_000021_june2024_preflight,pa1_candidate_000021
2024-06-10T08:00,28.9,83.0,310.0,175.0,135.0,0.67,100860.0,25.7,0.67,0.22,30.2,0.158,0,0,0,1.0,29.679504238582457,90.68366400784475,0.027029976948571482,33.11625719920692,0.22447061462327342,32029.624000000003,0.38808928303836643,263.5,0.0015918085226015758,5.635891740842505e-06,0.459695151995515,0.0,0.0,1.1602811241482676,lhs_candidate_000021_june2024_preflight,pa1_candidate_000021
2024-06-10T09:00,30.1,75.0,416.0,136.0,280.0,0.81,100900.0,25.2,1.07,0.31,31.1,0.158,0,1,0,1.0,31.049629740484047,78.74994985030692,0.02527224145885997,33.20438336093956,0.2232810367051858,46459.07199999999,0.9573788349868244,353.59999999999997,0.003212409528423036,7.562351489102877e-06,0.45235207842707276,0.0,0.0,1.1555132609748038,lhs_candidate_000021_june2024_preflight,pa1_candidate_000021
2024-06-10T10:00,31.0,67.0,571.0,219.0,352.0,0.63,100900.0,24.2,1.47,0.43,32.4,0.157,0,1,0,1.0,32.53999930213434,70.6541028928916,0.0245493697395796,33.40395205672047,0.22168112821256447,62632.20479999999,1.438478208706547,485.34999999999997,0.003356482810764834,1.0186917603734553e-05,0.4424761000775585,0.0,0.0,1.1498796393444866,lhs_candidate_000021_june2024_preflight,pa1_candidate_000021
2024-06-10T11:00,32.1,62.0,623.0,242.0,381.0,0.54,100860.0,23.9,1.83,0.48,33.5,0.156,0,1,0,1.0,33.90460925091933,64.95431717404388,0.024252944514471634,33.69478960610418,0.21978252090331846,68228.49440000001,1.8542927662150288,529.55,0.0034209651100267817,1.0894876261692581e-05,0.43075630187233616,0.0,0.0,1.1443155289555484,lhs_candidate_000021_june2024_preflight,pa1_candidate_000021
2024-06-10T12:00,32.8,60.0,663.0,289.0,374.0,0.45,100800.0,23.9,2.0,0.52,34.5,0.154,0,1,0,1.0,34.935918361032066,61.755495039958284,0.024335314032752835,34.035153011223485,0.2177831845027966,71502.21759999999,2.142762045444417,563.55,0.0035223317139074064,1.130532451110738e-05,0.41841471915306544,0.0,0.0,1.1398065080448565,lhs_candidate_000021_june2024_preflight,pa1_candidate_000021
2024-06-10T13:00,33.2,59.0,685.0,388.0,297.0,0.58,100740.0,24.0,2.1,0.54,35.1,0.153,0,1,0,1.0,35.58398956654941,59.63316396720515,0.024303180123200926,34.40437199296776,0.2157424503305395,70729.1728,2.343991941612379,582.25,0.0036953762385654567,1.136093182787756e-05,0.4058175946329598,0.0,0.0,1.1367368797302677,lhs_candidate_000021_june2024_preflight,pa1_candidate_000021
2024-06-10T14:00,32.8,60.0,480.0,144.0,336.0,0.89,100680.0,24.1,1.98,0.39,34.8,0.152,0,1,0,1.0,35.05976007751284,58.63266179896397,0.02325407839900644,34.71259291595743,0.2140097897767132,54061.2864,2.3336471524442244,408.0,0.003862487822599751,7.917283237858064e-06,0.3951221591155136,0.0,0.0,1.1379921552777013,lhs_candidate_000021_june2024_preflight,pa1_candidate_000021
2024-06-10T15:00,32.7,60.0,434.0,166.0,268.0,1.06,100640.0,23.8,1.99,0.35,34.6,0.151,0,1,0,1.0,34.51487613394244,59.35400318237849,0.0228811727090325,34.91984897658014,0.2126654087322035,47620.8832,2.224824029702771,368.9,0.0038426664090812747,7.035217212976308e-06,0.38682351069261417,0.0,0.0,1.1395546511784718,lhs_candidate_000021_june2024_preflight,pa1_candidate_000021
2024-06-10T16:00,32.2,61.0,288.0,112.0,176.0,1.21,100670.0,23.7,1.88,0.24,34.0,0.151,0,1,0,1.0,33.736852490599624,59.6769611724799,0.02208709462964486,35.049852417540635,0.21160706642652108,31536.102399999996,2.1136600260174356,244.79999999999998,0.003891642704402843,4.7371372684576265e-06,0.3802905334970437,0.0,0.0,1.1427842188924897,lhs_candidate_000021_june2024_preflight,pa1_candidate_000021
2024-06-10T17:00,31.2,66.0,128.0,44.0,84.0,0.73,100610.0,24.1,1.54,0.11,33.1,0.153,0,1,0,1.0,32.38607134040201,63.999813366989095,0.02205645628704738,35.05890587128589,0.2109771831178934,14219.3216,1.7494276151802999,108.8,0.003258636124847953,2.2693729841294085e-06,0.37640236492526796,0.0,0.0,1.1471523727325386,lhs_candidate_000021_june2024_preflight,pa1_candidate_000021
2024-06-10T18:00,30.9,68.0,53.0,21.0,32.0,0.32,100690.0,24.3,1.42,0.04,32.2,0.152,1,1,0,1.0,31.445389521446952,67.39853366968741,0.022092575300864715,34.96666125094609,0.21067386663970647,5789.8368,1.5022010477863157,45.05,0.0025240892224026243,1.112233771088033e-06,0.3745300409858424,0.0,0.0,1.1516100976962453,lhs_candidate_000021_june2024_preflight,pa1_candidate_000021
2024-06-10T19:00,30.5,71.0,0.0,0.0,0.0,0.7,100800.0,24.6,1.26,0.03,31.4,0.152,0,0,0,1.0,30.821545391550284,70.7405994757868,0.022425694881317522,34.82144324485963,0.21730708897551848,0.0,1.301209525420611,0.0,0.001315764538621136,3.289258415380911e-07,0.4154758578735709,0.0,0.0,1.1552342319823008,lhs_candidate_000021_june2024_preflight,pa1_candidate_000021
2024-06-10T20:00,30.1,74.0,0.0,0.0,0.0,0.71,100860.0,24.9,1.13,0.0,30.9,0.152,0,0,0,1.0,30.3395017021116,73.51785044178202,0.022709283201736447,34.65076622394831,0.21725136956542512,0.0,1.1457219612872485,0.0,0.0012666579870323563,2.8938120700204733e-07,0.415131910897686,0.0,0.0,1.1577578652064469,lhs_candidate_000021_june2024_preflight,pa1_candidate_000021
2024-06-10T21:00,29.8,76.0,0.0,0.0,0.0,0.76,100940.0,25.2,1.0,0.0,30.4,0.152,0,0,0,1.0,29.994367086827406,75.72532606507815,0.022959335536957354,34.47478612365573,0.21720211042632384,0.0,1.0296574737651123,0.0,0.0012973077176215617,2.5987568133043843e-07,0.4148278421378015,0.0,0.0,1.15999534503501,lhs_candidate_000021_june2024_preflight,pa1_candidate_000021
2024-06-10T22:00,29.5,79.0,0.0,0.0,0.0,0.81,101000.0,25.4,0.87,0.0,30.1,0.152,0,0,0,1.0,29.692576984359576,78.42305826417538,0.0233920376137992,34.296169066357024,0.21715821440442548,0.0,0.8995033941261621,0.0,0.0013627787692450499,2.2687774655461272e-07,0.4145568790396635,0.0,0.0,1.1618415119047154,lhs_candidate_000021_june2024_preflight,pa1_candidate_000021
2024-06-10T23:00,29.2,81.0,0.0,0.0,0.0,0.85,101040.0,25.6,0.77,0.0,29.8,0.152,0,0,0,1.0,29.3953890670033,80.51255936344586,0.023631211223242028,34.11548281448922,0.21711979823073024,0.0,0.7986185594797726,0.0,0.001418792186122093,2.0131678858923903e-07,0.4143197421650015,0.0,0.0,1.1634433667743767,lhs_candidate_000021_june2024_preflight,pa1_candidate_000021
2024-06-11T00:00,28.9,83.0,0.0,0.0,0.0,0.82,101030.0,25.7,0.69,0.0,29.5,0.152,0,0,0,1.0,29.098713664359362,82.43808209461568,0.02380917032992836,33.9328444216319,0.21708564663681537,0.0,0.7074968193569875,0.0,0.0013808343374425594,1.782559581487112e-07,0.414108929856885,0.0,0.0,1.1644700970096904,lhs_candidate_000021_june2024_preflight,pa1_candidate_000021
2024-06-11T01:00,28.6,84.0,0.0,0.0,0.0,0.92,100990.0,25.6,0.63,0.0,29.2,0.152,0,0,0,1.0,28.801231885657955,83.5394755493844,0.023739244742764818,33.748321016975105,0.2170549452640831,0.0,0.6518194758815024,0.0,0.0015182046761750528,1.6415272550534926e-07,0.41391941521038944,0.0,0.0,1.165155837183229,lhs_candidate_000021_june2024_preflight,pa1_candidate_000021
2024-06-11T02:00,28.5,83.0,0.0,0.0,0.0,1.02,100970.0,25.4,0.65,0.0,29.0,0.151,0,0,0,1.0,28.62092881081104,83.0668237510394,0.02337368331156742,33.563207298593625,0.21702537721247916,0.0,0.6635705215067214,0.0,0.001608144768799617,1.6703839344543413e-07,0.4137368963733282,0.0,0.0,1.165621113636128,lhs_candidate_000021_june2024_preflight,pa1_candidate_000021
2024-06-11T03:00,28.4,83.0,0.0,0.0,0.0,1.02,100940.0,25.3,0.65,0.0,28.7,0.151,0,0,0,1.0,28.510932665604077,82.94657823453146,0.023199931136931806,33.38079661175428,0.21699522186918124,0.0,0.6640343242652076,0.0,0.0016020757362333023,1.670799403052671e-07,0.4135507522788966,0.0,0.0,1.1656996866879987,lhs_candidate_000021_june2024_preflight,pa1_candidate_000021
2024-06-11T04:00,28.3,84.0,0.0,0.0,0.0,1.02,100950.0,25.2,0.63,0.0,28.4,0.151,0,0,0,1.0,28.40913744645524,83.76903184890512,0.02329984794982613,33.201777177768705,0.2169658722813221,0.0,0.6282872030582318,0.0,0.001601001039189155,1.5801623041418142e-07,0.41336958198346985,0.0,0.0,1.1662087072162948,lhs_candidate_000021_june2024_preflight,pa1_candidate_000021
2024-06-11T05:00,28.1,85.0,0.0,0.0,0.0,1.12,101000.0,25.2,0.59,0.0,28.1,0.151,0,0,0,1.0,28.248859634636098,84.61022930063385,0.023328156193038265,33.02549358675875,0.2169382803213373,0.0,0.5902051594264637,0.0,0.001767600883872409,1.4837731415509436e-07,0.41319926124282286,0.0,0.0,1.1674067975544324,lhs_candidate_000021_june2024_preflight,pa1_candidate_000021
2024-06-11T06:00,27.9,86.0,22.0,9.0,13.0,1.12,101060.0,25.3,0.54,0.02,28.2,0.151,1,0,0,1.0,28.10731465217414,85.90796759050723,0.02350284964465556,32.85707010638372,0.2168810819542901,2393.3712,0.5360064513666325,18.7,0.0017997608997275226,4.869232294340445e-07,0.41284618490302527,0.0,0.0,1.1686491354987985,lhs_candidate_000021_june2024_preflight,pa1_candidate_000021
2024-06-11T07:00,29.0,77.0,166.0,97.0,69.0,0.98,101050.0,24.6,0.91,0.12,29.8,0.151,0,0,0,1.0,29.048703067030445,83.58098905784117,0.024073614548312295,32.74967407201118,0.22332792481910382,17035.5856,0.6595459993226958,141.1,0.0015046567949294077,3.096026757769871e-06,0.45264151122903595,0.0,0.0,1.1648933619562294,lhs_candidate_000021_june2024_preflight,pa1_candidate_000021
2024-06-11T08:00,30.7,65.0,413.0,333.0,80.0,0.5,101040.0,23.5,1.53,0.3,31.1,0.15,0,1,0,1.0,31.22646376774638,77.92343240139026,0.02524508619968603,32.80127093701452,0.22238172884752008,39158.592000000004,1.0046692445084666,351.05,0.002648269631587511,7.430411530003845e-06,0.4468007953550623,0.0,0.0,1.156444298290969,lhs_candidate_000021_june2024_preflight,pa1_candidate_000021
2024-06-11T09:00,32.1,59.0,625.0,528.0,97.0,0.32,101030.0,23.0,1.96,0.46,32.9,0.149,0,1,0,1.0,33.52389639683087,64.3967104431806,0.02356858382630382,33.045745801848184,0.22070740228291355,58412.6928,1.8442018252145664,531.25,0.003113199252854901,1.107045301777194e-05,0.4364654461908244,0.0,0.0,1.147667255208317,lhs_candidate_000021_june2024_preflight,pa1_candidate_000021
2024-06-11T10:00,33.1,55.0,798.0,694.0,104.0,0.36,101000.0,22.9,2.28,0.61,34.4,0.148,0,1,0,1.0,35.386773517240805,58.36877855238987,0.02354595317945369,33.44879343926303,0.21847375207472777,73882.9696,2.3912966918822787,678.3,0.0035498410967017445,1.369765422682023e-05,0.42267748194276406,0.0,0.0,1.1403991605330217,lhs_candidate_000021_june2024_preflight,pa1_candidate_000021
2024-06-11T11:00,34.0,52.0,884.0,761.0,123.0,0.28,100930.0,22.9,2.52,0.68,35.7,0.146,0,1,0,1.0,36.79989580834305,54.028305249369076,0.023443484022440574,33.95621091640089,0.21591910076513046,82119.43519999999,2.8533465642299314,751.4,0.0037366121950013634,1.465831871946142e-05,0.4069080294143856,0.0,0.0,1.1344130851888876,lhs_candidate_000021_june2024_preflight,pa1_candidate_000021
2024-06-11T12:00,34.6,51.0,878.0,743.0,135.0,0.36,100840.0,23.1,2.68,0.69,36.5,0.145,0,1,0,1.0,37.657783106546866,51.59123043852138,0.023390303203377802,34.50035035066325,0.21333385015377654,82013.624,3.1480933412501413,746.3,0.0038592546752040397,1.4062567727956859e-05,0.3909496923072626,0.0,0.0,1.1302731219250168,lhs_candidate_000021_june2024_preflight,pa1_candidate_000021
2024-06-11T13:00,34.9,51.0,795.0,636.0,159.0,0.51,100740.0,23.3,2.73,0.63,36.8,0.143,0,1,0,1.0,37.91512223995228,50.574337104187826,0.023231825147945053,35.01560859017407,0.21095845549432088,75554.0016,3.2593324357989326,675.75,0.0039011808646666566,1.2349220328064807e-05,0.37628676231062275,0.0,0.0,1.1282181346446094,lhs_candidate_000021_june2024_preflight,pa1_candidate_000021
2024-06-11T14:00,35.2,50.0,708.0,556.0,152.0,0.86,100680.0,23.2,2.84,0.57,36.8,0.142,0,1,0,1.0,37.92910553200343,49.35892379336943,0.02268965292676487,35.467510800187135,0.20888427016560862,67651.7248,3.3420092246055915,601.8,0.004006370040534731,1.0720747508730772e-05,0.3634831491704236,0.0,0.0,1.1274954920176996,lhs_candidate_000021_june2024_preflight,pa1_candidate_000021
2024-06-11T15:00,34.4,52.0,596.0,457.0,139.0,1.22,100640.0,23.2,2.6,0.48,36.5,0.141,0,1,0,1.0,37.16040577224685,49.788963035839146,0.02200686319910542,35.838989763388696,0.20712552100657075,57338.3536,3.1782810439462783,506.59999999999997,0.004323950939020716,8.83355675335394e-06,0.3526266728800664,0.0,0.0,1.1298394577847544,lhs_candidate_000021_june2024_preflight,pa1_candidate_000021
2024-06-11T16:00,33.0,58.0,321.0,186.0,135.0,1.08,100670.0,23.8,2.09,0.27,35.4,0.141,0,1,0,1.0,35.23482423904775,54.63565036944651,0.0218668729999428,36.050559673252785,0.2058979006241362,32997.624,2.5839848190481773,272.84999999999997,0.004018289138009024,4.838532901391035e-06,0.34504876928479145,0.0,0.0,1.137233172472818,lhs_candidate_000021_june2024_preflight,pa1_candidate_000021
2024-06-11T17:00,32.7,60.0,204.0,103.0,101.0,0.71,100670.0,24.0,1.97,0.16,34.5,0.141,0,1,0,1.0,33.91783594402767,58.84496452059645,0.02198705658455709,36.09381550009715,0.20518147291951944,21505.4224,2.1791483806854424,173.4,0.0032545178217362096,3.1468328890232132e-06,0.3406263760464163,0.0,0.0,1.1421106705417732,lhs_candidate_000021_june2024_preflight,pa1_candidate_000021
2024-06-11T18:00,32.1,64.0,78.0,48.0,30.0,0.99,100720.0,24.4,1.72,0.07,33.5,0.141,1,1,0,1.0,32.90534609410994,62.48732344607591,0.022135757554037176,36.0379373782467,0.20477190715700316,7919.472,1.8769478002372648,66.3,0.003329846827014387,1.4089752891246075e-06,0.33809819232718,0.0,0.0,1.146458123250324,lhs_candidate_000021_june2024_preflight,pa1_candidate_000021
2024-06-11T19:00,31.3,69.0,0.0,0.0,0.0,0.86,100790.0,25.0,1.4,0.03,32.6,0.14,0,1,0,1.0,31.812116638231576,67.4123412676533,0.022533967001854543,35.8967142631404,0.21137123680096337,0.0,1.5330947680771203,0.0,0.0030204339931008475,3.5336524295975296e-07,0.37883479506767515,0.0,0.0,1.1513675912245247,lhs_candidate_000021_june2024_preflight,pa1_candidate_000021
2024-06-11T20:00,30.7,73.0,0.0,0.0,0.0,0.3,100860.0,25.3,1.2,0.0,31.9,0.14,0,0,0,1.0,31.047249994796765,72.12054247297202,0.02314179494592161,35.711957442023404,0.21131382524226464,0.0,1.255883528334067,0.0,0.0009366841765352983,2.8919962734967356e-07,0.37848040273002864,0.0,0.0,1.1550642144503775,lhs_candidate_000021_june2024_preflight,pa1_candidate_000021
2024-06-11T21:00,30.4,75.0,0.0,0.0,0.0,0.45,100900.0,25.6,1.07,0.0,31.4,0.14,0,0,0,1.0,30.615065486584736,74.81369802286106,0.02345511061638976,35.51737439446457,0.21126526157741,0.0,1.1069558530534138,0.0,0.0009356316857414293,2.5470328480868573e-07,0.3781806270210493,0.0,0.0,1.157166330452434,lhs_candidate_000021_june2024_preflight,pa1_candidate_000021
2024-06-11T22:00,30.1,78.0,0.0,0.0,0.0,0.54,100940.0,25.9,0.93,0.0,31.0,0.14,0,0,0,1.0,30.302932612584986,77.44857087885688,0.023876332133986513,35.319818887745235,0.21122211132091034,0.0,0.9736241025872161,0.0,0.0010263694347218885,2.2386673850866838e-07,0.37791426741302686,0.0,0.0,1.1588158060190732,lhs_candidate_000021_june2024_preflight,pa1_candidate_000021
2024-06-11T23:00,29.8,81.0,0.0,0.0,0.0,0.73,100930.0,26.2,0.8,0.0,30.6,0.14,0,0,0,1.0,30.00375560724202,80.28474394292934,0.02435407340363229,35.120716215394616,0.21118467209411318,0.0,0.8367113577359171,0.0,0.0012650459663331652,1.9226855129159112e-07,0.37768316107477273,0.0,0.0,1.1598445048243273,lhs_candidate_000021_june2024_preflight,pa1_candidate_000021
2024-06-12T00:00,29.6,83.0,0.0,0.0,0.0,0.92,100900.0,26.4,0.7,0.0,30.3,0.14,0,0,0,1.0,29.76445293742927,82.45953685813895,0.024691995660058846,34.9208792256207,0.21115232008370372,0.0,0.7342569361606848,0.0,0.001493984806601896,1.6863625507372149e-07,0.3774834573068131,0.0,0.0,1.160415763394963,lhs_candidate_000021_june2024_preflight,pa1_candidate_000021
2024-06-12T01:00,29.3,85.0,0.0,0.0,0.0,1.04,100870.0,26.4,0.62,0.0,29.8,0.14,0,0,0,1.0,29.50126810851691,84.2878635659875,0.024881916046130673,34.72135221634606,0.21112375298947456,0.0,0.6478406860471773,0.0,0.0016838184621305124,1.4871959161785632e-07,0.37730711721897875,0.0,0.0,1.1610795386246182,lhs_candidate_000021_june2024_preflight,pa1_candidate_000021
2024-06-12T02:00,29.0,87.0,0.0,0.0,0.0,0.98,100860.0,26.7,0.51,0.0,29.4,0.14,0,0,0,1.0,29.207716620097337,86.20647868142652,0.025045647216733313,34.52087594822762,0.21109882247002762,0.0,0.5591911199207908,0.0,0.001604531653795397,1.2831666373543484e-07,0.3771532251236273,0.0,0.0,1.1620915832113083,lhs_candidate_000021_june2024_preflight,pa1_candidate_000021
2024-06-12T03:00,29.0,87.0,0.0,0.0,0.0,1.04,100850.0,26.6,0.52,0.0,29.1,0.14,0,0,0,1.0,29.088051421340783,86.84627047860005,0.025067756469938404,34.32105434228749,0.21107657752222397,0.0,0.5295830144255937,0.0,0.0016169610539441162,1.2147829651221974e-07,0.3770159106310122,0.0,0.0,1.1624364265670697,lhs_candidate_000021_june2024_preflight,pa1_candidate_000021
2024-06-12T04:00,28.8,88.0,0.0,0.0,0.0,1.02,100870.0,26.6,0.48,0.0,28.9,0.14,0,0,0,1.0,28.954504074524944,87.5031271979339,0.02507428900211419,34.12548033583763,0.21105523555134084,0.0,0.49926981253182845,0.0,0.0016283431176182816,1.1448489020011435e-07,0.37688417007000524,0.0,0.0,1.1631809191858538,lhs_candidate_000021_june2024_preflight,pa1_candidate_000021
2024-06-12T05:00,28.7,88.0,0.0,0.0,0.0,1.1,100970.0,26.5,0.47,0.0,28.7,0.14,0,0,0,1.0,28.820938453082285,87.72575171290428,0.024955667963367283,33.932490079075016,0.21103499031565984,0.0,0.48660196509345877,0.0,0.001723075671681033,1.1154309514661576e-07,0.37675919947938175,0.0,0.0,1.1648490676135654,lhs_candidate_000021_june2024_preflight,pa1_candidate_000021
2024-06-12T06:00,28.6,88.0,23.0,11.0,12.0,1.5,101010.0,26.4,0.48,0.02,28.7,0.14,1,0,0,1.0,28.77163565036105,87.86862777804167,0.0249291563073876,33.750156838204326,0.2109848735909399,2446.1888,0.47956734772604515,19.55,0.0023273943503053754,4.4567077065915885e-07,0.3764498369811105,0.0,0.0,1.1655008223939285,lhs_candidate_000021_june2024_preflight,pa1_candidate_000021
2024-06-12T07:00,29.9,77.0,180.0,126.0,54.0,1.22,101070.0,25.5,0.97,0.13,30.4,0.14,0,0,0,1.0,29.911658262836347,82.47081783584683,0.02489292653937233,33.63707568450146,0.21743573787347778,17739.849599999998,0.7400141277396699,153.0,0.0018395344371497087,3.09367038782729e-06,0.4162699868733197,0.0,0.0,1.1618062789123107,lhs_candidate_000021_june2024_preflight,pa1_candidate_000021
2024-06-12T08:00,31.8,64.0,398.0,300.0,98.0,1.03,101090.0,24.1,1.7,0.3,31.9,0.139,0,0,0,1.0,32.24234253289075,73.45076230370448,0.02512109555372785,33.68396693831685,0.21655702504187613,38471.8752,1.2797471540315053,338.3,0.0018030955232056743,6.662200312458432e-06,0.41084583359182797,0.0,0.0,1.153167786786227,lhs_candidate_000021_june2024_preflight,pa1_candidate_000021
2024-06-12T09:00,33.1,57.0,622.0,521.0,101.0,0.64,101080.0,23.3,2.19,0.47,33.9,0.138,0,1,0,1.0,34.56145658115085,60.78776745766277,0.023490952009114104,33.921540340657415,0.21503094552153706,58289.422399999996,2.1518964300961083,528.6999999999999,0.0033201637349377956,1.0210146623798408e-05,0.40142558963911773,0.0,0.0,1.1443635492683109,lhs_candidate_000021_june2024_preflight,pa1_candidate_000021
2024-06-12T10:00,34.0,54.0,784.0,670.0,114.0,0.41,101070.0,23.3,2.47,0.6,35.4,0.137,0,1,0,1.0,36.34122390607125,55.95725842505675,0.023714635528313457,34.31721222362972,0.21298706213347493,73002.7936,2.665964823838183,666.4,0.0035904925502850656,1.2453929256302204e-05,0.38880902551527735,0.0,0.0,1.1376701834175438,lhs_candidate_000021_june2024_preflight,pa1_candidate_000021
2024-06-12T11:00,34.7,52.0,895.0,763.0,132.0,0.41,100980.0,23.3,2.67,0.7,36.6,0.136,0,1,0,1.0,37.64950448847079,52.52880005697686,0.023805324894335202,34.81874626464154,0.2106306326213311,83404.0768,3.085736699502521,760.75,0.003835123119691055,1.36949301914251e-05,0.3742631643292044,0.0,0.0,1.1318724713504273,lhs_candidate_000021_june2024_preflight,pa1_candidate_000021
2024-06-12T12:00,35.4,49.0,946.0,823.0,123.0,0.61,100910.0,23.2,2.9,0.75,37.5,0.134,0,1,0,1.0,38.66240302705578,48.774228688083774,0.023270916310418718,35.38051145098443,0.20814248679470937,87575.43519999999,3.5170348522766264,804.1,0.004038257567301775,1.39370614263294e-05,0.35890423947351463,0.0,0.0,1.127413598280242,lhs_candidate_000021_june2024_preflight,pa1_candidate_000021
2024-06-12T13:00,35.6,49.0,877.0,712.0,165.0,0.71,100830.0,23.2,2.96,0.7,37.9,0.133,0,1,0,1.0,38.989406843877845,47.441196498079734,0.023012129322683077,35.93735869463324,0.2057660238075916,82981.096,3.6725434986187264,745.4499999999999,0.004136807658912415,1.2478706210101313e-05,0.34423471486167656,0.0,0.0,1.1253396350872584,lhs_candidate_000021_june2024_preflight,pa1_candidate_000021
2024-06-12T14:00,34.8,52.0,672.0,559.0,113.0,0.64,100750.0,23.6,2.64,0.53,37.4,0.133,0,1,0,1.0,38.0384716023124,49.04765219965884,0.02267233927781536,36.38951960591545,0.20380544443593268,63111.61119999999,3.3824977292532514,571.1999999999999,0.00404798865968733,9.340488405757662e-06,0.3321323730613129,0.0,0.0,1.1278828784875066,lhs_candidate_000021_june2024_preflight,pa1_candidate_000021
2024-06-12T15:00,34.6,53.0,591.0,482.0,109.0,1.08,100770.0,23.7,2.56,0.47,37.0,0.132,0,1,0,1.0,37.194014581469446,50.75497247817488,0.022472459910451808,36.7157108518793,0.2022466707399908,55842.8816,3.122838187069284,502.34999999999997,0.004140294988453645,8.005694838927881e-06,0.3225103132098198,0.0,0.0,1.1311763941996769,lhs_candidate_000021_june2024_preflight,pa1_candidate_000021
2024-06-12T16:00,32.9,61.0,391.0,281.0,110.0,0.94,100740.0,24.2,1.97,0.31,36.1,0.133,0,1,0,1.0,35.44644456480755,56.57080172143007,0.0228913800752647,36.92018400016142,0.20105422663282344,38278.064000000006,2.5027880820195176,332.34999999999997,0.004009675208769575,5.259351924948226e-06,0.3151495471161941,0.0,0.0,1.137243536494648,lhs_candidate_000021_june2024_preflight,pa1_candidate_000021
2024-06-12T17:00,32.8,61.0,245.0,171.0,74.0,0.1,100720.0,24.2,1.95,0.17,35.1,0.133,0,1,0,1.0,34.19412971383828,59.71729273751745,0.0226383942422236,36.97169047161504,0.2002813028033816,24163.4976,2.166011639337992,208.25,0.003032484729064178,3.3584935891972605e-06,0.31037841236655317,0.0,0.0,1.1416506897999916,lhs_candidate_000021_june2024_preflight,pa1_candidate_000021
2024-06-12T18:00,32.2,64.0,83.0,52.0,31.0,0.92,100740.0,24.4,1.74,0.07,34.0,0.133,1,1,0,1.0,33.10760305459685,62.218290473413624,0.02227719122866157,36.90570929566218,0.1998581442906951,8394.654400000001,1.9119764908858317,70.55,0.0033024053382200115,1.3488173182871669e-06,0.3077663227820685,0.0,0.0,1.145928487868405,lhs_candidate_000021_june2024_preflight,pa1_candidate_000021
2024-06-12T19:00,31.5,69.0,0.0,0.0,0.0,0.71,100790.0,25.1,1.43,0.03,33.0,0.133,0,1,0,1.0,32.00340727004369,67.40127275991121,0.022761023855673128,36.74108588444723,0.2064643509078428,0.0,1.5502947255742936,0.0,0.0028423820998091003,3.2875969007621086e-07,0.34854537597433827,0.0,0.0,1.1506458367602912,lhs_candidate_000021_june2024_preflight,pa1_candidate_000021
2024-06-12T20:00,31.1,72.0,0.0,0.0,0.0,0.64,100870.0,25.4,1.26,0.0,32.3,0.132,0,0,0,1.0,31.37221241881926,71.35289902341289,0.0232974333744733,36.53417924117625,0.2064102246350125,0.0,1.3145218704892185,0.0,0.0012053519539005262,2.784938430018807e-07,0.34821126317908946,0.0,0.0,1.153946019071665,lhs_candidate_000021_june2024_preflight,pa1_candidate_000021
2024-06-12T21:00,30.7,75.0,0.0,0.0,0.0,0.71,100900.0,25.7,1.12,0.0,31.8,0.132,0,0,0,1.0,30.951936207023,74.32156874426231,0.023726430150428753,36.320967361837134,0.20636331187231455,0.0,1.1504742712881004,0.0,0.0012757865170376138,2.4353611161535355e-07,0.3479216782241639,0.0,0.0,1.1558844725982276,lhs_candidate_000021_june2024_preflight,pa1_candidate_000021
2024-06-12T22:00,30.4,78.0,0.0,0.0,0.0,0.72,100910.0,26.1,0.96,0.0,31.3,0.132,0,0,0,1.0,30.612918752125893,77.29571377256686,0.02423045746572463,36.10457102021884,0.2063224391834457,0.0,0.9977471992148366,0.0,0.0012588149708750848,2.1105319203836581e-07,0.34766937767559075,0.0,0.0,1.1572891935898337,lhs_candidate_000021_june2024_preflight,pa1_candidate_000021
2024-06-12T23:00,30.1,81.0,0.0,0.0,0.0,0.76,100920.0,26.5,0.82,0.0,30.9,0.132,0,0,0,1.0,30.311398708068445,80.20191325927692,0.024736441494040286,35.88698882304682,0.2062871960389729,0.0,0.8551668908105028,0.0,0.0013098688207138064,1.807800264813455e-07,0.3474518274010672,0.0,0.0,1.1585538784118892,lhs_candidate_000021_june2024_preflight,pa1_candidate_000021
2024-06-13T00:00,29.8,84.0,0.0,0.0,0.0,0.72,100900.0,26.8,0.67,0.0,30.4,0.132,0,0,0,1.0,30.014185516749524,83.09840860584131,0.025221803779272748,35.66867194630425,0.2062572930951808,0.0,0.7177292303138558,0.0,0.0012601191465261643,1.5164546186755837e-07,0.34726724132827647,0.0,0.0,1.1594598667702263,lhs_candidate_000021_june2024_preflight,pa1_candidate_000021
2024-06-13T01:00,29.3,87.0,0.0,0.0,0.0,0.95,100810.0,27.0,0.52,0.0,29.9,0.132,0,0,0,1.0,29.597680005744074,85.77385751830285,0.025453361323634478,35.44842101962753,0.2062324273799006,0.0,0.589834109404554,0.0,0.0016182502968271563,1.2456805045489717e-07,0.34711374925864574,0.0,0.0,1.1600193663403295,lhs_candidate_000021_june2024_preflight,pa1_candidate_000021
2024-06-13T02:00,29.4,86.0,0.0,0.0,0.0,1.1,100800.0,26.8,0.57,0.0,29.4,0.132,0,0,0,1.0,29.465154785653144,86.02661271117094,0.025345469746651885,35.22675994594218,0.2062107257401349,0.0,0.5749520102965753,0.0,0.0016910423456101833,1.2137821381963018e-07,0.3469797885193513,0.0,0.0,1.1604122570583464,lhs_candidate_000021_june2024_preflight,pa1_candidate_000021
2024-06-13T03:00,29.2,86.0,0.0,0.0,0.0,1.2,100740.0,26.7,0.55,0.0,29.1,0.132,0,0,0,1.0,29.357550858580066,85.62662016064598,0.025080633507113835,35.01093493831366,0.20618853361845843,0.0,0.5877552642842305,0.0,0.0018866480464716992,1.2403212337955084e-07,0.346842800113941,0.0,0.0,1.1601340560607112,lhs_candidate_000021_june2024_preflight,pa1_candidate_000021
2024-06-13T04:00,28.6,90.0,0.0,0.0,0.0,1.3,100750.0,26.8,0.39,0.0,28.9,0.132,0,0,0,1.0,28.92876870864627,88.43512840836031,0.025305835618668046,34.79547393418293,0.206168234551523,0.0,0.46134794948012114,0.0,0.002111673243361067,9.732161812031087e-08,0.3467174972316235,0.0,0.0,1.1618961193577513,lhs_candidate_000021_june2024_preflight,pa1_candidate_000021
2024-06-13T05:00,28.2,92.0,0.0,0.0,0.0,1.1,100780.0,26.7,0.32,0.0,28.6,0.132,0,0,0,1.0,28.473396747137627,90.78577797815205,0.02534045560241382,34.574177941415726,0.2061528509417909,0.0,0.35800740016357757,0.0,0.0018076956465539781,7.550118490045762e-08,0.3466225366777216,0.0,0.0,1.1639967731231304,lhs_candidate_000021_june2024_preflight,pa1_candidate_000021
2024-06-13T06:00,28.3,92.0,24.0,13.0,11.0,1.22,100880.0,26.8,0.32,0.01,28.7,0.132,1,0,0,1.0,28.428793014431886,91.93843288107004,0.025599639434227394,34.35965684961902,0.20611135823384272,2499.0063999999998,0.3124127357257147,20.4,0.0019008874583432242,3.882644799363264e-07,0.346366408850881,0.0,0.0,1.1653240878219244,lhs_candidate_000021_june2024_preflight,pa1_candidate_000021
2024-06-13T07:00,30.6,76.0,190.0,136.0,54.0,1.2,100900.0,25.9,1.05,0.14,31.0,0.132,0,0,0,1.0,30.25048793204477,82.63582494783532,0.025403521839285674,34.22711717344747,0.21257510411197528,18619.849599999998,0.7474251344964769,161.5,0.001982972279714108,3.022247131276825e-06,0.3862660747652795,0.0,0.0,1.1585568254836973,lhs_candidate_000021_june2024_preflight,pa1_candidate_000021
2024-06-13T08:00,32.3,64.0,407.0,327.0,80.0,1.08,100910.0,24.5,1.76,0.31,32.6,0.132,0,1,0,1.0,32.838182924631965,70.51011742515627,0.02488923526649698,34.27414831126471,0.21173115847874824,38630.592000000004,1.4699735427930634,345.95,0.003305329923767474,6.356265255843103e-06,0.3810565338194336,0.0,0.0,1.1488729398799373,lhs_candidate_000021_june2024_preflight,pa1_candidate_000021
2024-06-13T09:00,33.6,56.0,613.0,510.0,103.0,1.22,100910.0,23.7,2.27,0.48,34.4,0.131,0,1,0,1.0,35.08079405809562,58.10676627498324,0.023070724062450546,34.506729780797485,0.21030867270832618,57567.7872,2.3660620673955215,521.05,0.0038785377858770054,9.387282723287598e-06,0.3722757574588036,0.0,0.0,1.1405140241078024,lhs_candidate_000021_june2024_preflight,pa1_candidate_000021
2024-06-13T10:00,34.6,53.0,773.0,664.0,109.0,1.17,100820.0,23.6,2.6,0.61,36.0,0.13,0,1,0,1.0,36.88493177302671,53.432835254457004,0.023286473973991913,34.89089807914503,0.20842949194789243,71858.88160000001,2.9037394454359777,657.05,0.004117205068293298,1.14510907608725e-05,0.3606758762215582,0.0,0.0,1.1328659227173334,lhs_candidate_000021_june2024_preflight,pa1_candidate_000021
2024-06-13T11:00,35.3,51.0,877.0,752.0,125.0,0.89,100720.0,23.7,2.8,0.7,37.3,0.129,0,1,0,1.0,38.21550933100062,50.4345872134986,0.023524109937566994,35.37987961893924,0.20626963618272753,81573.8,3.3220461818749794,745.4499999999999,0.004094170103522733,1.251732794334416e-05,0.3473434332267132,0.0,0.0,1.126905926246234,lhs_candidate_000021_june2024_preflight,pa1_candidate_000021
2024-06-13T12:00,36.2,48.0,902.0,752.0,150.0,0.54,100610.0,23.5,3.1,0.72,38.3,0.128,0,1,0,1.0,39.30549108726467,47.401466134622886,0.023362248931443737,35.92109753173079,0.2040243469701862,84653.36,3.7381470194548045,766.6999999999999,0.003943898897165581,1.242565380086168e-05,0.3334836232727544,0.0,0.0,1.1217483423763268,lhs_candidate_000021_june2024_preflight,pa1_candidate_000021
2024-06-13T13:00,36.5,48.0,864.0,709.0,155.0,0.57,100580.0,23.6,3.2,0.69,38.7,0.127,0,1,0,1.0,39.80860714261289,46.2049166624758,0.023355798309590118,36.46313874686764,0.2018716426404812,81485.272,3.9274233261117284,734.4,0.004030313284132509,1.1495466622657488e-05,0.3201953249412421,0.0,0.0,1.119611059697384,lhs_candidate_000021_june2024_preflight,pa1_candidate_000021
2024-06-13T14:00,36.3,48.0,760.0,610.0,150.0,0.42,100480.0,23.5,3.15,0.6,38.6,0.126,0,1,0,1.0,39.5474882631557,45.74952071760608,0.02282431128058226,36.94929249836366,0.19995468202233022,72157.36,3.905807279546873,646.0,0.003944580057322595,9.822702983723998e-06,0.3083622347057421,0.0,0.0,1.119431909622182,lhs_candidate_000021_june2024_preflight,pa1_candidate_000021
2024-06-13T15:00,35.8,50.0,572.0,436.0,136.0,0.67,100470.0,23.7,2.96,0.46,38.1,0.126,0,1,0,1.0,38.59696215340389,47.301849789029546,0.022493787240546202,37.31875836987788,0.19841753918310442,55120.8064,3.6054025782052297,486.2,0.0039012937629116055,7.286456411903389e-06,0.29887369866113844,0.0,0.0,1.1227333439479203,lhs_candidate_000021_june2024_preflight,pa1_candidate_000021
2024-06-13T16:00,34.9,52.0,314.0,178.0,136.0,1.2,100560.0,23.7,2.67,0.28,37.1,0.126,0,1,0,1.0,36.95609364940792,49.22861529347572,0.02153266439411237,37.51313181490176,0.19739272785923515,32416.806399999998,3.1781995761936024,266.9,0.0040661037518994955,4.1286601448661024e-06,0.2925477028347849,0.0,0.0,1.129685132558672,lhs_candidate_000021_june2024_preflight,pa1_candidate_000021
2024-06-13T17:00,32.8,61.0,147.0,66.0,81.0,0.89,100540.0,24.3,1.93,0.13,35.6,0.127,0,1,0,1.0,34.560205627316314,57.004326403495575,0.022027432711772602,37.52486023899677,0.1968361326768833,15785.774399999998,2.3593611731702073,124.95,0.0036619872413999784,2.0634389313628057e-06,0.28911193010421793,0.0,0.0,1.138254639701543,lhs_candidate_000021_june2024_preflight,pa1_candidate_000021
2024-06-13T18:00,32.2,63.0,60.0,36.0,24.0,0.64,100570.0,24.3,1.77,0.06,34.3,0.127,1,1,0,1.0,32.97870309389832,61.48323093985668,0.021864665155235084,37.4047354704824,0.19656130989857806,6124.3776,1.93513717393086,51.0,0.002946840063362848,1.00727479921786e-06,0.28741549320109916,0.0,0.0,1.1444764150080573,lhs_candidate_000021_june2024_preflight,pa1_candidate_000021
2024-06-13T19:00,31.6,68.0,0.0,0.0,0.0,1.06,100660.0,24.9,1.5,0.04,33.3,0.127,0,0,0,1.0,32.038925586683526,66.67267547410138,0.022557583293406378,37.21504192242646,0.20320233811123614,0.0,1.5881284020381443,0.0,0.0018402998418334815,3.173264582338929e-07,0.32840949451380336,0.0,0.0,1.149027980623286,lhs_candidate_000021_june2024_preflight,pa1_candidate_000021
2024-06-13T20:00,31.1,71.0,0.0,0.0,0.0,0.92,100690.0,25.3,1.3,0.01,32.5,0.127,0,0,0,1.0,31.408169671225135,70.18555723927848,0.02296039665989189,36.99330816121178,0.2031494655346434,0.0,1.3708826818420987,0.0,0.0015839617194087522,2.7364602542629336e-07,0.32808312058421846,0.0,0.0,1.1517508351960681,lhs_candidate_000021_june2024_preflight,pa1_candidate_000021
2024-06-13T21:00,30.8,74.0,0.0,0.0,0.0,0.86,100750.0,25.6,1.15,0.0,31.9,0.127,0,0,0,1.0,31.019541512153456,73.32761609511536,0.02349417862976389,36.765432821522936,0.2031034004723728,0.0,1.19961520635889,0.0,0.0014479100366359616,2.3925126741849666e-07,0.3277987683479803,0.0,0.0,1.1539095839710163,lhs_candidate_000021_june2024_preflight,pa1_candidate_000021
2024-06-13T22:00,30.5,77.0,0.0,0.0,0.0,0.94,100760.0,26.0,1.0,0.0,31.3,0.127,0,0,0,1.0,30.712591901936545,76.26331878946878,0.024035326655150475,36.53622938741773,0.20306308228343872,0.0,1.04906710320423,0.0,0.0015519518578928936,2.0906709982030754e-07,0.32754989063851064,0.0,0.0,1.1551898640837404,lhs_candidate_000021_june2024_preflight,pa1_candidate_000021
2024-06-13T23:00,30.2,79.0,0.0,0.0,0.0,0.89,100770.0,26.2,0.9,0.0,30.8,0.127,0,0,0,1.0,30.41431655649601,78.37406351364126,0.024307167209528774,36.30662237204571,0.20302752096195337,0.0,0.93963531802788,0.0,0.0014851553544821489,1.8713309885008748e-07,0.32733037630835415,0.0,0.0,1.156439687503206,lhs_candidate_000021_june2024_preflight,pa1_candidate_000021
2024-06-14T00:00,29.7,84.0,0.0,0.0,0.0,0.95,100680.0,26.6,0.68,0.0,30.3,0.127,0,0,0,1.0,29.998644339481597,82.52094871641985,0.025025501967502844,36.075460682687655,0.20299712806470055,0.0,0.7415898508003611,0.0,0.001618593395815272,1.4760669833532644e-07,0.3271427658314849,0.0,0.0,1.1569911187049706,lhs_candidate_000021_june2024_preflight,pa1_candidate_000021
2024-06-14T01:00,29.1,88.0,0.0,0.0,0.0,1.04,100660.0,26.9,0.47,0.0,29.8,0.127,0,0,0,1.0,29.45308371135916,86.3808034878459,0.025433151146954908,35.838880407216564,0.20297390195332146,0.0,0.5599889714878565,0.0,0.001769629264971374,1.1141185115558688e-07,0.3269993947735893,0.0,0.0,1.1588467988315274,lhs_candidate_000021_june2024_preflight,pa1_candidate_000021
2024-06-14T02:00,28.9,88.0,0.0,0.0,0.0,1.04,100630.0,26.7,0.47,0.0,29.4,0.127,0,0,0,1.0,29.102013728013066,87.39454558574758,0.025245195053555134,35.59717646471666,0.20295514962800065,0.0,0.5079182485999398,0.0,0.0016844050014773754,1.010164190124704e-07,0.3268836396790164,0.0,0.0,1.1598470400324887,lhs_candidate_000021_june2024_preflight,pa1_candidate_000021
2024-06-14T03:00,28.6,89.0,0.0,0.0,0.0,1.1,100610.0,26.7,0.41,0.0,29.0,0.127,0,0,0,1.0,28.826246939722388,88.16366340920192,0.02508750664495109,35.3559987538534,0.2029375934079845,0.0,0.46938549843061583,0.0,0.0017818334272955835,9.332195212774651e-08,0.3267752679505217,0.0,0.0,1.160675492677022,lhs_candidate_000021_june2024_preflight,pa1_candidate_000021
2024-06-14T04:00,28.4,90.0,0.0,0.0,0.0,1.2,100600.0,26.6,0.39,0.0,28.8,0.127,0,0,0,1.0,28.58884858149183,89.23357843516783,0.025064930234160388,35.11577152914946,0.20292167792397028,0.0,0.42112643681481154,0.0,0.0019030185035799907,8.37020440788671e-08,0.3266770242220388,0.0,0.0,1.161473219987059,lhs_candidate_000021_june2024_preflight,pa1_candidate_000021
2024-06-14T05:00,28.6,88.0,0.0,0.0,0.0,1.1,100680.0,26.4,0.47,0.0,28.5,0.127,0,0,0,1.0,28.621976178811714,88.24418996096209,0.024831932886471297,34.88042243072483,0.2029061866117832,0.0,0.4607099341852181,0.0,0.0016659774357280434,9.154275727278231e-08,0.3265813988381679,0.0,0.0,1.1622692523987206,lhs_candidate_000021_june2024_preflight,pa1_candidate_000021
2024-06-14T06:00,28.7,88.0,24.0,13.0,11.0,1.2,100710.0,26.6,0.45,0.02,28.6,0.127,1,0,0,1.0,28.8004014115288,88.12755700135219,0.025041895845099502,34.66360514379782,0.20286207809739618,2499.0063999999998,0.4701136740379632,20.4,0.0018569425033187817,3.970899209422034e-07,0.3263091240580011,0.0,0.0,1.1619285780621538,lhs_candidate_000021_june2024_preflight,pa1_candidate_000021
2024-06-14T07:00,30.6,75.0,194.0,141.0,53.0,1.1,100710.0,25.7,1.09,0.14,31.1,0.127,0,0,0,1.0,30.422120421611616,81.0876949467531,0.025159358483585508,34.53002482784861,0.20933151167999292,18936.6672,0.8220962403151368,164.9,0.0017545691276256105,2.9390492771037786e-06,0.3662438992592156,0.0,0.0,1.1557214149643538,lhs_candidate_000021_june2024_preflight,pa1_candidate_000021
2024-06-14T08:00,32.6,60.0,418.0,342.0,76.0,0.54,100710.0,23.9,1.94,0.31,32.7,0.126,0,0,0,1.0,33.09223558286644,72.17158080322089,0.025820003097497532,34.57547988753902,0.20851108791343337,39457.8624,1.4070690187545898,355.3,0.001267961479202513,6.164980785509911e-06,0.36117955502119364,0.0,0.0,1.1456447210478213,lhs_candidate_000021_june2024_preflight,pa1_candidate_000021
2024-06-14T09:00,34.0,53.0,623.0,529.0,94.0,0.3,100660.0,23.2,2.47,0.47,34.7,0.126,0,1,0,1.0,35.520408742036004,56.168336206222875,0.02281582902661674,34.81352514271751,0.20713155476733347,58131.145599999996,2.536292589464609,529.55,0.003153020130574972,9.066065326177013e-06,0.35266391831687327,0.0,0.0,1.1360681326875162,lhs_candidate_000021_june2024_preflight,pa1_candidate_000021
2024-06-14T10:00,35.2,50.0,793.0,686.0,107.0,0.4,100630.0,23.0,2.86,0.62,36.4,0.125,0,1,0,1.0,37.53241493324506,51.20974494093573,0.02306933283025974,35.21045146602465,0.20530791852534958,73548.5168,3.151402593939435,674.05,0.0035786134775021503,1.1155607411728607e-05,0.3414069044774665,0.0,0.0,1.128374464134443,lhs_candidate_000021_june2024_preflight,pa1_candidate_000021
2024-06-14T11:00,35.8,48.0,842.0,715.0,127.0,1.49,100570.0,23.1,3.05,0.68,37.4,0.124,0,1,0,1.0,38.71186016639034,46.632789861192855,0.022304949386471342,35.70104614978508,0.20326942138516815,78564.1648,3.673823721063083,715.6999999999999,0.004633518093681775,1.1473908404503383e-05,0.3288235887973343,0.0,0.0,1.1234367692831746,lhs_candidate_000021_june2024_preflight,pa1_candidate_000021
2024-06-14T12:00,36.1,48.0,935.0,798.0,137.0,1.96,100550.0,23.3,3.1,0.76,38.1,0.123,0,1,0,1.0,39.42392041366536,45.18698921036772,0.022403994624208702,36.23928520027408,0.20113651776429986,87099.98879999999,3.9203077162884594,794.75,0.005256101037560092,1.2200466212189019e-05,0.3156575170635794,0.0,0.0,1.1206546147919825,lhs_candidate_000021_june2024_preflight,pa1_candidate_000021
2024-06-14T13:00,36.1,49.0,848.0,712.0,136.0,1.75,100460.0,23.6,3.05,0.7,38.3,0.123,0,1,0,1.0,39.48740952873508,45.472629257682435,0.02261774054082275,36.77246149339232,0.19907812372187922,79408.8064,3.913148754279058,720.8,0.005037803755516948,1.0685744682584156e-05,0.30295138099925445,0.0,0.0,1.1194241683209145,lhs_candidate_000021_june2024_preflight,pa1_candidate_000021
2024-06-14T14:00,35.3,53.0,662.0,452.0,210.0,1.75,100410.0,24.2,2.7,0.55,37.9,0.122,0,1,0,1.0,38.47461574461511,48.45721570342304,0.022900840575729213,37.19712765008778,0.19738697318320864,65644.304,3.5031949278587926,562.6999999999999,0.004985013516725916,8.134282265143629e-06,0.2925121801432632,0.0,0.0,1.12250338642196,lhs_candidate_000021_june2024_preflight,pa1_candidate_000021
2024-06-14T15:00,34.6,55.0,516.0,365.0,151.0,1.81,100370.0,24.4,2.45,0.44,37.3,0.122,0,1,0,1.0,37.18027217971728,51.053981711807744,0.02258895989911475,37.47854104539779,0.19609646363426406,50720.5424,3.1015574628529152,438.59999999999997,0.004897241092925681,6.231872090529565e-06,0.2845460718164448,0.0,0.0,1.1267361558518179,lhs_candidate_000021_june2024_preflight,pa1_candidate_000021
2024-06-14T16:00,34.6,55.0,417.0,306.0,111.0,0.92,100310.0,24.3,2.45,0.34,36.7,0.121,0,1,0,1.0,36.512595097755685,52.92140601585585,0.02262672850167651,37.65235302353743,0.19508839910193118,40601.246399999996,2.8765659156582033,354.45,0.003746625552203747,4.988754909002998e-06,0.2783234512464888,0.0,0.0,1.1284905591893726,lhs_candidate_000021_june2024_preflight,pa1_candidate_000021
2024-06-14T17:00,34.1,57.0,282.0,210.0,72.0,0.89,100350.0,24.3,2.31,0.22,36.0,0.121,0,1,0,1.0,35.712811439738914,54.766885832634664,0.02246930601731445,37.736407269227634,0.1943311666279471,27349.1328,2.6452421044151597,239.7,0.0035962733377519285,3.4335669824109363e-06,0.2736491767157229,0.0,0.0,1.131863891343408,lhs_candidate_000021_june2024_preflight,pa1_candidate_000021
2024-06-14T18:00,33.2,61.0,83.0,53.0,30.0,0.72,100470.0,24.8,1.97,0.07,34.9,0.121,1,1,0,1.0,34.289358937071974,58.669583908960334,0.022352320458634365,37.692163905003106,0.19391104129087727,8359.472,2.2341408824778872,70.55,0.003195333840572398,1.241059923941371e-06,0.27105581043751403,0.0,0.0,1.1384642177703022,lhs_candidate_000021_june2024_preflight,pa1_candidate_000021
2024-06-14T19:00,32.2,68.0,0.0,0.0,0.0,0.91,100530.0,25.6,1.51,0.03,33.7,0.121,0,1,0,1.0,32.83658660070415,65.83634649678517,0.023237487501969314,37.52798835112443,0.2005267813313117,0.0,1.7027929746757908,0.0,0.0031492024320434507,3.2312713961465534e-07,0.3118937119216771,0.0,0.0,1.1445525635391212,lhs_candidate_000021_june2024_preflight,pa1_candidate_000021
2024-06-14T20:00,31.4,74.0,0.0,0.0,0.0,1.04,100570.0,26.3,1.18,0.01,32.9,0.121,0,0,0,1.0,31.84400782365099,72.27504580615019,0.024200529270278597,37.31196858947616,0.20047583254791257,0.0,1.3066832925006513,0.0,0.0018172068516543918,2.4771013839296877e-07,0.31157921325871957,0.0,0.0,1.1487343084148358,lhs_candidate_000021_june2024_preflight,pa1_candidate_000021
2024-06-14T21:00,30.9,79.0,0.0,0.0,0.0,0.78,100630.0,26.9,0.92,0.0,32.3,0.121,0,0,0,1.0,31.218294115545177,77.56733798850418,0.02511872950159122,37.08163565800274,0.2004363799660723,0.0,1.020400611990675,0.0,0.001411201506667048,1.9328785704207082e-07,0.31133567880291546,0.0,0.0,1.151782594455164,lhs_candidate_000021_june2024_preflight,pa1_candidate_000021
2024-06-14T22:00,30.6,82.0,0.0,0.0,0.0,0.78,100610.0,27.1,0.79,0.0,31.9,0.121,0,0,0,1.0,30.83008395364443,81.0467788745448,0.025704675262641297,36.84552398623804,0.2004048634668639,0.0,0.8432885977298161,0.0,0.0013494105577054587,1.5963886219374967e-07,0.31114113251150555,0.0,0.0,1.153024318681909,lhs_candidate_000021_june2024_preflight,pa1_candidate_000021
2024-06-14T23:00,30.3,84.0,0.0,0.0,0.0,0.78,100640.0,27.3,0.7,0.0,31.5,0.121,0,0,0,1.0,30.522869667606045,83.2086659857614,0.02595791995072882,36.60836095497498,0.20037810710027365,0.0,0.7341152214607911,0.0,0.001344370257122848,1.3889801115366426e-07,0.31097596975477565,0.0,0.0,1.154534947380854,lhs_candidate_000021_june2024_preflight,pa1_candidate_000021
2024-06-15T00:00,30.0,86.0,0.0,0.0,0.0,0.76,100620.0,27.4,0.6,0.0,31.2,0.121,0,0,0,1.0,30.224138948441166,85.14870632693906,0.02613882983145394,36.371059246871646,0.20035475292045554,0.0,0.6382967533720629,0.0,0.0013193464620316067,1.207127260340657e-07,0.3108318081509602,0.0,0.0,1.1554421466012992,lhs_candidate_000021_june2024_preflight,pa1_candidate_000021
2024-06-15T01:00,29.8,87.0,0.0,0.0,0.0,0.76,100570.0,27.4,0.56,0.0,30.9,0.121,0,0,0,1.0,29.9850180815563,86.40363808262835,0.02618367989228131,36.13434323037625,0.20033418508300666,0.0,0.5764069177911963,0.0,0.0012902734821916924,1.0896378458729706e-07,0.31070484619139915,0.0,0.0,1.1557789755379226,lhs_candidate_000021_june2024_preflight,pa1_candidate_000021
2024-06-15T02:00,29.4,88.0,0.0,0.0,0.0,0.85,100560.0,27.1,0.5,0.0,30.6,0.121,0,0,0,1.0,29.662226311929043,87.16194486684097,0.02595594528419219,35.898570518700495,0.20031528129063303,0.0,0.5342620002382366,0.0,0.0014638932532411518,1.0095879156946427e-07,0.3105881561150187,0.0,0.0,1.1568959674392867,lhs_candidate_000021_june2024_preflight,pa1_candidate_000021
2024-06-15T03:00,29.2,88.0,0.0,0.0,0.0,0.95,100530.0,27.1,0.48,0.0,30.3,0.121,0,0,0,1.0,29.390528883366667,87.47511122624552,0.0256680106046527,35.66204430124977,0.20029756832224713,0.0,0.5131411600407825,0.0,0.001552409153319932,9.693347758148719e-08,0.31047881680399464,0.0,0.0,1.157589475350705,lhs_candidate_000021_june2024_preflight,pa1_candidate_000021
2024-06-15T04:00,29.1,89.0,0.0,0.0,0.0,0.89,100500.0,27.1,0.44,0.0,30.1,0.121,0,0,0,1.0,29.241915686070175,88.43558144224255,0.025741102050078856,35.42798552408149,0.20028080885817912,0.0,0.46974891367766203,0.0,0.0014373266882694291,8.870702058682475e-08,0.3103753633220933,0.0,0.0,1.157812767245838,lhs_candidate_000021_june2024_preflight,pa1_candidate_000021
2024-06-15T05:00,28.9,90.0,0.0,0.0,0.0,0.89,100530.0,27.1,0.41,0.0,29.8,0.121,0,0,0,1.0,29.076416603276034,89.33087665139475,0.02576859756727168,35.198036015377795,0.2002655286258233,0.0,0.4292616104269946,0.0,0.0014606420026954993,8.103679523884923e-08,0.3102810409001439,0.0,0.0,1.1587925901333174,lhs_candidate_000021_june2024_preflight,pa1_candidate_000021
2024-06-15T06:00,29.0,89.0,23.0,10.0,13.0,1.08,100570.0,27.0,0.43,0.01,29.8,0.121,1,0,0,1.0,29.116326825992413,89.17744695017082,0.02578029017394258,34.9799589326807,0.2002261315243108,2481.3712,0.4364394136220562,19.55,0.0016915345796605563,3.5891167381848646e-07,0.31003784891549874,0.0,0.0,1.1591005995506176,lhs_candidate_000021_june2024_preflight,pa1_candidate_000021
2024-06-15T07:00,30.0,81.0,161.0,72.0,89.0,0.95,100690.0,26.4,0.8,0.12,30.8,0.121,0,0,0,1.0,30.112631133256635,85.45199764483124,0.026074487692156298,34.82766700643802,0.2067542143596455,17299.2336,0.6212802258258416,136.85,0.0015024631133886792,2.3201587882258463e-06,0.35033465654102164,0.0,0.0,1.1566711169583084,lhs_candidate_000021_june2024_preflight,pa1_candidate_000021
2024-06-15T08:00,31.6,70.0,350.0,212.0,138.0,0.45,100690.0,25.5,1.38,0.26,32.3,0.12,0,1,0,1.0,32.10338006507176,79.81320820348883,0.02709622061987738,34.815555196101066,0.20610330522889914,35655.1712,0.9654581259673614,297.5,0.002585207793951835,4.904822362441774e-06,0.34631669894382183,0.0,0.0,1.1491277384376337,lhs_candidate_000021_june2024_preflight,pa1_candidate_000021
2024-06-15T09:00,33.0,62.0,572.0,377.0,195.0,0.45,100720.0,24.7,1.93,0.44,34.1,0.12,0,1,0,1.0,34.3559127109497,64.48244777280505,0.024652594661504924,34.98074879840896,0.204942146087915,57196.568,1.9270337632610501,486.2,0.0031385510472003927,7.922033800566792e-06,0.33914904992540124,0.0,0.0,1.1410500520151052,lhs_candidate_000021_june2024_preflight,pa1_candidate_000021
2024-06-15T10:00,34.4,55.0,762.0,608.0,154.0,0.32,100620.0,24.1,2.42,0.59,35.8,0.12,0,1,0,1.0,36.548083216544946,56.23939378047752,0.02408926821925342,35.318643515919646,0.2033024767791145,72474.08959999999,2.6790235362816186,647.6999999999999,0.0034691318586855457,1.0260924436913358e-05,0.3290276344389784,0.0,0.0,1.1318483559512753,lhs_candidate_000021_june2024_preflight,pa1_candidate_000021
2024-06-15T11:00,35.1,52.0,824.0,698.0,126.0,0.22,100570.0,23.9,2.7,0.65,37.0,0.119,0,1,0,1.0,37.95624699138304,51.21233332176386,0.023574174002078317,35.767781276475645,0.20140791432589408,76944.9824,3.224425940884551,700.4,0.003740738603168375,1.0764634435851511e-05,0.3173328044808277,0.0,0.0,1.1261653664501146,lhs_candidate_000021_june2024_preflight,pa1_candidate_000021
2024-06-15T12:00,35.8,50.0,895.0,690.0,205.0,0.57,100440.0,23.7,2.95,0.71,38.1,0.118,0,1,0,1.0,38.973241781079416,48.36819263543506,0.02344264462606968,36.27044408275096,0.19942427884976455,85972.39199999999,3.604639907659114,760.75,0.003984599322714706,1.1260017651026161e-05,0.3050881410479293,0.0,0.0,1.1210449945292909,lhs_candidate_000021_june2024_preflight,pa1_candidate_000021
2024-06-15T13:00,36.2,49.0,828.0,658.0,170.0,1.08,100370.0,23.8,3.05,0.67,38.5,0.118,0,1,0,1.0,39.425533065694204,46.32310513351039,0.02296915184205256,36.778398485474,0.19750253370275675,78845.008,3.839382365462419,703.8,0.00434323139297144,1.0102066093020645e-05,0.2932255166836837,0.0,0.0,1.1186426989048264,lhs_candidate_000021_june2024_preflight,pa1_candidate_000021
2024-06-15T14:00,36.0,49.0,843.0,727.0,116.0,1.51,100270.0,23.6,3.02,0.68,38.6,0.117,0,1,0,1.0,39.408454887024234,45.40286408107051,0.02249351446962721,37.25922121211729,0.19570249356522487,78265.1584,3.9016372092937135,716.55,0.004793166288369803,9.894083577176577e-06,0.2821141578100301,0.0,0.0,1.117589241611172,lhs_candidate_000021_june2024_preflight,pa1_candidate_000021
2024-06-15T15:00,33.9,57.0,658.0,509.0,149.0,1.84,100310.0,24.3,2.26,0.53,37.9,0.121,0,1,0,1.0,37.587138650561435,50.26211233102177,0.02270575200490282,37.65396854414962,0.19413962803066975,63146.17759999999,3.222161903309331,559.3,0.005216810786246177,7.4879935514204825e-06,0.27246683969549235,0.0,0.0,1.1245881860773428,lhs_candidate_000021_june2024_preflight,pa1_candidate_000021
2024-06-15T16:00,32.6,65.0,393.0,306.0,87.0,1.91,100350.0,25.2,1.72,0.32,36.4,0.121,0,1,0,1.0,35.176704827135914,58.90104989839327,0.023502955602665142,37.84334230112001,0.193070693099579,37644.8688,2.333528012664612,334.05,0.005018445233285209,4.430172978548119e-06,0.2658684759233272,0.0,0.0,1.1338319327333226,lhs_candidate_000021_june2024_preflight,pa1_candidate_000021
2024-06-15T17:00,32.3,66.0,180.0,111.0,69.0,0.91,100400.0,25.1,1.65,0.15,35.2,0.121,0,1,0,1.0,33.630718030505044,63.25842030435341,0.0232824148725095,37.83440831700475,0.1924820568258231,18267.5856,1.9145524607170592,153.0,0.0034940582848087915,2.136296601353069e-06,0.2622349186779203,0.0,0.0,1.1401135363879225,lhs_candidate_000021_june2024_preflight,pa1_candidate_000021
2024-06-15T18:00,31.6,68.0,61.0,33.0,28.0,0.71,100450.0,25.0,1.47,0.05,34.0,0.121,1,1,0,1.0,32.439357836361076,65.99594261704915,0.02280879089138471,37.69627594226464,0.19221111862090354,6353.1071999999995,1.6573937584260374,51.85,0.003050359737207909,8.792410105301895e-07,0.26056246062286137,0.0,0.0,1.145128343110396,lhs_candidate_000021_june2024_preflight,pa1_candidate_000021
2024-06-15T19:00,30.8,71.0,0.0,0.0,0.0,1.12,100530.0,24.9,1.28,0.03,33.0,0.121,0,1,0,1.0,31.331251449295028,69.30414992319606,0.022578964179992222,37.480022891891664,0.19886954274235447,0.0,1.4052600504087662,0.0,0.0033543836088028873,2.5791994552231655e-07,0.30166384408860786,0.0,0.0,1.1502111556472718,lhs_candidate_000021_june2024_preflight,pa1_candidate_000021
2024-06-15T20:00,30.1,72.0,0.0,0.0,0.0,1.04,100550.0,24.5,1.19,0.01,32.2,0.12,0,0,0,1.0,30.51376641472889,71.07113469063302,0.022160610023603734,37.22718306724122,0.19882582359270265,0.0,1.2641090517788016,0.0,0.0018019973495619096,2.3180567909373672e-07,0.30139397279446084,0.0,0.0,1.1535370535343716,lhs_candidate_000021_june2024_preflight,pa1_candidate_000021
2024-06-15T21:00,29.8,72.0,0.0,0.0,0.0,0.98,100590.0,24.2,1.16,0.01,31.7,0.12,0,0,0,1.0,30.04748293240803,71.67306482848238,0.02179319811854848,36.96526976732878,0.19878528080459254,0.0,1.2052076417842348,0.0,0.0016281441026732852,2.2082113545505908e-07,0.30114370867032436,0.0,0.0,1.1557706598734079,lhs_candidate_000021_june2024_preflight,pa1_candidate_000021
2024-06-15T22:00,29.4,75.0,0.0,0.0,0.0,1.03,100670.0,24.4,1.03,0.01,31.2,0.12,0,0,0,1.0,29.67200783948338,74.08616636451549,0.022073809958425273,36.70169878973442,0.19874742302605694,0.0,1.0790236982636454,0.0,0.0017106233133162673,1.9754798222440645e-07,0.30091001867936384,0.0,0.0,1.1581240561542765,lhs_candidate_000021_june2024_preflight,pa1_candidate_000021
2024-06-15T23:00,29.1,77.0,0.0,0.0,0.0,1.12,100710.0,24.6,0.94,0.01,30.9,0.12,0,0,0,1.0,29.33634288385175,76.24934683425955,0.02230824427032915,36.43713789582367,0.19871377084121508,0.0,0.9700235938533419,0.0,0.0018149823410234763,1.7746961182364087e-07,0.300702289143303,0.0,0.0,1.1598698877195626,lhs_candidate_000021_june2024_preflight,pa1_candidate_000021
2024-06-16T00:00,29.0,78.0,0.0,0.0,0.0,1.12,100670.0,24.7,0.88,0.0,30.6,0.12,0,0,0,1.0,29.152493587417474,77.5943530764357,0.022475931772390646,36.17432063837001,0.19868301597213714,0.0,0.9054375704267641,0.0,0.0017693614763374893,1.6554876283626203e-07,0.3005124442724515,0.0,0.0,1.1601143207587548,lhs_candidate_000021_june2024_preflight,pa1_candidate_000021
2024-06-16T01:00,28.8,80.0,0.0,0.0,0.0,1.17,100610.0,24.9,0.8,0.0,30.3,0.12,0,0,0,1.0,28.982665031434074,79.3348660033109,0.02276856203252374,35.916208135985165,0.19865444460522125,0.0,0.826949755706377,0.0,0.0018569733611452433,1.5110943978895027e-07,0.3003360778100077,0.0,0.0,1.1600745955656746,lhs_candidate_000021_june2024_preflight,pa1_candidate_000021
2024-06-16T02:00,28.8,80.0,0.0,0.0,0.0,1.06,100570.0,25.0,0.79,0.0,30.1,0.12,0,0,0,1.0,28.904666086812384,79.84962413194341,0.022819078644283907,35.66306005961603,0.1986278151334336,0.0,0.8027228670763189,0.0,0.0016558977851420344,1.466021517504159e-07,0.3001716983545285,0.0,0.0,1.159912823684955,lhs_candidate_000021_june2024_preflight,pa1_candidate_000021
2024-06-16T03:00,28.6,80.0,0.0,0.0,0.0,0.99,100570.0,24.9,0.78,0.0,30.0,0.12,0,0,0,1.0,28.775034324005933,79.70269018997497,0.022616597648033948,35.41644099113666,0.19860141047894736,0.0,0.802534298100309,0.0,0.0015986448043716558,1.4648812767552396e-07,0.30000870666016893,0.0,0.0,1.1604108332136205,lhs_candidate_000021_june2024_preflight,pa1_candidate_000021
2024-06-16T04:00,28.4,82.0,0.0,0.0,0.0,1.06,100610.0,25.0,0.7,0.0,29.8,0.12,0,0,0,1.0,28.58220681951107,81.30096199048776,0.022828439360318836,35.1735568614076,0.19857607886847564,0.0,0.7311275969314841,0.0,0.0017011701939426977,1.3338456747277858e-07,0.2998523386942941,0.0,0.0,1.1616142435970678,lhs_candidate_000021_june2024_preflight,pa1_candidate_000021
2024-06-16T05:00,28.3,82.0,0.0,0.0,0.0,1.34,100620.0,25.0,0.69,0.0,29.7,0.12,0,0,0,1.0,28.440924379460338,81.65814179487438,0.02275225986338534,34.934213970729694,0.19855255453150988,0.0,0.7113090788726852,0.0,0.002081069468551763,1.2970609650308817e-07,0.2997071267377154,0.0,0.0,1.1622739213759326,lhs_candidate_000021_june2024_preflight,pa1_candidate_000021
2024-06-16T06:00,28.4,82.0,21.0,9.0,12.0,1.41,100650.0,25.0,0.7,0.02,29.6,0.12,1,0,0,1.0,28.50787986924424,82.0286934386789,0.022939371200869557,34.70770125798133,0.19850751516240991,2270.1888,0.6996514642432357,17.849999999999998,0.0021681350468025756,3.7135451078132e-07,0.29942910594080197,0.0,0.0,1.1623624017083707,lhs_candidate_000021_june2024_preflight,pa1_candidate_000021
2024-06-16T07:00,29.6,73.0,157.0,90.0,67.0,1.1,100700.0,24.3,1.11,0.12,30.4,0.12,0,0,0,1.0,29.621320308808105,77.40203534179065,0.02299848766097286,34.5476057069923,0.2050394200976583,16173.2208,0.9382156279828071,133.45,0.0016655508380356695,2.262859328904083e-06,0.3397495067756685,0.0,0.0,1.158663122594314,lhs_candidate_000021_june2024_preflight,pa1_candidate_000021
2024-06-16T08:00,30.7,67.0,251.0,103.0,148.0,0.5,100730.0,23.8,1.46,0.19,31.5,0.12,0,0,0,1.0,31.14450835417049,73.84950783712077,0.023820441568205387,34.49773563506772,0.2045182368570231,27294.995199999998,1.1845349779103227,213.35,0.0011946687051744948,3.5188530338083003e-06,0.33653232627792046,0.0,0.0,1.1532067296519763,lhs_candidate_000021_june2024_preflight,pa1_candidate_000021
2024-06-16T09:00,32.0,61.0,453.0,247.0,206.0,0.14,100780.0,23.6,1.85,0.34,33.0,0.119,0,1,0,1.0,32.99910351357035,64.05863787161348,0.02280509623281818,34.57895431364548,0.2036425546510278,47111.5744,1.8078127256817504,385.05,0.0027930045867453606,6.1822654703312496e-06,0.3311268805619,0.0,0.0,1.1467897716595588,lhs_candidate_000021_june2024_preflight,pa1_candidate_000021
2024-06-16T10:00,33.8,54.0,791.0,686.0,105.0,1.02,100720.0,23.2,2.42,0.61,35.1,0.119,0,1,0,1.0,35.70469591143007,55.58540162193078,0.022795544945515108,34.87290348494974,0.20214755382161825,73302.152,2.5962163728484433,672.35,0.0038366349087382125,1.0384457642677337e-05,0.3218984803803596,0.0,0.0,1.1360670319689843,lhs_candidate_000021_june2024_preflight,pa1_candidate_000021
2024-06-16T11:00,34.7,51.0,861.0,724.0,137.0,1.41,100690.0,23.2,2.7,0.68,36.5,0.118,0,1,0,1.0,37.55017916897002,49.44231490662333,0.022293330075588282,35.34022869600755,0.20022281341056392,80587.98879999999,3.2687111120483245,731.85,0.004536440648982092,1.0969742404691347e-05,0.310017366731876,0.0,0.0,1.1289826971546584,lhs_candidate_000021_june2024_preflight,pa1_candidate_000021
2024-06-16T12:00,35.3,50.0,892.0,745.0,147.0,1.62,100640.0,23.2,2.87,0.72,37.5,0.118,0,1,0,1.0,38.491667283464764,47.21590357258698,0.022333487003816526,35.855947562887295,0.19824856640375077,83667.8128,3.590860611067594,758.1999999999999,0.004849344940614109,1.0955009904634553e-05,0.29783065681327636,0.0,0.0,1.1250130435343257,lhs_candidate_000021_june2024_preflight,pa1_candidate_000021
2024-06-16T13:00,34.7,51.0,702.0,533.0,169.0,1.14,100600.0,23.2,2.7,0.57,37.5,0.117,0,1,0,1.0,37.97616559882941,47.29441994141497,0.02179274274704681,36.31691663173419,0.19650652367686675,67721.8256,3.4871194831743093,596.6999999999999,0.004414353271757663,8.425733214224224e-06,0.2870773066473256,0.0,0.0,1.1264291814948895,lhs_candidate_000021_june2024_preflight,pa1_candidate_000021
2024-06-16T14:00,34.7,50.0,678.0,461.0,217.0,1.12,100480.0,22.9,2.74,0.55,37.6,0.117,0,1,0,1.0,37.52469700850782,47.4036038616364,0.021346304743000005,36.682394134945056,0.1950398056616605,67298.58080000001,3.3958220303685267,576.3,0.004252838703865538,7.885751702322007e-06,0.278023491738645,0.0,0.0,1.1267204886366988,lhs_candidate_000021_june2024_preflight,pa1_candidate_000021
2024-06-16T15:00,34.6,51.0,601.0,384.0,217.0,1.43,100500.0,23.1,2.68,0.49,37.3,0.117,0,1,0,1.0,37.208169225012625,48.01196571617706,0.021273357332898292,36.99843523015117,0.19371616590215535,60522.5808,3.2993229739852494,510.84999999999997,0.004484178611376093,6.832219433526837e-06,0.2698528759392306,0.0,0.0,1.1280941035562806,lhs_candidate_000021_june2024_preflight,pa1_candidate_000021
2024-06-16T16:00,33.5,56.0,379.0,182.0,197.0,1.81,100540.0,23.4,2.29,0.33,36.3,0.117,0,1,0,1.0,35.812157618158224,51.80038751049006,0.021361725690257596,37.19738076206432,0.19271303289870942,40282.932799999995,2.8341567519583153,322.15,0.004826591399568561,4.330521894168054e-06,0.2636606969056137,0.0,0.0,1.1336422943798852,lhs_candidate_000021_june2024_preflight,pa1_candidate_000021
2024-06-16T17:00,32.1,61.0,167.0,39.0,128.0,0.91,100550.0,23.6,1.87,0.15,35.0,0.118,0,1,0,1.0,33.760251501158066,57.436607379002325,0.021284057397666332,37.2163806453911,0.19214124570863939,19199.3472,2.234009315152237,141.95,0.003639388037596953,2.0385526328431103e-06,0.26013114634962586,0.0,0.0,1.1413349820081662,lhs_candidate_000021_june2024_preflight,pa1_candidate_000021
2024-06-16T18:00,31.5,64.0,60.0,24.0,36.0,0.86,100610.0,23.9,1.65,0.06,33.8,0.118,1,1,0,1.0,32.30304557094127,62.134587817891855,0.021319455393714194,37.09333012624087,0.191878697809077,6546.5664,1.8314772925386515,51.0,0.003184111258905807,8.89670458370668e-07,0.2585104803029444,0.0,0.0,1.14746418238648,lhs_candidate_000021_june2024_preflight,pa1_candidate_000021
2024-06-16T19:00,30.9,67.0,0.0,0.0,0.0,0.89,100570.0,24.2,1.46,0.03,32.9,0.118,0,0,0,1.0,31.349391550485052,65.89005853648275,0.021487513811334565,36.89550468623045,0.19853355076339202,0.0,1.5631670216670615,0.0,0.0016310478722549977,2.8492949139791e-07,0.2995898195271113,0.0,0.0,1.1506002651236256,lhs_candidate_000021_june2024_preflight,pa1_candidate_000021
2024-06-16T20:00,30.4,71.0,0.0,0.0,0.0,1.0,100640.0,24.6,1.25,0.01,32.2,0.118,0,0,0,1.0,30.716178216515267,69.94208345015328,0.022047361722432244,36.66577319576889,0.1984862157892548,0.0,1.328712454600904,0.0,0.0016949118193885996,2.419575892262681e-07,0.2992976283287333,0.0,0.0,1.1538004744735593,lhs_candidate_000021_june2024_preflight,pa1_candidate_000021
2024-06-16T21:00,30.0,75.0,0.0,0.0,0.0,1.0,100700.0,25.1,1.07,0.01,31.7,0.118,0,0,0,1.0,30.266931212625785,73.95742184478668,0.022755825887264367,36.42947835124438,0.1984461344167445,0.0,1.1220348134263367,0.0,0.0016666685705942173,2.0415283475914854e-07,0.2990502124490401,0.0,0.0,1.1561977178365481,lhs_candidate_000021_june2024_preflight,pa1_candidate_000021
2024-06-16T22:00,29.7,77.0,0.0,0.0,0.0,0.99,100710.0,25.3,0.94,0.0,31.2,0.118,0,0,0,1.0,29.924901400439264,76.32087380609538,0.02305314082614767,36.19048404592136,0.19841157778175292,0.0,1.0004010046834773,0.0,0.0016283533009913904,1.8189187885869496e-07,0.2988368998873637,0.0,0.0,1.1576174699264812,lhs_candidate_000021_june2024_preflight,pa1_candidate_000021
2024-06-16T23:00,29.4,79.0,0.0,0.0,0.0,0.85,100740.0,25.4,0.84,0.0,30.9,0.118,0,0,0,1.0,29.623182760621518,78.30165504763924,0.023268141342630683,35.95104424540682,0.19838048778982817,0.0,0.9009619961716182,0.0,0.0014376701716166675,1.6370678057881713e-07,0.298644986356964,0.0,0.0,1.1591162360109808,lhs_candidate_000021_june2024_preflight,pa1_candidate_000021
2024-06-17T00:00,29.1,81.0,0.0,0.0,0.0,1.0,100710.0,25.6,0.74,0.0,30.6,0.118,0,0,0,1.0,29.324367718030445,80.22324495246858,0.02345561791117444,35.71160517921978,0.19835257380639218,0.0,0.8071643478185129,0.0,0.0016420419026504929,1.4657892098683008e-07,0.2984726778172357,0.0,0.0,1.159915807756825,lhs_candidate_000021_june2024_preflight,pa1_candidate_000021
2024-06-17T01:00,28.8,83.0,0.0,0.0,0.0,0.86,100680.0,25.7,0.67,0.0,30.3,0.118,0,0,0,1.0,29.02668080813294,82.17589924287792,0.023640538348365145,35.472187342706405,0.1983277068282286,0.0,0.7150776056796033,0.0,0.0014536874357874146,1.2978942796680556e-07,0.29831917795202834,0.0,0.0,1.1607126274940274,lhs_candidate_000021_june2024_preflight,pa1_candidate_000021
2024-06-17T02:00,28.7,87.0,0.0,0.0,0.0,0.86,100650.0,26.4,0.51,0.0,30.1,0.118,0,0,0,1.0,28.847747270659347,85.9061532098623,0.02447380483697835,35.23408673997238,0.1983067781955503,0.0,0.5596057588629946,0.0,0.0013996841089315042,1.0152668389724492e-07,0.29818998886142156,0.0,0.0,1.1610542823844963,lhs_candidate_000021_june2024_preflight,pa1_candidate_000021
2024-06-17T03:00,28.6,88.0,0.0,0.0,0.0,0.81,100610.0,26.4,0.47,0.0,29.9,0.118,0,0,0,1.0,28.738698400937825,87.47040249204493,0.024771600894020165,35.00054654435143,0.19828980428652537,0.0,0.4943660402900898,0.0,0.0013239921652468203,8.965902835050555e-08,0.2980852116452184,0.0,0.0,1.1610120917081388,lhs_candidate_000021_june2024_preflight,pa1_candidate_000021
2024-06-17T04:00,28.5,88.0,0.0,0.0,0.0,0.81,100630.0,26.3,0.47,0.0,29.7,0.118,0,0,0,1.0,28.63630657453246,87.67747897569619,0.024691785641543503,34.77215748874767,0.19827392721407755,0.0,0.48332053471245207,0.0,0.0013222582314752055,8.762697740186269e-08,0.29798720502517007,0.0,0.0,1.161636879570331,lhs_candidate_000021_june2024_preflight,pa1_candidate_000021
2024-06-17T05:00,28.4,88.0,0.0,0.0,0.0,0.95,100700.0,26.3,0.46,0.0,29.6,0.118,0,0,0,1.0,28.53387927596991,87.65456611560897,0.02454752475685991,34.54880162533856,0.19825819202390865,0.0,0.4813526084276982,0.0,0.0015166202667890067,8.724174217270922e-08,0.29789007422165836,0.0,0.0,1.1628396063552937,lhs_candidate_000021_june2024_preflight,pa1_candidate_000021
2024-06-17T06:00,28.5,87.0,22.0,11.0,11.0,0.95,100740.0,26.2,0.49,0.01,29.6,0.118,1,0,0,1.0,28.60745634982509,87.29231156824723,0.024544592505061733,34.33846530914489,0.19821946038157898,2323.0063999999998,0.49759511246040544,18.7,0.00149945394088716,3.441023508276435e-07,0.2976509900097468,0.0,0.0,1.1630178627954217,lhs_candidate_000021_june2024_preflight,pa1_candidate_000021
2024-06-17T07:00,29.6,78.0,171.0,115.0,56.0,0.82,100770.0,25.4,0.9,0.12,30.5,0.118,0,0,0,1.0,29.69599740996108,83.52753695617164,0.02491922020384033,34.19779834893634,0.20474321915499707,17018.214399999997,0.6868420219175428,145.35,0.0013060012745403566,2.3824962213998053e-06,0.3379211058950437,0.0,0.0,1.1591826419303761,lhs_candidate_000021_june2024_preflight,pa1_candidate_000021
2024-06-17T08:00,31.3,66.0,372.0,277.0,95.0,0.54,100820.0,24.3,1.53,0.27,32.2,0.117,0,1,0,1.0,31.83158161117478,74.21130695672342,0.024832413842750773,34.20697525511472,0.20407424291036652,36078.328,1.2145726790837443,316.2,0.0026880682388538443,5.0628520316894395e-06,0.33379162290349706,0.0,0.0,1.1516367880386984,lhs_candidate_000021_june2024_preflight,pa1_candidate_000021
2024-06-17T09:00,32.9,58.0,613.0,505.0,108.0,0.2,100760.0,23.5,2.09,0.46,34.1,0.117,0,1,0,1.0,34.31879405137915,60.92482831561362,0.02324730004733942,34.406513894039584,0.20287671758040832,57743.699199999995,2.115689114900216,521.05,0.0030668167680950134,8.180748372484986e-06,0.3263994912370884,0.0,0.0,1.1416410153827663,lhs_candidate_000021_june2024_preflight,pa1_candidate_000021
2024-06-17T10:00,34.0,53.0,709.0,582.0,127.0,0.5,100750.0,23.2,2.49,0.55,35.7,0.117,0,1,0,1.0,36.195745281210904,53.56550534577527,0.022531478951999716,34.75700108399111,0.20130590997399342,66860.1648,2.7884384908923514,602.65,0.0035698024910810425,9.246612406549025e-06,0.31670314798761373,0.0,0.0,1.134601508043634,lhs_candidate_000021_june2024_preflight,pa1_candidate_000021
2024-06-17T11:00,34.7,51.0,795.0,669.0,126.0,1.03,100680.0,23.1,2.71,0.63,36.7,0.116,0,1,0,1.0,37.42498463820778,49.74811361484636,0.02228829377618783,35.1887721890893,0.19956848776878838,74392.9824,3.226938978171822,675.75,0.004141589012643777,1.0035762261224225e-05,0.30597831956042215,0.0,0.0,1.129325626649594,lhs_candidate_000021_june2024_preflight,pa1_candidate_000021
2024-06-17T12:00,34.9,51.0,825.0,687.0,138.0,1.35,100650.0,23.2,2.75,0.66,37.4,0.116,0,1,0,1.0,38.02141340042076,48.203783604824984,0.022262941506737126,35.6640046325554,0.1977596861360775,77455.1712,3.43534890189353,701.25,0.004557433285945732,1.0049976698765134e-05,0.29481287738319445,0.0,0.0,1.126825160150125,lhs_candidate_000021_june2024_preflight,pa1_candidate_000021
2024-06-17T13:00,34.6,52.0,704.0,466.0,238.0,1.7,100590.0,23.3,2.63,0.58,37.4,0.116,0,1,0,1.0,37.671992063053565,48.17811497519997,0.021858703781135407,36.10089867566404,0.19610468177199855,70325.41119999999,3.372649830323118,598.4,0.004905011218820344,8.355186521511153e-06,0.2845968010617195,0.0,0.0,1.127419435783224,lhs_candidate_000021_june2024_preflight,pa1_candidate_000021
2024-06-17T14:00,35.0,51.0,647.0,410.0,237.0,1.57,100540.0,23.2,2.77,0.54,37.4,0.116,0,1,0,1.0,37.5503268109941,48.324299668495925,0.02178938591521866,36.461983544712155,0.1946809513638816,65274.2288,3.3410210239151743,549.9499999999999,0.004615942643117425,7.482095663191999e-06,0.27580834175235563,0.0,0.0,1.127300292322753,lhs_candidate_000021_june2024_preflight,pa1_candidate_000021
2024-06-17T15:00,32.0,66.0,437.0,187.0,250.0,1.4,100470.0,24.7,1.63,0.35,36.3,0.137,0,1,0,1.0,35.22152731764027,58.22204752035265,0.023286173254793183,36.709801329375914,0.1935628188567444,47251.6,2.3779558041226547,371.45,0.00464399207147891,4.946982812537633e-06,0.26890628923916293,0.0,0.0,1.1350227834866478,lhs_candidate_000021_june2024_preflight,pa1_candidate_000021
2024-06-17T16:00,32.3,63.0,229.0,79.0,150.0,1.78,100520.0,24.3,1.81,0.22,34.7,0.137,0,1,0,1.0,33.60437145490779,60.617345418712475,0.02227947776489174,36.763308724399856,0.1928799498808734,25429.36,2.0491584684027213,194.65,0.004497944310815775,2.6810437523489133e-06,0.2646910486473667,0.0,0.0,1.1415742612082382,lhs_candidate_000021_june2024_preflight,pa1_candidate_000021
2024-06-17T17:00,31.9,65.0,149.0,62.0,87.0,1.12,100530.0,24.5,1.65,0.14,34.1,0.137,0,1,0,1.0,32.873114126148636,63.14456024053301,0.022330493748467774,36.70645174823958,0.19247616635386078,16172.868799999998,1.840729260659299,126.64999999999999,0.0035592982062142633,1.808957555537437e-06,0.2621985577398814,0.0,0.0,1.144415947476617,lhs_candidate_000021_june2024_preflight,pa1_candidate_000021
2024-06-17T18:00,31.6,66.0,62.0,23.0,39.0,0.99,100550.0,24.4,1.58,0.06,33.3,0.137,1,1,0,1.0,32.19960316252223,64.8023529165887,0.02211294857403029,36.584892832736394,0.1922331046131235,6828.1136,1.6925385869172227,52.699999999999996,0.0032254602656419627,8.953851265720189e-07,0.26069817662421924,0.0,0.0,1.1471683694599584,lhs_candidate_000021_june2024_preflight,pa1_candidate_000021
2024-06-17T19:00,31.1,69.0,0.0,0.0,0.0,0.99,100660.0,24.8,1.39,0.03,32.5,0.136,0,0,0,1.0,31.489844821036442,68.05729108506982,0.02236158081830998,36.40636892374861,0.1988885441638299,0.0,1.475563820395419,0.0,0.0017230878408816945,2.7092872659115773e-07,0.3017811368137648,0.0,0.0,1.1510989807701024,lhs_candidate_000021_june2024_preflight,pa1_candidate_000021
2024-06-17T20:00,30.8,71.0,0.0,0.0,0.0,0.71,100720.0,25.0,1.27,0.0,32.0,0.136,0,0,0,1.0,31.021063847019118,70.57223219755149,0.022613199530180927,36.19939467850152,0.19884249335011348,0.0,1.3236558492509838,0.0,0.001252030627211859,2.428079275107087e-07,0.3014968725315647,0.0,0.0,1.1535602146240125,lhs_candidate_000021_june2024_preflight,pa1_candidate_000021
2024-06-17T21:00,30.5,73.0,0.0,0.0,0.0,0.72,100740.0,25.1,1.17,0.0,31.6,0.136,0,0,0,1.0,30.706213874014328,72.5927820208854,0.022870667850623805,35.9895230644385,0.19880071257861878,0.0,1.2108495580981486,0.0,0.0012535776324888186,2.2192503855876284e-07,0.30123896653468385,0.0,0.0,1.1549848117046173,lhs_candidate_000021_june2024_preflight,pa1_candidate_000021
2024-06-17T22:00,30.1,76.0,0.0,0.0,0.0,1.0,100780.0,25.3,1.04,0.01,31.2,0.136,0,0,0,1.0,30.34649695287673,75.17903829412482,0.023231175627229997,35.77785330791642,0.19876294355800408,0.0,1.074282286480022,0.0,0.001654655910178366,1.9674254340823959e-07,0.301005824432124,0.0,0.0,1.1568128925277799,lhs_candidate_000021_june2024_preflight,pa1_candidate_000021
2024-06-17T23:00,29.8,78.0,0.0,0.0,0.0,0.99,100780.0,25.6,0.91,0.0,30.9,0.136,0,0,0,1.0,30.013157443874203,77.3486157750602,0.023475337662553733,35.56358144984361,0.19872949266981582,0.0,0.9618385415566522,0.0,0.0016212741732769813,1.7602891753011648e-07,0.3007993374679989,0.0,0.0,1.1580848526328742,lhs_candidate_000021_june2024_preflight,pa1_candidate_000021
2024-06-18T00:00,29.5,80.0,0.0,0.0,0.0,1.06,100730.0,25.6,0.83,0.0,30.7,0.136,0,0,0,1.0,29.71149344263291,79.2950771977696,0.023676398616131182,35.3481025158715,0.19869944064880898,0.0,0.864089638442568,0.0,0.0017174855974557586,1.5804207508226785e-07,0.30061383116548757,0.0,0.0,1.15866322536192,lhs_candidate_000021_june2024_preflight,pa1_candidate_000021
2024-06-18T01:00,29.2,81.0,0.0,0.0,0.0,0.89,100710.0,25.7,0.75,0.0,30.4,0.136,0,0,0,1.0,29.41399863702075,80.44947869738537,0.02363657304058131,35.13180508635841,0.19867209342031356,0.0,0.8020631704979944,0.0,0.0014854104936924653,1.4661505022306604e-07,0.30044502111304666,0.0,0.0,1.1595721967513222,lhs_candidate_000021_june2024_preflight,pa1_candidate_000021
2024-06-18T02:00,28.8,83.0,0.0,0.0,0.0,0.98,100610.0,25.7,0.66,0.0,30.1,0.136,0,0,0,1.0,29.056869813356705,82.10285994431226,0.02365839235918594,34.91413324004018,0.19864699354767468,0.0,0.7192611767383923,0.0,0.0016342510779503504,1.3141125941377946e-07,0.3002900836276215,0.0,0.0,1.1597897473673822,lhs_candidate_000021_june2024_preflight,pa1_candidate_000021
2024-06-18T03:00,28.7,84.0,0.0,0.0,0.0,0.98,100520.0,25.7,0.63,0.0,29.9,0.136,0,0,0,1.0,28.842155511369153,83.53025688093254,0.02378967863942452,34.69536393215235,0.19862453883024864,0.0,0.6537308065648286,0.0,0.0015642270361931087,1.1938352540082068e-07,0.3001514742607941,0.0,0.0,1.159576129959609,lhs_candidate_000021_june2024_preflight,pa1_candidate_000021
2024-06-18T04:00,28.6,84.0,0.0,0.0,0.0,0.98,100510.0,25.7,0.61,0.0,29.7,0.136,0,0,0,1.0,28.728676620241824,83.75518484625881,0.023706478270926926,34.480090139087864,0.19860335669935858,0.0,0.6405813011285457,0.0,0.0015558092542495698,1.1693121817817204e-07,0.30002072036641103,0.0,0.0,1.1598966238682922,lhs_candidate_000021_june2024_preflight,pa1_candidate_000021
2024-06-18T05:00,28.5,85.0,0.0,0.0,0.0,0.82,100540.0,25.7,0.59,0.0,29.6,0.136,0,0,0,1.0,28.626528072097635,84.60039419767911,0.02381248971516415,34.26929530081153,0.19858285098863862,0.0,0.6036694330378105,0.0,0.001328927771388291,1.1014686368464176e-07,0.2998941419051767,0.0,0.0,1.1606355586247896,lhs_candidate_000021_june2024_preflight,pa1_candidate_000021
2024-06-18T06:00,28.4,85.0,21.0,10.0,11.0,1.1,100630.0,25.7,0.58,0.02,29.5,0.135,1,0,0,1.0,28.57915989064388,84.90256691826345,0.023835761566802068,34.069533141175604,0.19854138327543513,2235.0063999999998,0.5902015067623441,17.849999999999998,0.0017558850464413913,3.5166035550149817e-07,0.29963816836688356,0.0,0.0,1.161856890442247,lhs_candidate_000021_june2024_preflight,pa1_candidate_000021
2024-06-18T07:00,29.7,76.0,181.0,125.0,56.0,1.2,100680.0,25.1,0.99,0.13,30.8,0.135,0,0,0,1.0,29.74214462131183,80.492997191749,0.024074022040007036,33.94013649901512,0.20504929210924538,17898.214399999997,0.8155316439740288,153.85,0.001825935521979112,2.5542252237133933e-06,0.3398104451187987,0.0,0.0,1.1579708994656892,lhs_candidate_000021_june2024_preflight,pa1_candidate_000021
2024-06-18T08:00,31.4,65.0,398.0,318.0,80.0,1.12,100730.0,24.0,1.62,0.3,32.3,0.135,0,1,0,1.0,31.98582661549634,68.72872826541868,0.023187586785828752,33.971497278377875,0.20432740228535498,37838.592000000004,1.485688272827379,338.3,0.0033805172556834384,5.480063691507712e-06,0.33535433509478385,0.0,0.0,1.1500271165219762,lhs_candidate_000021_june2024_preflight,pa1_candidate_000021
2024-06-18T09:00,32.6,59.0,590.0,488.0,102.0,1.04,100770.0,23.5,2.03,0.45,33.9,0.134,0,1,0,1.0,34.12626146492539,60.15571104641166,0.022723702604488305,34.18063126597103,0.2031172678086584,55508.6048,2.1343666624460034,501.5,0.0037074858083868826,7.92918551456271e-06,0.32788436918924946,0.0,0.0,1.1424697166715243,lhs_candidate_000021_june2024_preflight,pa1_candidate_000021
2024-06-18T10:00,33.6,55.0,751.0,638.0,113.0,0.89,100720.0,23.2,2.35,0.58,35.3,0.134,0,1,0,1.0,35.90207520863421,54.87523891622028,0.022735170222995822,34.53633141387611,0.20152054159606292,70063.6112,2.6664906864690856,638.35,0.003876407573463034,9.779781694931556e-06,0.3180280345435983,0.0,0.0,1.135341471034972,lhs_candidate_000021_june2024_preflight,pa1_candidate_000021
2024-06-18T11:00,34.5,52.0,858.0,729.0,129.0,0.73,100620.0,23.1,2.64,0.67,36.7,0.133,0,1,0,1.0,37.36733840111793,50.92857149775345,0.022750064239620702,35.00033296380617,0.19966713141099243,80042.5296,3.141285384279429,729.3,0.0039689466159557076,1.078892550820652e-05,0.3065872309320521,0.0,0.0,1.1288621374085748,lhs_candidate_000021_june2024_preflight,pa1_candidate_000021
2024-06-18T12:00,34.8,51.0,758.0,622.0,136.0,0.22,100560.0,23.1,2.75,0.6,37.2,0.132,0,1,0,1.0,37.8447141716665,48.96588180924575,0.02241249237872445,35.47874496763663,0.19786112409522602,71488.8064,3.352601252721559,644.3,0.003816032823566344,9.288683896128066e-06,0.295439037624852,0.0,0.0,1.1264572275598497,lhs_candidate_000021_june2024_preflight,pa1_candidate_000021
2024-06-18T13:00,35.2,51.0,778.0,578.0,200.0,0.45,100480.0,23.4,2.8,0.62,37.6,0.131,0,1,0,1.0,38.17901650752724,48.83286507438205,0.02273484972494397,35.92578995217577,0.19619728669704647,75500.48,3.4226483966249024,661.3,0.0038603651410527955,9.199142803414184e-06,0.28516843640152145,0.0,0.0,1.1243524627008898,lhs_candidate_000021_june2024_preflight,pa1_candidate_000021
2024-06-18T14:00,34.9,52.0,694.0,574.0,120.0,1.1,100410.0,23.7,2.66,0.56,37.5,0.13,0,1,0,1.0,37.94628911645382,48.54072351650259,0.02233305521347019,36.34340520563564,0.19465111279219224,65293.888000000006,3.399163902230967,589.9,0.0043069903206105166,7.989307934741553e-06,0.27562415303822374,0.0,0.0,1.124409704337009,lhs_candidate_000021_june2024_preflight,pa1_candidate_000021
2024-06-18T15:00,34.1,56.0,514.0,370.0,144.0,0.99,100330.0,24.0,2.36,0.42,36.9,0.129,0,1,0,1.0,36.80914502958337,51.89975274808076,0.022530573215499866,36.6522809433287,0.1934093564593599,50298.2656,2.9869669731331374,436.9,0.004104585353720461,5.829128219787675e-06,0.26795899048987587,0.0,0.0,1.1276356738605475,lhs_candidate_000021_june2024_preflight,pa1_candidate_000021
2024-06-18T16:00,33.3,59.0,393.0,277.0,116.0,1.17,100340.0,24.2,2.1,0.32,36.1,0.129,0,1,0,1.0,35.48561137407573,55.31665500876732,0.02242938557635568,36.82928888058432,0.19248935461553815,38665.1584,2.580624900696094,334.05,0.004085812731752843,4.409808522942928e-06,0.2622799667625812,0.0,0.0,1.1325842308177085,lhs_candidate_000021_june2024_preflight,pa1_candidate_000021
2024-06-18T17:00,32.8,62.0,236.0,172.0,64.0,1.12,100370.0,24.4,1.91,0.19,35.2,0.129,0,1,0,1.0,34.30145502008768,59.15432317785096,0.022551262990423166,36.88666927327886,0.19184966424203903,23019.673600000002,2.2094223090865936,200.6,0.003779871504060203,2.7119542214829997e-06,0.25833126075332735,0.0,0.0,1.1372863332111325,lhs_candidate_000021_june2024_preflight,pa1_candidate_000021
2024-06-18T18:00,32.3,64.0,85.0,52.0,33.0,0.64,100430.0,24.6,1.74,0.06,34.2,0.129,1,1,0,1.0,33.18689195709391,62.19235336942341,0.02236126273227197,36.8232518723311,0.1915033278132592,8641.0192,1.921807950622739,72.25,0.0030120827613235555,1.1442000043737584e-06,0.2561933815633285,0.0,0.0,1.1421065171202123,lhs_candidate_000021_june2024_preflight,pa1_candidate_000021
2024-06-18T19:00,31.5,70.0,0.0,0.0,0.0,0.41,100530.0,25.3,1.41,0.02,33.2,0.129,0,1,0,1.0,32.05198663082722,68.09559833917181,0.023055023583920045,36.664220050761344,0.1981322677536747,0.0,1.521444786445418,0.0,0.002592097693405855,2.7503152262378615e-07,0.29711276391157226,0.0,0.0,1.1474949294024257,lhs_candidate_000021_june2024_preflight,pa1_candidate_000021
2024-06-18T20:00,31.1,73.0,0.0,0.0,0.0,0.82,100630.0,25.6,1.22,0.0,32.5,0.129,0,0,0,1.0,31.3788497268743,72.17173468205681,0.023573158781664792,36.460511465625274,0.1980872803399754,0.0,1.2774294386184777,0.0,0.0014349911155682469,2.3070504341830677e-07,0.29683506382700875,0.0,0.0,1.1511753444073054,lhs_candidate_000021_june2024_preflight,pa1_candidate_000021
2024-06-18T21:00,30.8,75.0,0.0,0.0,0.0,1.3,100660.0,25.8,1.12,0.01,32.0,0.129,0,0,0,1.0,31.009270988616727,74.39028759732682,0.02382153226352569,36.25050651446082,0.19804797551079115,0.0,1.1511473567571833,0.0,0.0020549333507310957,2.077284435051183e-07,0.29659244142463675,0.0,0.0,1.1529177254261016,lhs_candidate_000021_june2024_preflight,pa1_candidate_000021
2024-06-18T22:00,30.5,75.0,0.0,0.0,0.0,0.89,100700.0,25.7,1.07,0.0,31.7,0.129,0,0,0,1.0,30.7047638735142,74.78976613328194,0.023561000258952528,36.038734087623126,0.19801133226225015,0.0,1.1136947653644746,0.0,0.0014787568578546748,2.0081672889568714e-07,0.29636624853240834,0.0,0.0,1.1545317208422596,lhs_candidate_000021_june2024_preflight,pa1_candidate_000021
2024-06-18T23:00,30.2,77.0,0.0,0.0,0.0,0.76,100680.0,25.8,0.98,0.0,31.3,0.129,0,0,0,1.0,30.40791482003748,76.44543641062006,0.023700839439867095,35.826019121656785,0.19797653195620973,0.0,1.0230585573926865,0.0,0.001307229061033409,1.8433987832529483e-07,0.29615143182845516,0.0,0.0,1.1554312110628586,lhs_candidate_000021_june2024_preflight,pa1_candidate_000021
2024-06-19T00:00,30.0,79.0,0.0,0.0,0.0,0.81,100660.0,26.0,0.88,0.0,31.0,0.129,0,0,0,1.0,30.16959823834618,78.46707965365002,0.024016905151287214,35.613081126872224,0.1979450158309215,0.0,0.9225813363855262,0.0,0.001346044729843541,1.6612618196466058e-07,0.29595688784519447,0.0,0.0,1.1561093213630824,lhs_candidate_000021_june2024_preflight,pa1_candidate_000021
2024-06-19T01:00,29.7,82.0,0.0,0.0,0.0,0.81,100580.0,26.2,0.77,0.0,30.8,0.129,0,0,0,1.0,29.907378414942116,81.11949671155364,0.02447937655481975,35.40092617567038,0.19791707704603337,0.0,0.796865894720141,0.0,0.00137322347281794,1.4340540181729876e-07,0.29578442621008255,0.0,0.0,1.1561900245326024,lhs_candidate_000021_june2024_preflight,pa1_candidate_000021
2024-06-19T02:00,29.3,84.0,0.0,0.0,0.0,0.91,100560.0,26.3,0.64,0.0,30.5,0.129,0,0,0,1.0,29.55410814198109,83.10344785676385,0.024602708292316353,35.18763742386173,0.19789293013255016,0.0,0.6987985386898554,0.0,0.0015381152825409167,1.2569365333966392e-07,0.29563537118858124,0.0,0.0,1.1573091811072065,lhs_candidate_000021_june2024_preflight,pa1_candidate_000021
2024-06-19T03:00,29.2,84.0,0.0,0.0,0.0,0.9,100510.0,26.3,0.64,0.0,30.2,0.129,0,0,0,1.0,29.339447463410792,83.72947262884996,0.024500834800046237,34.97313989770502,0.19787105033495916,0.0,0.6646394110335536,0.0,0.0014496283843618597,1.1949479795701965e-07,0.2955003107096245,0.0,0.0,1.1575546213789834,lhs_candidate_000021_june2024_preflight,pa1_candidate_000021
2024-06-19T04:00,29.1,85.0,0.0,0.0,0.0,1.0,100510.0,26.3,0.6,0.0,29.9,0.129,0,0,0,1.0,29.225629953542622,84.58113379543377,0.024597387190006703,34.76198334675509,0.19785011772424188,0.0,0.6257291774635059,0.0,0.0015822783786769356,1.1244997671966738e-07,0.2953710970632215,0.0,0.0,1.1579903376586387,lhs_candidate_000021_june2024_preflight,pa1_candidate_000021
2024-06-19T05:00,29.0,85.0,0.0,0.0,0.0,1.0,100500.0,26.2,0.6,0.0,29.7,0.129,0,0,0,1.0,29.122765496303405,84.75291964166352,0.024509792456236374,34.555153028770086,0.19783012488129392,0.0,0.6150952590574073,0.0,0.0015805353628250962,1.1049276644631624e-07,0.29524768445243166,0.0,0.0,1.158269155073915,lhs_candidate_000021_june2024_preflight,pa1_candidate_000021
2024-06-19T06:00,29.1,84.0,17.0,2.0,15.0,1.14,100630.0,26.1,0.64,0.02,29.5,0.129,1,0,0,1.0,29.183474732973394,84.256495388482,0.024446857750687435,34.3592127664543,0.19779248964995097,2023.7359999999999,0.6373514983555673,14.45,0.0017600755775204408,3.089271588673326e-07,0.2950153682095739,0.0,0.0,1.159534529796681,lhs_candidate_000021_june2024_preflight,pa1_candidate_000021
2024-06-19T07:00,29.6,80.0,141.0,43.0,98.0,1.3,100650.0,25.8,0.84,0.11,30.7,0.128,0,0,0,1.0,29.845953321284515,82.0878288041232,0.024689391497528117,34.21907810758473,0.20435511396205203,15855.8752,0.753335411461074,119.85,0.002072632830103819,1.988759633272861e-06,0.33552539482748167,0.0,0.0,1.1572292431485711,lhs_candidate_000021_june2024_preflight,pa1_candidate_000021
2024-06-19T08:00,31.1,69.0,311.0,159.0,152.0,1.5,100650.0,24.6,1.41,0.25,31.8,0.128,0,0,0,1.0,31.528905790924632,73.12352140955528,0.024076390452825547,34.198936612666344,0.20379329330171347,32715.7248,1.2442875015058958,264.34999999999997,0.002431540517915733,4.256902473549425e-06,0.3320573660599597,0.0,0.0,1.1508370651025037,lhs_candidate_000021_june2024_preflight,pa1_candidate_000021
2024-06-19T09:00,32.4,61.0,452.0,195.0,257.0,1.5,100620.0,23.8,1.91,0.36,33.2,0.128,0,1,0,1.0,33.431431280969115,62.073468393814785,0.022608005209587046,34.31982202207101,0.20285786462835087,48817.8768,1.9544155660739815,384.2,0.004047442722424725,6.108278282929946e-06,0.3262831149898202,0.0,0.0,1.143354523675181,lhs_candidate_000021_june2024_preflight,pa1_candidate_000021
2024-06-19T10:00,33.6,55.0,643.0,364.0,279.0,1.4,100570.0,23.4,2.33,0.51,34.8,0.127,0,1,0,1.0,35.34312261503195,55.30101663273215,0.02225795452856078,34.582824850500934,0.20154675670035088,66399.8896,2.561338474096993,546.55,0.004175125441771518,8.431508251789221e-06,0.31818985617500545,0.0,0.0,1.1357046720460628,lhs_candidate_000021_june2024_preflight,pa1_candidate_000021
2024-06-19T11:00,34.5,52.0,737.0,377.0,360.0,0.91,100510.0,23.4,2.6,0.59,36.2,0.126,0,1,0,1.0,36.88364065890244,51.430273769691006,0.022412256861322047,34.96639868694439,0.1999416076036198,77521.66399999999,3.0283978980349127,626.4499999999999,0.003920782742359811,9.380542981415411e-06,0.30828152841740614,0.0,0.0,1.1293873048275997,lhs_candidate_000021_june2024_preflight,pa1_candidate_000021
2024-06-19T12:00,35.2,50.0,832.0,510.0,322.0,0.81,100420.0,23.2,2.84,0.66,37.2,0.126,0,1,0,1.0,38.07689179526603,48.60020625687971,0.022509428347674252,35.427320749908695,0.19817611197049148,84544.7328,3.419294836625046,707.1999999999999,0.0040233925798041,1.0215441709972253e-05,0.2973834072252561,0.0,0.0,1.1240497939756797,lhs_candidate_000021_june2024_preflight,pa1_candidate_000021
2024-06-19T13:00,34.8,51.0,617.0,324.0,293.0,0.71,100390.0,23.3,2.7,0.5,37.1,0.125,0,1,0,1.0,37.727860650103736,48.070939903553324,0.021872277729393007,35.85323375219783,0.19658597249008905,64604.4432,3.389872471196656,524.4499999999999,0.003977383979192457,7.475034260377607e-06,0.2875677314203028,0.0,0.0,1.1249756140937375,lhs_candidate_000021_june2024_preflight,pa1_candidate_000021
2024-06-19T14:00,35.1,50.0,620.0,245.0,375.0,0.0,100320.0,23.1,2.83,0.48,37.2,0.124,0,1,0,1.0,37.56621696476647,48.59159507533893,0.021927681932424656,36.19061364333696,0.19525876987813195,67753.4,3.3266056628518066,527.0,0.003553929152502794,7.283829954019476e-06,0.27937512270451825,0.0,0.0,1.1247760276313994,lhs_candidate_000021_june2024_preflight,pa1_candidate_000021
2024-06-19T15:00,34.4,52.0,416.0,154.0,262.0,0.4,100290.0,23.2,2.61,0.33,36.7,0.124,0,1,0,1.0,36.707259537577066,49.42739362439782,0.021345340447684467,36.45074835130425,0.1941620496781978,45825.788799999995,3.1230870775323623,353.59999999999997,0.0035703463518682622,4.916574276382303e-06,0.272605244927147,0.0,0.0,1.1275567380623324,lhs_candidate_000021_june2024_preflight,pa1_candidate_000021
2024-06-19T16:00,31.4,69.0,176.0,17.0,159.0,0.51,100310.0,25.0,1.44,0.15,35.0,0.136,0,1,0,1.0,33.74528846626209,62.272011724495314,0.023057766140160675,36.52466539702558,0.19352587287361217,21082.0016,1.978563116922008,149.6,0.0036473016282077752,2.1575660301628316e-06,0.26867822761488996,0.0,0.0,1.1386662755505772,lhs_candidate_000021_june2024_preflight,pa1_candidate_000021
2024-06-19T17:00,31.0,71.0,93.0,6.0,87.0,0.51,100290.0,25.1,1.31,0.09,33.5,0.143,0,1,0,1.0,31.893968130137218,68.94012803798266,0.023145402401208257,36.428010992493654,0.19322586454323062,11244.868799999998,1.4680013613427052,79.05,0.002911417935284927,1.2008110104266259e-06,0.2668263243409298,0.0,0.0,1.1453484655696302,lhs_candidate_000021_june2024_preflight,pa1_candidate_000021
2024-06-19T18:00,30.5,71.0,43.0,7.0,36.0,0.72,100360.0,24.6,1.27,0.05,32.4,0.147,1,1,0,1.0,31.07088759078043,69.79313750027163,0.02242338692797029,36.26532474750964,0.1930584378031576,5050.5664,1.3625575106078434,36.55,0.002898496773981343,6.636440484930005e-07,0.26579282594541725,0.0,0.0,1.14924883545186,lhs_candidate_000021_june2024_preflight,pa1_candidate_000021
2024-06-19T19:00,30.0,73.0,0.0,0.0,0.0,0.71,100400.0,24.7,1.14,0.02,31.5,0.147,0,0,0,1.0,30.382376906072693,72.23453925058132,0.022364507161577674,36.06145708966743,0.1997423996870652,0.0,1.2041928330567462,0.0,0.001371982368276642,2.2496384373679994e-07,0.30705184992015555,0.0,0.0,1.152314797171107,lhs_candidate_000021_june2024_preflight,pa1_candidate_000021
2024-06-19T20:00,29.8,75.0,0.0,0.0,0.0,0.94,100480.0,25.0,1.04,0.0,31.1,0.148,0,0,0,1.0,29.991505854311104,74.47291335754727,0.022576121216900457,35.83691158684339,0.19970405045772904,0.0,1.082603298671608,0.0,0.001538979962169525,2.020929113530884e-07,0.3068151262822781,0.0,0.0,1.1547199563913038,lhs_candidate_000021_june2024_preflight,pa1_candidate_000021
2024-06-19T21:00,29.6,78.0,0.0,0.0,0.0,1.08,100570.0,25.3,0.92,0.0,30.7,0.148,0,0,0,1.0,29.770883880126785,77.30151603427036,0.023155521511670378,35.61248913881424,0.19966985612124452,0.0,0.9505267154297949,0.0,0.0017225443373538674,1.7731569656029668e-07,0.30660405013113906,0.0,0.0,1.156595993515639,lhs_candidate_000021_june2024_preflight,pa1_candidate_000021
2024-06-19T22:00,29.5,81.0,0.0,0.0,0.0,0.73,100620.0,25.8,0.8,0.0,30.5,0.148,0,0,0,1.0,29.630098745083462,80.31461861443967,0.023875264596875282,35.39071224881929,0.1996402132050883,0.0,0.8177046300417006,0.0,0.0012071320446693501,1.524474091217993e-07,0.3064210691672117,0.0,0.0,1.1577090693303027,lhs_candidate_000021_june2024_preflight,pa1_candidate_000021
2024-06-19T23:00,29.3,83.0,0.0,0.0,0.0,1.0,100600.0,26.1,0.68,0.0,30.3,0.148,0,0,0,1.0,29.465827963486728,82.3693736628484,0.02426884766099302,35.17273420169609,0.19961440883788942,0.0,0.7254616811151151,0.0,0.0016068156460661408,1.3517994078160793e-07,0.3062617829499347,0.0,0.0,1.1581072755368869,lhs_candidate_000021_june2024_preflight,pa1_candidate_000021
2024-06-20T00:00,29.2,84.0,0.0,0.0,0.0,0.95,100510.0,26.3,0.63,0.0,30.1,0.147,0,0,0,1.0,29.329015108628372,83.60085080324431,0.024449333854496557,34.957764134971846,0.19959110707839484,0.0,0.6694907889577779,0.0,0.0015132585373882693,1.2469193450448265e-07,0.3061179449283632,0.0,0.0,1.1575945448774316,lhs_candidate_000021_june2024_preflight,pa1_candidate_000021
2024-06-20T01:00,29.0,86.0,0.0,0.0,0.0,0.63,100460.0,26.4,0.56,0.0,29.8,0.148,0,0,0,1.0,29.166547179125118,85.31656972233706,0.02473164898789845,34.74639681956655,0.19956985428874655,0.0,0.5938555749040533,0.0,0.0011052761159870968,1.1055755687038056e-07,0.3059867548688059,0.0,0.0,1.157640477880779,lhs_candidate_000021_june2024_preflight,pa1_candidate_000021
2024-06-20T02:00,29.0,85.0,0.0,0.0,0.0,0.71,100410.0,26.2,0.61,0.0,29.7,0.147,0,0,0,1.0,29.088792562920045,85.15586038094338,0.024580819563911723,34.53848542943355,0.19955016988819585,0.0,0.5976662871907923,0.0,0.0011453712359700246,1.112228091427296e-07,0.3058652462234312,0.0,0.0,1.157361976930712,lhs_candidate_000021_june2024_preflight,pa1_candidate_000021
2024-06-20T03:00,28.9,86.0,0.0,0.0,0.0,0.91,100390.0,26.3,0.56,0.0,29.4,0.147,0,0,0,1.0,29.017979773058194,85.62140196222516,0.02462007653827293,34.336167510310354,0.1995303374893832,0.0,0.5765589967044042,0.0,0.0014493550310688327,1.0725189969891563e-07,0.3057428240085383,0.0,0.0,1.1574026223945395,lhs_candidate_000021_june2024_preflight,pa1_candidate_000021
2024-06-20T04:00,28.8,87.0,0.0,0.0,0.0,0.9,100400.0,26.4,0.52,0.0,29.2,0.147,0,0,0,1.0,28.91994894824836,86.5810012381969,0.024763365931109015,34.13834186250982,0.19951172443021015,0.0,0.5350401977231916,0.0,0.001436551572908417,9.949114231898993e-08,0.30562792858154414,0.0,0.0,1.1578935625579492,lhs_candidate_000021_june2024_preflight,pa1_candidate_000021
2024-06-20T05:00,28.7,88.0,0.0,0.0,0.0,0.91,100400.0,26.4,0.48,0.0,29.1,0.148,0,0,0,1.0,28.819312033230922,87.55951950703056,0.024906169232535857,33.944568318482446,0.19949452120849942,0.0,0.49314568173215667,0.0,0.0014503058909185384,9.166896223305907e-08,0.3055217358549347,0.0,0.0,1.158279452220941,lhs_candidate_000021_june2024_preflight,pa1_candidate_000021
2024-06-20T06:00,28.6,89.0,12.0,0.0,12.0,1.12,100420.0,26.5,0.44,0.02,29.2,0.148,1,0,0,1.0,28.748957865050468,88.61934825415838,0.025111041518254357,33.758434932407155,0.1994659758738877,1478.1888,0.44930021614527504,10.2,0.0017675185652416988,2.2559143484416191e-07,0.30534553008572657,0.0,0.0,1.1587801629926022,lhs_candidate_000021_june2024_preflight,pa1_candidate_000021
2024-06-20T07:00,28.8,86.0,79.0,4.0,75.0,1.2,100470.0,26.3,0.54,0.07,29.6,0.149,0,0,0,1.0,29.010944266522955,87.21933069784541,0.025069944389187394,33.602976991571275,0.20611106699489234,9590.68,0.5122762868953457,67.14999999999999,0.0019141963710401532,1.169273556256141e-06,0.3463646110795824,0.0,0.0,1.1583519178288293,lhs_candidate_000021_june2024_preflight,pa1_candidate_000021
2024-06-20T08:00,29.6,80.0,217.0,50.0,167.0,1.17,100540.0,25.7,0.84,0.17,30.3,0.152,0,0,0,1.0,29.998874411364287,83.34672388155028,0.02527624290960961,33.52767310822159,0.205731929590027,24971.4608,0.7065637218264529,184.45,0.001966810574502676,3.0434614812333822e-06,0.3440242567285618,0.0,0.0,1.1553813944350193,lhs_candidate_000021_june2024_preflight,pa1_candidate_000021
2024-06-20T09:00,30.1,76.0,293.0,55.0,238.0,0.71,100550.0,25.4,1.01,0.23,30.7,0.155,0,1,0,1.0,30.964638006134514,76.75017355282,0.024518444033409106,33.54512793784176,0.20508917187205936,34157.411199999995,1.0424189195455766,249.04999999999998,0.0030674128335943214,4.080269507230226e-06,0.34005661649419355,0.0,0.0,1.1518268527677056,lhs_candidate_000021_june2024_preflight,pa1_candidate_000021
2024-06-20T10:00,30.2,76.0,233.0,21.0,212.0,0.2,100560.0,25.4,1.05,0.19,30.9,0.154,0,1,0,1.0,31.20799545253234,75.58149414394248,0.024462155447303624,33.58386318925317,0.20442803281277283,27962.6688,1.1100812197995422,198.04999999999998,0.0028193449491264264,3.2632452782774872e-06,0.3359755111899558,0.0,0.0,1.1510203403420023,lhs_candidate_000021_june2024_preflight,pa1_candidate_000021
2024-06-20T11:00,31.3,69.0,557.0,171.0,386.0,0.32,100540.0,24.9,1.43,0.43,32.3,0.155,0,1,0,1.0,32.667024597946096,71.0513986152312,0.024854133917731475,33.71392033164662,0.203465372484284,62596.4064,1.429180075351106,473.45,0.0030833223523128203,7.4171165687751525e-06,0.33003316348323464,0.0,0.0,1.145301082237921,lhs_candidate_000021_june2024_preflight,pa1_candidate_000021
2024-06-20T12:00,31.7,67.0,539.0,156.0,383.0,0.58,100520.0,24.9,1.54,0.42,33.1,0.155,0,1,0,1.0,33.687724518354614,65.82493110164307,0.024299724277448573,33.96804282449722,0.20215944808021374,60906.8592,1.7864908251673834,458.15,0.0035302415622330656,7.081154986168209e-06,0.3219719017297145,0.0,0.0,1.1412641503443504,lhs_candidate_000021_june2024_preflight,pa1_candidate_000021
2024-06-20T13:00,32.0,66.0,565.0,245.0,320.0,0.95,100490.0,24.9,1.61,0.44,33.5,0.155,0,1,0,1.0,34.11944641303965,64.00572592775835,0.0241694098497298,34.23237221670989,0.20086925579571877,60978.368,1.9273994080246144,480.25,0.003861049300885845,7.249583381455325e-06,0.3140077518254245,0.0,0.0,1.1393205137821842,lhs_candidate_000021_june2024_preflight,pa1_candidate_000021
2024-06-20T14:00,29.0,81.0,220.0,40.0,180.0,0.86,100460.0,25.5,0.74,0.18,32.3,0.164,0,1,0,1.0,31.57258646634703,72.78618551240409,0.024021302806517427,34.37585616455218,0.19995947775440254,25692.832,1.2630291358966264,187.0,0.003968800974264284,2.8685296580894255e-06,0.30839183799013914,0.0,0.0,1.1484999395880353,lhs_candidate_000021_june2024_preflight,pa1_candidate_000021
2024-06-20T15:00,28.2,84.0,173.0,51.0,122.0,0.78,100410.0,25.2,0.62,0.14,31.1,0.189,0,0,0,1.0,29.543013562154076,81.81505899950363,0.024206708311662273,34.32592882219799,0.19950581785205876,19516.2528,0.7516029707090555,147.04999999999998,0.0019985338418886125,2.1903045014881567e-06,0.305591468222585,0.0,0.0,1.15562524007164,lhs_candidate_000021_june2024_preflight,pa1_candidate_000021
2024-06-20T16:00,27.9,89.0,111.0,2.0,109.0,0.58,100390.0,25.9,0.42,0.09,30.3,0.196,0,0,0,1.0,28.7481122571741,87.72414517616288,0.024856230803348353,34.212653720495084,0.19918343288374094,13602.8816,0.48461848380707684,94.35,0.0015552165804907547,1.396627132478081e-06,0.3036014375539564,0.0,0.0,1.1584372276401573,lhs_candidate_000021_june2024_preflight,pa1_candidate_000021
2024-06-20T17:00,26.7,98.0,47.0,0.0,47.0,0.71,100360.0,26.3,0.08,0.04,29.7,0.202,0,0,0,1.0,27.622861152950822,94.31462932902647,0.025124774110965697,34.04383357828706,0.199004500896588,5789.5728,0.21022881430452678,39.949999999999996,0.001717666740662377,5.901389749682691e-07,0.30249691911474075,0.0,0.0,1.1624236955542406,lhs_candidate_000021_june2024_preflight,pa1_candidate_000021
2024-06-20T18:00,26.7,99.0,20.0,0.0,20.0,1.14,100320.0,26.5,0.05,0.02,29.4,0.204,1,0,0,1.0,27.00515664440267,97.83234897893787,0.025188211005614018,33.827164800792225,0.19892967616427046,2463.648,0.07730751627779053,17.0,0.0018802149107452317,2.4850650198219294e-07,0.30203503805105225,0.0,0.0,1.164351651143966,lhs_candidate_000021_june2024_preflight,pa1_candidate_000021
2024-06-20T19:00,26.6,98.0,0.0,0.0,0.0,0.95,100370.0,26.2,0.07,0.01,29.0,0.211,0,0,0,1.0,26.791349141888325,97.36874068618062,0.024773769536927906,33.595419099670174,0.20567574780470724,0.0,0.09267108257982493,0.0,0.0015539665429542087,1.9377611666767007e-08,0.3436774555846126,0.0,0.0,1.1657623696118502,lhs_candidate_000021_june2024_preflight,pa1_candidate_000021
2024-06-20T20:00,26.5,97.0,0.0,0.0,0.0,0.85,100440.0,26.1,0.09,0.0,28.8,0.217,0,0,0,1.0,26.653361300183505,96.53293530376223,0.024373883057612164,33.36112374986053,0.2056717257474123,0.0,0.12112097547444689,0.0,0.0013905656820119643,2.5324681772845028e-08,0.34365262807044633,0.0,0.0,1.1671123244164925,lhs_candidate_000021_june2024_preflight,pa1_candidate_000021
2024-06-20T21:00,26.5,97.0,0.0,0.0,0.0,0.76,100520.0,26.0,0.09,0.0,28.6,0.22,0,0,0,1.0,26.606850540057806,96.50882760227269,0.024304979892912523,33.13231383674455,0.20566709787088822,0.0,0.12162989842062943,0.0,0.0012308001086431429,2.5428976323767122e-08,0.34362406093140874,0.0,0.0,1.168223159321049,lhs_candidate_000021_june2024_preflight,pa1_candidate_000021
2024-06-20T22:00,26.5,97.0,0.0,0.0,0.0,1.04,100600.0,26.0,0.1,0.0,28.5,0.224,0,0,0,1.0,26.598131964397517,96.5374262995663,0.024300419188238248,32.91079118747945,0.20566254674291015,0.0,0.12057166708922473,0.0,0.001623530897711323,2.5205672634865903e-08,0.3435959675488281,0.0,0.0,1.169186909557651,lhs_candidate_000021_june2024_preflight,pa1_candidate_000021
2024-06-20T23:00,26.5,97.0,0.0,0.0,0.0,0.95,100580.0,26.1,0.09,0.0,28.4,0.226,0,0,0,1.0,26.594141401732,96.56000758413867,0.024300719678074432,32.69671516589765,0.20565802500459182,0.0,0.11975722893729124,0.0,0.0014911544471832784,2.5033379472511617e-08,0.34356805558390013,0.0,0.0,1.168970029391652,lhs_candidate_000021_june2024_preflight,pa1_candidate_000021
2024-06-21T00:00,27.8,87.0,0.0,0.0,0.0,1.08,100550.0,25.3,0.5,0.0,28.3,0.228,0,0,0,1.0,27.3596412727254,89.81682640006254,0.023581930900674893,32.498093134828665,0.2056497995199608,0.0,0.37079589701721627,0.0,0.0018706677758898577,7.749763991488118e-08,0.3435172809874123,0.0,0.0,1.1656444861191495,lhs_candidate_000021_june2024_preflight,pa1_candidate_000021
2024-06-21T01:00,27.9,84.0,0.0,0.0,0.0,1.1,100440.0,25.0,0.59,0.0,28.1,0.228,0,0,0,1.0,27.868198138624745,84.80143286606635,0.022897495500552454,32.32817156110413,0.20563149031386568,0.0,0.5701011212804863,0.0,0.0016717850024074736,1.1911392688431903e-07,0.34340426119670175,0.0,0.0,1.1624021405968186,lhs_candidate_000021_june2024_preflight,pa1_candidate_000021
2024-06-21T02:00,28.0,84.0,0.0,0.0,0.0,1.14,100400.0,24.9,0.62,0.0,28.0,0.228,0,0,0,1.0,28.00702545471404,84.16520494618706,0.022899675547147082,32.17117596542147,0.20560923641184164,0.0,0.5987891121068429,0.0,0.0017171457622248126,1.2505779858003058e-07,0.34326689143112127,0.0,0.0,1.1614035860570697,lhs_candidate_000021_june2024_preflight,pa1_candidate_000021
2024-06-21T03:00,27.5,85.0,0.0,0.0,0.0,1.3,100330.0,24.7,0.55,0.0,27.8,0.228,0,0,0,1.0,27.750649894668452,84.23361769278179,0.02259764261340872,32.0188660751983,0.2055867568521169,0.0,0.5873602701786567,0.0,0.002075659547604845,1.2262128307148192e-07,0.34312812871677095,0.0,0.0,1.161582700127184,lhs_candidate_000021_june2024_preflight,pa1_candidate_000021
2024-06-21T04:00,27.3,85.0,0.0,0.0,0.0,1.26,100360.0,24.6,0.54,0.0,27.7,0.228,0,0,0,1.0,27.459436097366194,84.6061333373072,0.022336447544157034,31.862674157459967,0.2055652268314161,0.0,0.563811967702402,0.0,0.0019744374460321902,1.1765959105574288e-07,0.34299522735442034,0.0,0.0,1.1630556423072271,lhs_candidate_000021_june2024_preflight,pa1_candidate_000021
2024-06-21T05:00,27.4,84.0,0.0,0.0,0.0,1.17,100330.0,24.5,0.59,0.0,27.6,0.228,0,0,0,1.0,27.429269245363233,84.19635301906982,0.022191317199017634,31.707292916467953,0.20554392847705158,0.0,0.5778004162887069,0.0,0.0017744901168498788,1.2053256433267575e-07,0.34286375603118263,0.0,0.0,1.1628246693532247,lhs_candidate_000021_june2024_preflight,pa1_candidate_000021
2024-06-21T06:00,27.4,85.0,9.0,0.0,9.0,0.86,100440.0,24.6,0.56,0.02,27.6,0.227,1,0,0,1.0,27.476433524709705,85.02600799732751,0.022468342454664968,31.560709169201044,0.2055118587686059,1108.6416,0.5489789752503333,7.6499999999999995,0.0013492011743533993,2.340726400341315e-07,0.34266579486793763,0.0,0.0,1.1639169376174454,lhs_candidate_000021_june2024_preflight,pa1_candidate_000021
2024-06-21T07:00,27.7,86.0,64.0,1.0,63.0,1.06,100510.0,25.2,0.52,0.06,28.4,0.227,0,0,0,1.0,27.8037707778976,87.26867099998663,0.023480368913355077,31.441621351679075,0.2121655753283175,7848.4911999999995,0.47576423305989923,54.4,0.0016555933048116144,1.0636558936311864e-06,0.3837381193106019,0.0,0.0,1.1634612748814963,lhs_candidate_000021_june2024_preflight,pa1_candidate_000021
2024-06-21T08:00,28.6,83.0,160.0,19.0,141.0,0.85,100570.0,25.5,0.65,0.13,28.5,0.228,0,0,0,1.0,28.76213347428727,87.58382646603552,0.024835472123764673,31.38668575960494,0.21184642141426052,19040.7184,0.4905559542830087,136.0,0.0013959662182878691,2.4831606596144647e-06,0.3817680334213613,0.0,0.0,1.1604604181229747,lhs_candidate_000021_june2024_preflight,pa1_candidate_000021
2024-06-21T09:00,29.4,75.0,343.0,91.0,252.0,0.67,100550.0,24.6,1.02,0.26,32.5,0.227,0,1,0,1.0,30.162261852537377,79.42420358255133,0.02430023103066958,31.44645373628628,0.2111548625176805,39049.9648,0.8812027852955593,291.55,0.0029693631139502416,5.224608098994051e-06,0.3774991513437069,0.0,0.0,1.1548738723444576,lhs_candidate_000021_june2024_preflight,pa1_candidate_000021
2024-06-21T10:00,30.9,66.0,532.0,203.0,329.0,0.57,100520.0,23.8,1.52,0.41,31.9,0.227,0,1,0,1.0,32.087881684128824,69.5698646383156,0.02359918889154719,31.654686214012564,0.2099650543648783,58391.0096,1.4540854829099552,452.2,0.0031301468717010155,7.96548116950979e-06,0.3701546565733229,0.0,0.0,1.1472458563593875,lhs_candidate_000021_june2024_preflight,pa1_candidate_000021
2024-06-21T11:00,31.7,64.0,700.0,388.0,312.0,0.42,100480.0,24.2,1.67,0.54,32.6,0.225,0,1,0,1.0,33.81020297289352,64.9337973938493,0.024125457517258482,32.010076547977235,0.20832834101573774,72576.90879999999,1.8456411857843689,595.0,0.003500328946131244,1.01800108753156e-05,0.36005148775146756,0.0,0.0,1.1403548180849856,lhs_candidate_000021_june2024_preflight,pa1_candidate_000021
2024-06-21T12:00,32.2,64.0,761.0,462.0,299.0,0.36,100450.0,24.5,1.72,0.59,33.5,0.223,0,1,0,1.0,34.8521357294755,62.92069204279371,0.0246865439999757,32.45621341343257,0.2064453245719748,77487.5376,2.0678729758508947,646.85,0.003707908289469203,1.0722861280638834e-05,0.34842792945663453,0.0,0.0,1.136157819758369,lhs_candidate_000021_june2024_preflight,pa1_candidate_000021
2024-06-21T13:00,32.0,64.0,543.0,271.0,272.0,0.67,100360.0,24.3,1.71,0.43,33.4,0.221,0,1,0,1.0,34.51441784768517,61.38993733198662,0.023665465998242655,32.85359497857452,0.2048025421131731,57353.612799999995,2.113330176247199,461.55,0.0038055282528547648,7.559735865445597e-06,0.3382872969948958,0.0,0.0,1.136385881830911,lhs_candidate_000021_june2024_preflight,pa1_candidate_000021
2024-06-21T14:00,28.8,81.0,207.0,9.0,198.0,0.73,100320.0,25.2,0.76,0.17,32.0,0.225,0,1,0,1.0,31.39979312436383,72.73323476637192,0.02378318400446696,33.035350542449244,0.203860648162581,25182.115199999997,1.253143269810081,175.95,0.003887838879461521,2.922881037472877e-06,0.3324731368060556,0.0,0.0,1.147550121945321,lhs_candidate_000021_june2024_preflight,pa1_candidate_000021
2024-06-21T15:00,29.0,80.0,268.0,55.0,213.0,0.81,100250.0,25.3,0.78,0.21,31.5,0.225,0,1,0,1.0,30.121866749676325,78.79279391934583,0.024054520153215027,33.05769810205879,0.20327607676869058,31077.851199999997,0.9061445526112486,227.79999999999998,0.003303637617108341,3.599821627842708e-06,0.3288646714116703,0.0,0.0,1.1515815694564326,lhs_candidate_000021_june2024_preflight,pa1_candidate_000021
2024-06-21T16:00,29.4,77.0,283.0,81.0,202.0,0.71,100260.0,24.9,0.95,0.22,31.4,0.226,0,1,0,1.0,30.41849423799164,76.7999859704843,0.02382434070461517,33.09531383203381,0.20261356574115313,32010.8448,1.0082689654389805,240.54999999999998,0.0031551769245466445,3.7641914353670645e-06,0.32477509716761194,0.0,0.0,1.1505710772018898,lhs_candidate_000021_june2024_preflight,pa1_candidate_000021
2024-06-21T17:00,28.9,80.0,203.0,90.0,113.0,0.61,100200.0,25.2,0.78,0.15,30.9,0.225,0,1,0,1.0,30.07774252546096,77.87953899274493,0.02371911279114777,33.11550386772801,0.20203033338363244,21839.6112,0.9427789561845068,172.54999999999998,0.003159215919023047,2.713076703784969e-06,0.3211748974298299,0.0,0.0,1.1511747035228064,lhs_candidate_000021_june2024_preflight,pa1_candidate_000021
2024-06-21T18:00,28.8,81.0,56.0,18.0,38.0,0.92,100310.0,25.2,0.76,0.05,30.3,0.225,1,0,0,1.0,29.40888928873636,80.4531220243888,0.023631085679212963,33.054320385152984,0.20171123143992653,6264.9312,0.8016776894017581,47.6,0.0017606385283790297,8.49029867298753e-07,0.3192051323452255,0.0,0.0,1.1549861117067104,lhs_candidate_000021_june2024_preflight,pa1_candidate_000021
2024-06-21T19:00,28.6,82.0,0.0,0.0,0.0,0.99,100350.0,25.3,0.7,0.02,29.8,0.225,0,0,0,1.0,28.861601273792456,81.42856678442682,0.023215720711834763,32.920300582160024,0.20838366360498214,0.0,0.7379826163371681,0.0,0.0016507090726450783,1.6181822327924274e-07,0.3603929852159392,0.0,0.0,1.1575405122617204,lhs_candidate_000021_june2024_preflight,pa1_candidate_000021
2024-06-21T20:00,28.5,83.0,0.0,0.0,0.0,0.72,100440.0,25.4,0.65,0.0,29.5,0.224,0,0,0,1.0,28.618102024075384,82.77503842524929,0.023287982254217143,32.76408950279517,0.20835582645628423,0.0,0.6748943136024428,0.0,0.0011839750186621715,1.4791422620235753e-07,0.36022115096471746,0.0,0.0,1.1595135321725254,lhs_candidate_000021_june2024_preflight,pa1_candidate_000021
2024-06-21T21:00,28.4,85.0,0.0,0.0,0.0,0.99,100490.0,25.6,0.59,0.0,29.2,0.224,0,0,0,1.0,28.502366318236223,84.57652108197475,0.023644741886681534,32.608935783303565,0.2083306139637047,0.0,0.6002684898379291,0.0,0.0015536119665796237,1.3150190578383217e-07,0.3600655182944735,0.0,0.0,1.160535844056821,lhs_candidate_000021_june2024_preflight,pa1_candidate_000021
2024-06-21T22:00,27.9,90.0,0.0,0.0,0.0,0.92,100510.0,26.0,0.39,0.0,28.9,0.224,0,0,0,1.0,28.164746662149014,88.51118337261549,0.02429143896450077,32.45366504287044,0.2083098510191108,0.0,0.43845243367623077,0.0,0.0015589294660934851,9.601837896244153e-08,0.3599373519698197,0.0,0.0,1.1620674451166244,lhs_candidate_000021_june2024_preflight,pa1_candidate_000021
2024-06-21T23:00,28.1,88.0,0.0,0.0,0.0,1.06,100510.0,25.8,0.47,0.0,28.4,0.223,0,0,0,1.0,28.101490344268903,88.38598157007287,0.024173063846945994,32.29629514395412,0.2082931678326635,0.0,0.4416027102567952,0.0,0.001593826760490099,9.668060064509495e-08,0.359834369337429,0.0,0.0,1.1623114542255002,lhs_candidate_000021_june2024_preflight,pa1_candidate_000021
2024-06-22T00:00,28.0,88.0,0.0,0.0,0.0,0.94,100460.0,25.8,0.47,0.0,28.1,0.223,0,0,0,1.0,28.090838362905707,87.89329694190945,0.024024273242580264,32.144959576746714,0.20827522806859772,0.0,0.4600509657837346,0.0,0.0014742672602490036,1.0068850242346081e-07,0.35972363005307234,0.0,0.0,1.1617743266472222,lhs_candidate_000021_june2024_preflight,pa1_candidate_000021
2024-06-22T01:00,28.3,86.0,0.0,0.0,0.0,1.04,100400.0,25.6,0.55,0.0,27.9,0.223,0,0,0,1.0,28.235670940545837,86.65462548177916,0.023874561306286842,31.99955412932192,0.20825632473927513,0.0,0.5114094190082734,0.0,0.0016026747935391056,1.118927010898467e-07,0.3596069428350317,0.0,0.0,1.160522490129874,lhs_candidate_000021_june2024_preflight,pa1_candidate_000021
2024-06-22T02:00,27.4,92.0,0.0,0.0,0.0,0.8,100350.0,26.1,0.28,0.0,27.6,0.223,0,0,0,1.0,27.804773142377105,89.93450900573941,0.024198968807662893,31.85801071758986,0.208238074590636,0.0,0.37616501116207823,0.0,0.0014965126636109507,8.22764147114534e-08,0.3594942875965186,0.0,0.0,1.1616053136398081,lhs_candidate_000021_june2024_preflight,pa1_candidate_000021
2024-06-22T03:00,27.2,93.0,0.0,0.0,0.0,0.91,100310.0,26.0,0.25,0.0,27.5,0.223,0,0,0,1.0,27.38101350766461,92.24405956324206,0.024247791892098032,31.70637833412496,0.2082255417172481,0.0,0.2827673455628381,0.0,0.0014918946343983424,6.18347694186353e-08,0.3594169241805439,0.0,0.0,1.1627795448571447,lhs_candidate_000021_june2024_preflight,pa1_candidate_000021
2024-06-22T04:00,27.2,93.0,0.0,0.0,0.0,1.04,100270.0,25.9,0.26,0.0,27.3,0.223,0,0,0,1.0,27.275774372954423,92.75124682733922,0.02423990585347313,31.553290329753786,0.20821494473909707,0.0,0.26265361272834253,0.0,0.0016098035871155375,5.742590143320872e-08,0.35935151073516713,0.0,0.0,1.1627230296249695,lhs_candidate_000021_june2024_preflight,pa1_candidate_000021
2024-06-22T05:00,26.8,93.0,0.0,0.0,0.0,0.95,100270.0,25.7,0.23,0.0,27.1,0.222,0,0,0,1.0,27.02574405152956,92.33230433971309,0.02379924673735479,31.40174402648156,0.2082043457345095,0.0,0.27379259953890633,0.0,0.0015754951948933663,5.985040173099368e-08,0.35928608478092283,0.0,0.0,1.1636915156488612,lhs_candidate_000021_june2024_preflight,pa1_candidate_000021
2024-06-22T06:00,27.1,92.0,18.0,5.0,13.0,1.14,100290.0,25.8,0.27,0.01,27.2,0.222,1,0,0,1.0,27.104528248971036,92.51274902443126,0.02394988851715438,31.256158209727182,0.2081712622581105,2041.3711999999998,0.2685873611177736,15.299999999999999,0.00171572706351468,3.0937733005471106e-07,0.3590818657908056,0.0,0.0,1.1636182237338868,lhs_candidate_000021_june2024_preflight,pa1_candidate_000021
2024-06-22T07:00,28.7,85.0,145.0,71.0,74.0,0.81,100450.0,26.0,0.57,0.1,29.1,0.222,0,0,0,1.0,28.474944306194125,90.76847959981741,0.025337772117337627,31.174929173344626,0.21470350411828004,15363.497599999997,0.3587117137108984,123.25,0.0013864603773671952,2.3334598800073085e-06,0.3994043464091361,0.0,0.0,1.1601793605507706,lhs_candidate_000021_june2024_preflight,pa1_candidate_000021
2024-06-22T08:00,29.9,75.0,345.0,226.0,119.0,0.42,100450.0,25.0,1.05,0.25,30.2,0.221,0,1,0,1.0,30.438064214809547,85.01380091250405,0.026400194128964,31.238564063783326,0.2140052464894792,34546.705599999994,0.6520270043538559,293.25,0.002590991335505273,5.443682079704125e-06,0.3950941141325876,0.0,0.0,1.1526771841850674,lhs_candidate_000021_june2024_preflight,pa1_candidate_000021
2024-06-22T09:00,30.7,70.0,478.0,328.0,150.0,0.73,100490.0,24.5,1.34,0.36,31.3,0.22,0,1,0,1.0,31.98542452408961,72.16473031133505,0.02434629840558434,31.444138949297596,0.21283392511739524,47341.36,1.322414846462968,406.3,0.0033101521892791833,7.503118563415085e-06,0.38786373529256324,0.0,0.0,1.1472885657339793,lhs_candidate_000021_june2024_preflight,pa1_candidate_000021
2024-06-22T10:00,30.8,68.0,440.0,183.0,257.0,0.22,100450.0,24.1,1.44,0.34,31.5,0.218,0,1,0,1.0,32.48535711804004,68.42351853111234,0.023705552898180833,31.698814733112517,0.21154250481550832,47761.8768,1.5430632230203232,374.0,0.003223506083553146,6.839983327730388e-06,0.379892005034002,0.0,0.0,1.1449559969469483,lhs_candidate_000021_june2024_preflight,pa1_candidate_000021
2024-06-22T11:00,31.1,65.0,574.0,306.0,268.0,0.5,100430.0,23.9,1.56,0.44,32.1,0.217,0,1,0,1.0,33.03174715540532,65.74525979643539,0.02344593021687793,31.98267297030365,0.21014650723459868,59940.8832,1.7261347771166147,487.9,0.003460242606864364,8.65586337634995e-06,0.3712747360160413,0.0,0.0,1.142685231856646,lhs_candidate_000021_june2024_preflight,pa1_candidate_000021
2024-06-22T12:00,31.4,64.0,624.0,267.0,357.0,1.06,100400.0,23.9,1.63,0.48,32.8,0.215,0,1,0,1.0,33.615037089337626,63.18252157572389,0.023235316747149102,32.32634705495192,0.2085413541908229,67472.11679999999,1.916828462601809,530.4,0.003996876171827104,9.167601780069935e-06,0.3613663838939685,0.0,0.0,1.1401718156933407,lhs_candidate_000021_june2024_preflight,pa1_candidate_000021
2024-06-22T13:00,31.0,65.0,455.0,225.0,230.0,0.89,100370.0,23.7,1.57,0.36,32.7,0.213,0,1,0,1.0,33.164919291618354,62.86683709632178,0.02257758739178462,32.628158444268756,0.20712134218825587,48131.952,1.8852012502594095,386.75,0.0038307383108111244,6.6271479757685525e-06,0.35260087770528314,0.0,0.0,1.141506064180109,lhs_candidate_000021_june2024_preflight,pa1_candidate_000021
2024-06-22T14:00,30.3,68.0,356.0,161.0,195.0,1.1,100280.0,23.7,1.38,0.29,32.4,0.213,0,1,0,1.0,32.162384283424394,65.4537509841161,0.02229108347110901,32.82102970804049,0.2060644537514516,38188.568,1.657729490760667,302.59999999999997,0.003905806233093177,5.1277305102398e-06,0.34607687500896056,0.0,0.0,1.1442274263216081,lhs_candidate_000021_june2024_preflight,pa1_candidate_000021
2024-06-22T15:00,30.3,68.0,389.0,151.0,238.0,1.3,100260.0,23.7,1.38,0.31,32.3,0.212,0,1,0,1.0,31.846040464492088,66.66554356118719,0.022324665497125366,32.96807393948508,0.20511222094954484,42605.411199999995,1.5712410620886121,330.65,0.003998494425636746,5.4581799319016605e-06,0.3401988947502768,0.0,0.0,1.1451857830286318,lhs_candidate_000021_june2024_preflight,pa1_candidate_000021
2024-06-22T16:00,29.7,71.0,298.0,169.0,129.0,1.2,100260.0,23.8,1.22,0.23,31.8,0.213,0,1,0,1.0,31.270671515330992,68.54258646847249,0.02225856723114014,33.08519181485101,0.20424660337488426,30762.529599999998,1.4351773561185066,253.29999999999998,0.0038986535138461134,4.162821418160939e-06,0.3348555763881745,0.0,0.0,1.1473502363730632,lhs_candidate_000021_june2024_preflight,pa1_candidate_000021
2024-06-22T17:00,28.9,77.0,100.0,28.0,72.0,0.76,100220.0,24.4,0.93,0.09,30.9,0.216,0,0,0,1.0,29.98728361168498,74.1000698144235,0.022457968363773086,33.08991929675881,0.20373700688276572,11333.1328,1.0981495854360994,85.0,0.0018500121727141562,1.50822835396187e-06,0.33170991902941804,0.0,0.0,1.151748068448265,lhs_candidate_000021_june2024_preflight,pa1_candidate_000021
2024-06-22T18:00,28.5,79.0,19.0,2.0,17.0,1.0,100360.0,24.6,0.8,0.04,30.0,0.22,1,0,0,1.0,28.995000261635955,77.98104673142628,0.022395071377104753,32.98161075672499,0.2035647324106838,2270.1007999999997,0.8817534708307679,16.15,0.0017960349287604851,4.210550117660854e-07,0.33064649636224563,0.0,0.0,1.1571447499746312,lhs_candidate_000021_june2024_preflight,pa1_candidate_000021
2024-06-22T19:00,28.2,81.0,0.0,0.0,0.0,1.08,100470.0,24.6,0.73,0.02,29.4,0.226,0,0,0,1.0,28.446128101755175,80.25974008946635,0.022368993868994894,32.82796675728863,0.21027971600778653,0.0,0.7657712110076642,0.0,0.0017652075987992558,1.7336450565972706e-07,0.37209701239374404,0.0,0.0,1.1605212291253548,lhs_candidate_000021_june2024_preflight,pa1_candidate_000021
2024-06-22T20:00,28.1,82.0,0.0,0.0,0.0,1.36,100510.0,24.6,0.7,0.0,28.9,0.232,0,0,0,1.0,28.217479972172562,81.68629389801058,0.022483289054437236,32.66379910460424,0.21024999378730397,0.0,0.7010596693340525,0.0,0.002099299549240835,1.5863607027165681e-07,0.3719135418969381,0.0,0.0,1.1618641064456527,lhs_candidate_000021_june2024_preflight,pa1_candidate_000021
2024-06-22T21:00,26.1,97.0,0.0,0.0,0.0,0.89,100560.0,25.6,0.1,0.0,28.5,0.241,0,0,0,1.0,26.976638669370427,91.95722781238716,0.02363824997044927,32.48905274450822,0.21022880044136805,0.0,0.286359415753517,0.0,0.0018744874880587516,6.477473338395357e-08,0.37178271877387686,0.0,0.0,1.16724808255861,lhs_candidate_000021_june2024_preflight,pa1_candidate_000021
2024-06-22T22:00,26.2,97.0,0.0,0.0,0.0,0.94,100550.0,25.7,0.1,0.0,28.3,0.25,0,0,0,1.0,26.33552982371736,96.25889358519647,0.023879304523069873,32.287544707407505,0.21022163168081093,0.0,0.12827098185871177,0.0,0.0015042056601021554,2.9011547184130583e-08,0.3717384671654996,0.0,0.0,1.1696304879283532,lhs_candidate_000021_june2024_preflight,pa1_candidate_000021
2024-06-22T23:00,26.2,97.0,0.0,0.0,0.0,0.94,100540.0,25.7,0.1,0.0,28.1,0.256,0,0,0,1.0,26.293933239179353,96.56679852833537,0.0239003145019153,32.0869597864636,0.21021672252724785,0.0,0.11742546708406243,0.0,0.0014766977366065213,2.6556409893131836e-08,0.37170816374844357,0.0,0.0,1.1696766251031243,lhs_candidate_000021_june2024_preflight,pa1_candidate_000021
2024-06-23T00:00,26.1,97.0,0.0,0.0,0.0,0.91,100510.0,25.6,0.09,0.0,27.9,0.258,0,0,0,1.0,26.227799547542066,96.48444836751797,0.02379219724606531,31.892130191875665,0.21021189048626684,0.0,0.11977385050562983,0.0,0.0014567599454253868,2.7085335998719827e-08,0.37167833633498054,0.0,0.0,1.16958591571865,lhs_candidate_000021_june2024_preflight,pa1_candidate_000021
2024-06-23T01:00,26.0,97.0,0.0,0.0,0.0,0.71,100470.0,25.6,0.09,0.0,27.8,0.26,0,0,0,1.0,26.13092518597279,96.4990482395359,0.02366776070292225,31.70159898591118,0.21020703169187913,0.0,0.11859626434739567,0.0,0.00118183246066336,2.6816875675585423e-08,0.37164834377703165,0.0,0.0,1.169498888265605,lhs_candidate_000021_june2024_preflight,pa1_candidate_000021
2024-06-23T02:00,27.3,89.0,0.0,0.0,0.0,0.54,100450.0,25.4,0.38,0.0,27.8,0.26,0,0,0,1.0,26.852062098229926,91.72638165850118,0.02341681847089896,31.523641500266837,0.21019952675751805,0.0,0.2924321084504764,0.0,0.0012410763369663138,6.611623057996596e-08,0.37160201702171636,0.0,0.0,1.1664554322188,lhs_candidate_000021_june2024_preflight,pa1_candidate_000021
2024-06-23T03:00,27.4,89.0,0.0,0.0,0.0,0.54,100410.0,25.4,0.41,0.0,27.7,0.259,0,0,0,1.0,27.360278097393067,89.41220413608164,0.02347651992013866,31.37319083539737,0.21018501116278704,0.0,0.38554361322485775,0.0,0.0008582331606244532,8.714687361027495e-08,0.3715124145851052,0.0,0.0,1.1640190434764601,lhs_candidate_000021_june2024_preflight,pa1_candidate_000021
2024-06-23T04:00,27.4,89.0,0.0,0.0,0.0,0.85,100440.0,25.4,0.4,0.0,27.7,0.259,0,0,0,1.0,27.44339159815964,89.06905308719976,0.02349388659971006,31.2344617892335,0.21016898740291962,0.0,0.3999787805440942,0.0,0.0013102782919520242,9.038567539196692e-08,0.37141350248715815,0.0,0.0,1.1640448780813348,lhs_candidate_000021_june2024_preflight,pa1_candidate_000021
2024-06-23T05:00,27.3,90.0,0.0,0.0,0.0,0.85,100440.0,25.4,0.37,0.0,27.5,0.258,0,0,0,1.0,27.391750348960965,89.69122282851816,0.023590708409761074,31.100746479777737,0.2101530857363422,0.0,0.3760752098408,0.0,0.001346056170420306,8.496157801338231e-08,0.3713153440514951,0.0,0.0,1.1642448926602,lhs_candidate_000021_june2024_preflight,pa1_candidate_000021
2024-06-23T06:00,27.2,91.0,13.0,2.0,11.0,0.72,100540.0,25.5,0.33,0.01,27.6,0.263,1,0,0,1.0,27.330130703880936,90.9396220178899,0.02383787372733574,30.973473381117763,0.21012186620211568,1531.0064,0.32934278299089126,11.049999999999999,0.0011943317532964117,2.614964279765833e-07,0.3711226308772573,0.0,0.0,1.1656430274385687,lhs_candidate_000021_june2024_preflight,pa1_candidate_000021
2024-06-23T07:00,28.2,87.0,133.0,65.0,68.0,0.82,100620.0,25.7,0.51,0.09,29.1,0.263,0,0,0,1.0,28.19034855699179,92.10930156154328,0.025314433801905727,30.896774397828754,0.21667106900497138,14096.403199999999,0.3015846038817491,113.05,0.001239902133456362,2.1985605858030504e-06,0.41154980867266283,0.0,0.0,1.1632403958131499,lhs_candidate_000021_june2024_preflight,pa1_candidate_000021
2024-06-23T08:00,28.6,84.0,198.0,66.0,132.0,1.14,100620.0,25.7,0.62,0.15,28.9,0.264,0,0,0,1.0,29.105090229711127,87.55689132230526,0.02529632707701261,30.903715886211003,0.21617957964856163,22068.0768,0.5014658437887971,168.29999999999998,0.001980321397117917,3.2619631354598924e-06,0.4085159237565533,0.0,0.0,1.1597199771342381,lhs_candidate_000021_june2024_preflight,pa1_candidate_000021
2024-06-23T09:00,28.7,84.0,289.0,103.0,186.0,0.5,100640.0,25.7,0.63,0.22,29.3,0.271,0,0,0,1.0,29.680009554842595,88.74900431813158,0.026454039554528495,30.974405145830808,0.2154665351332382,31975.9264,0.468694743467982,245.65,0.0015734346423216278,4.6451256884931415e-06,0.404114414402705,0.0,0.0,1.1577483391360808,lhs_candidate_000021_june2024_preflight,pa1_candidate_000021
2024-06-23T10:00,29.0,82.0,398.0,166.0,232.0,0.41,100650.0,25.6,0.72,0.3,29.9,0.276,0,1,0,1.0,30.292805458403297,83.04394038029562,0.025587328067800872,31.115194591629745,0.2144800668425738,43186.3168,0.7316282641695917,338.3,0.0030905593331085044,6.321565273007268e-06,0.39802510396650503,0.0,0.0,1.1555250987393602,lhs_candidate_000021_june2024_preflight,pa1_candidate_000021
2024-06-23T11:00,29.0,82.0,306.0,97.0,209.0,0.28,100590.0,25.6,0.72,0.24,30.0,0.279,0,1,0,1.0,30.332920707029185,81.52699984788636,0.02517433355615971,31.266701447661855,0.21347575160096754,34281.12159999999,0.798913786500862,260.09999999999997,0.0030534746340593554,4.840954897841108e-06,0.39182562716646635,0.0,0.0,1.1546836115335601,lhs_candidate_000021_june2024_preflight,pa1_candidate_000021
2024-06-23T12:00,29.3,77.0,252.0,23.0,229.0,0.81,100580.0,24.9,0.92,0.2,29.9,0.281,0,1,0,1.0,30.285681929808955,77.42840269724151,0.023847915284679805,31.368937097945388,0.21268006876233855,30232.7696,0.9735332040127096,214.2,0.003232807314446449,4.010990395390368e-06,0.38691400470579357,0.0,0.0,1.1547485633723564,lhs_candidate_000021_june2024_preflight,pa1_candidate_000021
2024-06-23T13:00,29.2,79.0,341.0,57.0,284.0,1.33,100520.0,25.2,0.85,0.27,32.2,0.284,0,1,0,1.0,30.446372235236055,78.05529322284602,0.02425015018097976,31.479687209502153,0.21184365189898643,39999.8016,0.9552348055651771,289.84999999999997,0.003922483611372013,5.271034267213526e-06,0.38175093764806445,0.0,0.0,1.1534488781529348,lhs_candidate_000021_june2024_preflight,pa1_candidate_000021
2024-06-23T14:00,29.2,75.0,331.0,97.0,234.0,1.12,100480.0,24.2,1.02,0.26,31.3,0.283,0,1,0,1.0,30.510651158971765,74.51848056477485,0.023231625783622242,31.61280193249448,0.2109120856771157,37360.681599999996,1.113271670501041,281.34999999999997,0.003708743794064707,5.081950019879173e-06,0.37600052887108454,0.0,0.0,1.1527458203243799,lhs_candidate_000021_june2024_preflight,pa1_candidate_000021
2024-06-23T15:00,28.4,78.0,229.0,46.0,183.0,0.71,100480.0,24.1,0.87,0.18,30.3,0.304,0,0,0,1.0,29.808993692935065,77.82857691924458,0.023361559241139748,31.70206373983956,0.21013785964325996,26590.379199999996,0.9304903225438488,194.65,0.001971019203502056,3.5074228818966737e-06,0.37122135582259236,0.0,0.0,1.1554155965254882,lhs_candidate_000021_june2024_preflight,pa1_candidate_000021
2024-06-23T16:00,27.9,86.0,167.0,32.0,135.0,0.41,100500.0,25.4,0.52,0.13,29.7,0.307,0,0,0,1.0,28.985348833487013,85.84189742418093,0.02463963820425612,31.71834884283097,0.20959681750772194,19445.624,0.5666479436990395,141.95,0.001581466712447302,2.5097524744635454e-06,0.36788158955383915,0.0,0.0,1.1587959569941404,lhs_candidate_000021_june2024_preflight,pa1_candidate_000021
2024-06-23T17:00,27.8,87.0,89.0,18.0,71.0,0.32,100400.0,25.3,0.5,0.07,29.2,0.307,0,0,0,1.0,28.435098076114564,88.35457482331591,0.02461022772915437,31.675239932399727,0.20924933097303744,10329.9504,0.45146441481397837,75.64999999999999,0.0012144437939867402,1.3629963710640168e-06,0.3657366109446756,0.0,0.0,1.1597550792815066,lhs_candidate_000021_june2024_preflight,pa1_candidate_000021
2024-06-23T18:00,27.7,87.0,46.0,18.0,28.0,0.54,100480.0,25.4,0.48,0.04,28.8,0.309,1,0,0,1.0,28.084410788456893,88.03481166634064,0.024054469403485514,31.587237972436597,0.2090593637895224,5033.1071999999995,0.4545034323531465,39.1,0.0011883271866100036,7.512670715354995e-07,0.3645639740093975,0.0,0.0,1.1620304118120945,lhs_candidate_000021_june2024_preflight,pa1_candidate_000021
2024-06-23T19:00,27.6,89.0,1.0,0.0,1.0,0.22,100600.0,25.7,0.39,0.0,28.4,0.307,0,0,0,1.0,27.78989155529909,89.03231092470928,0.023936614460583643,31.46865997627846,0.21574666602228715,123.18239999999999,0.4095261837142776,0.85,0.0006942161200429585,1.1686335174941365e-07,0.40584361742152564,0.0,0.0,1.1645567832363426,lhs_candidate_000021_june2024_preflight,pa1_candidate_000021
2024-06-23T20:00,27.4,86.0,0.0,0.0,0.0,0.61,100670.0,24.8,0.51,0.0,28.1,0.308,0,0,0,1.0,27.550975109950034,86.83317557441966,0.02304035312753447,31.333738978251677,0.21572589542075993,0.0,0.4848317285587167,0.0,0.0010662065449858636,1.1967887488493523e-07,0.40571540383185145,0.0,0.0,1.1662930320848166,lhs_candidate_000021_june2024_preflight,pa1_candidate_000021
2024-06-23T21:00,27.5,85.0,0.0,0.0,0.0,0.98,100680.0,24.8,0.55,0.0,27.9,0.312,0,0,0,1.0,27.520214612250232,85.3725927227433,0.022614436530567973,31.199042280886005,0.21570296259839183,0.0,0.5376464307354643,0.0,0.0014861093295454747,1.3266967722954093e-07,0.4055738431999496,0.0,0.0,1.16652821630687,lhs_candidate_000021_june2024_preflight,pa1_candidate_000021
2024-06-23T22:00,26.1,97.0,0.0,0.0,0.0,1.08,100680.0,25.6,0.1,0.0,27.7,0.313,0,0,0,1.0,26.713861838806505,93.27399900922654,0.023630197863401106,31.06072920502766,0.21568453970464568,0.0,0.2358085366783964,0.0,0.0019603469729746774,5.8171818040113e-08,0.40546012163361533,0.0,0.0,1.169665084006603,lhs_candidate_000021_june2024_preflight,pa1_candidate_000021
2024-06-23T23:00,27.3,88.0,0.0,0.0,0.0,1.0,100690.0,25.1,0.45,0.0,27.6,0.311,0,0,0,1.0,26.937771986129995,90.43109778932437,0.023195989263790327,30.91198655384763,0.21567380399494027,0.0,0.3399203903957937,0.0,0.0017236839227218609,8.384155841071097e-08,0.40539385182061893,0.0,0.0,1.1689084295671741,lhs_candidate_000021_june2024_preflight,pa1_candidate_000021
2024-06-24T00:00,27.3,88.0,0.0,0.0,0.0,0.94,100670.0,25.1,0.43,0.0,27.5,0.309,0,0,0,1.0,27.30300951315312,88.26100840439497,0.023101122945250564,30.782731048264413,0.21565600105718696,0.0,0.42603302122110476,0.0,0.0014146727944332103,1.0505280241213504e-07,0.4052839571431294,0.0,0.0,1.1672555804320928,lhs_candidate_000021_june2024_preflight,pa1_candidate_000021
2024-06-24T01:00,27.1,89.0,0.0,0.0,0.0,0.78,100630.0,25.1,0.4,0.0,27.4,0.307,0,0,0,1.0,27.222894654594096,88.69377406163929,0.02311191759011002,30.660604334804354,0.21563730609838397,0.0,0.4084067865314034,0.0,0.0012710369574245777,1.0067778482810917e-07,0.405168556162864,0.0,0.0,1.167102989999878,lhs_candidate_000021_june2024_preflight,pa1_candidate_000021
2024-06-24T02:00,27.0,89.0,0.0,0.0,0.0,0.81,100600.0,25.0,0.39,0.0,27.3,0.312,0,0,0,1.0,27.096293078381866,88.92293894752262,0.023010071389614584,30.539150599232983,0.21561952949667199,0.0,0.3971714908684718,0.0,0.0012926841720762449,9.788161627882318e-08,0.4050588240535308,0.0,0.0,1.1672470239812152,lhs_candidate_000021_june2024_preflight,pa1_candidate_000021
2024-06-24T03:00,27.0,89.0,0.0,0.0,0.0,0.85,100560.0,25.0,0.41,0.0,27.3,0.31,0,0,0,1.0,27.051993907648725,89.03182316825243,0.02298187441865508,30.419450812281603,0.2156020394551657,0.0,0.39224724487588913,0.0,0.0013167622165144747,9.664228631675568e-08,0.4049508608343562,0.0,0.0,1.1669550856459439,lhs_candidate_000021_june2024_preflight,pa1_candidate_000021
2024-06-24T04:00,27.0,89.0,0.0,0.0,0.0,0.98,100570.0,24.9,0.41,0.0,27.2,0.308,0,0,0,1.0,27.045396384766896,89.03171933457986,0.022973462178986475,30.30334338409218,0.21558465770764756,0.0,0.39209921940980763,0.0,0.001502704957144129,9.658021921939453e-08,0.40484356609658995,0.0,0.0,1.1670967805212793,lhs_candidate_000021_june2024_preflight,pa1_candidate_000021
2024-06-24T05:00,26.9,89.0,0.0,0.0,0.0,0.92,100600.0,25.0,0.39,0.0,27.1,0.307,0,0,0,1.0,26.984067182058432,88.93585850252538,0.022870986696714717,30.190489732661664,0.21556721184895208,0.0,0.39410570320661487,0.0,0.001441107480013267,9.704862550495397e-08,0.40473587561081537,0.0,0.0,1.1676834800780758,lhs_candidate_000021_june2024_preflight,pa1_candidate_000021
2024-06-24T06:00,27.0,89.0,12.0,1.0,11.0,0.72,100620.0,25.0,0.39,0.01,27.1,0.305,1,0,0,1.0,27.03602779150967,89.50803161164802,0.023084401659503803,30.084192573080713,0.2155332025016565,1443.0064,0.3748657552293668,10.2,0.0011142489155244904,2.8054662665584384e-07,0.40452594136825004,0.0,0.0,1.1677134639103344,lhs_candidate_000021_june2024_preflight,pa1_candidate_000021
2024-06-24T07:00,27.4,89.0,119.0,31.0,88.0,0.91,100700.0,25.4,0.4,0.08,27.9,0.303,0,0,0,1.0,27.575173688633036,92.53067856661407,0.02458488492496997,30.022786896954262,0.2220866969677233,13568.0512,0.27542608675664715,101.14999999999999,0.0014879690496695905,2.1284341851930206e-06,0.44497961091187216,0.0,0.0,1.1665467147896005,lhs_candidate_000021_june2024_preflight,pa1_candidate_000021
2024-06-24T08:00,28.1,85.0,193.0,40.0,153.0,0.91,100750.0,25.4,0.56,0.15,28.1,0.301,0,0,0,1.0,28.463425422675755,90.66228719861923,0.025292186153005287,30.035385316508112,0.2215888966023032,22366.907199999998,0.3625956462064077,164.04999999999998,0.0016067460824631481,3.405547614143196e-06,0.4419067691500197,0.0,0.0,1.1636887469816064,lhs_candidate_000021_june2024_preflight,pa1_candidate_000021
2024-06-24T09:00,28.7,84.0,245.0,30.0,215.0,0.85,100780.0,25.6,0.64,0.19,28.9,0.299,0,0,0,1.0,29.325482606347656,89.34499249893558,0.026124210977063068,30.108101794075054,0.22089702148842855,29124.215999999997,0.4348992004252752,208.25,0.001689016364809666,4.27456289525682e-06,0.4376359351137565,0.0,0.0,1.160717746400045,lhs_candidate_000021_june2024_preflight,pa1_candidate_000021
2024-06-24T10:00,29.0,81.0,262.0,37.0,225.0,0.63,100780.0,25.4,0.75,0.21,29.3,0.297,0,0,0,1.0,29.87209696585646,86.68083034604868,0.026107731592884747,30.21774068563127,0.22010307429260048,30972.04,0.5610082290635638,222.7,0.0016111834127386683,4.545232180918103e-06,0.43273502649753387,0.0,0.0,1.1586239552413413,lhs_candidate_000021_june2024_preflight,pa1_candidate_000021
2024-06-24T11:00,30.3,72.0,529.0,126.0,403.0,0.36,100690.0,24.7,1.19,0.4,30.7,0.293,0,1,0,1.0,31.420553637911315,77.0923540493579,0.02523658175548288,30.429109688248612,0.2188808221319733,60730.5072,1.054045366209718,449.65,0.0029590572831483643,8.996846744983703e-06,0.42519026007390925,0.0,0.0,1.1517040045231635,lhs_candidate_000021_june2024_preflight,pa1_candidate_000021
2024-06-24T12:00,31.3,67.0,736.0,433.0,303.0,0.51,100630.0,24.5,1.5,0.56,31.9,0.289,0,1,0,1.0,33.32616201392545,69.76229732221682,0.02526788759110644,30.81955349285586,0.21696954501174123,75428.2672,1.5490497304255757,625.6,0.0035082439928949835,1.2190788772376818e-05,0.4133922531588965,0.0,0.0,1.1438609161725481,lhs_candidate_000021_june2024_preflight,pa1_candidate_000021
2024-06-24T13:00,31.9,65.0,689.0,411.0,278.0,0.45,100580.0,24.4,1.66,0.53,32.5,0.285,0,1,0,1.0,34.280638435841894,65.43375221233026,0.024918008096716775,31.282797601970938,0.21486819519310735,70412.7072,1.867594510565818,585.65,0.003631744028008678,1.1155914138365996e-05,0.40042095798214417,0.0,0.0,1.1397429988341319,lhs_candidate_000021_june2024_preflight,pa1_candidate_000021
2024-06-24T14:00,31.5,67.0,385.0,152.0,233.0,0.42,100480.0,24.5,1.54,0.31,32.3,0.285,0,1,0,1.0,33.54213969704746,65.2505263654035,0.023904004071855438,31.63417735182587,0.21330384259172144,42077.4992,1.8018109258021893,327.25,0.0034699143145968565,6.263649899943051e-06,0.390764460442725,0.0,0.0,1.1413515415369289,lhs_candidate_000021_june2024_preflight,pa1_candidate_000021
2024-06-24T15:00,30.7,73.0,481.0,224.0,257.0,0.85,100440.0,25.3,1.19,0.37,32.0,0.309,0,1,0,1.0,32.774073360730625,70.8082638327592,0.024909848865320047,31.88863765404071,0.212065762307169,51369.8768,1.4498812397472873,408.84999999999997,0.0037627922441910372,7.485683533007006e-06,0.383121989550426,0.0,0.0,1.1437615681272157,lhs_candidate_000021_june2024_preflight,pa1_candidate_000021
2024-06-24T16:00,30.2,76.0,322.0,144.0,178.0,0.5,100450.0,25.4,1.05,0.24,31.2,0.31,0,1,0,1.0,31.91447357389066,73.79027821928368,0.0248008290164866,32.096506902375246,0.21094544311973737,34598.4672,1.2402030677215707,273.7,0.0033595597961998923,4.9824597215400505e-06,0.37620643901072454,0.0,0.0,1.1470986146361688,lhs_candidate_000021_june2024_preflight,pa1_candidate_000021
2024-06-24T17:00,28.9,85.0,112.0,34.0,78.0,0.22,100470.0,26.2,0.59,0.09,30.4,0.332,0,1,0,1.0,30.23366806581768,81.01768856027618,0.024883488216845197,32.158261604969766,0.21033561035033574,12600.2272,0.8162898750910834,95.2,0.0030336993032322227,1.8029108852428877e-06,0.37244203919960334,0.0,0.0,1.1536834250687618,lhs_candidate_000021_june2024_preflight,pa1_candidate_000021
2024-06-24T18:00,28.5,89.0,46.0,9.0,37.0,0.2,100470.0,26.5,0.44,0.03,29.6,0.336,1,0,0,1.0,29.099022864257172,88.47570265673315,0.025553342326441065,32.096677757671564,0.21010602155770106,5349.748799999999,0.46427442273384845,39.1,0.0011228273989011318,7.667868252164189e-07,0.3710248244302535,0.0,0.0,1.1580143616917133,lhs_candidate_000021_june2024_preflight,pa1_candidate_000021
2024-06-24T19:00,28.7,83.0,0.0,0.0,0.0,0.36,100540.0,25.6,0.66,0.01,29.1,0.333,0,0,0,1.0,28.78180960772024,85.90475966065257,0.02438552442712663,31.986438669679256,0.21679129047554677,0.0,0.5575296049317187,0.0,0.0006728160557219517,1.3985491089178386e-07,0.4122919165157208,0.0,0.0,1.1600386514222145,lhs_candidate_000021_june2024_preflight,pa1_candidate_000021
2024-06-24T20:00,28.5,84.0,0.0,0.0,0.0,0.28,100620.0,25.5,0.62,0.0,28.6,0.33,0,0,0,1.0,28.628042468579388,84.39816519328177,0.023757533970458433,31.86224062121098,0.2167640073444914,0.0,0.6116505511615813,0.0,0.0006539226343981062,1.5336834125598876e-07,0.41212350212649007,0.0,0.0,1.161553251066649,lhs_candidate_000021_june2024_preflight,pa1_candidate_000021
2024-06-24T21:00,27.8,89.0,0.0,0.0,0.0,0.71,100640.0,25.9,0.4,0.0,28.3,0.327,0,0,0,1.0,28.139917971309156,87.41134645241497,0.023956952197255483,31.73421377402134,0.21673878479180195,0.0,0.47973272214746565,0.0,0.0013433724469917579,1.2024515589924004e-07,0.41196780735680216,0.0,0.0,1.1636663548631223,lhs_candidate_000021_june2024_preflight,pa1_candidate_000021
2024-06-24T22:00,27.2,92.0,0.0,0.0,0.0,0.7,100700.0,25.8,0.29,0.0,28.0,0.325,0,0,0,1.0,27.53044611200449,90.60468033015128,0.024013906100435165,31.594448756570937,0.21672037100080518,0.0,0.3455418294412933,0.0,0.0013249737746002849,8.658627046598152e-08,0.4118541419802789,0.0,0.0,1.166720243890848,lhs_candidate_000021_june2024_preflight,pa1_candidate_000021
2024-06-24T23:00,26.9,93.0,0.0,0.0,0.0,0.54,100730.0,25.7,0.24,0.0,27.7,0.322,0,0,0,1.0,27.11492126556691,92.28571719047727,0.023904846081052044,31.444941520782415,0.21670656773618382,0.0,0.27690023223365845,0.0,0.0010398107293007773,6.937162507561301e-08,0.41176893664311004,0.0,0.0,1.1686828862696401,lhs_candidate_000021_june2024_preflight,pa1_candidate_000021
2024-06-25T00:00,26.9,94.0,0.0,0.0,0.0,0.81,100740.0,25.8,0.22,0.0,27.6,0.32,0,0,0,1.0,26.980919921608546,93.55867435070253,0.024055612208274,31.292994898077836,0.21669519556725803,0.0,0.22939822608052962,0.0,0.0012809590453082575,5.7461182405238614e-08,0.41169873806949403,0.0,0.0,1.1693207486193726,lhs_candidate_000021_june2024_preflight,pa1_candidate_000021
2024-06-25T01:00,26.8,94.0,0.0,0.0,0.0,0.6,100730.0,25.7,0.22,0.0,27.5,0.319,0,0,0,1.0,26.90587263050955,93.77641671334298,0.024011630829019966,31.14412898102478,0.21668514499090852,0.0,0.22066952795644168,0.0,0.0010106140275581107,5.5266430879262926e-08,0.41163669747474396,0.0,0.0,1.169497106501518,lhs_candidate_000021_june2024_preflight,pa1_candidate_000021
2024-06-25T02:00,26.1,98.0,0.0,0.0,0.0,0.85,100640.0,25.7,0.08,0.0,27.5,0.348,0,0,0,1.0,26.45400267041061,96.15865190098934,0.024012082834819794,30.99412805402987,0.21667676755577123,0.0,0.13263081783231945,0.0,0.0015262246418081356,3.3213063653570316e-08,0.4115849849121681,0.0,0.0,1.1702144746990337,lhs_candidate_000021_june2024_preflight,pa1_candidate_000021
2024-06-25T03:00,25.9,97.0,0.0,0.0,0.0,0.73,100620.0,25.4,0.1,0.0,27.4,0.353,0,0,0,1.0,26.08437016303924,96.5222448580552,0.023612115368484166,30.836053706846737,0.21667156280833805,0.0,0.11748695949681132,0.0,0.0012519113500748331,2.9418481559054524e-08,0.41155285684159293,0.0,0.0,1.1714271530336542,lhs_candidate_000021_june2024_preflight,pa1_candidate_000021
2024-06-25T04:00,25.7,97.0,0.0,0.0,0.0,0.92,100570.0,25.2,0.11,0.0,27.3,0.359,0,0,0,1.0,25.86599856367966,96.39014631284432,0.023294313230527892,30.676070565905135,0.2166661474526249,0.0,0.12038517320748499,0.0,0.001496403434362826,3.014173958597054e-08,0.4115194287199069,0.0,0.0,1.1717001174883868,lhs_candidate_000021_june2024_preflight,pa1_candidate_000021
2024-06-25T05:00,25.7,96.0,0.0,0.0,0.0,1.14,100660.0,25.1,0.12,0.0,27.2,0.361,0,0,0,1.0,25.781668851768444,95.80008720457738,0.023042935153758857,30.51713512571795,0.21666040079488333,0.0,0.13936566722125043,0.0,0.0017595891430402019,3.489102048083878e-08,0.4114839555239712,0.0,0.0,1.1730795075089373,lhs_candidate_000021_june2024_preflight,pa1_candidate_000021
2024-06-25T06:00,25.7,97.0,8.0,1.0,7.0,0.67,100650.0,25.2,0.11,0.01,27.2,0.359,1,0,0,1.0,25.791071024510373,96.73878185006947,0.02328094581913861,30.365194019675013,0.21664316269752815,950.2767999999999,0.10827723274540535,6.8,0.0010925361296015128,1.5474934041531806e-07,0.41137754751560585,0.0,0.0,1.1729260771609433,lhs_candidate_000021_june2024_preflight,pa1_candidate_000021
2024-06-25T07:00,27.4,87.0,106.0,30.0,76.0,0.57,100720.0,25.1,0.47,0.08,28.2,0.356,0,0,0,1.0,27.032364326538463,93.98822529944522,0.02423494555047209,30.262279235015207,0.22322921552814148,12001.8624,0.21474752873536973,90.1,0.0012070460578060618,1.9175519192773582e-06,0.4520321946181573,0.0,0.0,1.1688882472525755,lhs_candidate_000021_june2024_preflight,pa1_candidate_000021
2024-06-25T08:00,27.8,83.0,222.0,86.0,136.0,0.41,100740.0,24.7,0.63,0.16,28.0,0.352,0,0,0,1.0,28.287223092968862,92.9189359191846,0.02567288290053313,30.26370741890494,0.22270222412219018,24320.806399999998,0.2721682885872019,188.7,0.001155051548306845,3.938614585132012e-06,0.44877916124808753,0.0,0.0,1.1642534003118687,lhs_candidate_000021_june2024_preflight,pa1_candidate_000021
2024-06-25T09:00,28.6,79.0,319.0,143.0,176.0,0.28,100720.0,24.5,0.84,0.24,28.7,0.347,0,0,0,1.0,29.37991555675485,89.96274392845756,0.026382748385685835,30.35557638339194,0.22184322359312397,34264.102399999996,0.41097213627217544,271.15,0.0013036423964651914,5.598036432312476e-06,0.4434766888464443,0.0,0.0,1.1598179870841774,lhs_candidate_000021_june2024_preflight,pa1_candidate_000021
2024-06-25T10:00,28.9,76.0,335.0,68.0,267.0,0.5,100700.0,24.3,0.93,0.26,29.8,0.343,0,1,0,1.0,30.041739968452706,79.72357967310181,0.024233547690051628,30.50236738777986,0.2208103169652691,38873.7008,0.8624036048140384,284.75,0.0030587604109822983,5.908867200702669e-06,0.43710072200783395,0.0,0.0,1.1570564668335253,lhs_candidate_000021_june2024_preflight,pa1_candidate_000021
2024-06-25T11:00,29.6,73.0,543.0,154.0,389.0,1.3,100670.0,24.2,1.14,0.41,30.5,0.338,0,1,0,1.0,31.070864198347028,74.71812720828125,0.02400567499434881,30.72760865451562,0.21943576799771636,61469.9536,1.1404017813129346,461.55,0.00397185923154428,9.324596361657815e-06,0.4286158518377553,0.0,0.0,1.1527988158734257,lhs_candidate_000021_june2024_preflight,pa1_candidate_000021
2024-06-25T12:00,30.2,69.0,588.0,244.0,344.0,2.33,100600.0,24.0,1.31,0.45,31.2,0.332,0,1,0,1.0,32.016229605702414,68.21193860673583,0.02305050780529419,31.047164801359262,0.21770288404288618,63846.745599999995,1.5128376535353008,499.8,0.005360615853410111,9.916025826855502e-06,0.41791903730176655,0.0,0.0,1.14842848931861,lhs_candidate_000021_june2024_preflight,pa1_candidate_000021
2024-06-25T13:00,31.1,66.0,871.0,682.0,189.0,2.0,100610.0,24.0,1.54,0.65,32.4,0.326,0,1,0,1.0,33.53423580677868,65.42778714619986,0.023958977673595273,31.479689313777563,0.21553514572493554,83297.4736,1.7918282820924478,740.35,0.005093001210334671,1.4107687908447866e-05,0.4045379365736762,0.0,0.0,1.1428576635883716,lhs_candidate_000021_june2024_preflight,pa1_candidate_000021
2024-06-25T14:00,29.9,72.0,352.0,107.0,245.0,1.43,100560.0,24.2,1.2,0.28,31.7,0.322,0,1,0,1.0,32.31344288526015,67.22993796577356,0.023080499075730593,31.844469157407598,0.21375411004482317,39595.688,1.5859544001352361,299.2,0.004435834278621943,5.752793553288269e-06,0.39354388916557514,0.0,0.0,1.146854891055403,lhs_candidate_000021_june2024_preflight,pa1_candidate_000021
2024-06-25T15:00,29.9,71.0,299.0,206.0,93.0,0.85,100580.0,24.1,1.22,0.24,31.3,0.318,0,1,0,1.0,31.238266504761878,70.43611137002115,0.022833823019595818,31.989468841331462,0.21280553854972448,29583.9632,1.3463080091395883,254.15,0.003445110138479913,4.813699067704053e-06,0.3876885095662005,0.0,0.0,1.151134772072026,lhs_candidate_000021_june2024_preflight,pa1_candidate_000021
2024-06-25T16:00,30.0,71.0,370.0,253.0,117.0,0.22,100550.0,24.1,1.23,0.27,31.3,0.314,0,1,0,1.0,31.339925480442066,71.7721119584847,0.02339386912662757,32.12470540574119,0.211851918713559,36676.3408,1.2929131409652204,314.5,0.0030345211704425217,5.779639052407957e-06,0.3818019673676481,0.0,0.0,1.150407212397888,lhs_candidate_000021_june2024_preflight,pa1_candidate_000021
2024-06-25T17:00,29.6,74.0,195.0,106.0,89.0,0.4,100560.0,24.4,1.09,0.14,30.8,0.311,0,1,0,1.0,30.799996341414474,72.72293965533206,0.023027449543200084,32.22339389354052,0.21105085086690353,20291.2336,1.2115625086798358,165.75,0.0030298851705101593,3.1281356998825784e-06,0.3768571041166885,0.0,0.0,1.1525653815704635,lhs_candidate_000021_june2024_preflight,pa1_candidate_000021
2024-06-25T18:00,29.2,77.0,76.0,49.0,27.0,0.14,100560.0,24.8,0.92,0.05,30.2,0.309,1,0,0,1.0,29.918538050036602,76.60498242393031,0.023130994222309416,32.21280590912876,0.2106497975404871,7637.924799999999,0.988037022055035,64.6,0.001201829356477353,1.3286605527219384e-06,0.3743814662993031,0.0,0.0,1.1559175550374852,lhs_candidate_000021_june2024_preflight,pa1_candidate_000021
2024-06-25T19:00,29.1,75.0,1.0,0.0,1.0,0.82,100600.0,24.3,0.99,0.0,29.6,0.308,0,0,0,1.0,29.340095596573892,75.84777433261321,0.02219528174326942,32.12695857172067,0.21726834149629023,123.18239999999999,0.9866380115775168,0.85,0.0014096751537716204,2.653691476372455e-07,0.41523667590302615,0.0,0.0,1.1585886518563495,lhs_candidate_000021_june2024_preflight,pa1_candidate_000021
2024-06-25T20:00,29.0,77.0,0.0,0.0,0.0,1.22,100680.0,24.5,0.92,0.01,29.1,0.306,0,0,0,1.0,29.093240593493153,76.84475884698891,0.022187135557776908,32.01138829753943,0.21722267100519785,0.0,0.9325338292158261,0.0,0.001882379509928494,2.3543461349343276e-07,0.4149547592913448,0.0,0.0,1.1604570162082326,lhs_candidate_000021_june2024_preflight,pa1_candidate_000021
2024-06-25T21:00,28.0,87.0,0.0,0.0,0.0,0.92,100700.0,25.5,0.51,0.0,28.6,0.305,0,0,0,1.0,28.446063061261295,84.43538287231199,0.023532693207149992,31.889437459540925,0.21718697403327478,0.0,0.6037859063062481,0.0,0.0016687757194724226,1.5235545414109949e-07,0.4147344076128073,0.0,0.0,1.1631781922489786,lhs_candidate_000021_june2024_preflight,pa1_candidate_000021
2024-06-25T22:00,27.7,89.0,0.0,0.0,0.0,1.12,100760.0,25.8,0.39,0.0,28.2,0.304,0,0,0,1.0,27.913713713644814,88.12246774870829,0.023853806147460847,31.752788135858307,0.2171639527981464,0.0,0.4467117471875022,0.0,0.0018033171601922167,1.126817475902316e-07,0.41459230122312596,0.0,0.0,1.1659292377333823,lhs_candidate_000021_june2024_preflight,pa1_candidate_000021
2024-06-25T23:00,27.3,92.0,0.0,0.0,0.0,1.04,100790.0,26.0,0.28,0.0,27.9,0.302,0,0,0,1.0,27.53353738870686,90.86768141455579,0.024087714971909324,31.609490883400152,0.21714613981427264,0.0,0.3359298273421527,0.0,0.001703288843729844,8.47148546480959e-08,0.4144823445325472,0.0,0.0,1.1677509872932632,lhs_candidate_000021_june2024_preflight,pa1_candidate_000021
2024-06-26T00:00,27.1,93.0,0.0,0.0,0.0,0.92,100800.0,26.0,0.24,0.0,27.8,0.302,0,0,0,1.0,27.25963933420619,92.36746572314902,0.02411810907054356,31.461711833491837,0.21713245382585872,0.0,0.2762985204784951,0.0,0.0014917108107690678,6.966281727527068e-08,0.4143978631225847,0.0,0.0,1.168931648009525,lhs_candidate_000021_june2024_preflight,pa1_candidate_000021
2024-06-26T01:00,27.1,94.0,0.0,0.0,0.0,0.91,100750.0,26.0,0.22,0.0,27.8,0.301,0,0,0,1.0,27.17163166770043,93.60503954566043,0.024322713595525288,31.314005751269377,0.2171210010515564,0.0,0.23030797577915818,0.0,0.0014180649913361654,5.8057369693981416e-08,0.4143271669849161,0.0,0.0,1.1686942001277494,lhs_candidate_000021_june2024_preflight,pa1_candidate_000021
2024-06-26T02:00,27.1,92.0,0.0,0.0,0.0,0.85,100710.0,25.6,0.29,0.0,27.5,0.299,0,0,0,1.0,27.160097293202806,92.28007109346194,0.023963148615966077,31.17037885493711,0.21710975951325495,0.0,0.2778375250718703,0.0,0.0013227853515580938,7.002716378981167e-08,0.4142577747731787,0.0,0.0,1.1682750720661006,lhs_candidate_000021_june2024_preflight,pa1_candidate_000021
2024-06-26T03:00,27.1,90.0,0.0,0.0,0.0,0.95,100650.0,25.3,0.36,0.0,27.3,0.298,0,0,0,1.0,27.15581911166462,90.31821046606667,0.023448150812963243,31.031504558236104,0.21709556881128303,0.0,0.34835685844106434,0.0,0.0014655488635418286,8.778254286321859e-08,0.4141701778474261,0.0,0.0,1.167595682215837,lhs_candidate_000021_june2024_preflight,pa1_candidate_000021
2024-06-26T04:00,27.0,90.0,0.0,0.0,0.0,1.12,100670.0,25.1,0.37,0.0,27.0,0.297,0,0,0,1.0,27.093383212776462,89.82415037010401,0.023239533089048928,30.896665869596646,0.21707919522242358,0.0,0.3647960368911951,0.0,0.0017367837210764464,9.190262324667116e-08,0.4140691063112567,0.0,0.0,1.1680705441668524,lhs_candidate_000021_june2024_preflight,pa1_candidate_000021
2024-06-26T05:00,27.8,85.0,0.0,0.0,0.0,0.91,100650.0,25.0,0.58,0.0,26.9,0.296,0,0,0,1.0,27.528269962082856,86.76412869382123,0.022993246982182167,30.769780557029815,0.21706050816332687,0.0,0.48672805354151727,0.0,0.0015504030049531946,1.2258664839973174e-07,0.4139537540946103,0.0,0.0,1.1661493788137298,lhs_candidate_000021_june2024_preflight,pa1_candidate_000021
2024-06-26T06:00,27.9,85.0,16.0,5.0,11.0,1.0,100750.0,25.0,0.58,0.02,27.0,0.295,1,0,0,1.0,27.900353872210836,85.76892522938599,0.02319969130937874,30.665547775666084,0.21701371509278608,1795.0064,0.5348115602181971,13.6,0.0015029762026313599,3.913194268865122e-07,0.41366490798016103,0.0,0.0,1.1658652600419421,lhs_candidate_000021_june2024_preflight,pa1_candidate_000021
2024-06-26T07:00,28.1,84.0,98.0,44.0,54.0,0.98,100790.0,25.2,0.6,0.08,28.4,0.294,0,0,0,1.0,28.29792127836612,86.82790571535696,0.02400403525722555,30.60184634484626,0.22357993737005333,10523.849599999998,0.5065983365958306,83.3,0.0015989235795072147,1.8664516588531236e-06,0.45419714425958846,0.0,0.0,1.164789911834407,lhs_candidate_000021_june2024_preflight,pa1_candidate_000021
2024-06-26T08:00,28.9,78.0,275.0,180.0,95.0,0.58,100870.0,24.6,0.89,0.2,29.2,0.292,0,0,0,1.0,29.39000407982545,87.62449851570062,0.025711112741368346,30.63327421785149,0.22296631877037634,27542.327999999998,0.5070054731814237,233.75,0.0013100211964130126,4.94318566215102e-06,0.4504093751257799,0.0,0.0,1.1615065445919497,lhs_candidate_000021_june2024_preflight,pa1_candidate_000021
2024-06-26T09:00,29.5,73.0,424.0,233.0,191.0,0.76,100870.0,24.2,1.1,0.32,30.1,0.29,0,1,0,1.0,30.616471596448097,76.2451541114353,0.02390569999273961,30.790572079959436,0.2218389986793558,44031.83839999999,1.0441261618191695,360.4,0.003253008970265076,7.57454361147048e-06,0.443450609131826,0.0,0.0,1.1568169221994589,lhs_candidate_000021_june2024_preflight,pa1_candidate_000021
2024-06-26T10:00,29.9,74.0,513.0,315.0,198.0,1.41,100860.0,24.7,1.1,0.39,30.8,0.288,0,1,0,1.0,31.492203078785906,74.37910225372246,0.024441818135494096,31.039098546334962,0.22034946233518138,52110.11519999999,1.183691944535643,436.05,0.004141376968917099,8.953431637945188e-06,0.4342559403406258,0.0,0.0,1.1533771554046146,lhs_candidate_000021_june2024_preflight,pa1_candidate_000021
2024-06-26T11:00,30.1,75.0,634.0,380.0,254.0,1.61,100800.0,25.1,1.08,0.47,31.4,0.285,0,1,0,1.0,32.17396766100368,73.93557251048556,0.02519518322061088,31.359526602977752,0.21857549310847735,64728.3296,1.2515404006547537,538.9,0.004529766270449771,1.07317955704997e-05,0.4233055130152923,0.0,0.0,1.1501171607162073,lhs_candidate_000021_june2024_preflight,pa1_candidate_000021
2024-06-26T12:00,30.7,74.0,806.0,526.0,280.0,1.26,100780.0,25.5,1.15,0.6,32.2,0.281,0,1,0,1.0,33.215827553225125,73.04808284162135,0.026304555406946272,31.77461751469071,0.21642192344688405,80779.072,1.3722202813951485,685.1,0.004293160421760098,1.316020714551135e-05,0.4100118731289139,0.0,0.0,1.1459785293812217,lhs_candidate_000021_june2024_preflight,pa1_candidate_000021
2024-06-26T13:00,30.3,76.0,674.0,349.0,325.0,1.5,100760.0,25.6,1.04,0.5,32.3,0.278,0,1,0,1.0,33.11874252461296,71.92526069799032,0.025767906781646,32.2043892426173,0.214274677712432,70746.28,1.4216340241389829,572.9,0.004631771275981684,1.0715354242578676e-05,0.3967572698298272,0.0,0.0,1.1461143025756926,lhs_candidate_000021_june2024_preflight,pa1_candidate_000021
2024-06-26T14:00,30.3,72.0,576.0,276.0,300.0,1.55,100650.0,24.6,1.22,0.44,32.3,0.275,0,1,0,1.0,32.644619544494546,69.43651050506385,0.024260431617908303,32.541569121950225,0.2125050751286322,61242.72,1.5070064731237864,489.59999999999997,0.004543799446441751,8.973782195427248e-06,0.3858337970903223,0.0,0.0,1.1466381529582494,lhs_candidate_000021_june2024_preflight,pa1_candidate_000021
2024-06-26T15:00,30.0,71.0,400.0,188.0,212.0,1.22,100690.0,24.1,1.24,0.31,31.9,0.278,0,1,0,1.0,31.926882769921736,68.78714765133321,0.023134568642981204,32.774505590005376,0.21114205738901654,42658.66879999999,1.4779800383735542,340.0,0.004051820598339124,6.1949731755322295e-06,0.3774201073396083,0.0,0.0,1.149792547700711,lhs_candidate_000021_june2024_preflight,pa1_candidate_000021
2024-06-26T16:00,28.8,82.0,297.0,146.0,151.0,1.2,100680.0,25.5,0.7,0.22,31.1,0.295,0,1,0,1.0,30.621005806524533,77.62538745956549,0.024344392621171676,32.89269601011439,0.21017982229814655,31448.542399999995,0.9837136792791195,252.45,0.00399505593265655,4.50168277396346e-06,0.3714803845564602,0.0,0.0,1.154620692705685,lhs_candidate_000021_june2024_preflight,pa1_candidate_000021
2024-06-26T17:00,28.0,83.0,198.0,87.0,111.0,0.54,100750.0,24.9,0.63,0.14,30.2,0.327,0,0,0,1.0,29.39159383714936,82.85025578723182,0.02431233554343587,32.912444767263146,0.20950778400518003,21329.2464,0.7026632987385453,168.29999999999998,0.0018370805912715756,2.978079388475969e-06,0.36733200003197547,0.0,0.0,1.160118662202427,lhs_candidate_000021_june2024_preflight,pa1_candidate_000021
2024-06-26T18:00,27.1,90.0,57.0,23.0,34.0,0.32,100800.0,25.3,0.37,0.04,29.3,0.332,1,0,0,1.0,28.060438512914388,87.93933865520347,0.023996794933840278,32.82954378523839,0.20915832178058902,6212.201599999999,0.4574913548652222,48.449999999999996,0.0014540580177220012,9.08993753466099e-07,0.36517482580610505,0.0,0.0,1.165823922034577,lhs_candidate_000021_june2024_preflight,pa1_candidate_000021
2024-06-26T19:00,26.4,98.0,1.0,0.0,1.0,0.45,100830.0,26.0,0.08,0.0,28.8,0.334,0,0,0,1.0,26.93708794800072,95.03190603707247,0.024375194464507855,32.65837136802569,0.21583532688278914,123.18239999999999,0.1764767368932203,0.85,0.0012305500782492248,5.939779063414567e-08,0.4063909066838836,0.0,0.0,1.1705363552826702,lhs_candidate_000021_june2024_preflight,pa1_candidate_000021
2024-06-26T20:00,26.6,91.0,0.0,0.0,0.0,0.3,100900.0,24.9,0.32,0.0,28.3,0.331,0,0,0,1.0,26.660177348855154,93.10468896354826,0.02351716726690735,32.45661567198359,0.21582579855591963,0.0,0.24098243727721158,0.0,0.0005672538711445519,5.957601932880053e-08,0.40633208985135577,0.0,0.0,1.172430866947342,lhs_candidate_000021_june2024_preflight,pa1_candidate_000021
2024-06-26T21:00,26.7,89.0,0.0,0.0,0.0,0.67,100910.0,24.7,0.38,0.0,27.9,0.329,0,0,0,1.0,26.739333526123342,89.68709081343673,0.022753601271008537,32.26093196908304,0.21581212706447614,0.0,0.3621046685944851,0.0,0.001044596884412471,8.950143624760632e-08,0.40624769792886506,0.0,0.0,1.1722375689448095,lhs_candidate_000021_june2024_preflight,pa1_candidate_000021
2024-06-26T22:00,26.9,88.0,0.0,0.0,0.0,0.95,100960.0,24.6,0.44,0.0,27.6,0.327,0,0,0,1.0,26.890411493663027,88.34674066491267,0.02260199103297392,32.075001485037376,0.2157947392025027,0.0,0.4128145876937168,0.0,0.001434202619933349,1.0200845227850731e-07,0.4061403654475475,0.0,0.0,1.172227858294706,lhs_candidate_000021_june2024_preflight,pa1_candidate_000021
2024-06-26T23:00,26.9,88.0,0.0,0.0,0.0,0.73,100980.0,24.7,0.43,0.0,27.4,0.325,0,0,0,1.0,26.96188293536825,88.03617590046676,0.022611841152320452,31.89905092943949,0.21577596712505012,0.0,0.425598092226497,0.0,0.0011511689565230877,1.0513731160483476e-07,0.40602448842623534,0.0,0.0,1.1721808540170793,lhs_candidate_000021_june2024_preflight,pa1_candidate_000021
2024-06-27T00:00,26.2,91.0,0.0,0.0,0.0,1.0,100960.0,24.6,0.3,0.0,27.1,0.323,0,0,0,1.0,26.553146604901094,89.54011636158812,0.02248283228202877,31.725474447133653,0.21575807657975044,0.0,0.3632647250085177,0.0,0.0017187514342298345,8.971442583569749e-08,0.40591405296142247,0.0,0.0,1.1735470012623725,lhs_candidate_000021_june2024_preflight,pa1_candidate_000021
2024-06-27T01:00,27.2,86.0,0.0,0.0,0.0,0.81,100960.0,24.6,0.5,0.0,27.0,0.323,0,0,0,1.0,26.896004770416873,87.76484624668545,0.0224600796647542,31.552653041535617,0.21574129585796084,0.0,0.43357045580506703,0.0,0.0014422070075886487,1.0705030137471897e-07,0.40581046825901756,0.0,0.0,1.1722060063295883,lhs_candidate_000021_june2024_preflight,pa1_candidate_000021
2024-06-27T02:00,27.1,87.0,0.0,0.0,0.0,0.67,100920.0,24.8,0.46,0.0,26.9,0.322,0,0,0,1.0,27.159257222155336,86.99704330324315,0.022590211149981075,31.398805404784703,0.21572066819674826,0.0,0.46794880097345715,0.0,0.001063134075185272,1.1550220149252046e-07,0.40568313701696457,0.0,0.0,1.170714428431518,lhs_candidate_000021_june2024_preflight,pa1_candidate_000021
2024-06-27T03:00,27.0,88.0,0.0,0.0,0.0,0.5,100880.0,24.7,0.44,0.0,26.8,0.321,0,0,0,1.0,27.099355511203303,87.8289679950629,0.022730839623721886,31.25148362594439,0.2157005207439274,0.0,0.4364745156861738,0.0,0.0008717690497467215,1.0770048435218715e-07,0.40555877002424323,0.0,0.0,1.1704838842289087,lhs_candidate_000021_june2024_preflight,pa1_candidate_000021
2024-06-27T04:00,27.0,87.0,0.0,0.0,0.0,0.54,100880.0,24.7,0.45,0.0,26.6,0.319,0,0,0,1.0,27.061975619360094,87.4698664644276,0.02259115403996866,31.10754002997885,0.2156810932552551,0.0,0.44836878577929795,0.0,0.0008834124638391176,1.1060269170463756e-07,0.4054388472546612,0.0,0.0,1.1706296231219242,lhs_candidate_000021_june2024_preflight,pa1_candidate_000021
2024-06-27T05:00,24.7,96.0,0.0,0.0,0.0,1.0,100920.0,24.1,0.11,0.0,26.4,0.318,0,0,0,1.0,25.689452670250397,91.40933968221431,0.02187380077274455,30.95354692548299,0.21566375705727206,0.0,0.28351096823904154,0.0,0.002052695918341376,6.991744444517295e-08,0.4053318336868646,0.0,0.0,1.1764724412391114,lhs_candidate_000021_june2024_preflight,pa1_candidate_000021
2024-06-27T06:00,25.0,97.0,18.0,9.0,9.0,0.81,100930.0,24.5,0.09,0.0,26.6,0.316,1,0,0,1.0,25.108182191321788,96.72909549244552,0.022405010609174127,30.774352809865526,0.21563053294766396,1900.6415999999997,0.1042845483160959,15.299999999999999,0.001302242464342828,3.085499427915413e-07,0.4051267465905183,0.0,0.0,1.178882051029101,lhs_candidate_000021_june2024_preflight,pa1_candidate_000021
2024-06-27T07:00,27.3,89.0,160.0,107.0,53.0,0.5,100990.0,25.3,0.4,0.1,28.5,0.315,0,0,0,1.0,26.846804624580734,97.55602182981224,0.024897813705798463,30.662474111748562,0.22212264133347406,15944.667199999998,0.08635605367147914,136.0,0.0012069351829630012,2.7862695533799416e-06,0.4452014897128029,3.545015395378502e-07,0.0,1.1727466258066075,lhs_candidate_000021_june2024_preflight,pa1_candidate_000021
2024-06-27T08:00,28.4,85.0,390.0,303.0,87.0,0.2,101030.0,25.6,0.59,0.27,28.6,0.313,0,0,0,1.0,29.07234129524797,99.74372406180204,0.028765928666242956,30.72086400573399,0.2212718506152307,37380.8688,0.010308581840836162,331.5,0.00118495227076931,6.657831753179073e-06,0.43994969515574506,0.0,0.0,1.1645717103950075,lhs_candidate_000021_june2024_preflight,pa1_candidate_000021
2024-06-27T09:00,29.4,75.0,546.0,417.0,129.0,0.7,101070.0,24.5,1.02,0.4,29.4,0.31,0,1,0,1.0,30.813365863848556,78.72376279020959,0.024945498719078293,30.941469105879847,0.2198281017603552,52586.5296,0.9457451456120478,464.09999999999997,0.003351677287807161,9.376389841785118e-06,0.43103766518737774,0.0,0.0,1.1583597795303153,lhs_candidate_000021_june2024_preflight,pa1_candidate_000021
2024-06-27T10:00,29.9,72.0,731.0,578.0,153.0,1.1,101060.0,24.4,1.17,0.53,31.0,0.306,0,1,0,1.0,32.142403751302886,72.73200137789094,0.024743481165626868,31.29317258072276,0.21788056264094136,69710.9072,1.3070019315510564,621.35,0.004047877017086317,1.2213656761951596e-05,0.41901581877124294,0.0,0.0,1.1532029490578188,lhs_candidate_000021_june2024_preflight,pa1_candidate_000021
2024-06-27T11:00,30.6,69.0,846.0,644.0,202.0,1.24,100970.0,24.3,1.36,0.63,31.9,0.302,0,1,0,1.0,33.30429637102133,68.46376426405018,0.02476900205390434,31.751498675490947,0.21554789372687,81554.84479999999,1.61359674249797,719.1,0.004335695968666468,1.3674209834843282e-05,0.404616627943642,0.0,0.0,1.1478075858907366,lhs_candidate_000021_june2024_preflight,pa1_candidate_000021
2024-06-27T12:00,30.9,68.0,776.0,575.0,201.0,1.58,100900.0,24.2,1.44,0.58,32.3,0.298,0,1,0,1.0,33.75281220841823,65.46861389129026,0.024250969318182596,32.23058497069543,0.21322231278562587,75359.6624,1.8116843841026804,659.6,0.00472461196426263,1.2176503933442037e-05,0.3902611900347276,0.0,0.0,1.145335566068537,lhs_candidate_000021_june2024_preflight,pa1_candidate_000021
2024-06-27T13:00,31.0,67.0,777.0,530.0,247.0,2.01,100830.0,24.2,1.46,0.58,32.6,0.294,0,1,0,1.0,33.861135922631256,63.707676398665555,0.023733269527034702,32.67933111679507,0.21106459744921843,77066.0528,1.915606995789834,660.4499999999999,0.0052134390281128925,1.1799385838772485e-05,0.37694195956307674,0.0,0.0,1.1441371503949722,lhs_candidate_000021_june2024_preflight,pa1_candidate_000021
2024-06-27T14:00,30.3,70.0,678.0,518.0,160.0,2.19,100770.0,24.3,1.28,0.5,32.5,0.291,0,1,0,1.0,33.23136259998838,64.99356997617959,0.02342331330834366,33.079537497114835,0.20910486090675962,65293.184,1.783856055661309,576.3,0.005448580577753053,9.990494939490197e-06,0.3648448204120964,0.0,0.0,1.1458067174733946,lhs_candidate_000021_june2024_preflight,pa1_candidate_000021
2024-06-27T15:00,30.1,73.0,509.0,386.0,123.0,1.92,100720.0,24.7,1.17,0.38,32.2,0.289,0,1,0,1.0,32.389241857816124,68.8250428266939,0.0237233818645586,33.367001655946744,0.2075481487690354,49119.43519999999,1.5152164506657497,432.65,0.004959543939511504,7.340737828876396e-06,0.3552354862286136,0.0,0.0,1.1483946728422687,lhs_candidate_000021_june2024_preflight,pa1_candidate_000021
2024-06-27T16:00,29.9,75.0,421.0,304.0,117.0,1.35,100740.0,24.9,1.07,0.31,31.8,0.287,0,1,0,1.0,31.793260453074883,71.96448232154917,0.024031443820804535,33.55169212816333,0.20635263084697747,41164.3408,1.3175314269787046,357.84999999999997,0.004178549883440304,5.959083163123861e-06,0.34785574596899677,0.0,0.0,1.1508675792510619,lhs_candidate_000021_june2024_preflight,pa1_candidate_000021
2024-06-27T17:00,29.4,74.0,249.0,180.0,69.0,1.65,100690.0,24.3,1.05,0.19,31.1,0.289,0,1,0,1.0,30.871430266252005,71.18909810414834,0.022628418623539,33.6369953974961,0.20549586523824695,24339.5856,1.284912252645901,211.65,0.004389947678627318,3.576300517292267e-06,0.3425670693718948,0.0,0.0,1.153784211782117,lhs_candidate_000021_june2024_preflight,pa1_candidate_000021
2024-06-27T18:00,28.6,80.0,58.0,28.0,30.0,1.34,100820.0,24.8,0.77,0.05,30.1,0.291,1,0,0,1.0,29.53245771147868,77.4140124884315,0.02289145264706396,33.584443207788034,0.20508819970334377,6159.472,0.9329359219276743,49.3,0.0024236732590993946,9.580108135952807e-07,0.34005061545273935,0.0,0.0,1.1603844230459208,lhs_candidate_000021_june2024_preflight,pa1_candidate_000021
2024-06-27T19:00,28.1,82.0,1.0,0.0,1.0,1.0,100890.0,24.8,0.67,0.0,29.3,0.292,0,0,0,1.0,28.526091331020556,80.74271589915611,0.02260224492455222,33.429265903118996,0.21174838438559349,123.18239999999999,0.7505089206918445,0.85,0.001758508070190286,1.888330800995785e-07,0.38116286657773757,0.0,0.0,1.1650637193741256,lhs_candidate_000021_june2024_preflight,pa1_candidate_000021
2024-06-27T20:00,28.0,82.0,0.0,0.0,0.0,0.85,100950.0,24.5,0.7,0.0,28.9,0.294,0,0,0,1.0,28.149102138408995,81.83232216920881,0.022439200648462092,33.2441854058534,0.21171726116164846,0.0,0.6927100193932305,0.0,0.00138702024552311,1.6056395874608032e-07,0.3809707479114103,0.0,0.0,1.1672152002269773,lhs_candidate_000021_june2024_preflight,pa1_candidate_000021
2024-06-27T21:00,27.8,83.0,0.0,0.0,0.0,0.73,100970.0,24.6,0.63,0.0,28.5,0.293,0,0,0,1.0,27.959401285379343,82.7048810995175,0.022443580216994833,33.05874899736942,0.2116891514962199,0.0,0.6521996602328191,0.0,0.0012312780694065692,1.5110516793571415e-07,0.3807972314581475,0.0,0.0,1.1681819451731146,lhs_candidate_000021_june2024_preflight,pa1_candidate_000021
2024-06-27T22:00,27.2,88.0,0.0,0.0,0.0,0.41,100980.0,25.0,0.44,0.0,28.2,0.292,0,0,0,1.0,27.528479065431313,86.3457419202588,0.022882634535869757,32.871834734593655,0.21166469937064092,0.0,0.502119694902945,0.0,0.0010123081589443624,1.1628771252886849e-07,0.3806462924113637,0.0,0.0,1.169972005756025,lhs_candidate_000021_june2024_preflight,pa1_candidate_000021
2024-06-27T23:00,27.2,87.0,0.0,0.0,0.0,0.32,101000.0,24.9,0.46,0.0,27.9,0.291,0,0,0,1.0,27.30742129807214,87.3499759754346,0.022868241362688838,32.68064046830591,0.21164523305720095,0.0,0.459214897513744,0.0,0.000665118556127821,1.0631766267786018e-07,0.38052612998272195,0.0,0.0,1.1710646919370538,lhs_candidate_000021_june2024_preflight,pa1_candidate_000021
2024-06-28T00:00,26.9,89.0,0.0,0.0,0.0,0.5,100960.0,24.8,0.4,0.0,27.5,0.29,0,0,0,1.0,27.104318588811363,88.29592556447724,0.022857963712798326,32.4916531868807,0.21162666287710905,0.0,0.4198507358098347,0.0,0.000983068919850186,9.717477026135455e-08,0.3804114992414139,0.0,0.0,1.1713927400616087,lhs_candidate_000021_june2024_preflight,pa1_candidate_000021
2024-06-28T01:00,26.4,91.0,0.0,0.0,0.0,0.45,100940.0,24.8,0.3,0.0,27.3,0.29,0,0,0,1.0,26.69966078070871,89.95634136819135,0.022771753912726234,32.30076391135297,0.2116105580288071,0.0,0.3518292224782553,0.0,0.0010234632265589787,8.140985923130333e-08,0.3803120865975747,0.0,0.0,1.1727412123086445,lhs_candidate_000021_june2024_preflight,pa1_candidate_000021
2024-06-28T02:00,26.3,90.0,0.0,0.0,0.0,0.45,100910.0,24.6,0.34,0.0,27.2,0.291,0,0,0,1.0,26.44995366808024,90.04415838460102,0.022480154214477747,32.10634301194741,0.21159636282312447,0.0,0.34366489296901737,0.0,0.0008676834497652118,7.95023910673515e-08,0.38022446187113873,0.0,0.0,1.173369818590181,lhs_candidate_000021_june2024_preflight,pa1_candidate_000021
2024-06-28T03:00,26.1,89.0,0.0,0.0,0.0,0.3,100890.0,24.1,0.39,0.0,27.0,0.299,0,0,0,1.0,26.273708046871043,89.24363513345878,0.02206298397547104,31.913554352221112,0.2115815623590403,0.0,0.3674602894547281,0.0,0.0007388146239971354,8.498672007438284e-08,0.38013310098173025,0.0,0.0,1.1738277884039452,lhs_candidate_000021_june2024_preflight,pa1_candidate_000021
2024-06-28T04:00,26.2,89.0,0.0,0.0,0.0,0.64,100940.0,24.2,0.38,0.0,27.0,0.298,0,0,0,1.0,26.251264972596353,89.02433331017184,0.0219812938636155,31.72401917909791,0.21156607073906245,0.0,0.37445597814442655,0.0,0.001012963062092829,8.658290605143077e-08,0.38003747369791635,0.0,0.0,1.1744975584070751,lhs_candidate_000021_june2024_preflight,pa1_candidate_000021
2024-06-28T05:00,26.3,89.0,0.0,0.0,0.0,0.41,100970.0,24.3,0.38,0.0,26.9,0.297,0,0,0,1.0,26.333620423429316,89.1176023991888,0.022105389717357173,31.542302320061346,0.21155050253669155,0.0,0.37308178964802563,0.0,0.0006677627891657613,8.624334794509803e-08,0.37994137368328124,0.0,0.0,1.1745235535958147,lhs_candidate_000021_june2024_preflight,pa1_candidate_000021
2024-06-28T06:00,26.2,91.0,16.0,7.0,9.0,0.5,101030.0,24.6,0.31,0.01,26.9,0.296,1,0,0,1.0,26.35163453859861,90.91064096149982,0.022572754095357278,31.37307138434514,0.2115147929709811,1724.6416,0.3119421002051159,13.6,0.000929275246139661,3.0771939219984326e-07,0.3797209442653155,0.0,0.0,1.1751508116608673,lhs_candidate_000021_june2024_preflight,pa1_candidate_000021
2024-06-28T07:00,27.7,87.0,146.0,91.0,55.0,0.71,101070.0,25.2,0.5,0.1,28.7,0.296,0,0,0,1.0,27.53923704293432,93.32305976049257,0.024746371427161715,31.263901910215907,0.2180377080749817,14783.032000000001,0.24569121914130587,124.1,0.001205868753962302,2.4411142119453995e-06,0.4199858523147019,0.0,0.0,1.170972865307664,lhs_candidate_000021_june2024_preflight,pa1_candidate_000021
2024-06-28T08:00,28.1,85.0,274.0,163.0,111.0,1.03,101100.0,25.2,0.59,0.2,28.6,0.298,0,0,0,1.0,28.79876026568658,89.92295006064553,0.025549777914814033,31.27093503795778,0.21741086832954615,28017.2464,0.39898351339303506,232.9,0.0019396941328426068,4.5233371272057384e-06,0.41611647117003797,0.0,0.0,1.1664344922847054,lhs_candidate_000021_june2024_preflight,pa1_candidate_000021
2024-06-28T09:00,28.7,84.0,479.0,326.0,153.0,1.44,101100.0,25.8,0.62,0.34,29.3,0.297,0,1,0,1.0,30.030866977427728,86.59049589818952,0.02630541963604705,31.404301029861788,0.2163050623031588,47534.9072,0.5699821048494162,407.15,0.004086128108076814,7.746116931307713e-06,0.4092905080441901,0.0,0.0,1.1616941807304895,lhs_candidate_000021_june2024_preflight,pa1_candidate_000021
2024-06-28T10:00,29.4,81.0,589.0,464.0,125.0,1.61,101040.0,25.9,0.76,0.43,30.2,0.296,0,1,0,1.0,31.17526885024774,80.0859227655395,0.025874628838183242,31.65599690707795,0.21476249144743292,56229.8,0.9036241965958784,500.65,0.004438255484982377,9.352692608252322e-06,0.3997684657248946,0.0,0.0,1.1566388403697996,lhs_candidate_000021_june2024_preflight,pa1_candidate_000021
2024-06-28T11:00,30.0,78.0,703.0,495.0,208.0,2.06,100970.0,25.8,0.92,0.51,31.0,0.293,0,1,0,1.0,32.216577275283754,75.50864862151545,0.025789585676602726,31.992720910972686,0.21294006699786364,69181.9392,1.1788366323729749,597.55,0.005113113427623578,1.0872479436160553e-05,0.38851893208557803,0.0,0.0,1.1518960890941514,lhs_candidate_000021_june2024_preflight,pa1_candidate_000021
2024-06-28T12:00,30.1,75.0,532.0,226.0,306.0,2.46,100890.0,25.2,1.05,0.4,31.2,0.29,0,1,0,1.0,32.24048381120928,71.29921629221265,0.024382831266118763,32.31850648915503,0.21123304657033687,57581.814399999996,1.3833126174689516,452.2,0.005608519267450989,8.11763959454409e-06,0.37798176895269675,0.0,0.0,1.1508933239375105,lhs_candidate_000021_june2024_preflight,pa1_candidate_000021
2024-06-28T13:00,30.0,74.0,492.0,189.0,303.0,2.61,100840.0,24.9,1.1,0.38,31.3,0.288,0,1,0,1.0,31.93489499414315,70.5809624183151,0.02374799826262535,32.56617639889803,0.20984054391713167,53956.267199999995,1.3936711336717549,418.2,0.005762544622803299,7.362270354112469e-06,0.36938607356254116,0.0,0.0,1.1514751765641305,lhs_candidate_000021_june2024_preflight,pa1_candidate_000021
2024-06-28T14:00,31.1,66.0,751.0,628.0,123.0,2.82,100710.0,24.0,1.52,0.56,32.1,0.284,0,1,0,1.0,33.14048326569319,64.31042598442431,0.023066269275495026,32.87650234345576,0.2081978772745748,70415.43519999999,1.809433156323009,638.35,0.006067861774729572,1.0859963429368075e-05,0.35924615601589394,0.0,0.0,1.1454642560769743,lhs_candidate_000021_june2024_preflight,pa1_candidate_000021
2024-06-28T15:00,30.6,68.0,573.0,421.0,152.0,2.83,100680.0,24.1,1.4,0.44,32.0,0.281,0,1,0,1.0,33.08579401725473,63.29534752681848,0.022636755545362156,33.22424859060343,0.2064886514332009,55771.724799999996,1.8552018356010405,487.05,0.006172175849267845,8.143307703470923e-06,0.34869537921728944,0.0,0.0,1.145327541719273,lhs_candidate_000021_june2024_preflight,pa1_candidate_000021
2024-06-28T16:00,30.4,70.0,420.0,283.0,137.0,2.15,100710.0,24.2,1.32,0.32,31.7,0.279,0,1,0,1.0,32.31817914112398,66.47545514360397,0.022827220480813024,33.44863399164158,0.20522792923624866,41779.9888,1.62290196431089,357.0,0.00515016333716483,5.890266820704251e-06,0.34091314343363377,0.0,0.0,1.1485477850552366,lhs_candidate_000021_june2024_preflight,pa1_candidate_000021
2024-06-28T17:00,29.8,73.0,298.0,229.0,69.0,1.91,100700.0,24.4,1.14,0.22,31.1,0.277,0,1,0,1.0,31.401488339004185,69.66180680910722,0.022780916855871993,33.565037524318896,0.2043244786584154,28651.5856,1.3944360714818549,253.29999999999998,0.00475694657126118,4.160485195652914e-06,0.33533628801490994,0.0,0.0,1.151890490945528,lhs_candidate_000021_june2024_preflight,pa1_candidate_000021
2024-06-28T18:00,29.3,77.0,64.0,36.0,28.0,1.25,100730.0,24.8,0.93,0.06,30.4,0.276,1,1,0,1.0,30.16958713666287,74.42465211037053,0.02277960065822261,33.546680255648894,0.20385693897632795,6617.1071999999995,1.0957790791643531,54.4,0.003673974802769202,1.0469051827424958e-06,0.332450240594617,0.0,0.0,1.1569133340276567,lhs_candidate_000021_june2024_preflight,pa1_candidate_000021
2024-06-28T19:00,28.9,79.0,1.0,0.0,1.0,1.17,100820.0,24.9,0.83,0.01,29.7,0.275,0,0,0,1.0,29.272822229913153,77.96388871537386,0.022731253787201162,33.41362068917031,0.21050542352840984,123.18239999999999,0.8967081605304683,0.85,0.0019543121698367538,2.1825424983520235e-07,0.3734902686938879,0.0,0.0,1.1613806341329582,lhs_candidate_000021_june2024_preflight,pa1_candidate_000021
2024-06-28T20:00,28.5,82.0,0.0,0.0,0.0,1.2,100890.0,25.1,0.71,0.0,29.3,0.274,0,0,0,1.0,28.75110451346772,81.03915710967337,0.022965821163309006,33.24830235479217,0.2104705005964088,0.0,0.7486539326975841,0.0,0.0019346991592574113,1.7002572172540503e-07,0.37327469503956046,0.0,0.0,1.1641953731132777,lhs_candidate_000021_june2024_preflight,pa1_candidate_000021
2024-06-28T21:00,28.3,83.0,0.0,0.0,0.0,0.91,100940.0,25.2,0.64,0.0,29.0,0.274,0,0,0,1.0,28.461978176132206,82.61079052911961,0.023044224157177287,33.07740612600314,0.21044162541466507,0.0,0.6751891308522846,0.0,0.0014789197782785746,1.5326801411109037e-07,0.3730964531769449,0.0,0.0,1.165888890821682,lhs_candidate_000021_june2024_preflight,pa1_candidate_000021
2024-06-28T22:00,28.1,84.0,0.0,0.0,0.0,1.04,100970.0,25.1,0.6,0.0,28.7,0.273,0,0,0,1.0,28.253688314537055,83.60398485956998,0.02305682138491742,32.90595445731494,0.21041501406011712,0.0,0.6289715995594136,0.0,0.0016563951325298842,1.427137669676349e-07,0.37293218555627855,0.0,0.0,1.1670413460116273,lhs_candidate_000021_june2024_preflight,pa1_candidate_000021
2024-06-28T23:00,27.8,85.0,0.0,0.0,0.0,1.03,100950.0,25.1,0.55,0.0,28.5,0.273,0,0,0,1.0,27.994245236730634,84.45818988396269,0.0229632719962655,32.734182081525574,0.21039016537746122,0.0,0.5872727815625702,0.0,0.0016663409655952208,1.331974911611377e-07,0.37277879862630386,0.0,0.0,1.1678154153476645,lhs_candidate_000021_june2024_preflight,pa1_candidate_000021
2024-06-29T00:00,27.6,86.0,0.0,0.0,0.0,1.08,100960.0,25.1,0.52,0.0,28.3,0.272,0,0,0,1.0,27.759957480925102,85.50858451481254,0.022951430727912416,32.5611817921217,0.21036717354752585,0.0,0.5401558937582389,0.0,0.0017169570727141694,1.2246441555248767e-07,0.3726368737501596,0.0,0.0,1.1688404461968476,lhs_candidate_000021_june2024_preflight,pa1_candidate_000021
2024-06-29T01:00,27.4,87.0,0.0,0.0,0.0,0.89,100920.0,25.0,0.48,0.0,28.2,0.272,0,0,0,1.0,27.557986702361795,86.52592125766344,0.02296769714008197,32.388278263238206,0.2103460321494405,0.0,0.4963487930144046,0.0,0.0014488000550084222,1.1249303728718655e-07,0.37250637129284264,0.0,0.0,1.1691620973456773,lhs_candidate_000021_june2024_preflight,pa1_candidate_000021
2024-06-29T02:00,27.6,85.0,0.0,0.0,0.0,0.67,100890.0,24.9,0.54,0.0,28.1,0.271,0,0,0,1.0,27.59465373000488,85.68263668066712,0.022789839343022766,32.21834285304473,0.21032542599497941,0.0,0.528543952550891,0.0,0.0010120393136474925,1.1974887950441424e-07,0.3723791728085149,0.0,0.0,1.168672043387022,lhs_candidate_000021_june2024_preflight,pa1_candidate_000021
2024-06-29T03:00,27.5,85.0,0.0,0.0,0.0,0.92,100900.0,24.7,0.56,0.0,28.0,0.271,0,0,0,1.0,27.59465236991363,84.9931662936039,0.022606452544181956,32.0559606291555,0.21030318251513824,0.0,0.5539965980804715,0.0,0.0014481852277834235,1.254692446540848e-07,0.37224186737739656,0.0,0.0,1.168787884934373,lhs_candidate_000021_june2024_preflight,pa1_candidate_000021
2024-06-29T04:00,27.4,85.0,0.0,0.0,0.0,0.94,100910.0,24.7,0.54,0.0,27.8,0.27,0,0,0,1.0,27.504287942325337,84.91776369313367,0.022474220066962144,31.897477749774023,0.21028057956278803,0.0,0.5538484302328919,0.0,0.0014833170480471768,1.253886715340603e-07,0.3721023429801731,0.0,0.0,1.1692550460234195,lhs_candidate_000021_june2024_preflight,pa1_candidate_000021
2024-06-29T05:00,27.3,86.0,0.0,0.0,0.0,0.92,100900.0,24.7,0.52,0.0,27.7,0.27,0,0,0,1.0,27.40486200022823,85.7199236831023,0.02256248508211874,31.741783175739958,0.21025859130039923,0.0,0.5213521249846047,0.0,0.0014551352290779486,1.1798860749240921e-07,0.3719666129654274,0.0,0.0,1.1695259354962213,lhs_candidate_000021_june2024_preflight,pa1_candidate_000021
2024-06-29T06:00,27.3,86.0,18.0,7.0,11.0,0.72,100960.0,24.8,0.51,0.01,27.6,0.269,1,0,0,1.0,27.4093295872616,86.46728070316196,0.022764807445001645,31.59495037243629,0.2102146002692923,1971.0063999999998,0.49419593899638325,15.299999999999999,0.001177068316224344,3.7126540622777423e-07,0.3716950633906933,0.0,0.0,1.1702039974938294,lhs_candidate_000021_june2024_preflight,pa1_candidate_000021
2024-06-29T07:00,28.0,83.0,159.0,103.0,56.0,0.81,101000.0,24.7,0.66,0.11,28.4,0.269,0,0,0,1.0,28.185989292773854,88.27913903578978,0.02425599103225303,31.50736483036296,0.21671190680176314,15962.214399999997,0.44786090947660595,135.15,0.0013587247850829895,2.651842271004866e-06,0.4118018938380441,0.0,0.0,1.1676503637631248,lhs_candidate_000021_june2024_preflight,pa1_candidate_000021
2024-06-29T08:00,28.7,78.0,264.0,139.0,125.0,1.02,101070.0,24.6,0.85,0.2,29.1,0.267,0,0,0,1.0,29.30481292184752,83.49978403701684,0.02438767859706082,31.52104099733679,0.21608224018620986,27629.8,0.6726775663087823,224.4,0.0018789350499674208,4.343893832709286e-06,0.4079150628778387,0.0,0.0,1.1641373270470006,lhs_candidate_000021_june2024_preflight,pa1_candidate_000021
2024-06-29T09:00,29.8,72.0,450.0,311.0,139.0,1.33,101050.0,24.2,1.16,0.34,30.2,0.265,0,1,0,1.0,30.816455304355333,74.1742274984194,0.023507771254127223,31.652009454480343,0.21503444511600164,44490.3536,1.1481777047600716,382.5,0.0038321365729011804,7.287344472569751e-06,0.40144719207408425,0.0,0.0,1.1581187892660254,lhs_candidate_000021_june2024_preflight,pa1_candidate_000021
2024-06-29T10:00,30.7,68.0,632.0,372.0,260.0,1.65,101040.0,24.0,1.43,0.48,31.3,0.262,0,1,0,1.0,32.43391579110817,68.42917737617798,0.023642911500926015,31.927462234449635,0.21347807045402853,64763.42399999999,1.5383237061421036,537.1999999999999,0.004470934699344099,9.9720427168709e-06,0.3918399410742502,0.0,0.0,1.1518748463803157,lhs_candidate_000021_june2024_preflight,pa1_candidate_000021
2024-06-29T11:00,31.7,63.0,895.0,784.0,111.0,2.16,100950.0,23.9,1.71,0.67,32.4,0.258,0,1,0,1.0,34.2436457526534,61.85677003122638,0.023510301705822315,32.36616202699366,0.21134939047551138,82665.2464,2.0566245759180175,760.75,0.00531609106798012,1.3620162342807723e-05,0.3786999412068604,0.0,0.0,1.144073394782123,lhs_candidate_000021_june2024_preflight,pa1_candidate_000021
2024-06-29T12:00,32.0,62.0,827.0,711.0,116.0,2.5,100870.0,23.8,1.79,0.63,32.9,0.255,0,1,0,1.0,34.96733484273004,58.37681033382302,0.02304155615073152,32.88363472782642,0.20902537876702804,76857.1584,2.3361172741944776,702.9499999999999,0.005838773987248712,1.2205179643446634e-05,0.3643541899199262,0.0,0.0,1.140481741862904,lhs_candidate_000021_june2024_preflight,pa1_candidate_000021
2024-06-29T13:00,32.5,60.0,941.0,830.0,111.0,2.82,100810.0,23.8,1.94,0.72,33.5,0.251,0,1,0,1.0,35.619619132122715,56.16171929889702,0.02293068382473006,33.41066155933833,0.20672579914274167,86713.2464,2.5505649791723917,799.85,0.006280224674507592,1.3323664725365613e-05,0.35015925396754116,0.0,0.0,1.1373954889356919,lhs_candidate_000021_june2024_preflight,pa1_candidate_000021
2024-06-29T14:00,32.5,59.0,838.0,728.0,110.0,2.91,100740.0,23.4,2.01,0.65,33.7,0.248,0,1,0,1.0,35.69920252269581,54.3281305842561,0.022273605947465632,33.93604932479309,0.20449522658904484,77614.064,2.6689027469515016,712.3,0.006412869362013706,1.148007477017685e-05,0.3363902875866966,0.0,0.0,1.136312831958071,lhs_candidate_000021_june2024_preflight,pa1_candidate_000021
2024-06-29T15:00,32.2,60.0,681.0,555.0,126.0,3.01,100670.0,23.5,1.92,0.53,33.5,0.245,0,1,0,1.0,35.05538323633024,55.20728461763749,0.02189056947034214,34.36044806680206,0.2026473586064994,64360.98239999999,2.5262713034566007,578.85,0.00648116196059407,9.083594360477597e-06,0.3249836951018482,0.0,0.0,1.1378952837528005,lhs_candidate_000021_june2024_preflight,pa1_candidate_000021
2024-06-29T16:00,31.5,63.0,474.0,383.0,91.0,3.13,100620.0,23.6,1.71,0.38,32.9,0.243,0,1,0,1.0,33.83390578538662,58.26085786781502,0.021673148599152824,34.64117336085009,0.20127085422594088,44913.5984,2.199763364931367,402.9,0.006547736356403805,6.242188158613261e-06,0.3164867544811165,0.0,0.0,1.1418555166047213,lhs_candidate_000021_june2024_preflight,pa1_candidate_000021
2024-06-29T17:00,30.8,68.0,292.0,207.0,85.0,2.19,100650.0,24.1,1.44,0.23,32.2,0.241,0,1,0,1.0,32.5022418676417,64.17403296544197,0.02225322142909227,34.765303825276575,0.20036431476732472,28686.504,1.7523900120343852,248.2,0.005146516866751254,3.852549806776706e-06,0.3108908318970662,0.0,0.0,1.1471722752516489,lhs_candidate_000021_june2024_preflight,pa1_candidate_000021
2024-06-29T18:00,29.9,74.0,91.0,59.0,32.0,1.77,100720.0,24.6,1.11,0.08,31.2,0.24,1,1,0,1.0,30.981767186172526,70.71144222546968,0.022610094342051964,34.73792959547093,0.19989860092885475,9133.836800000001,1.3144502605216042,77.35,0.004417991647998972,1.333509050242944e-06,0.3080160551163874,0.0,0.0,1.1537092653625776,lhs_candidate_000021_june2024_preflight,pa1_candidate_000021
2024-06-29T19:00,29.2,78.0,1.0,0.0,1.0,1.58,100870.0,24.9,0.9,0.02,30.4,0.24,0,0,0,1.0,29.730857026141774,76.10744320940087,0.022748467303652452,34.58904296815865,0.2065160160654041,123.18239999999999,0.9982312616708588,0.85,0.0025831258979406523,2.254126821276726e-07,0.3488642967000253,0.0,0.0,1.160199420293052,lhs_candidate_000021_june2024_preflight,pa1_candidate_000021
2024-06-29T20:00,28.8,80.0,0.0,0.0,0.0,1.3,100960.0,25.1,0.78,0.01,29.9,0.239,0,0,0,1.0,29.075896996473507,79.07100449303125,0.022808365106223635,34.39343319012348,0.20648003450685892,0.0,0.8420321343265518,0.0,0.002086992750470238,1.7861320850671575e-07,0.348642188313944,0.0,0.0,1.1637511294115968,lhs_candidate_000021_june2024_preflight,pa1_candidate_000021
2024-06-29T21:00,28.5,82.0,0.0,0.0,0.0,1.22,101020.0,25.1,0.71,0.0,29.5,0.239,0,0,0,1.0,28.714046890792375,81.24504381364599,0.022977634902620593,34.19125938745294,0.20644993711137785,0.0,0.7389373123806444,0.0,0.0019442021669525045,1.5666104240176927e-07,0.34845640192208555,0.0,0.0,1.165838580017188,lhs_candidate_000021_june2024_preflight,pa1_candidate_000021
2024-06-29T22:00,28.3,84.0,0.0,0.0,0.0,1.12,101050.0,25.2,0.63,0.0,29.2,0.239,0,0,0,1.0,28.470339260100932,83.33953184754891,0.023258141981886523,33.98781559897501,0.2064235343039978,0.0,0.6472074250922373,0.0,0.0017793972408037425,1.3714934262380472e-07,0.348293421629616,0.0,0.0,1.1671270712648942,lhs_candidate_000021_june2024_preflight,pa1_candidate_000021
2024-06-29T23:00,28.0,85.0,0.0,0.0,0.0,1.21,101080.0,25.3,0.55,0.0,29.0,0.239,0,0,0,1.0,28.206825458835073,84.34021808783103,0.023200200248737896,33.78477574350304,0.2063998371666963,0.0,0.5990946770819257,0.0,0.0019265513408789207,1.2690047973751595e-07,0.34814714300429817,0.0,0.0,1.1684944386694456,lhs_candidate_000021_june2024_preflight,pa1_candidate_000021
2024-06-30T00:00,27.8,87.0,0.0,0.0,0.0,1.17,101070.0,25.3,0.5,0.0,28.8,0.238,0,0,0,1.0,27.972232062417245,86.2541179834787,0.02342323447069604,33.581528396290814,0.20637848188673247,0.0,0.5187452888366337,0.0,0.0018517794715940076,1.0983923405864332e-07,0.34801532028847204,0.0,0.0,1.1692890792412711,lhs_candidate_000021_june2024_preflight,pa1_candidate_000021
2024-06-30T01:00,27.6,87.0,0.0,0.0,0.0,1.0,101030.0,25.2,0.48,0.0,28.6,0.238,0,0,0,1.0,27.769976056369188,86.58330907069526,0.023252709040511618,33.37941711018564,0.20635920699627527,0.0,0.5003887266709701,0.0,0.0016099133155252218,1.059161883987426e-07,0.3478963394831807,0.0,0.0,1.1696119132212763,lhs_candidate_000021_june2024_preflight,pa1_candidate_000021
2024-06-30T02:00,27.5,87.0,0.0,0.0,0.0,0.99,100980.0,25.1,0.49,0.0,28.4,0.238,0,0,0,1.0,27.629486029404735,86.71081098118762,0.023107596920681723,33.1793751990946,0.20634033346528302,0.0,0.4915864823037204,0.0,0.001570840207756653,1.0401819136031378e-07,0.3477798362054508,0.0,0.0,1.1695791088806584,lhs_candidate_000021_june2024_preflight,pa1_candidate_000021
2024-06-30T03:00,27.4,87.0,0.0,0.0,0.0,0.86,100910.0,25.0,0.49,0.0,28.3,0.238,0,0,0,1.0,27.524383851362202,86.76961284404176,0.022989776368145358,32.982996731994774,0.2063217141586564,0.0,0.4864159137683144,0.0,0.001383654264913038,1.0289010064661416e-07,0.3476649022139285,0.0,0.0,1.169176897553487,lhs_candidate_000021_june2024_preflight,pa1_candidate_000021
2024-06-30T04:00,27.3,87.0,0.0,0.0,0.0,0.94,100890.0,24.9,0.49,0.0,28.2,0.238,0,0,0,1.0,27.42255609231271,86.7634063263835,0.022859440733444696,32.79054068297329,0.2063032535284958,0.0,0.4837558994699531,0.0,0.001495385503792248,1.0229389581696262e-07,0.3475509477067642,0.0,0.0,1.1693411853090876,lhs_candidate_000021_june2024_preflight,pa1_candidate_000021
2024-06-30T05:00,27.2,87.0,0.0,0.0,0.0,1.06,100940.0,24.8,0.48,0.0,28.0,0.237,0,0,0,1.0,27.32064315903154,86.73773236494141,0.022724535209072846,32.60189533704963,0.20628488080271062,0.0,0.4818129682305834,0.0,0.0016656764771059954,1.0184980190086635e-07,0.3474375358192014,0.0,0.0,1.1703175092156566,lhs_candidate_000021_june2024_preflight,pa1_candidate_000021
2024-06-30T06:00,27.2,87.0,19.0,9.0,10.0,0.94,100970.0,24.9,0.46,0.01,28.0,0.237,1,0,0,1.0,27.327009612087647,87.17140118856291,0.022846179440643093,32.42351333955794,0.20624381603451883,2023.824,0.46623163069305074,16.15,0.0014983348355630953,3.5434189631124843e-07,0.34718404959579524,0.0,0.0,1.1706405310595052,lhs_candidate_000021_june2024_preflight,pa1_candidate_000021
2024-06-30T07:00,28.1,82.0,180.0,129.0,51.0,0.72,101010.0,24.7,0.69,0.12,28.7,0.237,0,0,0,1.0,28.27839254233411,88.14037916394244,0.024340821145860166,32.31337487355931,0.21272808434584028,17634.3024,0.45560342277481647,153.0,0.0012329548834303027,2.8106993130637574e-06,0.387210397196545,0.0,0.0,1.167407992595106,lhs_candidate_000021_june2024_preflight,pa1_candidate_000021
2024-06-30T08:00,29.5,73.0,405.0,330.0,75.0,0.32,101060.0,24.2,1.1,0.28,30.0,0.235,0,1,0,1.0,30.218280039253838,80.47118335481099,0.02469512094515561,32.357761431288395,0.21192043099579286,38278.68,0.8390514112804492,344.25,0.002665415057409749,6.199379912973463e-06,0.38222488269007937,0.0,0.0,1.160517178280465,lhs_candidate_000021_june2024_preflight,pa1_candidate_000021
2024-06-30T09:00,30.8,66.0,617.0,529.0,88.0,0.22,101050.0,23.7,1.5,0.45,31.4,0.233,0,1,0,1.0,32.348141354618704,69.37084173611713,0.023859403654177956,32.58242748618064,0.21052256097654506,57392.0512,1.4852445247148274,524.4499999999999,0.0031501472951725087,9.278324388869803e-06,0.373596055410772,0.0,0.0,1.1523122911112378,lhs_candidate_000021_june2024_preflight,pa1_candidate_000021
2024-06-30T10:00,31.9,61.0,775.0,666.0,109.0,0.22,100980.0,23.4,1.85,0.58,32.6,0.23,0,1,0,1.0,34.21373213532137,62.49484409808508,0.023715664255339088,32.95998918369011,0.2086644580528356,72034.88160000001,2.0188609408003613,658.75,0.0035230974533532492,1.1330269841174909e-05,0.36212628427676297,0.0,0.0,1.1445247648313142,lhs_candidate_000021_june2024_preflight,pa1_candidate_000021
2024-06-30T11:00,32.6,59.0,871.0,744.0,127.0,0.58,100890.0,23.5,2.02,0.66,33.6,0.227,0,1,0,1.0,35.54185662031884,58.29366027292595,0.023705475493624638,33.44099282530476,0.20653485230102903,81116.1648,2.4161633928958457,740.35,0.003916290720890272,1.2302766886710426e-05,0.3489805697594385,0.0,0.0,1.1385848426985439,lhs_candidate_000021_june2024_preflight,pa1_candidate_000021
2024-06-30T12:00,33.0,59.0,904.0,699.0,205.0,1.35,100790.0,23.9,2.08,0.7,34.2,0.223,0,1,0,1.0,36.28119927720813,56.03303770850345,0.02367344116048699,33.97031604895091,0.2043196764808021,86764.39199999999,2.6526471864611496,768.4,0.0046103706354096935,1.2298140285370832e-05,0.3353066449432229,0.0,0.0,1.1347385088144732,lhs_candidate_000021_june2024_preflight,pa1_candidate_000021
2024-06-30T13:00,32.6,60.0,765.0,560.0,205.0,2.08,100760.0,24.0,1.95,0.6,34.2,0.221,0,1,0,1.0,35.874176715691114,55.1709471785886,0.02282475427709983,34.45721364811762,0.20230588463744675,74532.39199999999,2.6449617573435753,650.25,0.005392288092546257,1.0099955560382441e-05,0.32287583109535034,0.0,0.0,1.1358948997776188,lhs_candidate_000021_june2024_preflight,pa1_candidate_000021
2024-06-30T14:00,31.9,64.0,738.0,536.0,202.0,2.16,100720.0,24.1,1.71,0.57,34.0,0.222,0,1,0,1.0,35.075577124433856,58.424051418590835,0.02319040772324254,34.86078514464108,0.20055358035287912,72050.84479999999,2.3474657304356406,627.3,0.005465713589985057,9.378309484023214e-06,0.31205913798073537,0.0,0.0,1.1383858567718015,lhs_candidate_000021_june2024_preflight,pa1_candidate_000021
2024-06-30T15:00,31.3,68.0,483.0,311.0,172.0,0.61,100700.0,24.8,1.44,0.37,33.3,0.221,0,1,0,1.0,33.88753393661024,63.493470269554535,0.023686257834749695,35.144130224121284,0.19916938101333917,48555.3728,1.929750286569225,410.55,0.003800775677715919,6.0424249585931925e-06,0.30351469761320476,0.0,0.0,1.1425637736311212,lhs_candidate_000021_june2024_preflight,pa1_candidate_000021
2024-06-30T16:00,31.2,69.0,323.0,196.0,127.0,0.51,100690.0,24.8,1.41,0.25,32.9,0.219,0,1,0,1.0,32.90814533802093,66.4471811952527,0.023541996686436972,35.267607578736445,0.19826444070022323,32892.1648,1.679080009712309,274.55,0.003359514654360747,4.036861814117861e-06,0.29792864629767424,0.0,0.0,1.1461061619425665,lhs_candidate_000021_june2024_preflight,pa1_candidate_000021
2024-06-30T17:00,31.0,70.0,231.0,157.0,74.0,1.03,100730.0,24.8,1.36,0.18,32.4,0.219,0,1,0,1.0,32.248223134633044,67.93227769375618,0.023240964004294738,35.29376868520285,0.19763989460729106,22931.4976,1.5462662872625321,196.35,0.0035819537117582814,2.911491052567753e-06,0.2940734235017967,0.0,0.0,1.1490390193772355,lhs_candidate_000021_june2024_preflight,pa1_candidate_000021
2024-06-30T18:00,30.4,75.0,93.0,60.0,33.0,0.5,100750.0,25.4,1.1,0.06,31.6,0.218,1,1,0,1.0,31.315814010966577,72.64031812040541,0.023646330855314205,35.233115977635585,0.19726340586126248,9345.0192,1.2514321540523068,79.05,0.002918903996505114,1.2745310761967743e-06,0.291749418896682,0.0,0.0,1.152786726625084,lhs_candidate_000021_june2024_preflight,pa1_candidate_000021
2024-06-30T19:00,29.9,78.0,1.0,0.0,1.0,0.72,100830.0,25.6,0.93,0.0,30.8,0.218,0,0,0,1.0,30.35665082918939,76.56836824816666,0.02367345008760841,35.081737548592734,0.20388637464355588,123.18239999999999,1.0147396125440307,0.85,0.0014349953551541451,2.1826539495038873e-07,0.33263194224417214,0.0,0.0,1.1573481017117158,lhs_candidate_000021_june2024_preflight,pa1_candidate_000021
2024-06-30T20:00,29.5,81.0,0.0,0.0,0.0,0.92,100920.0,25.8,0.79,0.0,30.3,0.217,0,0,0,1.0,29.772413007685504,79.98497718637502,0.023961331317738744,34.88776974922813,0.2038516713164614,0.0,0.8382271462105835,0.0,0.0015628349224509623,1.6953167804754053e-07,0.33241772417568766,0.0,0.0,1.1606152774592136,lhs_candidate_000021_june2024_preflight,pa1_candidate_000021
2024-06-30T21:00,29.1,83.0,0.0,0.0,0.0,1.02,100990.0,26.0,0.68,0.0,30.0,0.217,0,0,0,1.0,29.354467800881338,82.13638883589859,0.024054290990983412,34.687193499225494,0.20382324940979032,0.0,0.7303477758318397,0.0,0.0016870841646846335,1.4763508460604471e-07,0.3322422803073477,0.0,0.0,1.1630249395450947,lhs_candidate_000021_june2024_preflight,pa1_candidate_000021
2024-06-30T22:00,28.9,85.0,0.0,0.0,0.0,1.08,101000.0,26.1,0.59,0.0,29.7,0.217,0,0,0,1.0,29.074431260248684,84.29415927949715,0.024313065744296727,34.48364525744227,0.20379852071488183,0.0,0.6318364903799178,0.0,0.0017247777755993398,1.2766298388942048e-07,0.3320896340424805,0.0,0.0,1.1642178497794653,lhs_candidate_000021_june2024_preflight,pa1_candidate_000021
2024-06-30T23:00,28.6,87.0,0.0,0.0,0.0,1.03,100990.0,26.2,0.51,0.0,29.4,0.217,0,0,0,1.0,28.80774595083982,86.16448323465265,0.024493892064509543,34.28010663831901,0.20377706938240708,0.0,0.5480785141634099,0.0,0.0016739384803603242,1.1069547326149005e-07,0.3319572184099203,0.0,0.0,1.1651307015436494,lhs_candidate_000021_june2024_preflight,pa1_candidate_000021
