timestamp,temperature_outside,humidity_outside,shortwave_radiation,direct_radiation,diffuse_radiation,wind_speed,surface_pressure,dew_point_outside,vpd_outside_reference,et0_outside_reference,external_soil_temperature_context,external_soil_moisture_context,pump_state,fan_state,grow_light_state,vent_state,temperature_inside_true,humidity_inside_true,vapor_density_inside_true,soil_temperature_inside_true,soil_moisture_inside_true,light_lux_inside_true,vpd_inside,solar_inside,ventilation_rate_m3_s,evapotranspiration_rate_kg_s,water_stress_coefficient,condensation_rate_kg_s,drainage_rate_m3_s,air_density,simulation_id,parameter_set_id
2024-06-01T00:00,29.6,83.0,0.0,0.0,0.0,0.81,100950.0,26.4,0.72,0.0,29.8,0.176,0,0,0,1.0,29.6,83.00000000000001,0.024633318950427478,29.6,0.4,0.0,0.7049358805204089,0.0,0.0013815798497114808,4.43223881108898e-07,1.0,0.0,0.0,1.1616214428759424,lhs_candidate_000013_june2024_preflight,pa1_candidate_000013
2024-06-01T01:00,29.3,84.0,0.0,0.0,0.0,1.1,100880.0,26.4,0.63,0.0,29.6,0.176,0,0,0,1.0,29.397859614227414,84.34751839086154,0.024760130734032666,29.5835218165231,0.399925112728208,0.0,0.6415486806797062,0.0,0.001940691195427733,4.033695886798036e-07,1.0,0.0,0.0,1.161591532407765,lhs_candidate_000013_june2024_preflight,pa1_candidate_000013
2024-06-01T02:00,28.9,85.0,0.0,0.0,0.0,1.0,100820.0,26.1,0.59,0.0,29.4,0.176,0,0,0,1.0,29.053916713067782,85.13130269916279,0.024527110215891133,29.56120870284818,0.3998548506198788,0.0,0.5974503470119048,0.0,0.0018156935164744198,3.756430462540599e-07,1.0,0.0,0.0,1.1622218959893043,lhs_candidate_000013_june2024_preflight,pa1_candidate_000013
2024-06-01T03:00,28.7,86.0,0.0,0.0,0.0,0.9,100780.0,26.1,0.54,0.0,29.2,0.176,0,0,0,1.0,28.78608875541075,86.33122390153898,0.024512306948504852,29.532201155078656,0.39979055728418783,0.0,0.5407949760256212,0.0,0.0016041879447909982,3.400213477306889e-07,1.0,0.0,0.0,1.162791311099324,lhs_candidate_000013_june2024_preflight,pa1_candidate_000013
2024-06-01T04:00,28.7,86.0,0.0,0.0,0.0,0.92,100820.0,26.1,0.55,0.0,28.8,0.176,0,0,0,1.0,28.700811598861165,86.73825002127349,0.024513495297181886,29.50001493593301,0.39973079622230373,0.0,0.5221069491914898,0.0,0.0015698534652190163,3.282713715802677e-07,1.0,0.0,0.0,1.1635814632972172,lhs_candidate_000013_june2024_preflight,pa1_candidate_000013
2024-06-01T05:00,28.6,86.0,0.0,0.0,0.0,1.02,100840.0,26.1,0.53,0.0,28.5,0.176,0,0,0,1.0,28.6320477058359,86.59746151422424,0.024381956543859974,29.467452911980985,0.39967150994252,0.0,0.5255518399009795,0.0,0.001762833851878808,3.3043732436043954e-07,1.0,0.0,0.0,1.1640774724706622,lhs_candidate_000013_june2024_preflight,pa1_candidate_000013
2024-06-01T06:00,28.6,86.0,19.0,2.0,17.0,1.02,100900.0,26.0,0.54,0.02,28.5,0.176,1,0,0,1.0,28.624796812440415,87.80962963629788,0.024713456011553076,29.43786050865097,0.399545970772271,2270.1007999999997,0.4778184436642827,16.15,0.001757641878849092,1.0619908728532587e-06,1.0,0.0,0.0,1.1647980873870776,lhs_candidate_000013_june2024_preflight,pa1_candidate_000013
2024-06-01T07:00,29.0,84.0,156.0,58.0,98.0,1.02,100980.0,26.1,0.62,0.11,29.7,0.175,0,0,0,1.0,29.084647042440054,94.52866656716775,0.027280186268071695,29.439881217233737,0.4082522086848686,17175.875200000002,0.2202383455726924,132.6,0.0017999633635841826,6.391327944033177e-06,1.0,4.446065635704997e-07,0.0,1.163947967853122,lhs_candidate_000013_june2024_preflight,pa1_candidate_000013
2024-06-01T08:00,30.2,75.0,326.0,146.0,180.0,0.71,101020.0,25.4,1.06,0.24,30.6,0.175,0,0,0,1.0,30.32166438979326,100.0,0.030859786610491758,29.51266162228475,0.4065048675837664,35020.831999999995,0.0,277.09999999999997,0.0013310025531558657,1.306686262351345e-05,1.0,4.326841326757912e-06,0.0,1.1596626409685966,lhs_candidate_000013_june2024_preflight,pa1_candidate_000013
2024-06-01T09:00,31.6,66.0,535.0,311.0,224.0,0.32,101030.0,24.6,1.55,0.4,32.0,0.173,0,0,0,1.0,32.06797400002212,100.0,0.03388566096946664,29.682049252113085,0.40339888235463744,54960.857599999996,0.0,454.75,0.0012101252235803537,2.1444084366808885e-05,1.0,2.777873854094874e-07,0.0,1.1531417508254778,lhs_candidate_000013_june2024_preflight,pa1_candidate_000013
2024-06-01T10:00,32.7,61.0,673.0,368.0,305.0,0.2,100990.0,24.1,1.93,0.52,33.3,0.172,0,1,0,1.0,33.61059540323821,83.49577832357207,0.030698329041795352,29.943601769797024,0.39897027204351493,69954.632,0.8590462473110483,572.05,0.0029299228263228606,2.7515575440126223e-05,1.0,0.0,0.0,1.146888634486355,lhs_candidate_000013_june2024_preflight,pa1_candidate_000013
2024-06-01T11:00,33.3,58.0,730.0,349.0,381.0,0.86,100950.0,23.9,2.15,0.57,34.3,0.17,0,1,0,1.0,34.58486593930743,75.54693918931794,0.029230210157629204,30.259545957992007,0.3937835562621966,77644.49440000001,1.3436826257688672,620.5,0.00369719203490164,3.010498427149192e-05,1.0,0.0,0.0,1.1428048321962039,lhs_candidate_000013_june2024_preflight,pa1_candidate_000013
2024-06-01T12:00,33.6,57.0,685.0,331.0,354.0,1.64,100940.0,23.9,2.23,0.55,34.7,0.169,0,1,0,1.0,34.958519528131184,68.64567168040911,0.027082289163950807,30.583454557934598,0.3885013204691097,72734.5696,1.7589161081672806,582.25,0.004732442926450736,2.8562351610357738e-05,1.0,0.0,0.0,1.141305846501261,lhs_candidate_000013_june2024_preflight,pa1_candidate_000013
2024-06-01T13:00,33.3,58.0,601.0,271.0,330.0,1.64,100890.0,23.9,2.16,0.49,34.8,0.167,0,1,0,1.0,34.72782972763842,67.5061674285977,0.02631462283218791,30.87803522807939,0.3836585398245425,64498.191999999995,1.7997192323495104,510.84999999999997,0.004758331152662602,2.5221084653513506e-05,1.0,0.0,0.0,1.141595253296718,lhs_candidate_000013_june2024_preflight,pa1_candidate_000013
2024-06-01T14:00,33.5,57.0,537.0,197.0,340.0,1.7,100790.0,23.8,2.24,0.45,34.8,0.166,0,1,0,1.0,34.6055715136423,66.28617413884305,0.025674813062516483,31.13353052038512,0.379347788899483,59218.015999999996,1.8546843416575358,456.45,0.004726688106044419,2.269036996704555e-05,1.0,0.0,0.0,1.1409167864014724,lhs_candidate_000013_june2024_preflight,pa1_candidate_000013
2024-06-01T15:00,33.2,59.0,342.0,78.0,264.0,0.72,100790.0,24.0,2.1,0.28,34.3,0.164,0,1,0,1.0,34.17787853085071,67.68903640107816,0.025638603846202094,31.333468928789102,0.3759722459365271,39384.1536,1.7357997188920806,290.7,0.003371053538325429,1.4799553894759921e-05,1.0,0.0,0.0,1.142504543769355,lhs_candidate_000013_june2024_preflight,pa1_candidate_000013
2024-06-01T16:00,32.6,61.0,222.0,33.0,189.0,0.71,100770.0,24.1,1.93,0.19,33.7,0.164,0,1,0,1.0,33.400175868386384,67.20249740433233,0.024435817282313695,31.460148968230193,0.37374403310776444,26185.473599999998,1.6871570319341385,188.7,0.003246975928990011,9.959082037283876e-06,1.0,0.0,0.0,1.1451757363415744,lhs_candidate_000013_june2024_preflight,pa1_candidate_000013
2024-06-01T17:00,32.3,62.0,145.0,34.0,111.0,0.71,100740.0,24.2,1.82,0.13,33.1,0.163,0,0,0,1.0,32.789137876013385,68.95303684390541,0.024276536639430878,31.533369495948193,0.3722332555573615,16665.2464,1.5433314313328266,123.25,0.001637965598361004,6.78230776720216e-06,1.0,0.0,0.0,1.1471213340111588,lhs_candidate_000013_june2024_preflight,pa1_candidate_000013
2024-06-01T18:00,31.9,66.0,41.0,9.0,32.0,0.61,100810.0,24.7,1.61,0.05,32.4,0.163,1,0,0,1.0,32.221651206187914,71.08154285749197,0.02428407785665345,31.561508220382535,0.37140309722968745,4733.8368,1.3923240096968033,34.85,0.001372550348297954,2.5187931550263836e-06,1.0,0.0,0.0,1.150051651926725,lhs_candidate_000013_june2024_preflight,pa1_candidate_000013
2024-06-01T19:00,31.2,70.0,0.0,0.0,0.0,1.0,100940.0,25.1,1.35,0.03,31.7,0.162,0,0,0,1.0,31.49346935186048,70.56610685485654,0.023190393750972392,31.5497359606926,0.3804756752220936,0.0,1.3599509710701025,0.0,0.0019084422514326514,8.550603880036927e-07,1.0,0.0,0.0,1.1542871916553579,lhs_candidate_000013_june2024_preflight,pa1_candidate_000013
2024-06-01T20:00,30.7,74.0,0.0,0.0,0.0,1.1,100990.0,25.5,1.14,0.01,31.1,0.162,0,0,0,1.0,30.892977971056304,74.14535816254806,0.023595388497846773,31.515786261329207,0.3803330617986355,0.0,1.1544852107402774,0.0,0.0020007711599480957,7.258751184708856e-07,1.0,0.0,0.0,1.1571398317567227,lhs_candidate_000013_june2024_preflight,pa1_candidate_000013
2024-06-01T21:00,30.2,78.0,0.0,0.0,0.0,1.2,101050.0,25.8,0.96,0.01,30.7,0.162,0,0,0,1.0,30.395163064176053,77.87939137989314,0.02412882984491045,31.470894690594317,0.38021354209065533,0.0,0.960076425934667,0.0,0.0021629800606036854,6.036418508727092e-07,1.0,0.0,0.0,1.1597261496146416,lhs_candidate_000013_june2024_preflight,pa1_candidate_000013
2024-06-01T22:00,29.7,82.0,0.0,0.0,0.0,1.1,101080.0,26.2,0.77,0.0,30.2,0.162,0,0,0,1.0,29.908539358678357,81.66411475410298,0.02464527335838861,31.416271804591567,0.3801155039684555,0.0,0.7739314482984865,0.0,0.0020109001196370884,4.866043986494947e-07,1.0,0.0,0.0,1.161933187393104,lhs_candidate_000013_june2024_preflight,pa1_candidate_000013
2024-06-01T23:00,29.2,85.0,0.0,0.0,0.0,1.3,101060.0,26.4,0.61,0.0,29.6,0.162,0,0,0,1.0,29.420420603030745,84.51294617809987,0.02483910664292705,31.35227522849775,0.38003603127126034,0.0,0.6355938879782803,0.0,0.0023389915930084712,3.9962555123575054e-07,1.0,0.0,0.0,1.163577390113944,lhs_candidate_000013_june2024_preflight,pa1_candidate_000013
2024-06-02T00:00,28.8,87.0,0.0,0.0,0.0,1.2,101050.0,26.5,0.5,0.0,29.1,0.162,0,0,0,1.0,28.991282913526785,86.6327819912918,0.024874690935914278,31.279637981039897,0.3799700697249237,0.0,0.5351779823672884,0.0,0.0021612462194981015,3.3648969925285504e-07,1.0,0.0,0.0,1.1651147430101982,lhs_candidate_000013_june2024_preflight,pa1_candidate_000013
2024-06-02T01:00,28.4,89.0,0.0,0.0,0.0,1.12,100980.0,26.4,0.42,0.0,28.8,0.162,0,0,0,1.0,28.59661817487968,88.54147490354886,0.024881087358940242,31.199947624890957,0.37991446635203147,0.0,0.44839983185579513,0.0,0.0020359541273020716,2.819284976911442e-07,1.0,0.0,0.0,1.1658304751437965,lhs_candidate_000013_june2024_preflight,pa1_candidate_000013
2024-06-02T02:00,28.4,91.0,0.0,0.0,0.0,1.14,100950.0,26.7,0.35,0.0,28.5,0.162,0,0,0,1.0,28.44339012728853,90.93010843938487,0.02533910955087846,31.115770562695012,0.3798694475261196,0.0,0.35178657299013105,0.0,0.001972390772341922,2.211835352849094e-07,1.0,0.0,0.0,1.166076258111172,lhs_candidate_000013_june2024_preflight,pa1_candidate_000013
2024-06-02T03:00,28.4,89.0,0.0,0.0,0.0,1.04,100940.0,26.5,0.41,0.0,28.3,0.162,0,0,0,1.0,28.426477478846188,89.64949776086934,0.024959137986511094,31.032608569827662,0.3798276816530492,0.0,0.4010627380089353,0.0,0.0017926090848523265,2.5216560572466856e-07,1.0,0.0,0.0,1.1660261358380315,lhs_candidate_000013_june2024_preflight,pa1_candidate_000013
2024-06-02T04:00,28.3,89.0,0.0,0.0,0.0,1.04,100970.0,26.4,0.4,0.0,28.1,0.162,0,0,0,1.0,28.36305718935896,89.28081288107279,0.02477035555482,30.951067414471595,0.37978111564662365,0.0,0.4138222013062598,0.0,0.001818175510351013,2.601880358488548e-07,1.0,0.0,0.0,1.1666180210648611,lhs_candidate_000013_june2024_preflight,pa1_candidate_000013
2024-06-02T05:00,28.0,90.0,0.0,0.0,0.0,1.12,101060.0,26.2,0.38,0.0,27.9,0.162,0,0,0,1.0,28.14841516781756,89.78914667778784,0.024620109997834615,30.868862566494364,0.37973534701824974,0.0,0.38931105389763454,0.0,0.002006023525490154,2.447768102536091e-07,1.0,0.0,0.0,1.1684897185232777,lhs_candidate_000013_june2024_preflight,pa1_candidate_000013
2024-06-02T06:00,28.0,91.0,19.0,4.0,15.0,1.36,101020.0,26.4,0.34,0.02,28.1,0.162,1,0,0,1.0,28.06866574794924,91.9227195521656,0.025095103408177683,30.78809289355733,0.37962750030688447,2199.736,0.30653839063775523,16.15,0.0023567757868862304,9.54299645953428e-07,1.0,0.0,0.0,1.16833646716928,lhs_candidate_000013_june2024_preflight,pa1_candidate_000013
2024-06-02T07:00,30.2,77.0,168.0,87.0,81.0,1.21,101070.0,25.6,1.0,0.13,30.3,0.162,0,0,0,1.0,29.607471469654584,88.86624401453837,0.026385031282194455,30.751264571161556,0.388291221364674,17633.7744,0.46187989906346694,142.79999999999998,0.002397584423717263,7.024247318053824e-06,1.0,0.0,0.0,1.162973570092823,lhs_candidate_000013_june2024_preflight,pa1_candidate_000013
2024-06-02T08:00,31.3,68.0,350.0,181.0,169.0,0.98,101090.0,24.7,1.45,0.27,31.3,0.161,0,0,0,1.0,31.4213844045013,90.96456937573942,0.029779046132738827,30.814211841840706,0.3863693562574057,36745.8256,0.4157652358109223,297.5,0.0017599035842000453,1.429024994621041e-05,1.0,0.0,0.0,1.1562760974038184,lhs_candidate_000013_june2024_preflight,pa1_candidate_000013
2024-06-02T09:00,32.0,65.0,510.0,248.0,262.0,0.73,101090.0,24.5,1.68,0.39,32.5,0.16,0,1,0,1.0,32.68701893551279,81.07829579708243,0.028391638382735153,30.96775889673057,0.38320026696045656,54097.788799999995,0.9352072167946544,433.5,0.0031942735894334258,2.103002984594515e-05,1.0,0.0,0.0,1.151491120878246,lhs_candidate_000013_june2024_preflight,pa1_candidate_000013
2024-06-02T10:00,33.0,61.0,705.0,426.0,279.0,0.32,101060.0,24.4,1.98,0.54,33.9,0.159,0,1,0,1.0,34.00105719559864,82.51893111524312,0.03096753761734533,31.204638523269633,0.37871317396116844,71855.8896,0.9299182778342034,599.25,0.0030554798535097514,2.884277259343613e-05,1.0,0.0,0.0,1.1462246086516081,lhs_candidate_000013_june2024_preflight,pa1_candidate_000013
2024-06-02T11:00,34.0,57.0,821.0,573.0,248.0,0.14,100970.0,24.3,2.27,0.64,35.2,0.157,0,1,0,1.0,35.31526635009886,79.19753737191336,0.03182995243785521,31.517862757421018,0.37308894337211307,80973.23520000001,1.1901920277220972,697.85,0.0032057671040378894,3.365597651188549e-05,1.0,0.0,0.0,1.140324712294317,lhs_candidate_000013_june2024_preflight,pa1_candidate_000013
2024-06-02T12:00,34.6,55.0,860.0,673.0,187.0,0.8,100910.0,24.2,2.48,0.68,36.1,0.155,0,1,0,1.0,36.19997423922552,73.05823999022587,0.030737488919754797,31.873873130977227,0.36686564580181275,82259.1088,1.618254906091022,731.0,0.003796560463465672,3.548833190818443e-05,1.0,0.0,0.0,1.136387821430006,lhs_candidate_000013_june2024_preflight,pa1_candidate_000013
2024-06-02T13:00,34.8,55.0,913.0,742.0,171.0,0.82,100810.0,24.4,2.5,0.72,36.7,0.154,0,1,0,1.0,36.66108955056061,72.042238718993,0.031037920936153724,32.25021842815415,0.3602784915032764,86360.1904,1.7221718223645714,776.05,0.003943592094874343,3.7678036234343536e-05,1.0,0.0,0.0,1.133571985530731,lhs_candidate_000013_june2024_preflight,pa1_candidate_000013
2024-06-02T14:00,34.6,56.0,656.0,386.0,270.0,0.92,100820.0,24.6,2.42,0.53,36.4,0.153,0,1,0,1.0,36.299091040468,68.03071056584098,0.028768853108243515,32.58339289689495,0.35440925111366817,67227.248,1.930685086534714,557.6,0.003965666257654633,2.750796062602419e-05,1.0,0.0,0.0,1.1350106341457111,lhs_candidate_000013_june2024_preflight,pa1_candidate_000013
2024-06-02T15:00,32.6,66.0,461.0,246.0,215.0,1.2,100830.0,25.5,1.67,0.37,35.5,0.161,0,1,0,1.0,34.52787138740692,71.3142845118737,0.02751056334581359,32.80751784866011,0.3501765534843458,48132.216,1.57129094845194,391.84999999999997,0.004381627256987217,1.946592574963419e-05,1.0,0.0,0.0,1.1416578144216187,lhs_candidate_000013_june2024_preflight,pa1_candidate_000013
2024-06-02T16:00,31.5,71.0,398.0,260.0,138.0,1.0,100840.0,25.6,1.34,0.3,34.3,0.165,0,1,0,1.0,32.935907539749195,77.72631502701404,0.0275785928551673,32.93970524753136,0.3469284374460462,39879.1712,1.1163776620241141,338.3,0.003934154666046565,1.6654710716262396e-05,1.0,0.0,0.0,1.1477094327997106,lhs_candidate_000013_june2024_preflight,pa1_candidate_000013
2024-06-02T17:00,30.9,73.0,171.0,95.0,76.0,0.42,100820.0,25.5,1.21,0.13,33.2,0.165,0,1,0,1.0,31.772364697260592,77.70537306497067,0.025919631731863985,32.989350697250565,0.34475582891145684,17721.862399999998,1.0464993692022304,145.35,0.0030289611050599123,7.512070235416096e-06,1.0,0.0,0.0,1.1518604396445928,lhs_candidate_000013_june2024_preflight,pa1_candidate_000013
2024-06-02T18:00,30.7,73.0,54.0,19.0,35.0,0.64,100860.0,25.3,1.19,0.05,32.3,0.165,1,0,0,1.0,31.06368225163367,78.74720699768199,0.025290410164146102,32.95759577270952,0.3438285956434621,5983.383999999999,0.9582684158909109,45.9,0.0014495366243779306,2.766954713260841e-06,1.0,0.0,0.0,1.1550018230691137,lhs_candidate_000013_june2024_preflight,pa1_candidate_000013
2024-06-02T19:00,30.4,75.0,0.0,0.0,0.0,0.89,100910.0,25.5,1.08,0.03,31.6,0.165,0,0,0,1.0,30.592951229848254,76.09522481145213,0.023828516057070197,32.88548946842809,0.35289709428137966,0.0,1.0493060336044295,0.0,0.0016696458118277161,6.597443902866772e-07,1.0,0.0,0.0,1.1573652717264986,lhs_candidate_000013_june2024_preflight,pa1_candidate_000013
2024-06-02T20:00,29.7,84.0,0.0,0.0,0.0,1.02,100970.0,26.7,0.67,0.0,30.9,0.164,0,0,0,1.0,30.005840326263346,82.66922972346,0.025080224371702136,32.794916066716596,0.3527933818854892,0.0,0.7356022292961142,0.0,0.0019479036057197053,4.6250514980212025e-07,1.0,0.0,0.0,1.1602961886695113,lhs_candidate_000013_june2024_preflight,pa1_candidate_000013
2024-06-02T21:00,29.5,84.0,0.0,0.0,0.0,0.94,101010.0,26.6,0.64,0.0,30.2,0.164,0,0,0,1.0,29.630252482210427,84.34780398774171,0.025074425526190332,32.69504890777339,0.35271722050608767,0.0,0.6501772088123019,0.0,0.0017023238307299125,4.087947200043194e-07,1.0,0.0,0.0,1.162195723678151,lhs_candidate_000013_june2024_preflight,pa1_candidate_000013
2024-06-02T22:00,29.1,86.0,0.0,0.0,0.0,0.94,101030.0,26.5,0.57,0.0,29.6,0.164,0,0,0,1.0,29.29668331911964,85.79381586488424,0.02504662393904215,32.59096774923593,0.3526472156892086,0.0,0.5788835145662228,0.0,0.0017508207989257898,3.639692702924807e-07,1.0,0.0,0.0,1.1637078808711174,lhs_candidate_000013_june2024_preflight,pa1_candidate_000013
2024-06-02T23:00,29.0,86.0,0.0,0.0,0.0,0.98,101020.0,26.4,0.55,0.0,29.2,0.164,0,0,0,1.0,29.08739108966051,86.35701103431741,0.02492563799700202,32.483071642881384,0.3525839844846653,0.0,0.5492601688882814,0.0,0.0017360970869820162,3.4534378305935134e-07,1.0,0.0,0.0,1.1643984568441523,lhs_candidate_000013_june2024_preflight,pa1_candidate_000013
2024-06-03T00:00,28.6,87.0,0.0,0.0,0.0,0.98,100980.0,26.3,0.49,0.0,28.9,0.164,0,0,0,1.0,28.79833939951987,86.83821326593369,0.024672746068697,32.37344699816417,0.3525230718100585,0.0,0.5211056839664621,0.0,0.0018148811582603865,3.2764183253803804e-07,1.0,0.0,0.0,1.1650516241932116,lhs_candidate_000013_june2024_preflight,pa1_candidate_000013
2024-06-03T01:00,28.2,90.0,0.0,0.0,0.0,1.17,100930.0,26.3,0.39,0.0,28.5,0.164,0,0,0,1.0,28.415530538706363,89.2786295636359,0.02484099918992379,32.25899232595866,0.35246966068651625,0.0,0.41516931925682865,0.0,0.002127493730309144,2.610350275581175e-07,1.0,0.0,0.0,1.165952942068049,lhs_candidate_000013_june2024_preflight,pa1_candidate_000013
2024-06-03T02:00,28.1,93.0,0.0,0.0,0.0,1.24,100880.0,26.8,0.27,0.0,28.3,0.164,0,0,0,1.0,28.203878862662357,92.48542695830712,0.025436664991190787,32.14059722272432,0.35243009476642245,0.0,0.28743501069471655,0.0,0.0021761263400968634,1.8072290619203563e-07,1.0,0.0,0.0,1.1661938223670323,lhs_candidate_000013_june2024_preflight,pa1_candidate_000013
2024-06-03T03:00,27.9,93.0,0.0,0.0,0.0,1.2,100840.0,26.7,0.26,0.0,28.2,0.164,0,0,0,1.0,28.034379848484658,92.7402084792016,0.025270682584783696,32.0218189366786,0.35239880509018967,0.0,0.27496486554042665,0.0,0.0021280922268547033,1.7288238298133538e-07,1.0,0.0,0.0,1.1663874584304665,lhs_candidate_000013_june2024_preflight,pa1_candidate_000013
2024-06-03T04:00,27.9,93.0,0.0,0.0,0.0,1.2,100820.0,26.6,0.28,0.0,28.0,0.164,0,0,0,1.0,27.95832573192361,92.99685201737205,0.025235016230624154,31.903215475775667,0.35236841152049453,0.0,0.26407246141831475,0.0,0.002082474149020717,1.6603385425267288e-07,1.0,0.0,0.0,1.1664506725408628,lhs_candidate_000013_june2024_preflight,pa1_candidate_000013
2024-06-03T05:00,28.0,92.0,0.0,0.0,0.0,1.33,100840.0,26.5,0.31,0.0,27.8,0.164,0,0,0,1.0,28.007970946855853,92.31281862041556,0.02511778272861121,31.787757323790963,0.3523373035080232,0.0,0.29070498825590985,0.0,0.002272953942833323,1.8277888346012582e-07,1.0,0.0,0.0,1.1664897403377126,lhs_candidate_000013_june2024_preflight,pa1_candidate_000013
2024-06-03T06:00,28.0,92.0,25.0,13.0,12.0,1.3,100880.0,26.7,0.29,0.01,28.0,0.164,1,0,0,1.0,28.077392857643645,93.30472139287201,0.025484594357897825,31.681343635069467,0.3522158550510025,2622.1888,0.25421953907011074,21.25,0.002260997929261442,1.1618989101150778e-06,1.0,0.0,0.0,1.1666835095640342,lhs_candidate_000013_june2024_preflight,pa1_candidate_000013
2024-06-03T07:00,29.5,86.0,196.0,139.0,57.0,1.1,100930.0,27.0,0.56,0.14,30.5,0.164,0,0,0,1.0,29.253336781335417,98.6271549407521,0.028725415098031445,31.622431689107486,0.360778968930394,19253.396800000002,0.0558019810388366,166.6,0.0020348875877223226,7.89123566948899e-06,1.0,1.3931041920063009e-06,0.0,1.1627226779318347,lhs_candidate_000013_june2024_preflight,pa1_candidate_000013
2024-06-03T08:00,31.3,72.0,419.0,337.0,82.0,0.7,100950.0,25.6,1.3,0.31,31.6,0.163,0,0,0,1.0,31.331854076486465,99.99999999999999,0.032580577440801756,31.670468631020007,0.35855928650231306,39756.9568,8.881784197001252e-16,356.15,0.0012268367736527448,1.6794525887276487e-05,1.0,2.6032298544794753e-06,0.0,1.1550142877885543,lhs_candidate_000013_june2024_preflight,pa1_candidate_000013
2024-06-03T09:00,32.9,62.0,633.0,534.0,99.0,0.6,100950.0,24.6,1.91,0.48,33.3,0.162,0,1,0,1.0,33.48643555879417,85.61637256525283,0.03127307067129652,31.84006108392726,0.35475436338709815,59187.05760000001,0.7434942111636573,538.05,0.0029707813397711483,2.583962681642049e-05,1.0,0.0,0.0,1.1468985777564604,lhs_candidate_000013_june2024_preflight,pa1_candidate_000013
2024-06-03T10:00,34.0,56.0,763.0,643.0,120.0,0.63,100900.0,24.0,2.35,0.59,34.8,0.16,0,1,0,1.0,35.10567971879121,76.39685630580313,0.03037189458387256,32.1061030782194,0.34959484293437537,71365.888,1.334900940332008,648.55,0.003359584194879338,3.142218206612731e-05,1.0,0.0,0.0,1.1403089359761984,lhs_candidate_000013_june2024_preflight,pa1_candidate_000013
2024-06-03T11:00,35.0,53.0,910.0,785.0,125.0,0.45,100830.0,23.9,2.65,0.71,36.1,0.158,0,1,0,1.0,36.47072266980024,74.38850422272783,0.03173662744175485,32.44427593108691,0.3433950438278231,84477.8,1.5613188964997358,773.5,0.003439019740372697,3.745665379423225e-05,1.0,0.0,0.0,1.1344939807812944,lhs_candidate_000013_june2024_preflight,pa1_candidate_000013
2024-06-03T12:00,35.4,51.0,950.0,825.0,125.0,0.36,100780.0,23.9,2.79,0.75,36.9,0.156,0,1,0,1.0,37.27252890329327,70.7278915558729,0.031441768898813595,32.83003181304186,0.3364889627906869,87997.8,1.8642115869163414,807.5,0.0036174290430238086,3.9250391644120345e-05,1.0,0.0,0.0,1.1310025137430713,lhs_candidate_000013_june2024_preflight,pa1_candidate_000013
2024-06-03T13:00,36.0,50.0,931.0,796.0,135.0,0.32,100720.0,23.8,2.98,0.74,37.4,0.154,0,1,0,1.0,37.8253432803453,69.13203401740046,0.031611675886923186,33.222353885154575,0.3294831975215538,86677.624,2.025694084003164,791.35,0.0035714700336896953,3.8590357107986805e-05,1.0,0.0,0.0,1.1283198017968339,lhs_candidate_000013_june2024_preflight,pa1_candidate_000013
2024-06-03T14:00,35.5,54.0,757.0,594.0,163.0,0.8,100580.0,24.7,2.68,0.61,37.3,0.153,0,1,0,1.0,37.46461810762255,66.77787367131927,0.029978636079680106,33.57515793760531,0.3231536693896836,72350.7312,2.137963591861589,643.4499999999999,0.003972298119714125,3.168660811651189e-05,1.0,0.0,0.0,1.128059973220428,lhs_candidate_000013_june2024_preflight,pa1_candidate_000013
2024-06-03T15:00,34.7,56.0,570.0,403.0,167.0,1.08,100620.0,24.5,2.44,0.46,36.6,0.154,0,1,0,1.0,36.40899186954305,65.2979782914619,0.027769947285307215,33.839335178106005,0.31812542647256437,56035.4608,2.108362224215675,484.5,0.004144537211080888,2.4172587519612725e-05,1.0,0.0,0.0,1.132356919154303,lhs_candidate_000013_june2024_preflight,pa1_candidate_000013
2024-06-03T16:00,33.0,64.0,347.0,220.0,127.0,1.06,100620.0,25.4,1.78,0.28,35.4,0.158,0,1,0,1.0,34.61069330705356,68.50583734305174,0.026541654103248394,33.99532429435114,0.31459769997973375,35004.1648,1.7330669057893502,294.95,0.004081586978234448,1.4998247659603215e-05,1.0,0.0,0.0,1.1389734750180778,lhs_candidate_000013_june2024_preflight,pa1_candidate_000013
2024-06-03T17:00,32.6,66.0,150.0,87.0,63.0,0.82,100610.0,25.4,1.66,0.13,34.2,0.158,0,1,0,1.0,33.31525698533697,69.73643037491492,0.025244007971667027,34.037627761839694,0.31262301353307764,15416.491199999999,1.5494290709502017,127.5,0.0033206900203093135,6.986553622149968e-06,1.0,0.0,0.0,1.1436742704256686,lhs_candidate_000013_june2024_preflight,pa1_candidate_000013
2024-06-03T18:00,32.1,70.0,65.0,43.0,22.0,1.04,100630.0,25.8,1.45,0.06,33.3,0.158,1,0,0,1.0,32.53897491296586,73.34771813417126,0.025483905356433086,34.00922881956591,0.3116833965062592,6494.0127999999995,1.3063671607931742,55.25,0.002058925946463992,3.4200289616396596e-06,0.9980456574460445,0.0,0.0,1.1468065001889793,lhs_candidate_000013_june2024_preflight,pa1_candidate_000013
2024-06-03T19:00,31.4,75.0,0.0,0.0,0.0,1.04,100720.0,26.5,1.13,0.03,32.4,0.158,0,0,0,1.0,31.755878583679575,74.9236812798664,0.02496979989118186,33.93943591942438,0.3206860204810464,0.0,1.175972695892654,0.0,0.002008641320769319,7.393852359548692e-07,1.0,0.0,0.0,1.1507801664030062,lhs_candidate_000013_june2024_preflight,pa1_candidate_000013
2024-06-03T20:00,31.1,79.0,0.0,0.0,0.0,1.12,100810.0,26.9,0.96,0.01,31.9,0.157,0,0,0,1.0,31.25429581117101,78.94448629264761,0.025614022551167508,33.8451757003578,0.3205652291449635,0.0,0.9597194767467583,0.0,0.002008731994215346,6.034174213766439e-07,1.0,0.0,0.0,1.1537063594500694,lhs_candidate_000013_june2024_preflight,pa1_candidate_000013
2024-06-03T21:00,30.7,82.0,0.0,0.0,0.0,1.0,100890.0,27.3,0.8,0.0,31.4,0.157,0,0,0,1.0,30.88330449641249,81.89893878736498,0.026049289525816102,33.74468833853474,0.32046549475387487,0.0,0.807819831392063,0.0,0.001835197617113973,5.079115006062738e-07,1.0,0.0,0.0,1.1560308157506949,lhs_candidate_000013_june2024_preflight,pa1_candidate_000013
2024-06-03T22:00,30.2,86.0,0.0,0.0,0.0,1.1,100900.0,27.6,0.61,0.0,30.9,0.157,0,0,0,1.0,30.436326439370173,85.3551776717096,0.026503723760820178,33.637941206740855,0.32038351010860605,0.0,0.6371109146199045,0.0,0.00202791638584194,4.0057937193693247e-07,1.0,0.0,0.0,1.1578476220303509,lhs_candidate_000013_june2024_preflight,pa1_candidate_000013
2024-06-03T23:00,29.5,91.0,0.0,0.0,0.0,1.32,100890.0,27.9,0.36,0.0,30.2,0.157,0,0,0,1.0,29.832114352540902,89.60739723610277,0.026930856770992412,33.52256316998524,0.3203224823719391,0.0,0.43673634198947564,0.0,0.0024296175682862126,2.745951537818966e-07,1.0,0.0,0.0,1.1600416406210867,lhs_candidate_000013_june2024_preflight,pa1_candidate_000013
2024-06-04T00:00,29.3,90.0,0.0,0.0,0.0,1.4,100870.0,27.5,0.4,0.0,29.7,0.157,0,0,0,1.0,29.451132006815957,89.83886660054547,0.026448508191719268,33.39835135195252,0.3202755991694078,0.0,0.4177546795820306,0.0,0.00246619520066789,2.626605561615914e-07,1.0,0.0,0.0,1.1612719106803515,lhs_candidate_000013_june2024_preflight,pa1_candidate_000013
2024-06-04T01:00,29.1,90.0,0.0,0.0,0.0,1.43,100790.0,27.2,0.42,0.0,29.2,0.157,0,0,0,1.0,29.233569018128506,89.80995499087105,0.026129281002515017,33.27156558557877,0.3202284428255527,0.0,0.4137223444337046,0.0,0.0025070299677380646,2.6012525148529447e-07,1.0,0.0,0.0,1.1611857707369104,lhs_candidate_000013_june2024_preflight,pa1_candidate_000013
2024-06-04T02:00,28.5,88.0,0.0,0.0,0.0,1.33,100750.0,26.4,0.45,0.0,28.7,0.157,0,0,0,1.0,28.7913087483444,87.57840331875425,0.02487350691615177,33.141607012500955,0.32017719517782,0.0,0.49159975766819386,0.0,0.0024249110527129213,3.0909017198136857e-07,1.0,0.0,0.0,1.1624250771048836,lhs_candidate_000013_june2024_preflight,pa1_candidate_000013
2024-06-04T03:00,28.1,91.0,0.0,0.0,0.0,1.41,100730.0,26.4,0.36,0.0,28.4,0.157,0,0,0,1.0,28.334671557817405,90.08782202011388,0.024955436618702222,33.004357453710675,0.3201270256255802,0.0,0.3820367291676483,0.0,0.0025250919616581487,2.402031255705557e-07,1.0,0.0,0.0,1.1639546150619873,lhs_candidate_000013_june2024_preflight,pa1_candidate_000013
2024-06-04T04:00,27.8,92.0,0.0,0.0,0.0,1.4,100720.0,26.3,0.31,0.0,28.1,0.157,0,0,0,1.0,27.99522164946636,91.37978325754946,0.02484651071513614,32.86212123327921,0.3200874216485872,0.0,0.3257475452737202,0.0,0.002489044423339734,2.0481166481599564e-07,1.0,0.0,0.0,1.165150938712905,lhs_candidate_000013_june2024_preflight,pa1_candidate_000013
2024-06-04T05:00,27.8,91.0,0.0,0.0,0.0,1.2,100840.0,26.3,0.33,0.0,27.8,0.157,0,0,0,1.0,27.87440029209688,91.11299387058565,0.024610086953090533,32.71842836810013,0.32005066093231993,0.0,0.3334737979746003,0.0,0.002092215597473152,2.0966949629136917e-07,1.0,0.0,0.0,1.1670073355832653,lhs_candidate_000013_june2024_preflight,pa1_candidate_000013
2024-06-04T06:00,27.8,92.0,26.0,14.0,12.0,1.41,100860.0,26.5,0.28,0.01,28.0,0.157,1,0,0,1.0,27.89963926924366,93.06341190645213,0.02517179324919582,32.5824501530255,0.31992285116268016,2710.1888,0.26066991356656377,22.099999999999998,0.0024567654708695856,1.2060369420970024e-06,1.0,0.0,0.0,1.167140935481938,lhs_candidate_000013_june2024_preflight,pa1_candidate_000013
2024-06-04T07:00,30.5,76.0,199.0,144.0,55.0,1.02,100870.0,25.8,1.04,0.14,30.5,0.157,0,0,0,1.0,29.786493301599045,90.50279127162061,0.027132863406544507,32.50119628576805,0.32845570358775,19447.032000000003,0.3980640312242745,169.15,0.0021951552682863418,8.226677924644151e-06,1.0,5.671292735307346e-08,0.0,1.1599863420540149,lhs_candidate_000013_june2024_preflight,pa1_candidate_000013
2024-06-04T08:00,32.3,63.0,427.0,348.0,79.0,0.58,100910.0,24.4,1.78,0.32,32.0,0.156,0,0,0,1.0,32.28554912978674,100.0,0.03427986551321411,32.544713238655504,0.326161668380463,40355.4096,0.0,362.95,0.001007307810976452,1.7115185092761482e-05,1.0,7.418810964844998e-07,0.0,1.1509516305050784,lhs_candidate_000013_june2024_preflight,pa1_candidate_000013
2024-06-04T09:00,33.6,58.0,638.0,545.0,93.0,0.5,100910.0,24.2,2.19,0.49,33.8,0.155,0,1,0,1.0,34.29559158936327,79.19372288130504,0.030181578508326885,32.712576738276866,0.32228458836442336,59415.9632,1.1250855434056248,542.3,0.0029537058390219865,2.6279961904979334e-05,1.0,0.0,0.0,1.1434268465773776,lhs_candidate_000013_june2024_preflight,pa1_candidate_000013
2024-06-04T10:00,34.7,54.0,812.0,710.0,102.0,0.81,100880.0,24.1,2.54,0.64,35.3,0.153,0,1,0,1.0,35.8803421664769,73.36192446831765,0.03036020966887075,32.980593236526474,0.3169004831013589,75044.60479999999,1.5722069985553215,690.1999999999999,0.0035831301737975895,3.353542435087321e-05,1.0,0.0,0.0,1.1372250032543991,lhs_candidate_000013_june2024_preflight,pa1_candidate_000013
2024-06-04T11:00,35.5,52.0,925.0,818.0,107.0,0.91,100820.0,24.1,2.77,0.73,36.5,0.152,0,1,0,1.0,37.092516455125704,69.9205518088196,0.03079785663313125,33.32124530183854,0.31044455265866416,85164.5168,1.896961560370353,786.25,0.003901757137646309,3.79014828718726e-05,0.9903984732016307,0.0,0.0,1.132107916963915,lhs_candidate_000013_june2024_preflight,pa1_candidate_000013
2024-06-04T12:00,36.0,51.0,971.0,854.0,117.0,0.95,100750.0,24.2,2.92,0.77,37.3,0.15,0,1,0,1.0,37.94209591079455,66.43199314074225,0.030558112107599938,33.702356738605175,0.3035895618040004,89564.3408,2.216845745453937,825.35,0.004104624572314058,3.822089377185918e-05,0.9480837148395085,0.0,0.0,1.128232294283646,lhs_candidate_000013_june2024_preflight,pa1_candidate_000013
2024-06-04T13:00,36.0,52.0,945.0,833.0,112.0,0.95,100670.0,24.4,2.87,0.75,37.7,0.148,0,1,0,1.0,38.2353006884219,64.48380695646678,0.030107299575985118,34.089333942388514,0.29693590554088883,87100.4288,2.382963308241612,803.25,0.004232677255461985,3.571462344674983e-05,0.9070117625980793,0.0,0.0,1.1262749116175117,lhs_candidate_000013_june2024_preflight,pa1_candidate_000013
2024-06-04T14:00,36.1,51.0,827.0,693.0,134.0,1.48,100590.0,24.4,2.91,0.67,37.7,0.147,0,1,0,1.0,38.17410797553304,59.781675359616244,0.027825289398023773,34.44286314412998,0.29100056503149313,77490.4416,2.689552593846445,702.9499999999999,0.004771363164391546,3.0323115157462123e-05,0.8703738582190934,0.0,0.0,1.1256010888443164,lhs_candidate_000013_june2024_preflight,pa1_candidate_000013
2024-06-04T15:00,35.3,54.0,617.0,439.0,178.0,1.87,100570.0,24.4,2.65,0.51,37.2,0.146,0,1,0,1.0,37.30340276975558,58.34067165958834,0.025976060228984202,34.72167976466547,0.2862805751169979,60558.4672,2.657554938454419,524.4499999999999,0.005272576669177793,2.221016834408972e-05,0.8412381180061599,0.0,0.0,1.1285335497121585,lhs_candidate_000013_june2024_preflight,pa1_candidate_000013
2024-06-04T16:00,32.7,64.0,276.0,103.0,173.0,2.19,100640.0,25.1,1.77,0.25,35.6,0.15,0,1,0,1.0,34.68239308252872,62.4426875191733,0.024283225125230345,34.86152927236866,0.2833727958955816,30374.555199999995,2.074938891080296,234.6,0.005730849669626804,1.0181899067695234e-05,0.8232888635529729,0.0,0.0,1.1389345256744556,lhs_candidate_000013_june2024_preflight,pa1_candidate_000013
2024-06-04T17:00,32.3,67.0,175.0,96.0,79.0,0.57,100660.0,25.5,1.57,0.14,34.4,0.15,0,1,0,1.0,33.13428783024842,69.73389739747422,0.025003334167773863,34.86844153163327,0.28187811752609043,18179.4096,1.5339348362898297,148.75,0.0031260138683325083,6.495299907197673e-06,0.8140624538647557,0.0,0.0,1.1449187203158429,lhs_candidate_000013_june2024_preflight,pa1_candidate_000013
2024-06-04T18:00,31.9,69.0,64.0,33.0,31.0,0.41,100610.0,25.5,1.46,0.05,33.5,0.15,1,0,0,1.0,32.390676058475826,70.78924485969539,0.02440228224310591,34.81744036639956,0.28104341289663853,6722.6544,1.4198638146563183,54.4,0.0013079899371828817,2.7972137388442226e-06,0.8089099561520897,0.0,0.0,1.14713508431997,lhs_candidate_000013_june2024_preflight,pa1_candidate_000013
2024-06-04T19:00,31.3,74.0,0.0,0.0,0.0,0.94,100760.0,26.0,1.21,0.03,32.6,0.15,0,0,0,1.0,31.64935659509304,73.98943665812133,0.024518699469061517,34.72189281749273,0.2900970727714366,0.0,1.2124482732514248,0.0,0.001855434783947436,6.592510071788707e-07,0.864796745502695,0.0,0.0,1.1516395249667077,lhs_candidate_000013_june2024_preflight,pa1_candidate_000013
2024-06-04T20:00,30.9,77.0,0.0,0.0,0.0,0.92,100750.0,26.5,1.02,0.0,32.0,0.15,0,0,0,1.0,31.110213218492984,76.96605509673797,0.024780110738321946,34.60316091862382,0.2899867942505172,0.0,1.0413319890210309,0.0,0.001728592387364239,5.657633355975868e-07,0.8641160138920816,0.0,0.0,1.153565710712553,lhs_candidate_000013_june2024_preflight,pa1_candidate_000013
2024-06-04T21:00,30.6,80.0,0.0,0.0,0.0,1.08,100780.0,26.9,0.86,0.0,31.5,0.15,0,0,0,1.0,30.762996623987448,79.88280542393487,0.02524435557461581,34.47820990727367,0.28989248871451084,0.0,0.8916601852275772,0.0,0.0019497164680422224,4.841191841422587e-07,0.8635338809537706,0.0,0.0,1.1552275302871828,lhs_candidate_000013_june2024_preflight,pa1_candidate_000013
2024-06-04T22:00,30.4,82.0,0.0,0.0,0.0,1.06,100830.0,27.1,0.77,0.0,31.2,0.15,0,0,0,1.0,30.523442133518493,82.03257654754694,0.025591813827539577,34.350226985402095,0.2898108478642659,0.0,0.7855594115399676,0.0,0.001891587447221337,4.2626377534193994e-07,0.8630299250880612,0.0,0.0,1.156712433350034,lhs_candidate_000013_june2024_preflight,pa1_candidate_000013
2024-06-04T23:00,30.2,84.0,0.0,0.0,0.0,1.03,100850.0,27.2,0.68,0.0,30.9,0.15,0,0,0,1.0,30.323420273090974,83.9565631975899,0.025911269539132375,34.22106180729857,0.2897386710400809,0.0,0.6934638277027418,0.0,0.0018427809830808928,3.7609619756476865e-07,0.8625843891363018,0.0,0.0,1.157704421529434,lhs_candidate_000013_june2024_preflight,pa1_candidate_000013
2024-06-05T00:00,30.0,85.0,0.0,0.0,0.0,0.89,100830.0,27.2,0.62,0.0,30.7,0.15,0,0,0,1.0,30.12714900299624,85.09662516777964,0.02598641855771602,34.09109201763049,0.28967394052606593,0.0,0.6369863281883759,0.0,0.0016196875839102885,3.4530591546366935e-07,0.8621848180621354,0.0,0.0,1.158223912842746,lhs_candidate_000013_june2024_preflight,pa1_candidate_000013
2024-06-05T01:00,29.8,86.0,0.0,0.0,0.0,0.81,100770.0,27.2,0.59,0.0,30.5,0.149,0,0,0,1.0,29.930647302554938,86.0868180446936,0.02601108091308826,33.96036341437054,0.28961420402532384,0.0,0.5880010758829526,0.0,0.0014955659060953762,3.186150211960009e-07,0.8618160742303941,0.0,0.0,1.1582851841585045,lhs_candidate_000013_june2024_preflight,pa1_candidate_000013
2024-06-05T02:00,29.6,89.0,0.0,0.0,0.0,0.81,100750.0,27.6,0.45,0.0,30.3,0.149,0,0,0,1.0,29.734896533629968,88.59428163163689,0.02648657078293208,33.82889749315812,0.28956189179430875,0.0,0.4766416722052247,0.0,0.0014992007084731003,2.581768982191041e-07,0.8614931592241281,0.0,0.0,1.1588037340910236,lhs_candidate_000013_june2024_preflight,pa1_candidate_000013
2024-06-05T03:00,29.5,89.0,0.0,0.0,0.0,0.85,100720.0,27.5,0.46,0.0,30.2,0.149,0,0,0,1.0,29.597292668110523,89.15453382232775,0.02645602009861424,33.69724090903869,0.28951743403688285,0.0,0.4496569146026861,0.0,0.0015318071566168055,2.4348279469069484e-07,0.8612187286227336,0.0,0.0,1.158985220318507,lhs_candidate_000013_june2024_preflight,pa1_candidate_000013
2024-06-05T04:00,29.4,89.0,0.0,0.0,0.0,0.95,100730.0,27.4,0.44,0.0,30.1,0.149,0,0,0,1.0,29.492647254496113,89.12472412262235,0.026297458982586057,33.566689797915444,0.2894737070705092,0.0,0.4481853980286101,0.0,0.0016907116451656832,2.426099278700682e-07,0.8609488090772172,0.0,0.0,1.1595010749925159,lhs_candidate_000013_june2024_preflight,pa1_candidate_000013
2024-06-05T05:00,29.2,89.0,0.0,0.0,0.0,1.02,100760.0,27.3,0.43,0.0,29.9,0.149,0,0,0,1.0,29.331983200687333,88.96461630473307,0.02602218077109042,33.436984884665115,0.2894298768509639,0.0,0.45059361625676164,0.0,0.0018326902618841787,2.4383688404351236e-07,0.8606782521664438,0.0,0.0,1.1604624596977766,lhs_candidate_000013_june2024_preflight,pa1_candidate_000013
2024-06-05T06:00,29.2,89.0,25.0,13.0,12.0,1.17,100760.0,27.2,0.43,0.02,29.9,0.149,1,0,0,1.0,29.29889369634438,90.16021859497108,0.026324512907902206,33.31246100908638,0.28931081401480624,2622.1888,0.40100939187037454,21.25,0.0020569989851498558,1.078534073148155e-06,0.8599432963876928,0.0,0.0,1.160589420412133,lhs_candidate_000013_june2024_preflight,pa1_candidate_000013
2024-06-05T07:00,30.2,83.0,185.0,123.0,62.0,0.98,100870.0,26.9,0.74,0.13,30.9,0.149,0,0,0,1.0,30.16715941245841,94.60830992343861,0.028953538954944572,33.23059248638904,0.297962064710869,18461.308800000003,0.23097553195498044,157.25,0.001696001936319854,6.90532425626257e-06,0.9133460784621543,1.1195889336401699e-07,0.0,1.1585305474318608,lhs_candidate_000013_june2024_preflight,pa1_candidate_000013
2024-06-05T08:00,32.0,69.0,414.0,327.0,87.0,0.64,100910.0,25.6,1.47,0.31,32.3,0.148,0,0,0,1.0,32.124698570312745,99.99999999999997,0.033988059349362575,33.24916544752295,0.29598929304386007,39492.8688,8.881784197001252e-16,351.9,0.0012257256478580543,1.495409231229831e-05,0.9011684755793832,3.325900014965466e-08,0.0,1.151558071898883,lhs_candidate_000013_june2024_preflight,pa1_candidate_000013
2024-06-05T09:00,33.4,62.0,624.0,526.0,98.0,0.64,100870.0,25.0,1.96,0.48,34.0,0.147,0,1,0,1.0,34.18884338419295,78.31733396567256,0.029681320892228098,33.389242355792256,0.29260523095133895,58359.875199999995,1.1655399601611176,530.4,0.003162137844949853,2.266212237922709e-05,0.8802792034033269,0.0,0.0,1.1433705901610278,lhs_candidate_000013_june2024_preflight,pa1_candidate_000013
2024-06-05T10:00,34.5,57.0,795.0,683.0,112.0,0.63,100840.0,24.7,2.37,0.62,35.5,0.146,0,1,0,1.0,35.90318941126643,72.1004974041673,0.029873427223924397,33.632198070064376,0.28803341934267795,73900.4288,1.6487248537166996,675.75,0.0035357439433163053,2.8034530931336604e-05,0.8520581440906047,0.0,0.0,1.1366900435476424,lhs_candidate_000013_june2024_preflight,pa1_candidate_000013
2024-06-05T11:00,35.4,54.0,905.0,782.0,123.0,1.03,100800.0,24.7,2.63,0.72,36.7,0.145,0,1,0,1.0,37.26958372843802,65.81983588893675,0.02925550805602704,33.95051307002411,0.2827278256674288,83967.43519999999,2.176435547444753,769.25,0.004158115972946634,3.084118848394154e-05,0.8193075658483261,0.0,0.0,1.1312376963048885,lhs_candidate_000013_june2024_preflight,pa1_candidate_000013
2024-06-05T12:00,35.5,54.0,831.0,696.0,135.0,1.62,100740.0,24.8,2.64,0.67,37.2,0.143,0,1,0,1.0,37.68564165288144,60.5520653067079,0.027491964789241555,34.287275985826426,0.2774798727426168,77877.624,2.569233672158228,706.35,0.004992319100069721,2.748203545708665e-05,0.7869127947075112,0.0,0.0,1.1290510640940943,lhs_candidate_000013_june2024_preflight,pa1_candidate_000013
2024-06-05T13:00,35.1,56.0,805.0,547.0,258.0,1.48,100700.0,24.9,2.5,0.65,37.3,0.142,0,1,0,1.0,37.44996652966286,61.323366221389605,0.027509349833504056,34.59822355930059,0.272701035074411,79917.0592,2.4870019046137144,684.25,0.004871510809477561,2.5623323084990912e-05,0.7574137967556236,0.0,0.0,1.1294591153392923,lhs_candidate_000013_june2024_preflight,pa1_candidate_000013
2024-06-05T14:00,35.2,54.0,550.0,255.0,295.0,1.24,100620.0,24.6,2.59,0.46,37.1,0.141,0,1,0,1.0,36.966829458232006,58.67777509209082,0.02567986767752479,34.844227179982965,0.26884338114966716,58778.808000000005,2.588212206811424,467.5,0.004356691845829641,1.736627670280696e-05,0.733601118207822,0.0,0.0,1.1303200375880242,lhs_candidate_000013_june2024_preflight,pa1_candidate_000013
2024-06-05T15:00,34.0,59.0,452.0,267.0,185.0,1.0,100640.0,24.9,2.16,0.37,36.5,0.144,0,1,0,1.0,35.866816631717796,61.73869707257807,0.02553218185330806,35.006784617895235,0.26602246872533464,46284.744000000006,2.256545235146292,384.2,0.0041284932454474016,1.3991474187162855e-05,0.7161880785514484,0.0,0.0,1.1345691293575264,lhs_candidate_000013_june2024_preflight,pa1_candidate_000013
2024-06-05T16:00,31.1,80.0,284.0,151.0,133.0,1.0,100700.0,27.2,0.92,0.22,35.0,0.157,0,1,0,1.0,33.281252302256114,76.48916954668992,0.027638864298524947,35.07994291148774,0.2639963137693454,29671.259199999997,1.201414803338892,241.4,0.004274177513047042,8.541830759634638e-06,0.7036809491934901,0.0,0.0,1.144824363655234,lhs_candidate_000013_june2024_preflight,pa1_candidate_000013
2024-06-05T17:00,30.7,80.0,153.0,74.0,79.0,1.63,100770.0,26.9,0.87,0.13,33.6,0.172,0,1,0,1.0,31.607249061599116,79.59257710794012,0.02631625196160106,35.04598238631322,0.2628123443337476,16243.409599999999,0.9489981881891048,130.04999999999998,0.004550303997954618,4.686088145141278e-06,0.696372495887331,0.0,0.0,1.15191295516899,lhs_candidate_000013_june2024_preflight,pa1_candidate_000013
2024-06-05T18:00,30.0,83.0,44.0,18.0,26.0,1.66,100810.0,26.7,0.74,0.05,32.3,0.178,1,1,0,1.0,30.596717421510828,81.63211969929169,0.02556752455879193,34.94586857645078,0.2622495627647379,4786.7424,0.8064360749027655,37.4,0.004472948954138107,1.5733419103445095e-06,0.6928985355848017,0.0,0.0,1.1562040074129114,lhs_candidate_000013_june2024_preflight,pa1_candidate_000013
2024-06-05T19:00,29.7,81.0,0.0,0.0,0.0,1.51,100900.0,26.0,0.81,0.03,31.3,0.178,0,0,0,1.0,29.958046422694363,80.8098875390464,0.02445286713489309,34.80327613398238,0.2714414863500361,0.0,0.8122916266954516,0.0,0.002698349762177124,3.828578639383215e-07,0.7496388046298527,0.0,0.0,1.1596746120641308,lhs_candidate_000013_june2024_preflight,pa1_candidate_000013
2024-06-05T20:00,29.6,80.0,0.0,0.0,0.0,1.4,100990.0,25.8,0.83,0.01,30.9,0.178,0,0,0,1.0,29.710008075207135,80.20529707624604,0.023946250300137188,34.647649032455384,0.2713720501838479,0.0,0.8260324131598193,0.0,0.0024450947487427354,3.8911170816497864e-07,0.7492101863200489,0.0,0.0,1.1616596149891008,lhs_candidate_000013_june2024_preflight,pa1_candidate_000013
2024-06-05T21:00,29.5,81.0,0.0,0.0,0.0,1.17,101070.0,25.8,0.8,0.0,30.5,0.179,0,0,0,1.0,29.59595098272261,81.10440070254351,0.024065445174583373,34.4928546733554,0.2713036025262616,0.0,0.7833578499826364,0.0,0.002055141281476932,3.6880128048487173e-07,0.7487876699151952,0.0,0.0,1.1630178250920162,lhs_candidate_000013_june2024_preflight,pa1_candidate_000013
2024-06-05T22:00,29.3,81.0,0.0,0.0,0.0,1.12,101060.0,25.7,0.77,0.0,30.2,0.179,0,0,0,1.0,29.435323271419303,81.1411137962588,0.023867400854373676,34.33952738054601,0.2712377196466956,0.0,0.7746397285388902,0.0,0.001997403083118333,3.644987533760743e-07,0.7483809854734295,0.0,0.0,1.1635200826153456,lhs_candidate_000013_june2024_preflight,pa1_candidate_000013
2024-06-05T23:00,28.6,86.0,0.0,0.0,0.0,1.32,101060.0,26.1,0.54,0.0,29.9,0.179,0,0,0,1.0,28.94258368092776,84.6524245503197,0.024241657009307117,34.18378267180039,0.27117798001741933,0.0,0.6127374809883919,0.0,0.002435541728990221,2.8817524898648374e-07,0.748012222329749,0.0,0.0,1.1654178862689502,lhs_candidate_000013_june2024_preflight,pa1_candidate_000013
2024-06-06T00:00,28.1,89.0,0.0,0.0,0.0,1.24,101030.0,26.1,0.42,0.0,29.5,0.178,0,0,0,1.0,28.39480916320427,87.86473955980274,0.024419885674996266,34.0197373448662,0.2711325626535135,0.0,0.4693552325483652,0.0,0.002284092693536714,2.206587179638369e-07,0.7477318682315648,0.0,0.0,1.1671883522004205,lhs_candidate_000013_june2024_preflight,pa1_candidate_000013
2024-06-06T01:00,27.9,90.0,0.0,0.0,0.0,1.17,100930.0,26.2,0.37,0.0,29.2,0.178,0,0,0,1.0,28.077302241580725,89.45621824185967,0.024433319826285327,33.85036090580477,0.27109622601413974,0.0,0.40034498363362303,0.0,0.0021048249232248784,1.8815836088867972e-07,0.7475075679885169,0.0,0.0,1.1672621138303352,lhs_candidate_000013_june2024_preflight,pa1_candidate_000013
2024-06-06T02:00,27.7,92.0,0.0,0.0,0.0,1.17,100860.0,26.3,0.3,0.0,28.8,0.178,0,0,0,1.0,27.86773534725304,91.30871470373627,0.024653919567013082,33.680255389675786,0.2710654150739793,0.0,0.3260029580987487,0.0,0.0020991474591980507,1.5317932720194175e-07,0.7473173769998722,0.0,0.0,1.1672646370748516,lhs_candidate_000013_june2024_preflight,pa1_candidate_000013
2024-06-06T03:00,27.5,92.0,0.0,0.0,0.0,1.12,100840.0,26.1,0.28,0.0,28.5,0.178,0,0,0,1.0,27.668391501436233,91.55460709482314,0.024450738670278194,33.510380159008534,0.2710386734044596,0.0,0.31311778050367467,0.0,0.0020187250075206354,1.4709245840453436e-07,0.7471523049657999,0.0,0.0,1.1678065346239077,lhs_candidate_000013_june2024_preflight,pa1_candidate_000013
2024-06-06T04:00,27.5,92.0,0.0,0.0,0.0,1.02,100860.0,26.1,0.3,0.0,28.3,0.178,0,0,0,1.0,27.588763217870213,91.84280900979812,0.02442039542371918,33.34184096113212,0.2710127930519819,0.0,0.30102965396587544,0.0,0.0018031475164860687,1.4138361627528994e-07,0.746992549703592,0.0,0.0,1.1683474183494493,lhs_candidate_000013_june2024_preflight,pa1_candidate_000013
2024-06-06T05:00,27.9,91.0,0.0,0.0,0.0,1.1,100920.0,26.2,0.35,0.0,28.2,0.178,0,0,0,1.0,27.815731068034562,91.56659339710856,0.02465296890060776,33.17935448068034,0.27098707444744563,0.0,0.31537260388699817,0.0,0.0019321543645934736,1.48088543159954e-07,0.7468337928854669,0.0,0.0,1.1681608373614274,lhs_candidate_000013_june2024_preflight,pa1_candidate_000013
2024-06-06T06:00,28.1,91.0,21.0,8.0,13.0,1.2,100950.0,26.4,0.36,0.02,28.4,0.178,1,0,0,1.0,28.11074888976699,92.05470612595977,0.025189230092083743,33.03162151507501,0.270904177748495,2305.3712,0.3022686591303252,17.849999999999998,0.002053405425881887,7.70040112077043e-07,0.7463220848672532,0.0,0.0,1.1673637973972293,lhs_candidate_000013_june2024_preflight,pa1_candidate_000013
2024-06-06T07:00,29.3,87.0,167.0,87.0,80.0,1.1,100970.0,26.9,0.54,0.12,30.5,0.178,0,0,0,1.0,29.191087977564536,95.67701824758772,0.027771999983020726,32.929689103295736,0.2797163492159828,17510.592,0.17508615418206652,141.95,0.0019478866856901958,5.4479627182262855e-06,0.800718205036931,0.0,0.0,1.163422968596211,lhs_candidate_000013_june2024_preflight,pa1_candidate_000013
2024-06-06T08:00,30.1,80.0,359.0,210.0,149.0,0.85,101030.0,26.3,0.86,0.26,30.9,0.178,0,1,0,1.0,30.602256587265273,96.8542099083339,0.030344190459093184,32.91818951687048,0.2781932830068548,36834.177599999995,0.1381586279049163,305.15,0.003221910726367686,1.1455453209116367e-05,0.7913165617707087,0.0,0.0,1.1587060879025135,lhs_candidate_000013_june2024_preflight,pa1_candidate_000013
2024-06-06T09:00,32.0,65.0,551.0,405.0,146.0,0.92,101010.0,24.6,1.66,0.42,32.3,0.176,0,1,0,1.0,32.612317192876105,78.33896912720276,0.02732406467914582,33.00885730270246,0.2755840097948148,53624.6304,1.0661105475750965,468.34999999999997,0.0033853892498782474,1.7640454761907484e-05,0.7752099370050296,0.0,0.0,1.1508609624613824,lhs_candidate_000013_june2024_preflight,pa1_candidate_000013
2024-06-06T10:00,33.6,56.0,779.0,643.0,136.0,0.61,100980.0,23.6,2.28,0.6,34.2,0.174,0,1,0,1.0,34.88841300636171,70.20830721562666,0.027597883563661336,33.21785372651808,0.271803107032879,73336.8064,1.6647883939317207,662.15,0.003454012819464546,2.4263566196582526e-05,0.7518710310671545,0.0,0.0,1.1420179704424998,lhs_candidate_000013_june2024_preflight,pa1_candidate_000013
2024-06-06T11:00,34.5,53.0,914.0,794.0,120.0,0.92,100920.0,23.5,2.57,0.71,35.6,0.172,0,1,0,1.0,36.56279335072473,63.206221342577095,0.027093884509786365,33.52822399372741,0.2671343426415262,84653.888,2.2543258421772343,776.9,0.00413291037414361,2.751406681822069e-05,0.7230514977871987,0.0,0.0,1.1351690597533615,lhs_candidate_000013_june2024_preflight,pa1_candidate_000013
2024-06-06T12:00,35.0,52.0,952.0,811.0,141.0,1.48,100830.0,23.6,2.7,0.76,36.5,0.169,0,1,0,1.0,37.47747713609119,58.348370649164856,0.02621157854343745,33.88785918232315,0.26217175856366987,88736.7184,2.6823040976495465,809.1999999999999,0.004915991214655997,2.7589355012414705e-05,0.6924182627387029,0.0,0.0,1.130817046298028,lhs_candidate_000013_june2024_preflight,pa1_candidate_000013
2024-06-06T13:00,35.1,52.0,862.0,700.0,162.0,1.32,100730.0,23.7,2.72,0.69,36.8,0.167,0,1,0,1.0,37.67558468709615,56.744053920930966,0.025749838428605627,34.24093747868234,0.25752261178076397,81555.54879999999,2.815713276667838,732.6999999999999,0.004761331488273892,2.410722725759952e-05,0.663719825807185,0.0,0.0,1.1289755159100874,lhs_candidate_000013_june2024_preflight,pa1_candidate_000013
2024-06-06T14:00,34.5,55.0,726.0,441.0,285.0,1.0,100690.0,24.1,2.48,0.58,36.6,0.165,0,1,0,1.0,37.08160220879551,58.221811857036684,0.025630591474101284,34.54144388091322,0.25358784590235695,73914.984,2.6331782214161037,617.1,0.00442868452066756,1.9665971390256473e-05,0.6394311475454133,0.0,0.0,1.1306879240772412,lhs_candidate_000013_june2024_preflight,pa1_candidate_000013
2024-06-06T15:00,34.3,56.0,551.0,389.0,162.0,0.8,100680.0,24.3,2.38,0.44,36.2,0.164,0,1,0,1.0,36.33103698820805,59.13990008571651,0.02505029042403616,34.76401489800463,0.2505047972466576,54187.5488,2.4719367367449876,468.34999999999997,0.004007076843298236,1.4666018005314455e-05,0.6203999830040592,0.0,0.0,1.13331754527369,lhs_candidate_000013_june2024_preflight,pa1_candidate_000013
2024-06-06T16:00,31.5,70.0,320.0,143.0,177.0,0.45,100690.0,25.4,1.38,0.25,34.9,0.172,0,1,0,1.0,33.899409281603546,67.40935749416934,0.025162753466745732,34.880160909291796,0.24842640507776037,34387.2848,1.723895233519006,272.0,0.003945134995626069,8.4514599543122e-06,0.6075704017145702,0.0,0.0,1.1424061264449912,lhs_candidate_000013_june2024_preflight,pa1_candidate_000013
2024-06-06T17:00,30.4,76.0,152.0,65.0,87.0,0.71,100710.0,25.8,1.03,0.12,33.3,0.174,0,1,0,1.0,31.686493588765615,74.56518564782466,0.02475851271038311,34.86666020307593,0.24730115640484449,16436.8688,1.1881073530739252,129.2,0.003551617465908809,4.1079945972908975e-06,0.6006244222521264,0.0,0.0,1.1509278184740415,lhs_candidate_000013_june2024_preflight,pa1_candidate_000013
2024-06-06T18:00,30.1,76.0,32.0,8.0,24.0,0.64,100820.0,25.4,1.03,0.04,32.3,0.174,1,0,0,1.0,30.592150688674046,75.7738808576833,0.023726868023306556,34.76851220462027,0.24682858486815662,3660.3776,1.063362894079551,27.2,0.0015570327889651689,1.1662580901309945e-06,0.5977073140009668,0.0,0.0,1.1563360839492207,lhs_candidate_000013_june2024_preflight,pa1_candidate_000013
2024-06-06T19:00,29.7,76.0,0.0,0.0,0.0,0.73,100910.0,25.1,0.99,0.02,31.4,0.173,0,0,0,1.0,29.986519291210946,76.34155480781538,0.02313635306685656,34.62963797526019,0.2560560487550545,0.0,1.0030672874020565,0.0,0.0015064656257360281,4.128801764152643e-07,0.6546669676237932,0.0,0.0,1.159680608945141,lhs_candidate_000013_june2024_preflight,pa1_candidate_000013
2024-06-06T20:00,29.4,78.0,0.0,0.0,0.0,0.7,100970.0,25.1,0.91,0.0,30.9,0.173,0,0,0,1.0,29.59693522328841,77.95896757478683,0.02313336121921693,34.47813796237153,0.2559846423992371,0.0,0.9138103116234073,0.0,0.0013857967574993169,3.758871807037493e-07,0.6542261876496116,0.0,0.0,1.161863342543949,lhs_candidate_000013_june2024_preflight,pa1_candidate_000013
2024-06-06T21:00,28.8,86.0,0.0,0.0,0.0,0.85,101020.0,26.2,0.56,0.0,30.5,0.173,0,0,0,1.0,29.115761381841885,84.29266167439171,0.024367398603431546,34.3218989694221,0.2559263604237433,0.0,0.6334067097968088,0.0,0.0017019716148828554,2.6040254927025286e-07,0.6538664223687857,0.0,0.0,1.1642891678387248,lhs_candidate_000013_june2024_preflight,pa1_candidate_000013
2024-06-06T22:00,28.9,85.0,0.0,0.0,0.0,0.89,101050.0,26.1,0.6,0.0,29.9,0.173,0,0,0,1.0,28.9522626079074,85.37998767732006,0.02446290833241609,34.16141359540039,0.25588290989824836,0.0,0.5840169099888519,0.0,0.0015607810958562906,2.3999920981319326e-07,0.6535982092484467,0.0,0.0,1.1652652322285229,lhs_candidate_000013_june2024_preflight,pa1_candidate_000013
2024-06-06T23:00,28.6,87.0,0.0,0.0,0.0,0.72,101010.0,26.3,0.49,0.0,29.5,0.173,0,0,0,1.0,28.785311976879775,86.56484345564033,0.024577597466500272,34.00322138275291,0.25584113503954975,0.0,0.5315280928252304,0.0,0.0014053818585050238,2.1834297996539975e-07,0.6533403397503071,0.0,0.0,1.1654480303912291,lhs_candidate_000013_june2024_preflight,pa1_candidate_000013
2024-06-07T00:00,28.4,88.0,0.0,0.0,0.0,0.63,100950.0,26.2,0.48,0.0,29.2,0.173,0,0,0,1.0,28.56285716358479,87.76830385001905,0.024618347779381454,33.844502950002514,0.255803990579279,0.0,0.4777199785132735,0.0,0.001251137724922311,1.9617062411440006e-07,0.6531110529585124,0.0,0.0,1.1656145354124392,lhs_candidate_000013_june2024_preflight,pa1_candidate_000013
2024-06-07T01:00,28.4,87.0,0.0,0.0,0.0,0.67,100840.0,26.0,0.51,0.0,28.9,0.173,0,0,0,1.0,28.47920486052844,87.41958849809106,0.024408626344166916,33.68659589773866,0.2557686738341987,0.0,0.48896134013083303,0.0,0.0012270876144463974,2.0071974817077317e-07,0.6528930483592513,0.0,0.0,1.1646673388038409,lhs_candidate_000013_june2024_preflight,pa1_candidate_000013
2024-06-07T02:00,28.6,85.0,0.0,0.0,0.0,0.67,100780.0,25.8,0.59,0.0,28.6,0.173,0,0,0,1.0,28.584375029118807,85.99015608734581,0.0241479763649922,33.53333581621057,0.25573063002721463,0.0,0.5478501650626364,0.0,0.0011598975256085849,2.248128536984151e-07,0.6526582100445348,0.0,0.0,1.1635686536485086,lhs_candidate_000013_june2024_preflight,pa1_candidate_000013
2024-06-07T03:00,28.5,84.0,0.0,0.0,0.0,0.76,100740.0,25.6,0.61,0.0,28.5,0.173,0,0,0,1.0,28.591083920250664,84.51808164244339,0.023743289030896463,33.38636846590195,0.2556878461090721,0.0,0.6056506289987929,0.0,0.0013820429508431596,2.484309735608072e-07,0.6523941117843955,0.0,0.0,1.1630809679841652,lhs_candidate_000013_june2024_preflight,pa1_candidate_000013
2024-06-07T04:00,28.6,84.0,0.0,0.0,0.0,0.95,100710.0,25.6,0.63,0.0,28.3,0.173,0,0,0,1.0,28.61919259520205,84.398198863971,0.02374605824395781,33.243228820590076,0.2556427881552805,0.0,0.6113356106882688,0.0,0.0016352341511826146,2.5065598027574096e-07,0.6521159762671637,0.0,0.0,1.1626263023741557,lhs_candidate_000013_june2024_preflight,pa1_candidate_000013
2024-06-07T05:00,28.1,88.0,0.0,0.0,0.0,1.0,100740.0,25.9,0.46,0.0,28.1,0.173,0,0,0,1.0,28.353467340078655,86.97415159048097,0.024117721326973745,33.10256060810245,0.25560091541549523,0.0,0.5025926206151832,0.0,0.001883837869934461,2.0598818557771246e-07,0.6518575025647854,0.0,0.0,1.1639975986435527,lhs_candidate_000013_june2024_preflight,pa1_candidate_000013
2024-06-07T06:00,28.4,87.0,24.0,8.0,16.0,1.14,100800.0,25.9,0.52,0.02,28.2,0.173,1,0,0,1.0,28.40860765445743,88.25613468661764,0.02454719660168482,32.965459103598754,0.25551008753380755,2674.9184,0.4545812249870602,20.4,0.00195002188883876,8.126833895263027e-07,0.6512968366284417,0.0,0.0,1.1644779020443594,lhs_candidate_000013_june2024_preflight,pa1_candidate_000013
2024-06-07T07:00,29.5,80.0,180.0,115.0,65.0,1.02,100850.0,25.7,0.82,0.13,30.1,0.172,0,0,0,1.0,29.475338547177923,89.13660439414876,0.026276267861545313,32.87470261409529,0.2643316696230262,18126.855999999996,0.44724982930507684,153.0,0.0017574950863214465,5.29033635986443e-06,0.7057510470557171,0.0,0.0,1.1609487895279018,lhs_candidate_000013_june2024_preflight,pa1_candidate_000013
2024-06-07T08:00,31.0,69.0,375.0,279.0,96.0,0.8,100890.0,24.7,1.39,0.28,31.2,0.172,0,0,0,1.0,31.324201248581968,87.24775997754763,0.028414186427380136,32.87976927961625,0.26288881666695363,36377.5104,0.5835655198955352,318.75,0.001634630869773213,1.0729882244442097e-05,0.6968445473268743,0.0,0.0,1.154356814373954,lhs_candidate_000013_june2024_preflight,pa1_candidate_000013
2024-06-07T09:00,32.5,62.0,610.0,488.0,122.0,0.51,100860.0,24.2,1.88,0.46,33.0,0.17,0,1,0,1.0,33.46184497729561,73.66993005676868,0.02687459030805501,33.0031671240314,0.2603630351743926,57972.252799999995,1.359140147900102,518.5,0.0031618469054530973,1.7238988818723855e-05,0.6812533035456332,0.0,0.0,1.145967983165241,lhs_candidate_000013_june2024_preflight,pa1_candidate_000013
2024-06-07T10:00,33.6,57.0,740.0,586.0,154.0,0.2,100820.0,23.9,2.23,0.57,34.4,0.168,0,1,0,1.0,35.238523730304806,67.17710889643273,0.02689151761470488,33.230083578807715,0.2569734843069596,70538.08959999999,1.8699963044872665,629.0,0.0034281757179510227,2.0362418984555596e-05,0.6603301500429605,0.0,0.0,1.1389140062968592,lhs_candidate_000013_june2024_preflight,pa1_candidate_000013
2024-06-07T11:00,34.4,54.0,878.0,697.0,181.0,0.22,100750.0,23.9,2.48,0.68,35.7,0.166,0,1,0,1.0,36.61972892456351,62.567655807115024,0.026898764587273194,33.5309273229936,0.2530372285644907,83632.0144,2.300594922480215,746.3,0.003753749382711416,2.330347967232557e-05,0.6360322750894487,0.0,0.0,1.1330485723103596,lhs_candidate_000013_june2024_preflight,pa1_candidate_000013
2024-06-07T12:00,34.9,53.0,933.0,750.0,183.0,0.61,100690.0,24.0,2.61,0.73,36.5,0.164,0,1,0,1.0,37.5463160294734,59.04476917384192,0.026617787928137463,33.88227902363772,0.24879288225114257,88542.3792,2.6473277897870093,793.05,0.004138911499169778,2.382089713269251e-05,0.6098326064885344,0.0,0.0,1.1289967347129537,lhs_candidate_000013_june2024_preflight,pa1_candidate_000013
2024-06-07T13:00,35.0,54.0,892.0,651.0,241.0,1.12,100590.0,24.2,2.61,0.71,36.8,0.162,0,1,0,1.0,37.824207783187276,57.085204775774656,0.026101570267013166,34.23983655091719,0.24467628047070694,86974.95839999999,2.816087805445855,758.1999999999999,0.004638334276638955,2.192988930345758e-05,0.5844214843870799,0.0,0.0,1.1268675862824764,lhs_candidate_000013_june2024_preflight,pa1_candidate_000013
2024-06-07T14:00,34.5,55.0,742.0,464.0,278.0,1.02,100470.0,24.3,2.43,0.59,36.6,0.16,0,1,0,1.0,37.26441050620752,56.60890997981757,0.025154792834025753,34.55200168705209,0.24111408248275065,75076.7072,2.762168017988165,630.6999999999999,0.004519737633368732,1.7704161734441092e-05,0.5624326079182139,0.0,0.0,1.1275530305223944,lhs_candidate_000013_june2024_preflight,pa1_candidate_000013
2024-06-07T15:00,33.9,58.0,466.0,159.0,307.0,1.22,100510.0,24.5,2.22,0.38,35.9,0.159,0,1,0,1.0,36.023131343402355,57.99164394853096,0.024177004498835218,34.76229589972176,0.23853210010427345,51808.99679999999,2.498884637833693,396.09999999999997,0.004479960908894363,1.1066270029711114e-05,0.5464944450881077,0.0,0.0,1.1325306837246885,lhs_candidate_000013_june2024_preflight,pa1_candidate_000013
2024-06-07T16:00,32.3,64.0,335.0,146.0,189.0,0.98,100520.0,24.7,1.72,0.27,35.0,0.161,0,1,0,1.0,34.24838184918537,62.80557207192792,0.023876835343433496,34.86378614344744,0.23682973352287914,36129.473600000005,2.005994576497908,284.75,0.0041486525763623746,7.873023647676232e-06,0.5359860094004886,0.0,0.0,1.1391826230817286,lhs_candidate_000013_june2024_preflight,pa1_candidate_000013
2024-06-07T17:00,32.0,66.0,200.0,110.0,90.0,1.63,100570.0,24.7,1.63,0.18,34.0,0.16,0,1,0,1.0,33.04367377130153,65.46470213342882,0.023360587266318802,34.88128538561987,0.2356907278180079,20766.415999999997,1.7414366699336568,170.0,0.00460181543548677,4.819520104870079e-06,0.5289551099877031,0.0,0.0,1.144233570644099,lhs_candidate_000013_june2024_preflight,pa1_candidate_000013
2024-06-07T18:00,31.5,68.0,52.0,16.0,36.0,1.51,100570.0,24.8,1.48,0.07,33.0,0.16,1,1,0,1.0,32.09983074788547,67.10065278061602,0.022776065674698833,34.828187658494926,0.2351126218144121,5842.5664,1.5731363971452796,44.199999999999996,0.004239936048969936,1.6147147263677326e-06,0.5253865544099512,0.0,0.0,1.1477715803791573,lhs_candidate_000013_june2024_preflight,pa1_candidate_000013
2024-06-07T19:00,30.9,73.0,0.0,0.0,0.0,1.41,100660.0,25.5,1.2,0.04,32.2,0.16,0,0,0,1.0,31.263569159166167,72.02898524259972,0.023381851109523958,34.72220012949239,0.2442878863110025,0.0,1.2756029917018616,0.0,0.002586993854379939,4.667990362641016e-07,0.5820239895740896,0.0,0.0,1.1519546117607689,lhs_candidate_000013_june2024_preflight,pa1_candidate_000013
2024-06-07T20:00,30.4,77.0,0.0,0.0,0.0,1.22,100740.0,25.9,0.99,0.01,31.5,0.159,0,0,0,1.0,30.664156797734034,76.23653587497225,0.02396438994170686,34.594275827374545,0.24421170007990817,0.0,1.0473520474586753,0.0,0.0022341954918603823,3.829623226048157e-07,0.5815537041969641,0.0,0.0,1.155144696565943,lhs_candidate_000013_june2024_preflight,pa1_candidate_000013
2024-06-07T21:00,29.8,82.0,0.0,0.0,0.0,1.12,100750.0,26.4,0.74,0.0,30.7,0.159,0,0,0,1.0,30.105474601942113,80.8421290572283,0.024658316963503554,34.45751864557027,0.24415027868584643,0.0,0.817811638312198,0.0,0.002101366115516645,2.9883634644721055e-07,0.5811745597891755,0.0,0.0,1.1573876763928204,lhs_candidate_000013_june2024_preflight,pa1_candidate_000013
2024-06-07T22:00,30.3,75.0,0.0,0.0,0.0,1.12,100770.0,25.3,1.09,0.01,30.1,0.159,0,0,0,1.0,30.171155923706433,76.76870767227877,0.023499050013459886,34.3173565920502,0.24409279125257002,0.0,0.9954371697067455,0.0,0.0019931237547151357,3.635203491689235e-07,0.5808196990899385,0.0,0.0,1.157366759686285,lhs_candidate_000013_june2024_preflight,pa1_candidate_000013
2024-06-07T23:00,30.6,71.0,0.0,0.0,0.0,1.0,100740.0,24.8,1.25,0.01,29.6,0.159,0,0,0,1.0,30.493291564016697,72.58627101942947,0.022608102631437855,34.187245717732964,0.24402040621572726,0.0,1.1965012068509617,0.0,0.0017823081033150206,4.3661010786640815e-07,0.5803728778748597,0.0,0.0,1.1557947160922744,lhs_candidate_000013_june2024_preflight,pa1_candidate_000013
2024-06-08T00:00,30.4,73.0,0.0,0.0,0.0,1.1,100700.0,25.0,1.16,0.01,29.2,0.159,0,0,0,1.0,30.49186163246249,73.19582665741795,0.022796202510074585,34.06498439471738,0.24394167320209714,0.0,1.16980091046986,0.0,0.001936586487582577,4.2650955766442885e-07,0.5798868716178837,0.0,0.0,1.1553412350160008,lhs_candidate_000013_june2024_preflight,pa1_candidate_000013
2024-06-08T01:00,30.1,75.0,0.0,0.0,0.0,1.2,100630.0,25.3,1.05,0.01,28.9,0.159,0,0,0,1.0,30.2553280629431,74.88684804587521,0.02302737994127994,33.94293827734186,0.24386773868823283,0.0,1.081272376014006,0.0,0.002139817810795513,3.9392177221381975e-07,0.5794304857298324,0.0,0.0,1.1554381912290224,lhs_candidate_000013_june2024_preflight,pa1_candidate_000013
2024-06-08T02:00,28.4,86.0,0.0,0.0,0.0,1.22,100590.0,25.8,0.54,0.0,28.5,0.159,0,0,0,1.0,29.129725196201786,82.69585769867186,0.0239239688623453,33.810919173098455,0.24380794238519274,0.0,0.6983614765357853,0.0,0.0024832975407658693,2.5426021281169217e-07,0.5790613727481033,0.0,0.0,1.1592797191187494,lhs_candidate_000013_june2024_preflight,pa1_candidate_000013
2024-06-08T03:00,28.3,86.0,0.0,0.0,0.0,1.02,100570.0,25.7,0.54,0.0,28.2,0.159,0,0,0,1.0,28.474793702449517,85.62893272799808,0.02390288478242599,33.65832731168838,0.2437685383147792,0.0,0.5584156132656344,0.0,0.0018621707271885377,2.0322316946478212e-07,0.5788181377455507,0.0,0.0,1.1615659188600895,lhs_candidate_000013_june2024_preflight,pa1_candidate_000013
2024-06-08T04:00,28.6,84.0,0.0,0.0,0.0,1.1,100580.0,25.7,0.61,0.0,28.1,0.159,0,0,0,1.0,28.555069656758004,84.69952364125693,0.023747466183452172,33.50499195796056,0.24373124841329274,0.0,0.5973042095214143,0.0,0.0019061740274322109,2.1728937885539944e-07,0.5785879531684738,0.0,0.0,1.1613723235840547,lhs_candidate_000013_june2024_preflight,pa1_candidate_000013
2024-06-08T05:00,28.7,84.0,0.0,0.0,0.0,1.0,100640.0,25.7,0.64,0.0,27.9,0.159,0,0,0,1.0,28.706424495849813,84.35635255735022,0.02384764435463038,33.35958652350552,0.2436912569402881,0.0,0.6160810375253294,0.0,0.00171039421871397,2.2402445459279474e-07,0.5783410922240005,0.0,0.0,1.1614824537468238,lhs_candidate_000013_june2024_preflight,pa1_candidate_000013
2024-06-08T06:00,28.5,86.0,22.0,7.0,15.0,1.22,100730.0,25.9,0.55,0.02,28.1,0.159,1,0,0,1.0,28.67770092816669,86.11176827049862,0.0243057466009639,33.22351188713769,0.2436070076708381,2463.736,0.5460396928741997,18.7,0.002185876990759275,7.079068927130704e-07,0.5778210350051735,0.0,0.0,1.1626317722033228,lhs_candidate_000013_june2024_preflight,pa1_candidate_000013
2024-06-08T07:00,29.9,77.0,134.0,48.0,86.0,1.08,100720.0,25.5,0.97,0.11,30.1,0.159,0,0,0,1.0,29.696835599912337,83.73952713880094,0.024983599066217766,33.12198637927871,0.25258590837094075,14817.686399999999,0.6780354705250176,113.89999999999999,0.0019757881730488413,3.6711520540605866e-06,0.6332463479687701,0.0,0.0,1.158604272680349,lhs_candidate_000013_june2024_preflight,pa1_candidate_000013
2024-06-08T08:00,31.4,65.0,379.0,260.0,119.0,0.78,100770.0,24.2,1.59,0.28,31.7,0.158,0,0,0,1.0,31.712626180272036,81.71255182788171,0.027169569710092555,33.11972679607298,0.251367125724518,37538.705599999994,0.855505856980098,322.15,0.0015969243029720812,9.842074405271535e-06,0.625722998299494,0.0,0.0,1.1515147913478008,lhs_candidate_000013_june2024_preflight,pa1_candidate_000013
2024-06-08T09:00,32.6,60.0,550.0,375.0,175.0,0.58,100770.0,23.8,1.97,0.42,33.2,0.157,0,1,0,1.0,33.63611135387358,68.41333702685077,0.025186834601990855,33.234145675076306,0.24919931585841182,54556.92,1.646432620174704,467.5,0.003272549403994267,1.4133149576548526e-05,0.6123414559161223,0.0,0.0,1.1442950328699293,lhs_candidate_000013_june2024_preflight,pa1_candidate_000013
2024-06-08T10:00,33.3,58.0,668.0,405.0,263.0,0.63,100740.0,23.9,2.15,0.52,34.4,0.156,0,1,0,1.0,34.99333634280322,64.42582091795417,0.025463551818498513,33.43139913875797,0.24642112510346706,68036.97119999999,1.999486118897051,567.8,0.003698771618659423,1.6684549380724376e-05,0.5951921302683152,0.0,0.0,1.138915792020024,lhs_candidate_000013_june2024_preflight,pa1_candidate_000013
2024-06-08T11:00,33.8,57.0,690.0,398.0,292.0,0.81,100700.0,24.0,2.26,0.55,35.2,0.154,0,1,0,1.0,35.79319806977662,61.55845329250971,0.02536093418198296,33.670748233238605,0.2434091964996532,70993.2608,2.2580249910535737,586.5,0.0039998766973270376,1.6765552574250465e-05,0.576599978392921,0.0,0.0,1.1355160612462305,lhs_candidate_000013_june2024_preflight,pa1_candidate_000013
2024-06-08T12:00,34.3,56.0,851.0,576.0,275.0,0.78,100620.0,24.2,2.39,0.67,36.1,0.153,0,1,0,1.0,36.69618646257172,60.4184362129205,0.026077014738171582,33.9520844789602,0.24011078946289627,84563.16,2.442863502493095,723.35,0.004155419021246065,1.9827743174656124e-05,0.5562394411289894,0.0,0.0,1.1313073442401416,lhs_candidate_000013_june2024_preflight,pa1_candidate_000013
2024-06-08T13:00,34.5,56.0,864.0,715.0,149.0,1.14,100570.0,24.5,2.39,0.68,36.5,0.151,0,1,0,1.0,37.24191415032355,58.07695442075793,0.02577745820470019,34.27302941377359,0.23657874663068573,81274.1776,2.6654539725004076,734.4,0.0046295131673766855,1.9403836917173785e-05,0.5344367075968255,0.0,0.0,1.128757112140144,lhs_candidate_000013_june2024_preflight,pa1_candidate_000013
2024-06-08T14:00,34.0,55.0,792.0,601.0,191.0,1.56,100500.0,23.8,2.38,0.63,36.4,0.15,0,1,0,1.0,36.901469915851656,55.17026884017205,0.02406406335498276,34.577605942984256,0.23328379475805913,76415.8384,2.7979213129754656,673.1999999999999,0.005157131153887407,1.7224546887844384e-05,0.5140974985065379,0.0,0.0,1.1292100011274908,lhs_candidate_000013_june2024_preflight,pa1_candidate_000013
2024-06-08T15:00,33.0,61.0,493.0,324.0,169.0,1.3,100460.0,24.4,1.98,0.4,35.6,0.149,0,1,0,1.0,35.44298817782411,59.2621878401168,0.023976152467054604,34.79067453628302,0.23078738465564858,49329.8256,2.34723877850997,419.05,0.004696400067498548,1.0590345823746191e-05,0.498687559602769,0.0,0.0,1.1340953474485296,lhs_candidate_000013_june2024_preflight,pa1_candidate_000013
2024-06-08T16:00,32.5,64.0,348.0,161.0,187.0,0.82,100460.0,24.7,1.78,0.28,34.8,0.149,0,1,0,1.0,34.172593162582224,63.671189290453796,0.024110089941463374,34.88861098170562,0.2291707768046424,37203.108799999995,1.9510717630738013,295.8,0.003858074143096687,7.416346564580612e-06,0.4887084987940889,0.0,0.0,1.1387834149979448,lhs_candidate_000013_june2024_preflight,pa1_candidate_000013
2024-06-08T17:00,31.6,68.0,169.0,42.0,127.0,0.72,100450.0,24.9,1.51,0.14,33.9,0.149,0,1,0,1.0,32.847966728994024,66.78945016535071,0.023588086422321696,34.90182606653175,0.2281657709753547,19340.1648,1.656346346157576,143.65,0.0035362175969149267,3.770940086028704e-06,0.4825047591071278,0.0,0.0,1.1435992165308873,lhs_candidate_000013_june2024_preflight,pa1_candidate_000013
2024-06-08T18:00,31.0,69.0,52.0,21.0,31.0,0.4,100560.0,24.8,1.37,0.04,32.8,0.152,1,1,0,1.0,31.672089793909684,68.38083899468872,0.022687626320710728,34.83503030639112,0.22769771624327376,5666.6544,1.4757850922740596,44.199999999999996,0.0028527787955083166,1.4446860021004877e-06,0.4796155323658874,0.0,0.0,1.1492679016420244,lhs_candidate_000013_june2024_preflight,pa1_candidate_000013
2024-06-08T19:00,30.6,73.0,0.0,0.0,0.0,0.85,100620.0,25.2,1.18,0.03,31.8,0.152,0,0,0,1.0,30.914685845808915,72.53850029591833,0.023110952194937476,34.71977966873173,0.23689355023582934,0.0,1.2277535738237306,0.0,0.0016997982859092088,4.1405427233540055e-07,0.5363799397273415,0.0,0.0,1.152818076702475,lhs_candidate_000013_june2024_preflight,pa1_candidate_000013
2024-06-08T20:00,30.2,75.0,0.0,0.0,0.0,0.57,100680.0,25.2,1.09,0.0,31.3,0.152,0,0,0,1.0,30.43090418339143,74.9151962922814,0.023255199645047953,34.58549164652234,0.23682338251712326,0.0,1.0909554417741636,0.0,0.0012344570730467848,3.676226283751894e-07,0.5359468056612547,0.0,0.0,1.1553437133725377,lhs_candidate_000013_june2024_preflight,pa1_candidate_000013
2024-06-08T21:00,30.1,75.0,0.0,0.0,0.0,0.58,100710.0,25.2,1.06,0.0,30.9,0.151,0,0,0,1.0,30.204616209734848,75.6933106299934,0.023211756242490254,34.446902736350886,0.23675914334711134,0.0,1.043514828817485,0.0,0.001114022926490519,3.513762484334876e-07,0.5355502675747614,0.0,0.0,1.1565500632264165,lhs_candidate_000013_june2024_preflight,pa1_candidate_000013
2024-06-08T22:00,29.9,76.0,0.0,0.0,0.0,0.81,100740.0,25.3,1.0,0.0,30.6,0.151,0,0,0,1.0,30.031182432790892,76.22285262496862,0.02315621695445018,34.30830524353648,0.2366967869044695,0.0,1.0106856724757116,0.0,0.001495978436635769,3.4007729138208516e-07,0.5351653512621574,0.0,0.0,1.157556379820356,lhs_candidate_000013_june2024_preflight,pa1_candidate_000013
2024-06-08T23:00,29.7,78.0,0.0,0.0,0.0,0.86,100740.0,25.4,0.94,0.0,30.4,0.151,0,0,0,1.0,29.835562260339998,77.9086477718544,0.023419252358958215,34.16936047846629,0.23663791596506623,0.0,0.928545735185974,0.0,0.0015786338127536342,3.1222654127124534e-07,0.5348019504016434,0.0,0.0,1.1583037467145167,lhs_candidate_000013_june2024_preflight,pa1_candidate_000013
2024-06-09T00:00,29.4,79.0,0.0,0.0,0.0,0.98,100690.0,25.5,0.85,0.0,30.1,0.151,0,0,0,1.0,29.5782038931465,78.84783514925633,0.023373366103452056,34.029377699336465,0.23658343126428286,0.0,0.8760137034353352,0.0,0.0018005284398958236,2.9437722979981936e-07,0.5344656250881658,0.0,0.0,1.158713069260081,lhs_candidate_000013_june2024_preflight,pa1_candidate_000013
2024-06-09T01:00,29.1,81.0,0.0,0.0,0.0,1.14,100620.0,25.5,0.77,0.0,29.8,0.151,0,0,0,1.0,29.285042715001463,80.5565427030962,0.02350277977921946,33.88700654221427,0.23653287991996702,0.0,0.791763941083917,0.0,0.002060669812392862,2.6591044592809067e-07,0.5341535797528829,0.0,0.0,1.1590299298095212,lhs_candidate_000013_june2024_preflight,pa1_candidate_000013
2024-06-09T02:00,28.9,81.0,0.0,0.0,0.0,1.14,100550.0,25.4,0.74,0.0,29.5,0.151,0,0,0,1.0,29.048016969534643,80.90330173890429,0.02330149658323924,33.74252095157142,0.23648603586981287,0.0,0.7670773706947647,0.0,0.0020380163546487324,2.5748010877682135e-07,0.5338644189494622,0.0,0.0,1.1591320482109893,lhs_candidate_000013_june2024_preflight,pa1_candidate_000013
2024-06-09T03:00,28.8,82.0,0.0,0.0,0.0,0.99,100530.0,25.4,0.7,0.0,29.4,0.151,0,0,0,1.0,28.905737629343207,81.92073141936788,0.023412318401794002,33.597817689288775,0.23644105120315934,0.0,0.7202615846869631,0.0,0.0017656975949293875,2.416399923928374e-07,0.5335867358219712,0.0,0.0,1.1594473750145353,lhs_candidate_000013_june2024_preflight,pa1_candidate_000013
2024-06-09T04:00,28.7,83.0,0.0,0.0,0.0,0.92,100540.0,25.4,0.68,0.0,29.3,0.151,0,0,0,1.0,28.802091951908142,82.93476295047793,0.02356851078690623,33.454567024994255,0.236398924449891,0.0,0.67579909779271,0.0,0.0016491289208433347,2.2661281480941688e-07,0.5333266941351297,0.0,0.0,1.1599607307724606,lhs_candidate_000013_june2024_preflight,pa1_candidate_000013
2024-06-09T05:00,28.7,82.0,0.0,0.0,0.0,0.85,100450.0,25.4,0.69,0.0,29.3,0.151,0,0,0,1.0,28.76073133132697,82.43629776710071,0.0233740381113877,33.31357319092365,0.23635787332639777,0.0,0.693875558232925,0.0,0.0015016583196404885,2.3256376517621156e-07,0.5330732921382578,0.0,0.0,1.1590811411976185,lhs_candidate_000013_june2024_preflight,pa1_candidate_000013
2024-06-09T06:00,28.7,82.0,13.0,4.0,9.0,1.22,100540.0,25.4,0.69,0.03,29.3,0.151,1,0,0,1.0,28.78239928132075,82.44655160602375,0.023404606501814636,33.17858898267918,0.23629093515202865,1460.6416,0.6943408526676493,11.049999999999999,0.0021302028686704918,5.100931681626703e-07,0.532660093531041,0.0,0.0,1.16003638586817,lhs_candidate_000013_june2024_preflight,pa1_candidate_000013
2024-06-09T07:00,29.0,80.0,82.0,35.0,47.0,1.1,100520.0,25.3,0.78,0.07,29.6,0.15,0,0,0,1.0,29.118855774901814,83.04124879665909,0.024009682608482866,33.064681664599064,0.2454208718955064,8869.5728,0.6839927896976019,69.7,0.0019543173113940452,2.1892686913416715e-06,0.5890177277500396,0.0,0.0,1.1585146411074958,lhs_candidate_000013_june2024_preflight,pa1_candidate_000013
2024-06-09T08:00,29.7,75.0,175.0,54.0,121.0,0.71,100620.0,24.8,1.04,0.14,30.2,0.15,0,0,0,1.0,29.926382916063137,83.31937518989687,0.02516909361991999,32.99426663075747,0.24483037946028655,19657.070399999997,0.7047866783498562,148.75,0.0014264770109245354,4.365446385647461e-06,0.5853727127178182,0.0,0.0,1.1565773055533237,lhs_candidate_000013_june2024_preflight,pa1_candidate_000013
2024-06-09T09:00,30.8,68.0,322.0,85.0,237.0,0.22,100670.0,24.1,1.44,0.25,31.3,0.15,0,0,0,1.0,31.2849848790897,85.41467939376807,0.027758882353923056,32.99070891265971,0.24374261949665554,36674.2288,0.6659654603601561,273.7,0.0011631055873456758,7.710767052296716e-06,0.5786581450410836,0.0,0.0,1.1519880087077767,lhs_candidate_000013_june2024_preflight,pa1_candidate_000013
2024-06-09T10:00,32.4,60.0,570.0,267.0,303.0,0.4,100670.0,23.6,1.95,0.44,33.1,0.149,0,1,0,1.0,33.34924634086746,69.22559372297374,0.02510400884190877,33.09238815135667,0.2418228308966751,60820.2672,1.5785821557841886,484.5,0.0030687000698406087,1.3512405044594313e-05,0.5668075981276242,0.0,0.0,1.1442294106714184,lhs_candidate_000013_june2024_preflight,pa1_candidate_000013
2024-06-09T11:00,33.8,54.0,848.0,663.0,185.0,0.91,100610.0,23.3,2.4,0.66,35.0,0.147,0,1,0,1.0,35.673984003318644,60.7939828490525,0.02489198510699899,33.331086402450126,0.2388493601534436,81132.744,2.287886038453892,720.8,0.004039522008599449,1.9430789801938594e-05,0.5484528404533556,0.0,0.0,1.1349391476983013,lhs_candidate_000013_june2024_preflight,pa1_candidate_000013
2024-06-09T12:00,34.4,53.0,868.0,685.0,183.0,1.6,100560.0,23.4,2.57,0.69,36.1,0.146,0,1,0,1.0,36.940929686920185,55.19055292427944,0.024121665775316208,33.65623111087844,0.23536382312183154,82822.3792,2.8026760613243966,737.8,0.005087793380761173,1.9261497403744692e-05,0.5269371797643922,0.0,0.0,1.1297403760415767,lhs_candidate_000013_june2024_preflight,pa1_candidate_000013
2024-06-09T13:00,34.0,55.0,684.0,417.0,267.0,1.3,100560.0,23.7,2.39,0.55,36.1,0.144,0,1,0,1.0,36.63146564429431,55.2420283064965,0.023763696841644543,33.95499330213208,0.23230173336338344,69585.7008,2.7525924866558054,581.4,0.00476222731388229,1.4807726247967967e-05,0.5080353911319966,0.0,0.0,1.1308689588093042,lhs_candidate_000013_june2024_preflight,pa1_candidate_000013
2024-06-09T14:00,33.5,59.0,605.0,303.0,302.0,1.55,100480.0,24.3,2.15,0.49,35.9,0.143,0,1,0,1.0,35.86370333253542,58.29713252480833,0.024105035750781,34.18597120234322,0.22982751014666156,63865.08479999999,2.4590986337153167,514.25,0.004967866298673472,1.2711296520195815e-05,0.49276240831272566,0.0,0.0,1.1327767754163183,lhs_candidate_000013_june2024_preflight,pa1_candidate_000013
2024-06-09T15:00,33.2,59.0,407.0,191.0,216.0,0.98,100430.0,24.2,2.06,0.33,35.3,0.143,0,1,0,1.0,35.00905489464743,59.0945849633147,0.02337555092656824,34.34556164306519,0.22791913924553742,43415.39839999999,2.301132418513349,345.95,0.004083404089082424,8.542419156110083e-06,0.4809823410218359,0.0,0.0,1.1353531729196136,lhs_candidate_000013_june2024_preflight,pa1_candidate_000013
2024-06-09T16:00,32.0,64.0,331.0,155.0,176.0,0.81,100490.0,24.5,1.69,0.26,34.6,0.144,0,1,0,1.0,33.77375121228543,63.00385658753853,0.023363648955487617,34.431369591331865,0.22653492961267754,35320.102399999996,1.9432657446116508,281.34999999999997,0.003899981632984803,6.845194535395874e-06,0.4724378371152935,0.0,0.0,1.1406037563861848,lhs_candidate_000013_june2024_preflight,pa1_candidate_000013
2024-06-09T17:00,30.1,75.0,193.0,111.0,82.0,0.64,100460.0,25.1,1.07,0.15,33.3,0.154,0,1,0,1.0,31.79066488304018,71.63695223386414,0.02391875982939294,34.443006732908465,0.22555993378959885,19868.9568,1.3327279380872357,164.04999999999998,0.003714775945361814,3.999008289746174e-06,0.46641934438023985,0.0,0.0,1.1476785894788475,lhs_candidate_000013_june2024_preflight,pa1_candidate_000013
2024-06-09T18:00,30.0,74.0,30.0,8.0,22.0,0.64,100560.0,24.8,1.11,0.04,31.9,0.154,1,1,0,1.0,30.512876094700626,73.33733633253226,0.022866135579426176,34.36282228015941,0.22512211325342188,3414.0128,1.1650232244204521,25.5,0.002962621278238303,8.972793170350543e-07,0.46371674847791283,0.0,0.0,1.15365515869754,lhs_candidate_000013_june2024_preflight,pa1_candidate_000013
2024-06-09T19:00,29.6,75.0,0.0,0.0,0.0,0.63,100700.0,24.7,1.04,0.02,31.2,0.155,0,0,0,1.0,29.890010059593155,75.04342432734431,0.022624535022176116,34.232927208485634,0.23437923450523043,0.0,1.0522615251919203,0.0,0.0013721416367510001,3.446020001053788e-07,0.5208594722545089,0.0,0.0,1.1576357965141948,lhs_candidate_000013_june2024_preflight,pa1_candidate_000013
2024-06-09T20:00,29.2,78.0,0.0,0.0,0.0,0.45,100790.0,24.9,0.9,0.0,30.6,0.155,0,0,0,1.0,29.440382796959913,77.61392128755027,0.022836160767342344,34.08984005518396,0.23432082209317973,0.0,0.9197892268474361,0.0,0.0010924823149100957,3.0101051871276615e-07,0.5204989018097514,0.0,0.0,1.1603921261572263,lhs_candidate_000013_june2024_preflight,pa1_candidate_000013
2024-06-09T21:00,29.0,79.0,0.0,0.0,0.0,0.51,100830.0,25.1,0.83,0.0,30.3,0.155,0,0,0,1.0,29.158453303507027,79.1868594591726,0.022944655738082673,33.94247815954238,0.23426935690028075,0.0,0.8413719711663967,0.0,0.0010749266870555,2.751796039767932e-07,0.5201812154338318,0.0,0.0,1.161935243145144,lhs_candidate_000013_june2024_preflight,pa1_candidate_000013
2024-06-09T22:00,28.8,81.0,0.0,0.0,0.0,0.72,100810.0,25.3,0.75,0.0,30.0,0.155,0,0,0,1.0,28.95052076381063,80.7973260087952,0.023147695468214113,33.79404637305232,0.2342219140607375,0.0,0.7670005232843402,0.0,0.0013737632978174832,2.507144058612051e-07,0.5198883583996142,0.0,0.0,1.1625043579313763,lhs_candidate_000013_june2024_preflight,pa1_candidate_000013
2024-06-09T23:00,28.7,83.0,0.0,0.0,0.0,0.78,100850.0,25.4,0.68,0.0,29.8,0.155,0,0,0,1.0,28.81034900865228,82.778462957646,0.023534693706886267,33.64575219928945,0.23417930676074808,0.0,0.682314697874177,0.0,0.001431090570730239,2.2291977344927026e-07,0.5196253503749881,0.0,0.0,1.1635054788493129,lhs_candidate_000013_june2024_preflight,pa1_candidate_000013
2024-06-10T00:00,28.5,84.0,0.0,0.0,0.0,0.76,100850.0,25.5,0.62,0.0,29.5,0.155,0,0,0,1.0,28.64744509238987,83.82805178056628,0.023622077586243136,33.49850776383453,0.234140703678239,0.0,0.6347143613330903,0.0,0.0014325085566831261,2.072731207259214e-07,0.5193870597422161,0.0,0.0,1.1641335146467642,lhs_candidate_000013_june2024_preflight,pa1_candidate_000013
2024-06-10T01:00,28.2,86.0,0.0,0.0,0.0,0.86,100800.0,25.6,0.54,0.0,29.3,0.155,0,0,0,1.0,28.39364997884088,85.41961619413803,0.023738816315620734,33.35074559301721,0.23410533568280176,0.0,0.5638872738301663,0.0,0.0016248904758317227,1.8406633426586384e-07,0.519168738782727,0.0,0.0,1.1645356644370433,lhs_candidate_000013_june2024_preflight,pa1_candidate_000013
2024-06-10T02:00,28.1,86.0,0.0,0.0,0.0,0.86,100750.0,25.5,0.54,0.0,29.1,0.156,0,0,0,1.0,28.2197240132117,85.92449069368739,0.023652717031757392,33.20188264791194,0.23407322348277418,0.0,0.5388892418035542,0.0,0.0015665013548194814,1.758392141983809e-07,0.5189705153257665,0.0,0.0,1.1646297591842936,lhs_candidate_000013_june2024_preflight,pa1_candidate_000013
2024-06-10T03:00,28.0,86.0,0.0,0.0,0.0,0.86,100720.0,25.5,0.52,0.0,29.0,0.155,0,0,0,1.0,28.11136181943716,85.9647283853648,0.023523600521990037,33.05428474020248,0.23404174010062453,0.0,0.5339732022181951,0.0,0.0015597812137801755,1.7416986681039943e-07,0.5187761734606453,0.0,0.0,1.1647017578845158,lhs_candidate_000013_june2024_preflight,pa1_candidate_000013
2024-06-10T04:00,28.0,87.0,0.0,0.0,0.0,0.86,100710.0,25.5,0.51,0.0,28.9,0.155,0,0,0,1.0,28.069477735675193,86.89005302300737,0.023722231443147796,32.909014177801566,0.23401137200899458,0.0,0.4975550840430172,0.0,0.0015255059217716995,1.622324650287995e-07,0.5185887161049049,0.0,0.0,1.164748054125723,lhs_candidate_000013_june2024_preflight,pa1_candidate_000013
2024-06-10T05:00,28.0,87.0,0.0,0.0,0.0,0.81,100740.0,25.5,0.51,0.0,28.8,0.156,0,0,0,1.0,28.0635461282051,87.09882757956133,0.023771490837594934,32.76741870286236,0.23398253880095013,0.0,0.48946257909106405,0.0,0.001438494669116913,1.595390549248045e-07,0.5184107333391983,0.0,0.0,1.165117958596664,lhs_candidate_000013_june2024_preflight,pa1_candidate_000013
2024-06-10T06:00,27.9,87.0,20.0,8.0,12.0,0.86,100780.0,25.6,0.49,0.02,28.8,0.156,1,0,0,1.0,28.047059393052876,87.54972985556601,0.023872943130399307,32.632997469530196,0.2339169046442658,2182.1888,0.4719025898332556,17.0,0.0015884416590695475,5.689533597179178e-07,0.5180055842238629,0.0,0.0,1.1656443831808663,lhs_candidate_000013_june2024_preflight,pa1_candidate_000013
2024-06-10T07:00,28.3,87.0,171.0,104.0,67.0,1.06,100790.0,25.9,0.49,0.12,29.4,0.157,0,0,0,1.0,28.596850721878464,91.90885711930542,0.02582768548016735,32.5359448127432,0.24287356667745727,17405.2208,0.3166302802202585,145.35,0.002004319543694962,4.0435372348394584e-06,0.5732936214657857,0.0,0.0,1.163635997553875,lhs_candidate_000013_june2024_preflight,pa1_candidate_000013
2024-06-10T08:00,28.9,83.0,310.0,175.0,135.0,0.67,100860.0,25.7,0.67,0.22,30.2,0.158,0,0,0,1.0,29.58737148629136,92.93608979253474,0.02756333813287055,32.50917183801791,0.2418649181580244,32029.624000000003,0.2927051260668776,263.5,0.001741660298057614,7.150482075505601e-06,0.5670673960371877,0.0,0.0,1.1606342351397332,lhs_candidate_000013_june2024_preflight,pa1_candidate_000013
2024-06-10T09:00,30.1,75.0,416.0,136.0,280.0,0.81,100900.0,25.2,1.07,0.31,31.1,0.158,0,1,0,1.0,30.923724523190714,80.78529024992868,0.02575089102585555,32.55052373508818,0.24035617818442542,46459.07199999999,0.8594970668809281,353.59999999999997,0.0033813221658049054,9.601560903658701e-06,0.5577541863236137,0.0,0.0,1.1559917145091776,lhs_candidate_000013_june2024_preflight,pa1_candidate_000013
2024-06-10T10:00,31.0,67.0,571.0,219.0,352.0,0.63,100900.0,24.2,1.47,0.43,32.4,0.157,0,1,0,1.0,32.370869445068585,73.08336739441292,0.025166635388735762,32.66698966246583,0.2383253817870404,62632.20479999999,1.3068926659300222,485.34999999999997,0.003526279999529953,1.2926447492219611e-05,0.545218406092842,0.0,0.0,1.1505161882630544,lhs_candidate_000013_june2024_preflight,pa1_candidate_000013
2024-06-10T11:00,32.1,62.0,623.0,242.0,381.0,0.54,100860.0,23.9,1.83,0.48,33.5,0.156,0,1,0,1.0,33.70953408601822,67.41069292588396,0.02491365278292563,32.84659461789547,0.23591733695825476,68228.49440000001,1.7056702287390952,529.55,0.0035886457263449656,1.3812413043124525e-05,0.5303539318410788,0.0,0.0,1.1450429873386645,lhs_candidate_000013_june2024_preflight,pa1_candidate_000013
2024-06-10T12:00,32.8,60.0,663.0,289.0,374.0,0.45,100800.0,23.9,2.0,0.52,34.5,0.154,0,1,0,1.0,34.728362358892056,64.11492917820473,0.02499337605467682,33.06361681721674,0.23338357882193977,71502.21759999999,1.9876066344117134,563.55,0.003702840579653177,1.4321555066307061e-05,0.5147134495181468,0.0,0.0,1.1405749078772134,lhs_candidate_000013_june2024_preflight,pa1_candidate_000013
2024-06-10T13:00,33.2,59.0,685.0,388.0,297.0,0.58,100740.0,24.0,2.1,0.54,35.1,0.153,0,1,0,1.0,35.36992020180895,61.81469666147447,0.024914244126967845,33.3035842111979,0.2307993212142243,70729.1728,2.191326717717301,582.25,0.0039047768218251136,1.4381394866370767e-05,0.498761242063113,0.0,0.0,1.1375256149975452,lhs_candidate_000013_june2024_preflight,pa1_candidate_000013
2024-06-10T14:00,32.8,60.0,480.0,144.0,336.0,0.89,100680.0,24.1,1.98,0.39,34.8,0.152,0,1,0,1.0,34.87730121291731,60.18726165600299,0.02364506830072255,33.50911092905408,0.22860694058714728,54061.2864,2.22340692510492,408.0,0.00411565277431323,1.0013895894676176e-05,0.485228028315724,0.0,0.0,1.1386662408400945,lhs_candidate_000013_june2024_preflight,pa1_candidate_000013
2024-06-10T15:00,32.7,60.0,434.0,166.0,268.0,1.06,100640.0,23.8,1.99,0.35,34.6,0.151,0,1,0,1.0,34.361914892921575,60.71327097678222,0.023218867345036646,33.65148921135282,0.22690683366317144,47620.8832,2.1322441090852484,368.9,0.004105609301599413,8.894795909368194e-06,0.4747335411306879,0.0,0.0,1.1401214835033786,lhs_candidate_000013_june2024_preflight,pa1_candidate_000013
2024-06-10T16:00,32.2,61.0,288.0,112.0,176.0,1.21,100670.0,23.7,1.88,0.24,34.0,0.151,0,1,0,1.0,33.614400510996404,60.658750315810465,0.022306455482428364,33.74523150275126,0.22556915540056643,31536.102399999996,2.048150768910013,244.79999999999998,0.004175882928010973,5.985586948885775e-06,0.4664762679047311,0.0,0.0,1.143240387175477,lhs_candidate_000013_june2024_preflight,pa1_candidate_000013
2024-06-10T17:00,31.2,66.0,128.0,44.0,84.0,0.73,100610.0,24.1,1.54,0.11,33.1,0.153,0,1,0,1.0,32.30476250752535,64.67830250405301,0.022194271690271182,33.76116731472414,0.2247736522627807,14219.3216,1.7086080882258643,108.8,0.0034630248056794514,2.8639340812630483e-06,0.4615657547085229,0.0,0.0,1.1474577325828577,lhs_candidate_000013_june2024_preflight,pa1_candidate_000013
2024-06-10T18:00,30.9,68.0,53.0,21.0,32.0,0.32,100690.0,24.3,1.42,0.04,32.2,0.152,1,0,0,1.0,31.39602496076864,67.8771199599032,0.02219080115513954,33.70968798053401,0.22439104152079917,5789.8368,1.476007932719666,45.05,0.0012397791331120987,1.4016731064228294e-06,0.45920396000493313,0.0,0.0,1.1517967648069154,lhs_candidate_000013_june2024_preflight,pa1_candidate_000013
2024-06-10T19:00,30.5,71.0,0.0,0.0,0.0,0.7,100800.0,24.6,1.26,0.03,31.4,0.152,0,0,0,1.0,30.789343660191378,71.04575343138812,0.022483502644521477,33.62235907175781,0.23359150725831448,0.0,1.2852770138150853,0.0,0.0014662202969178883,4.169821058380167e-07,0.5159969583846573,0.0,0.0,1.155356626608633,lhs_candidate_000013_june2024_preflight,pa1_candidate_000013
2024-06-10T20:00,30.1,74.0,0.0,0.0,0.0,0.71,100860.0,24.9,1.13,0.0,30.9,0.152,0,0,0,1.0,30.314393619885333,73.74944282933201,0.0227499989893206,33.516137929185554,0.23352073468111603,0.0,1.1340719546721338,0.0,0.0014156455239193854,3.676151812773256e-07,0.5155600906241731,0.0,0.0,1.1578536559492452,lhs_candidate_000013_june2024_preflight,pa1_candidate_000013
2024-06-10T21:00,29.8,76.0,0.0,0.0,0.0,0.76,100940.0,25.2,1.0,0.0,30.4,0.152,0,0,0,1.0,29.971629193705276,75.92609047416394,0.022991923238016992,33.40387458132286,0.23345813768341597,0.0,1.019810592626944,0.0,0.0014529819056568907,3.3032902051648407e-07,0.5151736894038024,0.0,0.0,1.1600823591166107,lhs_candidate_000013_june2024_preflight,pa1_candidate_000013
2024-06-10T22:00,29.5,79.0,0.0,0.0,0.0,0.81,101000.0,25.4,0.87,0.0,30.1,0.152,0,0,0,1.0,29.671479230416903,78.62340438324813,0.023424998916267772,33.28771844342403,0.23340237236563496,0.0,0.8900710145852639,0.0,0.0015295696199091196,2.8811215714605367e-07,0.5148294590471294,0.0,0.0,1.1619224580991558,lhs_candidate_000013_june2024_preflight,pa1_candidate_000013
2024-06-10T23:00,29.2,81.0,0.0,0.0,0.0,0.85,101040.0,25.6,0.77,0.0,29.8,0.152,0,0,0,1.0,29.375731311705596,80.67698287608745,0.02365420085333651,33.168160399346554,0.23335355893993365,0.0,0.790983811996635,0.0,0.0015949521190749697,2.558882030866428e-07,0.5145281416045288,0.0,0.0,1.163518965914019,lhs_candidate_000013_june2024_preflight,pa1_candidate_000013
2024-06-11T00:00,28.9,83.0,0.0,0.0,0.0,0.82,101030.0,25.7,0.69,0.0,29.5,0.152,0,0,0,1.0,29.08038099538533,82.5925432023613,0.023829984931343338,33.04532920437052,0.2333101550615885,0.0,0.7005321614218052,0.0,0.0015524996010407928,2.2650852022889404e-07,0.5142602164295587,0.0,0.0,1.1645407313540879,lhs_candidate_000013_june2024_preflight,pa1_candidate_000013
2024-06-11T01:00,28.6,84.0,0.0,0.0,0.0,0.92,100990.0,25.6,0.63,0.0,29.2,0.152,0,0,0,1.0,28.78406594182244,83.66008990784371,0.02375126116865196,32.91931433741802,0.23327110683909047,0.0,0.6464007200325517,0.0,0.0017106128618860135,2.0890781675471046e-07,0.514019178019077,0.0,0.0,1.165222080121396,lhs_candidate_000013_june2024_preflight,pa1_candidate_000013
2024-06-11T02:00,28.5,83.0,0.0,0.0,0.0,1.02,100970.0,25.4,0.65,0.0,29.0,0.151,0,0,0,1.0,28.605029834454484,83.15955215498101,0.023379455161466108,32.79120529467,0.23323343249186673,0.0,0.6593288876421051,0.0,0.0018142758901461013,2.1298961609469393e-07,0.513786620320165,0.0,0.0,1.1656825282960148,lhs_candidate_000013_june2024_preflight,pa1_candidate_000013
2024-06-11T03:00,28.4,83.0,0.0,0.0,0.0,1.02,100940.0,25.3,0.65,0.0,28.7,0.151,0,0,0,1.0,28.496009056468147,83.05365165685825,0.02321092730068433,32.663728433336736,0.23319500406029772,0.0,0.6592940825124005,0.0,0.0018080212408122464,2.1288004166695282e-07,0.5135494077796156,0.0,0.0,1.1657573584156917,lhs_candidate_000013_june2024_preflight,pa1_candidate_000013
2024-06-11T04:00,28.3,84.0,0.0,0.0,0.0,1.02,100950.0,25.2,0.63,0.0,28.4,0.151,0,0,0,1.0,28.395164408861678,83.88843391146278,0.023315220759240918,32.53749977188314,0.23315763614997922,0.0,0.6231595802410657,0.0,0.0018074542136489152,2.0112216396698854e-07,0.5133187416665385,0.0,0.0,1.1662627471414244,lhs_candidate_000013_june2024_preflight,pa1_candidate_000013
2024-06-11T05:00,28.1,85.0,0.0,0.0,0.0,1.12,101000.0,25.2,0.59,0.0,28.1,0.151,0,0,0,1.0,28.235626614640623,84.71161202024254,0.023339177224889127,32.412043908295075,0.2331224993434577,0.0,0.5858663209689245,0.0,0.001997933735932736,1.890060246175782e-07,0.5131018477991216,0.0,0.0,1.167458055199558,lhs_candidate_000013_june2024_preflight,pa1_candidate_000013
2024-06-11T06:00,27.9,86.0,22.0,9.0,13.0,1.12,101060.0,25.3,0.54,0.02,28.2,0.151,1,0,0,1.0,28.090870209275423,86.11609426934339,0.023538543509375707,32.29018041947527,0.23304946129748058,2393.3712,0.5275850944183622,18.7,0.002032590630392455,6.221166117786213e-07,0.5126509956634604,0.0,0.0,1.1687129309059887,lhs_candidate_000013_june2024_preflight,pa1_candidate_000013
2024-06-11T07:00,29.0,77.0,166.0,97.0,69.0,0.98,101050.0,24.6,0.91,0.12,29.8,0.151,0,0,0,1.0,29.001078927343816,84.69074764790054,0.024330060132760217,32.206076903541266,0.24200577055870487,17035.5856,0.6132775290224672,141.1,0.0016723534843792233,3.997862456792473e-06,0.5679368553006473,0.0,0.0,1.1650769689265796,lhs_candidate_000013_june2024_preflight,pa1_candidate_000013
2024-06-11T08:00,30.7,65.0,413.0,333.0,80.0,0.5,101040.0,23.5,1.53,0.3,31.1,0.15,0,0,0,1.0,31.112650523268577,84.50955703330345,0.027212382935108782,32.22554320804282,0.24078643687571818,39158.592000000004,0.7003980610200671,351.05,0.001326324536430966,9.523834729405441e-06,0.5604101041710999,0.0,0.0,1.1568768807240082,lhs_candidate_000013_june2024_preflight,pa1_candidate_000013
2024-06-11T09:00,32.1,59.0,625.0,528.0,97.0,0.32,101030.0,23.0,1.96,0.46,32.9,0.149,0,1,0,1.0,33.33836350147142,67.40345891798103,0.024429217627490032,32.37321064701824,0.23863021375969096,58412.6928,1.6710313149567875,531.25,0.003225178691563308,1.4280488795625126e-05,0.547100084936364,0.0,0.0,1.148361996197291,lhs_candidate_000013_june2024_preflight,pa1_candidate_000013
2024-06-11T10:00,33.1,55.0,798.0,694.0,104.0,0.36,101000.0,22.9,2.28,0.61,34.4,0.148,0,1,0,1.0,35.14134395948169,61.35218533231513,0.024436077193886487,32.62751582285513,0.2357496056162957,73882.9696,2.1900772303118927,678.3,0.0037158441122229404,1.765952396734947e-05,0.5293185531870106,0.0,0.0,1.1413070279354725,lhs_candidate_000013_june2024_preflight,pa1_candidate_000013
2024-06-11T11:00,34.0,52.0,884.0,761.0,123.0,0.28,100930.0,22.9,2.52,0.68,35.7,0.146,0,1,0,1.0,36.52082712648474,56.88613444179124,0.024332161290984672,32.95402581874785,0.2324577475963559,82119.43519999999,2.635501245923585,751.4,0.003922922815870463,1.8878699576280756e-05,0.5089984419528142,0.0,0.0,1.1354353938361184,lhs_candidate_000013_june2024_preflight,pa1_candidate_000013
2024-06-11T12:00,34.6,51.0,878.0,743.0,135.0,0.36,100840.0,23.1,2.68,0.69,36.5,0.145,0,1,0,1.0,37.37387307764135,54.15336500146268,0.02419867585481633,33.310217971901494,0.22912999396874706,82013.624,2.9358936459944887,746.3,0.004067181047084085,1.8091594057549446e-05,0.4884567528935004,0.0,0.0,1.1313065235489772,lhs_candidate_000013_june2024_preflight,pa1_candidate_000013
2024-06-11T13:00,34.9,51.0,795.0,636.0,159.0,0.51,100740.0,23.3,2.73,0.63,36.8,0.143,0,1,0,1.0,37.65025232945683,52.77854990020307,0.023919420205834097,33.65386069707562,0.226075664645328,75554.0016,3.069626830390049,675.75,0.004125500639676788,1.5870471520164174e-05,0.469602868181037,0.0,0.0,1.1291796236849267,lhs_candidate_000013_june2024_preflight,pa1_candidate_000013
2024-06-11T14:00,35.2,50.0,708.0,556.0,152.0,0.86,100680.0,23.2,2.84,0.57,36.8,0.142,0,1,0,1.0,37.69135646874422,51.19372450382398,0.02324984535883825,33.961742370742215,0.22341120253065683,67651.7248,3.179724619959565,601.8,0.004261080197148798,1.3765765537349428e-05,0.45315557117689403,0.0,0.0,1.1283578643870051,lhs_candidate_000013_june2024_preflight,pa1_candidate_000013
2024-06-11T15:00,34.4,52.0,596.0,457.0,139.0,1.22,100640.0,23.2,2.6,0.48,36.5,0.141,0,1,0,1.0,36.9501615038628,51.250135314455115,0.022410064316553055,34.22104121206414,0.2211536486376018,57338.3536,3.0506697728317795,506.59999999999997,0.004642623602287528,1.1335039637671096e-05,0.43922005331852976,0.0,0.0,1.1306054756708508,lhs_candidate_000013_june2024_preflight,pa1_candidate_000013
2024-06-11T16:00,33.0,58.0,321.0,186.0,135.0,1.08,100670.0,23.8,2.09,0.27,35.4,0.141,0,1,0,1.0,35.080846889441496,55.689170532657506,0.02211090202000888,34.378051396149466,0.21957919204803789,32997.624,2.502611267160181,272.84999999999997,0.004309427140104483,6.201976196434338e-06,0.42950118548171534,0.0,0.0,1.1378012796287007,lhs_candidate_000013_june2024_preflight,pa1_candidate_000013
2024-06-11T17:00,32.7,60.0,204.0,103.0,101.0,0.71,100670.0,24.0,1.97,0.16,34.5,0.141,0,1,0,1.0,33.81540309462957,59.71912228205518,0.022194058856048367,34.42487962668778,0.21866112905834975,21505.4224,2.1207202262722245,173.4,0.0034458487008928633,4.030746869452434e-06,0.4238341299898133,0.0,0.0,1.1424917872706688,lhs_candidate_000013_june2024_preflight,pa1_candidate_000013
2024-06-11T18:00,32.1,64.0,78.0,48.0,30.0,0.99,100720.0,24.4,1.72,0.07,33.5,0.141,1,1,0,1.0,32.83802070348924,62.97449943889205,0.02222906075659003,34.406754474133116,0.21813669502144303,7919.472,1.845582472688028,66.3,0.0035537000630289396,1.8030253631332477e-06,0.4205968828484138,0.0,0.0,1.146710374109036,lhs_candidate_000013_june2024_preflight,pa1_candidate_000013
2024-06-11T19:00,31.3,69.0,0.0,0.0,0.0,0.86,100790.0,25.0,1.4,0.03,32.6,0.14,0,0,0,1.0,31.77357735396457,67.813240882949,0.02262144592328101,34.33125898163549,0.22728971125896982,0.0,1.510935140398276,0.0,0.0018257294176354385,4.5323770128297303e-07,0.47709698308006065,0.0,0.0,1.1515131125491762,lhs_candidate_000013_june2024_preflight,pa1_candidate_000013
2024-06-11T20:00,30.7,73.0,0.0,0.0,0.0,0.3,100860.0,25.3,1.2,0.0,31.9,0.14,0,0,0,1.0,31.016023673044934,72.43357901449025,0.023203350552907908,34.223686458121236,0.2272159094249439,0.0,1.239577106242844,0.0,0.001025813684051739,3.7148292714802586e-07,0.4766414162033575,0.0,0.0,1.1551827957645193,lhs_candidate_000013_june2024_preflight,pa1_candidate_000013
2024-06-11T21:00,30.4,75.0,0.0,0.0,0.0,0.45,100900.0,25.6,1.07,0.0,31.4,0.14,0,0,0,1.0,30.586767845235613,75.10480247662164,0.023510550083665083,34.10602655164115,0.22715355715761334,0.0,1.0923950693470044,0.0,0.0010280765757846417,3.271102904942128e-07,0.47625652566427995,0.0,0.0,1.1572741378740798,lhs_candidate_000013_june2024_preflight,pa1_candidate_000013
2024-06-11T22:00,30.1,78.0,0.0,0.0,0.0,0.54,100940.0,25.9,0.93,0.0,31.0,0.14,0,0,0,1.0,30.276573441858705,77.71885946367622,0.023925617657404627,33.98383910795852,0.22709814904507175,0.0,0.9605046585009007,0.0,0.001136254068762065,2.8741004905125843e-07,0.4759145002782207,0.0,0.0,1.1589164742740803,lhs_candidate_000013_june2024_preflight,pa1_candidate_000013
2024-06-11T23:00,29.8,81.0,0.0,0.0,0.0,0.73,100930.0,26.2,0.8,0.0,30.6,0.14,0,0,0,1.0,29.979135523134534,80.50896095297608,0.024389603957160076,33.85832009386021,0.22705006753379806,0.0,0.8260282576656364,0.0,0.001414192911081502,2.470167762844591e-07,0.4756177008259139,0.0,0.0,1.1599387071490597,lhs_candidate_000013_june2024_preflight,pa1_candidate_000013
2024-06-12T00:00,29.6,83.0,0.0,0.0,0.0,0.92,100900.0,26.4,0.7,0.0,30.3,0.14,0,0,0,1.0,29.74156922516397,82.64021346209904,0.024715445855804003,33.73017982574289,0.22700847550236727,0.0,0.7257387130555482,0.0,0.0016786861393223722,2.1690888292089077e-07,0.475360959891156,0.0,0.0,1.1605034337797993,lhs_candidate_000013_june2024_preflight,pa1_candidate_000013
2024-06-12T01:00,29.3,85.0,0.0,0.0,0.0,1.04,100870.0,26.4,0.62,0.0,29.8,0.14,0,0,0,1.0,29.47972067562747,84.44089850756916,0.024897958527354193,33.60031964338028,0.226971714365009,0.0,0.6407353563890608,0.0,0.001896961617714938,1.9141165156520354e-07,0.47513403929017894,0.0,0.0,1.161162208242731,lhs_candidate_000013_june2024_preflight,pa1_candidate_000013
2024-06-12T02:00,29.0,87.0,0.0,0.0,0.0,0.98,100860.0,26.7,0.51,0.0,29.4,0.14,0,0,0,1.0,29.187507940442774,86.3512685431293,0.025060149985764574,33.46776406730342,0.2269396369566718,0.0,0.5526764601807748,0.0,0.0018071784878902133,1.6503635437674584e-07,0.4749360305967395,0.0,0.0,1.1621692591063513,lhs_candidate_000013_june2024_preflight,pa1_candidate_000013
2024-06-12T03:00,29.0,87.0,0.0,0.0,0.0,1.04,100850.0,26.6,0.52,0.0,29.1,0.14,0,0,0,1.0,29.069629002459283,86.97068258182212,0.02507850021065678,33.33387351248109,0.22691100858019708,0.0,0.5240162076379322,0.0,0.0018226173327946147,1.564198077738099e-07,0.4747593122234388,0.0,0.0,1.1625072852695437,lhs_candidate_000013_june2024_preflight,pa1_candidate_000013
2024-06-12T04:00,28.8,88.0,0.0,0.0,0.0,1.02,100870.0,26.6,0.48,0.0,28.9,0.14,0,0,0,1.0,28.937034215706724,87.62215554205964,0.025084501254177393,33.20163214505443,0.2268835268078958,0.0,0.4940152431084823,0.0,0.0018362757168311496,1.4741177246959495e-07,0.4745896716536778,0.0,0.0,1.163248186576164,lhs_candidate_000013_june2024_preflight,pa1_candidate_000013
2024-06-12T05:00,28.7,88.0,0.0,0.0,0.0,1.1,100970.0,26.5,0.47,0.0,28.7,0.14,0,0,0,1.0,28.80457158469222,87.82799801580731,0.024962453907342582,33.069746148236675,0.2268574394368905,0.0,0.4820916635455177,0.0,0.0019451676620915793,1.4380502259248285e-07,0.47442863849932404,0.0,0.0,1.1649122060230417,lhs_candidate_000013_june2024_preflight,pa1_candidate_000013
2024-06-12T06:00,28.6,88.0,23.0,11.0,12.0,1.5,101010.0,26.4,0.48,0.02,28.7,0.14,1,0,0,1.0,28.75211956285476,88.05401706780576,0.02495515660110851,32.943388350728284,0.22679255306907878,2446.1888,0.4717054384637236,19.55,0.002632331944902732,5.775923262321676e-07,0.4740281053646838,0.0,0.0,1.1655761647468454,lhs_candidate_000013_june2024_preflight,pa1_candidate_000013
2024-06-12T07:00,29.9,77.0,180.0,126.0,54.0,1.22,101070.0,25.5,0.97,0.13,30.4,0.14,0,0,0,1.0,29.859322884731228,83.3923067767139,0.025099891698751365,32.860346261036604,0.2357482361069425,17739.849599999998,0.6990091658099096,153.0,0.002105295593896452,4.051513972691926e-06,0.5293100994255711,0.0,0.0,1.1620069445892374,lhs_candidate_000013_june2024_preflight,pa1_candidate_000013
2024-06-12T08:00,31.8,64.0,398.0,300.0,98.0,1.03,101090.0,24.1,1.7,0.3,31.9,0.139,0,0,0,1.0,32.12636699756971,75.84389185769113,0.02578015429619978,32.882504074347146,0.2345985715177908,38471.8752,1.1567959439648656,338.3,0.0019747892807680267,8.71058405311789e-06,0.5222134044308073,0.0,0.0,1.1536058791701964,lhs_candidate_000013_june2024_preflight,pa1_candidate_000013
2024-06-12T09:00,33.1,57.0,622.0,521.0,101.0,0.64,101080.0,23.3,2.19,0.47,33.9,0.138,0,1,0,1.0,34.376815038479485,63.33126080828231,0.02423895051250648,33.0319675202996,0.2326038456197277,58289.422399999996,1.9918028580764089,528.6999999999999,0.0034746586708216216,1.3351018082189734e-05,0.5099002816032574,0.0,0.0,1.1450506342338524,lhs_candidate_000013_june2024_preflight,pa1_candidate_000013
2024-06-12T10:00,34.0,54.0,784.0,670.0,114.0,0.41,101070.0,23.3,2.47,0.6,35.4,0.137,0,1,0,1.0,36.09931795431902,58.67965465117402,0.024560217431463444,33.28743726370182,0.22993240052085803,73002.7936,2.4682494933358834,666.4,0.0037666499970597685,1.6270929943615987e-05,0.4934098797583829,0.0,0.0,1.1385601099995013,lhs_candidate_000013_june2024_preflight,pa1_candidate_000013
2024-06-12T11:00,34.7,52.0,895.0,763.0,132.0,0.41,100980.0,23.3,2.67,0.7,36.6,0.136,0,1,0,1.0,37.37103747467941,55.187765286834974,0.024657329233283433,33.61522534805756,0.22685523977990385,83404.0768,2.869211490172531,760.75,0.004040937386194278,1.787489052435659e-05,0.4744150603697769,0.0,0.0,1.1328875045013307,lhs_candidate_000013_june2024_preflight,pa1_candidate_000013
2024-06-12T12:00,35.4,49.0,946.0,823.0,123.0,0.61,100910.0,23.2,2.9,0.75,37.5,0.134,0,1,0,1.0,38.36712169893111,51.211923328054894,0.024071173164381822,33.98639260816116,0.2236094483638136,87575.43519999999,3.296806782697048,804.1,0.004274896473512602,1.8170990790162686e-05,0.4543793108877383,0.0,0.0,1.1284822528146394,lhs_candidate_000013_june2024_preflight,pa1_candidate_000013
2024-06-12T13:00,35.6,49.0,877.0,712.0,165.0,0.71,100830.0,23.2,2.96,0.7,37.9,0.133,0,1,0,1.0,38.70457040944418,49.56255773929421,0.02369754707939985,34.35998431465002,0.22051289171085903,82981.096,3.4707757760252878,745.4499999999999,0.004395638536376273,1.6250389380280374e-05,0.43526476364727795,0.0,0.0,1.1263674787028397,lhs_candidate_000013_june2024_preflight,pa1_candidate_000013
2024-06-12T14:00,34.8,52.0,672.0,559.0,113.0,0.64,100750.0,23.6,2.64,0.53,37.4,0.133,0,1,0,1.0,37.79658401780118,50.79379751202127,0.023192242285491514,34.67101129803776,0.21796114652924212,63111.61119999999,3.2241066619066165,571.1999999999999,0.0043083956886735605,1.215015649256316e-05,0.4195132501805069,0.0,0.0,1.128760266692142,lhs_candidate_000013_june2024_preflight,pa1_candidate_000013
2024-06-12T15:00,34.6,53.0,591.0,482.0,109.0,1.08,100770.0,23.7,2.56,0.47,37.0,0.132,0,1,0,1.0,36.99013356482795,52.247797971374204,0.022893165369052445,34.901943470131634,0.2159340736707522,55842.8816,2.9947524728754127,502.34999999999997,0.004431360783678766,1.0407665070203835e-05,0.4070004547577297,0.0,0.0,1.1319200109338265,lhs_candidate_000013_june2024_preflight,pa1_candidate_000013
2024-06-12T16:00,32.9,61.0,391.0,281.0,110.0,0.94,100740.0,24.2,1.97,0.31,36.1,0.133,0,1,0,1.0,35.2831906494839,57.768788644356256,0.02317898890954242,35.05457309981267,0.21438451400409464,38278.064000000006,2.4119459844366395,332.34999999999997,0.004295642605995733,6.831401267253185e-06,0.39743527163021386,0.0,0.0,1.1378454803373919,lhs_candidate_000013_june2024_preflight,pa1_candidate_000013
2024-06-12T17:00,32.8,61.0,245.0,171.0,74.0,0.1,100720.0,24.2,1.95,0.17,35.1,0.133,0,1,0,1.0,34.07988054668591,60.78620306239289,0.02290615105603382,35.10639309829963,0.2133810527440146,24163.4976,2.095179117110315,208.25,0.0031773335686037037,4.357454615422593e-06,0.39124106632107775,0.0,0.0,1.1420752339239437,lhs_candidate_000013_june2024_preflight,pa1_candidate_000013
2024-06-12T18:00,32.2,64.0,83.0,52.0,31.0,0.92,100740.0,24.4,1.74,0.07,34.0,0.133,1,1,0,1.0,33.03402826375454,62.73863495649033,0.022376409785819906,35.08249148450696,0.21283223022409098,8394.654400000001,1.877882178067197,70.55,0.003518401169664968,1.748266292989144e-06,0.3878532729882159,0.0,0.0,1.146203849876323,lhs_candidate_000013_june2024_preflight,pa1_candidate_000013
2024-06-12T19:00,31.5,69.0,0.0,0.0,0.0,0.71,100790.0,25.1,1.43,0.03,33.0,0.133,0,0,0,1.0,31.96299491980086,67.85467420584804,0.022864888083721772,34.99289112560569,0.22199153043085126,0.0,1.5252447973948566,0.0,0.001618961760694489,4.2616666889448653e-07,0.4443921631534029,0.0,0.0,1.1507982403069603,lhs_candidate_000013_june2024_preflight,pa1_candidate_000013
2024-06-12T20:00,31.1,72.0,0.0,0.0,0.0,0.64,100870.0,25.4,1.26,0.0,32.3,0.132,0,0,0,1.0,31.338449554758625,71.63707201614744,0.02334800954258048,34.872314832531416,0.22192110765651435,0.0,1.2989894553925412,0.0,0.0013369467192694338,3.625939174974792e-07,0.44395745466984166,0.0,0.0,1.1540739730962994,lhs_candidate_000013_june2024_preflight,pa1_candidate_000013
2024-06-12T21:00,30.7,75.0,0.0,0.0,0.0,0.71,100900.0,25.7,1.12,0.0,31.8,0.132,0,0,0,1.0,30.920860375614886,74.57940441025286,0.02376906598436362,34.74426443273154,0.22186002996326645,0.0,1.1369082957377419,0.0,0.0014209716340528686,3.1708182627665556e-07,0.4435804318720152,0.0,0.0,1.1560026031910549,lhs_candidate_000013_june2024_preflight,pa1_candidate_000013
2024-06-12T22:00,30.4,78.0,0.0,0.0,0.0,0.72,100910.0,26.1,0.96,0.0,31.3,0.132,0,0,0,1.0,30.58400939912228,77.54438276854769,0.02427062480103154,34.61128357203305,0.22180683622760342,0.0,0.9851916864419059,0.0,0.0014032356326490654,2.745649223907572e-07,0.44325207547903345,0.0,0.0,1.1573993441847272,lhs_candidate_000013_june2024_preflight,pa1_candidate_000013
2024-06-12T23:00,30.1,81.0,0.0,0.0,0.0,0.76,100920.0,26.5,0.82,0.0,30.9,0.132,0,0,0,1.0,30.28442307980558,80.42989518053764,0.024770691653767576,34.47504525141372,0.221760998044854,0.0,0.8440153310525518,0.0,0.0014638273417543132,2.3507006484684437e-07,0.44296912373366665,0.0,0.0,1.1586568750278607,lhs_candidate_000013_june2024_preflight,pa1_candidate_000013
2024-06-13T00:00,29.8,84.0,0.0,0.0,0.0,0.72,100900.0,26.8,0.67,0.0,30.4,0.132,0,0,0,1.0,29.989025017635157,83.31275560511925,0.02525249160701844,34.335971627280095,0.22172213342458105,0.0,0.7076050400224303,0.0,0.0014080350896367405,1.9697115818955919e-07,0.44272921867025344,0.0,0.0,1.1595561017863194,lhs_candidate_000013_june2024_preflight,pa1_candidate_000013
2024-06-13T01:00,29.3,87.0,0.0,0.0,0.0,0.95,100810.0,27.0,0.52,0.0,29.9,0.132,0,0,0,1.0,29.573860149570745,85.93917350133823,0.025469495621916957,34.19313919523067,0.2216898118261372,0.0,0.582181471284879,0.0,0.0018204024737000927,1.619848288144187e-07,0.4425297026304766,0.0,0.0,1.1601106425762062,lhs_candidate_000013_june2024_preflight,pa1_candidate_000013
2024-06-13T02:00,29.4,86.0,0.0,0.0,0.0,1.1,100800.0,26.8,0.57,0.0,29.4,0.132,0,0,0,1.0,29.44367205028494,86.15600159888025,0.025354004301059403,34.0470253134132,0.2216615519859114,0.0,0.5689238122486899,0.0,0.00190525668079293,1.582336486886465e-07,0.44235525917229257,0.0,0.0,1.1604946409009018,lhs_candidate_000013_june2024_preflight,pa1_candidate_000013
2024-06-13T03:00,29.2,86.0,0.0,0.0,0.0,1.2,100740.0,26.7,0.55,0.0,29.1,0.132,0,0,0,1.0,29.33704202952846,85.74204227407934,0.025086471810878613,33.90359420942565,0.22163259696560383,0.0,0.5823466284035188,0.0,0.002129321602560475,1.6190146674204124e-07,0.44217652447903605,0.0,0.0,1.160212713945932,lhs_candidate_000013_june2024_preflight,pa1_candidate_000013
2024-06-13T04:00,28.6,90.0,0.0,0.0,0.0,1.3,100750.0,26.8,0.39,0.0,28.9,0.132,0,0,0,1.0,28.90848138260313,88.57331052624488,0.02531736148294539,33.758447551986485,0.2216061595840242,0.0,0.45530113260509886,0.0,0.002386131111185534,1.2653411567944095e-07,0.4420133307655814,0.0,0.0,1.1619741564494221,lhs_candidate_000013_june2024_preflight,pa1_candidate_000013
2024-06-13T05:00,28.2,92.0,0.0,0.0,0.0,1.1,100780.0,26.7,0.32,0.0,28.6,0.132,0,0,0,1.0,28.45470636882659,90.90136220210651,0.025346787607984957,33.606593266846524,0.22158615798902548,0.0,0.35313334697000043,0.0,0.002040269507137827,9.811294383888367e-08,0.4418898641297869,0.0,0.0,1.164068905750981,lhs_candidate_000013_june2024_preflight,pa1_candidate_000013
2024-06-13T06:00,28.3,92.0,24.0,13.0,11.0,1.22,100880.0,26.8,0.32,0.01,28.7,0.132,1,0,0,1.0,28.40842438987848,92.16550650271796,0.025634276005278515,33.456824667624296,0.22153184089486008,2499.0063999999998,0.3032541390929655,20.4,0.0021456189020024885,5.089564207972546e-07,0.44155457342506227,0.0,0.0,1.1654027990994353,lhs_candidate_000013_june2024_preflight,pa1_candidate_000013
2024-06-13T07:00,30.6,76.0,190.0,136.0,54.0,1.2,100900.0,25.9,1.05,0.14,31.0,0.132,0,0,0,1.0,30.198736424068706,83.52494749629123,0.02560524196077588,33.359909215934756,0.23049965308760234,18619.849599999998,0.7070552897498175,161.5,0.002279408147974116,4.005211828392617e-06,0.49691143881236016,0.0,0.0,1.1587544760936899,lhs_candidate_000013_june2024_preflight,pa1_candidate_000013
2024-06-13T08:00,32.3,64.0,407.0,327.0,80.0,1.08,100910.0,24.5,1.76,0.31,32.6,0.132,0,0,0,1.0,32.72233517035043,74.09837186643176,0.02599600180003576,33.38352133510286,0.22938236803862563,38630.592000000004,1.282734752128499,345.95,0.002108041203629726,8.389073904105277e-06,0.49001461752238046,0.0,0.0,1.1493080702749952,lhs_candidate_000013_june2024_preflight,pa1_candidate_000013
2024-06-13T09:00,33.6,56.0,613.0,510.0,103.0,1.22,100910.0,23.7,2.27,0.48,34.4,0.131,0,1,0,1.0,34.898337217691484,60.12171588408661,0.02364520351389599,33.53143324857086,0.22750039807280983,57567.7872,2.229660432147762,521.05,0.0041342053086153244,1.2425129910318377e-05,0.47839751896796195,0.0,0.0,1.1411895498618279,lhs_candidate_000013_june2024_preflight,pa1_candidate_000013
2024-06-13T10:00,34.6,53.0,773.0,664.0,109.0,1.17,100820.0,23.6,2.6,0.61,36.0,0.13,0,1,0,1.0,36.647360905588904,55.62986785717596,0.02395008862228684,33.78124287791014,0.2250143168559428,71858.88160000001,2.7311102848570137,657.05,0.004390632320755078,1.5142178700524977e-05,0.46305133861693093,0.0,0.0,1.1337346710474159,lhs_candidate_000013_june2024_preflight,pa1_candidate_000013
2024-06-13T11:00,35.3,51.0,877.0,752.0,125.0,0.89,100720.0,23.7,2.8,0.7,37.3,0.129,0,1,0,1.0,37.94335015107499,52.744036841497916,0.02426332516630131,34.102948838152166,0.22216001716795025,81573.8,3.121016070169402,745.4499999999999,0.004350137468232435,1.653203102108932e-05,0.44543220474043366,0.0,0.0,1.127891796862213,lhs_candidate_000013_june2024_preflight,pa1_candidate_000013
2024-06-13T12:00,36.2,48.0,902.0,752.0,150.0,0.54,100610.0,23.5,3.1,0.72,38.3,0.128,0,1,0,1.0,39.023500206927615,49.68095885248656,0.02414006950996392,34.46348389008572,0.2191966188597844,84653.36,3.5224808695705603,766.6999999999999,0.004169101896429901,1.638894687993088e-05,0.4271396225912617,0.0,0.0,1.1227616340310433,lhs_candidate_000013_june2024_preflight,pa1_candidate_000013
2024-06-13T13:00,36.5,48.0,864.0,709.0,155.0,0.57,100580.0,23.6,3.2,0.69,38.7,0.127,0,1,0,1.0,39.53448744243625,48.23919851930156,0.024050679917492022,34.83059044617045,0.2163589094803212,81485.272,3.7239711588628097,734.4,0.004274816602841926,1.5144830524104672e-05,0.409622898026674,0.0,0.0,1.120592584078427,lhs_candidate_000013_june2024_preflight,pa1_candidate_000013
2024-06-13T14:00,36.3,48.0,760.0,610.0,150.0,0.42,100480.0,23.5,3.15,0.6,38.6,0.126,0,1,0,1.0,39.29788485680957,47.549572347665006,0.023426268508394174,35.16623256416467,0.21383478179236692,72157.36,3.7261027730534693,646.0,0.004184066350259312,1.2926696031612813e-05,0.39404186291584525,0.0,0.0,1.1203261836158827,lhs_candidate_000013_june2024_preflight,pa1_candidate_000013
2024-06-13T15:00,35.8,50.0,572.0,436.0,136.0,0.67,100470.0,23.7,2.96,0.46,38.1,0.126,0,1,0,1.0,38.38993768693873,48.75297085109487,0.022941920816805177,35.429841604370864,0.2118128703987825,55120.8064,3.4672313361836826,486.2,0.004151284310296533,9.579900784729579e-06,0.3815609283875463,0.0,0.0,1.1234794225189026,lhs_candidate_000013_june2024_preflight,pa1_candidate_000013
2024-06-13T16:00,34.9,52.0,314.0,178.0,136.0,1.2,100560.0,23.7,2.67,0.28,37.1,0.126,0,1,0,1.0,36.80683714212247,50.14635677980669,0.021766815822364678,35.582461009178346,0.2104659743468293,32416.806399999998,3.095461049326712,266.9,0.004367110351690828,5.42406848559683e-06,0.3732467552273413,0.0,0.0,1.1302291207435196,lhs_candidate_000013_june2024_preflight,pa1_candidate_000013
2024-06-13T17:00,32.8,61.0,147.0,66.0,81.0,0.89,100540.0,24.3,1.93,0.13,35.6,0.127,0,1,0,1.0,34.46109632619644,57.65401828070723,0.022163481460589076,35.61487627223765,0.20973498406159694,15785.774399999998,2.310970001212087,124.95,0.003921239002810237,2.7083990596853478e-06,0.3687344695160305,0.0,0.0,1.138621374267313,lhs_candidate_000013_june2024_preflight,pa1_candidate_000013
2024-06-13T18:00,32.2,63.0,60.0,36.0,24.0,0.64,100570.0,24.3,1.77,0.06,34.3,0.127,1,1,0,1.0,32.91614441047956,61.93049223452134,0.021951029826965965,35.55586117845775,0.20937438243088213,6124.3776,1.905963710755517,51.0,0.003112785594095499,1.3206425489241855e-06,0.3665085335239638,0.0,0.0,1.1447103413636321,lhs_candidate_000013_june2024_preflight,pa1_candidate_000013
2024-06-13T19:00,31.6,68.0,0.0,0.0,0.0,1.06,100660.0,24.9,1.5,0.04,33.3,0.127,0,0,0,1.0,31.99937185154661,67.00740958585958,0.02262315829955536,35.448131473350955,0.21857754259556791,0.0,1.5686678890156602,0.0,0.0020650806263171405,4.175143882739139e-07,0.4233181641701723,0.0,0.0,1.1491769186602045,lhs_candidate_000013_june2024_preflight,pa1_candidate_000013
2024-06-13T20:00,31.1,71.0,0.0,0.0,0.0,0.92,100690.0,25.3,1.3,0.01,32.5,0.127,0,0,0,1.0,31.373838500476204,70.42785447989137,0.022997397278211287,35.31598095084731,0.21850783563673373,0.0,1.357094420222364,0.0,0.001773847130480983,3.608351472351244e-07,0.42288787430082553,0.0,0.0,1.151880680382501,lhs_candidate_000013_june2024_preflight,pa1_candidate_000013
2024-06-13T21:00,30.8,74.0,0.0,0.0,0.0,0.86,100750.0,25.6,1.15,0.0,31.9,0.127,0,0,0,1.0,30.988159010663363,73.57766211558354,0.023534641690272612,35.17639493499325,0.21844713144226308,0.0,1.1862479268969608,0.0,0.0016193719307131113,3.151296302833464e-07,0.42251315705100667,0.0,0.0,1.154028650152505,lhs_candidate_000013_june2024_preflight,pa1_candidate_000013
2024-06-13T22:00,30.5,77.0,0.0,0.0,0.0,0.94,100760.0,26.0,1.0,0.0,31.3,0.127,0,0,0,1.0,30.683388537595615,76.49219998448335,0.0240696372221834,35.033308991613545,0.2183940319904797,0.0,1.0372216728555523,0.0,0.001740639291469403,2.753266886326309e-07,0.42218538265728206,0.0,0.0,1.1553008967475507,lhs_candidate_000013_june2024_preflight,pa1_candidate_000013
2024-06-13T23:00,30.2,79.0,0.0,0.0,0.0,0.89,100770.0,26.2,0.9,0.0,30.8,0.127,0,0,0,1.0,30.38693944791801,78.57546921304575,0.02433370325042623,34.887526811483774,0.2183471831785388,0.0,0.9294281028357267,0.0,0.0016652257788577545,2.4654428621753804e-07,0.42189619246011606,0.0,0.0,1.1565439910352449,lhs_candidate_000013_june2024_preflight,pa1_candidate_000013
2024-06-14T00:00,29.7,84.0,0.0,0.0,0.0,0.95,100680.0,26.6,0.68,0.0,30.3,0.127,0,0,0,1.0,29.972816857359117,82.73829602871007,0.025056402950161656,34.73816781276654,0.21830720869036013,0.0,0.7312841323170676,0.0,0.0018194341895900821,1.9387026780415158e-07,0.42164943636024776,0.0,0.0,1.1570896997611377,lhs_candidate_000013_june2024_preflight,pa1_candidate_000013
2024-06-14T01:00,29.1,88.0,0.0,0.0,0.0,1.04,100660.0,26.9,0.47,0.0,29.8,0.127,0,0,0,1.0,29.42881380138147,86.55100843724216,0.02544970745951477,34.582136218899436,0.21827669244973597,0.0,0.5522180584200735,0.0,0.001993343378738661,1.463327723016519e-07,0.421461064504543,0.0,0.0,1.158939750175781,lhs_candidate_000013_june2024_preflight,pa1_candidate_000013
2024-06-14T02:00,28.9,88.0,0.0,0.0,0.0,1.04,100630.0,26.7,0.47,0.0,29.4,0.127,0,0,0,1.0,29.08001253702334,87.51798079810227,0.025250588550787545,34.41971117557503,0.218252017686738,0.0,0.5023059898552087,0.0,0.0018973127350393965,1.330584233932159e-07,0.42130875115270366,0.0,0.0,1.1599314724686733,lhs_candidate_000013_june2024_preflight,pa1_candidate_000013
2024-06-14T03:00,28.6,89.0,0.0,0.0,0.0,1.1,100610.0,26.7,0.41,0.0,29.0,0.127,0,0,0,1.0,28.805677068858813,88.28585365482816,0.025094099107566877,34.25553668401245,0.21822890010166754,0.0,0.463987240921206,0.0,0.0020095819526713735,1.2286634236921712e-07,0.42116605001029345,0.0,0.0,1.1607545603906368,lhs_candidate_000013_june2024_preflight,pa1_candidate_000013
2024-06-14T04:00,28.4,90.0,0.0,0.0,0.0,1.2,100600.0,26.6,0.39,0.0,28.8,0.127,0,0,0,1.0,28.56976300630598,89.352995540934,0.025072304830446788,34.090011860175345,0.21820795667029236,0.0,0.4159949340368385,0.0,0.002148812369682228,1.1012390491768158e-07,0.4210367695697059,0.0,0.0,1.1615466900980171,lhs_candidate_000013_june2024_preflight,pa1_candidate_000013
2024-06-14T05:00,28.6,88.0,0.0,0.0,0.0,1.1,100680.0,26.4,0.47,0.0,28.5,0.127,0,0,0,1.0,28.604882316071645,88.34140641098594,0.02483608012164041,33.92640955115943,0.21818753911389593,0.0,0.45644758906545935,0.0,0.0018794971049611372,1.20796529205577e-07,0.42091073527096257,0.0,0.0,1.1623350928282605,lhs_candidate_000013_june2024_preflight,pa1_candidate_000013
2024-06-14T06:00,28.7,88.0,24.0,13.0,11.0,1.2,100710.0,26.6,0.45,0.02,28.6,0.127,1,0,0,1.0,28.780318080673922,88.36059413331864,0.02508061318224447,33.77440719089124,0.21812912968705403,2499.0063999999998,0.46035065450175505,20.4,0.0020956415507155843,5.262849593986602e-07,0.42055018325342,0.0,0.0,1.1620058654184262,lhs_candidate_000013_june2024_preflight,pa1_candidate_000013
2024-06-14T07:00,30.6,75.0,194.0,141.0,53.0,1.1,100710.0,25.7,1.09,0.14,31.1,0.127,0,0,0,1.0,30.368464679677277,82.09042389919227,0.025396931365303736,33.675995557916444,0.22710050508701798,18936.6672,0.7761235755928504,164.9,0.0020249858844225625,3.933062586513577e-06,0.4759290437470246,0.0,0.0,1.1559257224355806,lhs_candidate_000013_june2024_preflight,pa1_candidate_000013
2024-06-14T08:00,32.6,60.0,418.0,342.0,76.0,0.54,100710.0,23.9,1.94,0.31,32.7,0.126,0,0,0,1.0,32.97320869913513,75.7787576399305,0.026940618133380865,33.69697475348894,0.22600463760285638,39457.8624,1.216534564235042,355.3,0.0013326164794135748,8.2194472813665e-06,0.4691644296472616,0.0,0.0,1.1460901708442908,lhs_candidate_000013_june2024_preflight,pa1_candidate_000013
2024-06-14T09:00,34.0,53.0,623.0,529.0,94.0,0.3,100660.0,23.2,2.47,0.47,34.7,0.126,0,1,0,1.0,35.33753656966949,58.716121361640994,0.02362564139037766,33.8476622052444,0.22416337036936426,58131.145599999996,2.3649179011098442,529.55,0.0032758305796791263,1.2112555059694537e-05,0.4577985825269399,0.0,0.0,1.136741596677962,lhs_candidate_000013_june2024_preflight,pa1_candidate_000013
2024-06-14T10:00,35.2,50.0,793.0,686.0,107.0,0.4,100630.0,23.0,2.86,0.62,36.4,0.125,0,1,0,1.0,37.29438271897788,53.74060757901796,0.023916859012791974,34.10574101078345,0.22172769099005843,73548.5168,2.949558451250107,674.05,0.003754941820770257,1.489450278961843e-05,0.4427635246299903,0.0,0.0,1.1292396415612918,lhs_candidate_000013_june2024_preflight,pa1_candidate_000013
2024-06-14T11:00,35.8,48.0,842.0,715.0,127.0,1.49,100570.0,23.1,3.05,0.68,37.4,0.124,0,1,0,1.0,38.444381563150905,48.54997978306111,0.022909547926668206,34.429617999621875,0.21900672292013038,78564.1648,3.4911968677807534,715.6999999999999,0.004982709764380674,1.5311164337523512e-05,0.42596742543290356,0.0,0.0,1.124401148988509,lhs_candidate_000013_june2024_preflight,pa1_candidate_000013
2024-06-14T12:00,36.1,48.0,935.0,798.0,137.0,1.96,100550.0,23.3,3.1,0.76,38.1,0.123,0,1,0,1.0,39.134770060474644,46.94815095524835,0.02294060694899223,34.787679633330946,0.21616180337798957,87099.98879999999,3.7360221872626154,794.75,0.005698149853135481,1.6265203226553127e-05,0.40840619369129366,0.0,0.0,1.1216922500170663,lhs_candidate_000013_june2024_preflight,pa1_candidate_000013
2024-06-14T13:00,36.1,49.0,848.0,712.0,136.0,1.75,100460.0,23.6,3.05,0.7,38.3,0.123,0,1,0,1.0,39.207885392606215,47.12187583756226,0.023110524136566096,35.14617152484605,0.2134195384362869,79408.8064,3.738414429369874,720.8,0.0054483811612892116,1.4226482144745277e-05,0.3914786323227586,0.0,0.0,1.1204259233213316,lhs_candidate_000013_june2024_preflight,pa1_candidate_000013
2024-06-14T14:00,35.3,53.0,662.0,452.0,210.0,1.75,100410.0,24.2,2.7,0.55,37.9,0.122,0,1,0,1.0,38.235891440386226,49.85752906925602,0.02327903167033696,35.43866562186019,0.21116926510528264,65644.304,3.3644224948221297,562.6999999999999,0.0053992351332531165,1.0817863134069314e-05,0.3775880562054484,0.0,0.0,1.1233639547626726,lhs_candidate_000013_june2024_preflight,pa1_candidate_000013
2024-06-14T15:00,34.6,55.0,516.0,365.0,151.0,1.81,100370.0,24.4,2.45,0.44,37.3,0.122,0,1,0,1.0,36.98719606070109,52.221715278941055,0.02287829247228672,35.63963380228,0.20945361414863736,50720.5424,2.995908814217423,438.59999999999997,0.00531153617632264,8.281733235739914e-06,0.3669976182014652,0.0,0.0,1.1274376061998908,lhs_candidate_000013_june2024_preflight,pa1_candidate_000013
2024-06-14T16:00,34.6,55.0,417.0,306.0,111.0,0.92,100310.0,24.3,2.45,0.34,36.7,0.121,0,1,0,1.0,36.35814166458528,54.109036837656085,0.02295134724593029,35.77121444713301,0.20811457992879526,40601.246399999996,2.7804131651091217,354.45,0.003993526577337,6.623099095526147e-06,0.3587319748691066,0.0,0.0,1.1290537083208618,lhs_candidate_000013_june2024_preflight,pa1_candidate_000013
2024-06-14T17:00,34.1,57.0,282.0,210.0,72.0,0.89,100350.0,24.3,2.31,0.22,36.0,0.121,0,1,0,1.0,35.591494810024344,55.697078208823456,0.02270787463479005,35.84609349083608,0.20710962589722434,27349.1328,2.5736124660234516,239.7,0.003834256120617112,4.555155139167565e-06,0.35252855492113794,0.0,0.0,1.1323086450124213,lhs_candidate_000013_june2024_preflight,pa1_candidate_000013
2024-06-14T18:00,33.2,61.0,83.0,53.0,30.0,0.72,100470.0,24.8,1.97,0.07,34.9,0.121,1,1,0,1.0,34.21091596595228,59.192176317847306,0.022459050936119832,35.83818475789845,0.20655259655886818,8359.472,2.1962960137680385,70.55,0.0033915105570789163,1.6434275979224634e-06,0.3490901022152357,0.0,0.0,1.1387547703783811,lhs_candidate_000013_june2024_preflight,pa1_candidate_000013
2024-06-14T19:00,32.2,68.0,0.0,0.0,0.0,0.91,100530.0,25.6,1.51,0.03,33.7,0.121,0,1,0,1.0,32.788738928822184,66.10823408311168,0.023274465694277754,35.74974083996937,0.21572022553695291,0.0,1.6847076165052193,0.0,0.003356949153225937,4.2971657539289965e-07,0.4056804045490921,0.0,0.0,1.1447315672694223,lhs_candidate_000013_june2024_preflight,pa1_candidate_000013
2024-06-14T20:00,31.4,74.0,0.0,0.0,0.0,1.04,100570.0,26.3,1.18,0.01,32.9,0.121,0,0,0,1.0,31.809737116960516,72.53063896256462,0.024241788408971968,35.62255480008209,0.2156524621638272,0.0,1.292129138336648,0.0,0.002041775518139066,3.292421733266734e-07,0.4052621121223901,0.0,0.0,1.1488634006580323,lhs_candidate_000013_june2024_preflight,pa1_candidate_000013
2024-06-14T21:00,30.9,79.0,0.0,0.0,0.0,0.78,100630.0,26.9,0.92,0.0,32.3,0.121,0,0,0,1.0,31.18685476928004,77.83053724044242,0.025161557059699583,35.481302219169024,0.21560008046955853,0.0,1.0066277690269474,0.0,0.0015770510371820128,2.5629008220769174e-07,0.4049387683306082,0.0,0.0,1.1519015787031832,lhs_candidate_000013_june2024_preflight,pa1_candidate_000013
2024-06-14T22:00,30.6,82.0,0.0,0.0,0.0,0.78,100610.0,27.1,0.79,0.0,31.9,0.121,0,0,0,1.0,30.801413081588425,81.27746154024771,0.025738166213493795,35.33290592196811,0.21555829559385506,0.0,0.8316643269306003,0.0,0.0015080237614430775,2.116090556500046e-07,0.40468083699910534,0.0,0.0,1.1531330801855426,lhs_candidate_000013_june2024_preflight,pa1_candidate_000013
2024-06-14T23:00,30.3,84.0,0.0,0.0,0.0,0.78,100640.0,27.3,0.7,0.0,31.5,0.121,0,0,0,1.0,30.496219692693927,83.40464818096928,0.025981748091165574,35.18124828500043,0.21552281305921359,0.0,0.7244429006220163,0.0,0.0015038716935485239,1.8422782159809056e-07,0.4044618090074913,0.0,0.0,1.154636276906425,lhs_candidate_000013_june2024_preflight,pa1_candidate_000013
2024-06-15T00:00,30.0,86.0,0.0,0.0,0.0,0.76,100620.0,27.4,0.6,0.0,31.2,0.121,0,0,0,1.0,30.19920326492916,85.33212050487268,0.026159904501256104,35.02712402525359,0.21549184535066182,0.0,0.6295141747552941,0.0,0.0014764786404851441,1.6001152440940685e-07,0.4042706503127273,0.0,0.0,1.155537125389356,lhs_candidate_000013_june2024_preflight,pa1_candidate_000013
2024-06-15T01:00,29.8,87.0,0.0,0.0,0.0,0.76,100570.0,27.4,0.56,0.0,30.9,0.121,0,0,0,1.0,29.96178289284445,86.56586683667291,0.026199905107773418,34.871185679362604,0.21546457300084482,0.0,0.5687706916411752,0.0,0.0014444571615272628,1.4451138735476637e-07,0.40410230247435075,0.0,0.0,1.1558675723662923,lhs_candidate_000013_june2024_preflight,pa1_candidate_000013
2024-06-15T02:00,29.4,88.0,0.0,0.0,0.0,0.85,100560.0,27.1,0.5,0.0,30.6,0.121,0,0,0,1.0,29.64011629076116,87.29126805828818,0.025963321262679254,34.71378769535348,0.2154394717157792,0.0,0.528208109255007,0.0,0.0016447681984609762,1.3415392099518094e-07,0.40394735627024203,0.0,0.0,1.1569804450789218,lhs_candidate_000013_june2024_preflight,pa1_candidate_000013
2024-06-15T03:00,29.2,88.0,0.0,0.0,0.0,0.95,100530.0,27.1,0.48,0.0,30.3,0.121,0,0,0,1.0,29.36988968416814,87.593490891477,0.025673947667509273,34.553607779811784,0.21541592718897937,0.0,0.5076870133803433,0.0,0.0017472423655180093,1.2889559546352402e-07,0.40380201968505786,0.0,0.0,1.15766845104978,lhs_candidate_000013_june2024_preflight,pa1_candidate_000013
2024-06-15T04:00,29.1,89.0,0.0,0.0,0.0,0.89,100500.0,27.1,0.44,0.0,30.1,0.121,0,0,0,1.0,29.222846681802558,88.57529072646868,0.02575504559567274,34.39333500133408,0.21539367787189817,0.0,0.46356366508508096,0.0,0.0016166374702732843,1.1765318081335233e-07,0.4036646782215937,0.0,0.0,1.15788578417458,lhs_candidate_000013_june2024_preflight,pa1_candidate_000013
2024-06-15T05:00,28.9,90.0,0.0,0.0,0.0,0.89,100530.0,27.1,0.41,0.0,29.8,0.121,0,0,0,1.0,29.058540343539214,89.4531988545572,0.025778778064944607,34.23437868454463,0.21537340200568572,0.0,0.4239021783118222,0.0,0.001644245282264508,1.07553675369808e-07,0.4035395185536156,0.0,0.0,1.1588611351099045,lhs_candidate_000013_june2024_preflight,pa1_candidate_000013
2024-06-15T06:00,29.0,89.0,23.0,10.0,13.0,1.08,100570.0,27.0,0.43,0.01,29.8,0.121,1,0,0,1.0,29.096144913135824,89.39959575876469,0.0258161339754316,34.08167187044301,0.21532077989960158,2481.3712,0.4269829702051524,19.55,0.0019066641624414216,4.799698328567956e-07,0.40321469073828137,0.0,0.0,1.1591779962939206,lhs_candidate_000013_june2024_preflight,pa1_candidate_000013
2024-06-15T07:00,30.0,81.0,161.0,72.0,89.0,0.95,100690.0,26.4,0.8,0.12,30.8,0.121,0,0,0,1.0,30.06406914492638,86.60143093087946,0.026355987615255285,33.97042800032816,0.22436815966301252,17299.2336,0.5706025395753103,136.85,0.0016692396325275216,3.127148598943796e-06,0.4590627139692131,0.0,0.0,1.1568563664404385,lhs_candidate_000013_june2024_preflight,pa1_candidate_000013
2024-06-15T08:00,31.6,70.0,350.0,212.0,138.0,0.45,100690.0,25.5,1.38,0.26,32.3,0.12,0,0,0,1.0,32.002793124401556,83.14044931748361,0.028075135823753893,33.951103267771174,0.22349218100585544,35655.1712,0.8017603035740994,297.5,0.0012622840238148863,6.59294810558986e-06,0.4536554383077496,0.0,0.0,1.1495065232505313,lhs_candidate_000013_june2024_preflight,pa1_candidate_000013
2024-06-15T09:00,33.0,62.0,572.0,377.0,195.0,0.45,100720.0,24.7,1.93,0.44,34.1,0.12,0,1,0,1.0,34.19387127102006,66.94765577403282,0.025379029293847954,34.04984530469393,0.22192988240467829,57196.568,1.7772076023068153,486.2,0.0032715690801041744,1.0676055592621892e-05,0.44401161978196474,0.0,0.0,1.1416516498042386,lhs_candidate_000013_june2024_preflight,pa1_candidate_000013
2024-06-15T10:00,34.4,55.0,762.0,608.0,154.0,0.32,100620.0,24.1,2.42,0.59,35.8,0.12,0,1,0,1.0,36.325615715046496,58.86409912539876,0.024926506634183807,34.264288050630604,0.21972097513302752,72474.08959999999,2.4878836720002866,647.6999999999999,0.0036320581089473716,1.38181077030113e-05,0.43037638971004644,0.0,0.0,1.1326619886352003,lhs_candidate_000013_june2024_preflight,pa1_candidate_000013
2024-06-15T11:00,35.1,52.0,824.0,698.0,126.0,0.22,100570.0,23.9,2.7,0.65,37.0,0.119,0,1,0,1.0,37.701834016966615,53.633881083041814,0.02437106567894291,34.556284619556465,0.2171708475088606,76944.9824,3.022464297248212,700.4,0.00394012061147572,1.4482471361296462e-05,0.41463486116580617,0.0,0.0,1.127087063056697,lhs_candidate_000013_june2024_preflight,pa1_candidate_000013
2024-06-15T12:00,35.8,50.0,895.0,690.0,205.0,0.57,100440.0,23.7,2.95,0.71,38.1,0.118,0,1,0,1.0,38.7021970754065,50.62790383937479,0.024204019016746858,34.88759939692398,0.2145034082875444,85972.39199999999,3.3970318486282958,760.75,0.004221828016478931,1.5134255687238754e-05,0.3981691869601507,0.0,0.0,1.1220193449216815,lhs_candidate_000013_june2024_preflight,pa1_candidate_000013
2024-06-15T13:00,36.2,49.0,828.0,658.0,170.0,1.08,100370.0,23.8,3.05,0.67,38.5,0.118,0,1,0,1.0,39.160715953615515,48.172276154705195,0.023569574805875692,35.22769644995253,0.2119218041202125,78845.008,3.654898392560158,703.8,0.004645551586047114,1.3564017642288815e-05,0.38223335876674386,0.0,0.0,1.1195912277699578,lhs_candidate_000013_june2024_preflight,pa1_candidate_000013
2024-06-15T14:00,36.0,49.0,843.0,727.0,116.0,1.51,100270.0,23.6,3.02,0.68,38.6,0.117,0,1,0,1.0,39.148484648885656,47.0342640928698,0.02299858432515209,35.55376181133658,0.2095058577301426,78265.1584,3.732702207556228,716.55,0.005170900858091988,1.3273617652788166e-05,0.3673201094453247,0.0,0.0,1.1185195693443,lhs_candidate_000013_june2024_preflight,pa1_candidate_000013
2024-06-15T15:00,33.9,57.0,658.0,509.0,149.0,1.84,100310.0,24.3,2.26,0.53,37.9,0.121,0,1,0,1.0,37.35124542003053,51.63808742339558,0.023048045651572306,35.82485966934505,0.20741023687015916,63146.17759999999,3.093160649281878,559.3,0.005667444694419271,1.0035814199676357e-05,0.35438417821085905,0.0,0.0,1.125442555404821,lhs_candidate_000013_june2024_preflight,pa1_candidate_000013
2024-06-15T16:00,32.6,65.0,393.0,306.0,87.0,1.91,100350.0,25.2,1.72,0.32,36.4,0.121,0,1,0,1.0,35.00341038998739,59.97463132666193,0.02371669821330512,35.96089628935172,0.20597822560869924,37644.8688,2.2509231365191003,334.05,0.005456706381675815,5.932184251917306e-06,0.34554460252283486,0.0,0.0,1.1344695591881309,lhs_candidate_000013_june2024_preflight,pa1_candidate_000013
2024-06-15T17:00,32.3,66.0,180.0,111.0,69.0,0.91,100400.0,25.1,1.65,0.15,35.2,0.121,0,1,0,1.0,33.52500232792477,64.04690134251423,0.023441921001950645,35.967834588395526,0.20519038458991892,18267.5856,1.8624365421959963,153.0,0.0037230270817629526,2.8568951913789402e-06,0.34068138635752426,0.0,0.0,1.1405065514775306,lhs_candidate_000013_june2024_preflight,pa1_candidate_000013
2024-06-15T18:00,31.6,68.0,61.0,33.0,28.0,0.71,100450.0,25.0,1.47,0.05,34.0,0.121,1,1,0,1.0,32.37597808143283,66.45008440432615,0.022888635828452148,35.89075402606184,0.20482819268189123,6353.1071999999995,1.6294297928030983,51.85,0.003232496362398885,1.1742438610637988e-06,0.3384456338388348,0.0,0.0,1.1453658939537106,lhs_candidate_000013_june2024_preflight,pa1_candidate_000013
2024-06-15T19:00,30.8,71.0,0.0,0.0,0.0,1.12,100530.0,24.9,1.28,0.03,33.0,0.121,0,0,0,1.0,31.290704354261546,69.58253857298338,0.022620525046917205,35.760059925369575,0.21405164251787112,0.0,1.389312046837817,0.0,0.002208086876943004,3.453731679317728e-07,0.39538050936957486,0.0,0.0,1.15036434712387,lhs_candidate_000013_june2024_preflight,pa1_candidate_000013
2024-06-15T20:00,30.1,72.0,0.0,0.0,0.0,1.04,100550.0,24.5,1.19,0.01,32.2,0.12,0,0,0,1.0,30.480439784685135,71.25299504989198,0.022177478123257308,35.60127435518085,0.21399298895911512,0.0,1.2537722493252348,0.0,0.0020248241005359673,3.1139351947321014e-07,0.3950184503649081,0.0,0.0,1.1536636663425344,lhs_candidate_000013_june2024_preflight,pa1_candidate_000013
2024-06-15T21:00,29.8,72.0,0.0,0.0,0.0,0.98,100590.0,24.2,1.16,0.01,31.7,0.12,0,0,0,1.0,30.01686829186532,71.85914298701769,0.021813655325588033,35.432510682922334,0.2139385352918739,0.0,1.1951906186704804,0.0,0.0018270970126950065,2.9659128138116745e-07,0.39468231661650555,0.0,0.0,1.1558873728358143,lhs_candidate_000013_june2024_preflight,pa1_candidate_000013
2024-06-15T22:00,29.4,75.0,0.0,0.0,0.0,1.03,100670.0,24.4,1.03,0.01,31.2,0.12,0,0,0,1.0,29.64333096167631,74.3006718325516,0.02210333814529234,35.25983785058476,0.21388774304869035,0.0,1.0683287307673184,0.0,0.0019229730823345187,2.6489940071563303e-07,0.394368784251175,0.0,0.0,1.1582337394882465,lhs_candidate_000013_june2024_preflight,pa1_candidate_000013
2024-06-15T23:00,29.1,77.0,0.0,0.0,0.0,1.12,100710.0,24.6,0.94,0.01,30.9,0.12,0,0,0,1.0,29.309644221593434,76.43724555191103,0.022330794594463795,35.08385522288618,0.2138426045080355,0.0,0.9608693665235215,0.0,0.0020436991028251954,2.3808578444892382e-07,0.39409015128416974,0.0,0.0,1.1599722715416274,lhs_candidate_000013_june2024_preflight,pa1_candidate_000013
2024-06-16T00:00,29.0,78.0,0.0,0.0,0.0,1.12,100670.0,24.7,0.88,0.0,30.6,0.12,0,0,0,1.0,29.127912457275055,77.76993902376827,0.022496677575935802,34.90685819459904,0.2138013408611991,0.0,0.8970680708450969,0.0,0.0019928153121385427,2.2213332978934775e-07,0.3938354374148092,0.0,0.0,1.1602086608343058,lhs_candidate_000013_june2024_preflight,pa1_candidate_000013
2024-06-16T01:00,28.8,80.0,0.0,0.0,0.0,1.17,100610.0,24.9,0.8,0.0,30.3,0.12,0,0,0,1.0,28.959622151310004,79.50714920338754,0.022789372653001193,34.731335607300025,0.21376301482477927,0.0,0.8189640339528088,0.0,0.002093909363030329,2.0267127239543236e-07,0.39359885694308194,0.0,0.0,1.1601630782152845,lhs_candidate_000013_june2024_preflight,pa1_candidate_000013
2024-06-16T02:00,28.8,80.0,0.0,0.0,0.0,1.06,100570.0,25.0,0.79,0.0,30.1,0.12,0,0,0,1.0,28.8833757843627,80.001637603904,0.02283599594956405,34.557583976572765,0.21372727646444417,0.0,0.7956868057424451,0.0,0.0018651696952525039,1.9680042698072998e-07,0.3933782497805196,0.0,0.0,1.1599945858238823,lhs_candidate_000013_june2024_preflight,pa1_candidate_000013
2024-06-16T03:00,28.6,80.0,0.0,0.0,0.0,0.99,100570.0,24.9,0.78,0.0,30.0,0.12,0,0,0,1.0,28.754703497228714,79.8375890753296,0.022629751947002178,34.38696488662754,0.2136918075387577,0.0,0.796262798733478,0.0,0.0018003376026656565,1.9683327641875792e-07,0.3931593057948006,0.0,0.0,1.160488977447106,lhs_candidate_000013_june2024_preflight,pa1_candidate_000013
2024-06-16T04:00,28.4,82.0,0.0,0.0,0.0,1.06,100610.0,25.0,0.7,0.0,29.8,0.12,0,0,0,1.0,28.563045393409947,81.45912249978443,0.02284890506356671,34.21728620384989,0.21365781125353137,0.0,0.7241386768720264,0.0,0.0019183264448073142,1.7890890920456403e-07,0.3929494521822924,0.0,0.0,1.1616880162954197,lhs_candidate_000013_june2024_preflight,pa1_candidate_000013
2024-06-16T05:00,28.3,82.0,0.0,0.0,0.0,1.34,100620.0,25.0,0.69,0.0,29.7,0.12,0,0,0,1.0,28.423179515564804,81.77332611189634,0.022762240298185677,34.04847475774677,0.2136262129244245,0.0,0.7061145886606992,0.0,0.002352576122790572,1.743692021318424e-07,0.39275440076805246,0.0,0.0,1.1623423107220185,lhs_candidate_000013_june2024_preflight,pa1_candidate_000013
2024-06-16T06:00,28.4,82.0,21.0,9.0,12.0,1.41,100650.0,25.0,0.7,0.02,29.6,0.12,1,0,0,1.0,28.488247512224348,82.23884066699482,0.022973458079291322,33.886838693289945,0.21356553405227138,2270.1888,0.6906830807242388,17.849999999999998,0.0024508105937131996,5.006739053045158e-07,0.39237983982883573,0.0,0.0,1.1624380549580664,lhs_candidate_000013_june2024_preflight,pa1_candidate_000013
2024-06-16T07:00,29.6,73.0,157.0,90.0,67.0,1.1,100700.0,24.3,1.11,0.12,30.4,0.12,0,0,0,1.0,29.574389483567096,78.3351481327739,0.023216583457031276,33.76746044066889,0.22261561744031816,16173.2208,0.8970496513944752,133.45,0.001893294399899743,3.0735909661538675e-06,0.4482445521007294,0.0,0.0,1.1588427480834016,lhs_candidate_000013_june2024_preflight,pa1_candidate_000013
2024-06-16T08:00,30.7,67.0,251.0,103.0,148.0,0.5,100730.0,23.8,1.46,0.19,31.5,0.12,0,0,0,1.0,31.06278325744865,76.2964104205252,0.02450213260379642,33.721814299211054,0.22190902272743554,27294.995199999998,1.0687178515758848,213.35,0.00127851224823771,4.764031356011248e-06,0.4438828563421947,0.0,0.0,1.1535165323187542,lhs_candidate_000013_june2024_preflight,pa1_candidate_000013
2024-06-16T09:00,32.0,61.0,453.0,247.0,206.0,0.14,100780.0,23.6,1.85,0.34,33.0,0.119,0,1,0,1.0,32.871946433847604,66.42728046015428,0.023489947197550487,33.76376097098241,0.22072440754968534,47111.5744,1.676665270682279,385.05,0.002880465743498138,8.387181283362446e-06,0.4365704169733663,0.0,0.0,1.1472662814005083,lhs_candidate_000013_june2024_preflight,pa1_candidate_000013
2024-06-16T10:00,33.8,54.0,791.0,686.0,105.0,1.02,100720.0,23.2,2.42,0.61,35.1,0.119,0,1,0,1.0,35.49205346036032,58.062741691985615,0.023550710894251852,33.94520068578191,0.21869590097999453,73302.152,2.422887903753209,672.35,0.0040717520822878385,1.4090527527401123e-05,0.4240487714814477,0.0,0.0,1.136849738264348,lhs_candidate_000013_june2024_preflight,pa1_candidate_000013
2024-06-16T11:00,34.7,51.0,861.0,724.0,137.0,1.41,100690.0,23.2,2.7,0.68,36.5,0.118,0,1,0,1.0,37.2858832721269,51.547045048794516,0.022930662708263206,34.244322370645726,0.21608551562585165,80587.98879999999,3.087995942330992,731.85,0.004870458778814376,1.4870262686108571e-05,0.40793528164105963,0.0,0.0,1.1299438795132175,lhs_candidate_000013_june2024_preflight,pa1_candidate_000013
2024-06-16T12:00,35.3,50.0,892.0,745.0,147.0,1.62,100640.0,23.2,2.87,0.72,37.5,0.118,0,1,0,1.0,38.2131598977752,49.13154037767789,0.02291359856136606,34.58073712849814,0.213410779667812,83667.8128,3.4089484813356656,758.1999999999999,0.005229892453894127,1.4833760308258328e-05,0.39142456585069135,0.0,0.0,1.1260193425509608,lhs_candidate_000013_june2024_preflight,pa1_candidate_000013
2024-06-16T13:00,34.7,51.0,702.0,533.0,169.0,1.14,100600.0,23.2,2.7,0.57,37.5,0.117,0,1,0,1.0,37.7277347368658,48.99417209370374,0.022292205329533382,34.8876364530392,0.21105358130062615,67721.8256,3.3295821652919213,596.6999999999999,0.004734128078285971,1.1393389163006036e-05,0.37687395864584045,0.0,0.0,1.1273293417226289,lhs_candidate_000013_june2024_preflight,pa1_candidate_000013
2024-06-16T14:00,34.7,50.0,678.0,461.0,217.0,1.12,100480.0,22.9,2.74,0.55,37.6,0.117,0,1,0,1.0,37.304944888491086,49.02491694902144,0.021829961272604625,35.134977532967504,0.20907099765409737,67298.58080000001,3.2521032666409857,576.3,0.004556399598665555,1.0654878907874628e-05,0.36463578798825536,0.0,0.0,1.127518025348936,lhs_candidate_000013_june2024_preflight,pa1_candidate_000013
2024-06-16T15:00,34.6,51.0,601.0,384.0,217.0,1.43,100500.0,23.1,2.68,0.49,37.3,0.117,0,1,0,1.0,37.00790080782194,49.396583152437216,0.021663577190567346,35.35207033306576,0.20728325571784895,60522.5808,3.176637498266194,510.84999999999997,0.004832095508604426,9.22430609094699e-06,0.3536003439373392,0.0,0.0,1.1288225119572044,lhs_candidate_000013_june2024_preflight,pa1_candidate_000013
2024-06-16T16:00,33.5,56.0,379.0,182.0,197.0,1.81,100540.0,23.4,2.29,0.33,36.3,0.117,0,1,0,1.0,35.651881690417824,52.78274098697411,0.021587084611742514,35.49569577734064,0.2059294488186304,40282.932799999995,2.7520382794627003,322.15,0.00524021775073545,5.8420574607584144e-06,0.34524351122611363,0.0,0.0,1.1342306831858822,lhs_candidate_000013_june2024_preflight,pa1_candidate_000013
2024-06-16T17:00,32.1,61.0,167.0,39.0,128.0,0.91,100550.0,23.6,1.87,0.15,35.0,0.118,0,1,0,1.0,33.656255380266124,58.160777459771914,0.021434969981951518,35.5221637308104,0.2051584668640524,19199.3472,2.1832938811552673,141.95,0.00389255182515765,2.7465146786721075e-06,0.34048436335834814,0.0,0.0,1.1417218529036763,lhs_candidate_000013_june2024_preflight,pa1_candidate_000013
2024-06-16T18:00,31.5,64.0,60.0,24.0,36.0,0.86,100610.0,23.9,1.65,0.06,33.8,0.118,1,1,0,1.0,32.24145594275713,62.57350242880259,0.0213999261198157,35.453457510256406,0.2048048564201968,6546.5664,1.8039711361456336,51.0,0.0033886064245189362,1.197309938725915e-06,0.33830158284072104,0.0,0.0,1.147695596497689,lhs_candidate_000013_june2024_preflight,pa1_candidate_000013
2024-06-16T19:00,30.9,67.0,0.0,0.0,0.0,0.89,100570.0,24.2,1.46,0.03,32.9,0.118,0,0,0,1.0,31.312902067537085,66.24248961980463,0.02156030973246413,35.333288095161265,0.21402257974498665,0.0,1.543813545399113,0.0,0.00182652522162908,3.836070131321489e-07,0.39520110953695464,0.0,0.0,1.150738163069382,lhs_candidate_000013_june2024_preflight,pa1_candidate_000013
2024-06-16T20:00,30.4,71.0,0.0,0.0,0.0,1.0,100640.0,24.6,1.25,0.01,32.2,0.118,0,0,0,1.0,30.684944716667044,70.18926429871192,0.022088154212389993,35.18895292519966,0.2139587153444689,0.0,1.3154394327562078,0.0,0.0019033540023562718,3.265345275665445e-07,0.39480688484240056,0.0,0.0,1.1539190823808165,lhs_candidate_000013_june2024_preflight,pa1_candidate_000013
2024-06-16T21:00,30.0,75.0,0.0,0.0,0.0,1.0,100700.0,25.1,1.07,0.01,31.7,0.118,0,0,0,1.0,30.2385428412513,74.19334982724732,0.022793479717243003,35.036955064262436,0.21390464267020773,0.0,1.1100643798797165,0.0,0.0018728174557845186,2.7532084854685115e-07,0.39447310290251686,0.0,0.0,1.1563059044209487,lhs_candidate_000013_june2024_preflight,pa1_candidate_000013
2024-06-16T22:00,29.7,77.0,0.0,0.0,0.0,0.99,100710.0,25.3,0.94,0.0,31.2,0.118,0,0,0,1.0,29.898730062513504,76.51764711060423,0.02307987849089613,34.88044999142872,0.213858010799799,0.0,0.9905985659780465,0.0,0.001830374856062158,2.455113658711216e-07,0.3941852518506111,0.0,0.0,1.157717441960642,lhs_candidate_000013_june2024_preflight,pa1_candidate_000013
2024-06-16T23:00,29.4,79.0,0.0,0.0,0.0,0.85,100740.0,25.4,0.84,0.0,30.9,0.118,0,0,0,1.0,29.598784702009166,78.49671126278754,0.023295266252550014,34.72131518394911,0.21381605749466914,0.0,0.8916105880535716,0.0,0.0016129102141120575,2.2083286609467935e-07,0.39392628083129105,0.0,0.0,1.1592096474044982,lhs_candidate_000013_june2024_preflight,pa1_candidate_000013
2024-06-17T00:00,29.1,81.0,0.0,0.0,0.0,1.0,100710.0,25.6,0.74,0.0,30.6,0.118,0,0,0,1.0,29.301557262079257,80.39729196211633,0.02347738287177571,34.559969618800885,0.2137783994072064,0.0,0.7990093544455701,0.0,0.0018483135703005293,1.9778074174443373e-07,0.393693823501274,0.0,0.0,1.1600032869177177,lhs_candidate_000013_june2024_preflight,pa1_candidate_000013
2024-06-17T01:00,28.8,83.0,0.0,0.0,0.0,0.86,100680.0,25.7,0.67,0.0,30.3,0.118,0,0,0,1.0,29.005420257522086,82.34577767701242,0.023661989931504285,34.39648928237432,0.21374485515629307,0.0,0.7073927686910473,0.0,0.001633681849130431,1.7501056871408363e-07,0.39348676022403134,0.0,0.0,1.1607942986735167,lhs_candidate_000013_june2024_preflight,pa1_candidate_000013
2024-06-17T02:00,28.7,87.0,0.0,0.0,0.0,0.86,100650.0,26.4,0.51,0.0,30.1,0.118,0,0,0,1.0,28.828518249652276,86.11855570949051,0.024508595393535393,34.23199462152817,0.2137167196996308,0.0,0.5505592887001196,0.0,0.0015733636826949784,1.3614949186574834e-07,0.39331308456562225,0.0,0.0,1.1611282145877395,lhs_candidate_000013_june2024_preflight,pa1_candidate_000013
2024-06-17T03:00,28.6,88.0,0.0,0.0,0.0,0.81,100610.0,26.4,0.47,0.0,29.9,0.118,0,0,0,1.0,28.7211257491134,87.6147368264729,0.02478868356042899,34.06920014904776,0.21369390371691896,0.0,0.4881741983541419,0.0,0.0014879631633464075,1.2067886316733083e-07,0.39317224516616645,0.0,0.0,1.1610796770434402,lhs_candidate_000013_june2024_preflight,pa1_candidate_000013
2024-06-17T04:00,28.5,88.0,0.0,0.0,0.0,0.81,100630.0,26.3,0.47,0.0,29.7,0.118,0,0,0,1.0,28.61993609153077,87.79296683951209,0.024702204869728548,33.90865635525318,0.21367250425377224,0.0,0.4783368004019253,0.0,0.001486989393671387,1.182072861715272e-07,0.39304014971464346,0.0,0.0,1.1616998963076424,lhs_candidate_000013_june2024_preflight,pa1_candidate_000013
2024-06-17T05:00,28.4,88.0,0.0,0.0,0.0,0.95,100700.0,26.3,0.46,0.0,29.6,0.118,0,0,0,1.0,28.518541204019076,87.75911528508546,0.024556199746538998,33.75034175690985,0.21365126719256564,0.0,0.4768518339697203,0.0,0.0017101350528329203,1.1780101513794143e-07,0.3929090567442323,0.0,0.0,1.1628987299134823,lhs_candidate_000013_june2024_preflight,pa1_candidate_000013
2024-06-17T06:00,28.5,87.0,22.0,11.0,11.0,0.95,100740.0,26.2,0.49,0.01,29.6,0.118,1,0,0,1.0,28.58963404207121,87.52599909657305,0.024586341593285526,33.5994380791019,0.21359877748441844,2323.0063999999998,0.48794027900505155,18.7,0.0016886697148713672,4.6662741564009346e-07,0.39258504620011386,0.0,0.0,1.1630865566623703,lhs_candidate_000013_june2024_preflight,pa1_candidate_000013
2024-06-17T07:00,29.6,78.0,171.0,115.0,56.0,0.82,100770.0,25.4,0.9,0.12,30.5,0.118,0,0,0,1.0,29.647258318580835,84.91573695655184,0.025266539690690877,33.492679948817724,0.22263617207112005,17018.214399999997,0.6271989553948982,145.35,0.001440459623739798,3.249992444013064e-06,0.4483714325377781,0.0,0.0,1.1593692272020697,lhs_candidate_000013_june2024_preflight,pa1_candidate_000013
2024-06-17T08:00,31.3,66.0,372.0,277.0,95.0,0.54,100820.0,24.3,1.53,0.27,32.2,0.117,0,0,0,1.0,31.728122868650495,79.31378775621073,0.026393786901405987,33.48441381901199,0.221724806615592,36078.328,0.9685721083395484,316.2,0.001384445363213337,6.871252639020416e-06,0.4427457198493333,0.0,0.0,1.1520275897558376,lhs_candidate_000013_june2024_preflight,pa1_candidate_000013
2024-06-17T09:00,32.9,58.0,613.0,505.0,108.0,0.2,100760.0,23.5,2.09,0.46,34.1,0.117,0,1,0,1.0,34.146842715375165,63.66604576297172,0.02407565973125272,33.603110802306276,0.22009299191709014,57743.699199999995,1.948555535102118,521.05,0.0031786729035979643,1.116107728425971e-05,0.43267278961166755,0.0,0.0,1.1422798331984567,lhs_candidate_000013_june2024_preflight,pa1_candidate_000013
2024-06-17T10:00,34.0,53.0,709.0,582.0,127.0,0.5,100750.0,23.2,2.49,0.55,35.7,0.117,0,1,0,1.0,35.976813511697515,56.020512182658834,0.023299442679455246,33.82493221971578,0.2179504997619634,66860.1648,2.6094982355969774,602.65,0.0037537489135642645,1.2608226658602794e-05,0.4194475293948358,0.0,0.0,1.135405062782308,lhs_candidate_000013_june2024_preflight,pa1_candidate_000013
2024-06-17T11:00,34.7,51.0,795.0,669.0,126.0,1.03,100680.0,23.1,2.71,0.63,36.7,0.116,0,1,0,1.0,37.17799079265256,51.9130366735015,0.022966369445453477,34.10458816237932,0.21558216530361954,74392.9824,3.0467436895681916,675.75,0.004415694175622465,1.3675552984535113e-05,0.4048281808865404,0.0,0.0,1.1302244707361289,lhs_candidate_000013_june2024_preflight,pa1_candidate_000013
2024-06-17T12:00,34.9,51.0,825.0,687.0,138.0,1.35,100650.0,23.2,2.75,0.66,37.4,0.116,0,1,0,1.0,37.76025107250615,50.150347608820645,0.022856101401124308,34.41630376578172,0.21311845167752977,77455.1712,3.2598460283997643,701.25,0.004896205404751614,1.368251705026833e-05,0.3896200720835171,0.0,0.0,1.1277716850104742,lhs_candidate_000013_june2024_preflight,pa1_candidate_000013
2024-06-17T13:00,34.6,52.0,704.0,466.0,238.0,1.7,100590.0,23.3,2.63,0.58,37.4,0.116,0,1,0,1.0,37.42839004404983,49.770769307383105,0.022302323060293533,34.7070724132859,0.21086637551679335,70325.41119999999,3.2260806116190883,598.4,0.0053050528365917015,1.1364123303555283e-05,0.37571836738761333,0.0,0.0,1.1283037267050162,lhs_candidate_000013_june2024_preflight,pa1_candidate_000013
2024-06-17T14:00,35.0,51.0,647.0,410.0,237.0,1.57,100540.0,23.2,2.77,0.54,37.4,0.116,0,1,0,1.0,37.33404950634932,49.807312499579375,0.022211370849913332,34.95169918090891,0.20893077782863162,65274.2288,3.207256574558761,549.9499999999999,0.004979208512441822,1.0167325315029974e-05,0.36377023351007176,0.0,0.0,1.1280855483419803,lhs_candidate_000013_june2024_preflight,pa1_candidate_000013
2024-06-17T15:00,32.0,66.0,437.0,187.0,250.0,1.4,100470.0,24.7,1.63,0.35,36.3,0.137,0,1,0,1.0,35.04002774154825,59.48871615483848,0.023569395658178862,35.12450728520785,0.20741207542196757,47251.6,2.2828645520770046,371.45,0.005023014696620133,6.7162720601124905e-06,0.35439552729609614,0.0,0.0,1.1356912222274052,lhs_candidate_000013_june2024_preflight,pa1_candidate_000013
2024-06-17T16:00,32.3,63.0,229.0,79.0,150.0,1.78,100520.0,24.3,1.81,0.22,34.7,0.137,0,1,0,1.0,33.48623286895729,61.410767969956936,0.022431256341684525,35.16801341373393,0.20648522312314008,25429.36,1.9946669042935996,194.65,0.0048761444207527345,3.637719389837627e-06,0.34867421680950667,0.0,0.0,1.1420140786678865,lhs_candidate_000013_june2024_preflight,pa1_candidate_000013
2024-06-17T17:00,31.9,65.0,149.0,62.0,87.0,1.12,100530.0,24.5,1.65,0.14,34.1,0.137,0,1,0,1.0,32.792838136976115,63.80265198687144,0.022467620931740494,35.14077691398036,0.20593748046420104,16172.868799999998,1.7997289679881696,126.64999999999999,0.0038116320419005305,2.452908815414831e-06,0.34529308928519165,0.0,0.0,1.1447162294599047,lhs_candidate_000013_june2024_preflight,pa1_candidate_000013
2024-06-17T18:00,31.6,66.0,62.0,23.0,39.0,0.99,100550.0,24.4,1.58,0.06,33.3,0.137,1,1,0,1.0,32.14420613656293,65.22466077079818,0.022191605002286303,35.07095298042387,0.20560802528136043,6828.1136,1.6670112374642545,52.699999999999996,0.003440128500643818,1.2128149409222677e-06,0.34325941531703974,0.0,0.0,1.1473765283921138,lhs_candidate_000013_june2024_preflight,pa1_candidate_000013
2024-06-17T19:00,31.1,69.0,0.0,0.0,0.0,0.99,100660.0,24.8,1.39,0.03,32.5,0.136,0,0,0,1.0,31.453791533759446,68.33978636024199,0.02241117242207742,34.96299097749549,0.2148258671712127,0.0,1.4595259177547586,0.0,0.001932619555527144,3.6721352454174643e-07,0.40015967389637463,0.0,0.0,1.1512352262909773,lhs_candidate_000013_june2024_preflight,pa1_candidate_000013
2024-06-17T20:00,30.8,71.0,0.0,0.0,0.0,0.71,100720.0,25.0,1.27,0.0,32.0,0.136,0,0,0,1.0,30.991891757044836,70.82771451198253,0.022659577223347285,34.833919070226095,0.2147633934180497,0.0,1.3099869759637421,0.0,0.0013951943331629876,3.292722231206529e-07,0.39977403344475126,0.0,0.0,1.1536708595673228,lhs_candidate_000013_june2024_preflight,pa1_candidate_000013
2024-06-17T21:00,30.5,73.0,0.0,0.0,0.0,0.72,100740.0,25.1,1.17,0.0,31.6,0.136,0,0,0,1.0,30.679495415521608,72.8377704033965,0.02291490786026389,34.70039206534425,0.2147067426718139,0.0,1.1981978212777147,0.0,0.0013991505237367825,3.009099753673184e-07,0.3994243374803327,0.0,0.0,1.1550863799006512,lhs_candidate_000013_june2024_preflight,pa1_candidate_000013
2024-06-17T22:00,30.1,76.0,0.0,0.0,0.0,1.0,100780.0,25.3,1.04,0.01,31.2,0.136,0,0,0,1.0,30.321363718697913,75.38853605197038,0.02326436415144548,34.563304191424265,0.21465552045545877,0.0,1.0636842928125914,0.0,0.0018612399036615594,2.6691739622446356e-07,0.39910815095962204,0.0,0.0,1.156908698764562,lhs_candidate_000013_june2024_preflight,pa1_candidate_000013
2024-06-17T23:00,29.8,78.0,0.0,0.0,0.0,0.99,100780.0,25.6,0.91,0.0,30.9,0.136,0,0,0,1.0,29.98975066192941,77.5344234641193,0.023501973697229513,34.42204198535029,0.2146101256787314,0.0,0.952668788087248,0.0,0.001824167307117429,2.3889169075507437e-07,0.3988279362884654,0.0,0.0,1.1581742735668163,lhs_candidate_000013_june2024_preflight,pa1_candidate_000013
2024-06-18T00:00,29.5,80.0,0.0,0.0,0.0,1.06,100730.0,25.6,0.83,0.0,30.7,0.136,0,0,0,1.0,29.689649562005453,79.46519318679051,0.023699125970108148,34.27778779938559,0.21456934058902483,0.0,0.8559146258638659,0.0,0.0019352732460558742,2.1449408502110343e-07,0.3985761764754619,0.0,0.0,1.1587467999573167,lhs_candidate_000013_june2024_preflight,pa1_candidate_000013
2024-06-18T01:00,29.2,81.0,0.0,0.0,0.0,0.89,100710.0,25.7,0.75,0.0,30.4,0.136,0,0,0,1.0,29.393553747275526,80.60230247417682,0.023655193572922808,34.13090469195313,0.21453220924164268,0.0,0.7948567205009791,0.0,0.0016706729915030448,1.9907829169004688e-07,0.39834697062742397,0.0,0.0,1.159650556793771,lhs_candidate_000013_june2024_preflight,pa1_candidate_000013
2024-06-18T02:00,28.8,83.0,0.0,0.0,0.0,0.98,100610.0,25.7,0.66,0.0,30.1,0.136,0,0,0,1.0,29.037564607718583,82.25070567777496,0.023676089815838946,33.980985968309994,0.21449813790415984,0.0,0.7125243835818389,0.0,0.0018417799025505037,1.7836327135016895e-07,0.39813665372938173,0.0,0.0,1.1598638403552883,lhs_candidate_000013_june2024_preflight,pa1_candidate_000013
2024-06-18T03:00,28.7,84.0,0.0,0.0,0.0,0.98,100520.0,25.7,0.63,0.0,29.9,0.136,0,0,0,1.0,28.8246452160093,83.67517122443682,0.023808198446036044,33.8283054934349,0.21446767018432228,0.0,0.647322561473425,0.0,0.0017629757108545989,1.619650244441579e-07,0.39794858138470546,0.0,0.0,1.1596433691164372,lhs_candidate_000013_june2024_preflight,pa1_candidate_000013
2024-06-18T04:00,28.6,84.0,0.0,0.0,0.0,0.98,100510.0,25.7,0.61,0.0,29.7,0.136,0,0,0,1.0,28.712501616684726,83.87509435077351,0.02371946154717039,33.67666016814613,0.21443890537951174,0.0,0.6352575840174985,0.0,0.001754307216021678,1.588753552153907e-07,0.3977710208611836,0.0,0.0,1.159958775781552,lhs_candidate_000013_june2024_preflight,pa1_candidate_000013
2024-06-18T05:00,28.5,85.0,0.0,0.0,0.0,0.82,100540.0,25.7,0.59,0.0,29.6,0.136,0,0,0,1.0,28.611462484750678,84.74094935065536,0.023832424806465743,33.52691163226708,0.21441107181461241,0.0,0.5976375850628375,0.0,0.0014957283008544741,1.4940218520988932e-07,0.3975992087321754,0.0,0.0,1.160693503917878,lhs_candidate_000013_june2024_preflight,pa1_candidate_000013
2024-06-18T06:00,28.4,85.0,21.0,10.0,11.0,1.1,100630.0,25.7,0.58,0.02,29.5,0.135,1,0,0,1.0,28.561394808336935,85.1223165198136,0.023874259682753623,33.3831286604992,0.2143545901186682,2235.0063999999998,0.5810121472569771,17.849999999999998,0.0019817104154559433,4.794965363245404e-07,0.3972505562880753,0.0,0.0,1.1619253017904518,lhs_candidate_000013_june2024_preflight,pa1_candidate_000013
2024-06-18T07:00,29.7,76.0,181.0,125.0,56.0,1.2,100680.0,25.1,0.99,0.13,30.8,0.135,0,0,0,1.0,29.69159936096108,81.57962657288333,0.0243322900724563,33.28351006065551,0.22336848895903136,17898.214399999997,0.7678686534055004,153.85,0.002051933928376559,3.504344871004319e-06,0.45289190715451455,0.0,0.0,1.1581641686226198,lhs_candidate_000013_june2024_preflight,pa1_candidate_000013
2024-06-18T08:00,31.4,65.0,398.0,318.0,80.0,1.12,100730.0,24.0,1.62,0.3,32.3,0.135,0,0,0,1.0,31.877956650856873,73.56448899364564,0.024676887984139986,33.28963458476988,0.2223790959857095,37838.592000000004,1.2483064882737254,338.3,0.002200338933970464,7.478127826748572e-06,0.44678454312166366,0.0,0.0,1.1504338116516812,lhs_candidate_000013_june2024_preflight,pa1_candidate_000013
2024-06-18T09:00,32.6,59.0,590.0,488.0,102.0,1.04,100770.0,23.5,2.03,0.45,33.9,0.134,0,1,0,1.0,33.95082515335472,62.34594606124042,0.023335518366205312,33.41470177839059,0.22072011524187451,55508.6048,1.9974396300432278,501.5,0.003937064266442648,1.0871905322819191e-05,0.436543921246139,0.0,0.0,1.1431223709686071,lhs_candidate_000013_june2024_preflight,pa1_candidate_000013
2024-06-18T10:00,33.6,55.0,751.0,638.0,113.0,0.89,100720.0,23.2,2.35,0.58,35.3,0.134,0,1,0,1.0,35.67271217446246,57.3095678318689,0.023463753076255225,33.63840112635559,0.2185318448841464,70063.6112,2.491046506184866,638.35,0.004111152825352283,1.339675407945332e-05,0.4230360795317679,0.0,0.0,1.1361846906375201,lhs_candidate_000013_june2024_preflight,pa1_candidate_000013
2024-06-18T11:00,34.5,52.0,858.0,729.0,129.0,0.73,100620.0,23.1,2.64,0.67,36.7,0.133,0,1,0,1.0,37.1023310717899,53.413277929124156,0.02353873599570477,33.93652138976647,0.21599439268045656,80042.5296,2.9395633177649336,729.3,0.004205242452815127,1.4762754680600236e-05,0.40737279432380596,0.0,0.0,1.1298263742901502,lhs_candidate_000013_june2024_preflight,pa1_candidate_000013
2024-06-18T12:00,34.8,51.0,758.0,622.0,136.0,0.22,100560.0,23.1,2.75,0.6,37.2,0.132,0,1,0,1.0,37.58843810408598,51.20315210135018,0.02313239726443249,34.25036711616325,0.21352486403394935,71488.8064,3.1614214648656334,644.3,0.004028582850530975,1.2693280719698865e-05,0.3921287903330207,0.0,0.0,1.1273862533679797,lhs_candidate_000013_june2024_preflight,pa1_candidate_000013
2024-06-18T13:00,35.2,51.0,778.0,578.0,200.0,0.45,100480.0,23.4,2.8,0.62,37.6,0.131,0,1,0,1.0,37.93347021491267,50.957682285955414,0.023429784445677417,34.54849751537227,0.21125211444926872,75500.48,3.2372650103054714,661.3,0.004085979437066958,1.2560281909052881e-05,0.37809947190906623,0.0,0.0,1.1252399434102234,lhs_candidate_000013_june2024_preflight,pa1_candidate_000013
2024-06-18T14:00,34.9,52.0,694.0,574.0,120.0,1.1,100410.0,23.7,2.66,0.56,37.5,0.13,0,1,0,1.0,37.714673816868206,50.24815587258843,0.022847550589682925,34.831030560516965,0.2091418215887488,65293.888000000006,3.245426521200239,589.9,0.004615159994481279,1.0900249169230703e-05,0.36507297277005435,0.0,0.0,1.1252474659498979,lhs_candidate_000013_june2024_preflight,pa1_candidate_000013
2024-06-18T15:00,34.1,56.0,514.0,370.0,144.0,0.99,100330.0,24.0,2.36,0.42,36.9,0.129,0,1,0,1.0,36.61612898426569,53.337104244565595,0.022926171487724394,35.0456771271244,0.20744844206904114,50298.2656,2.867341519340431,436.9,0.004394079451477176,7.94532394472233e-06,0.35462001277185895,0.0,0.0,1.1283383064532113,lhs_candidate_000013_june2024_preflight,pa1_candidate_000013
2024-06-18T16:00,33.3,59.0,393.0,277.0,116.0,1.17,100340.0,24.2,2.1,0.32,36.1,0.129,0,1,0,1.0,35.33222719331579,56.49183650329646,0.02272439262669394,35.17500634585101,0.2061947532858132,38665.1584,2.491605011890614,334.05,0.004387984571653349,6.0076229047464155e-06,0.34688119312230364,0.0,0.0,1.1331473767271703,lhs_candidate_000013_june2024_preflight,pa1_candidate_000013
2024-06-18T17:00,32.8,62.0,236.0,172.0,64.0,1.12,100370.0,24.4,1.91,0.19,35.2,0.129,0,1,0,1.0,34.188683571907,60.03468880614576,0.022752229498115034,35.2262360620817,0.20532359614628407,23019.673600000002,2.1482945516885357,200.6,0.004051039597936431,3.6917138202555557e-06,0.34150367991533376,0.0,0.0,1.1377036364457978,lhs_candidate_000013_june2024_preflight,pa1_candidate_000013
2024-06-18T18:00,32.3,64.0,85.0,52.0,33.0,0.64,100430.0,24.6,1.74,0.06,34.2,0.129,1,1,0,1.0,33.11572600753879,62.75047179169498,0.02247737283957148,35.19915743387282,0.20485238967303682,8641.0192,1.8859033577739872,72.25,0.003182776902219162,1.5550833999372201e-06,0.3385949979817088,0.0,0.0,1.1423719046183287,lhs_candidate_000013_june2024_preflight,pa1_candidate_000013
2024-06-18T19:00,31.5,70.0,0.0,0.0,0.0,0.41,100530.0,25.3,1.41,0.02,33.2,0.129,0,1,0,1.0,32.00892705114086,68.38650212604419,0.023100516439757208,35.108466365075294,0.21403327879719997,0.0,1.5039092620680665,0.0,0.0027147462398348756,3.7375404003265493e-07,0.3952671530691356,0.0,0.0,1.1476568471605915,lhs_candidate_000013_june2024_preflight,pa1_candidate_000013
2024-06-18T20:00,31.1,73.0,0.0,0.0,0.0,0.82,100630.0,25.6,1.22,0.0,32.5,0.129,0,0,0,1.0,31.347697996680985,72.43626546676741,0.02362016778999189,34.98514806463472,0.21397218598563666,0.0,1.263050468673347,0.0,0.0016047020208584287,3.1359592962916935e-07,0.3948900369483745,0.0,0.0,1.1512931157532633,lhs_candidate_000013_june2024_preflight,pa1_candidate_000013
2024-06-18T21:00,30.8,75.0,0.0,0.0,0.0,1.3,100660.0,25.8,1.12,0.01,32.0,0.129,0,0,0,1.0,30.981054650599848,74.58291064057441,0.023847090781178543,34.854551786842315,0.21391869323687207,0.0,1.1406551513679934,0.0,0.0023172314097904207,2.829702479154771e-07,0.3945598347955066,0.0,0.0,1.1530246895645835,lhs_candidate_000013_june2024_preflight,pa1_candidate_000013
2024-06-18T22:00,30.5,75.0,0.0,0.0,0.0,0.89,100700.0,25.7,1.07,0.0,31.7,0.129,0,0,0,1.0,30.678224215620254,74.96560328068949,0.023582716151417597,34.72033938807806,0.21386874311909107,0.0,1.1042533725048895,0.0,0.00165852473423962,2.7372573181218207e-07,0.3942515007351301,0.0,0.0,1.1546325701855948,lhs_candidate_000013_june2024_preflight,pa1_candidate_000013
2024-06-18T23:00,30.2,77.0,0.0,0.0,0.0,0.76,100680.0,25.8,0.98,0.0,31.3,0.129,0,0,0,1.0,30.382858252437792,76.6615590164672,0.023735770801520492,34.58321982489161,0.2138213697451527,0.0,1.0122200865390742,0.0,0.0014624357450805973,2.507261278525985e-07,0.39395907250094264,0.0,0.0,1.1555265916434438,lhs_candidate_000013_june2024_preflight,pa1_candidate_000013
2024-06-19T00:00,30.0,79.0,0.0,0.0,0.0,0.81,100660.0,26.0,0.88,0.0,31.0,0.129,0,0,0,1.0,30.146244355706077,78.67782380228539,0.024051062658588068,34.443836754160586,0.21377852003524148,0.0,0.9123305054879163,0.0,0.001508512041824429,2.2583183083842643e-07,0.39369456811877457,0.0,0.0,1.15619834205461,lhs_candidate_000013_june2024_preflight,pa1_candidate_000013
2024-06-19T01:00,29.7,82.0,0.0,0.0,0.0,0.81,100580.0,26.2,0.77,0.0,30.8,0.129,0,0,0,1.0,29.885519957695088,81.32461303930086,0.024512269139007475,34.303068766489886,0.21374056018129733,0.0,0.7872204409166659,0.0,0.0015409508744852387,1.9474699265599188e-07,0.39346024803269963,0.0,0.0,1.156273422446564,lhs_candidate_000013_june2024_preflight,pa1_candidate_000013
2024-06-19T02:00,29.3,84.0,0.0,0.0,0.0,0.91,100560.0,26.3,0.64,0.0,30.5,0.129,0,0,0,1.0,29.533515824125598,83.25931516455117,0.02462133181683626,34.15940950450129,0.21370773304878654,0.0,0.6915321923902051,0.0,0.0017309251662756518,1.709869932359083e-07,0.3932576114122626,0.0,0.0,1.1573879157500546,lhs_candidate_000013_june2024_preflight,pa1_candidate_000013
2024-06-19T03:00,29.2,84.0,0.0,0.0,0.0,0.9,100510.0,26.3,0.64,0.0,30.2,0.129,0,0,0,1.0,29.32056574600247,83.86573016809594,0.024515539522008065,34.01284572910159,0.21367795210130297,0.0,0.6583564014924121,0.0,0.0016308756288490622,1.627079121198565e-07,0.39307377840310476,0.0,0.0,1.1576268816969146,lhs_candidate_000013_june2024_preflight,pa1_candidate_000013
2024-06-19T04:00,29.1,85.0,0.0,0.0,0.0,1.0,100510.0,26.3,0.6,0.0,29.9,0.129,0,0,0,1.0,29.208118158650606,84.72305194547012,0.02461520348912379,33.86713789679452,0.21364946629368398,0.0,0.6193437787582514,0.0,0.0017836215396085239,1.5299775822599056e-07,0.392897940084469,0.0,0.0,1.1580574054436994,lhs_candidate_000013_june2024_preflight,pa1_candidate_000013
2024-06-19T05:00,29.0,85.0,0.0,0.0,0.0,1.0,100500.0,26.2,0.6,0.0,29.7,0.129,0,0,0,1.0,29.10636320817079,84.8704886408072,0.024521889505046465,33.723152899621454,0.21362223675267242,0.0,0.6097745413600117,0.0,0.0017824084950043455,1.5056940810387345e-07,0.3927298564979779,0.0,0.0,1.1583320098777479,lhs_candidate_000013_june2024_preflight,pa1_candidate_000013
2024-06-19T06:00,29.1,84.0,17.0,2.0,15.0,1.14,100630.0,26.1,0.64,0.02,29.5,0.129,1,0,0,1.0,29.165389495870922,84.45459988756082,0.02448023831049341,33.585224135351076,0.21357080802110026,2023.7359999999999,0.6286750110598796,14.45,0.0019863099375752613,4.225010722529291e-07,0.39241239519197696,0.0,0.0,1.1596038959541066,lhs_candidate_000013_june2024_preflight,pa1_candidate_000013
2024-06-19T07:00,29.6,80.0,141.0,43.0,98.0,1.3,100650.0,25.8,0.84,0.11,30.7,0.128,0,0,0,1.0,29.801446992593963,82.95432231576514,0.02488996642507778,33.48210294162086,0.22265901836234656,15855.8752,0.7150629885589215,119.85,0.002328633977316829,2.736468579732187e-06,0.4485124590268306,0.0,0.0,1.1573992506714832,lhs_candidate_000013_june2024_preflight,pa1_candidate_000013
2024-06-19T08:00,31.1,69.0,311.0,159.0,152.0,1.5,100650.0,24.6,1.41,0.25,31.8,0.128,0,0,0,1.0,31.436341379045928,74.63910296438314,0.024454130640484514,33.45667245035426,0.22188592997085302,32715.7248,1.1679723380752267,264.34999999999997,0.002717709675496244,5.857363940551681e-06,0.4437403084620557,0.0,0.0,1.1511868068395004,lhs_candidate_000013_june2024_preflight,pa1_candidate_000013
2024-06-19T09:00,32.4,61.0,452.0,195.0,257.0,1.5,100620.0,23.8,1.91,0.36,33.2,0.128,0,1,0,1.0,33.29242372741195,63.67156990980055,0.023020859578167414,33.52607890461546,0.22059944320941727,48817.8768,1.8575615037474025,384.2,0.00434887252765057,8.404460558943948e-06,0.43579903215689675,0.0,0.0,1.143873168950373,lhs_candidate_000013_june2024_preflight,pa1_candidate_000013
2024-06-19T10:00,33.6,55.0,643.0,364.0,279.0,1.4,100570.0,23.4,2.33,0.51,34.8,0.127,0,1,0,1.0,35.1483813771189,57.27090005423541,0.02281887826003618,33.6910346795218,0.21879618791658337,66399.8896,2.422294693489038,546.55,0.004474860253547828,1.1591726958091744e-05,0.42466782664557634,0.0,0.0,1.1364220567198002,lhs_candidate_000013_june2024_preflight,pa1_candidate_000013
2024-06-19T11:00,34.5,52.0,737.0,377.0,360.0,0.91,100510.0,23.4,2.6,0.59,36.2,0.126,0,1,0,1.0,36.65036749070678,53.66246440970918,0.023106640008030595,33.938324150070486,0.21659086299179883,77521.66399999999,2.852677990431844,626.4499999999999,0.00416198203266029,1.28801248152474e-05,0.41105470982591874,0.0,0.0,1.1302377097410963,lhs_candidate_000013_june2024_preflight,pa1_candidate_000013
2024-06-19T12:00,35.2,50.0,832.0,510.0,322.0,0.81,100420.0,23.2,2.84,0.66,37.2,0.126,0,1,0,1.0,37.818143565906425,50.860054790853695,0.023248009306665054,34.24012058844839,0.21416796582136124,84544.7328,3.2235263259293836,707.1999999999999,0.004272335796873101,1.4012116571038815e-05,0.3960985544528472,0.0,0.0,1.124985085580048,lhs_candidate_000013_june2024_preflight,pa1_candidate_000013
2024-06-19T13:00,34.8,51.0,617.0,324.0,293.0,0.71,100390.0,23.3,2.7,0.5,37.1,0.125,0,1,0,1.0,37.49680262238034,49.86174792223864,0.02242128237762052,34.52535135348371,0.21198820095866755,64604.4432,3.2322186534232897,524.4499999999999,0.004229897009964781,1.0240710162276023e-05,0.38264321579424415,0.0,0.0,1.1258123671020899,lhs_candidate_000013_june2024_preflight,pa1_candidate_000013
2024-06-19T14:00,35.1,50.0,620.0,245.0,375.0,0.0,100320.0,23.1,2.83,0.48,37.2,0.124,0,1,0,1.0,37.36177346037369,50.47625572894935,0.02254160100786328,34.75617082377779,0.2101706805334296,67753.4,3.1692819396875542,527.0,0.0037429798585262722,9.970413237932533e-06,0.37142395391005933,0.0,0.0,1.1255165894148813,lhs_candidate_000013_june2024_preflight,pa1_candidate_000013
2024-06-19T15:00,34.4,52.0,416.0,154.0,262.0,0.4,100290.0,23.2,2.61,0.33,36.7,0.124,0,1,0,1.0,36.53898212585155,50.81914543222296,0.02175740483330724,34.94012067820915,0.20867012254677725,45825.788799999995,3.0093539129517914,353.59999999999997,0.0037806021864785965,6.724027203370966e-06,0.36216125028874846,0.0,0.0,1.128169424791296,lhs_candidate_000013_june2024_preflight,pa1_candidate_000013
2024-06-19T16:00,31.4,69.0,176.0,17.0,159.0,0.51,100310.0,25.0,1.44,0.15,35.0,0.136,0,1,0,1.0,33.632135369010676,63.146239145442756,0.02324285810114684,35.002989346162224,0.2078003907449956,21082.0016,1.9205500328228107,149.6,0.003897337900292042,2.947832753749499e-06,0.35679253546293577,0.0,0.0,1.1390862596401308,lhs_candidate_000013_june2024_preflight,pa1_candidate_000013
2024-06-19T17:00,31.0,71.0,93.0,6.0,87.0,0.51,100290.0,25.1,1.31,0.09,33.5,0.143,0,1,0,1.0,31.826879282487127,69.56844946226165,0.023272997800158526,34.9482143860641,0.20739054295034215,11244.868799999998,1.432856529050643,79.05,0.0030680209769078674,1.639726653373204e-06,0.3542626108045812,0.0,0.0,1.1456004194518183,lhs_candidate_000013_june2024_preflight,pa1_candidate_000013
2024-06-19T18:00,30.5,71.0,43.0,7.0,36.0,0.72,100360.0,24.6,1.27,0.05,32.4,0.147,1,1,0,1.0,31.025266935474463,70.1737202738341,0.02249057522964047,34.847358607426145,0.20716193556771223,5050.5664,1.3419018503482256,36.55,0.0030687669768379444,9.058597831466127e-07,0.35285145412168045,0.0,0.0,1.1494212014877678,lhs_candidate_000013_june2024_preflight,pa1_candidate_000013
2024-06-19T19:00,30.0,73.0,0.0,0.0,0.0,0.71,100400.0,24.7,1.14,0.02,31.5,0.147,0,0,0,1.0,30.350091533781296,72.51779828321538,0.022413165459837667,34.7173633651281,0.21641795235138653,0.0,1.189708712289499,0.0,0.0015310620333463798,3.0667942883917066e-07,0.40998736019374404,0.0,0.0,1.1524373767460767,lhs_candidate_000013_june2024_preflight,pa1_candidate_000013
2024-06-19T20:00,29.8,75.0,0.0,0.0,0.0,0.94,100480.0,25.0,1.04,0.0,31.1,0.148,0,0,0,1.0,29.964978508455978,74.69872551375923,0.022612119643770065,34.571249090492636,0.21636560589140588,0.0,1.0713949224838841,0.0,0.0017276299865259203,2.7596319795160604e-07,0.4096642338975672,0.0,0.0,1.1548210126168974,lhs_candidate_000013_june2024_preflight,pa1_candidate_000013
2024-06-19T21:00,29.6,78.0,0.0,0.0,0.0,1.08,100570.0,25.3,0.92,0.0,30.7,0.148,0,0,0,1.0,29.74677262379227,77.51500518103168,0.023189170014261313,34.4231179593894,0.21631892719806237,0.0,0.9402829634483716,0.0,0.0019395908384450358,2.420218527063279e-07,0.4093760938151998,0.0,0.0,1.1566880611274315,lhs_candidate_000013_june2024_preflight,pa1_candidate_000013
2024-06-19T22:00,29.5,81.0,0.0,0.0,0.0,0.73,100620.0,25.8,0.8,0.0,30.5,0.148,0,0,0,1.0,29.607966727029293,80.55354554687659,0.02391757320729008,34.27505441788804,0.21627851328865758,0.0,0.8067522167835146,0.0,0.0013496860669778648,2.075254895475057e-07,0.40912662523862703,0.0,0.0,1.1577936994336848,lhs_candidate_000013_june2024_preflight,pa1_candidate_000013
2024-06-19T23:00,29.3,83.0,0.0,0.0,0.0,1.0,100600.0,26.1,0.68,0.0,30.3,0.148,0,0,0,1.0,29.445195072020933,82.54649335089087,0.024293806264471144,34.12806414090985,0.21624334810434417,0.0,0.7173207001854802,0.0,0.0018095064151216677,1.8442260826918981e-07,0.4089095561996554,0.0,0.0,1.1581862427581484,lhs_candidate_000013_june2024_preflight,pa1_candidate_000013
2024-06-20T00:00,29.2,84.0,0.0,0.0,0.0,0.95,100510.0,26.3,0.63,0.0,30.1,0.147,0,0,0,1.0,29.30986732312224,83.75853494756834,0.02446997278908725,33.98157127569015,0.21621154471038267,0.0,0.662321844003857,0.0,0.0017035144929947736,1.7020069153043582e-07,0.4087132389529795,0.0,0.0,1.1576678285571624,lhs_candidate_000013_june2024_preflight,pa1_candidate_000013
2024-06-20T01:00,29.0,86.0,0.0,0.0,0.0,0.63,100460.0,26.4,0.56,0.0,29.8,0.148,0,0,0,1.0,29.14862779500367,85.49656507453946,0.024759672532028886,33.8361293829811,0.21618257039173736,0.0,0.5859694597654825,0.0,0.001236421651012523,1.5051408170807735e-07,0.4085343851341812,0.0,0.0,1.157709099443996,lhs_candidate_000013_june2024_preflight,pa1_candidate_000013
2024-06-20T02:00,29.0,85.0,0.0,0.0,0.0,0.71,100410.0,26.2,0.61,0.0,29.7,0.147,0,0,0,1.0,29.072208073666133,85.2845604029277,0.024595750843895616,33.69168785670086,0.21615571929716892,0.0,0.591917240631906,0.0,0.0012838728653028384,1.519801633847066e-07,0.4083686376368452,0.0,0.0,1.1574254873437673,lhs_candidate_000013_june2024_preflight,pa1_candidate_000013
2024-06-20T03:00,28.9,86.0,0.0,0.0,0.0,0.91,100390.0,26.3,0.56,0.0,29.4,0.147,0,0,0,1.0,29.002359921353943,85.76041413308121,0.024639074644584768,33.55005545777417,0.21612863805504678,0.0,0.5704696951092578,0.0,0.0016330618630961045,1.464133502469698e-07,0.40820146947559743,0.0,0.0,1.1574624546504537,lhs_candidate_000013_june2024_preflight,pa1_candidate_000013
2024-06-20T04:00,28.8,87.0,0.0,0.0,0.0,0.9,100400.0,26.4,0.52,0.0,29.2,0.147,0,0,0,1.0,28.905359012238712,86.71223642469258,0.024781182339795236,33.41040949914526,0.2161032288535609,0.0,0.5293608009750361,0.0,0.0016192190212081432,1.3581038290616395e-07,0.40804462255284507,0.0,0.0,1.157949491355369,lhs_candidate_000013_june2024_preflight,pa1_candidate_000013
2024-06-20T05:00,28.7,88.0,0.0,0.0,0.0,0.91,100400.0,26.4,0.48,0.0,29.1,0.148,0,0,0,1.0,28.805765790731424,87.68217935345437,0.024922633229842447,33.272462118617824,0.2160797460029005,0.0,0.487900764925179,0.0,0.0016357384297667895,1.2512911861439788e-07,0.407899666684571,0.0,0.0,1.1583314145813912,lhs_candidate_000013_june2024_preflight,pa1_candidate_000013
2024-06-20T06:00,28.6,89.0,12.0,0.0,12.0,1.12,100420.0,26.5,0.44,0.02,29.2,0.148,1,0,0,1.0,28.734211313499163,88.79445814827248,0.025140414138929076,33.13843490825384,0.21604064843916698,1478.1888,0.4420094284594325,10.2,0.001996899335735605,3.0937164954047147e-07,0.40765832369856164,0.0,0.0,1.1588367675143687,lhs_candidate_000013_june2024_preflight,pa1_candidate_000013
2024-06-20T07:00,28.8,86.0,79.0,4.0,75.0,1.2,100470.0,26.3,0.54,0.07,29.6,0.149,0,0,0,1.0,28.981244021532,87.78984520174667,0.025193132325988674,33.02287374264687,0.2252418425746267,9590.68,0.4885695528448628,67.14999999999999,0.0021553937301328836,1.6133776702433676e-06,0.46445581836189326,0.0,0.0,1.158465786673664,lhs_candidate_000013_june2024_preflight,pa1_candidate_000013
2024-06-20T08:00,29.6,80.0,217.0,50.0,167.0,1.17,100540.0,25.7,0.84,0.17,30.3,0.152,0,0,0,1.0,29.93280286732817,84.77554563236767,0.02561786733032288,32.9582385138862,0.2247187436910236,24971.4608,0.6434978727965772,184.45,0.0021949682608473297,4.198306031674553e-06,0.4612268129075531,0.0,0.0,1.1556332656463144,lhs_candidate_000013_june2024_preflight,pa1_candidate_000013
2024-06-20T09:00,30.1,76.0,293.0,55.0,238.0,0.71,100550.0,25.4,1.01,0.23,30.7,0.155,0,1,0,1.0,30.86753464286399,78.40722421134528,0.024917584826334653,32.954928603492114,0.22383265592487986,34157.411199999995,0.9627835906935887,249.04999999999998,0.0032293633541125516,5.628366983971279e-06,0.45575713533876455,0.0,0.0,1.15219474688092,lhs_candidate_000013_june2024_preflight,pa1_candidate_000013
2024-06-20T10:00,30.2,76.0,233.0,21.0,212.0,0.2,100560.0,25.4,1.05,0.19,30.9,0.154,0,1,0,1.0,31.111099888296913,77.14733460653537,0.02483965620293185,32.968211586117945,0.22292123721349957,27962.6688,1.0331887094344845,198.04999999999998,0.0029363383158627753,4.496274011136612e-06,0.4501310939104912,0.0,0.0,1.1513868964524114,lhs_candidate_000013_june2024_preflight,pa1_candidate_000013
2024-06-20T11:00,31.3,69.0,557.0,171.0,386.0,0.32,100540.0,24.9,1.43,0.43,32.3,0.155,0,1,0,1.0,32.51460633283019,73.81068734815062,0.025611648823138808,33.039722089897595,0.22159437640030097,62596.4064,1.2819150550436267,473.45,0.003211280869790084,1.0222922553740495e-05,0.44194059506358624,0.0,0.0,1.1458721814112418,lhs_candidate_000013_june2024_preflight,pa1_candidate_000013
2024-06-20T12:00,31.7,67.0,539.0,156.0,383.0,0.58,100520.0,24.9,1.54,0.42,33.1,0.155,0,1,0,1.0,33.50214025448316,68.16215474788619,0.0249181586674145,33.19394261087385,0.21979502016102762,60906.8592,1.6471532556647124,458.15,0.003723374062406093,9.754091430335234e-06,0.4308334577841211,0.0,0.0,1.1419548374109685,lhs_candidate_000013_june2024_preflight,pa1_candidate_000013
2024-06-20T13:00,32.0,66.0,565.0,245.0,320.0,0.95,100490.0,24.9,1.61,0.44,33.5,0.155,0,1,0,1.0,33.92772862433821,66.1366395254078,0.024724372214588407,33.35848477899317,0.2180181563502253,60978.368,1.7940445675113708,480.25,0.004109498143317925,9.98210543716122e-06,0.41986516265571183,0.0,0.0,1.1400318255744886,lhs_candidate_000013_june2024_preflight,pa1_candidate_000013
2024-06-20T14:00,29.0,81.0,220.0,40.0,180.0,0.86,100460.0,25.5,0.74,0.18,32.3,0.164,0,1,0,1.0,31.435024294356385,73.99411596356151,0.024241105483530263,33.44765334046923,0.21676612022909825,25692.832,1.1975870987395747,187.0,0.0042583880160747154,3.944601443520545e-06,0.4121365446240633,0.0,0.0,1.149018645806724,lhs_candidate_000013_june2024_preflight,pa1_candidate_000013
2024-06-20T15:00,28.2,84.0,173.0,51.0,122.0,0.78,100410.0,25.2,0.62,0.14,31.1,0.189,0,0,0,1.0,29.45916345835427,83.115404963565,0.02447979621672466,33.40627246885767,0.21614245351230965,19516.2528,0.6944975246832858,147.04999999999998,0.0022216442696691907,3.009447400341438e-06,0.4082867500759855,0.0,0.0,1.155945452768527,lhs_candidate_000013_june2024_preflight,pa1_candidate_000013
2024-06-20T16:00,27.9,89.0,111.0,2.0,109.0,0.58,100390.0,25.9,0.42,0.09,30.3,0.196,0,0,0,1.0,28.686221884363576,88.85688616144323,0.02509225285429909,33.32045129764432,0.21569977887387112,13602.8816,0.4383269706466888,94.35,0.0017205832280861129,1.916138806944229e-06,0.4055541905794514,0.0,0.0,1.158674760801183,lhs_candidate_000013_june2024_preflight,pa1_candidate_000013
2024-06-20T17:00,26.7,98.0,47.0,0.0,47.0,0.71,100360.0,26.3,0.08,0.04,29.7,0.202,0,0,0,1.0,27.581037786541646,94.8949919252213,0.02522121570312396,33.19686155267717,0.21545433213718115,5789.5728,0.18830814923048855,39.949999999999996,0.0019223529381619485,8.089954905793981e-07,0.40403908726655036,0.0,0.0,1.1625853565271145,lhs_candidate_000013_june2024_preflight,pa1_candidate_000013
2024-06-20T18:00,26.7,99.0,20.0,0.0,20.0,1.14,100320.0,26.5,0.05,0.02,29.4,0.204,1,0,0,1.0,26.979633476674646,98.10826438282874,0.025223597444014048,33.03902082631023,0.21535175586854174,2463.648,0.06736626321879102,17.0,0.0021188946920155235,3.404762405921924e-07,0.4034059004230972,0.0,0.0,1.1644506681658522,lhs_candidate_000013_june2024_preflight,pa1_candidate_000013
2024-06-20T19:00,26.6,98.0,0.0,0.0,0.0,0.95,100370.0,26.2,0.07,0.01,29.0,0.211,0,0,0,1.0,26.77503352276019,97.44828677326066,0.024771595888565433,32.87041728342279,0.22469242182531027,0.0,0.08978340348614466,0.0,0.0017520275100352683,2.6027420417833505e-08,0.46106433225500165,0.0,0.0,1.1658257859082262,lhs_candidate_000013_june2024_preflight,pa1_candidate_000013
2024-06-20T20:00,26.5,97.0,0.0,0.0,0.0,0.85,100440.0,26.1,0.09,0.0,28.8,0.217,0,0,0,1.0,26.641047032232382,96.58141453795554,0.024369466338132226,32.6993497440389,0.22468695177859152,0.0,0.11934088733741222,0.0,0.0015684013406391895,3.459334188209266e-08,0.4610305665345156,0.0,0.0,1.1671602649205008,lhs_candidate_000013_june2024_preflight,pa1_candidate_000013
2024-06-20T21:00,26.5,97.0,0.0,0.0,0.0,0.76,100520.0,26.0,0.09,0.0,28.6,0.22,0,0,0,1.0,26.595996844046,96.5824947674927,0.024308882538477936,32.53103434280392,0.22468066005610798,0.0,0.11898736885600725,0.0,0.0013870980682858251,3.4487961929304194e-08,0.4609917287414073,0.0,0.0,1.168265460266445,lhs_candidate_000013_june2024_preflight,pa1_candidate_000013
2024-06-20T22:00,26.5,97.0,0.0,0.0,0.0,1.04,100600.0,26.0,0.1,0.0,28.5,0.224,0,0,0,1.0,26.588292740666994,96.60278064825297,0.02430359205386323,32.366994189737056,0.22467448106009608,0.0,0.1182274610806191,0.0,0.001835962322510505,3.4264870753385455e-08,0.4609535867907165,0.0,0.0,1.169225289343833,lhs_candidate_000013_june2024_preflight,pa1_candidate_000013
2024-06-20T23:00,26.5,97.0,0.0,0.0,0.0,0.95,100580.0,26.1,0.09,0.0,28.4,0.226,0,0,0,1.0,26.58518383751462,96.62154755808568,0.024304118464656573,32.20743765530381,0.22466833060904964,0.0,0.11755283953242612,0.0,0.0016857701681294655,3.406654479291446e-08,0.46091562104351635,0.0,0.0,1.169004963976149,lhs_candidate_000013_june2024_preflight,pa1_candidate_000013
2024-06-21T00:00,27.8,87.0,0.0,0.0,0.0,1.08,100550.0,25.3,0.5,0.0,28.3,0.228,0,0,0,1.0,27.3536963372269,89.81541604709584,0.023573825928739585,32.05899012880192,0.22465696010996383,0.0,0.37071828093997805,0.0,0.002126802150832277,1.0741695236362983e-07,0.4608454327775545,0.0,0.0,1.1656675463389359,lhs_candidate_000013_june2024_preflight,pa1_candidate_000013
2024-06-21T01:00,27.9,84.0,0.0,0.0,0.0,1.1,100440.0,25.0,0.59,0.0,28.1,0.228,0,0,0,1.0,27.86034094191902,84.84552060151339,0.022899508299645755,31.93256298170105,0.22463163945676162,0.0,0.5681871153524103,0.0,0.001902744802033686,1.645784184742923e-07,0.46068913244914583,0.0,0.0,1.162432482485543,lhs_candidate_000013_june2024_preflight,pa1_candidate_000013
2024-06-21T02:00,28.0,84.0,0.0,0.0,0.0,1.14,100400.0,24.9,0.62,0.0,28.0,0.228,0,0,0,1.0,27.998506464006212,84.26999666380274,0.0229174656635928,31.81542595424984,0.2246009756269282,0.0,0.5945314679693356,0.0,0.001945415715449447,1.7213844482947056e-07,0.4604998495489396,0.0,0.0,1.1614364402341462,lhs_candidate_000013_june2024_preflight,pa1_candidate_000013
2024-06-21T03:00,27.5,85.0,0.0,0.0,0.0,1.3,100330.0,24.7,0.55,0.0,27.8,0.228,0,0,0,1.0,27.74112674044951,84.30565164026382,0.022605121305611684,31.700984494738762,0.22456998674662706,0.0,0.5843519888219593,0.0,0.002350814809179474,1.6912083488181964e-07,0.4603085601643646,0.0,0.0,1.1616194640268416,lhs_candidate_000013_june2024_preflight,pa1_candidate_000013
2024-06-21T04:00,27.3,85.0,0.0,0.0,0.0,1.26,100360.0,24.6,0.54,0.0,27.7,0.228,0,0,0,1.0,27.45067113483937,84.68148261356579,0.02234553809549686,31.58231148504769,0.22454030107783485,0.0,0.5607648060245283,0.0,0.0022360845432423913,1.6222971801884386e-07,0.46012531529527684,0.0,0.0,1.1630895548699733,lhs_candidate_000013_june2024_preflight,pa1_candidate_000013
2024-06-21T05:00,27.4,84.0,0.0,0.0,0.0,1.17,100330.0,24.5,0.59,0.0,27.6,0.228,0,0,0,1.0,27.42195704352554,84.27676009711188,0.02220355371047599,31.46327336085086,0.2245109396720633,0.0,0.5746148736845096,0.0,0.002009491923564279,1.6617107340858899e-07,0.4599440720497734,0.0,0.0,1.162852958115649,lhs_candidate_000013_june2024_preflight,pa1_candidate_000013
2024-06-21T06:00,27.4,85.0,9.0,0.0,9.0,0.86,100440.0,24.6,0.56,0.02,27.6,0.227,1,0,0,1.0,27.467950115935125,85.22115957543829,0.0225093815469681,31.349835824269235,0.22446675605022248,1108.6416,0.5415556583393362,7.6499999999999995,0.0015243534252414653,3.223404904768616e-07,0.45967133364334867,0.0,0.0,1.1639497832381334,lhs_candidate_000013_june2024_preflight,pa1_candidate_000013
2024-06-21T07:00,27.7,86.0,64.0,1.0,63.0,1.06,100510.0,25.2,0.52,0.06,28.4,0.227,0,0,0,1.0,27.781927978890938,87.94679703936417,0.023634417179942805,31.2537527737082,0.2336794868001105,7848.4911999999995,0.4498495726665048,54.4,0.001864394382092573,1.471164747805252e-06,0.5165400419759908,0.0,0.0,1.163545723384352,lhs_candidate_000013_june2024_preflight,pa1_candidate_000013
2024-06-21T08:00,28.6,83.0,160.0,19.0,141.0,0.85,100570.0,25.5,0.65,0.13,28.5,0.228,0,0,0,1.0,28.711537731685166,89.29939002348027,0.02525209646793979,31.19947837520645,0.233238205868463,19040.7184,0.421538230060885,136.0,0.0015437141449605079,3.4313786826499587e-06,0.5138160856077963,0.0,0.0,1.1606549257010401,lhs_candidate_000013_june2024_preflight,pa1_candidate_000013
2024-06-21T09:00,29.4,75.0,343.0,91.0,252.0,0.67,100550.0,24.6,1.02,0.26,32.5,0.227,0,1,0,1.0,30.059879427074435,83.98000233443335,0.0255524055699261,31.22045275949978,0.23228289009914546,39049.9648,0.6820770094901718,291.55,0.003109860996578972,7.200827106503688e-06,0.5079190746860831,0.0,0.0,1.155263829256079,lhs_candidate_000013_june2024_preflight,pa1_candidate_000013
2024-06-21T10:00,30.9,66.0,532.0,203.0,329.0,0.57,100520.0,23.8,1.52,0.41,31.9,0.227,0,1,0,1.0,31.91660050842931,72.6532837679531,0.024421453121251584,31.339141482758702,0.230636940718777,58391.0096,1.2941595024055301,452.2,0.0032545107825746418,1.1019153226116258e-05,0.49775889332578394,0.0,0.0,1.147889983309916,lhs_candidate_000013_june2024_preflight,pa1_candidate_000013
2024-06-21T11:00,31.7,64.0,700.0,388.0,312.0,0.42,100480.0,24.2,1.67,0.54,32.6,0.225,0,1,0,1.0,33.576760753031635,68.26617946750017,0.02505434817584541,31.556738623887046,0.22837330602417624,72576.90879999999,1.6486301774691938,595.0,0.0036622869600764375,1.4075384256445324e-05,0.48378583965540894,0.0,0.0,1.1412227141874007,lhs_candidate_000013_june2024_preflight,pa1_candidate_000013
2024-06-21T12:00,32.2,64.0,761.0,462.0,299.0,0.36,100450.0,24.5,1.72,0.59,33.5,0.223,0,1,0,1.0,34.5857181900136,66.16351196581589,0.025600764281287,31.836954658184407,0.22577085839916278,77487.5376,1.8593847886006576,646.85,0.0038939241025027667,1.4813569087882597e-05,0.4677213481429801,0.0,0.0,1.137141431191454,lhs_candidate_000013_june2024_preflight,pa1_candidate_000013
2024-06-21T13:00,32.0,64.0,543.0,271.0,272.0,0.67,100360.0,24.3,1.71,0.43,33.4,0.221,0,1,0,1.0,34.284609973029944,63.75232408208257,0.024282743074177736,32.091925461285996,0.22350247880041796,57353.612799999995,1.9588733248392698,461.55,0.004027012529618461,1.0433891257609449e-05,0.4537190049408516,0.0,0.0,1.1372353321394324,lhs_candidate_000013_june2024_preflight,pa1_candidate_000013
2024-06-21T14:00,28.8,81.0,207.0,9.0,198.0,0.73,100320.0,25.2,0.76,0.17,32.0,0.225,0,1,0,1.0,31.25698424323998,74.02022053158987,0.0240197713039773,32.210950762623504,0.22220296541276338,25182.115199999997,1.1843505649805341,175.95,0.004162176025930595,4.029865761650923e-06,0.44569731736273693,0.0,0.0,1.14808848130444,lhs_candidate_000013_june2024_preflight,pa1_candidate_000013
2024-06-21T15:00,29.0,80.0,268.0,55.0,213.0,0.81,100250.0,25.3,0.78,0.21,31.5,0.225,0,1,0,1.0,30.01836029312729,80.3017059846273,0.024378456705031436,32.22022454384746,0.22139657222711082,31077.851199999997,0.8366920310395947,227.79999999999998,0.0035017984030195036,4.966093513668133e-06,0.44071958164883224,0.0,0.0,1.1519747375547338,lhs_candidate_000013_june2024_preflight,pa1_candidate_000013
2024-06-21T16:00,29.4,77.0,283.0,81.0,202.0,0.71,100260.0,24.9,0.95,0.22,31.4,0.226,0,1,0,1.0,30.31326320272429,78.41451822230718,0.02418759240373201,32.23784603058807,0.22048284511044258,32010.8448,0.9324718678847321,240.54999999999998,0.0033269826204065846,5.1903241079385315e-06,0.43507929080520114,0.0,0.0,1.1509700572442343,lhs_candidate_000013_june2024_preflight,pa1_candidate_000013
2024-06-21T17:00,28.9,80.0,203.0,90.0,113.0,0.61,100200.0,25.2,0.78,0.15,30.9,0.225,0,0,0,1.0,29.987164842759427,79.44830805888662,0.024078737530042908,32.245981861906266,0.2196788901096759,21839.6112,0.8713798864775351,172.54999999999998,0.001952192827546243,3.735391453287296e-06,0.4301166056152833,0.0,0.0,1.1515186756553022,lhs_candidate_000013_june2024_preflight,pa1_candidate_000013
2024-06-21T18:00,28.8,81.0,56.0,18.0,38.0,0.92,100310.0,25.2,0.76,0.05,30.3,0.225,1,0,0,1.0,29.353469537184456,81.15605457722108,0.023765903349882763,32.20287203879812,0.21924046536781236,6264.9312,0.7703840885054554,47.6,0.001963257448665019,1.1663977208641421e-06,0.42741028004822446,0.0,0.0,1.1551977094231087,lhs_candidate_000013_june2024_preflight,pa1_candidate_000013
2024-06-21T19:00,28.6,82.0,0.0,0.0,0.0,0.99,100350.0,25.3,0.7,0.02,29.8,0.225,0,0,0,1.0,28.83344044093413,81.65812161786874,0.02324543530584344,32.11307490375214,0.22847957495480725,0.0,0.7276741399839985,0.0,0.001854583410251707,2.216420227867841e-07,0.48444182070868674,0.0,0.0,1.157648456276283,lhs_candidate_000013_june2024_preflight,pa1_candidate_000013
2024-06-21T20:00,28.5,83.0,0.0,0.0,0.0,0.72,100440.0,25.4,0.65,0.0,29.5,0.224,0,0,0,1.0,28.60055561725947,82.96247444642417,0.023318346572703777,32.007818820549446,0.22844135996735038,0.0,0.6668718109359659,0.0,0.0013272861308521618,2.0302335300427536e-07,0.4842059257243851,0.0,0.0,1.1595809563935098,lhs_candidate_000013_june2024_preflight,pa1_candidate_000013
2024-06-21T21:00,28.4,85.0,0.0,0.0,0.0,0.99,100490.0,25.6,0.59,0.0,29.2,0.224,0,0,0,1.0,28.487159364545782,84.74618387875582,0.023672476569591372,31.902111258019964,0.22840676416217934,0.0,0.5931418928113863,0.0,0.0017524835865066317,1.8049727564160398e-07,0.48399237137147744,0.0,0.0,1.1605943521493711,lhs_candidate_000013_june2024_preflight,pa1_candidate_000013
2024-06-21T22:00,27.9,90.0,0.0,0.0,0.0,0.92,100510.0,26.0,0.39,0.0,28.9,0.224,0,0,0,1.0,28.150358235073284,88.67909096763988,0.024318324869886426,31.79495774332387,0.22837831148551496,0.0,0.4316831304824529,0.0,0.001759137251527901,1.3131656144995807e-07,0.4838167375649072,0.0,0.0,1.1621229389858954,lhs_candidate_000013_june2024_preflight,pa1_candidate_000013
2024-06-21T23:00,28.1,88.0,0.0,0.0,0.0,1.06,100510.0,25.8,0.47,0.0,28.4,0.223,0,0,0,1.0,28.089172246389175,88.47389513838195,0.02418076020997042,31.684773957838747,0.22835539392333395,0.0,0.4379459553588392,0.0,0.0018155402380326854,1.331827381992903e-07,0.4836752711316911,0.0,0.0,1.1623589827927616,lhs_candidate_000013_june2024_preflight,pa1_candidate_000013
2024-06-22T00:00,28.0,88.0,0.0,0.0,0.0,0.94,100460.0,25.8,0.47,0.0,28.1,0.223,0,0,0,1.0,28.079051799740892,87.99472633974243,0.024036447628640142,31.578219617261443,0.2283306925794595,0.0,0.4558839080637793,0.0,0.0016644147371259249,1.385941025541379e-07,0.4835227937003674,0.0,0.0,1.161819784833949,lhs_candidate_000013_june2024_preflight,pa1_candidate_000013
2024-06-22T01:00,28.3,86.0,0.0,0.0,0.0,1.04,100400.0,25.6,0.55,0.0,27.9,0.223,0,0,0,1.0,28.225004830044963,86.74610484311526,0.023885798024637073,31.475261371821453,0.22830465344103948,0.0,0.5075890438329957,0.0,0.0018264642679745888,1.5426177801976236e-07,0.4833620582780215,0.0,0.0,1.1605635627500985,lhs_candidate_000013_june2024_preflight,pa1_candidate_000013
2024-06-22T02:00,27.4,92.0,0.0,0.0,0.0,0.8,100350.0,26.1,0.28,0.0,27.6,0.223,0,0,0,1.0,27.7930750571207,90.06691881219962,0.02421901179580408,31.374272627980453,0.22827957731103654,0.0,0.3709634806609938,0.0,0.0016898639937680709,1.1270369410801404e-07,0.4832072673520774,0.0,0.0,1.161650466890105,lhs_candidate_000013_june2024_preflight,pa1_candidate_000013
2024-06-22T03:00,27.2,93.0,0.0,0.0,0.0,0.91,100310.0,26.0,0.25,0.0,27.5,0.223,0,0,0,1.0,27.3709655865735,92.32974176904028,0.02425686365037488,31.263925474380954,0.22826238945040342,0.0,0.27947920063490095,0.0,0.0016858151976249201,8.489089596117869e-08,0.4831011694469347,0.0,0.0,1.162818422401313,lhs_candidate_000013_june2024_preflight,pa1_candidate_000013
2024-06-22T04:00,27.2,93.0,0.0,0.0,0.0,1.04,100270.0,25.9,0.26,0.0,27.3,0.223,0,0,0,1.0,27.267291603594025,92.82421348451415,0.024247614862156184,31.151270673065092,0.22824783419459482,0.0,0.2598806167092782,0.0,0.0018212814497297572,7.892320910869093e-08,0.48301132218885695,0.0,0.0,1.162755860995087,lhs_candidate_000013_june2024_preflight,pa1_candidate_000013
2024-06-22T05:00,26.8,93.0,0.0,0.0,0.0,0.95,100270.0,25.7,0.23,0.0,27.1,0.222,0,0,0,1.0,27.01729907553951,92.36878580120347,0.023797528575196812,31.03876086082996,0.2282332108223871,0.0,0.27235499759861215,0.0,0.001782236784488293,8.269609936627203e-08,0.4829210544591796,0.0,0.0,1.1637242552142295,lhs_candidate_000013_june2024_preflight,pa1_candidate_000013
2024-06-22T06:00,27.1,92.0,18.0,5.0,13.0,1.14,100290.0,25.8,0.27,0.01,27.2,0.222,1,0,0,1.0,27.093829763297787,92.72398231281323,0.023990377363426133,30.928870559571354,0.22818752014753635,2041.3711999999998,0.2608462193269019,15.299999999999999,0.0019484620035937997,4.2737133822694133e-07,0.48263901325639724,0.0,0.0,1.163659686543982,lhs_candidate_000013_june2024_preflight,pa1_candidate_000013
2024-06-22T07:00,28.7,85.0,145.0,71.0,74.0,0.81,100450.0,26.0,0.57,0.1,29.1,0.222,0,0,0,1.0,28.43318922493406,92.12334692065393,0.02565729904042345,30.86108489278842,0.23723144512090247,15363.497599999997,0.3053245887278,123.25,0.0016068118358041025,3.2329044905203594e-06,0.5384657106228548,0.0,0.0,1.1603399908020804,lhs_candidate_000013_june2024_preflight,pa1_candidate_000013
2024-06-22T08:00,29.9,75.0,345.0,226.0,119.0,0.42,100450.0,25.0,1.05,0.25,30.2,0.221,0,0,0,1.0,30.33063922474398,91.76344642448946,0.028331711539901692,30.889607749145856,0.23626636800254794,34546.705599999994,0.35616506458492303,293.25,0.0012620501435397355,7.483002878104027e-06,0.5325084444601724,0.0,0.0,1.1530852047275844,lhs_candidate_000013_june2024_preflight,pa1_candidate_000013
2024-06-22T09:00,30.7,70.0,478.0,328.0,150.0,0.73,100490.0,24.5,1.34,0.36,31.3,0.22,0,1,0,1.0,31.81645008760004,74.98572953815243,0.025071319392146022,31.012802213712977,0.23464590080820324,47341.36,1.1770913805733887,406.3,0.0034710999724046586,1.0397586929559295e-05,0.5225055605444645,0.0,0.0,1.1479242502128133,lhs_candidate_000013_june2024_preflight,pa1_candidate_000013
2024-06-22T10:00,30.8,68.0,440.0,183.0,257.0,0.22,100450.0,24.1,1.44,0.34,31.5,0.218,0,1,0,1.0,32.30332765412858,71.11649948361452,0.024401670719048918,31.171620075005517,0.23285718883278347,47761.8768,1.3970616881541713,374.0,0.0033599885031581735,9.469579233054137e-06,0.5114641285974288,0.0,0.0,1.1456383130569971,lhs_candidate_000013_june2024_preflight,pa1_candidate_000013
2024-06-22T11:00,31.1,65.0,574.0,306.0,268.0,0.5,100430.0,23.9,1.56,0.44,32.1,0.217,0,1,0,1.0,32.824412106325376,68.72479059809217,0.024241372531722337,31.350637498881905,0.23092453119386794,59940.8832,1.55776097962341,487.9,0.00362832911834385,1.198219069128545e-05,0.4995341431720243,0.0,0.0,1.1434595407179622,lhs_candidate_000013_june2024_preflight,pa1_candidate_000013
2024-06-22T12:00,31.4,64.0,624.0,267.0,357.0,1.06,100400.0,23.9,1.63,0.48,32.8,0.215,0,1,0,1.0,33.38170785268436,65.88232263674738,0.023932492694937482,31.569308812394777,0.22870292856474655,67472.11679999999,1.753257081442173,530.4,0.004250258580431881,1.2686604604944857e-05,0.4858205466959664,0.0,0.0,1.1410397044389227,lhs_candidate_000013_june2024_preflight,pa1_candidate_000013
2024-06-22T13:00,31.0,65.0,455.0,225.0,230.0,0.89,100370.0,23.7,1.57,0.36,32.7,0.213,0,1,0,1.0,32.96078424116841,65.03736730327279,0.02310669956127911,31.764806515864038,0.22673884890629944,48131.952,1.7548072815576683,386.75,0.004068025745531407,9.161678771166326e-06,0.47369659818703364,0.0,0.0,1.142267296420188,lhs_candidate_000013_june2024_preflight,pa1_candidate_000013
2024-06-22T14:00,30.3,68.0,356.0,161.0,195.0,1.1,100280.0,23.7,1.38,0.29,32.4,0.213,0,1,0,1.0,32.00013680538727,67.18158581423019,0.02268288760979341,31.891975258491666,0.2252779741931649,38188.568,1.5604539465454166,302.59999999999997,0.00417439589077477,7.086566253158003e-06,0.46467885304422774,0.0,0.0,1.144835808858038,lhs_candidate_000013_june2024_preflight,pa1_candidate_000013
2024-06-22T15:00,30.3,68.0,389.0,151.0,238.0,1.3,100260.0,23.7,1.38,0.31,32.3,0.212,0,1,0,1.0,31.69434938386035,68.39595591434738,0.022719612397008312,31.988254708685407,0.2239619782864329,42605.411199999995,1.4769405276935097,330.65,0.004286576144621806,7.542601767355337e-06,0.45655542152119083,0.0,0.0,1.1457556294742126,lhs_candidate_000013_june2024_preflight,pa1_candidate_000013
2024-06-22T16:00,29.7,71.0,298.0,169.0,129.0,1.2,100260.0,23.8,1.22,0.23,31.8,0.213,0,1,0,1.0,31.13558484494944,70.01071487920576,0.02257142866925962,32.0653963435334,0.2227662157634117,30762.529599999998,1.3577309994990823,253.29999999999998,0.004177932755785987,5.748629863418379e-06,0.44917417137908466,0.0,0.0,1.14785959906033,lhs_candidate_000013_june2024_preflight,pa1_candidate_000013
2024-06-22T17:00,28.9,77.0,100.0,28.0,72.0,0.76,100220.0,24.4,0.93,0.09,30.9,0.216,0,0,0,1.0,29.90996636631763,75.49321388084994,0.02278472659230674,32.07075431853105,0.22206302293186472,11333.1328,1.0344810600271201,85.0,0.0020532425566891143,2.072329407416958e-06,0.44483347488805386,0.0,0.0,1.1520419046453627,lhs_candidate_000013_june2024_preflight,pa1_candidate_000013
2024-06-22T18:00,28.5,79.0,19.0,2.0,17.0,1.0,100360.0,24.6,0.8,0.04,30.0,0.22,1,0,0,1.0,28.953049660553308,78.38360356936319,0.02245928129078767,32.00233571699983,0.22182607399497228,2270.1007999999997,0.8635365814518354,16.15,0.0020125093901467573,5.783810837202033e-07,0.4433708271294586,0.0,0.0,1.157305433284037,lhs_candidate_000013_june2024_preflight,pa1_candidate_000013
2024-06-22T19:00,28.2,81.0,0.0,0.0,0.0,1.08,100470.0,24.6,0.73,0.02,29.4,0.226,0,0,0,1.0,28.421313340143353,80.46648288467767,0.022396182980414292,31.902586591258068,0.23112381426475917,0.0,0.7566606829614346,0.0,0.00198788420208571,2.3823636369540988e-07,0.5007642855849331,0.0,0.0,1.1606167224842132,lhs_candidate_000013_june2024_preflight,pa1_candidate_000013
2024-06-22T20:00,28.1,82.0,0.0,0.0,0.0,1.36,100510.0,24.6,0.7,0.0,28.9,0.232,0,0,0,1.0,28.198544170673717,81.84034971329777,0.02250232196285886,31.794153381597493,0.23108290658595967,0.0,0.6943974887912656,0.0,0.0023727094446045556,2.1852240500297278e-07,0.5005117690491339,0.0,0.0,1.161937114357965,lhs_candidate_000013_june2024_preflight,pa1_candidate_000013
2024-06-22T21:00,26.1,97.0,0.0,0.0,0.0,0.89,100560.0,25.6,0.1,0.0,28.5,0.241,0,0,0,1.0,26.95628280990535,92.16094141298608,0.02366393881835988,31.675579702432266,0.23105388988822073,0.0,0.2787730808294553,0.0,0.0021154645095567922,8.76966933271525e-08,0.5003326536309922,0.0,0.0,1.1673272556359175,lhs_candidate_000013_june2024_preflight,pa1_candidate_000013
2024-06-22T22:00,26.2,97.0,0.0,0.0,0.0,0.94,100550.0,25.7,0.1,0.0,28.3,0.25,0,0,0,1.0,26.320678466169543,96.3650010390462,0.023885885652093083,31.533645306740837,0.23104420616553265,0.0,0.12452378742568548,0.0,0.0016962313374257261,3.9168128017480766e-08,0.5002728775650164,0.0,0.0,1.1696884922734332,lhs_candidate_000013_june2024_preflight,pa1_candidate_000013
2024-06-22T23:00,26.2,97.0,0.0,0.0,0.0,0.94,100540.0,25.7,0.1,0.0,28.1,0.256,0,0,0,1.0,26.281573710847393,96.64809697315698,0.023903990325036553,31.390885523383755,0.23103755899525155,0.0,0.11456127571043906,0.0,0.0016666981359960485,3.6031530791891834e-08,0.5002318456497009,0.0,0.0,1.1697249054204204,lhs_candidate_000013_june2024_preflight,pa1_candidate_000013
2024-06-23T00:00,26.1,97.0,0.0,0.0,0.0,0.91,100510.0,25.6,0.09,0.0,27.9,0.258,0,0,0,1.0,26.216343464907464,96.55068039066906,0.02379334913762667,31.25123381594583,0.23103098187773724,0.0,0.11743792099433437,0.0,0.0016446358368766925,3.693328839568715e-08,0.5001912461588719,0.0,0.0,1.1696306731644726,lhs_candidate_000013_june2024_preflight,pa1_candidate_000013
2024-06-23T01:00,26.0,97.0,0.0,0.0,0.0,0.71,100470.0,25.6,0.09,0.0,27.8,0.26,0,0,0,1.0,26.120274386425027,96.56289787909894,0.023669370695199067,31.113560484422273,0.23102435402173557,0.0,0.11636011552775383,0.0,0.001331283643799204,3.659133398291227e-08,0.5001503334675036,0.0,0.0,1.1695405098341212,lhs_candidate_000013_june2024_preflight,pa1_candidate_000013
2024-06-23T02:00,27.3,89.0,0.0,0.0,0.0,0.54,100450.0,25.4,0.38,0.0,27.8,0.26,0,0,0,1.0,26.843920666473743,91.77240564127442,0.02341800292553859,30.984687549446818,0.23101402177276267,0.0,0.29066635921465256,0.0,0.001415973849571175,9.13931160191976e-08,0.5000865541528561,0.0,0.0,1.1664870882512852,lhs_candidate_000013_june2024_preflight,pa1_candidate_000013
2024-06-23T03:00,27.4,89.0,0.0,0.0,0.0,0.54,100410.0,25.4,0.41,0.0,27.7,0.259,0,0,0,1.0,27.350980243224853,89.54626826437278,0.023499660319393278,30.876891703755728,0.23099404286970188,0.0,0.3804547776845766,0.0,0.0009861268443995246,1.1959544562509703e-07,0.49996322759075235,0.0,0.0,1.1640550595962962,lhs_candidate_000013_june2024_preflight,pa1_candidate_000013
2024-06-23T04:00,27.4,89.0,0.0,0.0,0.0,0.85,100440.0,25.4,0.4,0.0,27.7,0.259,0,0,0,1.0,27.433852286247586,89.17591702631533,0.023509703577353703,30.777445210675573,0.23097202721786997,0.0,0.39584761578915995,0.0,0.001479060611733986,1.244003400322796e-07,0.4998273285053702,0.0,0.0,1.1640818201428833,lhs_candidate_000013_june2024_preflight,pa1_candidate_000013
2024-06-23T05:00,27.3,90.0,0.0,0.0,0.0,0.85,100440.0,25.4,0.37,0.0,27.5,0.258,0,0,0,1.0,27.382523479159552,89.80066440013222,0.023607473874720765,30.68099105807928,0.2309501504720361,0.0,0.37188189330589694,0.0,0.001520146901713053,1.168372200865342e-07,0.49969228686442035,0.0,0.0,1.164280636998008,lhs_candidate_000013_june2024_preflight,pa1_candidate_000013
2024-06-23T06:00,27.2,91.0,13.0,2.0,11.0,0.72,100540.0,25.5,0.33,0.01,27.6,0.263,1,0,0,1.0,27.31865680795976,91.1834766938251,0.02388666263277185,30.58791997929669,0.23090709029371406,1531.0064,0.320263591331889,11.049999999999999,0.0013448431975087351,3.6080310808846153e-07,0.49942648329453126,0.0,0.0,1.165687539458292,lhs_candidate_000013_june2024_preflight,pa1_candidate_000013
2024-06-23T07:00,28.2,87.0,133.0,65.0,68.0,0.82,100620.0,25.7,0.51,0.09,29.1,0.263,0,0,0,1.0,28.148598092282935,93.55443799699103,0.02565280711838306,30.52651249056299,0.23997461047600188,14096.403199999999,0.24575372440358034,113.05,0.00144429131893957,3.0466265963014727e-06,0.5553988300987771,0.0,0.0,1.1634015841738021,lhs_candidate_000013_june2024_preflight,pa1_candidate_000013
2024-06-23T08:00,28.6,84.0,198.0,66.0,132.0,1.14,100620.0,25.7,0.62,0.15,28.9,0.264,0,0,0,1.0,29.028003189737497,89.31543944088375,0.02569630731268406,30.520617436077277,0.23929353618739657,22068.0768,0.4286821453998644,168.29999999999998,0.0022041923673573973,4.523018816738518e-06,0.5511946678234356,0.0,0.0,1.1600158271937788,lhs_candidate_000013_june2024_preflight,pa1_candidate_000013
2024-06-23T09:00,28.7,84.0,289.0,103.0,186.0,0.5,100640.0,25.7,0.63,0.22,29.3,0.271,0,0,0,1.0,29.568297566588967,91.87983085328436,0.02722189338135964,30.556629677238284,0.2383056510350786,31975.9264,0.33610393357667867,245.65,0.0017057396427940037,6.429489195330368e-06,0.5450966113276456,0.0,0.0,1.1581755824507463,lhs_candidate_000013_june2024_preflight,pa1_candidate_000013
2024-06-23T10:00,29.0,82.0,398.0,166.0,232.0,0.41,100650.0,25.6,0.72,0.3,29.9,0.276,0,1,0,1.0,30.154987971514956,86.07881050679703,0.0263259000085711,30.637689873824524,0.2369425366102011,43186.3168,0.5959565170786929,338.3,0.0032290588121599312,8.762680272738744e-06,0.5366823247543278,0.0,0.0,1.1560501529635245,lhs_candidate_000013_june2024_preflight,pa1_candidate_000013
2024-06-23T11:00,29.0,82.0,306.0,97.0,209.0,0.28,100590.0,25.6,0.72,0.24,30.0,0.279,0,1,0,1.0,30.191845754993857,83.88110442003317,0.025704862253502846,30.72773458136905,0.23555059806479114,34281.12159999999,0.6914972434732465,260.09999999999997,0.00318258724601323,6.706738625512204e-06,0.5280901115110564,0.0,0.0,1.155220619326559,lhs_candidate_000013_june2024_preflight,pa1_candidate_000013
2024-06-23T12:00,29.3,77.0,252.0,23.0,229.0,0.81,100580.0,24.9,0.92,0.2,29.9,0.281,0,1,0,1.0,30.167237093853924,79.21529952089368,0.02424282688787651,30.788737405024897,0.23444826909346594,30232.7696,0.8904032956697749,214.2,0.00340979770775104,5.557217544736349e-06,0.5212856116880614,0.0,0.0,1.155199490611007,lhs_candidate_000013_june2024_preflight,pa1_candidate_000013
2024-06-23T13:00,29.2,79.0,341.0,57.0,284.0,1.33,100520.0,25.2,0.85,0.27,32.2,0.284,0,1,0,1.0,30.315065774345705,79.89296137976686,0.024646025850044138,30.855767313534432,0.23328887169825296,39999.8016,0.8686941582382253,289.84999999999997,0.004207003334120106,7.307973554639903e-06,0.5141288376435368,0.0,0.0,1.1539479645621784,lhs_candidate_000013_june2024_preflight,pa1_candidate_000013
2024-06-23T14:00,29.2,75.0,331.0,97.0,234.0,1.12,100480.0,24.2,1.02,0.26,31.3,0.283,0,1,0,1.0,30.37105923905385,76.38581142049799,0.023635357917839616,30.93704686248513,0.23199774578182342,37360.681599999996,1.0234886918304071,281.34999999999997,0.003954973043301534,7.0410687502590385e-06,0.5061589245791569,0.0,0.0,1.1532759779438868,lhs_candidate_000013_june2024_preflight,pa1_candidate_000013
2024-06-23T15:00,28.4,78.0,229.0,46.0,183.0,0.71,100480.0,24.1,0.87,0.18,30.3,0.304,0,0,0,1.0,29.700070780750817,80.19431401834451,0.02393008305968276,30.99124956144273,0.23092653640118077,26590.379199999996,0.8260187453522168,194.65,0.00217543432861829,4.844713912764779e-06,0.49954652099494307,0.0,0.0,1.155831152748514,lhs_candidate_000013_june2024_preflight,pa1_candidate_000013
2024-06-23T16:00,27.9,86.0,167.0,32.0,135.0,0.41,100500.0,25.4,0.52,0.13,29.7,0.307,0,0,0,1.0,28.895776814837326,87.80565785380401,0.025080560888157324,30.997673575341164,0.23017920837932662,19445.624,0.48553170335919926,141.95,0.0017312529769271153,3.464056498714248e-06,0.4949333850575718,0.0,0.0,1.1591395992531568,lhs_candidate_000013_june2024_preflight,pa1_candidate_000013
2024-06-23T17:00,27.8,87.0,89.0,18.0,71.0,0.32,100400.0,25.3,0.5,0.07,29.2,0.307,0,0,0,1.0,28.374416596461675,89.80264028861014,0.02493063261796923,30.96518845463368,0.22970003920101487,10329.9504,0.3939364109615,75.64999999999999,0.0013218420454079091,1.8768958934205508e-06,0.4919755506235486,0.0,0.0,1.1599884788019836,lhs_candidate_000013_june2024_preflight,pa1_candidate_000013
2024-06-23T18:00,27.7,87.0,46.0,18.0,28.0,0.54,100480.0,25.4,0.48,0.04,28.8,0.309,1,0,0,1.0,28.045627326836634,88.85833881877926,0.024227868497278735,30.903874712958096,0.22943847155413277,5033.1071999999995,0.4222671850752193,39.1,0.0013120107700845156,1.0343125332563567e-06,0.4903609355193381,0.0,0.0,1.1621800406837954,lhs_candidate_000013_june2024_preflight,pa1_candidate_000013
2024-06-23T19:00,27.6,89.0,1.0,0.0,1.0,0.22,100600.0,25.7,0.39,0.0,28.4,0.307,0,0,0,1.0,27.76805009037129,89.4746141451964,0.024026649017149973,30.82273863957225,0.23869829568751155,123.18239999999999,0.39251055529410683,0.85,0.0007521194464540138,1.5706764106319542e-07,0.5475203437500713,0.0,0.0,1.164641309990819,lhs_candidate_000013_june2024_preflight,pa1_candidate_000013
2024-06-23T20:00,27.4,86.0,0.0,0.0,0.0,0.61,100670.0,24.8,0.51,0.0,28.1,0.308,0,0,0,1.0,27.536974467510447,86.89912207444347,0.023040070339629622,30.730370895814563,0.23866983537214767,0.0,0.4820089831307013,0.0,0.0011954532488247455,1.6587829235913495e-07,0.547344662791035,0.0,0.0,1.1663473372363815,lhs_candidate_000013_june2024_preflight,pa1_candidate_000013
2024-06-23T21:00,27.5,85.0,0.0,0.0,0.0,0.98,100680.0,24.8,0.55,0.0,27.9,0.312,0,0,0,1.0,27.50777412367122,85.49201119250822,0.022630547638824557,30.637131209744094,0.23863811281741823,0.0,0.5328695266021666,0.0,0.0016774151467194064,1.8331580373529403e-07,0.5471488445519644,0.0,0.0,1.1665764844116757,lhs_candidate_000013_june2024_preflight,pa1_candidate_000013
2024-06-23T22:00,26.1,97.0,0.0,0.0,0.0,1.08,100680.0,25.6,0.1,0.0,27.7,0.313,0,0,0,1.0,26.700067743080712,93.44634374511986,0.023655755055879465,30.53979212230654,0.23861283411458437,0.0,0.229579981361701,0.0,0.002217181075519408,7.895673199792686e-08,0.5469928031764467,0.0,0.0,1.1697188924724717,lhs_candidate_000013_june2024_preflight,pa1_candidate_000013
2024-06-23T23:00,27.3,88.0,0.0,0.0,0.0,1.0,100690.0,25.1,0.45,0.0,27.6,0.311,0,0,0,1.0,26.929445494600802,90.45638805937958,0.023191782673858245,30.43283134003145,0.23859802679851175,0.0,0.3388563404189022,0.0,0.001961819384388431,1.1651938599010811e-07,0.5469013999908132,0.0,0.0,1.1689408639983998,lhs_candidate_000013_june2024_preflight,pa1_candidate_000013
2024-06-24T00:00,27.3,88.0,0.0,0.0,0.0,0.94,100670.0,25.1,0.43,0.0,27.5,0.309,0,0,0,1.0,27.294080378257867,88.36379011141472,0.023116626582979218,30.340652755760626,0.2385733901369489,0.0,0.42208218821459953,0.0,0.0016079827824639027,1.4509712740960457e-07,0.5467493218330178,0.0,0.0,1.1672902710225075,lhs_candidate_000013_june2024_preflight,pa1_candidate_000013
2024-06-24T01:00,27.1,89.0,0.0,0.0,0.0,0.78,100630.0,25.1,0.4,0.0,27.4,0.307,0,0,0,1.0,27.213458219384503,88.80766855270564,0.023129536214872737,30.253233735742995,0.2385475881725588,0.0,0.40406926700759627,0.0,0.0014343548383709864,1.3886444983237118e-07,0.5465900504478939,0.0,0.0,1.1671396565498415,lhs_candidate_000013_june2024_preflight,pa1_candidate_000013
2024-06-24T02:00,27.0,89.0,0.0,0.0,0.0,0.81,100600.0,25.0,0.39,0.0,27.3,0.312,0,0,0,1.0,27.087361481395753,89.02117769465487,0.023024118091033184,30.165393778390936,0.23852305239697597,0.0,0.39344303797209035,0.0,0.0014594988447590156,1.35175120974742e-07,0.5464385950430616,0.0,0.0,1.1672817477742499,lhs_candidate_000013_june2024_preflight,pa1_candidate_000013
2024-06-24T03:00,27.0,89.0,0.0,0.0,0.0,0.85,100560.0,25.0,0.41,0.0,27.3,0.31,0,0,0,1.0,27.043786923057592,89.1351792951929,0.02299811105844439,30.078056204838298,0.2384989086615726,0.0,0.3883640246841411,0.0,0.0014875851746275288,1.333937340472264e-07,0.5462895596393371,0.0,0.0,1.1669869889791362,lhs_candidate_000013_june2024_preflight,pa1_candidate_000013
2024-06-24T04:00,27.0,89.0,0.0,0.0,0.0,0.98,100570.0,24.9,0.41,0.0,27.2,0.308,0,0,0,1.0,27.03776941136075,89.12487789588933,0.022987799786274198,29.99275636322284,0.23847490569209678,0.0,0.3885950812148664,0.0,0.001699933231588611,1.3343689540865888e-07,0.5461413931610912,0.0,0.0,1.1671264333486577,lhs_candidate_000013_june2024_preflight,pa1_candidate_000013
2024-06-24T05:00,26.9,89.0,0.0,0.0,0.0,0.92,100600.0,25.0,0.39,0.0,27.1,0.307,0,0,0,1.0,26.976725382166034,89.01991267656469,0.022883302346879117,29.909257513992728,0.23845078597369088,0.0,0.3909432364636656,0.0,0.00162999634803133,1.342066147907371e-07,0.5459925060104375,0.0,0.0,1.16771204434018,lhs_candidate_000013_june2024_preflight,pa1_candidate_000013
2024-06-24T06:00,27.0,89.0,12.0,1.0,11.0,0.72,100620.0,25.0,0.39,0.01,27.1,0.305,1,0,0,1.0,27.026492656781503,89.76835657451043,0.023139330990131126,29.82951670280372,0.23840374609166204,1443.0064,0.3653602574823407,10.2,0.0012551112826657892,3.878341699527005e-07,0.5457021363682842,0.0,0.0,1.1677505564391457,lhs_candidate_000013_june2024_preflight,pa1_candidate_000013
2024-06-24T07:00,27.4,89.0,119.0,31.0,88.0,0.91,100700.0,25.4,0.4,0.08,27.9,0.303,0,0,0,1.0,27.535499286540166,94.02573152862072,0.02492756339948966,29.77789821066011,0.2474768747305354,13568.0512,0.21978701635408093,101.14999999999999,0.0016589148207833326,2.9531854799237185e-06,0.6017091032749099,0.0,0.0,1.1667006365568038,lhs_candidate_000013_june2024_preflight,pa1_candidate_000013
2024-06-24T08:00,28.1,85.0,193.0,40.0,153.0,0.91,100750.0,25.4,0.56,0.15,28.1,0.301,0,0,0,1.0,28.386732560879857,92.95052586342474,0.025821938940948183,29.774315189694043,0.24678627818502327,22366.907199999998,0.2725245618841847,164.04999999999998,0.001769916462307004,4.724156992133749e-06,0.5974461616359461,0.0,0.0,1.1639847196131587,lhs_candidate_000013_june2024_preflight,pa1_candidate_000013
2024-06-24T09:00,28.7,84.0,245.0,30.0,215.0,0.85,100780.0,25.6,0.64,0.19,28.9,0.299,0,0,0,1.0,29.2208751923037,92.16316369134461,0.02679541855810582,29.811679730088603,0.24582676319750724,29124.215999999997,0.3179476422677361,208.25,0.0018473013028809998,5.9271193660562164e-06,0.5915232296142422,0.0,0.0,1.1611193051871096,lhs_candidate_000013_june2024_preflight,pa1_candidate_000013
2024-06-24T10:00,29.0,81.0,262.0,37.0,225.0,0.63,100780.0,25.4,0.75,0.21,29.3,0.297,0,0,0,1.0,29.75275560609845,89.80029100420037,0.026873108551771357,29.875403648053382,0.24472626682680554,30972.04,0.42668057656662617,222.7,0.0017451021592246737,6.2974616481892814e-06,0.584730042140775,0.0,0.0,1.1590804441827842,lhs_candidate_000013_june2024_preflight,pa1_candidate_000013
2024-06-24T11:00,30.3,72.0,529.0,126.0,403.0,0.36,100690.0,24.7,1.19,0.4,30.7,0.293,0,1,0,1.0,31.23510538966779,81.05663683162088,0.026272314197280117,30.004935925890198,0.24303175448590875,60730.5072,0.8625056265565534,449.65,0.003036415580022438,1.248801121074889e-05,0.5742700894191898,0.0,0.0,1.1524056863280614,lhs_candidate_000013_june2024_preflight,pa1_candidate_000013
2024-06-24T12:00,31.3,67.0,736.0,433.0,303.0,0.51,100630.0,24.5,1.5,0.56,31.9,0.289,0,1,0,1.0,33.05142807419534,74.01255450649359,0.02642164094263656,30.25145367018155,0.2403790024912238,75428.2672,1.310982520243745,625.6,0.0036490708833848496,1.6918122853865488e-05,0.5578950771063197,0.0,0.0,1.1448872256119909,lhs_candidate_000013_june2024_preflight,pa1_candidate_000013
2024-06-24T13:00,31.9,65.0,689.0,411.0,278.0,0.45,100580.0,24.4,1.66,0.53,32.5,0.285,0,1,0,1.0,33.98791109724816,69.15273374998341,0.025933618777074226,30.55027216928743,0.23746426642943372,70412.7072,1.6397422338579086,585.65,0.0037891129201632033,1.5467003468408692e-05,0.5399028791940353,0.0,0.0,1.1408292663467865,lhs_candidate_000013_june2024_preflight,pa1_candidate_000013
2024-06-24T14:00,31.5,67.0,385.0,152.0,233.0,0.42,100480.0,24.5,1.54,0.31,32.3,0.285,0,1,0,1.0,33.32572887319419,67.66680682872074,0.024508342050501748,30.78505422513975,0.235296627719854,42077.4992,1.656359637590263,327.25,0.0036351009399657056,8.673482198550354e-06,0.526522393332432,0.0,0.0,1.1421574808141381,lhs_candidate_000013_june2024_preflight,pa1_candidate_000013
2024-06-24T15:00,30.7,73.0,481.0,224.0,257.0,0.85,100440.0,25.3,1.19,0.37,32.0,0.309,0,1,0,1.0,32.57842415189998,73.30714392949031,0.02552312066409152,30.958206541295382,0.23358137121148334,51369.8768,1.3112637098220223,408.84999999999997,0.003992046798105276,1.0372387966464664e-05,0.5159343901943416,0.0,0.0,1.1444935119970596,lhs_candidate_000013_june2024_preflight,pa1_candidate_000013
2024-06-24T16:00,30.2,76.0,322.0,144.0,178.0,0.5,100450.0,25.4,1.05,0.24,31.2,0.31,0,1,0,1.0,31.74977280196027,75.87954190256468,0.025280125796013672,31.099925221222062,0.23202998318172183,34598.4672,1.130755966990741,273.7,0.0035323519465933553,6.8953231798515444e-06,0.5063579208748261,0.0,0.0,1.1477182544134459,lhs_candidate_000013_june2024_preflight,pa1_candidate_000013
2024-06-24T17:00,28.9,85.0,112.0,34.0,78.0,0.22,100470.0,26.2,0.59,0.09,30.4,0.332,0,1,0,1.0,30.13725170963341,82.12889480353212,0.025093833694588355,31.14845969818665,0.23118652504783987,12600.2272,0.7642726337601591,95.2,0.003190142900712502,2.4906023074208487e-06,0.5011513891841968,0.0,0.0,1.1540501861225425,lhs_candidate_000013_june2024_preflight,pa1_candidate_000013
2024-06-24T18:00,28.5,89.0,46.0,9.0,37.0,0.2,100470.0,26.5,0.44,0.03,29.6,0.336,1,0,0,1.0,29.048982104625438,89.4595702062242,0.02576719852133078,31.115240447349333,0.2308703371595188,5349.748799999999,0.4234122498634214,39.1,0.0012241163880762425,1.0533152492340738e-06,0.49919961209579505,0.0,0.0,1.1582061158727497,lhs_candidate_000013_june2024_preflight,pa1_candidate_000013
2024-06-24T19:00,28.7,83.0,0.0,0.0,0.0,0.36,100540.0,25.6,0.66,0.01,29.1,0.333,0,0,0,1.0,28.75454112513394,86.34671213612022,0.024474528623722368,31.049149997726413,0.2401276317204371,0.0,0.5391965795601434,0.0,0.0007172751113578738,1.8860951979716022e-07,0.5563434056817106,0.0,0.0,1.160143427897745,lhs_candidate_000013_june2024_preflight,pa1_candidate_000013
2024-06-24T20:00,28.5,84.0,0.0,0.0,0.0,0.28,100620.0,25.5,0.62,0.0,28.6,0.33,0,0,0,1.0,28.608861229461397,84.6750051761311,0.023810493961424758,30.97362775849406,0.240090370252989,0.0,0.6001298755945839,0.0,0.0007089070074585204,2.0983703478930884e-07,0.5561133966233889,0.0,0.0,1.1616270849569488,lhs_candidate_000013_june2024_preflight,pa1_candidate_000013
2024-06-24T21:00,27.8,89.0,0.0,0.0,0.0,0.71,100640.0,25.9,0.4,0.0,28.3,0.327,0,0,0,1.0,28.121995858675938,87.61232219970927,0.02398844134386962,30.89370234273011,0.24005582190152014,0.0,0.47158198886682534,0.0,0.0015098646866349664,1.6482668548521294e-07,0.5559001351945688,0.0,0.0,1.1637355792177455,lhs_candidate_000013_june2024_preflight,pa1_candidate_000013
2024-06-24T22:00,27.2,92.0,0.0,0.0,0.0,0.7,100700.0,25.8,0.29,0.0,28.0,0.325,0,0,0,1.0,27.513878686538348,90.74420846268922,0.024028937424154257,30.802884507218568,0.24003055460208983,0.0,0.3400808484582183,0.0,0.0014898911902463464,1.188312382120907e-07,0.555744164210431,0.0,0.0,1.1667845334582043,lhs_candidate_000013_june2024_preflight,pa1_candidate_000013
2024-06-24T23:00,26.9,93.0,0.0,0.0,0.0,0.54,100730.0,25.7,0.24,0.0,27.7,0.322,0,0,0,1.0,27.100201972730133,92.4055295299907,0.023916409696660916,30.702786019869418,0.24001161434015492,0.0,0.2723645217596835,0.0,0.0011643148921432712,9.514974044674725e-08,0.555627249013302,0.0,0.0,1.1687401791058256,lhs_candidate_000013_june2024_preflight,pa1_candidate_000013
2024-06-25T00:00,26.9,94.0,0.0,0.0,0.0,0.81,100740.0,25.8,0.22,0.0,27.6,0.32,0,0,0,1.0,26.96788052310246,93.6880891248625,0.024071508695393408,30.59935088363482,0.23999606079605498,0.0,0.22461738337318682,0.0,0.0014425119091673513,7.845585970101997e-08,0.5555312394818209,0.0,0.0,1.1693715527873756,lhs_candidate_000013_june2024_preflight,pa1_candidate_000013
2024-06-25T01:00,26.8,94.0,0.0,0.0,0.0,0.6,100730.0,25.7,0.22,0.0,27.5,0.319,0,0,0,1.0,26.893779660511445,93.8737186746999,0.024020453387804678,30.497099041314602,0.23998229548755054,0.0,0.21706532234516462,0.0,0.0011336327237073261,7.580642867785277e-08,0.55544626844167,0.0,0.0,1.1695442419343467,lhs_candidate_000013_june2024_preflight,pa1_candidate_000013
2024-06-25T02:00,26.1,98.0,0.0,0.0,0.0,0.85,100640.0,25.7,0.08,0.0,27.5,0.348,0,0,0,1.0,26.441860504961046,96.24748598481013,0.024018052915887877,30.392630331605957,0.23997083384450052,0.0,0.1294709817652442,0.0,0.0017233915656122997,4.5209812747932493e-08,0.5553755175586452,0.0,0.0,1.1702619023485679,lhs_candidate_000013_june2024_preflight,pa1_candidate_000013
2024-06-25T03:00,25.9,97.0,0.0,0.0,0.0,0.73,100620.0,25.4,0.1,0.0,27.4,0.353,0,0,0,1.0,26.07363546186613,96.55505706246804,0.02360601416432925,30.280315315366327,0.2399636926633835,0.0,0.11630470167397622,0.0,0.0014113204575612586,4.0609072123744426e-08,0.5553314361937253,0.0,0.0,1.1714691781912407,lhs_candidate_000013_june2024_preflight,pa1_candidate_000013
2024-06-25T04:00,25.7,97.0,0.0,0.0,0.0,0.92,100570.0,25.2,0.11,0.0,27.3,0.359,0,0,0,1.0,25.85618736017511,96.4372267491762,0.023292928188639133,30.165188638806086,0.23995623493091478,0.0,0.11874612287460229,0.0,0.0016910951244333817,4.1458084279984875e-08,0.555285400808116,0.0,0.0,1.1717385641452953,lhs_candidate_000013_june2024_preflight,pa1_candidate_000013
2024-06-25T05:00,25.7,96.0,0.0,0.0,0.0,1.14,100660.0,25.1,0.12,0.0,27.2,0.361,0,0,0,1.0,25.772842344665122,95.84670905961656,0.023042783415900714,30.049679007027052,0.23994832439535796,0.0,0.13774660232987035,0.0,0.0019915479771477826,4.8087532664457434e-08,0.5552365703417158,0.0,0.0,1.173114145860843,lhs_candidate_000013_june2024_preflight,pa1_candidate_000013
2024-06-25T06:00,25.7,97.0,8.0,1.0,7.0,0.67,100650.0,25.2,0.11,0.01,27.2,0.359,1,0,0,1.0,25.781135083562443,96.92988039489987,0.023313990731768625,29.938158949266505,0.2399245320827075,950.2767999999999,0.10187253051477851,6.8,0.0012298210119418133,2.1354906022553958e-07,0.5550897042142439,0.0,0.0,1.172965063144239,lhs_candidate_000013_june2024_preflight,pa1_candidate_000013
2024-06-25T07:00,27.4,87.0,106.0,30.0,76.0,0.57,100720.0,25.1,0.47,0.08,28.2,0.356,0,0,0,1.0,26.99685893258759,95.29726070125811,0.024524256524579322,29.85860927540445,0.2490426274353196,12001.8624,0.16763775845149764,90.1,0.0014025279998836958,2.6620063768124786e-06,0.6113742434278988,0.0,0.0,1.1690265190234372,lhs_candidate_000013_june2024_preflight,pa1_candidate_000013
2024-06-25T08:00,27.8,83.0,222.0,86.0,136.0,0.41,100740.0,24.7,0.63,0.16,28.0,0.352,0,0,0,1.0,28.202863390568037,96.87425892695809,0.02664226121394917,29.849334092957534,0.24831323898810476,24320.806399999998,0.11955361594968439,188.7,0.001227242003679483,5.4457411516494855e-06,0.6068718456055849,0.0,0.0,1.1645793174751051,lhs_candidate_000013_june2024_preflight,pa1_candidate_000013
2024-06-25T09:00,28.6,79.0,319.0,143.0,176.0,0.28,100720.0,24.5,0.84,0.24,28.7,0.347,0,0,0,1.0,29.249207178533993,95.18675058405064,0.027717164045492442,29.899821060045696,0.24712568081708639,34264.102399999996,0.19559737008479772,271.15,0.001364337188059652,7.739637580909294e-06,0.5995412396116444,0.0,0.0,1.160319304298391,lhs_candidate_000013_june2024_preflight,pa1_candidate_000013
2024-06-25T10:00,28.9,76.0,335.0,68.0,267.0,0.5,100700.0,24.3,0.93,0.26,29.8,0.343,0,0,0,1.0,29.89777351072884,87.51351680973102,0.02639517662216528,29.988490959238813,0.24569679556772714,38873.7008,0.5267109843665825,284.75,0.0017978388597544262,8.127594038728493e-06,0.590720960294612,0.0,0.0,1.1576061403024533,lhs_candidate_000013_june2024_preflight,pa1_candidate_000013
2024-06-25T11:00,29.6,73.0,543.0,154.0,389.0,1.3,100670.0,24.2,1.14,0.41,30.5,0.338,0,1,0,1.0,30.865662979671782,77.79849436474429,0.02472164749507375,30.128317354341217,0.24379102023182458,61469.9536,0.9898201938269788,461.55,0.004232132987122415,1.2961158608551487e-05,0.5789569150112629,0.0,0.0,1.153576919605273,lhs_candidate_000013_june2024_preflight,pa1_candidate_000013
2024-06-25T12:00,30.2,69.0,588.0,244.0,344.0,2.33,100600.0,24.0,1.31,0.45,31.2,0.332,0,1,0,1.0,31.767211675430524,70.67662944616458,0.023568626100488637,30.33033419501961,0.24138233577955984,63846.745599999995,1.3760238783252556,499.8,0.0058278664351822706,1.3782722589552353e-05,0.5640884924664188,0.0,0.0,1.149366380898767,lhs_candidate_000013_june2024_preflight,pa1_candidate_000013
2024-06-25T13:00,31.1,66.0,871.0,682.0,189.0,2.0,100610.0,24.0,1.54,0.65,32.4,0.326,0,1,0,1.0,33.21141870646681,68.72750095276949,0.024742963517550152,30.606208870855774,0.23837055333965695,83297.4736,1.591803765028938,740.35,0.005497477353594404,1.959022828251876e-05,0.5454972428373887,0.0,0.0,1.1440619079040772,lhs_candidate_000013_june2024_preflight,pa1_candidate_000013
2024-06-25T14:00,29.9,72.0,352.0,107.0,245.0,1.43,100560.0,24.2,1.2,0.28,31.7,0.322,0,1,0,1.0,32.07395841171348,69.26204862833772,0.023477376702597516,30.845850859680166,0.23589988064968206,39595.688,1.4676397993129173,299.2,0.004760538791167559,7.970540739550408e-06,0.5302461768498893,0.0,0.0,1.1477547350298016,lhs_candidate_000013_june2024_preflight,pa1_candidate_000013
2024-06-25T15:00,29.9,71.0,299.0,206.0,93.0,0.85,100580.0,24.1,1.22,0.24,31.3,0.318,0,1,0,1.0,31.084133139742843,72.35965463436563,0.023264481101059345,30.94756649497316,0.2345856016132799,29583.9632,1.2477282068828037,254.15,0.0036390359134146856,6.66719316129965e-06,0.5221333432918512,0.0,0.0,1.1517179685535608,lhs_candidate_000013_june2024_preflight,pa1_candidate_000013
2024-06-25T16:00,30.0,71.0,370.0,253.0,117.0,0.22,100550.0,24.1,1.23,0.27,31.3,0.314,0,1,0,1.0,31.18742535746829,74.28598215457163,0.02401638450208923,31.04217156142957,0.2332651796870184,36676.3408,1.1676098953437712,314.5,0.0031521944180851157,7.99994136279328e-06,0.5139825906606075,0.0,0.0,1.1509836687477915,lhs_candidate_000013_june2024_preflight,pa1_candidate_000013
2024-06-25T17:00,29.6,74.0,195.0,106.0,89.0,0.4,100560.0,24.4,1.09,0.14,30.8,0.311,0,1,0,1.0,30.67975238411496,74.31565647074169,0.023380176846713795,31.114856836478154,0.23215696912014666,20291.2336,1.1330209712619674,165.75,0.0031691311120238637,4.325132212717012e-06,0.5071417846922633,0.0,0.0,1.153021521963032,lhs_candidate_000013_june2024_preflight,pa1_candidate_000013
2024-06-25T18:00,29.2,77.0,76.0,49.0,27.0,0.14,100560.0,24.8,0.92,0.05,30.2,0.309,1,0,0,1.0,29.851734425429648,78.33636192810091,0.02356844343870763,31.11843767959443,0.2316030559740152,7637.924799999999,0.9114140385401606,64.6,0.0013013260175388953,1.8231271903591605e-06,0.5037225677408346,0.0,0.0,1.156172403355663,lhs_candidate_000013_june2024_preflight,pa1_candidate_000013
2024-06-25T19:00,29.1,75.0,1.0,0.0,1.0,0.82,100600.0,24.3,0.99,0.0,29.6,0.308,0,0,0,1.0,29.30252457217751,76.20869064618232,0.022255409779889927,31.07317386753541,0.24076830060244195,123.18239999999999,0.9697914670023771,0.85,0.001570230036897729,3.640999604676685e-07,0.5602981518669257,0.0,0.0,1.1587325731628948,lhs_candidate_000013_june2024_preflight,pa1_candidate_000013
2024-06-25T20:00,29.0,77.0,0.0,0.0,0.0,1.22,100680.0,24.5,0.92,0.01,29.1,0.306,0,0,0,1.0,29.06941011713545,77.06975221016428,0.02222324470767152,31.00773632769619,0.2407053729729052,0.0,0.9222025368386944,0.0,0.002122467527159456,3.2465182422823444e-07,0.5599097097092914,0.0,0.0,1.160548520071198,lhs_candidate_000013_june2024_preflight,pa1_candidate_000013
2024-06-25T21:00,28.0,87.0,0.0,0.0,0.0,0.92,100700.0,25.5,0.51,0.0,28.6,0.305,0,0,0,1.0,28.42423633898082,84.7003496294915,0.0235783636135497,30.935894415714166,0.24065631319311734,0.0,0.5927559285563233,0.0,0.0018795328336477638,2.0856070253441295e-07,0.5596068715624527,0.0,0.0,1.16326237837732,lhs_candidate_000013_june2024_preflight,pa1_candidate_000013
2024-06-25T22:00,27.7,89.0,0.0,0.0,0.0,1.12,100760.0,25.8,0.39,0.0,28.2,0.304,0,0,0,1.0,27.894861831064954,88.27527159095911,0.0238704297719598,30.850713742175504,0.2406247139524866,0.0,0.4404807078152455,0.0,0.0020351477026508418,1.5492876616472543e-07,0.5594118145215223,0.0,0.0,1.1660022499779776,lhs_candidate_000013_june2024_preflight,pa1_candidate_000013
2024-06-25T23:00,27.3,92.0,0.0,0.0,0.0,1.04,100790.0,26.0,0.28,0.0,27.9,0.302,0,0,0,1.0,27.51644362750374,91.01158752959343,0.024103146055222572,30.758722633376106,0.24060025393712173,0.0,0.3303061820957769,0.0,0.0019220657533342723,1.1614610190351371e-07,0.5592608267723563,0.0,0.0,1.1678173773309433,lhs_candidate_000013_june2024_preflight,pa1_candidate_000013
2024-06-26T00:00,27.1,93.0,0.0,0.0,0.0,0.92,100800.0,26.0,0.24,0.0,27.8,0.302,0,0,0,1.0,27.24423580061364,92.4847070470086,0.024128187753933262,30.66167634223112,0.24058148051216532,0.0,0.27180910033188477,0.0,0.001681575736053431,9.555687297197318e-08,0.5591449414331193,0.0,0.0,1.1689915881673631,lhs_candidate_000013_june2024_preflight,pa1_candidate_000013
2024-06-26T01:00,27.1,94.0,0.0,0.0,0.0,0.91,100750.0,26.0,0.22,0.0,27.8,0.301,0,0,0,1.0,27.157817046989997,93.73080328475162,0.02433680538017419,30.56330314589679,0.240565810287439,0.0,0.22559603891931745,0.0,0.0015986334616518729,7.929654559565299e-08,0.559048211650858,0.0,0.0,1.1687479618554995,lhs_candidate_000013_june2024_preflight,pa1_candidate_000013
2024-06-26T02:00,27.1,92.0,0.0,0.0,0.0,0.85,100710.0,25.6,0.29,0.0,27.5,0.299,0,0,0,1.0,27.14710415604756,92.34862105992141,0.02396373455542381,30.46690246147457,0.2405503427449909,0.0,0.27516085238371657,0.0,0.0014903944672432221,9.670195766247154e-08,0.558952732993771,0.0,0.0,1.1683256205330566,lhs_candidate_000013_june2024_preflight,pa1_candidate_000013
2024-06-26T03:00,27.1,90.0,0.0,0.0,0.0,0.95,100650.0,25.3,0.36,0.0,27.3,0.298,0,0,0,1.0,27.14317437892573,90.39038396184384,0.023450493332150334,30.37306637886807,0.24053072921121885,0.0,0.3455038998786599,0.0,0.0016537796438837622,1.213968712686473e-07,0.5588316617976472,0.0,0.0,1.167644847287202,lhs_candidate_000013_june2024_preflight,pa1_candidate_000013
2024-06-26T04:00,27.0,90.0,0.0,0.0,0.0,1.12,100670.0,25.1,0.37,0.0,27.0,0.297,0,0,0,1.0,27.081023934044854,89.92155089540267,0.023248838146093218,30.281267113277096,0.24050812274374161,0.0,0.361042597594198,0.0,0.0019633363820886684,1.2682489861680074e-07,0.5586921157021087,0.0,0.0,1.1681186288359329,lhs_candidate_000013_june2024_preflight,pa1_candidate_000013
2024-06-26T05:00,27.8,85.0,0.0,0.0,0.0,0.91,100650.0,25.0,0.58,0.0,26.9,0.296,0,0,0,1.0,27.517856280526118,86.85184578001375,0.023003287475982244,30.19476802260195,0.2404822867858707,0.0,0.48320826089377134,0.0,0.001767224786924849,1.6969007435718292e-07,0.5585326344806832,0.0,0.0,1.1661897685927662,lhs_candidate_000013_june2024_preflight,pa1_candidate_000013
2024-06-26T06:00,27.9,85.0,16.0,5.0,11.0,1.0,100750.0,25.0,0.58,0.02,27.0,0.295,1,0,0,1.0,27.885243417141933,86.0479992847419,0.023255860024498646,30.124591524125833,0.24041750359471217,1795.0064,0.5238623251930772,13.6,0.0017165518058223368,5.417758009814408e-07,0.558132738238964,0.0,0.0,1.1659237806139133,lhs_candidate_000013_june2024_preflight,pa1_candidate_000013
2024-06-26T07:00,28.1,84.0,98.0,44.0,54.0,0.98,100790.0,25.2,0.6,0.08,28.4,0.294,0,0,0,1.0,28.25685700370557,87.9895771161325,0.024270520774513932,30.080088890600006,0.24950809424601822,10523.849599999998,0.46081965811147096,83.3,0.0017860523198687636,2.590780856352476e-06,0.6142474953457915,0.0,0.0,1.164948605147946,lhs_candidate_000013_june2024_preflight,pa1_candidate_000013
2024-06-26T08:00,28.9,78.0,275.0,180.0,95.0,0.58,100870.0,24.6,0.89,0.2,29.2,0.292,0,0,0,1.0,29.287796013310732,91.48023139192729,0.02669381619442126,30.09555279819656,0.24865727785740172,27542.327999999998,0.3469916155125934,233.75,0.001397926760962722,6.845614707593003e-06,0.6089955423296403,0.0,0.0,1.161899072707588,lhs_candidate_000013_june2024_preflight,pa1_candidate_000013
2024-06-26T09:00,29.5,73.0,424.0,233.0,191.0,0.76,100870.0,24.2,1.1,0.32,30.1,0.29,0,1,0,1.0,30.449965322260862,79.37811859929748,0.024665898454284855,30.19244117555233,0.2470955834760742,44031.83839999999,0.8978377176496428,360.4,0.003404076594938411,1.052435065399642e-05,0.5993554535560135,0.0,0.0,1.157451366526314,lhs_candidate_000013_june2024_preflight,pa1_candidate_000013
2024-06-26T10:00,29.9,74.0,513.0,315.0,198.0,1.41,100860.0,24.7,1.1,0.39,30.8,0.288,0,1,0,1.0,31.27473551067579,77.27535000742483,0.02509991077717772,30.34934444065636,0.24502561902569456,52110.11519999999,1.0370030710185474,436.05,0.004425272007257383,1.2443828024107314e-05,0.5865778952203368,0.0,0.0,1.15420107703726,lhs_candidate_000013_june2024_preflight,pa1_candidate_000013
2024-06-26T11:00,30.1,75.0,634.0,380.0,254.0,1.61,100800.0,25.1,1.08,0.47,31.4,0.285,0,1,0,1.0,31.912074900626173,77.05109144326086,0.02589347600420643,30.553411039347615,0.2425604891110994,64728.3296,1.0857592070200117,538.9,0.004861688327925354,1.4909612802383243e-05,0.5713610438956753,0.0,0.0,1.151104524871767,lhs_candidate_000013_june2024_preflight,pa1_candidate_000013
2024-06-26T12:00,30.7,74.0,806.0,526.0,280.0,1.26,100780.0,25.5,1.15,0.6,32.2,0.281,0,1,0,1.0,32.899160047782196,76.89655162776272,0.02723123302992583,30.818635041620272,0.23957009836653986,80779.072,1.1555803436697896,685.1,0.004564680665776193,1.8263994722993294e-05,0.5529018417687646,0.0,0.0,1.1471642675225506,lhs_candidate_000013_june2024_preflight,pa1_candidate_000013
2024-06-26T13:00,30.3,76.0,674.0,349.0,325.0,1.5,100760.0,25.6,1.04,0.5,32.3,0.278,0,1,0,1.0,32.812071902076255,75.0504415975972,0.026455351288352507,31.09703017345751,0.23659158098395697,70746.28,1.2418308440619947,572.9,0.0049655342873042106,1.4857581868611836e-05,0.5345159319997344,0.0,0.0,1.147263071063512,lhs_candidate_000013_june2024_preflight,pa1_candidate_000013
2024-06-26T14:00,30.3,72.0,576.0,276.0,300.0,1.55,100650.0,24.6,1.22,0.44,32.3,0.275,0,1,0,1.0,32.38165668704106,72.07622112932978,0.02483403449378356,31.31918871391436,0.23413873276572436,61242.72,1.3566173950439375,489.59999999999997,0.00487788283275206,1.2434056839736163e-05,0.5193748936155825,0.0,0.0,1.1476250334944158,lhs_candidate_000013_june2024_preflight,pa1_candidate_000013
2024-06-26T15:00,30.0,71.0,400.0,188.0,212.0,1.22,100690.0,24.1,1.24,0.31,31.9,0.278,0,1,0,1.0,31.72199008155215,70.913907477674,0.023590782791902815,31.477688899504404,0.2322510819449628,42658.66879999999,1.3613993779462312,340.0,0.004326130979845198,8.57489429323412e-06,0.5077227280553259,0.0,0.0,1.1505652788594596,lhs_candidate_000013_june2024_preflight,pa1_candidate_000013
2024-06-26T16:00,28.8,82.0,297.0,146.0,151.0,1.2,100680.0,25.5,0.7,0.22,31.1,0.295,0,1,0,1.0,30.464945772722732,79.37661758371691,0.024685344327809302,31.563241316109295,0.23091944434252332,31448.542399999995,0.898672283098831,252.45,0.0042805028580890124,6.228553146531335e-06,0.4995027428550822,0.0,0.0,1.1552141751637812,lhs_candidate_000013_june2024_preflight,pa1_candidate_000013
2024-06-26T17:00,28.0,83.0,198.0,87.0,111.0,0.54,100750.0,24.9,0.63,0.14,30.2,0.327,0,0,0,1.0,29.278193120939783,84.80077416360108,0.0247318452288071,31.583028912071786,0.22999111891276025,21329.2464,0.6186886531725531,168.29999999999998,0.002015891150175057,4.1108086948404855e-06,0.4937723389676559,0.0,0.0,1.1605536688921945,lhs_candidate_000013_june2024_preflight,pa1_candidate_000013
2024-06-26T18:00,27.1,90.0,57.0,23.0,34.0,0.32,100800.0,25.3,0.37,0.04,29.3,0.332,1,0,0,1.0,27.99088569535573,89.00834067493828,0.024195945213950094,31.53484747562057,0.22950935557500668,6212.201599999999,0.4152566306409784,48.449999999999996,0.0015964457160371403,1.2494683022596055e-06,0.49079849120374497,0.0,0.0,1.1660931858323758,lhs_candidate_000013_june2024_preflight,pa1_candidate_000013
2024-06-26T19:00,26.4,98.0,1.0,0.0,1.0,0.45,100830.0,26.0,0.08,0.0,28.8,0.334,0,0,0,1.0,26.901956144440412,95.4196019284485,0.024427073129148633,31.426823863279292,0.23875507508662364,123.18239999999999,0.1623697877958299,0.85,0.0013645025424601758,7.789153929839069e-08,0.5478708338680471,0.0,0.0,1.1706734083911465,lhs_candidate_000013_june2024_preflight,pa1_candidate_000013
2024-06-26T20:00,26.6,91.0,0.0,0.0,0.0,0.3,100900.0,24.9,0.32,0.0,28.3,0.331,0,0,0,1.0,26.63835959390227,93.19835086181226,0.023512343496725267,31.296131702144965,0.23874218057729069,0.0,0.237404193725693,0.0,0.0005993178113574616,8.176680043818668e-08,0.547791238131424,0.0,0.0,1.1725161931734465,lhs_candidate_000013_june2024_preflight,pa1_candidate_000013
2024-06-26T21:00,26.7,89.0,0.0,0.0,0.0,0.67,100910.0,24.7,0.38,0.0,27.9,0.329,0,0,0,1.0,26.719638442700017,89.80143850319294,0.022757742846743013,31.16859326435948,0.2387233820511352,0.0,0.3576753514798843,0.0,0.0011643839016387447,1.231645210836984e-07,0.5476751978465135,0.0,0.0,1.1723145601228169,lhs_candidate_000013_june2024_preflight,pa1_candidate_000013
2024-06-26T22:00,26.9,88.0,0.0,0.0,0.0,0.95,100960.0,24.6,0.44,0.0,27.6,0.327,0,0,0,1.0,26.871866308299488,88.49041444084503,0.02261550573704164,31.047129783836688,0.23869948383795345,0.0,0.4072812100144283,0.0,0.0016422379694236088,1.4020838548957123e-07,0.5475276780120584,0.0,0.0,1.172300316956429,lhs_candidate_000013_june2024_preflight,pa1_candidate_000013
2024-06-26T23:00,26.9,88.0,0.0,0.0,0.0,0.73,100980.0,24.7,0.43,0.0,27.4,0.325,0,0,0,1.0,26.94392166862755,88.20153416625683,0.022631799790423394,30.932020703885076,0.2386737005766126,0.0,0.41927348356011107,0.0,0.0012890668122058115,1.442948235400525e-07,0.5473685220778556,0.0,0.0,1.172251011562658,lhs_candidate_000013_june2024_preflight,pa1_candidate_000013
2024-06-27T00:00,26.2,91.0,0.0,0.0,0.0,1.0,100960.0,24.6,0.3,0.0,27.1,0.323,0,0,0,1.0,26.534903310911318,89.66830689118707,0.02249222121735293,30.817153232586215,0.23864911939865632,0.0,0.35842760093948955,0.0,0.0019389341083854393,1.2332024895064103e-07,0.5472167864114588,0.0,0.0,1.173618440840137,lhs_candidate_000013_june2024_preflight,pa1_candidate_000013
2024-06-27T01:00,27.2,86.0,0.0,0.0,0.0,0.81,100960.0,24.6,0.5,0.0,27.0,0.323,0,0,0,1.0,26.881237259371076,87.89091114554864,0.022473952645085934,30.70128104548528,0.2386260432628813,0.0,0.4287312488239854,0.0,0.001648351480860425,1.474704552752404e-07,0.547074341128897,0.0,0.0,1.1722637022058728,lhs_candidate_000013_june2024_preflight,pa1_candidate_000013
2024-06-27T02:00,27.1,87.0,0.0,0.0,0.0,0.67,100920.0,24.8,0.46,0.0,26.9,0.322,0,0,0,1.0,27.14400902908654,87.1758700606302,0.02261757705545216,30.599326895332577,0.23859767523360972,0.0,0.4611010075185842,0.0,0.0011905724992446187,1.5855389636417213e-07,0.546899229837097,0.0,0.0,1.1707738744380864,lhs_candidate_000013_june2024_preflight,pa1_candidate_000013
2024-06-27T03:00,27.0,88.0,0.0,0.0,0.0,0.5,100880.0,24.7,0.44,0.0,26.8,0.321,0,0,0,1.0,27.084416873254106,88.02334169469201,0.022762334624375307,30.50123796353953,0.23857004701080772,0.0,0.4291279397455927,0.0,0.000970169297094761,1.4751364293351862e-07,0.5467286852518995,0.0,0.0,1.1705421235045854,lhs_candidate_000013_june2024_preflight,pa1_candidate_000013
2024-06-27T04:00,27.0,87.0,0.0,0.0,0.0,0.54,100880.0,24.7,0.45,0.0,26.6,0.319,0,0,0,1.0,27.047813830694007,87.62645165311073,0.02261387513935746,30.404539326161483,0.23854339187512463,0.0,0.44239810124993406,0.0,0.0009846396641986941,1.520295221798113e-07,0.5465641473773125,0.0,0.0,1.1706848474059302,lhs_candidate_000013_june2024_preflight,pa1_candidate_000013
2024-06-27T05:00,24.7,96.0,0.0,0.0,0.0,1.0,100920.0,24.1,0.11,0.0,26.4,0.318,0,0,0,1.0,25.671501287900735,91.4846519086078,0.021869861225145906,30.298312362980337,0.23851947513094063,0.0,0.280726713761275,0.0,0.0023200656501513807,9.644530557412071e-08,0.5464165131539546,0.0,0.0,1.1765431165637632,lhs_candidate_000013_june2024_preflight,pa1_candidate_000013
2024-06-27T06:00,25.0,97.0,18.0,9.0,9.0,0.81,100930.0,24.5,0.09,0.0,26.6,0.316,1,0,0,1.0,25.091350283771224,97.08132065992132,0.022465346466607482,30.16902589411182,0.2384736290572481,1900.6415999999997,0.09296155749645063,15.299999999999999,0.0014634868356050979,4.259471071930423e-07,0.5461335126990623,0.0,0.0,1.1789485838344183,lhs_candidate_000013_june2024_preflight,pa1_candidate_000013
2024-06-27T07:00,27.3,89.0,160.0,107.0,53.0,0.5,100990.0,25.3,0.4,0.1,28.5,0.315,0,0,0,1.0,26.794443083117386,99.56414243356045,0.025336695467098512,30.08292173331483,0.24746165568176848,15944.667199999998,0.015353384615288235,136.0,0.0014176199504758438,3.864076371350158e-06,0.601615158529435,2.108689270946789e-06,0.0,1.1729513531235798,lhs_candidate_000013_june2024_preflight,pa1_candidate_000013
2024-06-27T08:00,28.4,85.0,390.0,303.0,87.0,0.2,101030.0,25.6,0.59,0.27,28.6,0.313,0,0,0,1.0,28.931720438270094,100.0,0.028619744239442295,30.11041754091588,0.24627520893127153,37380.8688,0.0,331.5,0.0012064507563200177,9.290044352996332e-06,0.5942914131559971,3.499632539867496e-07,0.0,1.165113825527596,lhs_candidate_000013_june2024_preflight,pa1_candidate_000013
2024-06-27T09:00,29.4,75.0,546.0,417.0,129.0,0.7,101070.0,24.5,1.02,0.4,29.4,0.31,0,1,0,1.0,30.603998452795814,82.60338151443885,0.0258818659622686,30.245314274574184,0.24427364883860925,52586.5296,0.7641107428586298,464.09999999999997,0.003496302704667541,1.3015245650112232e-05,0.5819361039420324,0.0,0.0,1.1591581979522727,lhs_candidate_000013_june2024_preflight,pa1_candidate_000013
2024-06-27T10:00,29.9,72.0,731.0,578.0,153.0,1.1,101060.0,24.4,1.17,0.53,31.0,0.306,0,1,0,1.0,31.857382034783576,76.6351041052307,0.025678744402019876,30.466772866767915,0.2415700582473036,69710.9072,1.1020262490825594,621.35,0.00428763010748354,1.695353312869777e-05,0.5652472731315037,0.0,0.0,1.1542805881688556,lhs_candidate_000013_june2024_preflight,pa1_candidate_000013
2024-06-27T11:00,30.6,69.0,846.0,644.0,202.0,1.24,100970.0,24.3,1.36,0.63,31.9,0.302,0,1,0,1.0,32.967597088586515,72.39639178653871,0.025730500122663542,30.75879746533429,0.2383334913390882,81554.84479999999,1.3859806329923745,719.1,0.004607209882907149,1.8965057375646113e-05,0.5452684650561,0.0,0.0,1.1490700614694627,lhs_candidate_000013_june2024_preflight,pa1_candidate_000013
2024-06-27T12:00,30.9,68.0,776.0,575.0,201.0,1.58,100900.0,24.2,1.44,0.58,32.3,0.298,0,1,0,1.0,33.41986322396485,68.71615281749447,0.025012122122604667,31.069134943696238,0.2351095726911678,75359.6624,1.6110648592006398,659.6,0.0050653255613023595,1.6873177445680632e-05,0.5253677326615297,0.0,0.0,1.1465794532189912,lhs_candidate_000013_june2024_preflight,pa1_candidate_000013
2024-06-27T13:00,31.0,67.0,777.0,530.0,247.0,2.01,100830.0,24.2,1.46,0.58,32.6,0.294,0,1,0,1.0,33.54094497175416,66.53025318317682,0.024371289866260387,31.36402978168898,0.23212045494263514,77066.0528,1.7353393910519244,660.4499999999999,0.005638247197917792,1.634050491910402e-05,0.5069163885347848,0.0,0.0,1.145331650487411,lhs_candidate_000013_june2024_preflight,pa1_candidate_000013
2024-06-27T14:00,30.3,70.0,678.0,518.0,160.0,2.19,100770.0,24.3,1.28,0.5,32.5,0.291,0,1,0,1.0,32.93702493484268,67.43912546041558,0.023929939582110846,31.630139369409793,0.22940766462044693,65293.184,1.6320834421579713,576.3,0.0059174317086044086,1.3823810536980054e-05,0.4901707692620181,0.0,0.0,1.1469085416163851,lhs_candidate_000013_june2024_preflight,pa1_candidate_000013
2024-06-27T15:00,30.1,73.0,509.0,386.0,123.0,1.92,100720.0,24.7,1.17,0.38,32.2,0.289,0,1,0,1.0,32.15127134892258,70.92332189618402,0.02413954633671091,31.825653686693453,0.22725470386023577,49119.43519999999,1.3943928330738475,432.65,0.005368395853688615,1.0147385053717851e-05,0.47688088802614675,0.0,0.0,1.149289801983066,lhs_candidate_000013_june2024_preflight,pa1_candidate_000013
2024-06-27T16:00,29.9,75.0,421.0,304.0,117.0,1.35,100740.0,24.9,1.07,0.31,31.8,0.287,0,1,0,1.0,31.601902080344598,73.9512693938592,0.024444047143514256,31.957060989381752,0.22560273016946,41164.3408,1.2109666254948648,357.84999999999997,0.004479345381392478,8.230467013857152e-06,0.46668351956456794,0.0,0.0,1.1515902265772646,lhs_candidate_000013_june2024_preflight,pa1_candidate_000013
2024-06-27T17:00,29.4,74.0,249.0,180.0,69.0,1.65,100690.0,24.3,1.05,0.19,31.1,0.289,0,1,0,1.0,30.729858844876755,72.45855166893934,0.02285741479418181,32.02608546428838,0.22441970783306622,24339.5856,1.2184223500550235,211.65,0.004742989829292936,4.936779677326196e-06,0.4593809125497915,0.0,0.0,1.154321736287503,lhs_candidate_000013_june2024_preflight,pa1_candidate_000013
2024-06-27T18:00,28.6,80.0,58.0,28.0,30.0,1.34,100820.0,24.8,0.77,0.05,30.1,0.291,1,0,0,1.0,29.454111542756728,78.13585379305701,0.023006869453648694,32.006969436272335,0.22385754812792713,6159.472,0.8990549136072317,49.3,0.0027150048015105134,1.317606900185051e-06,0.45591079091313047,0.0,0.0,1.160684854105257,lhs_candidate_000013_june2024_preflight,pa1_candidate_000013
2024-06-27T19:00,28.1,82.0,1.0,0.0,1.0,1.0,100890.0,24.8,0.67,0.0,29.3,0.292,0,0,0,1.0,28.48364702781567,81.03780871018701,0.02263225342891263,31.919671621270275,0.23307970623587215,123.18239999999999,0.7371911662800104,0.85,0.0019689889282276333,2.582581820512272e-07,0.5128376928140257,0.0,0.0,1.1652276610240222,lhs_candidate_000013_june2024_preflight,pa1_candidate_000013
2024-06-27T20:00,28.0,82.0,0.0,0.0,0.0,0.85,100950.0,24.5,0.7,0.0,28.9,0.294,0,0,0,1.0,28.12017433531383,82.04858837317289,0.022462834586674474,31.810200823811698,0.23303703772738904,0.0,0.6833133333053194,0.0,0.0015509401313972605,2.2021670707854472e-07,0.5125743069591916,0.0,0.0,1.1673272756143147,lhs_candidate_000013_june2024_preflight,pa1_candidate_000013
2024-06-27T21:00,27.8,83.0,0.0,0.0,0.0,0.73,100970.0,24.6,0.63,0.0,28.5,0.293,0,0,0,1.0,27.933390886820582,82.92729244047392,0.022471807376745097,31.698531229861338,0.23299849894113694,0.0,0.6428378246187738,0.0,0.0013738286834386873,2.0707619789476968e-07,0.5123364132168947,0.0,0.0,1.1682828636525218,lhs_candidate_000013_june2024_preflight,pa1_candidate_000013
2024-06-27T22:00,27.2,88.0,0.0,0.0,0.0,0.41,100980.0,25.0,0.44,0.0,28.2,0.292,0,0,0,1.0,27.50386729836477,86.6114590949479,0.022921939740063093,31.583635115110624,0.23296509246746253,0.0,0.4916406239580158,0.0,0.0011215966192617225,1.5830757060984924e-07,0.5121302004164353,0.0,0.0,1.1700677806041546,lhs_candidate_000013_june2024_preflight,pa1_candidate_000013
2024-06-27T23:00,27.2,87.0,0.0,0.0,0.0,0.32,101000.0,24.9,0.46,0.0,27.9,0.291,0,0,0,1.0,27.28489823365569,87.58959221097047,0.02290247726745109,31.463270141956464,0.2329385800580343,0.0,0.44992289375045935,0.0,0.0007161693196212891,1.4482822550559645e-07,0.511966543568113,0.0,0.0,1.1711524845525172,lhs_candidate_000013_june2024_preflight,pa1_candidate_000013
2024-06-28T00:00,26.9,89.0,0.0,0.0,0.0,0.5,100960.0,24.8,0.4,0.0,27.5,0.29,0,0,0,1.0,27.082998652048545,88.50474276813836,0.022885027330601094,31.342757785000167,0.232913268673359,0.0,0.41184492102470927,0.0,0.0010913474864840717,1.3253063310841868e-07,0.5118103004528333,0.0,0.0,1.1714759221876727,lhs_candidate_000013_june2024_preflight,pa1_candidate_000013
2024-06-28T01:00,26.4,91.0,0.0,0.0,0.0,0.45,100940.0,24.8,0.3,0.0,27.3,0.29,0,0,0,1.0,26.67936973490965,90.11965344916165,0.022787432301809647,31.218803480324727,0.2328912794443963,0.0,0.3456956647775753,0.0,0.0011393026670050966,1.1121447035283142e-07,0.5116745644715821,0.0,0.0,1.1728205779347354,lhs_candidate_000013_june2024_preflight,pa1_candidate_000013
2024-06-28T02:00,26.3,90.0,0.0,0.0,0.0,0.45,100910.0,24.6,0.34,0.0,27.2,0.291,0,0,0,1.0,26.431198021070486,90.1840482713298,0.02249162096913332,31.090121900966782,0.23287186437105117,0.0,0.33846183309720734,0.0,0.0009603688371614333,1.0886175539879849e-07,0.511554718339822,0.0,0.0,1.1734432788416078,lhs_candidate_000013_june2024_preflight,pa1_candidate_000013
2024-06-28T03:00,26.1,89.0,0.0,0.0,0.0,0.3,100890.0,24.1,0.39,0.0,27.0,0.299,0,0,0,1.0,26.255945320797874,89.38390019748542,0.022075825907183766,30.960958439867454,0.23285158157347385,0.0,0.3622886910615768,0.0,0.0008112310522140874,1.1649682850128139e-07,0.5114295158856411,0.0,0.0,1.1738974275737357,lhs_candidate_000013_june2024_preflight,pa1_candidate_000013
2024-06-28T04:00,26.2,89.0,0.0,0.0,0.0,0.64,100940.0,24.2,0.38,0.0,27.0,0.298,0,0,0,1.0,26.234661980049978,89.19526171416913,0.022003153638835787,30.832687299304656,0.23283038718773896,0.0,0.3682634786060306,0.0,0.0011312448423383544,1.1838777655897043e-07,0.5112986863440677,0.0,0.0,1.1745626925862245,lhs_candidate_000013_june2024_preflight,pa1_candidate_000013
2024-06-28T05:00,26.3,89.0,0.0,0.0,0.0,0.41,100970.0,24.3,0.38,0.0,26.9,0.297,0,0,0,1.0,26.318026541307383,89.32127694946175,0.022136699522502603,30.709100455294585,0.23280912397789036,0.0,0.36576271826970563,0.0,0.0007313293000546162,1.1755365806955639e-07,0.5111674319622862,0.0,0.0,1.1745847133197949,lhs_candidate_000013_june2024_preflight,pa1_candidate_000013
2024-06-28T06:00,26.2,91.0,16.0,7.0,9.0,0.5,101030.0,24.6,0.31,0.01,26.9,0.296,1,0,0,1.0,26.333347892863582,91.33864601130867,0.02265597035707644,30.593057149810164,0.23276011025550086,1724.6416,0.2969328670697746,13.6,0.0010325058435974091,4.2300277718729776e-07,0.5108648781203757,0.0,0.0,1.1752225671248333,lhs_candidate_000013_june2024_preflight,pa1_candidate_000013
2024-06-28T07:00,27.7,87.0,146.0,91.0,55.0,0.71,101070.0,25.2,0.5,0.1,28.7,0.296,0,0,0,1.0,27.488224208353536,95.08170934163202,0.025141924213782686,30.515038766947395,0.24179166459137325,14783.032000000001,0.18043950455576274,124.1,0.001415090204466115,3.380132105312533e-06,0.5666152135269954,0.0,0.0,1.1711715580894415,lhs_candidate_000013_june2024_preflight,pa1_candidate_000013
2024-06-28T08:00,28.1,85.0,274.0,163.0,111.0,1.03,101100.0,25.2,0.59,0.2,28.6,0.298,0,0,0,1.0,28.694572027694644,92.53172585388101,0.02614190727914314,30.513889948451823,0.24092370949201175,28017.2464,0.29391512458281666,232.9,0.002141273670091255,6.26777260773033e-06,0.5612574660000725,0.0,0.0,1.166837112592461,lhs_candidate_000013_june2024_preflight,pa1_candidate_000013
2024-06-28T09:00,28.7,84.0,479.0,326.0,153.0,1.44,101100.0,25.8,0.62,0.34,29.3,0.297,0,0,0,1.0,29.85568208325396,90.52487347329394,0.027241324231082165,30.59392227242098,0.23939056238022893,47534.9072,0.3987197835471572,407.15,0.0029890427216644326,1.0732475042047279e-05,0.5517935949396848,0.0,0.0,1.1623658224987703,lhs_candidate_000013_june2024_preflight,pa1_candidate_000013
2024-06-28T10:00,29.4,81.0,589.0,464.0,125.0,1.61,101040.0,25.9,0.76,0.43,30.2,0.296,0,1,0,1.0,30.948389722023393,82.98429807894397,0.026486879923550928,30.75112454570389,0.23725144192927278,56229.8,0.7622028576301427,500.65,0.0047674922171198585,1.2973408351364834e-05,0.5385891477115604,0.0,0.0,1.1575017755928811,lhs_candidate_000013_june2024_preflight,pa1_candidate_000013
2024-06-28T11:00,30.0,78.0,703.0,495.0,208.0,2.06,100970.0,25.8,0.92,0.51,31.0,0.293,0,1,0,1.0,31.946350066807774,78.37464576275201,0.02638638933787394,30.965294356147187,0.23472411864063675,69181.9392,1.0251238154025737,597.55,0.005536094447444569,1.5073815860740797e-05,0.5229883866705972,0.0,0.0,1.1529163361883632,lhs_candidate_000013_june2024_preflight,pa1_candidate_000013
2024-06-28T12:00,30.1,75.0,532.0,226.0,306.0,2.46,100890.0,25.2,1.05,0.4,31.2,0.29,0,1,0,1.0,31.993532104567453,73.40886731057208,0.024776726083549222,31.177302862529757,0.23235857453165962,57581.814399999996,1.263886596094821,452.2,0.006114015599777513,1.1244740377481484e-05,0.5083862625411087,0.0,0.0,1.1518247383068365,lhs_candidate_000013_june2024_preflight,pa1_candidate_000013
2024-06-28T13:00,30.0,74.0,492.0,189.0,303.0,2.61,100840.0,24.9,1.1,0.38,31.3,0.288,0,1,0,1.0,31.719631898359168,72.41894985913521,0.024088431604872815,31.342650003772015,0.2304300327775766,53956.267199999995,1.2907822087098082,418.2,0.006299040583805684,1.0193817593991474e-05,0.4964816838122012,0.0,0.0,1.1522882129747505,lhs_candidate_000013_june2024_preflight,pa1_candidate_000013
2024-06-28T14:00,31.1,66.0,751.0,628.0,123.0,2.82,100710.0,24.0,1.52,0.56,32.1,0.284,0,1,0,1.0,32.88326082744104,66.50790295667946,0.023532530874878162,31.54763044904928,0.22815585673533037,70415.43519999999,1.673701705903794,638.35,0.006639497144020548,1.503014897366185e-05,0.4824435600946319,0.0,0.0,1.146427024333216,lhs_candidate_000013_june2024_preflight,pa1_candidate_000013
2024-06-28T15:00,30.6,68.0,573.0,421.0,152.0,2.83,100680.0,24.1,1.4,0.44,32.0,0.281,0,1,0,1.0,32.83245692001213,65.13682557291153,0.022985564519550923,31.78049517260921,0.22579189925552973,55771.724799999996,1.737255704929225,487.05,0.006760191316593098,1.1256268489780354e-05,0.46785122997240575,0.0,0.0,1.146275811622495,lhs_candidate_000013_june2024_preflight,pa1_candidate_000013
2024-06-28T16:00,30.4,70.0,420.0,283.0,137.0,2.15,100710.0,24.2,1.32,0.32,31.7,0.279,0,1,0,1.0,32.119861339477275,68.09663027266761,0.02313876982312412,31.937364064430238,0.22405005122545896,41779.9888,1.5272384029150827,357.0,0.005600113499126028,8.134009395471338e-06,0.45709908163863555,0.0,0.0,1.149293936250179,lhs_candidate_000013_june2024_preflight,pa1_candidate_000013
2024-06-28T17:00,29.8,73.0,298.0,229.0,69.0,1.91,100700.0,24.4,1.14,0.22,31.1,0.277,0,1,0,1.0,31.250742676631543,70.96891469056348,0.023021919556754193,32.026284121573624,0.22280281984531175,28651.5856,1.3229823594315322,253.29999999999998,0.005162380973500492,5.741703149373565e-06,0.4494001225019244,0.0,0.0,1.15246093139029,lhs_candidate_000013_june2024_preflight,pa1_candidate_000013
2024-06-28T18:00,29.3,77.0,64.0,36.0,28.0,1.25,100730.0,24.8,0.93,0.06,30.4,0.276,1,1,0,1.0,30.08524225623098,75.07002624145505,0.022872708768198285,32.029417876879535,0.22215811978105526,6617.1071999999995,1.062977894908299,54.4,0.00394151524922246,1.4403179976565983e-06,0.4454204924756498,0.0,0.0,1.1572351294631167,lhs_candidate_000013_june2024_preflight,pa1_candidate_000013
2024-06-28T19:00,28.9,79.0,1.0,0.0,1.0,1.17,100820.0,24.9,0.83,0.01,29.7,0.275,0,0,0,1.0,29.23044538788089,78.25478543339175,0.02276355634851236,31.95809021806128,0.23136424780483925,123.18239999999999,0.8827105412297716,0.85,0.0021940589322885845,2.988784814025266e-07,0.5022484432397485,0.0,0.0,1.1615433948022498,lhs_candidate_000013_june2024_preflight,pa1_candidate_000013
2024-06-28T20:00,28.5,82.0,0.0,0.0,0.0,1.2,100890.0,25.1,0.71,0.0,29.3,0.274,0,0,0,1.0,28.722086415240746,81.25501718726724,0.02299054508225612,31.863223102182683,0.23131635243096962,0.0,0.7388883002902555,0.0,0.002179231084550775,2.331928342322785e-07,0.5019527927837631,0.0,0.0,1.1643072838768516,lhs_candidate_000013_june2024_preflight,pa1_candidate_000013
2024-06-28T21:00,28.3,83.0,0.0,0.0,0.0,0.91,100940.0,25.2,0.64,0.0,29.0,0.274,0,0,0,1.0,28.43644583150654,82.80943133452296,0.023067388060850832,31.76204671196482,0.23127673443536442,0.0,0.6664880814110652,0.0,0.0016593257673485453,2.102408748439443e-07,0.501708237255336,0.0,0.0,1.1659875951148198,lhs_candidate_000013_june2024_preflight,pa1_candidate_000013
2024-06-28T22:00,28.1,84.0,0.0,0.0,0.0,1.04,100970.0,25.1,0.6,0.0,28.7,0.273,0,0,0,1.0,28.229821842039055,83.78450025183221,0.02307640300797083,31.658516666487554,0.23124022426571353,0.0,0.6211845511774241,0.0,0.001863966960813057,1.9586204354542707e-07,0.5014828658377378,0.0,0.0,1.1671337648073463,lhs_candidate_000013_june2024_preflight,pa1_candidate_000013
2024-06-28T23:00,27.8,85.0,0.0,0.0,0.0,1.03,100950.0,25.1,0.55,0.0,28.5,0.273,0,0,0,1.0,27.971476569498677,84.62182878589746,0.022979015353690416,31.552853807703674,0.231206107809123,0.0,0.5803194640082849,0.0,0.0018760798402068742,1.8290027311454626e-07,0.5012722704266853,0.0,0.0,1.167903717254534,lhs_candidate_000013_june2024_preflight,pa1_candidate_000013
2024-06-29T00:00,27.6,86.0,0.0,0.0,0.0,1.08,100960.0,25.1,0.52,0.0,28.3,0.272,0,0,0,1.0,27.73853249362675,85.66877370137945,0.022967340924693734,31.44436456110554,0.23117454775721488,0.0,0.5335177368286392,0.0,0.0019348482800418767,1.6808434318283922e-07,0.5010774552914499,0.0,0.0,1.1689236743328821,lhs_candidate_000013_june2024_preflight,pa1_candidate_000013
2024-06-29T01:00,27.4,87.0,0.0,0.0,0.0,0.89,100920.0,25.0,0.48,0.0,28.2,0.272,0,0,0,1.0,27.537821366672325,86.68678165611522,0.02298484390270694,31.334177056400218,0.23114554119051223,0.0,0.4898456746621491,0.0,0.0016288455586728442,1.5427034834719998e-07,0.5008984024105693,0.0,0.0,1.1692405060622697,lhs_candidate_000013_june2024_preflight,pa1_candidate_000013
2024-06-29T02:00,27.6,85.0,0.0,0.0,0.0,0.67,100890.0,24.9,0.54,0.0,28.1,0.271,0,0,0,1.0,27.57594458686025,85.82928840013095,0.022805331401290818,31.224681963726713,0.23111725968022576,0.0,0.5225587669772898,0.0,0.001169111805962015,1.6451554125645317e-07,0.5007238251865788,0.0,0.0,1.1687447502915722,lhs_candidate_000013_june2024_preflight,pa1_candidate_000013
2024-06-29T03:00,27.5,85.0,0.0,0.0,0.0,0.92,100900.0,24.7,0.56,0.0,28.0,0.271,0,0,0,1.0,27.576552351351793,85.1404120059989,0.0226230504198322,31.11967691036852,0.23108670271418105,0.0,0.5479812072157246,0.0,0.0016297430508712745,1.7245422037056134e-07,0.5005352019393893,0.0,0.0,1.1688582315075198,lhs_candidate_000013_june2024_preflight,pa1_candidate_000013
2024-06-29T04:00,27.4,85.0,0.0,0.0,0.0,0.94,100910.0,24.7,0.54,0.0,27.8,0.27,0,0,0,1.0,27.48689337666901,85.06048220435713,0.022490417203502363,31.01625990022047,0.231055628696028,0.0,0.5480500626356339,0.0,0.0016704831122360566,1.7240979359019565e-07,0.5003433870125186,0.0,0.0,1.1693226980119649,lhs_candidate_000013_june2024_preflight,pa1_candidate_000013
2024-06-29T05:00,27.3,86.0,0.0,0.0,0.0,0.92,100900.0,24.7,0.52,0.0,27.7,0.27,0,0,0,1.0,27.388371023306732,85.8761148565156,0.022583042982929413,30.913592740798553,0.23102542265324122,0.0,0.5151525852342402,0.0,0.0016389332494966705,1.6200025951770215e-07,0.5001569299582791,0.0,0.0,1.1695901090829273,lhs_candidate_000013_june2024_preflight,pa1_candidate_000013
2024-06-29T06:00,27.3,86.0,18.0,7.0,11.0,0.72,100960.0,24.8,0.51,0.01,27.6,0.269,1,0,0,1.0,27.389873065367087,86.812338145818,0.022831135613003817,30.815527819754106,0.23096480728051394,1971.0063999999998,0.48104717345479253,15.299999999999999,0.0013174473211394705,5.117468181946915e-07,0.4997827609908268,0.0,0.0,1.1702797548283421,lhs_candidate_000013_june2024_preflight,pa1_candidate_000013
2024-06-29T07:00,28.0,83.0,159.0,103.0,56.0,0.81,101000.0,24.7,0.66,0.11,28.4,0.269,0,0,0,1.0,28.129857027131557,90.25586027588452,0.024722905842667647,30.754097639786053,0.2399609851158545,15962.214399999997,0.3711157701034158,135.15,0.0014955540709122154,3.6686524831107583e-06,0.5553147229373735,0.0,0.0,1.1678679118628976,lhs_candidate_000013_june2024_preflight,pa1_candidate_000013
2024-06-29T08:00,28.7,78.0,264.0,139.0,125.0,1.02,101070.0,24.6,0.85,0.2,29.1,0.267,0,0,0,1.0,29.201378556465652,85.96657360364358,0.024967338447416488,30.758246719129623,0.2390893773851606,27629.8,0.5687088816421646,224.4,0.0020708452532142443,6.015911888962176e-06,0.5499344283034604,0.0,0.0,1.1645355782678661,lhs_candidate_000013_june2024_preflight,pa1_candidate_000013
2024-06-29T09:00,29.8,72.0,450.0,311.0,139.0,1.33,101050.0,24.2,1.16,0.34,30.2,0.265,0,1,0,1.0,30.655659115907106,76.6153816442657,0.024072472707336163,30.839104751187396,0.23763791708272541,44490.3536,1.0301550241016124,382.5,0.004088706756505772,1.0107997025081114e-05,0.540974796806947,0.0,0.0,1.1587317504848063,lhs_candidate_000013_june2024_preflight,pa1_candidate_000013
2024-06-29T10:00,30.7,68.0,632.0,372.0,260.0,1.65,101040.0,24.0,1.43,0.48,31.3,0.262,0,1,0,1.0,32.20211132684095,71.16495930550211,0.024287341613612384,31.01488142037384,0.23547949041175983,64763.42399999999,1.386778108533885,537.1999999999999,0.004804019625471037,1.3826574043591391e-05,0.5276511753812335,0.0,0.0,1.1527492786234983,lhs_candidate_000013_june2024_preflight,pa1_candidate_000013
2024-06-29T11:00,31.7,63.0,895.0,784.0,111.0,2.16,100950.0,23.9,1.71,0.67,32.4,0.258,0,1,0,1.0,33.927474757065276,64.79527775715644,0.024222598008089753,31.297241065036985,0.23252881889654312,82665.2464,1.8650821000024869,760.75,0.005758352740176464,1.8872816103578713e-05,0.509437153682365,0.0,0.0,1.1452513477548714,lhs_candidate_000013_june2024_preflight,pa1_candidate_000013
2024-06-29T12:00,32.0,62.0,827.0,711.0,116.0,2.5,100870.0,23.8,1.79,0.63,32.9,0.255,0,1,0,1.0,34.63279633205464,60.873058675007336,0.023611651978493117,31.634948882459522,0.2293106010104917,76857.1584,2.1557241878876474,702.9499999999999,0.00635788391852261,1.6891955149793535e-05,0.48957161117587467,0.0,0.0,1.141721366260116,lhs_candidate_000013_june2024_preflight,pa1_candidate_000013
2024-06-29T13:00,32.5,60.0,941.0,830.0,111.0,2.82,100810.0,23.8,1.94,0.72,33.5,0.251,0,1,0,1.0,35.27328226014629,58.58187420512342,0.023493141117433287,31.98245838058436,0.22612930685258012,86713.2464,2.3642158702598057,799.85,0.00686398418664169,1.842330377225121e-05,0.46993399291716126,0.0,0.0,1.1386727011907183,lhs_candidate_000013_june2024_preflight,pa1_candidate_000013
2024-06-29T14:00,32.5,59.0,838.0,728.0,110.0,2.91,100740.0,23.4,2.01,0.65,33.7,0.248,0,1,0,1.0,35.36656013522243,56.437135966689034,0.022742868119738295,32.33294170052149,0.2230469862096508,77614.064,2.4994639491131667,712.3,0.007019601998427556,1.585416008575246e-05,0.4509073222817951,0.0,0.0,1.1375380038359553,lhs_candidate_000013_june2024_preflight,pa1_candidate_000013
2024-06-29T15:00,32.2,60.0,681.0,555.0,126.0,3.01,100670.0,23.5,1.92,0.53,33.5,0.245,0,1,0,1.0,34.770315253396994,56.96433781683187,0.022254534708192154,32.62288560632143,0.22049635743898263,64360.98239999999,2.3892082361139892,578.85,0.007108062390177229,1.2531952131129414e-05,0.4351627002406335,0.0,0.0,1.138948730041532,lhs_candidate_000013_june2024_preflight,pa1_candidate_000013
2024-06-29T16:00,31.5,63.0,474.0,383.0,91.0,3.13,100620.0,23.6,1.71,0.38,32.9,0.243,0,1,0,1.0,33.61164116249789,59.61299920860766,0.02191871407058909,32.8232823222253,0.2185980820935398,44913.5984,2.1022698402873607,402.9,0.007197409704122877,8.604759857287095e-06,0.42344495119469006,0.0,0.0,1.1426828497902843,lhs_candidate_000013_june2024_preflight,pa1_candidate_000013
2024-06-29T17:00,30.8,68.0,292.0,207.0,85.0,2.19,100650.0,24.1,1.44,0.23,32.2,0.241,0,1,0,1.0,32.34537517034984,65.29875505192018,0.022455552360727937,32.923804644208,0.21734896806092488,28686.504,1.6824425451371203,248.2,0.005608101811982181,5.305554596757265e-06,0.4157343707464499,0.0,0.0,1.147761328771504,lhs_candidate_000013_june2024_preflight,pa1_candidate_000013
2024-06-29T18:00,29.9,74.0,91.0,59.0,32.0,1.77,100720.0,24.6,1.11,0.08,31.2,0.24,1,1,0,1.0,30.888889671719063,71.34483338888971,0.022699190423374097,32.926634274192956,0.21670796370513404,9133.836800000001,1.2792387938332026,77.35,0.004793150726208839,1.8331560863631425e-06,0.4117775537353953,0.0,0.0,1.1540616993853583,lhs_candidate_000013_june2024_preflight,pa1_candidate_000013
2024-06-29T19:00,29.2,78.0,1.0,0.0,1.0,1.58,100870.0,24.9,0.9,0.02,30.4,0.24,0,0,0,1.0,29.68173599386423,76.41067183451428,0.02277839712162031,32.84875033171967,0.2258711514419511,123.18239999999999,0.9827833851435663,0.85,0.002910829403537813,3.0816852791774134e-07,0.4683404409996982,0.0,0.0,1.1603876112466374,lhs_candidate_000013_june2024_preflight,pa1_candidate_000013
2024-06-29T20:00,28.8,80.0,0.0,0.0,0.0,1.3,100960.0,25.1,0.78,0.01,29.9,0.239,0,0,0,1.0,29.042033376399505,79.2849255357596,0.022827937152847855,32.73703008773214,0.22582185655913478,0.0,0.8317968295429798,0.0,0.0023507420483398185,2.4477676819972526e-07,0.46803615159959744,0.0,0.0,1.1638815392892718,lhs_candidate_000013_june2024_preflight,pa1_candidate_000013
2024-06-29T21:00,28.5,82.0,0.0,0.0,0.0,1.22,101020.0,25.1,0.71,0.0,29.5,0.239,0,0,0,1.0,28.68414424216818,81.44970575863063,0.02299793313879972,32.61784405361791,0.22578062050975128,0.0,0.7296089656124658,0.0,0.0021895866364893754,2.145886959856457e-07,0.4677816080848845,0.0,0.0,1.1659540794133822,lhs_candidate_000013_june2024_preflight,pa1_candidate_000013
2024-06-29T22:00,28.3,84.0,0.0,0.0,0.0,1.12,101050.0,25.2,0.63,0.0,29.2,0.239,0,0,0,1.0,28.442664374931777,83.54327580607578,0.023279727612470703,32.49536031042329,0.22574447864315914,0.0,0.6382668137456884,0.0,0.002002313094162183,1.8763409908059247e-07,0.46755851014295763,0.0,0.0,1.1672341697175108,lhs_candidate_000013_june2024_preflight,pa1_candidate_000013
2024-06-29T23:00,28.0,85.0,0.0,0.0,0.0,1.21,101080.0,25.3,0.55,0.0,29.0,0.239,0,0,0,1.0,28.18057473235277,84.50771549233166,0.023212844912768253,32.37097979555664,0.22571202275340235,0.0,0.5917828534466194,0.0,0.002171487523602423,1.738944607758012e-07,0.467358165144459,0.0,0.0,1.1685962332780173,lhs_candidate_000013_june2024_preflight,pa1_candidate_000013
2024-06-30T00:00,27.8,87.0,0.0,0.0,0.0,1.17,101070.0,25.3,0.5,0.0,28.8,0.238,0,0,0,1.0,27.947629952693607,86.43435671513822,0.023440485907039104,32.244259798194804,0.22568280152315973,0.0,0.5112103538606831,0.0,0.002086984919987422,1.501603813677651e-07,0.4671777871799983,0.0,0.0,1.1693846196087945,lhs_candidate_000013_june2024_preflight,pa1_candidate_000013
2024-06-30T01:00,27.6,87.0,0.0,0.0,0.0,1.0,101030.0,25.2,0.48,0.0,28.6,0.238,0,0,0,1.0,27.746764277764917,86.73024642818054,0.02326244870918832,32.11635837065471,0.22565640828620942,0.0,0.49423890516784663,0.0,0.0018111713639220061,1.4512464492843223e-07,0.4670148659642557,0.0,0.0,1.1697021394250968,lhs_candidate_000013_june2024_preflight,pa1_candidate_000013
2024-06-30T02:00,27.5,87.0,0.0,0.0,0.0,0.99,100980.0,25.1,0.49,0.0,28.4,0.238,0,0,0,1.0,27.607618351049904,86.86033547302051,0.02311958576651085,31.98809527983217,0.2256305548085155,0.0,0.4854350894175079,0.0,0.0017673695168725877,1.4249084885690944e-07,0.46685527659577464,0.0,0.0,1.169664147390751,lhs_candidate_000013_june2024_preflight,pa1_candidate_000013
2024-06-30T03:00,27.4,87.0,0.0,0.0,0.0,0.86,100910.0,25.0,0.49,0.0,28.3,0.238,0,0,0,1.0,27.50366981498193,86.92013062224498,0.023003380042113622,31.860837492112253,0.2256050490720133,0.0,0.4803003529487242,0.0,0.0015537121098788604,1.4093609267619757e-07,0.46669783377785984,0.0,0.0,1.169257449947229,lhs_candidate_000013_june2024_preflight,pa1_candidate_000013
2024-06-30T04:00,27.3,87.0,0.0,0.0,0.0,0.94,100890.0,24.9,0.49,0.0,28.2,0.238,0,0,0,1.0,27.402901429337337,86.90492047295196,0.02287191640567602,31.734867214397227,0.22557975348945464,0.0,0.478034189643187,0.0,0.001682586431243326,1.402241937616906e-07,0.46654168820651015,0.0,0.0,1.1694176543991919,lhs_candidate_000013_june2024_preflight,pa1_candidate_000013
2024-06-30T05:00,27.2,87.0,0.0,0.0,0.0,1.06,100940.0,24.8,0.48,0.0,28.0,0.237,0,0,0,1.0,27.302007246788232,86.86907675577639,0.02273554570571677,31.610165926415778,0.2255545573762088,0.0,0.4765212306663771,0.0,0.0018780686293742657,1.3973379107373536e-07,0.4663861566432642,0.0,0.0,1.1703900996256806,lhs_candidate_000013_june2024_preflight,pa1_candidate_000013
2024-06-30T06:00,27.2,87.0,19.0,9.0,10.0,0.94,100970.0,24.9,0.46,0.01,28.0,0.237,1,0,0,1.0,27.305554237969034,87.46589650505413,0.022896229399495212,31.49084373204924,0.22549801461951693,2023.824,0.45495708675049373,16.15,0.00168460643140088,4.882283903149767e-07,0.46603712728096874,0.0,0.0,1.1707241258880847,lhs_candidate_000013_june2024_preflight,pa1_candidate_000013
2024-06-30T07:00,28.1,82.0,180.0,129.0,51.0,0.72,101010.0,24.7,0.69,0.12,28.7,0.237,0,0,0,1.0,28.2178780671645,90.33762904732585,0.02486502017857555,31.413872514910054,0.2344763293953894,17634.3024,0.36988992324925674,153.0,0.0013437785650640206,3.883511410794963e-06,0.5214588234283296,0.0,0.0,1.1676424073656309,lhs_candidate_000013_june2024_preflight,pa1_candidate_000013
2024-06-30T08:00,29.5,73.0,405.0,330.0,75.0,0.32,101060.0,24.2,1.1,0.28,30.0,0.235,0,1,0,1.0,30.08936194384922,87.75594424275808,0.02674386867468207,31.43671603045343,0.23336247021064951,38278.68,0.5221920618913365,344.25,0.0027217789351936727,8.522370286511821e-06,0.5145831494484538,0.0,0.0,1.1610105563938775,lhs_candidate_000013_june2024_preflight,pa1_candidate_000013
2024-06-30T09:00,30.8,66.0,617.0,529.0,88.0,0.22,101050.0,23.7,1.5,0.45,31.4,0.233,0,1,0,1.0,32.13865322994102,73.050623717793,0.024846920958696422,31.578405702641135,0.23142894122515656,57392.0512,1.2914563641400991,524.4499999999999,0.0032535257023128036,1.2839049981593754e-05,0.5026477853404726,0.0,0.0,1.15310300422276,lhs_candidate_000013_june2024_preflight,pa1_candidate_000013
2024-06-30T10:00,31.9,61.0,775.0,666.0,109.0,0.22,100980.0,23.4,1.85,0.58,32.6,0.23,0,1,0,1.0,33.9418040975545,66.19593222635883,0.024764813886905906,31.82256678626051,0.22885841596696624,72034.88160000001,1.7923080722846918,658.75,0.0036690874704969675,1.566983056572187e-05,0.48678034547510024,0.0,0.0,1.1455382349706127,lhs_candidate_000013_june2024_preflight,pa1_candidate_000013
2024-06-30T11:00,32.6,59.0,871.0,744.0,127.0,0.58,100890.0,23.5,2.02,0.66,33.6,0.227,0,1,0,1.0,35.23120970684811,61.706975668815026,0.02469239998745841,32.137975905389595,0.22591421918876706,81116.1648,2.1807622591759466,740.35,0.0041220450236768395,1.7002400445345307e-05,0.4686062912886856,0.0,0.0,1.1397317928238289,lhs_candidate_000013_june2024_preflight,pa1_candidate_000013
2024-06-30T12:00,33.0,59.0,904.0,699.0,205.0,1.35,100790.0,23.9,2.08,0.7,34.2,0.223,0,1,0,1.0,35.95436599672541,58.87406894659099,0.024457892075154336,32.488861262196515,0.22285391195699697,86764.39199999999,2.43717974421011,768.4,0.0049348452808000275,1.6984338612016216e-05,0.44971550590738874,0.0,0.0,1.1359383311079243,lhs_candidate_000013_june2024_preflight,pa1_candidate_000013
2024-06-30T13:00,32.6,60.0,765.0,560.0,205.0,2.08,100760.0,24.0,1.95,0.6,34.2,0.221,0,1,0,1.0,35.571114448288185,57.3090729271351,0.02334043811624953,32.81686245291885,0.22007392812325158,74532.39199999999,2.4771895851391856,650.25,0.005850795953568674,1.393716511248969e-05,0.43255511187192336,0.0,0.0,1.137009973764292,lhs_candidate_000013_june2024_preflight,pa1_candidate_000013
2024-06-30T14:00,31.9,64.0,738.0,536.0,202.0,2.16,100720.0,24.1,1.71,0.57,34.0,0.222,0,1,0,1.0,34.79727528200622,60.462546983924746,0.023654406223693566,33.09227022554184,0.2176567865679951,72050.84479999999,2.1982767818718125,627.3,0.005942064879866599,1.293120153723257e-05,0.417634484987624,0.0,0.0,1.1394146526299334,lhs_candidate_000013_june2024_preflight,pa1_candidate_000013
2024-06-30T15:00,31.3,68.0,483.0,311.0,172.0,0.61,100700.0,24.8,1.44,0.37,33.3,0.221,0,1,0,1.0,33.67124862553392,65.51703350730624,0.024165129733961625,33.29166264271444,0.21574976772799975,48555.3728,1.800929302419327,410.55,0.0040275247072280845,8.316989349776311e-06,0.4058627637530849,0.0,0.0,1.1433691929503873,lhs_candidate_000013_june2024_preflight,pa1_candidate_000013
2024-06-30T16:00,31.2,69.0,323.0,196.0,127.0,0.51,100690.0,24.8,1.41,0.25,32.9,0.219,0,1,0,1.0,32.75546032416822,68.0539027982934,0.023917313613409416,33.39027761166144,0.21450465245325123,32892.1648,1.5850249576013784,274.55,0.0035395281821149448,5.551855560626325e-06,0.398176866995378,0.0,0.0,1.1466782119969443,lhs_candidate_000013_june2024_preflight,pa1_candidate_000013
2024-06-30T17:00,31.0,70.0,231.0,157.0,74.0,1.03,100730.0,24.8,1.36,0.18,32.4,0.219,0,1,0,1.0,32.13322760627823,69.06311345993032,0.023483861085971842,33.42693784440905,0.21364576106218588,22931.4976,1.4820900929467848,196.35,0.0038200654335540504,4.003746262938507e-06,0.39287506828509805,0.0,0.0,1.1494718448231982,lhs_candidate_000013_june2024_preflight,pa1_candidate_000013
2024-06-30T18:00,30.4,75.0,93.0,60.0,33.0,0.5,100750.0,25.4,1.1,0.06,31.6,0.218,1,1,0,1.0,31.237820943030076,73.39366337900596,0.023792028072215945,33.407573889500306,0.2131283718542851,9345.0192,1.211593560260921,79.05,0.003068603473846282,1.7494527550266946e-06,0.38968130774250065,0.0,0.0,1.1530821043218897,lhs_candidate_000013_june2024_preflight,pa1_candidate_000013
2024-06-30T19:00,29.9,78.0,1.0,0.0,1.0,0.72,100830.0,25.6,0.93,0.0,30.8,0.218,0,0,0,1.0,30.313812432663983,77.07754278819057,0.023775895723599467,33.32810810110222,0.22229961333263953,123.18239999999999,0.9902590315261834,0.85,0.0015954968627558729,2.9575958515507376e-07,0.4462939094607379,0.0,0.0,1.1575114784797778,lhs_candidate_000013_june2024_preflight,pa1_candidate_000013
2024-06-30T20:00,29.5,81.0,0.0,0.0,0.0,0.92,100920.0,25.8,0.79,0.0,30.3,0.217,0,0,0,1.0,29.739422941084296,80.23453047149492,0.023993181742994182,33.21816187736187,0.22225225629903633,0.0,0.8262081541031225,0.0,0.0017503656405202196,2.316857975720718e-07,0.4460015820928169,0.0,0.0,1.1607416891870643,lhs_candidate_000013_june2024_preflight,pa1_candidate_000013
2024-06-30T21:00,29.1,83.0,0.0,0.0,0.0,1.02,100990.0,26.0,0.68,0.0,30.0,0.217,0,0,0,1.0,29.32448549027072,82.3404194381537,0.024074790030079417,33.100655466379635,0.22221338184695635,0.0,0.7207593243060333,0.0,0.001895106588974633,2.020070260671721e-07,0.4457616163392368,0.0,0.0,1.1631402225744347,lhs_candidate_000013_june2024_preflight,pa1_candidate_000013
2024-06-30T22:00,28.9,85.0,0.0,0.0,0.0,1.08,101000.0,26.1,0.59,0.0,29.7,0.217,0,0,0,1.0,29.04670368207861,84.49592188879602,0.02433449044819524,32.97845212088098,0.22217957353009812,0.0,0.6227215338869581,0.0,0.0019397662447878717,1.7444829021689152e-07,0.4455529230252971,0.0,0.0,1.164324670737614,lhs_candidate_000013_june2024_preflight,pa1_candidate_000013
2024-06-30T23:00,28.6,87.0,0.0,0.0,0.0,1.03,100990.0,26.2,0.51,0.0,29.4,0.217,0,0,0,1.0,28.781628702036063,86.34797537112776,0.024511096745965938,32.854022355992356,0.2221502612253378,0.0,0.5399927927129315,0.0,0.0018825764833861123,1.5121135067041397e-07,0.44537198287245555,0.0,0.0,1.1652314859780326,lhs_candidate_000013_june2024_preflight,pa1_candidate_000013
