timestamp,temperature_outside,humidity_outside,shortwave_radiation,direct_radiation,diffuse_radiation,wind_speed,surface_pressure,dew_point_outside,vpd_outside_reference,et0_outside_reference,external_soil_temperature_context,external_soil_moisture_context,pump_state,fan_state,grow_light_state,vent_state,temperature_inside_true,humidity_inside_true,vapor_density_inside_true,soil_temperature_inside_true,soil_moisture_inside_true,light_lux_inside_true,vpd_inside,solar_inside,ventilation_rate_m3_s,evapotranspiration_rate_kg_s,water_stress_coefficient,condensation_rate_kg_s,drainage_rate_m3_s,air_density,simulation_id,parameter_set_id
2024-06-01T00:00,29.6,83.0,0.0,0.0,0.0,0.81,100950.0,26.4,0.72,0.0,29.8,0.176,0,0,0,1.0,29.6,83.00000000000001,0.024633318950427478,29.6,0.4,0.0,0.7049358805204089,0.0,0.0006315065443044719,4.3190152897940485e-07,1.0,0.0,0.0,1.1616214428759424,lhs_candidate_000001_june2024_preflight,pa1_candidate_000001
2024-06-01T01:00,29.3,84.0,0.0,0.0,0.0,1.1,100880.0,26.4,0.63,0.0,29.6,0.176,0,0,0,1.0,29.401636297399254,85.14535784603402,0.02499946296750326,29.580672508598006,0.39992928160300395,0.0,0.6089801122735348,0.0,0.0008881881709249297,3.7311115645698004e-07,1.0,0.0,0.0,1.1615770325252106,lhs_candidate_000001_june2024_preflight,pa1_candidate_000001
2024-06-01T02:00,28.9,85.0,0.0,0.0,0.0,1.0,100820.0,26.1,0.59,0.0,29.4,0.176,0,0,0,1.0,29.060168022497578,85.96875624167477,0.024776821334047315,29.554668087484192,0.39986447404541425,0.0,0.5640036216162918,0.0,0.000831913161813939,3.4555486996373106e-07,1.0,0.0,0.0,1.1621978550751768,lhs_candidate_000001_june2024_preflight,pa1_candidate_000001
2024-06-01T03:00,28.7,86.0,0.0,0.0,0.0,0.9,100780.0,26.1,0.54,0.0,29.2,0.176,0,0,0,1.0,28.790819090309434,87.06142976851471,0.024726018423634186,29.520926573587268,0.39980518061666576,0.0,0.5120451007580824,0.0,0.0007349541472923452,3.137208192049554e-07,1.0,0.0,0.0,1.1627730943099037,lhs_candidate_000001_june2024_preflight,pa1_candidate_000001
2024-06-01T04:00,28.7,86.0,0.0,0.0,0.0,0.92,100820.0,26.1,0.55,0.0,28.8,0.176,0,0,0,1.0,28.703120012331322,87.48031059803284,0.02472632908438687,29.483548719691544,0.3997501396748434,0.0,0.49295838469695363,0.0,0.0007184110946478693,3.0202673173147967e-07,1.0,0.0,0.0,1.163572564839837,lhs_candidate_000001_june2024_preflight,pa1_candidate_000001
2024-06-01T05:00,28.6,86.0,0.0,0.0,0.0,1.02,100840.0,26.1,0.53,0.0,28.5,0.176,0,0,0,1.0,28.634351313892054,87.37061601793238,0.024602738394464915,29.445866043360816,0.39969570347916117,0.0,0.4953003560176641,0.0,0.0008065264741353861,3.034616154169207e-07,1.0,0.0,0.0,1.1640685867274754,lhs_candidate_000001_june2024_preflight,pa1_candidate_000001
2024-06-01T06:00,28.6,86.0,19.0,2.0,17.0,1.02,100900.0,26.0,0.54,0.02,28.5,0.176,1,0,0,1.0,28.62814361144111,89.33811003218742,0.025148235251119273,29.41201400692823,0.39957773652107215,2270.1007999999997,0.4179886006991831,16.15,0.0008044970778384677,9.982051732063466e-07,1.0,2.5093418462636315e-07,0.0,1.1647851694698679,lhs_candidate_000001_june2024_preflight,pa1_candidate_000001
2024-06-01T07:00,29.0,84.0,156.0,58.0,98.0,1.02,100980.0,26.1,0.62,0.11,29.7,0.175,0,0,0,1.0,29.0993857688198,100.0,0.0288823331024805,29.416901055534417,0.4061458597681145,17175.875200000002,0.0,132.6,0.0008274413850484524,6.093122544038e-06,1.0,4.52127507517414e-06,0.0,1.163891209720844,lhs_candidate_000001_june2024_preflight,pa1_candidate_000001
2024-06-01T08:00,30.2,75.0,326.0,146.0,180.0,0.71,101020.0,25.4,1.06,0.24,30.6,0.175,0,0,0,1.0,30.342250997222376,99.99999999999999,0.030894061212867238,29.507691071223867,0.40445150299913774,35020.831999999995,8.881784197001252e-16,277.09999999999997,0.000617182429785378,1.2733063777925564e-05,1.0,1.0193018883128868e-05,0.0,1.1595839782697586,lhs_candidate_000001_june2024_preflight,pa1_candidate_000001
2024-06-01T09:00,31.6,66.0,535.0,311.0,224.0,0.32,101030.0,24.6,1.55,0.4,32.0,0.173,0,1,0,1.0,32.10523127583469,100.0,0.03395288747051244,29.714844351452204,0.4014248615508204,54960.857599999996,0.0,454.75,0.001959277943522078,2.089628564782263e-05,1.0,0.0,0.0,1.153001006569984,lhs_candidate_000001_june2024_preflight,pa1_candidate_000001
2024-06-01T10:00,32.7,61.0,673.0,368.0,305.0,0.2,100990.0,24.1,1.93,0.52,33.3,0.172,0,1,0,1.0,33.68277369176949,91.37788797929765,0.03372399852331902,30.032616488700672,0.3971434329966244,69954.632,0.45059364055421725,572.05,0.002119270626405538,2.65624262059559e-05,1.0,0.0,0.0,1.146618844340481,lhs_candidate_000001_june2024_preflight,pa1_candidate_000001
2024-06-01T11:00,33.3,58.0,730.0,349.0,381.0,0.86,100950.0,23.9,2.15,0.57,34.3,0.17,0,1,0,1.0,34.68977016505206,84.47115876767155,0.03286247814672476,30.414971584109775,0.392139449123893,77644.49440000001,0.8582767335346793,620.5,0.002469257700149625,2.9038539538189234e-05,1.0,0.0,0.0,1.1424153924040858,lhs_candidate_000001_june2024_preflight,pa1_candidate_000001
2024-06-01T12:00,33.6,57.0,685.0,331.0,354.0,1.64,100940.0,23.9,2.23,0.55,34.7,0.169,0,1,0,1.0,35.08959157927647,76.83356066436873,0.03051997150392964,30.80537449421204,0.38704455724578907,72734.5696,1.3090389768069377,582.25,0.002939060236222979,2.755708195028318e-05,1.0,0.0,0.0,1.1408205314983486,lhs_candidate_000001_june2024_preflight,pa1_candidate_000001
2024-06-01T13:00,33.3,58.0,601.0,271.0,330.0,1.64,100890.0,23.9,2.16,0.49,34.8,0.167,0,1,0,1.0,34.86639489468525,74.66635862338282,0.029316647037938227,31.15850779339429,0.38237128141551613,64498.191999999995,1.4139448929141851,510.84999999999997,0.002951970249285396,2.4340443778248237e-05,1.0,0.0,0.0,1.141081691877278,lhs_candidate_000001_june2024_preflight,pa1_candidate_000001
2024-06-01T14:00,33.5,57.0,537.0,197.0,340.0,1.7,100790.0,23.8,2.24,0.45,34.8,0.166,0,1,0,1.0,34.72665774699699,72.82220278904249,0.028385135647887094,31.462378536570608,0.37821111587157635,59218.015999999996,1.5051850105450226,456.45,0.0029348498275996475,2.189660237432487e-05,1.0,0.0,0.0,1.1404680699666268,lhs_candidate_000001_june2024_preflight,pa1_candidate_000001
2024-06-01T15:00,33.2,59.0,342.0,78.0,264.0,0.72,100790.0,24.0,2.1,0.28,34.3,0.164,0,1,0,1.0,34.26717007514418,72.32287653838671,0.027522076215747007,31.696589353481556,0.37495476485559387,39384.1536,1.4942603707915616,290.7,0.002319974781249427,1.4273505864084581e-05,1.0,0.0,0.0,1.142172695047143,lhs_candidate_000001_june2024_preflight,pa1_candidate_000001
2024-06-01T16:00,32.6,61.0,222.0,33.0,189.0,0.71,100770.0,24.1,1.93,0.19,33.7,0.164,0,1,0,1.0,33.46222704638426,70.55328991994178,0.02573816608768897,31.840096628548192,0.37280598459341374,26185.473599999998,1.520051438333208,188.7,0.0022568915461372986,9.602290245500579e-06,1.0,0.0,0.0,1.1449439794278367,lhs_candidate_000001_june2024_preflight,pa1_candidate_000001
2024-06-01T17:00,32.3,62.0,145.0,34.0,111.0,0.71,100740.0,24.2,1.82,0.13,33.1,0.163,0,1,0,1.0,32.82768580583042,69.4240901909232,0.024492278087512795,31.917998710363875,0.3713486491647982,16665.2464,1.5232101831755442,123.25,0.0021508332222773506,6.5967227574526325e-06,1.0,0.0,0.0,1.1469768164377332,lhs_candidate_000001_june2024_preflight,pa1_candidate_000001
2024-06-01T18:00,31.9,66.0,41.0,9.0,32.0,0.61,100810.0,24.7,1.61,0.05,32.4,0.163,1,0,0,1.0,32.25372486973835,77.68579366416904,0.02658560297432093,31.940710363078324,0.37055836485239785,4733.8368,1.0762976385014391,34.85,0.0006405315848810212,2.2608257873028965e-06,1.0,0.0,0.0,1.1499308728832958,lhs_candidate_000001_june2024_preflight,pa1_candidate_000001
2024-06-01T19:00,31.2,70.0,0.0,0.0,0.0,1.0,100940.0,25.1,1.35,0.03,31.7,0.162,0,0,0,1.0,31.519698550816436,73.33943103301056,0.02413560450838433,31.91548982412768,0.37749174279539893,0.0,1.2336473385438063,0.0,0.0008801314023941153,7.558335253769476e-07,1.0,0.0,0.0,1.154187818371614,lhs_candidate_000001_june2024_preflight,pa1_candidate_000001
2024-06-01T20:00,30.7,74.0,0.0,0.0,0.0,1.1,100990.0,25.5,1.14,0.01,31.1,0.162,0,0,0,1.0,30.910312658005473,75.1280447789319,0.023930369397162622,31.864088762982323,0.37736036647087956,0.0,1.111702766542174,0.0,0.0009194708440191621,6.811202804512351e-07,1.0,0.0,0.0,1.157073862421348,lhs_candidate_000001_june2024_preflight,pa1_candidate_000001
2024-06-01T21:00,30.2,78.0,0.0,0.0,0.0,1.2,101050.0,25.8,0.96,0.01,30.7,0.162,0,0,0,1.0,30.41015848238502,78.58983780730121,0.02436862729727433,31.800256997014117,0.3772478386416827,0.0,0.9300388849994667,0.0,0.000992637442258566,5.698180891927818e-07,1.0,0.0,0.0,1.159668860875868,lhs_candidate_000001_june2024_preflight,pa1_candidate_000001
2024-06-01T22:00,29.7,82.0,0.0,0.0,0.0,1.1,101080.0,26.2,0.77,0.0,30.2,0.162,0,0,0,1.0,29.922741966734065,82.23110151452606,0.02483545660444583,31.725576118489208,0.3771552019543002,0.0,0.7506113565708223,0.0,0.0009232030161313489,4.598860712451104e-07,1.0,0.0,0.0,1.1618787368293866,lhs_candidate_000001_june2024_preflight,pa1_candidate_000001
2024-06-01T23:00,29.2,85.0,0.0,0.0,0.0,1.3,101060.0,26.4,0.61,0.0,29.6,0.162,0,0,0,1.0,29.434980289798837,85.03827405551164,0.025013272348665384,31.64052699491565,0.37708033302538224,0.0,0.6145494611626066,0.0,0.0010726984654455276,3.765233963032965e-07,1.0,0.0,0.0,1.1635214014713013,lhs_candidate_000001_june2024_preflight,pa1_candidate_000001
2024-06-02T00:00,28.8,87.0,0.0,0.0,0.0,1.2,101050.0,26.5,0.5,0.0,29.1,0.162,0,0,0,1.0,29.00460680738489,87.14053110518546,0.02503864868719507,31.54600782392802,0.37701831041098427,0.0,0.5152460154222589,0.0,0.0009914234301785009,3.156819620206251e-07,1.0,0.0,0.0,1.1650633657853648,lhs_candidate_000001_june2024_preflight,pa1_candidate_000001
2024-06-02T01:00,28.4,89.0,0.0,0.0,0.0,1.12,100980.0,26.4,0.42,0.0,28.8,0.162,0,0,0,1.0,28.608933976850246,89.01064207195303,0.025029768541629076,31.443883437913094,0.3769662273412173,0.0,0.430347278378278,0.0,0.0009340914185996049,2.636660335497318e-07,1.0,0.0,0.0,1.1657828936618702,lhs_candidate_000001_june2024_preflight,pa1_candidate_000001
2024-06-02T02:00,28.4,91.0,0.0,0.0,0.0,1.14,100950.0,26.7,0.35,0.0,28.5,0.162,0,0,0,1.0,28.450765197311142,91.07508479899921,0.02538975276903384,31.337151222406852,0.3769235114950637,0.0,0.346311673100697,0.0,0.0009037131970369566,2.1217893038042986e-07,1.0,0.0,0.0,1.1660477439459322,lhs_candidate_000001_june2024_preflight,pa1_candidate_000001
2024-06-02T03:00,28.4,89.0,0.0,0.0,0.0,1.04,100940.0,26.5,0.41,0.0,28.3,0.162,0,0,0,1.0,28.432207768036598,90.36359698055003,0.025165839005555454,31.232259382450888,0.376884854642057,0.0,0.37351692068767006,0.0,0.0008212247438190093,2.2884709603033647e-07,1.0,0.0,0.0,1.1660039804628473,lhs_candidate_000001_june2024_preflight,pa1_candidate_000001
2024-06-02T04:00,28.3,89.0,0.0,0.0,0.0,1.04,100970.0,26.4,0.4,0.0,28.1,0.162,0,0,0,1.0,28.369121959777083,89.8692986303643,0.024941907252830808,31.129977907778798,0.3768422107953428,0.0,0.3912410234075283,0.0,0.0008329910643598058,2.3970633482925183e-07,1.0,0.0,0.0,1.1665945556527262,lhs_candidate_000001_june2024_preflight,pa1_candidate_000001
2024-06-02T05:00,28.0,90.0,0.0,0.0,0.0,1.12,101060.0,26.2,0.38,0.0,27.9,0.162,0,0,0,1.0,28.156538409102154,90.31245392775037,0.024774634528802682,31.027628107989397,0.3767999651144974,0.0,0.36953336439218276,0.0,0.0009192663157051285,2.2640644277045933e-07,1.0,0.0,0.0,1.1684582159745038,lhs_candidate_000001_june2024_preflight,pa1_candidate_000001
2024-06-02T06:00,28.0,91.0,19.0,4.0,15.0,1.36,101020.0,26.4,0.34,0.02,28.1,0.162,1,0,0,1.0,28.076302181291798,92.96183053199503,0.025389420012924335,30.927809265042256,0.37669757285672223,2199.736,0.2672221345535233,16.15,0.0010791273064437647,9.05833272376074e-07,1.0,0.0,0.0,1.1683068484955834,lhs_candidate_000001_june2024_preflight,pa1_candidate_000001
2024-06-02T07:00,30.2,77.0,168.0,87.0,81.0,1.21,101070.0,25.6,1.0,0.13,30.3,0.162,0,0,0,1.0,29.60560323006098,96.59055713895081,0.028675530699646803,30.881520723175335,0.38322446982678077,17633.7744,0.1414243217060447,142.79999999999998,0.0010963605313648607,6.648472415234727e-06,1.0,1.6811290154134071e-06,0.0,1.1629807465521413,lhs_candidate_000001_june2024_preflight,pa1_candidate_000001
2024-06-02T08:00,31.3,68.0,350.0,181.0,169.0,0.98,101090.0,24.7,1.45,0.27,31.3,0.161,0,0,0,1.0,31.45480256437168,100.0,0.032795513227206745,30.95593475809438,0.3813997038716984,36745.8256,0.0,297.5,0.0008151975487495855,1.3670467246239104e-05,1.0,2.2717534537287046e-06,0.0,1.1561492424785118,lhs_candidate_000001_june2024_preflight,pa1_candidate_000001
2024-06-02T09:00,32.0,65.0,510.0,248.0,262.0,0.73,101090.0,24.5,1.68,0.39,32.5,0.16,0,1,0,1.0,32.74419138776863,87.61809219371617,0.030774721388183567,31.140079028687605,0.3783472192762951,54097.788799999995,0.6139469396817372,433.5,0.002231887543421077,2.0295977943896773e-05,1.0,0.0,0.0,1.1512759040713076,lhs_candidate_000001_june2024_preflight,pa1_candidate_000001
2024-06-02T10:00,33.0,61.0,705.0,426.0,279.0,0.32,101060.0,24.4,1.98,0.54,33.9,0.159,0,1,0,1.0,34.08354082226875,90.53598263028783,0.03412334564529194,31.424735405551196,0.3740152946938435,71855.8896,0.5057620581707516,599.25,0.002178102473105132,2.7846098193782516e-05,1.0,0.0,0.0,1.1459168793508065,lhs_candidate_000001_june2024_preflight,pa1_candidate_000001
2024-06-02T11:00,34.0,57.0,821.0,573.0,248.0,0.14,100970.0,24.3,2.27,0.64,35.2,0.157,0,1,0,1.0,35.42300850916739,88.2339340943699,0.03566050657192228,31.800778106724085,0.36858687773768656,80973.23520000001,0.6771935008692767,697.85,0.0022520039627749724,3.2481914584071545e-05,1.0,0.0,0.0,1.1399265535339789,lhs_candidate_000001_june2024_preflight,pa1_candidate_000001
2024-06-02T12:00,34.6,55.0,860.0,673.0,187.0,0.8,100910.0,24.2,2.48,0.68,36.1,0.155,0,1,0,1.0,36.334901815328536,82.59696416851081,0.03499312348114537,32.22697997635841,0.36258267507107883,82259.1088,1.0530641076540332,731.0,0.0025203069523107927,3.42354843772295e-05,1.0,0.0,0.0,1.1358923851313074,lhs_candidate_000001_june2024_preflight,pa1_candidate_000001
2024-06-02T13:00,34.8,55.0,913.0,742.0,171.0,0.82,100810.0,24.4,2.5,0.72,36.7,0.154,0,1,0,1.0,36.81895500733319,81.67663483128884,0.035475082425168614,32.676212931649346,0.35622687401541575,86360.1904,1.1384677129828793,776.05,0.002590586101975211,3.6357908955272714e-05,1.0,0.0,0.0,1.1329946636525572,lhs_candidate_000001_june2024_preflight,pa1_candidate_000001
2024-06-02T14:00,34.6,56.0,656.0,386.0,270.0,0.92,100820.0,24.6,2.42,0.53,36.4,0.153,0,1,0,1.0,36.451065994464,75.64564029204084,0.0322403399010323,33.07086536647307,0.35056576137642054,67227.248,1.4830868269152893,557.6,0.002599208012682635,2.6531022078583462e-05,1.0,0.0,0.0,1.1344534875210535,lhs_candidate_000001_june2024_preflight,pa1_candidate_000001
2024-06-02T15:00,32.6,66.0,461.0,246.0,215.0,1.2,100830.0,25.5,1.67,0.37,35.5,0.161,0,1,0,1.0,34.675287490000265,77.02662197573322,0.02994364687149348,33.33131813685562,0.34648232153359326,48132.216,1.268716822168387,391.84999999999997,0.002784221713248542,1.8783278254122796e-05,1.0,0.0,0.0,1.1411110797889004,lhs_candidate_000001_june2024_preflight,pa1_candidate_000001
2024-06-02T16:00,31.5,71.0,398.0,260.0,138.0,1.0,100840.0,25.6,1.34,0.3,34.3,0.165,0,1,0,1.0,33.05179701168252,82.95154069000111,0.029613334342098403,33.47995815114638,0.3433473565102374,39879.1712,0.8600573884308931,338.3,0.002577766288508277,1.607221586839808e-05,1.0,0.0,0.0,1.147275054421144,lhs_candidate_000001_june2024_preflight,pa1_candidate_000001
2024-06-02T17:00,30.9,73.0,171.0,95.0,76.0,0.42,100820.0,25.5,1.21,0.13,33.2,0.165,0,1,0,1.0,31.8426895736425,80.64136959196485,0.02700000665978127,33.52762076291938,0.34125248641123757,17721.862399999998,0.9123085389258088,145.35,0.002162547641910602,7.237954736937302e-06,1.0,0.0,0.0,1.1515948449408628,lhs_candidate_000001_june2024_preflight,pa1_candidate_000001
2024-06-02T18:00,30.7,73.0,54.0,19.0,35.0,0.64,100860.0,25.3,1.19,0.05,32.3,0.165,1,0,0,1.0,31.096738460458518,82.55764174351756,0.02656119586087333,33.475663370477356,0.34035906390199006,5983.383999999999,0.787940066016668,45.9,0.0006754608167618685,2.591914503514104e-06,1.0,0.0,0.0,1.154876332877667,lhs_candidate_000001_june2024_preflight,pa1_candidate_000001
2024-06-02T19:00,30.4,75.0,0.0,0.0,0.0,0.89,100910.0,25.5,1.08,0.03,31.6,0.165,0,0,0,1.0,30.61828065681434,79.23956200028373,0.024846976819146348,33.37504341839463,0.347284872974473,0.0,0.9126034975719812,0.0,0.000771807996234159,5.591357410581968e-07,1.0,0.0,0.0,1.1572687659324772,lhs_candidate_000001_june2024_preflight,pa1_candidate_000001
2024-06-02T20:00,29.7,84.0,0.0,0.0,0.0,1.02,100970.0,26.7,0.67,0.0,30.9,0.164,0,0,0,1.0,30.025251914798194,82.83918805311102,0.02515816966400639,33.25300770619859,0.34718958352203405,0.0,0.7291997192971271,0.0,0.000896058953533239,4.467675463806442e-07,1.0,0.0,0.0,1.1602218976709857,lhs_candidate_000001_june2024_preflight,pa1_candidate_000001
2024-06-02T21:00,29.5,84.0,0.0,0.0,0.0,0.94,101010.0,26.6,0.64,0.0,30.2,0.164,0,0,0,1.0,29.644543062001944,85.18181582161286,0.02534198073554028,33.120956635226,0.3471178433046419,0.0,0.6160392743242413,0.0,0.0007829191772369604,3.7743617801888833e-07,1.0,0.0,0.0,1.1621408731165965,lhs_candidate_000001_june2024_preflight,pa1_candidate_000001
2024-06-02T22:00,29.1,86.0,0.0,0.0,0.0,0.94,101030.0,26.5,0.57,0.0,29.6,0.164,0,0,0,1.0,29.31050542677651,86.49244005569415,0.025269556787028115,32.98493341323743,0.34705308858203593,0.0,0.5508543177776559,0.0,0.0008048056603758185,3.3749852811781874e-07,1.0,0.0,0.0,1.1636547007192564,lhs_candidate_000001_june2024_preflight,pa1_candidate_000001
2024-06-02T23:00,29.0,86.0,0.0,0.0,0.0,0.98,101020.0,26.4,0.55,0.0,29.2,0.164,0,0,0,1.0,29.098564563239098,87.09334532568968,0.02515346560407181,32.84544634170089,0.3469946385135774,0.0,0.5199510986187974,0.0,0.0007972457033314196,3.1856468182921265e-07,1.0,0.0,0.0,1.164355411559847,lhs_candidate_000001_june2024_preflight,pa1_candidate_000001
2024-06-03T00:00,28.6,87.0,0.0,0.0,0.0,0.98,100980.0,26.3,0.49,0.0,28.9,0.164,0,0,0,1.0,28.810864604512357,87.59440717786849,0.024904612414172727,32.70494084291688,0.34693858360878543,0.0,0.49152238088742495,0.0,0.0008335262465086355,3.011469180376472e-07,1.0,0.0,0.0,1.1650032983598657,lhs_candidate_000001_june2024_preflight,pa1_candidate_000001
2024-06-03T01:00,28.2,90.0,0.0,0.0,0.0,1.17,100930.0,26.3,0.39,0.0,28.5,0.164,0,0,0,1.0,28.42889214093919,89.61859497898088,0.024953831503523777,32.55980949040521,0.34688876464553553,0.0,0.4023165414932319,0.0,0.000976068172146617,2.464921054612178e-07,1.0,0.0,0.0,1.1659012839452823,lhs_candidate_000001_june2024_preflight,pa1_candidate_000001
2024-06-03T02:00,28.1,93.0,0.0,0.0,0.0,1.24,100880.0,26.8,0.27,0.0,28.3,0.164,0,0,0,1.0,28.213722488789955,92.48086670385769,0.02544913910797353,32.4110240389815,0.34685073830186636,0.0,0.28777407418926604,0.0,0.0009972915048158954,1.7631399688610164e-07,1.0,0.0,0.0,1.1661557302705952,lhs_candidate_000001_june2024_preflight,pa1_candidate_000001
2024-06-03T03:00,27.9,93.0,0.0,0.0,0.0,1.2,100840.0,26.7,0.26,0.0,28.2,0.164,0,0,0,1.0,28.04388023232695,93.12515782844542,0.02538881286905388,32.26272785710803,0.346821272371669,0.0,0.26052892888956203,0.0,0.0009753026467651455,1.5962138662554685e-07,1.0,0.0,0.0,1.166350667747484,lhs_candidate_000001_june2024_preflight,pa1_candidate_000001
2024-06-03T04:00,27.9,93.0,0.0,0.0,0.0,1.2,100820.0,26.6,0.28,0.0,28.0,0.164,0,0,0,1.0,27.96543756918305,93.27502034407145,0.02532038619772651,32.11558299179971,0.34679295714355995,0.0,0.25368843815542563,0.0,0.0009538480316788214,1.554303410444056e-07,1.0,0.0,0.0,1.1664231229491806,lhs_candidate_000001_june2024_preflight,pa1_candidate_000001
2024-06-03T05:00,28.0,92.0,0.0,0.0,0.0,1.33,100840.0,26.5,0.31,0.0,27.8,0.164,0,0,0,1.0,28.0127490594992,92.65894045265718,0.025218574994335236,31.973009637356615,0.34676396764308737,0.0,0.27769299075595644,0.0,0.001040157814200836,1.7013749847123721e-07,1.0,0.0,0.0,1.1664712333364515,lhs_candidate_000001_june2024_preflight,pa1_candidate_000001
2024-06-03T06:00,28.0,92.0,25.0,13.0,12.0,1.3,100880.0,26.7,0.29,0.01,28.0,0.164,1,0,0,1.0,28.084695070791945,94.64833292403067,0.025861939140732208,31.842162868559157,0.3466485342720294,2622.1888,0.20328901003097277,21.25,0.0010353419323513105,1.101013464508341e-06,1.0,1.0902277132404854e-06,0.0,1.1666552280552878,lhs_candidate_000001_june2024_preflight,pa1_candidate_000001
2024-06-03T07:00,29.5,86.0,196.0,139.0,57.0,1.1,100930.0,27.0,0.56,0.14,30.5,0.164,0,0,0,1.0,29.260087374242303,100.0,0.029135951838138406,31.769634531487988,0.3530707640251719,19253.396800000002,0.0,166.6,0.0009282161298143115,7.655461657893898e-06,1.0,6.376444187825583e-06,0.0,1.1626967228867153,lhs_candidate_000001_june2024_preflight,pa1_candidate_000001
2024-06-03T08:00,31.3,72.0,419.0,337.0,82.0,0.7,100950.0,25.6,1.3,0.31,31.6,0.163,0,0,0,1.0,31.353487345727498,100.0,0.03261830857045099,31.826699266132213,0.35090887727637377,39756.9568,0.0,356.15,0.0005707541631874688,1.6365502217640525e-05,1.0,8.005873528256462e-06,0.0,1.1549322304850969,lhs_candidate_000001_june2024_preflight,pa1_candidate_000001
2024-06-03T09:00,32.9,62.0,633.0,534.0,99.0,0.6,100950.0,24.6,1.91,0.48,33.3,0.162,0,1,0,1.0,33.534234968995044,92.20031851593575,0.03376279974930607,32.03051355793015,0.34720329755761375,59187.05760000001,0.4042463026417691,538.05,0.00212886378370878,2.497169091216129e-05,1.0,0.0,0.0,1.1467198236200353,lhs_candidate_000001_june2024_preflight,pa1_candidate_000001
2024-06-03T10:00,34.0,56.0,763.0,643.0,120.0,0.63,100900.0,24.0,2.35,0.59,34.8,0.16,0,1,0,1.0,35.200336285311856,85.18653644909271,0.03403326215963428,32.350432681063396,0.3422246398591523,71365.888,0.8421808525076644,648.55,0.0023162758019055502,3.031760765045349e-05,1.0,0.0,0.0,1.1399588869704065,lhs_candidate_000001_june2024_preflight,pa1_candidate_000001
2024-06-03T11:00,35.0,53.0,910.0,785.0,125.0,0.45,100830.0,23.9,2.65,0.71,36.1,0.158,0,1,0,1.0,36.595146455155536,83.9291332883088,0.0360368223073319,32.75660213966221,0.3362417890969015,84477.8,0.9863913712290371,773.5,0.002359304779741967,3.614755908368876e-05,1.0,0.0,0.0,1.134038257625768,lhs_candidate_000001_june2024_preflight,pa1_candidate_000001
2024-06-03T12:00,35.4,51.0,950.0,825.0,125.0,0.36,100780.0,23.9,2.79,0.75,36.9,0.156,0,1,0,1.0,37.42416551944848,80.50326218594685,0.03606579537671212,33.21874263221248,0.32957841929118714,87997.8,1.2519328026234389,807.5,0.0024447247579388485,3.7872590654257105e-05,1.0,0.0,0.0,1.1304503062091311,lhs_candidate_000001_june2024_preflight,pa1_candidate_000001
2024-06-03T13:00,36.0,50.0,931.0,796.0,135.0,0.32,100720.0,23.8,2.98,0.74,37.4,0.154,0,1,0,1.0,37.982050386044406,78.45253107537759,0.03616087662633387,33.68667752806904,0.32281850065657175,86677.624,1.4260826957486774,791.35,0.002425653996137663,3.72371780809416e-05,1.0,0.0,0.0,1.1277515037696033,lhs_candidate_000001_june2024_preflight,pa1_candidate_000001
2024-06-03T14:00,35.5,54.0,757.0,594.0,163.0,0.8,100580.0,24.7,2.68,0.61,37.3,0.153,0,1,0,1.0,37.62625491638281,74.83375422904675,0.033873434721913766,34.104163395272494,0.3167125721510905,72350.7312,1.6338029287199394,643.4499999999999,0.0026040327997322787,3.056826938457442e-05,1.0,0.0,0.0,1.1274732616835037,lhs_candidate_000001_june2024_preflight,pa1_candidate_000001
2024-06-03T15:00,34.7,56.0,570.0,403.0,167.0,1.08,100620.0,24.5,2.44,0.46,36.6,0.154,0,1,0,1.0,36.556289153636165,71.89781628256527,0.030809306032801194,34.41224433737355,0.31186216753208607,56035.4608,1.7211868316474357,484.5,0.0026779735213079392,2.3298033313401604e-05,0.9991491822968276,0.0,0.0,1.1318183666461468,lhs_candidate_000001_june2024_preflight,pa1_candidate_000001
2024-06-03T16:00,33.0,64.0,347.0,220.0,127.0,1.06,100620.0,25.4,1.78,0.28,35.4,0.158,0,1,0,1.0,34.75038828003812,72.69743095851487,0.028371576595064465,34.58801320419545,0.3084960760921913,35004.1648,1.5140836240824411,294.95,0.002648507579038433,1.416773295882714e-05,0.9783708400752551,0.0,0.0,1.138456720655696,lhs_candidate_000001_june2024_preflight,pa1_candidate_000001
2024-06-03T17:00,32.6,66.0,150.0,87.0,63.0,0.82,100610.0,25.4,1.66,0.13,34.2,0.158,0,1,0,1.0,33.40133725941662,71.88458549582302,0.026139892178056196,34.625270598047706,0.3066414401829667,15416.491199999999,1.4463967258871118,127.5,0.0022967676665953994,6.521846542737866e-06,0.9669224702652265,0.0,0.0,1.1433531242335293,lhs_candidate_000001_june2024_preflight,pa1_candidate_000001
2024-06-03T18:00,32.1,70.0,65.0,43.0,22.0,1.04,100630.0,25.8,1.45,0.06,33.3,0.158,1,0,0,1.0,32.58073538263558,74.06679981349366,0.02579076648748859,34.57593604480563,0.3057637785238269,6494.0127999999995,1.2741119456484329,55.25,0.0009525638650644488,3.1916445531016395e-06,0.9615048057026353,0.0,0.0,1.1466498552314213,lhs_candidate_000001_june2024_preflight,pa1_candidate_000001
2024-06-03T19:00,31.4,75.0,0.0,0.0,0.0,1.04,100720.0,26.5,1.13,0.03,32.4,0.158,0,0,0,1.0,31.78743293597782,77.08652331968953,0.025733874458998093,34.476696473650215,0.3126184625765482,0.0,1.0764655961007463,0.0,0.0009270340905456514,6.595311001993727e-07,1.0,0.0,0.0,1.1506610858347768,lhs_candidate_000001_june2024_preflight,pa1_candidate_000001
2024-06-03T20:00,31.1,79.0,0.0,0.0,0.0,1.12,100810.0,26.9,0.96,0.01,31.9,0.157,0,0,0,1.0,31.27308645257975,79.5709784957943,0.02584327557278797,34.348833016465846,0.3125062533695628,0.0,0.9321583960777113,0.0,0.0009234964658330743,5.711166754907397e-07,1.0,0.0,0.0,1.1536351464460095,lhs_candidate_000001_june2024_preflight,pa1_candidate_000001
2024-06-03T21:00,30.7,82.0,0.0,0.0,0.0,1.0,100890.0,27.3,0.8,0.0,31.4,0.157,0,0,0,1.0,30.8990305034161,82.55788747527659,0.02628105862328958,34.214552621936654,0.31241219573464307,0.0,0.7791098512716017,0.0,0.0008437340322745431,4.773465861302253e-07,1.0,0.0,0.0,1.1559710235892966,lhs_candidate_000001_june2024_preflight,pa1_candidate_000001
2024-06-03T22:00,30.2,86.0,0.0,0.0,0.0,1.1,100900.0,27.6,0.61,0.0,30.9,0.157,0,0,0,1.0,30.452513945809756,85.7915249714911,0.026662456061999698,34.074000625074014,0.31233492014730807,0.0,0.6187002652591604,0.0,0.0009314974459636974,3.7906651928133547e-07,1.0,0.0,0.0,1.1577858878055776,lhs_candidate_000001_june2024_preflight,pa1_candidate_000001
2024-06-03T23:00,29.5,91.0,0.0,0.0,0.0,1.32,100890.0,27.9,0.36,0.0,30.2,0.157,0,0,0,1.0,29.851539149486157,89.80169389344252,0.027017641910309895,33.924461333105974,0.3122768826887487,0.0,0.42904959456871783,0.0,0.0011151277504690344,2.6287096603087163e-07,1.0,0.0,0.0,1.1599672727700838,lhs_candidate_000001_june2024_preflight,pa1_candidate_000001
2024-06-04T00:00,29.3,90.0,0.0,0.0,0.0,1.4,100870.0,27.5,0.4,0.0,29.7,0.157,0,0,0,1.0,29.46641535286557,90.37666604392166,0.02662892018115928,33.76566438933563,0.3122330808336141,0.0,0.39599252198678014,0.0,0.0011308269138038788,2.426174925076032e-07,1.0,0.0,0.0,1.161213261778414,lhs_candidate_000001_june2024_preflight,pa1_candidate_000001
2024-06-04T01:00,29.1,90.0,0.0,0.0,0.0,1.43,100790.0,27.2,0.42,0.0,29.2,0.157,0,0,0,1.0,29.246246708641817,90.24749500975739,0.026274686082222283,33.60487738914788,0.3121892117112271,0.0,0.3962476165639637,0.0,0.0011488414352993203,2.427737843647272e-07,1.0,0.0,0.0,1.161137089068437,lhs_candidate_000001_june2024_preflight,pa1_candidate_000001
2024-06-04T02:00,28.5,88.0,0.0,0.0,0.0,1.33,100750.0,26.4,0.45,0.0,28.7,0.157,0,0,0,1.0,28.80851740301918,88.51064904987628,0.025161893362247813,33.44150399705355,0.31214259714072057,0.0,0.45515810139275503,0.0,0.0011124779876665676,2.788671783507018e-07,1.0,0.0,0.0,1.1623588303504975,lhs_candidate_000001_june2024_preflight,pa1_candidate_000001
2024-06-04T03:00,28.1,91.0,0.0,0.0,0.0,1.41,100730.0,26.4,0.36,0.0,28.4,0.157,0,0,0,1.0,28.350553722996583,90.31281391750875,0.02503952930019196,33.270714812780426,0.31209569802684256,0.0,0.37370959483235877,0.0,0.0011578135079219523,2.2896514401169954e-07,1.0,0.0,0.0,1.163893301345547,lhs_candidate_000001_june2024_preflight,pa1_candidate_000001
2024-06-04T04:00,27.8,92.0,0.0,0.0,0.0,1.4,100720.0,26.3,0.31,0.0,28.1,0.157,0,0,0,1.0,28.0087994653177,91.704437756815,0.02495338085175806,33.0951103036619,0.31205832175878684,0.0,0.313727169604769,0.0,0.0011408608358382552,1.9221499143248377e-07,1.0,0.0,0.0,1.1650984076066817,lhs_candidate_000001_june2024_preflight,pa1_candidate_000001
2024-06-04T05:00,27.8,91.0,0.0,0.0,0.0,1.2,100840.0,26.3,0.33,0.0,27.8,0.157,0,0,0,1.0,27.88300219176213,91.55716094391774,0.02474175230829499,32.918800359557515,0.3120240722355704,0.0,0.31696584228812874,0.0,0.0009587023653880833,1.9419926790706794e-07,1.0,0.0,0.0,1.1669739888075423,lhs_candidate_000001_june2024_preflight,pa1_candidate_000001
2024-06-04T06:00,27.8,92.0,26.0,14.0,12.0,1.41,100860.0,26.5,0.28,0.01,28.0,0.157,1,0,0,1.0,27.908675308016196,94.32949216358324,0.02552691353394736,32.752775916974855,0.3119024134992535,2710.1888,0.21320413217411271,22.099999999999998,0.001125084850879934,1.1454563367329034e-06,0.999397614192923,0.0,0.0,1.1671059046669807,lhs_candidate_000001_june2024_preflight,pa1_candidate_000001
2024-06-04T07:00,30.5,76.0,199.0,144.0,55.0,1.02,100870.0,25.8,1.04,0.14,30.5,0.157,0,0,0,1.0,29.785255956064283,99.63346686387885,0.029868251459272736,32.65358673899001,0.3183048208408773,19447.032000000003,0.015361701600034472,169.15,0.0010037080995666024,7.782048929576273e-06,1.0,4.274621581727576e-06,0.0,1.1599910800430489,lhs_candidate_000001_june2024_preflight,pa1_candidate_000001
2024-06-04T08:00,32.3,63.0,427.0,348.0,79.0,0.58,100910.0,24.4,1.78,0.32,32.0,0.156,0,0,0,1.0,32.31256507975313,100.0,0.03432908596924144,32.705297739501965,0.3161042128097228,40355.4096,0.0,362.95,0.00045936286636982977,1.6677970040411708e-05,1.0,5.494200685050731e-06,0.0,1.1508498371751645,lhs_candidate_000001_june2024_preflight,pa1_candidate_000001
2024-06-04T09:00,33.6,58.0,638.0,545.0,93.0,0.5,100910.0,24.2,2.19,0.49,33.8,0.155,0,1,0,1.0,34.35127405728096,86.49994127860488,0.03306218931489923,32.90713208246214,0.3123350707518548,59415.9632,0.7322680373911368,542.3,0.002123958936708887,2.5367956315665355e-05,1.0,0.0,0.0,1.143219794333786,lhs_candidate_000001_june2024_preflight,pa1_candidate_000001
2024-06-04T10:00,34.7,54.0,812.0,710.0,102.0,0.81,100880.0,24.1,2.54,0.64,35.3,0.153,0,1,0,1.0,36.014826434005386,81.37394056899278,0.033910658173621454,33.23013825305184,0.3072093432153513,75044.60479999999,1.1074742570199483,690.1999999999999,0.0024256309180708552,3.143605923383824e-05,0.9704280445392056,0.0,0.0,1.1367303193236888,lhs_candidate_000001_june2024_preflight,pa1_candidate_000001
2024-06-04T11:00,35.5,52.0,925.0,818.0,107.0,0.91,100820.0,24.1,2.77,0.73,36.5,0.152,0,1,0,1.0,37.33637060933896,77.11380455877871,0.03439267138035978,33.64167187516799,0.30126088408168117,85164.5168,1.462586727848838,786.25,0.0025903528164810184,3.45707614972877e-05,0.9337091609980319,0.0,0.0,1.13121876611962,lhs_candidate_000001_june2024_preflight,pa1_candidate_000001
2024-06-04T12:00,36.0,51.0,971.0,854.0,117.0,0.95,100750.0,24.2,2.92,0.77,37.3,0.15,0,1,0,1.0,38.23005434259002,73.35907181250519,0.034242012808912134,34.10185005518335,0.2950026127034785,89564.3408,1.78697017880833,825.35,0.00268773939057202,3.492649868065664e-05,0.8950778561943117,0.0,0.0,1.1271889262270474,lhs_candidate_000001_june2024_preflight,pa1_candidate_000001
2024-06-04T13:00,36.0,52.0,945.0,833.0,112.0,0.95,100670.0,24.4,2.87,0.75,37.7,0.148,0,1,0,1.0,38.53362066146102,70.89974965605239,0.03360748573520298,34.56710770309072,0.28891732569530754,87100.4288,1.9841464849851809,803.25,0.0027456205259130517,3.2693517234665885e-05,0.8575143561438737,0.0,0.0,1.1251969265101924,lhs_candidate_000001_june2024_preflight,pa1_candidate_000001
2024-06-04T14:00,36.1,51.0,827.0,693.0,134.0,1.48,100590.0,24.4,2.91,0.67,37.7,0.147,0,1,0,1.0,38.45909743576414,65.46998464422258,0.030916736388314426,34.989202760853004,0.2834806245314188,77490.4416,2.3449306821158657,702.9499999999999,0.0029810067721684477,2.7798623789534794e-05,0.8239544724161655,0.0,0.0,1.1245716437819449,lhs_candidate_000001_june2024_preflight,pa1_candidate_000001
2024-06-04T15:00,35.3,54.0,617.0,439.0,178.0,1.87,100570.0,24.4,2.65,0.51,37.2,0.146,0,1,0,1.0,37.56415767773508,62.61296171700272,0.028252063959551807,35.31801605323141,0.27915025082121747,60558.4672,2.4190215865462275,524.4499999999999,0.003201036068421032,2.03939182586085e-05,0.7972237705013424,0.0,0.0,1.12758647132955,lhs_candidate_000001_june2024_preflight,pa1_candidate_000001
2024-06-04T16:00,32.7,64.0,276.0,103.0,173.0,2.19,100640.0,25.1,1.77,0.25,35.6,0.15,0,1,0,1.0,34.90571288912832,64.56539931424555,0.025402607838307025,35.47647663786717,0.2764784807793954,30374.555199999995,1.9820151872428933,234.6,0.003402199506087428,9.364470562262676e-06,0.7807313628357742,0.0,0.0,1.1381088742505046,lhs_candidate_000001_june2024_preflight,pa1_candidate_000001
2024-06-04T17:00,32.3,67.0,175.0,96.0,79.0,0.57,100660.0,25.5,1.57,0.14,34.4,0.15,0,1,0,1.0,33.239463933442515,71.14754470258481,0.025652126688928717,35.47229176915125,0.2751033803402595,18179.4096,1.4709291948148766,148.75,0.0022164753201838654,5.97441654550315e-06,0.7722430885201204,0.0,0.0,1.1445256973706968,lhs_candidate_000001_june2024_preflight,pa1_candidate_000001
2024-06-04T18:00,31.9,69.0,64.0,33.0,31.0,0.41,100610.0,25.5,1.46,0.05,33.5,0.15,1,1,0,1.0,32.439945089093015,71.2607940895294,0.02462913819194957,35.396309064217995,0.2743359349304732,6722.6544,1.4008256578116653,54.4,0.0020077976421756056,2.5772868781928863e-06,0.7675057711757605,0.0,0.0,1.1469501363709302,lhs_candidate_000001_june2024_preflight,pa1_candidate_000001
2024-06-04T19:00,31.3,74.0,0.0,0.0,0.0,0.94,100760.0,26.0,1.21,0.03,32.6,0.15,0,0,0,1.0,31.68012111731911,75.80012996346363,0.02516000477381948,35.26634196308254,0.28124866457017356,0.0,1.1300128615874714,0.0,0.000857495884975891,5.609167260471267e-07,0.8101769417911948,0.0,0.0,1.1515232974770082,lhs_candidate_000001_june2024_preflight,pa1_candidate_000001
2024-06-04T20:00,30.9,77.0,0.0,0.0,0.0,0.92,100750.0,26.5,1.02,0.0,32.0,0.15,0,0,0,1.0,31.13142923527493,77.68843064204566,0.025041144350970265,35.109497347325586,0.2811522444183616,0.0,1.0098923793011063,0.0,0.0007971004682051949,5.00922953754734e-07,0.8095817556688989,0.0,0.0,1.153485278365633,lhs_candidate_000001_june2024_preflight,pa1_candidate_000001
2024-06-04T21:00,30.6,80.0,0.0,0.0,0.0,1.08,100780.0,26.9,0.86,0.0,31.5,0.15,0,0,0,1.0,30.780244051083063,80.36585146852129,0.02542055632803844,34.946424724740005,0.2810684245257633,0.0,0.8711063843983564,0.0,0.000896240045212523,4.318067098323865e-07,0.8090643489244649,0.0,0.0,1.1551619734595966,lhs_candidate_000001_june2024_preflight,pa1_candidate_000001
2024-06-04T22:00,30.4,82.0,0.0,0.0,0.0,1.06,100830.0,27.1,0.77,0.0,31.2,0.15,0,0,0,1.0,30.538180668204465,82.49020809749125,0.025755009966315714,34.780965733722184,0.2809956646305533,0.0,0.7661960397903775,0.0,0.0008690738538818039,3.7959189976510525e-07,0.8086152137688476,0.0,0.0,1.1566562960111255,lhs_candidate_000001_june2024_preflight,pa1_candidate_000001
2024-06-04T23:00,30.2,84.0,0.0,0.0,0.0,1.03,100850.0,27.2,0.68,0.0,30.9,0.15,0,0,0,1.0,30.336754181533422,84.36306234682743,0.026055452829772747,34.61529945217496,0.280931391094671,0.0,0.6764090974636265,0.0,0.0008464508096518714,3.349448717884518e-07,0.808218463547352,0.0,0.0,1.1576535569544655,lhs_candidate_000001_june2024_preflight,pa1_candidate_000001
2024-06-05T00:00,30.0,85.0,0.0,0.0,0.0,0.89,100830.0,27.2,0.62,0.0,30.7,0.15,0,0,0,1.0,30.139531646673078,85.63714875589802,0.026168974628784113,34.44985933083227,0.2808740967621511,0.0,0.6143194916563219,0.0,0.0007447114845548625,3.040661696246362e-07,0.8078647948280931,0.0,0.0,1.1581766251110106,lhs_candidate_000001_june2024_preflight,pa1_candidate_000001
2024-06-05T01:00,29.8,86.0,0.0,0.0,0.0,0.81,100770.0,27.2,0.59,0.0,30.5,0.149,0,0,0,1.0,29.942169926897908,86.65605459085697,0.02619939800698111,34.284671288111085,0.28082163385329767,0.0,0.5643169297231418,0.0,0.0006880122775368304,2.7920472200682676e-07,0.807540949711714,0.0,0.0,1.158241149747908,lhs_candidate_000001_june2024_preflight,pa1_candidate_000001
2024-06-05T02:00,29.6,89.0,0.0,0.0,0.0,0.81,100750.0,27.6,0.45,0.0,30.3,0.149,0,0,0,1.0,29.745289379095777,88.78757668499733,0.026559306790246907,34.11972572678862,0.2807752094196771,0.0,0.4688438711760896,0.0,0.000689236101780285,2.3188559897120116e-07,0.8072543791338093,0.0,0.0,1.1587639735910888,lhs_candidate_000001_june2024_preflight,pa1_candidate_000001
2024-06-05T03:00,29.5,89.0,0.0,0.0,0.0,0.85,100720.0,27.5,0.46,0.0,30.2,0.149,0,0,0,1.0,29.60642859610214,89.65610364253752,0.02661804106915882,33.95562483890137,0.2807359442759267,0.0,0.42908711081910633,0.0,0.0007035898323220892,2.1215857408604677e-07,0.8070120017032512,0.0,0.0,1.1589502469718953,lhs_candidate_000001_june2024_preflight,pa1_candidate_000001
2024-06-05T04:00,29.4,89.0,0.0,0.0,0.0,0.95,100730.0,27.4,0.44,0.0,30.1,0.149,0,0,0,1.0,29.501219315360267,89.63463293964159,0.026460221100327308,33.79386896018444,0.28069789888873964,0.0,0.4273822132382499,0.0,0.000775714125698051,2.1125410674997026e-07,0.8067771536341953,0.0,0.0,1.1594682341739346,lhs_candidate_000001_june2024_preflight,pa1_candidate_000001
2024-06-05T05:00,29.2,89.0,0.0,0.0,0.0,1.02,100760.0,27.3,0.43,0.0,29.9,0.149,0,0,0,1.0,29.34116618590044,89.5062628438379,0.02619367946900962,33.63413492959576,0.2806598033611799,0.0,0.42870413049432265,0.0,0.0008405787023722962,2.1184576127394682e-07,0.8065419960566661,0.0,0.0,1.1604272305380556,lhs_candidate_000001_june2024_preflight,pa1_candidate_000001
2024-06-05T06:00,29.2,89.0,25.0,13.0,12.0,1.17,100760.0,27.2,0.43,0.02,29.9,0.149,1,0,0,1.0,29.310380091109124,91.28830973410695,0.02667053226588139,33.48171926350917,0.2805536092759732,2622.1888,0.35527049595731697,21.25,0.0009434376155634785,9.62333046410993e-07,0.8058864770121804,1.4717758783547956e-07,0.0,1.1605453452567736,lhs_candidate_000001_june2024_preflight,pa1_candidate_000001
2024-06-05T07:00,30.2,83.0,185.0,123.0,62.0,0.98,100870.0,26.9,0.74,0.13,30.9,0.149,0,0,0,1.0,30.20318523105533,100.0,0.030663163426109342,33.382201893343876,0.2871160865580276,18461.308800000003,0.0,157.25,0.0007651364164460849,6.115900872864911e-06,0.8463955960372075,3.79284828909398e-06,0.0,1.158392961893377,lhs_candidate_000001_june2024_preflight,pa1_candidate_000001
2024-06-05T08:00,32.0,69.0,414.0,327.0,87.0,0.64,100910.0,25.6,1.47,0.31,32.3,0.148,0,0,0,1.0,32.204624875678846,100.0,0.03413279044318642,33.405531355369966,0.28534541234208427,39492.8688,0.0,351.9,0.0005962287070602444,1.3509652573357887e-05,0.8354655082844709,1.9987737587235594e-06,0.0,1.1512566525830992,lhs_candidate_000001_june2024_preflight,pa1_candidate_000001
2024-06-05T09:00,33.4,62.0,624.0,526.0,98.0,0.64,100870.0,25.0,1.96,0.48,34.0,0.147,0,1,0,1.0,34.327599408027744,82.5193848257319,0.03150171278993763,33.57641736141443,0.2822902514396082,58359.875199999995,0.9469348172698888,530.4,0.002242425707001972,2.0376504188798533e-05,0.8166064903679517,0.0,0.0,1.1428546190556015,lhs_candidate_000001_june2024_preflight,pa1_candidate_000001
2024-06-05T10:00,34.5,57.0,795.0,683.0,112.0,0.63,100840.0,24.7,2.37,0.62,35.5,0.146,0,1,0,1.0,36.10818833537379,77.12964719273951,0.03229719105940738,33.87212863950281,0.27817781046378104,73900.4288,1.3668132646379902,675.75,0.0024222638769602436,2.5231178333472402e-05,0.7912210522455619,0.0,0.0,1.135936562331106,lhs_candidate_000001_june2024_preflight,pa1_candidate_000001
2024-06-05T11:00,35.4,54.0,905.0,782.0,123.0,1.03,100800.0,24.7,2.63,0.72,36.7,0.145,0,1,0,1.0,37.527945289730226,71.27604713083069,0.03210162037533983,34.258540231970244,0.27340018249693676,83967.43519999999,1.8548537965604943,769.25,0.0027055603403943647,2.7791212560792534e-05,0.7617295215860294,0.0,0.0,1.1302969525480784,lhs_candidate_000001_june2024_preflight,pa1_candidate_000001
2024-06-05T12:00,35.5,54.0,831.0,696.0,135.0,1.62,100740.0,24.8,2.64,0.67,37.2,0.143,0,1,0,1.0,37.97700411767538,65.35877839915582,0.030117882837434096,34.66584689392953,0.268667922785406,77877.624,2.2920449179187017,706.35,0.003080262691145642,2.4804445186810496e-05,0.7325180418852224,0.0,0.0,1.1279937367115174,lhs_candidate_000001_june2024_preflight,pa1_candidate_000001
2024-06-05T13:00,35.1,56.0,805.0,547.0,258.0,1.48,100700.0,24.9,2.5,0.65,37.3,0.142,0,1,0,1.0,37.74249851405739,65.69066645101617,0.029911557499269832,35.04006974765565,0.2643509585679945,79917.0592,2.241452758715231,684.25,0.0030267269446066962,2.3163390703767836e-05,0.70587011461725,0.0,0.0,1.1283963591844095,lhs_candidate_000001_june2024_preflight,pa1_candidate_000001
2024-06-05T14:00,35.2,54.0,550.0,255.0,295.0,1.24,100620.0,24.6,2.59,0.46,37.1,0.141,0,1,0,1.0,37.19802377437312,62.01785948769035,0.02746489114428725,35.3328169034804,0.26086256514917805,58778.808000000005,2.4091355431099504,467.5,0.002788172328669721,1.5711139442685906e-05,0.6843368219085065,0.0,0.0,1.1294780036516305,lhs_candidate_000001_june2024_preflight,pa1_candidate_000001
2024-06-05T15:00,34.0,59.0,452.0,267.0,185.0,1.0,100640.0,24.9,2.16,0.37,36.5,0.144,0,1,0,1.0,36.05365459176056,64.43571576430739,0.02690592768350423,35.52142142740766,0.2583088860116822,46284.744000000006,2.119101260149669,384.2,0.0026786973147596245,1.2671315443680255e-05,0.6685733704424829,0.0,0.0,1.1338835599002814,lhs_candidate_000001_june2024_preflight,pa1_candidate_000001
2024-06-05T16:00,31.1,80.0,284.0,151.0,133.0,1.0,100700.0,27.2,0.92,0.22,35.0,0.157,0,1,0,1.0,33.45215837606243,78.04095608302816,0.02845461568542205,35.60117868649869,0.25647248839025116,29671.259199999997,1.132897147890528,241.4,0.002740673574389763,7.74667102569176e-06,0.6572375826558714,0.0,0.0,1.1441862160367489,lhs_candidate_000001_june2024_preflight,pa1_candidate_000001
2024-06-05T17:00,30.7,80.0,153.0,74.0,79.0,1.63,100770.0,26.9,0.87,0.13,33.6,0.172,0,1,0,1.0,31.713132885847287,80.7902119454475,0.026863616229134933,35.551280272972235,0.25539936814472713,16243.409599999999,0.8986796633964986,130.04999999999998,0.0028528682872362853,4.246262059795981e-06,0.6506133836094268,0.0,0.0,1.15151287744316,lhs_candidate_000001_june2024_preflight,pa1_candidate_000001
2024-06-05T18:00,30.0,83.0,44.0,18.0,26.0,1.66,100810.0,26.7,0.74,0.05,32.3,0.178,1,1,0,1.0,30.658890957557652,82.02837444843851,0.02577770980343024,35.42069605842293,0.2548891854997532,4786.7424,0.7918442564103976,37.4,0.0028100569962045572,1.4268307386518994e-06,0.6474641080231679,0.0,0.0,1.1559673938914776,lhs_candidate_000001_june2024_preflight,pa1_candidate_000001
2024-06-05T19:00,29.7,81.0,0.0,0.0,0.0,1.51,100900.0,26.0,0.81,0.03,31.3,0.178,0,0,0,1.0,29.99022153808195,81.82271443108607,0.024802457424359842,35.23894700803693,0.2619302273247693,0.0,0.7708415731061695,0.0,0.0012402039105057655,3.263116847325669e-07,0.6909273291652425,0.0,0.0,1.1595515249189612,lhs_candidate_000001_june2024_preflight,pa1_candidate_000001
2024-06-05T20:00,29.6,80.0,0.0,0.0,0.0,1.4,100990.0,25.8,0.83,0.01,30.9,0.178,0,0,0,1.0,29.727379590215193,80.78044962324425,0.024140677919672983,35.04225729428113,0.26186990827599205,0.0,0.8028325345692227,0.0,0.0011216985086204175,3.396709113886685e-07,0.6905549893579757,0.0,0.0,1.1615929880674623,lhs_candidate_000001_june2024_preflight,pa1_candidate_000001
2024-06-05T21:00,29.5,81.0,0.0,0.0,0.0,1.17,101070.0,25.8,0.8,0.0,30.5,0.179,0,0,0,1.0,29.608949200563245,81.50460247010523,0.024201245712284967,34.84767206011449,0.2618097933264347,0.0,0.7673402024452738,0.0,0.0009430090550702442,3.24479980872542e-07,0.6901839094224366,0.0,0.0,1.1629678937552779,lhs_candidate_000001_june2024_preflight,pa1_candidate_000001
2024-06-05T22:00,29.3,81.0,0.0,0.0,0.0,1.12,101060.0,25.7,0.77,0.0,30.2,0.179,0,0,0,1.0,29.448097076482895,81.75906956842756,0.024065855244192864,34.65606723645107,0.2617522651365173,0.0,0.7498083017973847,0.0,0.0009166590594323094,3.1690324770849347e-07,0.6898287971389956,0.0,0.0,1.1634709660516047,lhs_candidate_000001_june2024_preflight,pa1_candidate_000001
2024-06-05T23:00,28.6,86.0,0.0,0.0,0.0,1.32,101060.0,26.1,0.54,0.0,29.9,0.179,0,0,0,1.0,28.961038520870353,84.80108736307113,0.02430866627208981,34.46294695693199,0.2616996218113319,0.0,0.6074499884667581,0.0,0.0011176097582600286,2.566151789139161e-07,0.6895038383415548,0.0,0.0,1.1653466952238873,lhs_candidate_000001_june2024_preflight,pa1_candidate_000001
2024-06-06T00:00,28.1,89.0,0.0,0.0,0.0,1.24,101030.0,26.1,0.42,0.0,29.5,0.178,0,0,0,1.0,28.412794084265,88.04639927234498,0.024494473259302246,34.261385319142335,0.2616593068780435,0.0,0.4628121099485951,0.0,0.001048562075915321,1.954428344769833e-07,0.6892549807286636,0.0,0.0,1.1671187421862241,lhs_candidate_000001_june2024_preflight,pa1_candidate_000001
2024-06-06T01:00,27.9,90.0,0.0,0.0,0.0,1.17,100930.0,26.2,0.37,0.0,29.2,0.178,0,0,0,1.0,28.090287900589274,89.69605346367908,0.0245162884035763,34.0547093128343,0.2616272750162779,0.0,0.39153423566853185,0.0,0.0009656471418353653,1.652951749428683e-07,0.6890572531869007,0.0,0.0,1.1672117962984756,lhs_candidate_000001_june2024_preflight,pa1_candidate_000001
2024-06-06T02:00,27.7,92.0,0.0,0.0,0.0,1.17,100860.0,26.3,0.3,0.0,28.8,0.178,0,0,0,1.0,27.87825779721592,91.39270554004497,0.024690872454769926,33.848301419162404,0.261600001305133,0.0,0.3230505859176267,0.0,0.0009623890770733506,1.3634990617085886e-07,0.6888888969452654,0.0,0.0,1.1672238353114992,lhs_candidate_000001_june2024_preflight,pa1_candidate_000001
2024-06-06T03:00,27.5,92.0,0.0,0.0,0.0,1.12,100840.0,26.1,0.28,0.0,28.5,0.178,0,0,0,1.0,27.678035190489577,91.88723261092608,0.024552600281074043,33.64331927304553,0.26157664867496616,0.0,0.30095485799661903,0.0,0.0009254948178493491,1.2699738588321722e-07,0.6887447449071985,0.0,0.0,1.1677690980761897,lhs_candidate_000001_june2024_preflight,pa1_candidate_000001
2024-06-06T04:00,27.5,92.0,0.0,0.0,0.0,1.02,100860.0,26.1,0.3,0.0,28.3,0.178,0,0,0,1.0,27.59547513541731,92.07578653156588,0.024491395241275873,33.44101810288085,0.26155413672362554,0.0,0.29254660549877265,0.0,0.0008263496227957985,1.2342435138934458e-07,0.6886057822446021,0.0,0.0,1.168321343637819,lhs_candidate_000001_june2024_preflight,pa1_candidate_000001
2024-06-06T05:00,27.9,91.0,0.0,0.0,0.0,1.1,100920.0,26.2,0.35,0.0,28.2,0.178,0,0,0,1.0,27.817031476770566,91.67055259901593,0.024682723187137424,33.246836297592374,0.26153145109485854,0.0,0.31150860180598183,0.0,0.0008827797064481555,1.3139762239855272e-07,0.6884657474991268,0.0,0.0,1.1681557900093948,lhs_candidate_000001_june2024_preflight,pa1_candidate_000001
2024-06-06T06:00,28.1,91.0,21.0,8.0,13.0,1.2,100950.0,26.4,0.36,0.02,28.4,0.178,1,0,0,1.0,28.114911889982626,92.73109833010851,0.02538010888339805,33.07116542266908,0.2614578502752035,2305.3712,0.2766031548403953,17.849999999999998,0.0009397607384710188,6.809233973350864e-07,0.6880114214518736,4.6135987966614e-08,0.0,1.1673476662928475,lhs_candidate_000001_june2024_preflight,pa1_candidate_000001
2024-06-06T07:00,29.3,87.0,167.0,87.0,80.0,1.1,100970.0,26.9,0.54,0.12,30.5,0.178,0,0,0,1.0,29.216682017590202,100.0,0.029067262171070685,32.95192651261028,0.2681685635979308,17510.592,0.0,141.95,0.0008827688720174549,4.757937440202929e-06,0.7294355777650049,1.8419430376446501e-06,0.0,1.1633244898424464,lhs_candidate_000001_june2024_preflight,pa1_candidate_000001
2024-06-06T08:00,30.1,80.0,359.0,210.0,149.0,0.85,101030.0,26.3,0.86,0.26,30.9,0.178,0,1,0,1.0,30.674571916650887,94.5216983237953,0.029728842467041893,32.94336084611984,0.2668261922137272,36834.177599999995,0.24159449131054966,305.15,0.0022489965183152124,1.0218696272176479e-05,0.7211493346526372,0.0,0.0,1.1584302964749829,lhs_candidate_000001_june2024_preflight,pa1_candidate_000001
2024-06-06T09:00,32.0,65.0,551.0,405.0,146.0,0.92,101010.0,24.6,1.66,0.42,32.3,0.176,0,1,0,1.0,32.72678628143453,81.89481226011114,0.0287380050168141,33.058872961534284,0.26449737122190153,53624.6304,0.896853445865168,468.34999999999997,0.0023334429220808577,1.5598999767967275e-05,0.7067738964314909,0.0,0.0,1.15043027268256,lhs_candidate_000001_june2024_preflight,pa1_candidate_000001
2024-06-06T10:00,33.6,56.0,779.0,643.0,136.0,0.61,100980.0,23.6,2.28,0.6,34.2,0.174,0,1,0,1.0,35.078998096780346,74.36791909758792,0.029524298899052708,33.31794579654302,0.26115157784757514,73336.8064,1.4475148537372426,662.15,0.0023833357849206826,2.1484790749835063e-05,0.6861208509109576,0.0,0.0,1.1413118344218771,lhs_candidate_000001_june2024_preflight,pa1_candidate_000001
2024-06-06T11:00,34.5,53.0,914.0,794.0,120.0,0.92,100920.0,23.5,2.57,0.71,35.6,0.172,0,1,0,1.0,36.82479189532965,67.82230655671101,0.029466476384027773,33.69943317719231,0.25701540869782336,84653.888,1.999901667829965,776.9,0.002695279224805573,2.439208321962307e-05,0.6605889425791566,0.0,0.0,1.1342095861144976,lhs_candidate_000001_june2024_preflight,pa1_candidate_000001
2024-06-06T12:00,35.0,52.0,952.0,811.0,141.0,1.48,100830.0,23.6,2.7,0.76,36.5,0.169,0,1,0,1.0,37.7934041964548,62.77541706393086,0.028658359049726266,34.13956101962404,0.25261256588601255,88736.7184,2.438622674698129,809.1999999999999,0.0030500440059938938,2.4498921848697412e-05,0.6334109005309417,0.0,0.0,1.1296681050424024,lhs_candidate_000001_june2024_preflight,pa1_candidate_000001
2024-06-06T13:00,35.1,52.0,862.0,700.0,162.0,1.32,100730.0,23.7,2.72,0.69,36.8,0.167,0,1,0,1.0,37.99425306582347,60.52313686348014,0.02791405775097,34.56970930446298,0.2484808482215685,81555.54879999999,2.6144339158404524,732.6999999999999,0.002981912415741299,2.1440997700740835e-05,0.6079064705035092,0.0,0.0,1.127819239380044,lhs_candidate_000001_june2024_preflight,pa1_candidate_000001
2024-06-06T14:00,34.5,55.0,726.0,441.0,285.0,1.0,100690.0,24.1,2.48,0.58,36.6,0.165,0,1,0,1.0,37.36646477655212,61.377794126493775,0.027416563656285697,34.93314435211027,0.24497901061550198,73914.984,2.472265776423005,617.1,0.0028294541454567585,1.751317253863868e-05,0.5862901889845802,0.0,0.0,1.1296506500453607,lhs_candidate_000001_june2024_preflight,pa1_candidate_000001
2024-06-06T15:00,34.3,56.0,551.0,389.0,162.0,0.8,100680.0,24.3,2.38,0.44,36.2,0.164,0,1,0,1.0,36.55171259798623,61.6759416689419,0.026422859261191516,35.199008712716434,0.24223236445722693,54187.5488,2.3466635484088565,468.34999999999997,0.002631764658457737,1.3071364163795408e-05,0.5693355830693021,0.0,0.0,1.1325100084400135,lhs_candidate_000001_june2024_preflight,pa1_candidate_000001
2024-06-06T16:00,31.5,70.0,320.0,143.0,177.0,0.45,100690.0,25.4,1.38,0.25,34.9,0.172,0,1,0,1.0,34.08358744235343,68.93411184141154,0.025981584359977116,35.33362702086966,0.24037901196426423,34387.2848,1.6601816838973238,272.0,0.0025971106831856805,7.540441671202184e-06,0.557895135581878,0.0,0.0,1.1417212851131902,lhs_candidate_000001_june2024_preflight,pa1_candidate_000001
2024-06-06T17:00,30.4,76.0,152.0,65.0,87.0,0.71,100710.0,25.8,1.03,0.12,33.3,0.174,0,1,0,1.0,31.795376559839923,75.42213197440266,0.025188915026359362,35.31048496997297,0.23937489934519726,16436.8688,1.1551772390381587,129.2,0.002405640522538199,3.665830078430879e-06,0.5516969095382547,0.0,0.0,1.1505168713012028,lhs_candidate_000001_june2024_preflight,pa1_candidate_000001
2024-06-06T18:00,30.1,76.0,32.0,8.0,24.0,0.64,100820.0,25.4,1.03,0.04,32.3,0.174,1,1,0,1.0,30.63907888509284,75.98773373138928,0.023853983001090016,35.18395755064548,0.23895326338894934,3660.3776,1.056803945835481,27.2,0.002117623627255604,1.041827238478111e-06,0.5490942184503046,0.0,0.0,1.1561574574920985,lhs_candidate_000001_june2024_preflight,pa1_candidate_000001
2024-06-06T19:00,29.7,76.0,0.0,0.0,0.0,0.73,100910.0,25.1,0.99,0.02,31.4,0.173,0,0,0,1.0,30.010497402142885,77.86270246126449,0.023627965570098913,35.00809847461283,0.24602880509257055,0.0,0.9398656443740543,0.0,0.0006976514266589369,3.41340177784023e-07,0.592770401805991,0.0,0.0,1.1595888854174214,lhs_candidate_000001_june2024_preflight,pa1_candidate_000001
2024-06-06T20:00,29.4,78.0,0.0,0.0,0.0,0.7,100970.0,25.1,0.91,0.0,30.9,0.173,0,0,0,1.0,29.612738890438482,78.65806612635087,0.02336082055083046,34.81803092331853,0.24596855670549161,0.0,0.885630835653771,0.0,0.0006399456855533291,3.214413943946903e-07,0.592398498182047,0.0,0.0,1.161802695379748,lhs_candidate_000001_june2024_preflight,pa1_candidate_000001
2024-06-06T21:00,28.8,86.0,0.0,0.0,0.0,0.85,101020.0,26.2,0.56,0.0,30.5,0.173,0,0,0,1.0,29.131272015365457,83.97402435298014,0.024295788613659358,34.62355957622024,0.2459174246956739,0.0,0.6468349212566351,0.0,0.0007831736287900131,2.3464487823456664e-07,0.5920828684918142,0.0,0.0,1.1642294259219417,lhs_candidate_000001_june2024_preflight,pa1_candidate_000001
2024-06-06T22:00,28.9,85.0,0.0,0.0,0.0,0.89,101050.0,26.1,0.6,0.0,29.9,0.173,0,0,0,1.0,28.96222105747161,85.80096773516966,0.02459687216157933,34.42529353986792,0.2458793127790591,0.0,0.5675268889793541,0.0,0.0007170798205018125,2.0579341123658629e-07,0.5918476097472785,0.0,0.0,1.1652268218821837,lhs_candidate_000001_june2024_preflight,pa1_candidate_000001
2024-06-06T23:00,28.6,87.0,0.0,0.0,0.0,0.72,101010.0,26.3,0.49,0.0,29.5,0.173,0,0,0,1.0,28.795308503180284,86.89192762688532,0.02468392491690732,34.23088315656514,0.24584341402023982,0.0,0.5188879758781995,0.0,0.0006464668255716282,1.8808579316941628e-07,0.5916260124706162,0.0,0.0,1.16540944581462,lhs_candidate_000001_june2024_preflight,pa1_candidate_000001
2024-06-07T00:00,28.4,88.0,0.0,0.0,0.0,0.63,100950.0,26.2,0.48,0.0,29.2,0.173,0,0,0,1.0,28.571949140559354,88.17344092537004,0.02474428044115161,34.03704458259108,0.24581156002983334,0.0,0.4621405270778576,0.0,0.0005760531018301915,1.6746038198972634e-07,0.5914293829002059,0.0,0.0,1.1655794112176388,lhs_candidate_000001_june2024_preflight,pa1_candidate_000001
2024-06-07T01:00,28.4,87.0,0.0,0.0,0.0,0.67,100840.0,26.0,0.51,0.0,28.9,0.173,0,0,0,1.0,28.486289610237332,88.05591005688727,0.024595824941963038,33.84527579959824,0.2457817225643796,0.0,0.4644203526469588,0.0,0.0005642071734014367,1.6823408786257028e-07,0.5912452010146889,0.0,0.0,1.1646399834196457,lhs_candidate_000001_june2024_preflight,pa1_candidate_000001
2024-06-07T02:00,28.6,85.0,0.0,0.0,0.0,0.67,100780.0,25.8,0.59,0.0,28.6,0.173,0,0,0,1.0,28.58928891609403,86.75314566862929,0.02436878485902065,33.660031625349184,0.24574991113285477,0.0,0.5181612969176785,0.0,0.0005277306872283458,1.8763915188340928e-07,0.5910488341534246,0.0,0.0,1.1635497046913725,lhs_candidate_000001_june2024_preflight,pa1_candidate_000001
2024-06-07T03:00,28.5,84.0,0.0,0.0,0.0,0.76,100740.0,25.6,0.61,0.0,28.5,0.173,0,0,0,1.0,28.597030459233117,85.37076459192487,0.023990624895044697,33.483219141141596,0.24571425301232297,0.0,0.5724910848740876,0.0,0.0006341920103650271,2.0723612020251433e-07,0.59082872229829,0.0,0.0,1.1630580471080083,lhs_candidate_000001_june2024_preflight,pa1_candidate_000001
2024-06-07T04:00,28.6,84.0,0.0,0.0,0.0,0.95,100710.0,25.6,0.63,0.0,28.3,0.173,0,0,0,1.0,28.62396187110646,84.85566674472184,0.023880992653484038,33.31189689591778,0.24567610241839388,0.0,0.5935743868394137,0.0,0.0007491279185029754,2.1478242342100406e-07,0.5905932248049005,0.0,0.0,1.1626079280731545,lhs_candidate_000001_june2024_preflight,pa1_candidate_000001
2024-06-07T05:00,28.1,88.0,0.0,0.0,0.0,1.0,100740.0,25.9,0.46,0.0,28.1,0.173,0,0,0,1.0,28.36240745275108,87.09039916231126,0.02416178060649656,33.144432281707346,0.24563979201695338,0.0,0.4983659513129943,0.0,0.000863813875567087,1.8026320861346329e-07,0.5903690865244036,0.0,0.0,1.1639630850732148,lhs_candidate_000001_june2024_preflight,pa1_candidate_000001
2024-06-07T06:00,28.4,87.0,24.0,8.0,16.0,1.14,100800.0,25.9,0.52,0.02,28.2,0.173,1,0,0,1.0,28.415839559437043,89.0401200141985,0.02477505498264967,32.98228578270341,0.24556054421005974,2674.9184,0.4244128636729374,20.4,0.0008934715108979654,7.063420109852039e-07,0.589879902531233,0.0,0.0,1.164449976489029,lhs_candidate_000001_june2024_preflight,pa1_candidate_000001
2024-06-07T07:00,29.5,80.0,180.0,115.0,65.0,1.02,100850.0,25.7,0.82,0.13,30.1,0.172,0,0,0,1.0,29.50607610033243,94.33673324568973,0.027855625958367273,32.87715845865841,0.25228840785311024,18126.855999999996,0.23357169376613562,153.0,0.0007972343849802315,4.5295019293312425e-06,0.631409925019199,0.0,0.0,1.1608308843280866,lhs_candidate_000001_june2024_preflight,pa1_candidate_000001
2024-06-07T08:00,31.0,69.0,375.0,279.0,96.0,0.8,100890.0,24.7,1.39,0.28,31.2,0.172,0,0,0,1.0,31.41019065350398,99.27493875385656,0.03248016273508813,32.8891331131204,0.25105608937426305,36377.5104,0.03334249562464553,318.75,0.0007765951942011689,9.149541940706284e-06,0.6238030208287842,0.0,0.0,1.1540308937231862,lhs_candidate_000001_june2024_preflight,pa1_candidate_000001
2024-06-07T09:00,32.5,62.0,610.0,488.0,122.0,0.51,100860.0,24.2,1.88,0.46,33.0,0.17,0,1,0,1.0,33.60314955283687,76.24798345858095,0.02802260802141797,33.04495383071741,0.24886445877651556,57972.252799999995,1.2357807121170068,518.5,0.0022431452929671464,1.5002261806228624e-05,0.6102744368920714,0.0,0.0,1.1454400977313635,lhs_candidate_000001_june2024_preflight,pa1_candidate_000001
2024-06-07T10:00,33.6,57.0,740.0,586.0,154.0,0.2,100820.0,23.9,2.23,0.57,34.4,0.168,0,1,0,1.0,35.439175031126844,70.1917370897394,0.02839238881350008,33.32600478589132,0.24591368110078715,70538.08959999999,1.7171372290620246,629.0,0.0023746376224239142,1.7735347078093637e-05,0.5920597598814021,0.0,0.0,1.138173459980337,lhs_candidate_000001_june2024_preflight,pa1_candidate_000001
2024-06-07T11:00,34.4,54.0,878.0,697.0,181.0,0.22,100750.0,23.9,2.48,0.68,35.7,0.166,0,1,0,1.0,36.87247817030546,65.89691026348171,0.0287000835049742,33.695799394288926,0.24248329408106062,83632.0144,2.125087050568239,746.3,0.0025278086898222205,2.0320832502748184e-05,0.5708845313645717,0.0,0.0,1.1321248419610939,lhs_candidate_000001_june2024_preflight,pa1_candidate_000001
2024-06-07T12:00,34.9,53.0,933.0,750.0,183.0,0.61,100690.0,24.0,2.61,0.73,36.5,0.164,0,1,0,1.0,37.840567215148894,62.39953601298313,0.028555267319876485,34.12553238796831,0.2387798050808925,88542.3792,2.4695452925137236,793.05,0.0027038811292240403,2.080001545818533e-05,0.5480234881536574,0.0,0.0,1.12792850736835,lhs_candidate_000001_june2024_preflight,pa1_candidate_000001
2024-06-07T13:00,35.0,54.0,892.0,651.0,241.0,1.12,100590.0,24.2,2.61,0.71,36.8,0.162,0,1,0,1.0,38.14059014440904,60.15403019008947,0.02795096984801592,34.56091722636455,0.2351827625774704,86974.95839999999,2.659832277836675,758.1999999999999,0.0029271320743237605,1.917652944810546e-05,0.5258195220831506,0.0,0.0,1.1257222865560472,lhs_candidate_000001_june2024_preflight,pa1_candidate_000001
2024-06-07T14:00,34.5,55.0,742.0,464.0,278.0,1.02,100470.0,24.3,2.43,0.59,36.6,0.16,0,1,0,1.0,37.562416327710025,59.16938239769738,0.026695888558184964,34.93889458816353,0.2320658510967546,75076.7072,2.6415790239955763,630.6999999999999,0.0028718271562293545,1.5501245614778993e-05,0.5065793277577444,0.0,0.0,1.1264715888113748,lhs_candidate_000001_june2024_preflight,pa1_candidate_000001
2024-06-07T15:00,33.9,58.0,466.0,159.0,307.0,1.22,100510.0,24.5,2.22,0.38,35.9,0.159,0,1,0,1.0,36.25482968101756,59.72691532696519,0.02519980652702866,35.19026615184227,0.22980410576095908,51808.99679999999,2.426279394736595,396.09999999999997,0.002843026746782702,9.698557702537732e-06,0.4926179367960437,0.0,0.0,1.131682586178869,lhs_candidate_000001_june2024_preflight,pa1_candidate_000001
2024-06-07T16:00,32.3,64.0,335.0,146.0,189.0,0.98,100520.0,24.7,1.72,0.27,35.0,0.161,0,1,0,1.0,34.423190446328825,64.08883624628376,0.02458842334759336,35.30729236049451,0.22831157480483527,36129.473600000005,1.9556807394523847,284.75,0.002685449216520233,6.904374061093552e-06,0.48340478274589677,0.0,0.0,1.1385351709551563,lhs_candidate_000001_june2024_preflight,pa1_candidate_000001
2024-06-07T17:00,32.0,66.0,200.0,110.0,90.0,1.63,100570.0,24.7,1.63,0.18,34.0,0.16,0,1,0,1.0,33.161899131284734,66.34851747926547,0.023824178982972215,35.32143485773294,0.22731262225453225,20766.415999999997,1.7081519263654412,170.0,0.0028781630373464233,4.227496905881205e-06,0.47723840897859415,0.0,0.0,1.1437919377001033,lhs_candidate_000001_june2024_preflight,pa1_candidate_000001
2024-06-07T18:00,31.5,68.0,52.0,16.0,36.0,1.51,100570.0,24.8,1.48,0.07,33.0,0.16,1,1,0,1.0,32.16815077359173,67.42288501729178,0.022968736879600944,35.249000805195244,0.2268054401686256,5842.5664,1.5637478661923163,44.199999999999996,0.002705630204504419,1.4171651615445938e-06,0.4741076553618865,0.0,0.0,1.1475147473553828,lhs_candidate_000001_june2024_preflight,pa1_candidate_000001
2024-06-07T19:00,30.9,73.0,0.0,0.0,0.0,1.41,100660.0,25.5,1.2,0.04,32.2,0.16,0,0,0,1.0,31.298241027556717,72.37270229869222,0.023537069207816542,35.11220748760134,0.23383581969474898,0.0,1.2624121843287543,0.0,0.0011901101252812527,4.002680294658717e-07,0.5175050598441295,0.0,0.0,1.1518234222404877,lhs_candidate_000001_june2024_preflight,pa1_candidate_000001
2024-06-07T20:00,30.4,77.0,0.0,0.0,0.0,1.22,100740.0,25.9,0.99,0.01,31.5,0.159,0,0,0,1.0,30.686395238636667,76.37742285454046,0.024037406635474712,34.94969016125843,0.23377020155407063,0.0,1.0424647686442823,0.0,0.0010269042526150143,3.3027146847683517e-07,0.5171000095930286,0.0,0.0,1.1550601490348666,lhs_candidate_000001_june2024_preflight,pa1_candidate_000001
2024-06-07T21:00,29.8,82.0,0.0,0.0,0.0,1.12,100750.0,26.4,0.74,0.0,30.7,0.159,0,0,0,1.0,30.124851315718466,80.86184841159407,0.024690157795137425,34.777744312293706,0.23371709810136915,0.0,0.8178775643135561,0.0,0.0009657806991866355,2.5895396881950826e-07,0.5167722105022787,0.0,0.0,1.1573137290488964,lhs_candidate_000001_june2024_preflight,pa1_candidate_000001
2024-06-07T22:00,30.3,75.0,0.0,0.0,0.0,1.12,100770.0,25.3,1.09,0.01,30.1,0.159,0,0,0,1.0,30.179316663716573,77.89472723209845,0.023854233790786685,34.602787813588556,0.23366891114374877,0.0,0.9476312649724954,0.0,0.0009086861509144291,2.998635020371102e-07,0.5164747601465973,0.0,0.0,1.157335622012795,lhs_candidate_000001_june2024_preflight,pa1_candidate_000001
2024-06-07T23:00,30.6,71.0,0.0,0.0,0.0,1.0,100740.0,24.8,1.25,0.01,29.6,0.159,0,0,0,1.0,30.498887755914893,73.6309401791744,0.02294039322854294,34.44059633296375,0.23360875656286165,0.0,1.1512736308886788,0.0,0.0008128748957620038,3.6404111247506545e-07,0.51610343557322,0.0,0.0,1.1557734150130115,lhs_candidate_000001_june2024_preflight,pa1_candidate_000001
2024-06-08T00:00,30.4,73.0,0.0,0.0,0.0,1.1,100700.0,25.0,1.16,0.01,29.2,0.159,0,0,0,1.0,30.501278699331554,73.65259542216772,0.02295009483110918,34.288716465364196,0.23354225021396469,0.0,1.1504853397253325,0.0,0.0008879739052416511,3.635024718669637e-07,0.5156929025553376,0.0,0.0,1.1553054046855198,lhs_candidate_000001_june2024_preflight,pa1_candidate_000001
2024-06-08T01:00,30.1,75.0,0.0,0.0,0.0,1.2,100630.0,25.3,1.05,0.01,28.9,0.159,0,0,0,1.0,30.267306291080814,75.27286908055629,0.023161042125742826,34.13815279185505,0.23347917200653387,0.0,1.0653821318174463,0.0,0.0009812906533679074,3.363594643562643e-07,0.5153035309045301,0.0,0.0,1.155392577145822,lhs_candidate_000001_june2024_preflight,pa1_candidate_000001
2024-06-08T02:00,28.4,86.0,0.0,0.0,0.0,1.22,100590.0,25.8,0.54,0.0,28.5,0.159,0,0,0,1.0,29.158505132529672,82.54649098813832,0.023918187593705127,33.97702103764495,0.23342739326633224,0.0,0.7055608539093559,0.0,0.0011417212204080317,2.2261953018160128e-07,0.5149839090514337,0.0,0.0,1.159169355050468,lhs_candidate_000001_june2024_preflight,pa1_candidate_000001
2024-06-08T03:00,28.3,86.0,0.0,0.0,0.0,1.02,100570.0,25.7,0.54,0.0,28.2,0.159,0,0,0,1.0,28.49060090807122,85.92397613099496,0.024005992276265636,33.792776690495636,0.23339347252789983,0.0,0.5474529413655862,0.0,0.0008560562537012848,1.7266287280790934e-07,0.5147745217771594,0.0,0.0,1.1615050480381006,lhs_candidate_000001_june2024_preflight,pa1_candidate_000001
2024-06-08T04:00,28.6,84.0,0.0,0.0,0.0,1.1,100580.0,25.7,0.61,0.0,28.1,0.159,0,0,0,1.0,28.56024613662877,85.11597633274829,0.02387098246588405,33.60834132733448,0.2333619476716709,0.0,0.581221037129029,0.0,0.000869726696518948,1.832437997322198e-07,0.5145799238992032,0.0,0.0,1.1613523977759905,lhs_candidate_000001_june2024_preflight,pa1_candidate_000001
2024-06-08T05:00,28.7,84.0,0.0,0.0,0.0,1.0,100640.0,25.7,0.64,0.0,27.9,0.159,0,0,0,1.0,28.710105009854235,84.64751825564643,0.023934766903490664,33.434102583569775,0.2333280258746661,0.0,0.6047431898452444,0.0,0.0007830428562344027,1.9058213600460608e-07,0.5143705300905316,0.0,0.0,1.1614682920462016,lhs_candidate_000001_june2024_preflight,pa1_candidate_000001
2024-06-08T06:00,28.5,86.0,22.0,7.0,15.0,1.22,100730.0,25.9,0.55,0.02,28.1,0.159,1,0,0,1.0,28.687869874946387,86.66491399857841,0.024475465610527457,33.2720250607735,0.2332557853198539,2463.736,0.5246007481059451,18.7,0.0010018175963794728,6.067907509226857e-07,0.5139246007398388,0.0,0.0,1.1625926030274312,lhs_candidate_000001_june2024_preflight,pa1_candidate_000001
2024-06-08T07:00,29.9,77.0,134.0,48.0,86.0,1.08,100720.0,25.5,0.97,0.11,30.1,0.159,0,0,0,1.0,29.717796770240962,87.31269749057716,0.026079252345651303,33.15274740318511,0.24012454431043684,14817.686399999999,0.5296778713765975,113.89999999999999,0.0008969978532406055,3.092251074071209e-06,0.5563243475952891,0.0,0.0,1.1585240868640878,lhs_candidate_000001_june2024_preflight,pa1_candidate_000001
2024-06-08T08:00,31.4,65.0,379.0,260.0,119.0,0.78,100770.0,24.2,1.59,0.28,31.7,0.158,0,0,0,1.0,31.79167907077558,91.67635355543624,0.03061134218919998,33.1545622312389,0.23909838872951122,37538.705599999994,0.3911354314556643,322.15,0.0007576115437040177,8.273392991925984e-06,0.5499900538858717,0.0,0.0,1.1512162733721965,lhs_candidate_000001_june2024_preflight,pa1_candidate_000001
2024-06-08T09:00,32.6,60.0,550.0,375.0,175.0,0.58,100770.0,23.8,1.97,0.42,33.2,0.157,0,1,0,1.0,33.77417443546601,70.35585489692649,0.026090562038159435,33.29845472759162,0.23725053931479578,54556.92,1.5571301802535662,467.5,0.0022903310415146663,1.2083762611410013e-05,0.5385835760172579,0.0,0.0,1.14378029694605,lhs_candidate_000001_june2024_preflight,pa1_candidate_000001
2024-06-08T10:00,33.3,58.0,668.0,405.0,263.0,0.63,100740.0,23.9,2.15,0.52,34.4,0.156,0,1,0,1.0,35.1885399181382,66.74057987447758,0.02664749906848655,33.542665091029306,0.23487442189883148,68036.97119999999,1.8896469462625136,567.8,0.0024910949546594254,1.4276095650689538e-05,0.5239161845606882,0.0,0.0,1.13819476494807,lhs_candidate_000001_june2024_preflight,pa1_candidate_000001
2024-06-08T11:00,33.8,57.0,690.0,398.0,292.0,0.81,100700.0,24.0,2.26,0.55,35.2,0.154,0,1,0,1.0,36.02192420707384,63.872709332356415,0.026627190511334546,33.83717693622986,0.23229609298200485,70993.2608,2.1489046953194233,586.5,0.0026303362227953955,1.4359624259912352e-05,0.5080005739629929,0.0,0.0,1.134676003717741,lhs_candidate_000001_june2024_preflight,pa1_candidate_000001
2024-06-08T12:00,34.3,56.0,851.0,576.0,275.0,0.78,100620.0,24.2,2.39,0.67,36.1,0.153,0,1,0,1.0,36.96131804065048,62.95288523808403,0.027543054056177168,34.18154965731536,0.22946923174463246,84563.16,2.319744576274073,723.35,0.0027056885253960187,1.700250610271484e-05,0.490550813238472,0.0,0.0,1.1303401260703383,lhs_candidate_000001_june2024_preflight,pa1_candidate_000001
2024-06-08T13:00,34.5,56.0,864.0,715.0,149.0,1.14,100570.0,24.5,2.39,0.68,36.5,0.151,0,1,0,1.0,37.54618321040943,60.55731649746001,0.027299469621914915,34.57291806684188,0.2264387068380461,81274.1776,2.5495390367222472,734.4,0.0029213492158359825,1.6660137740181697e-05,0.4718438693706549,0.0,0.0,1.1276517047224304,lhs_candidate_000001_june2024_preflight,pa1_candidate_000001
2024-06-08T14:00,34.0,55.0,792.0,601.0,191.0,1.56,100500.0,23.8,2.38,0.63,36.4,0.15,0,1,0,1.0,37.22604811357357,57.45584722492382,0.025481091021471985,34.94300141939662,0.223608005253783,76415.8384,2.702611187784024,673.1999999999999,0.0031584786299525087,1.4808002171300093e-05,0.4543704028011296,0.0,0.0,1.1280291208719324,lhs_candidate_000001_june2024_preflight,pa1_candidate_000001
2024-06-08T15:00,33.0,61.0,493.0,324.0,169.0,1.3,100460.0,24.4,1.98,0.4,35.6,0.149,0,1,0,1.0,35.71116772605437,60.60579539059507,0.024862730884665143,35.199940004916904,0.22146031014016068,49329.8256,2.3035732388172745,419.05,0.002945352019574793,9.116565585767877e-06,0.44111302555654747,0.0,0.0,1.1331106293625108,lhs_candidate_000001_june2024_preflight,pa1_candidate_000001
2024-06-08T16:00,32.5,64.0,348.0,161.0,187.0,0.82,100460.0,24.7,1.78,0.28,34.8,0.149,0,1,0,1.0,34.34449851789683,64.67614312617062,0.024711895479645626,35.31417098192577,0.22006838225209732,37203.108799999995,1.915310179366212,295.8,0.002556032384770979,6.386528188396113e-06,0.4325208780993662,0.0,0.0,1.138146776070988,lhs_candidate_000001_june2024_preflight,pa1_candidate_000001
2024-06-08T17:00,31.6,68.0,169.0,42.0,127.0,0.72,100450.0,24.9,1.51,0.14,33.9,0.149,0,1,0,1.0,32.95653731546231,67.36757040331068,0.023929211435377885,35.32353124240897,0.2192028633277272,19340.1648,1.637461968445515,143.65,0.0023986156862083503,3.248316721128589e-06,0.4271781686896741,0.0,0.0,1.1431936020715807,lhs_candidate_000001_june2024_preflight,pa1_candidate_000001
2024-06-08T18:00,31.0,69.0,52.0,21.0,31.0,0.4,100560.0,24.8,1.37,0.04,32.8,0.152,1,1,0,1.0,31.726809402933643,68.63255751490789,0.022837721316895782,35.23500128974357,0.21879964152789136,5666.6544,1.4685806203964993,44.199999999999996,0.0020789683088987534,1.2446847938265158e-06,0.4246891452338973,0.0,0.0,1.1490616298355043,lhs_candidate_000001_june2024_preflight,pa1_candidate_000001
2024-06-08T19:00,30.6,73.0,0.0,0.0,0.0,0.85,100620.0,25.2,1.18,0.03,31.8,0.152,0,0,0,1.0,30.941288103979044,73.10319197093321,0.023324143353413814,35.087736842955856,0.22585072418499308,0.0,1.2043307867305275,0.0,0.0007858496612425359,3.45482163632909e-07,0.4682143468209449,0.0,0.0,1.1527172268415964,lhs_candidate_000001_june2024_preflight,pa1_candidate_000001
2024-06-08T20:00,30.2,75.0,0.0,0.0,0.0,0.57,100680.0,25.2,1.09,0.0,31.3,0.152,0,0,0,1.0,30.44770735101943,75.45733621595251,0.023444705397126463,34.918292158387985,0.2257921790438035,0.0,1.0684032513388155,0.0,0.0005719949866360805,3.062525439780436e-07,0.46785295706051544,0.0,0.0,1.155279768772122,lhs_candidate_000001_june2024_preflight,pa1_candidate_000001
2024-06-08T21:00,30.1,75.0,0.0,0.0,0.0,0.58,100710.0,25.2,1.06,0.0,30.9,0.151,0,0,0,1.0,30.216795318996457,76.47549136996807,0.023467036388187215,34.74477697510847,0.22573897483423577,0.0,1.010639528886911,0.0,0.0005154347772778602,2.8949149814707733e-07,0.46752453601380106,0.0,0.0,1.1565036318113644,lhs_candidate_000001_june2024_preflight,pa1_candidate_000001
2024-06-08T22:00,29.9,76.0,0.0,0.0,0.0,0.81,100740.0,25.3,1.0,0.0,30.6,0.151,0,0,0,1.0,30.04267043553881,76.87475453316587,0.02336876638197414,34.572334754340254,0.22568753498826413,0.0,0.9836232819893538,0.0,0.0006881849909041291,2.8156150096662196e-07,0.4672070061003959,0.0,0.0,1.1575125198851763,lhs_candidate_000001_june2024_preflight,pa1_candidate_000001
2024-06-08T23:00,29.7,78.0,0.0,0.0,0.0,0.86,100740.0,25.4,0.94,0.0,30.4,0.151,0,0,0,1.0,29.846603134182246,78.24768208248459,0.023535225997781684,34.40058992437941,0.2256384430390588,0.0,0.9148752917389986,0.0,0.0007255786233456598,2.617125746754416e-07,0.4669039693769062,0.0,0.0,1.1582615393583742,lhs_candidate_000001_june2024_preflight,pa1_candidate_000001
2024-06-09T00:00,29.4,79.0,0.0,0.0,0.0,0.98,100690.0,25.5,0.85,0.0,30.1,0.151,0,0,0,1.0,29.589875975436218,79.31918870476895,0.023527981349648154,34.22870279396915,0.22559296912273574,0.0,0.857068057842822,0.0,0.0008267165012280084,2.450286256549657e-07,0.4666232661897268,0.0,0.0,1.1586683952829548,lhs_candidate_000001_june2024_preflight,pa1_candidate_000001
2024-06-09T01:00,29.1,81.0,0.0,0.0,0.0,1.14,100620.0,25.5,0.77,0.0,29.8,0.151,0,0,0,1.0,29.297040703875382,80.81507746012652,0.0235935906752548,34.05507381754843,0.22555067554392508,0.0,0.78177673482937,0.0,0.000945251206065384,2.2337841478626476e-07,0.46636219471558693,0.0,0.0,1.158983951418825,lhs_candidate_000001_june2024_preflight,pa1_candidate_000001
2024-06-09T02:00,28.9,81.0,0.0,0.0,0.0,1.14,100550.0,25.4,0.74,0.0,29.5,0.151,0,0,0,1.0,29.058810368226187,81.34030225015583,0.02344113412390156,33.879977350619505,0.22551156174471457,0.0,0.7499913756328733,0.0,0.0009345978512561355,2.1418538462781158e-07,0.46612075151058374,0.0,0.0,1.1590906497675844,lhs_candidate_000001_june2024_preflight,pa1_candidate_000001
2024-06-09T03:00,28.8,82.0,0.0,0.0,0.0,0.99,100530.0,25.4,0.7,0.0,29.4,0.151,0,0,0,1.0,28.914209319335185,82.18670959269166,0.02349918371347914,33.705586311142234,0.2254739356626352,0.0,0.7100130100717852,0.0,0.000809839144853525,2.0266717537006798e-07,0.4658884917446618,0.0,0.0,1.15941485716429,lhs_candidate_000001_june2024_preflight,pa1_candidate_000001
2024-06-09T04:00,28.7,83.0,0.0,0.0,0.0,0.92,100540.0,25.4,0.68,0.0,29.3,0.151,0,0,0,1.0,28.80919072799355,83.2006835204953,0.023653240133955568,33.53382937438931,0.22543861811573215,0.0,0.665541768814335,0.0,0.0007562743920191434,1.898843409967177e-07,0.46567048219587753,0.0,0.0,1.1599334611885284,lhs_candidate_000001_june2024_preflight,pa1_candidate_000001
2024-06-09T05:00,28.7,82.0,0.0,0.0,0.0,0.85,100450.0,25.4,0.69,0.0,29.3,0.151,0,0,0,1.0,28.76639518729223,82.984526420354,0.02353675805329732,33.365629353699404,0.2254045377401723,0.0,0.6724375652271846,0.0,0.0006885615575395143,1.9176509483452237e-07,0.46546010950723643,0.0,0.0,1.1590593972024583,lhs_candidate_000001_june2024_preflight,pa1_candidate_000001
2024-06-09T06:00,28.7,82.0,13.0,4.0,9.0,1.22,100540.0,25.4,0.69,0.03,29.3,0.151,1,0,0,1.0,28.789746400081615,83.02389473403319,0.023577951750302948,33.20549433426076,0.22534865524617528,1460.6416,0.6717892079538026,11.049999999999999,0.0009756783736420899,4.276051865001231e-07,0.4651151558405882,0.0,0.0,1.1600081586301347,lhs_candidate_000001_june2024_preflight,pa1_candidate_000001
2024-06-09T07:00,29.0,80.0,82.0,35.0,47.0,1.1,100520.0,25.3,0.78,0.07,29.6,0.15,0,0,0,1.0,29.13889642766304,85.0360367032231,0.024613266310229046,33.07181840969104,0.23234836485695026,8869.5728,0.6042362477393004,69.7,0.0008991759964348635,1.8162388645542025e-06,0.5083232398577177,0.0,0.0,1.158437835806621,lhs_candidate_000001_june2024_preflight,pa1_candidate_000001
2024-06-09T08:00,29.7,75.0,175.0,54.0,121.0,0.71,100620.0,24.8,1.04,0.14,30.2,0.15,0,0,0,1.0,29.970069693942033,88.25355743275802,0.02672267080874199,32.99175321023902,0.23185939201165032,19657.070399999997,0.4975542019681396,148.75,0.0006693529722078387,3.607915375734796e-06,0.5053048889608045,0.0,0.0,1.1564106153836542,lhs_candidate_000001_june2024_preflight,pa1_candidate_000001
2024-06-09T09:00,30.8,68.0,322.0,85.0,237.0,0.22,100670.0,24.1,1.44,0.25,31.3,0.15,0,1,0,1.0,31.35771368171478,82.484073272686,0.026910993257597413,32.9933558359699,0.2309585419836391,36674.2288,0.8030872882923337,273.7,0.001955071319756414,6.531088996571806e-06,0.49974408631875994,0.0,0.0,1.1517128672097214,lhs_candidate_000001_june2024_preflight,pa1_candidate_000001
2024-06-09T10:00,32.4,60.0,570.0,267.0,303.0,0.4,100670.0,23.6,1.95,0.44,33.1,0.149,0,1,0,1.0,33.479332816460015,70.65572355635518,0.02579875228813568,33.122680251770596,0.229339822047184,60820.2672,1.5162128156754213,484.5,0.002199316605544964,1.1358469486536743e-05,0.4897519879455803,0.0,0.0,1.1437439751459375,lhs_candidate_000001_june2024_preflight,pa1_candidate_000001
2024-06-09T11:00,33.8,54.0,848.0,663.0,185.0,0.91,100610.0,23.3,2.4,0.66,35.0,0.147,0,1,0,1.0,35.901832345245154,63.2731227822573,0.026214139447983262,33.41865286164681,0.22684001185329364,81132.744,2.170218031183979,720.8,0.002647624867316481,1.634095000752087e-05,0.47432106082280023,0.0,0.0,1.1341024142577383,lhs_candidate_000001_june2024_preflight,pa1_candidate_000001
2024-06-09T12:00,34.4,53.0,868.0,685.0,183.0,1.6,100560.0,23.4,2.57,0.69,36.1,0.146,0,1,0,1.0,37.2550945235677,57.51152528626551,0.025543706743954876,33.81936168408233,0.223906780398021,82822.3792,2.703340310240534,737.8,0.0031261744923861377,1.622255961779328e-05,0.4562146938149445,0.0,0.0,1.128596951829297,lhs_candidate_000001_june2024_preflight,pa1_candidate_000001
2024-06-09T13:00,34.0,55.0,684.0,417.0,267.0,1.3,100560.0,23.7,2.39,0.55,36.1,0.144,0,1,0,1.0,36.94240999714274,56.922878390661666,0.024880686651271265,34.18638459577283,0.2213258825056842,69585.7008,2.694542431890818,581.4,0.0029812375892846526,1.248946868746044e-05,0.4402832253437296,0.0,0.0,1.129734982919483,lhs_candidate_000001_june2024_preflight,pa1_candidate_000001
2024-06-09T14:00,33.5,59.0,605.0,303.0,302.0,1.55,100480.0,24.3,2.15,0.49,35.9,0.143,0,1,0,1.0,36.13681984076818,59.722530651777355,0.025045115354773072,34.46847621571654,0.2192380348695567,63865.08479999999,2.4109051717146146,514.25,0.0030668435531993644,1.0730825768001235e-05,0.42739527697257224,0.0,0.0,1.131776474020778,lhs_candidate_000001_june2024_preflight,pa1_candidate_000001
2024-06-09T15:00,33.2,59.0,407.0,191.0,216.0,0.98,100430.0,24.2,2.06,0.33,35.3,0.143,0,1,0,1.0,35.21234877832412,60.173562968026765,0.024055220131255023,34.66141423364807,0.21762660007904763,43415.39839999999,2.2657297831862246,345.95,0.0026621222187479597,7.215579707074725e-06,0.4174481486360965,0.0,0.0,1.1346046692297762,lhs_candidate_000001_june2024_preflight,pa1_candidate_000001
2024-06-09T16:00,32.0,64.0,331.0,155.0,176.0,0.81,100490.0,24.5,1.69,0.26,34.6,0.144,0,1,0,1.0,33.9309311580671,63.84334653693959,0.02387106219652016,34.76254860347468,0.21645701805039083,35320.102399999996,1.9158825490002305,281.34999999999997,0.0025714036323241807,5.78511744131275e-06,0.41022850648389403,0.0,0.0,1.1400199362319634,lhs_candidate_000001_june2024_preflight,pa1_candidate_000001
2024-06-09T17:00,30.1,75.0,193.0,111.0,82.0,0.64,100460.0,25.1,1.07,0.15,33.3,0.154,0,1,0,1.0,31.91595309192959,72.03249642284898,0.024211948584604955,34.773315408110776,0.21563266482580964,19868.9568,1.3234892716079094,164.04999999999998,0.0024821409541261226,3.3825796365603943e-06,0.4051399063321583,0.0,0.0,1.147207246828515,lhs_candidate_000001_june2024_preflight,pa1_candidate_000001
2024-06-09T18:00,30.0,74.0,30.0,8.0,22.0,0.64,100560.0,24.8,1.11,0.04,31.9,0.154,1,1,0,1.0,30.568286336493756,73.51660970878063,0.02299050893523246,34.67234566298547,0.21526242791441877,3414.0128,1.1608586487470909,25.5,0.0021280819872358486,7.585716028662575e-07,0.4028544932988813,0.0,0.0,1.1534446863151875,lhs_candidate_000001_june2024_preflight,pa1_candidate_000001
2024-06-09T19:00,29.6,75.0,0.0,0.0,0.0,0.63,100700.0,24.7,1.04,0.02,31.2,0.155,0,0,0,1.0,29.912891308459923,76.03866990928218,0.02295298305937911,34.51056518509954,0.2223680854649835,0.0,1.011626073583292,0.0,0.0006366788724307645,2.7687720885292286e-07,0.4467165769443425,0.0,0.0,1.1575483950093697,lhs_candidate_000001_june2024_preflight,pa1_candidate_000001
2024-06-09T20:00,29.2,78.0,0.0,0.0,0.0,0.45,100790.0,24.9,0.9,0.0,30.6,0.155,0,0,0,1.0,29.454570672643587,78.05925077942902,0.022984886821254127,34.333666164254666,0.22232063141409356,0.0,0.9022286906816785,0.0,0.0005067643934734249,2.46773745803525e-07,0.44642365070428125,0.0,0.0,1.1603377201738878,lhs_candidate_000001_june2024_preflight,pa1_candidate_000001
2024-06-09T21:00,29.0,79.0,0.0,0.0,0.0,0.51,100830.0,25.1,0.83,0.0,30.3,0.155,0,0,0,1.0,29.16914740761354,79.74980195143867,0.023121219861449292,34.152712784140334,0.22227857198821577,0.0,0.8191204427656857,0.0,0.0004970244410505083,2.2391203603559227e-07,0.4461640246186159,0.0,0.0,1.1618941413606168,lhs_candidate_000001_june2024_preflight,pa1_candidate_000001
2024-06-09T22:00,28.8,81.0,0.0,0.0,0.0,0.72,100810.0,25.3,0.75,0.0,30.0,0.155,0,0,0,1.0,28.960178918117013,81.14063918024262,0.023258290475823527,33.9715523870029,0.22223982157679184,0.0,0.7537084750149825,0.0,0.0006319650373398257,2.0592077972079333e-07,0.4459248245480978,0.0,0.0,1.1624671938526585,lhs_candidate_000001_june2024_preflight,pa1_candidate_000001
2024-06-09T23:00,28.7,83.0,0.0,0.0,0.0,0.78,100850.0,25.4,0.68,0.0,29.8,0.155,0,0,0,1.0,28.81858076260924,82.91045755465245,0.023582809919450613,33.79160365738014,0.22220462251614118,0.0,0.677407712538963,0.0,0.000657439985026957,1.8498446142090355e-07,0.4457075463959332,0.0,0.0,1.1634737613414674,lhs_candidate_000001_june2024_preflight,pa1_candidate_000001
2024-06-10T00:00,28.5,84.0,0.0,0.0,0.0,0.76,100850.0,25.5,0.62,0.0,29.5,0.155,0,0,0,1.0,28.655508240849514,84.1525383285563,0.023723962690078718,33.613906745941506,0.22217280254480426,0.0,0.622269606508536,0.0,0.0006580188125409148,1.6985262757703934e-07,0.4455111268197794,0.0,0.0,1.1641024132218427,lhs_candidate_000001_june2024_preflight,pa1_candidate_000001
2024-06-10T01:00,28.2,86.0,0.0,0.0,0.0,0.86,100800.0,25.6,0.54,0.0,29.3,0.155,0,0,0,1.0,28.402431871258862,85.63980875773642,0.023811452566888325,33.43661170986397,0.22214375604857825,0.0,0.555654665037598,0.0,0.000745829268954089,1.516085956668857e-07,0.4453318274603596,0.0,0.0,1.1645017505108366,lhs_candidate_000001_june2024_preflight,pa1_candidate_000001
2024-06-10T02:00,28.1,86.0,0.0,0.0,0.0,0.86,100750.0,25.5,0.54,0.0,29.1,0.156,0,0,0,1.0,28.226846582254456,86.28346437945186,0.02376080698574066,33.25898649944684,0.22211746157895854,0.0,0.5253631867755018,0.0,0.0007186497645004578,1.4329141791125423e-07,0.44516951591949716,0.0,0.0,1.1646022349867213,lhs_candidate_000001_june2024_preflight,pa1_candidate_000001
2024-06-10T03:00,28.0,86.0,0.0,0.0,0.0,0.86,100720.0,25.5,0.52,0.0,29.0,0.155,0,0,0,1.0,28.117390975389217,86.34674858643831,0.023635953469062162,33.08375508976271,0.2220918365141114,0.0,0.5196214337271372,0.0,0.0007151872510401247,1.4167501154756608e-07,0.44501133650686053,0.0,0.0,1.1646784491270918,lhs_candidate_000001_june2024_preflight,pa1_candidate_000001
2024-06-10T04:00,28.0,87.0,0.0,0.0,0.0,0.86,100710.0,25.5,0.51,0.0,28.9,0.155,0,0,0,1.0,28.073925835044864,87.02427842073308,0.02376467685356116,32.91213777438264,0.2220668921739878,0.0,0.49258838857172815,0.0,0.0006989744379295969,1.342579695547734e-07,0.44485735909869023,0.0,0.0,1.1647308545786716,lhs_candidate_000001_june2024_preflight,pa1_candidate_000001
2024-06-10T05:00,28.0,87.0,0.0,0.0,0.0,0.81,100740.0,25.5,0.51,0.0,28.8,0.156,0,0,0,1.0,28.067062193943027,87.36994498138458,0.02385008717005189,32.745673228103215,0.22204316962740217,0.0,0.47927461249217584,0.0,0.0006589308926071201,1.3058621894346016e-07,0.44471092362593934,0.0,0.0,1.165104358333435,lhs_candidate_000001_june2024_preflight,pa1_candidate_000001
2024-06-10T06:00,27.9,87.0,20.0,8.0,12.0,0.86,100780.0,25.6,0.49,0.02,28.8,0.156,1,0,0,1.0,28.054419853065262,88.24058932937375,0.024071047732197492,32.588656268147574,0.2219890971895231,2182.1888,0.445907931396301,17.0,0.0007287297789895567,4.6853762738565427e-07,0.44437714314520427,0.0,0.0,1.1656158986092413,lhs_candidate_000001_june2024_preflight,pa1_candidate_000001
2024-06-10T07:00,28.3,87.0,171.0,104.0,67.0,1.06,100790.0,25.9,0.49,0.12,29.4,0.157,0,0,0,1.0,28.6337984770041,95.00202355821297,0.026750862516956117,32.47811830881154,0.22884941523545807,17405.2208,0.19600482577112643,145.35,0.0009267046073304432,3.3092848139413997e-06,0.48672478540406217,5.7169630019190026e-09,0.0,1.163493532192547,lhs_candidate_000001_june2024_preflight,pa1_candidate_000001
2024-06-10T08:00,28.9,83.0,310.0,175.0,135.0,0.67,100860.0,25.7,0.67,0.22,30.2,0.158,0,0,0,1.0,29.672775301136667,100.0,0.029796018866115322,32.45413378352947,0.22802583947125266,32029.624000000003,0.0,263.5,0.0008237087973108573,5.83177075280673e-06,0.4816409843904485,4.6977212592081806e-08,0.0,1.1603069064200804,lhs_candidate_000001_june2024_preflight,pa1_candidate_000001
2024-06-10T09:00,30.1,75.0,416.0,136.0,280.0,0.81,100900.0,25.2,1.07,0.31,31.1,0.158,0,1,0,1.0,31.040878453923437,82.03708375651608,0.026314788465316034,32.51320827465862,0.22678389349111658,46459.07199999999,0.8088805763217506,353.59999999999997,0.0023325406790803277,7.93619049312724e-06,0.473974651179732,0.0,0.0,1.1555465040086605,lhs_candidate_000001_june2024_preflight,pa1_candidate_000001
2024-06-10T10:00,31.0,67.0,571.0,219.0,352.0,0.63,100900.0,24.2,1.47,0.43,32.4,0.157,0,1,0,1.0,32.536887739647796,74.67268420471636,0.02594138062126089,32.66318455940583,0.22510470936020036,62632.20479999999,1.2412778454658717,485.34999999999997,0.002408910776548137,1.0692175062915263e-05,0.4636093170382738,0.0,0.0,1.1498913438777632,lhs_candidate_000001_june2024_preflight,pa1_candidate_000001
2024-06-10T11:00,32.1,62.0,623.0,242.0,381.0,0.54,100860.0,23.9,1.83,0.48,33.5,0.156,0,1,0,1.0,33.90876089578617,68.93924828854651,0.025746463493645438,32.88914271525823,0.22311185550199147,68228.49440000001,1.6438273429923953,529.55,0.0024441664117597775,1.1436397946568207e-05,0.45130775001229306,0.0,0.0,1.144300057025427,lhs_candidate_000001_june2024_preflight,pa1_candidate_000001
2024-06-10T12:00,32.8,60.0,663.0,289.0,374.0,0.45,100800.0,23.9,2.0,0.52,34.5,0.154,0,1,0,1.0,34.94910892722482,65.59624726170841,0.025866549825867717,33.15897721425681,0.22101292338172823,71502.21759999999,1.9289788943288095,563.55,0.0024987921859977186,1.1869512708509823e-05,0.438351378899557,0.0,0.0,1.1397577098083291,lhs_candidate_000001_june2024_preflight,pa1_candidate_000001
2024-06-10T13:00,33.2,59.0,685.0,388.0,297.0,0.58,100740.0,24.0,2.1,0.54,35.1,0.153,0,1,0,1.0,35.60809540822105,63.31297160704929,0.025835100094592195,33.45505830021634,0.21887019706861238,70729.1728,2.1331433681955203,582.25,0.0025906550161302264,1.1929846830225428e-05,0.42512467326303943,0.0,0.0,1.1366481306427048,lhs_candidate_000001_june2024_preflight,pa1_candidate_000001
2024-06-10T14:00,32.8,60.0,480.0,144.0,336.0,0.89,100680.0,24.1,1.98,0.39,34.8,0.152,0,1,0,1.0,35.09851235095266,61.35239720240411,0.024381819713509976,33.7073835481172,0.2170509305029546,54061.2864,2.1848912976135852,408.0,0.0026799251769601858,8.313782678512475e-06,0.41389463273428767,0.0,0.0,1.1378490895972302,lhs_candidate_000001_june2024_preflight,pa1_candidate_000001
2024-06-10T15:00,32.7,60.0,434.0,166.0,268.0,1.06,100640.0,23.8,1.99,0.35,34.6,0.151,0,1,0,1.0,34.544021771946866,61.75399212359506,0.023842631737669373,33.88096029601772,0.2156389718393941,47620.8832,2.0968435436676804,368.9,0.002667801310069277,7.388872778614303e-06,0.40517883851477837,0.0,0.0,1.1394467093759035,lhs_candidate_000001_june2024_preflight,pa1_candidate_000001
2024-06-10T16:00,32.2,61.0,288.0,112.0,176.0,1.21,100670.0,23.7,1.88,0.24,34.0,0.151,0,1,0,1.0,33.76377531529669,61.43830274088249,0.022771163647985454,33.99389121681365,0.21452755421038913,31536.102399999996,2.024371629914038,244.79999999999998,0.0026926769155857094,4.974651292064829e-06,0.3983182358665996,0.0,0.0,1.1426839725638258,lhs_candidate_000001_june2024_preflight,pa1_candidate_000001
2024-06-10T17:00,31.2,66.0,128.0,44.0,84.0,0.73,100610.0,24.1,1.54,0.11,33.1,0.153,0,1,0,1.0,32.40225980101154,64.96003482573626,0.022406622549057453,34.011084794198226,0.21386607537624297,14219.3216,1.704319529320168,108.8,0.002363250293840243,2.382634750128109e-06,0.394235033186685,0.0,0.0,1.1470915954664458,lhs_candidate_000001_june2024_preflight,pa1_candidate_000001
2024-06-10T18:00,30.9,68.0,53.0,21.0,32.0,0.32,100690.0,24.3,1.42,0.04,32.2,0.152,1,1,0,1.0,31.441672950582927,67.93635453741976,0.022264443554368053,33.94561592327099,0.21354764289186398,5789.8368,1.4771079510759844,45.05,0.001976200372502513,1.167039433487639e-06,0.3922694005670616,0.0,0.0,1.1516241494281731,lhs_candidate_000001_june2024_preflight,pa1_candidate_000001
2024-06-10T19:00,30.5,71.0,0.0,0.0,0.0,0.7,100800.0,24.6,1.26,0.03,31.4,0.152,0,0,0,1.0,30.81289097845196,72.10232439215672,0.022846755447725825,33.83641691803217,0.22060802935987753,0.0,1.2400396142680767,0.0,0.0006793109277613946,3.311385636946167e-07,0.4358520330856638,0.0,0.0,1.1552671237416756,lhs_candidate_000001_june2024_preflight,pa1_candidate_000001
2024-06-10T20:00,30.1,74.0,0.0,0.0,0.0,0.71,100860.0,24.9,1.13,0.0,30.9,0.152,0,0,0,1.0,30.329230904065337,74.16051522497837,0.022895116290602827,33.70496769376346,0.2205511334238158,0.0,1.1172610158180172,0.0,0.0006530508322057907,2.981115147353197e-07,0.43550082360380127,0.0,0.0,1.1577970477797799,lhs_candidate_000001_june2024_preflight,pa1_candidate_000001
2024-06-10T21:00,29.8,76.0,0.0,0.0,0.0,0.76,100940.0,25.2,1.0,0.0,30.4,0.152,0,0,0,1.0,29.983535422017503,76.31924085174732,0.023125859463382706,33.56711249381195,0.22050037808473227,0.0,1.0038415117711028,0.0,0.0006688248372131484,2.676558301897012e-07,0.4351875190415573,0.0,0.0,1.1600367943610999,lhs_candidate_000001_june2024_preflight,pa1_candidate_000001
2024-06-10T22:00,29.5,79.0,0.0,0.0,0.0,0.81,101000.0,25.4,0.87,0.0,30.1,0.152,0,0,0,1.0,29.68217901176445,78.79385619688469,0.02348940003322788,33.42547380092564,0.22045499531530893,0.0,0.8835171776560813,0.0,0.0007031539697870969,2.3542192074504057e-07,0.43490737848956135,0.0,0.0,1.1618814046144006,lhs_candidate_000001_june2024_preflight,pa1_candidate_000001
2024-06-10T23:00,29.2,81.0,0.0,0.0,0.0,0.85,101040.0,25.6,0.77,0.0,29.8,0.152,0,0,0,1.0,29.38582708501715,80.9361099615857,0.02374319299216406,33.280651464859965,0.22041522844954323,0.0,0.7808306233723599,0.0,0.0007326637364203043,2.0794263400409746e-07,0.4346619040095261,0.0,0.0,1.163480138698622,lhs_candidate_000001_june2024_preflight,pa1_candidate_000001
2024-06-11T00:00,28.9,83.0,0.0,0.0,0.0,0.82,101030.0,25.7,0.69,0.0,29.5,0.152,0,0,0,1.0,29.089845304383545,82.83120333554211,0.023911161850217185,33.13279810918797,0.22037996563553816,0.0,0.6913054636675575,0.0,0.0007131286790703708,1.8400903612961064e-07,0.43444423231813684,0.0,0.0,1.1645042650393589,lhs_candidate_000001_june2024_preflight,pa1_candidate_000001
2024-06-11T01:00,28.6,84.0,0.0,0.0,0.0,0.92,100990.0,25.6,0.63,0.0,29.2,0.152,0,0,0,1.0,28.79329517007753,84.0265084311047,0.02386730540614654,32.98201227171368,0.22034841357207574,0.0,0.6322429936268135,0.0,0.0007850031892229609,1.6821256919685667e-07,0.43424946649429474,0.0,0.0,1.1651864638294718,lhs_candidate_000001_june2024_preflight,pa1_candidate_000001
2024-06-11T02:00,28.5,83.0,0.0,0.0,0.0,1.02,100970.0,25.4,0.65,0.0,29.0,0.151,0,0,0,1.0,28.61251180309659,83.68504692907784,0.023536813845600718,32.82955782197928,0.22031825753712686,0.0,0.6390320330488617,0.0,0.0008316596650241767,1.6994595808586276e-07,0.4340633181304127,0.0,0.0,1.165653626097159,lhs_candidate_000001_june2024_preflight,pa1_candidate_000001
2024-06-11T03:00,28.4,83.0,0.0,0.0,0.0,1.02,100940.0,25.3,0.65,0.0,28.7,0.151,0,0,0,1.0,28.502409006087156,83.43562531603241,0.023325840378848,32.67860881519253,0.22028742627021936,0.0,0.6446727648185737,0.0,0.0008284659169093108,1.7137089891525402e-07,0.43387300166802073,0.0,0.0,1.1657326253516118,lhs_candidate_000001_june2024_preflight,pa1_candidate_000001
2024-06-11T04:00,28.3,84.0,0.0,0.0,0.0,1.02,100950.0,25.2,0.63,0.0,28.4,0.151,0,0,0,1.0,28.400873361387937,84.10126382867698,0.02338167804411611,32.52987805981462,0.22025716960565692,0.0,0.6151316208960442,0.0,0.0008279882049461395,1.634476997347579e-07,0.4336862321336847,0.0,0.0,1.1662406674883883,lhs_candidate_000001_june2024_preflight,pa1_candidate_000001
2024-06-11T05:00,28.1,85.0,0.0,0.0,0.0,1.12,101000.0,25.2,0.59,0.0,28.1,0.151,0,0,0,1.0,28.241997540476813,84.95130359682575,0.023413388730388597,32.38279404237365,0.22022866341141822,0.0,0.5768946761227762,0.0,0.0009150728013693073,1.5322549914918824e-07,0.43351026797171743,0.0,0.0,1.1674333770768899,lhs_candidate_000001_june2024_preflight,pa1_candidate_000001
2024-06-11T06:00,27.9,86.0,22.0,9.0,13.0,1.12,101060.0,25.3,0.54,0.02,28.2,0.151,1,0,0,1.0,28.101535094872506,86.64969887928343,0.023698258576162298,32.24088472376637,0.22016912043582143,2393.3712,0.5076231403560358,18.7,0.0009320987777291978,5.069060904864296e-07,0.4331427187396385,0.0,0.0,1.1686715562132421,lhs_candidate_000001_june2024_preflight,pa1_candidate_000001
2024-06-11T07:00,29.0,77.0,166.0,97.0,69.0,0.98,101050.0,24.6,0.91,0.12,29.8,0.151,0,0,0,1.0,29.034058877347363,88.48440503322207,0.025465614345178255,32.145707226729876,0.2270347367420253,17035.5856,0.46218629091980024,141.1,0.0007756806019405579,3.2178077866300002e-06,0.4755230663087981,0.0,0.0,1.1649498140385015,lhs_candidate_000001_june2024_preflight,pa1_candidate_000001
2024-06-11T08:00,30.7,65.0,413.0,333.0,80.0,0.5,101040.0,23.5,1.53,0.3,31.1,0.15,0,1,0,1.0,31.21000743504378,93.64662558859965,0.030312250337024806,32.17702936932837,0.22605332628339808,39158.592000000004,0.28886158308103393,351.05,0.0020356732759483965,7.656096648380386e-06,0.4694649770580129,0.0,0.0,1.1565068256653277,lhs_candidate_000001_june2024_preflight,pa1_candidate_000001
2024-06-11T09:00,32.1,59.0,625.0,528.0,97.0,0.32,101030.0,23.0,1.96,0.46,32.9,0.149,0,1,0,1.0,33.508139231767814,68.54140377603734,0.02506471246968192,32.36424358886324,0.22429502448408148,58412.6928,1.6280782437113568,531.25,0.002278926425858899,1.1652873235656303e-05,0.45861126224741655,0.0,0.0,1.1477262263558727,lhs_candidate_000001_june2024_preflight,pa1_candidate_000001
2024-06-11T10:00,33.1,55.0,798.0,694.0,104.0,0.36,101000.0,22.9,2.28,0.61,34.4,0.148,0,1,0,1.0,35.39073004200096,62.94870756555206,0.025398707720851073,32.68075852192086,0.22194369763470492,73882.9696,2.128689767409126,678.3,0.0025109175807104013,1.4421103193735088e-05,0.44409689897966004,0.0,0.0,1.1403845367991812,lhs_candidate_000001_june2024_preflight,pa1_candidate_000001
2024-06-11T11:00,34.0,52.0,884.0,761.0,123.0,0.28,100930.0,22.9,2.52,0.68,35.7,0.146,0,1,0,1.0,36.82413771110096,58.517511427129726,0.025423007225423604,33.084028631112915,0.2192538897085814,82119.43519999999,2.5781194802931187,751.4,0.002611960680365107,1.5435606965613465e-05,0.4274931463492679,0.0,0.0,1.1343243670400076,lhs_candidate_000001_june2024_preflight,pa1_candidate_000001
2024-06-11T12:00,34.6,51.0,878.0,743.0,135.0,0.36,100840.0,23.1,2.68,0.69,36.5,0.145,0,1,0,1.0,37.69817695685085,55.65463185028698,0.025284574591432858,33.52128123980491,0.21653132587516558,82013.624,2.8901649611834586,746.3,0.0026784965223771483,1.4811062331239626e-05,0.41068719676028137,0.0,0.0,1.1301262460972845,lhs_candidate_000001_june2024_preflight,pa1_candidate_000001
2024-06-11T13:00,34.9,51.0,795.0,636.0,159.0,0.51,100740.0,23.3,2.73,0.63,36.8,0.143,0,1,0,1.0,37.963636186049335,54.085790481238355,0.02490625108931628,33.9404822725585,0.21402938681761857,75554.0016,3.0357293147112827,675.75,0.0027016765067771854,1.3008015217799751e-05,0.3952431285038184,0.0,0.0,1.128042204349683,lhs_candidate_000001_june2024_preflight,pa1_candidate_000001
2024-06-11T14:00,35.2,50.0,708.0,556.0,152.0,0.86,100680.0,23.2,2.84,0.57,36.8,0.142,0,1,0,1.0,37.97691365106781,52.40971613599698,0.024150733305855793,34.3131830263908,0.21184451391138634,67651.7248,3.148807390571051,601.8,0.002755752273534552,1.1293350311975676e-05,0.3817562587122614,0.0,0.0,1.1273222397648022,lhs_candidate_000001_june2024_preflight,pa1_candidate_000001
2024-06-11T15:00,34.4,52.0,596.0,457.0,139.0,1.22,100640.0,23.2,2.6,0.48,36.5,0.141,0,1,0,1.0,37.22213158145691,52.30463024984374,0.023191930904905577,34.624441602152054,0.2099916114127689,57338.3536,3.0291962903696223,506.59999999999997,0.0029218840886346244,9.307878801958424e-06,0.37031858896770925,0.0,0.0,1.1296147589548244,lhs_candidate_000001_june2024_preflight,pa1_candidate_000001
2024-06-11T16:00,33.0,58.0,321.0,186.0,135.0,1.08,100670.0,23.8,2.09,0.27,35.4,0.141,0,1,0,1.0,35.29283167559877,56.198124445797355,0.022560068058849237,34.80971226931356,0.2086980238414327,32997.624,2.5029817190365,272.84999999999997,0.0027638852293881385,5.098504281011709e-06,0.36233348050267106,0.0,0.0,1.137019298216971,lhs_candidate_000001_june2024_preflight,pa1_candidate_000001
2024-06-11T17:00,32.7,60.0,204.0,103.0,101.0,0.71,100670.0,24.0,1.97,0.16,34.5,0.141,0,1,0,1.0,33.935447676089396,60.0153784413132,0.022445099238457493,34.8591053028754,0.20794318396785902,21505.4224,2.1192535170591684,173.4,0.002361478578137453,3.3143350918984653e-06,0.3576739751102409,0.0,0.0,1.1420451690754332,lhs_candidate_000001_june2024_preflight,pa1_candidate_000001
2024-06-11T18:00,32.1,64.0,78.0,48.0,30.0,0.99,100720.0,24.4,1.72,0.07,33.5,0.141,1,1,0,1.0,32.90859790953401,63.09198657758945,0.022353798117758714,34.828221270401414,0.20751190073378986,7919.472,1.8470305627470993,66.3,0.0023967166423391082,1.4833113223102132e-06,0.3550117329246288,0.0,0.0,1.1464459423469486,lhs_candidate_000001_june2024_preflight,pa1_candidate_000001
2024-06-11T19:00,31.3,69.0,0.0,0.0,0.0,0.86,100790.0,25.0,1.4,0.03,32.6,0.14,0,1,0,1.0,31.80821499798827,67.60651547071957,0.02259417377704603,34.727629275334415,0.21453443493573282,0.0,1.52362335671116,0.0,0.0022341543374870846,3.7186837333668637e-07,0.39836070947983226,0.0,0.0,1.1513823218397627,lhs_candidate_000001_june2024_preflight,pa1_candidate_000001
2024-06-11T20:00,30.7,73.0,0.0,0.0,0.0,0.3,100860.0,25.3,1.2,0.0,31.9,0.14,0,0,0,1.0,31.036103073698516,72.60159742734136,0.023282232792358366,34.58878722413538,0.21447437347336762,0.0,1.233430740364272,0.0,0.000479936439455524,3.0076133873507487e-07,0.3979899597121458,0.0,0.0,1.155106541859591,lhs_candidate_000001_june2024_preflight,pa1_candidate_000001
2024-06-11T21:00,30.4,75.0,0.0,0.0,0.0,0.45,100900.0,25.6,1.07,0.0,31.4,0.14,0,0,0,1.0,30.601102091699783,75.52864432879676,0.023661472247744945,34.438876630673285,0.2144241825428481,0.0,1.074676298539146,0.0,0.00047783352189047885,2.618464547307478e-07,0.3976801391533833,0.0,0.0,1.157219525223773,lhs_candidate_000001_june2024_preflight,pa1_candidate_000001
2024-06-11T22:00,30.1,78.0,0.0,0.0,0.0,0.54,100940.0,25.9,0.93,0.0,31.0,0.14,0,0,0,1.0,30.289118269228723,77.95291378592763,0.02401391511336457,34.28461756486385,0.21437971934725872,0.0,0.9510976122330606,0.0,0.0005256553008827459,2.31576390878515e-07,0.39740567498307855,0.0,0.0,1.1588685621683867,lhs_candidate_000001_june2024_preflight,pa1_candidate_000001
2024-06-11T23:00,29.8,81.0,0.0,0.0,0.0,0.73,100930.0,26.2,0.8,0.0,30.6,0.14,0,0,0,1.0,29.99106863775023,80.60508124930882,0.02443448214684498,34.127467980396474,0.2143408665542479,0.0,0.8225175369795563,0.0,0.00065123280971638,2.0014842770803123e-07,0.3971658429274561,0.0,0.0,1.159893046290233,lhs_candidate_000001_june2024_preflight,pa1_candidate_000001
2024-06-12T00:00,29.6,83.0,0.0,0.0,0.0,0.92,100900.0,26.4,0.7,0.0,30.3,0.14,0,0,0,1.0,29.752558157070794,82.74811530389873,0.02476245098124129,33.96826033001184,0.2143071939468979,0.0,0.7216833923849664,0.0,0.0007710577351266721,1.755199075437249e-07,0.39695798732653026,0.0,0.0,1.1604613321439168,lhs_candidate_000001_june2024_preflight,pa1_candidate_000001
2024-06-12T01:00,29.3,85.0,0.0,0.0,0.0,1.04,100870.0,26.4,0.62,0.0,29.8,0.14,0,0,0,1.0,29.491122421631452,84.56913751902215,0.024951206402128053,33.808044066505325,0.21427749035076038,0.0,0.6358716938340372,0.0,0.0008705268340426024,1.5457829584143507e-07,0.3967746317948172,0.0,0.0,1.1611184624475068,lhs_candidate_000001_june2024_preflight,pa1_candidate_000001
2024-06-12T02:00,29.0,87.0,0.0,0.0,0.0,0.98,100860.0,26.7,0.51,0.0,29.4,0.14,0,0,0,1.0,29.198625161505202,86.45186010845677,0.025104520359126185,33.64566411336179,0.2142515715448654,0.0,0.5489552742115498,0.0,0.0008295715391615809,1.333953919208307e-07,0.39661463916583584,0.0,0.0,1.1621265266726963,lhs_candidate_000001_june2024_preflight,pa1_candidate_000001
2024-06-12T03:00,29.0,87.0,0.0,0.0,0.0,1.04,100850.0,26.6,0.52,0.0,29.1,0.14,0,0,0,1.0,29.07746381838588,87.15684730151719,0.02514290543529142,33.48265035438543,0.21422853001103787,0.0,0.5167627823716905,0.0,0.0008355693119465843,1.2552762762848654e-07,0.3964724074755424,0.0,0.0,1.16247714892628,lhs_candidate_000001_june2024_preflight,pa1_candidate_000001
2024-06-12T04:00,28.8,88.0,0.0,0.0,0.0,1.02,100870.0,26.6,0.48,0.0,28.9,0.14,0,0,0,1.0,28.945029337770944,87.79517320465997,0.025144987895170987,33.322486585925084,0.214206473418178,0.0,0.4873351044609149,0.0,0.0008418447175136716,1.1833865355581775e-07,0.3963362556677655,0.0,0.0,1.1632174005309148,lhs_candidate_000001_june2024_preflight,pa1_candidate_000001
2024-06-12T05:00,28.7,88.0,0.0,0.0,0.0,1.1,100970.0,26.5,0.47,0.0,28.7,0.14,0,0,0,1.0,28.81187602330711,88.06749691506455,0.025040501811462012,33.16365978436809,0.21418560937454958,0.0,0.4728057511373498,0.0,0.0008912759381173839,1.1477321046466679e-07,0.39620746527499745,0.0,0.0,1.1648840268707175,lhs_candidate_000001_june2024_preflight,pa1_candidate_000001
2024-06-12T06:00,28.6,88.0,23.0,11.0,12.0,1.5,101010.0,26.4,0.48,0.02,28.7,0.14,1,0,0,1.0,28.763868648430257,88.5150757978131,0.02510191652537313,33.012442039946734,0.21413333750880517,2446.1888,0.4538084071171231,19.55,0.0012057795131760586,4.657130329858969e-07,0.395884799437069,0.0,0.0,1.1655308059358518,lhs_candidate_000001_june2024_preflight,pa1_candidate_000001
2024-06-12T07:00,29.9,77.0,180.0,126.0,54.0,1.22,101070.0,25.5,0.97,0.13,30.4,0.14,0,0,0,1.0,29.893368823742307,86.72166204693465,0.026150110808540503,32.91476118989094,0.2210017397360523,17739.849599999998,0.5599717905725012,153.0,0.0009529846803960806,3.2317233606622107e-06,0.4382823440497056,0.0,0.0,1.1618763968801107,lhs_candidate_000001_june2024_preflight,pa1_candidate_000001
2024-06-12T08:00,31.8,64.0,398.0,300.0,98.0,1.03,101090.0,24.1,1.7,0.3,31.9,0.139,0,0,0,1.0,32.222047905762224,82.98580934706816,0.02835161221899959,32.945463120461035,0.22008509381416708,38471.8752,0.81919295387052,338.3,0.0009298068188194737,6.942395328348004e-06,0.43262403588992027,0.0,0.0,1.1532444248099425,lhs_candidate_000001_june2024_preflight,pa1_candidate_000001
2024-06-12T09:00,33.1,57.0,622.0,521.0,101.0,0.64,101080.0,23.3,2.19,0.47,33.9,0.138,0,1,0,1.0,34.549368626901085,64.4258477398421,0.024881154095307053,33.131006689643655,0.21847809273987753,58289.422399999996,1.950937016980535,528.6999999999999,0.0023877507470219717,1.0774595561041324e-05,0.42270427617208356,0.0,0.0,1.144408505532896,lhs_candidate_000001_june2024_preflight,pa1_candidate_000001
2024-06-12T10:00,34.0,54.0,784.0,670.0,114.0,0.41,101070.0,23.3,2.47,0.6,35.4,0.137,0,1,0,1.0,36.349253176817086,59.90815095126511,0.025399520423965923,33.44525682447473,0.216320997757208,73002.7936,2.4278787753970703,666.4,0.002532896060122335,1.3145216516330657e-05,0.4093888750444939,0.0,0.0,1.137640669091327,lhs_candidate_000001_june2024_preflight,pa1_candidate_000001
2024-06-12T11:00,34.7,52.0,895.0,763.0,132.0,0.41,100980.0,23.3,2.67,0.7,36.6,0.136,0,1,0,1.0,37.680077973166306,56.501501020033984,0.025645644715202892,33.846616181257204,0.21383353519597167,83404.0768,2.8321917250190696,760.75,0.002664109187830834,1.4458126515098093e-05,0.39403416787636836,0.0,0.0,1.1317611395066567,lhs_candidate_000001_june2024_preflight,pa1_candidate_000001
2024-06-12T12:00,35.4,49.0,946.0,823.0,123.0,0.61,100910.0,23.2,2.9,0.75,37.5,0.134,0,1,0,1.0,38.7116479113799,52.57231287404783,0.02514561514212047,34.299111498746555,0.2112065926876559,87575.43519999999,3.2649068980814353,804.1,0.002772415960512424,1.4715904763080217e-05,0.377818473380592,0.0,0.0,1.1272355726954848,lhs_candidate_000001_june2024_preflight,pa1_candidate_000001
2024-06-12T13:00,35.6,49.0,877.0,712.0,165.0,0.71,100830.0,23.2,2.96,0.7,37.9,0.133,0,1,0,1.0,39.05508813586699,50.7143676142658,0.024681516656050898,34.752191183322736,0.20869709926673902,82981.096,3.4559929205338418,745.4499999999999,0.002826093311141612,1.3178480601112748e-05,0.3623277732514754,0.0,0.0,1.1251028876287197,lhs_candidate_000001_june2024_preflight,pa1_candidate_000001
2024-06-12T14:00,34.8,52.0,672.0,559.0,113.0,0.64,100750.0,23.6,2.64,0.53,37.4,0.133,0,1,0,1.0,38.111355357585005,51.63327241016051,0.023956131346726157,35.12644869694,0.20662652021413863,63111.61119999999,3.2235220798153255,571.1999999999999,0.0027817446259973053,9.86500084336659e-06,0.34954642107492984,0.0,0.0,1.127618777794385,lhs_candidate_000001_june2024_preflight,pa1_candidate_000001
2024-06-12T15:00,34.6,53.0,591.0,482.0,109.0,1.08,100770.0,23.7,2.56,0.47,37.0,0.132,0,1,0,1.0,37.25067005430889,53.04667937098321,0.023555317321146782,35.40076096656602,0.20498018795796571,55842.8816,2.986698772036149,502.34999999999997,0.0028263906957040077,8.455225608457371e-06,0.339383876283739,0.0,0.0,1.1309699277205065,lhs_candidate_000001_june2024_preflight,pa1_candidate_000001
2024-06-12T16:00,32.9,61.0,391.0,281.0,110.0,0.94,100740.0,24.2,1.97,0.31,36.1,0.133,0,1,0,1.0,35.50633334630478,58.17665499377521,0.023614385752238364,35.5781973225065,0.20372066454941706,38278.064000000006,2.4182075296422223,332.34999999999997,0.0027597836399523125,5.555597825083602e-06,0.3316090404285004,0.0,0.0,1.1370228764196453,lhs_candidate_000001_june2024_preflight,pa1_candidate_000001
2024-06-12T17:00,32.8,61.0,245.0,171.0,74.0,0.1,100720.0,24.2,1.95,0.17,35.1,0.133,0,1,0,1.0,34.2110965759702,61.01510372043245,0.02315093583930382,35.631705486007675,0.20290447902877967,24163.4976,2.09820628176545,208.25,0.0022467130143669733,3.5448810454354557e-06,0.32657085820234366,0.0,0.0,1.1415876687147846,lhs_candidate_000001_june2024_preflight,pa1_candidate_000001
2024-06-12T18:00,32.2,64.0,83.0,52.0,31.0,0.92,100740.0,24.4,1.74,0.07,34.0,0.133,1,1,0,1.0,33.110488816631324,62.857406735758374,0.022509454353498822,35.59161158318736,0.20245795489148485,8394.654400000001,1.8799374828477338,70.55,0.002382395561814252,1.422730175493072e-06,0.3238145363671905,0.0,0.0,1.145917690272746,lhs_candidate_000001_june2024_preflight,pa1_candidate_000001
2024-06-12T19:00,31.5,69.0,0.0,0.0,0.0,0.71,100790.0,25.1,1.43,0.03,33.0,0.133,0,0,0,1.0,31.997415131281535,67.58213387445076,0.02281482117158685,35.4716757710313,0.20948735396653725,0.0,1.5411715876734235,0.0,0.0007520104543714972,3.4673346234941877e-07,0.36720588868232873,0.0,0.0,1.1506684318378768,lhs_candidate_000001_june2024_preflight,pa1_candidate_000001
2024-06-12T20:00,31.1,72.0,0.0,0.0,0.0,0.64,100870.0,25.4,1.26,0.0,32.3,0.132,0,0,0,1.0,31.35917049207398,71.810398969096,0.023430459907015488,35.314848851298116,0.20943063488862979,0.0,1.292571228150467,0.0,0.0006198850734741041,2.905259734505369e-07,0.36685577091746785,0.0,0.0,1.1539954418178648,lhs_candidate_000001_june2024_preflight,pa1_candidate_000001
2024-06-12T21:00,30.7,75.0,0.0,0.0,0.0,0.71,100900.0,25.7,1.12,0.0,31.8,0.132,0,0,0,1.0,30.937754803593418,74.76895372547845,0.023851094418512308,35.15021786189995,0.20938175532235512,0.0,1.129517348519578,0.0,0.0006562703750872689,2.5366821190474966e-07,0.36655404519972296,0.0,0.0,1.1559383783006603,lhs_candidate_000001_june2024_preflight,pa1_candidate_000001
2024-06-12T22:00,30.4,78.0,0.0,0.0,0.0,0.72,100910.0,26.1,0.96,0.0,31.3,0.132,0,0,0,1.0,30.598748313608304,77.61637046400446,0.0243124317105466,34.9809280833092,0.2093391090806187,0.0,0.9828602706826568,0.0,0.0006473862781616166,2.2057328566978683e-07,0.3662907967939426,0.0,0.0,1.157343183262074,lhs_candidate_000001_june2024_preflight,pa1_candidate_000001
2024-06-12T23:00,30.1,81.0,0.0,0.0,0.0,0.76,100920.0,26.5,0.82,0.0,30.9,0.132,0,0,0,1.0,30.29788045825353,80.44425824037164,0.024793104889697246,34.80895828005866,0.20930224037383588,0.0,0.8440457230660705,0.0,0.0006743451166602856,1.8930286424022126e-07,0.3660632121841721,0.0,0.0,1.1586054906384395,lhs_candidate_000001_june2024_preflight,pa1_candidate_000001
2024-06-13T00:00,29.8,84.0,0.0,0.0,0.0,0.72,100900.0,26.8,0.67,0.0,30.4,0.132,0,0,0,1.0,30.00141180475006,83.27937605139297,0.02525928314184786,34.634802585747494,0.20927090246154145,0.0,0.7095244055744652,0.0,0.0006486220121147474,1.5904828447059764e-07,0.3658697682811201,0.0,0.0,1.159508722245861,lhs_candidate_000001_june2024_preflight,pa1_candidate_000001
2024-06-13T01:00,29.3,87.0,0.0,0.0,0.0,0.95,100810.0,27.0,0.52,0.0,29.9,0.132,0,0,0,1.0,29.587863842579765,86.01016072743734,0.025509900954196776,34.457383405047906,0.20924491219145516,0.0,0.5797091906197873,0.0,0.0008364906640224975,1.2989168674056248e-07,0.36570933451515536,0.0,0.0,1.1600569795388547,lhs_candidate_000001_june2024_preflight,pa1_candidate_000001
2024-06-13T02:00,29.4,86.0,0.0,0.0,0.0,1.1,100800.0,26.8,0.57,0.0,29.4,0.132,0,0,0,1.0,29.452950714882373,86.40113125183925,0.02543895258787087,34.27722033384582,0.20922243023433437,0.0,0.5591488592491567,0.0,0.0008736675328909701,1.2523732388490118e-07,0.36557055700206403,0.0,0.0,1.160459056844254,lhs_candidate_000001_june2024_preflight,pa1_candidate_000001
2024-06-13T03:00,29.2,86.0,0.0,0.0,0.0,1.2,100740.0,26.7,0.55,0.0,29.1,0.132,0,0,0,1.0,29.346805202826978,86.03139720506563,0.025184487957943372,34.10125875637555,0.20919956434077966,0.0,0.5708494867386991,0.0,0.0009759227421321911,1.2780864667910656e-07,0.36542940951098557,0.0,0.0,1.1601752677395767,lhs_candidate_000001_june2024_preflight,pa1_candidate_000001
2024-06-13T04:00,28.6,90.0,0.0,0.0,0.0,1.3,100750.0,26.8,0.39,0.0,28.9,0.132,0,0,0,1.0,28.923480871415794,88.52973877799822,0.025325607469639147,33.92443169701783,0.209178389214564,0.0,0.4574338536047069,0.0,0.0010942857366975176,1.0237915792111352e-07,0.36529869885533334,0.0,0.0,1.1619164585068222,lhs_candidate_000001_june2024_preflight,pa1_candidate_000001
2024-06-13T05:00,28.2,92.0,0.0,0.0,0.0,1.1,100780.0,26.7,0.32,0.0,28.6,0.132,0,0,0,1.0,28.468338394111882,90.96267528328,0.025382807083638652,33.740825595815984,0.20916230297107757,0.0,0.3510312331488059,0.0,0.0009364276913575236,7.854362505063556e-08,0.36519940105603443,0.0,0.0,1.1640162941729135,lhs_candidate_000001_june2024_preflight,pa1_candidate_000001
2024-06-13T06:00,28.3,92.0,24.0,13.0,11.0,1.22,100880.0,26.8,0.32,0.01,28.7,0.132,1,0,0,1.0,28.41980351647184,92.44781665606345,0.02572881372748618,33.560847595206525,0.20911873036747453,2499.0063999999998,0.29251974559861704,20.4,0.0009837932416897446,4.074904654982139e-07,0.36493043436712674,0.0,0.0,1.1653588249819058,lhs_candidate_000001_june2024_preflight,pa1_candidate_000001
2024-06-13T07:00,30.6,76.0,190.0,136.0,54.0,1.2,100900.0,25.9,1.05,0.14,31.0,0.132,0,0,0,1.0,30.222764856365007,86.79625371120052,0.026642615878884553,33.445664935967066,0.2159998434401839,18619.849599999998,0.5674418313329084,161.5,0.001035827508490791,3.1650478287820186e-06,0.4074064409887894,0.0,0.0,1.158662697738141,lhs_candidate_000001_june2024_preflight,pa1_candidate_000001
2024-06-13T08:00,32.3,64.0,407.0,327.0,80.0,1.08,100910.0,24.5,1.76,0.31,32.6,0.132,0,1,0,1.0,32.81710262147946,79.12362245458121,0.0278985749374812,33.47705479577058,0.21511694855700075,38630.592000000004,1.0393873807035168,345.95,0.0023776480254961924,6.645793334505654e-06,0.40195647257407874,0.0,0.0,1.1489520941081168,lhs_candidate_000001_june2024_preflight,pa1_candidate_000001
2024-06-13T09:00,33.6,56.0,613.0,510.0,103.0,1.22,100910.0,23.7,2.27,0.48,34.4,0.131,0,1,0,1.0,35.07674799655887,61.344334745526055,0.024351045677258962,33.6598212333116,0.21361448712693218,57567.7872,2.182721546680308,521.05,0.002679742308010841,9.927064722523676e-06,0.3926820193020505,0.0,0.0,1.1405289955207478,lhs_candidate_000001_june2024_preflight,pa1_candidate_000001
2024-06-13T10:00,34.6,53.0,773.0,664.0,109.0,1.17,100820.0,23.6,2.6,0.61,36.0,0.13,0,1,0,1.0,36.90710285382002,56.81294841212024,0.024787723352122277,33.96650039840584,0.21162679352043454,71858.88160000001,2.6962257845991773,657.05,0.002808348983096228,1.2113899827224213e-05,0.3804123056816947,0.0,0.0,1.1327849155039225,lhs_candidate_000001_june2024_preflight,pa1_candidate_000001
2024-06-13T11:00,35.3,51.0,877.0,752.0,125.0,0.89,100720.0,23.7,2.8,0.7,37.3,0.129,0,1,0,1.0,38.25882213899527,53.858910795583256,0.02517661109334306,34.35980586333359,0.20934179608631848,81573.8,3.09977495144199,745.4499999999999,0.0028001991874799874,1.3243279842630414e-05,0.3663073832488795,0.0,0.0,1.1267491886828074,lhs_candidate_000001_june2024_preflight,pa1_candidate_000001
2024-06-13T12:00,36.2,48.0,902.0,752.0,150.0,0.54,100610.0,23.5,3.1,0.72,38.3,0.128,0,1,0,1.0,39.3541545061622,50.69168932496367,0.025045160969783077,34.79838139592717,0.20696637819121777,84653.36,3.51345735936239,766.6999999999999,0.002723668233973858,1.314565254891296e-05,0.3516443098223319,0.0,0.0,1.1215736627482464,lhs_candidate_000001_june2024_preflight,pa1_candidate_000001
2024-06-13T13:00,36.5,48.0,864.0,709.0,155.0,0.57,100580.0,23.6,3.2,0.69,38.7,0.127,0,1,0,1.0,39.8674905526437,49.12279951517411,0.024904190734168233,35.24217052308243,0.20468881351991972,81485.272,3.7260857177012463,734.4,0.002770041388816009,1.2163004984208425e-05,0.33758526864147975,0.0,0.0,1.1194004436165166,lhs_candidate_000001_june2024_preflight,pa1_candidate_000001
2024-06-13T14:00,36.3,48.0,760.0,610.0,150.0,0.42,100480.0,23.5,3.15,0.6,38.6,0.126,0,1,0,1.0,39.61018811920473,48.317160774905744,0.02418138274987284,35.645052390939476,0.20266058025789807,72157.36,3.733440719538738,646.0,0.0027266487986763632,1.0392941000241691e-05,0.32506531023393875,0.0,0.0,1.1192074941682457,lhs_candidate_000001_june2024_preflight,pa1_candidate_000001
2024-06-13T15:00,35.8,50.0,572.0,436.0,136.0,0.67,100470.0,23.7,2.96,0.46,38.1,0.126,0,1,0,1.0,38.6538369299861,49.31481490605072,0.023518640269243093,35.957698592193225,0.20103420215946716,55120.8064,3.478315717916713,486.2,0.0027033285420400522,7.709488294741943e-06,0.3150259392559701,0.0,0.0,1.1225285510604204,lhs_candidate_000001_june2024_preflight,pa1_candidate_000001
2024-06-13T16:00,34.9,52.0,314.0,178.0,136.0,1.2,100560.0,23.7,2.67,0.28,37.1,0.126,0,1,0,1.0,37.004058072101124,50.52678215017133,0.02215487925069558,36.13303575688236,0.19994997144253218,32416.806399999998,3.105039138421006,266.9,0.002786620070500478,4.368082961437863e-06,0.30833315705266784,0.0,0.0,1.1295104300397205,lhs_candidate_000001_june2024_preflight,pa1_candidate_000001
2024-06-13T17:00,32.8,61.0,147.0,66.0,81.0,0.89,100540.0,24.3,1.93,0.13,35.6,0.127,0,1,0,1.0,34.59677024853084,57.670039721939396,0.02232724427901661,36.16109633278205,0.19936089492214878,15785.774399999998,2.327544234925586,124.95,0.0025761328947362635,2.18395777823836e-06,0.30469688223548635,0.0,0.0,1.1381193991278962,lhs_candidate_000001_june2024_preflight,pa1_candidate_000001
2024-06-13T18:00,32.2,63.0,60.0,36.0,24.0,0.64,100570.0,24.3,1.77,0.06,34.3,0.127,1,1,0,1.0,32.98324192578252,61.93947529588493,0.022032197446573733,36.0780072857981,0.19907015049045385,6124.3776,1.9127017717265646,51.0,0.0021986261333145334,1.0648182152599077e-06,0.30290216352132004,0.0,0.0,1.1444594466252367,lhs_candidate_000001_june2024_preflight,pa1_candidate_000001
2024-06-13T19:00,31.6,68.0,0.0,0.0,0.0,1.06,100660.0,24.9,1.5,0.04,33.3,0.127,0,0,0,1.0,32.032857507185966,67.0147091756025,0.02266598404461389,35.93590172443247,0.2061361127397864,0.0,1.5712909150594956,0.0,0.000953109843080909,3.335946260705449e-07,0.346519214443126,0.0,0.0,1.1490508272313436,lhs_candidate_000001_june2024_preflight,pa1_candidate_000001
2024-06-13T20:00,31.1,71.0,0.0,0.0,0.0,0.92,100690.0,25.3,1.3,0.01,32.5,0.127,0,0,0,1.0,31.396970805357828,70.59832367469141,0.023081601149176748,35.76520150276112,0.20608063917660646,0.0,1.3510444097773262,0.0,0.0008182130083495337,2.8655150274181724e-07,0.34617678504078064,0.0,0.0,1.1517931876223024,lhs_candidate_000001_june2024_preflight,pa1_candidate_000001
2024-06-13T21:00,30.8,74.0,0.0,0.0,0.0,0.86,100750.0,25.6,1.15,0.0,31.9,0.127,0,0,0,1.0,31.005817437136727,73.6380800196908,0.023576289700340022,35.58683555449278,0.20603234713783375,0.0,1.184725873074513,0.0,0.0007464029018602186,2.510595804552935e-07,0.3458786860360108,0.0,0.0,1.15396165051318,lhs_candidate_000001_june2024_preflight,pa1_candidate_000001
2024-06-13T22:00,30.5,77.0,0.0,0.0,0.0,0.94,100760.0,26.0,1.0,0.0,31.3,0.127,0,0,0,1.0,30.69898216627434,76.51358481774876,0.02409656250964148,35.40553530254283,0.20599001897355332,0.0,1.037200620468143,0.0,0.0008007361282439375,2.1963092630881518e-07,0.3456174010713168,0.0,0.0,1.1552416063294368,lhs_candidate_000001_june2024_preflight,pa1_candidate_000001
2024-06-13T23:00,30.2,79.0,0.0,0.0,0.0,0.89,100770.0,26.2,0.9,0.0,30.8,0.127,0,0,0,1.0,30.40146359533617,78.72275784207264,0.02439840736347202,35.222287117833126,0.20595277629082234,0.0,0.9238055158826706,0.0,0.000766135027439996,1.9548898968372645e-07,0.3453875079680392,0.0,0.0,1.156488653415645,lhs_candidate_000001_june2024_preflight,pa1_candidate_000001
2024-06-14T00:00,29.7,84.0,0.0,0.0,0.0,0.95,100680.0,26.6,0.68,0.0,30.3,0.127,0,0,0,1.0,29.98822450115674,82.52640995823846,0.02501306394638055,35.036062199444835,0.20592076136472526,0.0,0.7409151763632185,0.0,0.0008364843854276228,1.5669735906487184e-07,0.3451898849674399,0.0,0.0,1.1570308882207418,lhs_candidate_000001_june2024_preflight,pa1_candidate_000001
2024-06-14T01:00,29.1,88.0,0.0,0.0,0.0,1.04,100660.0,26.9,0.47,0.0,29.8,0.127,0,0,0,1.0,29.445663838815218,86.4895578273102,0.025454915794014238,34.84323770211342,0.20589620704471298,0.0,0.5552799042977394,0.0,0.0009159768482287302,1.1738548702029938e-07,0.3450383150908209,0.0,0.0,1.1588752146238628,lhs_candidate_000001_june2024_preflight,pa1_candidate_000001
2024-06-14T02:00,28.9,88.0,0.0,0.0,0.0,1.04,100630.0,26.7,0.47,0.0,29.4,0.127,0,0,0,1.0,29.09298232790834,87.76601321207524,0.025340037278642313,34.64408306018211,0.20587670559788918,0.0,0.49269348210974506,0.0,0.000871164371059813,1.0411845631947058e-07,0.34491793578943936,0.0,0.0,1.1598816977194866,lhs_candidate_000001_june2024_preflight,pa1_candidate_000001
2024-06-14T03:00,28.6,89.0,0.0,0.0,0.0,1.1,100610.0,26.7,0.41,0.0,29.0,0.127,0,0,0,1.0,28.817615224262035,88.46900762074485,0.025162542254663193,34.44400556733167,0.20585857493179802,0.0,0.4570483244379333,0.0,0.0009219721493390874,9.655440314154225e-08,0.34480601809751865,0.0,0.0,1.160708670475201,lhs_candidate_000001_june2024_preflight,pa1_candidate_000001
2024-06-14T04:00,28.4,90.0,0.0,0.0,0.0,1.2,100600.0,26.6,0.39,0.0,28.8,0.127,0,0,0,1.0,28.580478934922944,89.44597617124063,0.02511310027620081,34.243500513781214,0.20584204661934286,0.0,0.4126182953568942,0.0,0.0009850689619274437,8.714248053314822e-08,0.34470399147742503,0.0,0.0,1.1615054378802754,lhs_candidate_000001_june2024_preflight,pa1_candidate_000001
2024-06-14T05:00,28.6,88.0,0.0,0.0,0.0,1.1,100680.0,26.4,0.47,0.0,28.5,0.127,0,0,0,1.0,28.610501035177347,88.61205378286759,0.02491981947057221,34.04632730043389,0.20582603780260902,0.0,0.44599664759317026,0.0,0.0008608204356172714,9.416478307868297e-08,0.34460517162104337,0.0,0.0,1.1623134503854267,lhs_candidate_000001_june2024_preflight,pa1_candidate_000001
2024-06-14T06:00,28.7,88.0,24.0,13.0,11.0,1.2,100710.0,26.6,0.45,0.02,28.6,0.127,1,0,0,1.0,28.78884583426668,88.68571849355327,0.025184615122356268,33.86404788604148,0.20577977932027644,2499.0063999999998,0.44771258816127046,20.4,0.0009602370103461923,4.172151596395176e-07,0.34431962543380523,0.0,0.0,1.1619730465220492,lhs_candidate_000001_june2024_preflight,pa1_candidate_000001
2024-06-14T07:00,30.6,75.0,194.0,141.0,53.0,1.1,100710.0,25.7,1.09,0.14,31.1,0.127,0,0,0,1.0,30.398048323302167,85.22256206844783,0.026408019359916796,33.74764819328765,0.2126662784334436,18936.6672,0.641474707650004,164.9,0.0009171880306380149,3.0831672487087364e-06,0.38682887921878767,0.0,0.0,1.1558130664826984,lhs_candidate_000001_june2024_preflight,pa1_candidate_000001
2024-06-14T08:00,32.6,60.0,418.0,342.0,76.0,0.54,100710.0,23.9,1.94,0.31,32.7,0.126,0,0,0,1.0,33.06881571579821,82.97668489605286,0.029648941355260795,33.776631539832216,0.21180809758521968,39457.8624,0.8596087493981557,355.3,0.0006485387648055522,6.42999198536304e-06,0.38153146657543013,0.0,0.0,1.1457323408990432,lhs_candidate_000001_june2024_preflight,pa1_candidate_000001
2024-06-14T09:00,34.0,53.0,623.0,529.0,94.0,0.3,100660.0,23.2,2.47,0.47,34.7,0.126,0,1,0,1.0,35.50595912205501,59.350405897521334,0.024090353733102667,33.9631843390873,0.21035068627798006,58131.145599999996,2.3502933324933397,529.55,0.002300087096816195,9.601501422896338e-06,0.37253510048135846,0.0,0.0,1.1361213173168898,lhs_candidate_000001_june2024_preflight,pa1_candidate_000001
2024-06-14T10:00,35.2,50.0,793.0,686.0,107.0,0.4,100630.0,23.0,2.86,0.62,36.4,0.125,0,1,0,1.0,37.539016292299635,54.57562345867996,0.02459390249482389,34.27990090998989,0.20841903253052887,73548.5168,2.935048768515054,674.05,0.0025264173422863273,1.1817818503773582e-05,0.3606113119168449,0.0,0.0,1.1283504890191505,lhs_candidate_000001_june2024_preflight,pa1_candidate_000001
2024-06-14T11:00,35.8,48.0,842.0,715.0,127.0,1.49,100570.0,23.1,3.05,0.68,37.4,0.124,0,1,0,1.0,38.762883475250696,49.654267621863525,0.023811523676049974,34.675770578396836,0.20625922560575977,78564.1648,3.4753479109681464,715.6999999999999,0.0030798709455647404,1.216050852810947e-05,0.3472791704059245,0.0,0.0,1.1232529953376245,lhs_candidate_000001_june2024_preflight,pa1_candidate_000001
2024-06-14T12:00,36.1,48.0,935.0,798.0,137.0,1.96,100550.0,23.3,3.1,0.76,38.1,0.123,0,1,0,1.0,39.52031754203083,47.92255843844639,0.023875795785587153,35.112485808874595,0.20399797386546234,87099.98879999999,3.74391396655371,794.75,0.003407285414739691,1.2937349727218158e-05,0.3333208263300145,0.0,0.0,1.1203091138579484,lhs_candidate_000001_june2024_preflight,pa1_candidate_000001
2024-06-14T13:00,36.1,49.0,848.0,712.0,136.0,1.75,100460.0,23.6,3.05,0.7,38.3,0.123,0,1,0,1.0,39.60137335109324,47.85359349267318,0.023938774508053307,35.54829973635762,0.20181516690944284,79408.8064,3.7651533966566024,720.8,0.0032970565151835534,1.1331667054865553e-05,0.31984670931754844,0.0,0.0,1.119016260097539,lhs_candidate_000001_june2024_preflight,pa1_candidate_000001
2024-06-14T14:00,35.3,53.0,662.0,452.0,210.0,1.75,100410.0,24.2,2.7,0.55,37.9,0.122,0,1,0,1.0,38.588158031065895,50.329769690404646,0.023923008942744378,35.90115026668099,0.20002173911828305,65644.304,3.3966336172368656,562.6999999999999,0.0032698908928694894,8.626517123390059e-06,0.308776167396809,0.0,0.0,1.1220945445854391,lhs_candidate_000001_june2024_preflight,pa1_candidate_000001
2024-06-14T15:00,34.6,55.0,516.0,365.0,151.0,1.81,100370.0,24.4,2.45,0.44,37.3,0.122,0,1,0,1.0,37.272600834378196,52.62830256208319,0.023395763355678667,36.140182337175204,0.19865324698147963,50720.5424,3.0169064429653414,438.59999999999997,0.0032218928833096347,6.6080055767180925e-06,0.3003286850708619,0.0,0.0,1.1264010319492799,lhs_candidate_000001_june2024_preflight,pa1_candidate_000001
2024-06-14T16:00,34.6,55.0,417.0,306.0,111.0,0.92,100310.0,24.3,2.45,0.34,36.7,0.121,0,1,0,1.0,36.556651050896555,54.42468123024892,0.023322236290815687,36.29237103489158,0.19758461890780607,40601.246399999996,2.7914268367056487,354.45,0.002621260525390392,5.286487332771819e-06,0.2937322154802844,0.0,0.0,1.1283300307440622,lhs_candidate_000001_june2024_preflight,pa1_candidate_000001
2024-06-14T17:00,34.1,57.0,282.0,210.0,72.0,0.89,100350.0,24.3,2.31,0.22,36.0,0.121,0,1,0,1.0,35.73638771614147,55.927640747833244,0.022973537914265763,36.373395965836025,0.19678234648583845,27349.1328,2.580703773029452,239.7,0.0025393624499894588,3.6373683061873613e-06,0.28877991657924973,0.0,0.0,1.1317774999159655,lhs_candidate_000001_june2024_preflight,pa1_candidate_000001
2024-06-14T18:00,33.2,61.0,83.0,53.0,30.0,0.72,100470.0,24.8,1.97,0.07,34.9,0.121,1,1,0,1.0,34.300223283625954,59.201405633013515,0.022567758181202706,36.35279082968182,0.19633735899213525,8359.472,2.2067245162563363,70.55,0.0023290754183336827,1.3139999483721126e-06,0.28603308019836576,0.0,0.0,1.1384239879416522,lhs_candidate_000001_june2024_preflight,pa1_candidate_000001
2024-06-14T19:00,32.2,68.0,0.0,0.0,0.0,0.91,100530.0,25.6,1.51,0.03,33.7,0.121,0,1,0,1.0,32.83538611591891,65.94836552689861,0.023275547611066046,36.23425942215114,0.20337618624789255,0.0,1.6970952752285307,0.0,0.00230181989602997,3.425893634545094e-07,0.3294826311598306,0.0,0.0,1.1445570540082766,lhs_candidate_000001_june2024_preflight,pa1_candidate_000001
2024-06-14T20:00,31.4,74.0,0.0,0.0,0.0,1.04,100570.0,26.3,1.18,0.01,32.9,0.121,0,0,0,1.0,31.83715450519694,72.3662739519927,0.024222226961432697,36.06963820640287,0.20332213825096454,0.0,1.3018788105048507,0.0,0.0009408897454954777,2.6254165928463886e-07,0.3291490015491639,0.0,0.0,1.1487601214430843,lhs_candidate_000001_june2024_preflight,pa1_candidate_000001
2024-06-14T21:00,30.9,79.0,0.0,0.0,0.0,0.78,100630.0,26.9,0.92,0.0,32.3,0.121,0,0,0,1.0,31.20719605801444,77.60097199907688,0.02511468965878928,35.88947991784956,0.20328029622200566,0.0,1.0182281686123988,0.0,0.0007281790667018395,2.051784991680476e-07,0.3288907174197881,0.0,0.0,1.1518245929676412,lhs_candidate_000001_june2024_preflight,pa1_candidate_000001
2024-06-14T22:00,30.6,82.0,0.0,0.0,0.0,0.78,100610.0,27.1,0.79,0.0,31.9,0.121,0,0,0,1.0,30.81678907813638,81.1934900077005,0.025732822271634696,35.702040092860756,0.20324695713461563,0.0,0.8361270261085134,0.0,0.0006951069752375337,1.683787055795944e-07,0.32868492058404714,0.0,0.0,1.1530747495688525,lhs_candidate_000001_june2024_preflight,pa1_candidate_000001
2024-06-14T23:00,30.3,84.0,0.0,0.0,0.0,0.78,100640.0,27.3,0.7,0.0,31.5,0.121,0,0,0,1.0,30.50968437867582,83.48617691821808,0.026026009140410263,35.511965511598106,0.20321887442803216,0.0,0.7214387629891319,0.0,0.0006925094194692906,1.4520623637812315e-07,0.3285115705434084,0.0,0.0,1.1545850787537177,lhs_candidate_000001_june2024_preflight,pa1_candidate_000001
2024-06-15T00:00,30.0,86.0,0.0,0.0,0.0,0.76,100620.0,27.4,0.6,0.0,31.2,0.121,0,0,0,1.0,30.21162624062011,85.41585719731717,0.02620313883348489,35.32022077995069,0.20319448266880624,0.0,0.6263658499371365,0.0,0.00067968619166931,1.260128319625407e-07,0.3283610041284336,0.0,0.0,1.155489804936217,lhs_candidate_000001_june2024_preflight,pa1_candidate_000001
2024-06-15T01:00,29.8,87.0,0.0,0.0,0.0,0.76,100570.0,27.4,0.56,0.0,30.9,0.121,0,0,0,1.0,29.97260928783776,86.73110522547381,0.026265287478388747,35.12754832638136,0.20317308312080185,0.0,0.5621239172016566,0.0,0.0006645303194113896,1.1304308921948747e-07,0.32822890815309785,0.0,0.0,1.1558262891412376,lhs_candidate_000001_june2024_preflight,pa1_candidate_000001
2024-06-15T02:00,29.4,88.0,0.0,0.0,0.0,0.85,100560.0,27.1,0.5,0.0,30.6,0.121,0,0,0,1.0,29.6519307015748,87.6013929016596,0.02607225476280346,34.93435635096807,0.20315359169300562,0.0,0.5156687606693815,0.0,0.0007559175365180234,1.0366294655023383e-07,0.3281085906975656,0.0,0.0,1.1569353032191925,lhs_candidate_000001_june2024_preflight,pa1_candidate_000001
2024-06-15T03:00,29.2,88.0,0.0,0.0,0.0,0.95,100530.0,27.1,0.48,0.0,30.3,0.121,0,0,0,1.0,29.38050375009238,87.90155701372504,0.025779102065400492,34.73907754390481,0.20313540916141978,0.0,0.4953835445094339,0.0,0.0008021291534303943,9.955102043447108e-08,0.3279963528482703,0.0,0.0,1.1576278350817848,lhs_candidate_000001_june2024_preflight,pa1_candidate_000001
2024-06-15T04:00,29.1,89.0,0.0,0.0,0.0,0.89,100500.0,27.1,0.44,0.0,30.1,0.121,0,0,0,1.0,29.23122629571644,88.64565063660005,0.025787253120457126,34.544797740152,0.20311803102369774,0.0,0.46093154748121057,0.0,0.0007419224478953224,9.259734028792431e-08,0.327889080393196,0.0,0.0,1.1578536967465785,lhs_candidate_000001_june2024_preflight,pa1_candidate_000001
2024-06-15T05:00,28.9,90.0,0.0,0.0,0.0,0.89,100530.0,27.1,0.41,0.0,29.8,0.121,0,0,0,1.0,29.066552642903268,89.57200757616069,0.025824281140001487,34.35314755748117,0.2031021172477935,0.0,0.4193209804311757,0.0,0.00075436524854098,8.421288396988809e-08,0.3277908472086019,0.0,0.0,1.1588304116361081,lhs_candidate_000001_june2024_preflight,pa1_candidate_000001
2024-06-15T06:00,29.0,89.0,23.0,10.0,13.0,1.08,100570.0,27.0,0.43,0.01,29.8,0.121,1,0,0,1.0,29.10558778881041,89.8271742896741,0.025952944334847367,34.17012131881877,0.20306080349587338,2481.3712,0.40998365668311987,19.55,0.0008743609105527141,3.765137622995629e-07,0.32753582404860115,0.0,0.0,1.1591417819966638,lhs_candidate_000001_june2024_preflight,pa1_candidate_000001
2024-06-15T07:00,30.0,81.0,161.0,72.0,89.0,0.95,100690.0,26.4,0.8,0.12,30.8,0.121,0,0,0,1.0,30.09595603245958,89.18013816370818,0.02718757863580765,34.03844292371751,0.21000887569010782,17299.2336,0.46162660224616836,136.85,0.0007738664210810576,2.4341545622108994e-06,0.37042515858091246,0.0,0.0,1.1567347207989553,lhs_candidate_000001_june2024_preflight,pa1_candidate_000001
2024-06-15T08:00,31.6,70.0,350.0,212.0,138.0,0.45,100690.0,25.5,1.38,0.26,32.3,0.12,0,0,0,1.0,32.08449587454821,88.98414196451638,0.030179379951349186,34.0191831811726,0.2093273376811675,35655.1712,0.5262854276849547,297.5,0.0006126947745231291,5.124458433581911e-06,0.3662181338343674,0.0,0.0,1.1491988324569593,lhs_candidate_000001_june2024_preflight,pa1_candidate_000001
2024-06-15T09:00,33.0,62.0,572.0,377.0,195.0,0.45,100720.0,24.7,1.93,0.44,34.1,0.12,0,1,0,1.0,34.3419436859219,67.44213047211451,0.025765300496458,34.14357177966989,0.20809903591000667,57196.568,1.765083911441656,486.2,0.002292665935459519,8.4002901632557e-06,0.35863602413584367,0.0,0.0,1.1411018886796485,lhs_candidate_000001_june2024_preflight,pa1_candidate_000001
2024-06-15T10:00,34.4,55.0,762.0,608.0,154.0,0.32,100620.0,24.1,2.42,0.59,35.8,0.12,0,1,0,1.0,36.55047593994465,59.593189059188596,0.025528954798745392,34.408508925384865,0.2063602659041038,72474.08959999999,2.474027719965212,647.6999999999999,0.0024687077966582737,1.0881828749383236e-05,0.3479028759512581,0.0,0.0,1.1318396113730247,lhs_candidate_000001_june2024_preflight,pa1_candidate_000001
2024-06-15T11:00,35.1,52.0,824.0,698.0,126.0,0.22,100570.0,23.9,2.7,0.65,37.0,0.119,0,1,0,1.0,37.98563949679163,54.38342352877172,0.025071355738107738,34.7668465316641,0.20435087758218784,76944.9824,3.019641810138235,700.4,0.0026151367258069437,1.1418470506146905e-05,0.33549924433449285,0.0,0.0,1.126058979339728,lhs_candidate_000001_june2024_preflight,pa1_candidate_000001
2024-06-15T12:00,35.8,50.0,895.0,690.0,205.0,0.57,100440.0,23.7,2.95,0.71,38.1,0.118,0,1,0,1.0,39.020912411753606,51.398220459376226,0.02497122848755594,35.17147036391579,0.20224652601207935,85972.39199999999,3.4017949795171143,760.75,0.0027444635257357812,1.194625081333049e-05,0.3225094198276503,0.0,0.0,1.1208738033010932,lhs_candidate_000001_june2024_preflight,pa1_candidate_000001
2024-06-15T13:00,36.2,49.0,828.0,658.0,170.0,1.08,100370.0,23.8,3.05,0.67,38.5,0.118,0,1,0,1.0,39.49452266925352,48.89544336176601,0.024328924211324213,35.584729208929126,0.20020753220346796,78845.008,3.6689067336170074,703.8,0.002932916255574848,1.0719708791501718e-05,0.3099230382930121,0.0,0.0,1.1183958539715997,lhs_candidate_000001_june2024_preflight,pa1_candidate_000001
2024-06-15T14:00,36.0,49.0,843.0,727.0,116.0,1.51,100270.0,23.6,3.02,0.68,38.6,0.117,0,1,0,1.0,39.50095156404883,47.74446732604257,0.023763914567273958,35.97898585498019,0.19829716427143712,78265.1584,3.752828078471457,716.55,0.003168183103283179,1.05018269424847e-05,0.29813064365084646,0.0,0.0,1.1172586067910624,lhs_candidate_000001_june2024_preflight,pa1_candidate_000001
2024-06-15T15:00,33.9,57.0,658.0,509.0,149.0,1.84,100310.0,24.3,2.26,0.53,37.9,0.121,0,1,0,1.0,37.723895105957524,51.953881747746635,0.023634239333181036,36.305623894637264,0.19663787556034368,63146.17759999999,3.1357244588169553,559.3,0.0033921751385218,7.951953654298333e-06,0.28788812074286224,0.0,0.0,1.1240934687770825,lhs_candidate_000001_june2024_preflight,pa1_candidate_000001
2024-06-15T16:00,32.6,65.0,393.0,306.0,87.0,1.91,100350.0,25.2,1.72,0.32,36.4,0.121,0,1,0,1.0,35.28787906702536,59.95097288979603,0.024060417801151278,36.46707173926359,0.19550259798401806,37644.8688,2.2879067157670416,334.05,0.003286966760746174,4.705232959087148e-06,0.2808802344692473,0.0,0.0,1.1334232510770186,lhs_candidate_000001_june2024_preflight,pa1_candidate_000001
2024-06-15T17:00,32.3,66.0,180.0,111.0,69.0,0.91,100400.0,25.1,1.65,0.15,35.2,0.121,0,1,0,1.0,33.669433691483526,64.048261001805,0.023621138367790215,36.46881402519759,0.1948777134145826,18267.5856,1.8774481536247354,153.0,0.002490179621216568,2.266270428242729e-06,0.2770229223122383,0.0,0.0,1.1399696724591593,lhs_candidate_000001_june2024_preflight,pa1_candidate_000001
2024-06-15T18:00,31.6,68.0,61.0,33.0,28.0,0.71,100450.0,25.0,1.47,0.05,34.0,0.121,1,1,0,1.0,32.44451579843407,66.44624617186469,0.022970704649817646,36.36629033980075,0.1945904056013947,6353.1071999999995,1.6359206798478008,51.85,0.0022524307911619447,9.31682479850793e-07,0.2752494172925599,0.0,0.0,1.1451090151177223,lhs_candidate_000001_june2024_preflight,pa1_candidate_000001
2024-06-15T19:00,30.8,71.0,0.0,0.0,0.0,1.12,100530.0,24.9,1.28,0.03,33.0,0.121,0,1,0,1.0,31.327732400545298,69.49081998774594,0.02263551786654663,36.19882108880143,0.20167450859436523,0.0,1.3964351624080673,0.0,0.0024077108719220545,2.729086127855273e-07,0.3189784481133656,0.0,0.0,1.1502244493916034,lhs_candidate_000001_june2024_preflight,pa1_candidate_000001
2024-06-15T20:00,30.1,72.0,0.0,0.0,0.0,1.04,100550.0,24.5,1.19,0.01,32.2,0.12,0,0,0,1.0,30.506452287851243,71.7176527566942,0.022353394723612544,35.99845594990087,0.2016286800975617,0.0,1.2353416645708424,0.0,0.0009328452423652548,2.412116181934353e-07,0.3186955561577884,0.0,0.0,1.1535648386062973,lhs_candidate_000001_june2024_preflight,pa1_candidate_000001
2024-06-15T21:00,29.8,72.0,0.0,0.0,0.0,0.98,100590.0,24.2,1.16,0.01,31.7,0.12,0,0,0,1.0,30.036014869981663,72.33607909230167,0.02198116977528879,35.787561630388645,0.2015865187303074,0.0,1.176225093360343,0.0,0.0008411321639105042,2.294810201682636e-07,0.3184353008043666,0.0,0.0,1.1558143770946117,lhs_candidate_000001_june2024_preflight,pa1_candidate_000001
2024-06-15T22:00,29.4,75.0,0.0,0.0,0.0,1.03,100670.0,24.4,1.03,0.01,31.2,0.12,0,0,0,1.0,29.660502225366933,74.38614497571412,0.022149371448119567,35.57333852838929,0.20154690294577043,0.0,1.0658275456461994,0.0,0.0008840805430114779,2.0778281600580998e-07,0.3181907589245089,0.0,0.0,1.1581680603364009,lhs_candidate_000001_june2024_preflight,pa1_candidate_000001
2024-06-15T23:00,29.1,77.0,0.0,0.0,0.0,1.12,100710.0,24.6,0.94,0.01,30.9,0.12,0,0,0,1.0,29.325302579262054,76.55471473127562,0.02238415268252844,35.3565545210423,0.2015115333922322,0.0,0.9569425452143836,0.0,0.0009385457194676939,1.8642770460356057e-07,0.3179724283471124,0.0,0.0,1.1599122228019167,lhs_candidate_000001_june2024_preflight,pa1_candidate_000001
2024-06-16T00:00,29.0,78.0,0.0,0.0,0.0,1.12,100670.0,24.7,0.88,0.0,30.6,0.12,0,0,0,1.0,29.14039446987564,77.90383199755726,0.022550722785972963,35.13986193367878,0.20147924465327177,0.0,0.8923077430247348,0.0,0.0009144904089202899,1.7372684723782208e-07,0.3177731151436529,0.0,0.0,1.1601607541214605,lhs_candidate_000001_june2024_preflight,pa1_candidate_000001
2024-06-16T01:00,28.8,80.0,0.0,0.0,0.0,1.17,100610.0,24.9,0.8,0.0,30.3,0.12,0,0,0,1.0,28.971440561308057,79.54514086124699,0.022814951237953723,34.92615431193932,0.2014491978337307,0.0,0.818004390980763,0.0,0.0009603464962482695,1.5916748479374208e-07,0.3175876409489549,0.0,0.0,1.1601176948658027,lhs_candidate_000001_june2024_preflight,pa1_candidate_000001
2024-06-16T02:00,28.8,80.0,0.0,0.0,0.0,1.06,100570.0,25.0,0.79,0.0,30.1,0.12,0,0,0,1.0,28.89255647717186,80.19906913434457,0.022903814328968285,34.71574982476691,0.20142126705273233,0.0,0.7882499233463713,0.0,0.0008553787862519382,1.5329458766605428e-07,0.31741522872057,0.0,0.0,1.15995932736866,lhs_candidate_000001_june2024_preflight,pa1_candidate_000001
2024-06-16T03:00,28.6,80.0,0.0,0.0,0.0,0.99,100570.0,24.9,0.78,0.0,30.0,0.12,0,0,0,1.0,28.764242559083733,80.19191034508633,0.022742021088719342,34.51019755950999,0.20139377216636417,0.0,0.7827019176856078,0.0,0.0008259608804750372,1.5213425197982637e-07,0.31724550719977884,0.0,0.0,1.1604523114851293,lhs_candidate_000001_june2024_preflight,pa1_candidate_000001
2024-06-16T04:00,28.4,82.0,0.0,0.0,0.0,1.06,100610.0,25.0,0.7,0.0,29.8,0.12,0,0,0,1.0,28.572603205363276,81.51102608900437,0.022875412118277646,34.306911453424505,0.20136726610825878,0.0,0.7225117724863663,0.0,0.0008797131473462689,1.4036262791122663e-07,0.317081889557153,0.0,0.0,1.1616512169456519,lhs_candidate_000001_june2024_preflight,pa1_candidate_000001
2024-06-16T05:00,28.3,82.0,0.0,0.0,0.0,1.34,100620.0,25.0,0.69,0.0,29.7,0.12,0,0,0,1.0,28.43190642133936,81.992912171463,0.022834265908832207,34.10573887791758,0.2013426300318451,0.0,0.697961091141774,0.0,0.0010774751074632948,1.3552812664781061e-07,0.31692981501138956,0.0,0.0,1.1623086759063763,lhs_candidate_000001_june2024_preflight,pa1_candidate_000001
2024-06-16T06:00,28.4,82.0,21.0,9.0,12.0,1.41,100650.0,25.0,0.7,0.02,29.6,0.12,1,0,0,1.0,28.497848911960535,82.52548869379284,0.023065643007163662,33.914234716473146,0.20129517596339522,2270.1888,0.679914711710385,17.849999999999998,0.0011224966853539751,3.916163594703935e-07,0.3166368886629335,0.0,0.0,1.1624010547524475,lhs_candidate_000001_june2024_preflight,pa1_candidate_000001
2024-06-16T07:00,29.6,73.0,157.0,90.0,67.0,1.1,100700.0,24.3,1.11,0.12,30.4,0.12,0,0,0,1.0,29.603116198964322,80.82861302388375,0.02399293354443872,33.774910748690075,0.20824666869880126,16173.2208,0.7951189157822145,133.45,0.0008585548352414975,2.3799646623121088e-06,0.35954733764692137,0.0,0.0,1.1587327913429646,lhs_candidate_000001_june2024_preflight,pa1_candidate_000001
2024-06-16T08:00,30.7,67.0,251.0,103.0,148.0,0.5,100730.0,23.8,1.46,0.19,31.5,0.12,0,0,0,1.0,31.128320584000416,80.81377664259948,0.026044191300844483,33.725633382948324,0.20770014161211298,27294.995199999998,0.8682757776835621,213.35,0.000612955036913652,3.681288583157304e-06,0.3561737136550184,0.0,0.0,1.1532680808697113,lhs_candidate_000001_june2024_preflight,pa1_candidate_000001
2024-06-16T09:00,32.0,61.0,453.0,247.0,206.0,0.14,100780.0,23.6,1.85,0.34,33.0,0.119,0,1,0,1.0,32.98226946543652,66.50333251749844,0.023654370159510166,33.782854241548264,0.20677476144530726,47111.5744,1.683256881426424,385.05,0.0021113573430571364,6.562318394821232e-06,0.3504614904031313,0.0,0.0,1.1468528330096386,lhs_candidate_000001_june2024_preflight,pa1_candidate_000001
2024-06-16T10:00,33.8,54.0,791.0,686.0,105.0,1.02,100720.0,23.2,2.42,0.61,35.1,0.119,0,1,0,1.0,35.70204057724007,59.02827980557048,0.024204141431678726,34.00989269495304,0.20518767881510327,73302.152,2.394616293943513,672.35,0.002658271946399716,1.102472482560915e-05,0.3406646840438474,0.0,0.0,1.1360767992272045,lhs_candidate_000001_june2024_preflight,pa1_candidate_000001
2024-06-16T11:00,34.7,51.0,861.0,724.0,137.0,1.41,100690.0,23.2,2.7,0.68,36.5,0.118,0,1,0,1.0,37.59970358886069,52.503018736943055,0.02373328252032256,34.38003508382144,0.20314391904539988,80587.98879999999,3.0790870793165133,731.85,0.003029539813645044,1.1650935141746935e-05,0.3280488829962956,0.0,0.0,1.128802770311616,lhs_candidate_000001_june2024_preflight,pa1_candidate_000001
2024-06-16T12:00,35.3,50.0,892.0,745.0,147.0,1.62,100640.0,23.2,2.87,0.72,37.5,0.118,0,1,0,1.0,38.57601252713344,49.92707029025514,0.023717005083420437,34.79444538455613,0.20104670018838422,83667.8128,3.4219331104984136,758.1999999999999,0.003196026540714144,1.1638874227149563e-05,0.3151030875826187,0.0,0.0,1.1247086432100857,lhs_candidate_000001_june2024_preflight,pa1_candidate_000001
2024-06-16T13:00,34.7,51.0,702.0,533.0,169.0,1.14,100600.0,23.2,2.7,0.57,37.5,0.117,0,1,0,1.0,38.07171124954713,49.52908720204713,0.022933604320302232,35.170763664040585,0.19919597853900864,67721.8256,3.356562529073385,596.6999999999999,0.002973838869338278,8.951104105939341e-06,0.30367887987042375,0.0,0.0,1.1260833656175164,lhs_candidate_000001_june2024_preflight,pa1_candidate_000001
2024-06-16T14:00,34.7,50.0,678.0,461.0,217.0,1.12,100480.0,22.9,2.74,0.55,37.6,0.117,0,1,0,1.0,37.59597926897979,49.591401489691826,0.022412866565829245,35.47178076749509,0.19763792706734382,67298.58080000001,3.267178557327479,576.3,0.0028868463182643495,8.375861920850588e-06,0.2940612781934804,0.0,0.0,1.1264620293525622,lhs_candidate_000001_june2024_preflight,pa1_candidate_000001
2024-06-16T15:00,34.6,51.0,601.0,384.0,217.0,1.43,100500.0,23.1,2.68,0.49,37.3,0.117,0,1,0,1.0,37.27579898531978,49.88252490106151,0.022178762585446647,35.733707802044705,0.19623199154677806,60522.5808,3.1923285370631467,510.84999999999997,0.003005414782859717,7.25728897188349e-06,0.2853826638690004,0.0,0.0,1.1278483355367512,lhs_candidate_000001_june2024_preflight,pa1_candidate_000001
2024-06-16T16:00,33.5,56.0,379.0,182.0,197.0,1.81,100540.0,23.4,2.29,0.33,36.3,0.117,0,1,0,1.0,35.88914933956158,52.97765336514811,0.02193433285152579,35.90470488202084,0.19516630941351787,40282.932799999995,2.7766504859844265,322.15,0.003183390204664277,4.601489763672526e-06,0.2788043790957893,0.0,0.0,1.1333598671473273,lhs_candidate_000001_june2024_preflight,pa1_candidate_000001
2024-06-16T17:00,32.1,61.0,167.0,39.0,128.0,0.91,100550.0,23.6,1.87,0.15,35.0,0.118,0,1,0,1.0,33.80501145892878,58.161112199473926,0.021603249930357823,35.931926743093705,0.19455882093732302,19199.3472,2.2014709146380866,141.95,0.0025663043217733477,2.1651096478482923e-06,0.27505445023038905,0.0,0.0,1.1411685533665417,lhs_candidate_000001_june2024_preflight,pa1_candidate_000001
2024-06-16T18:00,31.5,64.0,60.0,24.0,36.0,0.86,100610.0,23.9,1.65,0.06,33.8,0.118,1,1,0,1.0,32.311825624962175,62.52746704062284,0.02146426503220523,35.84225445329838,0.19428002294315808,6546.5664,1.8133719136401578,51.0,0.00232271484325016,9.442384190365827e-07,0.27333347495776594,0.0,0.0,1.1474312002045401,lhs_candidate_000001_june2024_preflight,pa1_candidate_000001
2024-06-16T19:00,30.9,67.0,0.0,0.0,0.0,0.89,100570.0,24.2,1.46,0.03,32.9,0.118,0,0,0,1.0,31.344547357992823,66.30400648948792,0.021616904001826184,35.68994276522532,0.20136021930724493,0.0,1.543772190478391,0.0,0.0008447089321567843,2.99868048581498e-07,0.3170383907854626,0.0,0.0,1.1506185699806886,lhs_candidate_000001_june2024_preflight,pa1_candidate_000001
2024-06-16T20:00,30.4,71.0,0.0,0.0,0.0,1.0,100640.0,24.6,1.25,0.01,32.2,0.118,0,0,0,1.0,30.706305911599262,70.1966800657505,0.02211587507304633,35.509179677448095,0.2013103365819195,0.0,1.3167161404362626,0.0,0.0008763970197349715,2.555154312323563e-07,0.3167304727278981,0.0,0.0,1.1538379615023773,lhs_candidate_000001_june2024_preflight,pa1_candidate_000001
2024-06-16T21:00,30.0,75.0,0.0,0.0,0.0,1.0,100700.0,25.1,1.07,0.01,31.7,0.118,0,0,0,1.0,30.255843717395013,74.09748605356849,0.022785288458101204,35.32044101001845,0.20126793578325933,0.0,1.115292085116741,0.0,0.0008613201071396378,2.162492263911996e-07,0.3164687394028354,0.0,0.0,1.156239969286043,lhs_candidate_000001_june2024_preflight,pa1_candidate_000001
2024-06-16T22:00,29.7,77.0,0.0,0.0,0.0,0.99,100710.0,25.3,0.94,0.0,31.2,0.118,0,0,0,1.0,29.91339275057769,76.63360896307566,0.023133198468275315,35.1275295381374,0.2012314990826782,0.0,0.98653666757557,0.0,0.0008412268042997182,1.9114828522386386e-07,0.31624382149801367,0.0,0.0,1.157661429752886,lhs_candidate_000001_june2024_preflight,pa1_candidate_000001
2024-06-16T23:00,29.4,79.0,0.0,0.0,0.0,0.85,100740.0,25.4,0.84,0.0,30.9,0.118,0,0,0,1.0,29.61169960511536,78.62405858565651,0.02334940476500276,34.932669675428976,0.20119885502649576,0.0,0.8869890242071197,0.0,0.0007418266967384408,1.7175073541658436e-07,0.31604231497836893,0.0,0.0,1.1591601990089597,lhs_candidate_000001_june2024_preflight,pa1_candidate_000001
2024-06-17T00:00,29.1,81.0,0.0,0.0,0.0,1.0,100710.0,25.6,0.74,0.0,30.6,0.118,0,0,0,1.0,29.31381007528492,80.50965788020473,0.023525857180916505,34.73635314161797,0.2011695719025256,0.0,0.7949907243207592,0.0,0.0008486457681633599,1.5384874423377783e-07,0.31586155495386176,0.0,0.0,1.1599562951682285,lhs_candidate_000001_june2024_preflight,pa1_candidate_000001
2024-06-17T01:00,28.8,83.0,0.0,0.0,0.0,0.86,100680.0,25.7,0.67,0.0,30.3,0.118,0,0,0,1.0,29.016704884984577,82.43676182887505,0.02370270044885254,34.538661816033674,0.20114346635610564,0.0,0.7042061421076622,0.0,0.0007507014847090256,1.3621034071446775e-07,0.31570040960559037,0.0,0.0,1.160750947996525,lhs_candidate_000001_june2024_preflight,pa1_candidate_000001
2024-06-17T02:00,28.7,87.0,0.0,0.0,0.0,0.86,100650.0,26.4,0.51,0.0,30.1,0.118,0,0,0,1.0,28.8367640526504,85.70875155987498,0.024402942984743152,34.340851811838256,0.20112118609406615,0.0,0.567083249050873,0.0,0.0007221790449887153,1.0963970320313486e-07,0.31556287712386516,0.0,0.0,1.1610965097726524,lhs_candidate_000001_june2024_preflight,pa1_candidate_000001
2024-06-17T03:00,28.6,88.0,0.0,0.0,0.0,0.81,100610.0,26.4,0.47,0.0,29.9,0.118,0,0,0,1.0,28.72772465289134,87.61873850521147,0.02479874855835372,34.146071481284636,0.20110309595797896,0.0,0.4882029939434118,0.0,0.0006826819261170177,9.435561740488282e-08,0.31545120961715406,0.0,0.0,1.161054296392794,lhs_candidate_000001_june2024_preflight,pa1_candidate_000001
2024-06-17T04:00,28.5,88.0,0.0,0.0,0.0,0.81,100630.0,26.3,0.47,0.0,29.7,0.118,0,0,0,1.0,28.625869340621563,88.02593481309398,0.024775785567039153,33.95496246921134,0.2010865521475338,0.0,0.469369235750174,0.0,0.0006819824466481666,9.068622513373028e-08,0.3153490873304555,0.0,0.0,1.16167705599616,lhs_candidate_000001_june2024_preflight,pa1_candidate_000001
2024-06-17T05:00,28.4,88.0,0.0,0.0,0.0,0.95,100700.0,26.3,0.46,0.0,29.6,0.118,0,0,0,1.0,28.524248444739435,88.00388505169074,0.02463237593365239,33.76746904888948,0.2010702795066624,0.0,0.4674713747597208,0.0,0.0007836063153185369,9.029077230076735e-08,0.3152486389300148,0.0,0.0,1.1628767295504443,lhs_candidate_000001_june2024_preflight,pa1_candidate_000001
2024-06-17T06:00,28.5,87.0,22.0,11.0,11.0,0.95,100740.0,26.2,0.49,0.01,29.6,0.118,1,0,0,1.0,28.59713661360037,87.9768548464842,0.024723123644682984,33.58984542261975,0.20102964257083314,2323.0063999999998,0.4705089209379105,18.7,0.0007744294583764935,3.614785095709559e-07,0.31499779364711816,0.0,0.0,1.163057637945249,lhs_candidate_000001_june2024_preflight,pa1_candidate_000001
2024-06-17T07:00,29.6,78.0,171.0,115.0,56.0,0.82,100770.0,25.4,0.9,0.12,30.5,0.118,0,0,0,1.0,29.679394081575914,87.72222927924996,0.02614710936257082,33.466717037499784,0.2079728038424646,17018.214399999997,0.5114501089193491,145.35,0.000671105226365391,2.5022622358852672e-06,0.35785681384237417,0.0,0.0,1.1592461968244467,lhs_candidate_000001_june2024_preflight,pa1_candidate_000001
2024-06-17T08:00,31.3,66.0,372.0,277.0,95.0,0.54,100820.0,24.3,1.53,0.27,32.2,0.117,0,1,0,1.0,31.81409932572885,83.97113170113037,0.02807205149851744,33.46388191543699,0.2072715556559369,36078.328,0.7541668318527024,316.2,0.0020561381805269917,5.3000293256724345e-06,0.3535281213329439,0.0,0.0,1.1517028064425137,lhs_candidate_000001_june2024_preflight,pa1_candidate_000001
2024-06-17T09:00,32.9,58.0,613.0,505.0,108.0,0.2,100760.0,23.5,2.09,0.46,34.1,0.117,0,1,0,1.0,34.304027170392196,63.98181323040371,0.02439491723956123,33.615345938373316,0.2060015087234286,57743.699199999995,1.9485723805102109,521.05,0.0022550424359800095,8.68946447491799e-06,0.34568832545326295,0.0,0.0,1.1416958478959687,lhs_candidate_000001_june2024_preflight,pa1_candidate_000001
2024-06-17T10:00,34.0,53.0,709.0,582.0,127.0,0.5,100750.0,23.2,2.49,0.55,35.7,0.117,0,1,0,1.0,36.20455240846875,56.66365925019978,0.023845492610772387,33.89173244791133,0.20433302462425837,66860.1648,2.6036471983919105,602.65,0.0025223555964394738,9.822763074980768e-06,0.33538904089048377,0.0,0.0,1.1345692066606723,lhs_candidate_000001_june2024_preflight,pa1_candidate_000001
2024-06-17T11:00,34.7,51.0,795.0,669.0,126.0,1.03,100680.0,23.1,2.71,0.63,36.7,0.116,0,1,0,1.0,37.46346631091823,52.672211937764246,0.023644781071724075,34.23742177848997,0.20248698131964032,74392.9824,3.0455233500131804,675.75,0.0028238376494494613,1.0665039436535526e-05,0.32399371184963166,0.0,0.0,1.129185715332598,lhs_candidate_000001_june2024_preflight,pa1_candidate_000001
2024-06-17T12:00,34.9,51.0,825.0,687.0,138.0,1.35,100650.0,23.2,2.75,0.66,37.4,0.116,0,1,0,1.0,38.09261084376217,50.85181774126185,0.023571097877438083,34.62098312162369,0.20056444775792748,77455.1712,3.272288188080121,701.25,0.0030436760460162775,1.0683492587322087e-05,0.31212622072794743,0.0,0.0,1.1265673963745353,lhs_candidate_000001_june2024_preflight,pa1_candidate_000001
2024-06-17T13:00,34.6,52.0,704.0,466.0,238.0,1.7,100590.0,23.3,2.63,0.58,37.4,0.116,0,1,0,1.0,37.767849854774724,50.31264292116072,0.022938946876046595,34.97755159221332,0.19880495585233912,70325.41119999999,3.2505705927891686,598.4,0.003226341628352395,8.883928309078079e-06,0.3012651595823403,0.0,0.0,1.1270718457767053,lhs_candidate_000001_june2024_preflight,pa1_candidate_000001
2024-06-17T14:00,35.0,51.0,647.0,410.0,237.0,1.57,100540.0,23.2,2.77,0.54,37.4,0.116,0,1,0,1.0,37.627292495642294,50.290118566735075,0.02276498372768759,35.27564370615963,0.19729119091803507,65274.2288,3.227367312718012,549.9499999999999,0.003074738402855625,7.954315562271252e-06,0.2919209315928091,0.0,0.0,1.127021110281794,lhs_candidate_000001_june2024_preflight,pa1_candidate_000001
2024-06-17T15:00,32.0,66.0,437.0,187.0,250.0,1.4,100470.0,24.7,1.63,0.35,36.3,0.137,0,1,0,1.0,35.326979397586285,59.46567189487948,0.023914133360603943,35.48465302493318,0.19610213453563807,47251.6,2.320629240219656,371.45,0.0030935167095831675,5.262007308623424e-06,0.28458107738048194,0.0,0.0,1.1346347788013758,lhs_candidate_000001_june2024_preflight,pa1_candidate_000001
2024-06-17T16:00,32.3,63.0,229.0,79.0,150.0,1.78,100520.0,24.3,1.81,0.22,34.7,0.137,0,1,0,1.0,33.65545420103131,61.56955353157861,0.02269030805974702,35.5354142348364,0.19537609248110746,25429.36,2.005324219817863,194.65,0.00301004852308587,2.849455447532268e-06,0.2800993363031325,0.0,0.0,1.1413841904406947,lhs_candidate_000001_june2024_preflight,pa1_candidate_000001
2024-06-17T17:00,31.9,65.0,149.0,62.0,87.0,1.12,100530.0,24.5,1.65,0.14,34.1,0.137,0,1,0,1.0,32.888995051980984,63.833442271509206,0.02259307349958428,35.49772923914924,0.19494693502486357,16172.868799999998,1.8079345249608867,126.64999999999999,0.002518567165713672,1.922009224119327e-06,0.2774502162028616,0.0,0.0,1.1443565616301163,lhs_candidate_000001_june2024_preflight,pa1_candidate_000001
2024-06-17T18:00,31.6,66.0,62.0,23.0,39.0,0.99,100550.0,24.4,1.58,0.06,33.3,0.137,1,1,0,1.0,32.19945048004862,65.24472621442776,0.022263721955844022,35.40754899628335,0.19468878909267498,6828.1136,1.6712519180656469,52.699999999999996,0.0023416823031405347,9.504840906178871e-07,0.27585672279429,0.0,0.0,1.1471689430732532,lhs_candidate_000001_june2024_preflight,pa1_candidate_000001
2024-06-17T19:00,31.1,69.0,0.0,0.0,0.0,0.99,100660.0,24.8,1.39,0.03,32.5,0.136,0,0,0,1.0,31.48355900547662,68.69949348602835,0.022565007714055632,35.27107460110758,0.20176981296039698,0.0,1.4453824143099503,0.0,0.0008921194009819368,2.829954630583533e-07,0.31956674666911716,0.0,0.0,1.151122732571801,lhs_candidate_000001_june2024_preflight,pa1_candidate_000001
2024-06-17T20:00,30.8,71.0,0.0,0.0,0.0,0.71,100720.0,25.0,1.27,0.0,32.0,0.136,0,0,0,1.0,31.009183364721533,71.05475464317398,0.022753308655940194,35.109780148051,0.2017215631662115,0.0,1.3010718727569794,0.0,0.0006447712944106842,2.5450307898681324e-07,0.3192689084334044,0.0,0.0,1.1536052727792765,lhs_candidate_000001_june2024_preflight,pa1_candidate_000001
2024-06-17T21:00,30.5,73.0,0.0,0.0,0.0,0.72,100740.0,25.1,1.17,0.0,31.6,0.136,0,0,0,1.0,30.693117799894715,73.08399776081596,0.023009219971513627,34.94411131524784,0.20167781481981406,0.0,1.1882594185056958,0.0,0.0006450822353767084,2.3223919496175227e-07,0.3189988569124325,0.0,0.0,1.1550345932063695,lhs_candidate_000001_june2024_preflight,pa1_candidate_000001
2024-06-17T22:00,30.1,76.0,0.0,0.0,0.0,1.0,100780.0,25.3,1.04,0.01,31.2,0.136,0,0,0,1.0,30.33535590966197,75.48172988526369,0.023310704081032408,34.77527694770497,0.20163818154798252,0.0,1.0605052359058873,0.0,0.0008550475960737683,2.0711133487783535e-07,0.31875420708631186,0.0,0.0,1.1568553594942286,lhs_candidate_000001_june2024_preflight,pa1_candidate_000001
2024-06-17T23:00,29.8,78.0,0.0,0.0,0.0,0.99,100780.0,25.6,0.91,0.0,30.9,0.136,0,0,0,1.0,30.002777573395317,77.65940672904286,0.023556441821971627,34.60258138894646,0.20160299136637735,0.0,0.9480769366358683,0.0,0.0008378923359395383,1.8502847544661073e-07,0.3185369837430701,0.0,0.0,1.1581245051502291,lhs_candidate_000001_june2024_preflight,pa1_candidate_000001
2024-06-18T00:00,29.5,80.0,0.0,0.0,0.0,1.06,100730.0,25.6,0.83,0.0,30.7,0.136,0,0,0,1.0,29.701830390206855,79.57372729715883,0.02374716323535376,34.42737431096823,0.20157140207721805,0.0,0.8519872001578932,0.0,0.000888198400513312,1.6617363484993865e-07,0.31834198813097564,0.0,0.0,1.1587001946728743,lhs_candidate_000001_june2024_preflight,pa1_candidate_000001
2024-06-18T01:00,29.2,81.0,0.0,0.0,0.0,0.89,100710.0,25.7,0.75,0.0,30.4,0.136,0,0,0,1.0,29.404712209277555,80.85882316684066,0.023744863101388822,34.250073930698655,0.2015427651433549,0.0,0.7848497349605816,0.0,0.0007674745479144457,1.5299397920818016e-07,0.3181652169342895,0.0,0.0,1.159607787945191,lhs_candidate_000001_june2024_preflight,pa1_candidate_000001
2024-06-18T02:00,28.8,83.0,0.0,0.0,0.0,0.98,100610.0,25.7,0.66,0.0,30.1,0.136,0,0,0,1.0,29.049055124319548,82.42519825011428,0.023741170310951576,34.070192401225846,0.2015165373711273,0.0,0.705988074944607,0.0,0.0008454386746938391,1.3755112308448787e-07,0.31800331710572405,0.0,0.0,1.1598197388450868,lhs_candidate_000001_june2024_preflight,pa1_candidate_000001
2024-06-18T03:00,28.7,84.0,0.0,0.0,0.0,0.98,100520.0,25.7,0.63,0.0,29.9,0.136,0,0,0,1.0,28.833139656180254,83.77641669669364,0.023848054340295625,33.88802369414009,0.2014929878146754,0.0,0.6436241873199768,0.0,0.0008086072078007038,1.2534313681828423e-07,0.3178579494733049,0.0,0.0,1.1596107496753987,lhs_candidate_000001_june2024_preflight,pa1_candidate_000001
2024-06-18T04:00,28.6,84.0,0.0,0.0,0.0,0.98,100510.0,25.7,0.61,0.0,29.7,0.136,0,0,0,1.0,28.71934266117257,84.12800743993962,0.02379987222669128,33.70797447928476,0.2014708549766372,0.0,0.6255415880424091,0.0,0.0008041187426210646,1.2176926406559433e-07,0.317721327016279,0.0,0.0,1.1599324884828182,lhs_candidate_000001_june2024_preflight,pa1_candidate_000001
2024-06-18T05:00,28.5,85.0,0.0,0.0,0.0,0.82,100540.0,25.7,0.59,0.0,29.6,0.136,0,0,0,1.0,28.617241848730156,84.85785882937672,0.023872842191863478,33.5310592122666,0.20144941849523074,0.0,0.5932573773991767,0.0,0.0006859046200251627,1.1543665367593453e-07,0.3175890030569799,0.0,0.0,1.1606712746321988,lhs_candidate_000001_june2024_preflight,pa1_candidate_000001
2024-06-18T06:00,28.4,85.0,21.0,10.0,11.0,1.1,100630.0,25.7,0.58,0.02,29.5,0.135,1,0,0,1.0,28.57086310882079,85.56464593324459,0.024010743921448318,33.362246295848074,0.20140579953615562,2235.0063999999998,0.5640475871236608,17.849999999999998,0.0009085680782917461,3.6993448774846134e-07,0.3173197502231828,0.0,0.0,1.1618888394199556,lhs_candidate_000001_june2024_preflight,pa1_candidate_000001
2024-06-18T07:00,29.7,76.0,181.0,125.0,56.0,1.2,100680.0,25.1,0.99,0.13,30.8,0.135,0,0,0,1.0,29.724942722613676,84.22987385019944,0.02516819167942365,33.247995621930116,0.20833167830964328,17898.214399999997,0.658652099283092,153.85,0.0009425353145613139,2.6908650859191576e-06,0.36007208833113136,0.0,0.0,1.15803666686767,lhs_candidate_000001_june2024_preflight,pa1_candidate_000001
2024-06-18T08:00,31.4,65.0,398.0,318.0,80.0,1.12,100730.0,24.0,1.62,0.3,32.3,0.135,0,1,0,1.0,31.9709360827285,74.17485564733776,0.025005160879057728,33.26281824180448,0.20757147037552534,37838.592000000004,1.2259123337464901,338.3,0.002418415486913854,5.791394460856716e-06,0.3553794467625021,0.0,0.0,1.150083240223884,lhs_candidate_000001_june2024_preflight,pa1_candidate_000001
2024-06-18T09:00,32.6,59.0,590.0,488.0,102.0,1.04,100770.0,23.5,2.03,0.45,33.9,0.134,0,1,0,1.0,34.12565077359363,63.040306159985214,0.023812591161471268,33.42239427172887,0.2062859605481008,55508.6048,1.979778298930237,501.5,0.0025916724356358023,8.428119527576652e-06,0.34744420091420253,0.0,0.0,1.1424719872593532,lhs_candidate_000001_june2024_preflight,pa1_candidate_000001
2024-06-18T10:00,33.6,55.0,751.0,638.0,113.0,0.89,100720.0,23.2,2.35,0.58,35.3,0.134,0,1,0,1.0,35.92313059839362,58.02017314250614,0.02406430133149494,33.701801762543674,0.20458859496454415,70063.6112,2.483520997565794,638.35,0.0026835987001146647,1.0396945646209786e-05,0.3369666355836059,0.0,0.0,1.1352641266953447,lhs_candidate_000001_june2024_preflight,pa1_candidate_000001
2024-06-18T11:00,34.5,52.0,858.0,729.0,129.0,0.73,100620.0,23.1,2.64,0.67,36.7,0.133,0,1,0,1.0,37.40765392107309,54.095059332419844,0.02421437847691192,34.07078389654366,0.20261812555400346,80042.5296,2.945025759180961,729.3,0.0027350664483451912,1.1470926205992248e-05,0.32480324416051526,0.0,0.0,1.128715592432295,lhs_candidate_000001_june2024_preflight,pa1_candidate_000001
2024-06-18T12:00,34.8,51.0,758.0,622.0,136.0,0.22,100560.0,23.1,2.75,0.6,37.2,0.132,0,1,0,1.0,37.89705009023189,51.68774798714491,0.023721453041328135,34.45680302950569,0.20069802790584715,71488.8064,3.1827956196479588,644.3,0.0026585905873358615,9.875590221444948e-06,0.31295078954226635,0.0,0.0,1.126267692974288,lhs_candidate_000001_june2024_preflight,pa1_candidate_000001
2024-06-18T13:00,35.2,51.0,778.0,578.0,200.0,0.45,100480.0,23.4,2.8,0.62,37.6,0.131,0,1,0,1.0,38.228413698071705,51.4045440860032,0.023992239812095376,34.82096570978837,0.19892893801460687,75500.48,3.2593061054345727,661.3,0.0026808207169317453,9.781080145414677e-06,0.30203048157164736,0.0,0.0,1.124174094996528,lhs_candidate_000001_june2024_preflight,pa1_candidate_000001
2024-06-18T14:00,34.9,52.0,694.0,574.0,120.0,1.1,100410.0,23.7,2.66,0.56,37.5,0.13,0,1,0,1.0,38.01357472515651,50.738487955856804,0.023424256903560415,35.164023667810554,0.1972849186828428,65293.888000000006,3.2658519812157003,589.9,0.0029140308331512183,8.495965156291859e-06,0.29188221409162235,0.0,0.0,1.1241665634377107,lhs_candidate_000001_june2024_preflight,pa1_candidate_000001
2024-06-18T15:00,34.1,56.0,514.0,370.0,144.0,0.99,100330.0,24.0,2.36,0.42,36.9,0.129,0,1,0,1.0,36.87751334460931,53.5637575934295,0.023334650812560788,35.4227600483174,0.1959643100612242,50298.2656,2.8944048839757133,436.9,0.0028100994686021835,6.199339114042713e-06,0.2837303090199025,0.0,0.0,1.1273870038307385,lhs_candidate_000001_june2024_preflight,pa1_candidate_000001
2024-06-18T16:00,33.3,59.0,393.0,277.0,116.0,1.17,100340.0,24.2,2.1,0.32,36.1,0.129,0,1,0,1.0,35.538562163170084,56.68719628709909,0.023048262493027757,35.57589842999825,0.1949859326178593,38665.1584,2.5087752371494507,334.05,0.0027977239556940085,4.689384499372267e-06,0.27769094208555123,0.0,0.0,1.1323899533611117,lhs_candidate_000001_june2024_preflight,pa1_candidate_000001
2024-06-18T17:00,32.8,62.0,236.0,172.0,64.0,1.12,100370.0,24.4,1.91,0.19,35.2,0.129,0,1,0,1.0,34.33294335920962,60.09199371043621,0.022946484504048723,35.632671305447225,0.19430572869466045,23019.673600000002,2.1624810638322165,200.6,0.0026358696457368614,2.8833495461979685e-06,0.27349215243617564,0.0,0.0,1.1371698673761577,lhs_candidate_000001_june2024_preflight,pa1_candidate_000001
2024-06-18T18:00,32.3,64.0,85.0,52.0,33.0,0.64,100430.0,24.6,1.74,0.06,34.2,0.129,1,1,0,1.0,33.194287238355244,62.719407312078495,0.02255956349909646,35.59296109021083,0.19393761609671128,8641.0192,1.8958023011799554,72.25,0.002233290438471449,1.2154702967678524e-06,0.2712198524488351,0.0,0.0,1.1420789461836016,lhs_candidate_000001_june2024_preflight,pa1_candidate_000001
2024-06-18T19:00,31.5,70.0,0.0,0.0,0.0,0.41,100530.0,25.3,1.41,0.02,33.2,0.129,0,1,0,1.0,32.04615974451896,68.23368420623686,0.02309461329753565,35.47552718732261,0.20099004906150073,0.0,1.5143612648320444,0.0,0.002010698562420855,2.920350866202199e-07,0.31475338926852303,0.0,0.0,1.147516837681018,lhs_candidate_000001_june2024_preflight,pa1_candidate_000001
2024-06-18T20:00,31.1,73.0,0.0,0.0,0.0,0.82,100630.0,25.6,1.22,0.0,32.5,0.129,0,0,0,1.0,31.367183056612305,72.50972910580101,0.023668781624681286,35.3191186495818,0.20094248495438832,0.0,1.2610785788217331,0.0,0.0007403887225292779,2.429642552664019e-07,0.31445978366906374,0.0,0.0,1.151219448267134,lhs_candidate_000001_june2024_preflight,pa1_candidate_000001
2024-06-18T21:00,30.8,75.0,0.0,0.0,0.0,1.3,100660.0,25.8,1.12,0.01,32.0,0.129,0,0,0,1.0,30.997539412813214,74.71115081932771,0.023909229406322476,35.15504826160144,0.20090113173366056,0.0,1.1359657358410438,0.0,0.0010632404500006863,2.1868187108700588e-07,0.31420451687444795,0.0,0.0,1.152962195756906,lhs_candidate_000001_june2024_preflight,pa1_candidate_000001
2024-06-18T22:00,30.5,75.0,0.0,0.0,0.0,0.89,100700.0,25.7,1.07,0.0,31.7,0.129,0,0,0,1.0,30.692871273443618,75.38190015559158,0.02373235980415905,34.98777944490046,0.20086278534492774,0.0,1.0867987469405902,0.0,0.0007631294974876342,2.0905924564896412e-07,0.31396781077115893,0.0,0.0,1.1545769099361067,lhs_candidate_000001_june2024_preflight,pa1_candidate_000001
2024-06-18T23:00,30.2,77.0,0.0,0.0,0.0,0.76,100680.0,25.8,0.98,0.0,31.3,0.129,0,0,0,1.0,30.39576739305716,76.8546173449442,0.023812106778137443,34.81813044662454,0.2008264335329398,0.0,1.0045882839028395,0.0,0.0006734993526755689,1.931069284642473e-07,0.3137434168699988,0.0,0.0,1.1554774496132683,lhs_candidate_000001_june2024_preflight,pa1_candidate_000001
2024-06-19T00:00,30.0,79.0,0.0,0.0,0.0,0.81,100660.0,26.0,0.88,0.0,31.0,0.129,0,0,0,1.0,30.15735428748251,78.76483966691768,0.024092110806653157,34.64684571930899,0.20079335489839314,0.0,0.9091858106082835,0.0,0.0006937331737476132,1.746544513401565e-07,0.3135392277678589,0.0,0.0,1.1561559913350556,lhs_candidate_000001_june2024_preflight,pa1_candidate_000001
2024-06-19T01:00,29.7,82.0,0.0,0.0,0.0,0.81,100580.0,26.2,0.77,0.0,30.8,0.129,0,0,0,1.0,29.896244000143415,81.27154435258153,0.02451049095113946,34.47495354468353,0.20076388930871078,0.0,0.7899435834723203,0.0,0.0007083328282988038,1.5166000812017335e-07,0.31335734141179494,0.0,0.0,1.1562325048456707,lhs_candidate_000001_june2024_preflight,pa1_candidate_000001
2024-06-19T02:00,29.3,84.0,0.0,0.0,0.0,0.91,100560.0,26.3,0.64,0.0,30.5,0.129,0,0,0,1.0,29.545029101926612,83.40164303515964,0.024678830938375765,34.300691184768795,0.20073848766225816,0.0,0.6861073488792799,0.0,0.0007949975711721215,1.316587416758094e-07,0.31320054112505036,0.0,0.0,1.1573438934592455,lhs_candidate_000001_june2024_preflight,pa1_candidate_000001
2024-06-19T03:00,29.2,84.0,0.0,0.0,0.0,0.9,100510.0,26.3,0.64,0.0,30.2,0.129,0,0,0,1.0,29.32944991941012,84.1261037494971,0.02460352706718959,34.124004507329126,0.2007156605320972,0.0,0.6480637246030532,0.0,0.0007485808333481809,1.2430251316824714e-07,0.3130596329141802,0.0,0.0,1.1575928808483904,lhs_candidate_000001_june2024_preflight,pa1_candidate_000001
2024-06-19T04:00,29.1,85.0,0.0,0.0,0.0,1.0,100510.0,26.3,0.6,0.0,29.9,0.129,0,0,0,1.0,29.21549347966215,84.82648711909657,0.024655143574846407,33.949254932844205,0.20069378466434168,0.0,0.6154122318544655,0.0,0.0008176494122712565,1.1798884515169384e-07,0.31292459669346717,0.0,0.0,1.1580291580236097,lhs_candidate_000001_june2024_preflight,pa1_candidate_000001
2024-06-19T05:00,29.0,85.0,0.0,0.0,0.0,1.0,100500.0,26.2,0.6,0.0,29.7,0.129,0,0,0,1.0,29.113115584341873,85.10463652033673,0.02459858222065998,33.77746162631708,0.20067289446602973,0.0,0.6005716406204034,0.0,0.0008168969512895904,1.150961094327067e-07,0.3127956448520354,0.0,0.0,1.1583061334374598,lhs_candidate_000001_june2024_preflight,pa1_candidate_000001
2024-06-19T06:00,29.1,84.0,17.0,2.0,15.0,1.14,100630.0,26.1,0.64,0.02,29.5,0.129,1,0,0,1.0,29.173094491706436,84.85698188595316,0.024607187380934006,33.613843665427055,0.20063338000449102,2023.7359999999999,0.6126745870113113,14.45,0.0009101504850173442,3.248565205462423e-07,0.3125517284227841,0.0,0.0,1.159574342329683,lhs_candidate_000001_june2024_preflight,pa1_candidate_000001
2024-06-19T07:00,29.6,80.0,141.0,43.0,98.0,1.3,100650.0,25.8,0.84,0.11,30.7,0.128,0,0,0,1.0,29.83378119199044,84.79174528147809,0.02548584665865308,33.493445580550876,0.20761683297052927,15855.8752,0.6391693712900266,119.85,0.001072329442312878,2.0979828707077384e-06,0.3556594627810449,0.0,0.0,1.15727573390103,lhs_candidate_000001_june2024_preflight,pa1_candidate_000001
2024-06-19T08:00,31.1,69.0,311.0,159.0,152.0,1.5,100650.0,24.6,1.41,0.25,31.8,0.128,0,0,0,1.0,31.515441493070984,78.53461984998081,0.02583943471936986,33.46834821732886,0.20702431059520038,32715.7248,0.9930139436114804,264.34999999999997,0.0012587215645118478,4.4899915670950115e-06,0.35200191725432334,0.0,0.0,1.1508879248683819,lhs_candidate_000001_june2024_preflight,pa1_candidate_000001
2024-06-19T09:00,32.4,61.0,452.0,195.0,257.0,1.5,100620.0,23.8,1.91,0.36,33.2,0.128,0,1,0,1.0,33.429017921520426,64.39457228530534,0.02345040298392206,33.55864313516702,0.2060313234190766,48817.8768,1.8345577546038427,384.2,0.0027677236497262274,6.494940896993368e-06,0.34587236678442346,0.0,0.0,1.143363524047945,lhs_candidate_000001_june2024_preflight,pa1_candidate_000001
2024-06-19T10:00,33.6,55.0,643.0,364.0,279.0,1.4,100570.0,23.4,2.33,0.51,34.8,0.127,0,1,0,1.0,35.35756416089767,58.056710398709406,0.023384602422041212,33.76505461183764,0.20463698295418006,66399.8896,2.4053461145018686,546.55,0.002836975700373572,8.967316255989191e-06,0.33726532687765476,0.0,0.0,1.1356515085809924,lhs_candidate_000001_june2024_preflight,pa1_candidate_000001
2024-06-19T11:00,34.5,52.0,737.0,377.0,360.0,0.91,100510.0,23.4,2.6,0.59,36.2,0.126,0,1,0,1.0,36.91410877087495,54.26441663365462,0.02368429547846734,34.07100228670046,0.20292977568412918,77521.66399999999,2.8564245571510543,626.4499999999999,0.00270835005985784,9.976994179149584e-06,0.32672701039585916,0.0,0.0,1.1292763268140522,lhs_candidate_000001_june2024_preflight,pa1_candidate_000001
2024-06-19T12:00,35.2,50.0,832.0,510.0,322.0,0.81,100420.0,23.2,2.84,0.66,37.2,0.126,0,1,0,1.0,38.121226659941335,51.46509172472478,0.023890081411248733,34.44178524732722,0.20105196469822767,84544.7328,3.236456500641937,707.1999999999999,0.00276387955071069,1.086574014919185e-05,0.31513558455696095,0.0,0.0,1.1238896937439975,lhs_candidate_000001_june2024_preflight,pa1_candidate_000001
2024-06-19T13:00,34.8,51.0,617.0,324.0,293.0,0.71,100390.0,23.3,2.7,0.5,37.1,0.125,0,1,0,1.0,37.7900189991084,50.26182258406032,0.022941671517115785,34.79037293899715,0.19936066537441852,64604.4432,3.25780449042127,524.4499999999999,0.0027434974000517193,7.951052243283158e-06,0.3046954652741884,0.0,0.0,1.124750726261455,lhs_candidate_000001_june2024_preflight,pa1_candidate_000001
2024-06-19T14:00,35.1,50.0,620.0,245.0,375.0,0.0,100320.0,23.1,2.83,0.48,37.2,0.124,0,1,0,1.0,37.60298251855533,50.771376583539976,0.02295435610900453,35.07007835815383,0.197948970848799,67753.4,3.191911774636879,527.0,0.0025204110408016634,7.746388044896791e-06,0.2959813015357963,0.0,0.0,1.1246429540460416,lhs_candidate_000001_june2024_preflight,pa1_candidate_000001
2024-06-19T15:00,34.4,52.0,416.0,154.0,262.0,0.4,100290.0,23.2,2.61,0.33,36.7,0.124,0,1,0,1.0,36.74398665671352,51.04809537668471,0.02208685935626496,35.29038681685165,0.19678274857698191,45825.788799999995,3.02906694061984,353.59999999999997,0.0025288847700926827,5.228168985213747e-06,0.28878239862334515,0.0,0.0,1.1274231055543293,lhs_candidate_000001_june2024_preflight,pa1_candidate_000001
2024-06-19T16:00,31.4,69.0,176.0,17.0,159.0,0.51,100310.0,25.0,1.44,0.15,35.0,0.136,0,1,0,1.0,33.795073156302855,62.906999901993466,0.02335386413800672,35.362424900220084,0.19610588913919375,21082.0016,1.9506713636715465,149.6,0.0025714465335800437,2.2965950566338475e-06,0.28460425394564043,0.0,0.0,1.1384815905611578,lhs_candidate_000001_june2024_preflight,pa1_candidate_000001
2024-06-19T17:00,31.0,71.0,93.0,6.0,87.0,0.51,100290.0,25.1,1.31,0.09,33.5,0.143,0,1,0,1.0,31.90499426782022,69.46647287071507,0.0233358165008778,35.291474215335676,0.19578670538998214,11244.868799999998,1.44402453767329,79.05,0.002182413819693287,1.2767047042476706e-06,0.28263398388877864,0.0,0.0,1.145307067231253,lhs_candidate_000001_june2024_preflight,pa1_candidate_000001
2024-06-19T18:00,30.5,71.0,43.0,7.0,36.0,0.72,100360.0,24.6,1.27,0.05,32.4,0.147,1,1,0,1.0,31.06705824108084,70.20982618897916,0.022552631412025077,35.16419016638479,0.1956088211803478,5050.5664,1.3434689361990029,36.55,0.0021708163233748376,7.045813394045083e-07,0.2815359332120235,0.0,0.0,1.149263301687607,lhs_candidate_000001_june2024_preflight,pa1_candidate_000001
2024-06-19T19:00,30.0,73.0,0.0,0.0,0.0,0.71,100400.0,24.7,1.14,0.02,31.5,0.147,0,0,0,1.0,30.374595327571427,73.10026320528493,0.022623052710968084,35.00207165436056,0.2027203643590049,0.0,1.166127108744007,0.0,0.0007089319790883197,2.3251148247253566e-07,0.32543434789509196,0.0,0.0,1.1523443395152542,lhs_candidate_000001_june2024_preflight,pa1_candidate_000001
2024-06-19T20:00,29.8,75.0,0.0,0.0,0.0,0.94,100480.0,25.0,1.04,0.0,31.1,0.148,0,0,0,1.0,29.980319918381873,74.87043269272259,0.022682905351635255,34.821422034134116,0.20268037716142911,0.0,1.0650608760041265,0.0,0.0007947572186060112,2.1219904149883332e-07,0.32518751334215507,0.0,0.0,1.1547625671847466,lhs_candidate_000001_june2024_preflight,pa1_candidate_000001
2024-06-19T21:00,29.6,78.0,0.0,0.0,0.0,1.08,100570.0,25.3,0.92,0.0,30.7,0.148,0,0,0,1.0,29.759333524155952,77.44107313659379,0.023182819310341805,34.639395155270904,0.20264427295012907,0.0,0.9440558434805362,0.0,0.0008902757337417853,1.8796151101088808e-07,0.32496464784030293,0.0,0.0,1.156640096136328,lhs_candidate_000001_june2024_preflight,pa1_candidate_000001
2024-06-19T22:00,29.5,81.0,0.0,0.0,0.0,0.73,100620.0,25.8,0.8,0.0,30.5,0.148,0,0,0,1.0,29.617694946684075,80.34417095810396,0.023867993211770435,34.458499450122396,0.20261276952923554,0.0,0.8158947486031636,0.0,0.0006210523198897408,1.623474278004184e-07,0.32477018227923177,0.0,0.0,1.157756498399324,lhs_candidate_000001_june2024_preflight,pa1_candidate_000001
2024-06-19T23:00,29.3,83.0,0.0,0.0,0.0,1.0,100600.0,26.1,0.68,0.0,30.3,0.148,0,0,0,1.0,29.454662131719143,82.55048388535191,0.02430747068551946,34.27989764811712,0.20258542190560921,0.0,0.7175478305474003,0.0,0.0008301069152934895,1.4270405998005876e-07,0.3246013697877112,0.0,0.0,1.1581500086227434,lhs_candidate_000001_june2024_preflight,pa1_candidate_000001
2024-06-20T00:00,29.2,84.0,0.0,0.0,0.0,0.95,100510.0,26.3,0.63,0.0,30.1,0.147,0,0,0,1.0,29.31825317276068,83.84920432249133,0.02450762847997633,34.10291331184669,0.20256089372961872,0.0,0.6589428785980855,0.0,0.0007814834097864659,1.3098773143497594e-07,0.3244499612939427,0.0,0.0,1.1576357325330684,lhs_candidate_000001_june2024_preflight,pa1_candidate_000001
2024-06-20T01:00,29.0,86.0,0.0,0.0,0.0,0.63,100460.0,26.4,0.56,0.0,29.8,0.148,0,0,0,1.0,29.15615541735087,85.49892629163756,0.024770500699845904,33.928140204528034,0.20253852900601102,0.0,0.586128690257111,0.0,0.0005686454367002294,1.1646381168880437e-07,0.3243119074445125,0.0,0.0,1.1576802717250352,lhs_candidate_000001_june2024_preflight,pa1_candidate_000001
2024-06-20T02:00,29.0,85.0,0.0,0.0,0.0,0.71,100410.0,26.2,0.61,0.0,29.7,0.147,0,0,0,1.0,29.07793802631765,85.67616552273229,0.024716398234294112,33.7554727726369,0.20251804843665078,0.0,0.5763559355895862,0.0,0.0005894071009581509,1.1447732170162195e-07,0.32418548417685666,0.0,0.0,1.1574035436634993,lhs_candidate_000001_june2024_preflight,pa1_candidate_000001
2024-06-20T03:00,28.9,86.0,0.0,0.0,0.0,0.91,100390.0,26.3,0.56,0.0,29.4,0.147,0,0,0,1.0,29.008065069270025,85.91148010772025,0.02469014865180614,33.58701219145971,0.20249748964314437,0.0,0.5646037639506933,0.0,0.0007484634746030831,1.1209917497210913e-07,0.3240585780441011,0.0,0.0,1.1574406002130766,lhs_candidate_000001_june2024_preflight,pa1_candidate_000001
2024-06-20T04:00,28.8,87.0,0.0,0.0,0.0,0.9,100400.0,26.4,0.52,0.0,29.2,0.147,0,0,0,1.0,28.910837798042184,86.79599905975387,0.024812530860024246,33.42177031870882,0.2024779788592357,0.0,0.5261905356714123,0.0,0.0007420735602479149,1.0443359860149517e-07,0.3239381411063933,0.0,0.0,1.1579284884432384,lhs_candidate_000001_june2024_preflight,pa1_candidate_000001
2024-06-20T05:00,28.7,88.0,0.0,0.0,0.0,0.91,100400.0,26.4,0.48,0.0,29.1,0.148,0,0,0,1.0,28.810752755376914,87.75146237166584,0.024949113683759436,33.259357194289535,0.20245991473106015,0.0,0.4852965508685303,0.0,0.0007494328166389568,9.628417104361049e-08,0.32382663414234664,0.0,0.0,1.158312284420403,lhs_candidate_000001_june2024_preflight,pa1_candidate_000001
2024-06-20T06:00,28.6,89.0,12.0,0.0,12.0,1.12,100420.0,26.5,0.44,0.02,29.2,0.148,1,0,0,1.0,28.74132185616452,88.95358981667461,0.02519524731111483,33.10247166095731,0.20242979404708691,1478.1888,0.4359118212420836,10.2,0.0009148106883219443,2.3812740664821834e-07,0.3236407039943637,0.0,0.0,1.1588094730620901,lhs_candidate_000001_june2024_preflight,pa1_candidate_000001
2024-06-20T07:00,28.8,86.0,79.0,4.0,75.0,1.2,100470.0,26.3,0.54,0.07,29.6,0.149,0,0,0,1.0,29.002512185145015,89.0834700097869,0.025594005074537497,32.968895283459,0.2095004327380292,9590.68,0.43734448390656544,67.14999999999999,0.0009908679188623864,1.2317224414547931e-06,0.36728662183968647,0.0,0.0,1.1583842436154486,lhs_candidate_000001_june2024_preflight,pa1_candidate_000001
2024-06-20T08:00,29.6,80.0,217.0,50.0,167.0,1.17,100540.0,25.7,0.84,0.17,30.3,0.152,0,0,0,1.0,29.988835204761052,87.82997450042886,0.026621408901978616,32.89810797814331,0.20910070116758428,24971.4608,0.5160515069722371,184.45,0.0010178196082359407,3.207440714904338e-06,0.3648191430097795,0.0,0.0,1.1554196578020879,lhs_candidate_000001_june2024_preflight,pa1_candidate_000001
2024-06-20T09:00,30.1,76.0,293.0,55.0,238.0,0.71,100550.0,25.4,1.01,0.23,30.7,0.155,0,1,0,1.0,30.958819183047723,78.59009085232363,0.025098382281724486,32.90234104961967,0.2084189504525109,34157.411199999995,0.9596071687718659,249.04999999999998,0.0022579844255177944,4.338893749775852e-06,0.36061080526241307,0.0,0.0,1.1518488918414191,lhs_candidate_000001_june2024_preflight,pa1_candidate_000001
2024-06-20T10:00,30.2,76.0,233.0,21.0,212.0,0.2,100560.0,25.4,1.05,0.19,30.9,0.154,0,1,0,1.0,31.206135857392294,77.09549710581042,0.02494968161106214,32.92654258644567,0.2077160081657615,27962.6688,1.0411435963309863,198.04999999999998,0.0021303752048704304,3.4695569610945626e-06,0.3562716553442068,0.0,0.0,1.1510273729974307,lhs_candidate_000001_june2024_preflight,pa1_candidate_000001
2024-06-20T11:00,31.3,69.0,557.0,171.0,386.0,0.32,100540.0,24.9,1.43,0.43,32.3,0.155,0,1,0,1.0,32.65774002544357,73.9614811310346,0.025859376356395656,33.021432561514196,0.20669197756974156,62596.4064,1.2848395683559972,473.45,0.0022652445983781574,7.888853240888006e-06,0.3499504788255652,0.0,0.0,1.1453358545132546,lhs_candidate_000001_june2024_preflight,pa1_candidate_000001
2024-06-20T12:00,31.7,67.0,539.0,156.0,383.0,0.58,100520.0,24.9,1.54,0.42,33.1,0.155,0,1,0,1.0,33.70128963721566,68.54867936730544,0.02532325824291251,33.21700187921976,0.20530325392913518,60906.8592,1.6453528050843103,458.15,0.002502984903143042,7.531005134302402e-06,0.34137811067367396,0.0,0.0,1.1412136979448524,lhs_candidate_000001_june2024_preflight,pa1_candidate_000001
2024-06-20T13:00,32.0,66.0,565.0,245.0,320.0,0.95,100490.0,24.9,1.61,0.44,33.5,0.155,0,1,0,1.0,34.14730083922211,66.57580055852608,0.025176603216855466,33.424255241385296,0.20393087404038593,60978.368,1.7925538167751376,480.25,0.0026770393205495418,7.712216674279777e-06,0.3329066298789255,0.0,0.0,1.1392172420675852,lhs_candidate_000001_june2024_preflight,pa1_candidate_000001
2024-06-20T14:00,29.0,81.0,220.0,40.0,180.0,0.86,100460.0,25.5,0.74,0.18,32.3,0.164,0,1,0,1.0,31.640429338271762,73.90694005793078,0.02447969396668789,33.53912531312819,0.202962954265943,25692.832,1.2156786943922095,187.0,0.002740417769420969,3.0527878180700686e-06,0.32693181645643826,0.0,0.0,1.148244296605819,lhs_candidate_000001_june2024_preflight,pa1_candidate_000001
2024-06-20T15:00,28.2,84.0,173.0,51.0,122.0,0.78,100410.0,25.2,0.62,0.14,31.1,0.189,0,0,0,1.0,29.571963725917225,84.56068056346186,0.02505837883809976,33.49469297140553,0.2024805060784179,19516.2528,0.6391875263306139,147.04999999999998,0.001044129738474387,2.3158595658398263e-06,0.3239537412248018,0.0,0.0,1.155514724337872,lhs_candidate_000001_june2024_preflight,pa1_candidate_000001
2024-06-20T16:00,27.9,89.0,111.0,2.0,109.0,0.58,100390.0,25.9,0.42,0.09,30.3,0.196,0,0,0,1.0,28.757312139797925,90.7861773761116,0.02573676447528425,33.39559505746723,0.20214086871761375,13602.8816,0.3639312946729154,94.35,0.000809847958606482,1.4671749096286776e-06,0.32185721430625774,0.0,0.0,1.1584019271154835,lhs_candidate_000001_june2024_preflight,pa1_candidate_000001
2024-06-20T17:00,26.7,98.0,47.0,0.0,47.0,0.71,100360.0,26.3,0.08,0.04,29.7,0.202,0,0,0,1.0,27.63226731045132,96.01212465557799,0.025590226299100207,33.25067362153462,0.20195321064494395,5789.5728,0.14754128263465205,39.949999999999996,0.000893917087536853,6.177122409205043e-07,0.3206988311416294,0.0,0.0,1.1623873438754648,lhs_candidate_000001_june2024_preflight,pa1_candidate_000001
2024-06-20T18:00,26.7,99.0,20.0,0.0,20.0,1.14,100320.0,26.5,0.05,0.02,29.4,0.204,1,0,0,1.0,27.005009418776456,98.58792462862391,0.02538253700688945,33.0648723868191,0.20187484540244538,2463.648,0.05036008834111305,17.0,0.0009754324277903218,2.600224310151225e-07,0.32021509507682333,0.0,0.0,1.1643522222568763,lhs_candidate_000001_june2024_preflight,pa1_candidate_000001
2024-06-20T19:00,26.6,98.0,0.0,0.0,0.0,0.95,100370.0,26.2,0.07,0.01,29.0,0.211,0,0,0,1.0,26.78615719596652,97.90330552521868,0.024902612818592705,32.866425722125705,0.20905258030715396,0.0,0.07382156368357506,0.0,0.000804504590370065,1.648702246604567e-08,0.3645221006614442,0.0,0.0,1.1657825491568483,lhs_candidate_000001_june2024_preflight,pa1_candidate_000001
2024-06-20T20:00,26.5,97.0,0.0,0.0,0.0,0.85,100440.0,26.1,0.09,0.0,28.8,0.217,0,0,0,1.0,26.64629614532812,96.89804214846062,0.02445648045994296,32.6656392158821,0.2090488653927188,0.0,0.10832103885688449,0.0,0.0007188383665839471,2.419047991081923e-08,0.36449916909085683,0.0,0.0,1.1671398291902728,lhs_candidate_000001_june2024_preflight,pa1_candidate_000001
2024-06-20T21:00,26.5,97.0,0.0,0.0,0.0,0.76,100520.0,26.0,0.09,0.0,28.6,0.22,0,0,0,1.0,26.598766318584683,96.66697456361689,0.024333885952642048,32.46897390800481,0.20904427067574347,0.0,0.11606494757237318,0.0,0.0006351856214418751,2.5917848847670322e-08,0.3644708066403918,0.0,0.0,1.1682546662889206,lhs_candidate_000001_june2024_preflight,pa1_candidate_000001
2024-06-20T22:00,26.5,97.0,0.0,0.0,0.0,1.04,100600.0,26.0,0.1,0.0,28.5,0.224,0,0,0,1.0,26.590364017332057,96.65106052429877,0.02431853452760824,32.27822578182905,0.20903959703396385,0.0,0.11656146866259975,0.0,0.0008398542942862867,2.6026664042733567e-08,0.3644419569997769,0.0,0.0,1.169217209721104,lhs_candidate_000001_june2024_preflight,pa1_candidate_000001
2024-06-20T23:00,26.5,97.0,0.0,0.0,0.0,0.95,100580.0,26.1,0.09,0.0,28.4,0.226,0,0,0,1.0,26.5867725627233,96.66456932566386,0.02431708476490689,32.09361696673787,0.20903491856499803,0.0,0.1160667539909217,0.0,0.0007710953000122642,2.5914146998518533e-08,0.36441307756171626,0.0,0.0,1.1689987677806022,lhs_candidate_000001_june2024_preflight,pa1_candidate_000001
2024-06-21T00:00,27.8,87.0,0.0,0.0,0.0,1.08,100550.0,25.3,0.5,0.0,28.3,0.228,0,0,0,1.0,27.34245505801361,90.45435549581167,0.023726804629702877,31.922739532978092,0.2090267114181094,0.0,0.3472324498708961,0.0,0.0009751984800015421,7.751558036893267e-08,0.3643624161611692,0.0,0.0,1.1657111534050624,lhs_candidate_000001_june2024_preflight,pa1_candidate_000001
2024-06-21T01:00,27.9,84.0,0.0,0.0,0.0,1.1,100440.0,25.0,0.59,0.0,28.1,0.228,0,0,0,1.0,27.855958969732356,85.4418149395185,0.02305489239495234,31.778365464200906,0.2090081131067633,0.0,0.5456908466113601,0.0,0.0008710553943219712,1.2178071153033327e-07,0.36424761177014375,0.0,0.0,1.1624494048973937,lhs_candidate_000001_june2024_preflight,pa1_candidate_000001
2024-06-21T02:00,28.0,84.0,0.0,0.0,0.0,1.14,100400.0,24.9,0.62,0.0,28.0,0.228,0,0,0,1.0,27.997986886291514,84.44289485211435,0.022963830698937107,31.64568294220912,0.20898499417946967,0.0,0.5879788166346538,0.0,0.0008893845596284422,1.311666211959701e-07,0.3641049023424054,0.0,0.0,1.1614384440877916,lhs_candidate_000001_june2024_preflight,pa1_candidate_000001
2024-06-21T03:00,27.5,85.0,0.0,0.0,0.0,1.3,100330.0,24.7,0.55,0.0,27.8,0.228,0,0,0,1.0,27.747956351089982,84.64075055823459,0.02270350111869855,31.516804565913763,0.20896155233284058,0.0,0.5721030543027208,0.0,0.001076210456996509,1.27574327039746e-07,0.36396019958543574,0.0,0.0,1.1615930982490612,lhs_candidate_000001_june2024_preflight,pa1_candidate_000001
2024-06-21T04:00,27.3,85.0,0.0,0.0,0.0,1.26,100360.0,24.6,0.54,0.0,27.7,0.228,0,0,0,1.0,27.456957543054987,84.96287977616007,0.022427565205348412,31.383535505558125,0.2089391057607331,0.0,0.550666059319493,0.0,0.0010237162620465846,1.227473040426813e-07,0.3638216404983525,0.0,0.0,1.1630652318942412,lhs_candidate_000001_june2024_preflight,pa1_candidate_000001
2024-06-21T05:00,27.4,84.0,0.0,0.0,0.0,1.17,100330.0,24.5,0.59,0.0,27.6,0.228,0,0,0,1.0,27.42364513522582,84.54500742981777,0.022276300049721448,31.250237791254563,0.20891686414355146,0.0,0.5648673808796403,0.0,0.0009190047677355986,1.258653623900767e-07,0.3636843465651325,0.0,0.0,1.1628464272621992,lhs_candidate_000001_june2024_preflight,pa1_candidate_000001
2024-06-21T06:00,27.4,85.0,9.0,0.0,9.0,0.86,100440.0,24.6,0.56,0.02,27.6,0.227,1,0,0,1.0,27.47028075100357,85.3828506203227,0.022554986863202845,31.124008235996047,0.20888306766481066,1108.6416,0.5357036370569217,7.6499999999999995,0.0006976505079681507,2.4706981867859306e-07,0.36347572632599173,0.0,0.0,1.1639407594218563,lhs_candidate_000001_june2024_preflight,pa1_candidate_000001
2024-06-21T07:00,27.7,86.0,64.0,1.0,63.0,1.06,100510.0,25.2,0.52,0.06,28.4,0.227,0,0,0,1.0,27.795864819819624,88.69585299790312,0.023853991289214723,31.01927892791758,0.21596243141070104,7848.4911999999995,0.4222363549440491,54.4,0.0008565032353830405,1.1231688670181872e-06,0.40717550253519164,0.0,0.0,1.163491839435258,lhs_candidate_000001_june2024_preflight,pa1_candidate_000001
2024-06-21T08:00,28.6,83.0,160.0,19.0,141.0,0.85,100570.0,25.5,0.65,0.13,28.5,0.228,0,0,0,1.0,28.750893959023333,91.87850046971606,0.026037301406110342,30.96572269483964,0.21562609197114277,19040.7184,0.32066709677616734,136.0,0.0007201449002598463,2.611198767195693e-06,0.4050993331552023,0.0,0.0,1.1605036210840909,lhs_candidate_000001_june2024_preflight,pa1_candidate_000001
2024-06-21T09:00,29.4,75.0,343.0,91.0,252.0,0.67,100550.0,24.6,1.02,0.26,32.5,0.227,0,1,0,1.0,30.153332236101157,85.20534946997833,0.026056435613291334,31.003971769441296,0.21489930379271324,39049.9648,0.6332887049056071,291.55,0.0022060069423053582,5.52247505350662e-06,0.4006129863747731,0.0,0.0,1.1549078732261366,lhs_candidate_000001_june2024_preflight,pa1_candidate_000001
2024-06-21T10:00,30.9,66.0,532.0,203.0,329.0,0.57,100520.0,23.8,1.52,0.41,31.9,0.227,0,1,0,1.0,32.07664435779788,72.9328013043339,0.0247251644598118,31.161190777472413,0.2136344398538468,58391.0096,1.292569049721239,452.2,0.0022890422590673303,8.473217918242972e-06,0.39280518428300504,0.0,0.0,1.1472880937469423,lhs_candidate_000001_june2024_preflight,pa1_candidate_000001
2024-06-21T11:00,31.7,64.0,700.0,388.0,312.0,0.42,100480.0,24.2,1.67,0.54,32.6,0.225,0,1,0,1.0,33.81561876590995,68.68155217319935,0.02552515193833999,31.438259093051077,0.2118931266790499,72576.90879999999,1.6488832463644485,595.0,0.0024855987988614296,1.083174630913952e-05,0.38205633752499935,0.0,0.0,1.140334698810114,lhs_candidate_000001_june2024_preflight,pa1_candidate_000001
2024-06-21T12:00,32.2,64.0,761.0,462.0,299.0,0.36,100450.0,24.5,1.72,0.59,33.5,0.223,0,1,0,1.0,34.87909004534132,66.58987429904316,0.026162825122022927,31.790684001101614,0.20988945221395558,77487.5376,1.8660272909846007,646.85,0.002597739517499978,1.1411078546391264e-05,0.36968797662935543,0.0,0.0,1.136058399418742,lhs_candidate_000001_june2024_preflight,pa1_candidate_000001
2024-06-21T13:00,32.0,64.0,543.0,271.0,272.0,0.67,100360.0,24.3,1.71,0.43,33.4,0.221,0,1,0,1.0,34.55864374011413,64.14924888507413,0.024786330278791877,32.11028557717424,0.2081414665893638,57353.612799999995,1.967117568921903,461.55,0.002651672581009499,8.044328064666324e-06,0.35889794190965313,0.0,0.0,1.1362225530431436,lhs_candidate_000001_june2024_preflight,pa1_candidate_000001
2024-06-21T14:00,28.8,81.0,207.0,9.0,198.0,0.73,100320.0,25.2,0.76,0.17,32.0,0.225,0,1,0,1.0,31.46866525974795,73.8848369182134,0.02424887317873667,32.26217568508566,0.20713891164562281,25182.115199999997,1.2049171934545018,175.95,0.0026990416946299396,3.112072937860841e-06,0.35270933114581987,0.0,0.0,1.1472906689426916,lhs_candidate_000001_june2024_preflight,pa1_candidate_000001
2024-06-21T15:00,29.0,80.0,268.0,55.0,213.0,0.81,100250.0,25.3,0.78,0.21,31.5,0.225,0,1,0,1.0,30.14084767386249,80.33549645805334,0.02455064194112504,32.279451236757666,0.20651644686580578,31077.851199999997,0.8411420939845495,227.79999999999998,0.0023872591572614435,3.831614390096734e-06,0.3488669559617641,0.0,0.0,1.151509499749642,lhs_candidate_000001_june2024_preflight,pa1_candidate_000001
2024-06-21T16:00,29.4,77.0,283.0,81.0,202.0,0.71,100260.0,24.9,0.95,0.22,31.4,0.226,0,1,0,1.0,30.42047250664316,78.56401620248167,0.02437416358408003,32.30569512136568,0.20581150075420793,32010.8448,0.9317098718864774,240.54999999999998,0.002305823436989974,4.004782177963986e-06,0.34451543675436996,0.0,0.0,1.150563579309639,lhs_candidate_000001_june2024_preflight,pa1_candidate_000001
2024-06-21T17:00,28.9,80.0,203.0,90.0,113.0,0.61,100200.0,25.2,0.78,0.15,30.9,0.225,0,1,0,1.0,30.0844469475847,79.19722494900554,0.024129167444468625,32.31974717154976,0.2051910334873779,21839.6112,0.8869596969014601,172.54999999999998,0.0023092596063561763,2.8863872270585032e-06,0.34068539189739455,0.0,0.0,1.1511492513974682,lhs_candidate_000001_june2024_preflight,pa1_candidate_000001
2024-06-21T18:00,28.8,81.0,56.0,18.0,38.0,0.92,100310.0,25.2,0.76,0.05,30.3,0.225,1,0,0,1.0,29.413163513352774,83.2179175591743,0.024448849323828577,32.2707391093406,0.20485410573040078,6264.9312,0.6884544130555903,47.6,0.0009146609172824922,8.834485299698939e-07,0.33860559092839987,0.0,0.0,1.1549697955431266,lhs_candidate_000001_june2024_preflight,pa1_candidate_000001
2024-06-21T19:00,28.6,82.0,0.0,0.0,0.0,0.99,100350.0,25.3,0.7,0.02,29.8,0.225,0,0,0,1.0,28.858930831162777,82.50309222833594,0.02351864809818856,32.164469946982784,0.2119553807502282,0.0,0.6951762420546297,0.0,0.0008555823853434452,1.6288986466660858e-07,0.382440621914989,0.0,0.0,1.1575507475402635,lhs_candidate_000001_june2024_preflight,pa1_candidate_000001
2024-06-21T20:00,28.5,83.0,0.0,0.0,0.0,0.72,100440.0,25.4,0.65,0.0,29.5,0.224,0,0,0,1.0,28.609958763589187,83.18429704304931,0.02339271184162925,32.03944279558108,0.21192665188692575,0.0,0.6585481959149786,0.0,0.0006107565889372967,1.542358301033743e-07,0.3822632832526281,0.0,0.0,1.159544822674978,lhs_candidate_000001_june2024_preflight,pa1_candidate_000001
2024-06-21T21:00,28.4,85.0,0.0,0.0,0.0,0.99,100490.0,25.6,0.59,0.0,29.2,0.224,0,0,0,1.0,28.493339157089743,84.74806040075597,0.023681003809158212,31.914319603733844,0.21190019035028887,0.0,0.5932815763117776,0.0,0.0008030725134828055,1.3889063300004753e-07,0.38209994043388196,0.0,0.0,1.16057057495494,lhs_candidate_000001_june2024_preflight,pa1_candidate_000001
2024-06-21T22:00,27.9,90.0,0.0,0.0,0.0,0.92,100510.0,26.0,0.39,0.0,28.9,0.224,0,0,0,1.0,28.159001093721503,88.43029271972479,0.024261593781236955,31.788133058642643,0.21187805332833123,0.0,0.44139198886198683,0.0,0.0008069122193653472,1.0329545183546248e-07,0.3819632921501928,0.0,0.0,1.1620896042223898,lhs_candidate_000001_june2024_preflight,pa1_candidate_000001
2024-06-21T23:00,28.1,88.0,0.0,0.0,0.0,1.06,100510.0,25.8,0.47,0.0,28.4,0.223,0,0,0,1.0,28.092742755166817,88.76190863971608,0.024264229962104037,31.65898866769523,0.21186052219019597,0.0,0.427091312901974,0.0,0.0008287296024051634,9.992046129093774e-08,0.3818550752481233,0.0,0.0,1.1623452058203676,lhs_candidate_000001_june2024_preflight,pa1_candidate_000001
2024-06-22T00:00,28.0,88.0,0.0,0.0,0.0,0.94,100460.0,25.8,0.47,0.0,28.1,0.223,0,0,0,1.0,28.08263450513674,88.25521796774342,0.024112342620384423,31.534653783554763,0.21184195385458102,0.0,0.4460850830720551,0.0,0.0007620287315124947,1.0433283629736738e-07,0.3817404558924754,0.0,0.0,1.1618059667494014,lhs_candidate_000001_june2024_preflight,pa1_candidate_000001
2024-06-22T01:00,28.3,86.0,0.0,0.0,0.0,1.04,100400.0,25.6,0.55,0.0,27.9,0.223,0,0,0,1.0,28.225571776650984,87.04203620447953,0.02396802836997196,31.415107492256425,0.21182236821285097,0.0,0.4962720116518162,0.0,0.0008346796792791763,1.1603407140084352e-07,0.3816195568694504,0.0,0.0,1.1605613795022356,lhs_candidate_000001_june2024_preflight,pa1_candidate_000001
2024-06-22T02:00,27.4,92.0,0.0,0.0,0.0,0.8,100350.0,26.1,0.28,0.0,27.6,0.223,0,0,0,1.0,27.802151240689643,89.97793179768246,0.02420716235526483,31.29847493225273,0.21180317885626376,0.0,0.3744849665103014,0.0,0.0007755130563603715,8.753168972290772e-08,0.3815011040510109,0.0,0.0,1.161615433570566,lhs_candidate_000001_june2024_preflight,pa1_candidate_000001
2024-06-22T03:00,27.2,93.0,0.0,0.0,0.0,0.91,100310.0,26.0,0.25,0.0,27.5,0.223,0,0,0,1.0,27.377495529213352,92.42533605082217,0.024290728126994728,31.171458138406084,0.21178997476090247,0.0,0.2761015104297613,0.0,0.0007728060905780581,6.452186482610178e-08,0.38141959728952146,0.0,0.0,1.1627931563683813,lhs_candidate_000001_june2024_preflight,pa1_candidate_000001
2024-06-22T04:00,27.2,93.0,0.0,0.0,0.0,1.04,100270.0,25.9,0.26,0.0,27.3,0.223,0,0,0,1.0,27.270102781058476,92.92852711747467,0.024278632273196734,31.042178853300534,0.21177893188914754,0.0,0.2561449155000002,0.0,0.0008333824948188158,5.984753199713571e-08,0.381351431414491,0.0,0.0,1.1627449805212344,lhs_candidate_000001_june2024_preflight,pa1_candidate_000001
2024-06-22T05:00,26.8,93.0,0.0,0.0,0.0,0.95,100270.0,25.7,0.23,0.0,27.1,0.222,0,0,0,1.0,27.02255447097623,92.7749917458836,0.02390913279765751,30.913596828710382,0.21176811583948732,0.0,0.2579371719424879,0.0,0.000816347958671396,6.025573640356994e-08,0.3812846656758477,0.0,0.0,1.1637038808293987,lhs_candidate_000001_june2024_preflight,pa1_candidate_000001
2024-06-22T06:00,27.1,92.0,18.0,5.0,13.0,1.14,100290.0,25.8,0.27,0.01,27.2,0.222,1,0,0,1.0,27.097662388364114,92.99022350883074,0.024064360887379076,30.788794735262254,0.21173334007069758,2041.3711999999998,0.25135790684786397,15.299999999999999,0.0008894829255994632,3.265979750164855e-07,0.3810700004364048,0.0,0.0,1.1636448325689408,lhs_candidate_000001_june2024_preflight,pa1_candidate_000001
2024-06-22T07:00,28.7,85.0,145.0,71.0,74.0,0.81,100450.0,26.0,0.57,0.1,29.1,0.222,0,0,0,1.0,28.456739663960523,94.08368812556027,0.02623706070653216,30.71535955051883,0.21868430254353763,15363.497599999997,0.22964905009116343,123.25,0.0007259515322784561,2.4608403248920387e-06,0.42397717619467673,0.0,0.0,1.1602493876669058,lhs_candidate_000001_june2024_preflight,pa1_candidate_000001
2024-06-22T08:00,29.9,75.0,345.0,226.0,119.0,0.42,100450.0,25.0,1.05,0.25,30.2,0.221,0,1,0,1.0,30.42191219444427,96.1680190896805,0.02983804783017062,30.759216299388633,0.2179512566409107,34546.705599999994,0.16656983822409277,293.25,0.0020057500878804535,5.694998677839942e-06,0.4194522014871031,0.0,0.0,1.1527385141849973,lhs_candidate_000001_june2024_preflight,pa1_candidate_000001
2024-06-22T09:00,30.7,70.0,478.0,328.0,150.0,0.73,100490.0,24.5,1.34,0.36,31.3,0.22,0,1,0,1.0,31.976839139185973,75.36218242798381,0.02541340783922589,30.91841651246017,0.21670759008942167,47341.36,1.1699405398802898,406.3,0.002383426268080708,7.982985395757983e-06,0.4117752474655659,0.0,0.0,1.1473208471090302,lhs_candidate_000001_june2024_preflight,pa1_candidate_000001
2024-06-22T10:00,30.8,68.0,440.0,183.0,257.0,0.22,100450.0,24.1,1.44,0.34,31.5,0.218,0,1,0,1.0,32.49110891716349,71.33147165365054,0.02472056227561246,31.120496397348724,0.21533369553262635,47761.8768,1.401412646539086,374.0,0.002342271537455258,7.277185838123084e-06,0.40329441686806394,0.0,0.0,1.1449344502481977,lhs_candidate_000001_june2024_preflight,pa1_candidate_000001
2024-06-22T11:00,31.1,65.0,574.0,306.0,268.0,0.5,100430.0,23.9,1.56,0.44,32.1,0.217,0,1,0,1.0,33.040608177169354,69.13377478244232,0.024665874837812178,31.34618282710604,0.2138481067060925,59940.8832,1.5561567626599322,487.9,0.002465655824680838,9.21186118911809e-06,0.3941241154697068,0.0,0.0,1.1426521630477455,lhs_candidate_000001_june2024_preflight,pa1_candidate_000001
2024-06-22T12:00,31.4,64.0,624.0,267.0,357.0,1.06,100400.0,23.9,1.63,0.48,32.8,0.215,0,1,0,1.0,33.640620996196255,66.53120149970721,0.024499720916697908,31.61951634274198,0.21213969663819504,67472.11679999999,1.7449768770263803,530.4,0.002746795791639952,9.758849910969741e-06,0.383578374309846,0.0,0.0,1.1400767343983493,lhs_candidate_000001_june2024_preflight,pa1_candidate_000001
2024-06-22T13:00,31.0,65.0,455.0,225.0,230.0,0.89,100370.0,23.7,1.57,0.36,32.7,0.213,0,1,0,1.0,33.20378198523439,65.43310489336707,0.02354744382747588,31.86331662372741,0.21062819634769284,48131.952,1.7587396883933097,386.75,0.002663625350087763,7.054261144802351e-06,0.3742481256030422,0.0,0.0,1.14136125774049,lhs_candidate_000001_june2024_preflight,pa1_candidate_000001
2024-06-22T14:00,30.3,68.0,356.0,161.0,195.0,1.1,100280.0,23.7,1.38,0.29,32.4,0.213,0,1,0,1.0,32.19825640654785,67.48631755227487,0.023027167755270275,32.021960933952506,0.2095030623024199,38188.568,1.5633567866804134,302.59999999999997,0.0027017810966874565,5.459096948695765e-06,0.36730285371864146,0.0,0.0,1.144093003195695,lhs_candidate_000001_june2024_preflight,pa1_candidate_000001
2024-06-22T15:00,30.3,68.0,389.0,151.0,238.0,1.3,100260.0,23.7,1.38,0.31,32.3,0.212,0,1,0,1.0,31.870880060375818,68.80272563697251,0.023070874334144613,32.14180671793181,0.20848918992471782,42605.411199999995,1.472571319956717,330.65,0.0027475289932174614,5.811358040446254e-06,0.3610443822513446,0.0,0.0,1.1450925239964744,lhs_candidate_000001_june2024_preflight,pa1_candidate_000001
2024-06-22T16:00,29.7,71.0,298.0,169.0,129.0,1.2,100260.0,23.8,1.22,0.23,31.8,0.213,0,1,0,1.0,31.298615779244027,70.26772599988205,0.022852946613960562,32.23758597464318,0.20756762539359733,30762.529599999998,1.3586266886073153,253.29999999999998,0.0026965443812927087,4.431936929774076e-06,0.35535571230615637,0.0,0.0,1.1472449251443562,lhs_candidate_000001_june2024_preflight,pa1_candidate_000001
2024-06-22T17:00,28.9,77.0,100.0,28.0,72.0,0.76,100220.0,24.4,0.93,0.09,30.9,0.216,0,1,0,1.0,30.005176343676435,74.8643683096648,0.022711567162063618,32.24500065860699,0.20702516281932706,11333.1328,1.066837900267597,85.0,0.0023535604429343465,1.6049697469140149e-06,0.35200717789708064,0.0,0.0,1.1516800903264368,lhs_candidate_000001_june2024_preflight,pa1_candidate_000001
2024-06-22T18:00,28.5,79.0,19.0,2.0,17.0,1.0,100360.0,24.6,0.8,0.04,30.0,0.22,1,0,0,1.0,28.99894921446886,79.5077755158476,0.022838439637055317,32.16157216880993,0.20684360465700513,2270.1007999999997,0.8208026016267596,16.15,0.0009329112983385584,4.3685435230037864e-07,0.3508864485000317,0.0,0.0,1.1571296266056756,lhs_candidate_000001_june2024_preflight,pa1_candidate_000001
2024-06-22T19:00,28.2,81.0,0.0,0.0,0.0,1.08,100470.0,24.6,0.73,0.02,29.4,0.226,0,0,0,1.0,28.442190915187354,80.8214785298239,0.02252070254254202,32.040036431079606,0.2139887944688889,0.0,0.7438100875414166,0.0,0.0009146728093439013,1.8000563590201558e-07,0.3949925584499316,0.0,0.0,1.1605363793471863,lhs_candidate_000001_june2024_preflight,pa1_candidate_000001
2024-06-22T20:00,28.1,82.0,0.0,0.0,0.0,1.36,100510.0,24.6,0.7,0.0,28.9,0.232,0,0,0,1.0,28.20981731687534,81.97037145453595,0.02255200411695789,31.908427847897016,0.21395766425168888,0.0,0.6898776377321085,0.0,0.0010872790840432299,1.6687250027960145e-07,0.3948003966153635,0.0,0.0,1.161893649084181,lhs_candidate_000001_june2024_preflight,pa1_candidate_000001
2024-06-22T21:00,26.1,97.0,0.0,0.0,0.0,0.89,100560.0,25.6,0.1,0.0,28.5,0.241,0,0,0,1.0,26.98491224200191,91.56735195277372,0.02354880998747679,31.765768896299527,0.21393477341257294,0.0,0.30038656644365247,0.0,0.0009747445917706182,7.263362973114405e-08,0.39465909513933917,0.0,0.0,1.1672159059893537,lhs_candidate_000001_june2024_preflight,pa1_candidate_000001
2024-06-22T22:00,26.2,97.0,0.0,0.0,0.0,0.94,100550.0,25.7,0.1,0.0,28.3,0.25,0,0,0,1.0,26.33260463391182,96.25705381145009,0.023874963028813877,31.596491754006685,0.21392687264490162,0.0,0.12831192874838404,0.0,0.0007794004501848028,3.102205780889321e-08,0.39461032496852855,0.0,0.0,1.1696419122686208,lhs_candidate_000001_june2024_preflight,pa1_candidate_000001
2024-06-22T23:00,26.2,97.0,0.0,0.0,0.0,0.94,100540.0,25.7,0.1,0.0,28.1,0.256,0,0,0,1.0,26.286364308070564,96.67258159770407,0.023916420933902588,31.42678306986906,0.21392172433339313,0.0,0.11375658151195855,0.0,0.000763498085089974,2.7500787178044702e-08,0.39457854526785885,0.0,0.0,1.1697061913243663,lhs_candidate_000001_june2024_preflight,pa1_candidate_000001
2024-06-23T00:00,26.1,97.0,0.0,0.0,0.0,0.91,100510.0,25.6,0.09,0.0,27.9,0.258,0,0,0,1.0,26.220541298105847,96.67527047583822,0.023829621057252913,31.261534484918684,0.21391679379215978,0.0,0.11322408726048083,0.0,0.0007532272942538707,2.7369944749944954e-08,0.3945481098281468,0.0,0.0,1.169614272370833,lhs_candidate_000001_june2024_preflight,pa1_candidate_000001
2024-06-23T01:00,26.0,97.0,0.0,0.0,0.0,0.71,100470.0,25.6,0.09,0.0,27.8,0.26,0,0,0,1.0,26.123922715503877,96.71554418655103,0.02371160666309124,31.099445539620216,0.2139119019486529,0.0,0.11121636780678523,0.0,0.0006101061285466585,2.6882556050555735e-08,0.3945179132632895,0.0,0.0,1.1695262524320322,lhs_candidate_000001_june2024_preflight,pa1_candidate_000001
2024-06-23T02:00,27.3,89.0,0.0,0.0,0.0,0.54,100450.0,25.4,0.38,0.0,27.8,0.26,0,0,0,1.0,26.83744560420513,92.15450548518155,0.02350707053302853,30.948380809806704,0.21390434949822584,0.0,0.27706205168289744,0.0,0.0006498768174615304,6.696187024158004e-08,0.394471293198925,0.0,0.0,1.1665122662267062,lhs_candidate_000001_june2024_preflight,pa1_candidate_000001
2024-06-23T03:00,27.4,89.0,0.0,0.0,0.0,0.54,100410.0,25.4,0.41,0.0,27.7,0.259,0,0,0,1.0,27.349081556064803,89.70782985202197,0.023539592428982882,30.82272643140864,0.21388940833887357,0.0,0.37453326796149256,0.0,0.000451861768729604,9.049808242084223e-08,0.39437906382020727,0.0,0.0,1.1640624146150997,lhs_candidate_000001_june2024_preflight,pa1_candidate_000001
2024-06-23T04:00,27.4,89.0,0.0,0.0,0.0,0.85,100440.0,25.4,0.4,0.0,27.7,0.259,0,0,0,1.0,27.434974666215087,89.40454719205297,0.023571436962577644,30.707594497696384,0.21387279809659018,0.0,0.3875118123265855,0.0,0.0006765028138630263,9.360973115445392e-08,0.39427653146043323,0.0,0.0,1.1640774734781276,lhs_candidate_000001_june2024_preflight,pa1_candidate_000001
2024-06-23T05:00,27.3,90.0,0.0,0.0,0.0,0.85,100440.0,25.4,0.37,0.0,27.5,0.258,0,0,0,1.0,27.385014989637718,89.9049542919031,0.02363813937181125,30.596549193472516,0.21385623278205126,0.0,0.36813298968960373,0.0,0.000695791528406117,8.890540038605875e-08,0.39417427643241526,0.0,0.0,1.1642709848201853,lhs_candidate_000001_june2024_preflight,pa1_candidate_000001
2024-06-23T06:00,27.2,91.0,13.0,2.0,11.0,0.72,100540.0,25.5,0.33,0.01,27.6,0.263,1,0,0,1.0,27.323877736609994,91.40225978154733,0.023950876756439584,30.49011461952271,0.2138233237269054,1531.0064,0.31241165586995034,11.049999999999999,0.0006169561402375433,2.7545248732903997e-07,0.39397113411670004,0.0,0.0,1.1656672848806968,lhs_candidate_000001_june2024_preflight,pa1_candidate_000001
2024-06-23T07:00,28.2,87.0,133.0,65.0,68.0,0.82,100620.0,25.7,0.51,0.09,29.1,0.263,0,0,0,1.0,28.176896839577353,95.50702614095079,0.026228880430170538,30.422736985438277,0.22079241357741355,14096.403199999999,0.17158840100578976,113.05,0.0006487646379408827,2.3160073182481887e-06,0.43699020726798493,0.0,0.0,1.1632923247357043,lhs_candidate_000001_june2024_preflight,pa1_candidate_000001
2024-06-23T08:00,28.6,84.0,198.0,66.0,132.0,1.14,100620.0,25.7,0.62,0.15,28.9,0.264,0,0,0,1.0,29.097814624752722,93.44804728930009,0.02698766794197933,30.42325194327886,0.2202766037876128,22068.0768,0.2639372918167955,168.29999999999998,0.0010255478004027854,3.425024960688073e-06,0.4338061962198321,0.0,0.0,1.1597478935128114,lhs_candidate_000001_june2024_preflight,pa1_candidate_000001
2024-06-23T09:00,28.7,84.0,289.0,103.0,186.0,0.5,100640.0,25.7,0.63,0.22,29.3,0.271,0,0,0,1.0,29.678715943737995,96.90488648975446,0.028883095756511535,30.475191385769854,0.2195271470555867,31975.9264,0.12892685961136685,245.65,0.000815897332571871,4.87844148464468e-06,0.42917992009621425,0.0,0.0,1.1577532847572487,lhs_candidate_000001_june2024_preflight,pa1_candidate_000001
2024-06-23T10:00,29.0,82.0,398.0,166.0,232.0,0.41,100650.0,25.6,0.72,0.3,29.9,0.276,0,1,0,1.0,30.292047663027752,86.10779395886844,0.0265302719308982,30.58209750158574,0.21848623736922151,43186.3168,0.5994016306945862,338.3,0.002271512223678591,6.727088895458333e-06,0.4227545516618612,0.0,0.0,1.1555279844685558,lhs_candidate_000001_june2024_preflight,pa1_candidate_000001
2024-06-23T11:00,29.0,82.0,306.0,97.0,209.0,0.28,100590.0,25.6,0.72,0.24,30.0,0.279,0,1,0,1.0,30.336723117278314,83.89828814210072,0.025911864350954196,30.6994326663773,0.21741752273731096,34281.12159999999,0.6965126593118227,260.09999999999997,0.0022536434812875723,5.151462383698269e-06,0.4161575477611788,0.0,0.0,1.1546691444071109,lhs_candidate_000001_june2024_preflight,pa1_candidate_000001
2024-06-23T12:00,29.3,77.0,252.0,23.0,229.0,0.81,100580.0,24.9,0.92,0.2,29.9,0.281,0,1,0,1.0,30.287277784314064,79.49516146290536,0.02448658381196584,30.780110410130522,0.21657091244524834,30232.7696,0.8844728306632299,214.2,0.002345971068059309,4.267375066859144e-06,0.41093155830400213,0.0,0.0,1.1547424902533558,lhs_candidate_000001_june2024_preflight,pa1_candidate_000001
2024-06-23T13:00,29.2,79.0,341.0,57.0,284.0,1.33,100520.0,25.2,0.85,0.27,32.2,0.284,0,1,0,1.0,30.455192822646893,80.27520011695408,0.024951682479790484,30.86737070088562,0.21568036784195327,39999.8016,0.8590371482268813,289.84999999999997,0.0027050941888212554,5.61334326321913e-06,0.4054343693947733,0.0,0.0,1.1534153672088068,lhs_candidate_000001_june2024_preflight,pa1_candidate_000001
2024-06-23T14:00,29.2,75.0,331.0,97.0,234.0,1.12,100480.0,24.2,1.02,0.26,31.3,0.283,0,1,0,1.0,30.52474761220968,76.86667282423271,0.023981885428026907,30.972007393328905,0.21468861915736062,37360.681599999996,1.0114949655256251,281.34999999999997,0.0025955040169239724,5.409917578187915e-06,0.39931246393432485,0.0,0.0,1.1526923103513604,lhs_candidate_000001_june2024_preflight,pa1_candidate_000001
2024-06-23T15:00,28.4,78.0,229.0,46.0,183.0,0.71,100480.0,24.1,0.87,0.18,30.3,0.304,0,0,0,1.0,29.82511659675712,81.33305468642129,0.024434805295906494,31.042913240381726,0.2138646974948547,26590.379199999996,0.7841402031693034,194.65,0.00102669096776807,3.7155140707388476e-06,0.39422652774601674,0.0,0.0,1.1553541107680223,lhs_candidate_000001_june2024_preflight,pa1_candidate_000001
2024-06-23T16:00,27.9,86.0,167.0,32.0,135.0,0.41,100500.0,25.4,0.52,0.13,29.7,0.307,0,0,0,1.0,28.996493787613833,90.94542968177448,0.02612038705643971,31.055015565197596,0.2132946996715456,19445.624,0.36262341123586195,141.95,0.00082403162550264,2.635301638695893e-06,0.39070802266386173,0.0,0.0,1.1587532137287093,lhs_candidate_000001_june2024_preflight,pa1_candidate_000001
2024-06-23T17:00,27.8,87.0,89.0,18.0,71.0,0.32,100400.0,25.3,0.5,0.07,29.2,0.307,0,0,0,1.0,28.436860740099302,93.1920049642463,0.025960146251551075,31.01916151671861,0.2129316769291818,10329.9504,0.26395617834032636,75.64999999999999,0.0006307996005546807,1.4132146090811195e-06,0.3884671415381593,0.0,0.0,1.1597483009407514,lhs_candidate_000001_june2024_preflight,pa1_candidate_000001
2024-06-23T18:00,27.7,87.0,46.0,18.0,28.0,0.54,100480.0,25.4,0.48,0.04,28.8,0.309,1,0,0,1.0,28.081323080607216,91.57604907050012,0.02501783164829147,30.947648308527235,0.2127354413744657,5033.1071999999995,0.31993033903771995,39.1,0.0006151936583426126,7.716868009123771e-07,0.38725581095349204,0.0,0.0,1.1620423229586097,lhs_candidate_000001_june2024_preflight,pa1_candidate_000001
2024-06-23T19:00,27.6,89.0,1.0,0.0,1.0,0.22,100600.0,25.7,0.39,0.0,28.4,0.307,0,0,0,1.0,27.783937783676876,91.02395240892976,0.02446406174354148,30.851880527524308,0.21985422997008747,123.18239999999999,0.3350432669267991,0.85,0.00035577574863530274,1.0535633087550742e-07,0.43119895043263873,0.0,0.0,1.164579823193815,lhs_candidate_000001_june2024_preflight,pa1_candidate_000001
2024-06-23T20:00,27.4,86.0,0.0,0.0,0.0,0.61,100670.0,24.8,0.51,0.0,28.1,0.308,0,0,0,1.0,27.544464252507442,88.412495281038,0.02345099611701902,30.74260308138672,0.21983501728724103,0.0,0.42651539257569926,0.0,0.0005500392222477583,1.1264918779002331e-07,0.4310803536249447,0.0,0.0,1.1663182855183545,lhs_candidate_000001_june2024_preflight,pa1_candidate_000001
2024-06-23T21:00,27.5,85.0,0.0,0.0,0.0,0.98,100680.0,24.8,0.55,0.0,27.9,0.312,0,0,0,1.0,27.51231500175425,86.05052817782853,0.022784093911902135,30.632742983691465,0.21981242595836076,0.0,0.512491525152734,0.0,0.0007682938475307659,1.3531300179840528e-07,0.43094090097753557,0.0,0.0,1.1665588657034904,lhs_candidate_000001_june2024_preflight,pa1_candidate_000001
2024-06-23T22:00,26.1,97.0,0.0,0.0,0.0,1.08,100680.0,25.6,0.1,0.0,27.7,0.313,0,0,0,1.0,26.717980764159424,92.88992200016088,0.023538271366558228,30.518718096495245,0.21979274954188383,0.0,0.24933436086124328,0.0,0.0010181162155991092,6.581313087584275e-08,0.4308194416165668,0.0,0.0,1.1696490177258463,lhs_candidate_000001_june2024_preflight,pa1_candidate_000001
2024-06-23T23:00,27.3,88.0,0.0,0.0,0.0,1.0,100690.0,25.1,0.45,0.0,27.6,0.311,0,0,0,1.0,26.92670274794901,90.97854348233903,0.023322114300780045,30.393899006297524,0.2197815093183477,0.0,0.3202650773244926,0.0,0.0008975390537040012,8.452205620771049e-08,0.4307500575206648,0.0,0.0,1.1689515482954862,lhs_candidate_000001_june2024_preflight,pa1_candidate_000001
2024-06-24T00:00,27.3,88.0,0.0,0.0,0.0,0.94,100670.0,25.1,0.43,0.0,27.5,0.309,0,0,0,1.0,27.29323018134983,88.59094751994536,0.02317496483734676,30.28673190787118,0.21976319214167475,0.0,0.41382187390194414,0.0,0.0007352990359731228,1.0918422555159065e-07,0.4306369885288565,0.0,0.0,1.1672935742308328,lhs_candidate_000001_june2024_preflight,pa1_candidate_000001
2024-06-24T01:00,27.1,89.0,0.0,0.0,0.0,0.78,100630.0,25.1,0.4,0.0,27.4,0.307,0,0,0,1.0,27.21670383463675,89.01730921670104,0.023188293332846582,30.18577346846095,0.21974375440302088,0.0,0.3965761328044528,0.0,0.0006569375532878535,1.0460489466279226e-07,0.43051700248778324,0.0,0.0,1.1671270450112705,lhs_candidate_000001_june2024_preflight,pa1_candidate_000001
2024-06-24T02:00,27.0,89.0,0.0,0.0,0.0,0.81,100600.0,25.0,0.39,0.0,27.3,0.312,0,0,0,1.0,27.090805808934366,89.32664561164145,0.02310752388356287,30.084817322976757,0.21972537043224258,0.0,0.38257337024189564,0.0,0.0006684874588242628,1.0088478615261216e-07,0.4304035211866826,0.0,0.0,1.1672683568540574,lhs_candidate_000001_june2024_preflight,pa1_candidate_000001
2024-06-24T03:00,27.0,89.0,0.0,0.0,0.0,0.85,100560.0,25.0,0.41,0.0,27.3,0.31,0,0,0,1.0,27.046145332844556,89.36552484134874,0.023060551639751854,29.98486932486337,0.21970728568346926,0.0,0.38018288286729485,0.0,0.0006808780623210088,1.0022841035315315e-07,0.4302918869349954,0.0,0.0,1.1669778208616275,lhs_candidate_000001_june2024_preflight,pa1_candidate_000001
2024-06-24T04:00,27.0,89.0,0.0,0.0,0.0,0.98,100570.0,24.9,0.41,0.0,27.2,0.308,0,0,0,1.0,27.039604660518314,89.32961390754481,0.023042946222444478,29.887709378251046,0.2196892289429802,0.0,0.3813203979784432,0.0,0.0007776477422863124,1.0050225533522729e-07,0.4301804255739519,0.0,0.0,1.1671192979656522,lhs_candidate_000001_june2024_preflight,pa1_candidate_000001
2024-06-24T05:00,26.9,89.0,0.0,0.0,0.0,0.92,100600.0,25.0,0.39,0.0,27.1,0.307,0,0,0,1.0,26.97917772575391,89.29138422337768,0.022956201871089765,29.793058555288802,0.2196711233646056,0.0,0.3813324289567541,0.0,0.0007459261726266512,1.0047931449917892e-07,0.43006866274447897,0.0,0.0,1.1677025030114558,lhs_candidate_000001_june2024_preflight,pa1_candidate_000001
2024-06-24T06:00,27.0,89.0,12.0,1.0,11.0,0.72,100620.0,25.0,0.39,0.01,27.1,0.305,1,0,0,1.0,27.03007930051044,90.04758411076931,0.023215912832108138,29.703312150358595,0.21963540014255045,1443.0064,0.3554641346297065,10.2,0.000575351745304533,2.9508568769686973e-07,0.4298481490280892,0.0,0.0,1.1677366037970516,lhs_candidate_000001_june2024_preflight,pa1_candidate_000001
2024-06-24T07:00,27.4,89.0,119.0,31.0,88.0,0.91,100700.0,25.4,0.4,0.08,27.9,0.303,0,0,0,1.0,27.565886891915124,95.79407648201273,0.025438933538771,29.64825197162999,0.2266089998989097,13568.0512,0.15500642314253188,101.14999999999999,0.0007687875083916088,2.2429074675063527e-06,0.4728950611043809,0.0,0.0,1.16658274042933,lhs_candidate_000001_june2024_preflight,pa1_candidate_000001
2024-06-24T08:00,28.1,85.0,193.0,40.0,153.0,0.91,100750.0,25.4,0.56,0.15,28.1,0.301,0,0,0,1.0,28.454597560856616,97.37676318036817,0.02715221621973292,29.652194390091413,0.22608642656922698,22366.907199999998,0.10181156452505125,164.04999999999998,0.0008308022926080949,3.569798697665263e-06,0.4696692998100431,0.0,0.0,1.1637228077470654,lhs_candidate_000001_june2024_preflight,pa1_candidate_000001
2024-06-24T09:00,28.7,84.0,245.0,30.0,215.0,0.85,100780.0,25.6,0.64,0.19,28.9,0.299,0,0,0,1.0,29.320058098371227,97.33458433107845,0.028451955462425838,29.705970123285745,0.22536113584409878,29124.215999999997,0.10875869383691494,208.25,0.0008746520859515922,4.482574127409795e-06,0.465192196568511,0.0,0.0,1.160738562750309,lhs_candidate_000001_june2024_preflight,pa1_candidate_000001
2024-06-24T10:00,29.0,81.0,262.0,37.0,225.0,0.63,100780.0,25.4,0.75,0.21,29.3,0.297,0,0,0,1.0,29.871595133212512,95.89481340629608,0.02888214215340052,29.791434822406455,0.22452959493861468,30972.04,0.172906957963451,222.7,0.0008357393744745536,4.7566711354069355e-06,0.4600592280161401,0.0,0.0,1.1586258740330453,lhs_candidate_000001_june2024_preflight,pa1_candidate_000001
2024-06-24T11:00,30.3,72.0,529.0,126.0,403.0,0.36,100690.0,24.7,1.19,0.4,30.7,0.293,0,1,0,1.0,31.40500246853607,80.94977656000778,0.026477302259410907,29.956606919010692,0.2232325042094618,60730.5072,0.8757811544840344,449.65,0.002198532926466888,9.58283939926334e-06,0.4520524951201346,0.0,0.0,1.1517628127643658,lhs_candidate_000001_june2024_preflight,pa1_candidate_000001
2024-06-24T12:00,31.3,67.0,736.0,433.0,303.0,0.51,100630.0,24.5,1.5,0.56,31.9,0.289,0,1,0,1.0,33.320939604040454,74.48579783566764,0.026971315019480503,30.264215401417662,0.22119676850712522,75428.2672,1.3066872248934862,625.6,0.002487210388612271,1.2985773495707262e-05,0.4394862253526248,0.0,0.0,1.143880408104029,lhs_candidate_000001_june2024_preflight,pa1_candidate_000001
2024-06-24T13:00,31.9,65.0,689.0,411.0,278.0,0.45,100580.0,24.4,1.66,0.53,32.5,0.285,0,1,0,1.0,34.296665314671266,69.57861651871059,0.02651864746095797,30.634609075243734,0.21895845793301524,70412.7072,1.6451141341477502,585.65,0.0025560352249853393,1.1884361537749643e-05,0.4256694934136744,0.0,0.0,1.1396835852024365,lhs_candidate_000001_june2024_preflight,pa1_candidate_000001
2024-06-24T14:00,31.5,67.0,385.0,152.0,233.0,0.42,100480.0,24.5,1.54,0.31,32.3,0.285,0,1,0,1.0,33.56943281986118,67.85609336559901,0.024894246340011156,30.924095230561626,0.21729223569156536,42077.4992,1.6692515410899578,327.25,0.0024750362753875547,6.671167131599003e-06,0.41538417093558866,0.0,0.0,1.1412499795083662,lhs_candidate_000001_june2024_preflight,pa1_candidate_000001
2024-06-24T15:00,30.7,73.0,481.0,224.0,257.0,0.85,100440.0,25.3,1.19,0.37,32.0,0.309,0,1,0,1.0,32.798475486696155,73.56615278339045,0.02591349165528164,31.135991584735333,0.21597271427312856,51369.8768,1.3147048484848094,408.84999999999997,0.002625598138629672,7.97888009219052e-06,0.40723897699462075,0.0,0.0,1.14367034291743,lhs_candidate_000001_june2024_preflight,pa1_candidate_000001
2024-06-24T16:00,30.2,76.0,322.0,144.0,178.0,0.5,100450.0,25.4,1.05,0.24,31.2,0.31,0,1,0,1.0,31.935950884547637,75.95413899880205,0.02555731937179075,31.30882284223193,0.21477898531686324,34598.4672,1.1391950827325785,273.7,0.002416723281800256,5.308195667925844e-06,0.3998702797337237,0.0,0.0,1.1470178616771114,lhs_candidate_000001_june2024_preflight,pa1_candidate_000001
2024-06-24T17:00,28.9,85.0,112.0,34.0,78.0,0.22,100470.0,26.2,0.59,0.09,30.4,0.332,0,1,0,1.0,30.25009145060992,81.96501505351374,0.02519676556035374,31.366477549969606,0.2141293498700254,12600.2272,0.7762819159283527,95.2,0.0022472414227747905,1.9199866094123423e-06,0.3958601843828729,0.0,0.0,1.1536209749003132,lhs_candidate_000001_june2024_preflight,pa1_candidate_000001
2024-06-24T18:00,28.5,89.0,46.0,9.0,37.0,0.2,100470.0,26.5,0.44,0.03,29.6,0.336,1,0,0,1.0,29.09986856218772,90.98377626451321,0.0262789279866165,31.323513124097502,0.2138868408246006,5349.748799999999,0.3632504765611335,39.1,0.0005829137850065152,7.963167432230097e-07,0.39436321496667043,0.0,0.0,1.158011121556808,lhs_candidate_000001_june2024_preflight,pa1_candidate_000001
2024-06-24T19:00,28.7,83.0,0.0,0.0,0.0,0.36,100540.0,25.6,0.66,0.01,29.1,0.333,0,0,0,1.0,28.774137322767753,88.99690589560642,0.025252706968135034,31.240213949165472,0.22100399742778903,0.0,0.4350281875909663,0.0,0.00034322996952001095,1.168208355562993e-07,0.43829628041845087,0.0,0.0,1.160068129512865,lhs_candidate_000001_june2024_preflight,pa1_candidate_000001
2024-06-24T20:00,28.5,84.0,0.0,0.0,0.0,0.28,100620.0,25.5,0.62,0.0,28.6,0.33,0,0,0,1.0,28.618928115497997,86.2184095230272,0.02425783742744457,31.145485671460452,0.2209795602337756,0.0,0.5400048249244169,0.0,0.0003321130393422137,1.4496095958392464e-07,0.4381454335418247,0.0,0.0,1.161588333560129,lhs_candidate_000001_june2024_preflight,pa1_candidate_000001
2024-06-24T21:00,27.8,89.0,0.0,0.0,0.0,0.71,100640.0,25.9,0.4,0.0,28.3,0.327,0,0,0,1.0,28.134018937232618,87.8457376991697,0.024068218080024305,31.04613748348247,0.22095460640777956,0.0,0.46301989227364393,0.0,0.0006947198277528116,1.2425113242655636e-07,0.43799139757888617,0.0,0.0,1.1636891390370234,lhs_candidate_000001_june2024_preflight,pa1_candidate_000001
2024-06-24T22:00,27.2,92.0,0.0,0.0,0.0,0.7,100700.0,25.8,0.29,0.0,28.0,0.325,0,0,0,1.0,27.52637056439684,90.90509012474712,0.024088116209111336,30.934674069828272,0.22093548328387064,0.0,0.3344136842033727,0.0,0.0006858410351991917,8.971554156215619e-08,0.43787335360413976,0.0,0.0,1.1667360583158055,lhs_candidate_000001_june2024_preflight,pa1_candidate_000001
2024-06-24T23:00,26.9,93.0,0.0,0.0,0.0,0.54,100730.0,25.7,0.24,0.0,27.7,0.322,0,0,0,1.0,27.109142360833825,92.66187270661406,0.023994614476608285,30.81293584276581,0.2209212988575348,0.0,0.2633091127353402,0.0,0.000536622157851795,7.062568629302501e-08,0.43778579541688156,0.0,0.0,1.168705379196949,lhs_candidate_000001_june2024_preflight,pa1_candidate_000001
2024-06-25T00:00,26.9,94.0,0.0,0.0,0.0,0.81,100740.0,25.8,0.22,0.0,27.6,0.32,0,0,0,1.0,26.973315183168662,93.67447870782766,0.024075252467138014,30.68789202437026,0.22090956247108756,0.0,0.22517352547147462,0.0,0.000661536607861174,6.038683165232098e-08,0.43771334858696026,0.0,0.0,1.1693503777018057,lhs_candidate_000001_june2024_preflight,pa1_candidate_000001
2024-06-25T01:00,26.8,94.0,0.0,0.0,0.0,0.6,100730.0,25.7,0.22,0.0,27.5,0.319,0,0,0,1.0,26.898287370735808,94.06415331536577,0.024075191272242794,30.56489272262921,0.22089914248701886,0.0,0.21037354641175554,0.0,0.0005204708190728783,5.64094962496331e-08,0.4376490276976473,0.0,0.0,1.1695266715406496,lhs_candidate_000001_june2024_preflight,pa1_candidate_000001
2024-06-25T02:00,26.1,98.0,0.0,0.0,0.0,0.85,100640.0,25.7,0.08,0.0,27.5,0.348,0,0,0,1.0,26.451295302362542,96.2897667873696,0.024041206504510054,30.440013498311096,0.2208905569212993,0.0,0.12808336381587138,0.0,0.0007909125473495313,3.434007376351954e-08,0.4375960303783908,0.0,0.0,1.170225049423936,lhs_candidate_000001_june2024_preflight,pa1_candidate_000001
2024-06-25T03:00,25.9,97.0,0.0,0.0,0.0,0.73,100620.0,25.4,0.1,0.0,27.4,0.353,0,0,0,1.0,26.08068008937029,96.94582875946385,0.023710859157211252,30.30663727685815,0.220885452491578,0.0,0.10315478340378714,0.0,0.0006479929938160762,2.765455014188727e-08,0.4375645215529507,0.0,0.0,1.1714415989203235,lhs_candidate_000001_june2024_preflight,pa1_candidate_000001
2024-06-25T04:00,25.7,97.0,0.0,0.0,0.0,0.92,100570.0,25.2,0.11,0.0,27.3,0.359,0,0,0,1.0,25.86186439544489,96.70750697191494,0.02336561510753575,30.170582797110438,0.22088027132552698,0.0,0.10977463986287761,0.0,0.0007749315808061665,2.9427102569321948e-08,0.4375325390464629,0.0,0.0,1.171716317532543,lhs_candidate_000001_june2024_preflight,pa1_candidate_000001
2024-06-25T05:00,25.7,96.0,0.0,0.0,0.0,1.14,100660.0,25.1,0.12,0.0,27.2,0.361,0,0,0,1.0,25.776685600177377,96.05786352029911,0.02309850687986683,30.034733134203847,0.22087457104407018,0.0,0.13077328473391603,0.0,0.0009114385060549483,3.505335462292726e-08,0.43749735212389007,0.0,0.0,1.1730990633084153,lhs_candidate_000001_june2024_preflight,pa1_candidate_000001
2024-06-25T06:00,25.7,97.0,8.0,1.0,7.0,0.67,100650.0,25.2,0.11,0.01,27.2,0.359,1,0,0,1.0,25.785150215579566,96.93370181560496,0.023320140214903345,29.904283097592256,0.2208563870170366,950.2767999999999,0.10176992034921373,6.8,0.0005640343600025382,1.6394086950174206e-07,0.43738510504343586,0.0,0.0,1.1729493085246279,lhs_candidate_000001_june2024_preflight,pa1_candidate_000001
2024-06-25T07:00,27.4,87.0,106.0,30.0,76.0,0.57,100720.0,25.1,0.47,0.08,28.2,0.356,0,0,0,1.0,27.01532037995036,97.34843875406695,0.025077721046308375,29.813072310611073,0.22786437965554315,12001.8624,0.09462218210595319,90.1,0.0006334005308903954,2.0178275021816115e-06,0.4806443188613775,3.4857864560538056e-07,0.0,1.1689546189067972,lhs_candidate_000001_june2024_preflight,pa1_candidate_000001
2024-06-25T08:00,27.8,83.0,222.0,86.0,136.0,0.41,100740.0,24.7,0.63,0.16,28.0,0.352,0,0,0,1.0,28.27298425711279,100.0,0.02760778897629662,29.80752448067631,0.2273107389134571,24320.806399999998,0.0,188.7,0.0005929630423763131,4.138024888006502e-06,0.47722678341640185,6.794472728080083e-07,0.0,1.1643083981518734,lhs_candidate_000001_june2024_preflight,pa1_candidate_000001
2024-06-25T09:00,28.6,79.0,319.0,143.0,176.0,0.28,100720.0,24.5,0.84,0.24,28.7,0.347,0,0,0,1.0,29.368129915031513,100.0,0.029307535475493317,29.87523075521657,0.22640847570586128,34264.102399999996,0.0,271.15,0.0006717595907823777,5.8766864385639945e-06,0.4716572574435882,5.868821779225301e-08,0.0,1.1598631718116645,lhs_candidate_000001_june2024_preflight,pa1_candidate_000001
2024-06-25T10:00,28.9,76.0,335.0,68.0,267.0,0.5,100700.0,24.3,0.93,0.26,29.8,0.343,0,1,0,1.0,30.040765325928767,87.31955290280749,0.026541094931813954,29.98928312971406,0.2253277189173038,38873.7008,0.539298948085754,284.75,0.0022549447040958,6.237790216922065e-06,0.46498591924261606,0.0,0.0,1.1570601863281937,lhs_candidate_000001_june2024_preflight,pa1_candidate_000001
2024-06-25T11:00,29.6,73.0,543.0,154.0,389.0,1.3,100670.0,24.2,1.14,0.41,30.5,0.338,0,1,0,1.0,31.070983521272968,78.62149670886333,0.025259923424872335,30.165146621401135,0.22386399028918869,61469.9536,0.9643371346343672,461.55,0.002728985555385065,9.93953314947262e-06,0.4559505573406709,0.0,0.0,1.1527983637174757,lhs_candidate_000001_june2024_preflight,pa1_candidate_000001
2024-06-25T12:00,30.2,69.0,588.0,244.0,344.0,2.33,100600.0,24.0,1.31,0.45,31.2,0.332,0,1,0,1.0,32.05093342630787,71.76660394756566,0.02429654872904567,30.41724590653435,0.22201649997447384,63846.745599999995,1.3463031908833178,499.8,0.0034538169069588684,1.0576307939328498e-05,0.4445462961387274,0.0,0.0,1.148297903688271,lhs_candidate_000001_june2024_preflight,pa1_candidate_000001
2024-06-25T13:00,31.1,66.0,871.0,682.0,189.0,2.0,100610.0,24.0,1.54,0.65,32.4,0.326,0,1,0,1.0,33.583982972776,69.88225939594125,0.02565720856898611,30.759255974120773,0.21970382518378626,83297.4736,1.5653031333042153,740.35,0.0033172637032936386,1.5050418638832733e-05,0.4302705258258411,0.0,0.0,1.1426723110253763,lhs_candidate_000001_june2024_preflight,pa1_candidate_000001
2024-06-25T14:00,29.9,72.0,352.0,107.0,245.0,1.43,100560.0,24.2,1.2,0.28,31.7,0.322,0,1,0,1.0,32.39163869049693,69.49943494245048,0.023958886368098706,31.055646290987138,0.21780434966064458,39595.688,1.4826387556708425,299.2,0.0029823913278868366,6.134607027032924e-06,0.4185453682755838,0.0,0.0,1.146561381987113,lhs_candidate_000001_june2024_preflight,pa1_candidate_000001
2024-06-25T15:00,29.9,71.0,299.0,206.0,93.0,0.85,100580.0,24.1,1.22,0.24,31.3,0.318,0,1,0,1.0,31.263066742687254,72.51314739788171,0.023538385386721254,31.17987588432641,0.21679272494753307,29583.9632,1.253487254792288,254.15,0.002461706185224985,5.131690813901382e-06,0.41230077128106835,0.0,0.0,1.1510409902362557,lhs_candidate_000001_june2024_preflight,pa1_candidate_000001
2024-06-25T16:00,30.0,71.0,370.0,253.0,117.0,0.22,100550.0,24.1,1.23,0.27,31.3,0.314,0,1,0,1.0,31.339774125033085,74.25379279011638,0.024202568331000256,31.29311878470494,0.21577605286853938,36676.3408,1.1792353532118538,314.5,0.0022426169450934516,6.161077654221968e-06,0.4060250177070332,0.0,0.0,1.1504077842409148,lhs_candidate_000001_june2024_preflight,pa1_candidate_000001
2024-06-25T17:00,29.6,74.0,195.0,106.0,89.0,0.4,100560.0,24.4,1.09,0.14,30.8,0.311,0,1,0,1.0,30.803089096522665,74.32534659495126,0.02353875662322952,31.378662123146853,0.214922527338828,20291.2336,1.1405896645530214,165.75,0.0022412034296038275,3.332377925490819e-06,0.4007563415977037,0.0,0.0,1.1525536540947467,lhs_candidate_000001_june2024_preflight,pa1_candidate_000001
2024-06-25T18:00,29.2,77.0,76.0,49.0,27.0,0.14,100560.0,24.8,0.92,0.05,30.2,0.309,1,0,0,1.0,29.915939720554736,77.83690307412095,0.023499671401805384,31.37885770971818,0.21449532674575378,7637.924799999999,0.935869994040857,64.6,0.0006224286525139701,1.410072882502605e-06,0.3981193008997147,0.0,0.0,1.1559274652724152,lhs_candidate_000001_june2024_preflight,pa1_candidate_000001
2024-06-25T19:00,29.1,75.0,1.0,0.0,1.0,0.82,100600.0,24.3,0.99,0.0,29.6,0.308,0,0,0,1.0,29.333870773949887,78.4091784163018,0.022937064083462487,31.31893022656969,0.22154056537997005,123.18239999999999,0.8816861537351057,0.85,0.0007291140900487277,2.558024410597647e-07,0.4416084282714201,0.0,0.0,1.1586124944792093,lhs_candidate_000001_june2024_preflight,pa1_candidate_000001
2024-06-25T20:00,29.0,77.0,0.0,0.0,0.0,1.22,100680.0,24.5,0.92,0.01,29.1,0.306,0,0,0,1.0,29.08403368474052,77.32554932610395,0.02231476465486556,31.234466822165313,0.22149419697294442,0.0,0.9126854856046331,0.0,0.0009741138382522787,2.467811860782343e-07,0.441322203536694,0.0,0.0,1.1604923670313327,lhs_candidate_000001_june2024_preflight,pa1_candidate_000001
2024-06-25T21:00,28.0,87.0,0.0,0.0,0.0,0.92,100700.0,25.5,0.51,0.0,28.6,0.305,0,0,0,1.0,28.44283073808439,84.14677498092405,0.023448108943978623,31.142961233722975,0.22145597221075447,0.0,0.6148662996619616,0.0,0.0008647928407976992,1.6616491645303398e-07,0.4410862482145338,0.0,0.0,1.1631906586190193,lhs_candidate_000001_june2024_preflight,pa1_candidate_000001
2024-06-25T22:00,27.7,89.0,0.0,0.0,0.0,1.12,100760.0,25.8,0.39,0.0,28.2,0.304,0,0,0,1.0,27.908948826714,88.30275353840172,0.02389635073967507,31.03643540007926,0.22143131374482175,0.0,0.4398091137066542,0.0,0.0009342325800076848,1.1881546522816594e-07,0.44093403546186266,0.0,0.0,1.1659476909997901,lhs_candidate_000001_june2024_preflight,pa1_candidate_000001
2024-06-25T23:00,27.3,92.0,0.0,0.0,0.0,1.04,100790.0,26.0,0.28,0.0,27.9,0.302,0,0,0,1.0,27.52856062283825,90.9728261219034,0.02410897448565229,30.92250818015703,0.22141250030185852,0.0,0.33196555745048384,0.0,0.0008821927693317312,8.965765508616374e-08,0.44081790309789215,0.0,0.0,1.1677703156525736,lhs_candidate_000001_june2024_preflight,pa1_candidate_000001
2024-06-26T00:00,27.1,93.0,0.0,0.0,0.0,0.92,100800.0,26.0,0.24,0.0,27.8,0.302,0,0,0,1.0,27.253379339778505,92.57760592215644,0.02416462355907509,30.80330239157901,0.22139814335434976,0.0,0.26859295439964725,0.0,0.0007717710741220459,7.252732259728239e-08,0.440729279965122,0.0,0.0,1.1689560069419012,lhs_candidate_000001_june2024_preflight,pa1_candidate_000001
2024-06-26T01:00,27.1,94.0,0.0,0.0,0.0,0.91,100750.0,26.0,0.22,0.0,27.8,0.301,0,0,0,1.0,27.163626258493046,93.67041632304932,0.024328935770239375,30.683182716098397,0.22138611147688506,0.0,0.22784659901099147,0.0,0.0007328201438601595,6.151434257634737e-08,0.44065500911657446,0.0,0.0,1.1687253538100744,lhs_candidate_000001_june2024_preflight,pa1_candidate_000001
2024-06-26T02:00,27.1,92.0,0.0,0.0,0.0,0.85,100710.0,25.6,0.29,0.0,27.5,0.299,0,0,0,1.0,27.151827938549133,92.78397378500362,0.024082992091494195,30.566037739333325,0.22137461080818693,0.0,0.2595764315217557,0.0,0.0006830770420627641,7.0069516633428e-08,0.44058401733448727,0.0,0.0,1.168307242635858,lhs_candidate_000001_june2024_preflight,pa1_candidate_000001
2024-06-26T03:00,27.1,90.0,0.0,0.0,0.0,0.95,100650.0,25.3,0.36,0.0,27.3,0.298,0,0,0,1.0,27.14786961396228,90.91122224884731,0.023591739070728736,30.452580224079888,0.2213604083361133,0.0,0.32686761923728325,0.0,0.0007575682524466037,8.82164012587053e-08,0.4404963477537859,0.0,0.0,1.1676265908573304,lhs_candidate_000001_june2024_preflight,pa1_candidate_000001
2024-06-26T04:00,27.0,90.0,0.0,0.0,0.0,1.12,100670.0,25.1,0.37,0.0,27.0,0.297,0,0,0,1.0,27.086565546889588,90.17142277055193,0.023320586907127794,30.342173684677746,0.2213436753041355,0.0,0.35220579489586035,0.0,0.000899054436255157,9.503248513004036e-08,0.4403930574329353,0.0,0.0,1.168097068300207,lhs_candidate_000001_june2024_preflight,pa1_candidate_000001
2024-06-26T05:00,27.8,85.0,0.0,0.0,0.0,0.91,100650.0,25.0,0.58,0.0,26.9,0.296,0,0,0,1.0,27.515433437064036,87.23578956217858,0.02310189254921319,30.23852787797263,0.2213243711739929,0.0,0.46903151626103057,0.0,0.0008085742561604875,1.2652026355494592e-07,0.4402738961357586,0.0,0.0,1.1661991660656454,lhs_candidate_000001_june2024_preflight,pa1_candidate_000001
2024-06-26T06:00,27.9,85.0,16.0,5.0,11.0,1.0,100750.0,25.0,0.58,0.02,27.0,0.295,1,0,0,1.0,27.889586232717015,86.44202426740075,0.023367927783333686,30.154722762425898,0.2212751983149212,1795.0064,0.5091965345710903,13.6,0.0007831562096095913,4.1221315770410733e-07,0.4399703599686494,0.0,0.0,1.165906960925788,lhs_candidate_000001_june2024_preflight,pa1_candidate_000001
2024-06-26T07:00,28.1,84.0,98.0,44.0,54.0,0.98,100790.0,25.2,0.6,0.08,28.4,0.294,0,0,0,1.0,28.2877210049774,89.79880497201421,0.02481148827754478,30.102780683277963,0.2282625779616011,10523.849599999998,0.3921052091006918,83.3,0.0008262895811166829,1.9652441722296785e-06,0.48310233309630307,0.0,0.0,1.164829326860176,lhs_candidate_000001_june2024_preflight,pa1_candidate_000001
2024-06-26T08:00,28.9,78.0,275.0,180.0,95.0,0.58,100870.0,24.6,0.89,0.2,29.2,0.292,0,0,0,1.0,29.376050550866335,96.69597558373368,0.028351403478076843,30.12480707182814,0.22761721904872334,27542.327999999998,0.1352520618153381,233.75,0.0006742443509829,5.185955160960697e-06,0.4791186361032305,0.0,0.0,1.1615601172187586,lhs_candidate_000001_june2024_preflight,pa1_candidate_000001
2024-06-26T09:00,29.5,73.0,424.0,233.0,191.0,0.76,100870.0,24.2,1.1,0.32,30.1,0.29,0,1,0,1.0,30.60641869644038,79.84718444460401,0.025021533358190066,30.24675380087186,0.22642747551760703,44031.83839999999,0.885293372395267,360.4,0.002353302864712481,8.068853337881724e-06,0.47177454023214216,0.0,0.0,1.1568552073652376,lhs_candidate_000001_june2024_preflight,pa1_candidate_000001
2024-06-26T10:00,29.9,74.0,513.0,315.0,198.0,1.41,100860.0,24.7,1.1,0.39,30.8,0.288,0,1,0,1.0,31.498996703371052,77.99026196785549,0.02563779217505997,30.442170630650306,0.22484004934532806,52110.11519999999,1.0172473675006128,436.05,0.0028181438330891324,9.544530874603562e-06,0.4619756132427658,0.0,0.0,1.1533514352759298,lhs_candidate_000001_june2024_preflight,pa1_candidate_000001
2024-06-26T11:00,30.1,75.0,634.0,380.0,254.0,1.61,100800.0,25.1,1.08,0.47,31.4,0.285,0,1,0,1.0,32.20296946465035,77.86197024211191,0.02657412496743176,30.69522891432284,0.2229485472629337,64728.3296,1.064746948126606,538.9,0.0030230040881191154,1.1444558166735175e-05,0.4502996744625537,0.0,0.0,1.1500079249287705,lhs_candidate_000001_june2024_preflight,pa1_candidate_000001
2024-06-26T12:00,30.7,74.0,806.0,526.0,280.0,1.26,100780.0,25.5,1.15,0.6,32.2,0.281,0,1,0,1.0,33.25120820537535,77.64660427476535,0.028012692551955543,31.02267217613654,0.22065186165879908,80779.072,1.1403497527612227,685.1,0.0029016851087214613,1.4034340279298758e-05,0.4361226028320931,0.0,0.0,1.1458462013530226,lhs_candidate_000001_june2024_preflight,pa1_candidate_000001
2024-06-26T13:00,30.3,76.0,674.0,349.0,325.0,1.5,100760.0,25.6,1.04,0.5,32.3,0.278,0,1,0,1.0,33.18350353558701,75.68457850719834,0.0272075292034632,31.36508021220032,0.21836211860579008,70746.28,1.2357474213009372,572.9,0.0030811966646767793,1.1428514940577274e-05,0.42198838645549436,0.0,0.0,1.1458720061240477,lhs_candidate_000001_june2024_preflight,pa1_candidate_000001
2024-06-26T14:00,30.3,72.0,576.0,276.0,300.0,1.55,100650.0,24.6,1.22,0.44,32.3,0.275,0,1,0,1.0,32.703982485417356,72.76484767095047,0.02550336869195774,31.636822165557426,0.21647481655417325,61242.72,1.347384598115319,489.59999999999997,0.0030350156832483046,9.570404590374255e-06,0.4103383737911929,0.0,0.0,1.1464156029283932,lhs_candidate_000001_june2024_preflight,pa1_candidate_000001
2024-06-26T15:00,30.0,71.0,400.0,188.0,212.0,1.22,100690.0,24.1,1.24,0.31,31.9,0.278,0,1,0,1.0,31.97006175678431,71.3371653750751,0.024047424735418852,31.82823135852397,0.21502130895823615,42658.66879999999,1.3605494548755162,340.0,0.002778513175770846,6.605272073818886e-06,0.40136610468047007,0.0,0.0,1.1496298351048035,lhs_candidate_000001_june2024_preflight,pa1_candidate_000001
2024-06-26T16:00,28.8,82.0,297.0,146.0,151.0,1.2,100680.0,25.5,0.7,0.22,31.1,0.295,0,1,0,1.0,30.658121765166335,79.39257771920359,0.024948369108294875,31.92867585008364,0.21399494215966713,31448.542399999995,0.9079397155796478,252.45,0.0027481164942426885,4.802246131956155e-06,0.3950305071584391,0.0,0.0,1.1544796337582532,lhs_candidate_000001_june2024_preflight,pa1_candidate_000001
2024-06-26T17:00,28.0,83.0,198.0,87.0,111.0,0.54,100750.0,24.9,0.63,0.14,30.2,0.327,0,0,0,1.0,29.411159811675297,88.10948977521596,0.025883142886709096,31.948106040015652,0.21328043365131397,21329.2464,0.48773025407742665,168.29999999999998,0.000958446638833776,3.1376166184249096e-06,0.39061996081058004,0.0,0.0,1.1600436398426308,lhs_candidate_000001_june2024_preflight,pa1_candidate_000001
2024-06-26T18:00,27.1,90.0,57.0,23.0,34.0,0.32,100800.0,25.3,0.37,0.04,29.3,0.332,1,0,0,1.0,28.06982795448355,91.59252192515311,0.025006553520444036,31.88431914324766,0.21291436319567933,6212.201599999999,0.3190912004522217,48.449999999999996,0.0007576448591198652,9.405443596959124e-07,0.3883602666399959,0.0,0.0,1.1657875816791954,lhs_candidate_000001_june2024_preflight,pa1_candidate_000001
2024-06-26T19:00,26.4,98.0,1.0,0.0,1.0,0.45,100830.0,26.0,0.08,0.0,28.8,0.334,0,0,0,1.0,26.936381516181253,96.02835128139574,0.024629814242719945,31.747707873599673,0.22002109727275138,123.18239999999999,0.1410751385394784,0.85,0.0006381278061067987,5.424157356962625e-08,0.432228995510811,0.0,0.0,1.1705391108363312,lhs_candidate_000001_june2024_preflight,pa1_candidate_000001
2024-06-26T20:00,26.6,91.0,0.0,0.0,0.0,0.3,100900.0,24.9,0.32,0.0,28.3,0.331,0,0,0,1.0,26.64995980599247,94.53928343497985,0.023865995233746426,31.58404460548384,0.2200126202219981,0.0,0.19073050309384554,0.0,0.0002849457251860777,5.050293248421477e-08,0.43217666803702537,0.0,0.0,1.1724708248000526,lhs_candidate_000001_june2024_preflight,pa1_candidate_000001
2024-06-26T21:00,26.7,89.0,0.0,0.0,0.0,0.67,100910.0,24.7,0.38,0.0,27.9,0.329,0,0,0,1.0,26.727332523626487,90.91425590821655,0.023049588957496946,31.42486545727702,0.2200004440293719,0.0,0.31879172609920703,0.0,0.0005360458969589874,8.439718216825583e-08,0.4321015063541476,0.0,0.0,1.1722844815469506,lhs_candidate_000001_june2024_preflight,pa1_candidate_000001
2024-06-26T22:00,26.9,88.0,0.0,0.0,0.0,0.95,100960.0,24.6,0.44,0.0,27.6,0.327,0,0,0,1.0,26.877741568414738,88.82403439243902,0.022708157731343562,31.27381234972977,0.21998317464198264,0.0,0.3956121144442113,0.0,0.0007485743868081841,1.047088361166792e-07,0.43199490519742373,0.0,0.0,1.172277360514937,lhs_candidate_000001_june2024_preflight,pa1_candidate_000001
2024-06-26T23:00,26.9,88.0,0.0,0.0,0.0,0.73,100980.0,24.7,0.43,0.0,27.4,0.325,0,0,0,1.0,26.950259105371927,88.42046057211115,0.022695935574333793,31.131182199194818,0.21996376087399336,0.0,0.411646738475306,0.0,0.0005920609711262292,1.0892258414045356e-07,0.43187506712341583,0.0,0.0,1.1722262562803518,lhs_candidate_000001_june2024_preflight,pa1_candidate_000001
2024-06-27T00:00,26.2,91.0,0.0,0.0,0.0,1.0,100960.0,24.6,0.3,0.0,27.1,0.323,0,0,0,1.0,26.547953398585904,89.89994011640214,0.022566672489318998,30.98982448364661,0.21994526759485628,0.0,0.35066107098372123,0.0,0.0008901596770811458,9.276112382638149e-08,0.43176091107935977,0.0,0.0,1.173567336642141,lhs_candidate_000001_june2024_preflight,pa1_candidate_000001
2024-06-27T01:00,27.2,86.0,0.0,0.0,0.0,0.81,100960.0,24.6,0.5,0.0,27.0,0.323,0,0,0,1.0,26.881728346623785,88.10837790333755,0.022530172313444733,30.848117165532663,0.21992784437242824,0.0,0.42104381868459484,0.0,0.0007532723693518739,1.113518783207087e-07,0.4316533603236311,0.0,0.0,1.1722617834629314,lhs_candidate_000001_june2024_preflight,pa1_candidate_000001
2024-06-27T02:00,27.1,87.0,0.0,0.0,0.0,0.67,100920.0,24.8,0.46,0.0,26.9,0.322,0,0,0,1.0,27.14760843423549,87.33285052965017,0.02266281355137309,30.723457779954497,0.21990633549790572,0.0,0.455552741113995,0.0,0.0005459464198045115,1.2044126597551066e-07,0.43152058949324523,0.0,0.0,1.1707598413942208,lhs_candidate_000001_june2024_preflight,pa1_candidate_000001
2024-06-27T03:00,27.0,88.0,0.0,0.0,0.0,0.5,100880.0,24.7,0.44,0.0,26.8,0.321,0,0,0,1.0,27.08981438650988,88.18994791007161,0.022812225817150252,30.60418063188439,0.2198853631201359,0.0,0.4232923086910412,0.0,0.0004466642794361821,1.1187852037811105e-07,0.4313911303712093,0.0,0.0,1.170521080270726,lhs_candidate_000001_june2024_preflight,pa1_candidate_000001
2024-06-27T04:00,27.0,87.0,0.0,0.0,0.0,0.54,100880.0,24.7,0.45,0.0,26.6,0.319,0,0,0,1.0,27.052819356371945,88.1268501604611,0.02274931148596377,30.48724630990334,0.21986542573452672,0.0,0.4246317171831868,0.0,0.0004530034866421708,1.1220051503752119e-07,0.4312680600896711,0.0,0.0,1.170665327625679,lhs_candidate_000001_june2024_preflight,pa1_candidate_000001
2024-06-27T05:00,24.7,96.0,0.0,0.0,0.0,1.0,100920.0,24.1,0.11,0.0,26.4,0.318,0,0,0,1.0,25.70099326733989,91.9691805195613,0.02202197129170468,30.360027358479304,0.21984797500177325,0.0,0.265216261012164,0.0,0.0010678255903540969,7.006063650515058e-08,0.43116033951711885,0.0,0.0,1.176427009921374,lhs_candidate_000001_june2024_preflight,pa1_candidate_000001
2024-06-27T06:00,25.0,97.0,18.0,9.0,9.0,0.81,100930.0,24.5,0.09,0.0,26.6,0.316,1,0,0,1.0,25.1064221513592,96.97686057996808,0.02246017922972891,30.206777237010712,0.2198127459205133,1900.6415999999997,0.09637508683417018,15.299999999999999,0.0006749207699831901,3.284215152946003e-07,0.4309428760525513,1.6005303141066187e-07,0.0,1.1788890077259797,lhs_candidate_000001_june2024_preflight,pa1_candidate_000001
2024-06-27T07:00,27.3,89.0,160.0,107.0,53.0,0.5,100990.0,25.3,0.4,0.1,28.5,0.315,0,0,0,1.0,26.823892578796578,100.0,0.02548917623932449,30.10627737164022,0.2267198395149283,15944.667199999998,0.0,136.0,0.0006358040007704821,2.959565582294315e-06,0.47357925626498953,2.373987120107515e-06,0.0,1.172836200349754,lhs_candidate_000001_june2024_preflight,pa1_candidate_000001
2024-06-27T08:00,28.4,85.0,390.0,303.0,87.0,0.2,101030.0,25.6,0.59,0.27,28.6,0.313,0,0,0,1.0,29.043907153411386,100.0,0.028795217604268588,30.144180722293697,0.22580966596511523,37380.8688,0.0,331.5,0.0006025042691841736,7.128357789321512e-06,0.4679609010192298,1.1841048127199032e-06,0.0,1.164681287710792,lhs_candidate_000001_june2024_preflight,pa1_candidate_000001
2024-06-27T09:00,29.4,75.0,546.0,417.0,129.0,0.7,101070.0,24.5,1.02,0.4,29.4,0.31,0,1,0,1.0,30.79964278730509,83.2387375234071,0.026356737344872046,30.31345474962933,0.22427313585440942,52586.5296,0.7444683408786363,464.09999999999997,0.002403692934878663,9.986550940968349e-06,0.45847614724944086,0.0,0.0,1.1584120785222591,lhs_candidate_000001_june2024_preflight,pa1_candidate_000001
2024-06-27T10:00,29.9,72.0,731.0,578.0,153.0,1.1,101060.0,24.4,1.17,0.53,31.0,0.306,0,1,0,1.0,32.153751319219545,77.55493872480174,0.026400172211271777,30.588540564822573,0.22219777956214076,69710.9072,1.0765196018274414,621.35,0.002770525130151944,1.3018468073969724e-05,0.44566530593914055,0.0,0.0,1.1531600866667424,lhs_candidate_000001_june2024_preflight,pa1_candidate_000001
2024-06-27T11:00,30.6,69.0,846.0,644.0,202.0,1.24,100970.0,24.3,1.36,0.63,31.9,0.302,0,1,0,1.0,33.33990291075398,73.35609983495455,0.026588805852438082,30.949690018619133,0.2197110561751473,81554.84479999999,1.3659923733916814,719.1,0.0029236986994739967,1.4579246015512409e-05,0.43031516157498334,0.0,0.0,1.147674239062589,lhs_candidate_000001_june2024_preflight,pa1_candidate_000001
2024-06-27T12:00,30.9,68.0,776.0,575.0,201.0,1.58,100900.0,24.2,1.44,0.58,32.3,0.298,0,1,0,1.0,33.81563612698084,69.5770500013844,0.025857982749847918,31.331793745851673,0.2172313422262367,75359.6624,1.6017377806139539,659.6,0.0031287840435776267,1.2985914165229554e-05,0.41500828534714007,0.0,0.0,1.1451011604548096,lhs_candidate_000001_june2024_preflight,pa1_candidate_000001
2024-06-27T13:00,31.0,67.0,777.0,530.0,247.0,2.01,100830.0,24.2,1.46,0.58,32.6,0.294,0,1,0,1.0,33.942889145670804,67.39152008222901,0.025213534618536718,31.693019376384125,0.21492975883615828,77066.0528,1.7290219230048982,660.4499999999999,0.00338364113635205,1.258826817906275e-05,0.40080098047011287,0.0,0.0,1.1438325620995407,lhs_candidate_000001_june2024_preflight,pa1_candidate_000001
2024-06-27T14:00,30.3,70.0,678.0,518.0,160.0,2.19,100770.0,24.3,1.28,0.5,32.5,0.291,0,1,0,1.0,33.33634550722646,68.03100765530768,0.02465404029911101,32.01757421629119,0.21283869633802552,65293.184,1.6386755792924586,576.3,0.0035078620122991344,1.0661490572109196e-05,0.3878931872717625,0.0,0.0,1.14541423630059,lhs_candidate_000001_june2024_preflight,pa1_candidate_000001
2024-06-27T15:00,30.1,73.0,509.0,386.0,123.0,1.92,100720.0,24.7,1.17,0.38,32.2,0.289,0,1,0,1.0,32.47193956292141,71.2439884710672,0.024665155450940765,32.25395631324483,0.21117748133929357,49119.43519999999,1.4041726644299226,432.65,0.003252868632491244,7.832634712728379e-06,0.377638773699343,0.0,0.0,1.1480839307400001,lhs_candidate_000001_june2024_preflight,pa1_candidate_000001
2024-06-27T16:00,29.9,75.0,421.0,304.0,117.0,1.35,100740.0,24.9,1.07,0.31,31.8,0.287,0,1,0,1.0,31.84034715050245,74.20795679330418,0.024842896579211644,32.40922429625271,0.20990209274316948,41164.3408,1.2153330395035775,357.84999999999997,0.002844596478432369,6.355623819776922e-06,0.36976600458746595,0.0,0.0,1.1506898996818895,lhs_candidate_000001_june2024_preflight,pa1_candidate_000001
2024-06-27T17:00,29.4,74.0,249.0,180.0,69.0,1.65,100690.0,24.3,1.05,0.19,31.1,0.289,0,1,0,1.0,30.906988579398906,72.77879817585017,0.023177932858220146,32.48639718585018,0.20898861607509198,24339.5856,1.2164767464392425,211.65,0.002951799934394345,3.8127308008352726e-06,0.36412725972279,0.0,0.0,1.1536492810887027,lhs_candidate_000001_june2024_preflight,pa1_candidate_000001
2024-06-27T18:00,28.6,80.0,58.0,28.0,30.0,1.34,100820.0,24.8,0.77,0.05,30.1,0.291,1,0,0,1.0,29.55253899152583,78.82481938605551,0.02333403751147994,32.454865779687545,0.20855419655724855,6159.472,0.8756726787742428,49.3,0.0012615967073979376,1.0127348082483038e-06,0.3614456577607935,0.0,0.0,1.1603074431677898,lhs_candidate_000001_june2024_preflight,pa1_candidate_000001
2024-06-27T19:00,28.1,82.0,1.0,0.0,1.0,1.0,100890.0,24.8,0.67,0.0,29.3,0.292,0,0,0,1.0,28.526832721420607,81.6832308702277,0.022866449519954406,32.33975311958892,0.2156412633669674,123.18239999999999,0.7138851797381123,0.85,0.0009125435153893224,1.9305139374512818e-07,0.40519298374671237,0.0,0.0,1.165060856154404,lhs_candidate_000001_june2024_preflight,pa1_candidate_000001
2024-06-27T20:00,28.0,82.0,0.0,0.0,0.0,0.85,100950.0,24.5,0.7,0.0,28.9,0.294,0,0,0,1.0,28.138360977484513,82.39747406784419,0.022580864690270396,32.19796618269565,0.21560909574216167,0.0,0.6707423420209433,0.0,0.0007156521369945041,1.6643317024528767e-07,0.4049944181614918,0.0,0.0,1.1672568123432183,lhs_candidate_000001_june2024_preflight,pa1_candidate_000001
2024-06-27T21:00,27.8,83.0,0.0,0.0,0.0,0.73,100970.0,24.6,0.63,0.0,28.5,0.293,0,0,0,1.0,27.946523281616923,83.20759296063518,0.022564035033659172,32.05430873255117,0.21557991567437584,0.0,0.6327675589528692,0.0,0.0006334572106828309,1.5694054990723135e-07,0.40481429428627064,0.0,0.0,1.1682319087240751,lhs_candidate_000001_june2024_preflight,pa1_candidate_000001
2024-06-27T22:00,27.2,88.0,0.0,0.0,0.0,0.41,100980.0,25.0,0.44,0.0,28.2,0.292,0,0,0,1.0,27.517518692994027,86.48936857236721,0.022906856792893473,31.907867567360135,0.21555427951473646,0.0,0.4965198775962403,0.0,0.0005196548581308613,1.230999279952167e-07,0.40465604638726216,0.0,0.0,1.170014655287907,lhs_candidate_000001_june2024_preflight,pa1_candidate_000001
2024-06-27T23:00,27.2,87.0,0.0,0.0,0.0,0.32,101000.0,24.9,0.46,0.0,27.9,0.291,0,0,0,1.0,27.294499401921964,87.94381663877714,0.02300729062610394,31.755992506616305,0.21553401306962552,0.0,0.43732668301041855,0.0,0.0003350206441240361,1.0839090695923351e-07,0.40453094487423163,0.0,0.0,1.1711150585650485,lhs_candidate_000001_june2024_preflight,pa1_candidate_000001
2024-06-28T00:00,26.9,89.0,0.0,0.0,0.0,0.5,100960.0,24.8,0.4,0.0,27.5,0.29,0,0,0,1.0,27.092568770762888,88.7958203938752,0.022972446352688785,31.604920378861273,0.21551511727276768,0.0,0.4016416628420356,0.0,0.0005038939152757127,9.95177136541117e-08,0.4044143041528869,0.0,0.0,1.1714385818341972,lhs_candidate_000001_june2024_preflight,pa1_candidate_000001
2024-06-28T01:00,26.4,91.0,0.0,0.0,0.0,0.45,100940.0,24.8,0.3,0.0,27.3,0.29,0,0,0,1.0,26.69025925456067,90.44579636754015,0.022883719100195658,31.450830668323494,0.21549864730852253,0.0,0.3344986462643522,0.0,0.0005262724518100101,8.286035814739819e-08,0.4043126377069292,0.0,0.0,1.1727779837455417,lhs_candidate_000001_june2024_preflight,pa1_candidate_000001
2024-06-28T02:00,26.3,90.0,0.0,0.0,0.0,0.45,100910.0,24.6,0.34,0.0,27.2,0.291,0,0,0,1.0,26.43963502797676,90.74275373907535,0.02264157531696876,31.292163935295644,0.21548436897283282,0.0,0.31935593519597827,0.0,0.0004440424441228653,7.909203492170614e-08,0.4042244998323014,0.0,0.0,1.173410232474544,lhs_candidate_000001_june2024_preflight,pa1_candidate_000001
2024-06-28T03:00,26.1,89.0,0.0,0.0,0.0,0.3,100890.0,24.1,0.39,0.0,27.0,0.299,0,0,0,1.0,26.26345299361747,90.1833977652538,0.022282592942467302,31.133868115391753,0.21546978760600682,0.0,0.33515317805203493,0.0,0.0003761390053791695,8.29859145628427e-08,0.4041344913951039,0.0,0.0,1.1738679925643136,lhs_candidate_000001_june2024_preflight,pa1_candidate_000001
2024-06-28T04:00,26.2,89.0,0.0,0.0,0.0,0.64,100940.0,24.2,0.38,0.0,27.0,0.298,0,0,0,1.0,26.240449904116762,89.58965904190595,0.022107567471704708,30.977551491754504,0.21545442379011928,0.0,0.35494223311798745,0.0,0.0005200435172258565,8.786517777008112e-08,0.40403965302542766,0.0,0.0,1.1745399855169822,lhs_candidate_000001_june2024_preflight,pa1_candidate_000001
2024-06-28T05:00,26.3,89.0,0.0,0.0,0.0,0.41,100970.0,24.3,0.38,0.0,26.9,0.297,0,0,0,1.0,26.322518443240238,89.49518634324725,0.02218534306721545,30.82762379689769,0.2154384287629422,0.0,0.35990137460126137,0.0,0.00033783056921938637,8.907103094522866e-08,0.4039409182897667,0.0,0.0,1.1745670952780076,lhs_candidate_000001_june2024_preflight,pa1_candidate_000001
2024-06-28T06:00,26.2,91.0,16.0,7.0,9.0,0.5,101030.0,24.6,0.31,0.01,26.9,0.296,1,0,0,1.0,26.341367869764007,91.44648455866692,0.022692840022772165,30.687583785945883,0.21540081647148387,1724.6416,0.29337458973444974,13.6,0.00047643453804657997,3.2485674647624037e-07,0.40370874365113507,0.0,0.0,1.1751910962416883,lhs_candidate_000001_june2024_preflight,pa1_candidate_000001
2024-06-28T07:00,27.7,87.0,146.0,91.0,55.0,0.71,101070.0,25.2,0.5,0.1,28.7,0.296,0,0,0,1.0,27.5198319953468,97.00235586379003,0.025694514997477717,30.594566379374957,0.22234156454782103,14783.032000000001,0.11017924126240208,124.1,0.0006337658429941315,2.5766290709003133e-06,0.4465528675791422,0.0,0.0,1.17104843918225,lhs_candidate_000001_june2024_preflight,pa1_candidate_000001
2024-06-28T08:00,28.1,85.0,274.0,163.0,111.0,1.03,101100.0,25.2,0.59,0.2,28.6,0.298,0,0,0,1.0,28.787018747626306,97.90405834276935,0.02779963049713398,30.59565766843877,0.22168229112752438,28017.2464,0.08292883917148464,232.9,0.0010032619043880652,4.757948329520932e-06,0.44248327856496533,0.0,0.0,1.1664798517829018,lhs_candidate_000001_june2024_preflight,pa1_candidate_000001
2024-06-28T09:00,28.7,84.0,479.0,326.0,153.0,1.44,101100.0,25.8,0.62,0.34,29.3,0.297,0,1,0,1.0,30.03483965062013,95.011222337018,0.028869758952731778,30.696811472614385,0.22051511154068784,47534.9072,0.2121004490042866,407.15,0.002788986869956726,8.20019405812049e-06,0.43527846630054223,0.0,0.0,1.1616789588897967,lhs_candidate_000001_june2024_preflight,pa1_candidate_000001
2024-06-28T10:00,29.4,81.0,589.0,464.0,125.0,1.61,101040.0,25.9,0.76,0.43,30.2,0.296,0,1,0,1.0,31.19539571380078,83.78411579202145,0.027098662752003476,30.892569311980946,0.2188716354162417,56229.8,0.7366568730624103,500.65,0.0029742324425844338,9.972264140019548e-06,0.4251335519521092,0.0,0.0,1.1565623499334463,lhs_candidate_000001_june2024_preflight,pa1_candidate_000001
2024-06-28T11:00,30.0,78.0,703.0,495.0,208.0,2.06,100970.0,25.8,0.92,0.51,31.0,0.293,0,1,0,1.0,32.26291977215489,79.2800427281479,0.02714444289555434,31.157725004149604,0.2169281449171825,69181.9392,0.999919465651196,597.55,0.003327241691781017,1.1597053876316675e-05,0.41313669701964517,0.0,0.0,1.1517213036235678,lhs_candidate_000001_june2024_preflight,pa1_candidate_000001
2024-06-28T12:00,30.1,75.0,532.0,226.0,306.0,2.46,100890.0,25.2,1.05,0.4,31.2,0.29,0,1,0,1.0,32.31674070921598,74.01482541379397,0.025414247784776113,31.419402635134954,0.21510730109118706,57581.814399999996,1.2578238241166657,452.2,0.0035870575162896866,8.660780665340974e-06,0.4018969203159695,0.0,0.0,1.1506060142467196,lhs_candidate_000001_june2024_preflight,pa1_candidate_000001
2024-06-28T13:00,30.0,74.0,492.0,189.0,303.0,2.61,100840.0,24.9,1.1,0.38,31.3,0.288,0,1,0,1.0,32.01056553856514,72.92616434213325,0.024636133367621063,31.62223003603479,0.2136213419522652,53956.267199999995,1.2880688555114297,418.2,0.003666600060097923,7.85682247120022e-06,0.3927243330386741,0.0,0.0,1.1511896457212276,lhs_candidate_000001_june2024_preflight,pa1_candidate_000001
2024-06-28T14:00,31.1,66.0,751.0,628.0,123.0,2.82,100710.0,24.0,1.52,0.56,32.1,0.284,0,1,0,1.0,33.20609118073993,67.53233050668454,0.024305853282253077,31.872048869865754,0.21186834299012486,70415.43519999999,1.6521462015212225,638.35,0.0038233422530690765,1.1588917211183159e-05,0.3819033517908942,0.0,0.0,1.14521894833293,lhs_candidate_000001_june2024_preflight,pa1_candidate_000001
2024-06-28T15:00,30.6,68.0,573.0,421.0,152.0,2.83,100680.0,24.1,1.4,0.44,32.0,0.281,0,1,0,1.0,33.19585619147284,65.56901424398774,0.02358649137954214,32.15530722659954,0.21004415533509024,55771.724799999996,1.7510472277268336,487.05,0.0038818932365650765,8.69281584074634e-06,0.37064293416722377,0.0,0.0,1.144916055038824,lhs_candidate_000001_june2024_preflight,pa1_candidate_000001
2024-06-28T16:00,30.4,70.0,420.0,283.0,137.0,2.15,100710.0,24.2,1.32,0.32,31.7,0.279,0,1,0,1.0,32.39791787779407,68.34768935143903,0.02356969246639498,32.344041938179586,0.20869847272208406,41779.9888,1.5391697964842712,357.0,0.0033508109990679283,6.28565795292327e-06,0.36233625137088926,0.0,0.0,1.148248048928669,lhs_candidate_000001_june2024_preflight,pa1_candidate_000001
2024-06-28T17:00,29.8,73.0,298.0,229.0,69.0,1.91,100700.0,24.4,1.14,0.22,31.1,0.277,0,1,0,1.0,31.45396139009468,71.16193102472182,0.023336871122898506,32.44730280801786,0.20773453318191304,28651.5856,1.3294387463042963,253.29999999999998,0.003144049631601947,4.43841337137202e-06,0.35638600729575953,0.0,0.0,1.1516920588295891,lhs_candidate_000001_june2024_preflight,pa1_candidate_000001
2024-06-28T18:00,29.3,77.0,64.0,36.0,28.0,1.25,100730.0,24.8,0.93,0.06,30.4,0.276,1,1,0,1.0,30.191784412037514,74.966016436613,0.022972810847300476,32.444187056945495,0.20723590581712326,6617.1071999999995,1.0739488769793972,54.4,0.002579298919694612,1.115652074780274e-06,0.3533080605995263,0.0,0.0,1.1568286759779594,lhs_candidate_000001_june2024_preflight,pa1_candidate_000001
2024-06-28T19:00,28.9,79.0,1.0,0.0,1.0,1.17,100820.0,24.9,0.83,0.01,29.7,0.275,0,0,0,1.0,29.272761879650616,78.81083738443336,0.022978115864193873,32.34898247102557,0.21430977378659422,123.18239999999999,0.8622405585212771,0.85,0.0010138990507694416,2.2521828714765109e-07,0.3969739122629273,0.0,0.0,1.161380865893378,lhs_candidate_000001_june2024_preflight,pa1_candidate_000001
2024-06-28T20:00,28.5,82.0,0.0,0.0,0.0,1.2,100890.0,25.1,0.71,0.0,29.3,0.274,0,0,0,1.0,28.74349831411158,81.29251648551624,0.023028057908508114,32.22535433334511,0.21427318114340016,0.0,0.7383250129741836,0.0,0.001001743966561269,1.7947232452831723e-07,0.3967480317493837,0.0,0.0,1.1642247049874215,lhs_candidate_000001_june2024_preflight,pa1_candidate_000001
2024-06-28T21:00,28.3,83.0,0.0,0.0,0.0,0.91,100940.0,25.2,0.64,0.0,29.0,0.274,0,0,0,1.0,28.45092171945875,82.99130088996797,0.0231363677700991,32.094943527089164,0.21424283792219298,0.0,0.6599910938951377,0.0,0.0007634721334642473,1.603551466790344e-07,0.3965607279147715,0.0,0.0,1.1659316314072676,lhs_candidate_000001_june2024_preflight,pa1_candidate_000001
2024-06-28T22:00,28.1,84.0,0.0,0.0,0.0,1.04,100970.0,25.1,0.6,0.0,28.7,0.273,0,0,0,1.0,28.242278900260366,83.98785052105833,0.023148208802041534,31.962615326992534,0.2142150383970721,0.0,0.6138388731578233,0.0,0.0008558461727355457,1.4907720619733172e-07,0.39638912590785247,0.0,0.0,1.167085525173228,lhs_candidate_000001_june2024_preflight,pa1_candidate_000001
2024-06-28T23:00,27.8,85.0,0.0,0.0,0.0,1.03,100950.0,25.1,0.55,0.0,28.5,0.273,0,0,0,1.0,27.984251080467686,84.86754252499517,0.023061911244328125,31.828711008205143,0.21418912475892846,0.0,0.5714720471830042,0.0,0.0008614580804843345,1.387319711579009e-07,0.39622916517857076,0.0,0.0,1.1678541732428738,lhs_candidate_000001_june2024_preflight,pa1_candidate_000001
2024-06-29T00:00,27.6,86.0,0.0,0.0,0.0,1.08,100960.0,25.1,0.52,0.0,28.3,0.272,0,0,0,1.0,27.750250081429886,85.83672485875873,0.023027207212463284,31.692407233805127,0.21416512567126678,0.0,0.527625864222895,0.0,0.0008878911422411786,1.280398734964636e-07,0.3960810226621406,0.0,0.0,1.1688781543780615,lhs_candidate_000001_june2024_preflight,pa1_candidate_000001
2024-06-29T01:00,27.4,87.0,0.0,0.0,0.0,0.89,100920.0,25.0,0.48,0.0,28.2,0.272,0,0,0,1.0,27.548274194093914,86.85320330057779,0.023042237979183814,31.55499078149064,0.21414303074434443,0.0,0.48401787994499124,0.0,0.0007482291590008296,1.1741700329086677e-07,0.3959446342243484,0.0,0.0,1.1691998611026109,lhs_candidate_000001_june2024_preflight,pa1_candidate_000001
2024-06-29T02:00,27.6,85.0,0.0,0.0,0.0,0.67,100890.0,24.9,0.54,0.0,28.1,0.271,0,0,0,1.0,27.58253389933614,86.25950194606646,0.022927962403416036,31.419218467504336,0.2141217156165834,0.0,0.5068892822654663,0.0,0.0005311205159414042,1.229244723808434e-07,0.39581305936162603,0.0,0.0,1.1687191420733183,lhs_candidate_000001_june2024_preflight,pa1_candidate_000001
2024-06-29T03:00,27.5,85.0,0.0,0.0,0.0,0.92,100900.0,24.7,0.56,0.0,28.0,0.271,0,0,0,1.0,27.58372505305303,85.52359362041736,0.022733847976185332,31.2895407297524,0.21409886410183399,0.0,0.5340742206515547,0.0,0.0007474791533697884,1.294708679771691e-07,0.39567200062860486,0.0,0.0,1.1688303534521929,lhs_candidate_000001_june2024_preflight,pa1_candidate_000001
2024-06-29T04:00,27.4,85.0,0.0,0.0,0.0,0.94,100910.0,24.7,0.54,0.0,27.8,0.27,0,0,0,1.0,27.494572939008904,85.37393257683537,0.022582852946052827,31.162565091673798,0.2140754589721275,0.0,0.5367921607581785,0.0,0.0007662147930103843,1.3008223832642903e-07,0.3955275245193057,0.0,0.0,1.1692928292321392,lhs_candidate_000001_june2024_preflight,pa1_candidate_000001
2024-06-29T05:00,27.3,86.0,0.0,0.0,0.0,0.92,100900.0,24.7,0.52,0.0,27.7,0.27,0,0,0,1.0,27.39568630149399,86.0168430438962,0.022629180918379132,31.03724684515467,0.21405251731573277,0.0,0.5102379678390321,0.0,0.0007517173310082349,1.2360302096811283e-07,0.39538590935637513,0.0,0.0,1.1695616412745276,lhs_candidate_000001_june2024_preflight,pa1_candidate_000001
2024-06-29T06:00,27.3,86.0,18.0,7.0,11.0,0.72,100960.0,24.8,0.51,0.01,27.6,0.269,1,0,0,1.0,27.39957205819445,87.22802358603236,0.022952735931565195,30.918250562173633,0.21400618022241946,1971.0063999999998,0.46614856864776044,15.299999999999999,0.0006064351021101708,3.9061685388171207e-07,0.3950998779161695,0.0,0.0,1.1702419888955202,lhs_candidate_000001_june2024_preflight,pa1_candidate_000001
2024-06-29T07:00,28.0,83.0,159.0,103.0,56.0,0.81,101000.0,24.7,0.66,0.11,28.4,0.269,0,0,0,1.0,28.17090713698145,92.74704562805057,0.025462549371684108,30.844713460551127,0.2209205755530932,15962.214399999997,0.276896659596674,135.15,0.0006992559457845109,2.7930219398145177e-06,0.43778133057464935,0.0,0.0,1.1677088087109537,lhs_candidate_000001_june2024_preflight,pa1_candidate_000001
2024-06-29T08:00,28.7,78.0,264.0,139.0,125.0,1.02,101070.0,24.6,0.85,0.2,29.1,0.267,0,0,0,1.0,29.2937566201665,91.32383956219361,0.026656816670308954,30.851860241347644,0.22025891629249866,27629.8,0.35348258815083256,224.4,0.000971829242939632,4.565966750221101e-06,0.43369701415122636,0.0,0.0,1.1641798838966768,lhs_candidate_000001_june2024_preflight,pa1_candidate_000001
2024-06-29T09:00,29.8,72.0,450.0,311.0,139.0,1.33,101050.0,24.2,1.16,0.34,30.2,0.265,0,1,0,1.0,30.809422432263364,77.3940306252403,0.024518946630326607,30.952939138843625,0.21914988677345182,44490.3536,1.0046268803875962,382.5,0.0026550263246483434,7.765204395815554e-06,0.4268511529225421,0.0,0.0,1.1581455852812534,lhs_candidate_000001_june2024_preflight,pa1_candidate_000001
2024-06-29T10:00,30.7,68.0,632.0,372.0,260.0,1.65,101040.0,24.0,1.43,0.48,31.3,0.262,0,1,0,1.0,32.44615863698429,72.13891791272681,0.024940855179855233,31.169967442925138,0.21749098923777854,64763.42399999999,1.3584989061207273,537.1999999999999,0.0029898659997068425,1.0630783108267828e-05,0.41661104467764537,0.0,0.0,1.1518286997720737,lhs_candidate_000001_june2024_preflight,pa1_candidate_000001
2024-06-29T11:00,31.7,63.0,895.0,784.0,111.0,2.16,100950.0,23.9,1.71,0.67,32.4,0.258,0,1,0,1.0,34.29341686802071,66.0372561423833,0.025164645061727702,31.517334279505608,0.2152211142982282,82665.2464,1.8362908174427264,760.75,0.003432615001392917,1.4526755156850793e-05,0.4025994709767174,0.0,0.0,1.1438881840870938,lhs_candidate_000001_june2024_preflight,pa1_candidate_000001
2024-06-29T12:00,32.0,62.0,827.0,711.0,116.0,2.5,100870.0,23.8,1.79,0.63,32.9,0.255,0,1,0,1.0,35.072210362957954,61.705769826614606,0.02448874122694312,31.9321053313091,0.2127419620487688,76857.1584,2.161770900398776,702.9499999999999,0.003709106566463929,1.3023155147009876e-05,0.38729606202943706,0.0,0.0,1.1400936821710101,lhs_candidate_000001_june2024_preflight,pa1_candidate_000001
2024-06-29T13:00,32.5,60.0,941.0,830.0,111.0,2.82,100810.0,23.8,1.94,0.72,33.5,0.251,0,1,0,1.0,35.74701294172141,59.41337802463404,0.024418801820953656,32.35730406190844,0.21028788260835804,86713.2464,2.3779812462920584,799.85,0.003939317067885824,1.422011551354548e-05,0.372147423508383,0.0,0.0,1.1369264097983574,lhs_candidate_000001_june2024_preflight,pa1_candidate_000001
2024-06-29T14:00,32.5,59.0,838.0,728.0,110.0,2.91,100740.0,23.4,2.01,0.65,33.7,0.248,0,1,0,1.0,35.852671737465194,57.033179060170895,0.023568966133831106,32.78438783362879,0.20790709521999456,77614.064,2.5320956907359786,712.3,0.004010324945988159,1.2254275863299187e-05,0.35745120506169487,0.0,0.0,1.1357484710188197,lhs_candidate_000001_june2024_preflight,pa1_candidate_000001
2024-06-29T15:00,32.2,60.0,681.0,555.0,126.0,3.01,100670.0,23.5,1.92,0.53,33.5,0.245,0,1,0,1.0,35.206207052194486,57.33155923209452,0.02291177909005058,33.13502925162882,0.20593448101126582,64360.98239999999,2.4265890472644407,578.85,0.00404534928635156,9.697226611821742e-06,0.34527457414361623,0.0,0.0,1.137338714094644,lhs_candidate_000001_june2024_preflight,pa1_candidate_000001
2024-06-29T16:00,31.5,63.0,474.0,383.0,91.0,3.13,100620.0,23.6,1.71,0.38,32.9,0.243,0,1,0,1.0,33.96719764478438,59.73928997193826,0.022379076456495686,33.373646744732,0.2044649001855697,44913.5984,2.137663662779177,402.9,0.004078110147318639,6.6646972152743655e-06,0.3362030875652451,0.0,0.0,1.1413599401728605,lhs_candidate_000001_june2024_preflight,pa1_candidate_000001
2024-06-29T17:00,30.8,68.0,292.0,207.0,85.0,2.19,100650.0,24.1,1.44,0.23,32.2,0.241,0,1,0,1.0,32.58222654395828,65.28536897491777,0.02273478499222335,33.48775802037138,0.20349712375130505,28686.504,1.7056914262777076,248.2,0.003348962954071599,4.111393308687915e-06,0.33022915895867316,0.0,0.0,1.146872155751155,lhs_candidate_000001_june2024_preflight,pa1_candidate_000001
2024-06-29T18:00,29.9,74.0,91.0,59.0,32.0,1.77,100720.0,24.6,1.11,0.08,31.2,0.24,1,1,0,1.0,31.019820309097646,71.18612372811933,0.022808385228173265,33.4803927665276,0.20300021305661453,9133.836800000001,1.2959513783277443,77.35,0.0029667118252979805,1.4226067150142052e-06,0.32716180899144776,0.0,0.0,1.153564930725926,lhs_candidate_000001_june2024_preflight,pa1_candidate_000001
2024-06-29T19:00,29.2,78.0,1.0,0.0,1.0,1.58,100870.0,24.9,0.9,0.02,30.4,0.24,0,0,0,1.0,29.739456231611964,76.45400598434243,0.02286270210210336,33.37370972198386,0.210039896066372,123.18239999999999,0.9842381656215626,0.85,0.0013418285758082786,2.3796682755925891e-07,0.37061664238501235,0.0,0.0,1.16016648156575,lhs_candidate_000001_june2024_preflight,pa1_candidate_000001
2024-06-29T20:00,28.8,80.0,0.0,0.0,0.0,1.3,100960.0,25.1,0.78,0.01,29.9,0.239,0,0,0,1.0,29.06985828298955,79.37753599205466,0.022889258154918397,33.22613494584961,0.21000191106244898,0.0,0.8294101791068114,0.0,0.0010812842056842945,1.88215139791339e-07,0.3703821670521542,0.0,0.0,1.163774382548161,lhs_candidate_000001_june2024_preflight,pa1_candidate_000001
2024-06-29T21:00,28.5,82.0,0.0,0.0,0.0,1.22,101020.0,25.1,0.71,0.0,29.5,0.239,0,0,0,1.0,28.703372217255815,81.5142092364752,0.023040326522656685,33.07050527280303,0.2099701900941473,0.0,0.7278821682615471,0.0,0.0010058811633637033,1.6508842197186013e-07,0.3701863586058476,0.0,0.0,1.1658798084657775,lhs_candidate_000001_june2024_preflight,pa1_candidate_000001
2024-06-29T22:00,28.3,84.0,0.0,0.0,0.0,1.12,101050.0,25.2,0.63,0.0,29.2,0.239,0,0,0,1.0,28.45815335619505,83.5454150425921,0.02330006094973624,32.91205628676622,0.20994233120210304,0.0,0.6387577045128969,0.0,0.0009196842360149016,1.4480711167015866e-07,0.37001439013643855,0.0,0.0,1.1671742268148293,lhs_candidate_000001_june2024_preflight,pa1_candidate_000001
2024-06-29T23:00,28.0,85.0,0.0,0.0,0.0,1.21,101080.0,25.3,0.55,0.0,29.0,0.239,0,0,0,1.0,28.195892603103182,84.6916753636528,0.023282920340107604,32.75250922069442,0.20991747390639667,0.0,0.5852768863368536,0.0,0.0009966250534412177,1.3262792635533428e-07,0.36986095003948566,0.0,0.0,1.168536831751399,lhs_candidate_000001_june2024_preflight,pa1_candidate_000001
2024-06-30T00:00,27.8,87.0,0.0,0.0,0.0,1.17,101070.0,25.3,0.5,0.0,28.8,0.238,0,0,0,1.0,27.961435152301515,86.41452659416395,0.023452884412553294,32.591356169481166,0.20989500327548752,0.0,0.5123694639332084,0.0,0.0009577505617236508,1.1606304022563214e-07,0.369722242441281,0.0,0.0,1.1693310062743028,lhs_candidate_000001_june2024_preflight,pa1_candidate_000001
2024-06-30T01:00,27.6,87.0,0.0,0.0,0.0,1.0,101030.0,25.2,0.48,0.0,28.6,0.238,0,0,0,1.0,27.759202352388442,86.99103939733898,0.023348367812216112,32.42990565184723,0.2098748644245563,0.0,0.4848772183345127,0.0,0.000831825474774581,1.0979850661502439e-07,0.36959792854664386,0.0,0.0,1.169653789815368,lhs_candidate_000001_june2024_preflight,pa1_candidate_000001
2024-06-30T02:00,27.5,87.0,0.0,0.0,0.0,0.99,100980.0,25.1,0.49,0.0,28.4,0.238,0,0,0,1.0,27.618293880084494,87.09469482258258,0.02319559812790786,32.26909485643179,0.20985528556238855,0.0,0.47707417799780494,0.0,0.0008113304349921953,1.0799621342329296e-07,0.36947707137276886,0.0,0.0,1.1696226311012343,lhs_candidate_000001_june2024_preflight,pa1_candidate_000001
2024-06-30T03:00,27.4,87.0,0.0,0.0,0.0,0.86,100910.0,25.0,0.49,0.0,28.3,0.238,0,0,0,1.0,27.513165687627424,87.17249167281675,0.023082244832531615,32.11049848005965,0.20983596410797423,0.0,0.47129498664042435,0.0,0.0007137110354349236,1.0665352741318867e-07,0.36935780313564337,0.0,0.0,1.1692205211807503,lhs_candidate_000001_june2024_preflight,pa1_candidate_000001
2024-06-30T04:00,27.3,87.0,0.0,0.0,0.0,0.94,100890.0,24.9,0.49,0.0,28.2,0.238,0,0,0,1.0,27.411831791690116,87.16841248334944,0.02295256663473662,31.95442426116284,0.2098168377645228,0.0,0.4686601690574532,0.0,0.0007721569801739652,1.0602337033395854e-07,0.36923973928717785,0.0,0.0,1.169382908392577,lhs_candidate_000001_june2024_preflight,pa1_candidate_000001
2024-06-30T05:00,27.2,87.0,0.0,0.0,0.0,1.06,100940.0,24.8,0.48,0.0,28.0,0.237,0,0,0,1.0,27.310690815279415,87.10907091804988,0.022809288711251804,31.800823239605478,0.20979777102631572,0.0,0.4680496735384918,0.0,0.0008611173439120924,1.0585150890147754e-07,0.3691220433723193,0.0,0.0,1.1703562743603388,lhs_candidate_000001_june2024_preflight,pa1_candidate_000001
2024-06-30T06:00,27.2,87.0,19.0,9.0,10.0,0.94,100970.0,24.9,0.46,0.01,28.0,0.237,1,0,0,1.0,27.31669700352464,87.83936678659596,0.023008141725562235,31.654676016358795,0.20975452230171787,2023.824,0.4416890017636219,16.15,0.000773833936955939,3.7354911916321344e-07,0.3688550759365301,0.0,0.0,1.1706807097471439,lhs_candidate_000001_june2024_preflight,pa1_candidate_000001
2024-06-30T07:00,28.1,82.0,180.0,129.0,51.0,0.72,101010.0,24.7,0.69,0.12,28.7,0.237,0,0,0,1.0,28.261240491723132,92.89866666766696,0.02563077033621742,31.561082946707696,0.21665491642817214,17634.3024,0.2725355916161454,153.0,0.0006325623149264388,2.9614136129240778e-06,0.41145010140847,0.0,0.0,1.1674744248918576,lhs_candidate_000001_june2024_preflight,pa1_candidate_000001
2024-06-30T08:00,29.5,73.0,405.0,330.0,75.0,0.32,101060.0,24.2,1.1,0.28,30.0,0.235,0,1,0,1.0,30.199741540776685,89.22543088342567,0.027354254805084154,31.589953246997563,0.2158061616920098,38278.68,0.46243583412872935,344.25,0.0020438099222003262,6.540811420183237e-06,0.40621087464203587,0.0,0.0,1.1605881005295924,lhs_candidate_000001_june2024_preflight,pa1_candidate_000001
2024-06-30T09:00,30.8,66.0,617.0,529.0,88.0,0.22,101050.0,23.7,1.5,0.45,31.4,0.233,0,1,0,1.0,32.33222472422103,73.24555076351497,0.025170790994932125,31.763902974120263,0.2143187001365497,57392.0512,1.2961918299692896,524.4499999999999,0.0022981307498809497,9.883336225792066e-06,0.39702901318857836,0.0,0.0,1.152372330378193,lhs_candidate_000001_june2024_preflight,pa1_candidate_000001
2024-06-30T10:00,31.9,61.0,775.0,666.0,109.0,0.22,100980.0,23.4,1.85,0.58,32.6,0.23,0,1,0,1.0,34.21594981514377,66.69621769743287,0.02531294747003851,32.06248998289115,0.2123393090285335,72034.88160000001,1.792926683220799,658.75,0.0024966546543541855,1.207105064933183e-05,0.38481054955884886,0.0,0.0,1.1445165069566903,lhs_candidate_000001_june2024_preflight,pa1_candidate_000001
2024-06-30T11:00,32.6,59.0,871.0,744.0,127.0,0.58,100890.0,23.5,2.02,0.66,33.6,0.227,0,1,0,1.0,35.57061959989316,62.370961875974174,0.025401357688034875,32.44703828396863,0.21007017354484936,81116.1648,2.183408254516412,740.35,0.0027057144703208644,1.3110748901964263e-05,0.3708035404003047,0.0,0.0,1.1384787626685913,lhs_candidate_000001_june2024_preflight,pa1_candidate_000001
2024-06-30T12:00,33.0,59.0,904.0,699.0,205.0,1.35,100790.0,23.9,2.08,0.7,34.2,0.223,0,1,0,1.0,36.34581984340524,59.65385893446821,0.025287235819342297,32.87357579417321,0.2077090870754264,86764.39199999999,2.4428191248502125,768.4,0.0030700227197760057,1.31111965500521e-05,0.3562289325643605,0.0,0.0,1.1345015833368939,lhs_candidate_000001_june2024_preflight,pa1_candidate_000001
2024-06-30T13:00,32.6,60.0,765.0,560.0,205.0,2.08,100760.0,24.0,1.95,0.6,34.2,0.221,0,1,0,1.0,35.983992547916785,57.914651754214944,0.02409616402172309,33.270887617699465,0.20556174542420327,74532.39199999999,2.498094453064038,650.25,0.0034792997431466006,1.0772898741468155e-05,0.34297373718644,0.0,0.0,1.1354913878806843,lhs_candidate_000001_june2024_preflight,pa1_candidate_000001
2024-06-30T14:00,31.9,64.0,738.0,536.0,202.0,2.16,100720.0,24.1,1.71,0.57,34.0,0.222,0,1,0,1.0,35.19679171860808,60.871098334528135,0.024314413026170635,33.60271389684885,0.20369235872991037,72050.84479999999,2.2241365581245964,627.3,0.0035185568297333263,1.0005287705273188e-05,0.3314343131475949,0.0,0.0,1.1379383444793167,lhs_candidate_000001_june2024_preflight,pa1_candidate_000001
2024-06-30T15:00,31.3,68.0,483.0,311.0,172.0,0.61,100700.0,24.8,1.44,0.37,33.3,0.221,0,1,0,1.0,33.959969921559164,65.55169205253031,0.02454716885406821,33.83957821612473,0.20221606681325652,48555.3728,1.8283149871566828,410.55,0.0026549704102138204,6.441728714432968e-06,0.32232140008183036,0.0,0.0,1.142294284717,lhs_candidate_000001_june2024_preflight,pa1_candidate_000001
2024-06-30T16:00,31.2,69.0,323.0,196.0,127.0,0.51,100690.0,24.8,1.41,0.25,32.9,0.219,0,1,0,1.0,32.9335354406315,68.0858572457287,0.024154969172396457,33.95002980401652,0.20125159057489658,32892.1648,1.599353390832392,274.55,0.0024176650991945313,4.301268664875247e-06,0.3163678430549172,0.0,0.0,1.1460110906640268,lhs_candidate_000001_june2024_preflight,pa1_candidate_000001
2024-06-30T17:00,31.0,70.0,231.0,157.0,74.0,1.03,100730.0,24.8,1.36,0.18,32.4,0.219,0,1,0,1.0,32.258656568319374,69.1831633937162,0.023682040118042334,33.983100816322086,0.20058617796210587,22931.4976,1.4868248120749326,196.35,0.0025290500466804136,3.1018255208033438e-06,0.312260357790777,0.0,0.0,1.1489997656686264,lhs_candidate_000001_june2024_preflight,pa1_candidate_000001
2024-06-30T18:00,30.4,75.0,93.0,60.0,33.0,0.5,100750.0,25.4,1.1,0.06,31.6,0.218,1,1,0,1.0,31.317268781418182,73.2528252119921,0.023847574418050837,33.947375508957165,0.2001850762514649,9345.0192,1.2235171635487374,79.05,0.0021831566162083434,1.3574955907032515e-06,0.3097844213053389,0.0,0.0,1.1527812185122623,lhs_candidate_000001_june2024_preflight,pa1_candidate_000001
2024-06-30T19:00,29.9,78.0,1.0,0.0,1.0,0.72,100830.0,25.6,0.93,0.0,30.8,0.218,0,0,0,1.0,30.349578041820738,76.97218682908179,0.023789230240113715,33.83843679241451,0.20723099340139597,123.18239999999999,0.9968482677469646,0.85,0.0007420002162018625,2.2956322035932176e-07,0.3532777370456542,0.0,0.0,1.1573750726784884,lhs_candidate_000001_june2024_preflight,pa1_candidate_000001
2024-06-30T20:00,29.5,81.0,0.0,0.0,0.0,0.92,100920.0,25.8,0.79,0.0,30.3,0.217,0,0,0,1.0,29.76061222423008,80.28651224321627,0.024036296702411968,33.693086749115466,0.20719451966234825,0.0,0.8250392802961235,0.0,0.0008069884369702331,1.7846339625072573e-07,0.35305259050832255,0.0,0.0,1.1606604926778674,lhs_candidate_000001_june2024_preflight,pa1_candidate_000001
2024-06-30T21:00,29.1,83.0,0.0,0.0,0.0,1.02,100990.0,26.0,0.68,0.0,30.0,0.217,0,0,0,1.0,29.34246330410256,82.48554348371664,0.024140793073142954,33.53980664721565,0.2071646773269958,0.0,0.7155774110525059,0.0,0.000871666436966865,1.5470504969040724e-07,0.35286837856170256,0.0,0.0,1.163071094510372,lhs_candidate_000001_june2024_preflight,pa1_candidate_000001
2024-06-30T22:00,28.9,85.0,0.0,0.0,0.0,1.08,101000.0,26.1,0.59,0.0,29.7,0.217,0,0,0,1.0,29.06169610909019,84.49325264346923,0.0243535968438435,33.38211383156947,0.20713866154778193,0.0,0.623368378585643,0.0,0.000891081675654623,1.347084818881194e-07,0.35270778733198727,0.0,0.0,1.1642669097281344,lhs_candidate_000001_june2024_preflight,pa1_candidate_000001
2024-06-30T23:00,28.6,87.0,0.0,0.0,0.0,1.03,100990.0,26.2,0.51,0.0,29.4,0.217,0,0,0,1.0,28.795868119640478,86.38376488393621,0.024540317354190447,33.222919152673086,0.2071160657001562,0.0,0.5390212476029532,0.0,0.0008648492544263813,1.1643519640426419e-07,0.3525683067910877,0.0,0.0,1.1651765350100396,lhs_candidate_000001_june2024_preflight,pa1_candidate_000001
