timestamp,temperature_outside,humidity_outside,shortwave_radiation,direct_radiation,diffuse_radiation,wind_speed,surface_pressure,dew_point_outside,vpd_outside_reference,et0_outside_reference,external_soil_temperature_context,external_soil_moisture_context,pump_state,fan_state,grow_light_state,vent_state,temperature_inside_true,humidity_inside_true,vapor_density_inside_true,soil_temperature_inside_true,soil_moisture_inside_true,light_lux_inside_true,vpd_inside,solar_inside,ventilation_rate_m3_s,evapotranspiration_rate_kg_s,water_stress_coefficient,condensation_rate_kg_s,drainage_rate_m3_s,air_density,simulation_id,parameter_set_id
2024-06-01T00:00,29.6,83.0,0.0,0.0,0.0,0.81,100950.0,26.4,0.72,0.0,29.8,0.176,0,0,0,1.0,29.6,83.00000000000001,0.024633318950427478,29.6,0.4,0.0,0.7049358805204089,0.0,0.0011340797991115236,4.478595034507231e-07,1.0,0.0,0.0,1.1616214428759424,lhs_candidate_000016_june2024_preflight,pa1_candidate_000016
2024-06-01T01:00,29.3,84.0,0.0,0.0,0.0,1.1,100880.0,26.4,0.63,0.0,29.6,0.176,0,0,0,1.0,29.39852465833034,84.52303000010305,0.024812548197757474,29.578409408225657,0.3999249414431772,0.0,0.63437928921882,0.0,0.0015933839101334927,4.030335259133372e-07,1.0,0.0,0.0,1.1615889790666125,lhs_candidate_000016_june2024_preflight,pa1_candidate_000016
2024-06-01T02:00,28.9,85.0,0.0,0.0,0.0,1.0,100820.0,26.1,0.59,0.0,29.4,0.176,0,0,0,1.0,29.055214445371902,85.3069567012119,0.024579454719660405,29.549380569378883,0.3998547495422228,0.0,0.5904365210403881,0.0,0.0014911630778345348,3.7511582888518463e-07,1.0,0.0,0.0,1.1622169051657618,lhs_candidate_000016_june2024_preflight,pa1_candidate_000016
2024-06-01T03:00,28.7,86.0,0.0,0.0,0.0,0.9,100780.0,26.1,0.54,0.0,29.2,0.176,0,0,0,1.0,28.78682994045737,86.48687744460999,0.024557495415516724,29.51182840881087,0.39979051079265276,0.0,0.5346595963188343,0.0,0.001317286859021884,3.3967966156829026e-07,1.0,0.0,0.0,1.1627884567157356,lhs_candidate_000016_june2024_preflight,pa1_candidate_000016
2024-06-01T04:00,28.7,86.0,0.0,0.0,0.0,0.92,100820.0,26.1,0.55,0.0,28.8,0.176,0,0,0,1.0,28.70069189855403,86.8995922338645,0.02455893243303412,29.470406006484456,0.3997308416958908,0.0,0.5157514296997823,0.0,0.0012885466766768753,3.2766693481231827e-07,1.0,0.0,0.0,1.163581924720902,lhs_candidate_000016_june2024_preflight,pa1_candidate_000016
2024-06-01T05:00,28.6,86.0,0.0,0.0,0.0,1.02,100840.0,26.1,0.53,0.0,28.5,0.176,0,0,0,1.0,28.631820029439417,86.76286021373043,0.02442822151923516,29.428815238072428,0.39967168814219606,0.0,0.5190592358015049,0.0,0.001446901272986786,3.297684484948608e-07,1.0,0.0,0.0,1.1640783506977341,lhs_candidate_000016_june2024_preflight,pa1_candidate_000016
2024-06-01T06:00,28.6,86.0,19.0,2.0,17.0,1.02,100900.0,26.0,0.54,0.02,28.5,0.176,1,0,0,1.0,28.624247289645787,88.17974297253642,0.02481687688562791,29.39238531116036,0.3995459011142392,2270.1007999999997,0.46329658451986067,16.15,0.0014424495165853261,1.0638720805281192e-06,1.0,0.0,0.0,1.1648002084530928,lhs_candidate_000016_june2024_preflight,pa1_candidate_000016
2024-06-01T07:00,29.0,84.0,156.0,58.0,98.0,1.02,100980.0,26.1,0.62,0.11,29.7,0.175,0,0,0,1.0,29.083418713328097,96.56365277622842,0.027865602762508067,29.405334267676448,0.4084870646206019,17175.875200000002,0.13831395041517425,132.6,0.0014768079116162123,6.40612586727304e-06,1.0,1.6433023655553512e-06,0.0,1.1639526983398425,lhs_candidate_000016_june2024_preflight,pa1_candidate_000016
2024-06-01T08:00,30.2,75.0,326.0,146.0,180.0,0.71,101020.0,25.4,1.06,0.24,30.6,0.175,0,0,0,1.0,30.31612684355089,100.0,0.0308505727221976,29.525631655251768,0.40672736182062574,35020.831999999995,0.0,277.09999999999997,0.0010882754418545893,1.3203527281932957e-05,1.0,6.687378383515077e-06,0.0,1.159683802096419,lhs_candidate_000016_june2024_preflight,pa1_candidate_000016
2024-06-01T09:00,31.6,66.0,535.0,311.0,224.0,0.32,101030.0,24.6,1.55,0.4,32.0,0.173,0,0,0,1.0,32.05877071994114,100.0,0.03386907225404044,29.789218222930078,0.40358889148603383,54960.857599999996,0.0,454.75,0.000985540539939947,2.1668365324644583e-05,1.0,5.652674923356305e-07,0.0,1.1531765227177824,lhs_candidate_000016_june2024_preflight,pa1_candidate_000016
2024-06-01T10:00,32.7,61.0,673.0,368.0,305.0,0.2,100990.0,24.1,1.93,0.52,33.3,0.172,0,1,0,1.0,33.60764053047212,86.3117661781666,0.031728734314949214,30.187121336900677,0.39912846337144436,69954.632,0.7123562741487062,572.05,0.0026519121768963693,2.7710162354019474e-05,1.0,0.0,0.0,1.1468996820025177,lhs_candidate_000016_june2024_preflight,pa1_candidate_000016
2024-06-01T11:00,33.3,58.0,730.0,349.0,381.0,0.86,100950.0,23.9,2.15,0.57,34.3,0.17,0,1,0,1.0,34.58928794663562,78.3690690395971,0.0303291318406008,30.660956229463885,0.3939050423587937,77644.49440000001,1.1888995217524956,620.5,0.0032856129007109306,3.0321511760081374e-05,1.0,0.0,0.0,1.142788410856646,lhs_candidate_000016_june2024_preflight,pa1_candidate_000016
2024-06-01T12:00,33.6,57.0,685.0,331.0,354.0,1.64,100940.0,23.9,2.23,0.55,34.7,0.169,0,1,0,1.0,34.97265329631297,70.98983686014688,0.028027723056202197,31.140201367910876,0.38858401117159835,72734.5696,1.628685180970412,582.25,0.00413773303639766,2.877834337608722e-05,1.0,0.0,0.0,1.1412534941276646,lhs_candidate_000016_june2024_preflight,pa1_candidate_000016
2024-06-01T13:00,33.3,58.0,601.0,271.0,330.0,1.64,100890.0,23.9,2.16,0.49,34.8,0.167,0,1,0,1.0,34.74876719016648,69.53231450365647,0.027134035874289177,31.569219204804394,0.38370421436193053,64498.191999999995,1.6894557772582504,510.84999999999997,0.004160987433471765,2.5414816256215926e-05,1.0,0.0,0.0,1.1415176235352993,lhs_candidate_000016_june2024_preflight,pa1_candidate_000016
2024-06-01T14:00,33.5,57.0,537.0,197.0,340.0,1.7,100790.0,23.8,2.24,0.45,34.8,0.166,0,1,0,1.0,34.62546059315102,68.12638254681374,0.026414984690585296,31.934931051143078,0.37936034690712356,59218.015999999996,1.7553837984029603,456.45,0.004134764633237951,2.286459809745454e-05,1.0,0.0,0.0,1.140843058026137,lhs_candidate_000016_june2024_preflight,pa1_candidate_000016
2024-06-01T15:00,33.2,59.0,342.0,78.0,264.0,0.72,100790.0,24.0,2.1,0.28,34.3,0.164,0,1,0,1.0,34.19563429994822,69.10327377627857,0.026198615113502657,32.21098293872622,0.37595952048652964,39384.1536,1.6614639807560105,290.7,0.003025011836176314,1.4907113608189789e-05,1.0,0.0,0.0,1.1424385397510508,lhs_candidate_000016_june2024_preflight,pa1_candidate_000016
2024-06-01T16:00,32.6,61.0,222.0,33.0,189.0,0.71,100770.0,24.1,1.93,0.19,33.7,0.164,0,1,0,1.0,33.41682439013029,68.22030368114629,0.024827663960836466,32.37279828471613,0.3737151871664464,26185.473599999998,1.6363221669064765,188.7,0.002923190551900786,1.0030946432351139e-05,1.0,0.0,0.0,1.1451135460403734,lhs_candidate_000016_june2024_preflight,pa1_candidate_000016
2024-06-01T17:00,32.3,62.0,145.0,34.0,111.0,0.71,100740.0,24.2,1.82,0.13,33.1,0.163,0,1,0,1.0,32.80093051792757,67.78705447438699,0.02388092047335704,32.45362216534627,0.37219302688887274,16665.2464,1.602353086322334,123.25,0.002740752144414309,6.890740671378045e-06,1.0,0.0,0.0,1.1470771191068239,lhs_candidate_000016_june2024_preflight,pa1_candidate_000016
2024-06-01T18:00,31.9,66.0,41.0,9.0,32.0,0.61,100810.0,24.7,1.61,0.05,32.4,0.163,1,0,0,1.0,32.23827780099742,72.51706520642139,0.024796403294724087,32.46616648325386,0.3713604580046961,4733.8368,1.324450242356202,34.85,0.0011389736341520507,2.5020153658927038e-06,1.0,0.0,0.0,1.1499890383812272,lhs_candidate_000016_june2024_preflight,pa1_candidate_000016
2024-06-01T19:00,31.2,70.0,0.0,0.0,0.0,1.0,100940.0,25.1,1.35,0.03,31.7,0.162,0,0,0,1.0,31.510260379265763,70.98801271058483,0.023349987528208462,32.420004533069566,0.3806717573831597,0.0,1.3417346248670134,0.0,0.0015755417735032363,8.524301563597113e-07,1.0,0.0,0.0,1.1542235743399767,lhs_candidate_000016_june2024_preflight,pa1_candidate_000016
2024-06-01T20:00,30.7,74.0,0.0,0.0,0.0,1.1,100990.0,25.5,1.14,0.01,31.1,0.162,0,0,0,1.0,30.907984774051403,74.29603856211293,0.02366239520600682,32.34403490884001,0.3805286808180698,0.0,1.1487386271960855,0.0,0.0016500273197742603,7.29816037723745e-07,1.0,0.0,0.0,1.157082721039812,lhs_candidate_000016_june2024_preflight,pa1_candidate_000016
2024-06-01T21:00,30.2,78.0,0.0,0.0,0.0,1.2,101050.0,25.8,0.96,0.01,30.7,0.162,0,0,0,1.0,30.40931056808052,77.98295125072465,0.024179343010036377,32.255230817455704,0.38040844888521436,0.0,0.9563551402250994,0.0,0.0017822089017244871,6.075910590727257e-07,1.0,0.0,0.0,1.1596721001104473,lhs_candidate_000016_june2024_preflight,pa1_candidate_000016
2024-06-01T22:00,29.7,82.0,0.0,0.0,0.0,1.1,101080.0,26.2,0.77,0.0,30.2,0.162,0,0,0,1.0,29.922091147970264,81.73993209085609,0.02468624443526462,32.15526699235373,0.38030973848580646,0.0,0.7713310097300661,0.0,0.0016575859402418276,4.900416230180115e-07,1.0,0.0,0.0,1.161881231854515,lhs_candidate_000016_june2024_preflight,pa1_candidate_000016
2024-06-01T23:00,29.2,85.0,0.0,0.0,0.0,1.3,101060.0,26.4,0.61,0.0,29.6,0.162,0,0,0,1.0,29.4336037243851,84.57586819290829,0.024875400344222802,32.044668796403876,0.38022973777989494,0.0,0.6334924430426749,0.0,0.0019257815217112928,4.0247009525381073e-07,1.0,0.0,0.0,1.1635266947631377,lhs_candidate_000016_june2024_preflight,pa1_candidate_000016
2024-06-02T00:00,28.8,87.0,0.0,0.0,0.0,1.2,101050.0,26.5,0.5,0.0,29.1,0.162,0,0,0,1.0,29.003570531540653,86.69520279875438,0.02490928336947465,31.924442338710264,0.3801633302498429,0.0,0.5330572587291158,0.0,0.0017799366639399876,3.3866166526944673e-07,1.0,0.0,0.0,1.165067361525084,lhs_candidate_000016_june2024_preflight,pa1_candidate_000016
2024-06-02T01:00,28.4,89.0,0.0,0.0,0.0,1.12,100980.0,26.4,0.42,0.0,28.8,0.162,0,0,0,1.0,28.60808791609681,88.59721418711521,0.024912360917170553,31.796693858646485,0.380107375515532,0.0,0.4465153691808106,0.0,0.0016770432930668375,2.8367991621706725e-07,1.0,0.0,0.0,1.1657861622508257,lhs_candidate_000016_june2024_preflight,pa1_candidate_000016
2024-06-02T02:00,28.4,91.0,0.0,0.0,0.0,1.14,100950.0,26.7,0.35,0.0,28.5,0.162,0,0,0,1.0,28.452805603950992,90.92427651465127,0.025350540561922583,31.66479408001805,0.38006192300648156,0.0,0.35220515523236307,0.0,0.0016239852133737302,2.2376279927573387e-07,1.0,0.0,0.0,1.1660398553868245,lhs_candidate_000016_june2024_preflight,pa1_candidate_000016
2024-06-02T03:00,28.4,89.0,0.0,0.0,0.0,1.04,100940.0,26.5,0.41,0.0,28.3,0.162,0,0,0,1.0,28.434787618206226,89.76846759412894,0.025003627764539845,31.535929158302658,0.38002003151893043,0.0,0.39664413233607787,0.0,0.0014762676832217496,2.5199574750477717e-07,1.0,0.0,0.0,1.1659940061017713,lhs_candidate_000016_june2024_preflight,pa1_candidate_000016
2024-06-02T04:00,28.3,89.0,0.0,0.0,0.0,1.04,100970.0,26.4,0.4,0.0,28.1,0.162,0,0,0,1.0,28.37087286056204,89.3707363965869,0.02480591631414783,31.41084240524496,0.3799733949872128,0.0,0.4105369035900983,0.0,0.0014969066140465056,2.6082209583987224e-07,1.0,0.0,0.0,1.1665877813577867,lhs_candidate_000016_june2024_preflight,pa1_candidate_000016
2024-06-02T05:00,28.0,90.0,0.0,0.0,0.0,1.12,101060.0,26.2,0.38,0.0,27.9,0.162,0,0,0,1.0,28.156347405689374,89.86628210403863,0.0246519818567891,31.286474969906088,0.3799274986118809,0.0,0.38654838312083895,0.0,0.0016507496919811783,2.455817212714097e-07,1.0,0.0,0.0,1.1684589566807946,lhs_candidate_000016_june2024_preflight,pa1_candidate_000016
2024-06-02T06:00,28.0,91.0,19.0,4.0,15.0,1.36,101020.0,26.4,0.34,0.02,28.1,0.162,1,0,0,1.0,28.07536838431452,92.14156983054704,0.025164103748374442,31.16646596902928,0.3798190294995272,2199.736,0.2983492207219238,16.15,0.0019375216320194509,9.590778056339062e-07,1.0,0.0,0.0,1.168310470240357,lhs_candidate_000016_june2024_preflight,pa1_candidate_000016
2024-06-02T07:00,30.2,77.0,168.0,87.0,81.0,1.21,101070.0,25.6,1.0,0.13,30.3,0.162,0,0,0,1.0,29.605478866090227,90.68660101554039,0.026922599392788866,31.11367229128241,0.3887167315648425,17633.7744,0.3863187519470612,142.79999999999998,0.0019689331468518466,7.049707560224097e-06,1.0,0.0,0.0,1.1629812242739783,lhs_candidate_000016_june2024_preflight,pa1_candidate_000016
2024-06-02T08:00,31.3,68.0,350.0,181.0,169.0,0.98,101090.0,24.7,1.45,0.27,31.3,0.161,0,0,0,1.0,31.424087819307893,95.45724304241291,0.031254328907517906,31.20836071747022,0.38679010610295433,36745.8256,0.20906698241117905,297.5,0.0014462029371921908,1.4308390428685026e-05,1.0,0.0,0.0,1.1562658342394614,lhs_candidate_000016_june2024_preflight,pa1_candidate_000016
2024-06-02T09:00,32.0,65.0,510.0,248.0,262.0,0.73,101090.0,24.5,1.68,0.39,32.5,0.16,0,1,0,1.0,32.69187752538376,83.23733878781665,0.029155182204096065,31.437489893195604,0.38360911848925444,54097.788799999995,0.8287226278561537,433.5,0.002873592859028203,2.1182328525437226e-05,1.0,0.0,0.0,1.1514728283437454,lhs_candidate_000016_june2024_preflight,pa1_candidate_000016
2024-06-02T10:00,33.0,61.0,705.0,426.0,279.0,0.32,101060.0,24.4,1.98,0.54,33.9,0.159,0,1,0,1.0,34.004837651713515,85.27180694017382,0.032006973769995575,31.790411333243107,0.37908936499305096,71855.8896,0.7836419587765855,599.25,0.002759220722444757,2.9051503296492166e-05,1.0,0.0,0.0,1.1462105009401236,lhs_candidate_000016_june2024_preflight,pa1_candidate_000016
2024-06-02T11:00,34.0,57.0,821.0,573.0,248.0,0.14,100970.0,24.3,2.27,0.64,35.2,0.157,0,1,0,1.0,35.321837697148915,82.23845094552335,0.03306338773981107,32.25432158609334,0.3734247623062379,80973.23520000001,1.0165775033283184,697.85,0.0028839296406183747,3.3897679409438876e-05,1.0,0.0,0.0,1.1403004200623577,lhs_candidate_000016_june2024_preflight,pa1_candidate_000016
2024-06-02T12:00,34.6,55.0,860.0,673.0,187.0,0.8,100910.0,24.2,2.48,0.68,36.1,0.155,0,1,0,1.0,36.21342017711477,76.02455844549034,0.032007674436958004,32.77643764893253,0.36715667864670587,82259.1088,1.4411443873837708,731.0,0.003370845237567451,3.5746978105040334e-05,1.0,0.0,0.0,1.136338430328575,lhs_candidate_000016_june2024_preflight,pa1_candidate_000016
2024-06-02T13:00,34.8,55.0,913.0,742.0,171.0,0.82,100810.0,24.4,2.5,0.72,36.7,0.154,0,1,0,1.0,36.68117188467646,74.9848213679295,0.03233901751855935,33.32382214362835,0.360520886292951,86360.1904,1.5426019780944777,776.05,0.0034937975867494397,3.795802181348441e-05,1.0,0.0,0.0,1.1334985107695592,lhs_candidate_000016_june2024_preflight,pa1_candidate_000016
2024-06-02T14:00,34.6,56.0,656.0,386.0,270.0,0.92,100820.0,24.6,2.42,0.53,36.4,0.153,0,1,0,1.0,36.325245103439066,70.286572897227,0.029762882793460645,33.798349487030634,0.3546084787789183,67227.248,1.797020338910717,557.6,0.0035142176747136947,2.771074307717707e-05,1.0,0.0,0.0,1.1349147132600572,lhs_candidate_000016_june2024_preflight,pa1_candidate_000016
2024-06-02T15:00,32.6,66.0,461.0,246.0,215.0,1.2,100830.0,25.5,1.67,0.37,35.5,0.161,0,1,0,1.0,34.56342775733897,72.91772285730691,0.02818137687294739,34.10288393120054,0.35034387446470455,48132.216,1.4863888597958805,391.84999999999997,0.0038574534355697142,1.9615577445869523e-05,1.0,0.0,0.0,1.1415258955519052,lhs_candidate_000016_june2024_preflight,pa1_candidate_000016
2024-06-02T16:00,31.5,71.0,398.0,260.0,138.0,1.0,100840.0,25.6,1.34,0.3,34.3,0.165,0,1,0,1.0,32.967645846021284,79.22881786252645,0.028158894516568795,34.2715508880107,0.34707067460560537,39879.1712,1.042926515125076,338.3,0.0034908124724484365,1.6782235277582064e-05,1.0,0.0,0.0,1.1475904381779243,lhs_candidate_000016_june2024_preflight,pa1_candidate_000016
2024-06-02T17:00,30.9,73.0,171.0,95.0,76.0,0.42,100820.0,25.5,1.21,0.13,33.2,0.165,0,1,0,1.0,31.797994632406837,78.55852006491341,0.026240044680688322,34.316260419355615,0.3448819766804709,17721.862399999998,1.0079141028005947,145.35,0.002751018639016364,7.566124053234419e-06,1.0,0.0,0.0,1.1517636293396059,lhs_candidate_000016_june2024_preflight,pa1_candidate_000016
2024-06-02T18:00,30.7,73.0,54.0,19.0,35.0,0.64,100860.0,25.3,1.19,0.05,32.3,0.165,1,0,0,1.0,31.084365310688817,79.74146505234044,0.025638139179366932,34.23754241253742,0.3439476714251836,5983.383999999999,0.9145138763169807,45.9,0.0012044011755150644,2.7680958298429797e-06,1.0,0.0,0.0,1.1549233014632756,lhs_candidate_000016_june2024_preflight,pa1_candidate_000016
2024-06-02T19:00,30.4,75.0,0.0,0.0,0.0,0.89,100910.0,25.5,1.08,0.03,31.6,0.165,0,0,0,1.0,30.61431883946966,76.5706782411997,0.024004983440874178,34.099315700307855,0.35325452401671475,0.0,1.029691428693892,0.0,0.0013836254011129793,6.541830323941938e-07,1.0,0.0,0.0,1.1572838595006978,lhs_candidate_000016_june2024_preflight,pa1_candidate_000016
2024-06-02T20:00,29.7,84.0,0.0,0.0,0.0,1.02,100970.0,26.7,0.67,0.0,30.9,0.164,0,0,0,1.0,30.02620635461978,82.61911251973336,0.025092627359365613,33.93668267751352,0.3531501448546178,0.0,0.7385916258573357,0.0,0.0016096723735285398,4.6924165438299315e-07,1.0,0.0,0.0,1.1602182451350749,lhs_candidate_000016_june2024_preflight,pa1_candidate_000016
2024-06-02T21:00,29.5,84.0,0.0,0.0,0.0,0.94,101010.0,26.6,0.64,0.0,30.2,0.164,0,0,0,1.0,29.64856146521812,84.46020923591321,0.02513277345277232,33.76447983773522,0.3530733782540544,0.0,0.6461880813994325,0.0,0.0014084075746334842,4.105358817282485e-07,1.0,0.0,0.0,1.16212545048513,lhs_candidate_000016_june2024_preflight,pa1_candidate_000016
2024-06-02T22:00,29.1,86.0,0.0,0.0,0.0,0.94,101030.0,26.5,0.57,0.0,29.6,0.164,0,0,0,1.0,29.31400171350168,85.87121402902795,0.025092827504250043,33.58936125477235,0.3530030068975266,0.0,0.5763048090678398,0.0,0.0014473430555849035,3.6613767685487256e-07,1.0,0.0,0.0,1.1636412496293425,lhs_candidate_000016_june2024_preflight,pa1_candidate_000016
2024-06-02T23:00,29.0,86.0,0.0,0.0,0.0,0.98,101020.0,26.4,0.55,0.0,29.2,0.164,0,0,0,1.0,29.10302129289716,86.4490876626563,0.024973455390162855,33.41181732085199,0.35293945291492523,0.0,0.5460458542174171,0.0,0.0014343559917118318,3.4691357311902106e-07,1.0,0.0,0.0,1.164338243105176,lhs_candidate_000016_june2024_preflight,pa1_candidate_000016
2024-06-03T00:00,28.6,87.0,0.0,0.0,0.0,0.98,100980.0,26.3,0.49,0.0,28.9,0.164,0,0,0,1.0,28.813522880764953,86.93511464178799,0.024720749166456217,33.23452759461927,0.35287829517790886,0.0,0.5177238699935947,0.0,0.0014983789095721013,3.289200645720361e-07,1.0,0.0,0.0,1.1649930424833521,lhs_candidate_000016_june2024_preflight,pa1_candidate_000016
2024-06-03T01:00,28.2,90.0,0.0,0.0,0.0,1.17,100930.0,26.3,0.39,0.0,28.5,0.164,0,0,0,1.0,28.43015842621064,89.29022658562245,0.02486412189479416,33.05337759192135,0.3528244813816946,0.0,0.4150724936511718,0.0,0.001753468086105822,2.637036446001777e-07,1.0,0.0,0.0,1.1658963885183697,lhs_candidate_000016_june2024_preflight,pa1_candidate_000016
2024-06-03T02:00,28.1,93.0,0.0,0.0,0.0,1.24,100880.0,26.8,0.27,0.0,28.3,0.164,0,0,0,1.0,28.21666545967777,92.43459975893757,0.02544051081649823,32.86948089862448,0.3527843410407087,0.0,0.2895943531508891,0.0,0.0017923647337702209,1.8398493648605762e-07,1.0,0.0,0.0,1.166144342274648,lhs_candidate_000016_june2024_preflight,pa1_candidate_000016
2024-06-03T03:00,27.9,93.0,0.0,0.0,0.0,1.2,100840.0,26.7,0.26,0.0,28.2,0.164,0,0,0,1.0,28.04627823479202,92.77223933754598,0.02529592546199519,32.68744334655134,0.35275273907529636,0.0,0.27394135697423794,0.0,0.0017526440955480292,1.7404028295244014e-07,1.0,0.0,0.0,1.16634138173707,lhs_candidate_000016_june2024_preflight,pa1_candidate_000016
2024-06-03T04:00,27.9,93.0,0.0,0.0,0.0,1.2,100820.0,26.6,0.28,0.0,28.0,0.164,0,0,0,1.0,27.968686716337622,93.01066998819556,0.025253131583999947,32.50792534830213,0.35272208224197965,0.0,0.2637105039908083,0.0,0.0017145645110423263,1.6754042266209206e-07,1.0,0.0,0.0,1.1664105369472546,lhs_candidate_000016_june2024_preflight,pa1_candidate_000016
2024-06-03T05:00,28.0,92.0,0.0,0.0,0.0,1.33,100840.0,26.5,0.31,0.0,27.8,0.164,0,0,0,1.0,28.0168098899672,92.34630685646803,0.025139090648181636,32.33472063551011,0.3526907453353562,0.0,0.2895875539708812,0.0,0.0018697981253994421,1.839806168344888e-07,1.0,0.0,0.0,1.16645550503649,lhs_candidate_000016_june2024_preflight,pa1_candidate_000016
2024-06-03T06:00,28.0,92.0,25.0,13.0,12.0,1.3,100880.0,26.7,0.29,0.01,28.0,0.164,1,0,0,1.0,28.0855760972455,93.58968823910095,0.025573908744447413,32.17669311878416,0.3525685779594184,2622.1888,0.24351528628404706,21.25,0.0018597034332913452,1.167250442997704e-06,1.0,7.598787926200353e-08,0.0,1.1666518159280368,lhs_candidate_000016_june2024_preflight,pa1_candidate_000016
2024-06-03T07:00,29.5,86.0,196.0,139.0,57.0,1.1,100930.0,27.0,0.56,0.14,30.5,0.164,0,0,0,1.0,29.256388673282075,99.99999999999999,0.029130093166245534,32.09243337534352,0.36136489834129465,19253.396800000002,8.881784197001252e-16,166.6,0.0016688015652302696,7.938317016131473e-06,1.0,3.2097603727837816e-06,0.0,1.162710943708915,lhs_candidate_000016_june2024_preflight,pa1_candidate_000016
2024-06-03T08:00,31.3,72.0,419.0,337.0,82.0,0.7,100950.0,25.6,1.3,0.31,31.6,0.163,0,0,0,1.0,31.329527522762923,100.0,0.03257652186600556,32.168431943249516,0.359123133816586,39756.9568,0.0,356.15,0.0010051113396965193,1.6970177702852482e-05,1.0,5.063280114300899e-06,0.0,1.1550231133500422,lhs_candidate_000016_june2024_preflight,pa1_candidate_000016
2024-06-03T09:00,32.9,62.0,633.0,534.0,99.0,0.6,100950.0,24.6,1.91,0.48,33.3,0.162,0,1,0,1.0,33.484330420399296,88.25318247209431,0.032232646226443916,32.42398713907666,0.3552804275526889,59187.05760000001,0.6071252433246528,538.05,0.0026860454369369135,2.6023242332110638e-05,1.0,0.0,0.0,1.1469064515657228,lhs_candidate_000016_june2024_preflight,pa1_candidate_000016
2024-06-03T10:00,34.0,56.0,763.0,643.0,120.0,0.63,100900.0,24.0,2.35,0.59,34.8,0.16,0,1,0,1.0,35.11098704323816,79.26474279313737,0.03152073005701203,32.819699973260626,0.3500842011551516,71365.888,1.1730483416640318,648.55,0.003009266320171829,3.1647994571611155e-05,1.0,0.0,0.0,1.1402893032956214,lhs_candidate_000016_june2024_preflight,pa1_candidate_000016
2024-06-03T11:00,35.0,53.0,910.0,785.0,125.0,0.45,100830.0,23.9,2.65,0.71,36.1,0.158,0,1,0,1.0,36.48030263124065,77.49354444714484,0.03307764017940954,33.318904096845735,0.3438394954376933,84477.8,1.3727493951149352,773.5,0.0030764391810385147,3.772860630495815e-05,1.0,0.0,0.0,1.1344588795379797,lhs_candidate_000016_june2024_preflight,pa1_candidate_000016
2024-06-03T12:00,35.4,51.0,950.0,825.0,125.0,0.36,100780.0,23.9,2.79,0.75,36.9,0.156,0,1,0,1.0,37.288880771679366,73.82410679187484,0.032845630060061796,33.88378553256298,0.33688334310824775,87997.8,1.6685096415012124,807.5,0.003225525426232471,3.953657325075397e-05,1.0,0.0,0.0,1.1309429400060347,lhs_candidate_000016_june2024_preflight,pa1_candidate_000016
2024-06-03T13:00,36.0,50.0,931.0,796.0,135.0,0.32,100720.0,23.8,2.98,0.74,37.4,0.154,0,1,0,1.0,37.84487959176895,72.0847784651482,0.03299467090865322,34.451836160662126,0.3298264757249374,86677.624,1.833860328666164,791.35,0.0031893907746307964,3.887209303368805e-05,1.0,0.0,0.0,1.1282489221506404,lhs_candidate_000016_june2024_preflight,pa1_candidate_000016
2024-06-03T14:00,35.5,54.0,757.0,594.0,163.0,0.8,100580.0,24.7,2.68,0.61,37.3,0.153,0,1,0,1.0,37.49254103530597,69.1825911060507,0.031102499077592487,34.95224595588963,0.3234506280866889,72350.7312,1.9862193949401252,643.4499999999999,0.0035202696444490335,3.1921608285142716e-05,1.0,0.0,0.0,1.127958574561539,lhs_candidate_000016_june2024_preflight,pa1_candidate_000016
2024-06-03T15:00,34.7,56.0,570.0,403.0,167.0,1.08,100620.0,24.5,2.44,0.46,36.6,0.154,0,1,0,1.0,36.44163295046273,67.19506305270092,0.0286247870657814,35.31361404010512,0.3183848654618082,56035.4608,1.9966641788407262,484.5,0.003662734805793097,2.4354441600645775e-05,1.0,0.0,0.0,1.1322375317100242,lhs_candidate_000016_june2024_preflight,pa1_candidate_000016
2024-06-03T16:00,33.0,64.0,347.0,220.0,127.0,1.06,100620.0,25.4,1.78,0.28,35.4,0.158,0,1,0,1.0,34.64687073545089,69.77134765631442,0.0270830290509316,35.50965160452044,0.3148303460900956,35004.1648,1.6667667008153515,294.95,0.003612728912156216,1.5112990616734865e-05,1.0,0.0,0.0,1.138839603834656,lhs_candidate_000016_june2024_preflight,pa1_candidate_000016
2024-06-03T17:00,32.6,66.0,150.0,87.0,63.0,0.82,100610.0,25.4,1.66,0.13,34.2,0.158,0,1,0,1.0,33.343737037587125,70.42875826164759,0.025532912860734103,35.53465108699045,0.31284068052931174,15416.491199999999,1.5163980004793345,127.5,0.0029895385370722685,7.038639817302125e-06,1.0,0.0,0.0,1.1435679977713114,lhs_candidate_000016_june2024_preflight,pa1_candidate_000016
2024-06-03T18:00,32.1,70.0,65.0,43.0,22.0,1.04,100630.0,25.8,1.45,0.06,33.3,0.158,1,0,0,1.0,32.560207355780435,73.80601998084879,0.02567201482527929,35.45368776098529,0.31189237162697386,6494.0127999999995,1.2854385060633504,55.25,0.0017005697329646621,3.446977667581214e-06,0.9993356273269992,0.0,0.0,1.1467268512179971,lhs_candidate_000016_june2024_preflight,pa1_candidate_000016
2024-06-03T19:00,31.4,75.0,0.0,0.0,0.0,1.04,100720.0,26.5,1.13,0.03,32.4,0.158,0,0,0,1.0,31.78076860277634,75.23163568217024,0.02510573262431264,35.313051228515526,0.3211313945438407,0.0,1.1631686161963954,0.0,0.0016614336769812629,7.389836909629407e-07,1.0,0.0,0.0,1.1506862338016843,lhs_candidate_000016_june2024_preflight,pa1_candidate_000016
2024-06-03T20:00,31.1,79.0,0.0,0.0,0.0,1.12,100810.0,26.9,0.96,0.01,31.9,0.157,0,0,0,1.0,31.27634119597884,78.99486135615399,0.025660633050282922,35.13980670206252,0.3210097895500225,0.0,0.9586233668933559,0.0,0.0016600953278353523,6.09032107680734e-07,1.0,0.0,0.0,1.1536228124726646,lhs_candidate_000016_june2024_preflight,pa1_candidate_000016
2024-06-03T21:00,30.7,82.0,0.0,0.0,0.0,1.0,100890.0,27.3,0.8,0.0,31.4,0.157,0,0,0,1.0,30.903882158732976,81.966063082778,0.02609945712302764,34.9612347906863,0.3209092220208013,0.0,0.8057683458978073,0.0,0.0015178998557176847,5.11920333837589e-07,1.0,0.0,0.0,1.1559525782633466,lhs_candidate_000016_june2024_preflight,pa1_candidate_000016
2024-06-03T22:00,30.2,86.0,0.0,0.0,0.0,1.1,100900.0,27.6,0.61,0.0,30.9,0.157,0,0,0,1.0,30.456215698562104,85.3724429819197,0.026537504308091823,34.77729436819364,0.32082649492608367,0.0,0.6370837563883542,0.0,0.0016746787427222396,4.0475172661373597e-07,1.0,0.0,0.0,1.1577717713716074,lhs_candidate_000016_june2024_preflight,pa1_candidate_000016
2024-06-03T23:00,29.5,91.0,0.0,0.0,0.0,1.32,100890.0,27.9,0.36,0.0,30.2,0.157,0,0,0,1.0,29.852123887455264,89.57232213081012,0.02694948621388159,34.58486449178942,0.32076471492612024,0.0,0.4387141490630162,0.0,0.0020028290442094822,2.7872364903758153e-07,1.0,0.0,0.0,1.1599650342481267,lhs_candidate_000016_june2024_preflight,pa1_candidate_000016
2024-06-04T00:00,29.3,90.0,0.0,0.0,0.0,1.4,100870.0,27.5,0.4,0.0,29.7,0.157,0,0,0,1.0,29.468826563606815,89.87877722983869,0.026485686739816224,34.38366393042389,0.3207173760260253,0.0,0.4165380838887627,0.0,0.002031780271267875,2.6463476264113356e-07,1.0,0.0,0.0,1.1612040094462925,lhs_candidate_000016_june2024_preflight,pa1_candidate_000016
2024-06-04T01:00,29.1,90.0,0.0,0.0,0.0,1.43,100790.0,27.2,0.42,0.0,29.2,0.157,0,0,0,1.0,29.249472150103994,89.83549852586059,0.026159324796878942,34.181852603655265,0.32066980956250807,0.0,0.41306401801807047,0.0,0.002064450530136628,2.6242762088711375e-07,1.0,0.0,0.0,1.1611247041932793,lhs_candidate_000016_june2024_preflight,pa1_candidate_000016
2024-06-04T02:00,28.5,88.0,0.0,0.0,0.0,1.33,100750.0,26.4,0.45,0.0,28.7,0.157,0,0,0,1.0,28.807652420619625,87.70520069330415,0.024931743056171414,33.97861284531902,0.3206184234524219,0.0,0.4870420798634001,0.0,0.0019974566358190145,3.094273253422723e-07,1.0,0.0,0.0,1.1623621600224638,lhs_candidate_000016_june2024_preflight,pa1_candidate_000016
2024-06-04T03:00,28.1,91.0,0.0,0.0,0.0,1.41,100730.0,26.4,0.36,0.0,28.4,0.157,0,0,0,1.0,28.349737583406487,90.07608820284399,0.024972780289723957,33.768499488314276,0.32056780314593125,0.0,0.38282378976748,0.0,0.002078905357283555,2.432154145251e-07,1.0,0.0,0.0,1.1638964519267367,lhs_candidate_000016_june2024_preflight,pa1_candidate_000016
2024-06-04T04:00,27.8,92.0,0.0,0.0,0.0,1.4,100720.0,26.3,0.31,0.0,28.1,0.157,0,0,0,1.0,28.008731303836036,91.39420110270835,0.024868870353492445,33.554483586598145,0.32052778854297437,0.0,0.32545861711068724,0.0,0.0020487663511073065,2.067702023414475e-07,1.0,0.0,0.0,1.1650986713042786,lhs_candidate_000016_june2024_preflight,pa1_candidate_000016
2024-06-04T05:00,27.8,91.0,0.0,0.0,0.0,1.2,100840.0,26.3,0.33,0.0,27.8,0.157,0,0,0,1.0,27.885503196808195,91.16067218939507,0.024637994089745725,33.34113999867782,0.320490752203929,0.0,0.3318994183975432,0.0,0.001722904681491966,2.1086216892431827e-07,1.0,0.0,0.0,1.1669642935795586,lhs_candidate_000016_june2024_preflight,pa1_candidate_000016
2024-06-04T06:00,27.8,92.0,26.0,14.0,12.0,1.41,100860.0,26.5,0.28,0.01,28.0,0.157,1,0,0,1.0,27.90927529376658,93.32394050687464,0.02525562938959786,33.14169365222863,0.3203621061079423,2710.1888,0.25102041498992334,22.099999999999998,0.002020716339641832,1.2125202149618894e-06,1.0,0.0,0.0,1.1671035787233228,lhs_candidate_000016_june2024_preflight,pa1_candidate_000016
2024-06-04T07:00,30.5,76.0,199.0,144.0,55.0,1.02,100870.0,25.8,1.04,0.14,30.5,0.157,0,0,0,1.0,29.78602084671821,92.68369513066673,0.02778599058248832,33.02599376557673,0.32912834036047567,19447.032000000003,0.3066457573064385,169.15,0.0018021314136866405,8.254639894281564e-06,1.0,8.381685506054003e-07,0.0,1.1599881511528716,lhs_candidate_000016_june2024_preflight,pa1_candidate_000016
2024-06-04T08:00,32.3,63.0,427.0,348.0,79.0,0.58,100910.0,24.4,1.78,0.32,32.0,0.156,0,0,0,1.0,32.28749095365984,100.0,0.03428340131411761,33.09463073008492,0.3268267362347608,40355.4096,0.0,362.95,0.000824882682572135,1.7294190642286423e-05,1.0,2.762625071616652e-06,0.0,1.1509443133111545,lhs_candidate_000016_june2024_preflight,pa1_candidate_000016
2024-06-04T09:00,33.6,58.0,638.0,545.0,93.0,0.5,100910.0,24.2,2.19,0.49,33.8,0.155,0,1,0,1.0,34.29650531786457,81.79199220373916,0.03117329667352242,33.346724058542804,0.32291440593959797,59415.9632,0.9846358478945634,542.3,0.002673973754495485,2.6465590263676812e-05,1.0,0.0,0.0,1.143423448322134,lhs_candidate_000016_june2024_preflight,pa1_candidate_000016
2024-06-04T10:00,34.7,54.0,812.0,710.0,102.0,0.81,100880.0,24.1,2.54,0.64,35.3,0.153,0,1,0,1.0,35.88708234572516,76.23472987152341,0.031560086813309705,33.745905376834166,0.31749164174387345,75044.60479999999,1.4031702841099607,690.1999999999999,0.0031931389400629223,3.377877478054628e-05,1.0,0.0,0.0,1.1372002000809116,lhs_candidate_000016_june2024_preflight,pa1_candidate_000016
2024-06-04T11:00,35.5,52.0,925.0,818.0,107.0,0.91,100820.0,24.1,2.77,0.73,36.5,0.152,0,1,0,1.0,37.103351145584256,72.96243078828024,0.03215554576459269,34.249638333970374,0.3109841828158468,85164.5168,1.7061311860823993,786.25,0.0034559096636467565,3.8306220600106937e-05,0.9937295235546098,0.0,0.0,1.1320683814075683,lhs_candidate_000016_june2024_preflight,pa1_candidate_000016
2024-06-04T12:00,36.0,51.0,971.0,854.0,117.0,0.95,100750.0,24.2,2.92,0.77,37.3,0.15,0,1,0,1.0,37.95690072689149,69.31549645634492,0.03190852313373494,34.80819876378478,0.3040565566564969,89564.3408,2.028041399789166,825.35,0.003623552986526517,3.8623999319406155e-05,0.9509663991141784,0.0,0.0,1.1281786044696545,lhs_candidate_000016_june2024_preflight,pa1_candidate_000016
2024-06-04T13:00,36.0,52.0,945.0,833.0,112.0,0.95,100670.0,24.4,2.87,0.75,37.7,0.148,0,1,0,1.0,38.25931015485143,67.06283478520075,0.03134962646868298,35.36907498519575,0.29733311268149976,87100.4288,2.212788874843831,803.25,0.0037316249806620978,3.608738734234816e-05,0.9094636585277763,0.0,0.0,1.1261880765140027,lhs_candidate_000016_june2024_preflight,pa1_candidate_000016
2024-06-04T14:00,36.1,51.0,827.0,693.0,134.0,1.48,100590.0,24.4,2.91,0.67,37.7,0.147,0,1,0,1.0,38.206704641620874,61.86277034807214,0.028841638405267028,35.87288442598434,0.29133611248867164,77490.4416,2.5548748574067233,702.9499999999999,0.004175003147058341,3.063852786425559e-05,0.8724451388189608,0.0,0.0,1.1254832470175815,lhs_candidate_000016_june2024_preflight,pa1_candidate_000016
2024-06-04T15:00,35.3,54.0,617.0,439.0,178.0,1.87,100570.0,24.4,2.65,0.51,37.2,0.146,0,1,0,1.0,37.34649977439156,59.79723352826216,0.026683310735624254,36.25743115927417,0.28656686277498883,60558.4672,2.5706501445681185,524.4499999999999,0.004587912612581855,2.2443062788452723e-05,0.843005325771536,0.0,0.0,1.1283769089266453,lhs_candidate_000016_june2024_preflight,pa1_candidate_000016
2024-06-04T16:00,32.7,64.0,276.0,103.0,173.0,2.19,100640.0,25.1,1.77,0.25,35.6,0.15,0,1,0,1.0,34.73799676420243,63.10067439382571,0.02461035527852311,36.429247048551076,0.28362826092199306,30374.555199999995,2.0448750431394407,234.6,0.004965901615794988,1.029234179547472e-05,0.824865808160451,0.0,0.0,1.1387288373933977,lhs_candidate_000016_june2024_preflight,pa1_candidate_000016
2024-06-04T17:00,32.3,67.0,175.0,96.0,79.0,0.57,100660.0,25.5,1.57,0.14,34.4,0.15,0,1,0,1.0,33.16762205049555,70.28213442846392,0.025244268477254507,36.40408202971191,0.2821176043085418,18179.4096,1.5089649395035583,148.75,0.0028341988914699465,6.562214437493247e-06,0.8155407673366779,0.0,0.0,1.1447941275074611,lhs_candidate_000016_june2024_preflight,pa1_candidate_000016
2024-06-04T18:00,31.9,69.0,64.0,33.0,31.0,0.41,100610.0,25.5,1.46,0.05,33.5,0.15,1,1,0,1.0,32.414675601703884,70.78321942655181,0.024431301022845776,36.293330946396566,0.28127441892202404,6722.6544,1.422078249705046,54.4,0.0024811326002023215,2.8325920412992974e-06,0.8103359192717533,0.0,0.0,1.1470449864773762,lhs_candidate_000016_june2024_preflight,pa1_candidate_000016
2024-06-04T19:00,31.3,74.0,0.0,0.0,0.0,0.94,100760.0,26.0,1.21,0.03,32.6,0.15,0,0,0,1.0,31.673252337810382,74.33930014899995,0.02466607498318005,36.11768699752054,0.2905613883400396,0.0,1.1977601887832372,0.0,0.0015361681657205006,6.602570929432929e-07,0.8676628909878986,0.0,0.0,1.1515492454962912,lhs_candidate_000016_june2024_preflight,pa1_candidate_000016
2024-06-04T20:00,30.9,77.0,0.0,0.0,0.0,0.92,100750.0,26.5,1.02,0.0,32.0,0.15,0,0,0,1.0,31.13261374115287,77.06461002765285,0.024841646395249488,35.911554894436115,0.290450154982868,0.0,1.0381984182485517,0.0,0.0014321550437496385,5.718468709625059e-07,0.8669762653263459,0.0,0.0,1.1534807880989184,lhs_candidate_000016_june2024_preflight,pa1_candidate_000016
2024-06-04T21:00,30.6,80.0,0.0,0.0,0.0,1.08,100780.0,26.9,0.86,0.0,31.5,0.15,0,0,0,1.0,30.78356315252025,79.93557171583916,0.02528896416100065,35.700428007047414,0.2903547634501658,0.0,0.8903650659612996,0.0,0.0016112338960519036,4.900861528003005e-07,0.8663874287047272,0.0,0.0,1.155149358532418,lhs_candidate_000016_june2024_preflight,pa1_candidate_000016
2024-06-04T22:00,30.4,82.0,0.0,0.0,0.0,1.06,100830.0,27.1,0.77,0.0,31.2,0.15,0,0,0,1.0,30.542347438996078,82.08319633578054,0.025633682485236044,35.488442297199946,0.290272132646576,0.0,0.7841927619789497,0.0,0.0015629614845845462,4.313913104396519e-07,0.865877362015901,0.0,0.0,1.1566404262609957,lhs_candidate_000016_june2024_preflight,pa1_candidate_000016
2024-06-04T23:00,30.2,84.0,0.0,0.0,0.0,1.03,100850.0,27.2,0.68,0.0,30.9,0.15,0,0,0,1.0,30.340993652823027,83.99749965594972,0.02594847981406127,35.27794658249844,0.29019908169840586,0.0,0.6923902112310345,0.0,0.0015224362104214986,3.8069156285766353e-07,0.8654264302370732,0.0,0.0,1.1576373856705702,lhs_candidate_000016_june2024_preflight,pa1_candidate_000016
2024-06-05T00:00,30.0,85.0,0.0,0.0,0.0,0.89,100830.0,27.2,0.62,0.0,30.7,0.15,0,0,0,1.0,30.143549767313786,85.16960761658889,0.02603175125336257,35.06934483771673,0.29013365281683695,0.0,0.6344629417939682,0.0,0.0013399124227809484,3.486790602012054e-07,0.8650225482520799,0.0,0.0,1.1581612812522093,lhs_candidate_000016_june2024_preflight,pa1_candidate_000016
2024-06-05T01:00,29.8,86.0,0.0,0.0,0.0,0.81,100770.0,27.2,0.59,0.0,30.5,0.149,0,0,0,1.0,29.945898599648032,86.16744071830922,0.026056925581923737,34.862600172604054,0.29007336395413386,0.0,0.5851056391029723,0.0,0.0012381028387767631,3.2141564017249105e-07,0.8646503947786041,0.0,0.0,1.1582269011149404,lhs_candidate_000016_june2024_preflight,pa1_candidate_000016
2024-06-05T02:00,29.6,89.0,0.0,0.0,0.0,0.81,100750.0,27.6,0.45,0.0,30.3,0.149,0,0,0,1.0,29.748986048124046,88.59562769932124,0.026507195491531722,34.6576448606154,0.29002042715121024,0.0,0.476971470589572,0.0,0.0012402759066356,2.6191535781018013e-07,0.8643236243901866,0.0,0.0,1.1587498316920086,lhs_candidate_000016_june2024_preflight,pa1_candidate_000016
2024-06-05T03:00,29.5,89.0,0.0,0.0,0.0,0.85,100720.0,27.5,0.46,0.0,30.2,0.149,0,0,0,1.0,29.610150643557105,89.22706186750476,0.02649600959001772,34.455102654263634,0.2899755133859737,0.0,0.4469803833112005,0.0,0.0012660198328525874,2.453678717974977e-07,0.8640463789257636,0.0,0.0,1.158935999166139,lhs_candidate_000016_june2024_preflight,pa1_candidate_000016
2024-06-05T04:00,29.4,89.0,0.0,0.0,0.0,0.95,100730.0,27.4,0.44,0.0,30.1,0.149,0,0,0,1.0,29.504399048721922,89.19576749541557,0.02633521156295326,34.256576356316884,0.2899314513532682,0.0,0.44555896087615965,0.0,0.001394983528565477,2.445105961168045e-07,0.8637743910695568,0.0,0.0,1.159456052623501,lhs_candidate_000016_june2024_preflight,pa1_candidate_000016
2024-06-05T05:00,29.2,89.0,0.0,0.0,0.0,1.02,100760.0,27.3,0.43,0.0,29.9,0.149,0,0,0,1.0,29.34303420772843,89.04456341711881,0.026061209890671278,34.06162535075374,0.2898873045185433,0.0,0.4476142848097733,0.0,0.0015105860377063161,2.4556100554396697e-07,0.8635018797440943,0.0,0.0,1.160420064411397,lhs_candidate_000016_june2024_preflight,pa1_candidate_000016
2024-06-05T06:00,29.2,89.0,25.0,13.0,12.0,1.17,100760.0,27.2,0.43,0.02,29.9,0.149,1,0,0,1.0,29.308491104132848,90.43754435531034,0.02641926261541872,33.87706943651701,0.28976717583309497,2622.1888,0.38992299775440253,21.25,0.0016933109029656438,1.087307628112454e-06,0.8627603446487344,0.0,0.0,1.1605525933754641,lhs_candidate_000016_june2024_preflight,pa1_candidate_000016
2024-06-05T07:00,30.2,83.0,185.0,123.0,62.0,0.98,100870.0,26.9,0.74,0.13,30.9,0.149,0,0,0,1.0,30.172361033204613,96.73307574612498,0.029612108242877827,33.75968425265323,0.2986491988440667,18461.308800000003,0.13999403448564784,157.25,0.0013890142014813328,6.95691111762441e-06,0.9175876471855969,1.2876563107938646e-06,0.0,1.1585106799993705,lhs_candidate_000016_june2024_preflight,pa1_candidate_000016
2024-06-05T08:00,32.0,69.0,414.0,327.0,87.0,0.64,100910.0,25.6,1.47,0.31,32.3,0.148,0,0,0,1.0,32.12360989115574,100.0,0.03398609159235329,33.794210451121394,0.29665582705565063,39492.8688,0.0,351.9,0.0010052372096794847,1.5179484291896958e-05,0.9052828830595718,1.0435325574253195e-06,0.0,1.1515621786320898,lhs_candidate_000016_june2024_preflight,pa1_candidate_000016
2024-06-05T09:00,33.4,62.0,624.0,526.0,98.0,0.64,100870.0,25.0,1.96,0.48,34.0,0.147,0,1,0,1.0,34.18791302447704,80.64312714570899,0.03056127989133817,34.008705283841095,0.2932308138579668,58359.875199999995,1.0404643842827257,530.4,0.0028439433037975147,2.292934052795731e-05,0.8841408262837456,0.0,0.0,1.1433740513218296,lhs_candidate_000016_june2024_preflight,pa1_candidate_000016
2024-06-05T10:00,34.5,57.0,795.0,683.0,112.0,0.63,100840.0,24.7,2.37,0.62,35.5,0.146,0,1,0,1.0,35.90661026391249,74.627360157934,0.030925849029410084,34.37398494223585,0.2886051385778538,73900.4288,1.4996812071733832,675.75,0.0031527542424645274,2.8364055073766028e-05,0.8555872751719371,0.0,0.0,1.1366774618748547,lhs_candidate_000016_june2024_preflight,pa1_candidate_000016
2024-06-05T11:00,35.4,54.0,905.0,782.0,123.0,1.03,100800.0,24.7,2.63,0.72,36.7,0.145,0,1,0,1.0,37.282078795662144,68.24514810323606,0.030352895465891875,34.84743407998538,0.28323728618105426,83967.43519999999,2.023376658360789,769.25,0.003666537754791189,3.1203394711216456e-05,0.8224523838336683,0.0,0.0,1.1311921633460635,lhs_candidate_000016_june2024_preflight,pa1_candidate_000016
2024-06-05T12:00,35.5,54.0,831.0,696.0,135.0,1.62,100740.0,24.8,2.64,0.67,37.2,0.143,0,1,0,1.0,37.71419979518238,62.451017714124625,0.02839543639868751,35.341366517561475,0.2779276300636157,77877.624,2.449343036647485,706.35,0.004354686826453677,2.7806854629680133e-05,0.7896767287877513,0.0,0.0,1.1289473416295113,lhs_candidate_000016_june2024_preflight,pa1_candidate_000016
2024-06-05T13:00,35.1,56.0,805.0,547.0,258.0,1.48,100700.0,24.9,2.5,0.65,37.3,0.142,0,1,0,1.0,37.48729210604799,63.05273491256553,0.02833909704058758,35.79121179156306,0.2730925061638096,79917.0592,2.3806177814471345,684.25,0.004258298310971791,2.5922563684895815e-05,0.7598302849617876,0.0,0.0,1.1293234017158644,lhs_candidate_000016_june2024_preflight,pa1_candidate_000016
2024-06-05T14:00,35.2,54.0,550.0,255.0,295.0,1.24,100620.0,24.6,2.59,0.46,37.1,0.141,0,1,0,1.0,37.00195202840335,59.9947070925019,0.026303516671123548,36.13704743383536,0.2691905627905921,58778.808000000005,2.5105250386545626,467.5,0.0038368516400170017,1.7562858234653882e-05,0.7357442147567415,0.0,0.0,1.1301920366369527,lhs_candidate_000016_june2024_preflight,pa1_candidate_000016
2024-06-05T15:00,34.0,59.0,452.0,267.0,185.0,1.0,100640.0,24.9,2.16,0.37,36.5,0.144,0,1,0,1.0,35.90210181982938,62.81975039235942,0.02602666905087038,36.352612945822514,0.26633769429556003,46284.744000000006,2.1970406440973327,384.2,0.003650612489748033,1.4149072116452253e-05,0.7181339154046916,0.0,0.0,1.134439592994825,lhs_candidate_000016_june2024_preflight,pa1_candidate_000016
2024-06-05T16:00,31.1,80.0,284.0,151.0,133.0,1.0,100700.0,27.2,0.92,0.22,35.0,0.157,0,1,0,1.0,33.324476830088216,77.11649542353607,0.027929096218853307,36.43611427972609,0.26428843616791425,29671.259199999997,1.1721903776850282,241.4,0.003772407670968902,8.640187955010919e-06,0.7054841738760139,0.0,0.0,1.1446628999892168,lhs_candidate_000016_june2024_preflight,pa1_candidate_000016
2024-06-05T17:00,30.7,80.0,153.0,74.0,79.0,1.63,100770.0,26.9,0.87,0.13,33.6,0.172,0,1,0,1.0,31.640779670003422,79.98883987389178,0.026494655806234117,36.364261146004004,0.26309101302971316,16243.409599999999,0.9323407819475866,130.04999999999998,0.0039947724122739005,4.73940821639612e-06,0.6980926730229208,0.0,0.0,1.1517862310526719,lhs_candidate_000016_june2024_preflight,pa1_candidate_000016
2024-06-05T18:00,30.0,83.0,44.0,18.0,26.0,1.66,100810.0,26.7,0.74,0.05,32.3,0.178,1,1,0,1.0,30.624534990888783,81.72187275229267,0.025633973551138306,36.19513981011948,0.26252168937790105,4786.7424,0.8037711020848275,37.4,0.003929700414495862,1.5924754423936993e-06,0.6945783294932163,0.0,0.0,1.1560981302524305,lhs_candidate_000016_june2024_preflight,pa1_candidate_000016
2024-06-05T19:00,29.7,81.0,0.0,0.0,0.0,1.51,100900.0,26.0,0.81,0.03,31.3,0.178,0,0,0,1.0,29.980396940206013,80.9528409456778,0.024525746811925663,35.965266834243515,0.2719485112559658,0.0,0.8072750833417501,0.0,0.0022234686394167116,3.860781418762229e-07,0.752768587999789,0.0,0.0,1.1595891065259651,lhs_candidate_000016_june2024_preflight,pa1_candidate_000016
2024-06-05T20:00,29.6,80.0,0.0,0.0,0.0,1.4,100990.0,25.8,0.83,0.01,30.9,0.178,0,0,0,1.0,29.728485705869925,80.27635902545174,0.02399147150097592,35.71928301334018,0.27187824334635513,0.0,0.8239416152354031,0.0,0.0020148467671462157,3.9382183189361413e-07,0.752334835471328,0.0,0.0,1.1615887459167347,lhs_candidate_000016_june2024_preflight,pa1_candidate_000016
2024-06-05T21:00,29.5,81.0,0.0,0.0,0.0,1.17,101070.0,25.8,0.8,0.0,30.5,0.179,0,0,0,1.0,29.612328294187876,81.15177965906776,0.0241008970851246,35.477621555836755,0.2718088961586043,0.0,0.7821301934404508,0.0,0.001695173843294528,3.7362439327286365e-07,0.7519067664111377,0.0,0.0,1.16295491401167,lhs_candidate_000016_june2024_preflight,pa1_candidate_000016
2024-06-05T22:00,29.3,81.0,0.0,0.0,0.0,1.12,101060.0,25.7,0.77,0.0,30.2,0.179,0,0,0,1.0,29.450672987707954,81.23634232453712,0.023915334253510976,35.24102541703014,0.27174227078873386,0.0,0.7714098680595711,0.0,0.001647490143921099,3.683017239717055e-07,0.751495498695888,0.0,0.0,1.1634610619165877,lhs_candidate_000016_june2024_preflight,pa1_candidate_000016
2024-06-05T23:00,28.6,86.0,0.0,0.0,0.0,1.32,101060.0,26.1,0.54,0.0,29.9,0.179,0,0,0,1.0,28.958794975346365,84.64321093249708,0.024260443780261844,35.0043054865617,0.27168170587890866,0.0,0.6136801897126811,0.0,0.002006092121116003,2.928495472724619e-07,0.7511216412278313,0.0,0.0,1.1653553494186857,lhs_candidate_000016_june2024_preflight,pa1_candidate_000016
2024-06-06T00:00,28.1,89.0,0.0,0.0,0.0,1.24,101030.0,26.1,0.42,0.0,29.5,0.178,0,0,0,1.0,28.410050708183945,87.86234731728328,0.024439600348878484,34.75968442044085,0.2716355732887787,0.0,0.46986329208710886,0.0,0.0018818041312118087,2.2413479747547752e-07,0.7508368721529549,0.0,0.0,1.1671293597916848,lhs_candidate_000016_june2024_preflight,pa1_candidate_000016
2024-06-06T01:00,27.9,90.0,0.0,0.0,0.0,1.17,100930.0,26.2,0.37,0.0,29.2,0.178,0,0,0,1.0,28.090117264553893,89.46973365731799,0.024454200306585794,34.51098531587852,0.27159869915566043,0.0,0.40013006997202405,0.0,0.0017340565768122936,1.908127024513031e-07,0.7506092540472866,0.0,0.0,1.1672124574600604,lhs_candidate_000016_june2024_preflight,pa1_candidate_000016
2024-06-06T02:00,27.7,92.0,0.0,0.0,0.0,1.17,100860.0,26.3,0.3,0.0,28.8,0.178,0,0,0,1.0,27.87891878979801,91.29333350475235,0.02466492183658453,34.26418204130053,0.27156739679673925,0.0,0.32679282423422906,0.0,0.0017286147369493926,1.5579976277024831e-07,0.7504160296095015,0.0,0.0,1.167221272347449,lhs_candidate_000016_june2024_preflight,pa1_candidate_000016
2024-06-06T03:00,27.5,92.0,0.0,0.0,0.0,1.12,100840.0,26.1,0.28,0.0,28.5,0.178,0,0,0,1.0,27.6784096002172,91.5935946279478,0.02447464353718179,34.02045584814007,0.271540317142363,0.0,0.3118545992973023,0.0,0.0016622252280883358,1.486447867108576e-07,0.7502488712491543,0.0,0.0,1.1677676446758591,lhs_candidate_000016_june2024_preflight,pa1_candidate_000016
2024-06-06T04:00,27.5,92.0,0.0,0.0,0.0,1.02,100860.0,26.1,0.3,0.0,28.3,0.178,0,0,0,1.0,27.596974901256406,91.8676268664565,0.02443804511130128,33.78115023697651,0.2715141263363516,0.0,0.3002577558344517,0.0,0.0014848460833805244,1.4308633718569757e-07,0.7500871996071086,0.0,0.0,1.1683155174497388,lhs_candidate_000016_june2024_preflight,pa1_candidate_000016
2024-06-06T05:00,27.9,91.0,0.0,0.0,0.0,1.1,100920.0,26.2,0.35,0.0,28.2,0.178,0,0,0,1.0,27.8213442391695,91.575119853364,0.024662875020185493,33.552314955643325,0.2714880560196165,0.0,0.31515687899047906,0.0,0.001583005102774206,1.5015421824034725e-07,0.7499262717260279,0.0,0.0,1.1681390509461465,lhs_candidate_000016_june2024_preflight,pa1_candidate_000016
2024-06-06T06:00,28.1,91.0,21.0,8.0,13.0,1.2,100950.0,26.4,0.36,0.02,28.4,0.178,1,0,0,1.0,28.115343335427628,92.25105084058448,0.02524931949629423,33.34623290344565,0.271404212163642,2305.3712,0.29487777934197545,17.849999999999998,0.0016878700935337905,7.777929964797728e-07,0.7494087170595186,0.0,0.0,1.1673459945212865,lhs_candidate_000016_june2024_preflight,pa1_candidate_000016
2024-06-06T07:00,29.3,87.0,167.0,87.0,80.0,1.1,100970.0,26.9,0.54,0.12,30.5,0.178,0,0,0,1.0,29.191454231759487,97.25736497337294,0.028231286920032277,33.21050635761165,0.28044722964715013,17510.592,0.1110824879269976,141.95,0.001598742582743488,5.503216717409099e-06,0.8052298126367292,1.3800195827326593e-07,0.0,1.1634215592342567,lhs_candidate_000016_june2024_preflight,pa1_candidate_000016
2024-06-06T08:00,30.1,80.0,359.0,210.0,149.0,0.85,101030.0,26.3,0.86,0.26,30.9,0.178,0,1,0,1.0,30.60365462121049,100.0,0.031332115780739356,33.2110548201067,0.27890972862827174,36834.177599999995,0.0,305.15,0.002894322638623329,1.157011019592395e-05,0.7957390656066157,1.2886838111199802e-09,0.0,1.1587007549281814,lhs_candidate_000016_june2024_preflight,pa1_candidate_000016
2024-06-06T09:00,32.0,65.0,551.0,405.0,146.0,0.92,101010.0,24.6,1.66,0.42,32.3,0.176,0,1,0,1.0,32.61205391242898,80.45327750494336,0.028061128684181726,33.36387224204177,0.2762745824448003,53624.6304,0.9620344717626925,468.34999999999997,0.0030275982141435877,1.7871431548561414e-05,0.7794727311407426,0.0,0.0,1.150861953425385,lhs_candidate_000016_june2024_preflight,pa1_candidate_000016
2024-06-06T10:00,33.6,56.0,779.0,643.0,136.0,0.61,100980.0,23.6,2.28,0.6,34.2,0.174,0,1,0,1.0,34.88781090443616,72.5648619290587,0.028523317331652875,33.689984488321514,0.27244362655057797,73336.8064,1.533050793605673,662.15,0.0030837684351275713,2.4583004653463878e-05,0.7558248552504813,0.0,0.0,1.142020202672423,lhs_candidate_000016_june2024_preflight,pa1_candidate_000016
2024-06-06T11:00,34.5,53.0,914.0,794.0,120.0,0.92,100920.0,23.5,2.57,0.71,35.6,0.172,0,1,0,1.0,36.57321114196289,65.48013210531248,0.028083652931031145,34.1625004957224,0.26771353518145047,84653.888,2.116209374724419,776.9,0.0036451396271618506,2.7875544179927184e-05,0.7266267603793239,0.0,0.0,1.1351308774219795,lhs_candidate_000016_june2024_preflight,pa1_candidate_000016
2024-06-06T12:00,35.0,52.0,952.0,811.0,141.0,1.48,100830.0,23.6,2.7,0.76,36.5,0.169,0,1,0,1.0,37.50407079829076,60.296765633216324,0.027123648543344647,34.702427724150176,0.2626857890437928,88736.7184,2.560523306148658,809.1999999999999,0.004291646795737556,2.7951842239896865e-05,0.6955912903937828,0.0,0.0,1.130720242266259,lhs_candidate_000016_june2024_preflight,pa1_candidate_000016
2024-06-06T13:00,35.1,52.0,862.0,700.0,162.0,1.32,100730.0,23.7,2.72,0.69,36.8,0.167,0,1,0,1.0,37.71212965150128,58.40787174909428,0.02655428339194885,35.22492184568103,0.25797603919520207,81555.54879999999,2.712775602198368,732.6999999999999,0.004167958514792125,2.4418496949487317e-05,0.6665187604642103,0.0,0.0,1.1288427935032461,lhs_candidate_000016_june2024_preflight,pa1_candidate_000016
2024-06-06T14:00,34.5,55.0,726.0,441.0,285.0,1.0,100690.0,24.1,2.48,0.58,36.6,0.165,0,1,0,1.0,37.12161501968861,59.63968237053356,0.02630861739671639,35.661378463280705,0.253990953010926,73914.984,2.5493591956467614,617.1,0.0038972316157861644,1.9914801472864793e-05,0.6419194630304075,0.0,0.0,1.1305421098941346,lhs_candidate_000016_june2024_preflight,pa1_candidate_000016
2024-06-06T15:00,34.3,56.0,551.0,389.0,162.0,0.8,100680.0,24.3,2.38,0.44,36.2,0.164,0,1,0,1.0,36.36637832756989,60.298011407240956,0.02558736474298188,35.97544306685804,0.25086935628194346,54187.5488,2.4065238547725554,468.34999999999997,0.0035515355653121137,1.4847286016328887e-05,0.6226503474194041,0.0,0.0,1.1331881402961934,lhs_candidate_000016_june2024_preflight,pa1_candidate_000016
2024-06-06T16:00,31.5,70.0,320.0,143.0,177.0,0.45,100690.0,25.4,1.38,0.25,34.9,0.172,0,1,0,1.0,33.94097198677875,68.10773541903785,0.02547893394606983,36.12675301988101,0.24876521937783044,34387.2848,1.690864964426773,272.0,0.0035035438903732573,8.556455915024274e-06,0.6096618480112991,0.0,0.0,1.142251509431288,lhs_candidate_000016_june2024_preflight,pa1_candidate_000016
2024-06-06T17:00,30.4,76.0,152.0,65.0,87.0,0.71,100710.0,25.8,1.03,0.12,33.3,0.174,0,1,0,1.0,31.718777954950557,74.94681030737225,0.024928128290836335,36.087364187094664,0.24762602333822997,16436.8688,1.1724226468808232,129.2,0.003179342330404176,4.1588136381421885e-06,0.6026297736927776,0.0,0.0,1.1508059398894477,lhs_candidate_000016_june2024_preflight,pa1_candidate_000016
2024-06-06T18:00,30.1,76.0,32.0,8.0,24.0,0.64,100820.0,25.4,1.03,0.04,32.3,0.174,1,1,0,1.0,30.614166000568016,75.75887548574346,0.02375028716922407,35.92366160699916,0.24714759742331333,3660.3776,1.0653599184351643,27.2,0.0026814310896038497,1.183099228202598e-06,0.5996765273044032,0.0,0.0,1.1562522784764506,lhs_candidate_000016_june2024_preflight,pa1_candidate_000016
2024-06-06T19:00,29.7,76.0,0.0,0.0,0.0,0.73,100910.0,25.1,0.99,0.02,31.4,0.173,0,0,0,1.0,30.005783146998528,76.64333189557848,0.023252013179671488,35.70140086967034,0.2566105043604313,0.0,0.9913674064184348,0.0,0.0012496827175514215,4.1448784354193397e-07,0.6580895330890822,0.0,0.0,1.159606917723491,lhs_candidate_000016_june2024_preflight,pa1_candidate_000016
2024-06-06T20:00,29.4,78.0,0.0,0.0,0.0,0.7,100970.0,25.1,0.91,0.0,30.9,0.173,0,0,0,1.0,29.614146643426665,78.06844469277199,0.023187477501547024,35.46407301954693,0.2565384296421304,0.0,0.910172185923734,0.0,0.0011502709116196798,3.802830900775023e-07,0.6576446274205582,0.0,0.0,1.1617972933820733,lhs_candidate_000016_june2024_preflight,pa1_candidate_000016
2024-06-06T21:00,28.8,86.0,0.0,0.0,0.0,0.85,101020.0,26.2,0.56,0.0,30.5,0.173,0,0,0,1.0,29.13227002550138,84.19434108659281,0.024360854904704764,35.22363881191486,0.2564791274798588,0.0,0.6379793305691668,0.0,0.0014070493414548722,2.6640860947648303e-07,0.6572785646904864,0.0,0.0,1.1642255821213527,lhs_candidate_000016_june2024_preflight,pa1_candidate_000016
2024-06-06T22:00,28.9,85.0,0.0,0.0,0.0,0.89,101050.0,26.1,0.6,0.0,29.9,0.173,0,0,0,1.0,28.966197638686623,85.44790349994035,0.02450096683150767,34.98069447440364,0.25643497665236503,0.0,0.5817723710283857,0.0,0.0012903717142534116,2.4283686915327225e-07,0.6570060287183027,0.0,0.0,1.165211484673761,lhs_candidate_000016_june2024_preflight,pa1_candidate_000016
2024-06-06T23:00,28.6,87.0,0.0,0.0,0.0,0.72,101010.0,26.3,0.49,0.0,29.5,0.173,0,0,0,1.0,28.798294662740627,86.60567315181488,0.02460661597412347,34.74372301311496,0.2563926644743047,0.0,0.5303111136873961,0.0,0.0011631259540523585,2.212684927555635e-07,0.6567448424339797,0.0,0.0,1.1653979203361862,lhs_candidate_000016_june2024_preflight,pa1_candidate_000016
2024-06-07T00:00,28.4,88.0,0.0,0.0,0.0,0.63,100950.0,26.2,0.48,0.0,29.2,0.173,0,0,0,1.0,28.574671442580648,87.83155498829818,0.02465200435684945,34.50892469252792,0.256355067105067,0.0,0.4755752845854806,0.0,0.0010367265345260094,1.983602403477317e-07,0.656512759907821,0.0,0.0,1.1655688948114993,lhs_candidate_000016_june2024_preflight,pa1_candidate_000016
2024-06-07T01:00,28.4,87.0,0.0,0.0,0.0,0.67,100840.0,26.0,0.51,0.0,28.9,0.173,0,0,0,1.0,28.489451819264143,87.53637299213194,0.024454937008742263,34.277943383422965,0.25631944597895157,0.0,0.484710348984295,0.0,0.001015869209211565,2.0210272101392158e-07,0.6562928764132813,0.0,0.0,1.1646277740251305,lhs_candidate_000016_june2024_preflight,pa1_candidate_000016
2024-06-07T02:00,28.6,85.0,0.0,0.0,0.0,0.67,100780.0,25.8,0.59,0.0,28.6,0.173,0,0,0,1.0,28.592963262476413,86.14984202470079,0.024204178134669237,34.05568938348954,0.25628117468642586,0.0,0.5418754038615892,0.0,0.0009444165347851526,2.2585668410447836e-07,0.6560566338668263,0.0,0.0,1.163535536060555,lhs_candidate_000016_june2024_preflight,pa1_candidate_000016
2024-06-07T03:00,28.5,84.0,0.0,0.0,0.0,0.76,100740.0,25.6,0.61,0.0,28.5,0.173,0,0,0,1.0,28.599012154600146,84.68650759076849,0.023800914635227235,33.84417558129676,0.25623819002287795,0.0,0.5993371984000442,0.0,0.001140379035846906,2.497060471753971e-07,0.6557912964375182,0.0,0.0,1.1630504088833558,lhs_candidate_000016_june2024_preflight,pa1_candidate_000016
2024-06-07T04:00,28.6,84.0,0.0,0.0,0.0,0.95,100710.0,25.6,0.63,0.0,28.3,0.173,0,0,0,1.0,28.625860883627734,84.48490056433448,0.023779114840084055,33.640021646269275,0.2561927531397973,0.0,0.6081733047193025,0.0,0.0013465063657647554,2.532791249360783e-07,0.6555108218506005,0.0,0.0,1.1626006120240633,lhs_candidate_000016_june2024_preflight,pa1_candidate_000016
2024-06-07T05:00,28.1,88.0,0.0,0.0,0.0,1.0,100740.0,25.9,0.46,0.0,28.1,0.173,0,0,0,1.0,28.360789602502656,86.99168746690665,0.024132256994886393,33.441325129262935,0.25615033714041935,0.0,0.5021294715905262,0.0,0.0015503787112329966,2.0903271122612434e-07,0.6552489946939466,0.0,0.0,1.163969330680441,lhs_candidate_000016_june2024_preflight,pa1_candidate_000016
2024-06-07T06:00,28.4,87.0,24.0,8.0,16.0,1.14,100800.0,25.9,0.52,0.02,28.2,0.173,1,0,0,1.0,28.413453169326512,88.49187972683686,0.02461929377020281,33.25060995849845,0.25605838613290927,2674.9184,0.44558131967102765,20.4,0.0016032603613012793,8.217071930096498e-07,0.654681395882156,0.0,0.0,1.1644591912392876,lhs_candidate_000016_june2024_preflight,pa1_candidate_000016
2024-06-07T07:00,29.5,80.0,180.0,115.0,65.0,1.02,100850.0,25.7,0.82,0.13,30.1,0.172,0,0,0,1.0,29.475872685799146,90.86901193162421,0.026787734853828557,33.13140063987335,0.26511035937921823,18126.855999999996,0.3759375625995629,153.0,0.0014423388863366356,5.349882987637978e-06,0.7105577739457916,0.0,0.0,1.1609467404381122,lhs_candidate_000016_june2024_preflight,pa1_candidate_000016
2024-06-07T08:00,31.0,69.0,375.0,279.0,96.0,0.8,100890.0,24.7,1.39,0.28,31.2,0.172,0,0,0,1.0,31.32396883436332,91.2572729729034,0.029719604498111514,33.15595095653707,0.26365268104846906,36377.5104,0.40007768754790085,318.75,0.001341652889263632,1.0833684831196163e-05,0.701559759558451,0.0,0.0,1.1543576955295354,lhs_candidate_000016_june2024_preflight,pa1_candidate_000016
2024-06-07T09:00,32.5,62.0,610.0,488.0,122.0,0.51,100860.0,24.2,1.88,0.46,33.0,0.17,0,1,0,1.0,33.46011538594554,75.51343643268918,0.027544588526760276,33.35591585251183,0.2610940698933415,57972.252799999995,1.263857410815291,518.5,0.002843245547671537,1.7493160182276487e-05,0.685765863539145,0.0,0.0,1.1459744475844227,lhs_candidate_000016_june2024_preflight,pa1_candidate_000016
2024-06-07T10:00,33.6,57.0,740.0,586.0,154.0,0.2,100820.0,23.9,2.23,0.57,34.4,0.168,0,1,0,1.0,35.241693004483444,69.14934719128446,0.02768557608662292,33.70654394081099,0.25765492124669215,70538.08959999999,1.7579406758974176,629.0,0.00306441869628818,2.0659146099321497e-05,0.6645365509055071,0.0,0.0,1.1389023019259772,lhs_candidate_000016_june2024_preflight,pa1_candidate_000016
2024-06-07T11:00,34.4,54.0,878.0,697.0,181.0,0.22,100750.0,23.9,2.48,0.68,35.7,0.166,0,1,0,1.0,36.63110726416747,64.56408876251348,0.027773295522559818,34.16282321200868,0.25366149711758057,83632.0144,2.1792478574197647,746.3,0.0033349128505510564,2.3640541114342804e-05,0.6398857846764233,0.0,0.0,1.1330069551453963,lhs_candidate_000016_june2024_preflight,pa1_candidate_000016
2024-06-07T12:00,34.9,53.0,933.0,750.0,183.0,0.61,100690.0,24.0,2.61,0.73,36.5,0.164,0,1,0,1.0,37.56890860814934,60.88300028223637,0.027478135422134623,34.68925738625057,0.2493560790852963,88542.3792,2.5316061295718533,793.05,0.003654437750312328,2.416216431714415e-05,0.6133091301561501,0.0,0.0,1.1289146446088525,lhs_candidate_000016_june2024_preflight,pa1_candidate_000016
2024-06-07T13:00,35.0,54.0,892.0,651.0,241.0,1.12,100590.0,24.2,2.61,0.71,36.8,0.162,0,1,0,1.0,37.85987788380247,58.621468321789415,0.02685273776920696,35.218370852590944,0.24518075444732793,86974.95839999999,2.7205257583986797,758.1999999999999,0.004067120500691708,2.2241654084871578e-05,0.587535521279802,0.0,0.0,1.126738344470428,lhs_candidate_000016_june2024_preflight,pa1_candidate_000016
2024-06-07T14:00,34.5,55.0,742.0,464.0,278.0,1.02,100470.0,24.3,2.43,0.59,36.6,0.16,0,1,0,1.0,37.307568050837965,57.87069679606583,0.025772292590604793,35.67259633850551,0.24156830192733378,75076.7072,2.6881442774442004,630.6999999999999,0.003972575134294644,1.795192635495093e-05,0.5652364316502085,0.0,0.0,1.1273962863317357,lhs_candidate_000016_june2024_preflight,pa1_candidate_000016
2024-06-07T15:00,33.9,58.0,466.0,159.0,307.0,1.22,100510.0,24.5,2.22,0.38,35.9,0.159,0,1,0,1.0,36.06550795339263,58.821483581937144,0.024576665735837017,35.96725252179535,0.23895039401702442,51808.99679999999,2.455221376625473,396.09999999999997,0.003939931706169038,1.1219611737191982e-05,0.5490765062779286,0.0,0.0,1.1323754754319226,lhs_candidate_000016_june2024_preflight,pa1_candidate_000016
2024-06-07T16:00,32.3,64.0,335.0,146.0,189.0,0.98,100520.0,24.7,1.72,0.27,35.0,0.161,0,1,0,1.0,34.28801539502354,63.431071310100556,0.024164684660027327,36.096324265279314,0.23722446417724585,36129.473600000005,1.9766082178535638,284.75,0.003668710581194579,7.98147974287477e-06,0.5384226183780608,0.0,0.0,1.139035764708824,lhs_candidate_000016_june2024_preflight,pa1_candidate_000016
2024-06-07T17:00,32.0,66.0,200.0,110.0,90.0,1.63,100570.0,24.7,1.63,0.18,34.0,0.16,0,1,0,1.0,33.07606756866716,65.84236994475943,0.02353557665199853,36.101158886535806,0.23606978594991065,20766.415999999997,1.7255239129384452,170.0,0.004036470833754093,4.886098046371583e-06,0.5312949749994486,0.0,0.0,1.1441125291184029,lhs_candidate_000016_june2024_preflight,pa1_candidate_000016
2024-06-07T18:00,31.5,68.0,52.0,16.0,36.0,1.51,100570.0,24.8,1.48,0.07,33.0,0.16,1,1,0,1.0,32.126431466695024,67.2124189041992,0.022846302163993068,35.999904313366784,0.23548364034482655,5842.5664,1.5701485789050125,44.199999999999996,0.003738698948554083,1.6377135751142565e-06,0.5276767922520158,0.0,0.0,1.1476715675844564,lhs_candidate_000016_june2024_preflight,pa1_candidate_000016
2024-06-07T19:00,30.9,73.0,0.0,0.0,0.0,1.41,100660.0,25.5,1.2,0.04,32.2,0.16,0,0,0,1.0,31.28491987000283,72.08780688168031,0.02342770588806549,35.821180201520605,0.24489271970165766,0.0,1.274465497930378,0.0,0.002131990804153467,4.742836356386795e-07,0.5857575290225782,0.0,0.0,1.1518738225733025,lhs_candidate_000016_june2024_preflight,pa1_candidate_000016
2024-06-07T20:00,30.4,77.0,0.0,0.0,0.0,1.22,100740.0,25.9,0.99,0.01,31.5,0.159,0,0,0,1.0,30.683218470303366,76.24044103685839,0.02399019737420917,35.613801483284256,0.24481519408857957,0.0,1.0483197198247085,0.0,0.0018426953216883364,3.8980630297381107e-07,0.5852789758554295,0.0,0.0,1.1550722259187671,lhs_candidate_000016_june2024_preflight,pa1_candidate_000016
2024-06-07T21:00,29.8,82.0,0.0,0.0,0.0,1.12,100750.0,26.4,0.74,0.0,30.7,0.159,0,0,0,1.0,30.12327177712183,80.81774944811849,0.024674587734580856,35.39770870964846,0.24475263114814838,0.0,0.8196879562550761,0.0,0.0017336110382701194,3.0459095038921805e-07,0.5848927848651134,0.0,0.0,1.157319756687576,lhs_candidate_000016_june2024_preflight,pa1_candidate_000016
2024-06-07T22:00,30.3,75.0,0.0,0.0,0.0,1.12,100770.0,25.3,1.09,0.01,30.1,0.159,0,0,0,1.0,30.18440897817136,76.9903429818927,0.023583760286688873,35.17999964943991,0.2446944987382596,0.0,0.9866890888638067,0.0,0.0016292078019060263,3.664225886699753e-07,0.584533942828763,0.0,0.0,1.1573161929050428,lhs_candidate_000016_june2024_preflight,pa1_candidate_000016
2024-06-07T23:00,30.6,71.0,0.0,0.0,0.0,1.0,100740.0,24.8,1.25,0.01,29.6,0.159,0,0,0,1.0,30.504520086148027,72.80480916682585,0.022689885347144344,34.978206595298126,0.24462143612337459,0.0,1.1877247318338955,0.0,0.0014565253671358623,4.4074003168832276e-07,0.5840829390331764,0.0,0.0,1.1557519771712623,lhs_candidate_000016_june2024_preflight,pa1_candidate_000016
2024-06-08T00:00,30.4,73.0,0.0,0.0,0.0,1.1,100700.0,25.0,1.16,0.01,29.2,0.159,0,0,0,1.0,30.503381691965014,73.28682240932825,0.02283870645516401,34.78930229724945,0.24454172233530805,0.0,1.1665973607247144,0.0,0.0015957645823313903,4.3253540564251577e-07,0.5835908786130126,0.0,0.0,1.1552974034614205,lhs_candidate_000016_june2024_preflight,pa1_candidate_000016
2024-06-08T01:00,30.1,75.0,0.0,0.0,0.0,1.2,100630.0,25.3,1.05,0.01,28.9,0.159,0,0,0,1.0,30.266889286646435,74.96380624406454,0.023065426320433888,34.60312832661751,0.24446673470783528,0.0,1.078672526328877,0.0,0.0017620335703471396,3.996185916083393e-07,0.5831279920236746,0.0,0.0,1.1553941650726813,lhs_candidate_000016_june2024_preflight,pa1_candidate_000016
2024-06-08T02:00,28.4,86.0,0.0,0.0,0.0,1.22,100590.0,25.8,0.54,0.0,28.5,0.159,0,0,0,1.0,29.14610467559684,82.6455423601119,0.02393073482373443,34.406277432755004,0.2444058629503969,0.0,0.7010546953298746,0.0,0.0020452181300058287,2.595541828782043e-07,0.5827522404345488,0.0,0.0,1.1592169052154977,lhs_candidate_000016_june2024_preflight,pa1_candidate_000016
2024-06-08T03:00,28.3,86.0,0.0,0.0,0.0,1.02,100570.0,25.7,0.54,0.0,28.2,0.159,0,0,0,1.0,28.48655905181146,85.67358166649431,0.023930744357764523,34.184886838492375,0.24436578600562153,0.0,0.5570607964461955,0.0,0.0015350990756689707,2.0615521283141978e-07,0.5825048518865527,0.0,0.0,1.1615206119222128,lhs_candidate_000016_june2024_preflight,pa1_candidate_000016
2024-06-08T04:00,28.6,84.0,0.0,0.0,0.0,1.1,100580.0,25.7,0.61,0.0,28.1,0.159,0,0,0,1.0,28.562669681273654,84.77891047905659,0.023779601755383642,33.96491319120802,0.24432801160167938,0.0,0.5944669838744399,0.0,0.0015605642804288628,2.19910305834839e-07,0.5822716765535765,0.0,0.0,1.1613430690680269,lhs_candidate_000016_june2024_preflight,pa1_candidate_000016
2024-06-08T05:00,28.7,84.0,0.0,0.0,0.0,1.0,100640.0,25.7,0.64,0.0,27.9,0.159,0,0,0,1.0,28.712736136585267,84.41660446065403,0.023872903619981324,33.757699590145805,0.24428749593392055,0.0,0.6139325632329102,0.0,0.001407801398253754,2.270136307126806e-07,0.5820215798390157,0.0,0.0,1.1614581683379575,lhs_candidate_000016_june2024_preflight,pa1_candidate_000016
2024-06-08T06:00,28.5,86.0,22.0,7.0,15.0,1.22,100730.0,25.9,0.55,0.02,28.1,0.159,1,0,0,1.0,28.684194702283147,86.28081512316632,0.024362100110549043,33.56605364272313,0.24420206913641376,2463.736,0.5395962681169246,18.7,0.0017973618328773603,7.174776207270122e-07,0.5814942539284801,0.0,0.0,1.162606758907143,lhs_candidate_000016_june2024_preflight,pa1_candidate_000016
2024-06-08T07:00,29.9,77.0,134.0,48.0,86.0,1.08,100720.0,25.5,0.97,0.11,30.1,0.159,0,0,0,1.0,29.697706800676162,84.92092009797723,0.02533726246488522,33.42828561591217,0.2534125979138484,14817.686399999999,0.6288047830976615,113.89999999999999,0.0016213849899384134,3.719475807121635e-06,0.6383493698385704,0.0,0.0,1.1586009397281596,lhs_candidate_000016_june2024_preflight,pa1_candidate_000016
2024-06-08T08:00,31.4,65.0,379.0,260.0,119.0,0.78,100770.0,24.2,1.59,0.28,31.7,0.158,0,0,0,1.0,31.712017757047896,85.28912292463335,0.02835786551130275,33.43938908259716,0.25217849603637277,37538.705599999994,0.688166427844882,322.15,0.0013104569554398121,9.95755843078244e-06,0.6307314570146467,0.0,0.0,1.1515170894640017,lhs_candidate_000016_june2024_preflight,pa1_candidate_000016
2024-06-08T09:00,32.6,60.0,550.0,375.0,175.0,0.58,100770.0,23.8,1.97,0.42,33.2,0.157,0,1,0,1.0,33.63660629981244,69.91953446933455,0.02574202118472503,33.62322347217586,0.24997825143781932,54556.92,1.56796646202238,467.5,0.002935373735515773,1.4362338210827365e-05,0.6171497002334526,0.0,0.0,1.1442931867522443,lhs_candidate_000016_june2024_preflight,pa1_candidate_000016
2024-06-08T10:00,33.3,58.0,668.0,405.0,263.0,0.63,100740.0,23.9,2.15,0.52,34.4,0.156,0,1,0,1.0,35.000763127325484,66.00994319949571,0.026099740366799157,33.92726715905662,0.2471551476239755,68036.97119999999,1.9112331578217319,567.8,0.0032882121924338826,1.69537676402982e-05,0.5997231334813303,0.0,0.0,1.1388883428516672,lhs_candidate_000016_june2024_preflight,pa1_candidate_000016
2024-06-08T11:00,33.8,57.0,690.0,398.0,292.0,0.81,100700.0,24.0,2.26,0.55,35.2,0.154,0,1,0,1.0,35.809049950135616,63.02287680726029,0.025985541039471267,34.289573243327844,0.24409481744789924,70993.2608,2.1738986186572418,586.5,0.003538226855244164,1.7034203303483918e-05,0.5808322064685139,0.0,0.0,1.1354578008885827,lhs_candidate_000016_june2024_preflight,pa1_candidate_000016
2024-06-08T12:00,34.3,56.0,851.0,576.0,275.0,0.78,100620.0,24.2,2.39,0.67,36.1,0.153,0,1,0,1.0,36.71801122406892,61.99014261167253,0.026785379681372994,34.71164073379219,0.24074374740399823,84563.16,2.348658433312663,723.35,0.003667691642081451,2.014232514297242e-05,0.5601465889135694,0.0,0.0,1.1312276634984266,lhs_candidate_000016_june2024_preflight,pa1_candidate_000016
2024-06-08T13:00,34.5,56.0,864.0,715.0,149.0,1.14,100570.0,24.5,2.39,0.68,36.5,0.151,0,1,0,1.0,37.27579542561454,59.48157195965779,0.026446684989925487,35.18912734585083,0.23715600328074674,81274.1776,2.5808983558327876,734.4,0.004059384282448386,1.9708604498093734e-05,0.538000020251523,0.0,0.0,1.1286339144838389,lhs_candidate_000016_june2024_preflight,pa1_candidate_000016
2024-06-08T14:00,34.0,55.0,792.0,601.0,191.0,1.56,100500.0,23.8,2.38,0.63,36.4,0.15,0,1,0,1.0,36.94950102666841,56.33928236141831,0.024634553379727885,35.63685608261806,0.23380954571266124,76415.8384,2.73210272751431,673.1999999999999,0.0044947685414767026,1.7492934859379855e-05,0.5173428747695139,0.0,0.0,1.1290350985219724,lhs_candidate_000016_june2024_preflight,pa1_candidate_000016
2024-06-08T15:00,33.0,61.0,493.0,324.0,169.0,1.3,100460.0,24.4,1.98,0.4,35.6,0.149,0,1,0,1.0,35.49274815838187,60.018077217450234,0.02434468713727414,35.94136286409365,0.23127439019563492,49329.8256,2.3100085024758936,419.05,0.004118943717943636,1.0753751110084191e-05,0.5016937666397218,0.0,0.0,1.1339125064040654,lhs_candidate_000016_june2024_preflight,pa1_candidate_000016
2024-06-08T16:00,32.5,64.0,348.0,161.0,187.0,0.82,100460.0,24.7,1.78,0.28,34.8,0.149,0,1,0,1.0,34.20853350899661,64.28681115681816,0.024389046461667594,36.0697830780715,0.2296330496925427,37203.108799999995,1.921845840896692,295.8,0.0034303934586198716,7.528542427414429e-06,0.4915620351391525,0.0,0.0,1.1386502536701668,lhs_candidate_000016_june2024_preflight,pa1_candidate_000016
2024-06-08T17:00,31.6,68.0,169.0,42.0,127.0,0.72,100450.0,24.9,1.51,0.14,33.9,0.149,0,1,0,1.0,32.87733439343122,67.13563373292749,0.023747198821333002,36.0698684907631,0.22861291478147217,19340.1648,1.641785752043519,143.65,0.0031653846300005303,3.827687972338937e-06,0.48526490605847017,0.0,0.0,1.1434894719614739,lhs_candidate_000016_june2024_preflight,pa1_candidate_000016
2024-06-08T18:00,31.0,69.0,52.0,21.0,31.0,0.4,100560.0,24.8,1.37,0.04,32.8,0.152,1,1,0,1.0,31.694581411641437,68.52243418744584,0.022761907458749193,35.95095400366428,0.22813780485567184,5666.6544,1.4710491952334643,44.199999999999996,0.0026061373712688365,1.4666129927996037e-06,0.48233212873871506,0.0,0.0,1.149183107960617,lhs_candidate_000016_june2024_preflight,pa1_candidate_000016
2024-06-08T19:00,30.6,73.0,0.0,0.0,0.0,0.85,100620.0,25.2,1.18,0.03,31.8,0.152,0,0,0,1.0,30.933248298122905,72.7006211680864,0.02318569346797731,35.76204775688562,0.23756769524203583,0.0,1.2217966633894948,0.0,0.001406449326192629,4.1958506146236695e-07,0.5405413286545422,0.0,0.0,1.1527477040966334,lhs_candidate_000016_june2024_preflight,pa1_candidate_000016
2024-06-08T20:00,30.2,75.0,0.0,0.0,0.0,0.57,100680.0,25.2,1.09,0.0,31.3,0.152,0,0,0,1.0,30.447785089243585,75.02877027592113,0.023311646956339655,35.54834188178658,0.23749648301109988,0.0,1.0870646244791389,0.0,0.0010272708655009344,3.7301227444523415e-07,0.540101746982098,0.0,0.0,1.1552794729550833,lhs_candidate_000016_june2024_preflight,pa1_candidate_000016
2024-06-08T21:00,30.1,75.0,0.0,0.0,0.0,0.58,100710.0,25.2,1.06,0.0,30.9,0.151,0,0,0,1.0,30.21946242854222,75.86499939514049,0.023283053764024297,35.3318619063693,0.23743139982737477,0.0,1.0370253282558721,0.0,0.0009280647317467519,3.5557724350456727e-07,0.5396999989344121,0.0,0.0,1.156493464268951,lhs_candidate_000016_june2024_preflight,pa1_candidate_000016
2024-06-08T22:00,29.9,76.0,0.0,0.0,0.0,0.81,100740.0,25.3,1.0,0.0,30.6,0.151,0,0,0,1.0,30.044837754518593,76.35011007567657,0.023212000889883715,35.11818207159413,0.2373682586037807,0.0,1.0060638466998704,0.0,0.0012373457356043094,3.447119869524287e-07,0.5393102382949425,0.0,0.0,1.157504245671564,lhs_candidate_000016_june2024_preflight,pa1_candidate_000016
2024-06-08T23:00,29.7,78.0,0.0,0.0,0.0,0.86,100740.0,25.4,0.94,0.0,30.4,0.151,0,0,0,1.0,29.848175175178145,77.97417810885199,0.0234549574083081,34.90677071526801,0.23730849654095498,0.0,0.926462156497367,0.0,0.001304037164260289,3.172205818517178e-07,0.5389413366725616,0.0,0.0,1.1582555299669883,lhs_candidate_000016_june2024_preflight,pa1_candidate_000016
2024-06-09T00:00,29.4,79.0,0.0,0.0,0.0,0.98,100690.0,25.5,0.85,0.0,30.1,0.151,0,0,0,1.0,29.590154180704786,78.93904160194998,0.023415573841093926,34.696631286772124,0.23725319812205578,0.0,0.872836339906824,0.0,0.0014848026748225996,2.9866981792294815e-07,0.5385999884077517,0.0,0.0,1.158667330516198,lhs_candidate_000016_june2024_preflight,pa1_candidate_000016
2024-06-09T01:00,29.1,81.0,0.0,0.0,0.0,1.14,100620.0,25.5,0.77,0.0,29.8,0.151,0,0,0,1.0,29.296256259622133,80.59901009886103,0.02352950752840493,34.48591610774951,0.2372018439981494,0.0,0.7905456215102498,0.0,0.0016971211500506358,2.7035211398424463e-07,0.5382829876428975,0.0,0.0,1.1589869574348741,lhs_candidate_000016_june2024_preflight,pa1_candidate_000016
2024-06-09T02:00,28.9,81.0,0.0,0.0,0.0,1.14,100550.0,25.4,0.74,0.0,29.5,0.151,0,0,0,1.0,29.058035789405867,80.98561911119639,0.023337935010552473,34.2749114563566,0.2371542879632251,0.0,0.7642130020216147,0.0,0.0016779896712837473,2.6120431369915324e-07,0.53798943187176,0.0,0.0,1.1590936205921878,lhs_candidate_000016_june2024_preflight,pa1_candidate_000016
2024-06-09T03:00,28.8,82.0,0.0,0.0,0.0,0.99,100530.0,25.4,0.7,0.0,29.4,0.151,0,0,0,1.0,28.9142666189594,81.97520476973519,0.02343878254553855,34.066024398460584,0.23710860438411896,0.0,0.7184456790238563,0.0,0.0014543686481120254,2.454325480984754e-07,0.5377074344698701,0.0,0.0,1.159414637230842,lhs_candidate_000016_june2024_preflight,pa1_candidate_000016
2024-06-09T04:00,28.7,83.0,0.0,0.0,0.0,0.92,100540.0,25.4,0.68,0.0,29.3,0.151,0,0,0,1.0,28.809481903847626,82.99506878013142,0.02359516047436343,33.8613576648694,0.23706582997324216,0.0,0.6736990001292007,0.0,0.0013583238280757655,2.3003335341830144e-07,0.5374433948965566,0.0,0.0,1.1599323426788062,lhs_candidate_000016_june2024_preflight,pa1_candidate_000016
2024-06-09T05:00,28.7,82.0,0.0,0.0,0.0,0.85,100450.0,25.4,0.69,0.0,29.3,0.151,0,0,0,1.0,28.766921750399383,82.56237344684489,0.023417696526796532,33.66186983535102,0.2370242554678873,0.0,0.6891417115035066,0.0,0.001236902416785648,2.351938801195173e-07,0.5371867621474525,0.0,0.0,1.1590573757261062,lhs_candidate_000016_june2024_preflight,pa1_candidate_000016
2024-06-09T06:00,28.7,82.0,13.0,4.0,9.0,1.22,100540.0,25.4,0.69,0.03,29.3,0.151,1,0,0,1.0,28.787639114281237,82.60448955225024,0.02345614744648508,33.47301680318116,0.23695640453669528,1460.6416,0.6883022170749458,11.049999999999999,0.001751133701489582,5.173438220156378e-07,0.5367679292388597,0.0,0.0,1.1600162545691777,lhs_candidate_000016_june2024_preflight,pa1_candidate_000016
2024-06-09T07:00,29.0,80.0,82.0,35.0,47.0,1.1,100520.0,25.3,0.78,0.07,29.6,0.15,0,0,0,1.0,29.12226450392073,83.75335163650338,0.024220065815781934,33.31777545136785,0.24631964074235257,8869.5728,0.6554007124604322,69.7,0.0016060155693279864,2.22220201072454e-06,0.594565683594769,0.0,0.0,1.1585015765199047,lhs_candidate_000016_june2024_preflight,pa1_candidate_000016
2024-06-09T08:00,29.7,75.0,175.0,54.0,121.0,0.71,100620.0,24.8,1.04,0.14,30.2,0.15,0,0,0,1.0,29.928241041679346,85.15077737990082,0.02572490843578003,33.22894924737416,0.24572077896272512,19657.070399999997,0.6274735189406866,148.75,0.0011722742257954267,4.423498982765279e-06,0.5908690059427477,0.0,0.0,1.1565702147575239,lhs_candidate_000016_june2024_preflight,pa1_candidate_000016
2024-06-09T09:00,30.8,68.0,322.0,85.0,237.0,0.22,100670.0,24.1,1.44,0.25,31.3,0.15,0,0,0,1.0,31.285847629633377,89.21983164860966,0.028996856271151655,33.24016513662721,0.24461948446357673,36674.2288,0.492246406903206,273.7,0.0009555029241856746,7.799831362486445e-06,0.5840708917504737,0.0,0.0,1.151984744051894,lhs_candidate_000016_june2024_preflight,pa1_candidate_000016
2024-06-09T10:00,32.4,60.0,570.0,267.0,303.0,0.4,100670.0,23.6,1.95,0.44,33.1,0.149,0,1,0,1.0,33.34708826598228,70.74301213846367,0.025651369657575928,33.40810284944247,0.2426683930617438,60820.2672,1.5005645479783012,484.5,0.00276647060156583,1.3751108515149746e-05,0.5720271176650851,0.0,0.0,1.14423746729854,lhs_candidate_000016_june2024_preflight,pa1_candidate_000016
2024-06-09T11:00,33.8,54.0,848.0,663.0,185.0,0.91,100610.0,23.3,2.4,0.66,35.0,0.147,0,1,0,1.0,35.67921297620586,62.55352512499029,0.025619359319282276,33.77897006835472,0.23964245505447954,81132.744,2.185835608193421,720.8,0.0035666638313811847,1.9773396670809134e-05,0.5533484879906144,0.0,0.0,1.134919931361949,lhs_candidate_000016_june2024_preflight,pa1_candidate_000016
2024-06-09T12:00,34.4,53.0,868.0,685.0,183.0,1.6,100560.0,23.4,2.57,0.69,36.1,0.146,0,1,0,1.0,36.967526114746285,56.59055650508373,0.0247672972184494,34.27311346369379,0.23609547130785782,82822.3792,2.7190480703964615,737.8,0.004432335480367159,1.960153035416612e-05,0.531453526591715,0.0,0.0,1.1296434867791412,lhs_candidate_000016_june2024_preflight,pa1_candidate_000016
2024-06-09T13:00,34.0,55.0,684.0,417.0,267.0,1.3,100560.0,23.7,2.39,0.55,36.1,0.144,0,1,0,1.0,36.670318974478576,56.32422649916918,0.024277646085558675,34.71884582089726,0.2329796085977885,69585.7008,2.6917427191383267,581.4,0.004169405968526616,1.5066035348067854e-05,0.5122198061591883,0.0,0.0,1.1307271410447457,lhs_candidate_000016_june2024_preflight,pa1_candidate_000016
2024-06-09T14:00,33.5,59.0,605.0,303.0,302.0,1.55,100480.0,24.3,2.15,0.49,35.9,0.143,0,1,0,1.0,35.90395114836985,59.19978781406691,0.024529236611648075,35.057684532801346,0.2304623774090052,63865.08479999999,2.411194862911456,514.25,0.004337973993213256,1.2931276369454298e-05,0.49668134203089626,0.0,0.0,1.1326292549239607,lhs_candidate_000016_june2024_preflight,pa1_candidate_000016
2024-06-09T15:00,33.2,59.0,407.0,191.0,216.0,0.98,100430.0,24.2,2.06,0.33,35.3,0.143,0,1,0,1.0,35.04249918347734,59.819429291846625,0.02370347060958156,35.28532961010809,0.22852132100434272,43415.39839999999,2.264537645452691,345.95,0.003613169823358519,8.687203050269754e-06,0.48469951237248593,0.0,0.0,1.1352299671974118,lhs_candidate_000016_june2024_preflight,pa1_candidate_000016
2024-06-09T16:00,32.0,64.0,331.0,155.0,176.0,0.81,100490.0,24.5,1.69,0.26,34.6,0.144,0,1,0,1.0,33.80391197968219,63.6026865356852,0.023623094010803685,35.400257100046694,0.22711369177023655,35320.102399999996,1.9150297489232737,281.34999999999997,0.003462251782277036,6.960553664342413e-06,0.47601044302615153,0.0,0.0,1.1404916826081823,lhs_candidate_000016_june2024_preflight,pa1_candidate_000016
2024-06-09T17:00,30.1,75.0,193.0,111.0,82.0,0.64,100460.0,25.1,1.07,0.15,33.3,0.154,0,1,0,1.0,31.821219452498347,71.9868794185403,0.024074780122539673,35.40636937298792,0.22612223747309218,19868.9568,1.318563453016882,164.04999999999998,0.0033114415071064025,4.066676047925552e-06,0.46989035477217395,0.0,0.0,1.1475636054313665,lhs_candidate_000016_june2024_preflight,pa1_candidate_000016
2024-06-09T18:00,30.0,74.0,30.0,8.0,22.0,0.64,100560.0,24.8,1.11,0.04,31.9,0.154,1,1,0,1.0,30.533193369208874,73.44666386231049,0.022925287521410407,35.2774811661498,0.2256770687740752,3414.0128,1.1615937684480357,25.5,0.002693885504988577,9.123439070673725e-07,0.4671423998399704,0.0,0.0,1.153577975866686,lhs_candidate_000016_june2024_preflight,pa1_candidate_000016
2024-06-09T19:00,29.6,75.0,0.0,0.0,0.0,0.63,100700.0,24.7,1.04,0.02,31.2,0.155,0,0,0,1.0,29.90570587377718,75.29086783136204,0.022718419407510317,35.07562979914592,0.23516938112409774,0.0,1.0427674659829327,0.0,0.0011380463167516423,3.4829571204361613e-07,0.5257369205191219,0.0,0.0,1.1575758404203065,lhs_candidate_000016_june2024_preflight,pa1_candidate_000016
2024-06-09T20:00,29.2,78.0,0.0,0.0,0.0,0.45,100790.0,24.9,0.9,0.0,30.6,0.155,0,0,0,1.0,29.454142195458545,77.70928917385261,0.022881306848094324,34.857626140992004,0.23511011747139934,0.0,0.9165968927158361,0.0,0.0009096652715047113,3.0594033226628687e-07,0.5253710955024651,0.0,0.0,1.1603393631726795,lhs_candidate_000016_june2024_preflight,pa1_candidate_000016
2024-06-09T21:00,29.0,79.0,0.0,0.0,0.0,0.51,100830.0,25.1,0.83,0.0,30.3,0.155,0,0,0,1.0,29.17053918104007,79.32341101587419,0.022999341285808907,34.63672036610448,0.23505787711367526,0.0,0.8364351404429398,0.0,0.0008938927966906194,2.7901270074220045e-07,0.5250486241584893,0.0,0.0,1.1618887924240384,lhs_candidate_000016_june2024_preflight,pa1_candidate_000016
2024-06-09T22:00,28.8,81.0,0.0,0.0,0.0,0.72,100810.0,25.3,0.75,0.0,30.0,0.155,0,0,0,1.0,28.961438524049303,80.87101115429415,0.023182595129598145,34.41707130310726,0.2350097138665244,0.0,0.7645397415840685,0.0,0.0011358439274268425,2.548858834445194e-07,0.5247513201637308,0.0,0.0,1.1624623471292752,lhs_candidate_000016_june2024_preflight,pa1_candidate_000016
2024-06-09T23:00,28.7,83.0,0.0,0.0,0.0,0.78,100850.0,25.4,0.68,0.0,29.8,0.155,0,0,0,1.0,28.82001763161628,82.81073049450042,0.02355629035358352,34.20018308444938,0.23496634759781498,0.0,0.6814174227730594,0.0,0.0011816840691549024,2.2705828168412216e-07,0.5244836271470061,0.0,0.0,1.1634682251647261,lhs_candidate_000016_june2024_preflight,pa1_candidate_000016
2024-06-10T00:00,28.5,84.0,0.0,0.0,0.0,0.76,100850.0,25.5,0.62,0.0,29.5,0.155,0,0,0,1.0,28.656285189148058,83.90315961136095,0.02365466270549652,33.987155635272345,0.23492709543158474,0.0,0.63209021447783,0.0,0.0011822493535612734,2.1052443067569654e-07,0.5242413298245971,0.0,0.0,1.1640994164406833,lhs_candidate_000016_june2024_preflight,pa1_candidate_000016
2024-06-10T01:00,28.2,86.0,0.0,0.0,0.0,0.86,100800.0,25.6,0.54,0.0,29.3,0.155,0,0,0,1.0,28.401952774548377,85.4638131670801,0.02376189531596682,33.77584201893266,0.23489114326452162,0.0,0.5624490131713373,0.0,0.0013390803598756168,1.8725037883508285e-07,0.5240194028674174,0.0,0.0,1.1645036006363385,lhs_candidate_000016_june2024_preflight,pa1_candidate_000016
2024-06-10T02:00,28.1,86.0,0.0,0.0,0.0,0.86,100750.0,25.5,0.54,0.0,29.1,0.156,0,0,0,1.0,28.226753048234414,86.00203207581143,0.023683184530131216,33.56539471848539,0.2348585255857558,0.0,0.5361395368552322,0.0,0.0012905127874350798,1.7842285316983196e-07,0.5238180591713321,0.0,0.0,1.164602596427767,lhs_candidate_000016_june2024_preflight,pa1_candidate_000016
2024-06-10T03:00,28.0,86.0,0.0,0.0,0.0,0.86,100720.0,25.5,0.52,0.0,29.0,0.155,0,0,0,1.0,28.117283708662956,86.0487042065629,0.02355423029416818,33.35882956099344,0.23482658933156325,0.0,0.5309612242272328,0.0,0.0012842852775918289,1.766330527246401e-07,0.5236209217997732,0.0,0.0,1.164678863812825,lhs_candidate_000016_june2024_preflight,pa1_candidate_000016
2024-06-10T04:00,28.0,87.0,0.0,0.0,0.0,0.86,100710.0,25.5,0.51,0.0,28.9,0.155,0,0,0,1.0,28.07419725181767,86.92619545110539,0.02373824580350145,33.15744634818637,0.23479572817084043,0.0,0.49631968397847226,0.0,0.0012554247485516415,1.6504890105341082e-07,0.523430420807657,0.0,0.0,1.1647298051029236,lhs_candidate_000016_june2024_preflight,pa1_candidate_000016
2024-06-10T05:00,28.0,87.0,0.0,0.0,0.0,0.81,100740.0,25.5,0.51,0.0,28.8,0.156,0,0,0,1.0,28.067310562739994,87.17232768301612,0.02379646629695092,32.9629066066079,0.2347664472438884,0.0,0.48678066202358394,0.0,0.0011835078768849564,1.6182084389918036e-07,0.5232496743449901,0.0,0.0,1.1651033976463905,lhs_candidate_000016_june2024_preflight,pa1_candidate_000016
2024-06-10T06:00,27.9,87.0,20.0,8.0,12.0,0.86,100780.0,25.6,0.49,0.02,28.8,0.156,1,0,0,1.0,28.050252078635115,87.78606777153983,0.023941582319798132,32.78067942840786,0.23469982058216937,2182.1888,0.4630307101258988,17.0,0.0013059648474825372,5.773206604127516e-07,0.5228383986553665,0.0,0.0,1.165632027493942,lhs_candidate_000016_june2024_preflight,pa1_candidate_000016
2024-06-10T07:00,28.3,87.0,171.0,104.0,67.0,1.06,100790.0,25.9,0.49,0.12,29.4,0.157,0,0,0,1.0,28.597765081587628,93.22031084404786,0.02619753154167567,32.65759778580424,0.24388635807774428,17405.2208,0.2653232906062639,145.35,0.001645731722504707,4.111493205773188e-06,0.5795454202329894,0.0,0.0,1.1636324714900714,lhs_candidate_000016_june2024_preflight,pa1_candidate_000016
2024-06-10T08:00,28.9,83.0,310.0,175.0,135.0,0.67,100860.0,25.7,0.67,0.22,30.2,0.158,0,0,0,1.0,29.588333040250824,95.72063259375754,0.028390668847657237,32.64173150623536,0.24286150435618645,32029.624000000003,0.17733267248750773,263.5,0.001430222475282279,7.261634536306715e-06,0.5732191626925089,0.0,0.0,1.160630548746824,lhs_candidate_000016_june2024_preflight,pa1_candidate_000016
2024-06-10T09:00,30.1,75.0,416.0,136.0,280.0,0.81,100900.0,25.2,1.07,0.31,31.1,0.158,0,1,0,1.0,30.923561912903306,82.02331909315336,0.026145293405620617,32.72671127116469,0.24132623850860374,46459.07199999999,0.8041110999919567,353.59999999999997,0.0030243105412191794,9.786305667794726e-06,0.5637422130160725,0.0,0.0,1.1559923327021693,lhs_candidate_000016_june2024_preflight,pa1_candidate_000016
2024-06-10T10:00,31.0,67.0,571.0,219.0,352.0,0.63,100900.0,24.2,1.47,0.43,32.4,0.157,0,1,0,1.0,32.37293287577999,74.58601617148697,0.025686893521956626,32.921331160116786,0.23925644925147352,62632.20479999999,1.2340775262874573,485.34999999999997,0.003144365782576479,1.3173842572604265e-05,0.5509657361202069,0.0,0.0,1.150508417944753,lhs_candidate_000016_june2024_preflight,pa1_candidate_000016
2024-06-10T11:00,32.1,62.0,623.0,242.0,381.0,0.54,100860.0,23.9,1.83,0.48,33.5,0.156,0,1,0,1.0,33.715381642567316,68.88600797030067,0.025466722614231118,33.20598519166419,0.23680251617264078,68228.49440000001,1.6289861020076861,529.55,0.0031972659523702702,1.4074564127144452e-05,0.5358180010656839,0.0,0.0,1.145021167661307,lhs_candidate_000016_june2024_preflight,pa1_candidate_000016
2024-06-10T12:00,32.8,60.0,663.0,289.0,374.0,0.45,100800.0,23.9,2.0,0.52,34.5,0.154,0,1,0,1.0,34.73946534489059,65.51567356278996,0.025554203000096178,33.540435693550805,0.23422082974055422,71502.21759999999,1.9111968129881491,563.55,0.003293144550919492,1.4591411045832491e-05,0.5198816650651495,0.0,0.0,1.1405337769238753,lhs_candidate_000016_june2024_preflight,pa1_candidate_000016
2024-06-10T13:00,33.2,59.0,685.0,388.0,297.0,0.58,100740.0,24.0,2.1,0.54,35.1,0.153,0,1,0,1.0,35.387356283921264,63.125051636136845,0.025465402556935055,33.903830910523304,0.2315880745881613,70729.1728,2.118164473522255,582.25,0.0034610285457499024,1.465025640294879e-05,0.5036300900503784,0.0,0.0,1.1374613310798156,lhs_candidate_000016_june2024_preflight,pa1_candidate_000016
2024-06-10T14:00,32.8,60.0,480.0,144.0,336.0,0.89,100680.0,24.1,1.98,0.39,34.8,0.152,0,1,0,1.0,34.9031513994572,61.106664153273,0.024038597237662565,34.20866848287999,0.22935490399045994,54061.2864,2.1751694758604767,408.0,0.003636699150800635,1.0199899202954858e-05,0.4898450863608638,0.0,0.0,1.1385706900086918,lhs_candidate_000016_june2024_preflight,pa1_candidate_000016
2024-06-10T15:00,32.7,60.0,434.0,166.0,268.0,1.06,100640.0,23.8,1.99,0.35,34.6,0.151,0,1,0,1.0,34.38622269299529,61.51702746948053,0.023556164732648276,34.415017390534814,0.22762325750960385,47620.8832,2.091442036283342,368.9,0.0036279479203100515,9.059130485133775e-06,0.47915591055311024,0.0,0.0,1.1400313677933072,lhs_candidate_000016_june2024_preflight,pa1_candidate_000016
2024-06-10T16:00,32.2,61.0,288.0,112.0,176.0,1.21,100670.0,23.7,1.88,0.24,34.0,0.151,0,1,0,1.0,33.639511283764875,61.21897034102989,0.022542208224451726,34.54580352393682,0.2262609491923641,31536.102399999996,2.0218176564645307,244.79999999999998,0.003685725171725803,6.095681708061948e-06,0.47074659995286494,0.0,0.0,1.1431468127587312,lhs_candidate_000016_june2024_preflight,pa1_candidate_000016
2024-06-10T17:00,31.2,66.0,128.0,44.0,84.0,0.73,100610.0,24.1,1.54,0.11,33.1,0.153,0,1,0,1.0,32.32700731134138,64.9635207950128,0.022318492438502972,34.558249529926194,0.22545079980203966,14219.3216,1.6969380658424176,108.8,0.0031023487280532874,2.9166414196619492e-06,0.4657456777903683,0.0,0.0,1.1473741748304325,lhs_candidate_000016_june2024_preflight,pa1_candidate_000016
2024-06-10T18:00,30.9,68.0,53.0,21.0,32.0,0.32,100690.0,24.3,1.42,0.04,32.2,0.152,1,1,0,1.0,31.411040581897648,68.01821283782392,0.022254791183150036,34.47087625712603,0.22506113088561971,5789.8368,1.4707778766945694,45.05,0.00241890431112047,1.4275513098906528e-06,0.4633403141087637,0.0,0.0,1.1517399783453086,lhs_candidate_000016_june2024_preflight,pa1_candidate_000016
2024-06-10T19:00,30.5,71.0,0.0,0.0,0.0,0.7,100800.0,24.6,1.26,0.03,31.4,0.152,0,0,0,1.0,30.802311945087173,71.3622224344743,0.022599394819608928,34.331431997898115,0.23449567962169196,0.0,1.2721692991139806,0.0,0.0012126011892870001,4.2155726435964034e-07,0.5215782692697035,0.0,0.0,1.1553073327118561,lhs_candidate_000016_june2024_preflight,pa1_candidate_000016
2024-06-10T20:00,30.1,74.0,0.0,0.0,0.0,0.71,100860.0,24.9,1.13,0.0,30.9,0.152,0,0,0,1.0,30.32618163342365,73.8560695200259,0.022797377921819763,34.16657429448404,0.23442378150257723,0.0,1.130227587335785,0.0,0.0011705733128717151,3.7420351979680676e-07,0.5211344537196125,0.0,0.0,1.1578086811031196,lhs_candidate_000016_june2024_preflight,pa1_candidate_000016
2024-06-10T21:00,29.8,76.0,0.0,0.0,0.0,0.76,100940.0,25.2,1.0,0.0,30.4,0.152,0,0,0,1.0,29.982196709914824,76.03477276289604,0.023037993892573803,33.9959157664439,0.23436008349549955,0.0,1.0158222703729933,0.0,0.001200154953215125,3.3607166235212474e-07,0.520741256145059,0.0,0.0,1.1600419173909629,lhs_candidate_000016_june2024_preflight,pa1_candidate_000016
2024-06-10T22:00,29.5,79.0,0.0,0.0,0.0,0.81,101000.0,25.4,0.87,0.0,30.1,0.152,0,0,0,1.0,29.68113282938713,78.6785525450314,0.02345369687261266,33.822268664904016,0.23430328762920932,0.0,0.8882676734132113,0.0,0.0012620455405276349,2.9367402261018405e-07,0.5203906643778353,0.0,0.0,1.1618854185341012,lhs_candidate_000016_june2024_preflight,pa1_candidate_000016
2024-06-10T23:00,29.2,81.0,0.0,0.0,0.0,0.85,101040.0,25.6,0.77,0.0,29.8,0.152,0,0,0,1.0,29.384635462126724,80.74787616319855,0.023686440080091315,33.64624942945159,0.2342535694633393,0.0,0.7884862772326886,0.0,0.0013149740833848875,2.605311232321299e-07,0.5200837621193785,0.0,0.0,1.1634847214121473,lhs_candidate_000016_june2024_preflight,pa1_candidate_000016
2024-06-11T00:00,28.9,83.0,0.0,0.0,0.0,0.82,101030.0,25.7,0.69,0.0,29.5,0.152,0,0,0,1.0,29.08850979092659,82.65549880848349,0.02385870585088389,33.46799087283385,0.23420937716223875,0.0,0.6983263842724958,0.0,0.0012797753237780544,2.30619523011856e-07,0.5198109701372763,0.0,0.0,1.1645094106811822,lhs_candidate_000016_june2024_preflight,pa1_candidate_000016
2024-06-11T01:00,28.6,84.0,0.0,0.0,0.0,0.92,100990.0,25.6,0.63,0.0,29.2,0.152,0,0,0,1.0,28.791511069426097,83.74458344841246,0.023784910364999048,33.2875724817142,0.23416966571026818,0.0,0.6433353635894639,0.0,0.0014086599725863392,2.1235876481828766e-07,0.5195658377177048,0.0,0.0,1.165193348639453,lhs_candidate_000016_june2024_preflight,pa1_candidate_000016
2024-06-11T02:00,28.5,83.0,0.0,0.0,0.0,1.02,100970.0,25.4,0.65,0.0,29.0,0.151,0,0,0,1.0,28.611224242414615,83.27613324429483,0.02342015709484102,33.10638151480953,0.2341314185341137,0.0,0.6549996825907911,0.0,0.0014927890486714046,2.1611079678419853e-07,0.5193297440377389,0.0,0.0,1.1656585997308044,lhs_candidate_000016_june2024_preflight,pa1_candidate_000016
2024-06-11T03:00,28.4,83.0,0.0,0.0,0.0,1.02,100940.0,25.3,0.65,0.0,28.7,0.151,0,0,0,1.0,28.501174476408067,83.14439642129236,0.023242853056208202,32.927933346073125,0.23409238309822333,0.0,0.655960194930497,0.0,0.0014870807879341376,2.1632729003189264e-07,0.5190887845569342,0.0,0.0,1.1657373961983566,lhs_candidate_000016_june2024_preflight,pa1_candidate_000016
2024-06-11T04:00,28.3,84.0,0.0,0.0,0.0,1.02,100950.0,25.2,0.63,0.0,28.4,0.151,0,0,0,1.0,28.399514410125136,83.94883898346231,0.02333756522677746,32.75296483283804,0.23405436836894403,0.0,0.6209800396895311,0.0,0.0014861511121569571,2.0469870406295264e-07,0.5188541257342224,0.0,0.0,1.166245923223026,lhs_candidate_000016_june2024_preflight,pa1_candidate_000016
2024-06-11T05:00,28.1,85.0,0.0,0.0,0.0,1.12,101000.0,25.2,0.59,0.0,28.1,0.151,0,0,0,1.0,28.23963675319722,84.77609449026879,0.023362076730052053,32.58077891939277,0.23401862258086334,0.0,0.5835312794203977,0.0,0.0016420955875477816,1.9227236202932992e-07,0.5186334727213786,0.0,0.0,1.167442521591267,lhs_candidate_000016_june2024_preflight,pa1_candidate_000016
2024-06-11T06:00,27.9,86.0,22.0,9.0,13.0,1.12,101060.0,25.3,0.54,0.02,28.2,0.151,1,0,0,1.0,28.09439038985291,86.3139893262125,0.023597192202804124,32.41609486665792,0.2339442796106017,2393.3712,0.520171661487753,18.7,0.0016702597676449137,6.32955816462888e-07,0.5181745654975415,0.0,0.0,1.1686992739527267,lhs_candidate_000016_june2024_preflight,pa1_candidate_000016
2024-06-11T07:00,29.0,77.0,166.0,97.0,69.0,0.98,101050.0,24.6,0.91,0.12,29.8,0.151,0,0,0,1.0,28.999542989392758,86.2107529724424,0.02476465676996182,32.310609089950376,0.24313016103843188,17035.5856,0.5523381917452461,141.1,0.0013723790686108706,4.066787010516315e-06,0.5748775372742709,0.0,0.0,1.1650828914440017,lhs_candidate_000016_june2024_preflight,pa1_candidate_000016
2024-06-11T08:00,30.7,65.0,413.0,333.0,80.0,0.5,101040.0,23.5,1.53,0.3,31.1,0.15,0,0,0,1.0,31.10816603344395,88.77366736989967,0.028578571983048178,32.36073262057881,0.24189082806944487,39158.592000000004,0.5074674804925534,351.05,0.001085252245738561,9.670983255267866e-06,0.5672273337620054,0.0,0.0,1.156893932041538,lhs_candidate_000016_june2024_preflight,pa1_candidate_000016
2024-06-11T09:00,32.1,59.0,625.0,528.0,97.0,0.32,101030.0,23.0,1.96,0.46,32.9,0.149,0,1,0,1.0,33.333977700631124,69.04678930010961,0.025019032080478447,32.60013431143652,0.2396924549930313,58412.6928,1.5863981702991294,531.25,0.0028937971195634755,1.457302001221181e-05,0.553657129586613,0.0,0.0,1.1483784293141073,lhs_candidate_000016_june2024_preflight,pa1_candidate_000016
2024-06-11T10:00,33.1,55.0,798.0,694.0,104.0,0.36,101000.0,22.9,2.28,0.61,34.4,0.148,0,1,0,1.0,35.1449554216867,63.09588598620827,0.02513529605152595,32.994839205911795,0.23675299161087332,73882.9696,2.091683010955034,678.3,0.003300549789604327,1.8019548332634518e-05,0.5355122938942798,0.0,0.0,1.1412936583128976,lhs_candidate_000016_june2024_preflight,pa1_candidate_000016
2024-06-11T11:00,34.0,52.0,884.0,761.0,123.0,0.28,100930.0,22.9,2.52,0.68,35.7,0.146,0,1,0,1.0,36.53404407380311,58.553474049807924,0.025062369113778748,33.491898875309055,0.23339432919600955,82119.43519999999,2.5354095589549823,751.4,0.003474180689472848,1.926008758650656e-05,0.5147798098519109,0.0,0.0,1.135386934801593,lhs_candidate_000016_june2024_preflight,pa1_candidate_000016
2024-06-11T12:00,34.6,51.0,878.0,743.0,135.0,0.36,100840.0,23.1,2.68,0.69,36.5,0.145,0,1,0,1.0,37.396351330523444,55.62709782791027,0.024885785465309423,34.025721240259465,0.22999970675838707,82013.624,2.844991157884456,746.3,0.003595734071293053,1.8453215535294484e-05,0.49382535036041403,0.0,0.0,1.1312246362750982,lhs_candidate_000016_june2024_preflight,pa1_candidate_000016
2024-06-11T13:00,34.9,51.0,795.0,636.0,159.0,0.51,100740.0,23.3,2.73,0.63,36.8,0.143,0,1,0,1.0,37.679559993623,54.02147030653667,0.02451932824435546,34.53240174663452,0.22688468166717876,75554.0016,2.993582736463155,675.75,0.0036458966268049483,1.6184067597765597e-05,0.4745968004146837,0.0,0.0,1.1290731549912965,lhs_candidate_000016_june2024_preflight,pa1_candidate_000016
2024-06-11T14:00,35.2,50.0,708.0,556.0,152.0,0.86,100680.0,23.2,2.84,0.57,36.8,0.142,0,1,0,1.0,37.723983628072475,52.24339126808145,0.02376604676616024,34.97804955194425,0.2241678694364694,67651.7248,3.1168446019029172,601.8,0.0037578415417616473,1.4034821305102247e-05,0.4578263545461075,0.0,0.0,1.1282394398363529,lhs_candidate_000016_june2024_preflight,pa1_candidate_000016
2024-06-11T15:00,34.4,52.0,596.0,457.0,139.0,1.22,100640.0,23.2,2.6,0.48,36.5,0.141,0,1,0,1.0,36.99126257054795,52.07457106607292,0.022818583574786982,35.34537264248556,0.22186629359293716,57338.3536,3.005801147120691,506.59999999999997,0.004072326376268718,1.1555659955975524e-05,0.4436190962526986,0.0,0.0,1.13045564365345,lhs_candidate_000016_june2024_preflight,pa1_candidate_000016
2024-06-11T16:00,33.0,58.0,321.0,186.0,135.0,1.08,100670.0,23.8,2.09,0.27,35.4,0.141,0,1,0,1.0,35.12322372981628,56.16689702000101,0.022349760786500205,35.55579726988207,0.2202612326819242,32997.624,2.481430824210731,272.84999999999997,0.003800789798990457,6.322435579426646e-06,0.43371131285138403,0.0,0.0,1.137644871548162,lhs_candidate_000016_june2024_preflight,pa1_candidate_000016
2024-06-11T17:00,32.7,60.0,204.0,103.0,101.0,0.71,100670.0,24.0,1.97,0.16,34.5,0.141,0,1,0,1.0,33.84398207139997,60.07312981246932,0.02235913934433027,35.60058299858219,0.21932541033065592,21505.4224,2.1054341290469396,173.4,0.0030913835795123154,4.10815247552721e-06,0.42793463167071555,0.0,0.0,1.1423854293348277,lhs_candidate_000016_june2024_preflight,pa1_candidate_000016
2024-06-11T18:00,32.1,64.0,78.0,48.0,30.0,0.99,100720.0,24.4,1.72,0.07,33.5,0.141,1,1,0,1.0,32.861747235744794,63.117029771963615,0.02230734557598652,35.54814179870259,0.21879088130251872,7919.472,1.8409289780780957,66.3,0.003177013736331685,1.8381196173113525e-06,0.42463506976863413,0.0,0.0,1.146621464252062,lhs_candidate_000016_june2024_preflight,pa1_candidate_000016
2024-06-11T19:00,31.3,69.0,0.0,0.0,0.0,0.86,100790.0,25.0,1.4,0.03,32.6,0.14,0,0,0,1.0,31.791551176660445,67.72835936307892,0.022614793963502185,35.411714991363375,0.22817620051533744,0.0,1.5164616615904776,0.0,0.001508694782171869,4.649252762888576e-07,0.48256913898356446,0.0,0.0,1.1514452402227024,lhs_candidate_000016_june2024_preflight,pa1_candidate_000016
2024-06-11T20:00,30.7,73.0,0.0,0.0,0.0,0.3,100860.0,25.3,1.2,0.0,31.9,0.14,0,0,0,1.0,31.033743562061453,72.51026406570489,0.023250001382443073,35.23162594225168,0.22810078825847033,0.0,1.2373762333330385,0.0,0.0008595779641217537,3.789957594654858e-07,0.4821036312251255,0.0,0.0,1.15511550186283,lhs_candidate_000016_june2024_preflight,pa1_candidate_000016
2024-06-11T21:00,30.4,75.0,0.0,0.0,0.0,0.45,100900.0,25.6,1.07,0.0,31.4,0.14,0,0,0,1.0,30.60259665458268,75.23127226382789,0.023570207516915565,35.04093844372474,0.2280372646971775,0.0,1.0878284272419902,0.0,0.0008595763054617947,3.3291978501759124e-07,0.4817115104764043,0.0,0.0,1.1572138313223255,lhs_candidate_000016_june2024_preflight,pa1_candidate_000016
2024-06-11T22:00,30.1,78.0,0.0,0.0,0.0,0.54,100940.0,25.9,0.93,0.0,31.0,0.14,0,0,0,1.0,30.291142800639964,77.7837161626021,0.023964409402931774,34.84695479453405,0.22798081614692242,0.0,0.9585077493933603,0.0,0.0009457974535505698,2.9313020252947915e-07,0.48136306263532364,0.0,0.0,1.1588608303038677,lhs_candidate_000016_june2024_preflight,pa1_candidate_000016
2024-06-11T23:00,29.8,81.0,0.0,0.0,0.0,0.73,100930.0,26.2,0.8,0.0,30.6,0.14,0,0,0,1.0,29.99275773547067,80.53378409870324,0.02441509866000434,34.651208340341455,0.22793174020052476,0.0,0.8256211615609792,0.0,0.0011707246432293662,2.523320135938578e-07,0.4810601246945973,0.0,0.0,1.1598865834186967,lhs_candidate_000016_june2024_preflight,pa1_candidate_000016
2024-06-12T00:00,29.6,83.0,0.0,0.0,0.0,0.92,100900.0,26.4,0.7,0.0,30.3,0.14,0,0,0,1.0,29.75411003864785,82.65792614193278,0.02473754098207708,34.45457638276458,0.2278892535485691,0.0,0.7255208956087675,0.0,0.0013856378910144158,2.2161779536108842e-07,0.48079786141092035,0.0,0.0,1.1604553867027605,lhs_candidate_000016_june2024_preflight,pa1_candidate_000016
2024-06-12T01:00,29.3,85.0,0.0,0.0,0.0,1.04,100870.0,26.4,0.62,0.0,29.8,0.14,0,0,0,1.0,29.49160428752875,84.45508865611829,0.024918209175922308,34.258176904441456,0.22785169807218525,0.0,0.6405891674894582,0.0,0.0015635810014538957,1.9558018089527928e-07,0.480566037482625,0.0,0.0,1.1611166137149407,lhs_candidate_000016_june2024_preflight,pa1_candidate_000016
2024-06-12T02:00,29.0,87.0,0.0,0.0,0.0,0.98,100860.0,26.7,0.51,0.0,29.4,0.14,0,0,0,1.0,29.198583213156518,86.35903289784153,0.02507750729581375,34.060666353855346,0.22781891571395582,0.0,0.5527151897045255,0.0,0.001489747443296495,1.6868005685929819e-07,0.4803636772466409,0.0,0.0,1.1621266879080765,lhs_candidate_000016_june2024_preflight,pa1_candidate_000016
2024-06-12T03:00,29.0,87.0,0.0,0.0,0.0,1.04,100850.0,26.6,0.52,0.0,29.1,0.14,0,0,0,1.0,29.078923956345825,86.99865465877944,0.02509926550977026,33.8637560199574,0.22778968586717172,0.0,0.5231720093302439,0.0,0.0015013671051659567,1.5960396695082404e-07,0.4801832460936526,0.0,0.0,1.1624715327298205,lhs_candidate_000016_june2024_preflight,pa1_candidate_000016
2024-06-12T04:00,28.8,88.0,0.0,0.0,0.0,1.02,100870.0,26.6,0.48,0.0,28.9,0.14,0,0,0,1.0,28.945636099787247,87.6482099357252,0.025103727034402324,33.67127983259097,0.22776164477963387,0.0,0.4932206053581023,0.0,0.00151215219374222,1.5041245969865234e-07,0.48001015296070293,0.0,0.0,1.1632150641974797,lhs_candidate_000016_june2024_preflight,pa1_candidate_000016
2024-06-12T05:00,28.7,88.0,0.0,0.0,0.0,1.1,100970.0,26.5,0.47,0.0,28.7,0.14,0,0,0,1.0,28.81221679197677,87.86886050647463,0.024984487421501035,33.481458276933765,0.22773505044556822,0.0,0.4806858704934469,0.0,0.0016007626888122001,1.4653973594141622e-07,0.4798459904047421,0.0,0.0,1.1648827122824739,lhs_candidate_000016_june2024_preflight,pa1_candidate_000016
2024-06-12T06:00,28.6,88.0,23.0,11.0,12.0,1.5,101010.0,26.4,0.48,0.02,28.7,0.14,1,0,0,1.0,28.75904797686596,88.19502139664259,0.025004572595322877,33.302121776370676,0.22766890594607034,2446.1888,0.4663246832357175,19.55,0.00216348784594813,5.88654728692981e-07,0.47943769102512557,0.0,0.0,1.1655494163128879,lhs_candidate_000016_june2024_preflight,pa1_candidate_000016
2024-06-12T07:00,29.9,77.0,180.0,126.0,54.0,1.22,101070.0,25.5,0.97,0.13,30.4,0.14,0,0,0,1.0,29.860240748888895,84.66849072697774,0.025485270708377403,33.190314534267586,0.23685348834969283,17739.849599999998,0.6453292566027682,153.0,0.0017276976966357303,4.1283722226573225e-06,0.5361326441339064,0.0,0.0,1.162003424693267,lhs_candidate_000016_june2024_preflight,pa1_candidate_000016
2024-06-12T08:00,31.8,64.0,398.0,300.0,98.0,1.03,101090.0,24.1,1.7,0.3,31.9,0.139,0,0,0,1.0,32.12476419952712,78.69311295755551,0.026746355286428148,33.23570504342955,0.23568255573227861,38471.8752,1.0202591469015947,338.3,0.001620190533427134,8.868585760595394e-06,0.5289046650140655,0.0,0.0,1.1536119359998525,lhs_candidate_000016_june2024_preflight,pa1_candidate_000016
2024-06-12T09:00,33.1,57.0,622.0,521.0,101.0,0.64,101080.0,23.3,2.19,0.47,33.9,0.138,0,1,0,1.0,34.377511106937725,64.73612099202612,0.024777538101134592,33.468706788289225,0.23364653756012088,58289.422399999996,1.915566535294844,528.6999999999999,0.003101347484961523,1.363593607464235e-05,0.5163366516056844,0.0,0.0,1.145048042486445,lhs_candidate_000016_june2024_preflight,pa1_candidate_000016
2024-06-12T10:00,34.0,54.0,784.0,670.0,114.0,0.41,101070.0,23.3,2.47,0.6,35.4,0.137,0,1,0,1.0,36.1081381662401,60.17723315588679,0.025198488999326536,33.8565526670744,0.2309182719758635,73002.7936,2.379943007799909,666.4,0.003344409717568341,1.661586398059761e-05,0.49949550602384885,0.0,0.0,1.1385276376399551,lhs_candidate_000016_june2024_preflight,pa1_candidate_000016
2024-06-12T11:00,34.7,52.0,895.0,763.0,132.0,0.41,100980.0,23.3,2.67,0.7,36.6,0.136,0,1,0,1.0,37.39014336974718,56.65629689770254,0.02533817832461732,34.347907228458304,0.22777616842903484,83404.0768,2.778066710784588,760.75,0.0035730139349837466,1.8250469593313934e-05,0.480099805117499,0.0,0.0,1.1328178039159256,lhs_candidate_000016_june2024_preflight,pa1_candidate_000016
2024-06-12T12:00,35.4,49.0,946.0,823.0,123.0,0.61,100910.0,23.2,2.9,0.75,37.5,0.134,0,1,0,1.0,38.39604999419661,52.57816436098486,0.02474963049005499,34.89828884260213,0.22446258998498084,87575.43519999999,3.209486958364799,804.1,0.003767821026459634,1.8548346048314287e-05,0.45964561719123975,0.0,0.0,1.1283774687295518,lhs_candidate_000016_june2024_preflight,pa1_candidate_000016
2024-06-12T13:00,35.6,49.0,877.0,712.0,165.0,0.71,100830.0,23.2,2.96,0.7,37.9,0.133,0,1,0,1.0,38.7433582851503,50.70877876779902,0.02429321107645499,35.44459713713141,0.22130208157002307,82981.096,3.398984487187673,745.4499999999999,0.003869756781069024,1.658405413455937e-05,0.44013630598779674,0.0,0.0,1.1262274006902666,lhs_candidate_000016_june2024_preflight,pa1_candidate_000016
2024-06-12T14:00,34.8,52.0,672.0,559.0,113.0,0.64,100750.0,23.6,2.64,0.53,37.4,0.133,0,1,0,1.0,37.842138660204846,51.66873157705773,0.02364653008330653,35.88930990478472,0.21869821616772375,63111.61119999999,3.1745994025718227,571.1999999999999,0.0038008551830943553,1.2397047611024406e-05,0.4240630627637269,0.0,0.0,1.1285949240229343,lhs_candidate_000016_june2024_preflight,pa1_candidate_000016
2024-06-12T15:00,34.6,53.0,591.0,482.0,109.0,1.08,100770.0,23.7,2.56,0.47,37.0,0.132,0,1,0,1.0,37.032571890541604,53.00281221968825,0.023274541751928862,36.21026668261657,0.21663016315928432,55842.8816,2.9542224584106425,502.34999999999997,0.0039002209078022017,1.0616953434906846e-05,0.41129730345237236,0.0,0.0,1.131765144753522,lhs_candidate_000016_june2024_preflight,pa1_candidate_000016
2024-06-12T16:00,32.9,61.0,391.0,281.0,110.0,0.94,100740.0,24.2,1.97,0.31,36.1,0.133,0,1,0,1.0,35.3293664399218,58.26244638646897,0.023433158621533706,36.41148500859551,0.21504947320986786,38278.064000000006,2.389829576098962,332.34999999999997,0.0037908235891717535,6.968500194737766e-06,0.4015399580856041,0.0,0.0,1.1376751580398032,lhs_candidate_000016_june2024_preflight,pa1_candidate_000016
2024-06-12T17:00,32.8,61.0,245.0,171.0,74.0,0.1,100720.0,24.2,1.95,0.17,35.1,0.133,0,1,0,1.0,34.11115127900481,61.1813039512983,0.02309283526783678,36.46176044654365,0.21402603466409537,24163.4976,2.077680819641259,208.25,0.0028745383577623573,4.443441342984502e-06,0.3952224361981196,0.0,0.0,1.1419590020840922,lhs_candidate_000016_june2024_preflight,pa1_candidate_000016
2024-06-12T18:00,32.2,64.0,83.0,52.0,31.0,0.92,100740.0,24.4,1.74,0.07,34.0,0.133,1,1,0,1.0,33.06067048947958,62.8832568709541,0.022459566271984848,36.3974599673877,0.21346636447251557,8394.654400000001,1.8733901200621785,70.55,0.003149593656371714,1.7832620425786017e-06,0.3917676819291085,0.0,0.0,1.146104123039089,lhs_candidate_000016_june2024_preflight,pa1_candidate_000016
2024-06-12T19:00,31.5,69.0,0.0,0.0,0.0,0.71,100790.0,25.1,1.43,0.03,33.0,0.133,0,0,0,1.0,31.98272063821487,67.75046375669713,0.022853762151311664,36.236496380105244,0.22285791950442646,0.0,1.5318963849105325,0.0,0.00134132832394205,4.3770682685381614e-07,0.44974024385448436,0.0,0.0,1.1507238453945032,lhs_candidate_000016_june2024_preflight,pa1_candidate_000016
2024-06-12T20:00,31.1,72.0,0.0,0.0,0.0,0.64,100870.0,25.4,1.26,0.0,32.3,0.132,0,0,0,1.0,31.358261500215534,71.69348930019662,0.02339117689405549,36.03343990925672,0.22278587917065226,0.0,1.2978648732959952,0.0,0.0011125226378590322,3.7047062157136654e-07,0.44929555043612507,0.0,0.0,1.1539988866257533,lhs_candidate_000016_june2024_preflight,pa1_candidate_000016
2024-06-12T21:00,30.7,75.0,0.0,0.0,0.0,0.71,100900.0,25.7,1.12,0.0,31.8,0.132,0,0,0,1.0,30.939252911810037,74.62468100364816,0.023806985846304432,35.82358453292392,0.22272347674550672,0.0,1.1360729348862213,0.0,0.001179621606434751,3.240096987609831e-07,0.44891035028090565,0.0,0.0,1.1559326835226769,lhs_candidate_000016_june2024_preflight,pa1_candidate_000016
2024-06-12T22:00,30.4,78.0,0.0,0.0,0.0,0.72,100910.0,26.1,0.96,0.0,31.3,0.132,0,0,0,1.0,30.600973758935666,77.5599905427096,0.024297680799740314,35.610231163550985,0.22266909015883418,0.0,0.9854611207452741,0.0,0.0011642102363180543,2.8084479603271395e-07,0.44857463061008757,0.0,0.0,1.1573347039345925,lhs_candidate_000016_june2024_preflight,pa1_candidate_000016
2024-06-12T23:00,30.1,81.0,0.0,0.0,0.0,0.76,100920.0,26.5,0.82,0.0,30.9,0.132,0,0,0,1.0,30.300177458695092,80.42885555624494,0.024791428889291357,35.39552004881363,0.22262218905242664,0.0,0.8448215685868194,0.0,0.0012126107326025201,2.4060879171273417e-07,0.4482851176075719,0.0,0.0,1.158596720443128,lhs_candidate_000016_june2024_preflight,pa1_candidate_000016
2024-06-13T00:00,29.8,84.0,0.0,0.0,0.0,0.72,100900.0,26.8,0.67,0.0,30.4,0.132,0,0,0,1.0,30.00365431623206,83.29855147026511,0.02526816216032618,35.17993950627096,0.22258239459855136,0.0,0.7088018765424549,0.0,0.0011664418543883943,2.0175918467177734e-07,0.448039472830564,0.0,0.0,1.159500145038936,lhs_candidate_000016_june2024_preflight,pa1_candidate_000016
2024-06-13T01:00,29.3,87.0,0.0,0.0,0.0,0.95,100810.0,27.0,0.52,0.0,29.9,0.132,0,0,0,1.0,29.588160825821003,85.93245687926483,0.025487265129593813,34.96221525763113,0.22254930592363353,0.0,0.5829390334036999,0.0,0.0015023641015509423,1.6585690689266047e-07,0.4478352217508243,0.0,0.0,1.1600558415340492,lhs_candidate_000016_june2024_preflight,pa1_candidate_000016
2024-06-13T02:00,29.4,86.0,0.0,0.0,0.0,1.1,100800.0,26.8,0.57,0.0,29.4,0.132,0,0,0,1.0,29.455556108628823,86.1847298229277,0.025378827218409672,34.742910231191146,0.2225204187933094,0.0,0.5681319459390197,0.0,0.0015703659981372402,1.615796552186541e-07,0.44765690613153947,0.0,0.0,1.1604490654455217,lhs_candidate_000016_june2024_preflight,pa1_candidate_000016
2024-06-13T03:00,29.2,86.0,0.0,0.0,0.0,1.2,100740.0,26.7,0.55,0.0,29.1,0.132,0,0,0,1.0,29.348116779100838,85.77958433567107,0.025112562768412377,34.5297525550226,0.2224908674822975,0.0,0.5811841603989594,0.0,0.0017532271942503495,1.6522441765408657e-07,0.447474490631466,0.0,0.0,1.1601702374327076,lhs_candidate_000016_june2024_preflight,pa1_candidate_000016
2024-06-13T04:00,28.6,90.0,0.0,0.0,0.0,1.3,100750.0,26.8,0.39,0.0,28.9,0.132,0,0,0,1.0,28.920420155040354,88.53991792959992,0.025324293745793324,34.31690165999627,0.22246379522945298,0.0,0.456947031309237,0.0,0.0019638329701763555,1.29856621530726e-07,0.4473073779595863,0.0,0.0,1.161928231578577,lhs_candidate_000016_june2024_preflight,pa1_candidate_000016
2024-06-13T05:00,28.2,92.0,0.0,0.0,0.0,1.1,100780.0,26.7,0.32,0.0,28.6,0.132,0,0,0,1.0,28.46553482502883,90.89056828274096,0.025358796260669975,34.09774682596061,0.2224432926423815,0.0,0.3537744888094059,0.0,0.0016802509305757966,1.0050828368232973e-07,0.4471808187801327,0.0,0.0,1.1640271139077008,lhs_candidate_000016_june2024_preflight,pa1_candidate_000016
2024-06-13T06:00,28.3,92.0,24.0,13.0,11.0,1.22,100880.0,26.8,0.32,0.01,28.7,0.132,1,0,0,1.0,28.416422584225305,92.27519606190107,0.025676021116086887,33.88493122764404,0.22238780784159598,2499.0063999999998,0.29914717261853996,20.4,0.001765100974070751,5.192676155255296e-07,0.44683832000985174,0.0,0.0,1.1653718900943821,lhs_candidate_000016_june2024_preflight,pa1_candidate_000016
2024-06-13T07:00,30.6,76.0,190.0,136.0,54.0,1.2,100900.0,25.9,1.05,0.14,31.0,0.132,0,0,0,1.0,30.197049048676384,84.76605051051028,0.025983345405455324,33.75293660957348,0.2315844649454614,18619.849599999998,0.6537280336563622,161.5,0.0018718315021710777,4.084578346751241e-06,0.5036078083053173,0.0,0.0,1.1587609216938526,lhs_candidate_000016_june2024_preflight,pa1_candidate_000016
2024-06-13T08:00,32.3,64.0,407.0,327.0,80.0,1.08,100910.0,24.5,1.76,0.31,32.6,0.132,0,0,0,1.0,32.721345100183235,76.68820105132116,0.026903183926505345,33.79881553439704,0.2304454630520227,38630.592000000004,1.1544135554260087,345.95,0.0017299219794680856,8.549852923003594e-06,0.49657693241989326,0.0,0.0,1.1493117904522905,lhs_candidate_000016_june2024_preflight,pa1_candidate_000016
2024-06-13T09:00,33.6,56.0,613.0,510.0,103.0,1.22,100910.0,23.7,2.27,0.48,34.4,0.131,0,1,0,1.0,34.90325873344582,61.324187871302655,0.02412430315855458,34.02755872340461,0.22852266796685528,57567.7872,2.1630169692330123,521.05,0.0036442124604821272,1.2700168255194284e-05,0.48470782695589676,0.0,0.0,1.141171318006819,lhs_candidate_000016_june2024_preflight,pa1_candidate_000016
2024-06-13T10:00,34.6,53.0,773.0,664.0,109.0,1.17,100820.0,23.6,2.6,0.61,36.0,0.13,0,1,0,1.0,36.66266466171501,56.87214775794443,0.02450418119780302,34.404992049598185,0.22598164172823668,71858.88160000001,2.6568636622063346,657.05,0.003857992916803856,1.5475728572005623e-05,0.46902247980393014,0.0,0.0,1.1336786681756925,lhs_candidate_000016_june2024_preflight,pa1_candidate_000016
2024-06-13T11:00,35.3,51.0,877.0,752.0,125.0,0.89,100720.0,23.7,2.8,0.7,37.3,0.129,0,1,0,1.0,37.96839696712553,53.99357862985224,0.02486981044102423,34.885139020848456,0.2230648274238808,81573.8,3.0426094704686624,745.4499999999999,0.003828055629351912,1.689193303350204e-05,0.4510174532338322,0.0,0.0,1.1278009951010948,lhs_candidate_000016_june2024_preflight,pa1_candidate_000016
2024-06-13T12:00,36.2,48.0,902.0,752.0,150.0,0.54,100610.0,23.5,3.1,0.72,38.3,0.128,0,1,0,1.0,39.05332593104051,50.875274111456115,0.024757624674720504,35.416829303557705,0.22003743124386652,84653.36,3.4443841599824134,766.6999999999999,0.0036816567723506957,1.674013208024248e-05,0.4323298224930032,0.0,0.0,1.1226543732302776,lhs_candidate_000016_june2024_preflight,pa1_candidate_000016
2024-06-13T13:00,36.5,48.0,864.0,709.0,155.0,0.57,100580.0,23.6,3.2,0.69,38.7,0.127,0,1,0,1.0,39.5717183360916,49.2745442814513,0.02461289571445626,35.95032866412842,0.21713927720122547,81485.272,3.656754477111966,734.4,0.003770547938412269,1.5465493067256422e-05,0.41443998272361404,0.0,0.0,1.1204591726110344,lhs_candidate_000016_june2024_preflight,pa1_candidate_000016
2024-06-13T14:00,36.3,48.0,760.0,610.0,150.0,0.42,100480.0,23.5,3.15,0.6,38.6,0.126,0,1,0,1.0,39.34017525946535,48.439009968777704,0.023915345371570397,36.429679522039585,0.2145620600053866,72157.36,3.6712226120796663,646.0,0.003698257321143184,1.3196815256379675e-05,0.3985312346011519,0.0,0.0,1.120174565903833,lhs_candidate_000016_june2024_preflight,pa1_candidate_000016
2024-06-13T15:00,35.8,50.0,572.0,436.0,136.0,0.67,100470.0,23.7,2.96,0.46,38.1,0.126,0,1,0,1.0,38.43340330584269,49.42458847657804,0.02330927910374125,36.79508842011556,0.2124980994181039,55120.8064,3.4298192017904237,486.2,0.0036720071907881723,9.778235107800722e-06,0.3857907371487896,0.0,0.0,1.123322698098065,lhs_candidate_000016_june2024_preflight,pa1_candidate_000016
2024-06-13T16:00,34.9,52.0,314.0,178.0,136.0,1.2,100560.0,23.7,2.67,0.28,37.1,0.126,0,1,0,1.0,36.84959374104222,50.53555058024311,0.021983927788047135,36.989430169206535,0.21112337245026627,32416.806399999998,3.078465540614375,266.9,0.003847915428528632,5.536312479847321e-06,0.3773047682115202,0.0,0.0,1.1300732342385733,lhs_candidate_000016_june2024_preflight,pa1_candidate_000016
2024-06-13T17:00,32.8,61.0,147.0,66.0,81.0,0.89,100540.0,24.3,1.93,0.13,35.6,0.127,0,1,0,1.0,34.50103273547358,57.814174818797994,0.022271457475070183,37.00391111285442,0.2103771399636307,15785.774399999998,2.3073365128605796,124.95,0.0034834483768588194,2.7652855391867777e-06,0.37269839483722655,0.0,0.0,1.1384735689802312,lhs_candidate_000016_june2024_preflight,pa1_candidate_000016
2024-06-13T18:00,32.2,63.0,60.0,36.0,24.0,0.64,100570.0,24.3,1.77,0.06,34.3,0.127,1,1,0,1.0,32.94404942067928,62.012525385408075,0.022012548064885472,36.88664366283573,0.21000896896564383,6124.3776,1.9048374219004427,51.0,0.002820343575991881,1.3484524230154094e-06,0.37042573435582615,0.0,0.0,1.144605984046618,lhs_candidate_000016_june2024_preflight,pa1_candidate_000016
2024-06-13T19:00,31.6,68.0,0.0,0.0,0.0,1.06,100660.0,24.9,1.5,0.04,33.3,0.127,0,0,0,1.0,32.020966317608725,67.04513085278508,0.022661927028005843,36.700217364195964,0.21944518696910695,0.0,1.5687874406787525,0.0,0.0017057885667020544,4.2725132551720113e-07,0.42867399363646264,0.0,0.0,1.1490956007607043,lhs_candidate_000016_june2024_preflight,pa1_candidate_000016
2024-06-13T20:00,31.1,71.0,0.0,0.0,0.0,0.92,100690.0,25.3,1.3,0.01,32.5,0.127,0,0,0,1.0,31.39450036937927,70.46390536031561,0.023034610573257144,36.48171611897484,0.21937385266247533,0.0,1.3570307919324218,0.0,0.001467958946585514,3.692008389819267e-07,0.42823365841034156,0.0,0.0,1.1518025308589301,lhs_candidate_000016_june2024_preflight,pa1_candidate_000016
2024-06-13T21:00,30.8,74.0,0.0,0.0,0.0,0.86,100750.0,25.6,1.15,0.0,31.9,0.127,0,0,0,1.0,31.006674568907112,73.59118426253886,0.023562358651884916,36.25659060553437,0.21931171726904186,0.0,1.1868913191478123,0.0,0.001340952781806724,3.226225919177753e-07,0.42785010659902384,0.0,0.0,1.1539583985799655,lhs_candidate_000016_june2024_preflight,pa1_candidate_000016
2024-06-13T22:00,30.5,77.0,0.0,0.0,0.0,0.94,100760.0,26.0,1.0,0.0,31.3,0.127,0,0,0,1.0,30.700447646751304,76.49240510570273,0.024091790588941397,36.029965791489644,0.21925734669947178,0.0,1.0382227639138684,0.0,0.0014388466083840822,2.819899040378255e-07,0.42751448579920853,0.0,0.0,1.1552360345620316,lhs_candidate_000016_june2024_preflight,pa1_candidate_000016
2024-06-13T23:00,30.2,79.0,0.0,0.0,0.0,0.89,100770.0,26.2,0.9,0.0,30.8,0.127,0,0,0,1.0,30.402796427650742,78.59947070513753,0.024361947002343235,35.80283586579236,0.21920940048593485,0.0,0.9292291621065192,0.0,0.0013766671689647454,2.5221161410576777e-07,0.42721852151811635,0.0,0.0,1.1564835755330927,lhs_candidate_000016_june2024_preflight,pa1_candidate_000016
2024-06-14T00:00,29.7,84.0,0.0,0.0,0.0,0.95,100680.0,26.6,0.68,0.0,30.3,0.127,0,0,0,1.0,29.988143587273935,82.67957137664224,0.025059376266837692,35.573974934755945,0.21916840437244792,0.0,0.7344174170310187,0.0,0.0015021401086566285,1.9921768468292698e-07,0.4269654590891847,0.0,0.0,1.157031197056379,lhs_candidate_000016_june2024_preflight,pa1_candidate_000016
2024-06-14T01:00,29.1,88.0,0.0,0.0,0.0,1.04,100660.0,26.9,0.47,0.0,29.8,0.127,0,0,0,1.0,29.443832473507825,86.51427249734886,0.025459658075076292,35.33927376794554,0.21913707120884166,0.0,0.5542056688963917,0.0,0.001643998479618251,1.5026543925085527e-07,0.42677204449902256,0.0,0.0,1.1588822283949178,lhs_candidate_000016_june2024_preflight,pa1_candidate_000016
2024-06-14T02:00,28.9,88.0,0.0,0.0,0.0,1.04,100630.0,26.7,0.47,0.0,29.4,0.127,0,0,0,1.0,29.092940394448412,87.54258176593437,0.02527546985513916,35.099052703039284,0.21911181162998988,0.0,0.5016904146724901,0.0,0.0015644423295833132,1.35976933897588e-07,0.4266161211727771,0.0,0.0,1.1598818586425261,lhs_candidate_000016_june2024_preflight,pa1_candidate_000016
2024-06-14T03:00,28.6,89.0,0.0,0.0,0.0,1.1,100610.0,26.7,0.41,0.0,29.0,0.127,0,0,0,1.0,28.817355407568805,88.29679974872798,0.025113206549659962,34.85934182730826,0.21908817234661382,0.0,0.4638670695183871,0.0,0.0016555741832063894,1.2568238399874988e-07,0.4264701996704557,0.0,0.0,1.1607096691642422,lhs_candidate_000016_june2024_preflight,pa1_candidate_000016
2024-06-14T04:00,28.4,90.0,0.0,0.0,0.0,1.2,100600.0,26.6,0.39,0.0,28.8,0.127,0,0,0,1.0,28.58015593812338,89.34859068007613,0.025085315189007983,34.62059955820455,0.21906673030088109,0.0,0.4164178643319616,0.0,0.0017688635620251116,1.1279125069608952e-07,0.42633784136346353,0.0,0.0,1.16150668125132,lhs_candidate_000016_june2024_preflight,pa1_candidate_000016
2024-06-14T05:00,28.6,88.0,0.0,0.0,0.0,1.1,100680.0,26.4,0.47,0.0,28.5,0.127,0,0,0,1.0,28.612752755354656,88.38427086860322,0.02485882002911148,34.3870138261561,0.21904587239792322,0.0,0.4549768933373648,0.0,0.0015471257561757116,1.2319816117019265e-07,0.4262090888760693,0.0,0.0,1.1623047773314303,lhs_candidate_000016_june2024_preflight,pa1_candidate_000016
2024-06-14T06:00,28.7,88.0,24.0,13.0,11.0,1.2,100710.0,26.6,0.45,0.02,28.6,0.127,1,0,0,1.0,28.786866753567434,88.48885820514002,0.02512599783181283,34.172329353303006,0.21898622748062216,2499.0063999999998,0.45545028650389385,20.4,0.001723450302064815,5.371537065532167e-07,0.4258409103742109,0.0,0.0,1.161980662811024,lhs_candidate_000016_june2024_preflight,pa1_candidate_000016
2024-06-14T07:00,30.6,75.0,194.0,141.0,53.0,1.1,100710.0,25.7,1.09,0.14,31.1,0.127,0,0,0,1.0,30.36792683674251,83.36452014663121,0.02579036035539326,34.0396713781703,0.22818625747241256,18936.6672,0.7208875760506515,164.9,0.0016624977248288582,4.0132270950782155e-06,0.48263121896550965,0.0,0.0,1.155927770770878,lhs_candidate_000016_june2024_preflight,pa1_candidate_000016
2024-06-14T08:00,32.6,60.0,418.0,342.0,76.0,0.54,100710.0,23.9,1.94,0.31,32.7,0.126,0,0,0,1.0,32.971505862373625,79.23293060776287,0.028166100234526276,34.08393261788332,0.2270692409582822,39457.8624,1.0429458524666084,355.3,0.0010925852606270734,8.369281848822978e-06,0.47573605529803836,0.0,0.0,1.1460965461052164,lhs_candidate_000016_june2024_preflight,pa1_candidate_000016
2024-06-14T09:00,34.0,53.0,623.0,529.0,94.0,0.3,100660.0,23.2,2.47,0.47,34.7,0.126,0,1,0,1.0,35.3382059451921,59.98275272720859,0.024136134983972275,34.31831315531079,0.22518778332032702,58131.145599999996,2.2924444172962866,529.55,0.002938158072248118,1.2386928449223893e-05,0.4641221192612779,0.0,0.0,1.1367391301104055,lhs_candidate_000016_june2024_preflight,pa1_candidate_000016
2024-06-14T10:00,35.2,50.0,793.0,686.0,107.0,0.4,100630.0,23.0,2.86,0.62,36.4,0.125,0,1,0,1.0,37.303447972760964,55.04297284800531,0.02450782347142401,34.708834909211035,0.22269703057433635,73548.5168,2.8679306123644546,674.05,0.003334906386847854,1.5230402534110358e-05,0.4487471023107182,0.0,0.0,1.1292066677161001,lhs_candidate_000016_june2024_preflight,pa1_candidate_000016
2024-06-14T11:00,35.8,48.0,842.0,715.0,127.0,1.49,100570.0,23.1,3.05,0.68,37.4,0.124,0,1,0,1.0,38.47224815013252,49.62867334351385,0.023451656476864164,35.19172978367662,0.21991479822267326,78564.1648,3.4231380112750296,715.6999999999999,0.004346598520715563,1.5656231445968623e-05,0.43157282853502016,0.0,0.0,1.1243006002548852,lhs_candidate_000016_june2024_preflight,pa1_candidate_000016
2024-06-14T12:00,36.1,48.0,935.0,798.0,137.0,1.96,100550.0,23.3,3.1,0.76,38.1,0.123,0,1,0,1.0,39.182062957615585,47.88605171517541,0.02345475978529267,35.72114945654711,0.2170058471134422,87099.98879999999,3.679291625656744,794.75,0.004937027628171254,1.6630081088412777e-05,0.41361634020643334,0.0,0.0,1.121522404898696,lhs_candidate_000016_june2024_preflight,pa1_candidate_000016
2024-06-14T13:00,36.1,49.0,848.0,712.0,136.0,1.75,100460.0,23.6,3.05,0.7,38.3,0.123,0,1,0,1.0,39.264983234212295,47.92395920610935,0.02357161967990941,36.24547404543648,0.21420245407313948,79408.8064,3.6929910367187335,720.8,0.004735043702046445,1.4541301312203044e-05,0.39631144489592274,0.0,0.0,1.1202211511262246,lhs_candidate_000016_june2024_preflight,pa1_candidate_000016
2024-06-14T14:00,35.3,53.0,662.0,452.0,210.0,1.75,100410.0,24.2,2.7,0.55,37.9,0.122,0,1,0,1.0,38.296711137354194,50.46183833543566,0.02363403680356853,36.66394937250094,0.21190263376947602,65644.304,3.3348029741564913,562.6999999999999,0.004695839985073041,1.1054868882700699e-05,0.3821150232683705,0.0,0.0,1.1231445828673527,lhs_candidate_000016_june2024_preflight,pa1_candidate_000016
2024-06-14T15:00,34.6,55.0,516.0,365.0,151.0,1.81,100370.0,24.4,2.45,0.44,37.3,0.122,0,1,0,1.0,37.04296004890459,52.70724635366277,0.02315707344819584,36.94160447554729,0.2101495995240783,50720.5424,2.974483676445777,438.59999999999997,0.00462299334873419,8.461259775396816e-06,0.37129382422270557,0.0,0.0,1.12723492456146,lhs_candidate_000016_june2024_preflight,pa1_candidate_000016
2024-06-14T16:00,34.6,55.0,417.0,306.0,111.0,0.92,100310.0,24.3,2.45,0.34,36.7,0.121,0,1,0,1.0,36.397830606771365,54.593014934576665,0.023204001586314624,37.113259741486615,0.20878180015473255,40601.246399999996,2.757070960421861,354.45,0.0035421560951730893,6.763824128806564e-06,0.3628506182390898,0.0,0.0,1.1289089457254764,lhs_candidate_000016_june2024_preflight,pa1_candidate_000016
2024-06-14T17:00,34.1,57.0,282.0,210.0,72.0,0.89,100350.0,24.3,2.31,0.22,36.0,0.121,0,1,0,1.0,35.62509251405057,56.050658077261325,0.022891824741831338,37.19730510417197,0.2077555899073504,27349.1328,2.557796794839286,239.7,0.0034099680362764924,4.6512766515762526e-06,0.35651598708240995,0.0,0.0,1.1321854389260375,lhs_candidate_000016_june2024_preflight,pa1_candidate_000016
2024-06-14T18:00,33.2,61.0,83.0,53.0,30.0,0.72,100470.0,24.8,1.97,0.07,34.9,0.121,1,1,0,1.0,34.24054516469957,59.30757828426559,0.02253775706451546,37.15600323415974,0.2071867708705167,8359.472,2.193695021897125,70.55,0.0030476696782745626,1.6786546288981976e-06,0.3530047584599797,0.0,0.0,1.138645006457705,lhs_candidate_000016_june2024_preflight,pa1_candidate_000016
2024-06-14T19:00,32.2,68.0,0.0,0.0,0.0,0.91,100530.0,25.6,1.51,0.03,33.7,0.121,0,1,0,1.0,32.81345429783983,66.06952967322006,0.023291274616280458,36.99651424311479,0.21658654803216618,0.0,1.6889748442188748,0.0,0.003017128985358483,4.4104900380877854e-07,0.4110280742726307,0.0,0.0,1.1446390971959093,lhs_candidate_000016_june2024_preflight,pa1_candidate_000016
2024-06-14T20:00,31.4,74.0,0.0,0.0,0.0,1.04,100570.0,26.3,1.18,0.01,32.9,0.121,0,0,0,1.0,31.83111408691425,72.4936722901261,0.02425705847003928,36.784711234571205,0.21651697955580504,0.0,1.2954340244979785,0.0,0.0016866772999425165,3.3792862662034316e-07,0.4105986392333645,0.0,0.0,1.1487828736441863,lhs_candidate_000016_june2024_preflight,pa1_candidate_000016
2024-06-14T21:00,30.9,79.0,0.0,0.0,0.0,0.78,100630.0,26.9,0.92,0.0,32.3,0.121,0,0,0,1.0,31.206308359144206,77.77666334721987,0.02517035349937749,36.557557425184854,0.21646318813282509,0.0,1.010190512861136,0.0,0.0013071161978596782,2.633065233874245e-07,0.41026659341250055,0.0,0.0,1.151827952429436,lhs_candidate_000016_june2024_preflight,pa1_candidate_000016
2024-06-14T22:00,30.6,82.0,0.0,0.0,0.0,0.78,100610.0,27.1,0.79,0.0,31.9,0.121,0,0,0,1.0,30.81870176210778,81.25132922317857,0.025753799356589717,36.32413378670021,0.21642029371947488,0.0,0.8336464216813226,0.0,0.0012495859464980255,2.1715000593398273e-07,0.4100018130831783,0.0,0.0,1.1530674939942538,lhs_candidate_000016_june2024_preflight,pa1_candidate_000016
2024-06-14T23:00,30.3,84.0,0.0,0.0,0.0,0.78,100640.0,27.3,0.7,0.0,31.5,0.121,0,0,0,1.0,30.512047924723184,83.40627081792644,0.026004408490501965,36.089505548130326,0.2163839192207934,0.0,0.7250275268335877,0.0,0.0012452327889135044,1.8875329774837996e-07,0.40977727914069995,0.0,0.0,1.1545760920692838,lhs_candidate_000016_june2024_preflight,pa1_candidate_000016
2024-06-15T00:00,30.0,86.0,0.0,0.0,0.0,0.76,100620.0,27.4,0.6,0.0,31.2,0.121,0,0,0,1.0,30.213799386227432,85.3300521271878,0.026179886625515972,35.85465129749441,0.21635218891198696,0.0,0.6301294557446462,0.0,0.0012221046640801523,1.639691703975816e-07,0.40958141303695655,0.0,0.0,1.1554815275886923,lhs_candidate_000016_june2024_preflight,pa1_candidate_000016
2024-06-15T01:00,29.8,87.0,0.0,0.0,0.0,0.76,100570.0,27.4,0.56,0.0,30.9,0.121,0,0,0,1.0,29.97496910448132,86.58165550257661,0.026223374512429853,35.62034518594201,0.21632426510217928,0.0,0.5685321733000097,0.0,0.0011950549007505756,1.4787837053611816e-07,0.4094090438406129,0.0,0.0,1.1558172910764386,lhs_candidate_000016_june2024_preflight,pa1_candidate_000016
2024-06-15T02:00,29.4,88.0,0.0,0.0,0.0,0.85,100560.0,27.1,0.5,0.0,30.6,0.121,0,0,0,1.0,29.652663314072004,87.33182943587168,0.025993058466697368,35.38696866903547,0.2162986162916481,0.0,0.5269023358737241,0.0,0.0013579574368577372,1.3699721916750444e-07,0.4092507178496796,0.0,0.0,1.1569325040850889,lhs_candidate_000016_june2024_preflight,pa1_candidate_000016
2024-06-15T03:00,29.2,88.0,0.0,0.0,0.0,0.95,100530.0,27.1,0.48,0.0,30.3,0.121,0,0,0,1.0,29.381103010698318,87.63364705755664,0.02570136806233343,35.15270970245342,0.21627457416964144,0.0,0.506370886751411,0.0,0.0014408415865595613,1.3161119663428286e-07,0.4091023096891447,0.0,0.0,1.1576255420257948,lhs_candidate_000016_june2024_preflight,pa1_candidate_000016
2024-06-15T04:00,29.1,89.0,0.0,0.0,0.0,0.89,100500.0,27.1,0.44,0.0,30.1,0.121,0,0,0,1.0,29.232476019292157,88.57358317406319,0.025768039698485824,34.92100572144179,0.2162518040975024,0.0,0.46389058017235785,0.0,0.0013331627322948946,1.2052868718799805e-07,0.40896175368828636,0.0,0.0,1.1578489114260762,lhs_candidate_000016_june2024_preflight,pa1_candidate_000016
2024-06-15T05:00,28.9,90.0,0.0,0.0,0.0,0.89,100530.0,27.1,0.41,0.0,29.8,0.121,0,0,0,1.0,29.06723275826697,89.46631923443844,0.02579476564548943,34.69360978686453,0.216231052175704,0.0,0.4235874639907422,0.0,0.0013551389042913628,1.1002260326862584e-07,0.40883365540558037,0.0,0.0,1.158827803782282,lhs_candidate_000016_june2024_preflight,pa1_candidate_000016
2024-06-15T06:00,29.0,89.0,23.0,10.0,13.0,1.08,100570.0,27.0,0.43,0.01,29.8,0.121,1,0,0,1.0,29.1031422980939,89.5482117999228,0.025868902309868463,34.47802249192896,0.2161773070257515,2481.3712,0.42116688176053785,19.55,0.0015688846666855566,4.898398223849328e-07,0.40850189522068825,0.0,0.0,1.159151160461501,lhs_candidate_000016_june2024_preflight,pa1_candidate_000016
2024-06-15T07:00,30.0,81.0,161.0,72.0,89.0,0.95,100690.0,26.4,0.8,0.12,30.8,0.121,0,0,0,1.0,30.0669337789978,87.76848156058077,0.026715298570350366,34.32696297255157,0.2254548525599882,17299.2336,0.5209871105051209,136.85,0.0013719731810442751,3.191346068029289e-06,0.46577069481474204,0.0,0.0,1.1568454370700973,lhs_candidate_000016_june2024_preflight,pa1_candidate_000016
2024-06-15T08:00,31.6,70.0,350.0,212.0,138.0,0.45,100690.0,25.5,1.38,0.26,32.3,0.12,0,0,0,1.0,32.003202487447204,86.10296709582236,0.029076161990767162,34.31377749813296,0.224561586164856,35655.1712,0.6608922902820318,297.5,0.0010364863182972407,6.717650891468233e-06,0.46025670472133334,0.0,0.0,1.1495049811874378,lhs_candidate_000016_june2024_preflight,pa1_candidate_000016
2024-06-15T09:00,33.0,62.0,572.0,377.0,195.0,0.45,100720.0,24.7,1.93,0.44,34.1,0.12,0,1,0,1.0,34.19466292545624,68.13383790336304,0.025829766638668657,34.47519321129566,0.22296431932493768,57196.568,1.7135026161956302,486.2,0.002934728008781635,1.0924626298637706e-05,0.4503970328699857,0.0,0.0,1.141648709152579,lhs_candidate_000016_june2024_preflight,pa1_candidate_000016
2024-06-15T10:00,34.4,55.0,762.0,608.0,154.0,0.32,100620.0,24.1,2.42,0.59,35.8,0.12,0,1,0,1.0,36.332497019699325,60.17747078831723,0.025491698109236422,34.80616895207558,0.22070414528455146,72474.08959999999,2.4093587631991986,647.6999999999999,0.0032332858778905535,1.4137749961015175e-05,0.4364453412626633,0.0,0.0,1.1326368040374042,lhs_candidate_000016_june2024_preflight,pa1_candidate_000016
2024-06-15T11:00,35.1,52.0,824.0,698.0,126.0,0.22,100570.0,23.9,2.7,0.65,37.0,0.119,0,1,0,1.0,37.720533540591155,54.84048307663749,0.024943103843186258,35.247006429451105,0.21809523870900868,76944.9824,2.946793983944752,700.4,0.0034903758367916945,1.481512312775149e-05,0.4203409796852388,0.0,0.0,1.1270192663732272,lhs_candidate_000016_june2024_preflight,pa1_candidate_000016
2024-06-15T12:00,35.8,50.0,895.0,690.0,205.0,0.57,100440.0,23.7,2.95,0.71,38.1,0.118,0,1,0,1.0,38.730262322857925,51.75364449502038,0.024777360941499085,35.74072469913414,0.21536679946174803,85972.39199999999,3.3245909473334834,760.75,0.003724135137120271,1.547866645920514e-05,0.40349876210955576,0.0,0.0,1.1219183774852495,lhs_candidate_000016_june2024_preflight,pa1_candidate_000016
2024-06-15T13:00,36.2,49.0,828.0,658.0,170.0,1.08,100370.0,23.8,3.05,0.67,38.5,0.118,0,1,0,1.0,39.200101408423194,49.086075235483165,0.024064406197277916,36.24039538957189,0.2127267178311033,78845.008,3.5980465196330593,703.8,0.004074094814257555,1.3870057623285024e-05,0.3872019619203908,0.0,0.0,1.1194500541013548,lhs_candidate_000016_june2024_preflight,pa1_candidate_000016
2024-06-15T14:00,36.0,49.0,843.0,727.0,116.0,1.51,100270.0,23.6,3.02,0.68,38.6,0.117,0,1,0,1.0,39.19989621484315,47.83169310692249,0.023449203916215258,36.713652997438565,0.2102564629907179,78265.1584,3.6866521550975153,716.55,0.0045068063003129094,1.3570746891305368e-05,0.3719534752513451,0.0,0.0,1.1183354654169066,lhs_candidate_000016_june2024_preflight,pa1_candidate_000016
2024-06-15T15:00,33.9,57.0,658.0,509.0,149.0,1.84,100310.0,24.3,2.26,0.53,37.9,0.121,0,1,0,1.0,37.42272903880411,52.16750024752925,0.02336954168205856,37.10148928915077,0.20811396601021795,63146.17759999999,3.0712012083312357,559.3,0.004917546451700158,1.0260077468197715e-05,0.35872818524825895,0.0,0.0,1.1251835155759504,lhs_candidate_000016_june2024_preflight,pa1_candidate_000016
2024-06-15T16:00,32.6,65.0,393.0,306.0,87.0,1.91,100350.0,25.2,1.72,0.32,36.4,0.121,0,1,0,1.0,35.06754139720324,60.26362690239559,0.023910602325808602,37.2861783067799,0.20665000417069812,37644.8688,2.242603691500956,334.05,0.00474379825450685,6.064314924924647e-06,0.3496913837697415,0.0,0.0,1.1342335094319858,lhs_candidate_000016_june2024_preflight,pa1_candidate_000016
2024-06-15T17:00,32.3,66.0,180.0,111.0,69.0,0.91,100400.0,25.1,1.65,0.15,35.2,0.121,0,1,0,1.0,33.56364367206277,64.25162596573641,0.023564705350019248,37.276031460672414,0.20584474641872688,18267.5856,1.8558333942877194,153.0,0.0033215988762155097,2.919555848940903e-06,0.3447206569057215,0.0,0.0,1.1403628646639294,lhs_candidate_000016_june2024_preflight,pa1_candidate_000016
2024-06-15T18:00,31.6,68.0,61.0,33.0,28.0,0.71,100450.0,25.0,1.47,0.05,34.0,0.121,1,1,0,1.0,32.40279533467038,66.52811171839923,0.022948150457498158,37.139642659705295,0.2054746060979409,6353.1071999999995,1.6280984827011267,51.85,0.002916984914169813,1.2002243876602656e-06,0.3424358401107464,0.0,0.0,1.145265369371063,lhs_candidate_000016_june2024_preflight,pa1_candidate_000016
2024-06-15T19:00,30.8,71.0,0.0,0.0,0.0,1.12,100530.0,24.9,1.28,0.03,33.0,0.121,0,1,0,1.0,31.311956424946835,69.50925323375668,0.022622416524336,36.926189037246886,0.21493146854516798,0.0,1.3943415586495305,0.0,0.0032112525022145915,3.550598461788857e-07,0.400811534229432,0.0,0.0,1.1502840493267132,lhs_candidate_000016_june2024_preflight,pa1_candidate_000016
2024-06-15T20:00,30.1,72.0,0.0,0.0,0.0,1.04,100550.0,24.5,1.19,0.01,32.2,0.12,0,0,0,1.0,30.500926722959825,71.33768629722147,0.02222834952301158,36.67590567922074,0.21487139284752865,0.0,1.2515429512675693,0.0,0.0016724507390072434,3.1840226226305296e-07,0.40044069658968307,0.0,0.0,1.1535858301357518,lhs_candidate_000016_june2024_preflight,pa1_candidate_000016
2024-06-15T21:00,29.8,72.0,0.0,0.0,0.0,0.98,100590.0,24.2,1.16,0.01,31.7,0.12,0,0,0,1.0,30.034669789366813,71.94994787563114,0.02186224460846009,36.415876290799865,0.21481571921676967,0.0,1.1925507815707,0.0,0.001509779825486147,3.0313381782386455e-07,0.40009703220228193,0.0,0.0,1.1558195048720616,lhs_candidate_000016_june2024_preflight,pa1_candidate_000016
2024-06-15T22:00,29.4,75.0,0.0,0.0,0.0,1.03,100670.0,24.4,1.03,0.01,31.2,0.12,0,0,0,1.0,29.65957130912563,74.31273262522822,0.02212639557403553,36.15400859757742,0.21476371644761022,0.0,1.068825116792976,0.0,0.0015871643553186984,2.7146608331644263e-07,0.3997760274543841,0.0,0.0,1.158171620849541,lhs_candidate_000016_june2024_preflight,pa1_candidate_000016
2024-06-15T23:00,29.1,77.0,0.0,0.0,0.0,1.12,100710.0,24.6,0.94,0.01,30.9,0.12,0,0,0,1.0,29.324445101623176,76.45563141434025,0.02235413962623703,35.89103660033413,0.21471747344693803,0.0,0.9609392262651673,0.0,0.0016850397971633502,2.4389036272462015e-07,0.39949057683295086,0.0,0.0,1.159915511009599,lhs_candidate_000016_june2024_preflight,pa1_candidate_000016
2024-06-16T00:00,29.0,78.0,0.0,0.0,0.0,1.12,100670.0,24.7,0.88,0.0,30.6,0.12,0,0,0,1.0,29.140733476381847,77.79393190025256,0.022519325596678262,35.62988078517138,0.21467521285688898,0.0,0.8967633794087617,0.0,0.0016424462811554248,2.274536419550881e-07,0.39922970899314186,0.0,0.0,1.1601594530493453,lhs_candidate_000016_june2024_preflight,pa1_candidate_000016
2024-06-16T01:00,28.8,80.0,0.0,0.0,0.0,1.17,100610.0,24.9,0.8,0.0,30.3,0.12,0,0,0,1.0,28.971287911579697,79.51131494792922,0.022805059671577775,35.373697637928935,0.21463594887152282,0.0,0.8193498838512805,0.0,0.0017245461281837878,2.0769244006729204e-07,0.3989873387131038,0.0,0.0,1.1601182810265867,lhs_candidate_000016_june2024_preflight,pa1_candidate_000016
2024-06-16T02:00,28.8,80.0,0.0,0.0,0.0,1.06,100570.0,25.0,0.79,0.0,30.1,0.12,0,0,0,1.0,28.89329063170149,80.04497267018952,0.022860721468884536,35.12275700461401,0.21459937167956314,0.0,0.7944180386089346,0.0,0.0015365221810008612,2.012586495835319e-07,0.3987615535775503,0.0,0.0,1.1599565079403833,lhs_candidate_000016_june2024_preflight,pa1_candidate_000016
2024-06-16T03:00,28.6,80.0,0.0,0.0,0.0,0.99,100570.0,24.9,0.78,0.0,30.0,0.12,0,0,0,1.0,28.76381111778892,79.9157139059766,0.022663159495551876,34.87871254858943,0.21456314126852313,0.0,0.7935957925251604,0.0,0.0014830403358013723,2.0093758232196634e-07,0.3985379090649576,0.0,0.0,1.1604539697963077,lhs_candidate_000016_june2024_preflight,pa1_candidate_000016
2024-06-16T04:00,28.4,82.0,0.0,0.0,0.0,1.06,100610.0,25.0,0.7,0.0,29.8,0.12,0,0,0,1.0,28.57130078546567,81.4748444678346,0.02286363027456637,34.63857099366628,0.2145283681091611,0.0,0.7238710166891282,0.0,0.0015791171099862153,1.831846308711042e-07,0.3983232599330932,0.0,0.0,1.1616562313667587,lhs_candidate_000016_june2024_preflight,pa1_candidate_000016
2024-06-16T05:00,28.3,82.0,0.0,0.0,0.0,1.34,100620.0,25.0,0.69,0.0,29.7,0.12,0,0,0,1.0,28.430311738117215,81.82078073989749,0.02278434058525622,34.402123537390565,0.21449606115258782,0.0,0.7045677550356699,0.0,0.0019342642467715407,1.782104306050149e-07,0.39812383427523346,0.0,0.0,1.162314821911511,lhs_candidate_000016_june2024_preflight,pa1_candidate_000016
2024-06-16T06:00,28.4,82.0,21.0,9.0,12.0,1.41,100650.0,25.0,0.7,0.02,29.6,0.12,1,0,0,1.0,28.49364392833599,82.35697768950604,0.023013251319157643,34.17856380234258,0.21443401864973352,2270.1888,0.6863038683951643,17.849999999999998,0.0020140429699299473,5.117159597443328e-07,0.39774085586255264,0.0,0.0,1.1624172588976327,lhs_candidate_000016_june2024_preflight,pa1_candidate_000016
2024-06-16T07:00,29.6,73.0,157.0,90.0,67.0,1.1,100700.0,24.3,1.11,0.12,30.4,0.12,0,0,0,1.0,29.574754588581232,79.40648127784297,0.023534565906993328,34.02033022664895,0.22371399736806327,16173.2208,0.8527082024470696,133.45,0.0015539254424412885,3.139895985048808e-06,0.4550246751115017,0.0,0.0,1.158841350446467,lhs_candidate_000016_june2024_preflight,pa1_candidate_000016
2024-06-16T08:00,30.7,67.0,251.0,103.0,148.0,0.5,100730.0,23.8,1.46,0.19,31.5,0.12,0,0,0,1.0,31.062820187609734,78.51329335453039,0.025214121129949245,33.97130232336954,0.22299287637672205,27294.995199999998,0.9687678376121651,213.35,0.0010495056270300768,4.85780346322221e-06,0.4505733109674201,0.0,0.0,1.153516392286683,lhs_candidate_000016_june2024_preflight,pa1_candidate_000016
2024-06-16T09:00,32.0,61.0,453.0,247.0,206.0,0.14,100780.0,23.6,1.85,0.34,33.0,0.119,0,1,0,1.0,32.87057040734331,67.4541514033432,0.02385133275260518,34.05173168447183,0.22178213884524503,47111.5744,1.6252564329684644,385.05,0.002612323504670439,8.58717753659576e-06,0.4430996225015126,0.0,0.0,1.1472714401021231,lhs_candidate_000016_june2024_preflight,pa1_candidate_000016
2024-06-16T10:00,33.8,54.0,791.0,686.0,105.0,1.02,100720.0,23.2,2.42,0.61,35.1,0.119,0,1,0,1.0,35.494868490964336,59.411852159349344,0.024101437133000978,34.340082319681336,0.21970529643042278,73302.152,2.3453077991824602,672.35,0.003592193977931775,1.442589797756265e-05,0.43027960759520234,0.0,0.0,1.1368393694970946,lhs_candidate_000016_june2024_preflight,pa1_candidate_000016
2024-06-16T11:00,34.7,51.0,861.0,724.0,137.0,1.41,100690.0,23.2,2.7,0.68,36.5,0.118,0,1,0,1.0,37.3095030925662,52.6766288103533,0.023461473181255712,34.798904535422665,0.21703286626842389,80587.98879999999,3.019879707337964,731.85,0.004253521336192512,1.5223280218897575e-05,0.4137831251137277,0.0,0.0,1.1298579131592332,lhs_candidate_000016_june2024_preflight,pa1_candidate_000016
2024-06-16T12:00,35.3,50.0,892.0,745.0,147.0,1.62,100640.0,23.2,2.87,0.72,37.5,0.118,0,1,0,1.0,38.25242490242958,50.104247131249984,0.02341387076909633,35.30619362090405,0.21429484297860274,83667.8128,3.3508574416254095,758.1999999999999,0.004551944791389637,1.5183230259001592e-05,0.3968817467814984,0.0,0.0,1.125877361785268,lhs_candidate_000016_june2024_preflight,pa1_candidate_000016
2024-06-16T13:00,34.7,51.0,702.0,533.0,169.0,1.14,100600.0,23.2,2.7,0.57,37.5,0.117,0,1,0,1.0,37.77509705689098,49.783436153352895,0.022706048583744396,35.76095595535555,0.21188245586018467,67721.8256,3.2864813308136354,596.6999999999999,0.004148898953552271,1.165838770148983e-05,0.3819904682727449,0.0,0.0,1.1271576189071923,lhs_candidate_000016_june2024_preflight,pa1_candidate_000016
2024-06-16T14:00,34.7,50.0,678.0,461.0,217.0,1.12,100480.0,22.9,2.74,0.55,37.6,0.117,0,1,0,1.0,37.34634496130569,49.79635475630395,0.02222044425119675,36.12185555855411,0.20985407896033867,67298.58080000001,3.210100541295261,576.3,0.004001966415019284,1.0899182470369564e-05,0.36946962321196714,0.0,0.0,1.127367687578116,lhs_candidate_000016_june2024_preflight,pa1_candidate_000016
2024-06-16T15:00,34.6,51.0,601.0,384.0,217.0,1.43,100500.0,23.1,2.68,0.49,37.3,0.117,0,1,0,1.0,37.050563632342204,50.03337734997462,0.02199086544053784,36.433901410399436,0.2080255172240055,60522.5808,3.143958357490823,510.84999999999997,0.004227620620942559,9.434121732812607e-06,0.35818220508645376,0.0,0.0,1.1286672615728137,lhs_candidate_000016_june2024_preflight,pa1_candidate_000016
2024-06-16T16:00,33.5,56.0,379.0,182.0,197.0,1.81,100540.0,23.4,2.29,0.33,36.3,0.117,0,1,0,1.0,35.70050864558711,53.14250797376485,0.021788993624648804,36.63156948841972,0.20664091236935164,40282.932799999995,2.7383830103470026,322.15,0.004562932949963979,5.975218055625491e-06,0.3496352615392077,0.0,0.0,1.1340521042843135,lhs_candidate_000016_june2024_preflight,pa1_candidate_000016
2024-06-16T17:00,32.1,61.0,167.0,39.0,128.0,0.91,100550.0,23.6,1.87,0.15,35.0,0.118,0,1,0,1.0,33.69446886873546,58.35994483178479,0.02155160987319822,36.65242930772489,0.20585238716052306,19199.3472,2.17754001742423,141.95,0.003459436447914929,2.808893682455601e-06,0.34476782197853745,0.0,0.0,1.141579666293561,lhs_candidate_000016_june2024_preflight,pa1_candidate_000016
2024-06-16T18:00,31.5,64.0,60.0,24.0,36.0,0.86,100610.0,23.9,1.65,0.06,33.8,0.118,1,1,0,1.0,32.266674615832784,62.650180068525884,0.02145487606395657,36.532844658069834,0.2054907286016344,6546.5664,1.80283777174659,51.0,0.0030431856985919355,1.2247266286110196e-06,0.3425353617384839,0.0,0.0,1.147600829700575,lhs_candidate_000016_june2024_preflight,pa1_candidate_000016
2024-06-16T19:00,30.9,67.0,0.0,0.0,0.0,0.89,100570.0,24.2,1.46,0.03,32.9,0.118,0,0,0,1.0,31.330761471328085,66.31155937611648,0.021603425952585933,36.33925750081225,0.2149416147259693,0.0,1.5422183242084002,0.0,0.0015092970509543227,3.92777051147712e-07,0.4008741649751191,0.0,0.0,1.1506706662022148,lhs_candidate_000016_june2024_preflight,pa1_candidate_000016
2024-06-16T20:00,30.4,71.0,0.0,0.0,0.0,1.0,100640.0,24.6,1.25,0.01,32.2,0.118,0,0,0,1.0,30.70204334351053,70.20318870813858,0.02211285725561662,36.113711947538846,0.21487617194330286,0.0,1.316108460070795,0.0,0.001571578003860435,3.348528968429072e-07,0.40047019718088184,0.0,0.0,1.1538541480411288,lhs_candidate_000016_june2024_preflight,pa1_candidate_000016
2024-06-16T21:00,30.0,75.0,0.0,0.0,0.0,1.0,100700.0,25.1,1.07,0.01,31.7,0.118,0,0,0,1.0,30.253996838773723,74.18206866781006,0.0228090250746524,35.88106640436459,0.21482069561093092,0.0,1.1115326571387945,0.0,0.0015457782187477712,2.8256155870342777e-07,0.4001277506847588,0.0,0.0,1.1562470075416449,lhs_candidate_000016_june2024_preflight,pa1_candidate_000016
2024-06-16T22:00,29.7,77.0,0.0,0.0,0.0,0.99,100710.0,25.3,0.94,0.0,31.2,0.118,0,0,0,1.0,29.912611939292635,76.54670115267876,0.02310598784252334,35.64542911902536,0.21477289385390042,0.0,0.9901615689008292,0.0,0.0015102653128662251,2.515223198227125e-07,0.3998326781104964,0.0,0.0,1.1576644123547413,lhs_candidate_000016_june2024_preflight,pa1_candidate_000016
2024-06-16T23:00,29.4,79.0,0.0,0.0,0.0,0.85,100740.0,25.4,0.84,0.0,30.9,0.118,0,0,0,1.0,29.611312342225983,78.52945404213257,0.023320819851738363,35.40920761086294,0.21472992009449668,0.0,0.8908947677729415,0.0,0.0013319503314049622,2.2615627518414297e-07,0.39956740799072027,0.0,0.0,1.1591616816941959,lhs_candidate_000016_june2024_preflight,pa1_candidate_000016
2024-06-17T00:00,29.1,81.0,0.0,0.0,0.0,1.0,100710.0,25.6,0.74,0.0,30.6,0.118,0,0,0,1.0,29.313036285109245,80.42096262303306,0.023498951163628667,35.172882149608434,0.21469135294609373,0.0,0.7985728848120761,0.0,0.001523595392641407,2.0259930782658592e-07,0.3993293391734181,0.0,0.0,1.1599592626805448,lhs_candidate_000016_june2024_preflight,pa1_candidate_000016
2024-06-17T01:00,28.8,83.0,0.0,0.0,0.0,0.86,100680.0,25.7,0.67,0.0,30.3,0.118,0,0,0,1.0,29.01579361735785,82.36787785014035,0.023681718949703962,34.93648053573382,0.21465699059366705,0.0,0.7069308525179072,0.0,0.0013475608206892217,1.7925430157311004e-07,0.3991172258868337,0.0,0.0,1.1607544485739694,lhs_candidate_000016_june2024_preflight,pa1_candidate_000016
2024-06-17T02:00,28.7,87.0,0.0,0.0,0.0,0.86,100650.0,26.4,0.51,0.0,30.1,0.118,0,0,0,1.0,28.83722557793387,86.03781253720852,0.02449724974954268,34.70138718324172,0.2146280604969343,0.0,0.5540407544178803,0.0,0.0012972142712030137,1.4042356621420037e-07,0.3989386450428044,0.0,0.0,1.161094735275752,lhs_candidate_000016_june2024_preflight,pa1_candidate_000016
2024-06-17T03:00,28.6,88.0,0.0,0.0,0.0,0.81,100610.0,26.4,0.47,0.0,29.9,0.118,0,0,0,1.0,28.72860322631055,87.6267273074498,0.024802199255323457,34.471070332485226,0.21460462697403695,0.0,0.4879128115310305,0.0,0.0012265902589762069,1.2361836878817633e-07,0.39879399366689483,0.0,0.0,1.161050917314475,lhs_candidate_000016_june2024_preflight,pa1_candidate_000016
2024-06-17T04:00,28.5,88.0,0.0,0.0,0.0,0.81,100630.0,26.3,0.47,0.0,29.7,0.118,0,0,0,1.0,28.62639755487077,87.84662392945675,0.024726030313681337,34.246148411828784,0.21458275464726428,0.0,0.47641259421294446,0.0,0.0012250921649063628,1.206637900055372e-07,0.39865897930410055,0.0,0.0,1.1616750226549877,lhs_candidate_000016_june2024_preflight,pa1_candidate_000016
2024-06-17T05:00,28.4,88.0,0.0,0.0,0.0,0.95,100700.0,26.3,0.46,0.0,29.6,0.118,0,0,0,1.0,28.52410943275237,87.81124547888727,0.024578269093652856,34.02648196227133,0.21456107775894756,0.0,0.4749744329553427,0.0,0.001407141568636,1.202591605785351e-07,0.39852517135152815,0.0,0.0,1.16287726540619,lhs_candidate_000016_june2024_preflight,pa1_candidate_000016
2024-06-17T06:00,28.5,87.0,22.0,11.0,11.0,0.95,100740.0,26.2,0.49,0.01,29.6,0.118,1,0,0,1.0,28.593728186439602,87.7038378708612,0.024641810245744643,33.81983855615782,0.2145074524148207,2323.0063999999998,0.48109799710835244,18.7,0.0013886626562703852,4.7651357136778113e-07,0.39819415070876973,0.0,0.0,1.1630707755745429,lhs_candidate_000016_june2024_preflight,pa1_candidate_000016
2024-06-17T07:00,29.6,78.0,171.0,115.0,56.0,0.82,100770.0,25.4,0.9,0.12,30.5,0.118,0,0,0,1.0,29.647128002069255,86.29658777939882,0.025677228225476578,33.68147776692363,0.22377454414856116,17018.214399999997,0.569779338419929,145.35,0.0011823184034043216,3.3188382644615917e-06,0.4553984206701306,0.0,0.0,1.1593697261663574,lhs_candidate_000016_june2024_preflight,pa1_candidate_000016
2024-06-17T08:00,31.3,66.0,372.0,277.0,95.0,0.54,100820.0,24.3,1.53,0.27,32.2,0.117,0,0,0,1.0,31.725618107123584,82.505741697094,0.027452326812539975,33.69042822300581,0.22284449052181005,36078.328,0.8190019228262266,316.2,0.0011345800636151475,7.00877742652115e-06,0.44965734890006204,0.0,0.0,1.1520370544496776,lhs_candidate_000016_june2024_preflight,pa1_candidate_000016
2024-06-17T09:00,32.9,58.0,613.0,505.0,108.0,0.2,100760.0,23.5,2.09,0.46,34.1,0.117,0,1,0,1.0,34.1442618068689,64.93957532944314,0.024553933158717133,33.886751051890855,0.22117415146820082,57743.699199999995,1.8799874634091611,521.05,0.0028565879267759037,1.1432626695130694e-05,0.4393466140012397,0.0,0.0,1.1422894269986168,lhs_candidate_000016_june2024_preflight,pa1_candidate_000016
2024-06-17T10:00,34.0,53.0,709.0,582.0,127.0,0.5,100750.0,23.2,2.49,0.55,35.7,0.117,0,1,0,1.0,35.98359373340302,57.25082201101652,0.02381947824613916,34.23188871305059,0.21897969241695345,66860.1648,2.5374424074865947,602.65,0.0033329786948069727,1.2913566170689458e-05,0.4258005704750213,0.0,0.0,1.135380159962921,lhs_candidate_000016_june2024_preflight,pa1_candidate_000016
2024-06-17T11:00,34.7,51.0,795.0,669.0,126.0,1.03,100680.0,23.1,2.71,0.63,36.7,0.116,0,1,0,1.0,37.197724458031594,53.02506993146117,0.02348203375575901,34.657510140016754,0.21655406846134012,74392.9824,2.9794827203325385,675.75,0.0038799647027545226,1.4005814533589219e-05,0.41082758309469214,0.0,0.0,1.1301526046654249,lhs_candidate_000016_june2024_preflight,pa1_candidate_000016
2024-06-17T12:00,34.9,51.0,825.0,687.0,138.0,1.35,100650.0,23.2,2.75,0.66,37.4,0.116,0,1,0,1.0,37.79481582649492,51.11995093909488,0.02333906046090358,35.12583642534296,0.21403100822808963,77455.1712,3.202429662201847,701.25,0.0042776858784447066,1.4011091449780252e-05,0.3952531372104298,0.0,0.0,1.1276463214447743,lhs_candidate_000016_june2024_preflight,pa1_candidate_000016
2024-06-17T13:00,34.6,52.0,704.0,466.0,238.0,1.7,100590.0,23.3,2.63,0.58,37.4,0.116,0,1,0,1.0,37.47545612463522,50.514803326285254,0.022690198433363465,35.55681084931331,0.21172502685503208,70325.41119999999,3.1864248277873544,598.4,0.004615451595705362,1.1635371964900148e-05,0.38101868429032154,0.0,0.0,1.1281327657194342,lhs_candidate_000016_june2024_preflight,pa1_candidate_000016
2024-06-17T14:00,35.0,51.0,647.0,410.0,237.0,1.57,100540.0,23.2,2.77,0.54,37.4,0.116,0,1,0,1.0,37.376736572612316,50.491107093855135,0.022565480908707435,35.91362661708367,0.2097435052121572,65274.2288,3.170907839085291,549.9499999999999,0.004347872694777496,1.0406834030963596e-05,0.368787069210847,0.0,0.0,1.1279304742150824,lhs_candidate_000016_june2024_preflight,pa1_candidate_000016
2024-06-17T15:00,32.0,66.0,437.0,187.0,250.0,1.4,100470.0,24.7,1.63,0.35,36.3,0.137,0,1,0,1.0,35.09715040258835,59.88706857831486,0.023797804087595367,36.15912645963484,0.20818897583857018,47251.6,2.2675611441595667,371.45,0.004387713601382256,6.874859610849522e-06,0.3591912088800629,0.0,0.0,1.1354807621967165,lhs_candidate_000016_june2024_preflight,pa1_candidate_000016
2024-06-17T16:00,32.3,63.0,229.0,79.0,150.0,1.78,100520.0,24.3,1.81,0.22,34.7,0.137,0,1,0,1.0,33.52411501709116,61.68289196103147,0.022575611735188593,36.21203393472383,0.20724038227042724,25429.36,1.9847981649777688,194.65,0.004262426597234528,3.7226923374697704e-06,0.35333569302732865,0.0,0.0,1.1418730105294927,lhs_candidate_000016_june2024_preflight,pa1_candidate_000016
2024-06-17T17:00,31.9,65.0,149.0,62.0,87.0,1.12,100530.0,24.5,1.65,0.14,34.1,0.137,0,1,0,1.0,32.818558388183526,63.99707167574265,0.022566770112843165,36.15737984364133,0.20667985570542277,16172.868799999998,1.7926505302567048,126.64999999999999,0.0033883906252619705,2.5098843605537045e-06,0.3498756525026097,0.0,0.0,1.1446200026151006,lhs_candidate_000016_june2024_preflight,pa1_candidate_000016
2024-06-17T18:00,31.6,66.0,62.0,23.0,39.0,0.99,100550.0,24.4,1.58,0.06,33.3,0.137,1,1,0,1.0,32.164109673011254,65.3233487346061,0.02224871417004735,36.039496857215966,0.20634275786497264,6828.1136,1.6641489974564712,52.699999999999996,0.0030825428782843547,1.241059343877303e-06,0.3477948016356336,0.0,0.0,1.1473017305042035,lhs_candidate_000016_june2024_preflight,pa1_candidate_000016
2024-06-17T19:00,31.1,69.0,0.0,0.0,0.0,0.99,100660.0,24.8,1.39,0.03,32.5,0.136,0,0,0,1.0,31.470405923393173,68.47451926843728,0.02247530741735645,35.86595383335938,0.21579379974989227,0.0,1.4546853479696105,0.0,0.0015951824768082794,3.75345485408941e-07,0.40613456635735967,0.0,0.0,1.1511724364376459,lhs_candidate_000016_june2024_preflight,pa1_candidate_000016
2024-06-17T20:00,30.8,71.0,0.0,0.0,0.0,0.71,100720.0,25.0,1.27,0.0,32.0,0.136,0,0,0,1.0,31.006570223258954,70.90427901032207,0.022701940698107013,35.66413653311089,0.21572984579390697,0.0,1.3076411254102909,0.0,0.0011559989840450278,3.37076400443861e-07,0.40573978885127765,0.0,0.0,1.1536151839042197,lhs_candidate_000016_june2024_preflight,pa1_candidate_000016
2024-06-17T21:00,30.5,73.0,0.0,0.0,0.0,0.72,100740.0,25.1,1.17,0.0,31.6,0.136,0,0,0,1.0,30.692627472443743,72.92037955657851,0.022957102364091785,35.45909603295203,0.21567187293992185,0.0,1.1954492155117813,0.0,0.0011581025810300084,3.078844090175788e-07,0.40538193172791265,0.0,0.0,1.1550364571488076,lhs_candidate_000016_june2024_preflight,pa1_candidate_000016
2024-06-17T22:00,30.1,76.0,0.0,0.0,0.0,1.0,100780.0,25.3,1.04,0.01,31.2,0.136,0,0,0,1.0,30.333871189629548,75.42025764598196,0.023289855321155777,35.25198137489676,0.2156194190763134,0.0,1.0630738268453097,0.0,0.0015347058007897398,2.735728347308177e-07,0.40505814244637905,0.0,0.0,1.1568610191239153,lhs_candidate_000016_june2024_preflight,pa1_candidate_000016
2024-06-17T23:00,29.8,78.0,0.0,0.0,0.0,0.99,100780.0,25.6,0.91,0.0,30.9,0.136,0,0,0,1.0,30.001220136238775,77.57104507637631,0.023527658135246442,35.04194535738104,0.21557290332080917,0.0,0.9517417537335557,0.0,0.0015038392519133774,2.447488720836827e-07,0.40477100815314304,0.0,0.0,1.1581304550063287,lhs_candidate_000016_june2024_preflight,pa1_candidate_000016
2024-06-18T00:00,29.5,80.0,0.0,0.0,0.0,1.06,100730.0,25.6,0.83,0.0,30.7,0.136,0,0,0,1.0,29.70012412876693,79.49410294047111,0.023721207772570717,34.830481365197684,0.21553111610685025,0.0,0.8552244705611423,0.0,0.0015941502970712824,2.1978844028594386e-07,0.40451306238796453,0.0,0.0,1.1587067228044652,lhs_candidate_000016_june2024_preflight,pa1_candidate_000016
2024-06-18T01:00,29.2,81.0,0.0,0.0,0.0,0.89,100710.0,25.7,0.75,0.0,30.4,0.136,0,0,0,1.0,29.402991804119228,80.66604208208295,0.02368603815602312,34.61800999793997,0.215493111483162,0.0,0.7926758045919025,0.0,0.0013771983411780557,2.0359560053732538e-07,0.4042784659454445,0.0,0.0,1.1596143818156006,lhs_candidate_000016_june2024_preflight,pa1_candidate_000016
2024-06-18T02:00,28.8,83.0,0.0,0.0,0.0,0.98,100610.0,25.7,0.66,0.0,30.1,0.136,0,0,0,1.0,29.046392627265252,82.29205130237958,0.023699382986116138,34.40394057707946,0.21545825002357313,0.0,0.7112272491949199,0.0,0.0015167791065980995,1.8257862891716652e-07,0.4040632717504515,0.0,0.0,1.1598299574205346,lhs_candidate_000016_june2024_preflight,pa1_candidate_000016
2024-06-18T03:00,28.7,84.0,0.0,0.0,0.0,0.98,100520.0,25.7,0.63,0.0,29.9,0.136,0,0,0,1.0,28.83181796587104,83.70545995870509,0.02382613767071036,34.18857867803452,0.21542705110900093,0.0,0.6463897575465807,0.0,0.0014513504698099862,1.6585515558390876e-07,0.40387068585803043,0.0,0.0,1.159615824968675,lhs_candidate_000016_june2024_preflight,pa1_candidate_000016
2024-06-18T04:00,28.6,84.0,0.0,0.0,0.0,0.98,100510.0,25.7,0.61,0.0,29.7,0.136,0,0,0,1.0,28.718420793577515,83.93992529223277,0.023745468446798545,33.97683003464524,0.21539763847490978,0.0,0.6329204273794464,0.0,0.0014435204062224216,1.6232609539549754e-07,0.403689126388332,0.0,0.0,1.1599360307684627,lhs_candidate_000016_june2024_preflight,pa1_candidate_000016
2024-06-18T05:00,28.5,85.0,0.0,0.0,0.0,0.82,100540.0,25.7,0.59,0.0,29.6,0.136,0,0,0,1.0,28.616350515660468,84.78332159629294,0.02385071116177603,33.76974038332029,0.21536917350240023,0.0,0.5961468919106041,0.0,0.001231155068025069,1.5282818008544536e-07,0.40351341668148294,0.0,0.0,1.1606747029292512,lhs_candidate_000016_june2024_preflight,pa1_candidate_000016
2024-06-18T06:00,28.4,85.0,21.0,10.0,11.0,1.1,100630.0,25.7,0.58,0.02,29.5,0.135,1,0,0,1.0,28.565535821826654,85.29531012601926,0.023928195170387134,33.573587114082464,0.2153114329235107,2235.0063999999998,0.5743941894574638,17.849999999999998,0.001628861325722988,4.900203077608459e-07,0.4031569933550044,0.0,0.0,1.161909354489841,lhs_candidate_000016_june2024_preflight,pa1_candidate_000016
2024-06-18T07:00,29.7,76.0,181.0,125.0,56.0,1.2,100680.0,25.1,0.99,0.13,30.8,0.135,0,0,0,1.0,29.69023093161324,82.7626881257801,0.024683324680176807,33.446114245554355,0.22455410634986056,17898.214399999997,0.7184952167381558,153.85,0.0016850322948411193,3.5837821904230043e-06,0.46021053302383064,0.0,0.0,1.1581694019624345,lhs_candidate_000016_june2024_preflight,pa1_candidate_000016
2024-06-18T08:00,31.4,65.0,398.0,318.0,80.0,1.12,100730.0,24.0,1.62,0.3,32.3,0.135,0,0,0,1.0,31.874936650433288,75.91817466180106,0.025462324058797715,33.476626076611744,0.2235424563353767,37838.592000000004,1.1369692960142155,338.3,0.0018047607162497462,7.645683714845626e-06,0.45396577984800435,0.0,0.0,1.1504452019027096,lhs_candidate_000016_june2024_preflight,pa1_candidate_000016
2024-06-18T09:00,32.6,59.0,590.0,488.0,102.0,1.04,100770.0,23.5,2.03,0.45,33.9,0.134,0,1,0,1.0,33.95275603345067,63.49227675346764,0.023766986001747446,33.68215844703193,0.22184253410606128,55508.6048,1.9368383635014266,501.5,0.0034813459799156463,1.1142894756412199e-05,0.4434724327534647,0.0,0.0,1.14311518369272,lhs_candidate_000016_june2024_preflight,pa1_candidate_000016
2024-06-18T10:00,33.6,55.0,751.0,638.0,113.0,0.89,100720.0,23.2,2.35,0.58,35.3,0.134,0,1,0,1.0,35.68315170502639,58.54617006214449,0.023982999594099472,34.0314495611461,0.2195998826524207,70063.6112,2.4202782079760636,638.35,0.003627328931303031,1.3728518683111164e-05,0.42962890526185615,0.0,0.0,1.1361462840262524,lhs_candidate_000016_june2024_preflight,pa1_candidate_000016
2024-06-18T11:00,34.5,52.0,858.0,729.0,129.0,0.73,100620.0,23.1,2.64,0.67,36.7,0.133,0,1,0,1.0,37.12156160921642,54.64291409746425,0.024104346843343984,34.48699092874593,0.2169998898938456,80042.5296,2.8649717032709225,729.3,0.00370751923171606,1.5124836425500989e-05,0.41357956724596057,0.0,0.0,1.129756347993626,lhs_candidate_000016_june2024_preflight,pa1_candidate_000016
2024-06-18T12:00,34.8,51.0,758.0,622.0,136.0,0.22,100560.0,23.1,2.75,0.6,37.2,0.132,0,1,0,1.0,37.61538069821904,52.24612085538779,0.023636048939564353,34.957811212403776,0.21447016157599377,71488.8064,3.098373885366283,644.3,0.0035658426482966365,1.3000958595379902e-05,0.3979639603456406,0.0,0.0,1.1272885117527862,lhs_candidate_000016_june2024_preflight,pa1_candidate_000016
2024-06-18T13:00,35.2,51.0,778.0,578.0,200.0,0.45,100480.0,23.4,2.8,0.62,37.6,0.131,0,1,0,1.0,37.96249435746997,51.93324110210263,0.023913623128004283,35.39855460774791,0.2121425749727155,75500.48,3.1778540725126847,661.3,0.003613497301656215,1.2861675971939559e-05,0.3835961418068858,0.0,0.0,1.1251349681195455,lhs_candidate_000016_june2024_preflight,pa1_candidate_000016
2024-06-18T14:00,34.9,52.0,694.0,574.0,120.0,1.1,100410.0,23.7,2.66,0.56,37.5,0.13,0,1,0,1.0,37.75372985452659,51.03643760407677,0.02325221108759095,35.810588382472574,0.20998183909826215,65293.888000000006,3.2007706036420394,589.9,0.004049219725608618,1.1160189303503852e-05,0.3702582660386553,0.0,0.0,1.1251061112372165,lhs_candidate_000016_june2024_preflight,pa1_candidate_000016
2024-06-18T15:00,34.1,56.0,514.0,370.0,144.0,0.99,100330.0,24.0,2.36,0.42,36.9,0.129,0,1,0,1.0,36.658693253216555,53.915095745588204,0.023225353727987116,36.116147228220846,0.20824818535594655,50298.2656,2.8384153785520083,436.9,0.00386984236013326,8.133579554076384e-06,0.35955669972806514,0.0,0.0,1.128183285318591,lhs_candidate_000016_june2024_preflight,pa1_candidate_000016
2024-06-18T16:00,33.3,59.0,393.0,277.0,116.0,1.17,100340.0,24.2,2.1,0.32,36.1,0.129,0,1,0,1.0,35.37132709268066,56.94588442988441,0.022953557980254006,36.29183404155936,0.2069648949229202,38665.1584,2.4709231604771262,334.05,0.003863793634352071,6.149030323345459e-06,0.3516351538451864,0.0,0.0,1.1330037693182011,lhs_candidate_000016_june2024_preflight,pa1_candidate_000016
2024-06-18T17:00,32.8,62.0,236.0,172.0,64.0,1.12,100370.0,24.4,1.91,0.19,35.2,0.129,0,1,0,1.0,34.2211774691656,60.32283306453761,0.02290034694750738,36.349708040425135,0.20607326905180254,23019.673600000002,2.136662032967642,200.6,0.003586445683499216,3.7783154276695144e-06,0.34613129044322555,0.0,0.0,1.1375833635386965,lhs_candidate_000016_june2024_preflight,pa1_candidate_000016
2024-06-18T18:00,32.3,64.0,85.0,52.0,33.0,0.64,100430.0,24.6,1.74,0.06,34.2,0.129,1,1,0,1.0,33.140039782104765,62.88144948947565,0.022553209395671913,36.289424784287924,0.20559101967171114,8641.0192,1.881834369655293,72.25,0.0028751338234971778,1.5916201467620763e-06,0.34315444241797005,0.0,0.0,1.1422812213790725,lhs_candidate_000016_june2024_preflight,pa1_candidate_000016
2024-06-18T19:00,31.5,70.0,0.0,0.0,0.0,0.41,100530.0,25.3,1.41,0.02,33.2,0.129,0,1,0,1.0,32.02818946817762,68.37022226081835,0.023118707023144804,36.13528342707392,0.21500406547555345,0.0,1.506322236594897,0.0,0.0024919711259325864,3.840038422052297e-07,0.40125966342934233,0.0,0.0,1.147584408678524,lhs_candidate_000016_june2024_preflight,pa1_candidate_000016
2024-06-18T20:00,31.1,73.0,0.0,0.0,0.0,0.82,100630.0,25.6,1.22,0.0,32.5,0.129,0,0,0,1.0,31.36451156220978,72.47872584998278,0.02365528080025568,35.93650551239549,0.21494137475585204,0.0,1.2623093331026607,0.0,0.001327923122546667,3.2148775411566146e-07,0.40087268367809903,0.0,0.0,1.1512295478722279,lhs_candidate_000016_june2024_preflight,pa1_candidate_000016
2024-06-18T21:00,30.8,75.0,0.0,0.0,0.0,1.3,100660.0,25.8,1.12,0.01,32.0,0.129,0,0,0,1.0,30.996525065718266,74.60432337091129,0.023873743146255063,35.73092593623375,0.21488652807962938,0.0,1.140698509074971,0.0,0.0019089539997038194,2.9027028148987275e-07,0.40053412394832955,0.0,0.0,1.152966040955708,lhs_candidate_000016_june2024_preflight,pa1_candidate_000016
2024-06-18T22:00,30.5,75.0,0.0,0.0,0.0,0.89,100700.0,25.7,1.07,0.0,31.7,0.129,0,0,0,1.0,30.692352478254698,75.05819094274642,0.0236297877817264,35.52332287046588,0.21483537449774928,0.0,1.1010567250935361,0.0,0.0013701333597286338,2.799618669817914e-07,0.4002183610972178,0.0,0.0,1.1545788813167956,lhs_candidate_000016_june2024_preflight,pa1_candidate_000016
2024-06-18T23:00,30.2,77.0,0.0,0.0,0.0,0.76,100680.0,25.8,0.98,0.0,31.3,0.129,0,0,0,1.0,30.395699550489265,76.71326159035613,0.02376822317807821,35.31456369564769,0.214786875335667,0.0,1.0107196827549902,0.0,0.0012094445026141164,2.5679994189918876e-07,0.3999189835535001,0.0,0.0,1.1554777078628742,lhs_candidate_000016_june2024_preflight,pa1_candidate_000016
2024-06-19T00:00,30.0,79.0,0.0,0.0,0.0,0.81,100660.0,26.0,0.88,0.0,31.0,0.129,0,0,0,1.0,30.157780885448645,78.71010040579738,0.024075922037711844,35.10543089138126,0.2147429725237251,0.0,0.9115517562573929,0.0,0.001246117571562638,2.3144677343541863e-07,0.39964797854151296,0.0,0.0,1.1561543652185313,lhs_candidate_000016_june2024_preflight,pa1_candidate_000016
2024-06-19T01:00,29.7,82.0,0.0,0.0,0.0,0.81,100580.0,26.2,0.77,0.0,30.8,0.129,0,0,0,1.0,29.8962230392121,81.32502603537412,0.02452659254999905,34.897010346026455,0.2147040371496698,0.0,0.7876868430957118,0.0,0.0012720329869765476,1.9987668307292575e-07,0.39940763672635676,0.0,0.0,1.1562325848193127,lhs_candidate_000016_june2024_preflight,pa1_candidate_000016
2024-06-19T02:00,29.3,84.0,0.0,0.0,0.0,0.91,100560.0,26.3,0.64,0.0,30.5,0.129,0,0,0,1.0,29.54375645681549,83.2927076593343,0.02464489501790538,34.687262938625615,0.21467039186749481,0.0,0.6905597039765601,0.0,0.0014269278349195152,1.7513941247056603e-07,0.39919994979935075,0.0,0.0,1.1573487593939285,lhs_candidate_000016_june2024_preflight,pa1_candidate_000016
2024-06-19T03:00,29.2,84.0,0.0,0.0,0.0,0.9,100510.0,26.3,0.64,0.0,30.2,0.129,0,0,0,1.0,29.329210693687614,83.92344072730894,0.024543937157932304,34.47610952246145,0.21463991709496658,0.0,0.6563285433370112,0.0,0.0013441748413919475,1.663792821032163e-07,0.3990118339195468,0.0,0.0,1.1575937963691387,lhs_candidate_000016_june2024_preflight,pa1_candidate_000016
2024-06-19T04:00,29.1,85.0,0.0,0.0,0.0,1.0,100510.0,26.3,0.6,0.0,29.9,0.129,0,0,0,1.0,29.21551522116917,84.74773808346121,0.024632283993287908,34.26840534574801,0.21461075385499925,0.0,0.6186069366315188,0.0,0.0014683737056538136,1.567461048042512e-07,0.3988318139197485,0.0,0.0,1.15802907475585,lhs_candidate_000016_june2024_preflight,pa1_candidate_000016
2024-06-19T05:00,29.0,85.0,0.0,0.0,0.0,1.0,100500.0,26.2,0.6,0.0,29.7,0.129,0,0,0,1.0,29.112817099099125,84.92599615623789,0.024546549325368625,34.06520294445998,0.21458289548809717,0.0,0.6077638325067443,0.0,0.0014668373828096773,1.5393221815947145e-07,0.39865984869195786,0.0,0.0,1.1583072772674907,lhs_candidate_000016_june2024_preflight,pa1_candidate_000016
2024-06-19T06:00,29.1,84.0,17.0,2.0,15.0,1.14,100630.0,26.1,0.64,0.02,29.5,0.129,1,0,0,1.0,29.17037716518448,84.59774370681635,0.02452838580165208,33.87292109665664,0.21453030357367092,2023.7359999999999,0.6230654364577268,14.45,0.0016330677758074734,4.319439879227441e-07,0.39833520724488225,0.0,0.0,1.1595847648560906,lhs_candidate_000016_june2024_preflight,pa1_candidate_000016
2024-06-19T07:00,29.6,80.0,141.0,43.0,98.0,1.3,100650.0,25.8,0.84,0.11,30.7,0.128,0,0,0,1.0,29.803960473822382,83.78710112352174,0.025143258272485265,33.735167009293136,0.22384885991070924,15855.8752,0.6802262778966202,119.85,0.001912587474918829,2.8002799647729966e-06,0.45585715994264964,0.0,0.0,1.157389648218075,lhs_candidate_000016_june2024_preflight,pa1_candidate_000016
2024-06-19T08:00,31.1,69.0,311.0,159.0,152.0,1.5,100650.0,24.6,1.41,0.25,31.8,0.128,0,0,0,1.0,31.43625537401089,76.24836962901703,0.024981262427317068,33.71485770991199,0.22305779590487979,32715.7248,1.0938537319343378,264.34999999999997,0.0022308192104894355,5.993873360034698e-06,0.45097404879555425,0.0,0.0,1.1511871318963927,lhs_candidate_000016_june2024_preflight,pa1_candidate_000016
2024-06-19T09:00,32.4,61.0,452.0,195.0,257.0,1.5,100620.0,23.8,1.91,0.36,33.2,0.128,0,1,0,1.0,33.295406925536014,64.5579840863312,0.023345018587859374,33.83385163239893,0.22173954238153887,48817.8768,1.812539591242726,384.2,0.0038196385758459545,8.616836954143012e-06,0.4428366813675239,0.0,0.0,1.1438620335239165,lhs_candidate_000016_june2024_preflight,pa1_candidate_000016
2024-06-19T10:00,33.6,55.0,643.0,364.0,279.0,1.4,100570.0,23.4,2.33,0.51,34.8,0.127,0,1,0,1.0,35.15742219483925,58.3284344544826,0.023251160688391805,34.0926543143696,0.21989079962388985,66399.8896,2.3635229276005414,546.55,0.003924983313904296,1.1883218663039103e-05,0.43142468903635717,0.0,0.0,1.136388732239335,lhs_candidate_000016_june2024_preflight,pa1_candidate_000016
2024-06-19T11:00,34.5,52.0,737.0,377.0,360.0,0.91,100510.0,23.4,2.6,0.59,36.2,0.126,0,1,0,1.0,36.66644804598579,54.76492900899263,0.023600842488227337,34.469995109252515,0.21763029426015615,77521.66399999999,2.7872532437164375,626.4499999999999,0.0036710009088753983,1.3200635382114668e-05,0.41747095222318614,0.0,0.0,1.1301790464580959,lhs_candidate_000016_june2024_preflight,pa1_candidate_000016
2024-06-19T12:00,35.2,50.0,832.0,510.0,322.0,0.81,100420.0,23.2,2.84,0.66,37.2,0.126,0,1,0,1.0,37.84138448798529,51.96150791190432,0.023779607870665395,34.92342929412404,0.2151474080537252,84544.7328,3.1552398094678153,707.1999999999999,0.00376380029813705,1.4357335000513376e-05,0.40214449415879755,0.0,0.0,1.1249010135059714,lhs_candidate_000016_june2024_preflight,pa1_candidate_000016
2024-06-19T13:00,34.8,51.0,617.0,324.0,293.0,0.71,100390.0,23.3,2.7,0.5,37.1,0.125,0,1,0,1.0,37.530401480067894,50.67472709488414,0.02282596835915717,35.34377453517933,0.212914197072205,64604.4432,3.185611806438439,524.4499999999999,0.003732706468788225,1.0490895455425383e-05,0.3883592411864506,0.0,0.0,1.1256906149435213,lhs_candidate_000016_june2024_preflight,pa1_candidate_000016
2024-06-19T14:00,35.1,50.0,620.0,245.0,375.0,0.0,100320.0,23.1,2.83,0.48,37.2,0.124,0,1,0,1.0,37.38863206304444,51.303388224663344,0.02294244588929262,35.67765610925564,0.211052533523832,67753.4,3.1208992850374884,527.0,0.003332618959279695,1.021076147487913e-05,0.3768674908878518,0.0,0.0,1.1254192430632417,lhs_candidate_000016_june2024_preflight,pa1_candidate_000016
2024-06-19T15:00,34.4,52.0,416.0,154.0,262.0,0.4,100290.0,23.2,2.61,0.33,36.7,0.124,0,1,0,1.0,36.568821556846906,51.40384894658975,0.022041527232439684,35.93628972613741,0.2095159585202266,45825.788799999995,2.978428789504389,353.59999999999997,0.0033645980325551538,6.88508775646765e-06,0.3673824600013987,0.0,0.0,1.1280607328702403,lhs_candidate_000016_june2024_preflight,pa1_candidate_000016
2024-06-19T16:00,31.4,69.0,176.0,17.0,159.0,0.51,100310.0,25.0,1.44,0.15,35.0,0.136,0,1,0,1.0,33.66970233030223,63.33688898462063,0.02335911260826957,36.01188313368179,0.20862521820965624,21082.0016,1.9146256646228652,149.6,0.003463044811327044,3.0198080299022354e-06,0.36188406302256937,0.0,0.0,1.1389467900783696,lhs_candidate_000016_june2024_preflight,pa1_candidate_000016
2024-06-19T17:00,31.0,71.0,93.0,6.0,87.0,0.51,100290.0,25.1,1.31,0.09,33.5,0.143,0,1,0,1.0,31.850402741877772,69.7060473290971,0.023348283547668967,35.91706681547113,0.2082054124209928,11244.868799999998,1.4282773949919814,79.05,0.002781448832768178,1.679356530545865e-06,0.35929266926538767,0.0,0.0,1.145512063880145,lhs_candidate_000016_june2024_preflight,pa1_candidate_000016
2024-06-19T18:00,30.5,71.0,43.0,7.0,36.0,0.72,100360.0,24.6,1.27,0.05,32.4,0.147,1,1,0,1.0,31.042975539069776,70.26080982296943,0.02253988316123946,35.7565461736368,0.20797130013846202,5050.5664,1.3393328898978973,36.55,0.0027785913172407918,9.277103635388508e-07,0.3578475317189014,0.0,0.0,1.1493542878965348,lhs_candidate_000016_june2024_preflight,pa1_candidate_000016
2024-06-19T19:00,30.0,73.0,0.0,0.0,0.0,0.71,100400.0,24.7,1.14,0.02,31.5,0.147,0,0,0,1.0,30.365483382235475,72.70694621258914,0.022490279663765343,35.55534560298442,0.21746147809749455,0.0,1.1825612365989038,0.0,0.001267071800599465,3.1286476467064933e-07,0.41642887714502813,0.0,0.0,1.1523789344509487,lhs_candidate_000016_june2024_preflight,pa1_candidate_000016
2024-06-19T20:00,29.8,75.0,0.0,0.0,0.0,0.94,100480.0,25.0,1.04,0.0,31.1,0.148,0,0,0,1.0,29.97854582499242,74.74500584211917,0.02264273374675465,35.3335461787494,0.21740789816588552,0.0,1.070267883744005,0.0,0.0014261998019193844,2.8293094007280616e-07,0.4160981368264538,0.0,0.0,1.1547693255605749,lhs_candidate_000016_june2024_preflight,pa1_candidate_000016
2024-06-19T21:00,29.6,78.0,0.0,0.0,0.0,1.08,100570.0,25.3,0.92,0.0,30.7,0.148,0,0,0,1.0,29.758877820817823,77.50992610715521,0.02320285851474701,35.111831931897406,0.21735998277922244,0.0,0.9411498096274613,0.0,0.0015985447671630452,2.486210461901594e-07,0.41580236283470645,0.0,0.0,1.1566418362132667,lhs_candidate_000016_june2024_preflight,pa1_candidate_000016
2024-06-19T22:00,29.5,81.0,0.0,0.0,0.0,0.73,100620.0,25.8,0.8,0.0,30.5,0.148,0,0,0,1.0,29.61855613251635,80.53231526916146,0.023925002692493164,34.8928664341177,0.2173184456042933,0.0,0.808125088593239,0.0,0.0011159590060335668,2.1334861738723392e-07,0.4155459605203291,0.0,0.0,1.1577532053113417,lhs_candidate_000016_june2024_preflight,pa1_candidate_000016
2024-06-19T23:00,29.3,83.0,0.0,0.0,0.0,1.0,100600.0,26.1,0.68,0.0,30.3,0.148,0,0,0,1.0,29.454983505108434,82.55914945114364,0.024310446444121187,34.67787263805124,0.21728234286050352,0.0,0.7172047650886673,0.0,0.0014909152437980174,1.8924370216288142e-07,0.41532310407718226,0.0,0.0,1.1581487786410385,lhs_candidate_000016_june2024_preflight,pa1_candidate_000016
2024-06-20T00:00,29.2,84.0,0.0,0.0,0.0,0.95,100510.0,26.3,0.63,0.0,30.1,0.147,0,0,0,1.0,29.31854547627812,83.78496592980038,0.024489241758506055,34.46600136148498,0.21724972650127033,0.0,0.6615749154684867,0.0,0.0014035895063157675,1.7448042717870696e-07,0.4151217685263601,0.0,0.0,1.157634613801876,lhs_candidate_000016_june2024_preflight,pa1_candidate_000016
2024-06-20T01:00,29.0,86.0,0.0,0.0,0.0,0.63,100460.0,26.4,0.56,0.0,29.8,0.148,0,0,0,1.0,29.1563667784939,85.51297627229766,0.02477485615187312,34.25787461001152,0.21722001113167602,0.0,0.5855679385447958,0.0,0.0010213671788974418,1.5436649146726424e-07,0.4149383403189878,0.0,0.0,1.1576794623189082,lhs_candidate_000016_june2024_preflight,pa1_candidate_000016
2024-06-20T02:00,29.0,85.0,0.0,0.0,0.0,0.71,100410.0,26.2,0.61,0.0,29.7,0.147,0,0,0,1.0,29.07865885812758,85.39028912113561,0.02463489363787314,34.053328457101216,0.21719257514295523,0.0,0.5878833743863936,0.0,0.0010590535115576247,1.5491362885213008e-07,0.4147689823639212,0.0,0.0,1.1574007831930186,lhs_candidate_000016_june2024_preflight,pa1_candidate_000016
2024-06-20T03:00,28.9,86.0,0.0,0.0,0.0,0.91,100390.0,26.3,0.56,0.0,29.4,0.147,0,0,0,1.0,29.00802082107099,85.80026390078875,0.024658126725487246,33.854637344047184,0.21716490332574395,0.0,0.5690593483663706,0.0,0.0013440869069895863,1.4989153931842144e-07,0.4145981686774318,0.0,0.0,1.1574407697093616,lhs_candidate_000016_june2024_preflight,pa1_candidate_000016
2024-06-20T04:00,28.8,87.0,0.0,0.0,0.0,0.9,100400.0,26.4,0.52,0.0,29.2,0.147,0,0,0,1.0,28.910278677434682,86.74399927923648,0.024796909719165355,33.6606214252041,0.21713888234265472,0.0,0.5282456906262705,0.0,0.0013322836707407133,1.3908722216773086e-07,0.41443754532502913,0.0,0.0,1.1579306317958256,lhs_candidate_000016_june2024_preflight,pa1_candidate_000016
2024-06-20T05:00,28.7,88.0,0.0,0.0,0.0,0.91,100400.0,26.4,0.48,0.0,29.1,0.148,0,0,0,1.0,28.809913206115937,87.71208322307908,0.024936775299265503,33.47080386587098,0.2171148340059436,0.0,0.4868331293078829,0.0,0.0013453261775307034,1.2813737073371801e-07,0.4142890988021211,0.0,0.0,1.1583155049148457,lhs_candidate_000016_june2024_preflight,pa1_candidate_000016
2024-06-20T06:00,28.6,89.0,12.0,0.0,12.0,1.12,100420.0,26.5,0.44,0.02,29.2,0.148,1,0,0,1.0,28.737701940704376,88.87860225503094,0.025169033624211558,33.28860067096493,0.21707479935614366,1478.1888,0.43877899065811565,10.2,0.0016409754965481908,3.1665277988897134e-07,0.4140419713342201,0.0,0.0,1.1588233682698115,lhs_candidate_000016_june2024_preflight,pa1_candidate_000016
2024-06-20T07:00,28.8,86.0,79.0,4.0,75.0,1.2,100470.0,26.3,0.54,0.07,29.6,0.149,0,0,0,1.0,28.983056105303078,88.35729867702662,0.025358478628614838,33.13623826421458,0.22650900072334887,9590.68,0.46591261576398857,67.14999999999999,0.001770138663253572,1.6509089232433337e-06,0.4722777822428943,0.0,0.0,1.1584588386187957,lhs_candidate_000016_june2024_preflight,pa1_candidate_000016
2024-06-20T08:00,29.6,80.0,217.0,50.0,167.0,1.17,100540.0,25.7,0.84,0.17,30.3,0.152,0,0,0,1.0,29.932283522319363,86.17782848642773,0.026040884165287218,33.061994654029775,0.22597366892191398,24971.4608,0.5842096318973566,184.45,0.001801512035210675,4.295800146999311e-06,0.4689732649500863,0.0,0.0,1.1556352458754506,lhs_candidate_000016_june2024_preflight,pa1_candidate_000016
2024-06-20T09:00,30.1,76.0,293.0,55.0,238.0,0.71,100550.0,25.4,1.01,0.23,30.7,0.155,0,1,0,1.0,30.867680395824596,79.16740074933018,0.025159363602562018,33.07888203904601,0.22506569693799444,34157.411199999995,0.928896382010779,249.04999999999998,0.002899738770076365,5.77223694908968e-06,0.4633684996172497,0.0,0.0,1.1521941944926661,lhs_candidate_000016_june2024_preflight,pa1_candidate_000016
2024-06-20T10:00,30.2,76.0,233.0,21.0,212.0,0.2,100560.0,25.4,1.05,0.19,30.9,0.154,0,1,0,1.0,31.113239702468828,77.78150300631793,0.025046716121709885,33.11749258936005,0.22413109122156727,27962.6688,1.0046396864456186,198.04999999999998,0.002660540012507215,4.610379144472857e-06,0.457599328528193,0.0,0.0,1.1513787990102071,lhs_candidate_000016_june2024_preflight,pa1_candidate_000016
2024-06-20T11:00,31.3,69.0,557.0,171.0,386.0,0.32,100540.0,24.9,1.43,0.43,32.3,0.155,0,1,0,1.0,32.51283156362892,75.0503245766111,0.02603934137819992,33.244632658538755,0.22277042416027248,62596.4064,1.2211152582617846,473.45,0.002883823249033213,1.0482174974305788e-05,0.4492001491374845,0.0,0.0,1.1458788346855235,lhs_candidate_000016_june2024_preflight,pa1_candidate_000016
2024-06-20T12:00,31.7,67.0,539.0,156.0,383.0,0.58,100520.0,24.9,1.54,0.42,33.1,0.155,0,1,0,1.0,33.509498646581264,69.25839414499508,0.02532871841615544,33.49294102895312,0.2209256466763137,60906.8592,1.591092670233563,458.15,0.0033083579494700365,1.0000176428556705e-05,0.4378126338044056,0.0,0.0,1.141927435841837,lhs_candidate_000016_june2024_preflight,pa1_candidate_000016
2024-06-20T13:00,32.0,66.0,565.0,245.0,320.0,0.95,100490.0,24.9,1.61,0.44,33.5,0.155,0,1,0,1.0,33.94202377915694,67.14174475037609,0.025118944841239856,33.75198027157915,0.2191039777794411,60978.368,1.7421819521462525,480.25,0.003627425552156582,1.0233469859377605e-05,0.4265677640706241,0.0,0.0,1.1399787570146336,lhs_candidate_000016_june2024_preflight,pa1_candidate_000016
2024-06-20T14:00,29.0,81.0,220.0,40.0,180.0,0.86,100460.0,25.5,0.74,0.18,32.3,0.164,0,1,0,1.0,31.468206448845667,74.38639699297374,0.024412885616344884,33.893267565023386,0.21782038475191048,25692.832,1.1817451505521777,187.0,0.0037560696763709227,4.044582331619442e-06,0.4186443503204351,0.0,0.0,1.1488934828538568,lhs_candidate_000016_june2024_preflight,pa1_candidate_000016
2024-06-20T15:00,28.2,84.0,173.0,51.0,122.0,0.78,100410.0,25.2,0.62,0.14,31.1,0.189,0,0,0,1.0,29.480337793876895,84.08261535275577,0.024793146808441878,33.8426641025221,0.21718123120830943,19516.2528,0.6555130158290381,147.04999999999998,0.001833419707886413,3.078409897514452e-06,0.41469895807598417,0.0,0.0,1.1558645739741498,lhs_candidate_000016_june2024_preflight,pa1_candidate_000016
2024-06-20T16:00,27.9,89.0,111.0,2.0,109.0,0.58,100390.0,25.9,0.42,0.09,30.3,0.196,0,0,0,1.0,28.699515040459875,89.7078368487246,0.025350948938732777,33.72853105545326,0.21672865484207088,13602.8816,0.4051657126108408,94.35,0.0014203022670320467,1.9578225259630684e-06,0.4119052768029067,0.0,0.0,1.1586237339030343,lhs_candidate_000016_june2024_preflight,pa1_candidate_000016
2024-06-20T17:00,26.7,98.0,47.0,0.0,47.0,0.71,100360.0,26.3,0.08,0.04,29.7,0.202,0,0,0,1.0,27.594472505012515,95.28612079685017,0.02534391789253454,33.55965544855179,0.21647791068906447,5789.5728,0.17401709516982278,39.949999999999996,0.0015851956854052351,8.265143119406139e-07,0.41035747338928685,0.0,0.0,1.1625334220498713,lhs_candidate_000016_june2024_preflight,pa1_candidate_000016
2024-06-20T18:00,26.7,99.0,20.0,0.0,20.0,1.14,100320.0,26.5,0.05,0.02,29.4,0.204,1,0,0,1.0,26.988742366185395,98.25114393774355,0.02527306887067268,33.34309351703786,0.21637307419086343,2463.648,0.06231149855125517,17.0,0.0017437725456098127,3.480981181743941e-07,0.4097103345115027,0.0,0.0,1.164415328334701,lhs_candidate_000016_june2024_preflight,pa1_candidate_000016
2024-06-20T19:00,26.6,98.0,0.0,0.0,0.0,0.95,100370.0,26.2,0.07,0.01,29.0,0.211,0,0,0,1.0,26.78133146567471,97.5269632754704,0.024800252051221956,33.11217944675461,0.22595014193559404,0.0,0.08704733900912354,0.0,0.0014418997567324139,2.592753640594479e-08,0.4688280366394694,0.0,0.0,1.1658013059573917,lhs_candidate_000016_june2024_preflight,pa1_candidate_000016
2024-06-20T20:00,26.5,97.0,0.0,0.0,0.0,0.85,100440.0,26.1,0.09,0.0,28.8,0.217,0,0,0,1.0,26.645638973258478,96.62931793216184,0.024387766752802638,32.879295539383094,0.22594461424848225,0.0,0.11770039644446184,0.0,0.0012904779938277303,3.50551693565769e-08,0.46879391511408797,0.0,0.0,1.1671423876387537,lhs_candidate_000016_june2024_preflight,pa1_candidate_000016
2024-06-20T21:00,26.5,97.0,0.0,0.0,0.0,0.76,100520.0,26.0,0.09,0.0,28.6,0.22,0,0,0,1.0,26.59913520839414,96.59130051270989,0.024315334493474092,32.65224317810034,0.22593818813600758,0.0,0.1187026991267448,0.0,0.0011409632140016008,3.5350697604243595e-08,0.46875424775313324,0.0,0.0,1.1682532285625333,lhs_candidate_000016_june2024_preflight,pa1_candidate_000016
2024-06-20T22:00,26.5,97.0,0.0,0.0,0.0,1.04,100600.0,26.0,0.1,0.0,28.5,0.224,0,0,0,1.0,26.59049199017451,96.61103089489224,0.02430863529840886,32.43291356543857,0.2259318549172415,0.0,0.11795560773652314,0.0,0.0015083099347757598,3.512527760127271e-08,0.4687151538101327,0.0,0.0,1.1692167105291236,lhs_candidate_000016_june2024_preflight,pa1_candidate_000016
2024-06-20T23:00,26.5,97.0,0.0,0.0,0.0,0.95,100580.0,26.1,0.09,0.0,28.4,0.226,0,0,0,1.0,26.586545726377114,96.63358868583246,0.024308985108286083,32.22146362179917,0.2259255526492521,0.0,0.11714325853373353,0.0,0.0013846177376965255,3.4880477825145035e-08,0.46867625092130927,0.0,0.0,1.16899965246221,lhs_candidate_000016_june2024_preflight,pa1_candidate_000016
2024-06-21T00:00,27.8,87.0,0.0,0.0,0.0,1.08,100550.0,25.3,0.5,0.0,28.3,0.228,0,0,0,1.0,27.34999564372026,89.96945020591133,0.023609433275592954,32.026412206524036,0.22591405657672287,0.0,0.36503239627399164,0.0,0.0017476107471907634,1.0867528104982168e-07,0.468605287510635,0.0,0.0,1.1656819016746505,lhs_candidate_000016_june2024_preflight,pa1_candidate_000016
2024-06-21T01:00,27.9,84.0,0.0,0.0,0.0,1.1,100440.0,25.0,0.59,0.0,28.1,0.228,0,0,0,1.0,27.85791176611468,85.00230016235264,0.02293875954324829,31.861847248834444,0.22588834602212152,0.0,0.5622293647160932,0.0,0.0015632057984683715,1.6732690404450184e-07,0.46844658038346615,0.0,0.0,1.162441863477704,lhs_candidate_000016_june2024_preflight,pa1_candidate_000016
2024-06-21T02:00,28.0,84.0,0.0,0.0,0.0,1.14,100400.0,24.9,0.62,0.0,28.0,0.228,0,0,0,1.0,27.996682577831606,84.34551117640812,0.022935705091246393,31.710890338464083,0.22585704495308637,0.0,0.5916144878811433,0.0,0.0015978803631187246,1.7599968266081394e-07,0.46825336390794053,0.0,0.0,1.1614434744403606,lhs_candidate_000016_june2024_preflight,pa1_candidate_000016
2024-06-21T03:00,27.5,85.0,0.0,0.0,0.0,1.3,100330.0,24.7,0.55,0.0,27.8,0.228,0,0,0,1.0,27.74126095570497,84.40725156059808,0.022632530707892087,31.564729038006984,0.22582540967996378,0.0,0.5805736369553638,0.0,0.001929742517465332,1.726431057511707e-07,0.4680580844442209,0.0,0.0,1.1616189458760233,lhs_candidate_000016_june2024_preflight,pa1_candidate_000016
2024-06-21T04:00,27.3,85.0,0.0,0.0,0.0,1.26,100360.0,24.6,0.54,0.0,27.7,0.228,0,0,0,1.0,27.45023820648628,84.7745563226487,0.022369564137378454,31.41421392263769,0.22579509180384602,0.0,0.557343549867571,0.0,0.0018353051224907003,1.6566899060102765e-07,0.4678709370607779,0.0,0.0,1.1630912299666016,lhs_candidate_000016_june2024_preflight,pa1_candidate_000016
2024-06-21T05:00,27.4,84.0,0.0,0.0,0.0,1.17,100330.0,24.5,0.59,0.0,27.6,0.228,0,0,0,1.0,27.419630163132904,84.37670027351184,0.022227031225242094,31.264353187378475,0.2257651089066497,0.0,0.5708848121097954,0.0,0.0016483026481004732,1.6962696997307469e-07,0.4676858574484549,0.0,0.0,1.1628619604215247,lhs_candidate_000016_june2024_preflight,pa1_candidate_000016
2024-06-21T06:00,27.4,85.0,9.0,0.0,9.0,0.86,100440.0,24.6,0.56,0.02,27.6,0.227,1,0,0,1.0,27.464818307206116,85.35454875727449,0.02254072106033308,31.123368873531525,0.22571991303751657,1108.6416,0.5365694983256537,7.6499999999999995,0.0012491411126100895,3.297123664796753e-07,0.4674068706019541,0.0,0.0,1.1639619092807278,lhs_candidate_000016_june2024_preflight,pa1_candidate_000016
2024-06-21T07:00,27.7,86.0,64.0,1.0,63.0,1.06,100510.0,25.2,0.52,0.06,28.4,0.227,0,0,0,1.0,27.777193282410202,88.48362380081304,0.023772490209692864,31.00927127447381,0.2351658152882137,7848.4911999999995,0.42969545471397996,54.4,0.001527764912439384,1.5062244258773185e-06,0.5257149091865043,0.0,0.0,1.163564030257126,lhs_candidate_000016_june2024_preflight,pa1_candidate_000016
2024-06-21T08:00,28.6,83.0,160.0,19.0,141.0,0.85,100570.0,25.5,0.65,0.13,28.5,0.228,0,0,0,1.0,28.70433060924056,90.8116373463284,0.02566962615868224,30.957992270998318,0.2347142611449129,19040.7184,0.3618139287935964,136.0,0.001262331910106579,3.5089097881745086e-06,0.5229275379315611,0.0,0.0,1.1606826376843287,lhs_candidate_000016_june2024_preflight,pa1_candidate_000016
2024-06-21T09:00,29.4,75.0,343.0,91.0,252.0,0.67,100550.0,24.6,1.02,0.26,32.5,0.227,0,1,0,1.0,30.05222341196999,86.62453445652062,0.026346149791663876,31.01888395047983,0.23373757872507372,39049.9648,0.5692319090488436,291.55,0.0027969843077317235,7.367717494354014e-06,0.5168986341053934,0.0,0.0,1.155293000273451,lhs_candidate_000016_june2024_preflight,pa1_candidate_000016
2024-06-21T10:00,30.9,66.0,532.0,203.0,329.0,0.57,100520.0,23.8,1.52,0.41,31.9,0.227,0,1,0,1.0,31.90683421992381,74.12422941152718,0.02490293365924872,31.224545253641537,0.23204900318172555,58391.0096,1.2238722184815125,452.2,0.002914950178372002,1.1306763058145724e-05,0.5064753282822565,0.0,0.0,1.1479267326087093,lhs_candidate_000016_june2024_preflight,pa1_candidate_000016
2024-06-21T11:00,31.7,64.0,700.0,388.0,312.0,0.42,100480.0,24.2,1.67,0.54,32.6,0.225,0,1,0,1.0,33.57320428448374,69.86128390981779,0.02563497153928468,31.574136424813634,0.2297263081982755,72576.90879999999,1.5654505809721422,595.0,0.00325344257558845,1.4442122230765672e-05,0.49213770492762654,0.0,0.0,1.1412359467131192,lhs_candidate_000016_june2024_preflight,pa1_candidate_000016
2024-06-21T12:00,32.2,64.0,761.0,462.0,299.0,0.36,100450.0,24.5,1.72,0.59,33.5,0.223,0,1,0,1.0,34.591818736835606,67.68545685313984,0.02619799264384138,32.01231891596413,0.22705625886078426,77487.5376,1.7763514429963703,646.85,0.0034476175495629984,1.5197340531888055e-05,0.47565591889373005,0.0,0.0,1.1371188889689745,lhs_candidate_000016_june2024_preflight,pa1_candidate_000016
2024-06-21T13:00,32.0,64.0,543.0,271.0,272.0,0.67,100360.0,24.3,1.71,0.43,33.4,0.221,0,1,0,1.0,34.301268638112546,64.84655790187723,0.02472105920801099,32.404042538830055,0.22472940581842146,57353.612799999995,1.9014985436953755,461.55,0.0035607700094077346,1.0702190726515509e-05,0.4612926285087745,0.0,0.0,1.1371737131953892,lhs_candidate_000016_june2024_preflight,pa1_candidate_000016
2024-06-21T14:00,28.8,81.0,207.0,9.0,198.0,0.73,100320.0,25.2,0.76,0.17,32.0,0.225,0,1,0,1.0,31.288461272584904,74.44178951538862,0.024197309328237587,32.585723296421456,0.22339636594493464,25182.115199999997,1.16721789632546,175.95,0.0036768820853893963,4.134386070954184e-06,0.4530639873144114,0.0,0.0,1.1479697761491665,lhs_candidate_000016_june2024_preflight,pa1_candidate_000016
2024-06-21T15:00,29.0,80.0,268.0,55.0,213.0,0.81,100250.0,25.3,0.78,0.21,31.5,0.225,0,1,0,1.0,30.032338282458173,80.90743492432162,0.024580910991707977,32.608065039964394,0.22256912178121857,31077.851199999997,0.811613803424974,227.79999999999998,0.0031300653015429113,5.093307505081477e-06,0.4479575418593739,0.0,0.0,1.1519216266423957,lhs_candidate_000016_june2024_preflight,pa1_candidate_000016
2024-06-21T16:00,29.4,77.0,283.0,81.0,202.0,0.71,100260.0,24.9,0.95,0.22,31.4,0.226,0,1,0,1.0,30.32115599261299,79.10934061660001,0.024412304424673237,32.644211407811966,0.22163215037559272,32010.8448,0.9028638921677525,240.54999999999998,0.002983961381718544,5.321811016564625e-06,0.4421737677505724,0.0,0.0,1.1509401223899633,lhs_candidate_000016_june2024_preflight,pa1_candidate_000016
2024-06-21T17:00,28.9,80.0,203.0,90.0,113.0,0.61,100200.0,25.2,0.78,0.15,30.9,0.225,0,0,0,1.0,29.996016898397446,79.65494296044933,0.024152919225897494,32.66396143242819,0.22080786154189452,21839.6112,0.8630568054776098,172.54999999999998,0.0016071187574832463,3.833303847284479e-06,0.437085565073423,0.0,0.0,1.1514850505808598,lhs_candidate_000016_june2024_preflight,pa1_candidate_000016
2024-06-21T18:00,28.8,81.0,56.0,18.0,38.0,0.92,100310.0,25.2,0.76,0.05,30.3,0.225,1,0,0,1.0,29.364471138104836,81.87418430891343,0.023990536698171097,32.60501376132004,0.22035955167856758,6264.9312,0.7414952904792487,47.6,0.0016173173449387781,1.1896744731051014e-06,0.4343182202380715,0.0,0.0,1.15515569812978,lhs_candidate_000016_june2024_preflight,pa1_candidate_000016
2024-06-21T19:00,28.6,82.0,0.0,0.0,0.0,0.99,100350.0,25.3,0.7,0.02,29.8,0.225,0,0,0,1.0,28.84202395323279,81.86184373314308,0.023314342046760913,32.47556782934274,0.2298329510865083,0.0,0.7199493753632948,0.0,0.0015271225558314383,2.254038378320512e-07,0.4927959943611624,0.0,0.0,1.1576155524610365,lhs_candidate_000016_june2024_preflight,pa1_candidate_000016
2024-06-21T20:00,28.5,83.0,0.0,0.0,0.0,0.72,100440.0,25.4,0.65,0.0,29.5,0.224,0,0,0,1.0,28.60667791703597,83.03734169900676,0.02334719955821523,32.32454672936034,0.22979387299875736,0.0,0.6641770529181397,0.0,0.0010942735317391946,2.0784068994348144e-07,0.4925547715972677,0.0,0.0,1.1595574298148132,lhs_candidate_000016_june2024_preflight,pa1_candidate_000016
2024-06-21T21:00,28.4,85.0,0.0,0.0,0.0,0.99,100490.0,25.6,0.59,0.0,29.2,0.224,0,0,0,1.0,28.492174595966386,84.7730934628169,0.02368648998098718,32.17456310368549,0.22975841049939866,0.0,0.5922678083817625,0.0,0.001441497382014845,1.8525578635911382e-07,0.49233586728023865,0.0,0.0,1.1605750556127736,lhs_candidate_000016_june2024_preflight,pa1_candidate_000016
2024-06-21T22:00,27.9,90.0,0.0,0.0,0.0,0.92,100510.0,26.0,0.39,0.0,28.9,0.224,0,0,0,1.0,28.155889448607578,88.64684604321273,0.024316857317816645,32.02429692325993,0.2297291352703616,0.0,0.43305196270071544,0.0,0.0014472526822472552,1.3540485253330124e-07,0.4921551559898864,0.0,0.0,1.1621016053500328,lhs_candidate_000016_june2024_preflight,pa1_candidate_000016
2024-06-21T23:00,28.1,88.0,0.0,0.0,0.0,1.06,100510.0,25.8,0.47,0.0,28.4,0.223,0,0,0,1.0,28.092648269662888,88.55402582012483,0.024207276980517462,31.871630658535654,0.2297056591795351,0.0,0.4349892795968149,0.0,0.0014883133406279501,1.3597055650909795e-07,0.49201024184898207,0.0,0.0,1.1623455703928247,lhs_candidate_000016_june2024_preflight,pa1_candidate_000016
2024-06-22T00:00,28.0,88.0,0.0,0.0,0.0,0.94,100460.0,25.8,0.47,0.0,28.1,0.223,0,0,0,1.0,28.08196688935091,88.06869229734477,0.024060500255251305,31.72523476610407,0.2296804235961545,0.0,0.4531520134975331,0.0,0.0013680606874332537,1.4160308388540215e-07,0.4918544666429291,0.0,0.0,1.1618085416421378,lhs_candidate_000016_june2024_preflight,pa1_candidate_000016
2024-06-22T01:00,28.3,86.0,0.0,0.0,0.0,1.04,100400.0,25.6,0.55,0.0,27.9,0.223,0,0,0,1.0,28.226374792967732,86.83325105660326,0.02391158935117372,31.584991276367,0.2296538305802548,0.0,0.5042917309026889,0.0,0.0014984888556644,1.5753087175426433e-07,0.49169031222379506,0.0,0.0,1.1605582871904214,lhs_candidate_000016_june2024_preflight,pa1_candidate_000016
2024-06-22T02:00,27.4,92.0,0.0,0.0,0.0,0.8,100350.0,26.1,0.28,0.0,27.6,0.223,0,0,0,1.0,27.796850620123177,90.06843581799836,0.02422444891271241,31.448689744428098,0.229628123886446,0.0,0.3709884997202373,0.0,0.0013894502994953844,1.1585214896376925e-07,0.49153162892867897,0.0,0.0,1.1616358932718214,lhs_candidate_000016_june2024_preflight,pa1_candidate_000016
2024-06-22T03:00,27.2,93.0,0.0,0.0,0.0,0.91,100310.0,26.0,0.25,0.0,27.5,0.223,0,0,0,1.0,27.373675325985605,92.36693059483433,0.024270262253769673,31.301451798342814,0.2296105061246999,0.0,0.2781682544901556,0.0,0.001385481747080304,8.684705853621344e-08,0.4914228773129624,0.0,0.0,1.1628079375870801,lhs_candidate_000016_june2024_preflight,pa1_candidate_000016
2024-06-22T04:00,27.2,93.0,0.0,0.0,0.0,1.04,100270.0,25.9,0.26,0.0,27.3,0.223,0,0,0,1.0,27.268414700979726,92.86098354280745,0.024258724378507367,31.152504317677952,0.22959561872444223,0.0,0.25856594195035987,0.0,0.0014956527006891526,8.071191393286692e-08,0.4913309797805076,0.0,0.0,1.1627515140975473,lhs_candidate_000016_june2024_preflight,pa1_candidate_000016
2024-06-22T05:00,26.8,93.0,0.0,0.0,0.0,0.95,100270.0,25.7,0.23,0.0,27.1,0.222,0,0,0,1.0,27.018762867815894,92.46750686753036,0.02382489214145278,31.005055991757516,0.22958074661099734,0.0,0.26885476624283555,0.0,0.0014638154632683142,8.390791174882622e-08,0.4912391766110947,0.0,0.0,1.163718580238058,lhs_candidate_000016_june2024_preflight,pa1_candidate_000016
2024-06-22T06:00,27.1,92.0,18.0,5.0,13.0,1.14,100290.0,25.8,0.27,0.01,27.2,0.222,1,0,0,1.0,27.09301168861204,92.8782785530427,0.024029211265754132,30.863199365173845,0.229533980347647,2041.3711999999998,0.2553024335507721,15.299999999999999,0.0015998457128708254,4.3754869379652873e-07,0.4909504959731296,0.0,0.0,1.1636628571774204,lhs_candidate_000016_june2024_preflight,pa1_candidate_000016
2024-06-22T07:00,28.7,85.0,145.0,71.0,74.0,0.81,100450.0,26.0,0.57,0.1,29.1,0.222,0,0,0,1.0,28.426209525398903,93.31402778807477,0.02597899154755541,30.784755368802813,0.2388068636207119,15363.497599999997,0.2590649765510076,123.25,0.0013234570537601778,3.3096035163734497e-06,0.548190516177234,0.0,0.0,1.1603668457867862,lhs_candidate_000016_june2024_preflight,pa1_candidate_000016
2024-06-22T08:00,29.9,75.0,345.0,226.0,119.0,0.42,100450.0,25.0,1.05,0.25,30.2,0.221,0,0,0,1.0,30.322510423469403,95.7434625983385,0.029547576240481654,30.848858381994777,0.23782052298603112,34546.705599999994,0.18397560873101515,293.25,0.001029323762059395,7.638185271957871e-06,0.5421019937409329,0.0,0.0,1.1531160912170024,lhs_candidate_000016_june2024_preflight,pa1_candidate_000016
2024-06-22T09:00,30.7,70.0,478.0,328.0,150.0,0.73,100490.0,24.5,1.34,0.36,31.3,0.22,0,1,0,1.0,31.810406976083545,76.35316625243301,0.025520296321389864,31.051987491188193,0.23615935674835897,47341.36,1.1123637393297727,406.3,0.0030951255063690233,1.0672314601133526e-05,0.5318478811627098,0.0,0.0,1.1479469975403283,lhs_candidate_000016_june2024_preflight,pa1_candidate_000016
2024-06-22T10:00,30.8,68.0,440.0,183.0,257.0,0.22,100450.0,24.1,1.44,0.34,31.5,0.218,0,1,0,1.0,32.30362055406504,72.34716624903552,0.024824326317366044,31.303513927431567,0.2343235595589339,47761.8768,1.3375578412089344,374.0,0.0030070333874382786,9.718284114344441e-06,0.5205157997465056,0.0,0.0,1.1456372145026945,lhs_candidate_000016_june2024_preflight,pa1_candidate_000016
2024-06-22T11:00,31.1,65.0,574.0,306.0,268.0,0.5,100430.0,23.9,1.56,0.44,32.1,0.217,0,1,0,1.0,32.826729875953305,70.141396341872,0.024744086914694048,31.583031476708115,0.23234010607442263,59940.8832,1.4873960482074464,487.9,0.0032282015331293965,1.2296580003890121e-05,0.5082722597186582,0.0,0.0,1.1434508790272666,lhs_candidate_000016_june2024_preflight,pa1_candidate_000016
2024-06-22T12:00,31.4,64.0,624.0,267.0,357.0,1.06,100400.0,23.9,1.63,0.48,32.8,0.215,0,1,0,1.0,33.391491002650305,67.22146085940156,0.024431535300580193,31.919909888376992,0.2300602774125027,67472.11679999999,1.685362700011912,530.4,0.0037411245787064085,1.3019062820349807e-05,0.4941992432870538,0.0,0.0,1.1410032886098318,lhs_candidate_000016_june2024_preflight,pa1_candidate_000016
2024-06-22T13:00,31.0,65.0,455.0,225.0,230.0,0.89,100370.0,23.7,1.57,0.36,32.7,0.213,0,1,0,1.0,32.97862408556051,66.04045226403086,0.023485206061532704,32.21636125115677,0.2280449158159489,48131.952,1.7061683406033494,386.75,0.003594817974023299,9.40017188107164e-06,0.4817587396046229,0.0,0.0,1.1422007300516128,lhs_candidate_000016_june2024_preflight,pa1_candidate_000016
2024-06-22T14:00,30.3,68.0,356.0,161.0,195.0,1.1,100280.0,23.7,1.38,0.29,32.4,0.213,0,1,0,1.0,32.01992766604223,67.95731402244972,0.022968984316449982,32.40660703914681,0.2265460301314107,38188.568,1.525274254359159,302.59999999999997,0.003682612441304335,7.27074464242161e-06,0.4725063588358685,0.0,0.0,1.1447615640392932,lhs_candidate_000016_june2024_preflight,pa1_candidate_000016
2024-06-22T15:00,30.3,68.0,389.0,151.0,238.0,1.3,100260.0,23.7,1.38,0.31,32.3,0.212,0,1,0,1.0,31.711314442785582,69.2072691582232,0.023009930529061966,32.55090989132683,0.2251958722777269,42605.411199999995,1.4404089913878102,330.65,0.0037734401918438467,7.737863709832464e-06,0.4641720510970796,0.0,0.0,1.145691869951941,lhs_candidate_000016_june2024_preflight,pa1_candidate_000016
2024-06-22T16:00,29.7,71.0,298.0,169.0,129.0,1.2,100260.0,23.8,1.22,0.23,31.8,0.213,0,1,0,1.0,31.155243681102636,70.64922879567031,0.022801291106943965,32.66545092922097,0.22396923426274662,30762.529599999998,1.330309438051874,253.29999999999998,0.0036854850327302643,5.896833522462116e-06,0.45660021149843594,0.0,0.0,1.1477854446241071,lhs_candidate_000016_june2024_preflight,pa1_candidate_000016
2024-06-22T17:00,28.9,77.0,100.0,28.0,72.0,0.76,100220.0,24.4,0.93,0.09,30.9,0.216,0,0,0,1.0,29.92649207344791,75.73005330145666,0.022876648450820172,32.670346433896455,0.2232479343577568,11333.1328,1.0254557288513877,85.0,0.001693663513165684,2.125842132392806e-06,0.4521477429491161,0.0,0.0,1.1519790878066574,lhs_candidate_000016_june2024_preflight,pa1_candidate_000016
2024-06-22T18:00,28.5,79.0,19.0,2.0,17.0,1.0,100360.0,24.6,0.8,0.04,30.0,0.22,1,0,0,1.0,28.967072163498422,78.72613352779403,0.022574671021728266,32.5648958209424,0.22300557174783409,2270.1007999999997,0.8505422843785673,16.15,0.0016591579611586742,5.903071995483612e-07,0.450651677455766,0.0,0.0,1.1572517179519957,lhs_candidate_000016_june2024_preflight,pa1_candidate_000016
2024-06-22T19:00,28.2,81.0,0.0,0.0,0.0,1.08,100470.0,24.6,0.73,0.02,29.4,0.226,0,0,0,1.0,28.43212008023513,80.55595387810915,0.022434348637306565,32.41480763619446,0.2325386516761989,0.0,0.7536674481219716,0.0,0.0016373840010347916,2.4395756588010665e-07,0.5094978498530796,0.0,0.0,1.160575133535695,lhs_candidate_000016_june2024_preflight,pa1_candidate_000016
2024-06-22T20:00,28.1,82.0,0.0,0.0,0.0,1.36,100510.0,24.6,0.7,0.0,28.9,0.232,0,0,0,1.0,28.207086282232456,81.87669719838985,0.022522860064316946,32.25419698057679,0.23249668630065942,0.0,0.6933518573254753,0.0,0.0019513812417586243,2.2431966669896578e-07,0.5092388043250582,0.0,0.0,1.1619041786915851,lhs_candidate_000016_june2024_preflight,pa1_candidate_000016
2024-06-22T21:00,26.1,97.0,0.0,0.0,0.0,0.89,100560.0,25.6,0.1,0.0,28.5,0.241,0,0,0,1.0,26.97044860395711,92.02935204603678,0.023648686539936317,32.08223685860255,0.23246667088715753,0.0,0.2836884017339303,0.0,0.0017434276472598129,9.174812693654551e-08,0.5090535239947995,0.0,0.0,1.1672721573659688,lhs_candidate_000016_june2024_preflight,pa1_candidate_000016
2024-06-22T22:00,26.2,97.0,0.0,0.0,0.0,0.94,100550.0,25.7,0.1,0.0,28.3,0.25,0,0,0,1.0,26.329363604666966,96.3272571250906,0.023888068712303923,31.881657086302706,0.23245656755337382,0.0,0.12588122985386496,0.0,0.0013976900847926731,4.070646534766077e-08,0.5089911577368754,0.0,0.0,1.169654570381681,lhs_candidate_000016_june2024_preflight,pa1_candidate_000016
2024-06-22T23:00,26.2,97.0,0.0,0.0,0.0,0.94,100540.0,25.7,0.1,0.0,28.1,0.256,0,0,0,1.0,26.2874086606486,96.63872415378721,0.02390943415539644,31.682017333051583,0.23244969181895542,0.0,0.11492116667719365,0.0,0.0013717661124262794,3.715918895355475e-08,0.5089487149318236,0.0,0.0,1.169702111721614,lhs_candidate_000016_june2024_preflight,pa1_candidate_000016
2024-06-23T00:00,26.1,97.0,0.0,0.0,0.0,0.91,100510.0,25.6,0.09,0.0,27.9,0.258,0,0,0,1.0,26.22130986475895,96.56427629575876,0.02380328045520758,31.488489390093026,0.23244293851611733,0.0,0.11700931523065172,0.0,0.0013531560305091272,3.783128248126518e-08,0.5089070278772675,0.0,0.0,1.1696112696564873,lhs_candidate_000016_june2024_preflight,pa1_candidate_000016
2024-06-23T01:00,26.0,97.0,0.0,0.0,0.0,0.71,100470.0,25.6,0.09,0.0,27.8,0.26,0,0,0,1.0,26.12440822510434,96.58687848125447,0.023680702459442093,31.299507459152586,0.232436158792013,0.0,0.11557648637414397,0.0,0.0010960275393316137,3.736494935627777e-08,0.5088651777284753,0.0,0.0,1.1695243551223795,lhs_candidate_000016_june2024_preflight,pa1_candidate_000016
2024-06-23T02:00,27.3,89.0,0.0,0.0,0.0,0.54,100450.0,25.4,0.38,0.0,27.8,0.26,0,0,0,1.0,26.843930465076873,91.87045720991124,0.023443035939077133,31.12388957525599,0.23242565338635102,0.0,0.28720253598227874,0.0,0.0011623051484915797,9.283843958500854e-08,0.5088003295453767,0.0,0.0,1.166487050150701,lhs_candidate_000016_june2024_preflight,pa1_candidate_000016
2024-06-23T03:00,27.4,89.0,0.0,0.0,0.0,0.54,100410.0,25.4,0.41,0.0,27.7,0.259,0,0,0,1.0,27.351681035500757,89.61706418486905,0.023519148843220913,30.977539541606266,0.23240528022087667,0.0,0.37789371469318445,0.0,0.0008087304397906201,1.2212423958369857e-07,0.5086745692646708,0.0,0.0,1.1640523449332978,lhs_candidate_000016_june2024_preflight,pa1_candidate_000016
2024-06-23T04:00,27.4,89.0,0.0,0.0,0.0,0.85,100440.0,25.4,0.4,0.0,27.7,0.259,0,0,0,1.0,27.434980428220662,89.25796686323669,0.02353279865459721,30.843562078654912,0.2323828201057683,0.0,0.39287288678296584,0.0,0.0012148895936062952,1.2693046643483387e-07,0.5085359265788167,0.0,0.0,1.1640774511635699,lhs_candidate_000016_june2024_preflight,pa1_candidate_000016
2024-06-23T05:00,27.3,90.0,0.0,0.0,0.0,0.85,100440.0,25.4,0.37,0.0,27.5,0.258,0,0,0,1.0,27.383655172664884,89.8509981031331,0.02362218079787024,30.714774734376814,0.23236045921335047,0.0,0.3700711552056317,0.0,0.00124859661068263,1.1953116674069758e-07,0.5083978963787066,0.0,0.0,1.1642762527674482,lhs_candidate_000016_june2024_preflight,pa1_candidate_000016
2024-06-23T06:00,27.2,91.0,13.0,2.0,11.0,0.72,100540.0,25.5,0.33,0.01,27.6,0.263,1,0,0,1.0,27.319315675665027,91.3382495591421,0.02392807753948064,30.592244604765355,0.23231637462692428,1531.0064,0.31465354069011875,11.049999999999999,0.0011044330723638004,3.6911605123215906e-07,0.5081257693020017,0.0,0.0,1.165684983344126,lhs_candidate_000016_june2024_preflight,pa1_candidate_000016
2024-06-23T07:00,28.2,87.0,133.0,65.0,68.0,0.82,100620.0,25.7,0.51,0.09,29.1,0.263,0,0,0,1.0,28.144905853027325,94.8077535958447,0.025991205138806456,30.51881810210869,0.2416135684528559,14096.403199999999,0.1979253169529147,113.05,0.0011882038874124203,3.117384053661347e-06,0.5655158546472586,0.0,0.0,1.1634158411589541,lhs_candidate_000016_june2024_preflight,pa1_candidate_000016
2024-06-23T08:00,28.6,84.0,198.0,66.0,132.0,1.14,100620.0,25.7,0.62,0.15,28.9,0.264,0,0,0,1.0,29.025412685845073,91.1131531292417,0.026209816197387152,30.527535481879436,0.24091712976339968,22068.0768,0.3565015522154624,168.29999999999998,0.0018081140756950045,4.6276889959330176e-06,0.561216850391356,0.0,0.0,1.160025771833182,lhs_candidate_000016_june2024_preflight,pa1_candidate_000016
2024-06-23T09:00,28.7,84.0,289.0,103.0,186.0,0.5,100640.0,25.7,0.63,0.22,29.3,0.271,0,0,0,1.0,29.56726500708385,94.55306608203533,0.02801234295329618,30.598334571005903,0.23990632121176517,31975.9264,0.22544199616292504,245.65,0.0013995459431244614,6.575479242073031e-06,0.5549772914306492,0.0,0.0,1.1581795329528963,lhs_candidate_000016_june2024_preflight,pa1_candidate_000016
2024-06-23T10:00,29.0,82.0,398.0,166.0,232.0,0.41,100650.0,25.6,0.72,0.3,29.9,0.276,0,1,0,1.0,30.154269283143137,87.56031177820383,0.026777955582713387,30.736720267818463,0.23851160105892827,43186.3168,0.5325125433366025,338.3,0.0028990070478213314,8.992100807392803e-06,0.5463679077711622,0.0,0.0,1.1560528922583064,lhs_candidate_000016_june2024_preflight,pa1_candidate_000016
2024-06-23T11:00,29.0,82.0,306.0,97.0,209.0,0.28,100590.0,25.6,0.72,0.24,30.0,0.279,0,1,0,1.0,30.193534900317182,84.88631341448698,0.026015274434166485,30.885495707727088,0.23708294152948273,34281.12159999999,0.6484367188606783,260.09999999999997,0.002862226388025431,6.883562183828317e-06,0.5375490217869304,0.0,0.0,1.1552141865687051,lhs_candidate_000016_june2024_preflight,pa1_candidate_000016
2024-06-23T12:00,29.3,77.0,252.0,23.0,229.0,0.81,100580.0,24.9,0.92,0.2,29.9,0.281,0,1,0,1.0,30.169713786132785,80.05842234843935,0.02450413012930837,30.98698794108548,0.23595162600110675,30232.7696,0.8544056654338608,214.2,0.003049026038681262,5.703170610291058e-06,0.5305655925994244,0.0,0.0,1.1551900580765266,lhs_candidate_000016_june2024_preflight,pa1_candidate_000016
2024-06-23T13:00,29.2,79.0,341.0,57.0,284.0,1.33,100520.0,25.2,0.85,0.27,32.2,0.284,0,1,0,1.0,30.320697963212304,80.77890429303984,0.024926898404069333,31.096748643521423,0.23476147280487225,39999.8016,0.8306860087482448,289.84999999999997,0.0037042084381578508,7.502333473695926e-06,0.5232189679313102,0.0,0.0,1.1539265481522178,lhs_candidate_000016_june2024_preflight,pa1_candidate_000016
2024-06-23T14:00,29.2,75.0,331.0,97.0,234.0,1.12,100480.0,24.2,1.02,0.26,31.3,0.283,0,1,0,1.0,30.37919845665068,77.30579866008559,0.023930517684604174,31.22752125273826,0.23343621045809593,37360.681599999996,0.9840725244865647,281.34999999999997,0.0034985275373754614,7.226624352334972e-06,0.515038336161086,0.0,0.0,1.153245052536442,lhs_candidate_000016_june2024_preflight,pa1_candidate_000016
2024-06-23T15:00,28.4,78.0,229.0,46.0,183.0,0.71,100480.0,24.1,0.87,0.18,30.3,0.304,0,0,0,1.0,29.710633659080344,81.79072821629335,0.02442042742264034,31.315498210709258,0.23233716023941656,26590.379199999996,0.7598997404173917,194.65,0.0017906986881621421,4.959365129300698e-06,0.5082540755519541,0.0,0.0,1.1557908407948325,lhs_candidate_000016_june2024_preflight,pa1_candidate_000016
2024-06-23T16:00,27.9,86.0,167.0,32.0,135.0,0.41,100500.0,25.4,0.52,0.13,29.7,0.307,0,0,0,1.0,28.90612727751274,89.3519077515152,0.02553663423429225,31.331668689794046,0.23157267396924228,19445.624,0.424219850635164,141.95,0.001427258298903119,3.541505460407402e-06,0.5035350245014956,0.0,0.0,1.1590998793796825,lhs_candidate_000016_june2024_preflight,pa1_candidate_000016
2024-06-23T17:00,27.8,87.0,89.0,18.0,71.0,0.32,100400.0,25.3,0.5,0.07,29.2,0.307,0,0,0,1.0,28.38216964101303,91.16793475544259,0.025320404409782855,31.289579720624047,0.2310834577721922,10329.9504,0.3413470450993219,75.64999999999999,0.0010910890838851854,1.9127229226982692e-06,0.5005151714332852,0.0,0.0,1.1599586529881545,lhs_candidate_000016_june2024_preflight,pa1_candidate_000016
2024-06-23T18:00,27.7,87.0,46.0,18.0,28.0,0.54,100480.0,25.4,0.48,0.04,28.8,0.309,1,0,0,1.0,28.051967474548274,89.76990600292791,0.024484932537474288,31.20410810431058,0.23081707400946375,5033.1071999999995,0.38786203810255726,39.1,0.0010819659140364492,1.0523633773183992e-06,0.498870827218912,0.0,0.0,1.1621555773870005,lhs_candidate_000016_june2024_preflight,pa1_candidate_000016
2024-06-23T19:00,27.6,89.0,1.0,0.0,1.0,0.22,100600.0,25.7,0.39,0.0,28.4,0.307,0,0,0,1.0,27.773321784427157,89.9228490202115,0.024154016401108862,31.089204653372516,0.2403123004163537,123.18239999999999,0.3759106384480906,0.85,0.0006246093721025409,1.5571901729768446e-07,0.5574833359034179,0.0,0.0,1.164620907342614,lhs_candidate_000016_june2024_preflight,pa1_candidate_000016
2024-06-23T20:00,27.4,86.0,0.0,0.0,0.0,0.61,100670.0,24.8,0.51,0.0,28.1,0.308,0,0,0,1.0,27.541622172261082,87.23505464403125,0.02313506227268541,30.95857566285709,0.24028388280473667,0.0,0.469776868700555,0.0,0.0009853236552039427,1.6633322979264006e-07,0.5573079185477572,0.0,0.0,1.1663293093378286,lhs_candidate_000016_june2024_preflight,pa1_candidate_000016
2024-06-23T21:00,27.5,85.0,0.0,0.0,0.0,0.98,100680.0,24.8,0.55,0.0,27.9,0.312,0,0,0,1.0,27.511110185606746,85.61615618507959,0.022667577489747067,30.828137973916835,0.2402517297663895,0.0,0.5284127692962635,0.0,0.001378982239646338,1.8702772956524345e-07,0.5571094430024044,0.0,0.0,1.1665635403651307,lhs_candidate_000016_june2024_preflight,pa1_candidate_000016
2024-06-23T22:00,26.1,97.0,0.0,0.0,0.0,1.08,100680.0,25.6,0.1,0.0,27.7,0.313,0,0,0,1.0,26.70763878193309,93.33800527686971,0.02363825348115428,30.693707594845414,0.24022564298597915,0.0,0.2334790817604966,0.0,0.0018235344206265775,8.261428066849256e-08,0.5569484134936985,0.0,0.0,1.1696893585002266,lhs_candidate_000016_june2024_preflight,pa1_candidate_000016
2024-06-23T23:00,27.3,88.0,0.0,0.0,0.0,1.0,100690.0,25.1,0.45,0.0,27.6,0.311,0,0,0,1.0,26.930001400074342,90.58625132309943,0.023225792680080896,30.548037629019706,0.24021049545969478,0.0,0.3342563106169205,0.0,0.0016100783625461316,1.1825345731126973e-07,0.5568549102450295,0.0,0.0,1.168938698507126,lhs_candidate_000016_june2024_preflight,pa1_candidate_000016
2024-06-24T00:00,27.3,88.0,0.0,0.0,0.0,0.94,100670.0,25.1,0.43,0.0,27.5,0.309,0,0,0,1.0,27.294589748845304,88.44130420323675,0.023137555501976534,30.423027886951417,0.24018535720250225,0.0,0.4192830081363006,0.0,0.0013195950060391085,1.482929332745694e-07,0.5566997358179152,0.0,0.0,1.1672882920108982,lhs_candidate_000016_june2024_preflight,pa1_candidate_000016
2024-06-24T01:00,27.1,89.0,0.0,0.0,0.0,0.78,100630.0,25.1,0.4,0.0,27.4,0.307,0,0,0,1.0,27.214868508887996,88.88830072793235,0.02315234017927055,30.305479883845443,0.24015899155257053,0.0,0.4011913960389868,0.0,0.0011784218433610496,1.418527695330877e-07,0.5565369848924108,0.0,0.0,1.1671341765321053,lhs_candidate_000016_june2024_preflight,pa1_candidate_000016
2024-06-24T02:00,27.0,89.0,0.0,0.0,0.0,0.81,100600.0,25.0,0.39,0.0,27.3,0.312,0,0,0,1.0,27.088478841933977,89.12207694648636,0.02305163856608432,30.188492796079323,0.24013396063920472,0.0,0.38985269556984026,0.0,0.0011988358914763494,1.3780537586594893e-07,0.5563824730815107,0.0,0.0,1.1672774036456528,lhs_candidate_000016_june2024_preflight,pa1_candidate_000016
2024-06-24T03:00,27.0,89.0,0.0,0.0,0.0,0.85,100560.0,25.0,0.41,0.0,27.3,0.31,0,0,0,1.0,27.04419192563066,89.21977793903933,0.02302045440991134,30.073219295980678,0.24010932537750154,0.0,0.3853491911970992,0.0,0.0012213781547203216,1.3617624467320593e-07,0.5562304035648243,0.0,0.0,1.166985414555826,lhs_candidate_000016_june2024_preflight,pa1_candidate_000016
2024-06-24T04:00,27.0,89.0,0.0,0.0,0.0,0.98,100570.0,24.9,0.41,0.0,27.2,0.308,0,0,0,1.0,27.037660428139393,89.20309565420501,0.023007835623027592,29.96162327653419,0.24008481594421835,0.0,0.38579770074702147,0.0,0.0013953357915433187,1.362976581883622e-07,0.55607911076678,0.0,0.0,1.167126857074264,lhs_candidate_000016_june2024_preflight,pa1_candidate_000016
2024-06-24T05:00,26.9,89.0,0.0,0.0,0.0,0.92,100600.0,25.0,0.39,0.0,27.1,0.307,0,0,0,1.0,26.97648429441748,89.1144580114128,0.022907300346424114,29.853341761259024,0.24006020029946676,0.0,0.38757149088753007,0.0,0.0013378404227275095,1.3688690225388385e-07,0.5559271623423874,0.0,0.0,1.1677129823482615,lhs_candidate_000016_june2024_preflight,pa1_candidate_000016
2024-06-24T06:00,27.0,89.0,12.0,1.0,11.0,0.72,100620.0,25.0,0.39,0.01,27.1,0.305,1,0,0,1.0,27.025282349558683,89.95583894512724,0.023186105199422897,29.751476793026647,0.24001207661183435,1443.0064,0.3586400156581453,10.2,0.0010292636547291048,3.9664788392315357e-07,0.5556301025421874,0.0,0.0,1.1677552648112735,lhs_candidate_000016_june2024_preflight,pa1_candidate_000016
2024-06-24T07:00,27.4,89.0,119.0,31.0,88.0,0.91,100700.0,25.4,0.4,0.08,27.9,0.303,0,0,0,1.0,27.531662219450638,95.24186396532163,0.025244639102579156,29.693117756319236,0.24931493641707708,13568.0512,0.17500754887008751,101.14999999999999,0.0013593291514521397,3.0229003270867323e-06,0.613055163068377,0.0,0.0,1.1667155250890235,lhs_candidate_000016_june2024_preflight,pa1_candidate_000016
2024-06-24T08:00,28.1,85.0,193.0,40.0,153.0,0.91,100750.0,25.4,0.56,0.15,28.1,0.301,0,0,0,1.0,28.38173264714634,95.14365080273869,0.02642396246726254,29.706740076790634,0.24860862523942584,22366.907199999998,0.18768638423855943,164.04999999999998,0.0014499231458379332,4.830637495935201e-06,0.60869521752732,0.0,0.0,1.1640040204778939,lhs_candidate_000016_june2024_preflight,pa1_candidate_000016
2024-06-24T09:00,28.7,84.0,245.0,30.0,215.0,0.85,100780.0,25.6,0.64,0.19,28.9,0.299,0,0,0,1.0,29.21653198345655,94.7241789736883,0.027533500765007962,29.77953641879779,0.24762739628362468,29124.215999999997,0.2139912730460356,208.25,0.0015139448627525163,6.061847203048446e-06,0.6026382486643499,0.0,0.0,1.1611359835661808,lhs_candidate_000016_june2024_preflight,pa1_candidate_000016
2024-06-24T10:00,29.0,81.0,262.0,37.0,225.0,0.63,100780.0,25.4,0.75,0.21,29.3,0.297,0,0,0,1.0,29.75050028048361,92.70825833354952,0.02773994101314492,29.888966045145995,0.2465023109450112,30972.04,0.3049931468576461,222.7,0.001431150120793326,6.436580150466404e-06,0.5956932774383408,0.0,0.0,1.15908907442213,lhs_candidate_000016_june2024_preflight,pa1_candidate_000016
2024-06-24T11:00,30.3,72.0,529.0,126.0,403.0,0.36,100690.0,24.7,1.19,0.4,30.7,0.293,0,1,0,1.0,31.225818754199537,82.77958864955248,0.02681742328747103,30.096977073629496,0.24476435076004482,60730.5072,0.7836446203752199,449.65,0.0027354978287321982,1.2824319383862905e-05,0.5849651281484248,0.0,0.0,1.1524408467148632,lhs_candidate_000016_june2024_preflight,pa1_candidate_000016
2024-06-24T12:00,31.3,67.0,736.0,433.0,303.0,0.51,100630.0,24.5,1.5,0.56,31.9,0.289,0,1,0,1.0,33.04456058044346,76.03346117792269,0.027133240174375777,30.478473992868736,0.24204031825604944,75428.2672,1.2085688433167414,625.6,0.0032410941353699105,1.7372336090654926e-05,0.5681501126916632,0.0,0.0,1.1449129037489691,lhs_candidate_000016_june2024_preflight,pa1_candidate_000016
2024-06-24T13:00,31.9,65.0,689.0,411.0,278.0,0.45,100580.0,24.4,1.66,0.53,32.5,0.285,0,1,0,1.0,33.99085841242081,70.87919482139205,0.02658518284949048,30.93141580227785,0.23904762599262502,70412.7072,1.5482231402120874,585.65,0.0033603716204630724,1.5879737126131044e-05,0.5496767036581792,0.0,0.0,1.1408183189807357,lhs_candidate_000016_june2024_preflight,pa1_candidate_000016
2024-06-24T14:00,31.5,67.0,385.0,152.0,233.0,0.42,100480.0,24.5,1.54,0.31,32.3,0.285,0,1,0,1.0,33.33826927353328,68.71578021642121,0.024904722133414586,31.277704804444436,0.23682242242737897,42077.4992,1.6037479307280105,327.25,0.0032383557175541446,8.90305793813225e-06,0.5359408791813517,0.0,0.0,1.1421107478279338,lhs_candidate_000016_june2024_preflight,pa1_candidate_000016
2024-06-24T15:00,30.7,73.0,481.0,224.0,257.0,0.85,100440.0,25.3,1.19,0.37,32.0,0.309,0,1,0,1.0,32.59281735271985,74.41415259618746,0.025928313500508803,31.529354384113986,0.23506144895363018,51369.8768,1.257901116365729,408.84999999999997,0.003531316723848047,1.0648667986945353e-05,0.5250706725532728,0.0,0.0,1.1444396336260227,lhs_candidate_000016_june2024_preflight,pa1_candidate_000016
2024-06-24T16:00,30.2,76.0,322.0,144.0,178.0,0.5,100450.0,25.4,1.05,0.24,31.2,0.31,0,1,0,1.0,31.7654804680727,76.72884041918215,0.02558450254384232,31.73375337000558,0.23346901530285089,34598.4672,1.091911766135647,273.7,0.003155818690248853,7.076953251144678e-06,0.5152408352027833,0.0,0.0,1.1476591299140804,lhs_candidate_000016_june2024_preflight,pa1_candidate_000016
2024-06-24T17:00,28.9,85.0,112.0,34.0,78.0,0.22,100470.0,26.2,0.59,0.09,30.4,0.332,0,1,0,1.0,30.154278512937974,82.46935004802023,0.025221035058344735,31.795653618389508,0.2326033671846907,12600.2272,0.7504445257979397,95.2,0.0028771237435248247,2.5560914358215173e-06,0.50989732830056,0.0,0.0,1.1539854004043224,lhs_candidate_000016_june2024_preflight,pa1_candidate_000016
2024-06-24T18:00,28.5,89.0,46.0,9.0,37.0,0.2,100470.0,26.5,0.44,0.03,29.6,0.336,1,0,0,1.0,29.06205776595468,90.1951086742483,0.025997561981627757,31.736470376818307,0.23227973707034966,5349.748799999999,0.394163053727572,39.1,0.0010157816634856103,1.0734427164175888e-06,0.5078996115453682,0.0,0.0,1.158156004335068,lhs_candidate_000016_june2024_preflight,pa1_candidate_000016
2024-06-24T19:00,28.7,83.0,0.0,0.0,0.0,0.36,100540.0,25.6,0.66,0.01,29.1,0.333,0,0,0,1.0,28.764775637591857,87.07734278804988,0.024695413488851792,31.629620719792843,0.24177268332066498,0.0,0.5106449388528458,0.0,0.0006033546800914943,1.8378481497342897e-07,0.56649804518929,0.0,0.0,1.1601041005665775,lhs_candidate_000016_june2024_preflight,pa1_candidate_000016
2024-06-24T20:00,28.5,84.0,0.0,0.0,0.0,0.28,100620.0,25.5,0.62,0.0,28.6,0.33,0,0,0,1.0,28.61799140141351,84.97732296124306,0.023907429882722445,31.509635651267985,0.24173559232190597,0.0,0.5886024339451095,0.0,0.0005950843191527579,2.1175666401716452e-07,0.566269088406827,0.0,0.0,1.161591939231318,lhs_candidate_000016_june2024_preflight,pa1_candidate_000016
2024-06-24T21:00,27.8,89.0,0.0,0.0,0.0,0.71,100640.0,25.9,0.4,0.0,28.3,0.327,0,0,0,1.0,28.131551654269597,87.64411701805747,0.02400972811358467,31.385491266955366,0.2417004106609118,0.0,0.4706331381956499,0.0,0.0012459185110929435,1.6925088468167953e-07,0.5660519176599494,0.0,0.0,1.1636986688285798,lhs_candidate_000016_june2024_preflight,pa1_candidate_000016
2024-06-24T22:00,27.2,92.0,0.0,0.0,0.0,0.7,100700.0,25.8,0.29,0.0,28.0,0.325,0,0,0,1.0,27.523346831119607,90.77798283091869,0.024050427217897127,31.24870564126448,0.24167447541465434,0.0,0.3390274248086822,0.0,0.0012295630834175577,1.2188785315349458e-07,0.565891823547249,0.0,0.0,1.166747791642628,lhs_candidate_000016_june2024_preflight,pa1_candidate_000016
2024-06-24T23:00,26.9,93.0,0.0,0.0,0.0,0.54,100730.0,25.7,0.24,0.0,27.7,0.322,0,0,0,1.0,27.108181067683386,92.46092922204382,0.023941308066876894,31.101424842185,0.24165508242839845,0.0,0.27050419000518433,0.0,0.0009628320414409419,9.723166267353803e-08,0.565772113755546,0.0,0.0,1.1687091208717697,lhs_candidate_000016_june2024_preflight,pa1_candidate_000016
2024-06-25T00:00,26.9,94.0,0.0,0.0,0.0,0.81,100740.0,25.8,0.22,0.0,27.6,0.32,0,0,0,1.0,26.97426332143416,93.6793580117845,0.024077769980732584,30.951461890891963,0.24163911965572532,0.0,0.22501235221799476,0.0,0.0011886899897594469,8.086571512711825e-08,0.5656735781217612,0.0,0.0,1.1693466835458366,lhs_candidate_000016_june2024_preflight,pa1_candidate_000016
2024-06-25T01:00,26.8,94.0,0.0,0.0,0.0,0.6,100730.0,25.7,0.22,0.0,27.5,0.319,0,0,0,1.0,26.89935652983793,93.92072836656759,0.024039905808973788,30.80472248957454,0.2416250030380877,0.0,0.21547022433385354,0.0,0.0009356545926534994,7.742450354683373e-08,0.5655864385067142,0.0,0.0,1.169522504192649,lhs_candidate_000016_june2024_preflight,pa1_candidate_000016
2024-06-25T02:00,26.1,98.0,0.0,0.0,0.0,0.85,100640.0,25.7,0.08,0.0,27.5,0.348,0,0,0,1.0,26.44853974912806,96.24218079918109,0.02402564591489485,30.65670400011499,0.24161325664394534,0.0,0.1297050530567465,0.0,0.0014186874291953386,4.6600693598181695e-08,0.5655139299008972,0.0,0.0,1.1702358125518963,lhs_candidate_000016_june2024_preflight,pa1_candidate_000016
2024-06-25T03:00,25.9,97.0,0.0,0.0,0.0,0.73,100620.0,25.4,0.1,0.0,27.4,0.353,0,0,0,1.0,26.079082446593635,96.62610839364109,0.023630558146050546,30.500010679957033,0.24160599328033538,0.0,0.11394259941730756,0.0,0.0011625107876829248,4.0934281753017705e-08,0.5654690943230579,0.0,0.0,1.171447853476844,lhs_candidate_000016_june2024_preflight,pa1_candidate_000016
2024-06-25T04:00,25.7,97.0,0.0,0.0,0.0,0.92,100570.0,25.2,0.11,0.0,27.3,0.359,0,0,0,1.0,25.860621500442072,96.47908185800932,0.0233088075220489,30.341224581783898,0.24159843722973492,0.0,0.11738190218666711,0.0,0.0013908817163712922,4.2166385085552064e-08,0.5654224520354008,0.0,0.0,1.1717211879961689,lhs_candidate_000016_june2024_preflight,pa1_candidate_000016
2024-06-25T05:00,25.7,96.0,0.0,0.0,0.0,1.14,100660.0,25.1,0.12,0.0,27.2,0.361,0,0,0,1.0,25.77609915629262,95.88388510923491,0.023055915830280573,30.18351211891308,0.24159037799490765,0.0,0.13653996393877987,0.0,0.0016364834676869968,4.904410331228118e-08,0.5653727036722694,0.0,0.0,1.1731013647360051,lhs_candidate_000016_june2024_preflight,pa1_candidate_000016
2024-06-25T06:00,25.7,97.0,8.0,1.0,7.0,0.67,100650.0,25.2,0.11,0.01,27.2,0.359,1,0,0,1.0,25.78326747954406,96.98976230429308,0.023331173046353515,30.032940422856278,0.24156595582144982,950.2767999999999,0.09989814508454087,6.8,0.0010113165245021324,2.1901230156789296e-07,0.5652219495151224,0.0,0.0,1.1729566959725009,lhs_candidate_000016_june2024_preflight,pa1_candidate_000016
2024-06-25T07:00,27.4,87.0,106.0,30.0,76.0,0.57,100720.0,25.1,0.47,0.08,28.2,0.356,0,0,0,1.0,26.99291895773062,96.52289813790874,0.024834252780902736,29.930869072569106,0.2509148992283301,12001.8624,0.12391901847410525,90.1,0.0011541980104954222,2.723393883238114e-06,0.622931476718087,6.116224118698778e-08,0.0,1.169041864829722,lhs_candidate_000016_june2024_preflight,pa1_candidate_000016
2024-06-25T08:00,27.8,83.0,222.0,86.0,136.0,0.41,100740.0,24.7,0.63,0.16,28.0,0.352,0,0,0,1.0,28.198842940308392,100.0,0.027495838668878343,29.93209372702569,0.2501696322077646,24320.806399999998,0.0,188.7,0.0010039947146685399,5.55963661122781e-06,0.6183310630108927,4.471211383018091e-08,0.0,1.1645948547281229,lhs_candidate_000016_june2024_preflight,pa1_candidate_000016
2024-06-25T09:00,28.6,79.0,319.0,143.0,176.0,0.28,100720.0,24.5,0.84,0.24,28.7,0.347,0,0,0,1.0,29.245403439495973,99.60675670299493,0.02899821498271818,30.02167091284995,0.24895752429441928,34264.102399999996,0.015976832619833736,271.15,0.0011170496475692952,7.898378092681253e-06,0.6108489153976498,0.0,0.0,1.1603338995990606,lhs_candidate_000016_june2024_preflight,pa1_candidate_000016
2024-06-25T10:00,28.9,76.0,335.0,68.0,267.0,0.5,100700.0,24.3,0.93,0.26,29.8,0.343,0,0,0,1.0,29.897471200217545,91.40925595079533,0.027569729589955135,30.16537050398713,0.2474988100593328,38873.7008,0.36237270864409243,284.75,0.0014755963135990179,8.304409558444342e-06,0.6018445065390914,0.0,0.0,1.1576072950934921,lhs_candidate_000016_june2024_preflight,pa1_candidate_000016
2024-06-25T11:00,29.6,73.0,543.0,154.0,389.0,1.3,100670.0,24.2,1.14,0.41,30.5,0.338,0,1,0,1.0,30.864591737314097,79.39461040607665,0.025227386255162673,30.385217698286027,0.24554332691883998,61469.9536,0.9186037189215344,461.55,0.003722402932884678,1.3314720529800341e-05,0.5897736229558024,0.0,0.0,1.1535809844116762,lhs_candidate_000016_june2024_preflight,pa1_candidate_000016
2024-06-25T12:00,30.2,69.0,588.0,244.0,344.0,2.33,100600.0,24.0,1.31,0.45,31.2,0.332,0,1,0,1.0,31.778509409109752,72.00895597463314,0.02402738968590164,30.69605946652406,0.24306877942688357,63846.745599999995,1.314343589122764,499.8,0.005035249620503457,1.4161379456844856e-05,0.5744986384375529,0.0,0.0,1.1493237963752787,lhs_candidate_000016_june2024_preflight,pa1_candidate_000016
2024-06-25T13:00,31.1,66.0,871.0,682.0,189.0,2.0,100610.0,24.0,1.54,0.65,32.4,0.326,0,1,0,1.0,33.22752600288437,70.44313659573889,0.025382170471954367,31.11619670452886,0.2399744498551685,83297.4736,1.5058337476438721,740.35,0.0047654211403750195,2.0124059963852598e-05,0.5553978386121512,0.0,0.0,1.1440017607238613,lhs_candidate_000016_june2024_preflight,pa1_candidate_000016
2024-06-25T14:00,29.9,72.0,352.0,107.0,245.0,1.43,100560.0,24.2,1.2,0.28,31.7,0.322,0,1,0,1.0,32.10679156811626,70.09895217620416,0.023802593638691274,31.47179598937718,0.23743692889442627,39595.688,1.4303298567996627,299.2,0.004166406779654684,8.185222305200319e-06,0.5397341289779399,0.0,0.0,1.1476312835235019,lhs_candidate_000016_june2024_preflight,pa1_candidate_000016
2024-06-25T15:00,29.9,71.0,299.0,206.0,93.0,0.85,100580.0,24.1,1.22,0.24,31.3,0.318,0,1,0,1.0,31.101624211000882,73.16664650481592,0.023546004983045415,31.614675795781878,0.23608734903133485,29583.9632,1.212505295654915,254.15,0.0032438700554971943,6.844641372871292e-06,0.5314033890823139,0.0,0.0,1.1516517576299234,lhs_candidate_000016_june2024_preflight,pa1_candidate_000016
2024-06-25T16:00,30.0,71.0,370.0,253.0,117.0,0.22,100550.0,24.1,1.23,0.27,31.3,0.314,0,1,0,1.0,31.196870192571367,75.29682715812882,0.024355505324401488,31.74733683149449,0.23473191225023982,36676.3408,1.1223123725143558,314.5,0.002841776736829054,8.210953996684919e-06,0.5230364953718507,0.0,0.0,1.150947950125317,lhs_candidate_000016_june2024_preflight,pa1_candidate_000016
2024-06-25T17:00,29.6,74.0,195.0,106.0,89.0,0.4,100560.0,24.4,1.09,0.14,30.8,0.311,0,1,0,1.0,30.6923137509033,74.92882871149524,0.023589012897400966,31.844559732369465,0.23359467878283002,20291.2336,1.1067649779295077,165.75,0.0028574234107161707,4.438240038596431e-06,0.5160165356964816,0.0,0.0,1.1529738540590018,lhs_candidate_000016_june2024_preflight,pa1_candidate_000016
2024-06-25T18:00,29.2,77.0,76.0,49.0,27.0,0.14,100560.0,24.8,0.92,0.05,30.2,0.309,1,0,0,1.0,29.863414853691346,78.82232958174511,0.023729648162043985,31.83601430713295,0.23302625025325063,7637.924799999999,0.8915665767048244,64.6,0.0010773929658396283,1.8678613073880307e-06,0.5125077176126582,0.0,0.0,1.156127835728774,lhs_candidate_000016_june2024_preflight,pa1_candidate_000016
2024-06-25T19:00,29.1,75.0,1.0,0.0,1.0,0.82,100600.0,24.3,0.99,0.0,29.6,0.308,0,0,0,1.0,29.314629197459343,76.81227772843924,0.022446438976853614,31.75442984767486,0.24242466975642984,123.18239999999999,0.945847670523444,0.85,0.0012968632926321625,3.6594297188718695e-07,0.5705226528174682,0.0,0.0,1.15868620072048,lhs_candidate_000016_june2024_preflight,pa1_candidate_000016
2024-06-25T20:00,29.0,77.0,0.0,0.0,0.0,1.22,100680.0,24.5,0.92,0.01,29.1,0.306,0,0,0,1.0,29.079937555721195,77.13325426917535,0.022254308180021973,31.644058663728426,0.2423604727313185,0.0,0.9202079745772758,0.0,0.0017473586324994357,3.333107363999673e-07,0.5701263748846821,0.0,0.0,1.1605080952100157,lhs_candidate_000016_june2024_preflight,pa1_candidate_000016
2024-06-25T21:00,28.0,87.0,0.0,0.0,0.0,0.92,100700.0,25.5,0.51,0.0,28.6,0.305,0,0,0,1.0,28.436543273105507,84.6041560248104,0.023567452074888934,31.526883845644374,0.24230985384648324,0.0,0.5969089644027545,0.0,0.00154958326662083,2.1608933250708867e-07,0.5698139126326126,0.0,0.0,1.1632149087743826,lhs_candidate_000016_june2024_preflight,pa1_candidate_000016
2024-06-25T22:00,27.7,89.0,0.0,0.0,0.0,1.12,100760.0,25.8,0.39,0.0,28.2,0.304,0,0,0,1.0,27.905722714451667,88.28289652296768,0.02388674256552291,31.39390961109417,0.2422772669190707,0.0,0.4404729196311892,0.0,0.001676088155709465,1.5940102125848807e-07,0.5696127587596957,0.0,0.0,1.1659601852919075,lhs_candidate_000016_june2024_preflight,pa1_candidate_000016
2024-06-25T23:00,27.3,92.0,0.0,0.0,0.0,1.04,100790.0,26.0,0.28,0.0,27.9,0.302,0,0,0,1.0,27.52634855512891,90.99520115145624,0.024111964668317415,31.253725633184814,0.24225206790063997,0.0,0.331099936877048,0.0,0.0015830803842363137,1.1978774002351443e-07,0.5694572092632096,0.0,0.0,1.1677789069069893,lhs_candidate_000016_june2024_preflight,pa1_candidate_000016
2024-06-26T00:00,27.1,93.0,0.0,0.0,0.0,0.92,100800.0,26.0,0.24,0.0,27.8,0.302,0,0,0,1.0,27.252801490048366,92.49596571342666,0.024142543357117924,31.10865711117175,0.24223274582888155,0.0,0.2715380672891645,0.0,0.0013856157565527005,9.821843820189802e-08,0.5693379372153182,0.0,0.0,1.1689582555258353,lhs_candidate_000016_june2024_preflight,pa1_candidate_000016
2024-06-26T01:00,27.1,94.0,0.0,0.0,0.0,0.91,100750.0,26.0,0.22,0.0,27.8,0.301,0,0,0,1.0,27.164855019452062,93.71092034644522,0.024341108718983654,30.963572848215538,0.2422165945352574,0.0,0.22640487222754668,0.0,0.001316818515988556,8.187890238904654e-08,0.5692382378719593,0.0,0.0,1.168720571881833,lhs_candidate_000016_june2024_preflight,pa1_candidate_000016
2024-06-26T02:00,27.1,92.0,0.0,0.0,0.0,0.85,100710.0,25.6,0.29,0.0,27.5,0.299,0,0,0,1.0,27.1532102216537,92.44101874064947,0.023995807908032917,30.822752499366405,0.24220078967038436,0.0,0.27193530960780166,0.0,0.0012276530033553984,9.832804548867505e-08,0.5691406769776812,0.0,0.0,1.1683018649665309,lhs_candidate_000016_june2024_preflight,pa1_candidate_000016
2024-06-26T03:00,27.1,90.0,0.0,0.0,0.0,0.95,100650.0,25.3,0.36,0.0,27.3,0.298,0,0,0,1.0,27.148550312616372,90.49926455471531,0.023485718386259156,30.6868994718063,0.24218084474635582,0.0,0.34169684209668727,0.0,0.0013608924029878912,1.235261234056143e-07,0.5690175601626902,0.0,0.0,1.16762394415175,lhs_candidate_000016_june2024_preflight,pa1_candidate_000016
2024-06-26T04:00,27.0,90.0,0.0,0.0,0.0,1.12,100670.0,25.1,0.37,0.0,27.0,0.297,0,0,0,1.0,27.086027565821386,89.97644517375376,0.02326946855703179,30.555239415441662,0.2421577525215462,0.0,0.3591814626622605,0.0,0.0016142665155808172,1.2981442470385987e-07,0.5688750155651,0.0,0.0,1.1680991613671639,lhs_candidate_000016_june2024_preflight,pa1_candidate_000016
2024-06-26T05:00,27.8,85.0,0.0,0.0,0.0,0.91,100650.0,25.0,0.58,0.0,26.9,0.296,0,0,0,1.0,27.519611320716013,86.95826048422255,0.0230336999036348,30.431948642361366,0.24213135222493384,0.0,0.47934656995453295,0.0,0.0014496065254855576,1.7319455445075709e-07,0.5687120507711966,0.0,0.0,1.166182961420256,lhs_candidate_000016_june2024_preflight,pa1_candidate_000016
2024-06-26T06:00,27.9,85.0,16.0,5.0,11.0,1.0,100750.0,25.0,0.58,0.02,27.0,0.295,1,0,0,1.0,27.887168706641003,86.25259733322869,0.02331362245082275,30.332135257255285,0.24206502277269826,1795.0064,0.5162381036701755,13.6,0.0014078800139815488,5.546644877370211e-07,0.5683026097080139,0.0,0.0,1.1659163239240262,lhs_candidate_000016_june2024_preflight,pa1_candidate_000016
2024-06-26T07:00,28.1,84.0,98.0,44.0,54.0,0.98,100790.0,25.2,0.6,0.08,28.4,0.294,0,0,0,1.0,28.25772016952518,88.989161017086,0.024547401043946458,30.27188681424635,0.2513858112447294,10523.849599999998,0.4224885026550731,83.3,0.0014665942754777403,2.6520360866576622e-06,0.6258383410168483,0.0,0.0,1.1649452689898114,lhs_candidate_000016_june2024_preflight,pa1_candidate_000016
2024-06-26T08:00,28.9,78.0,275.0,180.0,95.0,0.58,100870.0,24.6,0.89,0.2,29.2,0.292,0,0,0,1.0,29.28513703111305,94.63191578055995,0.02760948279320973,30.303482296895616,0.2505153830090348,27542.327999999998,0.2185968559586131,233.75,0.0011455352709297277,6.996878067199535e-06,0.6204653272162642,0.0,0.0,1.1619092880184814,lhs_candidate_000016_june2024_preflight,pa1_candidate_000016
2024-06-26T09:00,29.5,73.0,424.0,233.0,191.0,0.76,100870.0,24.2,1.1,0.32,30.1,0.29,0,1,0,1.0,30.44739834451542,80.91000410237014,0.025138438852417903,30.457084682609644,0.24891709406299523,44031.83839999999,0.8310203644333591,360.4,0.003041765700803057,1.0808004840754712e-05,0.6105993460678718,0.0,0.0,1.1574611530130083,lhs_candidate_000016_june2024_preflight,pa1_candidate_000016
2024-06-26T10:00,29.9,74.0,513.0,315.0,198.0,1.41,100860.0,24.7,1.1,0.39,30.8,0.288,0,1,0,1.0,31.277066539315847,78.72863879168032,0.025575146489166013,30.698897587146735,0.24679099493552187,52110.11519999999,0.9708131221847531,436.05,0.003882111656976644,1.2782449558832718e-05,0.5974752773797646,0.0,0.0,1.1541922392036288,lhs_candidate_000016_june2024_preflight,pa1_candidate_000016
2024-06-26T11:00,30.1,75.0,634.0,380.0,254.0,1.61,100800.0,25.1,1.08,0.47,31.4,0.285,0,1,0,1.0,31.922606608023692,78.59358777888198,0.026426661681950854,31.00991235852398,0.24425874945830228,64728.3296,1.0133838823439394,538.9,0.00424264730993561,1.5315212802933388e-05,0.5818441324586561,0.0,0.0,1.1510647864758006,lhs_candidate_000016_june2024_preflight,pa1_candidate_000016
2024-06-26T12:00,30.7,74.0,806.0,526.0,280.0,1.26,100780.0,25.5,1.15,0.6,32.2,0.281,0,1,0,1.0,32.91215745570408,78.72906989308883,0.0278993420220333,31.41169167296201,0.24118739036332068,80779.072,1.0646985473311297,685.1,0.003999904676767715,1.875574182255573e-05,0.5628851256995104,0.0,0.0,1.1471155513987987,lhs_candidate_000016_june2024_preflight,pa1_candidate_000016
2024-06-26T13:00,30.3,76.0,674.0,349.0,325.0,1.5,100760.0,25.6,1.04,0.5,32.3,0.278,0,1,0,1.0,32.839209693593894,76.48088713543818,0.026998312306596953,31.827691248723855,0.23812900356438205,70746.28,1.1724179350768802,572.9,0.004332475385806208,1.5255538581926197e-05,0.5440061948418645,0.0,0.0,1.147161321769576,lhs_candidate_000016_june2024_preflight,pa1_candidate_000016
2024-06-26T14:00,30.3,72.0,576.0,276.0,300.0,1.55,100650.0,24.6,1.22,0.44,32.3,0.275,0,1,0,1.0,32.41047553989007,73.31296112110326,0.025298819284962464,32.15396307505572,0.23561072015576398,61242.72,1.2986399611537638,489.59999999999997,0.004261227933466856,1.276444365467716e-05,0.5284612355294073,0.0,0.0,1.1475167955526218,lhs_candidate_000016_june2024_preflight,pa1_candidate_000016
2024-06-26T15:00,30.0,71.0,400.0,188.0,212.0,1.22,100690.0,24.1,1.24,0.31,31.9,0.278,0,1,0,1.0,31.748682403692815,71.85374765752898,0.023937494858366954,32.379508283527606,0.2336731290035984,42658.66879999999,1.3194018950374549,340.0,0.0038091838345986314,8.800599586865735e-06,0.5165007963185086,0.0,0.0,1.1504645527466897,lhs_candidate_000016_june2024_preflight,pa1_candidate_000016
2024-06-26T16:00,28.8,82.0,297.0,146.0,151.0,1.2,100680.0,25.5,0.7,0.22,31.1,0.295,0,1,0,1.0,30.49251229690817,80.01692450529944,0.024921447257823536,32.49334066404904,0.23230633233498577,31448.542399999995,0.8721436336389004,252.45,0.0037722230834264106,6.393002220178779e-06,0.5080637798455911,0.0,0.0,1.155109297756273,lhs_candidate_000016_june2024_preflight,pa1_candidate_000016
2024-06-26T17:00,28.0,83.0,198.0,87.0,111.0,0.54,100750.0,24.9,0.63,0.14,30.2,0.327,0,0,0,1.0,29.30084518427441,86.43135869135348,0.025238456622598045,32.50999286220888,0.23135462173066962,21329.2464,0.5530371720255403,168.29999999999998,0.001666270722759643,4.203661373817314e-06,0.5021890230288248,0.0,0.0,1.1604667491972107,lhs_candidate_000016_june2024_preflight,pa1_candidate_000016
2024-06-26T18:00,27.1,90.0,57.0,23.0,34.0,0.32,100800.0,25.3,0.37,0.04,29.3,0.332,1,0,0,1.0,28.011747024819133,89.87535560073157,0.024459633384504104,32.42584710526439,0.23086244102510098,6212.201599999999,0.3829663481022423,48.449999999999996,0.001323893678937817,1.2737821970807522e-06,0.4991508705253147,0.0,0.0,1.1660124111178742,lhs_candidate_000016_june2024_preflight,pa1_candidate_000016
2024-06-26T19:00,26.4,98.0,1.0,0.0,1.0,0.45,100830.0,26.0,0.08,0.0,28.8,0.334,0,0,0,1.0,26.91941769819824,95.53311995570812,0.024479791910917918,32.254935204247005,0.2403426718342324,123.18239999999999,0.15850811131386555,0.85,0.0011332781899602749,7.874585691780365e-08,0.5576708137915581,0.0,0.0,1.1706052848988884,lhs_candidate_000016_june2024_preflight,pa1_candidate_000016
2024-06-26T20:00,26.6,91.0,0.0,0.0,0.0,0.3,100900.0,24.9,0.32,0.0,28.3,0.331,0,0,0,1.0,26.65171589198959,93.44310709477644,0.02359156934815042,32.05378004167238,0.24032972739573905,0.0,0.22904112640026986,0.0,0.0005146398662665577,8.113744614035698e-08,0.5575909098502411,0.0,0.0,1.1724639570621835,lhs_candidate_000016_june2024_preflight,pa1_candidate_000016
2024-06-26T21:00,26.7,89.0,0.0,0.0,0.0,0.67,100910.0,24.7,0.38,0.0,27.9,0.329,0,0,0,1.0,26.731063726754503,89.97725876497066,0.02281675150748842,31.859213472334364,0.24031090625412407,0.0,0.35174531429184475,0.0,0.0009659554139206191,1.245792421391051e-07,0.5574747299637288,0.0,0.0,1.172269895659232,lhs_candidate_000016_june2024_preflight,pa1_candidate_000016
2024-06-26T22:00,26.9,88.0,0.0,0.0,0.0,0.95,100960.0,24.6,0.44,0.0,27.6,0.327,0,0,0,1.0,26.881660932934984,88.54049567572143,0.02264058450976825,31.67501917647393,0.2402865283727233,0.0,0.40574232195365,0.0,0.0013418207883827077,1.4366481827610657e-07,0.5573242492143413,0.0,0.0,1.1722620468567704,lhs_candidate_000016_june2024_preflight,pa1_candidate_000016
2024-06-26T23:00,26.9,88.0,0.0,0.0,0.0,0.73,100980.0,24.7,0.43,0.0,27.4,0.325,0,0,0,1.0,26.95305588149551,88.25250139844896,0.022656330864050427,31.501416795594047,0.24026009763909004,0.0,0.41768615474111837,0.0,0.001065486054596077,1.4785058326314687e-07,0.5571610965375928,0.0,0.0,1.1722153318517572,lhs_candidate_000016_june2024_preflight,pa1_candidate_000016
2024-06-27T00:00,26.2,91.0,0.0,0.0,0.0,1.0,100960.0,24.6,0.3,0.0,27.1,0.323,0,0,0,1.0,26.54545189106361,89.70403740242091,0.022514369223869964,31.330275702170194,0.2402349156619805,0.0,0.3574099243884947,0.0,0.0015972400888275156,1.264789896901446e-07,0.5570056522344475,0.0,0.0,1.173577132211283,lhs_candidate_000016_june2024_preflight,pa1_candidate_000016
2024-06-27T01:00,27.2,86.0,0.0,0.0,0.0,0.81,100960.0,24.6,0.5,0.0,27.0,0.323,0,0,0,1.0,26.886980370073747,87.94669277577566,0.022495370504128837,31.159862110024825,0.24021125127889978,0.0,0.42690019745343255,0.0,0.0013494264536136964,1.5103034896864746e-07,0.5568595757956777,0.0,0.0,1.1722412635044628,lhs_candidate_000016_june2024_preflight,pa1_candidate_000016
2024-06-27T02:00,27.1,87.0,0.0,0.0,0.0,0.67,100920.0,24.8,0.46,0.0,26.9,0.322,0,0,0,1.0,27.15007676816385,87.23975074820652,0.022641742976072108,31.009603421633024,0.24018219924339607,0.0,0.45896730190956125,0.0,0.0009825743469299157,1.6232287712527238e-07,0.5566802422431856,0.0,0.0,1.1707502182656837,lhs_candidate_000016_june2024_preflight,pa1_candidate_000016
2024-06-27T03:00,27.0,88.0,0.0,0.0,0.0,0.5,100880.0,24.7,0.44,0.0,26.8,0.321,0,0,0,1.0,27.090525516093997,88.09684748280361,0.022789039506771334,30.866192165740816,0.24015392909097577,0.0,0.42664697320666667,0.0,0.0008028903700912705,1.5084485130932022e-07,0.5565057351294801,0.0,0.0,1.1705183078529535,lhs_candidate_000016_june2024_preflight,pa1_candidate_000016
2024-06-27T04:00,27.0,87.0,0.0,0.0,0.0,0.54,100880.0,24.7,0.45,0.0,26.6,0.319,0,0,0,1.0,27.05324901617548,87.7794442308739,0.02266016967452339,30.726254905790373,0.24012676970810462,0.0,0.43706736673355673,0.0,0.0008139689925398354,1.5448252183108245e-07,0.5563380846179298,0.0,0.0,1.1706636521347036,lhs_candidate_000016_june2024_preflight,pa1_candidate_000016
2024-06-27T05:00,24.7,96.0,0.0,0.0,0.0,1.0,100920.0,24.1,0.11,0.0,26.4,0.318,0,0,0,1.0,25.684299782058666,91.55856301474226,0.02190319819354504,30.57546636173989,0.24010244928554367,0.0,0.2785012167606986,0.0,0.0019101794415266639,9.84103682822821e-08,0.5561879585527387,0.0,0.0,1.17649272750128,lhs_candidate_000016_june2024_preflight,pa1_candidate_000016
2024-06-27T06:00,25.0,97.0,18.0,9.0,9.0,0.81,100930.0,24.5,0.09,0.0,26.6,0.316,1,0,0,1.0,25.09772772627799,97.16218747010844,0.022492115279267845,30.397061355244645,0.24005532606821578,1900.6415999999997,0.09042022176170805,15.299999999999999,0.0012058660773942604,4.3719906428715816e-07,0.5558970744951591,1.5083543336666486e-07,0.0,1.1789233743320051,lhs_candidate_000016_june2024_preflight,pa1_candidate_000016
2024-06-27T07:00,27.3,89.0,160.0,107.0,53.0,0.5,100990.0,25.3,0.4,0.1,28.5,0.315,0,0,0,1.0,26.790036730794796,99.99999999999999,0.025441396625224908,30.284730859731827,0.24927014814295562,15944.667199999998,4.440892098500626e-16,136.0,0.001166900419884992,3.9709645059063575e-06,0.6127786922404668,2.9695448372690753e-06,0.0,1.1729685846908473,lhs_candidate_000016_june2024_preflight,pa1_candidate_000016
2024-06-27T08:00,28.4,85.0,390.0,303.0,87.0,0.2,101030.0,25.6,0.59,0.27,28.6,0.313,0,0,0,1.0,28.922407344032237,100.0,0.028605218761056355,30.340265002897063,0.24804920149063936,37380.8688,0.0,331.5,0.0009823259459345902,9.560178930410238e-06,0.6052419845101196,1.131450523505203e-06,0.0,1.165149746765654,lhs_candidate_000016_june2024_preflight,pa1_candidate_000016
2024-06-27T09:00,29.4,75.0,546.0,417.0,129.0,0.7,101070.0,24.5,1.02,0.4,29.4,0.31,0,1,0,1.0,30.598391829026497,84.51476268082908,0.02647276559514391,30.554314829957317,0.24599355470371687,52586.5296,0.6799395383466398,464.09999999999997,0.0031160504779767376,1.335961378433105e-05,0.5925528068130671,0.0,0.0,1.1591795938314933,lhs_candidate_000016_june2024_preflight,pa1_candidate_000016
2024-06-27T10:00,29.9,72.0,731.0,578.0,153.0,1.1,101060.0,24.4,1.17,0.53,31.0,0.306,0,1,0,1.0,31.860603320566362,78.58572199733842,0.026336874348826703,30.895788873076036,0.24321796906841256,69710.9072,1.0102076741125212,621.35,0.0037694736455294465,1.7405571124640324e-05,0.5754195621506948,0.0,0.0,1.1542683975511931,lhs_candidate_000016_june2024_preflight,pa1_candidate_000016
2024-06-27T11:00,30.6,69.0,846.0,644.0,202.0,1.24,100970.0,24.3,1.36,0.63,31.9,0.302,0,1,0,1.0,32.98032550076412,74.33285097004342,0.02643651270544313,31.340254381497626,0.23989529859325875,81554.84479999999,1.2896713932774153,719.1,0.004034672806605486,1.9468281724722727e-05,0.5549092505756713,0.0,0.0,1.1490222849633638,lhs_candidate_000016_june2024_preflight,pa1_candidate_000016
2024-06-27T12:00,30.9,68.0,776.0,575.0,201.0,1.58,100900.0,24.2,1.44,0.58,32.3,0.298,0,1,0,1.0,33.44567787228939,70.27951183173377,0.0256159646306042,31.80552544891179,0.23658607872255633,75359.6624,1.532765268174999,659.6,0.004413804656119023,1.7318846327216376e-05,0.5344819674231872,0.0,0.0,1.1464829138758201,lhs_candidate_000016_june2024_preflight,pa1_candidate_000016
2024-06-27T13:00,31.0,67.0,777.0,530.0,247.0,2.01,100830.0,24.2,1.46,0.58,32.6,0.294,0,1,0,1.0,33.577011199009796,67.88115483377656,0.024913368558776555,32.24187461320393,0.23351813241495467,77066.0528,1.6686562545868142,660.4499999999999,0.004885565687837229,1.6770588734378662e-05,0.5155440272528067,0.0,0.0,1.1451969776673416,lhs_candidate_000016_june2024_preflight,pa1_candidate_000016
2024-06-27T14:00,30.3,70.0,678.0,518.0,160.0,2.19,100770.0,24.3,1.28,0.5,32.5,0.291,0,1,0,1.0,32.98529021739738,68.51424941879806,0.024373516641648513,32.630779047719706,0.2307340948301082,65293.184,1.5824734870499766,576.3,0.005116939816233369,1.4186013491426981e-05,0.49835861006239635,0.0,0.0,1.1467277200430663,lhs_candidate_000016_june2024_preflight,pa1_candidate_000016
2024-06-27T15:00,30.1,73.0,509.0,386.0,123.0,1.92,100720.0,24.7,1.17,0.38,32.2,0.289,0,1,0,1.0,32.19486481482541,71.769232550925,0.024484137304249295,32.90962798564403,0.22852497230922955,49119.43519999999,1.3571614484196561,432.65,0.00466660617803898,1.0410644220404883e-05,0.48472205129154045,0.0,0.0,1.1491257202133414,lhs_candidate_000016_june2024_preflight,pa1_candidate_000016
2024-06-27T16:00,29.9,75.0,421.0,304.0,117.0,1.35,100740.0,24.9,1.07,0.31,31.8,0.287,0,1,0,1.0,31.635462113395395,74.74590975457022,0.02475101655889594,33.08863622968404,0.2268304084345449,41164.3408,1.176259894968211,357.84999999999997,0.003936753674934239,8.441139655252399e-06,0.47426178046015377,0.0,0.0,1.151463424577599,lhs_candidate_000016_june2024_preflight,pa1_candidate_000016
2024-06-27T17:00,29.4,74.0,249.0,180.0,69.0,1.65,100690.0,24.3,1.05,0.19,31.1,0.289,0,1,0,1.0,30.76163115966594,72.9662315008544,0.023056905915974975,33.1711796898199,0.22561723287770444,24339.5856,1.1981321666804998,211.65,0.004151802033578189,5.062666841787666e-06,0.4667730424549657,0.0,0.0,1.15420105820278,lhs_candidate_000016_june2024_preflight,pa1_candidate_000016
2024-06-27T18:00,28.6,80.0,58.0,28.0,30.0,1.34,100820.0,24.8,0.77,0.05,30.1,0.291,1,0,0,1.0,29.482217033537882,78.51001306526743,0.02315233444723623,33.11986803478094,0.22504078766324434,6159.472,0.8851008422864037,49.3,0.0022392568855193378,1.3486106282447374e-06,0.46321473866200213,0.0,0.0,1.1605770611617736,lhs_candidate_000016_june2024_preflight,pa1_candidate_000016
2024-06-27T19:00,28.1,82.0,1.0,0.0,1.0,1.0,100890.0,24.8,0.67,0.0,29.3,0.292,0,0,0,1.0,28.50552512799032,81.17132576707439,0.022696684806894418,32.96819816405144,0.2344963923407954,123.18239999999999,0.7329300336380178,0.85,0.0016277053746651504,2.639971650311746e-07,0.521582668770342,0.0,0.0,1.1651431508282175,lhs_candidate_000016_june2024_preflight,pa1_candidate_000016
2024-06-27T20:00,28.0,82.0,0.0,0.0,0.0,0.85,100950.0,24.5,0.7,0.0,28.9,0.294,0,0,0,1.0,28.137219198362857,82.10875882625581,0.022500333781747196,32.786875706033534,0.23445265270414614,0.0,0.6816985305191401,0.0,0.0012844354846494519,2.2577862134300274e-07,0.5213126710132479,0.0,0.0,1.167261235861287,lhs_candidate_000016_june2024_preflight,pa1_candidate_000016
2024-06-27T21:00,27.8,83.0,0.0,0.0,0.0,0.73,100970.0,24.6,0.63,0.0,28.5,0.293,0,0,0,1.0,27.948580963360488,82.9841835744172,0.02250599497919822,32.60516846385449,0.23441313778535064,0.0,0.6412628748620599,0.0,0.001139120875175907,2.1228695379146887e-07,0.5210687517614238,0.0,0.0,1.1682239251279283,lhs_candidate_000016_june2024_preflight,pa1_candidate_000016
2024-06-27T22:00,27.2,88.0,0.0,0.0,0.0,0.41,100980.0,25.0,0.44,0.0,28.2,0.292,0,0,0,1.0,27.518654252760598,86.5853137274997,0.022933703245201338,32.42176841854036,0.23437879533003134,0.0,0.4930265795518105,0.0,0.0009342485989327432,1.6314764802814886e-07,0.5208567612964897,0.0,0.0,1.1700102363983749,lhs_candidate_000016_june2024_preflight,pa1_candidate_000016
2024-06-27T23:00,27.2,87.0,0.0,0.0,0.0,0.32,101000.0,24.9,0.46,0.0,27.9,0.291,0,0,0,1.0,27.297846627249076,87.69097707141306,0.022945384117667975,32.233689418811345,0.2343516118365906,0.0,0.44658569226788636,0.0,0.0006063671097378783,1.4773226424995378e-07,0.520688961954263,0.0,0.0,1.1711020114221615,lhs_candidate_000016_june2024_preflight,pa1_candidate_000016
2024-06-28T00:00,26.9,89.0,0.0,0.0,0.0,0.5,100960.0,24.8,0.4,0.0,27.5,0.29,0,0,0,1.0,27.095098058212443,88.56085906021951,0.022914863873648487,32.04785942150495,0.23432577435438698,0.0,0.4101252450667836,0.0,0.0009072903936107008,1.3562945114685984e-07,0.5205294713233765,0.0,0.0,1.1714287135468477,lhs_candidate_000016_june2024_preflight,pa1_candidate_000016
2024-06-28T01:00,26.4,91.0,0.0,0.0,0.0,0.45,100940.0,24.8,0.3,0.0,27.3,0.29,0,0,0,1.0,26.691121931064835,90.17959712334122,0.022817459790894903,31.859896408262227,0.23430328061857053,0.0,0.3438358905275125,0.0,0.0009458762403255021,1.1367706347328401e-07,0.5203906211022873,0.0,0.0,1.1727746095318756,lhs_candidate_000016_june2024_preflight,pa1_candidate_000016
2024-06-28T02:00,26.3,90.0,0.0,0.0,0.0,0.45,100910.0,24.6,0.34,0.0,27.2,0.291,0,0,0,1.0,26.441439730052288,90.2994930094625,0.02253323564912357,31.668065134285783,0.23428349640219798,0.0,0.3346831015030145,0.0,0.0007993587373352979,1.1062505302490776e-07,0.520268496309864,0.0,0.0,1.1734031639952713,lhs_candidate_000016_june2024_preflight,pa1_candidate_000016
2024-06-28T03:00,26.1,89.0,0.0,0.0,0.0,0.3,100890.0,24.1,0.39,0.0,27.0,0.299,0,0,0,1.0,26.26507506458091,89.55740390833861,0.022129919564282723,31.477880314507686,0.23426293714859084,0.0,0.3565596443371626,0.0,0.0006775340024038061,1.1782730503496422e-07,0.5201415873369805,0.0,0.0,1.1738616331744756,lhs_candidate_000016_june2024_preflight,pa1_candidate_000016
2024-06-28T04:00,26.2,89.0,0.0,0.0,0.0,0.64,100940.0,24.2,0.38,0.0,27.0,0.298,0,0,0,1.0,26.242427275396917,89.27031877753764,0.02203119042303269,31.29107266876931,0.2342414081754545,0.0,0.3658728762853274,0.0,0.0009357215728800792,1.208740283173053e-07,0.5200086924410772,0.0,0.0,1.1745322281342863,lhs_candidate_000016_june2024_preflight,pa1_candidate_000016
2024-06-28T05:00,26.3,89.0,0.0,0.0,0.0,0.41,100970.0,24.3,0.38,0.0,26.9,0.297,0,0,0,1.0,26.324672450607782,89.38060239094159,0.022159593507368763,31.112515635517777,0.23421966661659824,0.0,0.36387330714720045,0.0,0.000609717999226868,1.2018240190170973e-07,0.5198744852876435,0.0,0.0,1.1745586470638192,lhs_candidate_000016_june2024_preflight,pa1_candidate_000016
2024-06-28T06:00,26.2,91.0,16.0,7.0,9.0,0.5,101030.0,24.6,0.31,0.01,26.9,0.296,1,0,0,1.0,26.33923716242029,91.50099319190532,0.022703675697567607,30.94662548797868,0.23416947241892624,1724.6416,0.29146839443472183,13.6,0.0008534635137262682,4.3290200498431177e-07,0.5195646445612732,0.0,0.0,1.1751994571040774,lhs_candidate_000016_june2024_preflight,pa1_candidate_000016
2024-06-28T07:00,27.7,87.0,146.0,91.0,55.0,0.71,101070.0,25.2,0.5,0.1,28.7,0.296,0,0,0,1.0,27.488522637699194,96.47982252936916,0.02551203914992825,30.839552041772645,0.2434298893604675,14783.032000000001,0.12914856048919754,124.1,0.0011613678017306068,3.4576480061852105e-06,0.5767277121016513,0.0,0.0,1.1711703955239834,lhs_candidate_000016_june2024_preflight,pa1_candidate_000016
2024-06-28T08:00,28.1,85.0,274.0,163.0,111.0,1.03,101100.0,25.2,0.59,0.2,28.6,0.298,0,0,0,1.0,28.695852629653825,94.99953820365609,0.026840986451284868,30.846812529019157,0.24254255374883052,28017.2464,0.19680857219875714,232.9,0.0017582973114649944,6.410845136173468e-06,0.5712503317829044,0.0,0.0,1.1668321622051048,lhs_candidate_000016_june2024_preflight,pa1_candidate_000016
2024-06-28T09:00,28.7,84.0,479.0,326.0,153.0,1.44,101100.0,25.8,0.62,0.34,29.3,0.297,0,0,0,1.0,29.860598203126568,93.33574338456852,0.02809466286113219,30.976571512873996,0.2409728034696638,47534.9072,0.28051563345571884,407.15,0.0024552651536200094,1.0994507941540473e-05,0.5615605152448383,0.0,0.0,1.1623469639844044,lhs_candidate_000016_june2024_preflight,pa1_candidate_000016
2024-06-28T10:00,29.4,81.0,589.0,464.0,125.0,1.61,101040.0,25.9,0.76,0.43,30.2,0.296,0,1,0,1.0,30.95852894031174,84.4110853486421,0.02695694419412106,31.221126583240462,0.2387778880752079,56229.8,0.6986945573672556,500.65,0.004165305850550697,1.3316325324070403e-05,0.548011654785234,0.0,0.0,1.157463183570445,lhs_candidate_000016_june2024_preflight,pa1_candidate_000016
2024-06-28T11:00,30.0,78.0,703.0,495.0,208.0,2.06,100970.0,25.8,0.92,0.51,31.0,0.293,0,1,0,1.0,31.96637951513064,79.77979202361254,0.026888122467586466,31.548303285336786,0.2361838085869307,69181.9392,0.9596004076018443,597.55,0.004798062079053946,1.5471743860777853e-05,0.5319988184378438,0.0,0.0,1.1528406526796215,lhs_candidate_000016_june2024_preflight,pa1_candidate_000016
2024-06-28T12:00,30.1,75.0,532.0,226.0,306.0,2.46,100890.0,25.2,1.05,0.4,31.2,0.29,0,1,0,1.0,32.02716959259211,74.36178150472328,0.02514332809609995,31.86588969974837,0.2337559435838798,57581.814399999996,1.22091257634853,452.2,0.005274777297028043,1.154101583676432e-05,0.5170119974313568,0.0,0.0,1.1516977809368178,lhs_candidate_000016_june2024_preflight,pa1_candidate_000016
2024-06-28T13:00,30.0,74.0,492.0,189.0,303.0,2.61,100840.0,24.9,1.1,0.38,31.3,0.288,0,1,0,1.0,31.755586280835413,73.22737566069281,0.02440409202535059,32.10842387988458,0.23177662563003132,53956.267199999995,1.2555014389952075,418.2,0.005426874150239935,1.046157281762773e-05,0.5047939853705637,0.0,0.0,1.1521523354671013,lhs_candidate_000016_june2024_preflight,pa1_candidate_000016
2024-06-28T14:00,31.1,66.0,751.0,628.0,123.0,2.82,100710.0,24.0,1.52,0.56,32.1,0.284,0,1,0,1.0,32.91531217381248,67.63357202791723,0.023971410428694287,32.41093869172134,0.2294430263760161,70415.43519999999,1.6203612630372426,638.35,0.005705077630187705,1.5420853454591305e-05,0.4903890517038031,0.0,0.0,1.1463069697952302,lhs_candidate_000016_june2024_preflight,pa1_candidate_000016
2024-06-28T15:00,30.6,68.0,573.0,421.0,152.0,2.83,100680.0,24.1,1.4,0.44,32.0,0.281,0,1,0,1.0,32.88362741724367,65.89701122356101,0.023316830623237274,32.750354031065754,0.22701773865928512,55771.724799999996,1.7042648933087738,487.05,0.005807602143957617,1.1547991949459325e-05,0.4754181398721304,0.0,0.0,1.1460841480339532,lhs_candidate_000016_june2024_preflight,pa1_candidate_000016
2024-06-28T16:00,30.4,70.0,420.0,283.0,137.0,2.15,100710.0,24.2,1.32,0.32,31.7,0.279,0,1,0,1.0,32.16302384163013,68.72670090088681,0.023406522861087853,32.97025186247716,0.22523096660730318,41779.9888,1.5007285327032545,357.0,0.0048561127493119355,8.342334676199154e-06,0.46438868276113077,0.0,0.0,1.1491314590607897,lhs_candidate_000016_june2024_preflight,pa1_candidate_000016
2024-06-28T17:00,29.8,73.0,298.0,229.0,69.0,1.91,100700.0,24.4,1.14,0.22,31.1,0.277,0,1,0,1.0,31.2867376517795,71.4554559895124,0.023224458700500907,33.08507117226002,0.2239519196984479,28651.5856,1.303473121028552,253.29999999999998,0.004496111119345163,5.887670159170601e-06,0.4564933314719007,0.0,0.0,1.1523246705601933,lhs_candidate_000016_june2024_preflight,pa1_candidate_000016
2024-06-28T18:00,29.3,77.0,64.0,36.0,28.0,1.25,100730.0,24.8,0.93,0.06,30.4,0.276,1,1,0,1.0,30.112337121785544,75.19486106761998,0.022944300870596353,33.06880619287263,0.2232908448217066,6617.1071999999995,1.059298883410813,54.4,0.0034951054486880156,1.477170978783538e-06,0.45241262235621366,0.0,0.0,1.157131736702428,lhs_candidate_000016_june2024_preflight,pa1_candidate_000016
2024-06-28T19:00,28.9,79.0,1.0,0.0,1.0,1.17,100820.0,24.9,0.83,0.01,29.7,0.275,0,0,0,1.0,29.250566029191127,78.38467721862857,0.022826301720572546,32.94098831253996,0.23272987382181248,123.18239999999999,0.8784568011417071,0.85,0.001810443408936262,3.056931873359542e-07,0.5106782334679784,0.0,0.0,1.1614661099005714,lhs_candidate_000016_june2024_preflight,pa1_candidate_000016
2024-06-28T20:00,28.5,82.0,0.0,0.0,0.0,1.2,100890.0,25.1,0.71,0.0,29.3,0.274,0,0,0,1.0,28.7390325485584,81.24887138135783,0.023010084227835022,32.78118131234641,0.23268067740489742,0.0,0.7398562130475543,0.0,0.0017968568863500497,2.3989904261410793e-07,0.5103745518820829,0.0,0.0,1.1642419270591868,lhs_candidate_000016_june2024_preflight,pa1_candidate_000016
2024-06-28T21:00,28.3,83.0,0.0,0.0,0.0,0.91,100940.0,25.2,0.64,0.0,29.0,0.274,0,0,0,1.0,28.451168562855045,82.84360550047133,0.0230955050687555,32.61537145939442,0.23263997511831158,0.0,0.6657316759833991,0.0,0.001371220776087905,2.157578285824872e-07,0.5101233031994542,0.0,0.0,1.1659306771585651,lhs_candidate_000016_june2024_preflight,pa1_candidate_000016
2024-06-28T22:00,28.1,84.0,0.0,0.0,0.0,1.04,100970.0,25.1,0.6,0.0,28.7,0.273,0,0,0,1.0,28.243282493508957,83.81830139277615,0.023102749305053995,32.44879929107408,0.23260251733813794,0.0,0.6203748622591596,0.0,0.001537511084488506,2.0096694840842309e-07,0.5098920823341848,0.0,0.0,1.1670816389580345,lhs_candidate_000016_june2024_preflight,pa1_candidate_000016
2024-06-28T23:00,27.8,85.0,0.0,0.0,0.0,1.03,100950.0,25.1,0.55,0.0,28.5,0.273,0,0,0,1.0,27.984319794037994,84.66316834921471,0.02300646140089117,32.28171824227966,0.23256752664819377,0.0,0.5791924851386052,0.0,0.0015470719589681862,1.87546669863517e-07,0.5096760904209492,0.0,0.0,1.1678539067590339,lhs_candidate_000016_june2024_preflight,pa1_candidate_000016
2024-06-29T00:00,27.6,86.0,0.0,0.0,0.0,1.08,100960.0,25.1,0.52,0.0,28.3,0.272,0,0,0,1.0,27.75034298945006,85.69383200964835,0.022988991197209315,32.11316477248763,0.2325351458402228,0.0,0.5329519539150316,0.0,0.001594553129394462,1.7250597623837137e-07,0.5094762088902642,0.0,0.0,1.1688777934673558,lhs_candidate_000016_june2024_preflight,pa1_candidate_000016
2024-06-29T01:00,27.4,87.0,0.0,0.0,0.0,0.89,100920.0,25.0,0.48,0.0,28.2,0.272,0,0,0,1.0,27.548601275344517,86.71834025117086,0.02300687330531197,31.944559662785302,0.23250538330005366,0.0,0.48899239784106907,0.0,0.0013439014045862215,1.5822006444710056e-07,0.5092924895065041,0.0,0.0,1.1691985893196652,lhs_candidate_000016_june2024_preflight,pa1_candidate_000016
2024-06-29T02:00,27.6,85.0,0.0,0.0,0.0,0.67,100890.0,24.9,0.54,0.0,28.1,0.271,0,0,0,1.0,27.584852758328832,85.94378461050479,0.02284696214276378,31.778968417346505,0.23247646451256346,0.0,0.518606384258057,0.0,0.0009517288700096248,1.6774325194142803e-07,0.509113978472614,0.0,0.0,1.1687101304976137,lhs_candidate_000016_june2024_preflight,pa1_candidate_000016
2024-06-29T03:00,27.5,85.0,0.0,0.0,0.0,0.92,100900.0,24.7,0.56,0.0,28.0,0.271,0,0,0,1.0,27.584855550954998,85.22595547437427,0.02265614071632159,31.621279805624873,0.2324452806372262,0.0,0.5450908974962321,0.0,0.0013430645460971772,1.7624300694570627e-07,0.5089214854149765,0.0,0.0,1.16882595968061,lhs_candidate_000016_june2024_preflight,pa1_candidate_000016
2024-06-29T04:00,27.4,85.0,0.0,0.0,0.0,0.94,100910.0,24.7,0.54,0.0,27.8,0.27,0,0,0,1.0,27.494643367022878,85.1353965812744,0.022519843555130478,31.46758943318131,0.23241350605821348,0.0,0.5455489300525218,0.0,0.001376036834695617,1.763231200864347e-07,0.5087253460383548,0.0,0.0,1.169292555317491,lhs_candidate_000016_june2024_preflight,pa1_candidate_000016
2024-06-29T05:00,27.3,86.0,0.0,0.0,0.0,0.92,100900.0,24.7,0.52,0.0,27.7,0.27,0,0,0,1.0,27.39540927123807,85.91876014070506,0.02260303198747523,31.316707205334325,0.2323825733020184,0.0,0.5138086350068214,0.0,0.0013497832331515677,1.6600222747025192e-07,0.508534403098879,0.0,0.0,1.169562719327796,lhs_candidate_000016_june2024_preflight,pa1_candidate_000016
2024-06-29T06:00,27.3,86.0,18.0,7.0,11.0,0.72,100960.0,24.8,0.51,0.01,27.6,0.269,1,0,0,1.0,27.395769854597866,87.02737305571077,0.022895135152452915,31.174492801724412,0.23232052099419723,1971.0063999999998,0.4733665780441991,15.299999999999999,0.0010860751066379543,5.232780781190344e-07,0.5081513641617112,0.0,0.0,1.17025679362327,lhs_candidate_000016_june2024_preflight,pa1_candidate_000016
2024-06-29T07:00,28.0,83.0,159.0,103.0,56.0,0.81,101000.0,24.7,0.66,0.11,28.4,0.269,0,0,0,1.0,28.13190486271136,91.81983503656863,0.025154135376118193,31.089710693931675,0.2415449614004263,15962.214399999997,0.3115872666601889,135.15,0.0012290540834893745,3.7509217900304733e-06,0.5650923543236192,0.0,0.0,1.1678599737775903,lhs_candidate_000016_june2024_preflight,pa1_candidate_000016
2024-06-29T08:00,28.7,78.0,264.0,139.0,125.0,1.02,101070.0,24.6,0.85,0.2,29.1,0.267,0,0,0,1.0,29.2030539046217,88.35650401834289,0.025663786403390784,31.103676285481175,0.24065407711416636,27629.8,0.47190183994660995,224.4,0.0017007022050084504,6.1511787591272305e-06,0.5595930686059652,0.0,0.0,1.1645291255381565,lhs_candidate_000016_june2024_preflight,pa1_candidate_000016
2024-06-29T09:00,29.8,72.0,450.0,311.0,139.0,1.33,101050.0,24.2,1.16,0.34,30.2,0.265,0,1,0,1.0,30.656332211780814,77.88030906747227,0.024470797477876532,31.232095467971764,0.23916721704915292,44490.3536,0.9744690226031003,382.5,0.0036053113865730088,1.037247394928674e-05,0.5504149200564995,0.0,0.0,1.1587291832652415,lhs_candidate_000016_june2024_preflight,pa1_candidate_000016
2024-06-29T10:00,30.7,68.0,632.0,372.0,260.0,1.65,101040.0,24.0,1.43,0.48,31.3,0.262,0,1,0,1.0,32.2093063460095,72.59591840421879,0.024785178676871415,31.501229946157952,0.23695226295153057,64763.42399999999,1.318493423673441,537.1999999999999,0.00419436858333035,1.4188616273126952e-05,0.5367423638983368,0.0,0.0,1.1527221170044355,lhs_candidate_000016_june2024_preflight,pa1_candidate_000016
2024-06-29T11:00,31.7,63.0,895.0,784.0,111.0,2.16,100950.0,23.9,1.71,0.67,32.4,0.258,0,1,0,1.0,33.947832566988204,66.35135470914362,0.024830808963594152,31.928729885909757,0.23392436033037925,82665.2464,1.7846666784077487,760.75,0.004980296758586299,1.936620983328002e-05,0.5180516069776497,0.0,0.0,1.1451754279443775,lhs_candidate_000016_june2024_preflight,pa1_candidate_000016
2024-06-29T12:00,32.0,62.0,827.0,711.0,116.0,2.5,100870.0,23.8,1.79,0.63,32.9,0.255,0,1,0,1.0,34.675654446952535,62.063862728429655,0.02412742385234863,32.4333135657599,0.2306222042391526,76857.1584,2.095085624313225,702.9499999999999,0.005476391521995211,1.7331726675972807e-05,0.49766792740217664,0.0,0.0,1.1415624060669363,lhs_candidate_000016_june2024_preflight,pa1_candidate_000016
2024-06-29T13:00,32.5,60.0,941.0,830.0,111.0,2.82,100810.0,23.8,1.94,0.72,33.5,0.251,0,1,0,1.0,35.32674688662,59.72131932824954,0.024016652234815125,32.94744725447731,0.22735840133862717,86713.2464,2.305963615763797,799.85,0.005892947541469185,1.889887024334004e-05,0.4775209959174517,0.0,0.0,1.138475348517431,lhs_candidate_000016_june2024_preflight,pa1_candidate_000016
2024-06-29T14:00,32.5,59.0,838.0,728.0,110.0,2.91,100740.0,23.4,2.01,0.65,33.7,0.248,0,1,0,1.0,35.4331429230161,57.352984652689656,0.023191889110293327,33.46012749807213,0.22419690323453748,77614.064,2.455911134613078,712.3,0.00602274171379289,1.6259492709362325e-05,0.4580055755218363,0.0,0.0,1.1372925579869073,lhs_candidate_000016_june2024_preflight,pa1_candidate_000016
2024-06-29T15:00,32.2,60.0,681.0,555.0,126.0,3.01,100670.0,23.5,1.92,0.53,33.5,0.245,0,1,0,1.0,34.83993631343335,57.65500287506159,0.022606214354385316,33.87498111037903,0.22158132517043738,64360.98239999999,2.35994119985763,578.85,0.006095738686460546,1.2849695402772731e-05,0.44186003191628015,0.0,0.0,1.1386912709217254,lhs_candidate_000016_june2024_preflight,pa1_candidate_000016
2024-06-29T16:00,31.5,63.0,474.0,383.0,91.0,3.13,100620.0,23.6,1.71,0.38,32.9,0.243,0,1,0,1.0,33.67849159632032,60.05754481182208,0.02215989972889361,34.15004135292494,0.21963503225002054,44913.5984,2.086903483243674,402.9,0.006168474953575319,8.821992220828199e-06,0.42984587808654656,0.0,0.0,1.1424338871081277,lhs_candidate_000016_june2024_preflight,pa1_candidate_000016
2024-06-29T17:00,30.8,68.0,292.0,207.0,85.0,2.19,100650.0,24.1,1.44,0.23,32.2,0.241,0,1,0,1.0,32.395841624391466,65.62368083853288,0.02262782503564154,34.272177159626715,0.2183545111947861,28686.504,1.6714357283369954,248.2,0.004864402937264159,5.438136379809054e-06,0.4219414271283093,0.0,0.0,1.1475717551087068,lhs_candidate_000016_june2024_preflight,pa1_candidate_000016
2024-06-29T18:00,29.9,74.0,91.0,59.0,32.0,1.77,100720.0,24.6,1.11,0.08,31.2,0.24,1,1,0,1.0,30.926358021832996,71.42700344932472,0.022771088432299563,34.24627112058507,0.21769747129957392,9133.836800000001,1.2782962306681047,77.35,0.004194546785470316,1.8795549726981744e-06,0.4178856253060119,0.0,0.0,1.15391949567019,lhs_candidate_000016_june2024_preflight,pa1_candidate_000016
2024-06-29T19:00,29.2,78.0,1.0,0.0,1.0,1.58,100870.0,24.9,0.9,0.02,30.4,0.24,0,0,0,1.0,29.708507783834396,76.42526229120024,0.02281582101735148,34.101128422958034,0.22709208207667267,123.18239999999999,0.9836883238700347,0.85,0.002398824226729591,3.1667618069213546e-07,0.47587704985600415,0.0,0.0,1.1602850364382238,lhs_candidate_000016_june2024_preflight,pa1_candidate_000016
2024-06-29T20:00,28.8,80.0,0.0,0.0,0.0,1.3,100960.0,25.1,0.78,0.01,29.9,0.239,0,0,0,1.0,29.0639270041278,79.27390093435417,0.022851992388883666,33.90951999539839,0.22704137338791455,0.0,0.8332927250721451,0.0,0.0019392149741296113,2.5176697968373996e-07,0.4755640332587318,0.0,0.0,1.1637972228932885,lhs_candidate_000016_june2024_preflight,pa1_candidate_000016
2024-06-29T21:00,28.5,82.0,0.0,0.0,0.0,1.22,101020.0,25.1,0.71,0.0,29.5,0.239,0,0,0,1.0,28.703273185195425,81.43494749436894,0.02301779839176816,33.71090233178115,0.22699895483956317,0.0,0.7309989243266695,0.0,0.001806347280344793,2.207388275895419e-07,0.4753021903676739,0.0,0.0,1.1658801909677738,lhs_candidate_000016_june2024_preflight,pa1_candidate_000016
2024-06-29T22:00,28.3,84.0,0.0,0.0,0.0,1.12,101050.0,25.2,0.63,0.0,29.2,0.239,0,0,0,1.0,28.459947988230418,83.51880946793348,0.023294927950131866,33.510816607450565,0.226961762061666,0.0,0.6398571448364301,0.0,0.0016525212663751384,1.9312352937204013e-07,0.47507260531892587,0.0,0.0,1.16716728192368,lhs_candidate_000016_june2024_preflight,pa1_candidate_000016
2024-06-29T23:00,28.0,85.0,0.0,0.0,0.0,1.21,101080.0,25.3,0.55,0.0,29.0,0.239,0,0,0,1.0,28.196960800451315,84.51633609986202,0.023236077798916965,33.3110521030453,0.22692840964755465,0.0,0.5920173262655037,0.0,0.0017902786291073439,1.7860694204155592e-07,0.4748667262194731,0.0,0.0,1.1685326895893493,lhs_candidate_000016_june2024_preflight,pa1_candidate_000016
2024-06-30T00:00,27.8,87.0,0.0,0.0,0.0,1.17,101070.0,25.3,0.5,0.0,28.8,0.238,0,0,0,1.0,27.96271762631958,86.40307636650066,0.02345142857393346,33.110958830538465,0.2268983396604132,0.0,0.5128396084924169,0.0,0.001720593573539058,1.546591739705369e-07,0.4746811090148963,0.0,0.0,1.1693260259578089,lhs_candidate_000016_june2024_preflight,pa1_candidate_000016
2024-06-30T01:00,27.6,87.0,0.0,0.0,0.0,1.0,101030.0,25.2,0.48,0.0,28.6,0.238,0,0,0,1.0,27.760639356720592,86.76174239844369,0.023288665392361952,32.91197266221488,0.2268712391553264,0.0,0.49346506535442947,0.0,0.001494637736777141,1.4876386657516818e-07,0.47451382194645925,0.0,0.0,1.1696482041120289,lhs_candidate_000016_june2024_preflight,pa1_candidate_000016
2024-06-30T02:00,27.5,87.0,0.0,0.0,0.0,0.99,100980.0,25.1,0.49,0.0,28.4,0.238,0,0,0,1.0,27.620099950076128,86.88941816200145,0.023143229232787554,32.715084435105,0.22684473325853793,0.0,0.48471381654512236,0.0,0.0014580689005577537,1.4607526071756362e-07,0.4743502052996169,0.0,0.0,1.1696156077291109,lhs_candidate_000016_june2024_preflight,pa1_candidate_000016
2024-06-30T03:00,27.4,87.0,0.0,0.0,0.0,0.86,100910.0,25.0,0.49,0.0,28.3,0.238,0,0,0,1.0,27.514971088296562,86.96170424255479,0.023028722112137672,32.521994337363836,0.22681859788342787,0.0,0.4790900641749887,0.0,0.0012829050828807,1.4433135990114951e-07,0.47418887582362884,0.0,0.0,1.169213500371164,lhs_candidate_000016_june2024_preflight,pa1_candidate_000016
2024-06-30T04:00,27.3,87.0,0.0,0.0,0.0,0.94,100890.0,24.9,0.49,0.0,28.2,0.238,0,0,0,1.0,27.413207587618857,86.95047189391886,0.022896917543918663,32.33297542118577,0.22679270076127453,0.0,0.47665857042864745,0.0,0.0013875099143496222,1.4355043449698734e-07,0.4740290170449045,0.0,0.0,1.1693775556674137,lhs_candidate_000016_june2024_preflight,pa1_candidate_000016
2024-06-30T05:00,27.2,87.0,0.0,0.0,0.0,1.06,100940.0,24.8,0.48,0.0,28.0,0.237,0,0,0,1.0,27.31141776465559,86.9104309176597,0.022758188565192038,32.14790544754104,0.2267669038605655,0.0,0.4752822061978028,0.0,0.001546823089410069,1.4308784530038373e-07,0.473869776917071,0.0,0.0,1.1703534427496456,lhs_candidate_000016_june2024_preflight,pa1_candidate_000016
2024-06-30T06:00,27.2,87.0,19.0,9.0,10.0,0.94,100970.0,24.9,0.46,0.01,28.0,0.237,1,0,0,1.0,27.313666946419215,87.62851077619543,0.022949072585092357,31.97301205181265,0.22670900281845377,2023.824,0.4492678676563089,16.15,0.0013878153550145348,4.995363010652327e-07,0.47351236307687516,0.0,0.0,1.170692515598543,lhs_candidate_000016_june2024_preflight,pa1_candidate_000016
2024-06-30T07:00,28.1,82.0,180.0,129.0,51.0,0.72,101010.0,24.7,0.69,0.12,28.7,0.237,0,0,0,1.0,28.221438042705962,91.99414908367075,0.025325911046837735,31.86449143108931,0.23591518466975842,17634.3024,0.30653930240518434,153.0,0.001105790761654057,3.969621761311441e-06,0.5303406461096198,0.0,0.0,1.1676286144911687,lhs_candidate_000016_june2024_preflight,pa1_candidate_000016
2024-06-30T08:00,29.5,73.0,405.0,330.0,75.0,0.32,101060.0,24.2,1.1,0.28,30.0,0.235,0,1,0,1.0,30.08981828340905,91.32762422062409,0.027833034242848588,31.90676489879248,0.2347776841461845,38278.68,0.3698745201102325,344.25,0.0024833551094422474,8.707057275676226e-06,0.5233190379394105,0.0,0.0,1.161008809212227,lhs_candidate_000016_june2024_preflight,pa1_candidate_000016
2024-06-30T09:00,30.8,66.0,617.0,529.0,88.0,0.22,101050.0,23.7,1.5,0.45,31.4,0.233,0,1,0,1.0,32.13809663502988,74.6687424747133,0.025396544718458657,32.12537787944973,0.23279557433340323,57392.0512,1.2138754353974894,524.4499999999999,0.002919187470978742,1.316587454603613e-05,0.5110837921815015,0.0,0.0,1.1531051065361855,lhs_candidate_000016_june2024_preflight,pa1_candidate_000016
2024-06-30T10:00,31.9,61.0,775.0,666.0,109.0,0.22,100980.0,23.4,1.85,0.58,32.6,0.23,0,1,0,1.0,33.94774922742604,67.90352172953313,0.025411568671929497,32.49361121727662,0.23015978631660972,72034.88160000001,1.7023344882369744,658.75,0.0032632399607185627,1.606673264941224e-05,0.4948134957815415,0.0,0.0,1.1455160584043667,lhs_candidate_000016_june2024_preflight,pa1_candidate_000016
2024-06-30T11:00,32.6,59.0,871.0,744.0,127.0,0.58,100890.0,23.5,2.02,0.66,33.6,0.227,0,1,0,1.0,35.2484591451267,63.31216875428847,0.02535743163568844,32.96330453817323,0.22714120797416743,81116.1648,2.0913369823488743,740.35,0.003638748512374069,1.74308539837511e-05,0.476180296136836,0.0,0.0,1.1396680449916607,lhs_candidate_000016_june2024_preflight,pa1_candidate_000016
2024-06-30T12:00,33.0,59.0,904.0,699.0,205.0,1.35,100790.0,23.9,2.08,0.7,34.2,0.223,0,1,0,1.0,35.98764462847622,60.226488988926626,0.025062760793256908,33.480483789489725,0.22400393566460322,86764.39199999999,2.3613420025206495,768.4,0.004308988709234987,1.741087339607358e-05,0.45681441768273595,0.0,0.0,1.1358160474777375,lhs_candidate_000016_june2024_preflight,pa1_candidate_000016
2024-06-30T13:00,32.6,60.0,765.0,560.0,205.0,2.08,100760.0,24.0,1.95,0.6,34.2,0.221,0,1,0,1.0,35.624913086057994,58.260806280616464,0.023794257223872985,33.95681270025031,0.22115422627336312,74532.39199999999,2.429144950498235,650.25,0.005063535564807212,1.4286635641779792e-05,0.4392236189713773,0.0,0.0,1.1368118696271787,lhs_candidate_000016_june2024_preflight,pa1_candidate_000016
2024-06-30T14:00,31.9,64.0,738.0,536.0,202.0,2.16,100720.0,24.1,1.71,0.57,34.0,0.222,0,1,0,1.0,34.85838535549827,61.29376254076913,0.024056057204229795,34.351132742356526,0.21867665249621215,72050.84479999999,2.1593516278684746,627.3,0.005139852531891656,1.3252928665282726e-05,0.42392995368032194,0.0,0.0,1.1391885882873027,lhs_candidate_000016_june2024_preflight,pa1_candidate_000016
2024-06-30T15:00,31.3,68.0,483.0,311.0,172.0,0.61,100700.0,24.8,1.44,0.37,33.3,0.221,0,1,0,1.0,33.71788859498726,66.23714994971597,0.024490681890550713,34.62744533503203,0.21672262821872088,48555.3728,1.7679154468669918,410.55,0.0035726083638116975,8.519685688825487e-06,0.41186807542420295,0.0,0.0,1.1431954155490527,lhs_candidate_000016_june2024_preflight,pa1_candidate_000016
2024-06-30T16:00,31.2,69.0,323.0,196.0,127.0,0.51,100690.0,24.8,1.41,0.25,32.9,0.219,0,1,0,1.0,32.787628560810155,68.61011030964957,0.024153872308887523,34.748114625937546,0.2154473625615242,32892.1648,1.5602458615852144,274.55,0.003169382714734335,5.685548545837086e-06,0.4039960651945938,0.0,0.0,1.1465576429245843,lhs_candidate_000016_june2024_preflight,pa1_candidate_000016
2024-06-30T17:00,31.0,70.0,231.0,157.0,74.0,1.03,100730.0,24.8,1.36,0.18,32.4,0.219,0,1,0,1.0,32.16127361375057,69.45469409620536,0.023652257375148186,34.77424114030972,0.21456781003231035,22931.4976,1.4656491431393128,196.35,0.0033962598830357908,4.100067531737984e-06,0.3985667285945083,0.0,0.0,1.1493662539107907,lhs_candidate_000016_june2024_preflight,pa1_candidate_000016
2024-06-30T18:00,30.4,75.0,93.0,60.0,33.0,0.5,100750.0,25.4,1.1,0.06,31.6,0.218,1,1,0,1.0,31.263232114781104,73.53992137855471,0.02387189630747997,34.71597251415691,0.21403792632174826,9345.0192,1.2066744580322473,79.05,0.0027830861948492398,1.7919844479409543e-06,0.3952958414922732,0.0,0.0,1.152985849743229,lhs_candidate_000016_june2024_preflight,pa1_candidate_000016
2024-06-30T19:00,29.9,78.0,1.0,0.0,1.0,0.72,100830.0,25.6,0.93,0.0,30.8,0.218,0,0,0,1.0,30.33410060580225,77.0788691511099,0.023802330741801783,34.569021387796404,0.22344096564332028,123.18239999999999,0.9913518936456365,0.85,0.0013226761357510819,3.038854765134805e-07,0.45333929409456963,0.0,0.0,1.1574340978419189,lhs_candidate_000016_june2024_preflight,pa1_candidate_000016
2024-06-30T20:00,29.5,81.0,0.0,0.0,0.0,0.92,100920.0,25.8,0.79,0.0,30.3,0.217,0,0,0,1.0,29.759587340826926,80.22784320364262,0.024017399101200616,34.38005175696219,0.22339233837700187,0.0,0.8274459380586907,0.0,0.0014486178089240134,2.3815928450046161e-07,0.45303912578396216,0.0,0.0,1.1606644197297846,lhs_candidate_000016_june2024_preflight,pa1_candidate_000016
2024-06-30T21:00,29.1,83.0,0.0,0.0,0.0,1.02,100990.0,26.0,0.68,0.0,30.0,0.217,0,0,0,1.0,29.343409552362964,82.34346508369681,0.02410045049667543,34.18399864832076,0.22335239651081248,0.0,0.7214215681874685,0.0,0.001565878389930669,2.0752985993011592e-07,0.4527925710543981,0.0,0.0,1.1630674562360652,lhs_candidate_000016_june2024_preflight,pa1_candidate_000016
2024-06-30T22:00,28.9,85.0,0.0,0.0,0.0,1.08,101000.0,26.1,0.59,0.0,29.7,0.217,0,0,0,1.0,29.063907608275485,84.46665941457987,0.024348863833880224,33.984633589993486,0.2233176208368254,0.0,0.6245171927185593,0.0,0.0016014042304788693,1.7956840533327104e-07,0.4525779064001569,0.0,0.0,1.1642583900165742,lhs_candidate_000016_june2024_preflight,pa1_candidate_000016
2024-06-30T23:00,28.6,87.0,0.0,0.0,0.0,1.03,100990.0,26.2,0.51,0.0,29.4,0.217,0,0,0,1.0,28.797796011271814,86.32648625957088,0.024526625355264235,33.785140633894294,0.22328745842956768,0.0,0.5413491182650247,0.0,0.0015541768260769002,1.5559092331936357e-07,0.45239171870103506,0.0,0.0,1.165169095531691,lhs_candidate_000016_june2024_preflight,pa1_candidate_000016
