timestamp,temperature_outside,humidity_outside,shortwave_radiation,direct_radiation,diffuse_radiation,wind_speed,surface_pressure,dew_point_outside,vpd_outside_reference,et0_outside_reference,external_soil_temperature_context,external_soil_moisture_context,pump_state,fan_state,grow_light_state,vent_state,temperature_inside_true,humidity_inside_true,vapor_density_inside_true,soil_temperature_inside_true,soil_moisture_inside_true,light_lux_inside_true,vpd_inside,solar_inside,ventilation_rate_m3_s,evapotranspiration_rate_kg_s,water_stress_coefficient,condensation_rate_kg_s,drainage_rate_m3_s,air_density,simulation_id,parameter_set_id
2024-06-01T00:00,29.6,83.0,0.0,0.0,0.0,0.81,100950.0,26.4,0.72,0.0,29.8,0.176,0,0,0,1.0,29.6,83.00000000000001,0.024633318950427478,29.6,0.4,0.0,0.7049358805204089,0.0,0.0015795000000000002,5.49849986805919e-07,1.0,0.0,0.0,1.1616214428759424,interaction_007_combined_dry_hot_stress_june2024,smartgarden_pa1_joint_c389fa3f9aaf
2024-06-01T01:00,29.3,84.0,0.0,0.0,0.0,1.1,100880.0,26.4,0.63,0.0,29.6,0.176,0,0,0,1.0,29.3916503309699,84.42569192880829,0.02477472192909166,29.575414983895076,0.399907635446022,0.0,0.6381162408011432,0.0,0.0022141051088766157,4.977306678248917e-07,1.0,0.0,0.0,1.1616153725991778,interaction_007_combined_dry_hot_stress_june2024,smartgarden_pa1_joint_c389fa3f9aaf
2024-06-01T02:00,28.9,85.0,0.0,0.0,0.0,1.0,100820.0,26.1,0.59,0.0,29.4,0.176,0,0,0,1.0,29.046814267002528,85.20818551346986,0.024539767336790384,29.542418722998374,0.39982094053259165,0.0,0.5941172499730576,0.0,0.0020701690678371376,4.6341145497898493e-07,1.0,0.0,0.0,1.1622492113610836,interaction_007_combined_dry_hot_stress_june2024,smartgarden_pa1_joint_c389fa3f9aaf
2024-06-01T03:00,28.7,86.0,0.0,0.0,0.0,0.9,100780.0,26.1,0.54,0.0,29.2,0.176,0,0,0,1.0,28.779586504575462,86.42348448532425,0.02452979712555535,29.49993936898156,0.39974170667169195,0.0,0.5369426250496461,0.0,0.0018281521573590186,4.1881524753872397e-07,1.0,0.0,0.0,1.1628163525696262,interaction_007_combined_dry_hot_stress_june2024,smartgarden_pa1_joint_c389fa3f9aaf
2024-06-01T04:00,28.7,86.0,0.0,0.0,0.0,0.92,100820.0,26.1,0.55,0.0,28.8,0.176,0,0,0,1.0,28.694980519137864,86.82384281064164,0.024529872969290295,29.453336224413757,0.3996680903092169,0.0,0.518562044872942,0.0,0.0017986028229332574,4.044783950008947e-07,1.0,0.0,0.0,1.163603941511913,interaction_007_combined_dry_hot_stress_june2024,smartgarden_pa1_joint_c389fa3f9aaf
2024-06-01T05:00,28.6,86.0,0.0,0.0,0.0,1.02,100840.0,26.1,0.53,0.0,28.5,0.176,0,0,0,1.0,28.626026621305428,86.67068973686771,0.024394547831100413,29.40678272403745,0.3995949936487353,0.0,0.5224980070695535,0.0,0.002010443325626081,4.0754844551425175e-07,1.0,0.0,0.0,1.1641006983343607,interaction_007_combined_dry_hot_stress_june2024,smartgarden_pa1_joint_c389fa3f9aaf
2024-06-01T06:00,28.6,86.0,19.0,2.0,17.0,1.02,100900.0,26.0,0.54,0.02,28.5,0.176,1,0,0,1.0,28.61194121116338,88.06171697579614,0.024767000688015066,29.367073309786974,0.3994401743599332,2270.1007999999997,0.46758902406981395,16.15,0.001998867379625071,1.3094944387744546e-06,1.0,0.0,0.0,1.1648477098799594,interaction_007_combined_dry_hot_stress_june2024,smartgarden_pa1_joint_c389fa3f9aaf
2024-06-01T07:00,29.0,84.0,156.0,58.0,98.0,1.02,100980.0,26.1,0.62,0.11,29.7,0.175,0,0,0,1.0,29.01906720150004,96.11541453336216,0.027639223166174516,29.389791758848933,0.40277843894720355,17175.875200000002,0.15577550916135374,132.6,0.0020047115448360354,7.878604897145855e-06,1.0,1.3036581809779718e-06,0.0,1.164200579820658,interaction_007_combined_dry_hot_stress_june2024,smartgarden_pa1_joint_c389fa3f9aaf
2024-06-01T08:00,30.2,75.0,326.0,146.0,180.0,0.71,101020.0,25.4,1.06,0.24,30.6,0.175,0,0,0,1.0,30.16201915930119,100.0,0.030595097618707327,29.54527132856372,0.40061617389498566,35020.831999999995,0.0,277.09999999999997,0.0014287612344308432,1.6210349999999996e-05,1.0,9.847666548987851e-06,0.0,1.1602730177354772,interaction_007_combined_dry_hot_stress_june2024,smartgarden_pa1_joint_c389fa3f9aaf
2024-06-01T09:00,31.6,66.0,535.0,311.0,224.0,0.32,101030.0,24.6,1.55,0.4,32.0,0.173,0,0,0,1.0,31.78622571932557,100.0,0.03338095554399343,29.8754240875627,0.3967629836449856,54960.857599999996,0.0,454.75,0.0009983268043790492,2.6602874999999997e-05,1.0,8.8666601326144e-06,0.0,1.1542072054297252,interaction_007_combined_dry_hot_stress_june2024,smartgarden_pa1_joint_c389fa3f9aaf
2024-06-01T10:00,32.7,61.0,673.0,368.0,305.0,0.2,100990.0,24.1,1.93,0.52,33.3,0.172,0,1,0,1.0,33.26939471143754,92.55871535572057,0.03342459126184793,30.36775292328395,0.3913464564491746,69954.632,0.38000093047038863,572.05,0.0028030794800385766,3.37613257257669e-05,1.0,0.0,0.0,1.148165705070851,interaction_007_combined_dry_hot_stress_june2024,smartgarden_pa1_joint_c389fa3f9aaf
2024-06-01T11:00,33.3,58.0,730.0,349.0,381.0,0.86,100950.0,23.9,2.15,0.57,34.3,0.17,0,1,0,1.0,34.18030916370014,81.75500210678796,0.03097031604225474,30.948434997978428,0.38497021913960583,77644.49440000001,0.9802846877180658,620.5,0.0037681114047573745,3.7063872056420085e-05,1.0,0.0,0.0,1.1443091727193362,interaction_007_combined_dry_hot_stress_june2024,smartgarden_pa1_joint_c389fa3f9aaf
2024-06-01T12:00,33.6,57.0,685.0,331.0,354.0,1.64,100940.0,23.9,2.23,0.55,34.7,0.169,0,1,0,1.0,34.55403853030127,72.64328532568669,0.028061554800759055,31.52994639955643,0.3784601952433429,72734.5696,1.500669637061454,582.25,0.005037232569103585,3.523214731690793e-05,1.0,0.0,0.0,1.1428061080182268,interaction_007_combined_dry_hot_stress_june2024,smartgarden_pa1_joint_c389fa3f9aaf
2024-06-01T13:00,33.3,58.0,601.0,271.0,330.0,1.64,100890.0,23.9,2.16,0.49,34.8,0.167,0,1,0,1.0,34.36142678339535,70.96108178128824,0.027137294277588368,32.044851046701176,0.37248610776092483,64498.191999999995,1.5760127038940763,510.84999999999997,0.005084778945834133,3.111401490903738e-05,1.0,0.0,0.0,1.142955475472255,interaction_007_combined_dry_hot_stress_june2024,smartgarden_pa1_joint_c389fa3f9aaf
2024-06-01T14:00,33.5,57.0,537.0,197.0,340.0,1.7,100790.0,23.8,2.24,0.45,34.8,0.166,0,1,0,1.0,34.28190196536635,69.33037422044345,0.02640363662241513,32.47910206412503,0.36716788449575893,59218.015999999996,1.6571786022028254,456.45,0.005065624318880477,2.79949243097182e-05,1.0,0.0,0.0,1.1421179630474687,interaction_007_combined_dry_hot_stress_june2024,smartgarden_pa1_joint_c389fa3f9aaf
2024-06-01T15:00,33.2,59.0,342.0,78.0,264.0,0.72,100790.0,24.0,2.1,0.28,34.3,0.164,0,1,0,1.0,33.938152647006824,70.78601562339006,0.026476956537929978,32.799019341336766,0.36300739930487996,39384.1536,1.5486246036344777,290.7,0.0034773102380664545,1.821387719083489e-05,1.0,0.0,0.0,1.1433964307053697,interaction_007_combined_dry_hot_stress_june2024,smartgarden_pa1_joint_c389fa3f9aaf
2024-06-01T16:00,32.6,61.0,222.0,33.0,189.0,0.71,100770.0,24.1,1.93,0.19,33.7,0.164,0,1,0,1.0,33.24414504315973,69.3241327993172,0.025000868662125794,32.97651438275492,0.3602649003478129,26185.473599999998,1.5642986461612902,188.7,0.0033907482472103146,1.2259102944005804e-05,1.0,0.0,0.0,1.145758915615923,interaction_007_combined_dry_hot_stress_june2024,smartgarden_pa1_joint_c389fa3f9aaf
2024-06-01T17:00,32.3,62.0,145.0,34.0,111.0,0.71,100740.0,24.2,1.82,0.13,33.1,0.163,0,0,0,1.0,32.70840161521665,74.26138102401316,0.02603397941402898,33.05525693609567,0.3584230947176359,16665.2464,1.2736640667313535,123.25,0.0018012825588375313,8.203582972050455e-06,1.0,0.0,0.0,1.1474241351985683,interaction_007_combined_dry_hot_stress_june2024,smartgarden_pa1_joint_c389fa3f9aaf
2024-06-01T18:00,31.9,66.0,41.0,9.0,32.0,0.61,100810.0,24.7,1.61,0.05,32.4,0.163,1,0,0,1.0,32.18013182164295,71.89235106790808,0.024506939496526874,33.05033030008777,0.3574068045942762,4733.8368,1.3501197280631998,34.85,0.0015255291228849898,3.0918183878892957e-06,1.0,0.0,0.0,1.1502080381847666,interaction_007_combined_dry_hot_stress_june2024,smartgarden_pa1_joint_c389fa3f9aaf
2024-06-01T19:00,31.2,70.0,0.0,0.0,0.0,1.0,100940.0,25.1,1.35,0.03,31.7,0.162,0,0,0,1.0,31.487532600345563,70.6966062890588,0.023225910312554384,32.97439506801811,0.36119786986113994,0.0,1.3534655712332433,0.0,0.0021773976641845504,1.05570314556193e-06,1.0,0.0,0.0,1.154309686310482,interaction_007_combined_dry_hot_stress_june2024,smartgarden_pa1_joint_c389fa3f9aaf
2024-06-01T20:00,30.7,74.0,0.0,0.0,0.0,1.1,100990.0,25.5,1.14,0.01,31.1,0.162,0,0,0,1.0,30.898621376313624,74.24570970284071,0.023634483051886625,32.86490543553566,0.36102166754374404,0.0,1.150374046913734,0.0,0.0022914227813563156,8.972917565927126e-07,1.0,0.0,0.0,1.157118354241119,interaction_007_combined_dry_hot_stress_june2024,smartgarden_pa1_joint_c389fa3f9aaf
2024-06-01T21:00,30.2,78.0,0.0,0.0,0.0,1.2,101050.0,25.8,0.96,0.01,30.7,0.162,0,0,0,1.0,30.402596819675527,77.94877767053194,0.024160004464018198,32.74249832067998,0.360873856256155,0.0,0.9574718771786377,0.0,0.002477756609656243,7.468280641993374e-07,1.0,0.0,0.0,1.1596977488671834,interaction_007_combined_dry_hot_stress_june2024,smartgarden_pa1_joint_c389fa3f9aaf
2024-06-01T22:00,29.7,82.0,0.0,0.0,0.0,1.1,101080.0,26.2,0.77,0.0,30.2,0.162,0,0,0,1.0,29.9166669453524,81.72092393116766,0.024673263336891817,32.608911670777076,0.3607525584053682,0.0,0.771893607241096,0.0,0.0023047630109404725,6.020770136480548e-07,1.0,0.0,0.0,1.1619020268805171,interaction_007_combined_dry_hot_stress_june2024,smartgarden_pa1_joint_c389fa3f9aaf
2024-06-01T23:00,29.2,85.0,0.0,0.0,0.0,1.3,101060.0,26.4,0.61,0.0,29.6,0.162,0,0,0,1.0,29.4285419949654,84.53242349998249,0.024855790095220976,32.464715784598766,0.36065411341926296,0.0,0.635091582150459,0.0,0.00267904937532937,4.95371434077358e-07,1.0,0.0,0.0,1.163546158989724,interaction_007_combined_dry_hot_stress_june2024,smartgarden_pa1_joint_c389fa3f9aaf
2024-06-02T00:00,28.8,87.0,0.0,0.0,0.0,1.2,101050.0,26.5,0.5,0.0,29.1,0.162,0,0,0,1.0,28.999492113922273,86.64023241584606,0.02488795883683279,32.311036199680366,0.3605723099619238,0.0,0.5351335108979836,0.0,0.002476316209739697,4.174041385004272e-07,1.0,0.0,0.0,1.1650830876188814,interaction_007_combined_dry_hot_stress_june2024,smartgarden_pa1_joint_c389fa3f9aaf
2024-06-02T01:00,28.4,89.0,0.0,0.0,0.0,1.12,100980.0,26.4,0.42,0.0,28.8,0.162,0,0,0,1.0,28.6046741366878,88.543859966131,0.024892714211213245,32.150263096831516,0.36050332448816047,0.0,0.44851588336867376,0.0,0.002333309601088936,3.498423890275656e-07,1.0,0.0,0.0,1.1657993509008684,interaction_007_combined_dry_hot_stress_june2024,smartgarden_pa1_joint_c389fa3f9aaf
2024-06-02T02:00,28.4,91.0,0.0,0.0,0.0,1.14,100950.0,26.7,0.35,0.0,28.5,0.162,0,0,0,1.0,28.452313569151713,90.95143504925746,0.025357429978808514,31.986223594052294,0.36044755766223746,0.0,0.35114117754710783,0.0,0.0022614616576672156,2.738901184867441e-07,1.0,0.0,0.0,1.166041757667279,interaction_007_combined_dry_hot_stress_june2024,smartgarden_pa1_joint_c389fa3f9aaf
2024-06-02T03:00,28.4,89.0,0.0,0.0,0.0,1.04,100940.0,26.5,0.41,0.0,28.3,0.162,0,0,0,1.0,28.43474609378663,89.61642429750788,0.024961221722747107,31.827020761845688,0.3603955887325361,0.0,0.40253739971363744,0.0,0.002056052009836409,3.139791717766372e-07,1.0,0.0,0.0,1.1659941666444544,interaction_007_combined_dry_hot_stress_june2024,smartgarden_pa1_joint_c389fa3f9aaf
2024-06-02T04:00,28.3,89.0,0.0,0.0,0.0,1.04,100970.0,26.4,0.4,0.0,28.1,0.162,0,0,0,1.0,28.369847460722884,89.28104800713085,0.024779631120654042,31.67333645378901,0.36033774103971605,0.0,0.4139763141314434,0.0,0.00208401936692187,3.229015250225259e-07,1.0,0.0,0.0,1.1665917486552413,interaction_007_combined_dry_hot_stress_june2024,smartgarden_pa1_joint_c389fa3f9aaf
2024-06-02T05:00,28.0,90.0,0.0,0.0,0.0,1.12,101060.0,26.2,0.38,0.0,27.9,0.162,0,0,0,1.0,28.15358108526428,89.7920429679468,0.024627880304608055,31.52160664299953,0.360280951371979,0.0,0.38931757850010174,0.0,0.0022971113875472535,3.036677112300794e-07,1.0,0.0,0.0,1.1684696845050908,interaction_007_combined_dry_hot_stress_june2024,smartgarden_pa1_joint_c389fa3f9aaf
2024-06-02T06:00,28.0,91.0,19.0,4.0,15.0,1.36,101020.0,26.4,0.34,0.02,28.1,0.162,1,0,0,1.0,28.066772722544943,92.07377854732482,0.025133731763075175,31.37672816935998,0.3601475986509433,2199.736,0.30077246015177295,16.15,0.0026932393118662594,1.1793775189183826e-06,1.0,0.0,0.0,1.1683438096907244,interaction_007_combined_dry_hot_stress_june2024,smartgarden_pa1_joint_c389fa3f9aaf
2024-06-02T07:00,30.2,77.0,168.0,87.0,81.0,1.21,101070.0,25.6,1.0,0.13,30.3,0.162,0,0,0,1.0,29.551970107957292,89.83036563662093,0.026591122601899504,31.316090429176455,0.3634317020718915,17633.7744,0.4205385341622847,142.79999999999998,0.0027741769417438025,8.68182005664658e-06,1.0,0.0,0.0,1.1631868049678227,interaction_007_combined_dry_hot_stress_june2024,smartgarden_pa1_joint_c389fa3f9aaf
2024-06-02T08:00,31.3,68.0,350.0,181.0,169.0,0.98,101090.0,24.7,1.45,0.27,31.3,0.161,0,0,0,1.0,31.261497625833133,93.73593573321571,0.030424927403668756,31.435269393594933,0.36105730676114156,36745.8256,0.2856356387038028,297.5,0.001943628906178837,1.7626545798188963e-05,1.0,7.88526428356917e-08,0.0,1.1568834110628186,interaction_007_combined_dry_hot_stress_june2024,smartgarden_pa1_joint_c389fa3f9aaf
2024-06-02T09:00,32.0,65.0,510.0,248.0,262.0,0.73,101090.0,24.5,1.68,0.39,32.5,0.16,0,0,0,1.0,32.46046127253491,100.0,0.034599611419369486,31.71786167652167,0.35719159873871187,54097.788799999995,0.0,433.5,0.0018773917061946075,2.5359749999999997e-05,1.0,8.050471156202313e-07,0.0,1.1523447537552085,interaction_007_combined_dry_hot_stress_june2024,smartgarden_pa1_joint_c389fa3f9aaf
2024-06-02T10:00,33.0,61.0,705.0,426.0,279.0,0.32,101060.0,24.4,1.98,0.54,33.9,0.159,0,1,0,1.0,33.65404436229722,90.50785974340654,0.03335250826368583,32.15216545922491,0.35170708041367144,71855.8896,0.4952667104452546,599.25,0.0029729530834516514,3.5442433034147295e-05,1.0,0.0,0.0,1.1475210539115617,interaction_007_combined_dry_hot_stress_june2024,smartgarden_pa1_joint_c389fa3f9aaf
2024-06-02T11:00,34.0,57.0,821.0,573.0,248.0,0.14,100970.0,24.3,2.27,0.64,35.2,0.157,0,1,0,1.0,34.882461214026925,88.15839635190947,0.03464306935839378,32.71908070575981,0.3447981961696323,80973.23520000001,0.6615023536127653,697.85,0.0030986665096626002,4.134019683581795e-05,1.0,0.0,0.0,1.1419269408072652,interaction_007_combined_dry_hot_stress_june2024,smartgarden_pa1_joint_c389fa3f9aaf
2024-06-02T12:00,34.6,55.0,860.0,673.0,187.0,0.8,100910.0,24.2,2.48,0.68,36.1,0.155,0,1,0,1.0,35.725760458533955,79.86015158421488,0.03278632387469491,33.35243986863033,0.3371463008698335,82259.1088,1.1786214074235541,731.0,0.003850174482582051,4.368282469779037e-05,1.0,0.0,0.0,1.1381325059735008,interaction_007_combined_dry_hot_stress_june2024,smartgarden_pa1_joint_c389fa3f9aaf
2024-06-02T13:00,34.8,55.0,913.0,742.0,171.0,0.82,100810.0,24.4,2.5,0.72,36.7,0.154,0,1,0,1.0,36.158473398706235,78.65615691708187,0.03302193863812068,34.01269366384246,0.32903579119331244,86360.1904,1.2791043768893848,776.05,0.004020278067968497,4.639662641397371e-05,1.0,0.0,0.0,1.1354140029283046,interaction_007_combined_dry_hot_stress_june2024,smartgarden_pa1_joint_c389fa3f9aaf
2024-06-02T14:00,34.6,56.0,656.0,386.0,270.0,0.92,100820.0,24.6,2.42,0.53,36.4,0.153,0,1,0,1.0,35.87729525903846,72.82456834186229,0.030133084170849058,34.57651646266083,0.32180915301325436,67227.248,1.603653967118201,557.6,0.004096028116414339,3.3870450094352196e-05,1.0,0.0,0.0,1.136559826416766,interaction_007_combined_dry_hot_stress_june2024,smartgarden_pa1_joint_c389fa3f9aaf
2024-06-02T15:00,32.6,66.0,461.0,246.0,215.0,1.2,100830.0,25.5,1.67,0.37,35.5,0.161,0,1,0,1.0,34.22272571451417,74.36846567291833,0.028234775763501307,34.92697160518836,0.3165936135434292,48132.216,1.3804070208198933,391.84999999999997,0.004663857642659571,2.3999942476239516e-05,1.0,0.0,0.0,1.1427912004147482,interaction_007_combined_dry_hot_stress_june2024,smartgarden_pa1_joint_c389fa3f9aaf
2024-06-02T16:00,31.5,71.0,398.0,260.0,138.0,1.0,100840.0,25.6,1.34,0.3,34.3,0.165,0,1,0,1.0,32.70044977026881,80.69657270325963,0.02827807117688733,35.11308455369037,0.3125885141395179,39879.1712,0.9547945829222653,338.3,0.00416477006247958,2.0535289774679365e-05,1.0,0.0,0.0,1.1485929924062492,interaction_007_combined_dry_hot_stress_june2024,smartgarden_pa1_joint_c389fa3f9aaf
2024-06-02T17:00,30.9,73.0,171.0,95.0,76.0,0.42,100820.0,25.5,1.21,0.13,33.2,0.165,0,1,0,1.0,31.644018918925916,79.57540363372898,0.026362271367148197,35.147518630954686,0.3099252949569903,17721.862399999998,0.9517778740622562,145.35,0.003149051145732857,9.12695804652105e-06,0.9871931787468536,0.0,0.0,1.15234547680242,interaction_007_combined_dry_hot_stress_june2024,smartgarden_pa1_joint_c389fa3f9aaf
2024-06-02T18:00,30.7,73.0,54.0,19.0,35.0,0.64,100860.0,25.3,1.19,0.05,32.3,0.165,1,0,0,1.0,31.02972137711606,79.80477164154594,0.025583424317134562,35.030909126697246,0.3088085625814973,5983.383999999999,0.9088255881419975,45.9,0.001623390454857788,3.3271707058147945e-06,0.9802997690215883,0.0,0.0,1.1551307760177303,interaction_007_combined_dry_hot_stress_june2024,smartgarden_pa1_joint_c389fa3f9aaf
2024-06-02T19:00,30.4,75.0,0.0,0.0,0.0,0.89,100910.0,25.5,1.08,0.03,31.6,0.165,0,0,0,1.0,30.59639095330067,76.15677151361987,0.023852203364588775,34.84277741307569,0.3125944605286174,0.0,1.0468100199658101,0.0,0.0019117787746974803,8.16511815573332e-07,1.0,0.0,0.0,1.1573521653437178,interaction_007_combined_dry_hot_stress_june2024,smartgarden_pa1_joint_c389fa3f9aaf
2024-06-02T20:00,29.7,84.0,0.0,0.0,0.0,1.02,100970.0,26.7,0.67,0.0,30.9,0.164,0,0,0,1.0,30.02175380817604,82.75821296204512,0.02512882606296052,34.62752335258028,0.31246628016940126,0.0,0.7324935656471685,0.0,0.002238629914499653,5.713449812047914e-07,1.0,0.0,0.0,1.1602352847357518,interaction_007_combined_dry_hot_stress_june2024,smartgarden_pa1_joint_c389fa3f9aaf
2024-06-02T21:00,29.5,84.0,0.0,0.0,0.0,0.94,101010.0,26.6,0.64,0.0,30.2,0.164,0,0,0,1.0,29.64829199927778,84.3130747558968,0.02508862426768917,34.40385515748066,0.3123716801947506,0.0,0.6522962372005896,0.0,0.0019613470464812993,5.087910650164599e-07,1.0,0.0,0.0,1.1621264846825992,interaction_007_combined_dry_hot_stress_june2024,smartgarden_pa1_joint_c389fa3f9aaf
2024-06-02T22:00,29.1,86.0,0.0,0.0,0.0,0.94,101030.0,26.5,0.57,0.0,29.6,0.164,0,0,0,1.0,29.313677178268822,85.77322097467058,0.025063750429563422,34.17908846014113,0.3122846096176367,0.0,0.5802910300326638,0.0,0.002015535783302237,4.5262700342547776e-07,1.0,0.0,0.0,1.163642498184499,interaction_007_combined_dry_hot_stress_june2024,smartgarden_pa1_joint_c389fa3f9aaf
2024-06-02T23:00,29.0,86.0,0.0,0.0,0.0,0.98,101020.0,26.4,0.55,0.0,29.2,0.164,0,0,0,1.0,29.103695536530783,86.32662685262146,0.024938994173207267,33.95365018092403,0.31220593084851245,0.0,0.5510019717910195,0.0,0.001998267333015817,4.2978153799699525e-07,1.0,0.0,0.0,1.1643356457915306,interaction_007_combined_dry_hot_stress_june2024,smartgarden_pa1_joint_c389fa3f9aaf
2024-06-03T00:00,28.6,87.0,0.0,0.0,0.0,0.98,100980.0,26.3,0.49,0.0,28.9,0.164,0,0,0,1.0,28.812622960386406,86.80551091556968,0.024682683313398804,33.73048206637442,0.31213010864872703,0.0,0.5228324640540007,0.0,0.0020861712569268404,4.078093219621206e-07,1.0,0.0,0.0,1.164996514439482,interaction_007_combined_dry_hot_stress_june2024,smartgarden_pa1_joint_c389fa3f9aaf
2024-06-03T01:00,28.2,90.0,0.0,0.0,0.0,1.17,100930.0,26.3,0.39,0.0,28.5,0.164,0,0,0,1.0,28.428337171044838,89.26819695229248,0.02485551014262856,33.5048011127144,0.31206372823794987,0.0,0.41588232159773453,0.0,0.0024409298327974873,3.2438821084623295e-07,1.0,0.0,0.0,1.1659034294578492,interaction_007_combined_dry_hot_stress_june2024,smartgarden_pa1_joint_c389fa3f9aaf
2024-06-03T02:00,28.1,93.0,0.0,0.0,0.0,1.24,100880.0,26.8,0.27,0.0,28.3,0.164,0,0,0,1.0,28.216819359203377,92.48300477080929,0.0254540479096448,33.277880561715705,0.3120146078081188,0.0,0.28774404218917926,0.0,0.002496434025751038,2.244403529075598e-07,1.0,0.0,0.0,1.1661437467576583,interaction_007_combined_dry_hot_stress_june2024,smartgarden_pa1_joint_c389fa3f9aaf
2024-06-03T03:00,27.9,93.0,0.0,0.0,0.0,1.2,100840.0,26.7,0.26,0.0,28.2,0.164,0,0,0,1.0,28.046249506111668,92.69042836969396,0.02527357846217649,33.0548906265938,0.3119755414618883,0.0,0.27704163384556324,0.0,0.002440991655925964,2.1605984905373217e-07,0.9998490213696807,0.0,0.0,1.1663414929849647,interaction_007_combined_dry_hot_stress_june2024,smartgarden_pa1_joint_c389fa3f9aaf
2024-06-03T04:00,27.9,93.0,0.0,0.0,0.0,1.2,100820.0,26.6,0.28,0.0,28.0,0.164,0,0,0,1.0,27.969378090688362,92.965828904704,0.025241915273218903,32.83645607477464,0.31193762932085695,0.0,0.2654130645522499,0.0,0.002388453278416441,2.0694248593958293e-07,0.9996149958077589,0.0,0.0,1.1664078588521656,interaction_007_combined_dry_hot_stress_june2024,smartgarden_pa1_joint_c389fa3f9aaf
2024-06-03T05:00,28.0,92.0,0.0,0.0,0.0,1.33,100840.0,26.5,0.31,0.0,27.8,0.164,0,0,0,1.0,28.017965463172363,92.28044524807814,0.025122755084864463,32.62680868383207,0.31189885199703254,0.0,0.2920991650314262,0.0,0.002604910841530374,2.2769509383053163e-07,0.999375629611312,0.0,0.0,1.16645102937878,interaction_007_combined_dry_hot_stress_june2024,smartgarden_pa1_joint_c389fa3f9aaf
2024-06-03T06:00,28.0,92.0,25.0,13.0,12.0,1.3,100880.0,26.7,0.29,0.01,28.0,0.164,1,0,0,1.0,28.076777963615346,93.46853290849111,0.025528475320463203,32.43689069896465,0.3117486788135145,2622.1888,0.24799074672080712,21.25,0.0025845077781434427,1.4343291564771776e-06,0.9984486346513239,0.0,0.0,1.1666858911143325,interaction_007_combined_dry_hot_stress_june2024,smartgarden_pa1_joint_c389fa3f9aaf
2024-06-03T07:00,29.5,86.0,196.0,139.0,57.0,1.1,100930.0,27.0,0.56,0.14,30.5,0.164,0,0,0,1.0,29.187787445368198,99.96751218497681,0.029012184576582084,32.33989507007588,0.3149090720467403,19253.396800000002,0.00131554645040044,166.6,0.002372319032774961,9.74712612623131e-06,1.0,2.5035198922905497e-06,0.0,1.1629747658368776,interaction_007_combined_dry_hot_stress_june2024,smartgarden_pa1_joint_c389fa3f9aaf
2024-06-03T08:00,31.3,72.0,419.0,337.0,82.0,0.7,100950.0,25.6,1.3,0.31,31.6,0.163,0,0,0,1.0,31.140842816232613,99.99999999999997,0.0322490481479889,32.43987647997977,0.3121567927836772,39756.9568,8.881784197001252e-16,356.15,0.0015438056695713553,2.0834774999999997e-05,1.0,8.237023176251954e-06,0.0,1.1557393202367208,interaction_007_combined_dry_hot_stress_june2024,smartgarden_pa1_joint_c389fa3f9aaf
2024-06-03T09:00,32.9,62.0,633.0,534.0,99.0,0.6,100950.0,24.6,1.91,0.48,33.3,0.162,0,0,0,1.0,33.20315164127113,99.99999999999997,0.035985853054196965,32.758098785959106,0.3075121638919724,59187.05760000001,8.881784197001252e-16,538.05,0.0015339173707083654,3.060395714352735e-05,0.9722973079751382,1.4786065808263449e-06,0.0,1.1479591117198547,interaction_007_combined_dry_hot_stress_june2024,smartgarden_pa1_joint_c389fa3f9aaf
2024-06-03T10:00,34.0,56.0,763.0,643.0,120.0,0.63,100900.0,24.0,2.35,0.59,34.8,0.16,0,1,0,1.0,34.814674256276575,80.81979397737797,0.031647328241666536,33.24677510965319,0.301474323671717,71365.888,1.0674442160435405,648.55,0.0034235333654892884,3.625358551138223e-05,0.9350266893315865,0.0,0.0,1.1413864495907864,interaction_007_combined_dry_hot_stress_june2024,smartgarden_pa1_joint_c389fa3f9aaf
2024-06-03T11:00,35.0,53.0,910.0,785.0,125.0,0.45,100830.0,23.9,2.65,0.71,36.1,0.158,0,1,0,1.0,36.21868107228835,77.22443589006343,0.03252166220621212,33.861539655693825,0.2944802084901691,84477.8,1.369415324957406,773.5,0.003553888597645288,4.1308759106311235e-05,0.8918531388282043,0.0,0.0,1.1354182491147684,interaction_007_combined_dry_hot_stress_june2024,smartgarden_pa1_joint_c389fa3f9aaf
2024-06-03T12:00,35.4,51.0,950.0,825.0,125.0,0.36,100780.0,23.9,2.79,0.75,36.9,0.156,0,1,0,1.0,37.11827725914278,71.12793603279025,0.03137102408932296,34.5564783077929,0.28705156382210095,87997.8,1.8233724998887997,807.5,0.003838348238457491,4.116705852766944e-05,0.8459973075438331,0.0,0.0,1.1315647980952597,interaction_007_combined_dry_hot_stress_june2024,smartgarden_pa1_joint_c389fa3f9aaf
2024-06-03T13:00,36.0,50.0,931.0,796.0,135.0,0.32,100720.0,23.8,2.98,0.74,37.4,0.154,0,1,0,1.0,37.795349789733734,67.47039700858926,0.03080477340634064,35.254160823537966,0.27988896412546327,86677.624,2.1312740031171185,791.35,0.0038649559631818873,3.845063615169984e-05,0.8017837291695263,0.0,0.0,1.1284286384441897,interaction_007_combined_dry_hot_stress_june2024,smartgarden_pa1_joint_c389fa3f9aaf
2024-06-03T14:00,35.5,54.0,757.0,594.0,163.0,0.8,100580.0,24.7,2.68,0.61,37.3,0.153,0,1,0,1.0,37.5363991637919,64.08461688497195,0.028875168402316756,35.86465296101063,0.27372696417830106,72350.7312,2.3203055772803713,643.4499999999999,0.004380784693916866,3.0131077395767428e-05,0.7637466924586486,0.0,0.0,1.1277993459882154,interaction_007_combined_dry_hot_stress_june2024,smartgarden_pa1_joint_c389fa3f9aaf
2024-06-03T15:00,34.7,56.0,570.0,403.0,167.0,1.08,100620.0,24.5,2.44,0.46,36.6,0.154,0,1,0,1.0,36.53252980141269,62.44481622823783,0.026725880833558993,36.298932732281614,0.2690337336540193,56035.4608,2.297174246175064,484.5,0.004601299590208568,2.2142512523102594e-05,0.7347761336667857,0.0,0.0,1.1319052016098219,interaction_007_combined_dry_hot_stress_june2024,smartgarden_pa1_joint_c389fa3f9aaf
2024-06-03T16:00,33.0,64.0,347.0,220.0,127.0,1.06,100620.0,25.4,1.78,0.28,35.4,0.158,0,1,0,1.0,34.73252342487965,66.15166731676423,0.025792934858422177,36.52489202358554,0.2658442540411533,35004.1648,1.875227615987507,294.95,0.004530263861672802,1.3384482458337394e-05,0.7150879879083537,0.0,0.0,1.1385227795024029,interaction_007_combined_dry_hot_stress_june2024,smartgarden_pa1_joint_c389fa3f9aaf
2024-06-03T17:00,32.6,66.0,150.0,87.0,63.0,0.82,100610.0,25.4,1.66,0.13,34.2,0.158,0,1,0,1.0,33.410988922485416,68.10671017977249,0.024778708153071247,36.53628815720696,0.26409386889559266,15416.491199999999,1.6416352578707287,127.5,0.0036664891194201337,6.154889188740693e-06,0.7042831413308189,0.0,0.0,1.1433171272883127,interaction_007_combined_dry_hot_stress_june2024,smartgarden_pa1_joint_c389fa3f9aaf
2024-06-03T18:00,32.1,70.0,65.0,43.0,22.0,1.04,100630.0,25.8,1.45,0.06,33.3,0.158,1,0,0,1.0,32.59574760493486,70.71282169424822,0.024642475325403562,36.41465122940798,0.26326655455351944,6494.0127999999995,1.4401105268527408,55.25,0.0023927248427195584,3.045200132885973e-06,0.6991762626760459,0.0,0.0,1.1465935543256491,interaction_007_combined_dry_hot_stress_june2024,smartgarden_pa1_joint_c389fa3f9aaf
2024-06-03T19:00,31.4,75.0,0.0,0.0,0.0,1.04,100720.0,26.5,1.13,0.03,32.4,0.158,0,0,0,1.0,31.797295965424116,74.40106124420751,0.02485044842822472,36.21933702059422,0.26709091161191895,0.0,1.2032989926726056,0.0,0.002325578544020126,6.78385143673559e-07,0.7227834050118453,0.0,0.0,1.1506238695540538,interaction_007_combined_dry_hot_stress_june2024,smartgarden_pa1_joint_c389fa3f9aaf
2024-06-03T20:00,31.1,79.0,0.0,0.0,0.0,1.12,100810.0,26.9,0.96,0.01,31.9,0.157,0,0,0,1.0,31.28942172544425,78.6390973618966,0.025562958646399896,35.98606696129335,0.2669807387649672,0.0,0.9755842756152262,0.0,0.002321328620178271,5.49488666946818e-07,0.7221033257096741,0.0,0.0,1.1535732459707149,interaction_007_combined_dry_hot_stress_june2024,smartgarden_pa1_joint_c389fa3f9aaf
2024-06-03T21:00,30.7,82.0,0.0,0.0,0.0,1.0,100890.0,27.3,0.8,0.0,31.4,0.157,0,0,0,1.0,30.9156502324088,81.59380278254751,0.025997340544892555,35.74921755463741,0.26688984243138,0.0,0.8229527229323117,0.0,0.0021231455255062903,4.631602160949738e-07,0.7215422372307406,0.0,0.0,1.1559078401119103,interaction_007_combined_dry_hot_stress_june2024,smartgarden_pa1_joint_c389fa3f9aaf
2024-06-03T22:00,30.2,86.0,0.0,0.0,0.0,1.1,100900.0,27.6,0.61,0.0,30.9,0.157,0,0,0,1.0,30.46554956384699,85.10772169403664,0.026468521945674704,35.50864940599679,0.26681511559204063,0.0,0.6489594851806704,0.0,0.002338962700339153,3.6500281651374274e-07,0.7210809604446953,0.0,0.0,1.1577361787092417,interaction_007_combined_dry_hot_stress_june2024,smartgarden_pa1_joint_c389fa3f9aaf
2024-06-03T23:00,29.5,91.0,0.0,0.0,0.0,1.32,100890.0,27.9,0.36,0.0,30.2,0.157,0,0,0,1.0,29.85724241831944,89.42230108260198,0.026911803535973475,35.26071227458669,0.2667595135283283,0.0,0.445156662747499,0.0,0.0027924642613314076,2.5025614074881375e-07,0.7207377378291869,0.0,0.0,1.1599454396114381,interaction_007_combined_dry_hot_stress_june2024,smartgarden_pa1_joint_c389fa3f9aaf
2024-06-04T00:00,29.3,90.0,0.0,0.0,0.0,1.4,100870.0,27.5,0.4,0.0,29.7,0.157,0,0,0,1.0,29.474828057323464,89.62199317031597,0.026418621876972578,35.005089073827826,0.2667166546552819,0.0,0.4272536424756104,0.0,0.002833260870394157,2.401033355212897e-07,0.7204731768844561,0.0,0.0,1.1611809810695026,interaction_007_combined_dry_hot_stress_june2024,smartgarden_pa1_joint_c389fa3f9aaf
2024-06-04T01:00,29.1,90.0,0.0,0.0,0.0,1.43,100790.0,27.2,0.42,0.0,29.2,0.157,0,0,0,1.0,29.255855003901434,89.61402696791649,0.026103892093291035,34.7510730627858,0.2666736188334635,0.0,0.4222195741331354,0.0,0.0028789280508979293,2.3718685686432496e-07,0.720207523663355,0.0,0.0,1.161100196436221,interaction_007_combined_dry_hot_stress_june2024,smartgarden_pa1_joint_c389fa3f9aaf
2024-06-04T02:00,28.5,88.0,0.0,0.0,0.0,1.33,100750.0,26.4,0.45,0.0,28.7,0.157,0,0,0,1.0,28.810750500864962,87.32844913275353,0.024828841347511933,34.497553343384915,0.2666268229702766,0.0,0.5020565976358973,0.0,0.002783807159492043,2.819231322726058e-07,0.7199186603103496,0.0,0.0,1.16235023432934,interaction_007_combined_dry_hot_stress_june2024,smartgarden_pa1_joint_c389fa3f9aaf
2024-06-04T03:00,28.1,91.0,0.0,0.0,0.0,1.41,100730.0,26.4,0.36,0.0,28.4,0.157,0,0,0,1.0,28.352322938478395,89.93847029770463,0.024938157013743807,34.23827562244353,0.26658126851040553,0.0,0.388190801133363,0.0,0.0028968853071418437,2.1789818083799053e-07,0.7196374599407749,0.0,0.0,1.1638864716202306,interaction_007_combined_dry_hot_stress_june2024,smartgarden_pa1_joint_c389fa3f9aaf
2024-06-04T04:00,27.8,92.0,0.0,0.0,0.0,1.4,100720.0,26.3,0.31,0.0,28.1,0.157,0,0,0,1.0,28.011231994306392,91.22850091522005,0.024827190708443032,33.976616796537236,0.26654528462667165,0.0,0.3317734543604689,0.0,0.0028548835238570904,1.8617267100377547e-07,0.7194153372016768,0.0,0.0,1.1650889969145004,interaction_007_combined_dry_hot_stress_june2024,smartgarden_pa1_joint_c389fa3f9aaf
2024-06-04T05:00,27.8,91.0,0.0,0.0,0.0,1.2,100840.0,26.3,0.33,0.0,27.8,0.157,0,0,0,1.0,27.889948302151033,90.94576608999755,0.024585916365715783,33.71773057486755,0.2665118461813921,0.0,0.3400567974228297,0.0,0.0024026479098110324,1.9076606983905635e-07,0.7192089270456303,0.0,0.0,1.166947062380691,interaction_007_combined_dry_hot_stress_june2024,smartgarden_pa1_joint_c389fa3f9aaf
2024-06-04T06:00,27.8,92.0,26.0,14.0,12.0,1.41,100860.0,26.5,0.28,0.01,28.0,0.157,1,0,0,1.0,27.91772874418547,92.63743857041831,0.02508149242742844,33.4777703282018,0.2663968030900608,2710.1888,0.2769693293994666,22.099999999999998,0.002819325384413483,1.084132812234197e-06,0.7184987845065482,0.0,0.0,1.1670708085148465,interaction_007_combined_dry_hot_stress_june2024,smartgarden_pa1_joint_c389fa3f9aaf
2024-06-04T07:00,30.5,76.0,199.0,144.0,55.0,1.02,100870.0,25.8,1.04,0.14,30.5,0.157,0,0,0,1.0,29.830346365409707,88.36333204251628,0.026554420555401925,33.344126455521646,0.26978118473397067,19447.032000000003,0.4889670005495139,169.15,0.0024807161362794456,7.598466784773571e-06,0.7393900292220412,0.0,0.0,1.1598184468235557,interaction_007_combined_dry_hot_stress_june2024,smartgarden_pa1_joint_c389fa3f9aaf
2024-06-04T08:00,32.3,63.0,427.0,348.0,79.0,0.58,100910.0,24.4,1.78,0.32,32.0,0.156,0,0,0,1.0,32.374926702420765,94.35758131197916,0.032499519215197364,33.43962696735709,0.26767806061929544,40355.4096,0.27402097006590775,362.95,0.001234109196966245,1.557876745610067e-05,0.7264077816005892,0.0,0.0,1.150614933712237,interaction_007_combined_dry_hot_stress_june2024,smartgarden_pa1_joint_c389fa3f9aaf
2024-06-04T09:00,33.6,58.0,638.0,545.0,93.0,0.5,100910.0,24.2,2.19,0.49,33.8,0.155,0,1,0,1.0,34.44836014330532,73.52605133170377,0.02824624227891047,33.76354717773778,0.264185261086936,59415.9632,1.4437562605157002,542.3,0.003310664034672451,2.315471271201731e-05,0.7048472906600989,0.0,0.0,1.1428589642719948,interaction_007_combined_dry_hot_stress_june2024,smartgarden_pa1_joint_c389fa3f9aaf
2024-06-04T10:00,34.7,54.0,812.0,710.0,102.0,0.81,100880.0,24.1,2.54,0.64,35.3,0.153,0,1,0,1.0,36.14814377702024,66.76890189931218,0.028016425060449126,34.27158568170133,0.2595386964579486,75044.60479999999,1.9903625684454984,690.1999999999999,0.004062961729766645,2.8351037208827772e-05,0.6761647929502999,0.0,0.0,1.136240352380965,interaction_007_combined_dry_hot_stress_june2024,smartgarden_pa1_joint_c389fa3f9aaf
2024-06-04T11:00,35.5,52.0,925.0,818.0,107.0,0.91,100820.0,24.1,2.77,0.73,36.5,0.152,0,1,0,1.0,37.4805307863433,62.29632839935774,0.02798946565324245,34.91033546695854,0.25420587396744776,85164.5168,2.4284638586576603,786.25,0.0044693139301611885,3.080494603000012e-05,0.6432461356015294,0.0,0.0,1.1306937800625778,interaction_007_combined_dry_hot_stress_june2024,smartgarden_pa1_joint_c389fa3f9aaf
2024-06-04T12:00,36.0,51.0,971.0,854.0,117.0,0.95,100750.0,24.2,2.92,0.77,37.3,0.15,0,1,0,1.0,38.37673622952094,59.051906634820085,0.027769743276523474,35.61561358013472,0.24866482351048283,89564.3408,2.768462567418737,825.35,0.004708283328190524,3.072153151859048e-05,0.6090421204350792,0.0,0.0,1.1266581910464086,interaction_007_combined_dry_hot_stress_june2024,smartgarden_pa1_joint_c389fa3f9aaf
2024-06-04T13:00,36.0,52.0,945.0,833.0,112.0,0.95,100670.0,24.4,2.87,0.75,37.7,0.148,0,1,0,1.0,38.67126093544472,57.646946974570284,0.02751655489623408,36.31874430420554,0.24334660626515395,87100.4288,2.909242329006873,803.25,0.004845831551622743,2.838389911934341e-05,0.5762136189207034,0.0,0.0,1.124700256036903,interaction_007_combined_dry_hot_stress_june2024,smartgarden_pa1_joint_c389fa3f9aaf
2024-06-04T14:00,36.1,51.0,827.0,693.0,134.0,1.48,100590.0,24.4,2.91,0.67,37.7,0.147,0,1,0,1.0,38.5743784081879,54.3744249445443,0.025827507889384763,36.9438562527,0.23865495062882683,77490.4416,3.117731063983558,702.9499999999999,0.005416580705734037,2.3835269415588503e-05,0.5472527816594249,0.0,0.0,1.1241557580776655,interaction_007_combined_dry_hot_stress_june2024,smartgarden_pa1_joint_c389fa3f9aaf
2024-06-04T15:00,35.3,54.0,617.0,439.0,178.0,1.87,100570.0,24.4,2.65,0.51,37.2,0.146,0,1,0,1.0,37.62438709059871,54.44185411816115,0.024640711138341022,37.411571081095516,0.2349615165486847,60558.4672,2.957353874486338,524.4499999999999,0.005942401367588884,1.7300189697046696e-05,0.5244538058560784,0.0,0.0,1.1273679402216394,interaction_007_combined_dry_hot_stress_june2024,smartgarden_pa1_joint_c389fa3f9aaf
2024-06-04T16:00,32.7,64.0,276.0,103.0,173.0,2.19,100640.0,25.1,1.77,0.25,35.6,0.15,0,1,0,1.0,34.87010797242517,60.35005705072278,0.023700144296318428,37.60575155518831,0.2327028044188608,30374.555199999995,2.2134343533853578,234.6,0.006413143363401925,7.887692569716423e-06,0.5105111383880296,0.0,0.0,1.1382404314788088,interaction_007_combined_dry_hot_stress_june2024,smartgarden_pa1_joint_c389fa3f9aaf
2024-06-04T17:00,32.3,67.0,175.0,96.0,79.0,0.57,100660.0,25.5,1.57,0.14,34.4,0.15,0,1,0,1.0,33.26845268319617,67.52012177091633,0.024381500873469655,37.55263061028993,0.23154565543712546,18179.4096,1.6585487158883723,148.75,0.003481331878462021,5.0314389213205036e-06,0.5033682434390461,0.0,0.0,1.1444174193974312,interaction_007_combined_dry_hot_stress_june2024,smartgarden_pa1_joint_c389fa3f9aaf
2024-06-04T18:00,31.9,69.0,64.0,33.0,31.0,0.41,100610.0,25.5,1.46,0.05,33.5,0.15,1,1,0,1.0,32.48284674600819,69.15897959296238,0.023957166021309997,37.3933558731272,0.2308986598790067,6722.6544,1.5069100742617016,54.4,0.002981233559665961,2.1761688860517834e-06,0.4993744436975723,0.0,0.0,1.1467891390770422,interaction_007_combined_dry_hot_stress_june2024,smartgarden_pa1_joint_c389fa3f9aaf
2024-06-04T19:00,31.3,74.0,0.0,0.0,0.0,0.94,100760.0,26.0,1.21,0.03,32.6,0.15,0,0,0,1.0,31.703270692454428,73.15494125367964,0.02431201101008271,37.153254504735,0.2348137728183846,0.0,1.2551745957758516,0.0,0.0021622462801058457,5.125663737689e-07,0.5235418075208925,0.0,0.0,1.1514358545080203,interaction_007_combined_dry_hot_stress_june2024,smartgarden_pa1_joint_c389fa3f9aaf
2024-06-04T20:00,30.9,77.0,0.0,0.0,0.0,0.92,100750.0,26.5,1.02,0.0,32.0,0.15,0,0,0,1.0,31.153172666385764,76.46567047596048,0.02467574785410636,36.877714185194115,0.23472881863833672,0.0,1.0665564309275841,0.0,0.0020114043149423396,4.3510550490629437e-07,0.5230173990020786,0.0,0.0,1.153402858167816,interaction_007_combined_dry_hot_stress_june2024,smartgarden_pa1_joint_c389fa3f9aaf
2024-06-04T21:00,30.6,80.0,0.0,0.0,0.0,1.08,100780.0,26.9,0.86,0.0,31.5,0.15,0,0,0,1.0,30.80193543986372,79.4705643811012,0.025166681631878948,36.599269988352226,0.23465634619391734,0.0,0.9119547433737969,0.0,0.0022574051750943176,3.717169755878087e-07,0.5225700382340577,0.0,0.0,1.1550795358615773,interaction_007_combined_dry_hot_stress_june2024,smartgarden_pa1_joint_c389fa3f9aaf
2024-06-04T22:00,30.4,82.0,0.0,0.0,0.0,1.06,100830.0,27.1,0.77,0.0,31.2,0.15,0,0,0,1.0,30.559351110618056,81.64859729680532,0.02552131085813933,36.32259165570514,0.23459364315695488,0.0,0.8039950670038847,0.0,0.0021895731809959532,3.2746938273148986e-07,0.5221829824503388,0.0,0.0,1.1565756698288314,interaction_007_combined_dry_hot_stress_june2024,smartgarden_pa1_joint_c389fa3f9aaf
2024-06-04T23:00,30.2,84.0,0.0,0.0,0.0,1.03,100850.0,27.2,0.68,0.0,30.9,0.15,0,0,0,1.0,30.35651553507588,83.60224573853094,0.02584799965857389,36.050242106381354,0.23453818413269212,0.0,0.7101222058074987,0.0,0.0021323396314462473,2.890450901061043e-07,0.5218406427943958,0.0,0.0,1.1575781819623394,interaction_007_combined_dry_hot_stress_june2024,smartgarden_pa1_joint_c389fa3f9aaf
2024-06-05T00:00,30.0,85.0,0.0,0.0,0.0,0.89,100830.0,27.2,0.62,0.0,30.7,0.15,0,0,0,1.0,30.157767227739132,84.72657360461183,0.025916227598043552,35.78255682371225,0.23448836978526916,0.0,0.6539489629571693,0.0,0.00187861651211355,2.660237271997192e-07,0.5215331468226492,0.0,0.0,1.1581069927902525,interaction_007_combined_dry_hot_stress_june2024,smartgarden_pa1_joint_c389fa3f9aaf
2024-06-05T01:00,29.8,86.0,0.0,0.0,0.0,0.81,100770.0,27.2,0.59,0.0,30.5,0.149,0,0,0,1.0,29.959009256108104,85.72023482567356,0.025940076353009007,35.51938866568621,0.2344423188652713,0.0,0.6044766286180421,0.0,0.0017367998816843002,2.4576455809807245e-07,0.5212488818843908,0.0,0.0,1.1581768032473756,interaction_007_combined_dry_hot_stress_june2024,smartgarden_pa1_joint_c389fa3f9aaf
2024-06-05T02:00,29.6,89.0,0.0,0.0,0.0,0.81,100750.0,27.6,0.45,0.0,30.3,0.149,0,0,0,1.0,29.760691334914267,88.3149597834618,0.02643997867737351,35.26054928774514,0.23440202747896188,0.0,0.48903883033520446,0.0,0.001738487067201993,1.98735664574447e-07,0.5210001696232215,0.0,0.0,1.1587050544705828,interaction_007_combined_dry_hot_stress_june2024,smartgarden_pa1_joint_c389fa3f9aaf
2024-06-05T03:00,29.5,89.0,0.0,0.0,0.0,0.85,100720.0,27.5,0.46,0.0,30.2,0.149,0,0,0,1.0,29.620826805493497,88.85010148795526,0.02639934827691854,35.00663527291688,0.23436771605709902,0.0,0.4629050555507903,0.0,0.0017731721171094473,1.8803894435013387e-07,0.5207883707228335,0.0,0.0,1.1588951333121478,interaction_007_combined_dry_hot_stress_june2024,smartgarden_pa1_joint_c389fa3f9aaf
2024-06-05T04:00,29.4,89.0,0.0,0.0,0.0,0.95,100730.0,27.4,0.44,0.0,30.1,0.149,0,0,0,1.0,29.514272427781926,88.84491397639027,0.026245679508649113,34.7593727937516,0.23433398536136785,0.0,0.4602894676595981,0.0,0.0019512034374156422,1.869016992439824e-07,0.5205801565516534,0.0,0.0,1.159418229364683,interaction_007_combined_dry_hot_stress_june2024,smartgarden_pa1_joint_c389fa3f9aaf
2024-06-05T05:00,29.2,89.0,0.0,0.0,0.0,1.02,100760.0,27.3,0.43,0.0,29.9,0.149,0,0,0,1.0,29.351534563187354,88.69847263567746,0.025971909785243538,34.518144314945076,0.234300245637431,0.0,0.4619810617218003,0.0,0.002110509668177423,1.8751352621439115e-07,0.5203718866508086,0.0,0.0,1.1603874563684546,interaction_007_combined_dry_hot_stress_june2024,smartgarden_pa1_joint_c389fa3f9aaf
2024-06-05T06:00,29.2,89.0,25.0,13.0,12.0,1.17,100760.0,27.2,0.43,0.02,29.9,0.149,1,0,0,1.0,29.324785875861238,89.49213566374237,0.02616624447650091,34.291846006168555,0.23420961283210429,2622.1888,0.4288761176992657,21.25,0.002369700256051351,8.20081225771202e-07,0.5198124248895326,0.0,0.0,1.160490072661438,interaction_007_combined_dry_hot_stress_june2024,smartgarden_pa1_joint_c389fa3f9aaf
2024-06-05T07:00,30.2,83.0,185.0,123.0,62.0,0.98,100870.0,26.9,0.74,0.13,30.9,0.149,0,0,0,1.0,30.25706627820609,90.4695918115108,0.027821614845187696,34.15302445198391,0.23783397048536184,18461.308800000003,0.4103822816071836,157.25,0.001959324251668168,5.16118004818066e-06,0.5421850029960608,0.0,0.0,1.1581872467577194,interaction_007_combined_dry_hot_stress_june2024,smartgarden_pa1_joint_c389fa3f9aaf
2024-06-05T08:00,32.0,69.0,414.0,327.0,87.0,0.64,100910.0,25.6,1.47,0.31,32.3,0.148,0,0,0,1.0,32.328177078707974,87.35722507799156,0.030013808470787297,34.208132129623294,0.23635676096887998,39492.8688,0.6123737679317616,351.9,0.001620428308956841,1.1228405398754361e-05,0.533066425733827,0.0,0.0,1.1507910209722299,interaction_007_combined_dry_hot_stress_june2024,smartgarden_pa1_joint_c389fa3f9aaf
2024-06-05T09:00,33.4,62.0,624.0,526.0,98.0,0.64,100870.0,25.0,1.96,0.48,34.0,0.147,0,1,0,1.0,34.5046982664668,70.39492335519047,0.027123066084759513,34.49001048483911,0.2338275679729614,58359.875199999995,1.619566886006437,530.4,0.0036534272935372335,1.6709453738311947e-05,0.5174541232898852,0.0,0.0,1.1421967443358687,interaction_007_combined_dry_hot_stress_june2024,smartgarden_pa1_joint_c389fa3f9aaf
2024-06-05T10:00,34.5,57.0,795.0,683.0,112.0,0.63,100840.0,24.7,2.37,0.62,35.5,0.146,0,1,0,1.0,36.323501409305884,63.68080890068119,0.026963247199780015,34.96105067251863,0.2304716324292883,73900.4288,2.196316697473337,675.75,0.004103389261433415,2.0487730904979724e-05,0.49673847178573033,0.0,0.0,1.1351462459004147,interaction_007_combined_dry_hot_stress_june2024,smartgarden_pa1_joint_c389fa3f9aaf
2024-06-05T11:00,35.4,54.0,905.0,782.0,123.0,1.03,100800.0,24.7,2.63,0.72,36.7,0.145,0,1,0,1.0,37.752306423118725,58.12734163546645,0.026480907676343615,35.56551641501645,0.2266154128943964,83967.43519999999,2.7370238925108326,769.25,0.0047885650130751805,2.229224926404969e-05,0.4729346474962741,0.0,0.0,1.1294812792638984,interaction_007_combined_dry_hot_stress_june2024,smartgarden_pa1_joint_c389fa3f9aaf
2024-06-05T12:00,35.5,54.0,831.0,696.0,135.0,1.62,100740.0,24.8,2.64,0.67,37.2,0.143,0,1,0,1.0,38.14849633619845,54.65894137450048,0.025407843641250445,36.189654945433006,0.2228431452722478,77877.624,3.027937984927242,706.35,0.005683022483156297,1.964213911708307e-05,0.4496490448904185,0.0,0.0,1.1273723326550718,interaction_007_combined_dry_hot_stress_june2024,smartgarden_pa1_joint_c389fa3f9aaf
2024-06-05T13:00,35.1,56.0,805.0,547.0,258.0,1.48,100700.0,24.9,2.5,0.65,37.3,0.142,0,1,0,1.0,37.88473791593786,55.64502856534172,0.025521598748117016,36.752379314366806,0.2194443220783676,79917.0592,2.920144966076171,684.25,0.005540038233256864,1.813540103169862e-05,0.4286686548047382,0.0,0.0,1.127880331861256,interaction_007_combined_dry_hot_stress_june2024,smartgarden_pa1_joint_c389fa3f9aaf
2024-06-05T14:00,35.2,54.0,550.0,255.0,295.0,1.24,100620.0,24.6,2.59,0.46,37.1,0.141,0,1,0,1.0,37.32194271823951,54.12472255729194,0.024121769901277176,37.17803533873911,0.21672346171513776,58778.808000000005,2.9294511176451787,467.5,0.004944597273014952,1.2205336461652067e-05,0.41187322046381336,0.0,0.0,1.1290271940869805,interaction_007_combined_dry_hot_stress_june2024,smartgarden_pa1_joint_c389fa3f9aaf
2024-06-05T15:00,34.0,59.0,452.0,267.0,185.0,1.0,100640.0,24.9,2.16,0.37,36.5,0.144,0,1,0,1.0,36.149373477872004,57.73561137704398,0.024227566616891884,37.43400586215753,0.21474724004174056,46284.744000000006,2.531578298289781,384.2,0.004661928209879351,9.772169475690957e-06,0.3996743212453121,0.0,0.0,1.1335326569220008,interaction_007_combined_dry_hot_stress_june2024,smartgarden_pa1_joint_c389fa3f9aaf
2024-06-05T16:00,31.1,80.0,284.0,151.0,133.0,1.0,100700.0,27.2,0.92,0.22,35.0,0.157,0,1,0,1.0,33.4777659419975,73.58880775526802,0.02686750297986884,37.52397945054198,0.21333555035797647,29671.259199999997,1.3645414404149077,241.4,0.00478206939691502,5.93721614462941e-06,0.3909601873949165,0.0,0.0,1.1440906610113282,interaction_007_combined_dry_hot_stress_june2024,smartgarden_pa1_joint_c389fa3f9aaf
2024-06-05T17:00,30.7,80.0,153.0,74.0,79.0,1.63,100770.0,26.9,0.87,0.13,33.6,0.172,0,1,0,1.0,31.737436195558065,77.78901163249948,0.02589923997764621,37.42150877573911,0.21251359572155332,16243.409599999999,1.040513896095098,130.04999999999998,0.005061293469887268,3.2489804596515637e-06,0.38588639334292174,0.0,0.0,1.1514210875863997,interaction_007_combined_dry_hot_stress_june2024,smartgarden_pa1_joint_c389fa3f9aaf
2024-06-05T18:00,30.0,83.0,44.0,18.0,26.0,1.66,100810.0,26.7,0.74,0.05,32.3,0.178,1,1,0,1.0,30.670360850612287,80.83503823977303,0.025418374759244453,37.197502703874534,0.21212349582216034,4786.7424,0.8449765724660194,37.4,0.004948708786025247,1.091755909836106e-06,0.3834783692725947,0.0,0.0,1.155923753556296,interaction_007_combined_dry_hot_stress_june2024,smartgarden_pa1_joint_c389fa3f9aaf
2024-06-05T19:00,29.7,81.0,0.0,0.0,0.0,1.51,100900.0,26.0,0.81,0.03,31.3,0.178,0,0,0,1.0,30.00202998973964,80.32086595495585,0.024362758137996755,36.898723211454424,0.21616252315011664,0.0,0.8350956890485692,0.0,0.003108181793589186,2.6602833043337084e-07,0.40841063672911504,0.0,0.0,1.159506357785734,interaction_007_combined_dry_hot_stress_june2024,smartgarden_pa1_joint_c389fa3f9aaf
2024-06-05T20:00,29.6,80.0,0.0,0.0,0.0,1.4,100990.0,25.8,0.83,0.01,30.9,0.178,0,0,0,1.0,29.74585561889497,79.81945113894322,0.023877375542730665,36.58214610015581,0.21611453517685184,0.0,0.8438706129146647,0.0,0.0028163341138547978,2.686286937738354e-07,0.40811441467192494,0.0,0.0,1.161522133267162,interaction_007_combined_dry_hot_stress_june2024,smartgarden_pa1_joint_c389fa3f9aaf
2024-06-05T21:00,29.5,81.0,0.0,0.0,0.0,1.17,101070.0,25.8,0.8,0.0,30.5,0.179,0,0,0,1.0,29.629648300359502,80.72729063905885,0.02399735428371535,36.27336909858757,0.2160673001948927,0.0,0.8005420406787156,0.0,0.002372980300297098,2.546538767266612e-07,0.40782284070921426,0.0,0.0,1.1628883891101414,interaction_007_combined_dry_hot_stress_june2024,smartgarden_pa1_joint_c389fa3f9aaf
2024-06-05T22:00,29.3,81.0,0.0,0.0,0.0,1.12,101060.0,25.7,0.77,0.0,30.2,0.179,0,0,0,1.0,29.466576549306314,80.74064827637598,0.023789935895963912,35.973086100625046,0.21602176876518916,0.0,0.792514329490758,0.0,0.0023059107682248136,2.5192650794873735e-07,0.4075417825011677,0.0,0.0,1.1633999179605083,interaction_007_combined_dry_hot_stress_june2024,smartgarden_pa1_joint_c389fa3f9aaf
2024-06-05T23:00,28.6,86.0,0.0,0.0,0.0,1.32,101060.0,26.1,0.54,0.0,29.9,0.179,0,0,0,1.0,28.968760449335687,84.3808750449064,0.024198390876838883,35.6751900887425,0.21598058241813817,0.0,0.624523178972654,0.0,0.0027998598004133073,1.9840120002561374e-07,0.40728754579097637,0.0,0.0,1.1653169098381524,interaction_007_combined_dry_hot_stress_june2024,smartgarden_pa1_joint_c389fa3f9aaf
2024-06-06T00:00,28.1,89.0,0.0,0.0,0.0,1.24,101030.0,26.1,0.42,0.0,29.5,0.178,0,0,0,1.0,28.417277611826194,87.62237294599599,0.02438249141484168,35.37072598558868,0.21594928143305672,0.0,0.47935403054556947,0.0,0.00262543746789467,1.5221100009805845e-07,0.4070943298336835,0.0,0.0,1.1671013901409717,interaction_007_combined_dry_hot_stress_june2024,smartgarden_pa1_joint_c389fa3f9aaf
2024-06-06T01:00,27.9,90.0,0.0,0.0,0.0,1.17,100930.0,26.2,0.37,0.0,29.2,0.178,0,0,0,1.0,28.09801438183349,89.22320682533613,0.024397387168768717,35.06410966384318,0.21592418722886092,0.0,0.40968582354351835,0.0,0.00242051049124306,1.3003950524881807e-07,0.4069394273386477,0.0,0.0,1.16718185937069,interaction_007_combined_dry_hot_stress_june2024,smartgarden_pa1_joint_c389fa3f9aaf
2024-06-06T02:00,27.7,92.0,0.0,0.0,0.0,1.17,100860.0,26.3,0.3,0.0,28.8,0.178,0,0,0,1.0,27.88626014943251,91.1204465361694,0.024628146754065747,34.76205486293885,0.21590290669326995,0.0,0.3334245205016022,0.0,0.0024125720277751177,1.0579903178898139e-07,0.4068080660078392,0.0,0.0,1.1671928073674196,interaction_007_combined_dry_hot_stress_june2024,smartgarden_pa1_joint_c389fa3f9aaf
2024-06-06T03:00,27.5,92.0,0.0,0.0,0.0,1.12,100840.0,26.1,0.28,0.0,28.5,0.178,0,0,0,1.0,27.684750768915944,91.34733638280714,0.024417361964583148,34.465745825951096,0.2158843953470049,0.0,0.32110892812241865,0.0,0.002319599206787519,1.0186254755863532e-07,0.4066937984383019,0.0,0.0,1.1677430297947096,interaction_007_combined_dry_hot_stress_june2024,smartgarden_pa1_joint_c389fa3f9aaf
2024-06-06T04:00,27.5,92.0,0.0,0.0,0.0,1.02,100860.0,26.1,0.3,0.0,28.3,0.178,0,0,0,1.0,27.603888804303736,91.65042530748016,0.02438955215715919,34.176618965903366,0.2158664908246737,0.0,0.3084016210836915,0.0,0.0020735507239171614,9.780493447796484e-08,0.40658327669551675,0.0,0.0,1.168288659541938,interaction_007_combined_dry_hot_stress_june2024,smartgarden_pa1_joint_c389fa3f9aaf
2024-06-06T05:00,27.9,91.0,0.0,0.0,0.0,1.1,100920.0,26.2,0.35,0.0,28.2,0.178,0,0,0,1.0,27.83041168291817,91.39778596648972,0.02462739006088908,33.90146216695119,0.2158487351656574,0.0,0.32196072371450457,0.0,0.0021979386711830965,1.0207747540187311e-07,0.40647367386208266,0.0,0.0,1.1681038591704562,interaction_007_combined_dry_hot_stress_june2024,smartgarden_pa1_joint_c389fa3f9aaf
2024-06-06T06:00,28.1,91.0,21.0,8.0,13.0,1.2,100950.0,26.4,0.36,0.02,28.4,0.178,1,0,0,1.0,28.131471665272453,91.47703416069005,0.025059629300331142,33.655092893628165,0.21579200092652148,2305.3712,0.32463657209173347,17.849999999999998,0.0023620909759287123,5.269214450366279e-07,0.4061234625093919,0.0,0.0,1.1672835036514078,interaction_007_combined_dry_hot_stress_june2024,smartgarden_pa1_joint_c389fa3f9aaf
2024-06-06T07:00,29.3,87.0,167.0,87.0,80.0,1.1,100970.0,26.9,0.54,0.12,30.5,0.178,0,0,0,1.0,29.276457816064344,92.0320385010637,0.026838285916518954,33.49888675926455,0.21957744484512381,17510.592,0.324305600467401,141.95,0.0021629685516378087,3.6751636865757408e-06,0.4294904002785421,0.0,0.0,1.1630945541061122,interaction_007_combined_dry_hot_stress_june2024,smartgarden_pa1_joint_c389fa3f9aaf
2024-06-06T08:00,30.1,80.0,359.0,210.0,149.0,0.85,101030.0,26.3,0.86,0.26,30.9,0.178,0,1,0,1.0,30.781522699554497,84.01086697456238,0.026575338559970428,33.51628551285508,0.21854694374123904,36834.177599999995,0.7094400571696577,305.15,0.0036198397980652273,7.787541372406958e-06,0.4231292823533274,0.0,0.0,1.1580226552206412,interaction_007_combined_dry_hot_stress_june2024,smartgarden_pa1_joint_c389fa3f9aaf
2024-06-06T09:00,32.0,65.0,551.0,405.0,146.0,0.92,101010.0,24.6,1.66,0.42,32.3,0.176,0,1,0,1.0,32.911274462029034,70.91482131903729,0.025129021745987662,33.72615048627514,0.21678501100793532,53624.6304,1.4557620481390492,468.34999999999997,0.0038746937137260585,1.1763218890835573e-05,0.4122531543699711,0.0,0.0,1.1497368141968984,interaction_007_combined_dry_hot_stress_june2024,smartgarden_pa1_joint_c389fa3f9aaf
2024-06-06T10:00,33.6,56.0,779.0,643.0,136.0,0.61,100980.0,23.6,2.28,0.6,34.2,0.174,0,1,0,1.0,35.328040942885956,61.18959415565323,0.02460876475104067,34.15381572194271,0.21427358847016578,73336.8064,2.2220630907451397,662.15,0.004031878658551703,1.6056091586230794e-05,0.3967505461121345,0.0,0.0,1.1403904218420073,interaction_007_combined_dry_hot_stress_june2024,smartgarden_pa1_joint_c389fa3f9aaf
2024-06-06T11:00,34.5,53.0,914.0,794.0,120.0,0.92,100920.0,23.5,2.57,0.71,35.6,0.172,0,1,0,1.0,37.087079826379366,54.95168339079752,0.024197791948814714,34.76322998341171,0.21120110042539716,84653.888,2.840133229508071,776.9,0.004781646856948136,1.8006706360921106e-05,0.37778457052714304,0.0,0.0,1.1332506759613812,interaction_007_combined_dry_hot_stress_june2024,smartgarden_pa1_joint_c389fa3f9aaf
2024-06-06T12:00,35.0,52.0,952.0,811.0,141.0,1.48,100830.0,23.6,2.7,0.76,36.5,0.169,0,1,0,1.0,38.02215989857845,51.41206624114318,0.02374558980259397,35.452388491801315,0.20797266007049223,88736.7184,3.22269179445289,809.1999999999999,0.0056299767637894346,1.7839797712099786e-05,0.35785592636106317,0.0,0.0,1.128837638651643,interaction_007_combined_dry_hot_stress_june2024,smartgarden_pa1_joint_c389fa3f9aaf
2024-06-06T13:00,35.1,52.0,862.0,700.0,162.0,1.32,100730.0,23.7,2.72,0.69,36.8,0.167,0,1,0,1.0,38.18462218404634,50.476176386167765,0.023506608753050478,36.11237965561997,0.20498211560557764,81555.54879999999,3.313727733387147,732.6999999999999,0.005448170292187559,1.5424742999553362e-05,0.33939577534307186,0.0,0.0,1.1271296213972788,interaction_007_combined_dry_hot_stress_june2024,smartgarden_pa1_joint_c389fa3f9aaf
2024-06-06T14:00,34.5,55.0,726.0,441.0,285.0,1.0,100690.0,24.1,2.48,0.58,36.6,0.165,0,1,0,1.0,37.52366566110403,52.503033596905816,0.023641383099335694,36.65688439570939,0.20247592115552177,73914.984,3.0664119781588366,617.1,0.005060487139171544,1.246858703073941e-05,0.3239254392316159,0.0,0.0,1.1290790467810676,interaction_007_combined_dry_hot_stress_june2024,smartgarden_pa1_joint_c389fa3f9aaf
2024-06-06T15:00,34.3,56.0,551.0,389.0,162.0,0.8,100680.0,24.3,2.38,0.44,36.2,0.164,0,1,0,1.0,36.6934799239873,54.18883692877753,0.02338502559349816,37.041647849414254,0.20052805094659884,54187.5488,2.8269192605592615,468.34999999999997,0.00456932456414132,9.23336878139687e-06,0.31190154905307926,0.0,0.0,1.1319918341811737,interaction_007_combined_dry_hot_stress_june2024,smartgarden_pa1_joint_c389fa3f9aaf
2024-06-06T16:00,31.5,70.0,320.0,143.0,177.0,0.45,100690.0,25.4,1.38,0.25,34.9,0.172,0,1,0,1.0,34.14146071290403,63.94814425969495,0.02417552242026917,37.217275204285215,0.19922307476543757,34387.2848,1.9328481836884461,272.0,0.004441401556326481,5.292884787526377e-06,0.30384614052739245,0.0,0.0,1.141506260768962,interaction_007_combined_dry_hot_stress_june2024,smartgarden_pa1_joint_c389fa3f9aaf
2024-06-06T17:00,30.4,76.0,152.0,65.0,87.0,0.71,100710.0,25.8,1.03,0.12,33.3,0.174,0,1,0,1.0,31.834320514700007,72.34667741253544,0.024212010183907284,37.15408565598066,0.19851913266595053,16436.8688,1.3025931653729743,129.2,0.003956663433881617,2.5679867110134e-06,0.2995008189256206,0.0,0.0,1.1503699598894095,interaction_007_combined_dry_hot_stress_june2024,smartgarden_pa1_joint_c389fa3f9aaf
2024-06-06T18:00,30.1,76.0,32.0,8.0,24.0,0.64,100820.0,25.4,1.03,0.04,32.3,0.174,1,1,0,1.0,30.67208322070759,74.6379509444356,0.02347189027590496,36.93569569032882,0.19822354384346091,3660.3776,1.1183139414055363,27.2,0.0032408998497326993,7.333208076748845e-07,0.29767619656457356,0.0,0.0,1.156031863564409,interaction_007_combined_dry_hot_stress_june2024,smartgarden_pa1_joint_c389fa3f9aaf
2024-06-06T19:00,29.7,76.0,0.0,0.0,0.0,0.73,100910.0,25.1,0.99,0.02,31.4,0.173,0,0,0,1.0,30.03395369164649,75.51367722304042,0.022944208311542764,36.64484728647208,0.20229563207729045,0.0,1.040995723148872,0.0,0.0017668237947371605,2.6211625233842304e-07,0.32281254368697815,0.0,0.0,1.1594991720527452,interaction_007_combined_dry_hot_stress_june2024,smartgarden_pa1_joint_c389fa3f9aaf
2024-06-06T20:00,29.4,78.0,0.0,0.0,0.0,0.7,100970.0,25.1,0.91,0.0,30.9,0.173,0,0,0,1.0,29.634890649723893,77.38894105195162,0.023011520652495867,36.33781612296091,0.20225064322055805,0.0,0.9394922930868126,0.0,0.0016231585554546883,2.3635481332928116e-07,0.3225348346948028,0.0,0.0,1.161717697830531,interaction_007_combined_dry_hot_stress_june2024,smartgarden_pa1_joint_c389fa3f9aaf
2024-06-06T21:00,28.8,86.0,0.0,0.0,0.0,0.85,101020.0,26.2,0.56,0.0,30.5,0.173,0,0,0,1.0,29.147903830218063,83.98678637277997,0.024321484774745737,36.03000395596876,0.20221414371652524,0.0,0.646940677159185,0.0,0.001972744039529641,1.626418131156763e-07,0.32230952911435334,0.0,0.0,1.1641653723905987,interaction_007_combined_dry_hot_stress_june2024,smartgarden_pa1_joint_c389fa3f9aaf
2024-06-06T22:00,28.9,85.0,0.0,0.0,0.0,0.89,101050.0,26.1,0.6,0.0,29.9,0.173,0,0,0,1.0,28.981822434908352,84.98793601704949,0.024389834545423324,35.72204682849242,0.20218687015355472,0.0,0.6007034889045064,0.0,0.0018114246155009593,1.5093883507081781e-07,0.32214117378737483,0.0,0.0,1.1651512255727616,interaction_007_combined_dry_hot_stress_june2024,smartgarden_pa1_joint_c389fa3f9aaf
2024-06-06T23:00,28.6,87.0,0.0,0.0,0.0,0.72,101010.0,26.3,0.49,0.0,29.5,0.173,0,0,0,1.0,28.812167147716412,86.20184228617718,0.02451042381186667,35.42354176791843,0.20216061271380775,0.0,0.5467384494512482,0.0,0.001633984556044013,1.373099121216541e-07,0.3219790908259738,0.0,0.0,1.1653443806318802,interaction_007_combined_dry_hot_stress_june2024,smartgarden_pa1_joint_c389fa3f9aaf
2024-06-07T00:00,28.4,88.0,0.0,0.0,0.0,0.63,100950.0,26.2,0.48,0.0,29.2,0.173,0,0,0,1.0,28.587215891651166,87.39776579503749,0.024547076025919316,35.12999069182637,0.20213721571959462,0.0,0.4928872315171602,0.0,0.0014581475251635378,1.2372999366502646e-07,0.32183466493576923,0.0,0.0,1.165520437349612,interaction_007_combined_dry_hot_stress_june2024,smartgarden_pa1_joint_c389fa3f9aaf
2024-06-07T01:00,28.4,87.0,0.0,0.0,0.0,0.67,100840.0,26.0,0.51,0.0,28.9,0.173,0,0,0,1.0,28.501901215420848,87.01650507511111,0.024326260299059783,34.843179244461446,0.20211490993835532,0.0,0.5052927860421108,0.0,0.0014292862579701109,1.267899053637438e-07,0.3216969749281193,0.0,0.0,1.1645797089790444,interaction_007_combined_dry_hot_stress_june2024,smartgarden_pa1_joint_c389fa3f9aaf
2024-06-07T02:00,28.6,85.0,0.0,0.0,0.0,0.67,100780.0,25.8,0.59,0.0,28.6,0.173,0,0,0,1.0,28.606180433710808,85.55616402020958,0.02405475044340633,34.56857931735956,0.20209088433501657,0.0,0.5655356390269928,0.0,0.0013142712752118835,1.4184084084388962e-07,0.3215486687346702,0.0,0.0,1.163484572238057,interaction_007_combined_dry_hot_stress_june2024,smartgarden_pa1_joint_c389fa3f9aaf
2024-06-07T03:00,28.5,84.0,0.0,0.0,0.0,0.76,100740.0,25.6,0.61,0.0,28.5,0.173,0,0,0,1.0,28.61128087851617,84.08825739912768,0.02364862795964268,34.3083091097127,0.20206392383849286,0.0,0.6231944272564598,0.0,0.001600945974149464,1.562212272460354e-07,0.3213822459166226,0.0,0.0,1.163003122683067,interaction_007_combined_dry_hot_stress_june2024,smartgarden_pa1_joint_c389fa3f9aaf
2024-06-07T04:00,28.6,84.0,0.0,0.0,0.0,0.95,100710.0,25.6,0.63,0.0,28.3,0.173,0,0,0,1.0,28.638063586601277,84.06240031133011,0.023675977551353113,34.0583723483491,0.20203569193963836,0.0,0.625176739153321,0.0,0.001886047746184326,1.5663316840123262e-07,0.32120797493603925,0.0,0.0,1.162553602643451,interaction_007_combined_dry_hot_stress_june2024,smartgarden_pa1_joint_c389fa3f9aaf
2024-06-07T05:00,28.1,88.0,0.0,0.0,0.0,1.0,100740.0,25.9,0.46,0.0,28.1,0.173,0,0,0,1.0,28.368714390493707,86.7399999887262,0.02407287910346863,33.81644782257369,0.20200958870952074,0.0,0.5120803600222632,0.0,0.0021653422864663474,1.2823339105287253e-07,0.3210468438859305,0.0,0.0,1.163938738184077,interaction_007_combined_dry_hot_stress_june2024,smartgarden_pa1_joint_c389fa3f9aaf
2024-06-07T06:00,28.4,87.0,24.0,8.0,16.0,1.14,100800.0,25.9,0.52,0.02,28.2,0.173,1,0,0,1.0,28.432026599934336,87.53548300873861,0.02437798081924211,33.58652584764426,0.20195329828856853,2674.9184,0.4831324554823153,20.4,0.002246626142091789,5.035760453344165e-07,0.3206993721516576,0.0,0.0,1.1643874760836201,interaction_007_combined_dry_hot_stress_june2024,smartgarden_pa1_joint_c389fa3f9aaf
2024-06-07T07:00,29.5,80.0,180.0,115.0,65.0,1.02,100850.0,25.7,0.82,0.13,30.1,0.172,0,0,0,1.0,29.57268578268334,84.73812503347678,0.02511194547774745,33.448852682409246,0.20577859159374887,18126.855999999996,0.6318675812446588,153.0,0.0020481410741775524,3.251463811044434e-06,0.34431229378857325,0.0,0.0,1.1605754605356207,interaction_007_combined_dry_hot_stress_june2024,smartgarden_pa1_joint_c389fa3f9aaf
2024-06-07T08:00,31.0,69.0,375.0,279.0,96.0,0.8,100890.0,24.7,1.39,0.28,31.2,0.172,0,1,0,1.0,31.538596218640777,75.0652536844952,0.024728516760999023,33.49424498503202,0.20489065122654376,36377.5104,1.1550265585843218,318.75,0.003436187206316726,6.623402696777672e-06,0.338831180410764,0.0,0.0,1.153544548021598,interaction_007_combined_dry_hot_stress_june2024,smartgarden_pa1_joint_c389fa3f9aaf
2024-06-07T09:00,32.5,62.0,610.0,488.0,122.0,0.51,100860.0,24.2,1.88,0.46,33.0,0.17,0,1,0,1.0,33.814403486552465,65.48243897517393,0.02433466510707021,33.76113186136792,0.20334716465428757,57972.252799999995,1.8171900492137696,518.5,0.0036795261341663107,1.0455273121978859e-05,0.32930348552029365,0.0,0.0,1.144651802008039,interaction_007_combined_dry_hot_stress_june2024,smartgarden_pa1_joint_c389fa3f9aaf
2024-06-07T10:00,33.6,57.0,740.0,586.0,154.0,0.2,100820.0,23.9,2.23,0.57,34.4,0.168,0,1,0,1.0,35.690623645048916,58.622239756521616,0.024023449279550933,34.21678446298316,0.20129965966694033,70538.08959999999,2.4168297654670914,629.0,0.004012526760430067,1.2249100688881833e-05,0.3166645658453107,0.0,0.0,1.1372467938716588,interaction_007_combined_dry_hot_stress_june2024,smartgarden_pa1_joint_c389fa3f9aaf
2024-06-07T11:00,34.4,54.0,878.0,697.0,181.0,0.22,100750.0,23.9,2.48,0.68,35.7,0.166,0,1,0,1.0,37.14280330895209,54.04560628790752,0.023866798453912787,34.80239988967047,0.19894393641126978,83632.0144,2.906057623812599,746.3,0.004384545773422089,1.3875084794167842e-05,0.30212306426709745,0.0,0.0,1.1311385419193114,interaction_007_combined_dry_hot_stress_june2024,smartgarden_pa1_joint_c389fa3f9aaf
2024-06-07T12:00,34.9,53.0,933.0,750.0,183.0,0.61,100690.0,24.0,2.61,0.73,36.5,0.164,0,1,0,1.0,38.10138527743157,51.25963249449734,0.023770728036796772,35.47233412401665,0.19643099683257526,88542.3792,3.246674820885373,793.05,0.004801052131934288,1.4022685931609649e-05,0.2866110915591065,0.0,0.0,1.1269833416868449,interaction_007_combined_dry_hot_stress_june2024,smartgarden_pa1_joint_c389fa3f9aaf
2024-06-07T13:00,35.0,54.0,892.0,651.0,241.0,1.12,100590.0,24.2,2.61,0.71,36.8,0.162,0,1,0,1.0,38.35597204958722,50.546937073232975,0.02374517711212322,36.13965590085402,0.19402150466177961,86974.95839999999,3.339733760025339,758.1999999999999,0.005323724425826188,1.2760717993487417e-05,0.27173768309740504,0.0,0.0,1.1249439380409783,interaction_007_combined_dry_hot_stress_june2024,smartgarden_pa1_joint_c389fa3f9aaf
2024-06-07T14:00,34.5,55.0,742.0,464.0,278.0,1.02,100470.0,24.3,2.43,0.59,36.6,0.16,0,1,0,1.0,37.7240616114269,50.9737054244364,0.02318854600179966,36.70563492910929,0.19195864500070745,75076.7072,3.1997244214935265,630.6999999999999,0.005166325301083984,1.0202616215265763e-05,0.25900398148584847,0.0,0.0,1.1258858570245909,interaction_007_combined_dry_hot_stress_june2024,smartgarden_pa1_joint_c389fa3f9aaf
2024-06-07T15:00,33.9,58.0,466.0,159.0,307.0,1.22,100510.0,24.5,2.22,0.38,35.9,0.159,0,1,0,1.0,36.35862382278999,54.01699614507448,0.022912875348415605,37.063404270866556,0.19047588273098912,51808.99679999999,2.7860631795665602,396.09999999999997,0.005071120439205913,6.332471661476142e-06,0.24985112796906864,0.0,0.0,1.1313030748704587,interaction_007_combined_dry_hot_stress_june2024,smartgarden_pa1_joint_c389fa3f9aaf
2024-06-07T16:00,32.3,64.0,335.0,146.0,189.0,0.98,100520.0,24.7,1.72,0.27,35.0,0.161,0,1,0,1.0,34.487672164128995,59.54390986260449,0.022921794709194202,37.20864806744527,0.18950428888247156,36129.473600000005,2.211089896740397,284.75,0.004663538158520411,4.482645572273701e-06,0.24385363507698496,0.0,0.0,1.1382965307942077,interaction_007_combined_dry_hot_stress_june2024,smartgarden_pa1_joint_c389fa3f9aaf
2024-06-07T17:00,32.0,66.0,200.0,110.0,90.0,1.63,100570.0,24.7,1.63,0.18,34.0,0.16,0,1,0,1.0,33.21272706377605,63.38515798545158,0.022821212066668727,37.19797464613622,0.18885691146947198,20766.415999999997,1.8638713219656733,170.0,0.005135784084869042,2.7340921312556974e-06,0.23985747820661718,0.0,0.0,1.1436021738213484,interaction_007_combined_dry_hot_stress_june2024,smartgarden_pa1_joint_c389fa3f9aaf
2024-06-07T18:00,31.5,68.0,52.0,16.0,36.0,1.51,100570.0,24.8,1.48,0.07,33.0,0.16,1,1,0,1.0,32.19538121165939,66.1476986516376,0.022566965432322176,37.05270213859345,0.18852901607104247,5842.5664,1.6274576012917343,44.199999999999996,0.0046956617999097386,9.168756920585179e-07,0.23783343253729924,0.0,0.0,1.147412412978699,interaction_007_combined_dry_hot_stress_june2024,smartgarden_pa1_joint_c389fa3f9aaf
2024-06-07T19:00,30.9,73.0,0.0,0.0,0.0,1.41,100660.0,25.5,1.2,0.04,32.2,0.16,0,0,0,1.0,31.31356702962626,71.50603109204987,0.023274291900931506,36.81055201736856,0.19258063162496364,0.0,1.3031481326715633,0.0,0.002985043100177643,2.6716863617430075e-07,0.26284340509236814,0.0,0.0,1.151765442074502,interaction_007_combined_dry_hot_stress_june2024,smartgarden_pa1_joint_c389fa3f9aaf
2024-06-07T20:00,30.4,77.0,0.0,0.0,0.0,1.22,100740.0,25.9,0.99,0.01,31.5,0.159,0,0,0,1.0,30.70273277223989,75.83129207734805,0.023886503259696282,36.535482261520066,0.19253713789312712,0.0,1.0675602814705685,0.0,0.002578831151040083,2.1864535767696642e-07,0.26257492526621684,0.0,0.0,1.1549980438373046,interaction_007_combined_dry_hot_stress_june2024,smartgarden_pa1_joint_c389fa3f9aaf
2024-06-07T21:00,29.8,82.0,0.0,0.0,0.0,1.12,100750.0,26.4,0.74,0.0,30.7,0.159,0,0,0,1.0,30.13923722012029,80.49197241520429,0.024596322095241773,36.253206263621855,0.19250206185697877,0.0,0.8343718955073558,0.0,0.002425306774049631,1.707454951442657e-07,0.26235840652456033,0.0,0.0,1.1572588342401602,interaction_007_combined_dry_hot_stress_june2024,smartgarden_pa1_joint_c389fa3f9aaf
2024-06-07T22:00,30.3,75.0,0.0,0.0,0.0,1.12,100770.0,25.3,1.09,0.01,30.1,0.159,0,0,0,1.0,30.205871105781505,76.2653571065128,0.023388761424717085,35.97187371657862,0.1924690938237262,0.0,1.0190294318008144,0.0,0.002253532467134058,2.0837197597323466e-07,0.2621549001464581,0.0,0.0,1.1572343139299406,interaction_007_combined_dry_hot_stress_june2024,smartgarden_pa1_joint_c389fa3f9aaf
2024-06-07T23:00,30.6,71.0,0.0,0.0,0.0,1.0,100740.0,24.8,1.25,0.01,29.6,0.159,0,0,0,1.0,30.52889299151356,72.03027763543172,0.022477978804411068,35.71137001238652,0.19242765457465913,0.0,1.2232539788524743,0.0,0.0020088154166764956,2.498879127902934e-07,0.2618991023127107,0.0,0.0,1.1556592178975174,interaction_007_combined_dry_hot_stress_june2024,smartgarden_pa1_joint_c389fa3f9aaf
2024-06-08T00:00,30.4,73.0,0.0,0.0,0.0,1.1,100700.0,25.0,1.16,0.01,29.2,0.159,0,0,0,1.0,30.525180743217245,72.71977645834026,0.02268861071462151,35.467892102778514,0.19238266121874278,0.0,1.1928457765495262,0.0,0.002238511433357486,2.434176739400694e-07,0.26162136554779497,0.0,0.0,1.1552144714705743,interaction_007_combined_dry_hot_stress_june2024,smartgarden_pa1_joint_c389fa3f9aaf
2024-06-08T01:00,30.1,75.0,0.0,0.0,0.0,1.2,100630.0,25.3,1.05,0.01,28.9,0.159,0,0,0,1.0,30.2851268770795,74.47006858833633,0.02293606292634308,35.229652342921526,0.1923404974817259,0.0,1.1010938223721212,0.0,0.0024662286174627645,2.244708084343629e-07,0.26136109556620934,0.0,0.0,1.1553247215452025,interaction_007_combined_dry_hot_stress_june2024,smartgarden_pa1_joint_c389fa3f9aaf
2024-06-08T02:00,28.4,86.0,0.0,0.0,0.0,1.22,100590.0,25.8,0.54,0.0,28.5,0.159,0,0,0,1.0,29.14945951069625,82.4572206317481,0.023880563891090577,34.981179313381844,0.19230651436782456,0.0,0.7087994354347282,0.0,0.0028504278742709282,1.443810501809735e-07,0.2611513232581763,0.0,0.0,1.1592040405495545,interaction_007_combined_dry_hot_stress_june2024,smartgarden_pa1_joint_c389fa3f9aaf
2024-06-08T03:00,28.3,86.0,0.0,0.0,0.0,1.02,100570.0,25.7,0.54,0.0,28.2,0.159,0,0,0,1.0,28.49423827267192,85.33735791045453,0.023846842871915252,34.706869062565374,0.19228405668049764,0.0,0.57038838163322,0.0,0.0021439316618757356,1.161253150242197e-07,0.26101269555862744,0.0,0.0,1.1614910420774052,interaction_007_combined_dry_hot_stress_june2024,smartgarden_pa1_joint_c389fa3f9aaf
2024-06-08T04:00,28.6,84.0,0.0,0.0,0.0,1.1,100580.0,25.7,0.61,0.0,28.1,0.159,0,0,0,1.0,28.575307845588515,84.39418646478448,0.023688049531379936,34.436568623374285,0.19226274073475325,0.0,0.6099393173131245,0.0,0.002163886038368607,1.241148866703632e-07,0.260881115646625,0.0,0.0,1.161294424674762,interaction_007_combined_dry_hot_stress_june2024,smartgarden_pa1_joint_c389fa3f9aaf
2024-06-08T05:00,28.7,84.0,0.0,0.0,0.0,1.0,100640.0,25.7,0.64,0.0,27.9,0.159,0,0,0,1.0,28.72562624485019,84.04765084569542,0.023785297836919073,34.18288586154084,0.19223991072284155,0.0,0.6289373923589987,0.0,0.0019715258579424623,1.2791161886870792e-07,0.2607401896471701,0.0,0.0,1.1614085740009739,interaction_007_combined_dry_hot_stress_june2024,smartgarden_pa1_joint_c389fa3f9aaf
2024-06-08T06:00,28.5,86.0,22.0,7.0,15.0,1.22,100730.0,25.9,0.55,0.02,28.1,0.159,1,0,0,1.0,28.702375938065238,85.47378359478299,0.024158202199930638,33.94983376447062,0.19219211333892441,2463.736,0.5719400338890583,18.7,0.0025152195555058214,4.011019888814222e-07,0.2604451440674347,0.0,0.0,1.1625367325323634,interaction_007_combined_dry_hot_stress_june2024,smartgarden_pa1_joint_c389fa3f9aaf
2024-06-08T07:00,29.9,77.0,134.0,48.0,86.0,1.08,100720.0,25.5,0.97,0.11,30.1,0.159,0,0,0,1.0,29.778156340786715,80.6766931458261,0.024176068736376285,33.78670203721639,0.19613325240233664,14817.686399999999,0.8095252337591741,113.89999999999999,0.0021989090337107367,2.0773005287283084e-06,0.2847731629773867,0.0,0.0,1.158293246597555,interaction_007_combined_dry_hot_stress_june2024,smartgarden_pa1_joint_c389fa3f9aaf
2024-06-08T08:00,31.4,65.0,379.0,260.0,119.0,0.78,100770.0,24.2,1.59,0.28,31.7,0.158,0,1,0,1.0,31.92613621474626,71.07966819005715,0.023904641116107222,33.812845469242355,0.1954429705480932,37538.705599999994,1.3693676074295462,322.15,0.003395982373350235,5.586086056339873e-06,0.2805121638771186,0.0,0.0,1.150708894282731,interaction_007_combined_dry_hot_stress_june2024,smartgarden_pa1_joint_c389fa3f9aaf
2024-06-08T09:00,32.6,60.0,550.0,375.0,175.0,0.58,100770.0,23.8,1.97,0.42,33.2,0.157,0,1,0,1.0,33.970324331195435,61.3948715485964,0.0230030488154495,34.057275948852144,0.19422358194932035,54556.92,2.050116641311118,467.5,0.003779715273558455,7.902328505214638e-06,0.27298507376123676,0.0,0.0,1.14304979372562,interaction_007_combined_dry_hot_stress_june2024,smartgarden_pa1_joint_c389fa3f9aaf
2024-06-08T10:00,33.3,58.0,668.0,405.0,263.0,0.63,100740.0,23.9,2.15,0.52,34.4,0.156,0,1,0,1.0,35.40595120296694,57.293640058317244,0.023135244405630438,34.451790129893325,0.19267637620554576,68036.97119999999,2.455646593881617,567.8,0.00426920147435706,9.254900193170304e-06,0.2634344210218874,0.0,0.0,1.137392782729714,interaction_007_combined_dry_hot_stress_june2024,smartgarden_pa1_joint_c389fa3f9aaf
2024-06-08T11:00,33.8,57.0,690.0,398.0,292.0,0.81,100700.0,24.0,2.26,0.55,35.2,0.154,0,1,0,1.0,36.22943398417493,54.98248386329107,0.02316770720713494,34.91629624701708,0.1910126777879393,70993.2608,2.708341193608219,586.5,0.0045987916421320165,9.220955316975211e-06,0.25316467770332896,0.0,0.0,1.1339149435477702,interaction_007_combined_dry_hot_stress_june2024,smartgarden_pa1_joint_c389fa3f9aaf
2024-06-08T12:00,34.3,56.0,851.0,576.0,275.0,0.78,100620.0,24.2,2.39,0.67,36.1,0.153,0,1,0,1.0,37.1874272889804,53.27765160000438,0.023581460739911207,35.45346492222221,0.189207385519316,84563.16,2.961802903851103,723.35,0.004789699763664267,1.0800468475999284e-05,0.24202089826738282,0.0,0.0,1.1295165697287923,interaction_007_combined_dry_hot_stress_june2024,smartgarden_pa1_joint_c389fa3f9aaf
2024-06-08T13:00,34.5,56.0,864.0,715.0,149.0,1.14,100570.0,24.5,2.39,0.68,36.5,0.151,0,1,0,1.0,37.748651297038954,51.6887077339486,0.02354329232774672,36.057692036813464,0.18729351791391174,81274.1776,3.1572626970639632,734.4,0.005304558713632464,1.045716340572289e-05,0.23020690070315894,0.0,0.0,1.1269173384519844,interaction_007_combined_dry_hot_stress_june2024,smartgarden_pa1_joint_c389fa3f9aaf
2024-06-08T14:00,34.0,55.0,792.0,601.0,191.0,1.56,100500.0,23.8,2.38,0.63,36.4,0.15,0,1,0,1.0,37.36450047089359,49.84561185139739,0.02226307147418926,36.61919335557901,0.18552698402666237,76415.8384,3.2101156364844114,673.1999999999999,0.005864195440314053,9.185718872524055e-06,0.21930237053495294,0.0,0.0,1.1275261546958812,interaction_007_combined_dry_hot_stress_june2024,smartgarden_pa1_joint_c389fa3f9aaf
2024-06-08T15:00,33.0,61.0,493.0,324.0,169.0,1.3,100460.0,24.4,1.98,0.4,35.6,0.149,0,1,0,1.0,35.784637404675166,55.2407921746622,0.022748102543619864,36.99372428742805,0.18420037097249228,49329.8256,2.6278827246071157,419.05,0.0053118294294826444,5.608053019378256e-06,0.2111134010647672,0.0,0.0,1.132841157235719,interaction_007_combined_dry_hot_stress_june2024,smartgarden_pa1_joint_c389fa3f9aaf
2024-06-08T16:00,32.5,64.0,348.0,161.0,187.0,0.82,100460.0,24.7,1.78,0.28,34.8,0.149,0,1,0,1.0,34.42348068592198,60.13896648431816,0.02307336005874725,37.142115154659834,0.18334625384313927,37203.108799999995,2.170821082287121,295.8,0.004351242297142984,3.910474111401622e-06,0.20584107310579797,0.0,0.0,1.1378545099767057,interaction_007_combined_dry_hot_stress_june2024,smartgarden_pa1_joint_c389fa3f9aaf
2024-06-08T17:00,31.6,68.0,169.0,42.0,127.0,0.72,100450.0,24.9,1.51,0.14,33.9,0.149,0,1,0,1.0,33.012550354989514,64.52584562853355,0.022987746229764034,37.127156166884326,0.18281692168616834,19340.1648,1.78565894331597,143.65,0.003949970020407239,1.9844795616021156e-06,0.20257359065536013,0.0,0.0,1.1429844525582067,interaction_007_combined_dry_hot_stress_june2024,smartgarden_pa1_joint_c389fa3f9aaf
2024-06-08T18:00,31.0,69.0,52.0,21.0,31.0,0.4,100560.0,24.8,1.37,0.04,32.8,0.152,1,1,0,1.0,31.766622034933093,67.12791415444426,0.022384527600028667,36.96208646814214,0.182570558869516,5666.6544,1.5424988484431434,44.199999999999996,0.003151996236462717,7.617588439347063e-07,0.20105283252787662,0.0,0.0,1.148911598107132,interaction_007_combined_dry_hot_stress_june2024,smartgarden_pa1_joint_c389fa3f9aaf
2024-06-08T19:00,30.6,73.0,0.0,0.0,0.0,0.85,100620.0,25.2,1.18,0.03,31.8,0.152,0,0,0,1.0,30.967404892414947,71.73687045543211,0.02292030766887791,36.71032609928054,0.18664019941407967,0.0,1.2673928330214346,0.0,0.0019871175504877943,2.2358808881201838e-07,0.2261740704572819,0.0,0.0,1.1526182345726388,interaction_007_combined_dry_hot_stress_june2024,smartgarden_pa1_joint_c389fa3f9aaf
2024-06-08T20:00,30.2,75.0,0.0,0.0,0.0,0.57,100680.0,25.2,1.09,0.0,31.3,0.152,0,0,0,1.0,30.470925409400603,74.26726702832366,0.023103826979899402,36.42994374664327,0.1866025019841481,0.0,1.121697622467802,0.0,0.0014569642727835096,1.9768156032440563e-07,0.22594137027251918,0.0,0.0,1.1551914238957541,interaction_007_combined_dry_hot_stress_june2024,smartgarden_pa1_joint_c389fa3f9aaf
2024-06-08T21:00,30.1,75.0,0.0,0.0,0.0,0.58,100710.0,25.2,1.06,0.0,30.9,0.151,0,0,0,1.0,30.241731887753268,74.97325777415047,0.023037044725263547,36.1490577656929,0.18656788394657856,0.0,1.0767134791603135,0.0,0.0013204924459847196,1.895743467205427e-07,0.2257276786825837,0.0,0.0,1.1564085757195168,interaction_007_combined_dry_hot_stress_june2024,smartgarden_pa1_joint_c389fa3f9aaf
2024-06-08T22:00,29.9,76.0,0.0,0.0,0.0,0.81,100740.0,25.3,1.0,0.0,30.6,0.151,0,0,0,1.0,30.06551802614253,75.65546355733116,0.023026531378411392,35.87398502808654,0.18653433317935653,0.0,1.036842676703531,0.0,0.0017428815453237327,1.8238689832163498e-07,0.22552057518121316,0.0,0.0,1.157425300166525,interaction_007_combined_dry_hot_stress_june2024,smartgarden_pa1_joint_c389fa3f9aaf
2024-06-08T23:00,29.7,78.0,0.0,0.0,0.0,0.86,100740.0,25.4,0.94,0.0,30.4,0.151,0,0,0,1.0,29.866936842848624,77.43897698151872,0.023317630381691407,35.6039673639297,0.18650281899751855,0.0,0.9499969357032532,0.0,0.001833072998486805,1.6696605944379652e-07,0.225326043194559,0.0,0.0,1.1581838151461696,interaction_007_combined_dry_hot_stress_june2024,smartgarden_pa1_joint_c389fa3f9aaf
2024-06-09T00:00,29.4,79.0,0.0,0.0,0.0,0.98,100690.0,25.5,0.85,0.0,30.1,0.151,0,0,0,1.0,29.606435738790648,78.41667758013124,0.02328117181044757,35.337749346997306,0.18647369171297884,0.0,0.8953230914493169,0.0,0.0020808538893513024,1.5723133313830968e-07,0.22514624514184473,0.0,0.0,1.1586050200011533,interaction_007_combined_dry_hot_stress_june2024,smartgarden_pa1_joint_c389fa3f9aaf
2024-06-09T01:00,29.1,81.0,0.0,0.0,0.0,1.14,100620.0,25.5,0.77,0.0,29.8,0.151,0,0,0,1.0,29.310213498880795,80.21218206493914,0.023434350212156438,35.073128739103055,0.18644673661476793,0.0,0.8069571064900347,0.0,0.002373361550026861,1.416082927983511e-07,0.22497985564671566,0.0,0.0,1.1589334751666596,interaction_007_combined_dry_hot_stress_june2024,smartgarden_pa1_joint_c389fa3f9aaf
2024-06-09T02:00,28.9,81.0,0.0,0.0,0.0,1.14,100550.0,25.4,0.74,0.0,29.5,0.151,0,0,0,1.0,29.070994692146975,80.55137456973536,0.023229182852833995,34.810360748718416,0.18642177858264652,0.0,0.782251176340095,0.0,0.002346135310581663,1.371787884550957e-07,0.2248257937200403,0.0,0.0,1.1590439199368368,interaction_007_combined_dry_hot_stress_june2024,smartgarden_pa1_joint_c389fa3f9aaf
2024-06-09T03:00,28.8,82.0,0.0,0.0,0.0,0.99,100530.0,25.4,0.7,0.0,29.4,0.151,0,0,0,1.0,28.927197128623334,81.58133287880797,0.02334261266606552,34.552128086880096,0.1863978199143529,0.0,0.7346940360423688,0.0,0.0020360610856957027,1.287542206697222e-07,0.22467790070588206,0.0,0.0,1.1593650081217477,interaction_007_combined_dry_hot_stress_june2024,smartgarden_pa1_joint_c389fa3f9aaf
2024-06-09T04:00,28.7,83.0,0.0,0.0,0.0,0.92,100540.0,25.4,0.68,0.0,29.3,0.151,0,0,0,1.0,28.821746631638323,82.59782451867979,0.023497943625024758,34.30071171168967,0.18637536413840095,0.0,0.6899264717251476,0.0,0.0019024584625160937,1.208341652927473e-07,0.22453928480494414,0.0,0.0,1.159885231468578,interaction_007_combined_dry_hot_stress_june2024,smartgarden_pa1_joint_c389fa3f9aaf
2024-06-09T05:00,28.7,82.0,0.0,0.0,0.0,0.85,100450.0,25.4,0.69,0.0,29.3,0.151,0,0,0,1.0,28.779088389681924,82.04524901942382,0.023286478410343817,34.05708313644744,0.18635344255835315,0.0,0.7100786017559502,0.0,0.0017342956687280725,1.2428867466335503e-07,0.22440396640958737,0.0,0.0,1.1590106699480263,interaction_007_combined_dry_hot_stress_june2024,smartgarden_pa1_joint_c389fa3f9aaf
2024-06-09T06:00,28.7,82.0,13.0,4.0,9.0,1.22,100540.0,25.4,0.69,0.03,29.3,0.151,1,0,0,1.0,28.804207412551996,81.91161355716947,0.023280437851961953,33.82798932202733,0.18631789717155178,1460.6416,0.7164044611738722,11.049999999999999,0.0024500645720585018,2.7019181142814944e-07,0.2241845504416777,0.0,0.0,1.159952604204875,interaction_007_combined_dry_hot_stress_june2024,smartgarden_pa1_joint_c389fa3f9aaf
2024-06-09T07:00,29.0,80.0,82.0,35.0,47.0,1.1,100520.0,25.3,0.78,0.07,29.6,0.15,0,0,0,1.0,29.173339580178567,80.93670682571954,0.023470682363541873,33.64299242642389,0.19035275941284846,8869.5728,0.7712967385234841,69.7,0.0022740204878071166,1.1655126000854951e-06,0.24909110748671892,0.0,0.0,1.1583058570744669,interaction_007_combined_dry_hot_stress_june2024,smartgarden_pa1_joint_c389fa3f9aaf
2024-06-09T08:00,29.7,75.0,175.0,54.0,121.0,0.71,100620.0,24.8,1.04,0.14,30.2,0.15,0,0,0,1.0,30.03789391158415,77.92650450408964,0.02368236850454377,33.543448195084224,0.19003789561205203,19657.070399999997,0.9386303929010129,148.75,0.0017392708825432312,2.331591208128123e-06,0.247147503778099,0.0,0.0,1.1561519221876644,interaction_007_combined_dry_hot_stress_june2024,smartgarden_pa1_joint_c389fa3f9aaf
2024-06-09T09:00,30.8,68.0,322.0,85.0,237.0,0.22,100670.0,24.1,1.44,0.25,31.3,0.15,0,1,0,1.0,31.467217637767405,70.1249597988337,0.023013107417619926,33.57093269923036,0.18945434446738882,36674.2288,1.3782794789016282,273.7,0.002925815853638106,4.161339334086721e-06,0.24354533621844954,0.0,0.0,1.151298848868361,interaction_007_combined_dry_hot_stress_june2024,smartgarden_pa1_joint_c389fa3f9aaf
2024-06-09T10:00,32.4,60.0,570.0,267.0,303.0,0.4,100670.0,23.6,1.95,0.44,33.1,0.149,0,1,0,1.0,33.67794060156033,61.59768770069923,0.0227275201320048,33.796729907770484,0.18843858552177362,60820.2672,2.0063727796413677,484.5,0.0035683631276848945,7.09647964073751e-06,0.23727521927020753,0.0,0.0,1.1430036369056187,interaction_007_combined_dry_hot_stress_june2024,smartgarden_pa1_joint_c389fa3f9aaf
2024-06-09T11:00,33.8,54.0,848.0,663.0,185.0,0.91,100610.0,23.3,2.4,0.66,35.0,0.147,0,1,0,1.0,36.15650515741813,53.013355033242696,0.022254152018650837,34.27915053650189,0.18688513328280074,81132.744,2.8155351616142994,720.8,0.004663776402650678,1.0100815568358489e-05,0.2276860079185231,0.0,0.0,1.1331686315977707,interaction_007_combined_dry_hot_stress_june2024,smartgarden_pa1_joint_c389fa3f9aaf
2024-06-09T12:00,34.4,53.0,868.0,685.0,183.0,1.6,100560.0,23.4,2.57,0.69,36.1,0.146,0,1,0,1.0,37.45901879048745,49.06004344896621,0.022018261960237488,34.91295595090157,0.18508327794845814,82822.3792,3.277173565992282,737.8,0.005807909744540428,9.900738256639523e-06,0.2165634441262848,0.0,0.0,1.1278559936081036,interaction_007_combined_dry_hot_stress_june2024,smartgarden_pa1_joint_c389fa3f9aaf
2024-06-09T13:00,34.0,55.0,684.0,417.0,267.0,1.3,100560.0,23.7,2.39,0.55,36.1,0.144,0,1,0,1.0,37.072678101531885,50.061033200473815,0.02202795764336323,35.476994601697726,0.18351620699101964,69585.7008,3.146003670518971,581.4,0.00542318458838451,7.544411892136084e-06,0.20689016661123238,0.0,0.0,1.1292605867999355,interaction_007_combined_dry_hot_stress_june2024,smartgarden_pa1_joint_c389fa3f9aaf
2024-06-09T14:00,33.5,59.0,605.0,303.0,302.0,1.55,100480.0,24.3,2.15,0.49,35.9,0.143,0,1,0,1.0,36.23616759091731,53.799627250754995,0.02267716150533505,35.90023025771511,0.1822608298678127,63865.08479999999,2.780529480994415,514.25,0.005623258174685938,6.422780339410737e-06,0.19914092510995493,0.0,0.0,1.1314130465047996,interaction_007_combined_dry_hot_stress_june2024,smartgarden_pa1_joint_c389fa3f9aaf
2024-06-09T15:00,33.2,59.0,407.0,191.0,216.0,0.98,100430.0,24.2,2.06,0.33,35.3,0.143,0,1,0,1.0,35.301157727244366,55.25474950863188,0.02219095007412461,36.179092290745224,0.18129894033920618,43415.39839999999,2.5580635861324925,345.95,0.004617784911983825,4.295560197944817e-06,0.1932033354271987,0.0,0.0,1.1342779949878745,interaction_007_combined_dry_hot_stress_june2024,smartgarden_pa1_joint_c389fa3f9aaf
2024-06-09T16:00,32.0,64.0,331.0,155.0,176.0,0.81,100490.0,24.5,1.69,0.26,34.6,0.144,0,1,0,1.0,34.00300568356373,59.62722160010752,0.022379068934157014,36.313374975758904,0.1806045822351467,35320.102399999996,2.1478925594467175,281.34999999999997,0.004385475180941221,3.4258866072755804e-06,0.188917174291029,0.0,0.0,1.139752426572477,interaction_007_combined_dry_hot_stress_june2024,smartgarden_pa1_joint_c389fa3f9aaf
2024-06-09T17:00,30.1,75.0,193.0,111.0,82.0,0.64,100460.0,25.1,1.07,0.15,33.3,0.154,0,1,0,1.0,31.95011854908307,69.2037016087819,0.023303484029036,36.31181739471909,0.18011731604471037,19868.9568,1.4601723881131354,164.04999999999998,0.004143438648270401,1.995896743522105e-06,0.18590935830068134,0.0,0.0,1.1470787812604777,interaction_007_combined_dry_hot_stress_june2024,smartgarden_pa1_joint_c389fa3f9aaf
2024-06-09T18:00,30.0,74.0,30.0,8.0,22.0,0.64,100560.0,24.8,1.11,0.04,31.9,0.154,1,1,0,1.0,30.596645538277993,72.31388813785124,0.022648927482526404,36.14166562151856,0.17989860317193648,3414.0128,1.2155451455364497,25.5,0.0032626074627847574,4.5030160986439116e-07,0.18455927883911413,0.0,0.0,1.1533369953461294,interaction_007_combined_dry_hot_stress_june2024,smartgarden_pa1_joint_c389fa3f9aaf
2024-06-09T19:00,29.6,75.0,0.0,0.0,0.0,0.63,100700.0,24.7,1.04,0.02,31.2,0.155,0,0,0,1.0,29.933669732358982,74.21741147791818,0.022428412969268344,35.880008942730335,0.18400341562164502,0.0,1.0898168060151763,0.0,0.0016136781244017048,1.7842497017890388e-07,0.20989762729410508,0.0,0.0,1.1574690372819922,interaction_007_combined_dry_hot_stress_june2024,smartgarden_pa1_joint_c389fa3f9aaf
2024-06-09T20:00,29.2,78.0,0.0,0.0,0.0,0.45,100790.0,24.9,0.9,0.0,30.6,0.155,0,0,0,1.0,29.473915007498928,76.99388617281677,0.022695004737589862,35.60060370771741,0.18397333905600893,0.0,0.9470921828576175,0.0,0.0012923102314486093,1.5492092221915812e-07,0.20971196948153664,0.0,0.0,1.1602635490317827,interaction_007_combined_dry_hot_stress_june2024,smartgarden_pa1_joint_c389fa3f9aaf
2024-06-09T21:00,29.0,79.0,0.0,0.0,0.0,0.51,100830.0,25.1,0.83,0.0,30.3,0.155,0,0,0,1.0,29.18868404645742,78.55445933088558,0.022798883226237084,35.3203421324687,0.18394680740142227,0.0,0.86845066881023,0.0,0.0012687054673846238,1.4194616988614228e-07,0.20954819383594,0.0,0.0,1.1618190616324433,interaction_007_combined_dry_hot_stress_june2024,smartgarden_pa1_joint_c389fa3f9aaf
2024-06-09T22:00,28.8,81.0,0.0,0.0,0.0,0.72,100810.0,25.3,0.75,0.0,30.0,0.155,0,0,0,1.0,28.97785103248758,80.32383047292932,0.023046342071063063,35.04391967798149,0.18392240335934634,0.0,0.7871556473486345,0.0,0.0015989301551982242,1.2856620292122997e-07,0.20939755160090337,0.0,0.0,1.162399198621065,interaction_007_combined_dry_hot_stress_june2024,smartgarden_pa1_joint_c389fa3f9aaf
2024-06-09T23:00,28.7,83.0,0.0,0.0,0.0,0.78,100850.0,25.4,0.68,0.0,29.8,0.155,0,0,0,1.0,28.83497165807013,82.39001048626332,0.023455739601569433,34.77292471388322,0.18390058606735807,0.0,0.6986999415343731,0.0,0.0016606877515240174,1.1404532871932329e-07,0.20926287695900045,0.0,0.0,1.163410611255922,interaction_007_combined_dry_hot_stress_june2024,smartgarden_pa1_joint_c389fa3f9aaf
2024-06-10T00:00,28.5,84.0,0.0,0.0,0.0,0.76,100850.0,25.5,0.62,0.0,29.5,0.155,0,0,0,1.0,28.669420217040884,83.44079932616408,0.02354119436428702,34.508492439350306,0.1838808217631946,0.0,0.6507411827351057,0.0,0.0016596707808138925,1.0615533271883012e-07,0.20914087508144813,0.0,0.0,1.164048755425252,interaction_007_combined_dry_hot_stress_june2024,smartgarden_pa1_joint_c389fa3f9aaf
2024-06-10T01:00,28.2,86.0,0.0,0.0,0.0,0.86,100800.0,25.6,0.54,0.0,29.3,0.155,0,0,0,1.0,28.41280597458746,85.10576525223009,0.02367640545177361,34.24806715263232,0.18386273227591593,0.0,0.5766661547654364,0.0,0.001874580038295177,9.402125590675939e-08,0.20902921157972798,0.0,0.0,1.1644616903268654,interaction_007_combined_dry_hot_stress_june2024,smartgarden_pa1_joint_c389fa3f9aaf
2024-06-10T02:00,28.1,86.0,0.0,0.0,0.0,0.86,100750.0,25.5,0.54,0.0,29.1,0.156,0,0,0,1.0,28.237018259263404,85.60581184527474,0.02358734007546649,33.990610002764946,0.18384631868504964,0.0,0.5516443073781789,0.0,0.0018067667605861288,8.989802865485157e-08,0.20892789311759039,0.0,0.0,1.1645629301823983,interaction_007_combined_dry_hot_stress_june2024,smartgarden_pa1_joint_c389fa3f9aaf
2024-06-10T03:00,28.0,86.0,0.0,0.0,0.0,0.86,100720.0,25.5,0.52,0.0,29.0,0.155,0,0,0,1.0,28.12712377030055,85.65259712870942,0.02345846179779491,33.739488582894595,0.18383022708265292,0.0,0.5463489977362963,0.0,0.001797752293613425,8.89927550286606e-08,0.20882856223859833,0.0,0.0,1.1646408240451038,interaction_007_combined_dry_hot_stress_june2024,smartgarden_pa1_joint_c389fa3f9aaf
2024-06-10T04:00,28.0,87.0,0.0,0.0,0.0,0.86,100710.0,25.5,0.51,0.0,28.9,0.155,0,0,0,1.0,28.08376957881883,86.62447491410632,0.02366827886484466,33.49607198700492,0.18381473240132146,0.0,0.5080567954398654,0.0,0.0017575148353773135,8.271757761930946e-08,0.20873291605753988,0.0,0.0,1.164692793400756,interaction_007_combined_dry_hot_stress_june2024,smartgarden_pa1_joint_c389fa3f9aaf
2024-06-10T05:00,28.0,87.0,0.0,0.0,0.0,0.81,100740.0,25.5,0.51,0.0,28.8,0.156,0,0,0,1.0,28.076342189472868,86.81439524795313,0.023710505380880022,33.262132877146975,0.18380001635033466,0.0,0.5006264294314704,0.0,0.00165735859569833,8.147235537130137e-08,0.20864207623663372,0.0,0.0,1.1650684645163187,interaction_007_combined_dry_hot_stress_june2024,smartgarden_pa1_joint_c389fa3f9aaf
2024-06-10T06:00,27.9,87.0,20.0,8.0,12.0,0.86,100780.0,25.6,0.49,0.02,28.8,0.156,1,0,0,1.0,28.066062289479294,86.80240443149634,0.02369386083949471,33.044772957256264,0.1837666963306387,2182.1888,0.5007820178983926,17.0,0.0018331788703764686,2.887073325634036e-07,0.208436397102708,0.0,0.0,1.1655708458690934,interaction_007_combined_dry_hot_stress_june2024,smartgarden_pa1_joint_c389fa3f9aaf
2024-06-10T07:00,28.3,87.0,171.0,104.0,67.0,1.06,100790.0,25.9,0.49,0.12,29.4,0.157,0,0,0,1.0,28.685314846399656,87.8603721625104,0.024809618751777625,32.9048942606968,0.18771815896788638,17405.2208,0.47750088544916336,145.35,0.002354125322977642,2.0664488710346455e-06,0.23282814177707645,0.0,0.0,1.163294950516893,interaction_007_combined_dry_hot_stress_june2024,smartgarden_pa1_joint_c389fa3f9aaf
2024-06-10T08:00,28.9,83.0,310.0,175.0,135.0,0.67,100860.0,25.7,0.67,0.22,30.2,0.158,0,0,0,1.0,29.7700912943054,84.7022986477828,0.025371322783541195,32.90333696112163,0.1872025718258483,32029.624000000003,0.6405807400383954,263.5,0.0021361616766676704,3.6546711100363648e-06,0.229645505097829,0.0,0.0,1.1599341466652013,interaction_007_combined_dry_hot_stress_june2024,smartgarden_pa1_joint_c389fa3f9aaf
2024-06-10T09:00,30.1,75.0,416.0,136.0,280.0,0.81,100900.0,25.2,1.07,0.31,31.1,0.158,0,1,0,1.0,31.18016615157586,74.8397687139954,0.024186014967260836,33.02930248278852,0.18643566008016912,46459.07199999999,1.1419924117469642,353.59999999999997,0.0038433341812887586,4.852769772040811e-06,0.22491148197635263,0.0,0.0,1.1550176263948866,interaction_007_combined_dry_hot_stress_june2024,smartgarden_pa1_joint_c389fa3f9aaf
2024-06-10T10:00,31.0,67.0,571.0,219.0,352.0,0.63,100900.0,24.2,1.47,0.43,32.4,0.157,0,1,0,1.0,32.714569271984885,65.94822482188614,0.023127167993367004,33.292355845047744,0.18541239736226936,62632.20479999999,1.6856211819930058,485.34999999999997,0.00405037275928312,6.493969042803676e-06,0.2185950454461072,0.0,0.0,1.1492233539353924,interaction_007_combined_dry_hot_stress_june2024,smartgarden_pa1_joint_c389fa3f9aaf
2024-06-10T11:00,32.1,62.0,623.0,242.0,381.0,0.54,100860.0,23.9,1.83,0.48,33.5,0.156,0,1,0,1.0,34.10434900201205,60.249099027207166,0.02273287399598185,33.66628070288769,0.18420671449612305,68228.49440000001,2.1267699172098617,529.55,0.004144922532756425,6.891503358343201e-06,0.21115255861804355,0.0,0.0,1.1435716328978769,interaction_007_combined_dry_hot_stress_june2024,smartgarden_pa1_joint_c389fa3f9aaf
2024-06-10T12:00,32.8,60.0,663.0,289.0,374.0,0.45,100800.0,23.9,2.0,0.52,34.5,0.154,0,1,0,1.0,35.144519528302986,57.206870048952055,0.022788792331745588,34.098013441651574,0.18294747351684257,71502.21759999999,2.425407332893478,563.55,0.004275451663370052,7.089705019700385e-06,0.2033794661533492,0.0,0.0,1.1390352813347453,interaction_007_combined_dry_hot_stress_june2024,smartgarden_pa1_joint_c389fa3f9aaf
2024-06-10T13:00,33.2,59.0,685.0,388.0,297.0,0.58,100740.0,24.0,2.1,0.54,35.1,0.153,0,1,0,1.0,35.79318080130464,55.338925401156175,0.022798584377063367,34.5615687764557,0.18167351566597972,70729.1728,2.6233524796986214,582.25,0.004491451008659189,7.059643418638649e-06,0.195515528802344,0.0,0.0,1.1359671738223858,interaction_007_combined_dry_hot_stress_june2024,smartgarden_pa1_joint_c389fa3f9aaf
2024-06-10T14:00,32.8,60.0,480.0,144.0,336.0,0.89,100680.0,24.1,1.98,0.39,34.8,0.152,0,1,0,1.0,35.21914478671466,55.54147258407098,0.022211316381702397,34.944871700031584,0.18060098241272243,54061.2864,2.530198555846872,408.0,0.004677204676172333,4.8813392975507915e-06,0.1888949531649533,0.0,0.0,1.137403968840085,interaction_007_combined_dry_hot_stress_june2024,smartgarden_pa1_joint_c389fa3f9aaf
2024-06-10T15:00,32.7,60.0,434.0,166.0,268.0,1.06,100640.0,23.8,1.99,0.35,34.6,0.151,0,1,0,1.0,34.648258382326674,56.5898686979042,0.02196798621855362,35.19917497873301,0.1797748267621432,47620.8832,2.393759550876164,368.9,0.00463954102542511,4.309590496270033e-06,0.18379522692680997,0.0,0.0,1.1390608330447052,interaction_007_combined_dry_hot_stress_june2024,smartgarden_pa1_joint_c389fa3f9aaf
2024-06-10T16:00,32.2,61.0,288.0,112.0,176.0,1.21,100670.0,23.7,1.88,0.24,34.0,0.151,0,1,0,1.0,33.83466084151847,57.68801210778124,0.021460899432142574,35.35537717165091,0.1791280732883962,31536.102399999996,2.2300477194414916,244.79999999999998,0.004684698044288791,2.887677572883358e-06,0.17980292153330987,0.0,0.0,1.142420116531155,interaction_007_combined_dry_hot_stress_june2024,smartgarden_pa1_joint_c389fa3f9aaf
2024-06-10T17:00,31.2,66.0,128.0,44.0,84.0,0.73,100610.0,24.1,1.54,0.11,33.1,0.153,0,1,0,1.0,32.44189893494497,62.77176983277579,0.021697412647734428,35.35997070249157,0.17874457256852883,14219.3216,1.8148030806175521,108.8,0.0038521264120984274,1.3805106900365738e-06,0.17743563313906685,0.0,0.0,1.1469428031799191,interaction_007_combined_dry_hot_stress_june2024,smartgarden_pa1_joint_c389fa3f9aaf
2024-06-10T18:00,30.9,68.0,53.0,21.0,32.0,0.32,100690.0,24.3,1.42,0.04,32.2,0.152,1,1,0,1.0,31.4789588446125,66.60096079630841,0.0218703469473082,35.238975756963185,0.17856010976956585,5789.8368,1.5418852124444142,45.05,0.0028986218129723224,6.766446160904611e-07,0.176296973886209,0.0,0.0,1.1514831932427851,interaction_007_combined_dry_hot_stress_june2024,smartgarden_pa1_joint_c389fa3f9aaf
2024-06-10T19:00,30.5,71.0,0.0,0.0,0.0,0.7,100800.0,24.6,1.26,0.03,31.4,0.152,0,0,0,1.0,30.836551348954792,70.05427412458768,0.022226028368761728,35.05325275198643,0.18263856517723814,0.0,1.332871087557237,0.0,0.0017216691261552981,2.0945888823452268e-07,0.20147262455085277,0.0,0.0,1.1551772051316047,interaction_007_combined_dry_hot_stress_june2024,smartgarden_pa1_joint_c389fa3f9aaf
2024-06-10T20:00,30.1,74.0,0.0,0.0,0.0,0.71,100860.0,24.9,1.13,0.0,30.9,0.152,0,0,0,1.0,30.347637382784665,73.15735037588642,0.022607841135411918,34.837534484273526,0.18260335831791677,0.0,1.1618592704298552,0.0,0.0016517297978989546,1.823876605239382e-07,0.20125529825874552,0.0,0.0,1.1577268298798813,interaction_007_combined_dry_hot_stress_june2024,smartgarden_pa1_joint_c389fa3f9aaf
2024-06-10T21:00,29.8,76.0,0.0,0.0,0.0,0.76,100940.0,25.2,1.0,0.0,30.4,0.152,0,0,0,1.0,30.000993687162243,75.38332061955428,0.022863831260107985,34.617170297659456,0.18257230440202038,0.0,1.0445612549655454,0.0,0.0016898587057509037,1.638181381936386e-07,0.20106360741987891,0.0,0.0,1.1599699886096582,interaction_007_combined_dry_hot_stress_june2024,smartgarden_pa1_joint_c389fa3f9aaf
2024-06-10T22:00,29.5,79.0,0.0,0.0,0.0,0.81,101000.0,25.4,0.87,0.0,30.1,0.152,0,0,0,1.0,29.69781039459971,78.17652711459218,0.023325115914517774,34.3954167761052,0.18254467983701284,0.0,0.9100545887021063,0.0,0.0017732248732538899,1.426024658909955e-07,0.2008930854136595,0.0,0.0,1.1618214345158189,interaction_007_combined_dry_hot_stress_june2024,smartgarden_pa1_joint_c389fa3f9aaf
2024-06-10T23:00,29.2,81.0,0.0,0.0,0.0,0.85,101040.0,25.6,0.77,0.0,29.8,0.152,0,0,0,1.0,29.399151227947137,80.2684953205731,0.023564390511808746,34.172903245488776,0.18252051647853507,0.0,0.8087958951503631,0.0,0.0018444133349139523,1.2664147521041329e-07,0.20074392887984613,0.0,0.0,1.1634288995012838,interaction_007_combined_dry_hot_stress_june2024,smartgarden_pa1_joint_c389fa3f9aaf
2024-06-11T00:00,28.9,83.0,0.0,0.0,0.0,0.82,101030.0,25.7,0.69,0.0,29.5,0.152,0,0,0,1.0,29.10124232687721,82.21943411692747,0.023749290961883603,33.949720918246534,0.18249903686909152,0.0,0.7164098419329967,0.0,0.0017941237641504095,1.1210155120840238e-07,0.20061133869809586,0.0,0.0,1.1644603549425783,interaction_007_combined_dry_hot_stress_june2024,smartgarden_pa1_joint_c389fa3f9aaf
2024-06-11T01:00,28.6,84.0,0.0,0.0,0.0,0.92,100990.0,25.6,0.63,0.0,29.2,0.152,0,0,0,1.0,28.80254205762785,83.31554800576038,0.023677304279696477,33.725902408190144,0.1824797105654751,0.0,0.660736870998623,0.0,0.0019711545653306483,1.0332853714431414e-07,0.2004920405276241,0.0,0.0,1.1651507815724762,interaction_007_combined_dry_hot_stress_june2024,smartgarden_pa1_joint_c389fa3f9aaf
2024-06-11T02:00,28.5,83.0,0.0,0.0,0.0,1.02,100970.0,25.4,0.65,0.0,29.0,0.151,0,0,0,1.0,28.622204168347615,82.81384083333124,0.023304121850141447,33.502981470203125,0.182461077792999,0.0,0.6735340950596784,0.0,0.002087775362827247,1.0526939056577863e-07,0.2003770234135741,0.0,0.0,1.165616187457867,interaction_007_combined_dry_hot_stress_june2024,smartgarden_pa1_joint_c389fa3f9aaf
2024-06-11T03:00,28.4,83.0,0.0,0.0,0.0,1.02,100940.0,25.3,0.65,0.0,28.7,0.151,0,0,0,1.0,28.51204173015022,82.73144158097962,0.023141161504095037,33.284901753503796,0.18244210631433283,0.0,0.6724546747801132,0.0,0.0020797725136578343,1.0503925876304632e-07,0.20025991552057307,0.0,0.0,1.1656954009774514,interaction_007_combined_dry_hot_stress_june2024,smartgarden_pa1_joint_c389fa3f9aaf
2024-06-11T04:00,28.3,84.0,0.0,0.0,0.0,1.02,100950.0,25.2,0.63,0.0,28.4,0.151,0,0,0,1.0,28.40970079848369,83.60093036137643,0.023253808502874576,33.07239289109977,0.18242368475644063,0.0,0.6348150295641299,0.0,0.0020779460576018237,9.910353746818245e-08,0.20014620220025087,0.0,0.0,1.166206528589512,interaction_007_combined_dry_hot_stress_june2024,smartgarden_pa1_joint_c389fa3f9aaf
2024-06-11T05:00,28.1,85.0,0.0,0.0,0.0,1.12,101000.0,25.2,0.59,0.0,28.1,0.151,0,0,0,1.0,28.248164803623112,84.45408286670002,0.02328421797358608,32.86455262261353,0.18240637863266007,0.0,0.5961693761392821,0.0,0.0022931837871835205,9.302073219287486e-08,0.20003937427567947,0.0,0.0,1.1674094888463593,interaction_007_combined_dry_hot_stress_june2024,smartgarden_pa1_joint_c389fa3f9aaf
2024-06-11T06:00,27.9,86.0,22.0,9.0,13.0,1.12,101060.0,25.3,0.54,0.02,28.2,0.151,1,0,0,1.0,28.110275572279836,85.44639915515805,0.02338037037376501,32.667769285998,0.1823705780420677,2393.3712,0.5536580961264921,18.7,0.0023375050149564464,3.0488355113803967e-07,0.1998183829757265,0.0,0.0,1.1686376494948265,interaction_007_combined_dry_hot_stress_june2024,smartgarden_pa1_joint_c389fa3f9aaf
2024-06-11T07:00,29.0,77.0,166.0,97.0,69.0,0.98,101050.0,24.6,0.91,0.12,29.8,0.151,0,0,0,1.0,29.09336455947319,80.25727359787992,0.0231725761511361,32.54828110160524,0.18632781152951203,17035.5856,0.7951069017351076,141.1,0.001989747374497433,1.9900763960668175e-06,0.22424575018217305,0.0,0.0,1.164721229555052,interaction_007_combined_dry_hot_stress_june2024,smartgarden_pa1_joint_c389fa3f9aaf
2024-06-11T08:00,30.7,65.0,413.0,333.0,80.0,0.5,101040.0,23.5,1.53,0.3,31.1,0.15,0,1,0,1.0,31.34383628861335,68.21752846233105,0.022239917963036374,32.62734795803394,0.18571922294538615,39158.592000000004,1.4560459413725049,351.05,0.0031362464886080027,4.778469321994549e-06,0.22048903052707503,0.0,0.0,1.1559985264350028,interaction_007_combined_dry_hot_stress_june2024,smartgarden_pa1_joint_c389fa3f9aaf
2024-06-11T09:00,32.1,59.0,625.0,528.0,97.0,0.32,101030.0,23.0,1.96,0.46,32.9,0.149,0,1,0,1.0,33.718949113874395,59.235731782322866,0.021903181138075965,32.94541278557848,0.18465521852463576,58412.6928,2.1346552149154583,531.25,0.003762821650436128,7.0044520290747625e-06,0.21392110200392447,0.0,0.0,1.1469377724208383,interaction_007_combined_dry_hot_stress_june2024,smartgarden_pa1_joint_c389fa3f9aaf
2024-06-11T10:00,33.1,55.0,798.0,694.0,104.0,0.36,101000.0,22.9,2.28,0.61,34.4,0.148,0,1,0,1.0,35.6301140694511,53.07506312575312,0.021682189482556246,33.45785227923871,0.1832489270116169,73882.9696,2.731727293173306,678.3,0.004328419308956279,8.581362788964056e-06,0.20524029019516613,0.0,0.0,1.1395004453994368,interaction_007_combined_dry_hot_stress_june2024,smartgarden_pa1_joint_c389fa3f9aaf
2024-06-11T11:00,34.0,52.0,884.0,761.0,123.0,0.28,100930.0,22.9,2.52,0.68,35.7,0.146,0,1,0,1.0,37.06627981546692,48.90049206888507,0.021510243956316608,34.09553623940582,0.1816573941177689,82119.43519999999,3.217993150946834,751.4,0.0045712005292995374,9.080383110522491e-06,0.19541601307264758,0.0,0.0,1.133438959963912,interaction_007_combined_dry_hot_stress_june2024,smartgarden_pa1_joint_c389fa3f9aaf
2024-06-11T12:00,34.6,51.0,878.0,743.0,135.0,0.36,100840.0,23.1,2.68,0.69,36.5,0.145,0,1,0,1.0,37.92006221803184,46.935044776529125,0.02156550081317706,34.77322674104631,0.18006524593408216,82013.624,3.5002578250907517,746.3,0.004721468236881796,8.609192657430745e-06,0.1855879378647047,0.0,0.0,1.1293201307305571,interaction_007_combined_dry_hot_stress_june2024,smartgarden_pa1_joint_c389fa3f9aaf
2024-06-11T13:00,34.9,51.0,795.0,636.0,159.0,0.51,100740.0,23.3,2.73,0.63,36.8,0.143,0,1,0,1.0,38.15261966807037,46.50910106817466,0.02162397394210924,35.40905332385944,0.1786190723582453,75554.0016,3.572991153974456,675.75,0.004762159096704601,7.475992108612857e-06,0.17666094048299577,0.0,0.0,1.1273574001425355,interaction_007_combined_dry_hot_stress_june2024,smartgarden_pa1_joint_c389fa3f9aaf
2024-06-11T14:00,35.2,50.0,708.0,556.0,152.0,0.86,100680.0,23.2,2.84,0.57,36.8,0.142,0,1,0,1.0,38.13868466026404,45.86594424407222,0.021309852686905637,35.9607345709696,0.17736974730599328,67651.7248,3.61323088949187,601.8,0.004881720199957054,6.4240547754721895e-06,0.168949057444403,0.0,0.0,1.1267363911124006,interaction_007_combined_dry_hot_stress_june2024,smartgarden_pa1_joint_c389fa3f9aaf
2024-06-11T15:00,34.4,52.0,596.0,457.0,139.0,1.22,100640.0,23.2,2.6,0.48,36.5,0.141,0,1,0,1.0,37.32666576151451,46.97239214191236,0.02093924499359599,36.407943948848214,0.17632072112667305,57338.3536,3.3870456309259156,506.59999999999997,0.005266162275584146,5.244321731532288e-06,0.1624735872016855,0.0,0.0,1.1292344297203594,interaction_007_combined_dry_hot_stress_june2024,smartgarden_pa1_joint_c389fa3f9aaf
2024-06-11T16:00,33.0,58.0,321.0,186.0,135.0,1.08,100670.0,23.8,2.09,0.27,35.4,0.141,0,1,0,1.0,35.336981644901314,52.753996701404624,0.02122604643008888,36.653107079362336,0.17559411817210469,32997.624,2.7063712083119693,272.84999999999997,0.004848436710063477,2.8552758012880854e-06,0.157988383778424,0.0,0.0,1.1368565705490319,interaction_007_combined_dry_hot_stress_june2024,smartgarden_pa1_joint_c389fa3f9aaf
2024-06-11T17:00,32.7,60.0,204.0,103.0,101.0,0.71,100670.0,24.0,1.97,0.16,34.5,0.141,0,1,0,1.0,33.993170623751816,57.2868442468813,0.021489604405802894,36.68808368293882,0.17517203592979916,21505.4224,2.271160099174656,173.4,0.0038594378306395297,1.8514506153760196e-06,0.15538293783826643,0.0,0.0,1.1418305388318606,interaction_007_combined_dry_hot_stress_june2024,smartgarden_pa1_joint_c389fa3f9aaf
2024-06-11T18:00,32.1,64.0,78.0,48.0,30.0,0.99,100720.0,24.4,1.72,0.07,33.5,0.141,1,1,0,1.0,32.94964311222644,61.69550927590315,0.021906491837152132,36.600397958058224,0.17493128525237528,7919.472,1.9213368030726738,66.3,0.003935854674650283,8.275328717294298e-07,0.15389682254552645,0.0,0.0,1.1462922142811427,interaction_007_combined_dry_hot_stress_june2024,smartgarden_pa1_joint_c389fa3f9aaf
2024-06-11T19:00,31.3,69.0,0.0,0.0,0.0,0.86,100790.0,25.0,1.4,0.03,32.6,0.14,0,1,0,1.0,31.830711096947482,67.14887602776707,0.022468157204287405,36.40792943083676,0.17899203730563798,0.0,1.5471164984060777,0.0,0.003520265926545871,2.1596398892349675e-07,0.1789631932446789,0.0,0.0,1.1512973931550639,interaction_007_combined_dry_hot_stress_june2024,smartgarden_pa1_joint_c389fa3f9aaf
2024-06-11T20:00,30.7,73.0,0.0,0.0,0.0,0.3,100860.0,25.3,1.2,0.0,31.9,0.14,0,0,0,1.0,31.05878475163315,71.70534990224631,0.023022804742114402,36.16365539102671,0.1789568470804755,0.0,1.2754236184743282,0.0,0.0012308601166437579,1.7782192847364517e-07,0.17874596963256478,0.0,0.0,1.1550204176058683,interaction_007_combined_dry_hot_stress_june2024,smartgarden_pa1_joint_c389fa3f9aaf
2024-06-11T21:00,30.4,75.0,0.0,0.0,0.0,0.45,100900.0,25.6,1.07,0.0,31.4,0.14,0,0,0,1.0,30.626053596172266,74.34205410114947,0.023321026333436037,35.90992011731125,0.17892691223657267,0.0,1.128392598810378,0.0,0.001228812574470608,1.5715995472756208e-07,0.17856118664551035,0.0,0.0,1.1571244737283788,interaction_007_combined_dry_hot_stress_june2024,smartgarden_pa1_joint_c389fa3f9aaf
2024-06-11T22:00,30.1,78.0,0.0,0.0,0.0,0.54,100940.0,25.9,0.93,0.0,31.0,0.14,0,0,0,1.0,30.3125238640148,77.11034602069915,0.02378436160547058,35.6550169355464,0.1789003410529808,0.0,0.9887690080935059,0.0,0.0013435821592321857,1.3758700008694748e-07,0.1783971669937087,0.0,0.0,1.158779180429808,interaction_007_combined_dry_hot_stress_june2024,smartgarden_pa1_joint_c389fa3f9aaf
2024-06-11T23:00,29.8,81.0,0.0,0.0,0.0,0.73,100930.0,26.2,0.8,0.0,30.6,0.14,0,0,0,1.0,30.011382087637337,80.04867697874093,0.024292476043171758,35.400567695077,0.17887736768188656,0.0,0.8471004422418953,0.0,0.0016491521799770373,1.177801489420011e-07,0.17825535606102816,0.0,0.0,1.1598153271918836,interaction_007_combined_dry_hot_stress_june2024,smartgarden_pa1_joint_c389fa3f9aaf
2024-06-12T00:00,29.6,83.0,0.0,0.0,0.0,0.92,100900.0,26.4,0.7,0.0,30.3,0.14,0,0,0,1.0,29.77049608218966,82.26759559230524,0.024642583629802428,35.14746921039977,0.17885755850472587,0.0,0.7425495284899148,0.0,0.0019437391573069185,1.0317265333100234e-07,0.1781330771896659,0.0,0.0,1.1603926135568665,interaction_007_combined_dry_hot_stress_june2024,smartgarden_pa1_joint_c389fa3f9aaf
2024-06-12T01:00,29.3,85.0,0.0,0.0,0.0,1.04,100870.0,26.4,0.62,0.0,29.8,0.14,0,0,0,1.0,29.505344056633238,84.1266305845321,0.02483981354339081,34.89689990402788,0.17884008621396882,0.0,0.6546422218950623,0.0,0.0021880254997887643,9.090340575698156e-08,0.17802522354301747,0.0,0.0,1.1610639020265825,interaction_007_combined_dry_hot_stress_june2024,smartgarden_pa1_joint_c389fa3f9aaf
2024-06-12T02:00,29.0,87.0,0.0,0.0,0.0,0.98,100860.0,26.7,0.51,0.0,29.4,0.14,0,0,0,1.0,29.210309844522225,86.06751158150607,0.02500880019845955,34.6472421876699,0.17882485200561113,0.0,0.5649093826142022,0.0,0.002084126258051571,7.840169687246739e-08,0.17793118521982182,0.0,0.0,1.1620816164128251,interaction_007_combined_dry_hot_stress_june2024,smartgarden_pa1_joint_c389fa3f9aaf
2024-06-12T03:00,29.0,87.0,0.0,0.0,0.0,1.04,100850.0,26.6,0.52,0.0,29.1,0.14,0,0,0,1.0,29.09089552134833,86.693816883569,0.025027626408477482,34.40040199133442,0.1788112458205739,0.0,0.5358089553163525,0.0,0.0021004372902879995,7.43278540067764e-08,0.17784719642329566,0.0,0.0,1.1624254879896019,interaction_007_combined_dry_hot_stress_june2024,smartgarden_pa1_joint_c389fa3f9aaf
2024-06-12T04:00,28.8,88.0,0.0,0.0,0.0,1.02,100870.0,26.6,0.48,0.0,28.9,0.14,0,0,0,1.0,28.95618007371215,87.36511924271508,0.025037029169072477,34.16064128740769,0.17879819251709658,0.0,0.5048323579005993,0.0,0.0021142832880986,6.999902689328017e-08,0.17776662047590486,0.0,0.0,1.163174466188849,interaction_007_combined_dry_hot_stress_june2024,smartgarden_pa1_joint_c389fa3f9aaf
2024-06-12T05:00,28.7,88.0,0.0,0.0,0.0,1.1,100970.0,26.5,0.47,0.0,28.7,0.14,0,0,0,1.0,28.82194988645465,87.58176669751195,0.024916082824266293,33.92580567773993,0.17878580623416102,0.0,0.4923389416178865,0.0,0.002236650676863875,6.823735328676932e-08,0.17769016193926557,0.0,0.0,1.1648451660352195,interaction_007_combined_dry_hot_stress_june2024,smartgarden_pa1_joint_c389fa3f9aaf
2024-06-12T06:00,28.6,88.0,23.0,11.0,12.0,1.5,101010.0,26.4,0.48,0.02,28.7,0.14,1,0,0,1.0,28.776230411283468,87.50201267344691,0.024831370120136174,33.70586329315501,0.17875526423610624,2446.1888,0.4941914994355061,19.55,0.00302258829767462,2.7142561976446373e-07,0.1775016310870756,0.0,0.0,1.1654830856188678,interaction_007_combined_dry_hot_stress_june2024,smartgarden_pa1_joint_c389fa3f9aaf
2024-06-12T07:00,29.9,77.0,180.0,126.0,54.0,1.22,101070.0,25.5,0.97,0.13,30.4,0.14,0,0,0,1.0,29.96026804464847,79.71523732893195,0.024124526824320404,33.573718173902,0.1827197322964837,17739.849599999998,0.8587361493281866,153.0,0.0024201980265325497,1.943050031584913e-06,0.20197365615113394,0.0,0.0,1.1616199600848747,interaction_007_combined_dry_hot_stress_june2024,smartgarden_pa1_joint_c389fa3f9aaf
2024-06-12T08:00,31.8,64.0,398.0,300.0,98.0,1.03,101090.0,24.1,1.7,0.3,31.9,0.139,0,1,0,1.0,32.35792835864544,66.3667490942872,0.02283803908068935,33.64138023738018,0.18216835730006256,38471.8752,1.6318164426194923,338.3,0.003807591169069119,4.182554999856221e-06,0.19857010679050965,0.0,0.0,1.1527314974513299,interaction_007_combined_dry_hot_stress_june2024,smartgarden_pa1_joint_c389fa3f9aaf
2024-06-12T09:00,33.1,57.0,622.0,521.0,101.0,0.64,101080.0,23.3,2.19,0.47,33.9,0.138,0,1,0,1.0,34.74419928797269,56.44497938675392,0.022021638019134468,33.94515669956894,0.18121930166736905,58289.422399999996,2.4145474070939845,528.6999999999999,0.004009532094065913,6.32331480086984e-06,0.1927117386874633,0.0,0.0,1.1436843416279425,interaction_007_combined_dry_hot_stress_june2024,smartgarden_pa1_joint_c389fa3f9aaf
2024-06-12T10:00,34.0,54.0,784.0,670.0,114.0,0.41,101070.0,23.3,2.47,0.6,35.4,0.137,0,1,0,1.0,36.5683436101995,51.33541588812557,0.02201164286044063,34.44289332913601,0.17995946968747958,73002.7936,2.9825451210926057,666.4,0.004369710074032128,7.639809980241803e-06,0.18493499807086167,0.0,0.0,1.136835917960608,interaction_007_combined_dry_hot_stress_june2024,smartgarden_pa1_joint_c389fa3f9aaf
2024-06-12T11:00,34.7,52.0,895.0,763.0,132.0,0.41,100980.0,23.3,2.67,0.7,36.6,0.136,0,1,0,1.0,37.89981703166603,47.95942842566911,0.022013486821494753,35.06804798265391,0.17852204577356295,83404.0768,3.428929475419335,760.75,0.004685669111379828,8.306331018170761e-06,0.1760620109479195,0.0,0.0,1.1309616144350298,interaction_007_combined_dry_hot_stress_june2024,smartgarden_pa1_joint_c389fa3f9aaf
2024-06-12T12:00,35.4,49.0,946.0,823.0,123.0,0.61,100910.0,23.2,2.9,0.75,37.5,0.134,0,1,0,1.0,38.91949579533209,44.48051988862649,0.02149997130913004,35.762889498589395,0.17702213348355697,87575.43519999999,3.8648837993680947,804.1,0.004942716662780594,8.349248656592391e-06,0.16680329310837638,0.0,0.0,1.1264847991285163,interaction_007_combined_dry_hot_stress_june2024,smartgarden_pa1_joint_c389fa3f9aaf
2024-06-12T13:00,35.6,49.0,877.0,712.0,165.0,0.71,100830.0,23.2,2.96,0.7,37.9,0.133,0,1,0,1.0,39.22489710921976,43.68898765515376,0.021445271110295254,36.445782806102066,0.17560709990183973,82981.096,3.984746757643089,745.4499999999999,0.0050571565813922175,7.384475486764906e-06,0.15806851791259097,0.0,0.0,1.124491274570076,interaction_007_combined_dry_hot_stress_june2024,smartgarden_pa1_joint_c389fa3f9aaf
2024-06-12T14:00,34.8,52.0,672.0,559.0,113.0,0.64,100750.0,23.6,2.64,0.53,37.4,0.133,0,1,0,1.0,38.221638835010715,45.986385694747526,0.021456020302103102,36.99292259014471,0.1744528726400954,63111.61119999999,3.621378265492334,571.1999999999999,0.004922287339898124,5.4701793149340544e-06,0.15094365827219386,0.0,0.0,1.127219391002155,interaction_007_combined_dry_hot_stress_june2024,smartgarden_pa1_joint_c389fa3f9aaf
2024-06-12T15:00,34.6,53.0,591.0,482.0,109.0,1.08,100770.0,23.7,2.56,0.47,37.0,0.132,0,1,0,1.0,37.34928703967898,48.06054641067294,0.021449105873032493,37.37971140973054,0.17354396551674192,55842.8816,3.3216217680156936,502.34999999999997,0.005027582161447165,4.647511936725035e-06,0.1453331204737156,0.0,0.0,1.1306107228866422,interaction_007_combined_dry_hot_stress_june2024,smartgarden_pa1_joint_c389fa3f9aaf
2024-06-12T16:00,32.9,61.0,391.0,281.0,110.0,0.94,100740.0,24.2,1.97,0.31,36.1,0.133,0,1,0,1.0,35.551194206580064,54.55110546659553,0.02219427713161651,37.61285874944893,0.17285404850724584,38278.064000000006,2.6343337009959265,332.34999999999997,0.004838532952503475,3.032711821584226e-06,0.14107437350151755,0.0,0.0,1.1368576427718782,interaction_007_combined_dry_hot_stress_june2024,smartgarden_pa1_joint_c389fa3f9aaf
2024-06-12T17:00,32.8,61.0,245.0,171.0,74.0,0.1,100720.0,24.2,1.95,0.17,35.1,0.133,0,1,0,1.0,34.27885208348444,57.90426483828813,0.022048622724458834,37.65534131160308,0.17240909212271333,24163.4976,2.274182647463974,208.25,0.003584679480979479,1.9305692179825284e-06,0.13832772915255143,0.0,0.0,1.1413360695192585,interaction_007_combined_dry_hot_stress_june2024,smartgarden_pa1_joint_c389fa3f9aaf
2024-06-12T18:00,32.2,64.0,83.0,52.0,31.0,0.92,100740.0,24.4,1.74,0.07,34.0,0.133,1,1,0,1.0,33.15506616894929,61.39673382155233,0.022038164386518524,37.55236673880176,0.17216609291141075,8394.654400000001,1.9587548585213552,70.55,0.0039026581615316212,7.737613544178253e-07,0.13682773402105403,0.0,0.0,1.1457509219680437,interaction_007_combined_dry_hot_stress_june2024,smartgarden_pa1_joint_c389fa3f9aaf
2024-06-12T19:00,31.5,69.0,0.0,0.0,0.0,0.71,100790.0,25.1,1.43,0.03,33.0,0.133,0,1,0,1.0,32.023488484919206,67.13562460164253,0.022695561198512897,37.328198653138514,0.17623274318248677,0.0,1.5647025223274134,0.0,0.00329221403521799,1.9763100463987264e-07,0.1619305134721406,0.0,0.0,1.1505701212503747,interaction_007_combined_dry_hot_stress_june2024,smartgarden_pa1_joint_c389fa3f9aaf
2024-06-12T20:00,31.1,72.0,0.0,0.0,0.0,0.64,100870.0,25.4,1.26,0.0,32.3,0.132,0,0,0,1.0,31.384917616217162,70.99643082405471,0.023196801254375347,37.054033127151385,0.17620012994261397,0.0,1.331839317695032,0.0,0.0015772894993757822,1.6800989682288827e-07,0.16172919717662948,0.0,0.0,1.1538978764413435,interaction_007_combined_dry_hot_stress_june2024,smartgarden_pa1_joint_c389fa3f9aaf
2024-06-12T21:00,30.7,75.0,0.0,0.0,0.0,0.71,100900.0,25.7,1.12,0.0,31.8,0.132,0,0,0,1.0,30.962950199206926,74.00948414357985,0.02364076822489822,36.77495569225852,0.17617183259185845,0.0,1.1651872591248558,0.0,0.00166632524248002,1.4682819129324728e-07,0.16155452217196578,0.0,0.0,1.1558426101831663,interaction_007_combined_dry_hot_stress_june2024,smartgarden_pa1_joint_c389fa3f9aaf
2024-06-12T22:00,30.4,78.0,0.0,0.0,0.0,0.72,100910.0,26.1,0.96,0.0,31.3,0.132,0,0,0,1.0,30.62247693448667,77.04297506260069,0.02416365245117775,36.494710143602866,0.17614720924826446,0.0,1.0094045762904815,0.0,0.0016430126783827767,1.2707794990425867e-07,0.16140252622385473,0.0,0.0,1.1572527795563174,interaction_007_combined_dry_hot_stress_june2024,smartgarden_pa1_joint_c389fa3f9aaf
2024-06-12T23:00,30.1,81.0,0.0,0.0,0.0,0.76,100920.0,26.5,0.82,0.0,30.9,0.132,0,0,0,1.0,30.319272053883775,79.99618956938245,0.02468346884385687,36.215631903069784,0.17612599877940327,0.0,0.8644423792707108,0.0,0.0017072857682532072,1.0873980262740136e-07,0.1612715974037239,0.0,0.0,1.158523820359327,interaction_007_combined_dry_hot_stress_june2024,smartgarden_pa1_joint_c389fa3f9aaf
2024-06-13T00:00,29.8,84.0,0.0,0.0,0.0,0.72,100900.0,26.8,0.67,0.0,30.4,0.132,0,0,0,1.0,30.02040369427771,82.92878925378811,0.0251787826370556,35.938162586379036,0.17610801789537736,0.0,0.7251907151941128,0.0,0.0016413825766060032,9.116029563260827e-08,0.16116060429245288,0.0,0.0,1.159436085664945,interaction_007_combined_dry_hot_stress_june2024,smartgarden_pa1_joint_c389fa3f9aaf
2024-06-13T01:00,29.3,87.0,0.0,0.0,0.0,0.95,100810.0,27.0,0.52,0.0,29.9,0.132,0,0,0,1.0,29.6009800392554,85.63340374568757,0.02541622957076907,35.66073559055422,0.1760930657033069,0.0,0.5957705999767575,0.0,0.002102459001743163,7.484861419288796e-08,0.1610683068105365,0.0,0.0,1.1600067219459755,interaction_007_combined_dry_hot_stress_june2024,smartgarden_pa1_joint_c389fa3f9aaf
2024-06-13T02:00,29.4,86.0,0.0,0.0,0.0,1.1,100800.0,26.8,0.57,0.0,29.4,0.132,0,0,0,1.0,29.469166041666295,85.85637097214605,0.02530082095166354,35.38393737044907,0.1760800039261878,0.0,0.5820912592618255,0.0,0.0021973397116961326,7.30934260186386e-08,0.1609876785567149,0.0,0.0,1.1603968756444567,interaction_007_combined_dry_hot_stress_june2024,smartgarden_pa1_joint_c389fa3f9aaf
2024-06-13T03:00,29.2,86.0,0.0,0.0,0.0,1.2,100740.0,26.7,0.55,0.0,29.1,0.132,0,0,0,1.0,29.360292412188077,85.46083574948187,0.02503580274428134,35.11649132859957,0.17606664208086725,0.0,0.5946284567331763,0.0,0.0024500008024984656,7.46294714762623e-08,0.1609051980300448,0.0,0.0,1.1601235421384184,interaction_007_combined_dry_hot_stress_june2024,smartgarden_pa1_joint_c389fa3f9aaf
2024-06-13T04:00,28.6,90.0,0.0,0.0,0.0,1.3,100750.0,26.8,0.39,0.0,28.9,0.132,0,0,0,1.0,28.92748920221579,88.38014073849175,0.02528833699615182,34.85153242544909,0.17605448280158748,0.0,0.4635072352028211,0.0,0.002739392432973214,5.814582842371943e-08,0.16083014075054,0.0,0.0,1.161901040788872,interaction_007_combined_dry_hot_stress_june2024,smartgarden_pa1_joint_c389fa3f9aaf
2024-06-13T05:00,28.2,92.0,0.0,0.0,0.0,1.1,100780.0,26.7,0.32,0.0,28.6,0.132,0,0,0,1.0,28.471079915552085,90.71546425946673,0.025317620443836404,34.581476776509305,0.17604527573160075,0.0,0.36069086677881046,0.0,0.0023440840841294623,4.523178149207945e-08,0.16077330698518985,0.0,0.0,1.1640057140913485,interaction_007_combined_dry_hot_stress_june2024,smartgarden_pa1_joint_c389fa3f9aaf
2024-06-13T06:00,28.3,92.0,24.0,13.0,11.0,1.22,100880.0,26.8,0.32,0.01,28.7,0.132,1,0,0,1.0,28.432729616967343,91.59012803287993,0.02550815056301308,34.32196498395187,0.17602044353631396,2499.0063999999998,0.3259851846924171,20.4,0.0024692679112880167,2.3252453708622802e-07,0.16062002182909857,0.0,0.0,1.1653088766798125,interaction_007_combined_dry_hot_stress_june2024,smartgarden_pa1_joint_c389fa3f9aaf
2024-06-13T07:00,30.6,76.0,190.0,136.0,54.0,1.2,100900.0,25.9,1.05,0.14,31.0,0.132,0,0,0,1.0,30.30330958444581,80.04793352581476,0.024678181713497626,34.166191225422175,0.17999539055474228,18619.849599999998,0.8614191054064495,161.5,0.0025392583170482795,1.8737225991481065e-06,0.18515673181939685,0.0,0.0,1.1583551572731698,interaction_007_combined_dry_hot_stress_june2024,smartgarden_pa1_joint_c389fa3f9aaf
2024-06-13T08:00,32.3,64.0,407.0,327.0,80.0,1.08,100910.0,24.5,1.76,0.31,32.6,0.132,0,1,0,1.0,32.947975010181594,65.09943143578475,0.023113099663421167,34.234136670039504,0.1794725585813024,38630.592000000004,1.7504336777503782,345.95,0.003946292616017876,3.930295451334778e-06,0.18192937395865683,0.0,0.0,1.1484608588914997,interaction_007_combined_dry_hot_stress_june2024,smartgarden_pa1_joint_c389fa3f9aaf
2024-06-13T09:00,33.6,56.0,613.0,510.0,103.0,1.22,100910.0,23.7,2.27,0.48,34.4,0.131,0,1,0,1.0,35.24670874394129,54.6166359290478,0.02187275782315607,34.53144612091567,0.17859976605411984,57567.7872,2.5867634914901525,521.05,0.004700891617260099,5.737448592206704e-06,0.1765417657661719,0.0,0.0,1.1399004377087028,interaction_007_combined_dry_hot_stress_june2024,smartgarden_pa1_joint_c389fa3f9aaf
2024-06-13T10:00,34.6,53.0,773.0,664.0,109.0,1.17,100820.0,23.6,2.6,0.61,36.0,0.13,0,1,0,1.0,37.086387540874696,49.736511074993885,0.021900531648394794,35.014303333392874,0.17745659568247996,71858.88160000001,3.168811544832932,657.05,0.005018611982840393,6.933484960848149e-06,0.16948515853382692,0.0,0.0,1.1321302824652701,interaction_007_combined_dry_hot_stress_june2024,smartgarden_pa1_joint_c389fa3f9aaf
2024-06-13T11:00,35.3,51.0,877.0,752.0,125.0,0.89,100720.0,23.7,2.8,0.7,37.3,0.129,0,1,0,1.0,38.4382696307571,46.589840271875474,0.021977795906250347,35.62319431228683,0.176155860979949,81573.8,3.623010528326728,745.4499999999999,0.004998241823982391,7.4971695850062546e-06,0.16145593197499392,0.0,0.0,1.126100280057353,interaction_007_combined_dry_hot_stress_june2024,smartgarden_pa1_joint_c389fa3f9aaf
2024-06-13T12:00,36.2,48.0,902.0,752.0,150.0,0.54,100610.0,23.5,3.1,0.72,38.3,0.128,0,1,0,1.0,39.538252797611186,43.59657637727757,0.021740116930995777,36.29197402334494,0.1748187506156457,84653.36,4.058805377815272,766.6999999999999,0.004813070034724448,7.356433672108471e-06,0.15320216429410927,0.0,0.0,1.1209133251973513,interaction_007_combined_dry_hot_stress_june2024,smartgarden_pa1_joint_c389fa3f9aaf
2024-06-13T13:00,36.5,48.0,864.0,709.0,155.0,0.57,100580.0,23.6,3.2,0.69,38.7,0.127,0,1,0,1.0,40.027649218054826,42.78718389996383,0.02186700466465194,36.956235044098214,0.1735517754354111,81485.272,4.226018403921344,734.4,0.00491541968993569,6.725150502380616e-06,0.1453813298482166,0.0,0.0,1.1188279836036201,interaction_007_combined_dry_hot_stress_june2024,smartgarden_pa1_joint_c389fa3f9aaf
2024-06-13T14:00,36.3,48.0,760.0,610.0,150.0,0.42,100480.0,23.5,3.15,0.6,38.6,0.126,0,1,0,1.0,39.73924583637741,42.6914842702325,0.021504828831639382,37.54573186926097,0.17243635345710898,72157.36,4.168465756405607,646.0,0.0047949298237663215,5.684209055207228e-06,0.13849600899449988,0.0,0.0,1.1187458536159993,interaction_007_combined_dry_hot_stress_june2024,smartgarden_pa1_joint_c389fa3f9aaf
2024-06-13T15:00,35.8,50.0,572.0,436.0,136.0,0.67,100470.0,23.7,2.96,0.46,38.1,0.126,0,1,0,1.0,38.74753994183339,44.84906070829018,0.021490522342668725,37.98589616461278,0.1715508353777392,55120.8064,3.803909602931225,486.2,0.004721213522131982,4.1784342007480835e-06,0.13302984801073592,0.0,0.0,1.1221913111253488,interaction_007_combined_dry_hot_stress_june2024,smartgarden_pa1_joint_c389fa3f9aaf
2024-06-13T16:00,34.9,52.0,314.0,178.0,136.0,1.2,100560.0,23.7,2.67,0.28,37.1,0.126,0,1,0,1.0,37.04870214918297,47.6984767306718,0.020962621856796163,38.205481490059434,0.1709649716724765,32416.806399999998,3.29053951038274,266.9,0.004905095031640041,2.352770757403625e-06,0.12941340538565752,0.0,0.0,1.1293478698795583,interaction_007_combined_dry_hot_stress_june2024,smartgarden_pa1_joint_c389fa3f9aaf
2024-06-13T17:00,32.8,61.0,147.0,66.0,81.0,0.89,100540.0,24.3,1.93,0.13,35.6,0.127,0,1,0,1.0,34.604761506641026,56.08253038370267,0.021721688450906232,38.19730701583972,0.17064837663813565,15785.774399999998,2.41590457335732,124.95,0.004362680671555732,1.171856626886617e-06,0.12745911505022006,0.0,0.0,1.138089846357261,interaction_007_combined_dry_hot_stress_june2024,smartgarden_pa1_joint_c389fa3f9aaf
2024-06-13T18:00,32.2,63.0,60.0,36.0,24.0,0.64,100570.0,24.3,1.77,0.06,34.3,0.127,1,1,0,1.0,33.009038404713166,60.851992501699094,0.0216748913386308,38.027151885971215,0.17049236696425063,6124.3776,1.9702011998318079,51.0,0.0034346843632851133,5.717948389044617e-07,0.1264960923719175,0.0,0.0,1.1443630162727123,interaction_007_combined_dry_hot_stress_june2024,smartgarden_pa1_joint_c389fa3f9aaf
2024-06-13T19:00,31.6,68.0,0.0,0.0,0.0,1.06,100660.0,24.9,1.5,0.04,33.3,0.127,0,0,0,1.0,32.0533904645133,66.35850733768675,0.022468577620721394,37.77316742380601,0.17458036649394898,0.0,1.6044097330367144,0.0,0.0023978525864899055,1.8988175191796915e-07,0.15173065737005545,0.0,0.0,1.1489735233338783,interaction_007_combined_dry_hot_stress_june2024,smartgarden_pa1_joint_c389fa3f9aaf
2024-06-13T20:00,31.1,71.0,0.0,0.0,0.0,0.92,100690.0,25.3,1.3,0.01,32.5,0.127,0,0,0,1.0,31.418641509901132,69.90254849513136,0.02288062216536389,37.48218209002374,0.174548751612411,0.0,1.3847183103315612,0.0,0.0020636804972418757,1.6367050966493725e-07,0.1515355037803149,0.0,0.0,1.1517112350951475,interaction_007_combined_dry_hot_stress_june2024,smartgarden_pa1_joint_c389fa3f9aaf
2024-06-13T21:00,30.8,74.0,0.0,0.0,0.0,0.86,100750.0,25.6,1.15,0.0,31.9,0.127,0,0,0,1.0,31.029542246549564,73.08100052255583,0.023427725508162335,37.18660243012797,0.1745212103794786,0.0,1.2113963586693455,0.0,0.0018875185532884154,1.4302361649268495e-07,0.151365496169621,0.0,0.0,1.1538716460374485,interaction_007_combined_dry_hot_stress_june2024,smartgarden_pa1_joint_c389fa3f9aaf
2024-06-13T22:00,30.5,77.0,0.0,0.0,0.0,0.94,100760.0,26.0,1.0,0.0,31.3,0.127,0,0,0,1.0,30.72113080436335,76.05833778665604,0.023981730768222645,36.89220013328135,0.17449711718363906,0.0,1.0586420480319894,0.0,0.002020772653527537,1.2486585851117588e-07,0.15121677273851272,0.0,0.0,1.1551574027784899,interaction_007_combined_dry_hot_stress_june2024,smartgarden_pa1_joint_c389fa3f9aaf
2024-06-13T23:00,30.2,79.0,0.0,0.0,0.0,0.89,100770.0,26.2,0.9,0.0,30.8,0.127,0,0,0,1.0,30.42128409938917,78.15243737318761,0.02424753329697078,36.599963641438926,0.17447585904393603,0.0,0.9496431136155041,0.0,0.0019330830978853595,1.1191233440061813e-07,0.15108554965392615,0.0,0.0,1.1564131449955708,interaction_007_combined_dry_hot_stress_june2024,smartgarden_pa1_joint_c389fa3f9aaf
2024-06-14T00:00,29.7,84.0,0.0,0.0,0.0,0.95,100680.0,26.6,0.68,0.0,30.3,0.127,0,0,0,1.0,30.002846366166036,82.4326371416167,0.02500439964818712,36.308377591248764,0.17445774208361609,0.0,0.7455163378343683,0.0,0.00210360292151067,8.779163038087954e-08,0.1509737165655314,0.0,0.0,1.156975081555352,interaction_007_combined_dry_hot_stress_june2024,smartgarden_pa1_joint_c389fa3f9aaf
2024-06-14T01:00,29.1,88.0,0.0,0.0,0.0,1.04,100660.0,26.9,0.47,0.0,29.8,0.127,0,0,0,1.0,29.454115073160615,86.29292346322607,0.025408699195334342,36.01264198901498,0.1744439120913448,0.0,0.5636358676256239,0.0,0.002297052382642086,6.633594548037218e-08,0.15088834624286915,0.0,0.0,1.1588428491485505,interaction_007_combined_dry_hot_stress_june2024,smartgarden_pa1_joint_c389fa3f9aaf
2024-06-14T02:00,28.9,88.0,0.0,0.0,0.0,1.04,100630.0,26.7,0.47,0.0,29.4,0.127,0,0,0,1.0,29.10311248733165,87.24310448181,0.025202956477396912,35.71311459852504,0.1744327045877737,0.0,0.5140529596212673,0.0,0.002186552468705693,6.047264939394945e-08,0.15081916412205998,0.0,0.0,1.1598428237227445,interaction_007_combined_dry_hot_stress_june2024,smartgarden_pa1_joint_c389fa3f9aaf
2024-06-14T03:00,28.6,89.0,0.0,0.0,0.0,1.1,100610.0,26.7,0.41,0.0,29.0,0.127,0,0,0,1.0,28.826453875865393,88.04494234296426,0.025054006677616494,35.416622466915605,0.17442220799206937,0.0,0.4740992154712971,0.0,0.0023122990723733936,5.574857238463707e-08,0.15075437032141586,0.0,0.0,1.1606746972980886,interaction_007_combined_dry_hot_stress_june2024,smartgarden_pa1_joint_c389fa3f9aaf
2024-06-14T04:00,28.4,90.0,0.0,0.0,0.0,1.2,100600.0,26.6,0.39,0.0,28.8,0.127,0,0,0,1.0,28.588246067700087,89.14974509455506,0.025040557586454817,35.12354557488279,0.1744127143790075,0.0,0.42439073841322283,0.0,0.0024690028044134587,4.98840327650797e-08,0.1506957677716512,0.0,0.0,1.1614755392278013,interaction_007_combined_dry_hot_stress_june2024,smartgarden_pa1_joint_c389fa3f9aaf
2024-06-14T05:00,28.6,88.0,0.0,0.0,0.0,1.1,100680.0,26.4,0.47,0.0,28.5,0.127,0,0,0,1.0,28.622845031714114,88.10314735055111,0.02479342048135888,34.83857831742752,0.17440345663488604,0.0,0.46626086805494493,0.0,0.0021624762138609047,5.4784777542074546e-08,0.1506386212030003,0.0,0.0,1.162265906037277,interaction_007_combined_dry_hot_stress_june2024,smartgarden_pa1_joint_c389fa3f9aaf
2024-06-14T06:00,28.7,88.0,24.0,13.0,11.0,1.2,100710.0,26.6,0.45,0.02,28.6,0.127,1,0,0,1.0,28.805430780739368,87.76039181404866,0.024944408247436854,34.57841191696957,0.17437718623969206,2499.0063999999998,0.4847934214481988,20.4,0.0024130484436638024,2.3647960299960684e-07,0.1504764582697041,0.0,0.0,1.161909224981468,interaction_007_combined_dry_hot_stress_june2024,smartgarden_pa1_joint_c389fa3f9aaf
2024-06-14T07:00,30.6,75.0,194.0,141.0,53.0,1.1,100710.0,25.7,1.09,0.14,31.1,0.127,0,0,0,1.0,30.47141527074406,78.41696386437988,0.024395401115077757,34.423348801377614,0.17835622631914666,18936.6672,0.9408374225168679,164.9,0.002241016390288134,1.816987023147387e-06,0.17503843406880656,0.0,0.0,1.1555337763133087,interaction_007_combined_dry_hot_stress_june2024,smartgarden_pa1_joint_c389fa3f9aaf
2024-06-14T08:00,32.6,60.0,418.0,342.0,76.0,0.54,100710.0,23.9,1.94,0.31,32.7,0.126,0,1,0,1.0,33.20165920217029,62.74359714499979,0.022577041414920413,34.491350160712386,0.17784856526532758,39457.8624,1.8953546245897943,355.3,0.00313868548805312,3.8271882030857045e-06,0.17190472386004682,0.0,0.0,1.1452355161747683,interaction_007_combined_dry_hot_stress_june2024,smartgarden_pa1_joint_c389fa3f9aaf
2024-06-14T09:00,34.0,53.0,623.0,529.0,94.0,0.3,100660.0,23.2,2.47,0.47,34.7,0.126,0,1,0,1.0,35.68926152764155,52.24788499340532,0.021409723346359107,34.797334716606656,0.17700365249872457,58131.145599999996,2.7889399487851523,529.55,0.0037933281160796757,5.526422194074286e-06,0.16668921295508998,0.0,0.0,1.135447006125132,interaction_007_combined_dry_hot_stress_june2024,smartgarden_pa1_joint_c389fa3f9aaf
2024-06-14T10:00,35.2,50.0,793.0,686.0,107.0,0.4,100630.0,23.0,2.86,0.62,36.4,0.125,0,1,0,1.0,37.73915252103877,47.260837156910206,0.021516058689202693,35.29775604386555,0.1758975077330241,73548.5168,3.4448618980981913,674.05,0.004343558145064649,6.733178925794941e-06,0.15986115884582777,0.0,0.0,1.1276241085400085,interaction_007_combined_dry_hot_stress_june2024,smartgarden_pa1_joint_c389fa3f9aaf
2024-06-14T11:00,35.8,48.0,842.0,715.0,127.0,1.49,100570.0,23.1,3.05,0.68,37.4,0.124,0,1,0,1.0,38.91310083497575,43.48736062800221,0.0210131322711115,35.909757820480515,0.17467425112636972,78564.1648,3.932669594328416,715.6999999999999,0.00567397623340829,6.844200480015449e-06,0.15231019213808475,0.0,0.0,1.1227122966814507,interaction_007_combined_dry_hot_stress_june2024,smartgarden_pa1_joint_c389fa3f9aaf
2024-06-14T12:00,36.1,48.0,935.0,798.0,137.0,1.96,100550.0,23.3,3.1,0.76,38.1,0.123,0,1,0,1.0,39.6134658009135,42.34011959816619,0.02119353161109411,36.57523460841415,0.17340982329067398,87099.98879999999,4.16593712601783,794.75,0.006466136592396307,7.188016003421602e-06,0.1445050820411974,0.0,0.0,1.1199754596598823,interaction_007_combined_dry_hot_stress_june2024,smartgarden_pa1_joint_c389fa3f9aaf
2024-06-14T13:00,36.1,49.0,848.0,712.0,136.0,1.75,100460.0,23.6,3.05,0.7,38.3,0.123,0,1,0,1.0,39.65661441661336,42.863834939605034,0.02150224042246418,37.22876939501216,0.1722041713090027,79408.8064,4.1376276964188285,720.8,0.006179665049688844,6.221848606272213e-06,0.1370627858580414,0.0,0.0,1.1188186439101144,interaction_007_combined_dry_hot_stress_june2024,smartgarden_pa1_joint_c389fa3f9aaf
2024-06-14T14:00,35.3,53.0,662.0,452.0,210.0,1.75,100410.0,24.2,2.7,0.55,37.9,0.122,0,1,0,1.0,38.603305998600284,46.31270593684904,0.022030487391272786,37.742446083251494,0.17122444654598823,65644.304,3.674330664052202,562.6999999999999,0.006098640564785671,4.688234970989217e-06,0.13101510213572984,0.0,0.0,1.122040022463605,interaction_007_combined_dry_hot_stress_june2024,smartgarden_pa1_joint_c389fa3f9aaf
2024-06-14T15:00,34.6,55.0,516.0,365.0,151.0,1.81,100370.0,24.4,2.45,0.44,37.3,0.122,0,1,0,1.0,37.279095186991164,49.24946014560881,0.02190098062233541,38.07483679344509,0.17048361137532392,50720.5424,3.2332320668743604,438.59999999999997,0.0059757603809087664,3.5631394997628926e-06,0.1264420455266909,0.0,0.0,1.126377467001282,interaction_007_combined_dry_hot_stress_june2024,smartgarden_pa1_joint_c389fa3f9aaf
2024-06-14T16:00,34.6,55.0,417.0,306.0,111.0,0.92,100310.0,24.3,2.45,0.34,36.7,0.121,0,1,0,1.0,36.610780745278305,51.02535049079473,0.021926470458030388,38.27219017315698,0.16990886599044955,40601.246399999996,3.008515157243082,354.45,0.004499116388302057,2.836640643630454e-06,0.12289423450894786,0.0,0.0,1.1281328587212547,interaction_007_combined_dry_hot_stress_june2024,smartgarden_pa1_joint_c389fa3f9aaf
2024-06-14T17:00,34.1,57.0,282.0,210.0,72.0,0.89,100350.0,24.3,2.31,0.22,36.0,0.121,0,1,0,1.0,35.79113146825129,53.29190929742452,0.021952926028159615,38.35756317012135,0.16947927480834404,27349.1328,2.743283472476961,239.7,0.004296688706162405,1.9433836524294214e-06,0.12024243708854351,0.0,0.0,1.1315769512010552,interaction_007_combined_dry_hot_stress_june2024,smartgarden_pa1_joint_c389fa3f9aaf
2024-06-14T18:00,33.2,61.0,83.0,53.0,30.0,0.72,100470.0,24.8,1.97,0.07,34.9,0.121,1,1,0,1.0,34.33025241634611,57.95107605701401,0.022125848808322492,38.28354992068215,0.16924173227776612,8359.472,2.278149689000467,70.55,0.0037609168592290755,7.012698926477744e-07,0.11877612517139584,0.0,0.0,1.1383128071918087,interaction_007_combined_dry_hot_stress_june2024,smartgarden_pa1_joint_c389fa3f9aaf
2024-06-14T19:00,32.2,68.0,0.0,0.0,0.0,0.91,100530.0,25.6,1.51,0.03,33.7,0.121,0,1,0,1.0,32.85202213290662,65.633977405796,0.023184979173627603,38.062035774411044,0.17331483796729633,0.0,1.714364874781789,0.0,0.0036840433455845676,1.9244881871877843e-07,0.14391875288454525,0.0,0.0,1.1444948293521742,interaction_007_combined_dry_hot_stress_june2024,smartgarden_pa1_joint_c389fa3f9aaf
2024-06-14T20:00,31.4,74.0,0.0,0.0,0.0,1.04,100570.0,26.3,1.18,0.01,32.9,0.121,0,0,0,1.0,31.850863256218258,72.11401608191709,0.02415543389583388,37.77887419404663,0.17328453075301944,0.0,1.3147824762184714,0.0,0.002362780875924468,1.4740118852352621e-07,0.14373167131493486,0.0,0.0,1.1487084885843444,interaction_007_combined_dry_hot_stress_june2024,smartgarden_pa1_joint_c389fa3f9aaf
2024-06-14T21:00,30.9,79.0,0.0,0.0,0.0,0.78,100630.0,26.9,0.92,0.0,32.3,0.121,0,0,0,1.0,31.225301044447583,77.42613783803402,0.025082414429503375,37.481117658063,0.17326105375520326,0.0,1.0272324383346794,0.0,0.0018374438025556856,1.1504763576795908e-07,0.1435867515753288,0.0,0.0,1.1517560796271782,interaction_007_combined_dry_hot_stress_june2024,smartgarden_pa1_joint_c389fa3f9aaf
2024-06-14T22:00,30.6,82.0,0.0,0.0,0.0,0.78,100610.0,27.1,0.79,0.0,31.9,0.121,0,0,0,1.0,30.836831237640595,80.88513447060502,0.025662707118587393,37.17918017308755,0.17324226799535078,0.0,0.8508078308115481,0.0,0.0017573154440030966,9.521153593016515e-08,0.14347079009475794,0.0,0.0,1.1529987261833754,interaction_007_combined_dry_hot_stress_june2024,smartgarden_pa1_joint_c389fa3f9aaf
2024-06-14T23:00,30.3,84.0,0.0,0.0,0.0,0.78,100640.0,27.3,0.7,0.0,31.5,0.121,0,0,0,1.0,30.528419634200123,83.02979544745082,0.02590986013868574,36.87868060123777,0.17322628906541382,0.0,0.7421707152661061,0.0,0.0017496858530605215,8.299715940463768e-08,0.14337215472477668,0.0,0.0,1.154513847329038,interaction_007_combined_dry_hot_stress_june2024,smartgarden_pa1_joint_c389fa3f9aaf
2024-06-15T00:00,30.0,86.0,0.0,0.0,0.0,0.76,100620.0,27.4,0.6,0.0,31.2,0.121,0,0,0,1.0,30.228334545642664,84.991784932623,0.026096566269520012,36.580600370546286,0.1732123358922487,0.0,0.6451960950603217,0.0,0.0017160257943312981,7.210911487918378e-08,0.14328602402622648,0.0,0.0,1.1554261673131143,interaction_007_combined_dry_hot_stress_june2024,smartgarden_pa1_joint_c389fa3f9aaf
2024-06-15T01:00,29.8,87.0,0.0,0.0,0.0,0.76,100570.0,27.4,0.56,0.0,30.9,0.121,0,0,0,1.0,29.988338259285886,86.23826790871848,0.026138257770872322,36.28571626275703,0.17320003783349278,0.0,0.583528780917522,0.0,0.0016775386636899725,6.518243234253319e-08,0.14321011008328877,0.0,0.0,1.1557663166586893,interaction_007_combined_dry_hot_stress_june2024,smartgarden_pa1_joint_c389fa3f9aaf
2024-06-15T02:00,29.4,88.0,0.0,0.0,0.0,0.85,100560.0,27.1,0.5,0.0,30.6,0.121,0,0,0,1.0,29.663624915984844,86.98740837087698,0.025905933801089544,35.99434327991816,0.17318871600896346,0.0,0.5415689757750002,0.0,0.001900792136356803,6.046583678542669e-08,0.14314022227755227,0.0,0.0,1.156890624088595,interaction_007_combined_dry_hot_stress_june2024,smartgarden_pa1_joint_c389fa3f9aaf
2024-06-15T03:00,29.2,88.0,0.0,0.0,0.0,0.95,100530.0,27.1,0.48,0.0,30.3,0.121,0,0,0,1.0,29.391221426577697,87.31635534965301,0.02562239030097685,35.704321279086535,0.17317811273257105,0.0,0.5196660800653312,0.0,0.002015009674261292,5.7993861789488184e-08,0.14307476995414234,0.0,0.0,1.157586825527555,interaction_007_combined_dry_hot_stress_june2024,smartgarden_pa1_joint_c389fa3f9aaf
2024-06-15T04:00,29.1,89.0,0.0,0.0,0.0,0.89,100500.0,27.1,0.44,0.0,30.1,0.121,0,0,0,1.0,29.242419325754586,88.3383152545777,0.025713494803944567,35.41949614219535,0.1731681165465417,0.0,0.4737136471889518,0.0,0.0018655549561752234,5.2842847718849155e-08,0.14301306510210937,0.0,0.0,1.1578108388891084,interaction_007_combined_dry_hot_stress_june2024,smartgarden_pa1_joint_c389fa3f9aaf
2024-06-15T05:00,28.9,90.0,0.0,0.0,0.0,0.89,100530.0,27.1,0.41,0.0,29.8,0.121,0,0,0,1.0,29.075841400258803,89.22864780424811,0.02573830229570381,35.14172907293097,0.17315900650282062,0.0,0.43336028967279905,0.0,0.0018948667330257723,4.832241443176134e-08,0.14295683026432487,0.0,0.0,1.1587947955734312,interaction_007_combined_dry_hot_stress_june2024,smartgarden_pa1_joint_c389fa3f9aaf
2024-06-15T06:00,29.0,89.0,23.0,10.0,13.0,1.08,100570.0,27.0,0.43,0.01,29.8,0.121,1,0,0,1.0,29.11990923217408,88.79376186576968,0.025674376478847464,34.880573047425834,0.17313555352814822,2481.3712,0.45200570615410607,19.55,0.0021976596963104236,2.1368103645009374e-07,0.14281205881572975,0.0,0.0,1.1590868622614392,interaction_007_combined_dry_hot_stress_june2024,smartgarden_pa1_joint_c389fa3f9aaf
2024-06-15T07:00,30.0,81.0,161.0,72.0,89.0,0.95,100690.0,26.4,0.8,0.12,30.8,0.121,0,0,0,1.0,30.14857960945968,82.94579915718774,0.025358939647841805,34.70290426560011,0.17715060489392015,17299.2336,0.7298105705471634,136.85,0.0019796184367705254,1.4371346861362853e-06,0.16759632650567996,0.0,0.0,1.1565340224681981,interaction_007_combined_dry_hot_stress_june2024,smartgarden_pa1_joint_c389fa3f9aaf
2024-06-15T08:00,31.6,70.0,350.0,212.0,138.0,0.45,100690.0,25.5,1.38,0.26,32.3,0.12,0,1,0,1.0,32.1869287828359,71.71165719810557,0.024454177712179087,34.700396965514294,0.17674728515924107,35655.1712,1.35932044709396,297.5,0.0030264176366369693,3.048533375028919e-06,0.16510669851383378,0.0,0.0,1.1488133049707212,interaction_007_combined_dry_hot_stress_june2024,smartgarden_pa1_joint_c389fa3f9aaf
2024-06-15T09:00,33.0,62.0,572.0,377.0,195.0,0.45,100720.0,24.7,1.93,0.44,34.1,0.12,0,1,0,1.0,34.498672297697524,60.825941185679554,0.0234287764870349,34.91756508346315,0.17603500978830788,57196.568,2.142328636513549,486.2,0.0037583038552378408,4.8395734542135724e-06,0.16070993696486352,0.0,0.0,1.1405205654658293,interaction_007_combined_dry_hot_stress_june2024,smartgarden_pa1_joint_c389fa3f9aaf
2024-06-15T10:00,34.4,55.0,762.0,608.0,154.0,0.32,100620.0,24.1,2.42,0.59,35.8,0.12,0,1,0,1.0,36.73518961269086,52.29637672844499,0.022616732535310956,35.34701889426402,0.1750378531178646,72474.08959999999,2.950408523476211,647.6999999999999,0.004196531389425978,6.21182469113344e-06,0.15455464887570744,0.0,0.0,1.1311649542465008,interaction_007_combined_dry_hot_stress_june2024,smartgarden_pa1_joint_c389fa3f9aaf
2024-06-15T11:00,35.1,52.0,824.0,698.0,126.0,0.22,100570.0,23.9,2.7,0.65,37.0,0.119,0,1,0,1.0,38.15393041486728,47.55659781555571,0.022112470147601482,35.91044272462532,0.17389701351838519,76944.9824,3.5032703165014927,700.4,0.0045415454451976315,6.447170976676289e-06,0.1475124291258345,0.0,0.0,1.1254502318074118,interaction_007_combined_dry_hot_stress_june2024,smartgarden_pa1_joint_c389fa3f9aaf
2024-06-15T12:00,35.8,50.0,895.0,690.0,205.0,0.57,100440.0,23.7,2.95,0.71,38.1,0.118,0,1,0,1.0,39.17543104662137,44.90658798821277,0.021988055495912748,36.535275261168955,0.17271583438239324,85972.39199999999,3.8882617129982395,760.75,0.004850440960056148,6.6656557961658555e-06,0.14022119989131632,0.0,0.0,1.1203192666776594,interaction_007_combined_dry_hot_stress_june2024,smartgarden_pa1_joint_c389fa3f9aaf
2024-06-15T13:00,36.2,49.0,828.0,658.0,170.0,1.08,100370.0,23.8,3.05,0.67,38.5,0.118,0,1,0,1.0,39.60681839810247,43.45234124350795,0.021742995183924196,37.1611814338722,0.17158480126848943,78845.008,4.084127659224594,703.8,0.0052962060892639785,5.910227646250868e-06,0.13323951400302123,0.0,0.0,1.1179942925341653,interaction_007_combined_dry_hot_stress_june2024,smartgarden_pa1_joint_c389fa3f9aaf
2024-06-15T14:00,36.0,49.0,843.0,727.0,116.0,1.51,100270.0,23.6,3.02,0.68,38.6,0.117,0,1,0,1.0,39.56827290698598,42.84060805523003,0.021395404954674825,37.748119015190476,0.17053776581196176,78265.1584,4.11981248091403,716.55,0.005862893727727629,5.721622356013292e-06,0.12677633217260345,0.0,0.0,1.1170180856692293,interaction_007_combined_dry_hot_stress_june2024,smartgarden_pa1_joint_c389fa3f9aaf
2024-06-15T15:00,33.9,57.0,658.0,509.0,149.0,1.84,100310.0,24.3,2.26,0.53,37.9,0.121,0,1,0,1.0,37.687094754652215,48.30101658142951,0.021931344718457493,38.22354590733115,0.1696386863587745,63146.17759999999,3.367406453250394,559.3,0.006387798108591485,4.28482520657914e-06,0.12122645900478085,0.0,0.0,1.1242265514600989,interaction_007_combined_dry_hot_stress_june2024,smartgarden_pa1_joint_c389fa3f9aaf
2024-06-15T16:00,32.6,65.0,393.0,306.0,87.0,1.91,100350.0,25.2,1.72,0.32,36.4,0.121,0,1,0,1.0,35.23416992188669,57.53233588449455,0.023025433486001685,38.44116165850469,0.1690291859688739,37644.8688,2.418900273459135,334.05,0.006118156048540537,2.5170993423886475e-06,0.1174641109189747,0.0,0.0,1.1336206515918086,interaction_007_combined_dry_hot_stress_june2024,smartgarden_pa1_joint_c389fa3f9aaf
2024-06-15T17:00,32.3,66.0,180.0,111.0,69.0,0.91,100400.0,25.1,1.65,0.15,35.2,0.121,0,1,0,1.0,33.6766277555732,62.193228139443924,0.022945671809404745,38.41244124555995,0.16869523027802008,18267.5856,1.9751133616587184,153.0,0.004147588575928329,1.210699468630333e-06,0.11540265603716102,0.0,0.0,1.1399429439612319,interaction_007_combined_dry_hot_stress_june2024,smartgarden_pa1_joint_c389fa3f9aaf
2024-06-15T18:00,31.6,68.0,61.0,33.0,28.0,0.71,100450.0,25.0,1.47,0.05,34.0,0.121,1,1,0,1.0,32.46691241530627,65.41150943051521,0.022639873819516588,38.22477721277473,0.16854176957570183,6353.1071999999995,1.6884979208088624,51.85,0.003565488491848537,4.979098502165189e-07,0.11445536775124587,0.0,0.0,1.1450250977465082,interaction_007_combined_dry_hot_stress_june2024,smartgarden_pa1_joint_c389fa3f9aaf
2024-06-15T19:00,30.8,71.0,0.0,0.0,0.0,1.12,100530.0,24.9,1.28,0.03,33.0,0.121,0,1,0,1.0,31.342132727472745,69.11405938455995,0.022530146671454247,37.942431989282866,0.17264000633372678,0.0,1.414836420147907,0.0,0.0039463057952118,1.5422769321235825e-07,0.139753125516832,0.0,0.0,1.1501700519004012,interaction_007_combined_dry_hot_stress_june2024,smartgarden_pa1_joint_c389fa3f9aaf
2024-06-15T20:00,30.1,72.0,0.0,0.0,0.0,1.04,100550.0,24.5,1.19,0.01,32.2,0.12,0,0,0,1.0,30.51913735573738,70.77189810864807,0.02207368799646055,37.617626150163204,0.1726138015795671,0.0,1.2775768387202424,0.0,0.0023420696599001055,1.391041847167082e-07,0.13959136777510558,0.0,0.0,1.153516651133523,interaction_007_combined_dry_hot_stress_june2024,smartgarden_pa1_joint_c389fa3f9aaf
2024-06-15T21:00,29.8,72.0,0.0,0.0,0.0,0.98,100590.0,24.2,1.16,0.01,31.7,0.12,0,0,0,1.0,30.053973966500937,71.36667926049418,0.02170765017292275,37.284820893809666,0.17258947178826378,0.0,1.2186967066007615,0.0,0.002117748689737666,1.3255047901433428e-07,0.13944118387817153,0.0,0.0,1.155745916969617,interaction_007_combined_dry_hot_stress_june2024,smartgarden_pa1_joint_c389fa3f9aaf
2024-06-15T22:00,29.4,75.0,0.0,0.0,0.0,1.03,100670.0,24.4,1.03,0.01,31.2,0.12,0,0,0,1.0,29.67740351535096,73.89770992433704,0.022024099138066845,36.95296437169972,0.1725668035662891,0.0,1.0872080598586193,0.0,0.0022237315803321648,1.1813057014544615e-07,0.13930125658203144,0.0,0.0,1.1581034210930208,interaction_007_combined_dry_hot_stress_june2024,smartgarden_pa1_joint_c389fa3f9aaf
2024-06-15T23:00,29.1,77.0,0.0,0.0,0.0,1.12,100710.0,24.6,0.94,0.01,30.9,0.12,0,0,0,1.0,29.34036753874546,76.07258834585355,0.022261397850415338,36.62269962955698,0.17254667751786634,0.0,0.9774694987473547,0.0,0.0023579716484184773,1.0611220904944145e-07,0.13917702171522436,0.0,0.0,1.1598544555718957,interaction_007_combined_dry_hot_stress_june2024,smartgarden_pa1_joint_c389fa3f9aaf
2024-06-16T00:00,29.0,78.0,0.0,0.0,0.0,1.12,100670.0,24.7,0.88,0.0,30.6,0.12,0,0,0,1.0,29.15628309053467,77.422377682256,0.022430742314664295,36.29724850508297,0.17252828786307597,0.0,0.9125868875788719,0.0,0.002298679491785095,9.898787457214444e-08,0.1390635053276295,0.0,0.0,1.160099778365557,interaction_007_combined_dry_hot_stress_june2024,smartgarden_pa1_joint_c389fa3f9aaf
2024-06-16T01:00,28.8,80.0,0.0,0.0,0.0,1.17,100610.0,24.9,0.8,0.0,30.3,0.12,0,0,0,1.0,28.98511464489545,79.20468121623018,0.022734234049905894,35.98006705648851,0.1725112203192628,0.0,0.8322771411467302,0.0,0.0024113266044454417,9.020831969760112e-08,0.13895815011890622,0.0,0.0,1.1600651900573182,interaction_007_combined_dry_hot_stress_june2024,smartgarden_pa1_joint_c389fa3f9aaf
2024-06-16T02:00,28.8,80.0,0.0,0.0,0.0,1.06,100570.0,25.0,0.79,0.0,30.1,0.12,0,0,0,1.0,28.907008959673536,79.67546554044746,0.022772216924132744,35.67131571739492,0.17249530077901953,0.0,0.8097704641719048,0.0,0.0021505279618320708,8.770681185024906e-08,0.13885988135197247,0.0,0.0,1.1599038269452822,interaction_007_combined_dry_hot_stress_june2024,smartgarden_pa1_joint_c389fa3f9aaf
2024-06-16T03:00,28.6,80.0,0.0,0.0,0.0,0.99,100570.0,24.9,0.78,0.0,30.0,0.12,0,0,0,1.0,28.77615508396017,79.49288632218256,0.02255844302559332,35.37275188030148,0.17247948665806476,0.0,0.8108823286650564,0.0,0.002075330653505189,8.776549642604668e-08,0.1387622633213874,0.0,0.0,1.1604065257299183,interaction_007_combined_dry_hot_stress_june2024,smartgarden_pa1_joint_c389fa3f9aaf
2024-06-16T04:00,28.4,82.0,0.0,0.0,0.0,1.06,100610.0,25.0,0.7,0.0,29.8,0.12,0,0,0,1.0,28.582038815752316,81.18550270972443,0.022795810305793626,35.08081798078055,0.1724643525422158,0.0,0.7356348605837426,0.0,0.0022073558533842745,7.956751520609647e-08,0.1386688428531839,0.0,0.0,1.1616148903814127,interaction_007_combined_dry_hot_stress_june2024,smartgarden_pa1_joint_c389fa3f9aaf
2024-06-16T05:00,28.3,82.0,0.0,0.0,0.0,1.34,100620.0,25.0,0.69,0.0,29.7,0.12,0,0,0,1.0,28.439911665707882,81.52434287789409,0.022713721046317113,34.79516872274328,0.1724503031820623,0.0,0.7164557791678341,0.0,0.0026998300053094498,7.74446085056153e-08,0.13858211840779205,0.0,0.0,1.1622778241947562,interaction_007_combined_dry_hot_stress_june2024,smartgarden_pa1_joint_c389fa3f9aaf
2024-06-16T06:00,28.4,82.0,21.0,9.0,12.0,1.41,100650.0,25.0,0.7,0.02,29.6,0.12,1,0,0,1.0,28.5105884049086,81.72785160247335,0.022858626274080317,34.52720912977925,0.17242345898695194,2270.1888,0.7114754801768512,17.849999999999998,0.0028150122548443643,2.2135218910879377e-07,0.13841641349970335,0.0,0.0,1.1623519651444276,interaction_007_combined_dry_hot_stress_june2024,smartgarden_pa1_joint_c389fa3f9aaf
2024-06-16T07:00,29.6,73.0,157.0,90.0,67.0,1.1,100700.0,24.3,1.11,0.12,30.4,0.12,0,0,0,1.0,29.656062551043007,75.18044119409886,0.02238049642255238,34.34338632409912,0.17644047105263483,16173.2208,1.0325121572777807,133.45,0.002187494129534945,1.4056186081121193e-06,0.16321278427552366,0.0,0.0,1.158530184189664,interaction_007_combined_dry_hot_stress_june2024,smartgarden_pa1_joint_c389fa3f9aaf
2024-06-16T08:00,30.7,67.0,251.0,103.0,148.0,0.5,100730.0,23.8,1.46,0.19,31.5,0.12,0,1,0,1.0,31.2098100955053,68.98553021047697,0.02232952386544872,34.29715776847063,0.17611654231929663,27294.995199999998,1.4100834877403319,213.35,0.0030063856075723157,2.1894110230679414e-06,0.16121322419318912,0.0,0.0,1.1529593040554704,interaction_007_combined_dry_hot_stress_june2024,smartgarden_pa1_joint_c389fa3f9aaf
2024-06-16T09:00,32.0,61.0,453.0,247.0,206.0,0.14,100780.0,23.6,1.85,0.34,33.0,0.119,0,1,0,1.0,33.10834046044279,60.797124435267925,0.0217691915469817,34.413205096210156,0.17557572739689958,47111.5744,1.9839778372168522,385.05,0.0033054631986901223,3.800510103911746e-06,0.15787486047468882,0.0,0.0,1.1463807319802726,interaction_007_combined_dry_hot_stress_june2024,smartgarden_pa1_joint_c389fa3f9aaf
2024-06-16T10:00,33.8,54.0,791.0,686.0,105.0,1.02,100720.0,23.2,2.42,0.61,35.1,0.119,0,1,0,1.0,35.880109684222724,51.83149537131173,0.021449766650341734,34.792220386194536,0.1746609446234649,73302.152,2.8429190826515627,672.35,0.004652253987854254,6.325068287225321e-06,0.15222805323126487,0.0,0.0,1.135422169873098,interaction_007_combined_dry_hot_stress_june2024,smartgarden_pa1_joint_c389fa3f9aaf
2024-06-16T11:00,34.7,51.0,861.0,724.0,137.0,1.41,100690.0,23.2,2.7,0.68,36.5,0.118,0,1,0,1.0,37.732355873489674,46.27386671451154,0.021059433299897113,35.38242350050597,0.17349519432017635,80587.98879999999,3.508037715506872,731.85,0.005543307579253147,6.6061371761662865e-06,0.1450320637047923,0.0,0.0,1.128321114587036,interaction_007_combined_dry_hot_stress_june2024,smartgarden_pa1_joint_c389fa3f9aaf
2024-06-16T12:00,35.3,50.0,892.0,745.0,147.0,1.62,100640.0,23.2,2.87,0.72,37.5,0.118,0,1,0,1.0,38.66265442008332,44.37170244936645,0.021170674319850147,36.026734686059775,0.17231325860188174,83667.8128,3.8193530918406604,758.1999999999999,0.0059389595738119205,6.519575417459203e-06,0.13773616420914656,0.0,0.0,1.1243961257914261,interaction_007_combined_dry_hot_stress_june2024,smartgarden_pa1_joint_c389fa3f9aaf
2024-06-16T13:00,34.7,51.0,702.0,533.0,169.0,1.14,100600.0,23.2,2.7,0.57,37.5,0.117,0,1,0,1.0,38.112255138844155,44.81718949904732,0.020794645001246746,36.59711744106057,0.17128185560080703,67721.8256,3.6779758475811297,596.6999999999999,0.005369215682446162,4.962583376913229e-06,0.13136947901732735,0.0,0.0,1.1259366860938638,interaction_007_combined_dry_hot_stress_june2024,smartgarden_pa1_joint_c389fa3f9aaf
2024-06-16T14:00,34.7,50.0,678.0,461.0,217.0,1.12,100480.0,22.9,2.74,0.55,37.6,0.117,0,1,0,1.0,37.65504269104408,44.95045049530889,0.02037667544522023,37.044782325162906,0.17042195030303417,67298.58080000001,3.5794212385807325,576.3,0.005160406841772952,4.601935046322444e-06,0.12606142162366774,0.0,0.0,1.1262479636421,interaction_007_combined_dry_hot_stress_june2024,smartgarden_pa1_joint_c389fa3f9aaf
2024-06-16T15:00,34.6,51.0,601.0,384.0,217.0,1.43,100500.0,23.1,2.68,0.49,37.3,0.117,0,1,0,1.0,37.32316601344887,45.92113165448178,0.02046695464556654,37.42802668975624,0.16965286315562525,60522.5808,3.4535362254399753,510.84999999999997,0.00545062174792504,3.952225143487127e-06,0.12131397009645219,0.0,0.0,1.1276762664831816,interaction_007_combined_dry_hot_stress_june2024,smartgarden_pa1_joint_c389fa3f9aaf
2024-06-16T16:00,33.5,56.0,379.0,182.0,197.0,1.81,100540.0,23.4,2.29,0.33,36.3,0.117,0,1,0,1.0,35.87946125777311,50.44605595146529,0.02087572163392837,37.662915754779014,0.16907458476871076,40282.932799999995,2.924583976240375,322.15,0.005873762915302691,2.48757906323826e-06,0.11774435042414054,0.0,0.0,1.1333953980091551,interaction_007_combined_dry_hot_stress_june2024,smartgarden_pa1_joint_c389fa3f9aaf
2024-06-16T17:00,32.1,61.0,167.0,39.0,128.0,0.91,100550.0,23.6,1.87,0.15,35.0,0.118,0,1,0,1.0,33.79718461498891,56.49864878944128,0.02097712584676827,37.673195864958096,0.16874668026693973,19199.3472,2.287947363162638,141.95,0.004329494315400483,1.1674638563693204e-06,0.11572024856135639,0.0,0.0,1.1411976520148563,interaction_007_combined_dry_hot_stress_june2024,smartgarden_pa1_joint_c389fa3f9aaf
2024-06-16T18:00,31.5,64.0,60.0,24.0,36.0,0.86,100610.0,23.9,1.65,0.06,33.8,0.118,1,1,0,1.0,32.32606762781811,61.608285064508074,0.021164730947561015,37.50842470847182,0.16859642468835684,6546.5664,1.8593452600595959,51.0,0.0037343994431485615,5.089668447804126e-07,0.11479274498985706,0.0,0.0,1.1473777043004019,interaction_007_combined_dry_hot_stress_june2024,smartgarden_pa1_joint_c389fa3f9aaf
2024-06-16T19:00,30.9,67.0,0.0,0.0,0.0,0.89,100570.0,24.2,1.46,0.03,32.9,0.118,0,0,0,1.0,31.359317109620324,65.55051535570666,0.021388138631150588,37.25300133847848,0.17269188688165701,0.0,1.5796173673234706,0.0,0.0021241207909082453,1.7258462296402436e-07,0.14007337581269766,0.0,0.0,1.1505627610134688,interaction_007_combined_dry_hot_stress_june2024,smartgarden_pa1_joint_c389fa3f9aaf
2024-06-16T20:00,30.4,71.0,0.0,0.0,0.0,1.0,100640.0,24.6,1.25,0.01,32.2,0.118,0,0,0,1.0,30.722647149100695,69.74116322005436,0.021991673641083682,36.96054301053865,0.1726632876748489,0.0,1.3380878843293043,0.0,0.0022041624441856405,1.460115253845202e-07,0.1398968374990673,0.0,0.0,1.1537759120209778,interaction_007_combined_dry_hot_stress_june2024,smartgarden_pa1_joint_c389fa3f9aaf
2024-06-16T21:00,30.0,75.0,0.0,0.0,0.0,1.0,100700.0,25.1,1.07,0.01,31.7,0.118,0,0,0,1.0,30.27216888286833,73.80382102775084,0.022714982028542934,36.66269431649267,0.17263911577457577,0.0,1.128991086505334,0.0,0.0021666723484814916,1.2306358478005874e-07,0.1397476282381221,0.0,0.0,1.1561777595638763,interaction_007_combined_dry_hot_stress_june2024,smartgarden_pa1_joint_c389fa3f9aaf
2024-06-16T22:00,29.7,77.0,0.0,0.0,0.0,0.99,100710.0,25.3,0.94,0.0,31.2,0.118,0,0,0,1.0,29.929217974663395,76.13037695687412,0.02300096988085949,36.36410346870183,0.17261825626203753,0.0,1.0086990062560761,0.0,0.0021163383277625846,1.0985006073774551e-07,0.1396188658150465,0.0,0.0,1.157600982680125,interaction_007_combined_dry_hot_stress_june2024,smartgarden_pa1_joint_c389fa3f9aaf
2024-06-16T23:00,29.4,79.0,0.0,0.0,0.0,0.85,100740.0,25.4,0.84,0.0,30.9,0.118,0,0,0,1.0,29.626585445853856,78.11258273522117,0.023216239122233178,36.067419777289054,0.17259947713122123,0.0,0.908990575251662,0.0,0.001868547492566085,9.890935271579349e-08,0.13950294525445206,0.0,0.0,1.1591032095489344,interaction_007_combined_dry_hot_stress_june2024,smartgarden_pa1_joint_c389fa3f9aaf
2024-06-17T00:00,29.1,81.0,0.0,0.0,0.0,1.0,100710.0,25.6,0.74,0.0,30.6,0.118,0,0,0,1.0,29.326370297985992,80.06941316489011,0.023413188475850555,35.77307788305054,0.172582619321253,0.0,0.8135367199816956,0.0,0.0021322980048277475,8.845676691322094e-08,0.13939888469909256,0.0,0.0,1.1599081283994441,interaction_007_combined_dry_hot_stress_june2024,smartgarden_pa1_joint_c389fa3f9aaf
2024-06-17T01:00,28.8,83.0,0.0,0.0,0.0,0.86,100680.0,25.7,0.67,0.0,30.3,0.118,0,0,0,1.0,29.02753211481,82.03223391849409,0.02360030270240021,35.48099612905675,0.17256761416513172,0.0,0.7208767109227083,0.0,0.0018870832028965827,7.832965820204721e-08,0.13930626027859092,0.0,0.0,1.1607093574878062,interaction_007_combined_dry_hot_stress_june2024,smartgarden_pa1_joint_c389fa3f9aaf
2024-06-17T02:00,28.7,87.0,0.0,0.0,0.0,0.86,100650.0,26.4,0.51,0.0,30.1,0.118,0,0,0,1.0,28.84820285147223,85.90882422054494,0.024475173963270043,35.19267419489805,0.17255504485104056,0.0,0.5595144519457906,0.0,0.0018166779841457218,6.076235417027961e-08,0.1392286719200035,0.0,0.0,1.161052530870584,interaction_007_combined_dry_hot_stress_june2024,smartgarden_pa1_joint_c389fa3f9aaf
2024-06-17T03:00,28.6,88.0,0.0,0.0,0.0,0.81,100610.0,26.4,0.47,0.0,29.9,0.118,0,0,0,1.0,28.73833594182337,87.36926154688972,0.024742468218262714,34.91193412362055,0.17254483224103756,0.0,0.4983461840885792,0.0,0.001717698165703083,5.409507575448043e-08,0.13916563111751584,0.0,0.0,1.1610134856653227,interaction_007_combined_dry_hot_stress_june2024,smartgarden_pa1_joint_c389fa3f9aaf
2024-06-17T04:00,28.5,88.0,0.0,0.0,0.0,0.81,100630.0,26.3,0.47,0.0,29.7,0.118,0,0,0,1.0,28.63519723897408,87.53609221382307,0.024650474163169248,34.639358366625764,0.17253523134294158,0.0,0.48883465717155783,0.0,0.0017147304646626007,5.304001005241174e-08,0.1391063663144542,0.0,0.0,1.1616411496442385,interaction_007_combined_dry_hot_stress_june2024,smartgarden_pa1_joint_c389fa3f9aaf
2024-06-17T05:00,28.4,88.0,0.0,0.0,0.0,0.95,100700.0,26.3,0.46,0.0,29.6,0.118,0,0,0,1.0,28.531996050555776,87.53053012067156,0.024510264700130048,34.37468066430356,0.17252571312396112,0.0,0.48613571818197476,0.0,0.0019664275493020108,5.272488831556061e-08,0.1390476118763032,0.0,0.0,1.1628468652873079,interaction_007_combined_dry_hot_stress_june2024,smartgarden_pa1_joint_c389fa3f9aaf
2024-06-17T06:00,28.5,87.0,22.0,11.0,11.0,0.95,100740.0,26.2,0.49,0.01,29.6,0.118,1,0,0,1.0,28.609367888047764,86.89361946697474,0.024435041735197196,34.12772314764173,0.1725023574664744,2323.0063999999998,0.5132635663945679,18.7,0.0019473465708770498,2.0756279840717032e-07,0.13890344115107664,0.0,0.0,1.1630104954910896,interaction_007_combined_dry_hot_stress_june2024,smartgarden_pa1_joint_c389fa3f9aaf
2024-06-17T07:00,29.6,78.0,171.0,115.0,56.0,0.82,100770.0,25.4,0.9,0.12,30.5,0.118,0,0,0,1.0,29.730828439339795,80.64256871238813,0.024103976160311975,33.96878008697813,0.1765127767632909,17018.214399999997,0.8087523440317241,145.35,0.0017280991158244356,1.4948299313274237e-06,0.16365911582278345,0.0,0.0,1.1590493369441728,interaction_007_combined_dry_hot_stress_june2024,smartgarden_pa1_joint_c389fa3f9aaf
2024-06-17T08:00,31.3,66.0,372.0,277.0,95.0,0.54,100820.0,24.3,1.53,0.27,32.2,0.117,0,1,0,1.0,31.914190835068442,67.64670188420732,0.02273563754602355,33.99662169099538,0.17609320708757523,36078.328,1.530883022109177,316.2,0.003152657264278061,3.1717402590591577e-06,0.16106917955293354,0.0,0.0,1.1513249329468016,interaction_007_combined_dry_hot_stress_june2024,smartgarden_pa1_joint_c389fa3f9aaf
2024-06-17T09:00,32.9,58.0,613.0,505.0,108.0,0.2,100760.0,23.5,2.09,0.46,34.1,0.117,0,1,0,1.0,34.46215553343603,57.16231304072415,0.021975675000322943,34.259877739928505,0.1753503073553083,57743.699199999995,2.3379415044742635,521.05,0.003669680749184531,5.055198581710856e-06,0.15648337873647097,0.0,0.0,1.1411089579038984,interaction_007_combined_dry_hot_stress_june2024,smartgarden_pa1_joint_c389fa3f9aaf
2024-06-17T10:00,34.0,53.0,709.0,582.0,127.0,0.5,100750.0,23.2,2.49,0.55,35.7,0.117,0,1,0,1.0,36.36204585141994,50.08171924443599,0.021247357111828086,34.70758744129089,0.17438405179053246,66860.1648,3.0250640095644603,602.65,0.004311118368245409,5.661702117963304e-06,0.15051883821316334,0.0,0.0,1.1339918875772361,interaction_007_combined_dry_hot_stress_june2024,smartgarden_pa1_joint_c389fa3f9aaf
2024-06-17T11:00,34.7,51.0,795.0,669.0,126.0,1.03,100680.0,23.1,2.71,0.63,36.7,0.116,0,1,0,1.0,37.59453428827168,46.61733592242345,0.02106718266743735,35.25161554036722,0.1733257962720978,74392.9824,3.4596682618497887,675.75,0.005035362928663342,6.080533474697293e-06,0.14398639674134442,0.0,0.0,1.128709439577325,interaction_007_combined_dry_hot_stress_june2024,smartgarden_pa1_joint_c389fa3f9aaf
2024-06-17T12:00,34.9,51.0,825.0,687.0,138.0,1.35,100650.0,23.2,2.75,0.66,37.4,0.116,0,1,0,1.0,38.1802922446445,45.398397496408535,0.021137252992377564,35.84446038805624,0.17223590972947317,77455.1712,3.6526368490098666,701.25,0.00556111357533662,6.0218387213284945e-06,0.137258702033785,0.0,0.0,1.1262501159493308,interaction_007_combined_dry_hot_stress_june2024,smartgarden_pa1_joint_c389fa3f9aaf
2024-06-17T13:00,34.6,52.0,704.0,466.0,238.0,1.7,100590.0,23.3,2.63,0.58,37.4,0.116,0,1,0,1.0,37.797353658026815,45.92171171225356,0.02096848964300854,36.3843897415578,0.17124936253311632,70325.41119999999,3.543484918376286,598.4,0.005994788013907947,4.954291266635958e-06,0.13116890452540939,0.0,0.0,1.1269649051464106,interaction_007_combined_dry_hot_stress_june2024,smartgarden_pa1_joint_c389fa3f9aaf
2024-06-17T14:00,35.0,51.0,647.0,410.0,237.0,1.57,100540.0,23.2,2.77,0.54,37.4,0.116,0,1,0,1.0,37.66788086024275,46.18007675385848,0.020947790347336518,36.8259284575697,0.1704089047114262,65274.2288,3.501904858944048,549.9499999999999,0.005620694853606526,4.3971817669882665e-06,0.12598089328040865,0.0,0.0,1.1268739374627466,interaction_007_combined_dry_hot_stress_june2024,smartgarden_pa1_joint_c389fa3f9aaf
2024-06-17T15:00,32.0,66.0,437.0,187.0,250.0,1.4,100470.0,24.7,1.63,0.35,36.3,0.137,0,1,0,1.0,35.28217540820854,56.659848751825045,0.022732842766360065,37.123567741424374,0.1697542835315003,47251.6,2.475142128448731,371.45,0.005635631571356442,2.88515406457451e-06,0.12194002179938457,0.0,0.0,1.1347996000120997,interaction_007_combined_dry_hot_stress_june2024,smartgarden_pa1_joint_c389fa3f9aaf
2024-06-17T16:00,32.3,63.0,229.0,79.0,150.0,1.78,100520.0,24.3,1.81,0.22,34.7,0.137,0,1,0,1.0,33.64944279786226,59.564815747350664,0.021944564422734306,37.17890889024017,0.16935684097168402,25429.36,2.109224758638187,194.65,0.005441261929678131,1.5571766424830782e-06,0.1194866726647162,0.0,0.0,1.1414065546290941,interaction_007_combined_dry_hot_stress_june2024,smartgarden_pa1_joint_c389fa3f9aaf
2024-06-17T17:00,31.9,65.0,149.0,62.0,87.0,1.12,100530.0,24.5,1.65,0.14,34.1,0.137,0,1,0,1.0,32.909289449264655,62.28235763234319,0.022067749338404854,37.09769193426242,0.16912261093009817,16172.868799999998,1.8876210319328655,126.64999999999999,0.004225987017039664,1.0483640225711496e-06,0.11804080821048257,0.0,0.0,1.1442806808204287,interaction_007_combined_dry_hot_stress_june2024,smartgarden_pa1_joint_c389fa3f9aaf
2024-06-17T18:00,31.6,66.0,62.0,23.0,39.0,0.99,100550.0,24.4,1.58,0.06,33.3,0.137,1,1,0,1.0,32.22413687380186,64.27062832013212,0.021960118668364736,36.937367598422306,0.16898181295271852,6828.1136,1.7204873102915776,52.699999999999996,0.0037887367373649434,5.184765155897433e-07,0.11717168489332426,0.0,0.0,1.1470762061292534,interaction_007_combined_dry_hot_stress_june2024,smartgarden_pa1_joint_c389fa3f9aaf
2024-06-17T19:00,31.1,69.0,0.0,0.0,0.0,0.99,100660.0,24.8,1.39,0.03,32.5,0.136,0,0,0,1.0,31.50002089813863,67.69584941846398,0.0222549208738739,36.7079132923,0.1730768851234371,0.0,1.4931218682561629,0.0,0.0022433279548552685,1.6590215695463354e-07,0.1424499081693649,0.0,0.0,1.1510605311683397,interaction_007_combined_dry_hot_stress_june2024,smartgarden_pa1_joint_c389fa3f9aaf
2024-06-17T20:00,30.8,71.0,0.0,0.0,0.0,0.71,100720.0,25.0,1.27,0.0,32.0,0.136,0,0,0,1.0,31.028463297571925,70.27637512154371,0.02252733743048691,36.4453169941067,0.17304874490250716,0.0,1.337526670039816,0.0,0.0016320885370245532,1.4843260860541433e-07,0.14227620310189606,0.0,0.0,1.153532153098304,interaction_007_combined_dry_hot_stress_june2024,smartgarden_pa1_joint_c389fa3f9aaf
2024-06-17T21:00,30.5,73.0,0.0,0.0,0.0,0.72,100740.0,25.1,1.17,0.0,31.6,0.136,0,0,0,1.0,30.71285746388864,72.30260370274115,0.02278738372385579,36.181499606961395,0.17302319577014558,0.0,1.2241335375938136,0.0,0.0016333383692334915,1.3569817003803782e-07,0.14211849240830607,0.0,0.0,1.1549595593737991,interaction_007_combined_dry_hot_stress_june2024,smartgarden_pa1_joint_c389fa3f9aaf
2024-06-17T22:00,30.1,76.0,0.0,0.0,0.0,1.0,100780.0,25.3,1.04,0.01,31.2,0.136,0,0,0,1.0,30.350926602550363,74.99434325070317,0.023179637814338457,35.91769820328611,0.17300014223698595,0.0,1.082550416859028,0.0,0.0021504974130612674,1.19883176431133e-07,0.14197618664806147,0.0,0.0,1.1567960086391236,interaction_007_combined_dry_hot_stress_june2024,smartgarden_pa1_joint_c389fa3f9aaf
2024-06-17T23:00,29.8,78.0,0.0,0.0,0.0,0.99,100780.0,25.6,0.91,0.0,30.9,0.136,0,0,0,1.0,30.01622421878704,77.17037067976226,0.023425123017488548,35.65284940076995,0.17297975664032034,0.0,0.9695778247110396,0.0,0.0021061937646013017,1.0727726367564491e-07,0.14185034963160706,0.0,0.0,1.1580731376551185,interaction_007_combined_dry_hot_stress_june2024,smartgarden_pa1_joint_c389fa3f9aaf
2024-06-18T00:00,29.5,80.0,0.0,0.0,0.0,1.06,100730.0,25.6,0.83,0.0,30.7,0.136,0,0,0,1.0,29.713339041167142,79.14368771514687,0.023633558927262002,35.388603112610355,0.17296144855528858,0.0,0.8705000011554116,0.0,0.002230010597242367,9.623823441511567e-08,0.14173733676104067,0.0,0.0,1.1586561646620108,interaction_007_combined_dry_hot_stress_june2024,smartgarden_pa1_joint_c389fa3f9aaf
2024-06-18T01:00,29.2,81.0,0.0,0.0,0.0,0.89,100710.0,25.7,0.75,0.0,30.4,0.136,0,0,0,1.0,29.41496843705985,80.25811420164055,0.023581590810545974,35.12535507545504,0.17294477338227784,0.0,0.8099591798310266,0.0,0.0019283320123234266,8.948010658945962e-08,0.1416344035943077,0.0,0.0,1.159568480018458,interaction_007_combined_dry_hot_stress_june2024,smartgarden_pa1_joint_c389fa3f9aaf
2024-06-18T02:00,28.8,83.0,0.0,0.0,0.0,0.98,100610.0,25.7,0.66,0.0,30.1,0.136,0,0,0,1.0,29.056318318148495,81.95850699099564,0.023616087007228996,34.862357575899516,0.17292947034309336,0.0,0.7250394232898141,0.0,0.0021202177273159477,8.004518866691296e-08,0.1415399403894652,0.0,0.0,1.1597918638634626,interaction_007_combined_dry_hot_stress_june2024,smartgarden_pa1_joint_c389fa3f9aaf
2024-06-18T03:00,28.7,84.0,0.0,0.0,0.0,0.98,100520.0,25.7,0.63,0.0,29.9,0.136,0,0,0,1.0,28.841684308223535,83.4091548805131,0.02375457784930244,34.599889503399226,0.1729158012359599,0.0,0.6585197349751328,0.0,0.00202939824986976,7.265799838385659e-08,0.14145556318493768,0.0,0.0,1.1595779392674421,interaction_007_combined_dry_hot_stress_june2024,smartgarden_pa1_joint_c389fa3f9aaf
2024-06-18T04:00,28.6,84.0,0.0,0.0,0.0,0.98,100510.0,25.7,0.61,0.0,29.7,0.136,0,0,0,1.0,28.727951461567482,83.60008921853087,0.023661642462630045,34.34346739501501,0.17290289033676162,0.0,0.6466700267020906,0.0,0.0020182657526772027,7.131035747154556e-08,0.14137586627630633,0.0,0.0,1.1598994101237774,interaction_007_combined_dry_hot_stress_june2024,smartgarden_pa1_joint_c389fa3f9aaf
2024-06-18T05:00,28.5,85.0,0.0,0.0,0.0,0.82,100540.0,25.7,0.59,0.0,29.6,0.136,0,0,0,1.0,28.625359162680613,84.47550480450644,0.023775818528535785,34.09415884155581,0.172890401157159,0.0,0.6085239136553819,0.0,0.0017233333766940554,6.706727202401818e-08,0.14129877257505563,0.0,0.0,1.160640054279564,interaction_007_combined_dry_hot_stress_june2024,smartgarden_pa1_joint_c389fa3f9aaf
2024-06-18T06:00,28.4,85.0,21.0,10.0,11.0,1.1,100630.0,25.7,0.58,0.02,29.5,0.135,1,0,0,1.0,28.580470485687588,84.5359818798519,0.02373454570405903,33.860025858031925,0.1728651687393885,2235.0063999999998,0.6045782892131095,17.849999999999998,0.002279427633006498,2.1394402971685343e-07,0.14114301690980563,0.0,0.0,1.161851843806156,interaction_007_combined_dry_hot_stress_june2024,smartgarden_pa1_joint_c389fa3f9aaf
2024-06-18T07:00,29.7,76.0,181.0,125.0,56.0,1.2,100680.0,25.1,0.99,0.13,30.8,0.135,0,0,0,1.0,29.77923313040879,78.13994078171547,0.02341725550956891,33.714774602903084,0.1768646502868616,17898.214399999997,0.9158558878833496,153.85,0.0023949301372798593,1.6109823004825029e-06,0.16583117461025684,0.0,0.0,1.1578291257128062,interaction_007_combined_dry_hot_stress_june2024,smartgarden_pa1_joint_c389fa3f9aaf
2024-06-18T08:00,31.4,65.0,398.0,318.0,80.0,1.12,100730.0,24.0,1.62,0.3,32.3,0.135,0,1,0,1.0,32.07264534711222,65.52349482045713,0.02220858813318697,33.76973221894275,0.17641015918135322,37838.592000000004,1.6460218270370581,338.3,0.004027325308842248,3.43567592957774e-06,0.16302567395897052,0.0,0.0,1.1496999982786142,interaction_007_combined_dry_hot_stress_june2024,smartgarden_pa1_joint_c389fa3f9aaf
2024-06-18T09:00,32.6,59.0,590.0,488.0,102.0,1.04,100770.0,23.5,2.03,0.45,33.9,0.134,0,1,0,1.0,34.257329677859666,57.05676085566844,0.02170146362331839,34.044124954522616,0.17565483416600206,55508.6048,2.3171952821382167,501.5,0.004466866330845108,4.932246755521948e-06,0.15836317386421025,0.0,0.0,1.1419826057615385,interaction_007_combined_dry_hot_stress_june2024,smartgarden_pa1_joint_c389fa3f9aaf
2024-06-18T10:00,33.6,55.0,751.0,638.0,113.0,0.89,100720.0,23.2,2.35,0.58,35.3,0.134,0,1,0,1.0,36.06319975479687,51.481811036020815,0.021507457431882916,34.49756081319353,0.17466600828901963,70063.6112,2.8924746916315547,638.35,0.004695458503771393,6.029408589950968e-06,0.1522593104260471,0.0,0.0,1.1347498682851374,interaction_007_combined_dry_hot_stress_june2024,smartgarden_pa1_joint_c389fa3f9aaf
2024-06-18T11:00,34.5,52.0,858.0,729.0,129.0,0.73,100620.0,23.1,2.64,0.67,36.7,0.133,0,1,0,1.0,37.54683343462421,47.47605899350089,0.0214030989655018,35.081208148533534,0.1735293529762859,80042.5296,3.3952193398763852,729.3,0.004820784590599616,6.58129380855682e-06,0.14524291960670319,0.0,0.0,1.1282099738672275,interaction_007_combined_dry_hot_stress_june2024,smartgarden_pa1_joint_c389fa3f9aaf
2024-06-18T12:00,34.8,51.0,758.0,622.0,136.0,0.22,100560.0,23.1,2.75,0.6,37.2,0.132,0,1,0,1.0,38.00973053201279,45.888426552268655,0.021181005181221946,35.677363480689834,0.17243339461052418,71488.8064,3.5866471579257344,644.3,0.004620245714356261,5.606844061912492e-06,0.13847774450940853,0.0,0.0,1.125859837044503,interaction_007_combined_dry_hot_stress_june2024,smartgarden_pa1_joint_c389fa3f9aaf
2024-06-18T13:00,35.2,51.0,778.0,578.0,200.0,0.45,100480.0,23.4,2.8,0.62,37.6,0.131,0,1,0,1.0,38.33955413305491,45.86919545875801,0.021529800450359123,36.2295718103613,0.17143424568646978,75500.48,3.6524018687757107,661.3,0.004674119786703224,5.495492308394329e-06,0.1323101585584555,0.0,0.0,1.1237729862073023,interaction_007_combined_dry_hot_stress_june2024,smartgarden_pa1_joint_c389fa3f9aaf
2024-06-18T14:00,34.9,52.0,694.0,574.0,120.0,1.1,100410.0,23.7,2.66,0.56,37.5,0.13,0,1,0,1.0,38.08119899279255,46.11837362904499,0.021364631982773528,36.74075864167302,0.1705152105309057,65293.888000000006,3.5852294904065043,589.9,0.00523143359475132,4.724276746756172e-06,0.12663710204262787,0.0,0.0,1.1239223046975864,interaction_007_combined_dry_hot_stress_june2024,smartgarden_pa1_joint_c389fa3f9aaf
2024-06-18T15:00,34.1,56.0,514.0,370.0,144.0,0.99,100330.0,24.0,2.36,0.42,36.9,0.129,0,1,0,1.0,36.90852908037351,49.941783519828384,0.021791399481237487,37.11290923128114,0.16978390785626904,50298.2656,3.125444809576182,436.9,0.00495738912025316,3.419013061643137e-06,0.12212288800166077,0.0,0.0,1.1272742291958382,interaction_007_combined_dry_hot_stress_june2024,smartgarden_pa1_joint_c389fa3f9aaf
2024-06-18T16:00,33.3,59.0,393.0,277.0,116.0,1.17,100340.0,24.2,2.1,0.32,36.1,0.129,0,1,0,1.0,35.56057643924847,53.70650219227672,0.02186127110971708,37.31914418899196,0.16924596858355015,38665.1584,2.684675205091097,334.05,0.004922571444378116,2.570402659520891e-06,0.11880227520709971,0.0,0.0,1.1323092021754892,interaction_007_combined_dry_hot_stress_june2024,smartgarden_pa1_joint_c389fa3f9aaf
2024-06-18T17:00,32.8,62.0,236.0,172.0,64.0,1.12,100370.0,24.4,1.91,0.19,35.2,0.129,0,1,0,1.0,34.35505876767689,57.99630870812084,0.022171857757979918,37.376126184465996,0.16887387553319433,23019.673600000002,2.2788364580283065,200.6,0.004519159799300375,1.5742900480967132e-06,0.11650540452589095,0.0,0.0,1.1370880834334331,interaction_007_combined_dry_hot_stress_june2024,smartgarden_pa1_joint_c389fa3f9aaf
2024-06-18T18:00,32.3,64.0,85.0,52.0,33.0,0.64,100430.0,24.6,1.74,0.06,34.2,0.129,1,1,0,1.0,33.21968570085355,61.50091937429264,0.02215093775941891,37.28344004483996,0.16867298220237067,8641.0192,1.9605519908683613,72.25,0.0035202278869898513,6.634505450512017e-07,0.11526532223685605,0.0,0.0,1.1419842662898698,interaction_007_combined_dry_hot_stress_june2024,smartgarden_pa1_joint_c389fa3f9aaf
2024-06-18T19:00,31.5,70.0,0.0,0.0,0.0,0.41,100530.0,25.3,1.41,0.02,33.2,0.129,0,1,0,1.0,32.06684960452407,67.8737036138487,0.022998077245474254,37.073510497776134,0.17275185692021133,0.0,1.533313124480645,0.0,0.0029656029528965047,1.6796828543957623e-07,0.14044356123587245,0.0,0.0,1.1474390504855998,interaction_007_combined_dry_hot_stress_june2024,smartgarden_pa1_joint_c389fa3f9aaf
2024-06-18T20:00,31.1,73.0,0.0,0.0,0.0,0.82,100630.0,25.6,1.22,0.0,32.5,0.129,0,0,0,1.0,31.387256585932185,71.91984775306544,0.023501450832242823,36.81045991312741,0.17272434616263221,0.0,1.28960737750608,0.0,0.0018694302263799515,1.411004807349342e-07,0.14027374174464333,0.0,0.0,1.1511435658033349,interaction_007_combined_dry_hot_stress_june2024,smartgarden_pa1_joint_c389fa3f9aaf
2024-06-18T21:00,30.8,75.0,0.0,0.0,0.0,1.3,100660.0,25.8,1.12,0.01,32.0,0.129,0,0,0,1.0,31.01574798246089,74.21009320104271,0.023772087041455583,36.54217103809513,0.17270033114382738,0.0,1.1596745316575294,0.0,0.002670497969036475,1.2674998019998334e-07,0.14012550088782336,0.0,0.0,1.1528931748609577,interaction_007_combined_dry_hot_stress_june2024,smartgarden_pa1_joint_c389fa3f9aaf
2024-06-18T22:00,30.5,75.0,0.0,0.0,0.0,0.89,100700.0,25.7,1.07,0.0,31.7,0.129,0,0,0,1.0,30.710575986193483,74.50789029281941,0.023479536816277125,36.2741181461878,0.17267792483804437,0.0,1.1265205013428892,0.0,0.0019238184668448662,1.2300478309393015e-07,0.1399871903582986,0.0,0.0,1.154509637462632,interaction_007_combined_dry_hot_stress_june2024,smartgarden_pa1_joint_c389fa3f9aaf
2024-06-18T23:00,30.2,77.0,0.0,0.0,0.0,0.76,100680.0,25.8,0.98,0.0,31.3,0.129,0,0,0,1.0,30.4131854552166,76.21723349011215,0.023636800744748814,36.00725033323858,0.1726566354136485,0.0,1.033281591649645,0.0,0.001701371297581325,1.1271810960049104e-07,0.13985577415832415,0.0,0.0,1.1554111498147237,interaction_007_combined_dry_hot_stress_june2024,smartgarden_pa1_joint_c389fa3f9aaf
2024-06-19T00:00,30.0,79.0,0.0,0.0,0.0,0.81,100660.0,26.0,0.88,0.0,31.0,0.129,0,0,0,1.0,30.174091757229885,78.27940406961626,0.02396527521902965,35.7423397938877,0.17263737612984437,0.0,0.9308619057201168,0.0,0.0017508709949365232,1.0145908300055193e-07,0.13973688969039735,0.0,0.0,1.156092194470731,interaction_007_combined_dry_hot_stress_june2024,smartgarden_pa1_joint_c389fa3f9aaf
2024-06-19T01:00,29.7,82.0,0.0,0.0,0.0,0.81,100580.0,26.2,0.77,0.0,30.8,0.129,0,0,0,1.0,29.910318079811304,80.98994165593649,0.024444167801558638,35.48049599169797,0.17262033366308335,0.0,0.8024692509667641,0.0,0.0017846318760097201,8.739910694297266e-08,0.13963168927829234,0.0,0.0,1.1561788095664902,interaction_007_combined_dry_hot_stress_june2024,smartgarden_pa1_joint_c389fa3f9aaf
2024-06-19T02:00,29.3,84.0,0.0,0.0,0.0,0.91,100560.0,26.3,0.64,0.0,30.5,0.129,0,0,0,1.0,29.555010131218754,82.95446000310908,0.024559802220606733,35.2192818131045,0.1726055964452028,0.0,0.7049968931036972,0.0,0.0019966385669061447,7.673310310670792e-08,0.13954071879754812,0.0,0.0,1.1573057325999432,interaction_007_combined_dry_hot_stress_june2024,smartgarden_pa1_joint_c389fa3f9aaf
2024-06-19T03:00,29.2,84.0,0.0,0.0,0.0,0.9,100510.0,26.3,0.64,0.0,30.2,0.129,0,0,0,1.0,29.34033716096814,83.55804162445493,0.02445185287272661,34.958561561277484,0.1725922261449153,0.0,0.6716766904146025,0.0,0.0018818511149415879,7.306323404425722e-08,0.13945818607972404,0.0,0.0,1.1575512167296689,interaction_007_combined_dry_hot_stress_june2024,smartgarden_pa1_joint_c389fa3f9aaf
2024-06-19T04:00,29.1,85.0,0.0,0.0,0.0,1.0,100510.0,26.3,0.6,0.0,29.9,0.129,0,0,0,1.0,29.226114749150117,84.46577187188747,0.02456448595548006,34.703802993071434,0.17257945200615885,0.0,0.6304284325746456,0.0,0.0020535922320193897,6.85375818430678e-08,0.13937933337135092,0.0,0.0,1.1579884810681151,interaction_007_combined_dry_hot_stress_june2024,smartgarden_pa1_joint_c389fa3f9aaf
2024-06-19T05:00,29.0,85.0,0.0,0.0,0.0,1.0,100500.0,26.2,0.6,0.0,29.7,0.129,0,0,0,1.0,29.122566266867402,84.60822341965431,0.02446768227252186,34.45606703327207,0.17256724995415415,0.0,0.6209254283470025,0.0,0.0020507826781107443,6.746797462117095e-08,0.13930401206267998,0.0,0.0,1.1582699184951986,interaction_007_combined_dry_hot_stress_june2024,smartgarden_pa1_joint_c389fa3f9aaf
2024-06-19T06:00,29.1,84.0,17.0,2.0,15.0,1.14,100630.0,26.1,0.64,0.02,29.5,0.129,1,0,0,1.0,29.186194048843635,83.9364180957324,0.024357591026466303,34.2234001828818,0.1725443122838985,2023.7359999999999,0.6504113945637826,14.45,0.002285874939590743,1.8823747718016621e-07,0.13916242150554628,0.0,0.0,1.1595241005437136,interaction_007_combined_dry_hot_stress_june2024,smartgarden_pa1_joint_c389fa3f9aaf
2024-06-19T07:00,29.6,80.0,141.0,43.0,98.0,1.3,100650.0,25.8,0.84,0.11,30.7,0.128,0,0,0,1.0,29.872730407191174,80.44715819941844,0.02423101853568256,34.061543385990035,0.17657811805481394,15855.8752,0.8236026997167398,119.85,0.002705773924439709,1.2556741814189147e-06,0.16406245712848114,0.0,0.0,1.1571269827444892,interaction_007_combined_dry_hot_stress_june2024,smartgarden_pa1_joint_c389fa3f9aaf
2024-06-19T08:00,31.1,69.0,311.0,159.0,152.0,1.5,100650.0,24.6,1.41,0.25,31.8,0.128,0,0,0,1.0,31.597985030292723,70.09551279559211,0.023164709709449356,34.049652996629845,0.17622395669002178,32715.7248,1.3899063936093063,264.34999999999997,0.0031906978586709934,2.6788260604191138e-06,0.16187627586433198,0.0,0.0,1.1505761972608803,interaction_007_combined_dry_hot_stress_june2024,smartgarden_pa1_joint_c389fa3f9aaf
2024-06-19T09:00,32.4,61.0,452.0,195.0,257.0,1.5,100620.0,23.8,1.91,0.36,33.2,0.128,0,1,0,1.0,33.53108684400524,59.759608028237615,0.021879724134175767,34.21210432365731,0.17563802216541635,48817.8768,2.085234987634529,384.2,0.004885055545164976,3.8143969718089347e-06,0.15825939608281703,0.0,0.0,1.1429829923232502,interaction_007_combined_dry_hot_stress_june2024,smartgarden_pa1_joint_c389fa3f9aaf
2024-06-19T10:00,33.6,55.0,643.0,364.0,279.0,1.4,100570.0,23.4,2.33,0.51,34.8,0.127,0,1,0,1.0,35.476625329548895,52.50379949057951,0.021278935849941998,34.54892816675198,0.17482228571834227,66399.8896,2.7417202352811922,546.55,0.0050630506088354624,5.226733211998076e-06,0.15322398591569306,0.0,0.0,1.1352133999257596,interaction_007_combined_dry_hot_stress_june2024,smartgarden_pa1_joint_c389fa3f9aaf
2024-06-19T11:00,34.5,52.0,737.0,377.0,360.0,0.91,100510.0,23.4,2.6,0.59,36.2,0.126,0,1,0,1.0,37.039133198150296,48.36738263186338,0.021246176892802972,35.03209506330947,0.17383161735848082,77521.66399999999,3.2467633282721797,626.4499999999999,0.0047487692669422885,5.763691427286258e-06,0.14710874912642485,0.0,0.0,1.1288211621713071,interaction_007_combined_dry_hot_stress_june2024,smartgarden_pa1_joint_c389fa3f9aaf
2024-06-19T12:00,35.2,50.0,832.0,510.0,322.0,0.81,100420.0,23.2,2.84,0.66,37.2,0.126,0,1,0,1.0,38.24606018405471,45.483535686488885,0.021247731755016964,35.607016711004476,0.17275245331977943,84544.7328,3.6599138108939266,707.1999999999999,0.004884888279745547,6.211410314382389e-06,0.14044724271468784,0.0,0.0,1.1234391449762904,interaction_007_combined_dry_hot_stress_june2024,smartgarden_pa1_joint_c389fa3f9aaf
2024-06-19T13:00,34.8,51.0,617.0,324.0,293.0,0.71,100390.0,23.3,2.7,0.5,37.1,0.125,0,1,0,1.0,37.86033659279942,45.641314836527926,0.02090740673374248,36.13325285912809,0.17179015924802302,64604.4432,3.574024234801107,524.4499999999999,0.0048096694883652,4.501694087484798e-06,0.13450715585199396,0.0,0.0,1.1244964267888413,interaction_007_combined_dry_hot_stress_june2024,smartgarden_pa1_joint_c389fa3f9aaf
2024-06-19T14:00,35.1,50.0,620.0,245.0,375.0,0.0,100320.0,23.1,2.83,0.48,37.2,0.124,0,1,0,1.0,37.69769604405832,45.99691380256239,0.02089644382293141,36.54554183014007,0.1709941203105233,67753.4,3.5195053392032354,527.0,0.0042716013758828985,4.351059188657978e-06,0.12959333525014385,0.0,0.0,1.1243002817326697,interaction_007_combined_dry_hot_stress_june2024,smartgarden_pa1_joint_c389fa3f9aaf
2024-06-19T15:00,34.4,52.0,416.0,154.0,262.0,0.4,100290.0,23.2,2.61,0.33,36.7,0.124,0,1,0,1.0,36.80606143394087,47.51685803017309,0.020624619441012546,36.85893086042578,0.170341236747576,45825.788799999995,3.2585913003383324,353.59999999999997,0.004274636314864485,2.916494030904948e-06,0.12556318979985193,0.0,0.0,1.127197316977089,interaction_007_combined_dry_hot_stress_june2024,smartgarden_pa1_joint_c389fa3f9aaf
2024-06-19T16:00,31.4,69.0,176.0,17.0,159.0,0.51,100310.0,25.0,1.44,0.15,35.0,0.136,0,1,0,1.0,33.782170084860006,61.33287023195458,0.02275405613934301,36.93900055429534,0.1699647657348523,21082.0016,2.031990098520603,149.6,0.004339620199638423,1.273869411810408e-06,0.12323929465958218,0.0,0.0,1.1385294510030766,interaction_007_combined_dry_hot_stress_june2024,smartgarden_pa1_joint_c389fa3f9aaf
2024-06-19T17:00,31.0,71.0,93.0,6.0,87.0,0.51,100290.0,25.1,1.31,0.09,33.5,0.143,0,1,0,1.0,31.920248037365656,68.20683080330053,0.022931290798642274,36.80828851945745,0.16978775217750708,11244.868799999998,1.5048943541051756,79.05,0.0033860561110426683,7.082357256710566e-07,0.12214661837967336,0.0,0.0,1.1452498009125127,interaction_007_combined_dry_hot_stress_june2024,smartgarden_pa1_joint_c389fa3f9aaf
2024-06-19T18:00,30.5,71.0,43.0,7.0,36.0,0.72,100360.0,24.6,1.27,0.05,32.4,0.147,1,1,0,1.0,31.089163453497285,69.3204870047791,0.022293363772232594,36.59771513221008,0.16968903202662108,5050.5664,1.3853173789437392,36.55,0.0033629503235046414,3.9119463877497425e-07,0.12153723473222894,0.0,0.0,1.1491797992577493,interaction_007_combined_dry_hot_stress_june2024,smartgarden_pa1_joint_c389fa3f9aaf
2024-06-19T19:00,30.0,73.0,0.0,0.0,0.0,0.71,100400.0,24.7,1.14,0.02,31.5,0.147,0,0,0,1.0,30.390903926448388,71.80120316886256,0.022240561265998198,36.338130524618116,0.1738006137173016,0.0,1.2235832641240254,0.0,0.001788137070742146,1.4021719409808235e-07,0.14691736862531854,0.0,0.0,1.1522824265362843,interaction_007_combined_dry_hot_stress_june2024,smartgarden_pa1_joint_c389fa3f9aaf
2024-06-19T20:00,29.8,75.0,0.0,0.0,0.0,0.94,100480.0,25.0,1.04,0.0,31.1,0.148,0,0,0,1.0,29.99750628720576,74.2561148003721,0.02251770309922768,36.05527596445219,0.17377683195708593,0.0,1.0921735673370696,0.0,0.0020019379478862396,1.2503316885965912e-07,0.14677056763633295,0.0,0.0,1.1546971001267239,interaction_007_combined_dry_hot_stress_june2024,smartgarden_pa1_joint_c389fa3f9aaf
2024-06-19T21:00,29.6,78.0,0.0,0.0,0.0,1.08,100570.0,25.3,0.92,0.0,30.7,0.148,0,0,0,1.0,29.775648028448344,77.1708714539156,0.023122351923259506,35.77495083435751,0.1737557146058108,0.0,0.9562593329557063,0.0,0.002238710421557977,1.0937633682848297e-07,0.14664021361611607,0.0,0.0,1.1565778035904968,interaction_007_combined_dry_hot_stress_june2024,smartgarden_pa1_joint_c389fa3f9aaf
2024-06-19T22:00,29.5,81.0,0.0,0.0,0.0,0.73,100620.0,25.8,0.8,0.0,30.5,0.148,0,0,0,1.0,29.63432902941719,80.19897262961825,0.02384635454870129,35.500116000555465,0.17373743509569267,0.0,0.8227085586555383,0.0,0.0015708313783847265,9.402847525142119e-08,0.1465273771339054,0.0,0.0,1.1576928946539093,interaction_007_combined_dry_hot_stress_june2024,smartgarden_pa1_joint_c389fa3f9aaf
2024-06-19T23:00,29.3,83.0,0.0,0.0,0.0,1.0,100600.0,26.1,0.68,0.0,30.3,0.148,0,0,0,1.0,29.46845468437088,82.24208965971933,0.024234800700068587,35.23204843866278,0.17372149930011735,0.0,0.7308096770144812,0.0,0.0020871120152194983,8.346915412727187e-08,0.14642900802541575,0.0,0.0,1.1580972231936817,interaction_007_combined_dry_hot_stress_june2024,smartgarden_pa1_joint_c389fa3f9aaf
2024-06-20T00:00,29.2,84.0,0.0,0.0,0.0,0.95,100510.0,26.3,0.63,0.0,30.1,0.147,0,0,0,1.0,29.330766133917802,83.46646123059847,0.02441235395844564,34.9696527021493,0.17370710410445703,0.0,0.6750453424496503,0.0,0.0019651068850349406,7.705326396773154e-08,0.14634014879294463,0.0,0.0,1.1575878436998697,interaction_007_combined_dry_hot_stress_june2024,smartgarden_pa1_joint_c389fa3f9aaf
2024-06-20T01:00,29.0,86.0,0.0,0.0,0.0,0.63,100460.0,26.4,0.56,0.0,29.8,0.148,0,0,0,1.0,29.167441551726093,85.19257139437315,0.02469690600655317,34.71355739105612,0.17369397533245798,0.0,0.5989014689266017,0.0,0.0014352586969254163,6.832393933598397e-08,0.14625910699048136,0.0,0.0,1.157637053129895,interaction_007_combined_dry_hot_stress_june2024,smartgarden_pa1_joint_c389fa3f9aaf
2024-06-20T02:00,29.0,85.0,0.0,0.0,0.0,0.71,100410.0,26.2,0.61,0.0,29.7,0.147,0,0,0,1.0,29.08953423469562,84.92738589769174,0.02451585873104546,34.46348391791676,0.17368175578369704,0.0,0.6068912982542884,0.0,0.0014870829351730933,6.91997295046725e-08,0.14618367767714227,0.0,0.0,1.1573591368564822,interaction_007_combined_dry_hot_stress_june2024,smartgarden_pa1_joint_c389fa3f9aaf
2024-06-20T03:00,28.9,86.0,0.0,0.0,0.0,0.91,100390.0,26.3,0.56,0.0,29.4,0.147,0,0,0,1.0,29.017854784394824,85.50020343417997,0.024585059022209213,34.22191308496696,0.17366946649921222,0.0,0.5814146666099225,0.0,0.0018806101949019563,6.626039802043136e-08,0.14610781789637176,0.0,0.0,1.157403101142376,interaction_007_combined_dry_hot_stress_june2024,smartgarden_pa1_joint_c389fa3f9aaf
2024-06-20T04:00,28.8,87.0,0.0,0.0,0.0,0.9,100400.0,26.4,0.52,0.0,29.2,0.147,0,0,0,1.0,28.918918575314297,86.47917930438368,0.024732854174452982,33.987372526496635,0.1736579748595102,0.0,0.5390679068188584,0.0,0.0018631957564014033,6.14045610489487e-08,0.14603688184882846,0.0,0.0,1.157897512193658,interaction_007_combined_dry_hot_stress_june2024,smartgarden_pa1_joint_c389fa3f9aaf
2024-06-20T05:00,28.7,88.0,0.0,0.0,0.0,0.91,100400.0,26.4,0.48,0.0,29.1,0.148,0,0,0,1.0,28.81753931827976,87.4709244787543,0.024878562309175813,33.759231065046805,0.17364736032653055,0.0,0.49660667806020475,0.0,0.0018804023885314654,5.654247471720861e-08,0.14597136004031208,0.0,0.0,1.1582862519561286,interaction_007_combined_dry_hot_stress_june2024,smartgarden_pa1_joint_c389fa3f9aaf
2024-06-20T06:00,28.6,89.0,12.0,0.0,12.0,1.12,100420.0,26.5,0.44,0.02,29.2,0.148,1,0,0,1.0,28.74819525720161,88.42481764991398,0.025054876623354087,33.5418756023525,0.17362977007453204,1478.1888,0.45695997208389505,10.2,0.0022930291181848766,1.3902601161041197e-07,0.1458627782378521,0.0,0.0,1.1587830901212215,interaction_007_combined_dry_hot_stress_june2024,smartgarden_pa1_joint_c389fa3f9aaf
2024-06-20T07:00,28.8,86.0,79.0,4.0,75.0,1.2,100470.0,26.3,0.54,0.07,29.6,0.149,0,0,0,1.0,29.02350990227838,86.14202633958114,0.02477724246299825,33.36390432902547,0.1777148254083058,9590.68,0.5558603713769026,67.14999999999999,0.0024922134060569377,7.462210051433075e-07,0.17107916918707286,0.0,0.0,1.1583037487213494,interaction_007_combined_dry_hot_stress_june2024,smartgarden_pa1_joint_c389fa3f9aaf
2024-06-20T08:00,29.6,80.0,217.0,50.0,167.0,1.17,100540.0,25.7,0.84,0.17,30.3,0.152,0,0,0,1.0,30.043163356702212,80.69241518404795,0.02452993108298776,33.28652512709707,0.1774731374127393,24971.4608,0.8212637892714123,184.45,0.002580446124380916,1.9385369255693164e-06,0.1695872679798722,0.0,0.0,1.155212622082582,interaction_007_combined_dry_hot_stress_june2024,smartgarden_pa1_joint_c389fa3f9aaf
2024-06-20T09:00,30.1,76.0,293.0,55.0,238.0,0.71,100550.0,25.4,1.01,0.23,30.7,0.155,0,1,0,1.0,31.031432457719244,74.59394685580986,0.023915158031530312,33.32432994414964,0.1770652800185656,34157.411199999995,1.143434460068394,249.04999999999998,0.003616403118161581,2.5831143144030894e-06,0.1670696297442322,0.0,0.0,1.1515739259459417,interaction_007_combined_dry_hot_stress_june2024,smartgarden_pa1_joint_c389fa3f9aaf
2024-06-20T10:00,30.2,76.0,233.0,21.0,212.0,0.2,100560.0,25.4,1.05,0.19,30.9,0.154,0,1,0,1.0,31.27114279369679,73.66147489528292,0.023921482107916132,33.38748573258655,0.17664730648383845,27962.6688,1.2016711721608497,198.04999999999998,0.0032996582917858485,2.059940175230306e-06,0.16448954619653364,0.0,0.0,1.150781579415439,interaction_007_combined_dry_hot_stress_june2024,smartgarden_pa1_joint_c389fa3f9aaf
2024-06-20T11:00,31.3,69.0,557.0,171.0,386.0,0.32,100540.0,24.9,1.43,0.43,32.3,0.155,0,1,0,1.0,32.78268689250353,67.4784796935215,0.023749276333193386,33.563319083027004,0.1760415132943152,62596.4064,1.6160452515135284,473.45,0.003671148107755663,4.654894828956758e-06,0.16075008206367405,0.0,0.0,1.1448680845335035,interaction_007_combined_dry_hot_stress_june2024,smartgarden_pa1_joint_c389fa3f9aaf
2024-06-20T12:00,31.7,67.0,539.0,156.0,383.0,0.58,100520.0,24.9,1.54,0.42,33.1,0.155,0,1,0,1.0,33.81302405179004,62.76467721390361,0.023322998067439468,33.891394898872214,0.17522488502515468,60906.8592,1.9601168842800756,458.15,0.004239201214684065,4.411344424800568e-06,0.1557091668219425,0.0,0.0,1.1407982966279087,interaction_007_combined_dry_hot_stress_june2024,smartgarden_pa1_joint_c389fa3f9aaf
2024-06-20T13:00,32.0,66.0,565.0,245.0,320.0,0.95,100490.0,24.9,1.61,0.44,33.5,0.155,0,1,0,1.0,34.23988033267674,61.18354213310298,0.02324984222912842,34.22870488384343,0.17442420770843559,60978.368,2.0924860298783585,480.25,0.004656572264519744,4.481806549128341e-06,0.15076671424960242,0.0,0.0,1.138874133325387,interaction_007_combined_dry_hot_stress_june2024,smartgarden_pa1_joint_c389fa3f9aaf
2024-06-20T14:00,29.0,81.0,220.0,40.0,180.0,0.86,100460.0,25.5,0.74,0.18,32.3,0.164,0,1,0,1.0,31.615368604749033,71.45841305690954,0.023637040976909524,34.41236619216288,0.17386324688841745,25692.832,1.3278688352690455,187.0,0.0047572533094468235,1.7640003307406296e-06,0.14730399313837936,0.0,0.0,1.1483387162718983,interaction_007_combined_dry_hot_stress_june2024,smartgarden_pa1_joint_c389fa3f9aaf
2024-06-20T15:00,28.2,84.0,173.0,51.0,122.0,0.78,100410.0,25.2,0.62,0.14,31.1,0.189,0,0,0,1.0,29.571442724463775,79.75501726221783,0.023633619655739235,34.355093510994934,0.17358448919482602,19516.2528,0.8381167674663428,147.04999999999998,0.0026112111426762445,1.3475414384069445e-06,0.1455832666347286,0.0,0.0,1.1555167130468496,interaction_007_combined_dry_hot_stress_june2024,smartgarden_pa1_joint_c389fa3f9aaf
2024-06-20T16:00,27.9,89.0,111.0,2.0,109.0,0.58,100390.0,25.9,0.42,0.09,30.3,0.196,0,0,0,1.0,28.774019347035974,85.95297610564451,0.024388840506484922,34.22042762689568,0.1733861601161395,13602.8816,0.5553719303860372,94.35,0.002039059975098137,8.59320859751127e-07,0.14435901306258953,0.0,0.0,1.1583378260177866,interaction_007_combined_dry_hot_stress_june2024,smartgarden_pa1_joint_c389fa3f9aaf
2024-06-20T17:00,26.7,98.0,47.0,0.0,47.0,0.71,100360.0,26.3,0.08,0.04,29.7,0.202,0,0,0,1.0,27.630897957276154,93.50379921079772,0.02491980027364318,34.01793122285925,0.17327611579961374,5789.5728,0.24032375258006633,39.949999999999996,0.0022348217116465344,3.627234262842861e-07,0.14367972715810956,0.0,0.0,1.1623926358298773,interaction_007_combined_dry_hot_stress_june2024,smartgarden_pa1_joint_c389fa3f9aaf
2024-06-20T18:00,26.7,99.0,20.0,0.0,20.0,1.14,100320.0,26.5,0.05,0.02,29.4,0.204,1,0,0,1.0,27.00693061456378,97.5074547745658,0.025107027126581152,33.75768848093472,0.17323015591220225,2463.648,0.08890385634536146,17.0,0.002441016990350441,1.5255114445112463e-07,0.14339602414939667,0.0,0.0,1.164344769660064,interaction_007_combined_dry_hot_stress_june2024,smartgarden_pa1_joint_c389fa3f9aaf
2024-06-20T19:00,26.6,98.0,0.0,0.0,0.0,0.95,100370.0,26.2,0.07,0.01,29.0,0.211,0,0,0,1.0,26.789277511797742,97.23756939873947,0.02473755469566729,33.48045614941963,0.17737964668263867,0.0,0.09727899959350417,0.0,0.0020147633939100866,1.2824089000236681e-08,0.16901016470764613,0.0,0.0,1.1657704213362636,interaction_007_combined_dry_hot_stress_june2024,smartgarden_pa1_joint_c389fa3f9aaf
2024-06-20T20:00,26.5,97.0,0.0,0.0,0.0,0.85,100440.0,26.1,0.09,0.0,28.8,0.217,0,0,0,1.0,26.649760343137604,96.45377804770865,0.02434903086039399,33.20175141380176,0.17737704104398527,0.0,0.12386007461699933,0.0,0.0018011220336144789,1.632666314981804e-08,0.16899408051842765,0.0,0.0,1.1671263428444698,interaction_007_combined_dry_hot_stress_june2024,smartgarden_pa1_joint_c389fa3f9aaf
2024-06-20T21:00,26.5,97.0,0.0,0.0,0.0,0.76,100520.0,26.0,0.09,0.0,28.6,0.22,0,0,0,1.0,26.60324722929519,96.48551881289826,0.024294250212477962,32.93151180137664,0.1773740899499985,0.0,0.12241600106947148,0.0,0.0015933718676686465,1.6134572636938056e-08,0.16897586388887972,0.0,0.0,1.1682372024419228,interaction_007_combined_dry_hot_stress_june2024,smartgarden_pa1_joint_c389fa3f9aaf
2024-06-20T22:00,26.5,97.0,0.0,0.0,0.0,1.04,100600.0,26.0,0.1,0.0,28.5,0.224,0,0,0,1.0,26.594009465461035,96.52611465710429,0.0242920121182665,32.671800225882485,0.17737120673614368,0.0,0.12093621204897786,0.0,0.002103487195452833,1.5937855853489956e-08,0.16895806627249185,0.0,0.0,1.1692029898516318,interaction_007_combined_dry_hot_stress_june2024,smartgarden_pa1_joint_c389fa3f9aaf
2024-06-20T23:00,26.5,97.0,0.0,0.0,0.0,0.95,100580.0,26.1,0.09,0.0,28.4,0.226,0,0,0,1.0,26.589513553906475,96.5512127916337,0.02429226475478584,32.422662029631354,0.1773683493816083,0.0,0.12003070997067145,0.0,0.0019309893825905301,1.5816870848517713e-08,0.1689404282815328,0.0,0.0,1.1689880777808832,interaction_007_combined_dry_hot_stress_june2024,smartgarden_pa1_joint_c389fa3f9aaf
2024-06-21T00:00,27.8,87.0,0.0,0.0,0.0,1.08,100550.0,25.3,0.5,0.0,28.3,0.228,0,0,0,1.0,27.361434130537006,89.61780993887365,0.02353200586702023,32.19377310234306,0.17736306181069617,0.0,0.37808226229035036,0.0,0.002426201422714027,4.981161039389743e-08,0.16890778895491462,0.0,0.0,1.165637531858562,interaction_007_combined_dry_hot_stress_june2024,smartgarden_pa1_joint_c389fa3f9aaf
2024-06-21T01:00,27.9,84.0,0.0,0.0,0.0,1.1,100440.0,25.0,0.59,0.0,28.1,0.228,0,0,0,1.0,27.867835272870654,84.58511732435454,0.022838631984300403,32.00094899637493,0.17735134078061027,0.0,0.5782029294164741,0.0,0.0021696265211057675,7.614449248763805e-08,0.16883543691734737,0.0,0.0,1.1624035418291705,interaction_007_combined_dry_hot_stress_june2024,smartgarden_pa1_joint_c389fa3f9aaf
2024-06-21T02:00,28.0,84.0,0.0,0.0,0.0,1.14,100400.0,24.9,0.62,0.0,28.0,0.228,0,0,0,1.0,28.00505107174056,84.05282650188421,0.02286662076236282,31.82461671754035,0.1773371883392614,0.0,0.6029693587619711,0.0,0.002226748146737398,7.936493703801331e-08,0.1687480761682803,0.0,0.0,1.1614112002593138,interaction_007_combined_dry_hot_stress_june2024,smartgarden_pa1_joint_c389fa3f9aaf
2024-06-21T03:00,27.5,85.0,0.0,0.0,0.0,1.3,100330.0,24.7,0.55,0.0,27.8,0.228,0,0,0,1.0,27.744941995549162,84.10430403856941,0.022555867307344712,31.654666509826654,0.17732290324868788,0.0,0.5919805662244237,0.0,0.00268992688100943,7.787783724766453e-08,0.1686598965968388,0.0,0.0,1.161604735050161,interaction_007_combined_dry_hot_stress_june2024,smartgarden_pa1_joint_c389fa3f9aaf
2024-06-21T04:00,27.3,85.0,0.0,0.0,0.0,1.26,100360.0,24.6,0.54,0.0,27.7,0.228,0,0,0,1.0,27.453529547945806,84.49020245774985,0.022298577857968425,31.480676855447435,0.17730923967584689,0.0,0.5678618915486062,0.0,0.0025582657482125194,7.466755351409207e-08,0.16857555355461043,0.0,0.0,1.163078495151438,interaction_007_combined_dry_hot_stress_june2024,smartgarden_pa1_joint_c389fa3f9aaf
2024-06-21T05:00,27.4,84.0,0.0,0.0,0.0,1.17,100330.0,24.5,0.59,0.0,27.6,0.228,0,0,0,1.0,27.425139001365597,84.06930609990441,0.022152785214170294,31.308446718346442,0.1772957232629554,0.0,0.5823047448006213,0.0,0.002299654265355116,7.652873303488415e-08,0.16849211890713212,0.0,0.0,1.1628406478856703,interaction_007_combined_dry_hot_stress_june2024,smartgarden_pa1_joint_c389fa3f9aaf
2024-06-21T06:00,27.4,85.0,9.0,0.0,9.0,0.86,100440.0,24.6,0.56,0.02,27.6,0.227,1,0,0,1.0,27.47396639010802,84.79597359423396,0.0224045077291532,31.147702244482275,0.1772753899917444,1108.6416,0.557332149880915,7.6499999999999995,0.0017484257638983077,1.4854043991079045e-07,0.16836660488731106,0.0,0.0,1.1639264895496642,interaction_007_combined_dry_hot_stress_june2024,smartgarden_pa1_joint_c389fa3f9aaf
2024-06-21T07:00,27.7,86.0,64.0,1.0,63.0,1.06,100510.0,25.2,0.52,0.06,28.4,0.227,0,0,0,1.0,27.81326364793648,86.27048345758547,0.02322391758423535,31.02163020746018,0.18136430711852514,7848.4911999999995,0.513350143291897,54.4,0.002155624385415776,6.936571036158039e-07,0.19360683406497,0.0,0.0,1.1634245774236611,interaction_007_combined_dry_hot_stress_june2024,smartgarden_pa1_joint_c389fa3f9aaf
2024-06-21T08:00,28.6,83.0,160.0,19.0,141.0,0.85,100570.0,25.5,0.65,0.13,28.5,0.228,0,0,0,1.0,28.797295481304353,84.77235327536633,0.024084415505461983,30.975511070077328,0.18115609591844098,19040.7184,0.6028614502240237,136.0,0.0018431098073669124,1.6205462362883353e-06,0.19232157974346287,0.0,0.0,1.160325281567769,interaction_007_combined_dry_hot_stress_june2024,smartgarden_pa1_joint_c389fa3f9aaf
2024-06-21T09:00,29.4,75.0,343.0,91.0,252.0,0.67,100550.0,24.6,1.02,0.26,32.5,0.227,0,1,0,1.0,30.237236371861172,75.35809877155513,0.02314967869598863,31.07153406436684,0.1807054569785074,39049.9648,1.0598838102786337,291.55,0.003498663526341341,3.389424592642663e-06,0.18953985789202102,0.0,0.0,1.1545884743346597,interaction_007_combined_dry_hot_stress_june2024,smartgarden_pa1_joint_c389fa3f9aaf
2024-06-21T10:00,30.9,66.0,532.0,203.0,329.0,0.57,100520.0,23.8,1.52,0.41,31.9,0.227,0,1,0,1.0,32.21681245727519,65.70668406097461,0.02244205621831515,31.350693329097204,0.17993737824337136,58391.0096,1.6506542595273404,452.2,0.0037391108295767713,5.126537693528053e-06,0.184798631131922,0.0,0.0,1.1467614707312994,interaction_007_combined_dry_hot_stress_june2024,smartgarden_pa1_joint_c389fa3f9aaf
2024-06-21T11:00,31.7,64.0,700.0,388.0,312.0,0.42,100480.0,24.2,1.67,0.54,32.6,0.225,0,1,0,1.0,33.975298199622976,60.77529539098404,0.022776849297534724,31.809742461250003,0.1788884494592975,72576.90879999999,2.0835961591153263,595.0,0.004223966687255258,6.496817019609417e-06,0.17832376209442902,0.0,0.0,1.139741820268305,interaction_007_combined_dry_hot_stress_june2024,smartgarden_pa1_joint_c389fa3f9aaf
2024-06-21T12:00,32.2,64.0,761.0,462.0,299.0,0.36,100450.0,24.5,1.72,0.59,33.5,0.223,0,1,0,1.0,35.02869755174977,58.87890646820597,0.023314046274214628,32.37712010584067,0.17769248232003212,77487.5376,2.3157778451215805,646.85,0.004490529941858121,6.777313116824419e-06,0.1709412488890872,0.0,0.0,1.1355068919147464,interaction_007_combined_dry_hot_stress_june2024,smartgarden_pa1_joint_c389fa3f9aaf
2024-06-21T13:00,32.0,64.0,543.0,271.0,272.0,0.67,100360.0,24.3,1.71,0.43,33.4,0.221,0,1,0,1.0,34.65010408573333,58.409787029948845,0.02267665526468873,32.87842600895444,0.1766585036042943,57353.612799999995,2.293638590973343,461.55,0.004593350059800207,4.737596731287161e-06,0.16455866422403895,0.0,0.0,1.1358849335751113,interaction_007_combined_dry_hot_stress_june2024,smartgarden_pa1_joint_c389fa3f9aaf
2024-06-21T14:00,28.8,81.0,207.0,9.0,198.0,0.73,100320.0,25.2,0.76,0.17,32.0,0.225,0,1,0,1.0,31.445481774625584,71.3574527266899,0.023390385319335277,33.107060343831755,0.1760698152164143,25182.115199999997,1.3197900156168814,175.95,0.004654308918864921,1.8220726857243335e-06,0.16092478528650803,0.0,0.0,1.1473779919587765,interaction_007_combined_dry_hot_stress_june2024,smartgarden_pa1_joint_c389fa3f9aaf
2024-06-21T15:00,29.0,80.0,268.0,55.0,213.0,0.81,100250.0,25.3,0.78,0.21,31.5,0.225,0,1,0,1.0,30.176159023788497,76.9069768712835,0.023547733862942042,33.13700443639304,0.17570604247742536,31077.851199999997,0.9897961046981387,227.79999999999998,0.003908944247474553,2.2371145161837946e-06,0.1586792745520084,0.0,0.0,1.1513754481564011,interaction_007_combined_dry_hot_stress_june2024,smartgarden_pa1_joint_c389fa3f9aaf
2024-06-21T16:00,29.4,77.0,283.0,81.0,202.0,0.71,100260.0,24.9,0.95,0.22,31.4,0.226,0,1,0,1.0,30.487770645162872,74.68765008421934,0.023255693681620716,33.18648376386362,0.1752949559121965,32010.8448,1.1044357803665026,240.54999999999998,0.003729673302362301,2.3317631890373305e-06,0.15614170316170675,0.0,0.0,1.1503085689169212,interaction_007_combined_dry_hot_stress_june2024,smartgarden_pa1_joint_c389fa3f9aaf
2024-06-21T17:00,28.9,80.0,203.0,90.0,113.0,0.61,100200.0,25.2,0.78,0.15,30.9,0.225,0,1,0,1.0,30.13219254145444,76.2777032196404,0.023299681870337468,33.21373603665588,0.17493422252984636,21839.6112,1.0142096419784261,172.54999999999998,0.003724492713154284,1.6754040632784967e-06,0.15391495388794052,0.0,0.0,1.1509680264327573,interaction_007_combined_dry_hot_stress_june2024,smartgarden_pa1_joint_c389fa3f9aaf
2024-06-21T18:00,28.8,81.0,56.0,18.0,38.0,0.92,100310.0,25.2,0.76,0.05,30.3,0.225,1,0,0,1.0,29.43406327877019,79.16128998472247,0.023283449026688635,33.13926632286308,0.1747366057167916,6264.9312,0.8559000231302223,47.6,0.0023026471578538057,5.271343220679424e-07,0.15269509701723205,0.0,0.0,1.1548900206946782,interaction_007_combined_dry_hot_stress_june2024,smartgarden_pa1_joint_c389fa3f9aaf
2024-06-21T19:00,28.6,82.0,0.0,0.0,0.0,0.99,100350.0,25.3,0.7,0.02,29.8,0.225,0,0,0,1.0,28.868746318957974,81.06360496446405,0.02312067577316363,32.974637978685934,0.1788387761394612,0.0,0.7527963782638762,0.0,0.0021474811660790647,1.0452831148427336e-07,0.17801713666334076,0.0,0.0,1.1575131276064903,interaction_007_combined_dry_hot_stress_june2024,smartgarden_pa1_joint_c389fa3f9aaf
2024-06-21T20:00,28.5,83.0,0.0,0.0,0.0,0.72,100440.0,25.4,0.65,0.0,29.5,0.224,0,0,0,1.0,28.62085916864061,82.57437482570724,0.023235027598726195,32.783574035615274,0.1788209262526044,0.0,0.6828656564545299,0.0,0.001539308520712848,9.475950719498517e-08,0.1779069521765704,0.0,0.0,1.1595029382190791,interaction_007_combined_dry_hot_stress_june2024,smartgarden_pa1_joint_c389fa3f9aaf
2024-06-21T21:00,28.4,85.0,0.0,0.0,0.0,0.99,100490.0,25.6,0.59,0.0,29.2,0.224,0,0,0,1.0,28.50426069593094,84.46438799378211,0.023615839835854,32.59518761677001,0.17880481086953848,0.0,0.6046990561810133,0.0,0.002017553602053921,8.386560937098987e-08,0.17780747450332396,0.0,0.0,1.1605285559342802,interaction_007_combined_dry_hot_stress_june2024,smartgarden_pa1_joint_c389fa3f9aaf
2024-06-21T22:00,27.9,90.0,0.0,0.0,0.0,0.92,100510.0,26.0,0.39,0.0,28.9,0.224,0,0,0,1.0,28.16374169609834,88.49112688176533,0.024284596268182766,32.407973369523795,0.17879161156297435,0.0,0.4391921895088071,0.0,0.0020220868446393925,6.088357851251384e-08,0.17772599730231084,0.0,0.0,1.162071320938299,interaction_007_combined_dry_hot_stress_june2024,smartgarden_pa1_joint_c389fa3f9aaf
2024-06-21T23:00,28.1,88.0,0.0,0.0,0.0,1.06,100510.0,25.8,0.47,0.0,28.4,0.223,0,0,0,1.0,28.10181630487585,88.23434344847348,0.02413202322557198,32.219516915742055,0.17878094867100783,0.0,0.4473769685828808,0.0,0.0020684497561396188,6.199523570439804e-08,0.17766017698152983,0.0,0.0,1.1623101965808103,interaction_007_combined_dry_hot_stress_june2024,smartgarden_pa1_joint_c389fa3f9aaf
2024-06-22T00:00,28.0,88.0,0.0,0.0,0.0,0.94,100460.0,25.8,0.47,0.0,28.1,0.223,0,0,0,1.0,28.090740657036456,87.75048693221471,0.023985109756383925,32.0396791009679,0.1787694578470248,0.0,0.4654750556269289,0.0,0.0019129619689693476,6.447742403411332e-08,0.17758924596928893,0.0,0.0,1.1617747034626895,interaction_007_combined_dry_hot_stress_june2024,smartgarden_pa1_joint_c389fa3f9aaf
2024-06-22T01:00,28.3,86.0,0.0,0.0,0.0,1.04,100400.0,25.6,0.55,0.0,27.9,0.223,0,0,0,1.0,28.236710338187837,86.49928208761428,0.023833119606221313,31.868203814044175,0.17875735094178044,0.0,0.5173936045265157,0.0,0.002078846242450205,7.163900110563819e-08,0.17751451198629906,0.0,0.0,1.1605184878155772,interaction_007_combined_dry_hot_stress_june2024,smartgarden_pa1_joint_c389fa3f9aaf
2024-06-22T02:00,27.4,92.0,0.0,0.0,0.0,0.8,100350.0,26.1,0.28,0.0,27.6,0.223,0,0,0,1.0,27.800898095468902,89.89983777740811,0.02418448574580462,31.702419643619702,0.17874572480644416,0.0,0.37737545291959496,0.0,0.0019386173680732296,5.2230778495681743e-08,0.17744274571879112,0.0,0.0,1.161620270481963,interaction_007_combined_dry_hot_stress_june2024,smartgarden_pa1_joint_c389fa3f9aaf
2024-06-22T03:00,27.2,93.0,0.0,0.0,0.0,0.91,100310.0,26.0,0.25,0.0,27.5,0.223,0,0,0,1.0,27.377023541434784,92.179417673479,0.024225466326891775,31.52533773663638,0.17873774342389548,0.0,0.2850575269908,0.0,0.0019325092304105112,3.9442529974908535e-08,0.17739347792528076,0.0,0.0,1.1627949825740664,interaction_007_combined_dry_hot_stress_june2024,smartgarden_pa1_joint_c389fa3f9aaf
2024-06-22T04:00,27.2,93.0,0.0,0.0,0.0,1.04,100270.0,25.9,0.26,0.0,27.3,0.223,0,0,0,1.0,27.27271989842962,92.69553211817917,0.024221259713340847,31.34758435841032,0.1787309858979984,0.0,0.26462507094361953,0.0,0.0020865008218168427,3.6606744207405e-08,0.17735176480245932,0.0,0.0,1.1627348513269853,interaction_007_combined_dry_hot_stress_june2024,smartgarden_pa1_joint_c389fa3f9aaf
2024-06-22T05:00,26.8,93.0,0.0,0.0,0.0,0.95,100270.0,25.7,0.23,0.0,27.1,0.222,0,0,0,1.0,27.02109301448458,92.20565683482019,0.023760487674021825,31.172707008895724,0.17872418605335125,0.0,0.27823892001176365,0.0,0.00204063323285862,3.848089799041423e-08,0.1773097904527855,0.0,0.0,1.1637095466067855,interaction_007_combined_dry_hot_stress_june2024,smartgarden_pa1_joint_c389fa3f9aaf
2024-06-22T06:00,27.1,92.0,18.0,5.0,13.0,1.14,100290.0,25.8,0.27,0.01,27.2,0.222,1,0,0,1.0,27.105131303527987,92.22271769379371,0.023875600688322104,31.006234646147774,0.17870310573805084,2041.3711999999998,0.27900140979065124,15.299999999999999,0.002226819034203206,1.9714269274410947e-07,0.1771796650496966,0.0,0.0,1.1636158866372008,interaction_007_combined_dry_hot_stress_june2024,smartgarden_pa1_joint_c389fa3f9aaf
2024-06-22T07:00,28.7,85.0,145.0,71.0,74.0,0.81,100450.0,26.0,0.57,0.1,29.1,0.222,0,0,0,1.0,28.508685577637223,88.39132919150501,0.02471977514083054,30.92049219071929,0.18271239294062452,15363.497599999997,0.4519650857396815,123.25,0.0017679008200725968,1.5271150157132393e-06,0.20192835148533658,0.0,0.0,1.1600495916145568,interaction_007_combined_dry_hot_stress_june2024,smartgarden_pa1_joint_c389fa3f9aaf
2024-06-22T08:00,29.9,75.0,345.0,226.0,119.0,0.42,100450.0,25.0,1.05,0.25,30.2,0.221,0,1,0,1.0,30.519636640596715,77.28360634736497,0.024105331637429825,31.014699758862793,0.18225451397272927,34546.705599999994,0.9929747205356176,293.25,0.003032012438816658,3.5698271251538387e-06,0.1991019381032671,0.0,0.0,1.1523675494283505,interaction_007_combined_dry_hot_stress_june2024,smartgarden_pa1_joint_c389fa3f9aaf
2024-06-22T09:00,30.7,70.0,478.0,328.0,150.0,0.73,100490.0,24.5,1.34,0.36,31.3,0.22,0,1,0,1.0,32.10910709246772,68.62960604120768,0.02330653699487611,31.283942345703785,0.18149473564341584,47341.36,1.5008128875266369,406.3,0.0039611708926323855,4.848475363510867e-06,0.19441194841614717,0.0,0.0,1.1468237160597718,interaction_007_combined_dry_hot_stress_june2024,smartgarden_pa1_joint_c389fa3f9aaf
2024-06-22T10:00,30.8,68.0,440.0,183.0,257.0,0.22,100450.0,24.1,1.44,0.34,31.5,0.218,0,1,0,1.0,32.60804986157318,65.13326571165044,0.02271287514210173,31.611389133651425,0.18066260473522738,47761.8768,1.7156556978949373,374.0,0.003851465318858387,4.3944455405712876e-06,0.189275337871774,0.0,0.0,1.1444965559197904,interaction_007_combined_dry_hot_stress_june2024,smartgarden_pa1_joint_c389fa3f9aaf
2024-06-22T11:00,31.1,65.0,574.0,306.0,268.0,0.5,100430.0,23.9,1.56,0.44,32.1,0.217,0,1,0,1.0,33.17316356952538,62.00078819100582,0.022276247006648243,31.97222049512753,0.17976895995588704,59940.8832,1.9300606066015202,487.9,0.004160286494954613,5.5215167900925855e-06,0.18375901207337683,0.0,0.0,1.1421577025438963,interaction_007_combined_dry_hot_stress_june2024,smartgarden_pa1_joint_c389fa3f9aaf
2024-06-22T12:00,31.4,64.0,624.0,267.0,357.0,1.06,100400.0,23.9,1.63,0.48,32.8,0.215,0,1,0,1.0,33.76521002717556,59.70879066427499,0.022131814061580404,32.40448638360267,0.17874927066663465,67472.11679999999,2.115335011674297,530.4,0.0048437060647636785,5.799253421096102e-06,0.17746463374465837,0.0,0.0,1.1396139321293834,interaction_007_combined_dry_hot_stress_june2024,smartgarden_pa1_joint_c389fa3f9aaf
2024-06-22T13:00,31.0,65.0,455.0,225.0,230.0,0.89,100370.0,23.7,1.57,0.36,32.7,0.213,0,1,0,1.0,33.282890620887216,60.126079976926206,0.02172804453903649,32.780812515286776,0.1778540704283078,48131.952,2.037763455099678,386.75,0.004616915827578525,4.1633806603792086e-06,0.1719387063475791,0.0,0.0,1.1410666042138926,interaction_007_combined_dry_hot_stress_june2024,smartgarden_pa1_joint_c389fa3f9aaf
2024-06-22T14:00,30.3,68.0,356.0,161.0,195.0,1.1,100280.0,23.7,1.38,0.29,32.4,0.213,0,1,0,1.0,32.249920802056046,63.265227716671845,0.021646227054890933,33.01865131433839,0.17719197745373366,38188.568,1.771475341777982,302.59999999999997,0.004697985193982816,3.2032570356509063e-06,0.16785171267736831,0.0,0.0,1.1438994573910333,interaction_007_combined_dry_hot_stress_june2024,smartgarden_pa1_joint_c389fa3f9aaf
2024-06-22T15:00,30.3,68.0,389.0,151.0,238.0,1.3,100260.0,23.7,1.38,0.31,32.3,0.212,0,1,0,1.0,31.934651704047297,64.38925982360071,0.021664428550840702,33.198134749400204,0.17659869378551182,42605.411199999995,1.6869681020881733,330.65,0.00481734224761634,3.391967248640296e-06,0.1641894678118014,0.0,0.0,1.1448531660608876,interaction_007_combined_dry_hot_stress_june2024,smartgarden_pa1_joint_c389fa3f9aaf
2024-06-22T16:00,29.7,71.0,298.0,169.0,129.0,1.2,100260.0,23.8,1.22,0.23,31.8,0.213,0,1,0,1.0,31.3433184088365,66.66336414463193,0.02173263536912339,33.33934314041701,0.17606193659280103,30762.529599999998,1.5272017420970743,253.29999999999998,0.0046816559107205205,2.5755093259455293e-06,0.1608761518074138,0.0,0.0,1.1470764982468185,interaction_007_combined_dry_hot_stress_june2024,smartgarden_pa1_joint_c389fa3f9aaf
2024-06-22T17:00,28.9,77.0,100.0,28.0,72.0,0.76,100220.0,24.4,0.93,0.09,30.9,0.216,0,1,0,1.0,30.024846845043747,73.14979793039194,0.022215026246312667,33.33997754448342,0.17574695447466204,11333.1328,1.1408961920484955,85.0,0.0038149565659608064,9.317217341512815e-07,0.15893181774482745,0.0,0.0,1.151605367357077,interaction_007_combined_dry_hot_stress_june2024,smartgarden_pa1_joint_c389fa3f9aaf
2024-06-22T18:00,28.5,79.0,19.0,2.0,17.0,1.0,100360.0,24.6,0.8,0.04,30.0,0.22,1,0,0,1.0,29.00880262723875,77.30806231647676,0.02221850027391572,33.20044382984153,0.17564015487418327,2270.1007999999997,0.9094283562939891,16.15,0.0023402888894865624,2.618032516363637e-07,0.15827256095174863,0.0,0.0,1.1570918925541103,interaction_007_combined_dry_hot_stress_june2024,smartgarden_pa1_joint_c389fa3f9aaf
2024-06-22T19:00,28.2,81.0,0.0,0.0,0.0,1.08,100470.0,24.6,0.73,0.02,29.4,0.226,0,0,0,1.0,28.45131437692429,80.02411743541597,0.022309653755679754,33.005971534128726,0.1797696666333275,0.0,0.7751448186583825,0.0,0.0022943042111904836,1.111057173970907e-07,0.18376337427979939,0.0,0.0,1.1605012730371451,interaction_007_combined_dry_hot_stress_june2024,smartgarden_pa1_joint_c389fa3f9aaf
2024-06-22T20:00,28.1,82.0,0.0,0.0,0.0,1.36,100510.0,24.6,0.7,0.0,28.9,0.232,0,0,0,1.0,28.221107109186015,81.54115043328375,0.022447802226354875,32.80015302507146,0.1797506736793906,0.0,0.706764849974193,0.0,0.0027262987879734827,1.012398131316273e-07,0.18364613382339878,0.0,0.0,1.161850122887821,interaction_007_combined_dry_hot_stress_june2024,smartgarden_pa1_joint_c389fa3f9aaf
2024-06-22T21:00,26.1,97.0,0.0,0.0,0.0,0.89,100560.0,25.6,0.1,0.0,28.5,0.241,0,0,0,1.0,26.968741875391093,92.0515901602274,0.023652166630638627,32.58305034799626,0.17973726894210743,0.0,0.2828685795595405,0.0,0.0024270134336267326,4.050096567897836e-08,0.18356338853152734,0.0,0.0,1.16727879546102,interaction_007_combined_dry_hot_stress_june2024,smartgarden_pa1_joint_c389fa3f9aaf
2024-06-22T22:00,26.2,97.0,0.0,0.0,0.0,0.94,100550.0,25.7,0.1,0.0,28.3,0.25,0,0,0,1.0,26.332761009713888,96.25285218887831,0.02387412855406183,32.33521733786181,0.17973275595640772,0.0,0.12845714901289007,0.0,0.0019495396891504645,1.838963178219634e-08,0.18353553059510944,0.0,0.0,1.1696413015366658,interaction_007_combined_dry_hot_stress_june2024,smartgarden_pa1_joint_c389fa3f9aaf
2024-06-22T23:00,26.2,97.0,0.0,0.0,0.0,0.94,100540.0,25.7,0.1,0.0,28.1,0.256,0,0,0,1.0,26.293197321435084,96.53394359617428,0.023891204569207757,32.09059058396545,0.1797296271833395,0.0,0.11854405560449077,0.0,0.0019155625034574313,1.6968710189997608e-08,0.18351621718110814,0.0,0.0,1.169679499724392,interaction_007_combined_dry_hot_stress_june2024,smartgarden_pa1_joint_c389fa3f9aaf
2024-06-23T00:00,26.1,97.0,0.0,0.0,0.0,0.91,100510.0,25.6,0.09,0.0,27.9,0.258,0,0,0,1.0,26.22647382226305,96.43176082856175,0.023777450007352856,31.85476624018114,0.17972652751897814,0.0,0.12155938967442692,0.0,0.0018891637134715806,1.7398518907596856e-08,0.18349708345048235,0.0,0.0,1.1695910949820525,interaction_007_combined_dry_hot_stress_june2024,smartgarden_pa1_joint_c389fa3f9aaf
2024-06-23T01:00,26.0,97.0,0.0,0.0,0.0,0.71,100470.0,25.6,0.09,0.0,27.8,0.26,0,0,0,1.0,26.129107486564795,96.4390035028774,0.02365063862531776,31.62582145670205,0.17972340411545173,0.0,0.12061735757120395,0.0,0.00153160598836259,1.726187407835144e-08,0.18347780318180085,0.0,0.0,1.1695059913255368,interaction_007_combined_dry_hot_stress_june2024,smartgarden_pa1_joint_c389fa3f9aaf
2024-06-23T02:00,27.3,89.0,0.0,0.0,0.0,0.54,100450.0,25.4,0.38,0.0,27.8,0.26,0,0,0,1.0,26.85502306305486,91.56055502159393,0.02337831914428291,31.413761386911915,0.17971855808536016,0.0,0.29834515134956474,0.0,0.0016073973016214322,4.269001489936257e-08,0.1834478894158035,0.0,0.0,1.1664439196332126,interaction_007_combined_dry_hot_stress_june2024,smartgarden_pa1_joint_c389fa3f9aaf
2024-06-23T03:00,27.4,89.0,0.0,0.0,0.0,0.54,100410.0,25.4,0.41,0.0,27.7,0.259,0,0,0,1.0,27.36156655695356,89.25772732618412,0.02343762598949033,31.236452373292458,0.179709226589315,0.0,0.3911982152716935,0.0,0.0011117488293308695,5.5958723498129964e-08,0.18339028758836431,0.0,0.0,1.164014052681988,interaction_007_combined_dry_hot_stress_june2024,smartgarden_pa1_joint_c389fa3f9aaf
2024-06-23T04:00,27.4,89.0,0.0,0.0,0.0,0.85,100440.0,25.4,0.4,0.0,27.7,0.259,0,0,0,1.0,27.443052824721704,88.92607505463951,0.02345573486533687,31.074357289381357,0.17969893700439304,0.0,0.4052025221217179,0.0,0.0016999204827817984,5.7941886785438174e-08,0.18332677163205585,0.0,0.0,1.164046189979536,interaction_007_combined_dry_hot_stress_june2024,smartgarden_pa1_joint_c389fa3f9aaf
2024-06-23T05:00,27.3,90.0,0.0,0.0,0.0,0.85,100440.0,25.4,0.37,0.0,27.5,0.258,0,0,0,1.0,27.390275482990248,89.5960683688918,0.02356376344476541,30.919250322616403,0.179688769627781,0.0,0.37951380383161526,0.0,0.0017452792754965296,5.4249952815835556e-08,0.18326401004803083,0.0,0.0,1.164250606054756,interaction_007_combined_dry_hot_stress_june2024,smartgarden_pa1_joint_c389fa3f9aaf
2024-06-23T06:00,27.2,91.0,13.0,2.0,11.0,0.72,100540.0,25.5,0.33,0.01,27.6,0.263,1,0,0,1.0,27.330476808293213,90.6215618122728,0.023754954832901742,30.772954286904646,0.17966884655489834,1531.0064,0.3409111076365092,11.049999999999999,0.001550164216230555,1.6708609148448162e-07,0.18314102811665647,0.0,0.0,1.1656416848082614,interaction_007_combined_dry_hot_stress_june2024,smartgarden_pa1_joint_c389fa3f9aaf
2024-06-23T07:00,28.2,87.0,133.0,65.0,68.0,0.82,100620.0,25.7,0.51,0.09,29.1,0.263,0,0,0,1.0,28.22001960058119,89.56788715778481,0.024656046216132255,30.690382983456107,0.18368906825695583,14096.403199999999,0.3994065048178186,113.05,0.0016195237762307705,1.4400958023435818e-06,0.20795721146269033,0.0,0.0,1.1631258702988507,interaction_007_combined_dry_hot_stress_june2024,smartgarden_pa1_joint_c389fa3f9aaf
2024-06-23T08:00,28.6,84.0,198.0,66.0,132.0,1.14,100620.0,25.7,0.62,0.15,28.9,0.264,0,0,0,1.0,29.157805521583576,84.41727372587283,0.02445932350753919,30.711927043908503,0.1833674898823919,22068.0768,0.6299087292120666,168.29999999999998,0.00260317942942968,2.129109253504065e-06,0.2059721597678513,0.0,0.0,1.1595177495504037,interaction_007_combined_dry_hot_stress_june2024,smartgarden_pa1_joint_c389fa3f9aaf
2024-06-23T09:00,28.7,84.0,289.0,103.0,186.0,0.5,100640.0,25.7,0.63,0.22,29.3,0.271,0,0,0,1.0,29.75525392185509,83.8187496750963,0.025086501891634715,30.812111440868193,0.18290267835167093,31975.9264,0.6770013218925266,245.65,0.002101159584199465,3.0259468152789934e-06,0.20310295278809218,0.0,0.0,1.1574607441214344,interaction_007_combined_dry_hot_stress_june2024,smartgarden_pa1_joint_c389fa3f9aaf
2024-06-23T10:00,29.0,82.0,398.0,166.0,232.0,0.41,100650.0,25.6,0.72,0.3,29.9,0.276,0,1,0,1.0,30.391400534884905,79.62894630174128,0.02466587998608946,30.998437983409886,0.182262494590488,43186.3168,0.8839521932587773,338.3,0.0036686795631758785,4.0786231144649745e-06,0.1991512011758518,0.0,0.0,1.1551497658019556,interaction_007_combined_dry_hot_stress_june2024,smartgarden_pa1_joint_c389fa3f9aaf
2024-06-23T11:00,29.0,82.0,306.0,97.0,209.0,0.28,100590.0,25.6,0.72,0.24,30.0,0.279,0,1,0,1.0,30.425965120286065,78.72161022792189,0.02443028569197016,31.196405400008526,0.1816158232075566,34281.12159999999,0.925150582289338,260.09999999999997,0.0036180279629569505,3.11034662597359e-06,0.19515940251578145,0.0,0.0,1.154329707168668,interaction_007_combined_dry_hot_stress_june2024,smartgarden_pa1_joint_c389fa3f9aaf
2024-06-23T12:00,29.3,77.0,252.0,23.0,229.0,0.81,100580.0,24.9,0.92,0.2,29.9,0.281,0,1,0,1.0,30.36307508896411,75.15661625208575,0.023245012752588508,31.330993275525117,0.18110553467025703,30232.7696,1.076272956823042,214.2,0.0038338445038593157,2.567203697503844e-06,0.19200947327319157,0.0,0.0,1.1544541126659968,interaction_007_combined_dry_hot_stress_june2024,smartgarden_pa1_joint_c389fa3f9aaf
2024-06-23T13:00,29.2,79.0,341.0,57.0,284.0,1.33,100520.0,25.2,0.85,0.27,32.2,0.284,0,1,0,1.0,30.528430072882752,75.71266247595061,0.023626525723636015,31.47470575911879,0.1805716904521401,39999.8016,1.0621770265798887,289.84999999999997,0.0047169900560175915,3.3562286963035796e-06,0.1887141385934575,0.0,0.0,1.1531372013547025,interaction_007_combined_dry_hot_stress_june2024,smartgarden_pa1_joint_c389fa3f9aaf
2024-06-23T14:00,29.2,75.0,331.0,97.0,234.0,1.12,100480.0,24.2,1.02,0.26,31.3,0.283,0,1,0,1.0,30.59572617147312,72.07843684077679,0.022574066624317646,31.645003049339916,0.17997969153902563,37360.681599999996,1.22581816396493,281.34999999999997,0.004444901557532435,3.222837783275586e-06,0.18505982431497303,0.0,0.0,1.1524229520282194,interaction_007_combined_dry_hot_stress_june2024,smartgarden_pa1_joint_c389fa3f9aaf
2024-06-23T15:00,28.4,78.0,229.0,46.0,183.0,0.71,100480.0,24.1,0.87,0.18,30.3,0.304,0,0,0,1.0,29.868265590270507,74.68099860508312,0.02248879321104547,31.75930550761223,0.17948931102935356,26590.379199999996,1.066210906329255,194.65,0.002595216172194518,2.224198428734185e-06,0.18203278413181212,0.0,0.0,1.1551895914215269,interaction_007_combined_dry_hot_stress_june2024,smartgarden_pa1_joint_c389fa3f9aaf
2024-06-23T16:00,27.9,86.0,167.0,32.0,135.0,0.41,100500.0,25.4,0.52,0.13,29.7,0.307,0,0,0,1.0,29.034597059164117,82.85912594458239,0.023847370582664455,31.782105776133275,0.17914632417006618,19445.624,0.6879821110481887,141.95,0.0020911245140316868,1.59057986787259e-06,0.17991558129670485,0.0,0.0,1.1586071034080903,interaction_007_combined_dry_hot_stress_june2024,smartgarden_pa1_joint_c389fa3f9aaf
2024-06-23T17:00,27.8,87.0,89.0,18.0,71.0,0.32,100400.0,25.3,0.5,0.07,29.2,0.307,0,0,0,1.0,28.46887257497986,85.86718854829772,0.02396163006144854,31.731060352175117,0.17892581389296708,10329.9504,0.5489690976428365,75.64999999999999,0.0016107617055977515,8.666532551282123e-07,0.1785544067467104,0.0,0.0,1.159625212916465,interaction_007_combined_dry_hot_stress_june2024,smartgarden_pa1_joint_c389fa3f9aaf
2024-06-23T18:00,27.7,87.0,46.0,18.0,28.0,0.54,100480.0,25.4,0.48,0.04,28.8,0.309,1,0,0,1.0,28.104124663650026,86.4464584144285,0.023646032407958987,31.624416640899423,0.17880497916723648,5033.1071999999995,0.5154286733496054,39.1,0.001562934228672752,4.78195435880513e-07,0.17780851337800296,0.0,0.0,1.1619543692930596,interaction_007_combined_dry_hot_stress_june2024,smartgarden_pa1_joint_c389fa3f9aaf
2024-06-23T19:00,27.6,89.0,1.0,0.0,1.0,0.22,100600.0,25.7,0.39,0.0,28.4,0.307,0,0,0,1.0,27.797494930188922,88.31042895874874,0.023752463948989774,31.480330040812408,0.18291538024708115,123.18239999999999,0.43667435349003236,0.85,0.0009146617456767099,7.930798238530156e-08,0.20318135954988367,0.0,0.0,1.1645273609552054,interaction_007_combined_dry_hot_stress_june2024,smartgarden_pa1_joint_c389fa3f9aaf
2024-06-23T20:00,27.4,86.0,0.0,0.0,0.0,0.61,100670.0,24.8,0.51,0.0,28.1,0.308,0,0,0,1.0,27.552745568929815,86.33242190171416,0.022909717610796236,31.316792231721962,0.18290145386896364,0.0,0.5033226501002814,0.0,0.0013856495860870683,7.973355940563935e-08,0.20309539425286202,0.0,0.0,1.1662861652570204,interaction_007_combined_dry_hot_stress_june2024,smartgarden_pa1_joint_c389fa3f9aaf
2024-06-23T21:00,27.5,85.0,0.0,0.0,0.0,0.98,100680.0,24.8,0.55,0.0,27.9,0.312,0,0,0,1.0,27.522067983427185,85.15220913838584,0.022558362895444255,31.154639339602905,0.18288638855058986,0.0,0.5458059817257599,0.0,0.0019300013185515703,8.642394023981607e-08,0.20300239846043128,0.0,0.0,1.1665210257161784,interaction_007_combined_dry_hot_stress_june2024,smartgarden_pa1_joint_c389fa3f9aaf
2024-06-23T22:00,26.1,97.0,0.0,0.0,0.0,1.08,100680.0,25.6,0.1,0.0,27.7,0.313,0,0,0,1.0,26.707236984608286,93.37734432670074,0.023647689279139485,30.989120370021,0.1828745602890881,0.0,0.23209490558114965,0.0,0.0025394824204889293,3.673712354152975e-08,0.2029293845005439,0.0,0.0,1.169690925839604,interaction_007_combined_dry_hot_stress_june2024,smartgarden_pa1_joint_c389fa3f9aaf
2024-06-23T23:00,27.3,88.0,0.0,0.0,0.0,1.0,100690.0,25.1,0.45,0.0,27.6,0.311,0,0,0,1.0,26.939792606283774,90.23281736369782,0.023147718722059025,30.812095644445698,0.1828675883317557,0.0,0.34700514666479165,0.0,0.002235196490971497,5.491403334241686e-08,0.2028863477268871,0.0,0.0,1.1689005588565105,interaction_007_combined_dry_hot_stress_june2024,smartgarden_pa1_joint_c389fa3f9aaf
2024-06-24T00:00,27.3,88.0,0.0,0.0,0.0,0.94,100670.0,25.1,0.43,0.0,27.5,0.309,0,0,0,1.0,27.304544137579576,88.11682649288448,0.023065339248173652,30.660004157800326,0.18285600452648493,0.0,0.4313044304840137,0.0,0.001837097827615659,6.823045339392033e-08,0.20281484275607983,0.0,0.0,1.1672496184689254,interaction_007_combined_dry_hot_stress_june2024,smartgarden_pa1_joint_c389fa3f9aaf
2024-06-24T01:00,27.1,89.0,0.0,0.0,0.0,0.78,100630.0,25.1,0.4,0.0,27.4,0.307,0,0,0,1.0,27.22221227950698,88.54874211347776,0.023073255272350747,30.517401601981344,0.1828438618939111,0.0,0.41362914148281105,0.0,0.0016486447995054487,6.541011821335559e-08,0.20273988823401923,0.0,0.0,1.167105641383634,interaction_007_combined_dry_hot_stress_june2024,smartgarden_pa1_joint_c389fa3f9aaf
2024-06-24T02:00,27.0,89.0,0.0,0.0,0.0,0.81,100600.0,25.0,0.39,0.0,27.3,0.312,0,0,0,1.0,27.095037017512492,88.75930231320658,0.02296613297062132,30.37641737185722,0.1828322970893256,0.0,0.4030090564076967,0.0,0.0016761794029903436,6.370824811320802e-08,0.20266850055139266,0.0,0.0,1.1672519071037681,interaction_007_combined_dry_hot_stress_june2024,smartgarden_pa1_joint_c389fa3f9aaf
2024-06-24T03:00,27.0,89.0,0.0,0.0,0.0,0.85,100560.0,25.0,0.41,0.0,27.3,0.31,0,0,0,1.0,27.050826640608776,88.893583646217,0.022944709028239377,30.238361740999657,0.1828209290676774,0.0,0.3971638200480627,0.0,0.0017075321237623197,6.276248605873646e-08,0.20259832757825566,0.0,0.0,1.1669596231024988,interaction_007_combined_dry_hot_stress_june2024,smartgarden_pa1_joint_c389fa3f9aaf
2024-06-24T04:00,27.0,89.0,0.0,0.0,0.0,0.98,100570.0,24.9,0.41,0.0,27.2,0.308,0,0,0,1.0,27.044099085739845,88.9099348712536,0.02294039100267427,30.10541432395513,0.18280964898717728,0.0,0.39642266502396106,0.0,0.0019488456636754445,6.262383347035844e-08,0.2025286974517116,0.0,0.0,1.1671018241697804,interaction_007_combined_dry_hot_stress_june2024,smartgarden_pa1_joint_c389fa3f9aaf
2024-06-24T05:00,26.9,89.0,0.0,0.0,0.0,0.92,100600.0,25.0,0.39,0.0,27.1,0.307,0,0,0,1.0,26.98217471417431,88.79573401730315,0.022832560418526753,29.97708794841119,0.18279832666701828,0.0,0.3990526365262226,0.0,0.0018683405134654306,6.301754203392055e-08,0.20245880658653265,0.0,0.0,1.167690842845786,interaction_007_combined_dry_hot_stress_june2024,smartgarden_pa1_joint_c389fa3f9aaf
2024-06-24T06:00,27.0,89.0,12.0,1.0,11.0,0.72,100620.0,25.0,0.39,0.01,27.1,0.305,1,0,0,1.0,27.03698148930507,89.14691952183712,0.022992482734335948,29.857482684852155,0.182776298796408,1443.0064,0.3877895582565105,10.2,0.001446969334519837,1.8192380560752942e-07,0.2023228320765926,0.0,0.0,1.167709754070052,interaction_007_combined_dry_hot_stress_june2024,smartgarden_pa1_joint_c389fa3f9aaf
2024-06-24T07:00,27.4,89.0,119.0,31.0,88.0,0.91,100700.0,25.4,0.4,0.08,27.9,0.303,0,0,0,1.0,27.60146259866766,90.22157330447901,0.02400610519364327,29.794308368314766,0.18679781620171512,13568.0512,0.3611268223931914,101.14999999999999,0.00195319207177919,1.4080738706483482e-06,0.2271470135908341,0.0,0.0,1.1664447460697434,interaction_007_combined_dry_hot_stress_june2024,smartgarden_pa1_joint_c389fa3f9aaf
2024-06-24T08:00,28.1,85.0,193.0,40.0,153.0,0.91,100750.0,25.4,0.56,0.15,28.1,0.301,0,0,0,1.0,28.518002948726938,86.80998076902624,0.0242899039788032,29.823380151930696,0.18646853710491357,22366.907199999998,0.5138099620165999,164.04999999999998,0.0021276094057233494,2.250625775518644e-06,0.22511442657354055,0.0,0.0,1.163478213374187,interaction_007_combined_dry_hot_stress_june2024,smartgarden_pa1_joint_c389fa3f9aaf
2024-06-24T09:00,28.7,84.0,245.0,30.0,215.0,0.85,100780.0,25.6,0.64,0.19,28.9,0.299,0,0,0,1.0,29.39900525661684,84.85077646670638,0.024909411500707836,29.926432570597594,0.1860120404936362,29124.215999999997,0.6209626158220818,208.25,0.0022460502736030936,2.8158249808288867e-06,0.22229654625701364,0.0,0.0,1.1604356795498918,interaction_007_combined_dry_hot_stress_june2024,smartgarden_pa1_joint_c389fa3f9aaf
2024-06-24T10:00,29.0,81.0,262.0,37.0,225.0,0.63,100780.0,25.4,0.75,0.21,29.3,0.297,0,0,0,1.0,29.953597409693746,81.62413628601809,0.02469331502058173,30.0739502851239,0.18548962242566625,30972.04,0.7776270433585379,222.7,0.0021535288778002162,2.9869334864367178e-06,0.21907174336831017,0.0,0.0,1.1583124169837962,interaction_007_combined_dry_hot_stress_june2024,smartgarden_pa1_joint_c389fa3f9aaf
2024-06-24T11:00,30.3,72.0,529.0,126.0,403.0,0.36,100690.0,24.7,1.19,0.4,30.7,0.293,0,1,0,1.0,31.561744093505165,72.44040324556165,0.023893345558503157,30.346585227835963,0.18469215023197527,60730.5072,1.2782913851800841,449.65,0.0035360775453129184,5.8466107466986225e-06,0.21414907550602022,0.0,0.0,1.1511703538967604,interaction_007_combined_dry_hot_stress_june2024,smartgarden_pa1_joint_c389fa3f9aaf
2024-06-24T12:00,31.3,67.0,736.0,433.0,303.0,0.51,100630.0,24.5,1.5,0.56,31.9,0.289,0,1,0,1.0,33.52704246803513,64.61963958507309,0.02365408880322491,30.84000333564909,0.1834555063590576,75428.2672,1.8329765796470787,625.6,0.004254239749495125,7.853230271771778e-06,0.2065154713522075,0.0,0.0,1.1431116611959453,interaction_007_combined_dry_hot_stress_june2024,smartgarden_pa1_joint_c389fa3f9aaf
2024-06-24T13:00,31.9,65.0,689.0,411.0,278.0,0.45,100580.0,24.4,1.66,0.53,32.5,0.285,0,1,0,1.0,34.48098470004726,60.94268463731047,0.023452068754856677,31.41958633334076,0.18210801530183918,70412.7072,2.133849307751497,585.65,0.004407649343807599,7.120235312374226e-06,0.19819762531999494,0.0,0.0,1.1390007353323155,interaction_007_combined_dry_hot_stress_june2024,smartgarden_pa1_joint_c389fa3f9aaf
2024-06-24T14:00,31.5,67.0,385.0,152.0,233.0,0.42,100480.0,24.5,1.54,0.31,32.3,0.285,0,1,0,1.0,33.67634675723538,62.3536650320957,0.023004523944635622,31.85446122837046,0.1811128777943092,42077.4992,1.966700922531858,327.25,0.0041681245141077135,3.971338317674797e-06,0.19205480119943957,0.0,0.0,1.1408523098488763,interaction_007_combined_dry_hot_stress_june2024,smartgarden_pa1_joint_c389fa3f9aaf
2024-06-24T15:00,30.7,73.0,481.0,224.0,257.0,0.85,100440.0,25.3,1.19,0.37,32.0,0.309,0,1,0,1.0,32.89589356928368,67.71568670998805,0.023975889680507227,32.16526213348145,0.18033073558431073,51369.8768,1.6144896294188809,408.84999999999997,0.004532485823841915,4.713813247129634e-06,0.18722676286611564,0.0,0.0,1.1433062989153364,interaction_007_combined_dry_hot_stress_june2024,smartgarden_pa1_joint_c389fa3f9aaf
2024-06-24T16:00,30.2,76.0,322.0,144.0,178.0,0.5,100450.0,25.4,1.05,0.24,31.2,0.31,0,1,0,1.0,32.01477357811592,71.25601896529452,0.024077312132345177,32.41640062515447,0.17962682866958973,34598.4672,1.3678531370390132,273.7,0.004008852916484751,3.123321625431795e-06,0.18288165845425763,0.0,0.0,1.1467215921032408,interaction_007_combined_dry_hot_stress_june2024,smartgarden_pa1_joint_c389fa3f9aaf
2024-06-24T17:00,28.9,85.0,112.0,34.0,78.0,0.22,100470.0,26.2,0.59,0.09,30.4,0.332,0,1,0,1.0,30.282820239318838,79.79531629325339,0.024573130255385704,32.484252466143886,0.1792449854162377,12600.2272,0.8713033772336285,95.2,0.003560477263094634,1.1280651317108496e-06,0.1805246013348007,0.0,0.0,1.153496543347036,interaction_007_combined_dry_hot_stress_june2024,smartgarden_pa1_joint_c389fa3f9aaf
2024-06-24T18:00,28.5,89.0,46.0,9.0,37.0,0.2,100470.0,26.5,0.44,0.03,29.6,0.336,1,0,0,1.0,29.122914097764163,86.97711778268703,0.025153214265782518,32.398750883899986,0.17910074207585097,5349.748799999999,0.5253715235282566,39.1,0.0014836829675236706,4.844985760700493e-07,0.1796342103447591,0.0,0.0,1.1579228338364895,interaction_007_combined_dry_hot_stress_june2024,smartgarden_pa1_joint_c389fa3f9aaf
2024-06-24T19:00,28.7,83.0,0.0,0.0,0.0,0.36,100540.0,25.6,0.66,0.01,29.1,0.333,0,0,0,1.0,28.794081977844208,84.6328123555083,0.024040555105075596,32.253876979856855,0.18320980953652385,0.0,0.6082727212146408,0.0,0.0008959044361367585,9.726225030793215e-08,0.20499882429952998,0.0,0.0,1.1599915022163247,interaction_007_combined_dry_hot_stress_june2024,smartgarden_pa1_joint_c389fa3f9aaf
2024-06-24T20:00,28.5,84.0,0.0,0.0,0.0,0.28,100620.0,25.5,0.62,0.0,28.6,0.33,0,0,0,1.0,28.635080799659725,83.82977507253625,0.023606611929287348,32.09284508055744,0.18319144563694864,0.0,0.6341921939006379,0.0,0.0008620979155364722,1.0135067572370105e-07,0.20488546689474474,0.0,0.0,1.1615261609390433,interaction_007_combined_dry_hot_stress_june2024,smartgarden_pa1_joint_c389fa3f9aaf
2024-06-24T21:00,27.8,89.0,0.0,0.0,0.0,0.71,100640.0,25.9,0.4,0.0,28.3,0.327,0,0,0,1.0,28.143263717592276,87.26549598976924,0.023921367834305658,31.928590702361454,0.18317499794532757,0.0,0.48538528883258447,0.0,0.0017463546847356218,7.75313064726933e-08,0.20478393793412084,0.0,0.0,1.1636534327939945,interaction_007_combined_dry_hot_stress_june2024,smartgarden_pa1_joint_c389fa3f9aaf
2024-06-24T22:00,27.2,92.0,0.0,0.0,0.0,0.7,100700.0,25.8,0.29,0.0,28.0,0.325,0,0,0,1.0,27.531416008411412,90.4666493160804,0.02397860386089998,31.751528481160474,0.18316310829889892,0.0,0.350638216520168,0.0,0.001720250791130098,5.5987885528327534e-08,0.20471054505493166,0.0,0.0,1.1667164804465104,interaction_007_combined_dry_hot_stress_june2024,smartgarden_pa1_joint_c389fa3f9aaf
2024-06-24T23:00,26.9,93.0,0.0,0.0,0.0,0.54,100730.0,25.7,0.24,0.0,27.7,0.322,0,0,0,1.0,27.116110404162917,92.12417684964934,0.023864571011512955,31.56420477558634,0.18315415633800783,0.0,0.2827183455728908,0.0,0.0013507420211913408,4.513064702729818e-08,0.20465528603708538,0.0,0.0,1.1686782579553603,interaction_007_combined_dry_hot_stress_june2024,smartgarden_pa1_joint_c389fa3f9aaf
2024-06-25T00:00,26.9,94.0,0.0,0.0,0.0,0.81,100740.0,25.8,0.22,0.0,27.6,0.32,0,0,0,1.0,26.982569622043968,93.49901287219811,0.02404246715398721,31.375523578439132,0.18314680136624564,0.0,0.23154539260033813,0.0,0.001663847519547002,3.695365139455779e-08,0.20460988497682497,0.0,0.0,1.1693143213630754,interaction_007_combined_dry_hot_stress_june2024,smartgarden_pa1_joint_c389fa3f9aaf
2024-06-25T01:00,26.8,94.0,0.0,0.0,0.0,0.6,100730.0,25.7,0.22,0.0,27.5,0.319,0,0,0,1.0,26.907067091149827,93.64540917836058,0.02397967217158734,31.192093653381605,0.18314029498983184,0.0,0.22533046158641623,0.0,0.0013129060102907517,3.5954716138220175e-08,0.20456972215945582,0.0,0.0,1.169492450992897,interaction_007_combined_dry_hot_stress_june2024,smartgarden_pa1_joint_c389fa3f9aaf
2024-06-25T02:00,26.1,98.0,0.0,0.0,0.0,0.85,100640.0,25.7,0.08,0.0,27.5,0.348,0,0,0,1.0,26.451728860193487,96.1234968594139,0.024000271224332053,31.0086598846707,0.1831348731705519,0.0,0.13382669378738488,0.0,0.0019785634492265817,2.1350480307863227e-08,0.20453625413920934,0.0,0.0,1.1702233559749826,interaction_007_combined_dry_hot_stress_june2024,smartgarden_pa1_joint_c389fa3f9aaf
2024-06-25T03:00,25.9,97.0,0.0,0.0,0.0,0.73,100620.0,25.4,0.1,0.0,27.4,0.353,0,0,0,1.0,26.08220750152011,96.39660969681287,0.023578539191135905,30.816779644932833,0.18313147055560056,0.0,0.12171566671618672,0.0,0.0016222994777757736,1.9416313838338595e-08,0.20451525034321333,0.0,0.0,1.1714356193697064,interaction_007_combined_dry_hot_stress_june2024,smartgarden_pa1_joint_c389fa3f9aaf
2024-06-25T04:00,25.7,97.0,0.0,0.0,0.0,0.92,100570.0,25.2,0.11,0.0,27.3,0.359,0,0,0,1.0,25.86383322598023,96.31111694607434,0.02327240084884281,30.624013092754186,0.18312792490763052,0.0,0.12300496516034531,0.0,0.0019399166058023031,1.9619885273433028e-08,0.20449336362734893,0.0,0.0,1.171708602468528,interaction_007_combined_dry_hot_stress_june2024,smartgarden_pa1_joint_c389fa3f9aaf
2024-06-25T05:00,25.7,96.0,0.0,0.0,0.0,1.14,100660.0,25.1,0.12,0.0,27.2,0.361,0,0,0,1.0,25.779806225727285,95.73265900823581,0.02302432052890225,30.433878409242194,0.18312419649144163,0.0,0.14158751983025564,0.0,0.002281930226897083,2.2581350651375035e-08,0.20447034871260267,0.0,0.0,1.1730868169454456,interaction_007_combined_dry_hot_stress_june2024,smartgarden_pa1_joint_c389fa3f9aaf
2024-06-25T06:00,25.7,97.0,8.0,1.0,7.0,0.67,100650.0,25.2,0.11,0.01,27.2,0.359,1,0,0,1.0,25.7910102287576,96.57116129305872,0.023240527689038636,30.253610890148643,0.18311313595648399,950.2767999999999,0.11384207166010141,6.8,0.0014176310314713187,9.94613982760453e-08,0.20440207380545672,0.0,0.0,1.1729263156993883,interaction_007_combined_dry_hot_stress_june2024,smartgarden_pa1_joint_c389fa3f9aaf
2024-06-25T07:00,27.4,87.0,106.0,30.0,76.0,0.57,100720.0,25.1,0.47,0.08,28.2,0.356,0,0,0,1.0,27.06090761763745,91.55942544904184,0.0236459821968133,30.135312739887812,0.18715685740525803,12001.8624,0.30201219690236014,90.1,0.0015357781121331572,1.2629706461713891e-06,0.22936331731640763,0.0,0.0,1.1687771123249067,interaction_007_combined_dry_hot_stress_june2024,smartgarden_pa1_joint_c389fa3f9aaf
2024-06-25T08:00,27.8,83.0,222.0,86.0,136.0,0.41,100740.0,24.7,0.63,0.16,28.0,0.352,0,0,0,1.0,28.351280932042272,86.66322208072076,0.024028624540697135,30.147012436821043,0.1868089162835383,24320.806399999998,0.5145242710409605,188.7,0.0015676107755636473,2.599409070658453e-06,0.22721553261443395,0.0,0.0,1.1640060396481684,interaction_007_combined_dry_hot_stress_june2024,smartgarden_pa1_joint_c389fa3f9aaf
2024-06-25T09:00,28.6,79.0,319.0,143.0,176.0,0.28,100720.0,24.5,0.84,0.24,28.7,0.347,0,0,0,1.0,29.478240212210707,82.21696579931087,0.024240269299225632,30.27082213695065,0.18624339374896698,34264.102399999996,0.7322561311191151,271.15,0.001784346154213161,3.676564490505472e-06,0.22372465277140113,0.0,0.0,1.159441159383327,interaction_007_combined_dry_hot_stress_june2024,smartgarden_pa1_joint_c389fa3f9aaf
2024-06-25T10:00,28.9,76.0,335.0,68.0,267.0,0.5,100700.0,24.3,0.93,0.26,29.8,0.343,0,1,0,1.0,30.13408389062992,74.71130228796191,0.02282354226706828,30.461399839148147,0.18556682465568752,38873.7008,1.0812958400076589,284.75,0.003624271143247866,3.842377541385757e-06,0.21954830034375017,0.0,0.0,1.1567041663403466,interaction_007_combined_dry_hot_stress_june2024,smartgarden_pa1_joint_c389fa3f9aaf
2024-06-25T11:00,29.6,73.0,543.0,154.0,389.0,1.3,100670.0,24.2,1.14,0.41,30.5,0.338,0,1,0,1.0,31.21550391819896,70.76894380105462,0.02291377273870338,30.747807420720925,0.18467890328791148,61469.9536,1.3294301676770846,461.55,0.004810047067478533,6.001939985181454e-06,0.21406730424636716,0.0,0.0,1.1522509860581964,interaction_007_combined_dry_hot_stress_june2024,smartgarden_pa1_joint_c389fa3f9aaf
2024-06-25T12:00,30.2,69.0,588.0,244.0,344.0,2.33,100600.0,24.0,1.31,0.45,31.2,0.332,0,1,0,1.0,32.16669694378204,65.01170172904222,0.022145615126528136,31.14914696898725,0.183568066771863,63846.745599999995,1.6793502940692808,499.8,0.006589744294472701,6.329899938786424e-06,0.2072102887152037,0.0,0.0,1.147862516414107,interaction_007_combined_dry_hot_stress_june2024,smartgarden_pa1_joint_c389fa3f9aaf
2024-06-25T13:00,31.1,66.0,871.0,682.0,189.0,2.0,100610.0,24.0,1.54,0.65,32.4,0.326,0,1,0,1.0,33.73344404947824,61.186383974329495,0.02264169428924915,31.68751691118454,0.1821908582970706,83297.4736,2.0341520111482048,740.35,0.006261594098481529,8.921460622452876e-06,0.19870900183376916,0.0,0.0,1.1421157966964501,interaction_007_combined_dry_hot_stress_june2024,smartgarden_pa1_joint_c389fa3f9aaf
2024-06-25T14:00,29.9,72.0,352.0,107.0,245.0,1.43,100560.0,24.2,1.2,0.28,31.7,0.322,0,1,0,1.0,32.426835823798456,64.87554431116905,0.022406680163346238,32.13680496667663,0.18106848952036403,39595.688,1.7107960472491222,299.2,0.0053887058745038475,3.612694000270855e-06,0.19178079950841995,0.0,0.0,1.1464293180703853,interaction_007_combined_dry_hot_stress_june2024,smartgarden_pa1_joint_c389fa3f9aaf
2024-06-25T15:00,29.9,71.0,299.0,206.0,93.0,0.85,100580.0,24.1,1.22,0.24,31.3,0.318,0,1,0,1.0,31.327402510701525,68.0533363452211,0.022166889383785842,32.30919413774627,0.1804740665264408,29583.9632,1.4622028070122348,254.15,0.004110860218002766,3.0113443927818766e-06,0.1881115217681531,0.0,0.0,1.1507977764361113,interaction_007_combined_dry_hot_stress_june2024,smartgarden_pa1_joint_c389fa3f9aaf
2024-06-25T16:00,30.0,71.0,370.0,253.0,117.0,0.22,100550.0,24.1,1.23,0.27,31.3,0.314,0,1,0,1.0,31.44797946400284,68.66038428416252,0.02250931382021184,32.46901187300783,0.179878714555821,36676.3408,1.4442700876327246,314.5,0.0036050075260107735,3.601082397251524e-06,0.18443650960383334,0.0,0.0,1.1499991135581142,interaction_007_combined_dry_hot_stress_june2024,smartgarden_pa1_joint_c389fa3f9aaf
2024-06-25T17:00,29.6,74.0,195.0,106.0,89.0,0.4,100560.0,24.4,1.09,0.14,30.8,0.311,0,1,0,1.0,30.87891830621025,70.77166325972216,0.022504777957059702,32.582530005296654,0.17938033608727094,20291.2336,1.3040853972628712,165.75,0.003577823763537714,1.943012597466163e-06,0.18136009930414165,0.0,0.0,1.152266190542926,interaction_007_combined_dry_hot_stress_june2024,smartgarden_pa1_joint_c389fa3f9aaf
2024-06-25T18:00,29.2,77.0,76.0,49.0,27.0,0.14,100560.0,24.8,0.92,0.05,30.2,0.309,1,0,0,1.0,29.958300292648705,74.99628002005427,0.022693995786222707,32.55924553214561,0.1791313479261652,7637.924799999999,1.0583892230342222,64.6,0.0016007036016381347,8.28021448221182e-07,0.17982313534669878,0.0,0.0,1.1557659198819366,interaction_007_combined_dry_hot_stress_june2024,smartgarden_pa1_joint_c389fa3f9aaf
2024-06-25T19:00,29.1,75.0,1.0,0.0,1.0,0.82,100600.0,24.3,0.99,0.0,29.6,0.308,0,0,0,1.0,29.358118366418577,74.8969125167907,0.021938503792773876,32.44267103019972,0.18319830641039686,123.18239999999999,1.0265473103252796,0.85,0.0018453397627708602,1.7427715349108608e-07,0.2049278173481288,0.0,0.0,1.15851962568697,interaction_007_combined_dry_hot_stress_june2024,smartgarden_pa1_joint_c389fa3f9aaf
2024-06-25T20:00,29.0,77.0,0.0,0.0,0.0,1.22,100680.0,24.5,0.92,0.01,29.1,0.306,0,0,0,1.0,29.10243972351702,76.61907456457669,0.022133055613050963,32.29018437723386,0.18316889771382167,0.0,0.9421231825746212,0.0,0.0024488083212437775,1.5045905081344103e-07,0.2047462821840844,0.0,0.0,1.160421697403233,interaction_007_combined_dry_hot_stress_june2024,smartgarden_pa1_joint_c389fa3f9aaf
2024-06-25T21:00,28.0,87.0,0.0,0.0,0.0,0.92,100700.0,25.5,0.51,0.0,28.6,0.305,0,0,0,1.0,28.448766541303257,84.42816562640644,0.023534162602657595,32.131294213032994,0.18314621612182935,0.0,0.6041606541699469,0.0,0.002167499428528548,9.641974629648045e-08,0.20460627235697135,0.0,0.0,1.1631677657175172,interaction_007_combined_dry_hot_stress_june2024,smartgarden_pa1_joint_c389fa3f9aaf
2024-06-25T22:00,27.7,89.0,0.0,0.0,0.0,1.12,100760.0,25.8,0.39,0.0,28.2,0.304,0,0,0,1.0,27.915792360567234,88.00703992695331,0.023825281871965063,31.95603411425371,0.1831315530529785,0.0,0.4511075955466084,0.0,0.002341495148319149,7.19617177955194e-08,0.20451575958628715,0.0,0.0,1.16592118781445,interaction_007_combined_dry_hot_stress_june2024,smartgarden_pa1_joint_c389fa3f9aaf
2024-06-25T23:00,27.3,92.0,0.0,0.0,0.0,1.04,100790.0,26.0,0.28,0.0,27.9,0.302,0,0,0,1.0,27.53480123825485,90.79558963235154,0.02407028078268301,31.77432976406479,0.18312019127373586,0.0,0.33860670815075533,0.0,0.0022111749966169966,5.3996794898814795e-08,0.20444562514651765,0.0,0.0,1.1677460789588503,interaction_007_combined_dry_hot_stress_june2024,smartgarden_pa1_joint_c389fa3f9aaf
2024-06-26T00:00,27.1,93.0,0.0,0.0,0.0,0.92,100800.0,26.0,0.24,0.0,27.8,0.302,0,0,0,1.0,27.26094789618185,92.26875786888489,0.02409407646313522,31.58878490404133,0.18311144114522784,0.0,0.27989319913040944,0.0,0.001936799367769942,4.462210128497377e-08,0.2043916120075793,0.0,0.0,1.1689265562526587,interaction_007_combined_dry_hot_stress_june2024,smartgarden_pa1_joint_c389fa3f9aaf
2024-06-26T01:00,27.1,94.0,0.0,0.0,0.0,0.91,100750.0,26.0,0.22,0.0,27.8,0.301,0,0,0,1.0,27.173400357842564,93.55487676963874,0.024312055229592885,31.404912073662665,0.18310412871303144,0.0,0.23213859198704734,0.0,0.0018417069761495523,3.7000628062671996e-08,0.20434647353723118,0.0,0.0,1.1686873173543508,interaction_007_combined_dry_hot_stress_june2024,smartgarden_pa1_joint_c389fa3f9aaf
2024-06-26T02:00,27.1,92.0,0.0,0.0,0.0,0.85,100710.0,25.6,0.29,0.0,27.5,0.299,0,0,0,1.0,27.161832675950762,92.08866005460789,0.02391573687976515,31.22748242335093,0.18309687670389657,0.0,0.2847552952353607,0.0,0.0017181521966836105,4.537727469015674e-08,0.20430170804874428,0.0,0.0,1.1682683210686895,interaction_007_combined_dry_hot_stress_june2024,smartgarden_pa1_joint_c389fa3f9aaf
2024-06-26T03:00,27.1,90.0,0.0,0.0,0.0,0.95,100650.0,25.3,0.36,0.0,27.3,0.298,0,0,0,1.0,27.157497848839803,90.11071643306633,0.023396452442497537,31.057203603275976,0.18308769482371282,0.0,0.3558576279403085,0.0,0.001903193688005461,5.669207841545574e-08,0.20424502977600506,0.0,0.0,1.1675891552849702,interaction_007_combined_dry_hot_stress_june2024,smartgarden_pa1_joint_c389fa3f9aaf
2024-06-26T04:00,27.0,90.0,0.0,0.0,0.0,1.12,100670.0,25.1,0.37,0.0,27.0,0.297,0,0,0,1.0,27.094342772508902,89.69403240618539,0.02320709994685601,30.89309745211157,0.18307717947383226,0.0,0.3694814459074349,0.0,0.0022543989362878015,5.884379751144687e-08,0.20418012020884113,0.0,0.0,1.1680668110958194,interaction_007_combined_dry_hot_stress_june2024,smartgarden_pa1_joint_c389fa3f9aaf
2024-06-26T05:00,27.8,85.0,0.0,0.0,0.0,0.91,100650.0,25.0,0.58,0.0,26.9,0.296,0,0,0,1.0,27.533033772483172,86.55938958403203,0.022945012014883782,30.73988093917563,0.18306519396266813,0.0,0.49439460862274354,0.0,0.0020079190967298094,7.870899895063311e-08,0.2041061355720255,0.0,0.0,1.166130903163576,interaction_007_combined_dry_hot_stress_june2024,smartgarden_pa1_joint_c389fa3f9aaf
2024-06-26T06:00,27.9,85.0,16.0,5.0,11.0,1.0,100750.0,25.0,0.58,0.02,27.0,0.295,1,0,0,1.0,27.907414412209263,85.33422933550477,0.023091066604445227,30.615416775453255,0.1830353007771694,1795.0064,0.5513744601185575,13.6,0.0019562693691464465,2.499410233357494e-07,0.20392160973561357,0.0,0.0,1.1658379176218345,interaction_007_combined_dry_hot_stress_june2024,smartgarden_pa1_joint_c389fa3f9aaf
2024-06-26T07:00,28.1,84.0,98.0,44.0,54.0,0.98,100790.0,25.2,0.6,0.08,28.4,0.294,0,0,0,1.0,28.324554578504124,84.89616257272513,0.02350425683268814,30.54207972344457,0.18706699435829616,10523.849599999998,0.5817925209221748,83.3,0.002095852987777117,1.2188287094349232e-06,0.2288086071499763,0.0,0.0,1.1646870102831863,interaction_007_combined_dry_hot_stress_june2024,smartgarden_pa1_joint_c389fa3f9aaf
2024-06-26T08:00,28.9,78.0,275.0,180.0,95.0,0.58,100870.0,24.6,0.89,0.2,29.2,0.292,0,0,0,1.0,29.46780697142935,81.60768256487077,0.02404701042768127,30.587837754668616,0.1866662926890831,27542.327999999998,0.7568898570234253,233.75,0.0017734035259595396,3.228613982805406e-06,0.22633514005606858,0.0,0.0,1.1612079218218936,interaction_007_combined_dry_hot_stress_june2024,smartgarden_pa1_joint_c389fa3f9aaf
2024-06-26T09:00,29.5,73.0,424.0,233.0,191.0,0.76,100870.0,24.2,1.1,0.32,30.1,0.29,0,1,0,1.0,30.74106297009523,72.36914817607634,0.02284296509360286,30.789993110195805,0.18593418349745086,44031.83839999999,1.2231590214530117,360.4,0.0038903672317171884,4.888260966138582e-06,0.2218159475151288,0.0,0.0,1.1563426423440841,interaction_007_combined_dry_hot_stress_june2024,smartgarden_pa1_joint_c389fa3f9aaf
2024-06-26T10:00,29.9,74.0,513.0,315.0,198.0,1.41,100860.0,24.7,1.1,0.39,30.8,0.288,0,1,0,1.0,31.63993033636111,70.7284299881605,0.02342627365703162,31.104055161594896,0.18497633634078825,52110.11519999999,1.3637272898398125,436.05,0.00502708236834335,5.7371192857891984e-06,0.2159033107456065,0.0,0.0,1.1528181302297025,interaction_007_combined_dry_hot_stress_june2024,smartgarden_pa1_joint_c389fa3f9aaf
2024-06-26T11:00,30.1,75.0,634.0,380.0,254.0,1.61,100800.0,25.1,1.08,0.47,31.4,0.285,0,1,0,1.0,32.33986753120452,70.02225240376418,0.02407287300099236,31.504914250691296,0.18384409869442223,64728.3296,1.4529790829840064,538.9,0.005529843230029841,6.822923016323807e-06,0.20891418947174217,0.0,0.0,1.149492576047588,interaction_007_combined_dry_hot_stress_june2024,smartgarden_pa1_joint_c389fa3f9aaf
2024-06-26T12:00,30.7,74.0,806.0,526.0,280.0,1.26,100780.0,25.5,1.15,0.6,32.2,0.281,0,1,0,1.0,33.42269082737787,68.25793396506907,0.02484903363304412,32.02065494086231,0.18248109950011016,80779.072,1.6349208293860182,685.1,0.005244820865007717,8.291419842807591e-06,0.20050061419821086,0.0,0.0,1.145205267842313,interaction_007_combined_dry_hot_stress_june2024,smartgarden_pa1_joint_c389fa3f9aaf
2024-06-26T13:00,30.3,76.0,674.0,349.0,325.0,1.5,100760.0,25.6,1.04,0.5,32.3,0.278,0,1,0,1.0,33.297351551974494,68.06582827613782,0.024616024150222175,32.55062441788728,0.18113465046633492,70746.28,1.6333227440551714,572.9,0.005664617871646188,6.686001239412053e-06,0.19218920040947488,0.0,0.0,1.145446304109426,interaction_007_combined_dry_hot_stress_june2024,smartgarden_pa1_joint_c389fa3f9aaf
2024-06-26T14:00,30.3,72.0,576.0,276.0,300.0,1.55,100650.0,24.6,1.22,0.44,32.3,0.275,0,1,0,1.0,32.795414818266146,66.05307941879842,0.023263263148288266,32.96111935906409,0.18003490908194344,61242.72,1.6880822467852838,489.59999999999997,0.005541753154182747,5.554289762156307e-06,0.18540067334532995,0.0,0.0,1.146072994580913,interaction_007_combined_dry_hot_stress_june2024,smartgarden_pa1_joint_c389fa3f9aaf
2024-06-26T15:00,30.0,71.0,400.0,188.0,212.0,1.22,100690.0,24.1,1.24,0.31,31.9,0.278,0,1,0,1.0,32.04421008043687,66.06678291511305,0.022358876432167114,33.2389409468356,0.17919378626899124,42658.66879999999,1.617483455960091,340.0,0.004898908097750134,3.811706003763209e-06,0.18020855721599532,0.0,0.0,1.1493505272992213,interaction_007_combined_dry_hot_stress_june2024,smartgarden_pa1_joint_c389fa3f9aaf
2024-06-26T16:00,28.8,82.0,297.0,146.0,151.0,1.2,100680.0,25.5,0.7,0.22,31.1,0.295,0,1,0,1.0,30.702832778841625,75.53859598340281,0.02379443329738287,33.37233583333076,0.17860321579202112,31448.542399999995,1.0804951779223226,252.45,0.004809842147914138,2.756345577259591e-06,0.17656306044457487,0.0,0.0,1.154309755616191,interaction_007_combined_dry_hot_stress_june2024,smartgarden_pa1_joint_c389fa3f9aaf
2024-06-26T17:00,28.0,83.0,198.0,87.0,111.0,0.54,100750.0,24.9,0.63,0.14,30.2,0.327,0,0,0,1.0,29.45282845255987,79.52095813187175,0.023413078362432213,33.383169345213446,0.17819156443353162,21329.2464,0.8420371194484981,168.29999999999998,0.002425490081679983,1.8276380574140515e-06,0.17402200267612117,0.0,0.0,1.159883900946315,interaction_007_combined_dry_hot_stress_june2024,smartgarden_pa1_joint_c389fa3f9aaf
2024-06-26T18:00,27.1,90.0,57.0,23.0,34.0,0.32,100800.0,25.3,0.37,0.04,29.3,0.332,1,0,0,1.0,28.09229124271309,86.21336489887085,0.023566968339844854,33.26724665723057,0.17797692507487675,6212.201599999999,0.523932152656462,48.449999999999996,0.0019143949443572652,5.600552247815879e-07,0.17269706836343676,0.0,0.0,1.1657006502514944,interaction_007_combined_dry_hot_stress_june2024,smartgarden_pa1_joint_c389fa3f9aaf
2024-06-26T19:00,26.4,98.0,1.0,0.0,1.0,0.45,100830.0,26.0,0.08,0.0,28.8,0.334,0,0,0,1.0,26.946534572270306,94.71914883322306,0.02430768277833645,33.04318360807827,0.18208259066770052,123.18239999999999,0.18769054125853968,0.85,0.0016065469399157589,3.88404561155616e-08,0.19804068313395387,0.0,0.0,1.1704995084155179,interaction_007_combined_dry_hot_stress_june2024,smartgarden_pa1_joint_c389fa3f9aaf
2024-06-26T20:00,26.6,91.0,0.0,0.0,0.0,0.3,100900.0,24.9,0.32,0.0,28.3,0.331,0,0,0,1.0,26.665936645435107,92.54119223514458,0.023382304798538183,32.783396257769,0.1820762789778941,0.0,0.2607642560036201,0.0,0.0007489432066290643,4.0272781962761675e-08,0.1980017220857661,0.0,0.0,1.1724083452056433,interaction_007_combined_dry_hot_stress_june2024,smartgarden_pa1_joint_c389fa3f9aaf
2024-06-26T21:00,26.7,89.0,0.0,0.0,0.0,0.67,100910.0,24.7,0.38,0.0,27.9,0.329,0,0,0,1.0,26.745254589658455,89.310508027688,0.02266550229657884,32.53334883377392,0.182067232218091,0.0,0.37545781878377316,0.0,0.0013627170152231683,5.796985548869757e-08,0.19794587788945073,0.0,0.0,1.1722144245535004,interaction_007_combined_dry_hot_stress_june2024,smartgarden_pa1_joint_c389fa3f9aaf
2024-06-26T22:00,26.9,88.0,0.0,0.0,0.0,0.95,100960.0,24.6,0.44,0.0,27.6,0.327,0,0,0,1.0,26.89636725297427,88.16305803678705,0.022562439775716082,32.29735862652733,0.18205611914344566,0.0,0.41946816952864463,0.0,0.0018557466599165393,6.474251150030105e-08,0.19787727866324484,0.0,0.0,1.172204590201025,interaction_007_combined_dry_hot_stress_june2024,smartgarden_pa1_joint_c389fa3f9aaf
2024-06-26T23:00,26.9,88.0,0.0,0.0,0.0,0.73,100980.0,24.7,0.43,0.0,27.4,0.325,0,0,0,1.0,26.96683938803656,87.84106190996084,0.02256791721818567,32.07550088227771,0.18204420932967955,0.0,0.43266485517694075,0.0,0.0014992714970641547,6.675453387241106e-08,0.1978037612943182,0.0,0.0,1.1721614953601862,interaction_007_combined_dry_hot_stress_june2024,smartgarden_pa1_joint_c389fa3f9aaf
2024-06-27T00:00,26.2,91.0,0.0,0.0,0.0,1.0,100960.0,24.6,0.3,0.0,27.1,0.323,0,0,0,1.0,26.55368713587336,89.40019550855486,0.02244837302121392,31.85832692385671,0.18203286051963788,0.0,0.36813579563565657,0.0,0.002230696603270246,5.6778427303880654e-08,0.19773370691134495,0.0,0.0,1.1735448847101617,interaction_007_combined_dry_hot_stress_june2024,smartgarden_pa1_joint_c389fa3f9aaf
2024-06-27T01:00,27.2,86.0,0.0,0.0,0.0,0.81,100960.0,24.6,0.5,0.0,27.0,0.323,0,0,0,1.0,26.901726443066366,87.59406981920355,0.022423479962334736,31.64388526844748,0.18202224090371563,0.0,0.43976987461684214,0.0,0.0018663658726528634,6.780422936048348e-08,0.19766815372663973,0.0,0.0,1.172183653586861,interaction_007_combined_dry_hot_stress_june2024,smartgarden_pa1_joint_c389fa3f9aaf
2024-06-27T02:00,27.1,87.0,0.0,0.0,0.0,0.67,100920.0,24.8,0.46,0.0,26.9,0.322,0,0,0,1.0,27.16338316864118,86.79832730469418,0.022543751203621343,31.454204876288006,0.18200917144325768,0.0,0.47521504320398567,0.0,0.0013844912018269703,7.323930269418863e-08,0.1975874780448005,0.0,0.0,1.1706983442163195,interaction_007_combined_dry_hot_stress_june2024,smartgarden_pa1_joint_c389fa3f9aaf
2024-06-27T03:00,27.0,88.0,0.0,0.0,0.0,0.5,100880.0,24.7,0.44,0.0,26.8,0.321,0,0,0,1.0,27.101914214653615,87.61632069056735,0.022679013108184674,31.27382859489867,0.18199638559141726,0.0,0.4441670394157531,0.0,0.00113496752888793,6.842689562291876e-08,0.1975085530334399,0.0,0.0,1.1704739095342898,interaction_007_combined_dry_hot_stress_june2024,smartgarden_pa1_joint_c389fa3f9aaf
2024-06-27T04:00,27.0,87.0,0.0,0.0,0.0,0.54,100880.0,24.7,0.45,0.0,26.6,0.319,0,0,0,1.0,27.064085630081546,87.15712811250816,0.02251300913198198,31.098880599739104,0.18198398732113027,0.0,0.45961644213822694,0.0,0.001149381923746489,7.077954220485805e-08,0.1974320205008042,0.0,0.0,1.1706213955231077,interaction_007_combined_dry_hot_stress_june2024,smartgarden_pa1_joint_c389fa3f9aaf
2024-06-27T05:00,24.7,96.0,0.0,0.0,0.0,1.0,100920.0,24.1,0.11,0.0,26.4,0.318,0,0,0,1.0,25.6786195651114,91.27704436095382,0.021828917953226702,30.91284947862873,0.18197293901013237,0.0,0.2876922730388105,0.0,0.002656876813749536,4.428843610897448e-08,0.19736382105019984,0.0,0.0,1.1765150906000315,interaction_007_combined_dry_hot_stress_june2024,smartgarden_pa1_joint_c389fa3f9aaf
2024-06-27T06:00,25.0,97.0,18.0,9.0,9.0,0.81,100930.0,24.5,0.09,0.0,26.6,0.316,1,0,0,1.0,25.10773066658739,96.43782324128291,0.022336977815431668,30.69774327009968,0.1819520946877385,1900.6415999999997,0.11356797814347219,15.299999999999999,0.001689377219270457,1.9400700918114719e-07,0.19723515239344763,0.0,0.0,1.1788838357084246,interaction_007_combined_dry_hot_stress_june2024,smartgarden_pa1_joint_c389fa3f9aaf
2024-06-27T07:00,27.3,89.0,160.0,107.0,53.0,0.5,100990.0,25.3,0.4,0.1,28.5,0.315,0,0,0,1.0,26.891085412151476,94.21534846281398,0.024104272839133363,30.568030364160972,0.18593754434162169,15944.667199999998,0.20492833501363084,136.0,0.001518501629425076,1.8003920201267877e-06,0.22183669346680054,0.0,0.0,1.1725735490290043,interaction_007_combined_dry_hot_stress_june2024,smartgarden_pa1_joint_c389fa3f9aaf
2024-06-27T08:00,28.4,85.0,390.0,303.0,87.0,0.2,101030.0,25.6,0.59,0.27,28.6,0.313,0,0,0,1.0,29.184309315079762,90.15090774443964,0.026158297632405868,30.650442947978693,0.18538760098150034,37380.8688,0.3987445112445416,331.5,0.0016527966701992004,4.304130716214994e-06,0.21844198136728607,0.0,0.0,1.1641404170076957,interaction_007_combined_dry_hot_stress_june2024,smartgarden_pa1_joint_c389fa3f9aaf
2024-06-27T09:00,29.4,75.0,546.0,417.0,129.0,0.7,101070.0,24.5,1.02,0.4,29.4,0.31,0,1,0,1.0,30.97326467643547,73.86922383472886,0.023609027522809273,30.93360347785726,0.1844608766015354,52586.5296,1.1721635754675055,464.09999999999997,0.004036038322383314,5.969844335668987e-06,0.21272146050330498,0.0,0.0,1.1577507489995784,interaction_007_combined_dry_hot_stress_june2024,smartgarden_pa1_joint_c389fa3f9aaf
2024-06-27T10:00,29.9,72.0,731.0,578.0,153.0,1.1,101060.0,24.4,1.17,0.53,31.0,0.306,0,1,0,1.0,32.34239164338493,67.7484321362416,0.023294280336461668,31.377402036329062,0.18322666177043465,69710.9072,1.5634103569115663,621.35,0.0049316591389849725,7.705393120952043e-06,0.2051028504347818,0.0,0.0,1.1524480149474003,interaction_007_combined_dry_hot_stress_june2024,smartgarden_pa1_joint_c389fa3f9aaf
2024-06-27T11:00,30.6,69.0,846.0,644.0,202.0,1.24,100970.0,24.3,1.36,0.63,31.9,0.302,0,1,0,1.0,33.529488639374854,63.448141394047354,0.023228249877574426,31.950191427718213,0.18176260644901118,81554.84479999999,1.8939280903966105,719.1,0.005306227894320829,8.537595275392882e-06,0.19606547190747647,0.0,0.0,1.1469647600628767,interaction_007_combined_dry_hot_stress_june2024,smartgarden_pa1_joint_c389fa3f9aaf
2024-06-27T12:00,30.9,68.0,776.0,575.0,201.0,1.58,100900.0,24.2,1.44,0.58,32.3,0.298,0,1,0,1.0,33.957384464638245,61.31323303708162,0.022956878661973566,32.54379554896507,0.18031829892359175,75359.6624,2.0529719889384865,659.6,0.005792555158199032,7.521168615000837e-06,0.18714999335550464,0.0,0.0,1.1445726281102455,interaction_007_combined_dry_hot_stress_june2024,smartgarden_pa1_joint_c389fa3f9aaf
2024-06-27T13:00,31.0,67.0,777.0,530.0,247.0,2.01,100830.0,24.2,1.46,0.58,32.6,0.294,0,1,0,1.0,34.044416552964066,60.044541494292105,0.022584662641984263,33.09448800707134,0.17899248592628172,77066.0528,2.1305965369433006,660.4499999999999,0.006410584571130962,7.212004414154563e-06,0.1789659625079119,0.0,0.0,1.1434545267312202,interaction_007_combined_dry_hot_stress_june2024,smartgarden_pa1_joint_c389fa3f9aaf
2024-06-27T14:00,30.3,70.0,678.0,518.0,160.0,2.19,100770.0,24.3,1.28,0.5,32.5,0.291,0,1,0,1.0,33.3780019065507,61.90238399070454,0.022482346367933427,33.58035270110521,0.17780040657829985,65293.184,1.9573744687720307,576.3,0.006701374364939364,6.0474983081664245e-06,0.1716074480141966,0.0,0.0,1.145258577331353,interaction_007_combined_dry_hot_stress_june2024,smartgarden_pa1_joint_c389fa3f9aaf
2024-06-27T15:00,30.1,73.0,509.0,386.0,123.0,1.92,100720.0,24.7,1.17,0.38,32.2,0.289,0,1,0,1.0,32.50791638293658,66.20815655077732,0.022965490728379237,33.92263535162238,0.17686159748686867,49119.43519999999,1.6534210871490438,432.65,0.006063425641179206,4.410557152306395e-06,0.165812330165856,0.0,0.0,1.1479487979437446,interaction_007_combined_dry_hot_stress_june2024,smartgarden_pa1_joint_c389fa3f9aaf
2024-06-27T16:00,29.9,75.0,421.0,304.0,117.0,1.35,100740.0,24.9,1.07,0.31,31.8,0.287,0,1,0,1.0,31.90053943417291,69.40803615878214,0.02331065324528067,34.13530344280909,0.17614529634667103,41164.3408,1.4464237608834294,357.84999999999997,0.00505650859411432,3.5606723157555366e-06,0.16139071818932738,0.0,0.0,1.1504628466401645,interaction_007_combined_dry_hot_stress_june2024,smartgarden_pa1_joint_c389fa3f9aaf
2024-06-27T17:00,29.4,74.0,249.0,180.0,69.0,1.65,100690.0,24.3,1.05,0.19,31.1,0.289,0,1,0,1.0,30.943903392109025,69.52069402596341,0.02218423288838697,34.223466302508704,0.17563442516380381,24339.5856,1.3649439225006161,211.65,0.005313298951446539,2.1276859705980744e-06,0.15823719236915937,0.0,0.0,1.1535092363634731,interaction_007_combined_dry_hot_stress_june2024,smartgarden_pa1_joint_c389fa3f9aaf
2024-06-27T18:00,28.6,80.0,58.0,28.0,30.0,1.34,100820.0,24.8,0.77,0.05,30.1,0.291,1,0,0,1.0,29.56078294334502,76.44507802436311,0.02263969902877734,34.13996690141685,0.17539200809420083,6159.472,0.9745460992806145,49.3,0.003159732154350775,5.711941558527283e-07,0.15674079070494343,0.0,0.0,1.1602758436371619,interaction_007_combined_dry_hot_stress_june2024,smartgarden_pa1_joint_c389fa3f9aaf
2024-06-27T19:00,28.1,82.0,1.0,0.0,1.0,1.0,100890.0,24.8,0.67,0.0,29.3,0.292,0,0,0,1.0,28.53705769411428,80.35174330518922,0.02250629153043148,33.93032030011132,0.17948888001805033,123.18239999999999,0.766233339560308,0.85,0.002289779701124044,1.1784393649058167e-07,0.18203012356821194,0.0,0.0,1.1650213691590658,interaction_007_combined_dry_hot_stress_june2024,smartgarden_pa1_joint_c389fa3f9aaf
2024-06-27T20:00,28.0,82.0,0.0,0.0,0.0,0.85,100950.0,24.5,0.7,0.0,28.9,0.294,0,0,0,1.0,28.15762128466408,81.55738084918315,0.02237425964521483,33.68595581551838,0.17946953469290436,0.0,0.7035416670304264,0.0,0.0018076221673158609,9.982577493997776e-08,0.18191070798089112,0.0,0.0,1.1671821984829143,interaction_007_combined_dry_hot_stress_june2024,smartgarden_pa1_joint_c389fa3f9aaf
2024-06-27T21:00,27.8,83.0,0.0,0.0,0.0,0.73,100970.0,24.6,0.63,0.0,28.5,0.293,0,0,0,1.0,27.967469949854458,82.43884478243876,0.02238130188917975,33.4436029773262,0.17945206152376897,0.0,0.6625431794058279,0.0,0.0016060498439200025,9.395274528377086e-08,0.18180284891215415,0.0,0.0,1.1681506428771598,interaction_007_combined_dry_hot_stress_june2024,smartgarden_pa1_joint_c389fa3f9aaf
2024-06-27T22:00,27.2,88.0,0.0,0.0,0.0,0.41,100980.0,25.0,0.44,0.0,28.2,0.292,0,0,0,1.0,27.53422632510509,86.19915194027183,0.02285102247667086,33.20177429360547,0.1794369038717887,0.0,0.5076808363734289,0.0,0.001320803468641467,7.19552502638374e-08,0.18170928315918958,0.0,0.0,1.1699496429835903,interaction_007_combined_dry_hot_stress_june2024,smartgarden_pa1_joint_c389fa3f9aaf
2024-06-27T23:00,27.2,87.0,0.0,0.0,0.0,0.32,101000.0,24.9,0.46,0.0,27.9,0.291,0,0,0,1.0,27.31346410726662,86.98989161415635,0.022781569226615932,32.95701510456765,0.17942475028263064,0.0,0.47245357095134954,0.0,0.000874579566922889,6.693472907035092e-08,0.18163426100389285,0.0,0.0,1.1710411399204759,interaction_007_combined_dry_hot_stress_june2024,smartgarden_pa1_joint_c389fa3f9aaf
2024-06-28T00:00,26.9,89.0,0.0,0.0,0.0,0.5,100960.0,24.8,0.4,0.0,27.5,0.29,0,0,0,1.0,27.109078120059593,88.06742979255115,0.022804811285468112,32.71714273896423,0.1794130987878711,0.0,0.42816682195050504,0.0,0.0012818140809741656,6.063639607864714e-08,0.18156233819673517,0.0,0.0,1.1713741718291835,interaction_007_combined_dry_hot_stress_june2024,smartgarden_pa1_joint_c389fa3f9aaf
2024-06-28T01:00,26.4,91.0,0.0,0.0,0.0,0.45,100940.0,24.8,0.3,0.0,27.3,0.29,0,0,0,1.0,26.7022617656649,89.74293710311427,0.022721009862577555,32.47701589456328,0.1794030448885855,0.0,0.3593597266664079,0.0,0.0013313118160711763,5.0874634172662485e-08,0.18150027709003394,0.0,0.0,1.1727310396915271,interaction_007_combined_dry_hot_stress_june2024,smartgarden_pa1_joint_c389fa3f9aaf
2024-06-28T02:00,26.3,90.0,0.0,0.0,0.0,0.45,100910.0,24.6,0.34,0.0,27.2,0.291,0,0,0,1.0,26.4525649796843,89.75471089199893,0.022411143706328532,32.234627990248775,0.17939413614267555,0.0,0.3537107170696667,0.0,0.001129768223826499,5.005973060914789e-08,0.18144528483133057,0.0,0.0,1.173359591594216,interaction_007_combined_dry_hot_stress_june2024,smartgarden_pa1_joint_c389fa3f9aaf
2024-06-28T03:00,26.1,89.0,0.0,0.0,0.0,0.3,100890.0,24.1,0.39,0.0,27.0,0.299,0,0,0,1.0,26.27601286034899,88.8672205012872,0.021972744167912492,31.996207581880917,0.1793847891558088,0.0,0.38037112600725553,0.0,0.0009626858343465758,5.381578866772231e-08,0.18138758738153582,0.0,0.0,1.1738187529361124,interaction_007_combined_dry_hot_stress_june2024,smartgarden_pa1_joint_c389fa3f9aaf
2024-06-28T04:00,26.2,89.0,0.0,0.0,0.0,0.64,100940.0,24.2,0.38,0.0,27.0,0.298,0,0,0,1.0,26.253609841747178,88.81857413611901,0.021933351664770166,31.7636153109591,0.17937505086616376,0.0,0.3815286283766466,0.0,0.0013174049110210142,5.396166564851923e-08,0.18132747448249237,0.0,0.0,1.174488359977257,interaction_007_combined_dry_hot_stress_june2024,smartgarden_pa1_joint_c389fa3f9aaf
2024-06-28T05:00,26.3,89.0,0.0,0.0,0.0,0.41,100970.0,24.3,0.38,0.0,26.9,0.297,0,0,0,1.0,26.33574226974744,88.91060530645838,0.022056647752583976,31.542266736883917,0.17936536047327273,0.0,0.38022584932660664,0.0,0.0008705611503577067,5.375966616574709e-08,0.18126765724242427,0.0,0.0,1.1745152321363062,interaction_007_combined_dry_hot_stress_june2024,smartgarden_pa1_joint_c389fa3f9aaf
2024-06-28T06:00,26.2,91.0,16.0,7.0,9.0,0.5,101030.0,24.6,0.31,0.01,26.9,0.296,1,0,0,1.0,26.355964003723432,90.42825498754,0.022458386638438917,31.337844874510832,0.1793432464491874,1724.6416,0.3285811951028088,13.6,0.0012117934901452751,1.905306499038289e-07,0.18113115092090987,0.0,0.0,1.1751338244383511,interaction_007_combined_dry_hot_stress_june2024,smartgarden_pa1_joint_c389fa3f9aaf
2024-06-28T07:00,27.7,87.0,146.0,91.0,55.0,0.71,101070.0,25.2,0.5,0.1,28.7,0.296,0,0,0,1.0,27.57817240740763,90.29556560495074,0.023994991285016337,31.209501888938792,0.1833510126339959,14783.032000000001,0.3579070248026106,124.1,0.0015230489207831792,1.5520609086517626e-06,0.20587044835799936,0.0,0.0,1.1708212591081713,interaction_007_combined_dry_hot_stress_june2024,smartgarden_pa1_joint_c389fa3f9aaf
2024-06-28T08:00,28.1,85.0,274.0,163.0,111.0,1.03,101100.0,25.2,0.59,0.2,28.6,0.298,0,0,0,1.0,28.875872663162422,85.3518039596628,0.024353203242990826,31.22625438480763,0.18295299714259258,28017.2464,0.582563653750479,232.9,0.0025668203134232175,2.8638696474346295e-06,0.20341356260859622,0.0,0.0,1.1661366815064254,interaction_007_combined_dry_hot_stress_june2024,smartgarden_pa1_joint_c389fa3f9aaf
2024-06-28T09:00,28.7,84.0,479.0,326.0,153.0,1.44,101100.0,25.8,0.62,0.34,29.3,0.297,0,1,0,1.0,30.144847782141657,80.9524196343566,0.024744518860906714,31.399891126303327,0.18225572165229453,47534.9072,0.8149401826745417,407.15,0.004941645171965685,4.86900682666907e-06,0.1991093929153984,0.0,0.0,1.1612576060952147,interaction_007_combined_dry_hot_stress_june2024,smartgarden_pa1_joint_c389fa3f9aaf
2024-06-28T10:00,29.4,81.0,589.0,464.0,125.0,1.61,101040.0,25.9,0.76,0.43,30.2,0.296,0,1,0,1.0,31.32628816924364,76.29945180915924,0.024851399720922665,31.719082050197773,0.18129213201000136,56229.8,1.0847084174370956,500.65,0.005407302379431085,5.82074172237682e-06,0.1931613087037121,0.0,0.0,1.156065150999612,interaction_007_combined_dry_hot_stress_june2024,smartgarden_pa1_joint_c389fa3f9aaf
2024-06-28T11:00,30.0,78.0,703.0,495.0,208.0,2.06,100970.0,25.8,0.92,0.51,31.0,0.293,0,1,0,1.0,32.3835598841086,71.7711536518279,0.0247314208489635,32.14121635536119,0.18016284724556866,69181.9392,1.3715855342000274,597.55,0.006277034647886178,6.707791170992522e-06,0.1861904150961029,0.0,0.0,1.151266545766325,interaction_007_combined_dry_hot_stress_june2024,smartgarden_pa1_joint_c389fa3f9aaf
2024-06-28T12:00,30.1,75.0,532.0,226.0,306.0,2.46,100890.0,25.2,1.05,0.4,31.2,0.29,0,1,0,1.0,32.36700038963152,68.63973841785025,0.023631594949725433,32.54555902342379,0.17911389788045312,57581.814399999996,1.52231377675893,452.2,0.006901596607830085,4.9675327214458314e-06,0.17971541901514276,0.0,0.0,1.1504167315210891,interaction_007_combined_dry_hot_stress_june2024,smartgarden_pa1_joint_c389fa3f9aaf
2024-06-28T13:00,30.0,74.0,492.0,189.0,303.0,2.61,100840.0,24.9,1.1,0.38,31.3,0.288,0,1,0,1.0,32.037785772322245,68.25945758765688,0.02309304366243169,32.84896394931289,0.1782647292892346,53956.267199999995,1.512416969495467,418.2,0.007093523910421173,4.474269175865556e-06,0.17447363758786788,0.0,0.0,1.151086969098125,interaction_007_combined_dry_hot_stress_june2024,smartgarden_pa1_joint_c389fa3f9aaf
2024-06-28T14:00,31.1,66.0,751.0,628.0,123.0,2.82,100710.0,24.0,1.52,0.56,32.1,0.284,0,1,0,1.0,33.28940423237685,61.27387717219986,0.02215043303199305,33.22841166020326,0.17727053184240746,70415.43519999999,1.9798267714098965,638.35,0.007499841548708595,6.546230547673771e-06,0.16833661631115718,0.0,0.0,1.1449075925344907,interaction_007_combined_dry_hot_stress_june2024,smartgarden_pa1_joint_c389fa3f9aaf
2024-06-28T15:00,30.6,68.0,573.0,421.0,152.0,2.83,100680.0,24.1,1.4,0.44,32.0,0.281,0,1,0,1.0,33.197526390259,61.001003902505936,0.02194521951134651,33.65121539824655,0.17624459048503016,55771.724799999996,1.983546828661206,487.05,0.007624710304358123,4.866523320659189e-06,0.162003644969322,0.0,0.0,1.1449098129861204,interaction_007_combined_dry_hot_stress_june2024,smartgarden_pa1_joint_c389fa3f9aaf
2024-06-28T16:00,30.4,70.0,420.0,283.0,137.0,2.15,100710.0,24.2,1.32,0.32,31.7,0.279,0,1,0,1.0,32.40785909348682,64.44724764904312,0.022236353431468625,33.91734436868202,0.17549348056239164,41779.9888,1.7298067405622541,357.0,0.006299230562478995,3.498862064991964e-06,0.15736716396538053,0.0,0.0,1.1482106910889556,interaction_007_combined_dry_hot_stress_june2024,smartgarden_pa1_joint_c389fa3f9aaf
2024-06-28T17:00,29.8,73.0,298.0,229.0,69.0,1.91,100700.0,24.4,1.14,0.22,31.1,0.277,0,1,0,1.0,31.47038931512532,68.01417025053298,0.0223241878070922,34.04795630014875,0.17495802946169803,28651.5856,1.4759259163924625,253.29999999999998,0.00578488368757494,2.4602565828302945e-06,0.15406191025739527,0.0,0.0,1.1516299490317408,interaction_007_combined_dry_hot_stress_june2024,smartgarden_pa1_joint_c389fa3f9aaf
2024-06-28T18:00,29.3,77.0,64.0,36.0,28.0,1.25,100730.0,24.8,0.93,0.06,30.4,0.276,1,1,0,1.0,30.202649593480785,73.74718232630877,0.022612565285394272,34.01069000820215,0.17468174756119945,6617.1071999999995,1.1269374780864525,54.4,0.004372237809520287,6.1878226415334e-07,0.1523564664271571,0.0,0.0,1.156787241846825,interaction_007_combined_dry_hot_stress_june2024,smartgarden_pa1_joint_c389fa3f9aaf
2024-06-28T19:00,28.9,79.0,1.0,0.0,1.0,1.17,100820.0,24.9,0.83,0.01,29.7,0.275,0,0,0,1.0,29.28469305970786,77.59190157171454,0.022637400423155398,33.83173014987919,0.17877183103900693,123.18239999999999,0.9124697487033342,0.85,0.002543638946145292,1.3523673543194218e-07,0.17760389530251194,0.0,0.0,1.161335048913567,interaction_007_combined_dry_hot_stress_june2024,smartgarden_pa1_joint_c389fa3f9aaf
2024-06-28T20:00,28.5,82.0,0.0,0.0,0.0,1.2,100890.0,25.1,0.71,0.0,29.3,0.274,0,0,0,1.0,28.757153570158174,80.87970966560408,0.022928204296620215,33.61467922052193,0.17875032097240956,0.0,0.7552140321058687,0.0,0.002514475895563017,1.0454236879142499e-07,0.17747111711363928,0.0,0.0,1.1641720471214043,interaction_007_combined_dry_hot_stress_june2024,smartgarden_pa1_joint_c389fa3f9aaf
2024-06-28T21:00,28.3,83.0,0.0,0.0,0.0,0.91,100940.0,25.2,0.64,0.0,29.0,0.274,0,0,0,1.0,28.468152064681107,82.39886586451756,0.022992872521330674,33.3929618712439,0.17873253213771229,0.0,0.6836626123574456,0.0,0.0019243764954354381,9.457913101920904e-08,0.17736130949205117,0.0,0.0,1.1658650259845589,interaction_007_combined_dry_hot_stress_june2024,smartgarden_pa1_joint_c389fa3f9aaf
2024-06-28T22:00,28.1,84.0,0.0,0.0,0.0,1.04,100970.0,25.1,0.6,0.0,28.7,0.273,0,0,0,1.0,28.25929348715318,83.41119747147276,0.023010719694136875,33.17268561950355,0.17871611073065058,0.0,0.6365744855287825,0.0,0.002153675236255622,8.801454236732176e-08,0.17725994278179372,0.0,0.0,1.167019643070358,interaction_007_combined_dry_hot_stress_june2024,smartgarden_pa1_joint_c389fa3f9aaf
2024-06-28T23:00,27.8,85.0,0.0,0.0,0.0,1.03,100950.0,25.1,0.55,0.0,28.5,0.273,0,0,0,1.0,27.9984054621839,84.26789829858915,0.02291676791977356,32.954011313982136,0.17870078184940275,0.0,0.594607280930961,0.0,0.0021654580543331655,8.216815560328098e-08,0.17716532005804167,0.0,0.0,1.1677992825197048,interaction_007_combined_dry_hot_stress_june2024,smartgarden_pa1_joint_c389fa3f9aaf
2024-06-29T00:00,27.6,86.0,0.0,0.0,0.0,1.08,100960.0,25.1,0.52,0.0,28.3,0.272,0,0,0,1.0,27.763371535257587,85.35150466809823,0.022913571514557904,32.735762929050864,0.1786866121093925,0.0,0.5461196645911532,0.0,0.0022304957731847153,7.543044399433084e-08,0.17707785252711417,0.0,0.0,1.1688271849556837,interaction_007_combined_dry_hot_stress_june2024,smartgarden_pa1_joint_c389fa3f9aaf
2024-06-29T01:00,27.4,87.0,0.0,0.0,0.0,0.89,100920.0,25.0,0.48,0.0,28.2,0.272,0,0,0,1.0,27.560849869597437,86.36323582312517,0.022928129924676986,32.519490437787816,0.1786735853772087,0.0,0.5024257179053473,0.0,0.0018825144256410362,6.936389160549504e-08,0.17699744060005376,0.0,0.0,1.1691509653675272,interaction_007_combined_dry_hot_stress_june2024,smartgarden_pa1_joint_c389fa3f9aaf
2024-06-29T02:00,27.6,85.0,0.0,0.0,0.0,0.67,100890.0,24.9,0.54,0.0,28.1,0.271,0,0,0,1.0,27.598692943513395,85.40383340393637,0.022720737519246123,32.30862379843475,0.17866082856618135,0.0,0.538963463706911,0.0,0.0013081528566989647,7.437511580652149e-08,0.1769186948529713,0.0,0.0,1.168656347505326,interaction_007_combined_dry_hot_stress_june2024,smartgarden_pa1_joint_c389fa3f9aaf
2024-06-29T03:00,27.5,85.0,0.0,0.0,0.0,0.92,100900.0,24.7,0.56,0.0,28.0,0.271,0,0,0,1.0,27.59786044128798,84.77325747727615,0.022551945746754704,32.10860346387673,0.17864704102885873,0.0,0.5622201443735158,0.0,0.0018820207965296067,7.754713557798032e-08,0.17683358659789342,0.0,0.0,1.1687754174975278,interaction_007_combined_dry_hot_stress_june2024,smartgarden_pa1_joint_c389fa3f9aaf
2024-06-29T04:00,27.4,85.0,0.0,0.0,0.0,0.94,100910.0,24.7,0.54,0.0,27.8,0.27,0,0,0,1.0,27.506545831183335,84.71909416308453,0.0224244309849348,31.914824425428957,0.17863308647174123,0.0,0.5612180064587631,0.0,0.0019267277161403782,7.73712030405985e-08,0.17674744735642736,0.0,0.0,1.1692462650805886,interaction_007_combined_dry_hot_stress_june2024,smartgarden_pa1_joint_c389fa3f9aaf
2024-06-29T05:00,27.3,86.0,0.0,0.0,0.0,0.92,100900.0,24.7,0.52,0.0,27.7,0.27,0,0,0,1.0,27.406452747433686,85.56981688125687,0.022524951612287094,31.725858262867902,0.17861954416175446,0.0,0.5268814010311038,0.0,0.0018896126795637667,7.260310067504358e-08,0.17666385285033623,0.0,0.0,1.1695197455771675,interaction_007_combined_dry_hot_stress_june2024,smartgarden_pa1_joint_c389fa3f9aaf
2024-06-29T06:00,27.3,86.0,18.0,7.0,11.0,0.72,100960.0,24.8,0.51,0.01,27.6,0.269,1,0,0,1.0,27.414474224056026,85.94535066585556,0.02263381731086806,31.54920611241033,0.1785924852144983,1971.0063999999998,0.5134105456761282,15.299999999999999,0.0015329530697536977,2.286534380955693e-07,0.17649682231171795,0.0,0.0,1.170183967599884,interaction_007_combined_dry_hot_stress_june2024,smartgarden_pa1_joint_c389fa3f9aaf
2024-06-29T07:00,28.0,83.0,159.0,103.0,56.0,0.81,101000.0,24.7,0.66,0.11,28.4,0.269,0,0,0,1.0,28.22593332059533,85.0193133727595,0.023411512226221037,31.447577663943612,0.1825845413033569,15962.214399999997,0.5737515435573339,135.15,0.0018000807074586864,1.6802764220428826e-06,0.2011391438478822,0.0,0.0,1.1674956046949336,interaction_007_combined_dry_hot_stress_june2024,smartgarden_pa1_joint_c389fa3f9aaf
2024-06-29T08:00,28.7,78.0,264.0,139.0,125.0,1.02,101070.0,24.6,0.85,0.2,29.1,0.267,0,0,0,1.0,29.381503820973688,79.06631387788656,0.0231892286261436,31.47261523838018,0.18218628218373104,27629.8,0.8572013174119122,224.4,0.002489209476166444,2.7410030682795664e-06,0.19868075422056197,0.0,0.0,1.1638422214557151,interaction_007_combined_dry_hot_stress_june2024,smartgarden_pa1_joint_c389fa3f9aaf
2024-06-29T09:00,29.8,72.0,450.0,311.0,139.0,1.33,101050.0,24.2,1.16,0.34,30.2,0.265,0,1,0,1.0,30.937341528985307,70.86076174971562,0.022603890367013185,31.643080275997068,0.18152853749264236,44490.3536,1.3044445334861825,382.5,0.0046208431314505175,4.552899229672778e-06,0.19462060180643437,0.0,0.0,1.1576583932251923,interaction_007_combined_dry_hot_stress_june2024,smartgarden_pa1_joint_c389fa3f9aaf
2024-06-29T10:00,30.7,68.0,632.0,372.0,260.0,1.65,101040.0,24.0,1.43,0.48,31.3,0.262,0,1,0,1.0,32.596088993288085,64.72179720161162,0.02255509120090009,31.99160676299966,0.18055982821799527,64763.42399999999,1.734734786312694,537.1999999999999,0.005453264353392877,6.1835158472943835e-06,0.18864091492589674,0.0,0.0,1.15126387132921,interaction_007_combined_dry_hot_stress_june2024,smartgarden_pa1_joint_c389fa3f9aaf
2024-06-29T11:00,31.7,63.0,895.0,784.0,111.0,2.16,100950.0,23.9,1.71,0.67,32.4,0.258,0,1,0,1.0,34.447915407160224,57.861540715819295,0.022227946339617423,32.54010248988674,0.1792467318251557,82665.2464,2.297963317001246,760.75,0.006548777071942,8.358117731289058e-06,0.18053538163676353,0.0,0.0,1.1433136384073985,interaction_007_combined_dry_hot_stress_june2024,smartgarden_pa1_joint_c389fa3f9aaf
2024-06-29T12:00,32.0,62.0,827.0,711.0,116.0,2.5,100870.0,23.8,1.79,0.63,32.9,0.255,0,1,0,1.0,35.14756221927672,55.136537749340924,0.021967532968946275,33.18139399561532,0.17782858713355784,76857.1584,2.543175773426223,702.9499999999999,0.007212806600262902,7.404852423808819e-06,0.17178140205899906,0.0,0.0,1.1398150287340174,interaction_007_combined_dry_hot_stress_june2024,smartgarden_pa1_joint_c389fa3f9aaf
2024-06-29T13:00,32.5,60.0,941.0,830.0,111.0,2.82,100810.0,23.8,1.94,0.72,33.5,0.251,0,1,0,1.0,35.79780448530852,52.98844327265346,0.02183545072585604,33.82894713100934,0.17644160589673272,86713.2464,2.7621194208646735,799.85,0.0077805722094326304,7.988903283611083e-06,0.16321978948600446,0.0,0.0,1.1367394971663198,interaction_007_combined_dry_hot_stress_june2024,smartgarden_pa1_joint_c389fa3f9aaf
2024-06-29T14:00,32.5,59.0,838.0,728.0,110.0,2.91,100740.0,23.4,2.01,0.65,33.7,0.248,0,1,0,1.0,35.84950744712865,51.62308504731372,0.021329755255747443,34.46914619428612,0.17511181719968444,77614.064,2.8504247440139947,712.3,0.007944739582529604,6.80388896037875e-06,0.15501121728200273,0.0,0.0,1.1357601015807623,interaction_007_combined_dry_hot_stress_june2024,smartgarden_pa1_joint_c389fa3f9aaf
2024-06-29T15:00,32.2,60.0,681.0,555.0,126.0,3.01,100670.0,23.5,1.92,0.53,33.5,0.245,0,1,0,1.0,35.16913596734603,53.0107951800647,0.0211442835302975,34.97881624144476,0.17402209089789927,64360.98239999999,2.6668521321444447,578.85,0.008024193560109248,5.329770877639987e-06,0.14828451171542764,0.0,0.0,1.1374754632452904,interaction_007_combined_dry_hot_stress_june2024,smartgarden_pa1_joint_c389fa3f9aaf
2024-06-29T16:00,31.5,63.0,474.0,383.0,91.0,3.13,100620.0,23.6,1.71,0.38,32.9,0.243,0,1,0,1.0,33.9065365274524,56.66361695165028,0.021159463628963943,35.30644369983869,0.1732175340874733,44913.5984,2.293206030816834,402.9,0.008100547776246305,3.6343109374881792e-06,0.14331811165106986,0.0,0.0,1.1415854236295289,interaction_007_combined_dry_hot_stress_june2024,smartgarden_pa1_joint_c389fa3f9aaf
2024-06-29T17:00,30.8,68.0,292.0,207.0,85.0,2.19,100650.0,24.1,1.44,0.23,32.2,0.241,0,1,0,1.0,32.55722541914712,62.85484806311803,0.02185940351128647,35.438066075431266,0.1726909722653139,28686.504,1.8225484150315134,248.2,0.006283081722635984,2.2328599908645832e-06,0.14006773003280193,0.0,0.0,1.146965948411335,interaction_007_combined_dry_hot_stress_june2024,smartgarden_pa1_joint_c389fa3f9aaf
2024-06-29T18:00,29.9,74.0,91.0,59.0,32.0,1.77,100720.0,24.6,1.11,0.08,31.2,0.24,1,1,0,1.0,31.009475729119227,70.08268256672636,0.022442381556936827,35.38189008152953,0.1724213344273754,9133.836800000001,1.3447883265491227,77.35,0.005330991091576174,7.714475173908144e-07,0.13840329893441605,0.0,0.0,1.1536041639099575,interaction_007_combined_dry_hot_stress_june2024,smartgarden_pa1_joint_c389fa3f9aaf
2024-06-29T19:00,29.2,78.0,1.0,0.0,1.0,1.58,100870.0,24.9,0.9,0.02,30.4,0.24,0,0,0,1.0,29.73983231297633,75.85666088476167,0.022684534950954193,35.176455371928846,0.17649405043935226,123.18239999999999,1.009229399453147,0.85,0.0033563138921305895,1.36873486771655e-07,0.16354352123056956,0.0,0.0,1.160165041051917,interaction_007_combined_dry_hot_stress_june2024,smartgarden_pa1_joint_c389fa3f9aaf
2024-06-29T20:00,28.8,80.0,0.0,0.0,0.0,1.3,100960.0,25.1,0.78,0.01,29.9,0.239,0,0,0,1.0,29.082387890418573,78.89196745560024,0.022764764874763827,34.91568840999294,0.17647224651683577,0.0,0.8495537184127402,0.0,0.00271207073036339,1.0828323741500556e-07,0.1634089291162702,0.0,0.0,1.1637261361102098,interaction_007_combined_dry_hot_stress_june2024,smartgarden_pa1_joint_c389fa3f9aaf
2024-06-29T21:00,28.5,82.0,0.0,0.0,0.0,1.22,101020.0,25.1,0.71,0.0,29.5,0.239,0,0,0,1.0,28.721068827213745,81.08080455067036,0.02293997828771176,34.64969661331093,0.17645400125139687,0.0,0.7457114554381667,0.0,0.002527422486611217,9.498210114053677e-08,0.1632963040209684,0.0,0.0,1.1658114610076775,interaction_007_combined_dry_hot_stress_june2024,smartgarden_pa1_joint_c389fa3f9aaf
2024-06-29T22:00,28.3,84.0,0.0,0.0,0.0,1.12,101050.0,25.2,0.63,0.0,29.2,0.239,0,0,0,1.0,28.47715711477659,83.19623688205132,0.023226812655490203,34.38482422072825,0.17643799855675266,0.0,0.6530322524160459,0.0,0.002313849961202157,8.312713137390693e-08,0.16319752195526335,0.0,0.0,1.1671006900105139,interaction_007_combined_dry_hot_stress_june2024,smartgarden_pa1_joint_c389fa3f9aaf
2024-06-29T23:00,28.0,85.0,0.0,0.0,0.0,1.21,101080.0,25.3,0.55,0.0,29.0,0.239,0,0,0,1.0,28.212081533401033,84.1726798826456,0.023160786068459584,34.12296236941301,0.17642361116252953,0.0,0.6056892131268352,0.0,0.0025034053891574664,7.705868566260207e-08,0.1631087108798119,0.0,0.0,1.168474058886202,interaction_007_combined_dry_hot_stress_june2024,smartgarden_pa1_joint_c389fa3f9aaf
2024-06-30T00:00,27.8,87.0,0.0,0.0,0.0,1.17,101070.0,25.3,0.5,0.0,28.8,0.238,0,0,0,1.0,27.976614737066626,86.14835899704403,0.02340014574034087,33.86324929954192,0.17641067311164296,0.0,0.5228698831845651,0.0,0.0024059234500660074,6.648944160786534e-08,0.16302884636816647,0.0,0.0,1.1692720611055283,interaction_007_combined_dry_hot_stress_june2024,smartgarden_pa1_joint_c389fa3f9aaf
2024-06-30T01:00,27.6,87.0,0.0,0.0,0.0,1.0,101030.0,25.2,0.48,0.0,28.6,0.238,0,0,0,1.0,27.773733049816173,86.4038456934568,0.023209308182486104,33.607231596202595,0.1763989616962569,0.0,0.507193119825299,0.0,0.00209203158405876,6.446734542864831e-08,0.16295655368059822,0.0,0.0,1.1695973107695223,interaction_007_combined_dry_hot_stress_june2024,smartgarden_pa1_joint_c389fa3f9aaf
2024-06-30T02:00,27.5,87.0,0.0,0.0,0.0,0.99,100980.0,25.1,0.49,0.0,28.4,0.238,0,0,0,1.0,27.63303771055148,86.54304854513356,0.023067400635944202,33.35594445665407,0.1763874806898514,0.0,0.49789550013909833,0.0,0.0020412386906935405,6.325803801529513e-08,0.16288568327068775,0.0,0.0,1.1695652983542997,interaction_007_combined_dry_hot_stress_june2024,smartgarden_pa1_joint_c389fa3f9aaf
2024-06-30T03:00,27.4,87.0,0.0,0.0,0.0,0.86,100910.0,25.0,0.49,0.0,28.3,0.238,0,0,0,1.0,27.527532388587975,86.58892737430007,0.02294588443406154,33.11120709762219,0.1763761534718995,0.0,0.4931495478423651,0.0,0.0017983607508854052,6.262816520753514e-08,0.16281576217221916,0.0,0.0,1.1691646545469805,interaction_007_combined_dry_hot_stress_june2024,smartgarden_pa1_joint_c389fa3f9aaf
2024-06-30T04:00,27.3,87.0,0.0,0.0,0.0,0.94,100890.0,24.9,0.49,0.0,28.2,0.238,0,0,0,1.0,27.425032175753575,86.59098992845364,0.022817130161296027,32.87320491597496,0.17636491893534154,0.0,0.4901281425057169,0.0,0.0019425585577578777,6.221794580970584e-08,0.16274641318112062,0.0,0.0,1.1693315524852144,interaction_007_combined_dry_hot_stress_june2024,smartgarden_pa1_joint_c389fa3f9aaf
2024-06-30T05:00,27.2,87.0,0.0,0.0,0.0,1.06,100940.0,24.8,0.48,0.0,28.0,0.237,0,0,0,1.0,27.322316184628807,86.58466482109537,0.022686527738779876,32.64167810817907,0.17635375298299386,0.0,0.48742157471463265,0.0,0.002162703574607644,6.184816337849893e-08,0.16267748754934483,0.0,0.0,1.1703109929043547,interaction_007_combined_dry_hot_stress_june2024,smartgarden_pa1_joint_c389fa3f9aaf
2024-06-30T06:00,27.2,87.0,19.0,9.0,10.0,0.94,100970.0,24.9,0.46,0.01,28.0,0.237,1,0,0,1.0,27.332128808218165,86.7431782247374,0.022740373566626896,32.42456583670609,0.1763288882959918,2023.824,0.48193895850068325,16.15,0.0019486268845253741,2.1464339940030572e-07,0.16252400182710994,0.0,0.0,1.1706205873160933,interaction_007_combined_dry_hot_stress_june2024,smartgarden_pa1_joint_c389fa3f9aaf
2024-06-30T07:00,28.1,82.0,180.0,129.0,51.0,0.72,101010.0,24.7,0.69,0.12,28.7,0.237,0,0,0,1.0,28.322188362083065,84.50702594979421,0.023393489124396066,32.29398924566504,0.18031476253922304,17634.3024,0.5966998598000743,153.0,0.0016444134780703385,1.7619849226036846e-06,0.1871281638223645,0.0,0.0,1.167238399538131,interaction_007_combined_dry_hot_stress_june2024,smartgarden_pa1_joint_c389fa3f9aaf
2024-06-30T08:00,29.5,73.0,405.0,330.0,75.0,0.32,101060.0,24.2,1.1,0.28,30.0,0.235,0,1,0,1.0,30.325003945411176,74.55626267734091,0.02301204725869695,32.356609031199326,0.1798088256186221,38278.68,1.0998834364773304,344.25,0.003147496130686443,3.8634692777756744e-06,0.18400509641124757,0.0,0.0,1.1601090559480867,interaction_007_combined_dry_hot_stress_june2024,smartgarden_pa1_joint_c389fa3f9aaf
2024-06-30T09:00,30.8,66.0,617.0,529.0,88.0,0.22,101050.0,23.7,1.5,0.45,31.4,0.233,0,1,0,1.0,32.51642574884361,64.6726639561227,0.022443001316097867,32.64272556593997,0.1789433726192088,57392.0512,1.7293803416701512,524.4499999999999,0.0037905492032914573,5.722433804100474e-06,0.17866279394573345,0.0,0.0,1.1516778865462205,interaction_007_combined_dry_hot_stress_june2024,smartgarden_pa1_joint_c389fa3f9aaf
2024-06-30T10:00,31.9,61.0,775.0,666.0,109.0,0.22,100980.0,23.4,1.85,0.58,32.6,0.23,0,1,0,1.0,34.420939307308636,57.68026312051615,0.022127097114801358,33.116321103594935,0.17780277111464307,72034.88160000001,2.3043963160995125,658.75,0.004275832786551454,6.9222557141918825e-06,0.17162204391754984,0.0,0.0,1.1437537110369467,interaction_007_combined_dry_hot_stress_june2024,smartgarden_pa1_joint_c389fa3f9aaf
2024-06-30T11:00,32.6,59.0,871.0,744.0,127.0,0.58,100890.0,23.5,2.02,0.66,33.6,0.227,0,1,0,1.0,35.76365835507484,53.77642251407196,0.022121061082317973,33.7142617262281,0.17650886968609394,81116.1648,2.710730975357199,740.35,0.0047746037647403905,7.433094449864665e-06,0.16363499806230833,0.0,0.0,1.1377673324122648,interaction_007_combined_dry_hot_stress_june2024,smartgarden_pa1_joint_c389fa3f9aaf
2024-06-30T12:00,33.0,59.0,904.0,699.0,205.0,1.35,100790.0,23.9,2.08,0.7,34.2,0.223,0,1,0,1.0,36.49200946272541,52.2013697184222,0.022295254663572656,34.36702065101492,0.1751785664155508,86764.39199999999,2.917276361147255,768.4,0.005648525308914517,7.340154462525228e-06,0.15542324947870864,0.0,0.0,1.133965957196003,interaction_007_combined_dry_hot_stress_june2024,smartgarden_pa1_joint_c389fa3f9aaf
2024-06-30T13:00,32.6,60.0,765.0,560.0,205.0,2.08,100760.0,24.0,1.95,0.6,34.2,0.221,0,1,0,1.0,36.03157831130055,52.338526983864895,0.021829708626261986,34.96117159576846,0.17398344898459073,74532.39199999999,2.8364766900740213,650.25,0.006631783587096716,5.959158215398221e-06,0.14804598138636255,0.0,0.0,1.1353166257722718,interaction_007_combined_dry_hot_stress_june2024,smartgarden_pa1_joint_c389fa3f9aaf
2024-06-30T14:00,31.9,64.0,738.0,536.0,202.0,2.16,100720.0,24.1,1.71,0.57,34.0,0.222,0,1,0,1.0,35.20558647058689,55.77919026586856,0.022290677348687313,35.44706503811329,0.17295477846045593,72050.84479999999,2.5147874089273303,627.3,0.006718149293559148,5.477773058166602e-06,0.14169616333614773,0.0,0.0,1.1379058888146687,interaction_007_combined_dry_hot_stress_june2024,smartgarden_pa1_joint_c389fa3f9aaf
2024-06-30T15:00,31.3,68.0,483.0,311.0,172.0,0.61,100700.0,24.8,1.44,0.37,33.3,0.221,0,1,0,1.0,34.001674843278934,60.90399445944993,0.022856667951201216,35.7807663240846,0.17214906987578246,48555.3728,2.079812205677116,410.55,0.004576610981993306,3.5054907029265004e-06,0.13672265355421276,0.0,0.0,1.1421391844924957,interaction_007_combined_dry_hot_stress_june2024,smartgarden_pa1_joint_c389fa3f9aaf
2024-06-30T16:00,31.2,69.0,323.0,196.0,127.0,0.51,100690.0,24.8,1.41,0.25,32.9,0.219,0,1,0,1.0,33.0009530434647,64.33205431872948,0.02290467115141305,35.91457282064207,0.17162532608040929,32892.1648,1.7942462968964068,274.55,0.00400397551355716,2.330821310962345e-06,0.1334896671630203,0.0,0.0,1.145758727181945,interaction_007_combined_dry_hot_stress_june2024,smartgarden_pa1_joint_c389fa3f9aaf
2024-06-30T17:00,31.0,70.0,231.0,157.0,74.0,1.03,100730.0,24.8,1.36,0.18,32.4,0.219,0,1,0,1.0,32.31748692500527,66.40852097246793,0.02280339751393939,35.92716173703718,0.17126543663433086,22931.4976,1.6260787473636666,196.35,0.004273845981170931,1.67430086681871e-06,0.13126812737241275,0.0,0.0,1.1487784783993111,interaction_007_combined_dry_hot_stress_june2024,smartgarden_pa1_joint_c389fa3f9aaf
2024-06-30T18:00,30.4,75.0,93.0,60.0,33.0,0.5,100750.0,25.4,1.1,0.06,31.6,0.218,1,1,0,1.0,31.357268960490288,71.76083264649826,0.023411905644917432,35.832289818624915,0.1710491057365724,9345.0192,1.2947041876070493,79.05,0.00340797601887866,7.320793565618358e-07,0.12993275146032346,0.0,0.0,1.1526297887768449,interaction_007_combined_dry_hot_stress_june2024,smartgarden_pa1_joint_c389fa3f9aaf
2024-06-30T19:00,29.9,78.0,1.0,0.0,1.0,0.72,100830.0,25.6,0.93,0.0,30.8,0.218,0,0,0,1.0,30.37273849427987,76.1920846853791,0.023577548941637015,35.62611466839832,0.17512546824375308,123.18239999999999,1.0319843349581106,0.85,0.0018761639401180048,1.3255588780575515e-07,0.15509548298613016,0.0,0.0,1.1572867586019844,interaction_007_combined_dry_hot_stress_june2024,smartgarden_pa1_joint_c389fa3f9aaf
2024-06-30T20:00,29.5,81.0,0.0,0.0,0.0,0.92,100920.0,25.8,0.79,0.0,30.3,0.217,0,0,0,1.0,29.78125404595096,79.78660474046005,0.023913350433548294,35.36927839593497,0.17510447101411902,0.0,0.8469650709388277,0.0,0.002035110136237488,1.0237552998282068e-07,0.15496587045752486,0.0,0.0,1.1605814049421244,interaction_007_combined_dry_hot_stress_june2024,smartgarden_pa1_joint_c389fa3f9aaf
2024-06-30T21:00,29.1,83.0,0.0,0.0,0.0,1.02,100990.0,26.0,0.68,0.0,30.0,0.217,0,0,0,1.0,29.3612881049412,81.94722378983228,0.024007786655248883,35.10693832677348,0.17508729963540073,0.0,0.7383719104424507,0.0,0.00219431294400052,8.918846136119611e-08,0.15485987429259715,0.0,0.0,1.1629987184286315,interaction_007_combined_dry_hot_stress_june2024,smartgarden_pa1_joint_c389fa3f9aaf
2024-06-30T22:00,28.9,85.0,0.0,0.0,0.0,1.08,101000.0,26.1,0.59,0.0,29.7,0.217,0,0,0,1.0,29.080608486746204,84.16183958799593,0.02428306639401256,34.84352905661495,0.17507238349361878,0.0,0.6373869917516188,0.0,0.0022426482452560965,7.694464599389929e-08,0.15476779934332585,0.0,0.0,1.1641940545808698,interaction_007_combined_dry_hot_stress_june2024,smartgarden_pa1_joint_c389fa3f9aaf
2024-06-30T23:00,28.6,87.0,0.0,0.0,0.0,1.03,100990.0,26.2,0.51,0.0,29.4,0.217,0,0,0,1.0,28.812513580146643,86.0358525641253,0.02446368908058008,34.58258615896919,0.17505944763720555,0.0,0.5533267223589857,0.0,0.002175753160684089,6.676252086217796e-08,0.15468794837781202,0.0,0.0,1.1651123055142447,interaction_007_combined_dry_hot_stress_june2024,smartgarden_pa1_joint_c389fa3f9aaf
