timestamp,temperature_outside,humidity_outside,shortwave_radiation,direct_radiation,diffuse_radiation,wind_speed,surface_pressure,dew_point_outside,vpd_outside_reference,et0_outside_reference,external_soil_temperature_context,external_soil_moisture_context,pump_state,fan_state,grow_light_state,vent_state,temperature_inside_true,humidity_inside_true,vapor_density_inside_true,soil_temperature_inside_true,soil_moisture_inside_true,light_lux_inside_true,vpd_inside,solar_inside,ventilation_rate_m3_s,evapotranspiration_rate_kg_s,water_stress_coefficient,condensation_rate_kg_s,drainage_rate_m3_s,air_density,simulation_id,parameter_set_id
2024-06-01T00:00,29.6,83.0,0.0,0.0,0.0,0.81,100950.0,26.4,0.72,0.0,29.8,0.176,0,0,0,1.0,29.6,83.00000000000001,0.024633318950427478,29.6,0.4,0.0,0.7049358805204089,0.0,0.00048600000000000005,5.49849986805919e-07,1.0,0.0,0.0,1.1616214428759424,interaction_004_wet_humid_boundary_june2024,smartgarden_pa1_joint_c0fc643ba7cc
2024-06-01T01:00,29.3,84.0,0.0,0.0,0.0,1.1,100880.0,26.4,0.63,0.0,29.6,0.176,0,0,0,1.0,29.39709965932438,85.97321048057903,0.025236309400819324,29.583552024326814,0.3999131173229648,0.0,0.574891222675213,0.0,0.0006825061055516455,4.4841515368666614e-07,1.0,0.0,0.0,1.161594450159022,interaction_004_wet_humid_boundary_june2024,smartgarden_pa1_joint_c0fc643ba7cc
2024-06-01T02:00,28.9,85.0,0.0,0.0,0.0,1.0,100820.0,26.1,0.59,0.0,29.4,0.176,0,0,0,1.0,29.056404837696906,86.85939457914482,0.025028380331812195,29.56135690545238,0.399835588250307,0.0,0.5280884784661337,0.0,0.0006393148631205031,4.119090132035843e-07,1.0,0.0,0.0,1.1622123271883866,interaction_004_wet_humid_boundary_june2024,smartgarden_pa1_joint_c0fc643ba7cc
2024-06-01T03:00,28.7,86.0,0.0,0.0,0.0,0.9,100780.0,26.1,0.54,0.0,29.2,0.176,0,0,0,1.0,28.787341387544974,87.91155539641606,0.024962721941034292,29.532514659750188,0.39976498672204264,0.0,0.4783050121612433,0.0,0.0005646529731759331,3.730779094857698e-07,1.0,0.0,0.0,1.1627864870859874,interaction_004_wet_humid_boundary_june2024,smartgarden_pa1_joint_c0fc643ba7cc
2024-06-01T04:00,28.7,86.0,0.0,0.0,0.0,0.92,100820.0,26.1,0.55,0.0,28.8,0.176,0,0,0,1.0,28.69958667381347,88.31779680093318,0.02495822877666123,29.500456507024634,0.3996995962870005,0.0,0.459888533892685,0.0,0.0005521167560095784,3.587130564362943e-07,1.0,0.0,0.0,1.1635861851856752,interaction_004_wet_humid_boundary_june2024,smartgarden_pa1_joint_c0fc643ba7cc
2024-06-01T05:00,28.6,86.0,0.0,0.0,0.0,1.02,100840.0,26.1,0.53,0.0,28.5,0.176,0,0,0,1.0,28.63094644490785,88.1961806033479,0.02483058998676638,29.46799186852958,0.39963491728806183,0.0,0.4628319573216251,0.0,0.0006198371392549913,3.610089267108676e-07,1.0,0.0,0.0,1.164081720429497,interaction_004_wet_humid_boundary_june2024,smartgarden_pa1_joint_c0fc643ba7cc
2024-06-01T06:00,28.6,86.0,19.0,2.0,17.0,1.02,100900.0,26.0,0.54,0.02,28.5,0.176,1,0,0,1.0,28.618021451649476,91.08249098005815,0.025625093451933326,29.439729638623458,0.39949113084255755,2270.1007999999997,0.3493968912221268,16.15,0.0006165762143771736,1.2173045751532587e-06,1.0,1.4553548710496793e-06,0.0,1.1648242396852988,interaction_004_wet_humid_boundary_june2024,smartgarden_pa1_joint_c0fc643ba7cc
2024-06-01T07:00,29.0,84.0,156.0,58.0,98.0,1.02,100980.0,26.1,0.62,0.11,29.7,0.175,0,0,0,1.0,29.03002191485066,99.99999999999997,0.028773449542101148,29.45306147289455,0.41119211213390083,17175.875200000002,8.881784197001252e-16,132.6,0.0006195944586690369,7.757099999999999e-06,1.0,8.174204157759901e-06,0.0,1.164158374900711,interaction_004_wet_humid_boundary_june2024,smartgarden_pa1_joint_c0fc643ba7cc
2024-06-01T08:00,30.2,75.0,326.0,146.0,180.0,0.71,101020.0,25.4,1.06,0.24,30.6,0.175,0,0,0,1.0,30.162023673812207,100.0,0.03059510507609654,29.555663451898784,0.4090350416339011,35020.831999999995,0.0,277.09999999999997,0.0004396172474603935,1.6210349999999996e-05,1.0,1.7255454327214257e-05,0.0,1.1602730004659167,interaction_004_wet_humid_boundary_june2024,smartgarden_pa1_joint_c0fc643ba7cc
2024-06-01T09:00,31.6,66.0,535.0,311.0,224.0,0.32,101030.0,24.6,1.55,0.4,32.0,0.173,0,0,0,1.0,31.787182259541755,100.0,0.03338265808214627,29.776867820172367,0.405181851383901,54960.857599999996,0.0,454.75,0.00030765749998806,2.6602874999999997e-05,1.0,1.7880581509852496e-05,0.0,1.1542035848623622,interaction_004_wet_humid_boundary_june2024,smartgarden_pa1_joint_c0fc643ba7cc
2024-06-01T10:00,32.7,61.0,673.0,368.0,305.0,0.2,100990.0,24.1,1.93,0.52,33.3,0.172,0,1,0,1.0,33.28523652622193,100.0,0.03614193952614548,30.110159328065308,0.3997757493839012,69954.632,0.0,572.05,0.0018295789149862342,3.3464924999999994e-05,1.0,2.4695130828502555e-06,0.0,1.1481063482271419,interaction_004_wet_humid_boundary_june2024,smartgarden_pa1_joint_c0fc643ba7cc
2024-06-01T11:00,33.3,58.0,730.0,349.0,381.0,0.86,100950.0,23.9,2.15,0.57,34.3,0.17,0,1,0,1.0,34.24520027239658,99.86707787877324,0.03796021226360771,30.50802529959619,0.39349694871047963,77644.49440000001,0.007167576557827182,620.5,0.0021343770735153767,3.63048407097151e-05,1.0,0.0,0.0,1.1440676091202837,interaction_004_wet_humid_boundary_june2024,smartgarden_pa1_joint_c0fc643ba7cc
2024-06-01T12:00,33.6,57.0,685.0,331.0,354.0,1.64,100940.0,23.9,2.23,0.55,34.7,0.169,0,1,0,1.0,34.655069829271675,89.9409820194904,0.03492717779933868,30.91264336479719,0.38712540848633364,72734.5696,0.554892594077697,582.25,0.0025251019165701202,3.44944412233806e-05,1.0,0.0,0.0,1.1424310031324354,interaction_004_wet_humid_boundary_june2024,smartgarden_pa1_joint_c0fc643ba7cc
2024-06-01T13:00,33.3,58.0,601.0,271.0,330.0,1.64,100890.0,23.9,2.16,0.49,34.8,0.167,0,1,0,1.0,34.47354331312196,86.13462430876608,0.03313359330322669,31.278031662078547,0.38127463922433286,64498.191999999995,0.7572053791961206,510.84999999999997,0.002541029486530895,3.047534519577297e-05,1.0,0.0,0.0,1.1425389137222606,interaction_004_wet_humid_boundary_june2024,smartgarden_pa1_joint_c0fc643ba7cc
2024-06-01T14:00,33.5,57.0,537.0,197.0,340.0,1.7,100790.0,23.8,2.24,0.45,34.8,0.166,0,1,0,1.0,34.37385969984275,83.11544929540503,0.03180609432481104,31.59328615649014,0.3760656286845655,59218.015999999996,0.9169984814288208,456.45,0.0025325429098136923,2.741758381551448e-05,1.0,0.0,0.0,1.1417764396922105,interaction_004_wet_humid_boundary_june2024,smartgarden_pa1_joint_c0fc643ba7cc
2024-06-01T15:00,33.2,59.0,342.0,78.0,264.0,0.72,100790.0,24.0,2.1,0.28,34.3,0.164,0,1,0,1.0,34.000232171430575,80.50774907634941,0.030211478609241,31.834654531549624,0.37199421280912587,39384.1536,1.0368569507863032,290.7,0.0020460918569074845,1.7814698421613315e-05,1.0,0.0,0.0,1.1431653336746292,interaction_004_wet_humid_boundary_june2024,smartgarden_pa1_joint_c0fc643ba7cc
2024-06-01T16:00,32.6,61.0,222.0,33.0,189.0,0.71,100770.0,24.1,1.93,0.19,33.7,0.164,0,1,0,1.0,33.28218290317563,76.2964372319952,0.02757057412590929,31.98187234307608,0.3693122150761002,26185.473599999998,1.2113266144970294,188.7,0.0020142479957092623,1.198378475930768e-05,1.0,0.0,0.0,1.145616690942159,interaction_004_wet_humid_boundary_june2024,smartgarden_pa1_joint_c0fc643ba7cc
2024-06-01T17:00,32.3,62.0,145.0,34.0,111.0,0.71,100740.0,24.2,1.82,0.13,33.1,0.163,0,0,0,1.0,32.739863002171,92.81321531191159,0.032591973492028685,32.063162117958726,0.36753190402233604,16665.2464,0.3562642664418654,123.25,0.0005628967971358654,7.488011127824654e-06,1.0,0.0,0.0,1.1473061203210437,interaction_004_wet_humid_boundary_june2024,smartgarden_pa1_joint_c0fc643ba7cc
2024-06-01T18:00,31.9,66.0,41.0,9.0,32.0,0.61,100810.0,24.7,1.61,0.05,32.4,0.163,1,0,0,1.0,32.22394484671171,88.5446492826888,0.03025380667150713,32.08854135204701,0.3666494734854636,4733.8368,0.5516070143133103,34.85,0.00048355461926781473,2.468978471164382e-06,1.0,0.0,0.0,1.150043013976049,interaction_004_wet_humid_boundary_june2024,smartgarden_pa1_joint_c0fc643ba7cc
2024-06-01T19:00,31.2,70.0,0.0,0.0,0.0,1.0,100940.0,25.1,1.35,0.03,31.7,0.162,0,0,0,1.0,31.5123967744236,77.14642473446241,0.025378562223784047,32.06519708666523,0.37884961236318226,0.0,1.0570509522212044,0.0,0.0006756728815782838,8.244997427325394e-07,1.0,0.0,0.0,1.1542154805362077,interaction_004_wet_humid_boundary_june2024,smartgarden_pa1_joint_c0fc643ba7cc
2024-06-01T20:00,30.7,74.0,0.0,0.0,0.0,1.1,100990.0,25.5,1.14,0.01,31.1,0.162,0,0,0,1.0,30.905383760978037,76.63152885936952,0.02440281326396358,32.01738028243645,0.3786970911888115,0.0,1.0442082244413227,0.0,0.000706535501084623,8.144824150642317e-07,1.0,0.0,0.0,1.1570926191947044,interaction_004_wet_humid_boundary_june2024,smartgarden_pa1_joint_c0fc643ba7cc
2024-06-01T21:00,30.2,78.0,0.0,0.0,0.0,1.2,101050.0,25.8,0.96,0.01,30.7,0.162,0,0,0,1.0,30.4056163818635,79.6629431832727,0.024695323475800977,31.958937990107525,0.3785616289035094,0.0,0.8831946945498066,0.0,0.0007630001676384624,6.888918617488491e-07,1.0,0.0,0.0,1.159686212992757,interaction_004_wet_humid_boundary_june2024,smartgarden_pa1_joint_c0fc643ba7cc
2024-06-01T22:00,29.7,82.0,0.0,0.0,0.0,1.1,101080.0,26.2,0.77,0.0,30.2,0.162,0,0,0,1.0,29.919608095696343,83.11900140710256,0.02509936519649574,31.891178824510213,0.37844955286728305,0.0,0.7129755667064561,0.0,0.0007098012572466988,5.561209420310358e-07,1.0,0.0,0.0,1.1618907511588523,interaction_004_wet_humid_boundary_june2024,smartgarden_pa1_joint_c0fc643ba7cc
2024-06-01T23:00,29.2,85.0,0.0,0.0,0.0,1.3,101060.0,26.4,0.61,0.0,29.6,0.162,0,0,0,1.0,29.433516094639224,85.77498542439426,0.025227963903400402,31.814480602329784,0.37835905415510895,0.0,0.5842399340431652,0.0,0.0008252603576510029,4.557071485536689e-07,1.0,0.0,0.0,1.1635270317264657,interaction_004_wet_humid_boundary_june2024,smartgarden_pa1_joint_c0fc643ba7cc
2024-06-02T00:00,28.8,87.0,0.0,0.0,0.0,1.2,101050.0,26.5,0.5,0.0,29.1,0.162,0,0,0,1.0,29.004139382358012,87.79592745051421,0.025226325550591722,31.729558411429878,0.3782840100511463,0.0,0.4889727528440213,0.0,0.0007628924163167553,3.8139874721833663e-07,1.0,0.0,0.0,1.1650651681097555,interaction_004_wet_humid_boundary_june2024,smartgarden_pa1_joint_c0fc643ba7cc
2024-06-02T01:00,28.4,89.0,0.0,0.0,0.0,1.12,100980.0,26.4,0.42,0.0,28.8,0.162,0,0,0,1.0,28.609362694121675,89.60703488399393,0.025198064358945553,31.637946976810166,0.3782211899191672,0.0,0.407002430731239,0.0,0.0007189587159373425,3.1746189597036643e-07,1.0,0.0,0.0,1.1657812374041925,interaction_004_wet_humid_boundary_june2024,smartgarden_pa1_joint_c0fc643ba7cc
2024-06-02T02:00,28.4,91.0,0.0,0.0,0.0,1.14,100950.0,26.7,0.35,0.0,28.5,0.162,0,0,0,1.0,28.451172696128143,91.4701275251073,0.02550045062464721,31.542147975554506,0.37816951423278405,0.0,0.3309907370564553,0.0,0.0006955784594029721,2.5817277490403513e-07,1.0,0.0,0.0,1.1660461684776675,interaction_004_wet_humid_boundary_june2024,smartgarden_pa1_joint_c0fc643ba7cc
2024-06-02T03:00,28.4,89.0,0.0,0.0,0.0,1.04,100940.0,26.5,0.41,0.0,28.3,0.162,0,0,0,1.0,28.432778965823857,90.97696776208807,0.02533745184083856,31.44760242896236,0.3781229707456426,0.0,0.34975363076250954,0.0,0.0006321459271678815,2.7280783199475744e-07,1.0,0.0,0.0,1.1660017720512934,interaction_004_wet_humid_boundary_june2024,smartgarden_pa1_joint_c0fc643ba7cc
2024-06-02T04:00,28.3,89.0,0.0,0.0,0.0,1.04,100970.0,26.4,0.4,0.0,28.1,0.162,0,0,0,1.0,28.36984222004792,90.49626072231284,0.02511690179675116,31.354983007374372,0.3780721207557719,0.0,0.3670435096706739,0.0,0.0006412354526831947,2.862939375431256e-07,1.0,0.0,0.0,1.166591768931612,interaction_004_wet_humid_boundary_june2024,smartgarden_pa1_joint_c0fc643ba7cc
2024-06-02T05:00,28.0,90.0,0.0,0.0,0.0,1.12,101060.0,26.2,0.38,0.0,27.9,0.162,0,0,0,1.0,28.15791685943968,90.88810162375763,0.02493443174199288,31.26204615352626,0.3780216026803786,0.0,0.3476030339188849,0.0,0.0007077607065898653,2.7113036645673025e-07,1.0,0.0,0.0,1.16845287040762,interaction_004_wet_humid_boundary_june2024,smartgarden_pa1_joint_c0fc643ba7cc
2024-06-02T06:00,28.0,91.0,19.0,4.0,15.0,1.36,101020.0,26.4,0.34,0.02,28.1,0.162,1,0,0,1.0,28.070910389794,94.2601767679838,0.025736404238400453,31.17210045433294,0.3778956865814926,2199.736,0.2178587258676572,16.15,0.0008294687418149773,1.1147048061767726e-06,1.0,6.818590484119369e-07,0.0,1.168327760944604,interaction_004_wet_humid_boundary_june2024,smartgarden_pa1_joint_c0fc643ba7cc
2024-06-02T07:00,30.2,77.0,168.0,87.0,81.0,1.21,101070.0,25.6,1.0,0.13,30.3,0.162,0,0,0,1.0,29.534037148986638,100.0,0.029572700873569998,31.136793150835768,0.38954923498867905,17633.7744,0.0,142.79999999999998,0.0008568608277844656,8.353799999999998e-06,1.0,6.149798255215608e-06,0.0,1.1632557196732203,interaction_004_wet_humid_boundary_june2024,smartgarden_pa1_joint_c0fc643ba7cc
2024-06-02T08:00,31.3,68.0,350.0,181.0,169.0,0.98,101090.0,24.7,1.45,0.27,31.3,0.161,0,0,0,1.0,31.265062798889495,100.0,0.03246432075889317,31.221486712711833,0.3872310554886791,36745.8256,0.0,297.5,0.0005971170145349161,1.7403749999999997e-05,1.0,1.3773745554931599e-05,0.0,1.1568698621617606,interaction_004_wet_humid_boundary_june2024,smartgarden_pa1_joint_c0fc643ba7cc
2024-06-02T09:00,32.0,65.0,510.0,248.0,262.0,0.73,101090.0,24.5,1.68,0.39,32.5,0.16,0,0,0,1.0,32.472657402757164,100.0,0.034622001226779345,31.417247376075192,0.38338234048867903,54097.788799999995,0.0,433.5,0.0005808968356446249,2.5359749999999997e-05,1.0,6.995734948814505e-06,0.0,1.1522987684647295,interaction_004_wet_humid_boundary_june2024,smartgarden_pa1_joint_c0fc643ba7cc
2024-06-02T10:00,33.0,61.0,705.0,426.0,279.0,0.32,101060.0,24.4,1.98,0.54,33.9,0.159,0,1,0,1.0,33.68744311857433,100.0,0.0369151392209335,31.71751716053674,0.377944911738679,71855.8896,0.0,599.25,0.0018866803162080473,3.505612499999999e-05,1.0,5.273922435955591e-06,0.0,1.14739614811254,interaction_004_wet_humid_boundary_june2024,smartgarden_pa1_joint_c0fc643ba7cc
2024-06-02T11:00,34.0,57.0,821.0,573.0,248.0,0.14,100970.0,24.3,2.27,0.64,35.2,0.157,0,1,0,1.0,34.93134051442701,100.0,0.03939652004772405,32.111065338325446,0.37111568023867897,80973.23520000001,0.0,697.85,0.001928951918076845,4.0824224999999996e-05,1.0,2.2748572595996202e-06,0.0,1.141745765959475,interaction_004_wet_humid_boundary_june2024,smartgarden_pa1_joint_c0fc643ba7cc
2024-06-02T12:00,34.6,55.0,860.0,673.0,187.0,0.8,100910.0,24.2,2.48,0.68,36.1,0.155,0,1,0,1.0,35.811233050886266,99.70105849195944,0.04111329956115171,32.55464797891836,0.36359268347842644,82259.1088,0.017576988946466088,731.0,0.002163158259703396,4.277721005137824e-05,1.0,0.0,0.0,1.1378176472620523,interaction_004_wet_humid_boundary_june2024,smartgarden_pa1_joint_c0fc643ba7cc
2024-06-02T13:00,34.8,55.0,913.0,742.0,171.0,0.82,100810.0,24.4,2.5,0.72,36.7,0.154,0,1,0,1.0,36.27206852655752,99.13515122537082,0.041863986459450955,33.022400289267345,0.3556501923981782,86360.1904,0.052152612999194936,776.05,0.0022195330115127934,4.543960403813936e-05,1.0,0.0,0.0,1.1349971693797443,interaction_004_wet_humid_boundary_june2024,smartgarden_pa1_joint_c0fc643ba7cc
2024-06-02T14:00,34.6,56.0,656.0,386.0,270.0,0.92,100820.0,24.6,2.42,0.53,36.4,0.153,0,1,0,1.0,35.99058299595032,89.07394996143258,0.037073020285453666,33.43132377458439,0.3485805297293542,67227.248,0.6487810698147367,557.6,0.0022422369203841806,3.3125649234455495e-05,1.0,0.0,0.0,1.136143322412821,interaction_004_wet_humid_boundary_june2024,smartgarden_pa1_joint_c0fc643ba7cc
2024-06-02T15:00,32.6,66.0,461.0,246.0,215.0,1.2,100830.0,25.5,1.67,0.37,35.5,0.161,0,1,0,1.0,34.3462183592869,86.6469961431415,0.033109643841437136,33.70131775852561,0.3434777505044632,48132.216,0.7240881776614536,391.84999999999997,0.002415070913335444,2.3488013778575932e-05,1.0,0.0,0.0,1.1423322474282198,interaction_004_wet_humid_boundary_june2024,smartgarden_pa1_joint_c0fc643ba7cc
2024-06-02T16:00,31.5,71.0,398.0,260.0,138.0,1.0,100840.0,25.6,1.34,0.3,34.3,0.165,0,1,0,1.0,32.79202926066876,91.79862628602936,0.03232480792434089,33.86294588578057,0.3395553348236824,39879.1712,0.4077530525306443,338.3,0.0022592910247949383,2.01085973809739e-05,1.0,0.0,0.0,1.1482491770724237,interaction_004_wet_humid_boundary_june2024,smartgarden_pa1_joint_c0fc643ba7cc
2024-06-02T17:00,30.9,73.0,171.0,95.0,76.0,0.42,100820.0,25.5,1.21,0.13,33.2,0.165,0,1,0,1.0,31.683419266416173,85.9687776143568,0.02854026195106911,33.92257199544301,0.33693966953543514,17721.862399999998,0.6553103000280229,145.35,0.001941577898334814,9.014117034021856e-06,1.0,0.0,0.0,1.152196533775359,interaction_004_wet_humid_boundary_june2024,smartgarden_pa1_joint_c0fc643ba7cc
2024-06-02T18:00,30.7,73.0,54.0,19.0,35.0,0.64,100860.0,25.3,1.19,0.05,32.3,0.165,1,0,0,1.0,31.044157820952393,92.86974066796803,0.029794786409296108,33.87896429734235,0.33585107450114604,5983.383999999999,0.32113966032154817,45.9,0.0005039524135777025,2.935638935050807e-06,1.0,0.0,0.0,1.1550759558308765,interaction_004_wet_humid_boundary_june2024,smartgarden_pa1_joint_c0fc643ba7cc
2024-06-02T19:00,30.4,75.0,0.0,0.0,0.0,0.89,100910.0,25.5,1.08,0.03,31.6,0.165,0,0,0,1.0,30.611840973647208,83.34921994011432,0.0261265796026438,33.78522684569029,0.3480391624225336,0.0,0.7316788869384627,0.0,0.0005922931103646915,5.707095318120009e-07,1.0,0.0,0.0,1.1572932997717773,interaction_004_wet_humid_boundary_june2024,smartgarden_pa1_joint_c0fc643ba7cc
2024-06-02T20:00,29.7,84.0,0.0,0.0,0.0,1.02,100970.0,26.7,0.67,0.0,30.9,0.164,0,0,0,1.0,30.027142924108098,83.85508676505428,0.025469299946346627,33.670427017721856,0.34793123947327886,0.0,0.6861064026094121,0.0,0.0006900215902768018,5.351629940353415e-07,1.0,0.0,0.0,1.1602146610093138,interaction_004_wet_humid_boundary_june2024,smartgarden_pa1_joint_c0fc643ba7cc
2024-06-02T21:00,29.5,84.0,0.0,0.0,0.0,0.94,101010.0,26.6,0.64,0.0,30.2,0.164,0,0,0,1.0,29.646915943942272,86.08642640970703,0.025614401052680282,33.546996788035734,0.34784507290148975,0.0,0.5785106619801268,0.0,0.000603137001887312,4.512383163444989e-07,1.0,0.0,0.0,1.1621317659462633,interaction_004_wet_humid_boundary_june2024,smartgarden_pa1_joint_c0fc643ba7cc
2024-06-02T22:00,29.1,86.0,0.0,0.0,0.0,0.94,101030.0,26.5,0.57,0.0,29.6,0.164,0,0,0,1.0,29.31369690624631,87.33127810123094,0.025519056891561573,33.41997344074963,0.34776775077546157,0.0,0.5167405797400026,0.0,0.0006201698035545566,4.0305765219720205e-07,1.0,0.0,0.0,1.1636424222867525,interaction_004_wet_humid_boundary_june2024,smartgarden_pa1_joint_c0fc643ba7cc
2024-06-02T23:00,29.0,86.0,0.0,0.0,0.0,0.98,101020.0,26.4,0.55,0.0,29.2,0.164,0,0,0,1.0,29.101924337606338,87.89819447434307,0.025390557861242002,33.28977735368848,0.34769796402383635,0.0,0.48762194023556527,0.0,0.0006144028456218102,3.803451133837409e-07,1.0,0.0,0.0,1.1643424688086148,interaction_004_wet_humid_boundary_june2024,smartgarden_pa1_joint_c0fc643ba7cc
2024-06-03T00:00,28.6,87.0,0.0,0.0,0.0,0.98,100980.0,26.3,0.49,0.0,28.9,0.164,0,0,0,1.0,28.814954443611146,88.38479121348654,0.02513494025187997,33.158467931924086,0.34763108324697095,0.0,0.4603154856046081,0.0,0.0006424644020272712,3.5904607877159433e-07,1.0,0.0,0.0,1.1649875194558248,interaction_004_wet_humid_boundary_june2024,smartgarden_pa1_joint_c0fc643ba7cc
2024-06-03T01:00,28.2,90.0,0.0,0.0,0.0,1.17,100930.0,26.3,0.39,0.0,28.5,0.164,0,0,0,1.0,28.433858643533334,90.15163658389892,0.02510907719070018,33.02300387742676,0.34757134349238067,0.0,0.3817693000647693,0.0,0.0007522010485007227,2.9778005405052006e-07,1.0,0.0,0.0,1.1658820838071273,interaction_004_wet_humid_boundary_june2024,smartgarden_pa1_joint_c0fc643ba7cc
2024-06-03T02:00,28.1,93.0,0.0,0.0,0.0,1.24,100880.0,26.8,0.27,0.0,28.3,0.164,0,0,0,1.0,28.218988192753503,92.7341718897144,0.02552621083309828,32.88418735881139,0.3475249862305885,0.0,0.27816465061265294,0.0,0.0007685742634771575,2.169684274778693e-07,1.0,0.0,0.0,1.1661353544818058,interaction_004_wet_humid_boundary_june2024,smartgarden_pa1_joint_c0fc643ba7cc
2024-06-03T03:00,27.9,93.0,0.0,0.0,0.0,1.2,100840.0,26.7,0.26,0.0,28.2,0.164,0,0,0,1.0,28.049928729628043,93.48665999934691,0.02549583211254068,32.74551853348378,0.34748907822686187,0.0,0.24691635999480965,0.0,0.0007518391564088137,1.9259476079595153e-07,1.0,0.0,0.0,1.1663272458665566,interaction_004_wet_humid_boundary_june2024,smartgarden_pa1_joint_c0fc643ba7cc
2024-06-03T04:00,27.9,93.0,0.0,0.0,0.0,1.2,100820.0,26.6,0.28,0.0,28.0,0.164,0,0,0,1.0,27.971423560368258,93.59973724974533,0.02541688792237543,32.60756463668695,0.3474548505134153,0.0,0.24152322995437414,0.0,0.0007353435629621358,1.8838811936441183e-07,1.0,0.0,0.0,1.1663999356300931,interaction_004_wet_humid_boundary_june2024,smartgarden_pa1_joint_c0fc643ba7cc
2024-06-03T05:00,28.0,92.0,0.0,0.0,0.0,1.33,100840.0,26.5,0.31,0.0,27.8,0.164,0,0,0,1.0,28.018370816626014,93.00547292585418,0.025320702638367706,32.47321963795043,0.34741970361305513,0.0,0.26467118881647966,0.0,0.0008015900650105623,2.0644352727685415e-07,1.0,0.0,0.0,1.1664494594099548,interaction_004_wet_humid_boundary_june2024,smartgarden_pa1_joint_c0fc643ba7cc
2024-06-03T06:00,28.0,92.0,25.0,13.0,12.0,1.3,100880.0,26.7,0.29,0.01,28.0,0.164,1,0,0,1.0,28.081510354506285,96.18340390013947,0.02627679352105157,32.35002325501763,0.3472769952023825,2622.1888,0.14495077200820194,21.25,0.0007961623070747052,1.3561866021663974e-06,1.0,2.73485160869506e-06,0.0,1.1666675623090985,interaction_004_wet_humid_boundary_june2024,smartgarden_pa1_joint_c0fc643ba7cc
2024-06-03T07:00,29.5,86.0,196.0,139.0,57.0,1.1,100930.0,27.0,0.56,0.14,30.5,0.164,0,0,0,1.0,29.176873025641154,100.0,0.029004385912805124,32.287156124355775,0.358784564283833,19253.396800000002,0.0,166.6,0.0007322710837352712,9.746099999999998e-06,1.0,1.0599858209631381e-05,0.0,1.1630167508400606,interaction_004_wet_humid_boundary_june2024,smartgarden_pa1_joint_c0fc643ba7cc
2024-06-03T08:00,31.3,72.0,419.0,337.0,82.0,0.7,100950.0,25.6,1.3,0.31,31.6,0.163,0,0,0,1.0,31.12952221708421,100.0,0.032229490517143786,32.3552792861904,0.356032285533833,39756.9568,0.0,356.15,0.00047869164316031624,2.0834774999999997e-05,1.0,1.9963122076743017e-05,0.0,1.1557823190605294,interaction_004_wet_humid_boundary_june2024,smartgarden_pa1_joint_c0fc643ba7cc
2024-06-03T09:00,32.9,62.0,633.0,534.0,99.0,0.6,100950.0,24.6,1.91,0.48,33.3,0.162,0,0,0,1.0,33.17379173865979,100.0,0.03593016457556024,32.57076921291511,0.351324322533833,59187.05760000001,0.0,538.05,0.00046232631425476305,3.1475924999999996e-05,1.0,8.868209305111084e-06,0.0,1.1480691389806514,interaction_004_wet_humid_boundary_june2024,smartgarden_pa1_joint_c0fc643ba7cc
2024-06-03T10:00,34.0,56.0,763.0,643.0,120.0,0.63,100900.0,24.0,2.35,0.59,34.8,0.16,0,1,0,1.0,34.758370506611854,100.0,0.03904317227294679,32.903009300597475,0.34507687353383304,71365.888,0.0,648.55,0.0020010747217970755,3.794017499999999e-05,1.0,1.6753245351854096e-06,0.0,1.1415951621269955,interaction_004_wet_humid_boundary_june2024,smartgarden_pa1_joint_c0fc643ba7cc
2024-06-03T11:00,35.0,53.0,910.0,785.0,125.0,0.45,100830.0,23.9,2.65,0.71,36.1,0.158,0,1,0,1.0,36.06798939545505,100.0,0.041787135707978144,33.323037520813536,0.337589780283833,84477.8,0.0,773.5,0.002019818172621541,4.524974999999999e-05,1.0,5.229374293208893e-07,0.0,1.1359715742308159,interaction_004_wet_humid_boundary_june2024,smartgarden_pa1_joint_c0fc643ba7cc
2024-06-03T12:00,35.4,51.0,950.0,825.0,125.0,0.36,100780.0,23.9,2.79,0.75,36.9,0.156,0,1,0,1.0,36.85532494445554,99.2229626162826,0.04317657271172408,33.79995404096533,0.3292644545490713,87997.8,0.04837475162529348,807.5,0.0020879105571856385,4.727648230626772e-05,1.0,0.0,0.0,1.1325246125208055,interaction_004_wet_humid_boundary_june2024,smartgarden_pa1_joint_c0fc643ba7cc
2024-06-03T13:00,36.0,50.0,931.0,796.0,135.0,0.32,100720.0,23.8,2.98,0.74,37.4,0.154,0,1,0,1.0,37.40993041821205,96.63057304443852,0.0432594293949801,34.282198240874635,0.3208283854308238,86677.624,0.21619189269265515,791.35,0.0020702761789032032,4.646260467630027e-05,1.0,0.0,0.0,1.1298290710629457,interaction_004_wet_humid_boundary_june2024,smartgarden_pa1_joint_c0fc643ba7cc
2024-06-03T14:00,35.5,54.0,757.0,594.0,163.0,0.8,100580.0,24.7,2.68,0.61,37.3,0.153,0,1,0,1.0,37.12462238729737,89.31240417185342,0.039404094270674386,34.71017342809843,0.31320867890401016,72350.7312,0.6751924107509026,643.4499999999999,0.00223939666035589,3.8168475080385694e-05,1.0,0.0,0.0,1.1292960896653181,interaction_004_wet_humid_boundary_june2024,smartgarden_pa1_joint_c0fc643ba7cc
2024-06-03T15:00,34.7,56.0,570.0,403.0,167.0,1.08,100620.0,24.5,2.44,0.46,36.6,0.154,0,1,0,1.0,36.193228569387834,82.10853824589438,0.03453317129314857,35.02548960185361,0.3072189295982682,56035.4608,1.0742522844819824,484.5,0.0023239642128018876,2.8319949419001358e-05,0.9704872197423963,0.0,0.0,1.1331467249210567,interaction_004_wet_humid_boundary_june2024,smartgarden_pa1_joint_c0fc643ba7cc
2024-06-03T16:00,33.0,64.0,347.0,220.0,127.0,1.06,100620.0,25.4,1.78,0.28,35.4,0.158,0,1,0,1.0,34.52855210744111,79.29844175453518,0.030591659976305526,35.20680353543978,0.3031357832448122,35004.1648,1.1339929524775876,294.95,0.002322818703934922,1.714656591592174e-05,0.9452826126222976,0.0,0.0,1.1392775477164312,interaction_004_wet_humid_boundary_june2024,smartgarden_pa1_joint_c0fc643ba7cc
2024-06-03T17:00,32.6,66.0,150.0,87.0,63.0,0.82,100610.0,25.4,1.66,0.13,34.2,0.158,0,1,0,1.0,33.28645021522738,75.48478653028441,0.027283411254959075,35.247752154982344,0.3008953122851207,15416.491199999999,1.2531037960562719,127.5,0.0020619202127734214,7.857892911353563e-06,0.9314525449698807,0.0,0.0,1.1437817823152145,interaction_004_wet_humid_boundary_june2024,smartgarden_pa1_joint_c0fc643ba7cc
2024-06-03T18:00,32.1,70.0,65.0,43.0,22.0,1.04,100630.0,25.8,1.45,0.06,33.3,0.158,1,0,0,1.0,32.542615277851944,81.47804206468139,0.028314165805013124,35.20003887362566,0.29984708664751714,6494.0127999999995,0.9080436652698225,55.25,0.0007250432893446008,3.6447982667058703e-06,0.9249820163426984,0.0,0.0,1.1467928433523211,interaction_004_wet_humid_boundary_june2024,smartgarden_pa1_joint_c0fc643ba7cc
2024-06-03T19:00,31.4,75.0,0.0,0.0,0.0,1.04,100720.0,26.5,1.13,0.03,32.4,0.158,0,0,0,1.0,31.77946773710032,80.08179438535244,0.02672243725719875,35.1020180130569,0.31193482021244767,0.0,0.9353272397327892,0.0,0.000711711152632769,7.292617145470904e-07,0.999597655632393,0.0,0.0,1.150691142767146,interaction_004_wet_humid_boundary_june2024,smartgarden_pa1_joint_c0fc643ba7cc
2024-06-03T20:00,31.1,79.0,0.0,0.0,0.0,1.12,100810.0,26.9,0.96,0.01,31.9,0.157,0,0,0,1.0,31.27542787511608,80.68807954752484,0.02620937541985358,34.97627904771022,0.3118035663484056,0.0,0.8813032811308972,0.0,0.0007112209429387523,6.865830299925551e-07,0.9987874465950964,0.0,0.0,1.153626273510035,interaction_004_wet_humid_boundary_june2024,smartgarden_pa1_joint_c0fc643ba7cc
2024-06-03T21:00,30.7,82.0,0.0,0.0,0.0,1.0,100890.0,27.3,0.8,0.0,31.4,0.157,0,0,0,1.0,30.902871253779264,83.47627025508983,0.02657889159889387,34.84512448207703,0.31169021076303,0.0,0.7382487614052562,0.0,0.0006502422568514971,5.74732878427075e-07,0.9980877207594444,0.0,0.0,1.1559564215363367,interaction_004_wet_humid_boundary_june2024,smartgarden_pa1_joint_c0fc643ba7cc
2024-06-03T22:00,30.2,86.0,0.0,0.0,0.0,1.1,100900.0,27.6,0.61,0.0,30.9,0.157,0,0,0,1.0,30.458057404115173,86.49656187781666,0.026889597399828585,34.70860662595844,0.31159711171726723,0.0,0.58818617409201,0.0,0.0007180663864583631,4.5764423315143744e-07,0.997513035291773,0.0,0.0,1.157764748255295,interaction_004_wet_humid_boundary_june2024,smartgarden_pa1_joint_c0fc643ba7cc
2024-06-03T23:00,29.5,91.0,0.0,0.0,0.0,1.32,100890.0,27.9,0.36,0.0,30.2,0.157,0,0,0,1.0,29.859403344236874,90.22485223924437,0.02715650841421995,34.56440993561606,0.31152679603500233,0.0,0.41143278341463674,0.0,0.0008596099217208136,3.1998016694573373e-07,0.9970789878703847,0.0,0.0,1.159937167405574,interaction_004_wet_humid_boundary_june2024,smartgarden_pa1_joint_c0fc643ba7cc
2024-06-04T00:00,29.3,90.0,0.0,0.0,0.0,1.4,100870.0,27.5,0.4,0.0,29.7,0.157,0,0,0,1.0,29.474656303666986,90.87044608654001,0.026786389025913508,34.41225636024676,0.31147379936858177,0.0,0.3758521891251174,0.0,0.0008717419476175771,2.9221246397311447e-07,0.9967518479542085,0.0,0.0,1.1611816400940573,interaction_004_wet_humid_boundary_june2024,smartgarden_pa1_joint_c0fc643ba7cc
2024-06-04T01:00,29.1,90.0,0.0,0.0,0.0,1.43,100790.0,27.2,0.42,0.0,29.2,0.157,0,0,0,1.0,29.254231879779145,90.70021191273729,0.02641795804567091,34.258226979865924,0.3114208222074039,0.0,0.37802765012956296,0.0,0.0008855388978534685,2.938073864124479e-07,0.9964248284407649,0.0,0.0,1.1611064285240642,interaction_004_wet_humid_boundary_june2024,smartgarden_pa1_joint_c0fc643ba7cc
2024-06-04T02:00,28.5,88.0,0.0,0.0,0.0,1.33,100750.0,26.4,0.45,0.0,28.7,0.157,0,0,0,1.0,28.817452180867537,89.22598920763741,0.025377618819630073,34.10182876158683,0.31136498879289143,0.0,0.4270401850663519,0.0,0.0008577735630848817,3.3178568548351854e-07,0.9960801777338977,0.0,0.0,1.162324437842781,interaction_004_wet_humid_boundary_june2024,smartgarden_pa1_joint_c0fc643ba7cc
2024-06-04T03:00,28.1,91.0,0.0,0.0,0.0,1.41,100730.0,26.4,0.36,0.0,28.4,0.157,0,0,0,1.0,28.359537197669656,90.70154999591583,0.025159680113098076,33.93896643667212,0.31130851609819543,0.0,0.3589002212339536,0.0,0.0008926109605024002,2.787472620330816e-07,0.9957315808530582,0.0,0.0,1.1638586231523065,interaction_004_wet_humid_boundary_june2024,smartgarden_pa1_joint_c0fc643ba7cc
2024-06-04T04:00,27.8,92.0,0.0,0.0,0.0,1.4,100720.0,26.3,0.31,0.0,28.1,0.157,0,0,0,1.0,28.018124491038687,92.06246554582904,0.025063630329399785,33.77180788017895,0.31126307577009943,0.0,0.3003500495574589,0.0,0.0008796503640516863,2.3320735051532926e-07,0.9954510850006137,0.0,0.0,1.1650623328307177,interaction_004_wet_humid_boundary_june2024,smartgarden_pa1_joint_c0fc643ba7cc
2024-06-04T05:00,27.8,91.0,0.0,0.0,0.0,1.2,100840.0,26.3,0.33,0.0,27.8,0.157,0,0,0,1.0,27.89182136833295,91.97106163801426,0.02486564993760261,33.60381353920692,0.31122164799637475,0.0,0.3015819033123366,0.0,0.0007396722253973025,2.3410366998247305e-07,0.9951953580023133,0.0,0.0,1.1669398016982095,interaction_004_wet_humid_boundary_june2024,smartgarden_pa1_joint_c0fc643ba7cc
2024-06-04T06:00,27.8,92.0,26.0,14.0,12.0,1.41,100860.0,26.5,0.28,0.01,28.0,0.157,1,0,0,1.0,27.90834229799621,95.8317814475494,0.025932980060464014,33.44579874957541,0.311071874510988,2710.1888,0.15671685883572462,22.099999999999998,0.0008657919374202307,1.4069818640323652e-06,0.9942708303147407,1.5300515829499694e-06,0.0,1.1671071956392143,interaction_004_wet_humid_boundary_june2024,smartgarden_pa1_joint_c0fc643ba7cc
2024-06-04T07:00,30.5,76.0,199.0,144.0,55.0,1.02,100870.0,25.8,1.04,0.14,30.5,0.157,0,0,0,1.0,29.702612739915022,100.0,0.029844234676715594,33.3554650655998,0.32256045183235355,19447.032000000003,0.0,169.15,0.0007889343274102295,9.895275e-06,1.0,8.88128843648216e-06,0.0,1.1603076214547008,interaction_004_wet_humid_boundary_june2024,smartgarden_pa1_joint_c0fc643ba7cc
2024-06-04T08:00,32.3,63.0,427.0,348.0,79.0,0.58,100910.0,24.4,1.78,0.32,32.0,0.156,0,0,0,1.0,32.08652335939661,100.0,0.03391911692061064,33.41456096602008,0.3197589453323535,40355.4096,0.0,362.95,0.0004323730077062741,2.1232574999999996e-05,1.0,1.9490089458839328e-05,0.0,1.1517020945466088,interaction_004_wet_humid_boundary_june2024,smartgarden_pa1_joint_c0fc643ba7cc
2024-06-04T09:00,33.6,58.0,638.0,545.0,93.0,0.5,100910.0,24.2,2.19,0.49,33.8,0.155,0,0,0,1.0,34.00568346359629,99.99999999999999,0.03753690004469956,33.6241920827388,0.3149928040823535,59415.9632,8.881784197001252e-16,542.3,0.00046297171021481384,3.1724549999999994e-05,1.0,3.869905746319256e-06,0.0,1.1445060671547242,interaction_004_wet_humid_boundary_june2024,smartgarden_pa1_joint_c0fc643ba7cc
2024-06-04T10:00,34.7,54.0,812.0,710.0,102.0,0.81,100880.0,24.1,2.54,0.64,35.3,0.153,0,1,0,1.0,35.550732130955254,97.82516008701297,0.03979950029106449,33.95733017561304,0.3085367153349069,75044.60479999999,0.12605605498873107,690.1999999999999,0.0020929185104627823,3.9609736506972875e-05,0.9786216995981907,0.0,0.0,1.1384392562013594,interaction_004_wet_humid_boundary_june2024,smartgarden_pa1_joint_c0fc643ba7cc
2024-06-04T11:00,35.5,52.0,925.0,818.0,107.0,0.91,100820.0,24.1,2.77,0.73,36.5,0.152,0,1,0,1.0,36.8212384769935,93.10317916659766,0.040442777598936976,34.380684941138405,0.3010721444240332,85164.5168,0.4285667879167505,786.25,0.0022252013141895455,4.320468157866471e-05,0.9325441013829209,0.0,0.0,1.133098705490781,interaction_004_wet_humid_boundary_june2024,smartgarden_pa1_joint_c0fc643ba7cc
2024-06-04T12:00,36.0,51.0,971.0,854.0,117.0,0.95,100750.0,24.2,2.92,0.77,37.3,0.15,0,1,0,1.0,37.7205802467104,87.98057007965167,0.04001630905513816,34.85415311030714,0.29328703426548874,89564.3408,0.7843058523587683,825.35,0.0023086605008227528,4.324679854140215e-05,0.8844878658363503,0.0,0.0,1.1290362337420248,interaction_004_wet_humid_boundary_june2024,smartgarden_pa1_joint_c0fc643ba7cc
2024-06-04T13:00,36.0,52.0,945.0,833.0,112.0,0.95,100670.0,24.4,2.87,0.75,37.7,0.148,0,1,0,1.0,38.07190965722272,83.65413916309973,0.03873502187092498,35.333391688592634,0.28578789388756404,87100.4288,1.0870913417272572,803.25,0.002364424180897221,4.0097709292552344e-05,0.8381968758491607,0.0,0.0,1.126866204240276,interaction_004_wet_humid_boundary_june2024,smartgarden_pa1_joint_c0fc643ba7cc
2024-06-04T14:00,36.1,51.0,827.0,693.0,134.0,1.48,100590.0,24.4,2.91,0.67,37.7,0.147,0,1,0,1.0,38.077656918563605,75.38466107928926,0.03491614030505362,35.76831947796753,0.27914907616319173,77490.4416,1.6375665239791264,702.9499999999999,0.0025665116360381593,3.380188228153795e-05,0.7972165195258749,0.0,0.0,1.1259499184304138,interaction_004_wet_humid_boundary_june2024,smartgarden_pa1_joint_c0fc643ba7cc
2024-06-04T15:00,35.3,54.0,617.0,439.0,178.0,1.87,100570.0,24.4,2.65,0.51,37.2,0.146,0,1,0,1.0,37.28963522964246,69.59441587007763,0.030964961452257838,36.105944505107615,0.27390242587251273,60558.4672,1.9381990246996743,524.4499999999999,0.0027535465633231043,2.4621492540892837e-05,0.7648297893364984,0.0,0.0,1.128583598511189,interaction_004_wet_humid_boundary_june2024,smartgarden_pa1_joint_c0fc643ba7cc
2024-06-04T16:00,32.7,64.0,276.0,103.0,173.0,2.19,100640.0,25.1,1.77,0.25,35.6,0.15,0,1,0,1.0,34.76902027717101,68.23315353122345,0.02665517869533336,36.268098769588,0.27068492282879225,30374.555199999995,1.7634716430511017,234.6,0.002924863157190665,1.1248734641564742e-05,0.7449686594369892,0.0,0.0,1.138614107979077,interaction_004_wet_humid_boundary_june2024,smartgarden_pa1_joint_c0fc643ba7cc
2024-06-04T17:00,32.3,67.0,175.0,96.0,79.0,0.57,100660.0,25.5,1.57,0.14,34.4,0.15,0,1,0,1.0,33.164665173253205,73.94029350931663,0.02655408056560064,36.26783839111248,0.269034925026587,18179.4096,1.3229977737139484,148.75,0.002007538241199428,7.152245259525612e-06,0.7347834878184383,0.0,0.0,1.1448051782865705,interaction_004_wet_humid_boundary_june2024,smartgarden_pa1_joint_c0fc643ba7cc
2024-06-04T18:00,31.9,69.0,64.0,33.0,31.0,0.41,100610.0,25.5,1.46,0.05,33.5,0.15,1,1,0,1.0,32.40426856681605,72.7273507373845,0.025088472058800337,36.194657622659655,0.2681176277280505,6722.6544,1.3266728234596763,54.4,0.0018535346807664532,3.074853252412633e-06,0.7291211588151264,0.0,0.0,1.1470840542909213,interaction_004_wet_humid_boundary_june2024,smartgarden_pa1_joint_c0fc643ba7cc
2024-06-04T19:00,31.3,74.0,0.0,0.0,0.0,0.94,100760.0,26.0,1.21,0.03,32.6,0.15,0,0,0,1.0,31.677921212742557,78.73032618332398,0.026129544315721058,36.06585908940639,0.2802699242463125,0.0,0.9930636029846323,0.0,0.0006594043981827095,6.228748756753763e-07,0.8041353348537807,0.0,0.0,1.1515316078750915,interaction_004_wet_humid_boundary_june2024,smartgarden_pa1_joint_c0fc643ba7cc
2024-06-04T20:00,30.9,77.0,0.0,0.0,0.0,0.92,100750.0,26.5,1.02,0.0,32.0,0.15,0,0,0,1.0,31.137958750245357,78.88098966015521,0.025434437286421894,35.91081903426268,0.28015731813668854,0.0,0.9562684292828338,0.0,0.0006150822750687157,5.992775349129942e-07,0.8034402354116577,0.0,0.0,1.1534605264844735,interaction_004_wet_humid_boundary_june2024,smartgarden_pa1_joint_c0fc643ba7cc
2024-06-04T21:00,30.6,80.0,0.0,0.0,0.0,1.08,100780.0,26.9,0.86,0.0,31.5,0.15,0,0,0,1.0,30.78754311559844,81.19304967927887,0.025692282225434255,35.75051568468096,0.2800563797975993,0.0,0.8347535238633488,0.0,0.0006913718086488346,5.227204731038625e-07,0.8028171592444401,0.0,0.0,1.1551342322280147,interaction_004_wet_humid_boundary_june2024,smartgarden_pa1_joint_c0fc643ba7cc
2024-06-04T22:00,30.4,82.0,0.0,0.0,0.0,1.06,100830.0,27.1,0.77,0.0,31.2,0.15,0,0,0,1.0,30.545966986670365,83.19835364328603,0.02598699691077061,35.58812561891912,0.27996818093713693,0.0,0.7355359967890056,0.0,0.00067063018718741,4.6027836359772636e-07,0.8022727218341786,0.0,0.0,1.1566266410428174,interaction_004_wet_humid_boundary_june2024,smartgarden_pa1_joint_c0fc643ba7cc
2024-06-04T23:00,30.2,84.0,0.0,0.0,0.0,1.03,100850.0,27.2,0.68,0.0,30.9,0.15,0,0,0,1.0,30.345158577884963,84.99763375525052,0.026263337821882046,35.425486194901005,0.27989025295947156,0.0,0.6492714715066872,0.0,0.0006534156560268148,4.060527643532722e-07,0.8017916849350096,0.0,0.0,1.1576214991800482,interaction_004_wet_humid_boundary_june2024,smartgarden_pa1_joint_c0fc643ba7cc
2024-06-05T00:00,30.0,85.0,0.0,0.0,0.0,0.89,100830.0,27.2,0.62,0.0,30.7,0.15,0,0,0,1.0,30.14855891239134,86.3064097081725,0.02638634640059727,35.262968096271685,0.27982098980654646,0.0,0.5859972674818654,0.0,0.0005755594412361917,3.662858106479834e-07,0.8013641346083115,0.0,0.0,1.1581421535718741,interaction_004_wet_humid_boundary_june2024,smartgarden_pa1_joint_c0fc643ba7cc
2024-06-05T01:00,29.8,86.0,0.0,0.0,0.0,0.81,100770.0,27.2,0.59,0.0,30.5,0.149,0,0,0,1.0,29.95171660798916,87.34198521238042,0.026420417988645806,35.100594794611546,0.27975796384286405,0.0,0.5356021668673216,0.0,0.0005322775611432011,3.346231132714386e-07,0.8009750854497781,0.0,0.0,1.1582046690608068,interaction_004_wet_humid_boundary_june2024,smartgarden_pa1_joint_c0fc643ba7cc
2024-06-05T02:00,29.6,89.0,0.0,0.0,0.0,0.81,100750.0,27.6,0.45,0.0,30.3,0.149,0,0,0,1.0,29.75533755996606,89.28489836133274,0.026722611906956382,34.93835932565211,0.2797021643411538,0.0,0.44830731198503226,0.0,0.0005333623114023287,2.799642861138912e-07,0.8006306440811963,0.0,0.0,1.158725534288281,interaction_004_wet_humid_boundary_june2024,smartgarden_pa1_joint_c0fc643ba7cc
2024-06-05T03:00,29.5,89.0,0.0,0.0,0.0,0.85,100720.0,27.5,0.46,0.0,30.2,0.149,0,0,0,1.0,29.616879272624878,90.18481296889979,0.026790186314617315,34.7767739571879,0.27965489609646177,0.0,0.4073999528680483,0.0,0.0005444658140028239,2.543252523201974e-07,0.8003388647929739,0.0,0.0,1.1589102432100369,interaction_004_wet_humid_boundary_june2024,smartgarden_pa1_joint_c0fc643ba7cc
2024-06-05T04:00,29.4,89.0,0.0,0.0,0.0,0.95,100730.0,27.4,0.44,0.0,30.1,0.149,0,0,0,1.0,29.51182355655305,90.16390299463508,0.026631782937014452,34.61711038216753,0.2796093232456423,0.0,0.4058071477559615,0.0,0.0005997358104336575,2.532418767613441e-07,0.8000575508990266,0.0,0.0,1.1594276103494097,interaction_004_wet_humid_boundary_june2024,smartgarden_pa1_joint_c0fc643ba7cc
2024-06-05T05:00,29.2,89.0,0.0,0.0,0.0,1.02,100760.0,27.3,0.43,0.0,29.9,0.149,0,0,0,1.0,29.351989035089144,90.03274126447056,0.026363249590837013,34.459105081961496,0.27956363679087803,0.0,0.40744982895815207,0.0,0.0006494964287538788,2.5417735609085636e-07,0.7997755357461607,0.0,0.0,1.1603857130295239,interaction_004_wet_humid_boundary_june2024,smartgarden_pa1_joint_c0fc643ba7cc
2024-06-05T06:00,29.2,89.0,25.0,13.0,12.0,1.17,100760.0,27.2,0.43,0.02,29.9,0.149,1,0,0,1.0,29.31392626397237,92.66080372296602,0.027076734112288264,34.308716661666125,0.2794333914893782,2622.1888,0.29936016579294744,21.25,0.0007268179149514472,1.1797821110669638e-06,0.798971552403569,1.4145277446648044e-06,0.0,1.1605317386939653,interaction_004_wet_humid_boundary_june2024,smartgarden_pa1_joint_c0fc643ba7cc
2024-06-05T07:00,30.2,83.0,185.0,123.0,62.0,0.98,100870.0,26.9,0.74,0.13,30.9,0.149,0,0,0,1.0,30.135267504695815,100.0,0.030550934677729565,34.213639423435666,0.2911016482706552,18461.308800000003,0.0,157.25,0.0006048453026481948,8.012417902146858e-06,0.870997828831205,8.055346642618139e-06,0.0,1.1586523725032294,interaction_004_wet_humid_boundary_june2024,smartgarden_pa1_joint_c0fc643ba7cc
2024-06-05T08:00,32.0,69.0,414.0,327.0,87.0,0.64,100910.0,25.6,1.47,0.31,32.3,0.148,0,0,0,1.0,32.00374137572106,100.0,0.03377002795747154,34.24388167881049,0.2887859981869437,39492.8688,0.0,351.9,0.00038550001602934494,1.7636230719605867e-05,0.8567036925119983,1.0275603374658277e-05,0.0,1.1520145278255194,interaction_004_wet_humid_boundary_june2024,smartgarden_pa1_joint_c0fc643ba7cc
2024-06-05T09:00,33.4,62.0,624.0,526.0,98.0,0.64,100870.0,25.0,1.96,0.48,34.0,0.147,0,1,0,1.0,34.03098971654491,94.95285497225656,0.035689667356124326,34.423001502127235,0.2848579772864261,58359.875199999995,0.2689343630746919,530.4,0.00197271477824387,2.6004421351427494e-05,0.8324566499162105,0.0,0.0,1.1439581435812587,interaction_004_wet_humid_boundary_june2024,smartgarden_pa1_joint_c0fc643ba7cc
2024-06-05T10:00,34.5,57.0,795.0,683.0,112.0,0.63,100840.0,24.7,2.37,0.62,35.5,0.146,0,1,0,1.0,35.726950958416786,90.044527186435,0.036969763059919315,34.72890118013813,0.2796248124803053,73900.4288,0.5826509284450703,675.75,0.0021078236989392728,3.1994798549319374e-05,0.8001531634586747,0.0,0.0,1.1373386140998407,interaction_004_wet_humid_boundary_june2024,smartgarden_pa1_joint_c0fc643ba7cc
2024-06-05T11:00,35.4,54.0,905.0,782.0,123.0,1.03,100800.0,24.7,2.63,0.72,36.7,0.145,0,1,0,1.0,37.1109480602527,83.45562185470907,0.03679434861687454,35.12715893056797,0.27359144626295917,83967.43519999999,1.0444190624382212,769.25,0.0023381546932342524,3.4953317943868243e-05,0.7629101621170319,0.0,0.0,1.1318160953878271,interaction_004_wet_humid_boundary_june2024,smartgarden_pa1_joint_c0fc643ba7cc
2024-06-05T12:00,35.5,54.0,831.0,696.0,135.0,1.62,100740.0,24.8,2.64,0.67,37.2,0.143,0,1,0,1.0,37.602064554661965,74.91864334700348,0.033870042698005164,35.54498796720217,0.26766529549613843,77877.624,1.6261574441101025,706.35,0.0026465226052834225,3.093426269898256e-05,0.7263289845440644,0.0,0.0,1.1293547235784287,interaction_004_wet_humid_boundary_june2024,smartgarden_pa1_joint_c0fc643ba7cc
2024-06-05T13:00,35.1,56.0,805.0,547.0,258.0,1.48,100700.0,24.9,2.5,0.65,37.3,0.142,0,1,0,1.0,37.419028828916275,74.26547753504713,0.03326251322320442,35.92962306305125,0.2623037145842126,79917.0592,1.6520152247722262,684.25,0.0026101776307893352,2.8642436329048885e-05,0.6932328060753864,0.0,0.0,1.129571627743532,interaction_004_wet_humid_boundary_june2024,smartgarden_pa1_joint_c0fc643ba7cc
2024-06-05T14:00,35.2,54.0,550.0,255.0,295.0,1.24,100620.0,24.6,2.59,0.46,37.1,0.141,0,1,0,1.0,36.960632813768186,68.33635269578718,0.029897370721425738,36.22917487891082,0.2580086084235401,58778.808000000005,1.9825790060091801,467.5,0.002431987478437086,1.926497652626999e-05,0.666719805083581,0.0,0.0,1.130342623693311,interaction_004_wet_humid_boundary_june2024,smartgarden_pa1_joint_c0fc643ba7cc
2024-06-05T15:00,34.0,59.0,452.0,267.0,185.0,1.0,100640.0,24.9,2.16,0.37,36.5,0.144,0,1,0,1.0,35.88495288392679,69.55495981825847,0.028791589122876583,36.420692626477624,0.25488466324050063,46284.744000000006,1.7973530427658977,384.2,0.002355455007110382,1.5459245340210223e-05,0.6474361928425965,0.0,0.0,1.1345025452003412,interaction_004_wet_humid_boundary_june2024,smartgarden_pa1_joint_c0fc643ba7cc
2024-06-05T16:00,31.1,80.0,284.0,151.0,133.0,1.0,100700.0,27.2,0.92,0.22,35.0,0.157,0,1,0,1.0,33.351328584909496,81.57909749890133,0.02958713605769709,36.50510802668771,0.2526484961133639,29671.259199999997,0.9450156550401916,241.4,0.0024143315915542414,9.415155908532177e-06,0.6336326920578017,0.0,0.0,1.1445626191594878,interaction_004_wet_humid_boundary_june2024,smartgarden_pa1_joint_c0fc643ba7cc
2024-06-05T17:00,30.7,80.0,153.0,74.0,79.0,1.63,100770.0,26.9,0.87,0.13,33.6,0.172,0,1,0,1.0,31.6609374363696,82.95094681876307,0.027505370381770818,36.46267062123363,0.2513459595489413,16243.409599999999,0.7952408253229639,130.04999999999998,0.0025083994096009813,5.147506950759014e-06,0.6255923428946993,0.0,0.0,1.151710061089925,interaction_004_wet_humid_boundary_june2024,smartgarden_pa1_joint_c0fc643ba7cc
2024-06-05T18:00,30.0,83.0,44.0,18.0,26.0,1.66,100810.0,26.7,0.74,0.05,32.3,0.178,1,1,0,1.0,30.644448393699314,82.86003580784606,0.0260188423098671,36.337956962102915,0.25072784882571614,4786.7424,0.754578281827575,37.4,0.0024805621218152328,1.726345414710368e-06,0.621776844603186,0.0,0.0,1.15602234925025,interaction_004_wet_humid_boundary_june2024,smartgarden_pa1_joint_c0fc643ba7cc
2024-06-05T19:00,29.7,81.0,0.0,0.0,0.0,1.51,100900.0,26.0,0.81,0.03,31.3,0.178,0,0,0,1.0,29.994318665800407,82.97618008681681,0.025157672766127674,36.16101906286832,0.2630213932336243,0.0,0.7220964025220415,0.0,0.0009551120167025759,3.92948310743103e-07,0.6976629211952116,0.0,0.0,1.1595358530742284,interaction_004_wet_humid_boundary_june2024,smartgarden_pa1_joint_c0fc643ba7cc
2024-06-05T20:00,29.6,80.0,0.0,0.0,0.0,1.4,100990.0,25.8,0.83,0.01,30.9,0.178,0,0,0,1.0,29.737047642255135,81.45804187391259,0.0243559242686131,35.96890218746205,0.26294716330379425,0.0,0.7749588677770229,0.0,0.000864984028121102,4.2143787974183477e-07,0.6972047117518164,0.0,0.0,1.1615559104124578,interaction_004_wet_humid_boundary_june2024,smartgarden_pa1_joint_c0fc643ba7cc
2024-06-05T21:00,29.5,81.0,0.0,0.0,0.0,1.17,101070.0,25.8,0.8,0.0,30.5,0.179,0,0,0,1.0,29.618794786434115,82.11199200220888,0.024394617781389526,35.77847432940433,0.2628724213801748,0.0,0.742561156846298,0.0,0.0007278340527311738,4.03552142721989e-07,0.6967433418529309,0.0,0.0,1.1629300757883663,interaction_004_wet_humid_boundary_june2024,smartgarden_pa1_joint_c0fc643ba7cc
2024-06-05T22:00,29.3,81.0,0.0,0.0,0.0,1.12,101060.0,25.7,0.77,0.0,30.2,0.179,0,0,0,1.0,29.458437103152527,82.46699166792983,0.024287862770339144,35.59046221569263,0.2628011182372344,0.0,0.7211379074627025,0.0,0.0007077252404111129,3.916618928687694e-07,0.696303198995274,0.0,0.0,1.1634312106471174,interaction_004_wet_humid_boundary_june2024,smartgarden_pa1_joint_c0fc643ba7cc
2024-06-05T23:00,28.6,86.0,0.0,0.0,0.0,1.32,101060.0,26.1,0.54,0.0,29.9,0.179,0,0,0,1.0,28.973253636910968,85.22889894372018,0.024447568665332313,35.401093648003,0.2627357422116664,0.0,0.5907687638669747,0.0,0.000862306554207496,3.2067030218894707e-07,0.6958996432818914,0.0,0.0,1.1652995792043876,interaction_004_wet_humid_boundary_june2024,smartgarden_pa1_joint_c0fc643ba7cc
2024-06-06T00:00,28.1,89.0,0.0,0.0,0.0,1.24,101030.0,26.1,0.42,0.0,29.5,0.178,0,0,0,1.0,28.4262091462947,88.38693304435692,0.024607268523999085,35.20451031047043,0.2626853455680688,0.0,0.44997776792824373,0.0,0.0008095489910491129,2.441395198519449e-07,0.6955885528893134,0.0,0.0,1.1670668250593168,interaction_004_wet_humid_boundary_june2024,smartgarden_pa1_joint_c0fc643ba7cc
2024-06-06T01:00,27.9,90.0,0.0,0.0,0.0,1.17,100930.0,26.2,0.37,0.0,29.2,0.178,0,0,0,1.0,28.103718632343476,90.02147470434875,0.02462337187369747,35.00346668783252,0.262645400521503,0.0,0.3794651402278548,0.0,0.0007459674663622398,2.0580927228292406e-07,0.6953419785277962,0.0,0.0,1.167159758738217,interaction_004_wet_humid_boundary_june2024,smartgarden_pa1_joint_c0fc643ba7cc
2024-06-06T02:00,27.7,92.0,0.0,0.0,0.0,1.17,100860.0,26.3,0.3,0.0,28.8,0.178,0,0,0,1.0,27.891893013929682,91.6137550879507,0.02476914468133125,34.802492635363286,0.26261134959114824,0.0,0.31500431905674775,0.0,0.0007435146739806664,1.7079622201787901e-07,0.6951317875996805,0.0,0.0,1.1671709677528062,interaction_004_wet_humid_boundary_june2024,smartgarden_pa1_joint_c0fc643ba7cc
2024-06-06T03:00,27.5,92.0,0.0,0.0,0.0,1.12,100840.0,26.1,0.28,0.0,28.5,0.178,0,0,0,1.0,27.69205450934994,92.18671501896411,0.02465163758173052,34.60258222859483,0.2625822655722907,0.0,0.2900823806638342,0.0,0.0007153212358266837,1.5724285593725752e-07,0.6949522566190783,0.0,0.0,1.1677146797291007,interaction_004_wet_humid_boundary_june2024,smartgarden_pa1_joint_c0fc643ba7cc
2024-06-06T04:00,27.5,92.0,0.0,0.0,0.0,1.02,100860.0,26.1,0.3,0.0,28.3,0.178,0,0,0,1.0,27.60923767030608,92.3479863530159,0.024582424110766953,34.40480163753514,0.26255435738709887,0.0,0.2827246620625954,0.0,0.0006393259279742484,1.5321652019526724e-07,0.6947799838709807,0.0,0.0,1.1682678820604535,interaction_004_wet_humid_boundary_june2024,smartgarden_pa1_joint_c0fc643ba7cc
2024-06-06T05:00,27.9,91.0,0.0,0.0,0.0,1.1,100920.0,26.2,0.35,0.0,28.2,0.178,0,0,0,1.0,27.829798805897994,91.88025209080858,0.02475655773290947,34.21375516601258,0.2625260641958915,0.0,0.303892288109592,0.0,0.0006764305710913114,1.6464645946886365e-07,0.6946053345425399,0.0,0.0,1.168106237748737,interaction_004_wet_humid_boundary_june2024,smartgarden_pa1_joint_c0fc643ba7cc
2024-06-06T06:00,28.1,91.0,21.0,8.0,13.0,1.2,100950.0,26.4,0.36,0.02,28.4,0.178,1,0,0,1.0,28.121925039573956,93.6973233759874,0.025654428031761753,34.03951928206882,0.26243333953240433,2305.3712,0.2399333095963483,17.849999999999998,0.0007247422370853129,8.546134352984511e-07,0.69403296007657,1.0339722066851865e-06,0.0,1.1673204922247435,interaction_004_wet_humid_boundary_june2024,smartgarden_pa1_joint_c0fc643ba7cc
2024-06-06T07:00,29.3,87.0,167.0,87.0,80.0,1.1,100970.0,26.9,0.54,0.12,30.5,0.178,0,0,0,1.0,29.162640892965523,100.0,0.028981935304611253,33.92261776476984,0.27427835385104277,17510.592,0.0,141.95,0.0006916468026579045,6.3704738966394925e-06,0.7671503324138442,5.988332001066498e-06,0.0,1.1635324446390067,interaction_004_wet_humid_boundary_june2024,smartgarden_pa1_joint_c0fc643ba7cc
2024-06-06T08:00,30.1,80.0,359.0,210.0,149.0,0.85,101030.0,26.3,0.86,0.26,30.9,0.178,0,0,0,1.0,30.522044947575132,100.0,0.031194788470809955,33.91810709183293,0.2724855530753784,36834.177599999995,0.0,305.15,0.0006252532175903463,1.349705735478812e-05,0.756083660959126,9.700940355135514e-06,0.0,1.1590121474057704,interaction_004_wet_humid_boundary_june2024,smartgarden_pa1_joint_c0fc643ba7cc
2024-06-06T09:00,32.0,65.0,551.0,405.0,146.0,0.92,101010.0,24.6,1.66,0.42,32.3,0.176,0,1,0,1.0,32.50039810220426,100.0,0.034672974107041045,34.040147138338284,0.26944479987890313,53624.6304,0.0,468.34999999999997,0.002066271666069935,2.0201267675074873e-05,0.737313579499402,0.0,0.0,1.151282369772507,interaction_004_wet_humid_boundary_june2024,smartgarden_pa1_joint_c0fc643ba7cc
2024-06-06T10:00,33.6,56.0,779.0,643.0,136.0,0.61,100980.0,23.6,2.28,0.6,34.2,0.174,0,1,0,1.0,34.73339470492205,86.61552491642367,0.03377345059138817,34.307019767122405,0.2650838852826126,73336.8064,0.7415475560021116,662.15,0.0020820974411594985,2.792857297561112e-05,0.7103943535963742,0.0,0.0,1.1425929728266369,interaction_004_wet_humid_boundary_june2024,smartgarden_pa1_joint_c0fc643ba7cc
2024-06-06T11:00,34.5,53.0,914.0,794.0,120.0,0.92,100920.0,23.5,2.57,0.71,35.6,0.172,0,1,0,1.0,36.424517642499474,79.62374231792214,0.033889483763392965,34.69753833704384,0.25973032465363016,84653.888,1.2390353644663419,776.9,0.0023322788598199896,3.143915880711963e-05,0.6773476830470998,0.0,0.0,1.1356760985977992,interaction_004_wet_humid_boundary_june2024,smartgarden_pa1_joint_c0fc643ba7cc
2024-06-06T12:00,35.0,52.0,952.0,811.0,141.0,1.48,100830.0,23.6,2.7,0.76,36.5,0.169,0,1,0,1.0,37.39981078077372,72.91466679745201,0.0326254570257465,35.14752778271704,0.25408188949484434,88736.7184,1.73691619896743,809.1999999999999,0.0026201805431706636,3.128431411600846e-05,0.642480799350891,0.0,0.0,1.1310998558038399,interaction_004_wet_humid_boundary_june2024,smartgarden_pa1_joint_c0fc643ba7cc
2024-06-06T13:00,35.1,52.0,862.0,700.0,162.0,1.32,100730.0,23.7,2.72,0.69,36.8,0.167,0,1,0,1.0,37.654494265403635,69.09860636351746,0.03132250035706014,35.58631103820622,0.24883216334184105,81555.54879999999,2.0092047508506186,732.6999999999999,0.0025725510618463277,2.710571503931677e-05,0.6100750823570436,0.0,0.0,1.1290521253869465,interaction_004_wet_humid_boundary_june2024,smartgarden_pa1_joint_c0fc643ba7cc
2024-06-06T14:00,34.5,55.0,726.0,441.0,285.0,1.0,100690.0,24.1,2.48,0.58,36.6,0.165,0,1,0,1.0,37.09814485370343,68.57305949322829,0.030213034100997932,35.95599718205859,0.2444247878772981,73914.984,1.9825484809685978,617.1,0.0024605338087906317,2.194311871894022e-05,0.5828690609709759,0.0,0.0,1.1306276350178543,interaction_004_wet_humid_boundary_june2024,smartgarden_pa1_joint_c0fc643ba7cc
2024-06-06T15:00,34.3,56.0,551.0,389.0,162.0,0.8,100680.0,24.3,2.38,0.44,36.2,0.164,0,1,0,1.0,36.35351922816388,67.37526616941707,0.028571661835884474,36.22545791293336,0.24099621542189575,54187.5488,1.9761471552138383,468.34999999999997,0.0023135800737861625,1.625567052394793e-05,0.5617050334684923,0.0,0.0,1.1332352214375587,interaction_004_wet_humid_boundary_june2024,smartgarden_pa1_joint_c0fc643ba7cc
2024-06-06T16:00,31.5,70.0,320.0,143.0,177.0,0.45,100690.0,25.4,1.38,0.25,34.9,0.172,0,1,0,1.0,33.96995671802419,72.70135718033042,0.027238767511235936,36.36056589240783,0.23869701875686095,34387.2848,1.4496585924780616,272.0,0.0022999624621687182,9.331109079297945e-06,0.5475124614621046,0.0,0.0,1.1421437083838752,interaction_004_wet_humid_boundary_june2024,smartgarden_pa1_joint_c0fc643ba7cc
2024-06-06T17:00,30.4,76.0,152.0,65.0,87.0,0.71,100710.0,25.8,1.03,0.12,33.3,0.174,0,1,0,1.0,31.74253331792678,77.59852157989384,0.02584284280811847,36.33935807348798,0.23745618125879742,16436.8688,1.0497406479999065,129.2,0.002160923042849312,4.522347097107927e-06,0.5398529707333174,0.0,0.0,1.1507162761232683,interaction_004_wet_humid_boundary_june2024,smartgarden_pa1_joint_c0fc643ba7cc
2024-06-06T18:00,30.1,76.0,32.0,8.0,24.0,0.64,100820.0,25.4,1.03,0.04,32.3,0.174,1,1,0,1.0,30.626061501355863,76.80090595967455,0.02409237589260699,36.2140329192973,0.2369365093391816,3660.3776,1.0202569578868421,27.2,0.00194611518310329,1.280972129183379e-06,0.5366451193776641,0.0,0.0,1.156207001044708,interaction_004_wet_humid_boundary_june2024,smartgarden_pa1_joint_c0fc643ba7cc
2024-06-06T19:00,29.7,76.0,0.0,0.0,0.0,0.73,100910.0,25.1,0.99,0.02,31.4,0.173,0,0,0,1.0,30.016229331232505,79.64736862477984,0.024177024254257818,36.03825930386049,0.24927174698162674,0.0,0.8643795992055456,0.0,0.0005385576991400673,4.1315190640346926e-07,0.6127885616149799,0.0,0.0,1.1595669612035042,interaction_004_wet_humid_boundary_june2024,smartgarden_pa1_joint_c0fc643ba7cc
2024-06-06T20:00,29.4,78.0,0.0,0.0,0.0,0.7,100970.0,25.1,0.91,0.0,30.9,0.173,0,0,0,1.0,29.623957166132207,79.78859802503597,0.02371099723157367,35.84876908817528,0.24919747899320946,0.0,0.8392583052503659,0.0,0.0004960208944366673,4.008444464312395e-07,0.6123301172420337,0.0,0.0,1.1617596486690585,interaction_004_wet_humid_boundary_june2024,smartgarden_pa1_joint_c0fc643ba7cc
2024-06-06T21:00,28.8,86.0,0.0,0.0,0.0,0.85,101020.0,26.2,0.56,0.0,30.5,0.173,0,0,0,1.0,29.144041918087787,84.41582164762414,0.02444059091340168,35.65558733097869,0.2491329598823013,0.0,0.6294671240497247,0.0,0.0006060077864335832,3.0044896630497636e-07,0.6119318511253167,0.0,0.0,1.164180245010465,interaction_004_wet_humid_boundary_june2024,smartgarden_pa1_joint_c0fc643ba7cc
2024-06-06T22:00,28.9,85.0,0.0,0.0,0.0,0.89,101050.0,26.1,0.6,0.0,29.9,0.173,0,0,0,1.0,28.975148207810467,86.32649355444116,0.024764965801608783,35.45917522433196,0.2490842993830537,0.0,0.5469304626967326,0.0,0.0005554931056494542,2.609255119252655e-07,0.611631477673171,0.0,0.0,1.165176964853086,interaction_004_wet_humid_boundary_june2024,smartgarden_pa1_joint_c0fc643ba7cc
2024-06-06T23:00,28.6,87.0,0.0,0.0,0.0,0.72,101010.0,26.3,0.49,0.0,29.5,0.173,0,0,0,1.0,28.80879990750726,87.42518101220774,0.024853698536730973,35.26598103285044,0.2490388872500586,0.0,0.49816776742197133,0.0,0.0005017200717190116,2.3755324353375346e-07,0.6113511558645592,0.0,0.0,1.1653573757638558,interaction_004_wet_humid_boundary_june2024,smartgarden_pa1_joint_c0fc643ba7cc
2024-06-07T00:00,28.4,88.0,0.0,0.0,0.0,0.63,100950.0,26.2,0.48,0.0,29.2,0.173,0,0,0,1.0,28.58590529864085,88.72255397147546,0.024917379302415364,35.073251161434946,0.24899877033058565,0.0,0.4410398009511898,0.0,0.0004482051224290156,2.1022636055303062e-07,0.6111035205591707,0.0,0.0,1.1655254997996278,interaction_004_wet_humid_boundary_june2024,smartgarden_pa1_joint_c0fc643ba7cc
2024-06-07T01:00,28.4,87.0,0.0,0.0,0.0,0.67,100840.0,26.0,0.51,0.0,28.9,0.173,0,0,0,1.0,28.500225292283705,88.69285475004655,0.0247926266297333,34.88224717741918,0.24896146146681458,0.0,0.44000968605144264,0.0,0.0004391855149829239,2.0965630395765383e-07,0.6108732189309543,0.0,0.0,1.1645861792081895,interaction_004_wet_humid_boundary_june2024,smartgarden_pa1_joint_c0fc643ba7cc
2024-06-07T02:00,28.6,85.0,0.0,0.0,0.0,0.67,100780.0,25.8,0.59,0.0,28.6,0.173,0,0,0,1.0,28.60274393078234,87.50241300024203,0.024597333070804438,34.696740324046125,0.2489218844642811,0.0,0.4892345217656757,0.0,0.00040306336843938485,2.330177818127948e-07,0.6106289164461797,0.0,0.0,1.1634978225505068,interaction_004_wet_humid_boundary_june2024,smartgarden_pa1_joint_c0fc643ba7cc
2024-06-07T03:00,28.5,84.0,0.0,0.0,0.0,0.76,100740.0,25.6,0.61,0.0,28.5,0.173,0,0,0,1.0,28.610372377065563,86.18730416976793,0.024237751739157348,34.51837556582713,0.24887760850993043,0.0,0.5409553206353399,0.0,0.000492311088569065,2.575365886655131e-07,0.6103556080859903,0.0,0.0,1.163006624103799,interaction_004_wet_humid_boundary_june2024,smartgarden_pa1_joint_c0fc643ba7cc
2024-06-07T04:00,28.6,84.0,0.0,0.0,0.0,0.95,100710.0,25.6,0.63,0.0,28.3,0.173,0,0,0,1.0,28.636778289653552,85.50360026455853,0.024080197156813525,34.3446980975194,0.2488298958891474,0.0,0.5686011148352001,0.0,0.000579976865673647,2.705675025040769e-07,0.6100610857354777,0.0,0.0,1.162558553909393,interaction_004_wet_humid_boundary_june2024,smartgarden_pa1_joint_c0fc643ba7cc
2024-06-07T05:00,28.1,88.0,0.0,0.0,0.0,1.0,100740.0,25.9,0.46,0.0,28.1,0.173,0,0,0,1.0,28.376168537167224,87.48012141870815,0.024288194030548067,34.174357517318946,0.24878383734030485,0.0,0.4837073405987913,0.0,0.0006680019219070577,2.3006373122307096e-07,0.6097767737055855,0.0,0.0,1.1639099639980237,interaction_004_wet_humid_boundary_june2024,smartgarden_pa1_joint_c0fc643ba7cc
2024-06-07T06:00,28.4,87.0,24.0,8.0,16.0,1.14,100800.0,25.9,0.52,0.02,28.2,0.173,1,0,0,1.0,28.422835117453673,90.21236838686413,0.02511083997511556,34.010022674892376,0.2486818211906778,2674.9184,0.3791723803285656,20.4,0.000689191249618608,9.071140359077536e-07,0.6091470443869,2.47641377777628e-07,0.0,1.164422964847331,interaction_004_wet_humid_boundary_june2024,smartgarden_pa1_joint_c0fc643ba7cc
2024-06-07T07:00,29.5,80.0,180.0,115.0,65.0,1.02,100850.0,25.7,0.82,0.13,30.1,0.172,0,0,0,1.0,29.452909961277726,100.0,0.029442781520089438,33.904377729554454,0.2605395709990365,18126.855999999996,0.0,153.0,0.0006238544262399805,6.107311297696767e-06,0.6823430308582501,3.96161552950322e-06,0.0,1.1610348377409045,interaction_004_wet_humid_boundary_june2024,smartgarden_pa1_joint_c0fc643ba7cc
2024-06-07T08:00,31.0,69.0,375.0,279.0,96.0,0.8,100890.0,24.7,1.39,0.28,31.2,0.172,0,0,0,1.0,31.251360753782382,100.0,0.032440514977488344,33.917470680735626,0.25885771803906416,36377.5104,0.0,318.75,0.0005551033122397208,1.2529976920121445e-05,0.671961222463359,3.072971588539863e-06,0.0,1.1546330415278865,interaction_004_wet_humid_boundary_june2024,smartgarden_pa1_joint_c0fc643ba7cc
2024-06-07T09:00,32.5,62.0,610.0,488.0,122.0,0.51,100860.0,24.2,1.88,0.46,33.0,0.17,0,1,0,1.0,33.34412908871689,86.58058455823782,0.03138916883933439,34.07640600610879,0.2559100178157031,57972.252799999995,0.6881557861554075,518.5,0.001982972158548845,2.018109604516225e-05,0.6537655420722414,0.0,0.0,1.146408117662506,interaction_004_wet_humid_boundary_june2024,smartgarden_pa1_joint_c0fc643ba7cc
2024-06-07T10:00,33.6,57.0,740.0,586.0,154.0,0.2,100820.0,23.9,2.23,0.57,34.4,0.168,0,1,0,1.0,35.106798586417284,81.15270282763991,0.032264478094503744,34.36143512252892,0.2519555533429957,70538.08959999999,1.065994841311129,629.0,0.0020778028300110912,2.3681364887856366e-05,0.6293552675493561,0.0,0.0,1.1394006901657727,interaction_004_wet_humid_boundary_june2024,smartgarden_pa1_joint_c0fc643ba7cc
2024-06-07T11:00,34.4,54.0,878.0,697.0,181.0,0.22,100750.0,23.9,2.48,0.68,35.7,0.166,0,1,0,1.0,36.500459225342844,76.91125958928183,0.032863152842553714,34.736729903247785,0.24739389630648956,83632.0144,1.4098177607726265,746.3,0.002198858096912412,2.690849539838644e-05,0.6011968907807997,0.0,0.0,1.1334849946000598,interaction_004_wet_humid_boundary_june2024,smartgarden_pa1_joint_c0fc643ba7cc
2024-06-07T12:00,34.9,53.0,933.0,750.0,183.0,0.61,100690.0,24.0,2.61,0.73,36.5,0.164,0,1,0,1.0,37.46532292020563,72.46806032074625,0.032534306335116614,35.17390232876119,0.2425130815120348,88542.3792,1.7718473573518825,793.05,0.0023436120579536928,2.7283059102873972e-05,0.5710684043952765,0.0,0.0,1.1292911212069552,interaction_004_wet_humid_boundary_june2024,smartgarden_pa1_joint_c0fc643ba7cc
2024-06-07T13:00,35.0,54.0,892.0,651.0,241.0,1.12,100590.0,24.2,2.61,0.71,36.8,0.162,0,1,0,1.0,37.80403812310647,68.57085981050774,0.03132106657157808,35.61691086100389,0.23781739108399355,86974.95839999999,2.0601429386585126,758.1999999999999,0.002529307440484565,2.4914992662080416e-05,0.5420826610123058,0.0,0.0,1.1269406791945626,interaction_004_wet_humid_boundary_june2024,smartgarden_pa1_joint_c0fc643ba7cc
2024-06-07T14:00,34.5,55.0,742.0,464.0,278.0,1.02,100470.0,24.3,2.43,0.59,36.6,0.16,0,1,0,1.0,37.29501948963142,66.02129951969424,0.029383246560688133,36.00064250785182,0.23378620445063394,75076.7072,2.166600695898377,630.6999999999999,0.0024944071937003072,1.995658014949704e-05,0.5171987929051478,0.0,0.0,1.127441857046081,interaction_004_wet_humid_boundary_june2024,smartgarden_pa1_joint_c0fc643ba7cc
2024-06-07T15:00,33.9,58.0,466.0,159.0,307.0,1.22,100510.0,24.5,2.22,0.38,35.9,0.159,0,1,0,1.0,36.080410359410756,64.337509199466,0.026902039950123347,36.25275508212309,0.23088475953678403,51808.99679999999,2.1280731130464705,396.09999999999997,0.002484180948198939,1.2398209180569673e-05,0.49928863911595084,0.0,0.0,1.1323209040879199,interaction_004_wet_humid_boundary_june2024,smartgarden_pa1_joint_c0fc643ba7cc
2024-06-07T16:00,32.3,64.0,335.0,146.0,189.0,0.98,100520.0,24.7,1.72,0.27,35.0,0.161,0,1,0,1.0,34.3156572112029,67.57688149629978,0.025781317604879977,36.368118635924276,0.22898053540154514,36129.473600000005,1.7552139642968214,284.75,0.002370187002388555,8.788750137621422e-06,0.4875341691453404,0.0,0.0,1.1389333629722678,interaction_004_wet_humid_boundary_june2024,smartgarden_pa1_joint_c0fc643ba7cc
2024-06-07T17:00,32.0,66.0,200.0,110.0,90.0,1.63,100570.0,24.7,1.63,0.18,34.0,0.16,0,1,0,1.0,33.09854368487619,68.56752826690436,0.02453879199976827,36.381301529875984,0.22771087945519586,20766.415999999997,1.5898602689822887,170.0,0.002526523498859322,5.365452217027428e-06,0.4796967867604683,0.0,0.0,1.1440285606989904,interaction_004_wet_humid_boundary_june2024,smartgarden_pa1_joint_c0fc643ba7cc
2024-06-07T18:00,31.5,68.0,52.0,16.0,36.0,1.51,100570.0,24.8,1.48,0.07,33.0,0.16,1,1,0,1.0,32.147366595627595,68.32967270421403,0.023251940757936317,36.30484727166657,0.22706788865956373,5842.5664,1.5184384150980978,44.199999999999996,0.0023990796542352356,1.793532450751592e-06,0.4757277077750848,0.0,0.0,1.1475928684050054,interaction_004_wet_humid_boundary_june2024,smartgarden_pa1_joint_c0fc643ba7cc
2024-06-07T19:00,30.9,73.0,0.0,0.0,0.0,1.41,100660.0,25.5,1.2,0.04,32.2,0.16,0,0,0,1.0,31.299467587848643,73.34103974816064,0.02385355798704,36.16250371665895,0.2393338215473851,0.0,1.2182494842217264,0.0,0.0009161015007837926,5.240005430768703e-07,0.5514433428850933,0.0,0.0,1.1518187817959364,interaction_004_wet_humid_boundary_june2024,smartgarden_pa1_joint_c0fc643ba7cc
2024-06-07T20:00,30.4,77.0,0.0,0.0,0.0,1.22,100740.0,25.9,0.99,0.01,31.5,0.159,0,0,0,1.0,30.696348647480537,76.96404210436263,0.024234993923020635,35.99573310178043,0.2392472346309418,0.0,1.0171547928368265,0.0,0.0007922403360820237,4.3708047477031047e-07,0.5509088557465543,0.0,0.0,1.1550223115359013,interaction_004_wet_humid_boundary_june2024,smartgarden_pa1_joint_c0fc643ba7cc
2024-06-07T21:00,29.8,82.0,0.0,0.0,0.0,1.12,100750.0,26.4,0.74,0.0,30.7,0.159,0,0,0,1.0,30.13693694446448,81.31107424577269,0.02484353280602758,35.82118498162247,0.23917690916238277,0.0,0.7992329932381548,0.0,0.0007457702051966199,3.4316691277352467e-07,0.550474747915943,0.0,0.0,1.1572676114540772,interaction_004_wet_humid_boundary_june2024,smartgarden_pa1_joint_c0fc643ba7cc
2024-06-07T22:00,30.3,75.0,0.0,0.0,0.0,1.12,100770.0,25.3,1.09,0.01,30.1,0.159,0,0,0,1.0,30.189858270811282,78.84687750632303,0.024159561505536727,35.64416377586147,0.23911378950002155,0.0,0.9073612280384191,0.0,0.0006969701042495162,3.893182100691324e-07,0.5500851203705034,0.0,0.0,1.15729540251288,interaction_004_wet_humid_boundary_june2024,smartgarden_pa1_joint_c0fc643ba7cc
2024-06-07T23:00,30.6,71.0,0.0,0.0,0.0,1.0,100740.0,24.8,1.25,0.01,29.6,0.159,0,0,0,1.0,30.507732850986685,74.75044654897727,0.023300280980630226,35.47796523682307,0.23903566808391288,0.0,1.1029532868592997,0.0,0.0006233825770289739,4.7282532440416655e-07,0.5496028894068696,0.0,0.0,1.1557397490640455,interaction_004_wet_humid_boundary_june2024,smartgarden_pa1_joint_c0fc643ba7cc
2024-06-08T00:00,30.4,73.0,0.0,0.0,0.0,1.1,100700.0,25.0,1.16,0.01,29.2,0.159,0,0,0,1.0,30.51020700245414,74.55168263146511,0.02324142089454008,35.32059673222205,0.23894895791192033,0.0,1.1117928766114877,0.0,0.0006853958716920533,4.761506041667944e-07,0.549067641431607,0.0,0.0,1.155271436069895,interaction_004_wet_humid_boundary_june2024,smartgarden_pa1_joint_c0fc643ba7cc
2024-06-08T01:00,30.1,75.0,0.0,0.0,0.0,1.2,100630.0,25.3,1.05,0.01,28.9,0.159,0,0,0,1.0,30.276998891404816,76.01523195342678,0.023401695916779087,35.164510113203406,0.23886613721858116,0.0,1.0339705199738196,0.0,0.0007571771131322384,4.424090960753685e-07,0.5485564025838343,0.0,0.0,1.1553556695584666,interaction_004_wet_humid_boundary_june2024,smartgarden_pa1_joint_c0fc643ba7cc
2024-06-08T02:00,28.4,86.0,0.0,0.0,0.0,1.22,100590.0,25.8,0.54,0.0,28.5,0.159,0,0,0,1.0,29.172925865587498,82.84992654265895,0.024024952548118515,34.99968533710547,0.23879746704011934,0.0,0.6938717126533538,0.0,0.0008812005129293533,2.966602433138131e-07,0.5481325125933293,0.0,0.0,1.1591140629425667,interaction_004_wet_humid_boundary_june2024,smartgarden_pa1_joint_c0fc643ba7cc
2024-06-08T03:00,28.3,86.0,0.0,0.0,0.0,1.02,100570.0,25.7,0.54,0.0,28.2,0.159,0,0,0,1.0,28.50474077370066,86.3514778570378,0.024144095062026864,34.815454182353804,0.23875254820163586,0.0,0.5312618701779268,0.0,0.0006621493998083324,2.2702258578835173e-07,0.547855235812567,0.0,0.0,1.1614506032603886,interaction_004_wet_humid_boundary_june2024,smartgarden_pa1_joint_c0fc643ba7cc
2024-06-08T04:00,28.6,84.0,0.0,0.0,0.0,1.1,100580.0,25.7,0.61,0.0,28.1,0.159,0,0,0,1.0,28.57275521753458,85.62523018368114,0.024030229987521697,34.631021707083065,0.23871121710377283,0.0,0.5617419333374021,0.0,0.0006664089920224475,2.3993575476282805e-07,0.5476001055788446,0.0,0.0,1.161304249431682,interaction_004_wet_humid_boundary_june2024,smartgarden_pa1_joint_c0fc643ba7cc
2024-06-08T05:00,28.7,84.0,0.0,0.0,0.0,1.0,100640.0,25.7,0.64,0.0,27.9,0.159,0,0,0,1.0,28.722166101468183,85.137789073745,0.024089253334962674,34.455200308455545,0.2386667380835224,0.0,0.5858401981700165,0.0,0.0006057333293239961,2.5010333789970975e-07,0.547325543725447,0.0,0.0,1.1614218863915897,interaction_004_wet_humid_boundary_june2024,smartgarden_pa1_joint_c0fc643ba7cc
2024-06-08T06:00,28.5,86.0,22.0,7.0,15.0,1.22,100730.0,25.9,0.55,0.02,28.1,0.159,1,0,0,1.0,28.695031577015857,87.7146840693695,0.0247816266515567,34.29102572111207,0.2385709800152335,2463.736,0.48350344488853025,18.7,0.0007724333619686388,8.04291575754254e-07,0.5467344445384784,0.0,0.0,1.1625650188667525,interaction_004_wet_humid_boundary_june2024,smartgarden_pa1_joint_c0fc643ba7cc
2024-06-08T07:00,29.9,77.0,134.0,48.0,86.0,1.08,100720.0,25.5,0.97,0.11,30.1,0.159,0,0,0,1.0,29.67895681721521,93.38401131260787,0.027834040653622584,34.17083285579771,0.2506036767317179,14817.686399999999,0.27559262529108075,113.89999999999999,0.0006990151483247209,4.271378895646919e-06,0.6210103501957895,1.541034280885665e-06,0.0,1.1586726757625407,interaction_004_wet_humid_boundary_june2024,smartgarden_pa1_joint_c0fc643ba7cc
2024-06-08T08:00,31.4,65.0,379.0,260.0,119.0,0.78,100770.0,24.2,1.59,0.28,31.7,0.158,0,0,0,1.0,31.64859569765981,100.0,0.033136762229501786,34.17342851217105,0.24918111094957887,37538.705599999994,0.0,322.15,0.0005438826364419277,1.1537931488924688e-05,0.6122290799356721,1.2386789264134113e-06,0.0,1.1517566955063692,interaction_004_wet_humid_boundary_june2024,smartgarden_pa1_joint_c0fc643ba7cc
2024-06-08T09:00,32.6,60.0,550.0,375.0,175.0,0.58,100770.0,23.8,1.97,0.42,33.2,0.157,0,1,0,1.0,33.53314948854808,79.23978503677718,0.029015129878039992,34.31939453762083,0.24661954588201368,54556.92,1.0759069088136108,467.5,0.002027301829113051,1.6811775569472948e-05,0.5964169498889733,0.0,0.0,1.1446792038009488,interaction_004_wet_humid_boundary_june2024,smartgarden_pa1_joint_c0fc643ba7cc
2024-06-08T10:00,33.3,58.0,668.0,405.0,263.0,0.63,100740.0,23.9,2.15,0.52,34.4,0.156,0,1,0,1.0,34.887210883155475,76.11350991919855,0.02991726175571298,34.56603728758742,0.2433243749096683,68036.97119999999,1.334711240466417,567.8,0.002181348836399239,1.9734864729809477e-05,0.5760763883312858,0.0,0.0,1.1393081730625014,interaction_004_wet_humid_boundary_june2024,smartgarden_pa1_joint_c0fc643ba7cc
2024-06-08T11:00,33.8,57.0,690.0,398.0,292.0,0.81,100700.0,24.0,2.26,0.55,35.2,0.154,0,1,0,1.0,35.7119034197826,72.58356339117891,0.02977758632824163,34.86299858116835,0.23977334921319784,70993.2608,1.6032389800340594,586.5,0.002293864680444186,1.9706234558315012e-05,0.554156476624678,0.0,0.0,1.1358149371507675,interaction_004_wet_humid_boundary_june2024,smartgarden_pa1_joint_c0fc643ba7cc
2024-06-08T12:00,34.3,56.0,851.0,576.0,275.0,0.78,100620.0,24.2,2.39,0.67,36.1,0.153,0,1,0,1.0,36.625069772858744,72.20266469770506,0.031049518851709694,35.213081084726284,0.23590880397146302,84563.16,1.7089249222098681,723.35,0.0023510001477592317,2.314708595141178e-05,0.5303012590831051,0.0,0.0,1.1315670644088087,interaction_004_wet_humid_boundary_june2024,smartgarden_pa1_joint_c0fc643ba7cc
2024-06-08T13:00,34.5,56.0,864.0,715.0,149.0,1.14,100570.0,24.5,2.39,0.68,36.5,0.151,0,1,0,1.0,37.214917576023396,68.88947129790063,0.030534396631987103,35.61301901198018,0.2318024026827296,81274.1776,1.975096013498189,734.4,0.0025252887450118566,2.2471915262805082e-05,0.5049531029798124,0.0,0.0,1.1288552951934439,interaction_004_wet_humid_boundary_june2024,smartgarden_pa1_joint_c0fc643ba7cc
2024-06-08T14:00,34.0,55.0,792.0,601.0,191.0,1.56,100500.0,23.8,2.38,0.63,36.4,0.15,0,1,0,1.0,36.941891426616166,64.40858198661994,0.028151899356117397,35.991716463745156,0.22800111912040322,76415.8384,2.2262368645556316,673.1999999999999,0.00271903295749552,1.979815967639657e-05,0.48148838963211865,0.0,0.0,1.1290628048431701,interaction_004_wet_humid_boundary_june2024,smartgarden_pa1_joint_c0fc643ba7cc
2024-06-08T15:00,33.0,61.0,493.0,324.0,169.0,1.3,100460.0,24.4,1.98,0.4,35.6,0.149,0,1,0,1.0,35.52139752931178,65.4560109817154,0.026589886407534395,36.25320974630467,0.22514086666609737,49329.8256,1.998975758761551,419.05,0.0025625347807835645,1.2093795442396153e-05,0.4638325102845517,0.0,0.0,1.133807262185592,interaction_004_wet_humid_boundary_june2024,smartgarden_pa1_joint_c0fc643ba7cc
2024-06-08T16:00,32.5,64.0,348.0,161.0,187.0,0.82,100460.0,24.7,1.78,0.28,34.8,0.149,0,1,0,1.0,34.22197288028893,68.44482684326047,0.02598477973715407,36.368569482854404,0.22329877039013116,37203.108799999995,1.6993582662600684,295.8,0.002266100541595215,8.42926785265369e-06,0.4524615456180936,0.0,0.0,1.138600467922339,interaction_004_wet_humid_boundary_june2024,smartgarden_pa1_joint_c0fc643ba7cc
2024-06-08T17:00,31.6,68.0,169.0,42.0,127.0,0.72,100450.0,24.9,1.51,0.14,33.9,0.149,0,1,0,1.0,32.89084773183796,69.61489507927315,0.024641762235881836,36.376564435796354,0.22215855267707815,19340.1648,1.519082749127434,143.65,0.0021529109291509195,4.270899723414631e-06,0.44542316467332194,0.0,0.0,1.1434389807923584,interaction_004_wet_humid_boundary_june2024,smartgarden_pa1_joint_c0fc643ba7cc
2024-06-08T18:00,31.0,69.0,52.0,21.0,31.0,0.4,100560.0,24.8,1.37,0.04,32.8,0.152,1,1,0,1.0,31.70441010900226,69.68087142351615,0.023158860811946604,36.28476870835353,0.22162887260156203,5666.6544,1.4177005943935468,44.199999999999996,0.001913431151121818,1.6322126308085106e-06,0.4421535345775434,0.0,0.0,1.1491460575765455,interaction_004_wet_humid_boundary_june2024,smartgarden_pa1_joint_c0fc643ba7cc
2024-06-08T19:00,30.6,73.0,0.0,0.0,0.0,0.85,100620.0,25.2,1.18,0.03,31.8,0.152,0,0,0,1.0,30.94100245001574,74.63983058264192,0.023814054802885835,36.133683401296665,0.23391591178883642,0.0,1.1355078211272263,0.0,0.000604707608900353,4.58790097774889e-07,0.5179994554866446,0.0,0.0,1.1527183096695717,interaction_004_wet_humid_boundary_june2024,smartgarden_pa1_joint_c0fc643ba7cc
2024-06-08T20:00,30.2,75.0,0.0,0.0,0.0,0.57,100680.0,25.2,1.09,0.0,31.3,0.152,0,0,0,1.0,30.456720519240413,76.60776797659041,0.02381370600711585,35.96114110590022,0.233837443915898,0.0,1.0188468985021304,0.0,0.0004433611845747454,4.1126953935435816e-07,0.517515085900605,0.0,0.0,1.1552454719987155,interaction_004_wet_humid_boundary_june2024,smartgarden_pa1_joint_c0fc643ba7cc
2024-06-08T21:00,30.1,75.0,0.0,0.0,0.0,0.58,100710.0,25.2,1.06,0.0,30.9,0.151,0,0,0,1.0,30.226873924022165,77.7224975299152,0.02386266441574696,35.785318674982,0.23376623239893426,0.0,0.9576192414855775,0.0,0.00040059391682116107,3.8622593596875434e-07,0.5170755086353968,0.0,0.0,1.1564652111395277,interaction_004_wet_humid_boundary_june2024,smartgarden_pa1_joint_c0fc643ba7cc
2024-06-08T22:00,29.9,76.0,0.0,0.0,0.0,0.81,100740.0,25.3,1.0,0.0,30.6,0.151,0,0,0,1.0,30.05307153734525,77.98431810817617,0.023719385084332443,35.61048080062743,0.23369751305716466,0.0,0.9369870533843696,0.0,0.0005326578188943426,3.7759456287237873e-07,0.516651315167683,0.0,0.0,1.1574728124854443,interaction_004_wet_humid_boundary_june2024,smartgarden_pa1_joint_c0fc643ba7cc
2024-06-08T23:00,29.7,78.0,0.0,0.0,0.0,0.86,100740.0,25.4,0.94,0.0,30.4,0.151,0,0,0,1.0,29.857204744995045,79.09911616338313,0.023804973795360375,35.43630572328626,0.2336313483099519,0.0,0.8796003406209141,0.0,0.000561337024997619,3.5418818962231846e-07,0.5162428908021721,0.0,0.0,1.158221014123768,interaction_004_wet_humid_boundary_june2024,smartgarden_pa1_joint_c0fc643ba7cc
2024-06-09T00:00,29.4,79.0,0.0,0.0,0.0,0.98,100690.0,25.5,0.85,0.0,30.1,0.151,0,0,0,1.0,29.601045330187542,80.09723254143431,0.023773162911191678,35.262087106645325,0.2335697524831561,0.0,0.8253540392322019,0.0,0.0006389532884813235,3.32100083705521e-07,0.5158626696491116,0.0,0.0,1.1586256486812643,interaction_004_wet_humid_boundary_june2024,smartgarden_pa1_joint_c0fc643ba7cc
2024-06-09T01:00,29.1,81.0,0.0,0.0,0.0,1.14,100620.0,25.5,0.77,0.0,29.8,0.151,0,0,0,1.0,29.308741555525327,81.41102598269377,0.023782695200922646,35.086471023205036,0.23351225026609754,0.0,0.7580033213848711,0.0,0.0007299515489423842,3.0479011852383135e-07,0.5155077176919601,0.0,0.0,1.1589391152232815,interaction_004_wet_humid_boundary_june2024,smartgarden_pa1_joint_c0fc643ba7cc
2024-06-09T02:00,28.9,81.0,0.0,0.0,0.0,1.14,100550.0,25.4,0.74,0.0,29.5,0.151,0,0,0,1.0,29.070709759446572,81.95770431550007,0.02363436966083688,34.90967581204237,0.23345892344076347,0.0,0.7256746654678703,0.0,0.000721826343375669,2.916045713060741e-07,0.5151785397577991,0.0,0.0,1.1590450126796679,interaction_004_wet_humid_boundary_june2024,smartgarden_pa1_joint_c0fc643ba7cc
2024-06-09T03:00,28.8,82.0,0.0,0.0,0.0,0.99,100530.0,25.4,0.7,0.0,29.4,0.151,0,0,0,1.0,28.92599059508206,82.75373318430026,0.023676510679599,34.7335244986095,0.23340765267194458,0.0,0.6878806902747665,0.0,0.0006261802805110735,2.762476585275103e-07,0.5148620535305221,0.0,0.0,1.1593696387869197,interaction_004_wet_humid_boundary_june2024,smartgarden_pa1_joint_c0fc643ba7cc
2024-06-09T04:00,28.7,83.0,0.0,0.0,0.0,0.92,100540.0,25.4,0.68,0.0,29.3,0.151,0,0,0,1.0,28.821123648611263,83.76286131993722,0.023828570674597052,34.55965305698502,0.2333595537235742,0.0,0.6437142281934225,0.0,0.0005852059801092137,2.5836166675568267e-07,0.5145651464418161,0.0,0.0,1.1598876243755678,interaction_004_wet_humid_boundary_june2024,smartgarden_pa1_joint_c0fc643ba7cc
2024-06-09T05:00,28.7,82.0,0.0,0.0,0.0,0.85,100450.0,25.4,0.69,0.0,29.3,0.151,0,0,0,1.0,28.77830217340415,83.68046345138423,0.023749573825479788,34.388854967217696,0.2333133603005889,0.0,0.6453793948607283,0.0,0.0005333997476139453,2.5888645878144547e-07,0.5142800018554872,0.0,0.0,1.1590136879925366,interaction_004_wet_humid_boundary_june2024,smartgarden_pa1_joint_c0fc643ba7cc
2024-06-09T06:00,28.7,82.0,13.0,4.0,9.0,1.22,100540.0,25.4,0.69,0.03,29.3,0.151,1,0,0,1.0,28.79799345567106,84.01793023831395,0.023870987786338522,34.22572198108396,0.23323708057677145,1460.6416,0.6327545653501563,11.049999999999999,0.0007525803672702142,5.857288342599309e-07,0.5138091393627867,0.0,0.0,1.159976475519216,interaction_004_wet_humid_boundary_june2024,smartgarden_pa1_joint_c0fc643ba7cc
2024-06-09T07:00,29.0,80.0,82.0,35.0,47.0,1.1,100520.0,25.3,0.78,0.07,29.6,0.15,0,0,0,1.0,29.1186067177958,89.20274533389116,0.025790803980990862,34.089765432425764,0.2454410408865453,8869.5728,0.4354765308127031,69.7,0.0006874161460569341,2.6023129148218304e-06,0.5891422276947241,0.0,0.0,1.1585155956767015,interaction_004_wet_humid_boundary_june2024,smartgarden_pa1_joint_c0fc643ba7cc
2024-06-09T08:00,29.7,75.0,175.0,54.0,121.0,0.71,100620.0,24.8,1.04,0.14,30.2,0.15,0,0,0,1.0,29.906286792821618,99.01757243549508,0.029878702430876397,34.008348138390446,0.24474447475827318,19657.070399999997,0.04146149910185404,148.75,0.0004955386835007116,5.10813956600076e-06,0.5848424367794641,2.7115411152436625e-06,0.0,1.1566539999532872,interaction_004_wet_humid_boundary_june2024,smartgarden_pa1_joint_c0fc643ba7cc
2024-06-09T09:00,30.8,68.0,322.0,85.0,237.0,0.22,100670.0,24.1,1.44,0.25,31.3,0.15,0,0,0,1.0,31.228090775983414,100.0,0.03240012021787975,34.009566351736474,0.2434524306791152,36674.2288,0.0,273.7,0.0003870814516199546,9.236474822204439e-06,0.5768668560439211,1.907582614394909e-06,0.0,1.152203337361615,interaction_004_wet_humid_boundary_june2024,smartgarden_pa1_joint_c0fc643ba7cc
2024-06-09T10:00,32.4,60.0,570.0,267.0,303.0,0.4,100670.0,23.6,1.95,0.44,33.1,0.149,0,1,0,1.0,33.23777977020738,80.29151324670198,0.028946398382202292,34.14139389885722,0.24114232150627052,60820.2672,1.0046651010730807,484.5,0.0019501706770790957,1.638698926887744e-05,0.5626069228782131,0.0,0.0,1.1446456914008638,interaction_004_wet_humid_boundary_june2024,smartgarden_pa1_joint_c0fc643ba7cc
2024-06-09T11:00,33.8,54.0,848.0,663.0,185.0,0.91,100610.0,23.3,2.4,0.66,35.0,0.147,0,1,0,1.0,35.53239767257847,74.1881958227483,0.03015430378403774,34.44343526094021,0.2375473739528418,81132.744,1.4945705764351374,720.8,0.0022980057179527898,2.3417606646511565e-05,0.540415888597789,0.0,0.0,1.1354597211768915,interaction_004_wet_humid_boundary_june2024,smartgarden_pa1_joint_c0fc643ba7cc
2024-06-09T12:00,34.4,53.0,868.0,685.0,183.0,1.6,100560.0,23.4,2.57,0.69,36.1,0.146,0,1,0,1.0,36.86428452150088,66.63301431991952,0.02900848445874219,34.85036871129708,0.2333628094410162,82822.3792,2.0782891255561884,737.8,0.0026811629787992946,2.304434446289785e-05,0.514585243463063,0.0,0.0,1.130019682971373,interaction_004_wet_humid_boundary_june2024,smartgarden_pa1_joint_c0fc643ba7cc
2024-06-09T13:00,34.0,55.0,684.0,417.0,267.0,1.3,100560.0,23.7,2.39,0.55,36.1,0.144,0,1,0,1.0,36.62703139802113,64.17383306067525,0.02759963940018593,35.219280919473896,0.22971324796975714,69585.7008,2.2027575166770177,581.4,0.002574976259026007,1.7581224718611097e-05,0.4920570862330688,0.0,0.0,1.1308851464247753,interaction_004_wet_humid_boundary_june2024,smartgarden_pa1_joint_c0fc643ba7cc
2024-06-09T14:00,33.5,59.0,605.0,303.0,302.0,1.55,100480.0,24.3,2.15,0.49,35.9,0.143,0,1,0,1.0,35.88838665444833,65.81648050857139,0.027248917283618303,35.5019271575805,0.22678380716066868,63865.08479999999,2.018438418917593,514.25,0.0026508372551141733,1.5005075938435042e-05,0.4739741182757326,0.0,0.0,1.1326862989738744,interaction_004_wet_humid_boundary_june2024,smartgarden_pa1_joint_c0fc643ba7cc
2024-06-09T15:00,33.2,59.0,407.0,191.0,216.0,0.98,100430.0,24.2,2.06,0.33,35.3,0.143,0,1,0,1.0,35.033606351827856,64.91267374204344,0.025709776531657694,35.693534454586704,0.22453814189269172,43415.39839999999,1.976515922220122,345.95,0.002340673893513716,1.002112746241081e-05,0.46011198699192424,0.0,0.0,1.135262724971588,interaction_004_wet_humid_boundary_june2024,smartgarden_pa1_joint_c0fc643ba7cc
2024-06-09T16:00,32.0,64.0,331.0,155.0,176.0,0.81,100490.0,24.5,1.69,0.26,34.6,0.144,0,1,0,1.0,33.8033935316291,67.77322086650987,0.025171414559390332,35.79214927485858,0.22291673747271665,35320.102399999996,1.695549775888363,281.34999999999997,0.0022773278514705174,8.003513865998141e-06,0.4501033177328188,0.0,0.0,1.140493608912647,interaction_004_wet_humid_boundary_june2024,smartgarden_pa1_joint_c0fc643ba7cc
2024-06-09T17:00,30.1,75.0,193.0,111.0,82.0,0.64,100460.0,25.1,1.07,0.15,33.3,0.154,0,1,0,1.0,31.839466874515974,74.7138235663858,0.02501107417829952,35.802274964160965,0.22177820290480177,19868.9568,1.191437024273096,164.04999999999998,0.002216180408669211,4.6639198303943655e-06,0.4430753265728504,0.0,0.0,1.1474949470687845,interaction_004_wet_humid_boundary_june2024,smartgarden_pa1_joint_c0fc643ba7cc
2024-06-09T18:00,30.0,74.0,30.0,8.0,22.0,0.64,100560.0,24.8,1.11,0.04,31.9,0.154,1,1,0,1.0,30.54431133235866,74.48598058099029,0.023263614608638263,35.70055579184128,0.2212686472874845,3414.0128,1.1168372721573703,25.5,0.0019512077538686402,1.0395029645684378e-06,0.43992992152768207,0.0,0.0,1.153535744461791,interaction_004_wet_humid_boundary_june2024,smartgarden_pa1_joint_c0fc643ba7cc
2024-06-09T19:00,29.6,75.0,0.0,0.0,0.0,0.63,100700.0,24.7,1.04,0.02,31.2,0.155,0,0,0,1.0,29.915272194505693,77.8187961559315,0.02349335641149496,35.53650810532978,0.23362693910924193,0.0,0.9365987021637565,0.0,0.0004907339238339715,3.771198052827279e-07,0.5162156735138391,0.0,0.0,1.1575393012890598,interaction_004_wet_humid_boundary_june2024,smartgarden_pa1_joint_c0fc643ba7cc
2024-06-09T20:00,29.2,78.0,0.0,0.0,0.0,0.45,100790.0,24.9,0.9,0.0,30.6,0.155,0,0,0,1.0,29.46411595767355,79.33409190926469,0.023372377182267513,35.35823660932792,0.23356155871025655,0.0,0.8502730476918932,0.0,0.00039378545946540844,3.420932724177458e-07,0.5158120908040528,0.0,0.0,1.1603011199173696,interaction_004_wet_humid_boundary_june2024,smartgarden_pa1_joint_c0fc643ba7cc
2024-06-09T21:00,29.0,79.0,0.0,0.0,0.0,0.51,100830.0,25.1,0.83,0.0,30.3,0.155,0,0,0,1.0,29.17976236090787,80.93845405291017,0.023479392058371566,35.176635222819456,0.2335032585771372,0.0,0.7715119745285217,0.0,0.0003867984220524794,3.1018849287309883e-07,0.5154522134391185,0.0,0.0,1.1618533466603291,interaction_004_wet_humid_boundary_june2024,smartgarden_pa1_joint_c0fc643ba7cc
2024-06-09T22:00,28.8,81.0,0.0,0.0,0.0,0.72,100810.0,25.3,0.75,0.0,30.0,0.155,0,0,0,1.0,28.971253107123236,82.0928211573523,0.02354543042987293,34.994890370809486,0.23344940657330665,0.0,0.7161130814653833,0.0,0.0004898857907008568,2.8772953775543963e-07,0.5151197936623867,0.0,0.0,1.1624245838697929,interaction_004_wet_humid_boundary_june2024,smartgarden_pa1_joint_c0fc643ba7cc
2024-06-09T23:00,28.7,83.0,0.0,0.0,0.0,0.78,100850.0,25.4,0.68,0.0,29.8,0.155,0,0,0,1.0,28.829906387420646,83.61321133501328,0.023797398082168058,34.81419506214313,0.2333999618107794,0.0,0.6499772800125996,0.0,0.0005094340059023407,2.6100186826000965e-07,0.5148145790788853,0.0,0.0,1.163430125764993,interaction_004_wet_humid_boundary_june2024,smartgarden_pa1_joint_c0fc643ba7cc
2024-06-10T00:00,28.5,84.0,0.0,0.0,0.0,0.76,100850.0,25.5,0.62,0.0,29.5,0.155,0,0,0,1.0,28.6673542572593,84.83071555571081,0.023930631559820312,34.63543640857701,0.2333550776605013,0.0,0.5960491021634264,0.0,0.0005100369381280979,2.3921790726072524e-07,0.5145375164228475,0.0,0.0,1.164056723416087,interaction_004_wet_humid_boundary_june2024,smartgarden_pa1_joint_c0fc643ba7cc
2024-06-10T01:00,28.2,86.0,0.0,0.0,0.0,0.86,100800.0,25.6,0.54,0.0,29.3,0.155,0,0,0,1.0,28.414968075928762,86.21039939627485,0.023986552558674025,34.45706213800081,0.2333141311970674,0.0,0.5339645919821816,0.0,0.0005773782575341492,2.1419568478625795e-07,0.5142847604757247,0.0,0.0,1.1644533415979046,interaction_004_wet_humid_boundary_june2024,smartgarden_pa1_joint_c0fc643ba7cc
2024-06-10T02:00,28.1,86.0,0.0,0.0,0.0,0.86,100750.0,25.5,0.54,0.0,29.1,0.156,0,0,0,1.0,28.239529362486017,86.85301605133048,0.02393428118817925,34.27844812010107,0.23327700197504722,0.0,0.503919869677389,0.0,0.0005566329383372251,2.0205339547076407e-07,0.5140555677472051,0.0,0.0,1.1645532273312968,interaction_004_wet_humid_boundary_june2024,smartgarden_pa1_joint_c0fc643ba7cc
2024-06-10T03:00,28.0,86.0,0.0,0.0,0.0,0.86,100720.0,25.5,0.52,0.0,29.0,0.155,0,0,0,1.0,28.130058849631773,86.92890932167863,0.023811850271242222,34.10188890901526,0.23324089643640666,0.0,0.49783202716592445,0.0,0.0005539826020514399,1.9952584992910606e-07,0.513832694051893,0.0,0.0,1.1646294780794133,interaction_004_wet_humid_boundary_june2024,smartgarden_pa1_joint_c0fc643ba7cc
2024-06-10T04:00,28.0,87.0,0.0,0.0,0.0,0.86,100710.0,25.5,0.51,0.0,28.9,0.155,0,0,0,1.0,28.08647005419132,87.49983464576212,0.02391099480083099,33.928425470415426,0.23320566504047718,0.0,0.47488169112557,0.0,0.0005415533477710739,1.9024704075312736e-07,0.5136152162992419,0.0,0.0,1.1646823523535466,interaction_004_wet_humid_boundary_june2024,smartgarden_pa1_joint_c0fc643ba7cc
2024-06-10T05:00,28.0,87.0,0.0,0.0,0.0,0.81,100740.0,25.5,0.51,0.0,28.8,0.156,0,0,0,1.0,28.079635460324255,87.8703933583209,0.024003253823152774,33.75937639761348,0.23317208375776746,0.0,0.46062092777791364,0.0,0.000510964395736521,1.844594188942324e-07,0.5134079244306634,0.0,0.0,1.165055727104184,interaction_004_wet_humid_boundary_june2024,smartgarden_pa1_joint_c0fc643ba7cc
2024-06-10T06:00,27.9,87.0,20.0,8.0,12.0,0.86,100780.0,25.6,0.49,0.02,28.8,0.156,1,0,0,1.0,28.06129360723161,89.5440351030943,0.024435829495510934,33.599576208999075,0.23309481192842105,2182.1888,0.39664090312266564,17.0,0.0005627330192098937,6.6880034219957e-07,0.5129309378297595,3.16654791030264e-07,0.0,1.165589298819295,interaction_004_wet_humid_boundary_june2024,smartgarden_pa1_joint_c0fc643ba7cc
2024-06-10T07:00,28.3,87.0,171.0,104.0,67.0,1.06,100790.0,25.9,0.49,0.12,29.4,0.157,0,0,0,1.0,28.578235893649985,100.0,0.028072835317577045,33.489014994491924,0.24507706165022677,17405.2208,0.0,145.35,0.0007009349960590418,4.990357273366278e-06,0.5868954422853505,3.3976854871600093e-06,0.0,1.163707786937957,interaction_004_wet_humid_boundary_june2024,smartgarden_pa1_joint_c0fc643ba7cc
2024-06-10T08:00,28.9,83.0,310.0,175.0,135.0,0.67,100860.0,25.7,0.67,0.22,30.2,0.158,0,0,0,1.0,29.526105257174276,100.0,0.029559976884647794,33.46765167767206,0.2438220697052508,32029.624000000003,0.0,263.5,0.0005969477957889607,8.927430549314907e-06,0.5791485784274741,2.01087239557776e-06,0.0,1.1608691650920357,interaction_004_wet_humid_boundary_june2024,smartgarden_pa1_joint_c0fc643ba7cc
2024-06-10T09:00,30.1,75.0,416.0,136.0,280.0,0.81,100900.0,25.2,1.07,0.31,31.1,0.158,0,1,0,1.0,30.832036626193975,90.26694478939694,0.028631932179930215,33.52979546297852,0.24194526728277982,46459.07199999999,0.43310253519784947,353.59999999999997,0.00206927430570961,1.193212326558747e-05,0.5675633782887644,0.0,0.0,1.1563403879058864,interaction_004_wet_humid_boundary_june2024,smartgarden_pa1_joint_c0fc643ba7cc
2024-06-10T10:00,31.0,67.0,571.0,219.0,352.0,0.63,100900.0,24.2,1.47,0.43,32.4,0.157,0,1,0,1.0,32.25538324707594,84.66099702838031,0.028975207218139506,33.68332342563852,0.23942689925538424,62632.20479999999,0.7399266960508877,485.34999999999997,0.0021168194317880045,1.5992023505968214e-05,0.5520178966381744,0.0,0.0,1.1509512452319224,interaction_004_wet_humid_boundary_june2024,smartgarden_pa1_joint_c0fc643ba7cc
2024-06-10T11:00,32.1,62.0,623.0,242.0,381.0,0.54,100860.0,23.9,1.83,0.48,33.5,0.156,0,1,0,1.0,33.589801110234355,78.95307708930649,0.028996421741562257,33.912400047867095,0.23645673827547867,68228.49440000001,1.0942228872131068,529.55,0.0021387147530135863,1.698830550111404e-05,0.5336835696017201,0.0,0.0,1.1454899440224018,interaction_004_wet_humid_boundary_june2024,smartgarden_pa1_joint_c0fc643ba7cc
2024-06-10T12:00,32.8,60.0,663.0,289.0,374.0,0.45,100800.0,23.9,2.0,0.52,34.5,0.154,0,1,0,1.0,34.621551928714936,75.15265585646826,0.02913337508012847,34.18372964088014,0.23334948956428256,71502.21759999999,1.3681276567495901,563.55,0.0021826834414697474,1.751101495069918e-05,0.5145030220017442,0.0,0.0,1.1409707381474128,interaction_004_wet_humid_boundary_june2024,smartgarden_pa1_joint_c0fc643ba7cc
2024-06-10T13:00,33.2,59.0,685.0,388.0,297.0,0.58,100740.0,24.0,2.1,0.54,35.1,0.153,0,1,0,1.0,35.28558289206326,72.21686753204986,0.028979694841633593,34.481004023577576,0.23019953643950422,70729.1728,1.586984011407699,582.25,0.0022593520573693164,1.7475316872695273e-05,0.4950588669105199,0.0,0.0,1.137836655148089,interaction_004_wet_humid_boundary_june2024,smartgarden_pa1_joint_c0fc643ba7cc
2024-06-10T14:00,32.8,60.0,480.0,144.0,336.0,0.89,100680.0,24.1,1.98,0.39,34.8,0.152,0,1,0,1.0,34.85048074146575,67.72891406811891,0.02657072967697815,34.730753101854326,0.22754396192141949,54061.2864,1.7995588269407943,408.0,0.0023438391045071745,1.2096693343448939e-05,0.47866643161370054,0.0,0.0,1.1387653951184638,interaction_004_wet_humid_boundary_june2024,smartgarden_pa1_joint_c0fc643ba7cc
2024-06-10T15:00,32.7,60.0,434.0,166.0,268.0,1.06,100640.0,23.8,1.99,0.35,34.6,0.151,0,1,0,1.0,34.34918327685821,67.1916929662307,0.025679342832407078,34.900238214538454,0.22549368582547044,47620.8832,1.7793763509950993,368.9,0.002342529572919593,1.0703589634513145e-05,0.46601040633006446,0.0,0.0,1.1401686887962152,interaction_004_wet_humid_boundary_june2024,smartgarden_pa1_joint_c0fc643ba7cc
2024-06-10T16:00,32.2,61.0,288.0,112.0,176.0,1.21,100670.0,23.7,1.88,0.24,34.0,0.151,0,1,0,1.0,33.62480208898907,65.31148798616393,0.024030576384437563,35.00779294703773,0.2238873704548262,31536.102399999996,1.8069730284812402,244.79999999999998,0.0023708994543347245,7.174481441630541e-06,0.4560948793507791,0.0,0.0,1.1432016242002567,interaction_004_wet_humid_boundary_june2024,smartgarden_pa1_joint_c0fc643ba7cc
2024-06-10T17:00,31.2,66.0,128.0,44.0,84.0,0.73,100610.0,24.1,1.54,0.11,33.1,0.153,0,1,0,1.0,32.32949222345941,67.19751338598935,0.0230890362957191,35.01712747827742,0.2229349364361816,14219.3216,1.588960628412119,108.8,0.0021237028577456144,3.4235250773248047e-06,0.4502156570134666,0.0,0.0,1.147364841555815,interaction_004_wet_humid_boundary_june2024,smartgarden_pa1_joint_c0fc643ba7cc
2024-06-10T18:00,30.9,68.0,53.0,21.0,32.0,0.32,100690.0,24.3,1.42,0.04,32.2,0.152,1,1,0,1.0,31.41136880816087,69.17410502877127,0.02263338329977393,34.9435874912209,0.22247762578978716,5789.8368,1.4176471357861313,45.05,0.0018304140789693868,1.673781184336031e-06,0.44739275178880966,0.0,0.0,1.1517387371133334,interaction_004_wet_humid_boundary_june2024,smartgarden_pa1_joint_c0fc643ba7cc
2024-06-10T19:00,30.5,71.0,0.0,0.0,0.0,0.7,100800.0,24.6,1.26,0.03,31.4,0.152,0,0,0,1.0,30.808349955457995,74.78747288379887,0.02369180663760783,34.82612310057822,0.23476547649681762,0.0,1.1203958280769162,0.0,0.0005214441819864116,4.572672300058602e-07,0.5232436820791211,0.0,0.0,1.1552843829963526,interaction_004_wet_humid_boundary_june2024,smartgarden_pa1_joint_c0fc643ba7cc
2024-06-10T20:00,30.1,74.0,0.0,0.0,0.0,0.71,100860.0,24.9,1.13,0.0,30.9,0.152,0,0,0,1.0,30.335414622989834,75.60097885369636,0.023347605149625427,34.68725843218768,0.23468467639464272,0.0,1.0553508251901564,0.0,0.000504483580330162,4.3030983721578454e-07,0.5227449160163131,0.0,0.0,1.1577734568881914,interaction_004_wet_humid_boundary_june2024,smartgarden_pa1_joint_c0fc643ba7cc
2024-06-10T21:00,29.8,76.0,0.0,0.0,0.0,0.76,100940.0,25.2,1.0,0.0,30.4,0.152,0,0,0,1.0,29.99113813653353,77.47441128326808,0.02348554461768726,34.5432692632976,0.23461107884691937,0.0,0.9552896740821168,0.0,0.0005170068341739815,3.891722848741958e-07,0.522290610166169,0.0,0.0,1.1600077008879084,interaction_004_wet_humid_boundary_june2024,smartgarden_pa1_joint_c0fc643ba7cc
2024-06-10T22:00,29.5,79.0,0.0,0.0,0.0,0.81,101000.0,25.4,0.87,0.0,30.1,0.152,0,0,0,1.0,29.690568585479614,79.71216796299238,0.023773965880683805,34.39626709737147,0.23454491336405361,0.0,0.8456651100206614,0.0,0.0005435420182093641,3.44243290741517e-07,0.5218821812595902,0.0,0.0,1.1618492170850419,interaction_004_wet_humid_boundary_june2024,smartgarden_pa1_joint_c0fc643ba7cc
2024-06-10T23:00,29.2,81.0,0.0,0.0,0.0,0.85,101040.0,25.6,0.77,0.0,29.8,0.152,0,0,0,1.0,29.395067192261525,81.74373314079605,0.02399215314545607,34.246736538944404,0.2344867237803746,0.0,0.7481497145003502,0.0,0.0005663917663391853,3.043382731776458e-07,0.5215229862986087,0.0,0.0,1.1634446045504103,interaction_004_wet_humid_boundary_june2024,smartgarden_pa1_joint_c0fc643ba7cc
2024-06-11T00:00,28.9,83.0,0.0,0.0,0.0,0.82,101030.0,25.7,0.69,0.0,29.5,0.152,0,0,0,1.0,29.099820858716598,83.56052452654554,0.024134800668075693,34.09478777842489,0.23443511414348026,0.0,0.6623206150766237,0.0,0.0005516371846258121,2.6925945093943406e-07,0.521204408293088,0.0,0.0,1.1644658313505183,interaction_004_wet_humid_boundary_june2024,smartgarden_pa1_joint_c0fc643ba7cc
2024-06-11T01:00,28.6,84.0,0.0,0.0,0.0,0.92,100990.0,25.6,0.63,0.0,29.2,0.152,0,0,0,1.0,28.803918719240286,84.72416072412548,0.02407942419413122,33.940485124351206,0.2343889873811776,0.0,0.6050012583940161,0.0,0.0006068626000779431,2.458225060306369e-07,0.5209196751924544,0.0,0.0,1.165145469442862,interaction_004_wet_humid_boundary_june2024,smartgarden_pa1_joint_c0fc643ba7cc
2024-06-11T02:00,28.5,83.0,0.0,0.0,0.0,1.02,100970.0,25.4,0.65,0.0,29.0,0.151,0,0,0,1.0,28.623023920060724,84.41472759251093,0.02375568133675948,33.78487308893176,0.2343449536509682,0.0,0.6108235675718006,0.0,0.0006425913584899128,2.4805870794256046e-07,0.5206478620430135,0.0,0.0,1.1656130211182976,interaction_004_wet_humid_boundary_june2024,smartgarden_pa1_joint_c0fc643ba7cc
2024-06-11T03:00,28.4,83.0,0.0,0.0,0.0,1.02,100940.0,25.3,0.65,0.0,28.7,0.151,0,0,0,1.0,28.512617723224682,84.1144740861413,0.023528756500036618,33.63061708167533,0.23429985922400284,0.0,0.6186186934919498,0.0,0.000640070387758331,2.5109003484118633e-07,0.5203695013827336,0.0,0.0,1.1656931752045565,interaction_004_wet_humid_boundary_june2024,smartgarden_pa1_joint_c0fc643ba7cc
2024-06-11T04:00,28.3,84.0,0.0,0.0,0.0,1.02,100950.0,25.2,0.63,0.0,28.4,0.151,0,0,0,1.0,28.41105330735836,84.68503210919373,0.02355709782213929,33.47832809919015,0.23425542516415385,0.0,0.592895530389753,0.0,0.0006396980115388313,2.4052246106736916e-07,0.520095217062678,0.0,0.0,1.1662012981240313,interaction_004_wet_humid_boundary_june2024,smartgarden_pa1_joint_c0fc643ba7cc
2024-06-11T05:00,28.1,85.0,0.0,0.0,0.0,1.12,101000.0,25.2,0.59,0.0,28.1,0.151,0,0,0,1.0,28.252595098683713,85.48092983898037,0.02357304463528491,33.32753818308364,0.23421344889044185,0.0,0.5569342637982744,0.0,0.0007065744500265485,2.2582133965787184e-07,0.5198361042619868,0.0,0.0,1.1673923291782733,interaction_004_wet_humid_boundary_june2024,smartgarden_pa1_joint_c0fc643ba7cc
2024-06-11T06:00,27.9,86.0,22.0,9.0,13.0,1.12,101060.0,25.3,0.54,0.02,28.2,0.151,1,0,0,1.0,28.10543214961346,87.94561529741156,0.024057828145756983,33.182528229362376,0.23412480880992995,2393.3712,0.45845199398211145,18.7,0.0007181800481328845,7.537699996580145e-07,0.5192889432711725,0.0,0.0,1.1686564382218543,interaction_004_wet_humid_boundary_june2024,smartgarden_pa1_joint_c0fc643ba7cc
2024-06-11T07:00,29.0,77.0,166.0,97.0,69.0,0.98,101050.0,24.6,0.91,0.12,29.8,0.151,0,0,0,1.0,28.97133437406025,97.42321114936671,0.027942535854015984,33.086605322487486,0.24609944633957323,17035.5856,0.10304698960589898,141.1,0.0005955472086796619,4.944213682954097e-06,0.5932064588862546,3.2023664889266443e-06,0.0,1.1651916734841161,interaction_004_wet_humid_boundary_june2024,smartgarden_pa1_joint_c0fc643ba7cc
2024-06-11T08:00,30.7,65.0,413.0,333.0,80.0,0.5,101040.0,23.5,1.53,0.3,31.1,0.15,0,0,0,1.0,31.00846004253338,100.0,0.032020975922093194,33.11946850689819,0.24457380219216993,39158.592000000004,0.0,351.05,0.00043066840597210087,1.198893701039712e-05,0.5837889024208021,1.2894319448927938e-06,0.0,1.1572731727039758,interaction_004_wet_humid_boundary_june2024,smartgarden_pa1_joint_c0fc643ba7cc
2024-06-11T09:00,32.1,59.0,625.0,528.0,97.0,0.32,101030.0,23.0,1.96,0.46,32.9,0.149,0,1,0,1.0,33.17482235026678,80.35460371527053,0.028873111139899047,33.30927628969753,0.2418537096678723,58412.6928,0.997924093976235,531.25,0.001994864334901517,1.8062581692412375e-05,0.5669982078263723,0.0,0.0,1.148975085405723,interaction_004_wet_humid_boundary_june2024,smartgarden_pa1_joint_c0fc643ba7cc
2024-06-11T10:00,33.1,55.0,798.0,694.0,104.0,0.36,101000.0,22.9,2.28,0.61,34.4,0.148,0,1,0,1.0,34.96000888150669,75.52504792235045,0.029798670155543088,33.62932690302579,0.23822212753991032,73882.9696,1.3731097009840383,678.3,0.002173110880385812,2.2192535167306538e-05,0.5445810341969772,0.0,0.0,1.141978732823137,interaction_004_wet_humid_boundary_june2024,smartgarden_pa1_joint_c0fc643ba7cc
2024-06-11T11:00,34.0,52.0,884.0,761.0,123.0,0.28,100930.0,22.9,2.52,0.68,35.7,0.146,0,1,0,1.0,36.35406515643659,70.64399867171947,0.029958667302375078,34.03703765274222,0.2341015529798882,82119.43519999999,1.77820643691547,751.4,0.0022516138129347785,2.3540077123550112e-05,0.5191453887647419,0.0,0.0,1.1360471707542756,interaction_004_wet_humid_boundary_june2024,smartgarden_pa1_joint_c0fc643ba7cc
2024-06-11T12:00,34.6,51.0,878.0,743.0,135.0,0.36,100840.0,23.1,2.68,0.69,36.5,0.145,0,1,0,1.0,37.24484624888252,66.40848340192257,0.029479828534404878,34.47805350348348,0.22996925781471042,82013.624,2.1360785057045293,746.3,0.0023102289838930457,2.2373962461110122e-05,0.4936373939179656,0.0,0.0,1.1317767919662904,interaction_004_wet_humid_boundary_june2024,smartgarden_pa1_joint_c0fc643ba7cc
2024-06-11T13:00,34.9,51.0,795.0,636.0,159.0,0.51,100740.0,23.3,2.73,0.63,36.8,0.143,0,1,0,1.0,37.56655271163078,63.13147873017647,0.028489509330990495,34.89908372456629,0.2262070283373929,75554.0016,2.385782353894178,675.75,0.002338412170381799,1.9471500332914545e-05,0.47041375516909195,0.0,0.0,1.1294837977050574,interaction_004_wet_humid_boundary_june2024,smartgarden_pa1_joint_c0fc643ba7cc
2024-06-11T14:00,35.2,50.0,708.0,556.0,152.0,0.86,100680.0,23.2,2.84,0.57,36.8,0.142,0,1,0,1.0,37.64257889155445,59.90610643120434,0.027139031702715734,35.27168105663006,0.2229497343415263,67651.7248,2.6052165793176556,601.8,0.002391970594591987,1.676824797010591e-05,0.45030700210818697,0.0,0.0,1.12853495536847,interaction_004_wet_humid_boundary_june2024,smartgarden_pa1_joint_c0fc643ba7cc
2024-06-11T15:00,34.4,52.0,596.0,457.0,139.0,1.22,100640.0,23.2,2.6,0.48,36.5,0.141,0,1,0,1.0,36.95628448205082,58.296107083921,0.02549904727433412,35.58153767714257,0.22020792505968745,57338.3536,2.6106176478484233,506.59999999999997,0.002534271323145928,1.372624818173779e-05,0.4333822534548608,0.0,0.0,1.1305831521223992,interaction_004_wet_humid_boundary_june2024,smartgarden_pa1_joint_c0fc643ba7cc
2024-06-11T16:00,33.0,58.0,321.0,186.0,135.0,1.08,100670.0,23.8,2.09,0.27,35.4,0.141,0,1,0,1.0,35.12895688273514,60.07740847799621,0.023912944234832183,35.76291430260989,0.21830597316124803,32997.624,2.2607689087708644,272.84999999999997,0.002423335104898259,7.473653675148921e-06,0.42164180963733355,0.0,0.0,1.1376237144374663,interaction_004_wet_humid_boundary_june2024,smartgarden_pa1_joint_c0fc643ba7cc
2024-06-11T17:00,32.7,60.0,204.0,103.0,101.0,0.71,100670.0,24.0,1.97,0.16,34.5,0.141,0,1,0,1.0,33.8382345290245,62.82955575731773,0.023378023924131876,35.80743225926097,0.2172010715147464,21505.4224,1.959453663770299,173.4,0.0021172800424057855,4.841909322553991e-06,0.4148214291033729,0.0,0.0,1.1424068174791462,interaction_004_wet_humid_boundary_june2024,smartgarden_pa1_joint_c0fc643ba7cc
2024-06-11T18:00,32.1,64.0,78.0,48.0,30.0,0.99,100720.0,24.4,1.72,0.07,33.5,0.141,1,1,0,1.0,32.862261565084275,64.50717020854988,0.022799280663379582,35.77045023044756,0.216571736580527,7919.472,1.7715944635364553,66.3,0.002155283518450849,2.1616885338183746e-06,0.41093664555880866,0.0,0.0,1.146619537070918,interaction_004_wet_humid_boundary_june2024,smartgarden_pa1_joint_c0fc643ba7cc
2024-06-11T19:00,31.3,69.0,0.0,0.0,0.0,0.86,100790.0,25.0,1.4,0.03,32.6,0.14,0,0,0,1.0,31.795836800685755,68.21524073809097,0.02278257085622789,35.66304839899536,0.2287911623392125,0.0,1.4939451542282924,0.0,0.0006475587232869296,5.667502878684653e-07,0.4863651996247686,0.0,0.0,1.1514290581313609,interaction_004_wet_humid_boundary_june2024,smartgarden_pa1_joint_c0fc643ba7cc
2024-06-11T20:00,30.7,73.0,0.0,0.0,0.0,0.3,100860.0,25.3,1.2,0.0,31.9,0.14,0,0,0,1.0,31.039606295147678,73.815968757214,0.02367611087548389,35.51934493491827,0.22870088878277195,0.0,1.1789968043846346,0.0,0.00037081663146775975,4.467575010750158e-07,0.48580795544920957,0.0,0.0,1.155093238992137,interaction_004_wet_humid_boundary_june2024,smartgarden_pa1_joint_c0fc643ba7cc
2024-06-11T21:00,30.4,75.0,0.0,0.0,0.0,0.45,100900.0,25.6,1.07,0.0,31.4,0.14,0,0,0,1.0,30.607412697152636,76.95024305209436,0.024115015037595444,35.36654684317865,0.22862696888147255,0.0,1.0126106291139032,0.0,0.0003703830794545024,3.833483546359385e-07,0.48535165976217626,0.0,0.0,1.157195483815923,interaction_004_wet_humid_boundary_june2024,smartgarden_pa1_joint_c0fc643ba7cc
2024-06-11T22:00,30.1,78.0,0.0,0.0,0.0,0.54,100940.0,25.9,0.93,0.0,31.0,0.14,0,0,0,1.0,30.296600641673024,79.18879312085845,0.024404483038226385,35.21018431983087,0.22856186652837276,0.0,0.8981670876133339,0.0,0.00040739544175573926,3.397414359793809e-07,0.4849497933850171,0.0,0.0,1.1588399868402142,interaction_004_wet_humid_boundary_june2024,smartgarden_pa1_joint_c0fc643ba7cc
2024-06-11T23:00,29.8,81.0,0.0,0.0,0.0,0.73,100930.0,26.2,0.8,0.0,30.6,0.14,0,0,0,1.0,29.99950859397739,81.51104391177401,0.02472039073766545,35.05145491029365,0.2285046177125874,0.0,0.7844763239483492,0.0,0.0005037875485761117,2.9652043737401233e-07,0.48459640563325557,0.0,0.0,1.1598607538198138,interaction_004_wet_humid_boundary_june2024,smartgarden_pa1_joint_c0fc643ba7cc
2024-06-12T00:00,29.6,83.0,0.0,0.0,0.0,0.92,100900.0,26.4,0.7,0.0,30.3,0.14,0,0,0,1.0,29.76170746020634,83.41290744477081,0.024973762921259638,34.8910448212939,0.22845451276252426,0.0,0.6942386012057464,0.0,0.0005957869429861325,2.622444316966415e-07,0.48428711581805106,0.0,0.0,1.1604262809648325,interaction_004_wet_humid_boundary_june2024,smartgarden_pa1_joint_c0fc643ba7cc
2024-06-12T01:00,29.3,85.0,0.0,0.0,0.0,1.04,100870.0,26.4,0.62,0.0,29.8,0.14,0,0,0,1.0,29.501116139313076,85.09535832429526,0.025120082658837098,34.72983079123296,0.22841002347114797,0.0,0.6145407945146757,0.0,0.0006722618336306377,2.3200742799420647e-07,0.48401249056264184,0.0,0.0,1.1610801216336462,interaction_004_wet_humid_boundary_june2024,smartgarden_pa1_joint_c0fc643ba7cc
2024-06-12T02:00,29.0,87.0,0.0,0.0,0.0,0.98,100860.0,26.7,0.51,0.0,29.4,0.14,0,0,0,1.0,29.209381652090755,86.9003027356224,0.025249511141799096,34.566830763881484,0.22837108944019294,0.0,0.5311144259643084,0.0,0.0006410443963285204,2.004119297566415e-07,0.483772157038228,0.0,0.0,1.162085183807874,interaction_004_wet_humid_boundary_june2024,smartgarden_pa1_joint_c0fc643ba7cc
2024-06-12T03:00,29.0,87.0,0.0,0.0,0.0,1.04,100850.0,26.6,0.52,0.0,29.1,0.14,0,0,0,1.0,29.088187464098255,87.60066613321112,0.02528569640949153,34.403318655427334,0.2283365058688082,0.0,0.49921417236687526,0.0,0.0006456356681789887,1.88291489357159e-07,0.4835586782025197,0.0,0.0,1.16243590333386,interaction_004_wet_humid_boundary_june2024,smartgarden_pa1_joint_c0fc643ba7cc
2024-06-12T04:00,28.8,88.0,0.0,0.0,0.0,1.02,100870.0,26.6,0.48,0.0,28.9,0.14,0,0,0,1.0,28.956093240226004,88.21580395186854,0.025280698107988473,34.24223565601691,0.22830341938190588,0.0,0.47084050327518945,0.0,0.0006505279170113706,1.7751462150714156e-07,0.48335444062904864,0.0,0.0,1.163174800516743,interaction_004_wet_humid_boundary_june2024,smartgarden_pa1_joint_c0fc643ba7cc
2024-06-12T05:00,28.7,88.0,0.0,0.0,0.0,1.1,100970.0,26.5,0.47,0.0,28.7,0.14,0,0,0,1.0,28.823088035187624,88.48914039792085,0.025175784164622003,34.08231779520084,0.22827214442264834,0.0,0.45639484748710446,0.0,0.0006884578529476322,1.7199964607830435e-07,0.4831613853249898,0.0,0.0,1.1648407756868662,interaction_004_wet_humid_boundary_june2024,smartgarden_pa1_joint_c0fc643ba7cc
2024-06-12T06:00,28.6,88.0,23.0,11.0,12.0,1.5,101010.0,26.4,0.48,0.02,28.7,0.14,1,0,0,1.0,28.76798696141096,89.57359160467587,0.02540781048661019,33.93022083221843,0.22819279579106866,2446.1888,0.41208108233935725,19.55,0.0009286450173099553,7.071612828673771e-07,0.48267157895721396,0.0,0.0,1.1655149075102704,interaction_004_wet_humid_boundary_june2024,smartgarden_pa1_joint_c0fc643ba7cc
2024-06-12T07:00,29.9,77.0,180.0,126.0,54.0,1.22,101070.0,25.5,0.97,0.13,30.4,0.14,0,0,0,1.0,29.82557902513513,94.64095211088438,0.02843359487013564,33.83371599899542,0.24016026507328628,17739.849599999998,0.22512288095254185,153.0,0.0007476288437864692,5.0790816090285695e-06,0.5565448461313968,4.0698955064118835e-07,0.0,1.1621363629381156,interaction_004_wet_humid_boundary_june2024,smartgarden_pa1_joint_c0fc643ba7cc
2024-06-12T08:00,31.8,64.0,398.0,300.0,98.0,1.03,101090.0,24.1,1.7,0.3,31.9,0.139,0,0,0,1.0,32.03553589184721,100.0,0.0338272228865477,33.866628302788016,0.2387261959409131,38471.8752,0.0,338.3,0.000674227165588273,1.0839137142459492e-05,0.5476925675365006,3.591101213613001e-07,0.0,1.1539492221050667,interaction_004_wet_humid_boundary_june2024,smartgarden_pa1_joint_c0fc643ba7cc
2024-06-12T09:00,33.1,57.0,622.0,521.0,101.0,0.64,101080.0,23.3,2.19,0.47,33.9,0.138,0,1,0,1.0,34.230772585074114,74.69714926842177,0.02837150908422902,34.05488667829443,0.23620216511629666,58289.422399999996,1.3633151644500021,528.6999999999999,0.002091599291272821,1.702350997237426e-05,0.5321121303475103,0.0,0.0,1.1455946695763708,interaction_004_wet_humid_boundary_june2024,smartgarden_pa1_joint_c0fc643ba7cc
2024-06-12T10:00,34.0,54.0,784.0,670.0,114.0,0.41,101070.0,23.3,2.47,0.6,35.4,0.137,0,1,0,1.0,35.936040149828784,71.13330794890346,0.029522754510221808,34.372907582458794,0.2328073701383214,73002.7936,1.7089603437000394,666.4,0.00219525614269682,2.0608499750442668e-05,0.5111566057921074,0.0,0.0,1.1391615658108047,interaction_004_wet_humid_boundary_june2024,smartgarden_pa1_joint_c0fc643ba7cc
2024-06-12T11:00,34.7,52.0,895.0,763.0,132.0,0.41,100980.0,23.3,2.67,0.7,36.6,0.136,0,1,0,1.0,37.22283900340424,67.59958194922015,0.029974814171387316,34.77976885024476,0.228925139186333,83404.0768,2.0578727535705994,760.75,0.0022976112464382415,2.2463953615054054e-05,0.48719221719958644,0.0,0.0,1.133428441642715,interaction_004_wet_humid_boundary_june2024,smartgarden_pa1_joint_c0fc643ba7cc
2024-06-12T12:00,35.4,49.0,946.0,823.0,123.0,0.61,100910.0,23.2,2.9,0.75,37.5,0.134,0,1,0,1.0,38.25023569245312,62.81655331003292,0.02935110906744583,35.23915524218042,0.22486384758248565,87575.43519999999,2.496839918667776,804.1,0.002386723302634473,2.263817366869145e-05,0.46212251594126946,0.0,0.0,1.1289058356151453,interaction_004_wet_humid_boundary_june2024,smartgarden_pa1_joint_c0fc643ba7cc
2024-06-12T13:00,35.6,49.0,877.0,712.0,165.0,0.71,100830.0,23.2,2.96,0.7,37.9,0.133,0,1,0,1.0,38.63992068286332,59.41615102930789,0.028316099469585677,35.6981861418054,0.22102276262654807,82981.096,2.7830174178878186,745.4499999999999,0.0024374080192532564,2.0070321870700658e-05,0.4384121149786918,0.0,0.0,1.126601031312136,interaction_004_wet_humid_boundary_june2024,smartgarden_pa1_joint_c0fc643ba7cc
2024-06-12T14:00,34.8,52.0,672.0,559.0,113.0,0.64,100750.0,23.6,2.64,0.53,37.4,0.133,0,1,0,1.0,37.7924871187875,58.44163392503906,0.02667864539722582,36.07515413218512,0.21788331616278045,63111.61119999999,2.72239828656287,571.1999999999999,0.0024152962384226782,1.4891869238620944e-05,0.4190328158196324,0.0,0.0,1.1287751389499223,interaction_004_wet_humid_boundary_june2024,smartgarden_pa1_joint_c0fc643ba7cc
2024-06-12T15:00,34.6,53.0,591.0,482.0,109.0,1.08,100770.0,23.7,2.56,0.47,37.0,0.132,0,1,0,1.0,36.99980800353729,58.793654798317604,0.02577410670555592,36.35192580231687,0.215406124896004,55842.8816,2.58559490035212,502.34999999999997,0.002460510566290922,1.2679194936758384e-05,0.4037415117037284,0.0,0.0,1.1318847031874182,interaction_004_wet_humid_boundary_june2024,smartgarden_pa1_joint_c0fc643ba7cc
2024-06-12T16:00,32.9,61.0,391.0,281.0,110.0,0.94,100740.0,24.2,1.97,0.31,36.1,0.133,0,1,0,1.0,35.33470604221766,62.39232205402702,0.02510114926329709,36.530910746141096,0.21352290307327526,38278.064000000006,2.1539931568534083,332.34999999999997,0.0024190084204626194,8.282519850479932e-06,0.3921166856375016,0.0,0.0,1.137655465871061,interaction_004_wet_humid_boundary_june2024,smartgarden_pa1_joint_c0fc643ba7cc
2024-06-12T17:00,32.8,61.0,245.0,171.0,74.0,0.1,100720.0,24.2,1.95,0.17,35.1,0.133,0,1,0,1.0,34.09995807321112,64.26379485188683,0.02424210146965816,36.58540812064548,0.21230889139506876,24163.4976,1.9115068883766697,208.25,0.0020228696613349513,5.259178275411752e-06,0.3846227863893133,0.0,0.0,1.1420006039843769,interaction_004_wet_humid_boundary_june2024,smartgarden_pa1_joint_c0fc643ba7cc
2024-06-12T18:00,32.2,64.0,83.0,52.0,31.0,0.92,100740.0,24.4,1.74,0.07,34.0,0.133,1,1,0,1.0,33.059564043419094,64.34609725092692,0.02298069597806156,36.54306327855847,0.2116473479650616,8394.654400000001,1.7994446743128218,70.55,0.002143205077393402,2.104663994339937e-06,0.38053918496951605,0.0,0.0,1.146108264328391,interaction_004_wet_humid_boundary_june2024,smartgarden_pa1_joint_c0fc643ba7cc
2024-06-12T19:00,31.5,69.0,0.0,0.0,0.0,0.71,100790.0,25.1,1.43,0.03,33.0,0.133,0,0,0,1.0,31.98585547561715,68.33849246210684,0.023055965088130594,36.41928214705592,0.223872650997291,0.0,1.504230706397058,0.0,0.0005756539125060268,5.350294925592663e-07,0.45600401850179634,0.0,0.0,1.1507120233418486,interaction_004_wet_humid_boundary_june2024,smartgarden_pa1_joint_c0fc643ba7cc
2024-06-12T20:00,31.1,72.0,0.0,0.0,0.0,0.64,100870.0,25.4,1.26,0.0,32.3,0.132,0,0,0,1.0,31.362617602920835,72.93312265940239,0.023801173280990136,36.25999936275237,0.2237859438503773,0.0,1.2413341703913283,0.0,0.00047817097185101843,4.410033978328297e-07,0.45546878919985995,0.0,0.0,1.153982378483294,interaction_004_wet_humid_boundary_june2024,smartgarden_pa1_joint_c0fc643ba7cc
2024-06-12T21:00,30.7,75.0,0.0,0.0,0.0,0.71,100900.0,25.7,1.12,0.0,31.8,0.132,0,0,0,1.0,30.94407835106247,75.84667138536854,0.02420309584188573,36.09432575769423,0.22371191999972487,0.0,1.0816607060400156,0.0,0.0005069908267678804,3.8389138392447343e-07,0.4550118518501535,0.0,0.0,1.155914340899978,interaction_004_wet_humid_boundary_june2024,smartgarden_pa1_joint_c0fc643ba7cc
2024-06-12T22:00,30.4,78.0,0.0,0.0,0.0,0.72,100910.0,26.1,0.96,0.0,31.3,0.132,0,0,0,1.0,30.60628969950941,78.53129260088284,0.024609004470336433,35.924775322647285,0.22364732589504452,0.0,0.9430922608683603,0.0,0.0005005594970937956,3.3441885189202375e-07,0.4546131228089168,0.0,0.0,1.1573144497942875,interaction_004_wet_humid_boundary_june2024,smartgarden_pa1_joint_c0fc643ba7cc
2024-06-12T23:00,30.1,81.0,0.0,0.0,0.0,0.76,100920.0,26.5,0.82,0.0,30.9,0.132,0,0,0,1.0,30.30649451882137,81.19527890499019,0.025036199823923102,35.75298636038064,0.2235913643963506,0.0,0.8120311132594842,0.0,0.0005215347709749326,2.877260030524772e-07,0.45426768145895435,0.0,0.0,1.1585726019112221,interaction_004_wet_humid_boundary_june2024,smartgarden_pa1_joint_c0fc643ba7cc
2024-06-13T00:00,29.8,84.0,0.0,0.0,0.0,0.72,100900.0,26.8,0.67,0.0,30.4,0.132,0,0,0,1.0,30.011080960500227,83.89929211832944,0.025460612792524623,35.57936473845102,0.2235436938119787,0.0,0.6835978347505787,0.0,0.0005021685168126494,2.420614918676171e-07,0.4539734185924611,0.0,0.0,1.1594717403536157,interaction_004_wet_humid_boundary_june2024,smartgarden_pa1_joint_c0fc643ba7cc
2024-06-13T01:00,29.3,87.0,0.0,0.0,0.0,0.95,100810.0,27.0,0.52,0.0,29.9,0.132,0,0,0,1.0,29.599069578958954,86.49228166414953,0.025668487554626876,35.402993493165695,0.22350410620298766,0.0,0.5600920966572551,0.0,0.0006464515864107378,1.9822144312219846e-07,0.4537290506357263,0.0,0.0,1.1600140420239164,interaction_004_wet_humid_boundary_june2024,smartgarden_pa1_joint_c0fc643ba7cc
2024-06-13T02:00,29.4,86.0,0.0,0.0,0.0,1.1,100800.0,26.8,0.57,0.0,29.4,0.132,0,0,0,1.0,29.46395420764979,86.8711025356688,0.025592608401747888,35.22428501538735,0.22346979896800687,0.0,0.5401671016486609,0.0,0.0006749046517939312,1.9108058843494613e-07,0.4535172775802893,0.0,0.0,1.1604168608296244,interaction_004_wet_humid_boundary_june2024,smartgarden_pa1_joint_c0fc643ba7cc
2024-06-13T03:00,29.2,86.0,0.0,0.0,0.0,1.2,100740.0,26.7,0.55,0.0,29.1,0.132,0,0,0,1.0,29.3579486123886,86.50444565321521,0.025338302249313487,35.04908894273977,0.22343490614056064,0.0,0.5518719354748955,0.0,0.0007533627053889931,1.951283811784113e-07,0.45330188975654717,0.0,0.0,1.1601325306537216,interaction_004_wet_humid_boundary_june2024,smartgarden_pa1_joint_c0fc643ba7cc
2024-06-13T04:00,28.6,90.0,0.0,0.0,0.0,1.3,100750.0,26.8,0.39,0.0,28.9,0.132,0,0,0,1.0,28.936199931503726,88.78497606603236,0.02541623811627033,34.87315984901042,0.22340238829462017,0.0,0.4475840325665126,0.0,0.0008444970307262082,1.5818465940294373e-07,0.4531011623124702,0.0,0.0,1.161867537088842,interaction_004_wet_humid_boundary_june2024,smartgarden_pa1_joint_c0fc643ba7cc
2024-06-13T05:00,28.2,92.0,0.0,0.0,0.0,1.1,100780.0,26.7,0.32,0.0,28.6,0.132,0,0,0,1.0,28.481923502241802,91.19843900286082,0.02546751496444866,34.691496000699665,0.2233775641619251,0.0,0.34214317190961063,0.0,0.0007235969503861936,1.2087897153396534e-07,0.4529479269254637,0.0,0.0,1.1639638683983546,interaction_004_wet_humid_boundary_june2024,smartgarden_pa1_joint_c0fc643ba7cc
2024-06-13T06:00,28.3,92.0,24.0,13.0,11.0,1.22,100880.0,26.8,0.32,0.01,28.7,0.132,1,0,0,1.0,28.42556197808742,93.41661777249249,0.026006631414598864,34.51425474933863,0.22331002012222878,2499.0063999999998,0.25508028009792794,20.4,0.0007583014557072367,6.3008723196261e-07,0.45253098840881967,0.0,0.0,1.1653365729333045,interaction_004_wet_humid_boundary_june2024,smartgarden_pa1_joint_c0fc643ba7cc
2024-06-13T07:00,30.6,76.0,190.0,136.0,54.0,1.2,100900.0,25.9,1.05,0.14,31.0,0.132,0,0,0,1.0,30.152110397143417,94.57661180069037,0.02892032995828007,34.40259584085545,0.23528810354145785,18619.849599999998,0.23213323382197615,161.5,0.0008108164135981742,5.069279498725146e-06,0.5264697749472707,0.0,0.0,1.158932609102166,interaction_004_wet_humid_boundary_june2024,smartgarden_pa1_joint_c0fc643ba7cc
2024-06-13T08:00,32.3,64.0,407.0,327.0,80.0,1.08,100910.0,24.5,1.76,0.31,32.6,0.132,0,0,0,1.0,32.63104050160739,99.23003621095377,0.03464506604530192,34.43612710404698,0.23388235148254652,38630.592000000004,0.03793593602730283,345.95,0.0007223743632463421,1.0494440751762185e-05,0.517792293102139,0.0,0.0,1.149651210253155,interaction_004_wet_humid_boundary_june2024,smartgarden_pa1_joint_c0fc643ba7cc
2024-06-13T09:00,33.6,56.0,613.0,510.0,103.0,1.22,100910.0,23.7,2.27,0.48,34.4,0.131,0,1,0,1.0,34.76853453496673,70.19655559080793,0.027421484557736166,34.62107144672454,0.23147706586973463,57567.7872,1.6544328919876818,521.05,0.0023339369771048814,1.59795047898028e-05,0.5029448510477447,0.0,0.0,1.141670616924885,interaction_004_wet_humid_boundary_june2024,smartgarden_pa1_joint_c0fc643ba7cc
2024-06-13T10:00,34.6,53.0,773.0,664.0,109.0,1.17,100820.0,23.6,2.6,0.61,36.0,0.13,0,1,0,1.0,36.51255125703221,66.40218834026172,0.028390419166848646,34.930761381008985,0.22828980171708887,71858.88160000001,2.0528669205750854,657.05,0.0024253647899979813,1.934949905069705e-05,0.48327038096968444,0.0,0.0,1.1342282353222695,interaction_004_wet_humid_boundary_june2024,smartgarden_pa1_joint_c0fc643ba7cc
2024-06-13T11:00,35.3,51.0,877.0,752.0,125.0,0.89,100720.0,23.7,2.8,0.7,37.3,0.129,0,1,0,1.0,37.82314007472304,63.63637306191765,0.029095436472280252,35.32846086787971,0.22465718030808857,81573.8,2.386059313834626,745.4499999999999,0.002413111921265945,2.0954681173922853e-05,0.4608467920252381,0.0,0.0,1.1283277958008513,interaction_004_wet_humid_boundary_june2024,smartgarden_pa1_joint_c0fc643ba7cc
2024-06-13T12:00,36.2,48.0,902.0,752.0,150.0,0.54,100610.0,23.5,3.1,0.72,38.3,0.128,0,1,0,1.0,38.91836917759572,59.969305736586726,0.028984935182185277,35.77179709074929,0.22091805327456882,84653.36,2.786492583554315,766.6999999999999,0.0023506927928794346,2.0586116238088015e-05,0.4377657609541285,0.0,0.0,1.1231398751408077,interaction_004_wet_humid_boundary_june2024,smartgarden_pa1_joint_c0fc643ba7cc
2024-06-13T13:00,36.5,48.0,864.0,709.0,155.0,0.57,100580.0,23.6,3.2,0.69,38.7,0.127,0,1,0,1.0,39.468555380197294,57.220844741881606,0.02843423600433193,36.21904764856699,0.21736886379740872,81485.272,3.0669448075459833,734.4,0.0023943514893449615,1.8861043283212997e-05,0.41585718393462173,0.0,0.0,1.120828919953974,interaction_004_wet_humid_boundary_june2024,smartgarden_pa1_joint_c0fc643ba7cc
2024-06-13T14:00,36.3,48.0,760.0,610.0,150.0,0.42,100480.0,23.5,3.15,0.6,38.6,0.126,0,1,0,1.0,39.272470702908976,55.23732531911866,0.027178982273571413,36.623995424474565,0.21423822692682098,72157.36,3.1756347522126487,646.0,0.0023682945068174066,1.596755930588872e-05,0.39653226498037647,0.0,0.0,1.1204173170800833,interaction_004_wet_humid_boundary_june2024,smartgarden_pa1_joint_c0fc643ba7cc
2024-06-13T15:00,35.8,50.0,572.0,436.0,136.0,0.67,100470.0,23.7,2.96,0.46,38.1,0.126,0,1,0,1.0,38.39885840678222,54.66706420654768,0.025736583686631086,36.936217800777946,0.2117491592438172,55120.8064,3.068575835528819,486.2,0.0023620017845701327,1.1753757743219522e-05,0.38116764965319266,0.0,0.0,1.1234472534227633,interaction_004_wet_humid_boundary_june2024,smartgarden_pa1_joint_c0fc643ba7cc
2024-06-13T16:00,34.9,52.0,314.0,178.0,136.0,1.2,100560.0,23.7,2.67,0.28,37.1,0.126,0,1,0,1.0,36.8500037389376,53.834171174643004,0.023419383210177547,37.106964303143556,0.21010063560051437,32416.806399999998,2.873237085239195,266.9,0.0024427483054573606,6.62397112090105e-06,0.37099157778095293,0.0,0.0,1.1300717396332762,interaction_004_wet_humid_boundary_june2024,smartgarden_pa1_joint_c0fc643ba7cc
2024-06-13T17:00,32.8,61.0,147.0,66.0,81.0,0.89,100540.0,24.3,1.93,0.13,35.6,0.127,0,1,0,1.0,34.524280336613,59.58906335487221,0.022983072275650156,37.12927563605692,0.2092083728654345,15785.774399999998,2.213111725602135,124.95,0.002290432373897129,3.302439151832501e-06,0.3654837831199661,0.0,0.0,1.138387546907114,interaction_004_wet_humid_boundary_june2024,smartgarden_pa1_joint_c0fc643ba7cc
2024-06-13T18:00,32.2,63.0,60.0,36.0,24.0,0.64,100570.0,24.3,1.77,0.06,34.3,0.127,1,1,0,1.0,32.952729195272134,63.05509596467025,0.022392897800817116,37.04346456999897,0.20876905851307606,6124.3776,1.8534614473021804,51.0,0.0020044994220825762,1.6067895665887886e-06,0.36277196613009915,0.0,0.0,1.1445735278775233,interaction_004_wet_humid_boundary_june2024,smartgarden_pa1_joint_c0fc643ba7cc
2024-06-13T19:00,31.6,68.0,0.0,0.0,0.0,1.06,100660.0,24.9,1.5,0.04,33.3,0.127,0,0,0,1.0,32.02556995130897,68.13065267788848,0.023034487432242765,36.89938670512752,0.2210474503351688,0.0,1.517506787577171,0.0,0.0007319702130694463,5.191092020769326e-07,0.43856450824178267,0.0,0.0,1.1490782664267887,interaction_004_wet_humid_boundary_june2024,smartgarden_pa1_joint_c0fc643ba7cc
2024-06-13T20:00,31.1,71.0,0.0,0.0,0.0,0.92,100690.0,25.3,1.3,0.01,32.5,0.127,0,0,0,1.0,31.401206603072758,71.5809465276016,0.023408164351273436,36.72795579777091,0.2209609968999303,0.0,1.3062056566783906,0.0,0.0006307249364762368,4.462835267425729e-07,0.4380308450612981,0.0,0.0,1.1517771681062199,interaction_004_wet_humid_boundary_june2024,smartgarden_pa1_joint_c0fc643ba7cc
2024-06-13T21:00,30.8,74.0,0.0,0.0,0.0,0.86,100750.0,25.6,1.15,0.0,31.9,0.127,0,0,0,1.0,31.012005801660063,74.5449865387447,0.023874572479161953,36.55016351451472,0.22088583452814736,0.0,1.1443718406872714,0.0,0.0005760865977010338,3.9057658821821533e-07,0.4375668798033788,0.0,0.0,1.1539381724481912,interaction_004_wet_humid_boundary_june2024,smartgarden_pa1_joint_c0fc643ba7cc
2024-06-13T22:00,30.5,77.0,0.0,0.0,0.0,0.94,100760.0,26.0,1.0,0.0,31.3,0.127,0,0,0,1.0,30.70638762885314,77.28362742313534,0.024348766310091318,36.3699003125243,0.22081995367145904,0.0,1.0036181857887545,0.0,0.0006180947253632763,3.4221870906596807e-07,0.4371602078485126,0.0,0.0,1.1552134512573913,interaction_004_wet_humid_boundary_june2024,smartgarden_pa1_joint_c0fc643ba7cc
2024-06-13T23:00,30.2,79.0,0.0,0.0,0.0,0.89,100770.0,26.2,0.9,0.0,30.8,0.127,0,0,0,1.0,30.409932266605267,79.46017859960673,0.024638196577577907,36.18798408982133,0.22076196468791254,0.0,0.8922204940836296,0.0,0.0005918300819119854,3.039846578704851e-07,0.43680225115995397,0.0,0.0,1.1564563898617595,interaction_004_wet_humid_boundary_june2024,smartgarden_pa1_joint_c0fc643ba7cc
2024-06-14T00:00,29.7,84.0,0.0,0.0,0.0,0.95,100680.0,26.6,0.68,0.0,30.3,0.127,0,0,0,1.0,29.998260955878212,82.99657091945924,0.025169218651411456,36.00353811599677,0.22071202063776107,0.0,0.7213945966201472,0.0,0.0006461625715772773,2.456098166126856e-07,0.43649395455408074,0.0,0.0,1.156992581921097,interaction_004_wet_humid_boundary_june2024,smartgarden_pa1_joint_c0fc643ba7cc
2024-06-14T01:00,29.1,88.0,0.0,0.0,0.0,1.04,100660.0,26.9,0.47,0.0,29.8,0.127,0,0,0,1.0,29.457729766050125,86.8370176865527,0.025573924081431026,35.81349573430056,0.22067349916295392,0.0,0.5413753685383034,0.0,0.0007075795182102945,1.8421910796965315e-07,0.4362561676725551,0.0,0.0,1.158829006603913,interaction_004_wet_humid_boundary_june2024,smartgarden_pa1_joint_c0fc643ba7cc
2024-06-14T02:00,28.9,88.0,0.0,0.0,0.0,1.04,100630.0,26.7,0.47,0.0,29.4,0.127,0,0,0,1.0,29.105520396972427,88.18634812833537,0.02547878196264831,35.61804308376833,0.2206430298632066,0.0,0.47611012743576664,0.0,0.0006733421499604026,1.619408167992813e-07,0.43606808557534943,0.0,0.0,1.1598335838692808,interaction_004_wet_humid_boundary_june2024,smartgarden_pa1_joint_c0fc643ba7cc
2024-06-14T03:00,28.6,89.0,0.0,0.0,0.0,1.1,100610.0,26.7,0.41,0.0,29.0,0.127,0,0,0,1.0,28.830498790817785,88.84890532566065,0.02528836132260112,35.42171037698027,0.2206148243601568,0.0,0.4423201388461857,0.0,0.0007123616227237034,1.50387654037995e-07,0.4358939775318322,0.0,0.0,1.1606591504980246,interaction_004_wet_humid_boundary_june2024,smartgarden_pa1_joint_c0fc643ba7cc
2024-06-14T04:00,28.4,90.0,0.0,0.0,0.0,1.2,100600.0,26.6,0.39,0.0,28.8,0.127,0,0,0,1.0,28.59362388406068,89.73619176596193,0.025212689187287092,35.22491838566847,0.22058900973502224,0.0,0.40157796211477415,0.0,0.0007607959925778281,1.3648551066747127e-07,0.43573462799396445,0.0,0.0,1.161454838866094,interaction_004_wet_humid_boundary_june2024,smartgarden_pa1_joint_c0fc643ba7cc
2024-06-14T05:00,28.6,88.0,0.0,0.0,0.0,1.1,100680.0,26.4,0.47,0.0,28.5,0.127,0,0,0,1.0,28.622837124453657,88.98450827058977,0.025041436577744658,35.03083740028517,0.2205639971421136,0.0,0.4317184160819245,0.0,0.0006653754430086989,1.4667744519327244e-07,0.4355802292723063,0.0,0.0,1.1622659364917716,interaction_004_wet_humid_boundary_june2024,smartgarden_pa1_joint_c0fc643ba7cc
2024-06-14T06:00,28.7,88.0,24.0,13.0,11.0,1.2,100710.0,26.6,0.45,0.02,28.6,0.127,1,0,0,1.0,28.793526278357934,89.76951849993993,0.02549889997841242,34.850672647543,0.22049111548422481,2499.0063999999998,0.4049356862716924,20.4,0.0007399735313996425,6.567203977414198e-07,0.43513034249521493,0.0,0.0,1.1619550347105465,interaction_004_wet_humid_boundary_june2024,smartgarden_pa1_joint_c0fc643ba7cc
2024-06-14T07:00,30.6,75.0,194.0,141.0,53.0,1.1,100710.0,25.7,1.09,0.14,31.1,0.127,0,0,0,1.0,30.326570692550376,93.39322691941231,0.02882857659335832,34.7372819955544,0.23246871083863735,18936.6672,0.2856235956610993,164.9,0.0007214032461236683,5.0241956604479585e-06,0.5090661162878849,9.009498647392127e-07,0.0,1.1560852943498963,interaction_004_wet_humid_boundary_june2024,smartgarden_pa1_joint_c0fc643ba7cc
2024-06-14T08:00,32.6,60.0,418.0,342.0,76.0,0.54,100710.0,23.9,1.94,0.31,32.7,0.126,0,0,0,1.0,32.87700666371104,100.0,0.03537136092505277,34.768733215425264,0.23107830189414605,39457.8624,0.0,355.3,0.00043611035368526036,1.04025713505242e-05,0.5004833450255929,4.581953013938119e-07,0.0,1.1464504534494657,interaction_004_wet_humid_boundary_june2024,smartgarden_pa1_joint_c0fc643ba7cc
2024-06-14T09:00,34.0,53.0,623.0,529.0,94.0,0.3,100660.0,23.2,2.47,0.47,34.7,0.126,0,1,0,1.0,35.18960271707395,69.14380796797859,0.027608559824967713,34.95707754597508,0.22870628908292714,58131.145599999996,1.7532094438533767,529.55,0.002017879845132803,1.571510904455867e-05,0.48584129063535275,0.0,0.0,1.1372869776874732,interaction_004_wet_humid_boundary_june2024,smartgarden_pa1_joint_c0fc643ba7cc
2024-06-14T10:00,35.2,50.0,793.0,686.0,107.0,0.4,100630.0,23.0,2.86,0.62,36.4,0.125,0,1,0,1.0,37.131709916203484,64.83348550501574,0.02861452348413156,35.275961381603715,0.22555631852309582,73548.5168,2.2225132299079444,674.05,0.002191214146592128,1.9199460005833243e-05,0.4663970279203446,0.0,0.0,1.129831673162337,interaction_004_wet_humid_boundary_june2024,smartgarden_pa1_joint_c0fc643ba7cc
2024-06-14T11:00,35.8,48.0,842.0,715.0,127.0,1.49,100570.0,23.1,3.05,0.68,37.4,0.124,0,1,0,1.0,38.33701563736739,58.30002065036821,0.027360980926488723,35.67392471138105,0.22206174476098448,78564.1648,2.813263734480746,715.6999999999999,0.0026403086630771185,1.960025887727184e-05,0.44482558494434865,0.0,0.0,1.1247887168942408,interaction_004_wet_humid_boundary_june2024,smartgarden_pa1_joint_c0fc643ba7cc
2024-06-14T12:00,36.1,48.0,935.0,798.0,137.0,1.96,100550.0,23.3,3.1,0.76,38.1,0.123,0,1,0,1.0,39.09533646783544,55.805460130097174,0.02721443786345655,36.115062469356054,0.21843314813330925,87099.98879999999,3.1056961048127154,794.75,0.0029008814462765354,2.066314321027548e-05,0.42242684032906946,0.0,0.0,1.1218339089950804,interaction_004_wet_humid_boundary_june2024,smartgarden_pa1_joint_c0fc643ba7cc
2024-06-14T13:00,36.1,49.0,848.0,712.0,136.0,1.75,100460.0,23.6,3.05,0.7,38.3,0.123,0,1,0,1.0,39.2208705785524,54.79415688842396,0.026890921447006503,36.556062534771876,0.2149650592456775,79408.8064,3.1982193163951846,720.8,0.002818264555150998,1.7910069234255894e-05,0.40101888423257714,0.0,0.0,1.1203793474708807,interaction_004_wet_humid_boundary_june2024,smartgarden_pa1_joint_c0fc643ba7cc
2024-06-14T14:00,35.3,53.0,662.0,452.0,210.0,1.75,100410.0,24.2,2.7,0.55,37.9,0.122,0,1,0,1.0,38.29604290085661,55.8701721982355,0.02616616782416488,36.9114999694051,0.2121428866057204,65644.304,2.9706184091264047,562.6999999999999,0.002805989685287333,1.3516090249639478e-05,0.3835980654674099,0.0,0.0,1.123146992678681,interaction_004_wet_humid_boundary_june2024,smartgarden_pa1_joint_c0fc643ba7cc
2024-06-14T15:00,34.6,55.0,516.0,365.0,151.0,1.81,100370.0,24.4,2.45,0.44,37.3,0.122,0,1,0,1.0,37.058718914548834,57.09417840505418,0.025104741161773317,37.152142114824656,0.21000582745887977,50720.5424,2.7008834794132923,438.59999999999997,0.002776553225569056,1.0284253981502525e-05,0.37040634233876407,0.0,0.0,1.1271776600726093,interaction_004_wet_humid_boundary_june2024,smartgarden_pa1_joint_c0fc643ba7cc
2024-06-14T16:00,34.6,55.0,417.0,306.0,111.0,0.92,100310.0,24.3,2.45,0.34,36.7,0.121,0,1,0,1.0,36.38759008053308,58.52917456982351,0.024863900467119348,37.30559695533657,0.2083477703857042,40601.246399999996,2.5166605492946315,354.45,0.002309979729905563,8.175286276733177e-06,0.3601714221339766,0.0,0.0,1.1289462937634847,interaction_004_wet_humid_boundary_june2024,smartgarden_pa1_joint_c0fc643ba7cc
2024-06-14T17:00,34.1,57.0,282.0,210.0,72.0,0.89,100350.0,24.3,2.31,0.22,36.0,0.121,0,1,0,1.0,35.615955791420696,58.99806862432662,0.024084188781423797,37.38541148400851,0.20711001449634472,27349.1328,2.3850619132117274,239.7,0.002253409295432963,5.599178029111519e-06,0.3525309536811403,0.0,0.0,1.1322189415325492,interaction_004_wet_humid_boundary_june2024,smartgarden_pa1_joint_c0fc643ba7cc
2024-06-14T18:00,33.2,61.0,83.0,53.0,30.0,0.72,100470.0,24.8,1.97,0.07,34.9,0.121,1,1,0,1.0,34.246064241773446,60.6419383804694,0.02305148974483833,37.36005101374624,0.20642625586190524,8359.472,2.122411706020628,70.55,0.002100935174328479,2.014158236988102e-06,0.3483102213697855,0.0,0.0,1.1386245628987874,interaction_004_wet_humid_boundary_june2024,smartgarden_pa1_joint_c0fc643ba7cc
2024-06-14T19:00,32.2,68.0,0.0,0.0,0.0,0.91,100530.0,25.6,1.51,0.03,33.7,0.121,0,1,0,1.0,32.82190141989527,66.44438761457083,0.02343389102801783,37.2358819207296,0.2186568168646967,0.0,1.6711080170541122,0.0,0.002088519552254336,5.524179415348661e-07,0.4238075115104735,0.0,0.0,1.1446074965616073,interaction_004_wet_humid_boundary_june2024,smartgarden_pa1_joint_c0fc643ba7cc
2024-06-14T20:00,31.4,74.0,0.0,0.0,0.0,1.04,100570.0,26.3,1.18,0.01,32.9,0.121,0,0,0,1.0,31.842034823979347,73.00596909574432,0.02444270078355271,37.06850086316277,0.21856971496657043,0.0,1.2720927125750596,0.0,0.0007251356516559532,4.1998201898526004e-07,0.423269845472657,0.0,0.0,1.1487417396004227,interaction_004_wet_humid_boundary_june2024,smartgarden_pa1_joint_c0fc643ba7cc
2024-06-14T21:00,30.9,79.0,0.0,0.0,0.0,0.78,100630.0,26.9,0.92,0.0,32.3,0.121,0,0,0,1.0,31.21534403828011,78.22322303396898,0.025327123911006385,36.88821847260645,0.2185029400000166,0.0,0.990400106222229,0.0,0.0005626399216139597,3.2666264729006247e-07,0.4228576543210902,0.0,0.0,1.151793758169144,interaction_004_wet_humid_boundary_june2024,smartgarden_pa1_joint_c0fc643ba7cc
2024-06-14T22:00,30.6,82.0,0.0,0.0,0.0,0.78,100610.0,27.1,0.79,0.0,31.9,0.121,0,0,0,1.0,30.82634206297375,81.80261628000802,0.025939181410217144,36.7018155147393,0.2184500018696243,0.0,0.8094863232439176,0.0,0.0005377024263281583,2.6678571274565145e-07,0.4225308757384216,0.0,0.0,1.15303851219089,interaction_004_wet_humid_boundary_june2024,smartgarden_pa1_joint_c0fc643ba7cc
2024-06-14T23:00,30.3,84.0,0.0,0.0,0.0,0.78,100640.0,27.3,0.7,0.0,31.5,0.121,0,0,0,1.0,30.520318190992363,84.08487002715108,0.026227658802466025,36.51317832402262,0.21840559918466643,0.0,0.6957062542940262,0.0,0.0005360289379518822,2.2913801531834666e-07,0.4222567850905335,0.0,0.0,1.1545446479302375,interaction_004_wet_humid_boundary_june2024,smartgarden_pa1_joint_c0fc643ba7cc
2024-06-15T00:00,30.0,86.0,0.0,0.0,0.0,0.76,100620.0,27.4,0.6,0.0,31.2,0.121,0,0,0,1.0,30.22312106899089,85.96187174313538,0.026387004713038373,36.323107839970056,0.218367138983827,0.0,0.6033123870272217,0.0,0.000526474818055537,1.985954235515587e-07,0.4220193764433766,0.0,0.0,1.1554460233482333,interaction_004_wet_humid_boundary_june2024,smartgarden_pa1_joint_c0fc643ba7cc
2024-06-15T01:00,29.8,87.0,0.0,0.0,0.0,0.76,100570.0,27.4,0.56,0.0,30.9,0.121,0,0,0,1.0,29.984634355744344,87.25805930883865,0.026442054343216212,36.13222014288952,0.2183334530481565,0.0,0.5401725209802617,0.0,0.0005150509446847914,1.7772373955704353e-07,0.4218114385688672,0.0,0.0,1.1557804385915482,interaction_004_wet_humid_boundary_june2024,smartgarden_pa1_joint_c0fc643ba7cc
2024-06-15T02:00,29.4,88.0,0.0,0.0,0.0,0.85,100560.0,27.1,0.5,0.0,30.6,0.121,0,0,0,1.0,29.664748554469256,88.12887027546086,0.026247473823298853,35.94085728373328,0.2183028628426026,0.0,0.49409457803039647,0.0,0.0005851574312270838,1.624907276030701e-07,0.42162261013952235,0.0,0.0,1.156886331276459,interaction_004_wet_humid_boundary_june2024,smartgarden_pa1_joint_c0fc643ba7cc
2024-06-15T03:00,29.2,88.0,0.0,0.0,0.0,0.95,100530.0,27.1,0.48,0.0,30.3,0.121,0,0,0,1.0,29.393503394875122,88.39355099639724,0.025941701127915856,35.74768778951969,0.21827434310909083,0.0,0.4755944469201352,0.0,0.0006205750017262736,1.5634136290646178e-07,0.4214465624017953,0.0,0.0,1.1575780942991276,interaction_004_wet_humid_boundary_june2024,smartgarden_pa1_joint_c0fc643ba7cc
2024-06-15T04:00,29.1,89.0,0.0,0.0,0.0,0.89,100500.0,27.1,0.44,0.0,30.1,0.121,0,0,0,1.0,29.244110346230162,89.02344288987175,0.025915304453916863,35.555303718843135,0.21824694005066306,0.0,0.4459263174958146,0.0,0.0005744750882789116,1.465297727936842e-07,0.4212774077201423,0.0,0.0,1.1578043642860378,interaction_004_wet_humid_boundary_june2024,smartgarden_pa1_joint_c0fc643ba7cc
2024-06-15T05:00,28.9,90.0,0.0,0.0,0.0,0.89,100530.0,27.1,0.41,0.0,29.8,0.121,0,0,0,1.0,29.079804264159137,89.92219801779264,0.025943956379938737,35.365096680111996,0.21822175543316755,0.0,0.40554972137096224,0.0,0.0005840929597624479,1.332129928872842e-07,0.4211219471183182,0.0,0.0,1.158779601353674,interaction_004_wet_humid_boundary_june2024,smartgarden_pa1_joint_c0fc643ba7cc
2024-06-15T06:00,29.0,89.0,23.0,10.0,13.0,1.08,100570.0,27.0,0.43,0.01,29.8,0.121,1,0,0,1.0,29.11168367102683,90.93427101203937,0.02628152701286095,35.183502327390265,0.21815570154906525,2481.3712,0.3654942425022254,19.55,0.0006743066953411935,6.010998447335569e-07,0.42071420709299534,0.0,0.0,1.1591184049291858,interaction_004_wet_humid_boundary_june2024,smartgarden_pa1_joint_c0fc643ba7cc
2024-06-15T07:00,30.0,81.0,161.0,72.0,89.0,0.95,100690.0,26.4,0.8,0.12,30.8,0.121,0,0,0,1.0,30.041095066650694,96.93539956186169,0.029464391459364275,35.0545180982149,0.23022849596741088,17299.2336,0.13033980814326185,136.85,0.0005810855578102782,4.015084629388098e-06,0.4952376294284622,1.5318416841279917e-06,0.0,1.1569440263656434,interaction_004_wet_humid_boundary_june2024,smartgarden_pa1_joint_c0fc643ba7cc
2024-06-15T08:00,31.6,70.0,350.0,212.0,138.0,0.45,100690.0,25.5,1.38,0.26,32.3,0.12,0,0,0,1.0,31.926631282372732,100.0,0.03363165875385758,35.0387864932847,0.22910248630840127,35655.1712,0.0,297.5,0.0004167678093410849,8.498024049937274e-06,0.4882869525209955,7.113428352185647e-07,0.0,1.1497934955232578,interaction_004_wet_humid_boundary_june2024,smartgarden_pa1_joint_c0fc643ba7cc
2024-06-15T09:00,33.0,62.0,572.0,377.0,195.0,0.45,100720.0,24.7,1.93,0.44,34.1,0.12,0,1,0,1.0,34.06244730192887,76.81919336012686,0.028921456310693556,35.16728813001675,0.22706687681408444,57196.568,1.2373411967048709,486.2,0.0020201543733932713,1.3989934037006466e-05,0.4757214618153361,0.0,0.0,1.1421400427468245,interaction_004_wet_humid_boundary_june2024,smartgarden_pa1_joint_c0fc643ba7cc
2024-06-15T10:00,34.4,55.0,762.0,608.0,154.0,0.32,100620.0,24.1,2.42,0.59,35.8,0.12,0,1,0,1.0,36.1654833246426,70.06833852169378,0.029427180794847685,35.43714790705408,0.22418159836372842,72474.08959999999,1.7944486209421395,647.6999999999999,0.002146666330922582,1.7991382073393412e-05,0.4579111010106693,0.0,0.0,1.133248366885039,interaction_004_wet_humid_boundary_june2024,smartgarden_pa1_joint_c0fc643ba7cc
2024-06-15T11:00,35.1,52.0,824.0,698.0,126.0,0.22,100570.0,23.9,2.7,0.65,37.0,0.119,0,1,0,1.0,37.56492970879355,64.22682124310677,0.028981407272876115,35.799731887750745,0.2208739411781017,76944.9824,2.3146983460916424,700.4,0.0022631285847568468,1.8715473710611552e-05,0.4374934640623561,0.0,0.0,1.127583669623891,interaction_004_wet_humid_boundary_june2024,smartgarden_pa1_joint_c0fc643ba7cc
2024-06-15T12:00,35.8,50.0,895.0,690.0,205.0,0.57,100440.0,23.7,2.95,0.71,38.1,0.118,0,1,0,1.0,38.59321016247358,60.618939651640055,0.028821082640792674,36.209171405133326,0.21744045205101417,85972.39199999999,2.693754849596373,760.75,0.0023689459623402985,1.9401620511996995e-05,0.4162990867346554,0.0,0.0,1.1224116082354205,interaction_004_wet_humid_boundary_june2024,smartgarden_pa1_joint_c0fc643ba7cc
2024-06-15T13:00,36.2,49.0,828.0,658.0,170.0,1.08,100370.0,23.8,3.05,0.67,38.5,0.118,0,1,0,1.0,39.10626605386705,56.50875433059109,0.027572607031344475,36.62630455741047,0.21414466804572177,78845.008,3.0580657003563245,703.8,0.0025273770351778345,1.724683476150453e-05,0.3959547410229739,0.0,0.0,1.1197864572552834,interaction_004_wet_humid_boundary_june2024,smartgarden_pa1_joint_c0fc643ba7cc
2024-06-15T14:00,36.0,49.0,843.0,727.0,116.0,1.51,100270.0,23.6,3.02,0.68,38.6,0.117,0,1,0,1.0,39.15091329295278,54.48615403063566,0.026645635738944098,37.02508216024616,0.21108420280138487,78265.1584,3.2079561838453396,716.55,0.0027195713246466195,1.674928117735354e-05,0.3770629802554622,0.0,0.0,1.11851087104788,interaction_004_wet_humid_boundary_june2024,smartgarden_pa1_joint_c0fc643ba7cc
2024-06-15T15:00,33.9,57.0,658.0,509.0,149.0,1.84,100310.0,24.3,2.26,0.53,37.9,0.121,0,1,0,1.0,37.458118640635654,57.2455924572213,0.025690774485115926,37.35728684635933,0.20844878417561802,63146.17759999999,2.750429665818989,559.3,0.002904573050951891,1.257889458286937e-05,0.3607949640470248,0.0,0.0,1.1250553161046102,interaction_004_wet_humid_boundary_june2024,smartgarden_pa1_joint_c0fc643ba7cc
2024-06-15T16:00,32.6,65.0,393.0,306.0,87.0,1.91,100350.0,25.2,1.72,0.32,36.4,0.121,0,1,0,1.0,35.124531147995626,63.59933027714862,0.025308971831704913,37.52411125612711,0.20665846580575215,37644.8688,2.0608229657624317,334.05,0.002832604122116768,7.396856062161811e-06,0.3497436160848898,0.0,0.0,1.1340238272217746,interaction_004_wet_humid_boundary_june2024,smartgarden_pa1_joint_c0fc643ba7cc
2024-06-15T17:00,32.3,66.0,180.0,111.0,69.0,0.91,100400.0,25.1,1.65,0.15,35.2,0.121,0,1,0,1.0,33.58296522836537,66.40983631513541,0.0243810065778085,37.528369357210345,0.20567836279855456,18267.5856,1.7456754341263019,153.0,0.0022206988754934045,3.5442119712673653e-06,0.34369359752194173,0.0,0.0,1.1402910315458992,interaction_004_wet_humid_boundary_june2024,smartgarden_pa1_joint_c0fc643ba7cc
2024-06-15T18:00,31.6,68.0,61.0,33.0,28.0,0.71,100450.0,25.0,1.47,0.05,34.0,0.121,1,1,0,1.0,32.41159373963283,67.59609276821328,0.02332742782954136,37.42542084093151,0.20522945355965563,6353.1071999999995,1.5769325339045932,51.85,0.002045808564755203,1.4534320651168002e-06,0.3409225528373805,0.0,0.0,1.1452323923585206,interaction_004_wet_humid_boundary_june2024,smartgarden_pa1_joint_c0fc643ba7cc
2024-06-15T19:00,30.8,71.0,0.0,0.0,0.0,1.12,100530.0,24.9,1.28,0.03,33.0,0.121,0,1,0,1.0,31.32237290882254,69.91708369742383,0.022767836105568,37.25733175487023,0.2175299926386427,0.0,1.3765056044321455,0.0,0.0021719091881330825,4.4756310123947833e-07,0.4168518064113747,0.0,0.0,1.1502446962808595,interaction_004_wet_humid_boundary_june2024,smartgarden_pa1_joint_c0fc643ba7cc
2024-06-15T20:00,30.1,72.0,0.0,0.0,0.0,1.04,100550.0,24.5,1.19,0.01,32.2,0.12,0,0,0,1.0,30.514038811808344,72.65967507349973,0.02265626330174889,37.05819648074072,0.21745562174317193,0.0,1.194712954303244,0.0,0.0007195407723461646,3.880264321418193e-07,0.4163927268097033,0.0,0.0,1.1535360187719885,interaction_004_wet_humid_boundary_june2024,smartgarden_pa1_joint_c0fc643ba7cc
2024-06-15T21:00,29.8,72.0,0.0,0.0,0.0,0.98,100590.0,24.2,1.16,0.01,31.7,0.12,0,0,0,1.0,30.04467086037327,73.3570869920036,0.022301859285527966,36.85021643869225,0.21738795382468828,0.0,1.1333758901436948,0.0,0.0006493965130194578,3.677357288752733e-07,0.415975023609187,0.0,0.0,1.1557813794231346,interaction_004_wet_humid_boundary_june2024,smartgarden_pa1_joint_c0fc643ba7cc
2024-06-15T22:00,29.4,75.0,0.0,0.0,0.0,1.03,100670.0,24.4,1.03,0.01,31.2,0.12,0,0,0,1.0,29.669797011737927,75.18895838802241,0.02239970031418507,36.63934641678628,0.21732431198663923,0.0,1.032973323308461,0.0,0.0006824964213868905,3.348425325184545e-07,0.41558217275703235,0.0,0.0,1.1581325113901009,interaction_004_wet_humid_boundary_june2024,smartgarden_pa1_joint_c0fc643ba7cc
2024-06-15T23:00,29.1,77.0,0.0,0.0,0.0,1.12,100710.0,24.6,0.94,0.01,30.9,0.12,0,0,0,1.0,29.335429593240193,77.23989070631931,0.022596925909050193,36.426231677097704,0.21726724780605486,0.0,0.929518888990529,0.0,0.0007244706784405073,3.0105196548138936e-07,0.4152299247287337,0.0,0.0,1.159873389700734,interaction_004_wet_humid_boundary_june2024,smartgarden_pa1_joint_c0fc643ba7cc
2024-06-16T00:00,29.0,78.0,0.0,0.0,0.0,1.12,100670.0,24.7,0.88,0.0,30.6,0.12,0,0,0,1.0,29.150780746880752,78.54245710933233,0.022748438619680546,36.21310329460597,0.21721509491619526,0.0,0.8670378831703629,0.0,0.0007060742198920558,2.805979396192698e-07,0.4149079933098473,0.0,0.0,1.1601208939830479,interaction_004_wet_humid_boundary_june2024,smartgarden_pa1_joint_c0fc643ba7cc
2024-06-16T01:00,28.8,80.0,0.0,0.0,0.0,1.17,100610.0,24.9,0.8,0.0,30.3,0.12,0,0,0,1.0,28.98243033097097,80.08251497917415,0.02298283824728377,36.00241155359988,0.21716650656261371,0.0,0.7970205250626075,0.0,0.0007413831085033147,2.577518875011189e-07,0.41460806520131926,0.0,0.0,1.1600754967269453,interaction_004_wet_humid_boundary_june2024,smartgarden_pa1_joint_c0fc643ba7cc
2024-06-16T02:00,28.8,80.0,0.0,0.0,0.0,1.06,100570.0,25.0,0.79,0.0,30.1,0.12,0,0,0,1.0,28.90366515031792,80.79570083103137,0.02308818434493667,35.79444256909257,0.2171213552458208,0.0,0.7649900862667671,0.0,0.0006609132087514272,2.472271212659097e-07,0.4143293533692642,0.0,0.0,1.1599166673697354,interaction_004_wet_humid_boundary_june2024,smartgarden_pa1_joint_c0fc643ba7cc
2024-06-16T03:00,28.6,80.0,0.0,0.0,0.0,0.99,100570.0,24.9,0.78,0.0,30.0,0.12,0,0,0,1.0,28.775744041185288,80.88884710572297,0.02295407300611381,35.59052004058287,0.21707713936417075,0.0,0.7556659449227765,0.0,0.0006384629723277432,2.4405289952016934e-07,0.41405641582821456,0.0,0.0,1.160408105511463,interaction_004_wet_humid_boundary_june2024,smartgarden_pa1_joint_c0fc643ba7cc
2024-06-16T04:00,28.4,82.0,0.0,0.0,0.0,1.06,100610.0,25.0,0.7,0.0,29.8,0.12,0,0,0,1.0,28.584541236398554,82.05390667359875,0.023042798025261484,35.3884813629108,0.21703451140669908,0.0,0.7017826167445116,0.0,0.0006797606156086888,2.2650648620495563e-07,0.41379328028826595,0.0,0.0,1.1616052565851867,interaction_004_wet_humid_boundary_june2024,smartgarden_pa1_joint_c0fc643ba7cc
2024-06-16T05:00,28.3,82.0,0.0,0.0,0.0,1.34,100620.0,25.0,0.69,0.0,29.7,0.12,0,0,0,1.0,28.444114982599885,82.49395337007067,0.02298915357791357,35.188206515122545,0.2169947331305716,0.0,0.6790214815967879,0.0,0.0008315059127364478,2.190300808679733e-07,0.41354773537389883,0.0,0.0,1.1622616255298321,interaction_004_wet_humid_boundary_june2024,smartgarden_pa1_joint_c0fc643ba7cc
2024-06-16T06:00,28.4,82.0,21.0,9.0,12.0,1.41,100650.0,25.0,0.7,0.02,29.6,0.12,1,0,0,1.0,28.503292768909617,83.56018541442566,0.023361792392660605,34.99732143610585,0.21691745504445867,2270.1888,0.6398577816528759,17.849999999999998,0.0008648427233050618,6.374978387525337e-07,0.41307071015097946,0.0,0.0,1.1623800772089856,interaction_004_wet_humid_boundary_june2024,smartgarden_pa1_joint_c0fc643ba7cc
2024-06-16T07:00,29.6,73.0,157.0,90.0,67.0,1.1,100700.0,24.3,1.11,0.12,30.4,0.12,0,0,0,1.0,29.54704124692305,87.99818935207155,0.026041807197284897,34.859530370251754,0.22898875544585315,16173.2208,0.49616261169879605,133.45,0.0006723622963223896,3.995188760167389e-06,0.4875849101595874,0.0,0.0,1.1589474478372452,interaction_004_wet_humid_boundary_june2024,smartgarden_pa1_joint_c0fc643ba7cc
2024-06-16T08:00,30.7,67.0,251.0,103.0,148.0,0.5,100730.0,23.8,1.46,0.19,31.5,0.12,0,0,0,1.0,31.010088354780926,97.70756175693569,0.03128964759070421,34.81047856481895,0.22808153659030503,27294.995199999998,0.10304906885659815,213.35,0.00043125254910154074,6.054381267066607e-06,0.481984793767315,5.66522164044845e-07,0.0,1.1537163759002214,interaction_004_wet_humid_boundary_june2024,smartgarden_pa1_joint_c0fc643ba7cc
2024-06-16T09:00,32.0,61.0,453.0,247.0,206.0,0.14,100780.0,23.6,1.85,0.34,33.0,0.119,0,1,0,1.0,32.771014909218266,75.44217919054101,0.026535732648200135,34.86826807604457,0.2265491145166964,47111.5744,1.219516557301605,385.05,0.001883194840545434,1.1093312405494867e-05,0.47252539825121237,0.0,0.0,1.1476447952302038,interaction_004_wet_humid_boundary_june2024,smartgarden_pa1_joint_c0fc643ba7cc
2024-06-16T10:00,33.8,54.0,791.0,686.0,105.0,1.02,100720.0,23.2,2.42,0.61,35.1,0.119,0,1,0,1.0,35.32567432894076,69.66425286744509,0.028013597607803906,35.09978920429039,0.22387077234653738,73302.152,1.7366257068910915,672.35,0.0023055053049930575,1.855298330062896e-05,0.45599242189220607,0.0,0.0,1.1374629084030259,interaction_004_wet_humid_boundary_june2024,smartgarden_pa1_joint_c0fc643ba7cc
2024-06-16T11:00,34.7,51.0,861.0,724.0,137.0,1.41,100690.0,23.2,2.7,0.68,36.5,0.118,0,1,0,1.0,37.16149448224133,61.97009121576514,0.027392482789437744,35.474469011076295,0.22044692526734785,80587.98879999999,2.4073770393430434,731.85,0.002598237174790307,1.94342102723844e-05,0.43485756337869047,0.0,0.0,1.1303968190733384,interaction_004_wet_humid_boundary_june2024,smartgarden_pa1_joint_c0fc643ba7cc
2024-06-16T12:00,35.3,50.0,892.0,745.0,147.0,1.62,100640.0,23.2,2.87,0.72,37.5,0.118,0,1,0,1.0,38.14548258496034,58.3805704004875,0.027133663369749643,35.89228955868876,0.2169651043398283,83667.8128,2.778950086644504,758.1999999999999,0.00273252637910279,1.9230675344552434e-05,0.4133648416038784,0.0,0.0,1.12626414521449,interaction_004_wet_humid_boundary_june2024,smartgarden_pa1_joint_c0fc643ba7cc
2024-06-16T13:00,34.7,51.0,702.0,533.0,169.0,1.14,100600.0,23.2,2.7,0.57,37.5,0.117,0,1,0,1.0,37.72093534953229,56.53001344650207,0.025712079693940158,36.26892756327616,0.21392213219307735,67721.8256,2.836608812939719,596.6999999999999,0.002564788178916099,1.4646653688292283e-05,0.39458106292023054,0.0,0.0,1.1273539987361194,interaction_004_wet_humid_boundary_june2024,smartgarden_pa1_joint_c0fc643ba7cc
2024-06-16T14:00,34.7,50.0,678.0,461.0,217.0,1.12,100480.0,22.9,2.74,0.55,37.6,0.117,0,1,0,1.0,37.29649981132403,56.11166836018564,0.02497478529725523,36.570427078990996,0.21138211454252634,67298.58080000001,2.798698575204124,576.3,0.0025019949738396543,1.3601266766762176e-05,0.378901941620533,0.0,0.0,1.1275486972255302,interaction_004_wet_humid_boundary_june2024,smartgarden_pa1_joint_c0fc643ba7cc
2024-06-16T15:00,34.6,51.0,601.0,384.0,217.0,1.43,100500.0,23.1,2.68,0.49,37.3,0.117,0,1,0,1.0,37.0194516249975,55.39348985171103,0.0243079885198808,36.833542037524666,0.2091072437535335,60522.5808,2.80194283143458,510.84999999999997,0.0026015522091922616,1.170113282136266e-05,0.36485952934279947,0.0,0.0,1.1287804742181848,interaction_004_wet_humid_boundary_june2024,smartgarden_pa1_joint_c0fc643ba7cc
2024-06-16T16:00,33.5,56.0,379.0,182.0,197.0,1.81,100540.0,23.4,2.29,0.33,36.3,0.117,0,1,0,1.0,35.717773490152396,56.65173978701642,0.023248576773420224,37.002714031544855,0.20739397362155806,40282.932799999995,2.5357071446461616,322.15,0.002751023389516922,7.377473297690348e-06,0.3542837877873955,0.0,0.0,1.1339887139438833,interaction_004_wet_humid_boundary_june2024,smartgarden_pa1_joint_c0fc643ba7cc
2024-06-16T17:00,32.1,61.0,167.0,39.0,128.0,0.91,100550.0,23.6,1.87,0.15,35.0,0.118,0,1,0,1.0,33.71818197857384,60.45219267472425,0.022352082497386697,37.02565389089456,0.20642205096642977,19199.3472,2.0708655773728926,141.95,0.002280279118714357,3.4547535786232014e-06,0.3482842652248751,0.0,0.0,1.141491451204458,interaction_004_wet_humid_boundary_june2024,smartgarden_pa1_joint_c0fc643ba7cc
2024-06-16T18:00,31.5,64.0,60.0,24.0,36.0,0.86,100610.0,23.9,1.65,0.06,33.8,0.118,1,1,0,1.0,32.27828503364422,63.68526860706276,0.021822802576451385,36.931791577714414,0.20597749215222733,6546.5664,1.7540232027957305,51.0,0.0021003429535119624,1.5036653548780363e-06,0.34554007501374895,0.0,0.0,1.147557205302422,interaction_004_wet_humid_boundary_june2024,smartgarden_pa1_joint_c0fc643ba7cc
2024-06-16T19:00,30.9,67.0,0.0,0.0,0.0,0.89,100570.0,24.2,1.46,0.03,32.9,0.118,0,0,0,1.0,31.338381073591012,67.48544879557014,0.021994828724557585,36.77560347218937,0.21826845315633378,0.0,1.489123229259047,0.0,0.0006486121459925609,4.894747453588285e-07,0.4214102046687271,0.0,0.0,1.1506418714981899,interaction_004_wet_humid_boundary_june2024,smartgarden_pa1_joint_c0fc643ba7cc
2024-06-16T20:00,30.4,71.0,0.0,0.0,0.0,1.0,100640.0,24.6,1.25,0.01,32.2,0.118,0,0,0,1.0,30.712175587777292,71.14898700019806,0.022422979960629637,36.59227386995767,0.21818691132250603,0.0,1.2750699845792246,0.0,0.0006758102809649073,4.1861484873718725e-07,0.42090686001546934,0.0,0.0,1.1538156729263713,interaction_004_wet_humid_boundary_june2024,smartgarden_pa1_joint_c0fc643ba7cc
2024-06-16T21:00,30.0,75.0,0.0,0.0,0.0,1.0,100700.0,25.1,1.07,0.01,31.7,0.118,0,0,0,1.0,30.26417228360018,74.84930393452315,0.02302681993396708,36.402383359404745,0.21811732873064285,0.0,1.0834372816780942,0.0,0.0006648065909155604,3.5533744265789297e-07,0.4204773378434744,0.0,0.0,1.1562082310812625,interaction_004_wet_humid_boundary_june2024,smartgarden_pa1_joint_c0fc643ba7cc
2024-06-16T22:00,29.7,77.0,0.0,0.0,0.0,0.99,100710.0,25.3,0.94,0.0,31.2,0.118,0,0,0,1.0,29.922927580669313,77.37941716972034,0.023370384398456068,36.20902748674474,0.21805754112630274,0.0,0.9555711769056225,0.0,0.0006496800847188211,3.131258224917522e-07,0.42010827855742433,0.0,0.0,1.1576250091292282,interaction_004_wet_humid_boundary_june2024,smartgarden_pa1_joint_c0fc643ba7cc
2024-06-16T23:00,29.4,79.0,0.0,0.0,0.0,0.85,100740.0,25.4,0.84,0.0,30.9,0.118,0,0,0,1.0,29.622066506270645,79.3709754213538,0.023584473497728835,36.01405509394807,0.21800414317349845,0.0,0.8565065166548864,0.0,0.0005737153313717826,2.80443664162679e-07,0.41977866156480526,0.0,0.0,1.159120509418883,interaction_004_wet_humid_boundary_june2024,smartgarden_pa1_joint_c0fc643ba7cc
2024-06-17T00:00,29.1,81.0,0.0,0.0,0.0,1.0,100710.0,25.6,0.74,0.0,30.6,0.118,0,0,0,1.0,29.325042237586,81.16216739064019,0.02373100926422217,35.81787062340983,0.21795632558182687,0.0,0.768873260806267,0.0,0.000655776843044676,2.515731190195001e-07,0.4194834912458449,0.0,0.0,1.1599132211437633,interaction_004_wet_humid_boundary_june2024,smartgarden_pa1_joint_c0fc643ba7cc
2024-06-17T01:00,28.8,83.0,0.0,0.0,0.0,0.86,100680.0,25.7,0.67,0.0,30.3,0.118,0,0,0,1.0,29.028670722482776,83.03110467187621,0.02388915480042076,35.620536207133966,0.21791362336342654,0.0,0.6808462522855852,0.0,0.0005809461424678235,2.226309508517068e-07,0.4192198973051021,0.0,0.0,1.1607049839409334,interaction_004_wet_humid_boundary_june2024,smartgarden_pa1_joint_c0fc643ba7cc
2024-06-17T02:00,28.7,87.0,0.0,0.0,0.0,0.86,100650.0,26.4,0.51,0.0,30.1,0.118,0,0,0,1.0,28.84925686149379,86.03560905532272,0.024512703780880336,35.42310351163655,0.21787704097179622,0.0,0.5545140544110971,0.0,0.0005592715243620387,1.8122372277003165e-07,0.4189940800728162,0.0,0.0,1.1610484786718607,interaction_004_wet_humid_boundary_june2024,smartgarden_pa1_joint_c0fc643ba7cc
2024-06-17T03:00,28.6,88.0,0.0,0.0,0.0,0.81,100610.0,26.4,0.47,0.0,29.9,0.118,0,0,0,1.0,28.74096519297055,87.99014966949038,0.02492187693706638,35.22824073364762,0.21784721093856207,0.0,0.47392116799857176,0.0,0.0005292972652756759,1.5481666033142018e-07,0.418809944065198,0.0,0.0,1.161003374080708,interaction_004_wet_humid_boundary_june2024,smartgarden_pa1_joint_c0fc643ba7cc
2024-06-17T04:00,28.5,88.0,0.0,0.0,0.0,0.81,100630.0,26.3,0.47,0.0,29.7,0.118,0,0,0,1.0,28.639523515493426,88.49384980300712,0.024926072915790805,35.03650302170866,0.21782020598399496,0.0,0.4513845352871444,0.0,0.0005288862232941199,1.4739588818338213e-07,0.4186432468147837,0.0,0.0,1.1616244970422163,interaction_004_wet_humid_boundary_june2024,smartgarden_pa1_joint_c0fc643ba7cc
2024-06-17T05:00,28.4,88.0,0.0,0.0,0.0,0.95,100700.0,26.3,0.46,0.0,29.6,0.118,0,0,0,1.0,28.538032260349095,88.466122869337,0.024780426237647524,34.84785078931528,0.21779377140421086,0.0,0.4498180580812745,0.0,0.000606608541707514,1.4682711623689764e-07,0.4184800703963633,0.0,0.0,1.1628235989098392,interaction_004_wet_humid_boundary_june2024,smartgarden_pa1_joint_c0fc643ba7cc
2024-06-17T06:00,28.5,87.0,22.0,11.0,11.0,0.95,100740.0,26.2,0.49,0.01,29.6,0.118,1,0,0,1.0,28.60358410811698,89.22885671753667,0.02508379605718343,34.66887188504611,0.21772681836143234,2323.0063999999998,0.42167114023279106,18.7,0.0005976764311882367,5.948477767301005e-07,0.4180667800088417,0.0,0.0,1.1630327871791333,interaction_004_wet_humid_boundary_june2024,smartgarden_pa1_joint_c0fc643ba7cc
2024-06-17T07:00,29.6,78.0,171.0,115.0,56.0,0.82,100770.0,25.4,0.9,0.12,30.5,0.118,0,0,0,1.0,29.61870119223529,96.80296498721421,0.028759006936261124,34.54580283551674,0.22977944073466275,17018.214399999997,0.13271356078487795,145.35,0.0004978744889809376,4.238401757614389e-06,0.4924656835473009,1.4618361192465346e-06,0.0,1.159478578840373,interaction_004_wet_humid_boundary_june2024,smartgarden_pa1_joint_c0fc643ba7cc
2024-06-17T08:00,31.3,66.0,372.0,277.0,95.0,0.54,100820.0,24.3,1.53,0.27,32.2,0.117,0,0,0,1.0,31.64126239747194,99.99999999999999,0.03312379396665835,34.54394026467816,0.22859044229135184,36078.328,8.881784197001252e-16,316.2,0.00045867748365848343,8.973718668967522e-06,0.48512618698365334,5.834717050167951e-07,0.0,1.1523558985743703,interaction_004_wet_humid_boundary_june2024,smartgarden_pa1_joint_c0fc643ba7cc
2024-06-17T09:00,32.9,58.0,613.0,505.0,108.0,0.2,100760.0,23.5,2.09,0.46,34.1,0.117,0,1,0,1.0,33.993651090341146,74.44085498635403,0.02792516923416815,34.69704833360542,0.22642862752288645,57743.699199999995,1.3590769005922856,521.05,0.00198018623290447,1.488070330750527e-05,0.4717816513758423,0.0,0.0,1.1428495591337644,interaction_004_wet_humid_boundary_june2024,smartgarden_pa1_joint_c0fc643ba7cc
2024-06-17T10:00,34.0,53.0,709.0,582.0,127.0,0.5,100750.0,23.2,2.49,0.55,35.7,0.117,0,1,0,1.0,35.81690781075034,66.83736226467887,0.02756952563576405,34.97377213886966,0.22358164762739763,66860.1648,1.9504855177201748,602.65,0.0021911601543460986,1.6704125792206985e-05,0.4542077014036891,0.0,0.0,1.135992691223521,interaction_004_wet_humid_boundary_june2024,smartgarden_pa1_joint_c0fc643ba7cc
2024-06-17T11:00,34.7,51.0,795.0,669.0,126.0,1.03,100680.0,23.1,2.71,0.63,36.7,0.116,0,1,0,1.0,37.0480214500721,62.06753656333616,0.02727661386812018,35.31926573981593,0.22045392903744,74392.9824,2.386424635636787,675.75,0.002435102167999308,1.8001755695738668e-05,0.4349007965274074,0.0,0.0,1.1306980215690556,interaction_004_wet_humid_boundary_june2024,smartgarden_pa1_joint_c0fc643ba7cc
2024-06-17T12:00,34.9,51.0,825.0,687.0,138.0,1.35,100650.0,23.2,2.75,0.66,37.4,0.116,0,1,0,1.0,37.68239388400711,59.32301588052104,0.026929490307622515,35.70366537555265,0.21722254377874395,77455.1712,2.6488150563240036,701.25,0.0026131637921169987,1.7880035082716688e-05,0.4149539739428639,0.0,0.0,1.128054168864768,interaction_004_wet_humid_boundary_june2024,smartgarden_pa1_joint_c0fc643ba7cc
2024-06-17T13:00,34.6,52.0,704.0,466.0,238.0,1.7,100590.0,23.3,2.63,0.58,37.4,0.116,0,1,0,1.0,37.41988028548082,57.13361514000179,0.025590494395736647,36.06031941819854,0.21429031493597905,70325.41119999999,2.751914079136384,598.4,0.0027655617245257217,1.4744266608505646e-05,0.3968537959011053,0.0,0.0,1.1283346427497336,interaction_004_wet_humid_boundary_june2024,smartgarden_pa1_joint_c0fc643ba7cc
2024-06-17T14:00,35.0,51.0,647.0,410.0,237.0,1.57,100540.0,23.2,2.77,0.54,37.4,0.116,0,1,0,1.0,37.33027673991422,56.394266892023566,0.02514394732470394,36.35800080597675,0.21178747950872176,65274.2288,2.7857864225192213,549.9499999999999,0.0026514175609809463,1.3099322639402982e-05,0.3814041944982825,0.0,0.0,1.1280992561476333,interaction_004_wet_humid_boundary_june2024,smartgarden_pa1_joint_c0fc643ba7cc
2024-06-17T15:00,32.0,66.0,437.0,187.0,250.0,1.4,100470.0,24.7,1.63,0.35,36.3,0.137,0,1,0,1.0,35.124329105439465,64.05916150501852,0.025491691208776424,36.56539576897201,0.20983544254034575,47251.6,2.0347669311289605,371.45,0.0026772083032087163,8.6122198483698e-06,0.3693545835823812,0.0,0.0,1.1353806536527502,interaction_004_wet_humid_boundary_june2024,smartgarden_pa1_joint_c0fc643ba7cc
2024-06-17T16:00,32.3,63.0,229.0,79.0,150.0,1.78,100520.0,24.3,1.81,0.22,34.7,0.137,0,1,0,1.0,33.537649427298284,64.44983674430817,0.02360510117734186,36.615392185493064,0.2086497722373659,25429.36,1.8428654858640723,194.65,0.002622003795838576,4.642911498142068e-06,0.3620356310948512,0.0,0.0,1.1418226186152511,interaction_004_wet_humid_boundary_june2024,smartgarden_pa1_joint_c0fc643ba7cc
2024-06-17T17:00,31.9,65.0,149.0,62.0,87.0,1.12,100530.0,24.5,1.65,0.14,34.1,0.137,0,1,0,1.0,32.820227072014184,65.91708675643912,0.023245861347911113,36.57444623862088,0.20795114418370697,16172.868799999998,1.697208589808513,126.64999999999999,0.0022460629070550657,3.12394145802462e-06,0.3577231122451048,0.0,0.0,1.1446137601486068,interaction_004_wet_humid_boundary_june2024,smartgarden_pa1_joint_c0fc643ba7cc
2024-06-17T18:00,31.6,66.0,62.0,23.0,39.0,0.99,100550.0,24.4,1.58,0.06,33.3,0.137,1,1,0,1.0,32.16584589813513,66.43683912648623,0.022630050647573056,36.4797875051088,0.20753205430332364,6828.1136,1.6108699085537719,52.699999999999996,0.002115063910346303,1.5410878873885553e-06,0.3551361376748373,0.0,0.0,1.147295206197929,interaction_004_wet_humid_boundary_june2024,smartgarden_pa1_joint_c0fc643ba7cc
2024-06-17T19:00,31.1,69.0,0.0,0.0,0.0,0.99,100660.0,24.8,1.39,0.03,32.5,0.136,0,0,0,1.0,31.47698084802252,70.45964793017103,0.023135012322546108,36.337620315605484,0.21982314929285235,0.0,1.363593759458087,0.0,0.0006850843266558694,4.584204956810257e-07,0.43100709440032314,0.0,0.0,1.1511475900764212,interaction_004_wet_humid_boundary_june2024,smartgarden_pa1_joint_c0fc643ba7cc
2024-06-17T20:00,30.8,71.0,0.0,0.0,0.0,0.71,100720.0,25.0,1.27,0.0,32.0,0.136,0,0,0,1.0,31.01418122783002,72.30659030760513,0.023160382137005185,36.17130124772812,0.21974410234766745,0.0,1.2451567981206324,0.0,0.0004977636277133219,4.1812980043379656e-07,0.43051915029424354,0.0,0.0,1.1535863173545735,interaction_004_wet_humid_boundary_june2024,smartgarden_pa1_joint_c0fc643ba7cc
2024-06-17T21:00,30.5,73.0,0.0,0.0,0.0,0.72,100740.0,25.1,1.17,0.0,31.6,0.136,0,0,0,1.0,30.70000590948661,74.29864335410055,0.02340029497980124,36.00152419497687,0.21967232191399755,0.0,1.1350825596027114,0.0,0.0004985911577521534,3.8077403236698423e-07,0.43007606119751574,0.0,0.0,1.1550084092185278,interaction_004_wet_humid_boundary_june2024,smartgarden_pa1_joint_c0fc643ba7cc
2024-06-17T22:00,30.1,76.0,0.0,0.0,0.0,1.0,100780.0,25.3,1.04,0.01,31.2,0.136,0,0,0,1.0,30.343546971329836,76.39197346664099,0.023602232160354127,35.82921266399082,0.21960713174349025,0.0,1.0216125037861792,0.0,0.0006599608959941119,3.4238878142368134e-07,0.42967365273759417,0.0,0.0,1.1568241368416057,interaction_004_wet_humid_boundary_june2024,smartgarden_pa1_joint_c0fc643ba7cc
2024-06-17T23:00,29.8,78.0,0.0,0.0,0.0,0.99,100780.0,25.6,0.91,0.0,30.9,0.136,0,0,0,1.0,30.011865019619027,78.42580529971188,0.02380060236020675,35.653752962150286,0.21954883237274064,0.0,0.916030282545496,0.0,0.0006470150936033893,3.067462501475712e-07,0.42931378007864596,0.0,0.0,1.1580897897213598,interaction_004_wet_humid_boundary_june2024,smartgarden_pa1_joint_c0fc643ba7cc
2024-06-18T00:00,29.5,80.0,0.0,0.0,0.0,1.06,100730.0,25.6,0.83,0.0,30.7,0.136,0,0,0,1.0,29.71173229186171,80.24257703252367,0.023959618841405517,35.47626106594751,0.21949643202692465,0.0,0.8245584407711544,0.0,0.0006857933164880758,2.7590752044690135e-07,0.4289903211538559,0.0,0.0,1.1586623115924062,interaction_004_wet_humid_boundary_june2024,smartgarden_pa1_joint_c0fc643ba7cc
2024-06-18T01:00,29.2,81.0,0.0,0.0,0.0,0.89,100710.0,25.7,0.75,0.0,30.4,0.136,0,0,0,1.0,29.41526208935455,81.57651626984503,0.02396934842583105,35.29707679034581,0.2194489782318394,0.0,0.7558812956941181,0.0,0.0005934098648824848,2.5275458794692587e-07,0.42869739649283584,0.0,0.0,1.1595673546085459,interaction_004_wet_humid_boundary_june2024,smartgarden_pa1_joint_c0fc643ba7cc
2024-06-18T02:00,28.8,83.0,0.0,0.0,0.0,0.98,100610.0,25.7,0.66,0.0,30.1,0.136,0,0,0,1.0,29.060444819692492,83.0661628183572,0.02394063362992719,35.11577495620097,0.2194056577198012,0.0,0.680687925311195,0.0,0.0006533583375029168,2.2746915224294637e-07,0.4284299859246988,0.0,0.0,1.159776027604329,interaction_004_wet_humid_boundary_june2024,smartgarden_pa1_joint_c0fc643ba7cc
2024-06-18T03:00,28.7,84.0,0.0,0.0,0.0,0.98,100520.0,25.7,0.63,0.0,29.9,0.136,0,0,0,1.0,28.844669159885623,84.32594794034965,0.02401958703302777,34.93258668615661,0.21936665476262274,0.0,0.622238059541437,0.0,0.0006251745151261576,2.078197942714359e-07,0.42818922692977,0.0,0.0,1.1595664782434811,interaction_004_wet_humid_boundary_june2024,smartgarden_pa1_joint_c0fc643ba7cc
2024-06-18T04:00,28.6,84.0,0.0,0.0,0.0,0.98,100510.0,25.7,0.61,0.0,29.7,0.136,0,0,0,1.0,28.730961474526065,84.71234607967254,0.023980389003061313,34.751222499343086,0.21933001299975338,0.0,0.6029173572181352,0.0,0.0006217598549271936,2.0126055065860502e-07,0.4279630432083542,0.0,0.0,1.1598878449285492,interaction_004_wet_humid_boundary_june2024,smartgarden_pa1_joint_c0fc643ba7cc
2024-06-18T05:00,28.5,85.0,0.0,0.0,0.0,0.82,100540.0,25.7,0.59,0.0,29.6,0.136,0,0,0,1.0,28.628973477758933,85.42178346406021,0.024046899029437564,34.572551185518336,0.2192945832370664,0.0,0.5715517045160068,0.0,0.0005313181142712151,1.906928455990115e-07,0.4277443409695458,0.0,0.0,1.1606261536462619,interaction_004_wet_humid_boundary_june2024,smartgarden_pa1_joint_c0fc643ba7cc
2024-06-18T06:00,28.4,85.0,21.0,10.0,11.0,1.1,100630.0,25.7,0.58,0.02,29.5,0.135,1,0,0,1.0,28.575973748445147,86.8513894533118,0.02437863300708832,34.40202063690871,0.21922177967777653,2235.0063999999998,0.5139215674362743,17.849999999999998,0.0007003619933347437,6.174769999009669e-07,0.4272949362825712,0.0,0.0,1.1618691593272275,interaction_004_wet_humid_boundary_june2024,smartgarden_pa1_joint_c0fc643ba7cc
2024-06-18T07:00,29.7,76.0,181.0,125.0,56.0,1.2,100680.0,25.1,0.99,0.13,30.8,0.135,0,0,0,1.0,29.655238568242723,92.55188151726728,0.02755057711912457,34.288020147306376,0.23123804036615006,17898.214399999997,0.30983260244882116,153.85,0.0007296002872462857,4.634527115782299e-06,0.5014693849762349,0.0,0.0,1.158303240745243,interaction_004_wet_humid_boundary_june2024,smartgarden_pa1_joint_c0fc643ba7cc
2024-06-18T08:00,31.4,65.0,398.0,318.0,80.0,1.12,100730.0,24.0,1.62,0.3,32.3,0.135,0,0,0,1.0,31.782378019135816,97.81540461865775,0.032645018586689,34.30407492108333,0.2299358500539512,37838.592000000004,0.10260202247052508,338.3,0.0007547437695897461,9.804763392557431e-06,0.4934311731725383,0.0,0.0,1.1507944059917035,interaction_004_wet_humid_boundary_june2024,smartgarden_pa1_joint_c0fc643ba7cc
2024-06-18T09:00,32.6,59.0,590.0,488.0,102.0,1.04,100770.0,23.5,2.03,0.45,33.9,0.134,0,1,0,1.0,33.80871140763406,72.48416913587796,0.026928608573630754,34.46494384348288,0.2277148876197681,55508.6048,1.4481216556555339,501.5,0.002260729241472377,1.4615812477873388e-05,0.47972152851708705,0.0,0.0,1.1436516063215,interaction_004_wet_humid_boundary_june2024,smartgarden_pa1_joint_c0fc643ba7cc
2024-06-18T10:00,33.6,55.0,751.0,638.0,113.0,0.89,100720.0,23.2,2.35,0.58,35.3,0.134,0,1,0,1.0,35.51430514642815,68.53040513585341,0.02782855314091628,34.74627923844919,0.22478253131609532,70063.6112,1.820357109963437,638.35,0.0023211160044538104,1.7893961113910683e-05,0.4616205636796008,0.0,0.0,1.136767782485658,interaction_004_wet_humid_boundary_june2024,smartgarden_pa1_joint_c0fc643ba7cc
2024-06-18T11:00,34.5,52.0,858.0,729.0,129.0,0.73,100620.0,23.1,2.64,0.67,36.7,0.133,0,1,0,1.0,36.949719318839726,64.70667466296793,0.02829354230003856,35.118224326379305,0.22140652957760845,80042.5296,2.2085330369977276,729.3,0.0023561432739152106,1.9564818631707274e-05,0.44078104677536084,0.0,0.0,1.1303824044081023,interaction_004_wet_humid_boundary_june2024,smartgarden_pa1_joint_c0fc643ba7cc
2024-06-18T12:00,34.8,51.0,758.0,622.0,136.0,0.22,100560.0,23.1,2.75,0.6,37.2,0.132,0,1,0,1.0,37.477331809025955,60.842326951818016,0.02733172461004286,35.504716548762,0.21814761378966468,71488.8064,2.521677062784993,644.3,0.0022993176596387724,1.6682896831505178e-05,0.42066428265225114,0.0,0.0,1.1277895009153989,interaction_004_wet_humid_boundary_june2024,smartgarden_pa1_joint_c0fc643ba7cc
2024-06-18T13:00,35.2,51.0,778.0,578.0,200.0,0.45,100480.0,23.4,2.8,0.62,37.6,0.131,0,1,0,1.0,37.841738753311006,59.89953357525188,0.02741285178262598,35.86885289549815,0.2151708810326353,75500.48,2.633908957353711,661.3,0.002323036355299928,1.638947044860965e-05,0.40228938909034134,0.0,0.0,1.1255718490263513,interaction_004_wet_humid_boundary_june2024,smartgarden_pa1_joint_c0fc643ba7cc
2024-06-18T14:00,34.9,52.0,694.0,574.0,120.0,1.1,100410.0,23.7,2.66,0.56,37.5,0.13,0,1,0,1.0,37.67754563984974,57.72039971577515,0.026195512355487192,36.211983159395416,0.21242704891355815,65293.888000000006,2.752451306082573,589.9,0.0025188851923918475,1.4125492448287517e-05,0.385352153787396,0.0,0.0,1.125381876132301,interaction_004_wet_humid_boundary_june2024,smartgarden_pa1_joint_c0fc643ba7cc
2024-06-18T15:00,34.1,56.0,514.0,370.0,144.0,0.99,100330.0,24.0,2.36,0.42,36.9,0.129,0,1,0,1.0,36.62504583086487,59.028143868299395,0.02538401066663397,36.46908790682637,0.2102390971790077,50298.2656,2.5188649823247595,436.9,0.002447306132367556,1.0234460740901683e-05,0.37184627888276367,0.0,0.0,1.128305827337395,interaction_004_wet_humid_boundary_june2024,smartgarden_pa1_joint_c0fc643ba7cc
2024-06-18T16:00,33.3,59.0,393.0,277.0,116.0,1.17,100340.0,24.2,2.1,0.32,36.1,0.129,0,1,0,1.0,35.35704560734898,61.01940507777835,0.024577281894037455,36.62023130630659,0.20862784987127878,38665.1584,2.2353788464329645,334.05,0.002447451323163905,7.703236421720931e-06,0.36190030784739985,0.0,0.0,1.1330562186121236,interaction_004_wet_humid_boundary_june2024,smartgarden_pa1_joint_c0fc643ba7cc
2024-06-18T17:00,32.8,62.0,236.0,172.0,64.0,1.12,100370.0,24.4,1.91,0.19,35.2,0.129,0,1,0,1.0,34.21586511412119,63.0792242508059,0.02394009835643056,36.674278919744715,0.2075127930316279,23019.673600000002,1.987640073918608,200.6,0.0023297787258923126,4.716567090220518e-06,0.3550172409359747,0.0,0.0,1.1376030249500815,interaction_004_wet_humid_boundary_june2024,smartgarden_pa1_joint_c0fc643ba7cc
2024-06-18T18:00,32.3,64.0,85.0,52.0,33.0,0.64,100430.0,24.6,1.74,0.06,34.2,0.129,1,1,0,1.0,33.13901268794341,64.31851877635735,0.023067381811241287,36.62929040756694,0.20691160726112628,8641.0192,1.8088737974679652,72.25,0.002025565331357296,1.9805051595943225e-06,0.3513062176612734,0.0,0.0,1.1422850518474355,interaction_004_wet_humid_boundary_june2024,smartgarden_pa1_joint_c0fc643ba7cc
2024-06-18T19:00,31.5,70.0,0.0,0.0,0.0,0.41,100530.0,25.3,1.41,0.02,33.2,0.129,0,1,0,1.0,32.030528842412544,68.81887545731654,0.023273311991072826,36.505301571383065,0.21915110765494925,0.0,1.4851520544088244,0.0,0.0018623728929189477,4.94481046214488e-07,0.4268586892280818,0.0,0.0,1.1475756118217644,interaction_004_wet_humid_boundary_june2024,smartgarden_pa1_joint_c0fc643ba7cc
2024-06-18T20:00,31.1,73.0,0.0,0.0,0.0,0.82,100630.0,25.6,1.22,0.0,32.5,0.129,0,0,0,1.0,31.370952669806307,73.55918275335351,0.024016188668792293,36.344065578502416,0.21907151233685337,0.0,1.2131959467989262,0.0,0.0005708152717411605,4.0346837943794557e-07,0.4263673601040332,0.0,0.0,1.151205197516953,interaction_004_wet_humid_boundary_june2024,smartgarden_pa1_joint_c0fc643ba7cc
2024-06-18T21:00,30.8,75.0,0.0,0.0,0.0,1.3,100660.0,25.8,1.12,0.01,32.0,0.129,0,0,0,1.0,31.004379410453453,75.50375759829069,0.024171748578372624,36.1766529238102,0.2190026733348226,0.0,1.100790702992462,0.0,0.0008195491707281809,3.657213025006598e-07,0.4259424279927321,0.0,0.0,1.1529362672836303,interaction_004_wet_humid_boundary_june2024,smartgarden_pa1_joint_c0fc643ba7cc
2024-06-18T22:00,30.5,75.0,0.0,0.0,0.0,0.89,100700.0,25.7,1.07,0.0,31.7,0.129,0,0,0,1.0,30.700400296569526,76.31981541205677,0.02403737112307661,36.006659520846206,0.218938679347008,0.0,1.0458424343640051,0.0,0.0005892768937711603,3.4714331518203234e-07,0.42554740337659264,0.0,0.0,1.1545483010014237,interaction_004_wet_humid_boundary_june2024,smartgarden_pa1_joint_c0fc643ba7cc
2024-06-18T23:00,30.2,77.0,0.0,0.0,0.0,0.76,100680.0,25.8,0.98,0.0,31.3,0.129,0,0,0,1.0,30.403796992952145,77.81447252369338,0.02411993694725351,35.834736663256116,0.21887845700610933,0.0,0.9633695699339553,0.0,0.0005207123723843086,3.194890087214702e-07,0.4251756605315391,0.0,0.0,1.1554468849433481,interaction_004_wet_humid_boundary_june2024,smartgarden_pa1_joint_c0fc643ba7cc
2024-06-19T00:00,30.0,79.0,0.0,0.0,0.0,0.81,100660.0,26.0,0.88,0.0,31.0,0.129,0,0,0,1.0,30.165994736142277,79.62190809121171,0.024365629868487452,35.661504237433185,0.21882372306607714,0.0,0.8729223159941202,0.0,0.000536393313119692,2.892633068682645e-07,0.4248377967041799,0.0,0.0,1.1561230563541802,interaction_004_wet_humid_boundary_june2024,smartgarden_pa1_joint_c0fc643ba7cc
2024-06-19T01:00,29.7,82.0,0.0,0.0,0.0,0.81,100580.0,26.2,0.77,0.0,30.8,0.129,0,0,0,1.0,29.905831017828433,81.95759615461377,0.02473021898036777,35.48782859272721,0.21877483007496754,0.0,0.7614256442607217,0.0,0.0005478476954431799,2.5213701884585167e-07,0.4245359881170836,0.0,0.0,1.1561959280161318,interaction_004_wet_humid_boundary_june2024,smartgarden_pa1_joint_c0fc643ba7cc
2024-06-19T02:00,29.3,84.0,0.0,0.0,0.0,0.91,100560.0,26.3,0.64,0.0,30.5,0.129,0,0,0,1.0,29.555862999766315,84.02003084766079,0.02487642990312738,35.31222133390307,0.2187326124380418,0.0,0.6609577383017795,0.0,0.0006145659859169745,2.1873391734817453e-07,0.4242753854200111,0.0,0.0,1.1573024719110043,interaction_004_wet_humid_boundary_june2024,smartgarden_pa1_joint_c0fc643ba7cc
2024-06-19T03:00,29.2,84.0,0.0,0.0,0.0,0.9,100510.0,26.3,0.64,0.0,30.2,0.129,0,0,0,1.0,29.340491887913714,84.7573256854064,0.024803011668461668,35.13461478543162,0.21869473469961742,0.0,0.6226898350404988,0.0,0.0005790726743548076,2.0595617379160106e-07,0.42404157221986066,0.0,0.0,1.1575506246305156,interaction_004_wet_humid_boundary_june2024,smartgarden_pa1_joint_c0fc643ba7cc
2024-06-19T04:00,29.1,85.0,0.0,0.0,0.0,1.0,100510.0,26.3,0.6,0.0,29.9,0.129,0,0,0,1.0,29.226588320235894,85.35696574455436,0.02482430387712848,34.958674236647276,0.21865841729816976,0.0,0.5942771839595702,0.0,0.0006319911458922,1.9645470427111323e-07,0.42381739072944297,0.0,0.0,1.1579866674691677,interaction_004_wet_humid_boundary_june2024,smartgarden_pa1_joint_c0fc643ba7cc
2024-06-19T05:00,29.0,85.0,0.0,0.0,0.0,1.0,100500.0,26.2,0.6,0.0,29.7,0.129,0,0,0,1.0,29.1243600757765,85.64567181959711,0.024770118145256804,34.78527359856612,0.2186236476224799,0.0,0.5791333095590634,0.0,0.0006314524110507604,1.9135152670410467e-07,0.42360276310172784,0.0,0.0,1.1582630448890534,interaction_004_wet_humid_boundary_june2024,smartgarden_pa1_joint_c0fc643ba7cc
2024-06-19T06:00,29.1,84.0,17.0,2.0,15.0,1.14,100630.0,26.1,0.64,0.02,29.5,0.129,1,0,0,1.0,29.17834800697715,85.97291148103211,0.024937916110697296,34.619830101667,0.21855735053443687,2023.7359999999999,0.5676970523501317,14.45,0.0007016076228438629,5.451277214597763e-07,0.4231935218175115,0.0,0.0,1.1595541925767567,interaction_004_wet_humid_boundary_june2024,smartgarden_pa1_joint_c0fc643ba7cc
2024-06-19T07:00,29.6,80.0,141.0,43.0,98.0,1.3,100650.0,25.8,0.84,0.11,30.7,0.128,0,0,0,1.0,29.781896394109054,91.15505199016354,0.02732161034168454,34.49904232926449,0.2306711726554491,15855.8752,0.3706274175249886,119.85,0.0008154317628714398,3.6353390262061865e-06,0.49797020157684624,0.0,0.0,1.1574739468269757,interaction_004_wet_humid_boundary_june2024,smartgarden_pa1_joint_c0fc643ba7cc
2024-06-19T08:00,31.1,69.0,311.0,159.0,152.0,1.5,100650.0,24.6,1.41,0.25,31.8,0.128,0,0,0,1.0,31.365198477661277,91.68955878343486,0.02992632573193231,34.47515813281876,0.2296467543046046,32715.7248,0.3811871714531465,264.34999999999997,0.0009444515301281915,7.749236365098524e-06,0.49164663150990495,0.0,0.0,1.1514557548916295,interaction_004_wet_humid_boundary_june2024,smartgarden_pa1_joint_c0fc643ba7cc
2024-06-19T09:00,32.4,61.0,452.0,195.0,257.0,1.5,100620.0,23.8,1.91,0.36,33.2,0.128,0,1,0,1.0,33.18617374414737,71.6621381125395,0.025765148004969523,34.565872702681695,0.22792622031220489,48817.8768,1.4403895043311845,384.2,0.0024143796307384622,1.1351831824407068e-05,0.4810260513099067,0.0,0.0,1.144269911207653,interaction_004_wet_humid_boundary_june2024,smartgarden_pa1_joint_c0fc643ba7cc
2024-06-19T10:00,33.6,55.0,643.0,364.0,279.0,1.4,100570.0,23.4,2.33,0.51,34.8,0.127,0,1,0,1.0,35.01204924131634,66.94535620840223,0.026485140139796377,34.772944273526264,0.22549646853043864,66399.8896,1.8597953552481412,546.55,0.0024551938494932228,1.5576419912246506e-05,0.4660275835212262,0.0,0.0,1.1369248144297361,interaction_004_wet_humid_boundary_june2024,smartgarden_pa1_joint_c0fc643ba7cc
2024-06-19T11:00,34.5,52.0,737.0,377.0,360.0,0.91,100510.0,23.4,2.6,0.59,36.2,0.126,0,1,0,1.0,36.50873067171443,63.819142182270426,0.027280670112437802,35.07979148295412,0.22254382278810156,77521.66399999999,2.210232525208973,626.4499999999999,0.002342220162984325,1.7182723761906075e-05,0.4478013752351948,0.0,0.0,1.1307546765114687,interaction_004_wet_humid_boundary_june2024,smartgarden_pa1_joint_c0fc643ba7cc
2024-06-19T12:00,35.2,50.0,832.0,510.0,322.0,0.81,100420.0,23.2,2.84,0.66,37.2,0.126,0,1,0,1.0,37.68522836189206,61.05265238302323,0.027718658275006313,35.45214435344337,0.2193238797750865,84544.7328,2.5365737496757683,707.1999999999999,0.002383337782650624,1.8550440118569912e-05,0.42792518379683026,0.0,0.0,1.1254661366595895,interaction_004_wet_humid_boundary_june2024,smartgarden_pa1_joint_c0fc643ba7cc
2024-06-19T13:00,34.8,51.0,617.0,324.0,293.0,0.71,100390.0,23.3,2.7,0.5,37.1,0.125,0,1,0,1.0,37.432311527357136,57.611933859829186,0.02582112683461202,35.798634027034986,0.21644948617709003,64604.4432,2.7230446596491884,524.4499999999999,0.0023785379993136865,1.3455733755577014e-05,0.4101820134388274,0.0,0.0,1.1260461372482005,interaction_004_wet_humid_boundary_june2024,smartgarden_pa1_joint_c0fc643ba7cc
2024-06-19T14:00,35.1,50.0,620.0,245.0,375.0,0.0,100320.0,23.1,2.83,0.48,37.2,0.124,0,1,0,1.0,37.29205098952756,57.96683616455692,0.025794635250969474,36.0756966067088,0.21406823086921292,67753.4,2.679749039184812,527.0,0.00220422546786633,1.3019180321428113e-05,0.3954829066000798,0.0,0.0,1.1257693702393285,interaction_004_wet_humid_boundary_june2024,smartgarden_pa1_joint_c0fc643ba7cc
2024-06-19T15:00,34.4,52.0,416.0,154.0,262.0,0.4,100290.0,23.2,2.61,0.33,36.7,0.124,0,1,0,1.0,36.51047086336101,56.287333471599844,0.024063213142326897,36.29132475861157,0.212114813408873,45825.788799999995,2.6705930705846916,353.59999999999997,0.002225100477168478,8.730069312725267e-06,0.38342477412884574,0.0,0.0,1.128273298348403,interaction_004_wet_humid_boundary_june2024,smartgarden_pa1_joint_c0fc643ba7cc
2024-06-19T16:00,31.4,69.0,176.0,17.0,159.0,0.51,100310.0,25.0,1.44,0.15,35.0,0.136,0,1,0,1.0,33.67989425970584,65.68319688916534,0.024237426889582893,36.356678766851005,0.21098642047896313,21082.0016,1.7931161764067478,149.6,0.0022795010252996337,3.821149582736001e-06,0.3764593856726119,0.0,0.0,1.1389089578283311,interaction_004_wet_humid_boundary_june2024,smartgarden_pa1_joint_c0fc643ba7cc
2024-06-19T17:00,31.0,71.0,93.0,6.0,87.0,0.51,100290.0,25.1,1.31,0.09,33.5,0.143,0,1,0,1.0,31.8522896543806,71.24174103113631,0.023865069226737215,36.28355860707436,0.21045560267325428,11244.868799999998,1.3560183586222796,79.05,0.0019861510758240612,2.120468814415675e-06,0.37318273255095236,0.0,0.0,1.1455049771102788,interaction_004_wet_humid_boundary_june2024,smartgarden_pa1_joint_c0fc643ba7cc
2024-06-19T18:00,30.5,71.0,43.0,7.0,36.0,0.72,100360.0,24.6,1.27,0.05,32.4,0.147,1,1,0,1.0,31.044084139673355,71.24323468251139,0.02285640681458885,36.15558382018586,0.21016025384605114,5050.5664,1.2951701600948322,36.55,0.0019847275565376315,1.1691914070326313e-06,0.371359591642291,0.0,0.0,1.149350099206078,interaction_004_wet_humid_boundary_june2024,smartgarden_pa1_joint_c0fc643ba7cc
2024-06-19T19:00,30.0,73.0,0.0,0.0,0.0,0.71,100400.0,24.7,1.14,0.02,31.5,0.147,0,0,0,1.0,30.371584272181398,75.09206361734368,0.0232357030479873,35.992962688426026,0.22250095878443862,0.0,1.0795948688215606,0.0,0.0005447301784267957,3.768635630178534e-07,0.4475367826199915,0.0,0.0,1.1523557712315289,interaction_004_wet_humid_boundary_june2024,smartgarden_pa1_joint_c0fc643ba7cc
2024-06-19T20:00,29.8,75.0,0.0,0.0,0.0,0.94,100480.0,25.0,1.04,0.0,31.1,0.148,0,0,0,1.0,29.986127587643807,76.01274886523842,0.023036216074030978,35.81239770560669,0.22243497240001717,0.0,1.0169851020621166,0.0,0.0006131076092660921,3.546847190326944e-07,0.44712945925936526,0.0,0.0,1.1547404435298738,interaction_004_wet_humid_boundary_june2024,smartgarden_pa1_joint_c0fc643ba7cc
2024-06-19T21:00,29.6,78.0,0.0,0.0,0.0,1.08,100570.0,25.3,0.92,0.0,30.7,0.148,0,0,0,1.0,29.7665408625228,78.18555350376779,0.02341482542912107,35.63074279732036,0.2223741913208624,0.0,0.9132786419760714,0.0,0.0006867775907265529,3.182486818989765e-07,0.44675426741273083,0.0,0.0,1.1566125760262747,interaction_004_wet_humid_boundary_june2024,smartgarden_pa1_joint_c0fc643ba7cc
2024-06-19T22:00,29.5,81.0,0.0,0.0,0.0,0.73,100620.0,25.8,0.8,0.0,30.5,0.148,0,0,0,1.0,29.625758515591382,81.02353836145873,0.024080339481372774,35.450057959572426,0.22232082638017864,0.0,0.788060287951192,0.0,0.00048056927891827387,2.744115653357084e-07,0.4464248541986336,0.0,0.0,1.1577256648565448,interaction_004_wet_humid_boundary_june2024,smartgarden_pa1_joint_c0fc643ba7cc
2024-06-19T23:00,29.3,83.0,0.0,0.0,0.0,1.0,100600.0,26.1,0.68,0.0,30.3,0.148,0,0,0,1.0,29.46393713359055,83.16797812771391,0.0245016289753307,35.271333305507284,0.22227467628216127,0.0,0.6925254427765934,0.0,0.0006410937460496958,2.409913624147789e-07,0.4461399770503782,0.0,0.0,1.1581145117662566,interaction_004_wet_humid_boundary_june2024,smartgarden_pa1_joint_c0fc643ba7cc
2024-06-20T00:00,29.2,84.0,0.0,0.0,0.0,0.95,100510.0,26.3,0.63,0.0,30.1,0.147,0,0,0,1.0,29.32815388122846,84.43158566755574,0.02469112932890476,35.094003459083616,0.22223325078419282,0.0,0.6355447111347479,0.0,0.0006039758625313571,2.2103592094501006e-07,0.4458842640999557,0.0,0.0,1.1575978408250143,interaction_004_wet_humid_boundary_june2024,smartgarden_pa1_joint_c0fc643ba7cc
2024-06-20T01:00,29.0,86.0,0.0,0.0,0.0,0.63,100460.0,26.4,0.56,0.0,29.8,0.148,0,0,0,1.0,29.166685405921807,86.09854292940315,0.024958515838403632,34.91856878352103,0.22219558694153715,0.0,0.5622339935057461,0.0,0.0004413515288203611,1.9543724854637503e-07,0.4456517712440565,0.0,0.0,1.1576399485784195,interaction_004_wet_humid_boundary_june2024,smartgarden_pa1_joint_c0fc643ba7cc
2024-06-20T02:00,29.0,85.0,0.0,0.0,0.0,0.71,100410.0,26.2,0.61,0.0,29.7,0.147,0,0,0,1.0,29.088734276295185,86.4271269129605,0.024947700148510065,34.74494691412759,0.22216143703851385,0.0,0.5464797264569761,0.0,0.0004572916924105086,1.8987107809486725e-07,0.4454409693735423,0.0,0.0,1.1573622001275286,interaction_004_wet_humid_boundary_june2024,smartgarden_pa1_joint_c0fc643ba7cc
2024-06-20T03:00,28.9,86.0,0.0,0.0,0.0,0.91,100390.0,26.3,0.56,0.0,29.4,0.147,0,0,0,1.0,29.018948120135477,86.53119579117356,0.024882996440784264,34.574916952376746,0.22212723556411154,0.0,0.5401079253194836,0.0,0.0005789434417926097,1.875682926941872e-07,0.44522984916118236,0.0,0.0,1.1573989133190254,interaction_004_wet_humid_boundary_june2024,smartgarden_pa1_joint_c0fc643ba7cc
2024-06-20T04:00,28.8,87.0,0.0,0.0,0.0,0.9,100400.0,26.4,0.52,0.0,29.2,0.147,0,0,0,1.0,28.921932527994777,87.30124326890284,0.024972065245646262,34.40766062792694,0.2220944658059678,0.0,0.5063808987854839,0.0,0.000574109338583765,1.7577569818507745e-07,0.445027566703505,0.0,0.0,1.1578859591563357,interaction_004_wet_humid_boundary_june2024,smartgarden_pa1_joint_c0fc643ba7cc
2024-06-20T05:00,28.7,88.0,0.0,0.0,0.0,0.91,100400.0,26.4,0.48,0.0,29.1,0.148,0,0,0,1.0,28.82215303203576,88.20255189775322,0.025092967717648483,34.2428622873879,0.2220640379654112,0.0,0.46773250675054,0.0,0.0005798265554632664,1.6229148541246748e-07,0.4448397405272296,0.0,0.0,1.158268554956056,interaction_004_wet_humid_boundary_june2024,smartgarden_pa1_joint_c0fc643ba7cc
2024-06-20T06:00,28.6,89.0,12.0,0.0,12.0,1.12,100420.0,26.5,0.44,0.02,29.2,0.148,1,0,0,1.0,28.748886195609266,89.75501519055834,0.025432742848608185,34.08351716738888,0.22201278259598953,1478.1888,0.4044631969623129,10.2,0.0007057000205559762,4.054858838663529e-07,0.44452334935796006,0.0,0.0,1.1587804380818145,interaction_004_wet_humid_boundary_june2024,smartgarden_pa1_joint_c0fc643ba7cc
2024-06-20T07:00,28.8,86.0,79.0,4.0,75.0,1.2,100470.0,26.3,0.54,0.07,29.6,0.149,0,0,0,1.0,28.976802236241415,93.28072094924026,0.02676237597826012,33.94844098193582,0.23427608520051524,9590.68,0.26879204457414874,67.14999999999999,0.0007572927024323078,2.1526467701596305e-06,0.5202227481513286,0.0,0.0,1.1584828181195763,interaction_004_wet_humid_boundary_june2024,smartgarden_pa1_joint_c0fc643ba7cc
2024-06-20T08:00,29.6,80.0,217.0,50.0,167.0,1.17,100540.0,25.7,0.84,0.17,30.3,0.152,0,0,0,1.0,29.887545318378354,99.0604242667396,0.02986133962394077,33.87791908384373,0.233578271407179,24971.4608,0.0396103828095864,184.45,0.000762977661864135,5.58283304898253e-06,0.5159152555998703,1.1208480879148406e-07,0.0,1.155805855247491,interaction_004_wet_humid_boundary_june2024,smartgarden_pa1_joint_c0fc643ba7cc
2024-06-20T09:00,30.1,76.0,293.0,55.0,238.0,0.71,100550.0,25.4,1.01,0.23,30.7,0.155,0,1,0,1.0,30.792724817597044,85.11593120688863,0.02694111700134375,33.88239975422199,0.23238692533683245,34157.411199999995,0.6608301810974373,249.04999999999998,0.0020182186784202458,7.671581899827727e-06,0.5085612675113114,0.0,0.0,1.152478338099428,interaction_004_wet_humid_boundary_june2024,smartgarden_pa1_joint_c0fc643ba7cc
2024-06-20T10:00,30.2,76.0,233.0,21.0,212.0,0.2,100560.0,25.4,1.05,0.19,30.9,0.154,0,1,0,1.0,31.04148193569313,82.79815938610204,0.026559775928215103,33.90383759320715,0.2311472310042142,27962.6688,0.7746355030121213,198.04999999999998,0.0019131415361855523,6.106149152691066e-06,0.5009088333593469,0.0,0.0,1.1516504054694154,interaction_004_wet_humid_boundary_june2024,smartgarden_pa1_joint_c0fc643ba7cc
2024-06-20T11:00,31.3,69.0,557.0,171.0,386.0,0.32,100540.0,24.9,1.43,0.43,32.3,0.155,0,1,0,1.0,32.37530453813898,84.45385639885838,0.02908896918056844,34.00060835404908,0.2293449893410943,62596.4064,0.7550060158735121,473.45,0.0019956996213644825,1.3853894573747353e-05,0.4897838848215697,0.0,0.0,1.1463946325764527,interaction_004_wet_humid_boundary_june2024,smartgarden_pa1_joint_c0fc643ba7cc
2024-06-20T12:00,31.7,67.0,539.0,156.0,383.0,0.58,100520.0,24.9,1.54,0.42,33.1,0.155,0,1,0,1.0,33.368921958391184,78.16584162543444,0.02837550193361363,34.19871428992838,0.2269150646510185,60906.8592,1.1212229924707184,458.15,0.002184949377920866,1.3140287835007678e-05,0.474784349697645,0.0,0.0,1.1424511502541752,interaction_004_wet_humid_boundary_june2024,smartgarden_pa1_joint_c0fc643ba7cc
2024-06-20T13:00,32.0,66.0,565.0,245.0,320.0,0.95,100490.0,24.9,1.61,0.44,33.5,0.155,0,1,0,1.0,33.818133627642,75.50263795472715,0.02806387879901094,34.406952542188534,0.22452647510032975,60978.368,1.289941129202083,480.25,0.002328315838474487,1.338752152817142e-05,0.4600399697551219,0.0,0.0,1.1404388443183588,interaction_004_wet_humid_boundary_june2024,smartgarden_pa1_joint_c0fc643ba7cc
2024-06-20T14:00,29.0,81.0,220.0,40.0,180.0,0.86,100460.0,25.5,0.74,0.18,32.3,0.164,0,1,0,1.0,31.45487564116967,78.51714970474232,0.02575020280634803,34.51873346104619,0.2228513397813658,25692.832,0.9904135792309705,187.0,0.0024013135914102025,5.266892205939912e-06,0.44969962828003573,0.0,0.0,1.1489437633295974,interaction_004_wet_humid_boundary_june2024,smartgarden_pa1_joint_c0fc643ba7cc
2024-06-20T15:00,28.2,84.0,173.0,51.0,122.0,0.78,100410.0,25.2,0.62,0.14,31.1,0.189,0,0,0,1.0,29.47599001011358,92.90180077749595,0.027387165349312067,34.47493006437829,0.22202199654426832,19516.2528,0.29224632894940683,147.04999999999998,0.0007848384535507742,3.925811059354256e-06,0.44458022558190324,0.0,0.0,1.1558811801130577,interaction_004_wet_humid_boundary_june2024,smartgarden_pa1_joint_c0fc643ba7cc
2024-06-20T16:00,27.9,89.0,111.0,2.0,109.0,0.58,100390.0,25.9,0.42,0.09,30.3,0.196,0,0,0,1.0,28.695564081984454,99.47280933253775,0.028104413005047804,34.379245663504015,0.22145150850760373,13602.8816,0.020748865344033973,94.35,0.0006076476903115485,2.4415505823972522e-06,0.4410586944913811,1.334960485804939e-07,0.0,1.1586388995201775,interaction_004_wet_humid_boundary_june2024,smartgarden_pa1_joint_c0fc643ba7cc
2024-06-20T17:00,26.7,98.0,47.0,0.0,47.0,0.71,100360.0,26.3,0.08,0.04,29.7,0.202,0,0,0,1.0,27.60906819069087,99.99999999999999,0.026619091154120134,34.23778214003934,0.2211401749220974,5789.5728,4.440892098500626e-16,39.949999999999996,0.0006826662726503996,1.0262958290497577e-06,0.4391368822351691,1.9105087860942405e-07,0.0,1.1624770048900464,interaction_004_wet_humid_boundary_june2024,smartgarden_pa1_joint_c0fc643ba7cc
2024-06-20T18:00,26.7,99.0,20.0,0.0,20.0,1.14,100320.0,26.5,0.05,0.02,29.4,0.204,1,0,0,1.0,27.003390166784683,100.0,0.025743784491365718,34.056742163803165,0.22100862512950417,2463.648,4.440892098500626e-16,17.0,0.0007503432966645535,4.359140598227896e-07,0.43832484647842085,8.524430291459439e-09,0.0,1.1643585036440496,interaction_004_wet_humid_boundary_june2024,smartgarden_pa1_joint_c0fc643ba7cc
2024-06-20T19:00,26.6,98.0,0.0,0.0,0.0,0.95,100370.0,26.2,0.07,0.01,29.0,0.211,0,0,0,1.0,26.796713028642664,98.62470179854297,0.02510078799830787,33.86232307692431,0.23346153573292158,0.0,0.048452293584480444,0.0,0.0006218054624516187,1.9470643266837254e-08,0.5151946650180345,0.0,0.0,1.1657415225178114,interaction_004_wet_humid_boundary_june2024,smartgarden_pa1_joint_c0fc643ba7cc
2024-06-20T20:00,26.5,97.0,0.0,0.0,0.0,0.85,100440.0,26.1,0.09,0.0,28.8,0.217,0,0,0,1.0,26.661345818853967,97.16214169520993,0.024543623993268912,33.66480030931673,0.233455872816012,0.0,0.09918639053522549,0.0,0.0005574623245152426,3.985552900615998e-08,0.5151597087408147,0.0,0.0,1.1670812421033152,interaction_004_wet_humid_boundary_june2024,smartgarden_pa1_joint_c0fc643ba7cc
2024-06-20T21:00,26.5,97.0,0.0,0.0,0.0,0.76,100520.0,26.0,0.09,0.0,28.6,0.22,0,0,0,1.0,26.613798142038465,96.82361489048931,0.02439366153531041,33.470706715276044,0.2334481152549366,0.0,0.11070818743533328,0.0,0.0004936349386658463,4.448113503777579e-08,0.5151118225613371,0.0,0.0,1.1681960835047367,interaction_004_wet_humid_boundary_june2024,smartgarden_pa1_joint_c0fc643ba7cc
2024-06-20T22:00,26.5,97.0,0.0,0.0,0.0,1.04,100600.0,26.0,0.1,0.0,28.5,0.224,0,0,0,1.0,26.605315219324126,96.7502905910147,0.02436371405415287,33.281550036613666,0.2334400193000061,0.0,0.11320727626663007,0.0,0.0006499632615527338,4.548082411690873e-08,0.5150618475309019,0.0,0.0,1.1691588914802333,interaction_004_wet_humid_boundary_june2024,smartgarden_pa1_joint_c0fc643ba7cc
2024-06-20T23:00,26.5,97.0,0.0,0.0,0.0,0.95,100580.0,26.1,0.09,0.0,28.4,0.226,0,0,0,1.0,26.601686045440843,96.75043739834226,0.024358843519674128,33.09754771803994,0.23343181656837247,0.0,0.11317798988403815,0.0,0.0005973581983745369,4.5464588440951275e-08,0.5150112133850153,0.0,0.0,1.1689406068302832,interaction_004_wet_humid_boundary_june2024,smartgarden_pa1_joint_c0fc643ba7cc
2024-06-21T00:00,27.8,87.0,0.0,0.0,0.0,1.08,100550.0,25.3,0.5,0.0,28.3,0.228,0,0,0,1.0,27.3534616997789,90.9076267820522,0.02386018921741234,32.925115722244534,0.2334176715327516,0.0,0.33095732817501355,0.0,0.0007481969408416105,1.3292591333695731e-07,0.5149238983503186,0.0,0.0,1.165668456509011,interaction_004_wet_humid_boundary_june2024,smartgarden_pa1_joint_c0fc643ba7cc
2024-06-21T01:00,27.9,84.0,0.0,0.0,0.0,1.1,100440.0,25.0,0.59,0.0,28.1,0.228,0,0,0,1.0,27.865611876262367,86.16498197629731,0.02326236468313724,32.775103075835965,0.23338580342560683,0.0,0.5188759164020964,0.0,0.000668098064382085,2.083220396948254e-07,0.5147271816395483,0.0,0.0,1.1624121277097375,interaction_004_wet_humid_boundary_june2024,smartgarden_pa1_joint_c0fc643ba7cc
2024-06-21T02:00,28.0,84.0,0.0,0.0,0.0,1.14,100400.0,24.9,0.62,0.0,28.0,0.228,0,0,0,1.0,28.007159178348186,85.07457983526798,0.023147268278224244,32.63513985628514,0.2333460702933123,0.0,0.5644057053352234,0.0,0.0006856340199841102,2.264936921039291e-07,0.5144819153908168,0.0,0.0,1.1614030703558702,interaction_004_wet_humid_boundary_june2024,smartgarden_pa1_joint_c0fc643ba7cc
2024-06-21T03:00,27.5,85.0,0.0,0.0,0.0,1.3,100330.0,24.7,0.55,0.0,27.8,0.228,0,0,0,1.0,27.75831984373593,85.26602234526584,0.022884262817951764,32.49861145471074,0.23330559931203615,0.0,0.5491447439743689,0.0,0.0008301923716752819,2.2026252447256033e-07,0.5142320945187416,0.0,0.0,1.1615530921716701,interaction_004_wet_humid_boundary_june2024,smartgarden_pa1_joint_c0fc643ba7cc
2024-06-21T04:00,27.3,85.0,0.0,0.0,0.0,1.26,100360.0,24.6,0.54,0.0,27.7,0.228,0,0,0,1.0,27.46739832813223,85.55164227011274,0.02259598419018163,32.35859662458691,0.23326680041224504,0.0,0.5294283759091449,0.0,0.0007899112925355552,2.122553666008428e-07,0.5139925951373151,0.0,0.0,1.1630248373123424,interaction_004_wet_humid_boundary_june2024,smartgarden_pa1_joint_c0fc643ba7cc
2024-06-21T05:00,27.4,84.0,0.0,0.0,0.0,1.17,100330.0,24.5,0.59,0.0,27.6,0.228,0,0,0,1.0,27.433145193026856,85.16019231257408,0.02245015105500569,32.21873169863198,0.23322834476339335,0.0,0.5426842739092006,0.0,0.0007093554868055164,2.1746936296504728e-07,0.5137552145888479,0.0,0.0,1.1628096750076253,interaction_004_wet_humid_boundary_june2024,smartgarden_pa1_joint_c0fc643ba7cc
2024-06-21T06:00,27.4,85.0,9.0,0.0,9.0,0.86,100440.0,24.6,0.56,0.02,27.6,0.227,1,0,0,1.0,27.47580662051784,86.45832789903143,0.022846047090109543,32.08553828091846,0.233169615851417,1108.6416,0.4964488322572702,7.6499999999999995,0.0005385123643737943,4.285571610833847e-07,0.5133926904408457,0.0,0.0,1.1639193647690445,interaction_004_wet_humid_boundary_june2024,smartgarden_pa1_joint_c0fc643ba7cc
2024-06-21T07:00,27.7,86.0,64.0,1.0,63.0,1.06,100510.0,25.2,0.52,0.06,28.4,0.227,0,0,0,1.0,27.770655587171362,93.12684253865288,0.025010967304242227,31.97431549658241,0.24544490851866876,7848.4911999999995,0.25635134961640693,54.4,0.0006531468374828142,1.9927683527023222e-06,0.5891661019670912,4.0344630698742524e-07,0.0,1.163589309435805,interaction_004_wet_humid_boundary_june2024,smartgarden_pa1_joint_c0fc643ba7cc
2024-06-21T08:00,28.6,83.0,160.0,19.0,141.0,0.85,100570.0,25.5,0.65,0.13,28.5,0.228,0,0,0,1.0,28.66295337953177,100.0,0.02820308607761288,31.914807346310635,0.24484845379976694,19040.7184,0.0,136.0,0.0005289016042492528,4.6581129532774425e-06,0.5854842827146107,3.115890478762994e-06,0.0,1.1608417621737874,interaction_004_wet_humid_boundary_june2024,smartgarden_pa1_joint_c0fc643ba7cc
2024-06-21T09:00,29.4,75.0,343.0,91.0,252.0,0.67,100550.0,24.6,1.02,0.26,32.5,0.227,0,0,0,1.0,29.94819502260673,100.0,0.03024362991683012,31.948247188114546,0.24353961343919314,39049.9648,0.0,291.55,0.0005760869382800608,9.848032385459943e-06,0.5774050212295874,2.2562231264906806e-07,0.0,1.1556895162278007,interaction_004_wet_humid_boundary_june2024,smartgarden_pa1_joint_c0fc643ba7cc
2024-06-21T10:00,30.9,66.0,532.0,203.0,329.0,0.57,100520.0,23.8,1.52,0.41,31.9,0.227,0,1,0,1.0,31.72634224776921,85.56671242285483,0.028471910512332853,32.10236314378426,0.24126927671937767,58391.0096,0.6757288468915466,452.2,0.001998927158763396,1.5200711273953613e-05,0.5633905970331955,0.0,0.0,1.1486063247290095,interaction_004_wet_humid_boundary_june2024,smartgarden_pa1_joint_c0fc643ba7cc
2024-06-21T11:00,31.7,64.0,700.0,388.0,312.0,0.42,100480.0,24.2,1.67,0.54,32.6,0.225,0,1,0,1.0,33.34753906553109,82.92300777492889,0.030068542193524526,32.376856343188784,0.2381549401483731,72576.90879999999,0.8758856361261422,595.0,0.0021435935801074235,1.931283779605878e-05,0.5441662972121797,0.0,0.0,1.1420762055307818,interaction_004_wet_humid_boundary_june2024,smartgarden_pa1_joint_c0fc643ba7cc
2024-06-21T12:00,32.2,64.0,761.0,462.0,299.0,0.36,100450.0,24.5,1.72,0.59,33.5,0.223,0,1,0,1.0,34.36425746279018,80.53392568722248,0.030802747409286554,32.72732525426253,0.23459632738633054,77487.5376,1.0566372654051674,646.85,0.0022310590171874473,2.019079452852899e-05,0.5221995517674725,0.0,0.0,1.1379603596222374,interaction_004_wet_humid_boundary_june2024,smartgarden_pa1_joint_c0fc643ba7cc
2024-06-21T13:00,32.0,64.0,543.0,271.0,272.0,0.67,100360.0,24.3,1.71,0.43,33.4,0.221,0,1,0,1.0,34.14355589276875,74.30261673464986,0.028093100946407126,33.04089761176064,0.23151574455339982,57353.612799999995,1.3778743998333787,461.55,0.0022935067946887834,1.4127089648148692e-05,0.5031836083543199,0.0,0.0,1.1377573466130175,interaction_004_wet_humid_boundary_june2024,smartgarden_pa1_joint_c0fc643ba7cc
2024-06-21T14:00,28.8,81.0,207.0,9.0,198.0,0.73,100320.0,25.2,0.76,0.17,32.0,0.225,0,1,0,1.0,31.261749709306923,78.88982504933993,0.025606503771907353,33.18235343630564,0.2297590807659045,25182.115199999997,0.962618583809391,175.95,0.0023652076054518933,5.437362391884613e-06,0.49234000472780565,0.0,0.0,1.1480705083559428,interaction_004_wet_humid_boundary_june2024,smartgarden_pa1_joint_c0fc643ba7cc
2024-06-21T15:00,29.0,80.0,268.0,55.0,213.0,0.81,100250.0,25.3,0.78,0.21,31.5,0.225,0,0,0,1.0,29.998256482575208,91.61728581685517,0.02778349654440942,33.196751235969586,0.22867114184800094,31077.851199999997,0.3556484481144242,227.79999999999998,0.0007390590870243347,6.606290542139057e-06,0.4856243323950676,0.0,0.0,1.152051132788384,interaction_004_wet_humid_boundary_june2024,smartgarden_pa1_joint_c0fc643ba7cc
2024-06-21T16:00,29.4,77.0,283.0,81.0,202.0,0.71,100260.0,24.9,0.95,0.22,31.4,0.226,0,1,0,1.0,30.255220297254382,84.61742882876469,0.026019339911594414,33.223607699604344,0.22744432969484268,32010.8448,0.6623082079061877,240.54999999999998,0.002057363137477944,6.974184765984066e-06,0.4780514178693993,0.0,0.0,1.151190243456475,interaction_004_wet_humid_boundary_june2024,smartgarden_pa1_joint_c0fc643ba7cc
2024-06-21T17:00,28.9,80.0,203.0,90.0,113.0,0.61,100200.0,25.2,0.78,0.15,30.9,0.225,0,0,0,1.0,29.95499777728972,86.48627184814724,0.026166212459332424,33.23614366481744,0.22636609160322102,21839.6112,0.5719178716233246,172.54999999999998,0.0006794382367996632,4.968637630349323e-06,0.4713956271803767,0.0,0.0,1.1516408807555183,interaction_004_wet_humid_boundary_june2024,smartgarden_pa1_joint_c0fc643ba7cc
2024-06-21T18:00,28.8,81.0,56.0,18.0,38.0,0.92,100310.0,25.2,0.76,0.05,30.3,0.225,1,0,0,1.0,29.35665443016781,90.64090799614641,0.02654806036724938,33.18283944486922,0.2257997624919135,6264.9312,0.3826915770246542,47.6,0.0006913333453652428,1.4425815094997502e-06,0.4678997684686019,0.0,0.0,1.1551855471085772,interaction_004_wet_humid_boundary_june2024,smartgarden_pa1_joint_c0fc643ba7cc
2024-06-21T19:00,28.6,82.0,0.0,0.0,0.0,0.99,100350.0,25.3,0.7,0.02,29.8,0.225,0,0,0,1.0,28.850101247475116,85.22565157497306,0.024283054332306344,33.07013002153501,0.23812636494308712,0.0,0.5867054359820973,0.0,0.0006563544610832181,2.4894623175958056e-07,0.5439899070560933,0.0,0.0,1.1575845908772555,interaction_004_wet_humid_boundary_june2024,smartgarden_pa1_joint_c0fc643ba7cc
2024-06-21T20:00,28.5,83.0,0.0,0.0,0.0,0.72,100440.0,25.4,0.65,0.0,29.5,0.224,0,0,0,1.0,28.615798333186753,84.3206796418674,0.023719847933791012,32.93901419388065,0.2380792160096639,0.0,0.6142522515613673,0.0,0.0004719643626595764,2.6049523620224035e-07,0.5436988642571845,0.0,0.0,1.1595223839402673,interaction_004_wet_humid_boundary_june2024,smartgarden_pa1_joint_c0fc643ba7cc
2024-06-21T21:00,28.4,85.0,0.0,0.0,0.0,0.99,100490.0,25.6,0.59,0.0,29.2,0.224,0,0,0,1.0,28.50074147749477,85.50064031548737,0.023900970404866786,32.80810795420755,0.23803410832006675,0.0,0.564249383176,0.0,0.0006199007679684296,2.3916721745726254e-07,0.5434204217288071,0.0,0.0,1.1605420952793841,interaction_004_wet_humid_boundary_june2024,smartgarden_pa1_joint_c0fc643ba7cc
2024-06-21T22:00,27.9,90.0,0.0,0.0,0.0,0.92,100510.0,26.0,0.39,0.0,28.9,0.224,0,0,0,1.0,28.16821806269426,88.85567243390875,0.02439062455097027,32.67649536687578,0.23799571024378657,0.0,0.42539142177731337,0.0,0.00062330251892542,1.8023113473400567e-07,0.5431833965665838,0.0,0.0,1.1620540572717455,interaction_004_wet_humid_boundary_june2024,smartgarden_pa1_joint_c0fc643ba7cc
2024-06-21T23:00,28.1,88.0,0.0,0.0,0.0,1.06,100510.0,25.8,0.47,0.0,28.4,0.223,0,0,0,1.0,28.102018297642346,89.29654695868211,0.02442280568995759,32.54255420791579,0.23796529028766752,0.0,0.40699255747683205,0.0,0.0006364956679563046,1.7237623704585428e-07,0.5429956190596761,0.0,0.0,1.1623094172391366,interaction_004_wet_humid_boundary_june2024,smartgarden_pa1_joint_c0fc643ba7cc
2024-06-22T00:00,28.0,88.0,0.0,0.0,0.0,0.94,100460.0,25.8,0.47,0.0,28.1,0.223,0,0,0,1.0,28.0917428464268,88.84780815118535,0.02428637931273664,32.41281232000077,0.23793330487754918,0.0,0.42380213882003925,0.0,0.0005888695988749414,1.7943044253631818e-07,0.5427981782564765,0.0,0.0,1.1617708383997976,interaction_004_wet_humid_boundary_june2024,smartgarden_pa1_joint_c0fc643ba7cc
2024-06-22T01:00,28.3,86.0,0.0,0.0,0.0,1.04,100400.0,25.6,0.55,0.0,27.9,0.223,0,0,0,1.0,28.233700800887075,87.67710889623356,0.024153661695391335,32.28726624603493,0.2378996263611277,0.0,0.4721726590570121,0.0,0.0006403795872449972,1.9983311259913684e-07,0.5425902861798005,0.0,0.0,1.1605300764438542,interaction_004_wet_humid_boundary_june2024,smartgarden_pa1_joint_c0fc643ba7cc
2024-06-22T02:00,27.4,92.0,0.0,0.0,0.0,0.8,100350.0,26.1,0.28,0.0,27.6,0.223,0,0,0,1.0,27.81230360860855,90.42062566347016,0.024339846331299434,32.164364040757704,0.23786647938023206,0.0,0.3581552128702672,0.0,0.0005994768116406121,1.5152144042431237e-07,0.5423856751866176,0.0,0.0,1.1615762487719368,interaction_004_wet_humid_boundary_june2024,smartgarden_pa1_joint_c0fc643ba7cc
2024-06-22T03:00,27.2,93.0,0.0,0.0,0.0,0.91,100310.0,26.0,0.25,0.0,27.5,0.223,0,0,0,1.0,27.388674011247943,92.79254719366111,0.02440228127284883,32.032885810529514,0.23784367975328263,0.0,0.2628882715065881,0.0,0.0005976773352167425,1.111888706409421e-07,0.5422449367486583,0.0,0.0,1.1627499064856461,interaction_004_wet_humid_boundary_june2024,smartgarden_pa1_joint_c0fc643ba7cc
2024-06-22T04:00,27.2,93.0,0.0,0.0,0.0,1.04,100270.0,25.9,0.26,0.0,27.3,0.223,0,0,0,1.0,27.28111102994542,93.23782000873545,0.024374249613466438,31.899619006408187,0.23782461230492688,0.0,0.2450995304231922,0.0,0.0006440443727207091,1.0364260224517568e-07,0.5421272364501659,0.0,0.0,1.1627023757920047,interaction_004_wet_humid_boundary_june2024,smartgarden_pa1_joint_c0fc643ba7cc
2024-06-22T05:00,26.8,93.0,0.0,0.0,0.0,0.95,100270.0,25.7,0.23,0.0,27.1,0.222,0,0,0,1.0,27.0341301294065,93.20653143122402,0.024035732955230666,31.76705808176447,0.2378060298063525,0.0,0.24269567001682235,0.0,0.0006311322870881802,1.0260439335548417e-07,0.5420125296688425,0.0,0.0,1.1636590062431482,interaction_004_wet_humid_boundary_june2024,smartgarden_pa1_joint_c0fc643ba7cc
2024-06-22T06:00,27.1,92.0,18.0,5.0,13.0,1.14,100290.0,25.8,0.27,0.01,27.2,0.222,1,0,0,1.0,27.100166373305438,94.20791785392441,0.02438285605373686,31.63883559197512,0.23774506920002667,2041.3711999999998,0.2077240799969946,15.299999999999999,0.0006840381323959583,5.725499995746014e-07,0.5416362296297943,3.085744786638857e-07,0.0,1.1636351281642006,interaction_004_wet_humid_boundary_june2024,smartgarden_pa1_joint_c0fc643ba7cc
2024-06-22T07:00,28.7,85.0,145.0,71.0,74.0,0.81,100450.0,26.0,0.57,0.1,29.1,0.222,0,0,0,1.0,28.382698768617352,100.0,0.02777417071636148,31.562234412354258,0.2497871220612709,15363.497599999997,0.0,123.25,0.0005790190451857932,4.441219897851981e-06,0.6159698892671044,4.200636834291045e-06,0.0,1.160534285138507,interaction_004_wet_humid_boundary_june2024,smartgarden_pa1_joint_c0fc643ba7cc
2024-06-22T08:00,29.9,75.0,345.0,226.0,119.0,0.42,100450.0,25.0,1.05,0.25,30.2,0.221,0,0,0,1.0,30.195277921699024,100.0,0.030650079073152443,31.602455895335556,0.2484454795203991,34546.705599999994,0.0,293.25,0.00039388338269336835,1.0424966091712263e-05,0.6076881451876488,1.4578294840565764e-06,0.0,1.1535997441887,interaction_004_wet_humid_boundary_june2024,smartgarden_pa1_joint_c0fc643ba7cc
2024-06-22T09:00,30.7,70.0,478.0,328.0,150.0,0.73,100490.0,24.5,1.34,0.36,31.3,0.22,0,1,0,1.0,31.633443020119735,87.31353239553773,0.028909485173911655,31.757717211805986,0.24620533143816703,47341.36,0.5908300696162856,406.3,0.0020818451755955938,1.4388871682951111e-05,0.5938600706059693,0.0,0.0,1.148613520760581,interaction_004_wet_humid_boundary_june2024,smartgarden_pa1_joint_c0fc643ba7cc
2024-06-22T10:00,30.8,68.0,440.0,183.0,257.0,0.22,100450.0,24.1,1.44,0.34,31.5,0.218,0,1,0,1.0,32.13302740762045,82.46509545640406,0.028040702657013045,31.95349007437705,0.24373688452412204,47761.8768,0.8400332902621743,374.0,0.002043503600590998,1.3038815662057593e-05,0.578622743976062,0.0,0.0,1.1462774002960734,interaction_004_wet_humid_boundary_june2024,smartgarden_pa1_joint_c0fc643ba7cc
2024-06-22T11:00,31.1,65.0,574.0,306.0,268.0,0.5,100430.0,23.9,1.56,0.44,32.1,0.217,0,1,0,1.0,32.636980152144005,81.73731047065607,0.028546655590391837,32.17504208136185,0.2410793594144241,59940.8832,0.9000990917450613,487.9,0.002139363938626661,1.6441638816575356e-05,0.5622182679902722,0.0,0.0,1.1441604235879177,interaction_004_wet_humid_boundary_june2024,smartgarden_pa1_joint_c0fc643ba7cc
2024-06-22T12:00,31.4,64.0,624.0,267.0,357.0,1.06,100400.0,23.9,1.63,0.48,32.8,0.215,0,1,0,1.0,33.19976573732463,78.63073703540988,0.02829088868563665,32.447105338621085,0.23803881375793637,67472.11679999999,1.087008761927092,530.4,0.0023674596727144997,1.732314024150307e-05,0.5434494676415825,0.0,0.0,1.1417173716048674,interaction_004_wet_humid_boundary_june2024,smartgarden_pa1_joint_c0fc643ba7cc
2024-06-22T13:00,31.0,65.0,455.0,225.0,230.0,0.89,100370.0,23.7,1.57,0.36,32.7,0.213,0,1,0,1.0,32.84131809229629,74.78776931968449,0.02640357351660229,32.68724098007881,0.23536500883160713,48131.952,1.2569679702041272,386.75,0.00231176037703539,1.243868825958935e-05,0.5269444989605379,0.0,0.0,1.1427132642199826,interaction_004_wet_humid_boundary_june2024,smartgarden_pa1_joint_c0fc643ba7cc
2024-06-22T14:00,30.3,68.0,356.0,161.0,195.0,1.1,100280.0,23.7,1.38,0.29,32.4,0.213,0,1,0,1.0,31.92909509624711,74.78707021950538,0.025155433083032072,32.841197369636056,0.23338452202817983,38188.568,1.1940231518894513,302.59999999999997,0.0023575690301199303,9.590989668194632e-06,0.5147192717788879,0.0,0.0,1.1451023990435125,interaction_004_wet_humid_boundary_june2024,smartgarden_pa1_joint_c0fc643ba7cc
2024-06-22T15:00,30.3,68.0,389.0,151.0,238.0,1.3,100260.0,23.7,1.38,0.31,32.3,0.212,0,1,0,1.0,31.62147446817331,76.14800244612238,0.02519647737992256,32.959739722473124,0.23160541389272207,42605.411199999995,1.1100744081910245,330.65,0.0023971674081638803,1.0179964596650278e-05,0.5037371227945807,0.0,0.0,1.146029594893849,interaction_004_wet_humid_boundary_june2024,smartgarden_pa1_joint_c0fc643ba7cc
2024-06-22T16:00,29.7,71.0,298.0,169.0,129.0,1.2,100260.0,23.8,1.22,0.23,31.8,0.213,0,1,0,1.0,31.089260359153197,76.29858856694366,0.0245376381466799,33.05479639874183,0.22999486861365098,30762.529599999998,1.0702307494852592,253.29999999999998,0.002362703328779659,7.729296778085022e-06,0.49379548526945055,0.0,0.0,1.1480343759961864,interaction_004_wet_humid_boundary_june2024,smartgarden_pa1_joint_c0fc643ba7cc
2024-06-22T17:00,28.9,77.0,100.0,28.0,72.0,0.76,100220.0,24.4,0.93,0.09,30.9,0.216,0,0,0,1.0,29.90305463899615,79.4467331224793,0.02396898054079772,33.05895489405412,0.22905134447779935,11333.1328,0.8672508854582004,85.0,0.0007207886485810554,2.7565280385307577e-06,0.48797126220863796,0.0,0.0,1.1520681792510332,interaction_004_wet_humid_boundary_june2024,smartgarden_pa1_joint_c0fc643ba7cc
2024-06-22T18:00,28.5,79.0,19.0,2.0,17.0,1.0,100360.0,24.6,0.8,0.04,30.0,0.22,1,0,0,1.0,28.970210576648466,83.36879120090411,0.023910039074469085,32.97149735181046,0.22874542788896204,2270.1007999999997,0.6650466060042399,16.15,0.0007117039894847079,7.113878252308683e-07,0.48608288820346945,0.0,0.0,1.1572396964655727,interaction_004_wet_humid_boundary_june2024,smartgarden_pa1_joint_c0fc643ba7cc
2024-06-22T19:00,28.2,81.0,0.0,0.0,0.0,1.08,100470.0,24.6,0.73,0.02,29.4,0.226,0,0,0,1.0,28.440391340804464,82.36357422740252,0.022948143898789658,32.846853636817194,0.24114402760520914,0.0,0.6839307977472204,0.0,0.0007035226147735369,3.001372954181592e-07,0.5626174543531429,0.0,0.0,1.1605433042081852,interaction_004_wet_humid_boundary_june2024,smartgarden_pa1_joint_c0fc643ba7cc
2024-06-22T20:00,28.1,82.0,0.0,0.0,0.0,1.36,100510.0,24.6,0.7,0.0,28.9,0.232,0,0,0,1.0,28.214237515073744,82.72003556148462,0.022763769388059955,32.712945458693554,0.24109071036259538,0.0,0.6613627469629431,0.0,0.0008375815839268924,2.9006371539509436e-07,0.5622883355715764,0.0,0.0,1.1618766072471773,interaction_004_wet_humid_boundary_june2024,smartgarden_pa1_joint_c0fc643ba7cc
2024-06-22T21:00,26.1,97.0,0.0,0.0,0.0,0.89,100560.0,25.6,0.1,0.0,28.5,0.241,0,0,0,1.0,26.99641798286694,91.72861779889647,0.023605308757943037,32.56986531256093,0.2410504984417698,0.0,0.2948409453894283,0.0,0.000752546483120846,1.2925570203842627e-07,0.5620401138380852,0.0,0.0,1.1671711622145047,interaction_004_wet_humid_boundary_june2024,smartgarden_pa1_joint_c0fc643ba7cc
2024-06-22T22:00,26.2,97.0,0.0,0.0,0.0,0.94,100550.0,25.7,0.1,0.0,28.3,0.25,0,0,0,1.0,26.34482895489114,96.35419551341982,0.023915313158369422,32.40435355115403,0.2410364623611941,0.0,0.1250719298716394,0.0,0.000603010647482847,5.482199202615494e-08,0.5619534713653958,0.0,0.0,1.1695941716174174,interaction_004_wet_humid_boundary_june2024,smartgarden_pa1_joint_c0fc643ba7cc
2024-06-22T23:00,26.2,97.0,0.0,0.0,0.0,0.94,100540.0,25.7,0.1,0.0,28.1,0.256,0,0,0,1.0,26.298211950056842,96.78559816390025,0.02396017109720142,32.2383558443864,0.24102740288514277,0.0,0.10996963245495417,0.0,0.0005907393323882107,4.819750018589125e-08,0.5618975486737208,0.0,0.0,1.169659912002497,interaction_004_wet_humid_boundary_june2024,smartgarden_pa1_joint_c0fc643ba7cc
2024-06-23T00:00,26.1,97.0,0.0,0.0,0.0,0.91,100510.0,25.6,0.09,0.0,27.9,0.258,0,0,0,1.0,26.232546894414302,96.83090851482861,0.02388394256292558,32.076031159056555,0.2410188208430211,0.0,0.10800030253901705,0.0,0.0005829208336668575,4.732991942269678e-08,0.5618445731050685,0.0,0.0,1.1695673694470106,interaction_004_wet_humid_boundary_june2024,smartgarden_pa1_joint_c0fc643ba7cc
2024-06-23T01:00,26.0,97.0,0.0,0.0,0.0,0.71,100470.0,25.6,0.09,0.0,27.8,0.26,0,0,0,1.0,26.136013354710776,96.9044453384497,0.02377392844659217,31.916304650304788,0.24101040589956244,0.0,0.10489477483008303,0.0,0.0004735615662406586,4.59647068305103e-08,0.5617926290096447,0.0,0.0,1.1694790055867732,interaction_004_wet_humid_boundary_june2024,smartgarden_pa1_joint_c0fc643ba7cc
2024-06-23T02:00,27.3,89.0,0.0,0.0,0.0,0.54,100450.0,25.4,0.38,0.0,27.8,0.26,0,0,0,1.0,26.84655550228571,92.55484838329095,0.023621110459275042,31.765815281140828,0.24099743902212883,0.0,0.26306474948077296,0.0,0.0004972668511907095,1.1525808907286186e-07,0.5617125865563508,0.0,0.0,1.1664768431271402,interaction_004_wet_humid_boundary_june2024,smartgarden_pa1_joint_c0fc643ba7cc
2024-06-23T03:00,27.4,89.0,0.0,0.0,0.0,0.54,100410.0,25.4,0.41,0.0,27.7,0.259,0,0,0,1.0,27.357365853967934,90.3550716052093,0.02372027182744035,31.636779085146344,0.24097185833034476,0.0,0.3511502338120338,0.0,0.00034399498816227084,1.5380824488859448e-07,0.5615546810515109,0.0,0.0,1.1640303240878238,interaction_004_wet_humid_boundary_june2024,smartgarden_pa1_joint_c0fc643ba7cc
2024-06-23T04:00,27.4,89.0,0.0,0.0,0.0,0.85,100440.0,25.4,0.4,0.0,27.7,0.259,0,0,0,1.0,27.443415086318506,90.06994529216495,0.02375792430961457,31.51675262103405,0.24094370930860995,0.0,0.3633552206634634,0.0,0.0005231608869456077,1.5910493715895924e-07,0.5613809216580862,0.0,0.0,1.1640447871236836,interaction_004_wet_humid_boundary_june2024,smartgarden_pa1_joint_c0fc643ba7cc
2024-06-23T05:00,27.3,90.0,0.0,0.0,0.0,0.85,100440.0,25.4,0.37,0.0,27.5,0.258,0,0,0,1.0,27.39362256270279,90.45195877560731,0.02379325552247357,31.400327828323736,0.24091540221935073,0.0,0.3483608969736549,0.0,0.0005379840296406917,1.5249178661336938e-07,0.5612061865392021,0.0,0.0,1.1642376400847894,interaction_004_wet_humid_boundary_june2024,smartgarden_pa1_joint_c0fc643ba7cc
2024-06-23T06:00,27.2,91.0,13.0,2.0,11.0,0.72,100540.0,25.5,0.33,0.01,27.6,0.263,1,0,0,1.0,27.32688232962511,92.67048459718784,0.024287227433266594,31.288707761438523,0.24085805188896417,1531.0064,0.2663756591108628,11.049999999999999,0.0004757920824215753,4.790788116613337e-07,0.5608521721540999,4.802429420901635e-07,0.0,1.1656556288898765,interaction_004_wet_humid_boundary_june2024,smartgarden_pa1_joint_c0fc643ba7cc
2024-06-23T07:00,28.2,87.0,133.0,65.0,68.0,0.82,100620.0,25.7,0.51,0.09,29.1,0.263,0,0,0,1.0,28.108518350119642,100.0,0.02735997874951546,31.21771514769788,0.25293294856254045,14096.403199999999,0.0,113.05,0.0005202424276422069,4.2020946626371546e-06,0.6353885713737065,2.064304612113715e-06,0.0,1.1635563643134024,interaction_004_wet_humid_boundary_june2024,smartgarden_pa1_joint_c0fc643ba7cc
2024-06-23T08:00,28.6,84.0,198.0,66.0,132.0,1.14,100620.0,25.7,0.62,0.15,28.9,0.264,0,0,0,1.0,28.954326687388722,100.0,0.02865502914286859,31.213760593288345,0.2519960325967297,22068.0768,0.0,168.29999999999998,0.0007604431163963178,6.1988088810662475e-06,0.6296051394859858,3.7441082268348656e-06,0.0,1.160298729162625,interaction_004_wet_humid_boundary_june2024,smartgarden_pa1_joint_c0fc643ba7cc
2024-06-23T09:00,28.7,84.0,289.0,103.0,186.0,0.5,100640.0,25.7,0.63,0.22,29.3,0.271,0,0,0,1.0,29.461339016029456,100.0,0.029456257228681275,31.26147865475615,0.2506330307668529,31975.9264,0.0,245.65,0.000571713409022938,8.926848669511288e-06,0.6211915479435364,6.2195039661663155e-06,0.0,1.1585849418025642,interaction_004_wet_humid_boundary_june2024,smartgarden_pa1_joint_c0fc643ba7cc
2024-06-23T10:00,29.0,82.0,398.0,166.0,232.0,0.41,100650.0,25.6,0.72,0.3,29.9,0.276,0,1,0,1.0,30.021950477192608,99.33825523122472,0.03016353523037705,31.366470575742284,0.2487411463021584,43186.3168,0.02811363179593851,338.3,0.0020036046366124507,1.2075968217838112e-05,0.6095132487787556,0.0,0.0,1.1565574492863513,interaction_004_wet_humid_boundary_june2024,smartgarden_pa1_joint_c0fc643ba7cc
2024-06-23T11:00,29.0,82.0,306.0,97.0,209.0,0.28,100590.0,25.6,0.72,0.24,30.0,0.279,0,1,0,1.0,30.067729732915318,93.19068588164751,0.028366949320356594,31.480644246028564,0.24682295975071822,34281.12159999999,0.29004794357594044,260.09999999999997,0.001988679577826708,9.22931238524036e-06,0.5976725910538162,0.0,0.0,1.1556934854350818,interaction_004_wet_humid_boundary_june2024,smartgarden_pa1_joint_c0fc643ba7cc
2024-06-23T12:00,29.3,77.0,252.0,23.0,229.0,0.81,100580.0,24.9,0.92,0.2,29.9,0.281,0,1,0,1.0,30.06874617724657,86.82864523587351,0.026431815888368806,31.55586261082076,0.24530783773615322,30232.7696,0.5610766251128463,214.2,0.0020780135896178572,7.629533470843097e-06,0.5883199860256372,0.0,0.0,1.1555747202369095,interaction_004_wet_humid_boundary_june2024,smartgarden_pa1_joint_c0fc643ba7cc
2024-06-23T13:00,29.2,79.0,341.0,57.0,284.0,1.33,100520.0,25.2,0.85,0.27,32.2,0.284,0,1,0,1.0,30.21658469451371,88.25269514039712,0.02708064544162944,31.639434169168833,0.24371456325786814,39999.8016,0.5046714318378864,289.84999999999997,0.0023647488727116125,1.003663808258892e-05,0.5784849583819021,0.0,0.0,1.154322567591495,interaction_004_wet_humid_boundary_june2024,smartgarden_pa1_joint_c0fc643ba7cc
2024-06-23T14:00,29.2,75.0,331.0,97.0,234.0,1.12,100480.0,24.2,1.02,0.26,31.3,0.283,0,1,0,1.0,30.274844395308218,84.94655307846038,0.026148211748986336,31.742041169606328,0.2419456484117166,37360.681599999996,0.6488660194278077,281.34999999999997,0.0022749455557890897,9.628803987286148e-06,0.5675657309365222,0.0,0.0,1.1536416772927145,interaction_004_wet_humid_boundary_june2024,smartgarden_pa1_joint_c0fc643ba7cc
2024-06-23T15:00,28.4,78.0,229.0,46.0,183.0,0.71,100480.0,24.1,0.87,0.18,30.3,0.304,0,0,0,1.0,29.6470091304936,97.83000638127389,0.029108766398810135,31.80989830532307,0.24049304628893212,26590.379199999996,0.09022636523821514,194.65,0.0007544459164693588,6.4000936429758924e-06,0.5585990511662476,1.1514530168754892e-06,0.0,1.1560336987002051,interaction_004_wet_humid_boundary_june2024,smartgarden_pa1_joint_c0fc643ba7cc
2024-06-23T16:00,27.9,86.0,167.0,32.0,135.0,0.41,100500.0,25.4,0.52,0.13,29.7,0.307,0,0,0,1.0,28.86355365713932,100.0,0.028513571765932458,31.819494627996296,0.23950794559088595,19445.624,0.0,141.95,0.0006007291440418997,4.588152427670593e-06,0.5525181826597898,1.1849517182462904e-06,0.0,1.1592632729679568,interaction_004_wet_humid_boundary_june2024,smartgarden_pa1_joint_c0fc643ba7cc
2024-06-23T17:00,27.8,87.0,89.0,18.0,71.0,0.32,100400.0,25.3,0.5,0.07,29.2,0.307,0,0,0,1.0,28.356204325751413,100.0,0.027733913397462305,31.78103790309887,0.23887717842126635,10329.9504,0.0,75.64999999999999,0.0004588421130252155,2.4279516977331768e-06,0.5486245581559651,1.8133113283813246e-07,0.0,1.1600585470921003,interaction_004_wet_humid_boundary_june2024,smartgarden_pa1_joint_c0fc643ba7cc
2024-06-23T18:00,27.7,87.0,46.0,18.0,28.0,0.54,100480.0,25.4,0.48,0.04,28.8,0.309,1,0,0,1.0,28.04463583909993,98.94188248354533,0.026975751553114463,31.706199040857328,0.2385458917433011,5033.1071999999995,0.04010017115745823,39.1,0.00046119212382503966,1.2673147882846467e-06,0.5465795786623525,0.0,0.0,1.1621838664068365,interaction_004_wet_humid_boundary_june2024,smartgarden_pa1_joint_c0fc643ba7cc
2024-06-23T19:00,27.6,89.0,1.0,0.0,1.0,0.22,100600.0,25.7,0.39,0.0,28.4,0.307,0,0,0,1.0,27.779420518867983,95.81281898535211,0.025744745031649082,31.60632297363602,0.25090724437000855,123.18239999999999,0.1562510942013713,0.85,0.00027120943769018814,1.0688746454267095e-07,0.6228842245062256,0.0,0.0,1.164597304752924,interaction_004_wet_humid_boundary_june2024,smartgarden_pa1_joint_c0fc643ba7cc
2024-06-23T20:00,27.4,86.0,0.0,0.0,0.0,0.61,100670.0,24.8,0.51,0.0,28.1,0.308,0,0,0,1.0,27.55256047231578,90.66898785226664,0.024060250809640946,31.492894707191287,0.25088264730475657,0.0,0.34362042356859046,0.0,0.0004262857879311346,1.6690718295131676e-07,0.6227323907701022,0.0,0.0,1.166286883161184,interaction_004_wet_humid_boundary_june2024,smartgarden_pa1_joint_c0fc643ba7cc
2024-06-23T21:00,27.5,85.0,0.0,0.0,0.0,0.98,100680.0,24.8,0.55,0.0,27.9,0.312,0,0,0,1.0,27.518868618379692,87.24432869417787,0.02310852841069446,31.379094178522983,0.25084641640202304,0.0,0.46881184155301847,0.0,0.0005930025645985095,2.276347868284868e-07,0.6225087432223645,0.0,0.0,1.166533438463178,interaction_004_wet_humid_boundary_june2024,smartgarden_pa1_joint_c0fc643ba7cc
2024-06-23T22:00,26.1,97.0,0.0,0.0,0.0,1.08,100680.0,25.6,0.1,0.0,27.7,0.313,0,0,0,1.0,26.727921879611777,93.08775908880081,0.023601410881078942,31.261884425706462,0.25081234894223164,0.0,0.24253836976659882,0.0,0.0007855152072445459,1.1772637627491659e-07,0.6222984502606892,0.0,0.0,1.169610243227707,interaction_004_wet_humid_boundary_june2024,smartgarden_pa1_joint_c0fc643ba7cc
2024-06-23T23:00,27.3,88.0,0.0,0.0,0.0,1.0,100690.0,25.1,0.45,0.0,27.6,0.311,0,0,0,1.0,26.93398208598113,91.46654108461314,0.02345666296403195,31.13564959513143,0.25079252745291625,0.0,0.30307044957830076,0.0,0.0006890783418422857,1.4707928737805598e-07,0.6221760953883719,0.0,0.0,1.1689231922552736,interaction_004_wet_humid_boundary_june2024,smartgarden_pa1_joint_c0fc643ba7cc
2024-06-24T00:00,27.3,88.0,0.0,0.0,0.0,0.94,100670.0,25.1,0.43,0.0,27.5,0.309,0,0,0,1.0,27.29924613802353,89.22912340062383,0.0233496623230085,31.024335337982706,0.2507606654108366,0.0,0.3908119655660842,0.0,0.0005642093740842386,1.8960005856015658e-07,0.6219794161162752,0.0,0.0,1.1672702012729759,interaction_004_wet_humid_boundary_june2024,smartgarden_pa1_joint_c0fc643ba7cc
2024-06-24T01:00,27.1,89.0,0.0,0.0,0.0,0.78,100630.0,25.1,0.4,0.0,27.4,0.307,0,0,0,1.0,27.223325667537726,89.71024755005166,0.0233773479079498,30.91839997144084,0.25072702926340235,0.0,0.37169881805079585,0.0,0.0005076190229181001,1.802672334809887e-07,0.6217717855765577,0.0,0.0,1.167101315295594,interaction_004_wet_humid_boundary_june2024,smartgarden_pa1_joint_c0fc643ba7cc
2024-06-24T02:00,27.0,89.0,0.0,0.0,0.0,0.81,100600.0,25.0,0.39,0.0,27.3,0.312,0,0,0,1.0,27.09774706395295,90.054914183906,0.023304859578453015,30.81261780610308,0.25069545752132827,0.0,0.35661456057221175,0.0,0.0005165703913218615,1.7289743050467476e-07,0.6215768982798041,0.0,0.0,1.1672413714481074,interaction_004_wet_humid_boundary_june2024,smartgarden_pa1_joint_c0fc643ba7cc
2024-06-24T03:00,27.0,89.0,0.0,0.0,0.0,0.85,100560.0,25.0,0.41,0.0,27.3,0.31,0,0,0,1.0,27.052926581459246,90.0584800720108,0.023248085713682153,30.707824444305135,0.25066442372575504,0.0,0.3555510779046571,0.0,0.0005260207330498134,1.7232869507794944e-07,0.6213853316404632,0.0,0.0,1.1669514601368296,interaction_004_wet_humid_boundary_june2024,smartgarden_pa1_joint_c0fc643ba7cc
2024-06-24T04:00,27.0,89.0,0.0,0.0,0.0,0.98,100570.0,24.9,0.41,0.0,27.2,0.308,0,0,0,1.0,27.046189447412917,89.95887162230387,0.02321371994890527,30.605522825504018,0.25063328441294414,0.0,0.3589716420783384,0.0,0.0006001911086501307,1.7393275540550488e-07,0.621193113660149,0.0,0.0,1.167093697268082,interaction_004_wet_humid_boundary_june2024,smartgarden_pa1_joint_c0fc643ba7cc
2024-06-24T05:00,26.9,89.0,0.0,0.0,0.0,0.92,100600.0,25.0,0.39,0.0,27.1,0.307,0,0,0,1.0,26.985790286485628,89.93720302876828,0.0231307008160494,30.50548805548547,0.2506019498490316,0.0,0.35847396257402275,0.0,0.0005758592793964924,1.736375314317486e-07,0.6209996904261211,0.0,0.0,1.167676776310517,interaction_004_wet_humid_boundary_june2024,smartgarden_pa1_joint_c0fc643ba7cc
2024-06-24T06:00,27.0,89.0,12.0,1.0,11.0,0.72,100620.0,25.0,0.39,0.01,27.1,0.305,1,0,0,1.0,27.03032482569256,91.52780849669925,0.023597862259622345,30.4104348472689,0.25053923659598326,1443.0064,0.3026002554994638,10.2,0.000442870863572427,5.168015891884096e-07,0.6206125715801436,5.270654168390907e-07,0.0,1.167735648675351,interaction_004_wet_humid_boundary_june2024,smartgarden_pa1_joint_c0fc643ba7cc
2024-06-24T07:00,27.4,89.0,119.0,31.0,88.0,0.91,100700.0,25.4,0.4,0.08,27.9,0.303,0,0,0,1.0,27.49717773919505,100.0,0.026455494033893103,30.35147007851636,0.26261917537301227,13568.0512,0.0,101.14999999999999,0.0005731892995312799,4.113571796020624e-06,0.6951800948951374,2.853523288590988e-06,0.0,1.1668493483259201,interaction_004_wet_humid_boundary_june2024,smartgarden_pa1_joint_c0fc643ba7cc
2024-06-24T08:00,28.1,85.0,193.0,40.0,153.0,0.91,100750.0,25.4,0.56,0.15,28.1,0.301,0,0,0,1.0,28.29813415903741,100.0,0.02764585299607931,30.351708242473215,0.2616526817877427,22366.907199999998,0.0,164.04999999999998,0.0005999952845010048,6.6143358837397064e-06,0.6892140851095229,4.11888226711592e-06,0.0,1.1643268255154373,interaction_004_wet_humid_boundary_june2024,smartgarden_pa1_joint_c0fc643ba7cc
2024-06-24T09:00,28.7,84.0,245.0,30.0,215.0,0.85,100780.0,25.6,0.64,0.19,28.9,0.299,0,0,0,1.0,29.10173192124642,99.99999999999997,0.02888602213153425,30.400276889647216,0.2603098525830348,29124.215999999997,8.881784197001252e-16,208.25,0.000620668531488291,8.295454122372804e-06,0.6809250159446593,4.67814042486914e-06,0.0,1.161577001661596,interaction_004_wet_humid_boundary_june2024,smartgarden_pa1_joint_c0fc643ba7cc
2024-06-24T10:00,29.0,81.0,262.0,37.0,225.0,0.63,100780.0,25.4,0.75,0.21,29.3,0.297,0,0,0,1.0,29.62562385441527,100.0,0.029719960598623217,30.479028962843827,0.2587756356813921,30972.04,0.0,222.7,0.000580872598723219,8.74767619058884e-06,0.6714545412431612,3.0535374238207783e-06,0.0,1.159567127771558,interaction_004_wet_humid_boundary_june2024,smartgarden_pa1_joint_c0fc643ba7cc
2024-06-24T11:00,30.3,72.0,529.0,126.0,403.0,0.36,100690.0,24.7,1.19,0.4,30.7,0.293,0,1,0,1.0,31.01563934141214,96.53791499885007,0.03092428868432667,30.641421090037518,0.25641874593024916,60730.5072,0.1556759008192703,449.65,0.0019067389125184838,1.735936230504661e-05,0.6569058390756121,0.0,0.0,1.153237186962102,interaction_004_wet_humid_boundary_june2024,smartgarden_pa1_joint_c0fc643ba7cc
2024-06-24T12:00,31.3,67.0,736.0,433.0,303.0,0.51,100630.0,24.5,1.5,0.56,31.9,0.289,0,1,0,1.0,32.74944520890839,92.87344064071843,0.03262966671213715,30.949316880360556,0.25274221695098503,75428.2672,0.3534690595586927,625.6,0.002123555246948559,2.3385464142169313e-05,0.6342112157468212,0.0,0.0,1.146017454287576,interaction_004_wet_humid_boundary_june2024,smartgarden_pa1_joint_c0fc643ba7cc
2024-06-24T13:00,31.9,65.0,689.0,411.0,278.0,0.45,100580.0,24.4,1.66,0.53,32.5,0.285,0,1,0,1.0,33.708941786073986,85.71911268694033,0.03167909512966538,31.31769312658794,0.24872812045478843,70412.7072,0.7474132314161412,585.65,0.002181289103070757,2.123477770250666e-05,0.6094328423135088,0.0,0.0,1.1418664085357926,interaction_004_wet_humid_boundary_june2024,smartgarden_pa1_joint_c0fc643ba7cc
2024-06-24T14:00,31.5,67.0,385.0,152.0,233.0,0.42,100480.0,24.5,1.54,0.31,32.3,0.285,0,1,0,1.0,33.16303706089377,77.95188994005119,0.027992355345511866,31.598025005426052,0.24576213248887885,42077.4992,1.1192351691864895,327.25,0.0021469438306551208,1.1832610524375187e-05,0.591124274622709,0.0,0.0,1.142764114055312,interaction_004_wet_humid_boundary_june2024,smartgarden_pa1_joint_c0fc643ba7cc
2024-06-24T15:00,30.7,73.0,481.0,224.0,257.0,0.85,100440.0,25.3,1.19,0.37,32.0,0.309,0,1,0,1.0,32.44474892001607,83.95753532653175,0.02902477881512757,31.803591157020715,0.24342006668171234,51369.8768,0.7821641787037512,408.84999999999997,0.002281984882534212,1.4144382293609186e-05,0.576667078282175,0.0,0.0,1.1449941437525022,interaction_004_wet_humid_boundary_june2024,smartgarden_pa1_joint_c0fc643ba7cc
2024-06-24T16:00,30.2,76.0,322.0,144.0,178.0,0.5,100450.0,25.4,1.05,0.24,31.2,0.31,0,1,0,1.0,31.651033089328294,84.16312994445525,0.027892564749091343,31.973051369358704,0.24131121145514658,34598.4672,0.738285034530791,273.7,0.0021225077480768817,9.34942952689649e-06,0.5636494534268308,0.0,0.0,1.1480900555503208,interaction_004_wet_humid_boundary_june2024,smartgarden_pa1_joint_c0fc643ba7cc
2024-06-24T17:00,28.9,85.0,112.0,34.0,78.0,0.22,100470.0,26.2,0.59,0.09,30.4,0.332,0,1,0,1.0,30.1076849914814,85.88016084057622,0.02619813580734204,32.025033111428584,0.24016964415584544,12600.2272,0.6028243830403919,95.2,0.0020152703509895287,3.3615482784960826e-06,0.5566027417027496,0.0,0.0,1.154162702567385,interaction_004_wet_humid_boundary_june2024,smartgarden_pa1_joint_c0fc643ba7cc
2024-06-24T18:00,28.5,89.0,46.0,9.0,37.0,0.2,100470.0,26.5,0.44,0.03,29.6,0.336,1,0,0,1.0,29.050409166593244,98.18757340985891,0.028283338730527352,31.978004954467064,0.23975713918104122,5349.748799999999,0.07281172601496966,39.1,0.00043112385399456647,1.2987875471727522e-06,0.5540564146977853,0.0,0.0,1.1582006465489214,interaction_004_wet_humid_boundary_june2024,smartgarden_pa1_joint_c0fc643ba7cc
2024-06-24T19:00,28.7,83.0,0.0,0.0,0.0,0.36,100540.0,25.6,0.66,0.01,29.1,0.333,0,0,0,1.0,28.767192481260512,94.42513661034789,0.02678280401438651,31.891399433678203,0.2521185042767572,0.0,0.22032419946855963,0.0,0.00026001531529752496,1.0832937413857103e-07,0.6303611375108469,0.0,0.0,1.1600948139465366,interaction_004_wet_humid_boundary_june2024,smartgarden_pa1_joint_c0fc643ba7cc
2024-06-24T20:00,28.5,84.0,0.0,0.0,0.0,0.28,100620.0,25.5,0.62,0.0,28.6,0.33,0,0,0,1.0,28.62467208120326,89.25663144313756,0.025120534170645206,31.793061947935026,0.25208785199511424,0.0,0.4210981605912383,0.0,0.00025907067921926647,2.0698410630373755e-07,0.630171925895767,0.0,0.0,1.1615662239393794,interaction_004_wet_humid_boundary_june2024,smartgarden_pa1_joint_c0fc643ba7cc
2024-06-24T21:00,27.8,89.0,0.0,0.0,0.0,0.71,100640.0,25.9,0.4,0.0,28.3,0.327,0,0,0,1.0,28.14024176597177,89.20421342447405,0.024448759973753918,31.690998684615742,0.2520496562168773,0.0,0.4114172816347832,0.0,0.0005364615374467612,2.0214996221579762e-07,0.6299361494868969,0.0,0.0,1.1636651042784616,interaction_004_wet_humid_boundary_june2024,smartgarden_pa1_joint_c0fc643ba7cc
2024-06-24T22:00,27.2,92.0,0.0,0.0,0.0,0.7,100700.0,25.8,0.29,0.0,28.0,0.325,0,0,0,1.0,27.533424283819404,91.62446407218816,0.02428817578505844,31.57876375498643,0.2520177937987378,0.0,0.308089749307876,0.0,0.0005299009226833371,1.513326943382016e-07,0.6297394678934432,0.0,0.0,1.1667086879051645,interaction_004_wet_humid_boundary_june2024,smartgarden_pa1_joint_c0fc643ba7cc
2024-06-24T23:00,26.9,93.0,0.0,0.0,0.0,0.54,100730.0,25.7,0.24,0.0,27.7,0.322,0,0,0,1.0,27.116697738445886,93.29026024768982,0.024167427147870537,31.457862849593372,0.25199390914935105,0.0,0.24086775359125445,0.0,0.0004158342506567984,1.1828576633271513e-07,0.6295920317861176,0.0,0.0,1.1686759719715603,interaction_004_wet_humid_boundary_june2024,smartgarden_pa1_joint_c0fc643ba7cc
2024-06-25T00:00,26.9,94.0,0.0,0.0,0.0,0.81,100740.0,25.8,0.22,0.0,27.6,0.32,0,0,0,1.0,26.980921063990394,94.10722065986018,0.02419665482681723,31.33414177690801,0.25197414449281247,0.0,0.2098625797735143,0.0,0.0005114479332675265,1.030397190499865e-07,0.6294700277334103,0.0,0.0,1.1693207441686124,interaction_004_wet_humid_boundary_june2024,smartgarden_pa1_joint_c0fc643ba7cc
2024-06-25T01:00,26.8,94.0,0.0,0.0,0.0,0.6,100730.0,25.7,0.22,0.0,27.5,0.319,0,0,0,1.0,26.90609208581247,94.50725551203504,0.02419905758125486,31.212116968790383,0.2519563596487687,0.0,0.19475869351744013,0.0,0.00040359240670189675,9.560723563438884e-08,0.629360244745486,0.0,0.0,1.1694962511536398,interaction_004_wet_humid_boundary_june2024,smartgarden_pa1_joint_c0fc643ba7cc
2024-06-25T02:00,26.1,98.0,0.0,0.0,0.0,0.85,100640.0,25.7,0.08,0.0,27.5,0.348,0,0,0,1.0,26.460824240500795,96.56768521493412,0.024123366861579957,31.088494744967356,0.2519418422755598,0.0,0.11855569371755115,0.0,0.0006111287471271892,5.8190820662116414e-08,0.6292706313306162,0.0,0.0,1.1701878311354044,interaction_004_wet_humid_boundary_june2024,smartgarden_pa1_joint_c0fc643ba7cc
2024-06-25T03:00,25.9,97.0,0.0,0.0,0.0,0.73,100620.0,25.4,0.1,0.0,27.4,0.353,0,0,0,1.0,26.09067262419119,97.25369795324775,0.023799407957328683,30.957671727471965,0.2519333039872534,0.0,0.09281125769782861,0.0,0.0005018280019301875,4.555083550984332e-08,0.6292179258472431,0.0,0.0,1.1714024810060866,interaction_004_wet_humid_boundary_june2024,smartgarden_pa1_joint_c0fc643ba7cc
2024-06-25T04:00,25.7,97.0,0.0,0.0,0.0,0.92,100570.0,25.2,0.11,0.0,27.3,0.359,0,0,0,1.0,25.87171656702538,96.99122815414431,0.023447058586837242,30.824506813889545,0.25192472544102973,0.0,0.10037362342488398,0.0,0.0005989717469657196,4.9258223006790344e-08,0.6291649718582082,0.0,0.0,1.1716777118073918,interaction_004_wet_humid_boundary_june2024,smartgarden_pa1_joint_c0fc643ba7cc
2024-06-25T05:00,25.7,96.0,0.0,0.0,0.0,1.14,100660.0,25.1,0.12,0.0,27.2,0.361,0,0,0,1.0,25.786033879947492,96.30154817247738,0.02316920153739934,30.69142745754378,0.2519150450570811,0.0,0.12275741603455437,0.0,0.0007035272740311655,6.023731800788222e-08,0.6291052164017353,0.0,0.0,1.1730623783424061,interaction_004_wet_humid_boundary_june2024,smartgarden_pa1_joint_c0fc643ba7cc
2024-06-25T06:00,25.7,97.0,8.0,1.0,7.0,0.67,100650.0,25.2,0.11,0.01,27.2,0.359,1,0,0,1.0,25.79008282049365,97.65512708928466,0.02350017414656729,30.563285633212285,0.2518829274245058,950.2767999999999,0.07784866983311067,6.8,0.00043585934973280904,2.883676532398475e-07,0.6289069594105297,6.765194053587182e-07,0.0,1.1729299544939855,interaction_004_wet_humid_boundary_june2024,smartgarden_pa1_joint_c0fc643ba7cc
2024-06-25T07:00,27.4,87.0,106.0,30.0,76.0,0.57,100720.0,25.1,0.47,0.08,28.2,0.356,0,0,0,1.0,26.953240739889917,100.0,0.025672431204092568,30.47413193136205,0.2640217130582697,12001.8624,0.0,90.1,0.0005070646344616325,3.7098231251430918e-06,0.7038377349275908,3.7503876959185023e-06,0.0,1.1691964299642514,interaction_004_wet_humid_boundary_june2024,smartgarden_pa1_joint_c0fc643ba7cc
2024-06-25T08:00,27.8,83.0,222.0,86.0,136.0,0.41,100740.0,24.7,0.63,0.16,28.0,0.352,0,0,0,1.0,28.098089921317143,100.0,0.027344330189669946,30.468431820541024,0.26299322890040955,24320.806399999998,0.0,188.7,0.0003920113166079682,7.699546939322073e-06,0.6974890672864787,6.493637254406494e-06,0.0,1.1649843557787227,interaction_004_wet_humid_boundary_june2024,smartgarden_pa1_joint_c0fc643ba7cc
2024-06-25T09:00,28.6,79.0,319.0,143.0,176.0,0.28,100720.0,24.5,0.84,0.24,28.7,0.347,0,0,0,1.0,29.0871373146562,100.0,0.028863080510236287,30.535273674222157,0.26131708724165814,34264.102399999996,0.0,271.15,0.00042421974568536115,1.0899643518680079e-05,0.687142513837396,6.7477832559750306e-06,0.0,1.160941507093763,interaction_004_wet_humid_boundary_june2024,smartgarden_pa1_joint_c0fc643ba7cc
2024-06-25T10:00,28.9,76.0,335.0,68.0,267.0,0.5,100700.0,24.3,0.93,0.26,29.8,0.343,0,0,0,1.0,29.73043083360302,100.0,0.02988924754477239,30.646562417500537,0.2593240077033162,38873.7008,0.0,284.75,0.0005900182099918258,1.1241392930993076e-05,0.6748395537241741,2.5724528862909913e-06,0.0,1.1582457224307614,interaction_004_wet_humid_boundary_june2024,smartgarden_pa1_joint_c0fc643ba7cc
2024-06-25T11:00,29.6,73.0,543.0,154.0,389.0,1.3,100670.0,24.2,1.14,0.41,30.5,0.338,0,1,0,1.0,30.656906078099727,92.76900809987663,0.029149880204333928,30.823258309491955,0.25669032332782776,61469.9536,0.318567218487372,461.55,0.002356326792058676,1.7945811213965473e-05,0.6585822427643689,0.0,0.0,1.1543695847443596,interaction_004_wet_humid_boundary_june2024,smartgarden_pa1_joint_c0fc643ba7cc
2024-06-25T12:00,30.2,69.0,588.0,244.0,344.0,2.33,100600.0,24.0,1.31,0.45,31.2,0.332,0,1,0,1.0,31.56572375984284,84.21623193228224,0.0277833252586937,31.07723619912445,0.25336198002181226,63846.745599999995,0.7322606187225515,499.8,0.002930442392595291,1.901953795232974e-05,0.6380369137148905,0.0,0.0,1.1501263792128562,interaction_004_wet_humid_boundary_june2024,smartgarden_pa1_joint_c0fc643ba7cc
2024-06-25T13:00,31.1,66.0,871.0,682.0,189.0,2.0,100610.0,24.0,1.54,0.65,32.4,0.326,0,1,0,1.0,32.95922661688159,85.92119930114741,0.03052386679267749,31.425527090249712,0.24921691257837275,83297.4736,0.7065664400369505,740.35,0.0028072810582011787,2.686303837998843e-05,0.6124500776442763,0.0,0.0,1.145004458268723,interaction_004_wet_humid_boundary_june2024,smartgarden_pa1_joint_c0fc643ba7cc
2024-06-25T14:00,29.9,72.0,352.0,107.0,245.0,1.43,100560.0,24.2,1.2,0.28,31.7,0.322,0,1,0,1.0,31.975290371101423,78.43179719132992,0.02644635324054778,31.72014917855832,0.24584533135676978,39595.688,1.0240885195839846,299.2,0.0025621337258935183,1.0828149410693836e-05,0.5916378478812949,0.0,0.0,1.148125883257701,interaction_004_wet_humid_boundary_june2024,smartgarden_pa1_joint_c0fc643ba7cc
2024-06-25T15:00,29.9,71.0,299.0,206.0,93.0,0.85,100580.0,24.1,1.22,0.24,31.3,0.318,0,1,0,1.0,31.00318405013281,80.12644521692867,0.025650009542776932,31.83956890775098,0.2440601336484851,29583.9632,0.8929996406631773,254.15,0.0021645068836799626,9.036922979528956e-06,0.5806181089412661,0.0,0.0,1.1520244934427644,interaction_004_wet_humid_boundary_june2024,smartgarden_pa1_joint_c0fc643ba7cc
2024-06-25T16:00,30.0,71.0,370.0,253.0,117.0,0.22,100550.0,24.1,1.23,0.27,31.3,0.314,0,1,0,1.0,31.0743010472283,83.4992039812545,0.02683183055165307,31.952279182804975,0.24227252516962725,36676.3408,0.7444550329050816,314.5,0.0019803999705790246,1.081008227096283e-05,0.5695834887014027,0.0,0.0,1.1514116563647452,interaction_004_wet_humid_boundary_june2024,smartgarden_pa1_joint_c0fc643ba7cc
2024-06-25T17:00,29.6,74.0,195.0,106.0,89.0,0.4,100560.0,24.4,1.09,0.14,30.8,0.311,0,1,0,1.0,30.608717494726296,80.19374277262422,0.025133242070446867,32.03546771157862,0.24077971024648628,20291.2336,0.87018361559501,165.75,0.001997366501413923,5.813890282713198e-06,0.5603685817684338,0.0,0.0,1.1532911595126993,interaction_004_wet_humid_boundary_june2024,smartgarden_pa1_joint_c0fc643ba7cc
2024-06-25T18:00,29.2,77.0,76.0,49.0,27.0,0.14,100560.0,24.8,0.92,0.05,30.2,0.309,1,0,0,1.0,29.827520699668938,85.03320890317448,0.025549763579237734,32.030717224081236,0.24003735925373457,7637.924799999999,0.628795068678917,64.6,0.00044949388317668296,2.3729624777924206e-06,0.5557861682329295,0.0,0.0,1.1562648037470926,interaction_004_wet_humid_boundary_june2024,smartgarden_pa1_joint_c0fc643ba7cc
2024-06-25T19:00,29.1,75.0,1.0,0.0,1.0,0.82,100600.0,24.3,0.99,0.0,29.6,0.308,0,0,0,1.0,29.309669070094486,83.87200311056185,0.024502858384517854,31.965222932021472,0.2522730290403513,123.18239999999999,0.6576871303461176,0.85,0.0005543696992886286,3.552541805832558e-07,0.6313149940762427,0.0,0.0,1.15870520236506,interaction_004_wet_humid_boundary_june2024,smartgarden_pa1_joint_c0fc643ba7cc
2024-06-25T20:00,29.0,77.0,0.0,0.0,0.0,1.22,100680.0,24.5,0.92,0.01,29.1,0.306,0,0,0,1.0,29.081199159662127,78.90110862556531,0.0227659291433322,31.875523978146592,0.2521996519964657,0.0,0.8491275078125295,0.0,0.0007490775804961334,4.17832209402914e-07,0.6308620493608995,0.0,0.0,1.1605032509001283,interaction_004_wet_humid_boundary_june2024,smartgarden_pa1_joint_c0fc643ba7cc
2024-06-25T21:00,28.0,87.0,0.0,0.0,0.0,0.92,100700.0,25.5,0.51,0.0,28.6,0.305,0,0,0,1.0,28.444842980340777,84.77724680428311,0.023626395644194557,31.780141417406334,0.25213362508845216,0.0,0.590482439681272,0.0,0.0006660054246650666,2.903723916682892e-07,0.630454475854643,0.0,0.0,1.1631828978052987,interaction_004_wet_humid_boundary_june2024,smartgarden_pa1_joint_c0fc643ba7cc
2024-06-25T22:00,27.7,89.0,0.0,0.0,0.0,1.12,100760.0,25.8,0.39,0.0,28.2,0.304,0,0,0,1.0,27.913719539081512,88.85797298524132,0.0240529072187856,31.67223677632905,0.25209069601604134,0.0,0.41904967623022227,0.0,0.0007200103904151741,2.0598294461160084e-07,0.6301894815805021,0.0,0.0,1.1659292151732181,interaction_004_wet_humid_boundary_june2024,smartgarden_pa1_joint_c0fc643ba7cc
2024-06-25T23:00,27.3,92.0,0.0,0.0,0.0,1.04,100790.0,26.0,0.28,0.0,27.9,0.302,0,0,0,1.0,27.534843631966144,91.39574931235057,0.024229442161622202,31.558141897367843,0.25205806907893724,0.0,0.3165291530879282,0.0,0.0006803712843917645,1.5553948304721802e-07,0.6299880807341806,0.0,0.0,1.1677459143177276,interaction_004_wet_humid_boundary_june2024,smartgarden_pa1_joint_c0fc643ba7cc
2024-06-26T00:00,27.1,93.0,0.0,0.0,0.0,0.92,100800.0,26.0,0.24,0.0,27.8,0.302,0,0,0,1.0,27.260447488477116,92.9862516824722,0.024280764139640754,31.43960689416755,0.2520332577403465,0.0,0.25391042005332753,0.0,0.0005958067491319935,1.2473888715532986e-07,0.6298349243231267,0.0,0.0,1.1689285033881858,interaction_004_wet_humid_boundary_june2024,smartgarden_pa1_joint_c0fc643ba7cc
2024-06-26T01:00,27.1,94.0,0.0,0.0,0.0,0.91,100750.0,26.0,0.22,0.0,27.8,0.301,0,0,0,1.0,27.170837617709005,93.98272284787977,0.024419780784631882,31.320286468115853,0.2520125219471664,0.0,0.216696015119624,0.0,0.0005659699663013775,1.0643488554714958e-07,0.6297069255997926,0.0,0.0,1.1686972901618176,interaction_004_wet_humid_boundary_june2024,smartgarden_pa1_joint_c0fc643ba7cc
2024-06-26T02:00,27.1,92.0,0.0,0.0,0.0,0.85,100710.0,25.6,0.29,0.0,27.5,0.299,0,0,0,1.0,27.158986225458218,93.29558522179418,0.024225368178814436,31.203464336544634,0.25199284605552363,0.0,0.24127382034064393,0.0,0.0005278177593514817,1.1848394333259546e-07,0.629585469478541,0.0,0.0,1.1682793943901368,interaction_004_wet_humid_boundary_june2024,smartgarden_pa1_joint_c0fc643ba7cc
2024-06-26T03:00,27.1,90.0,0.0,0.0,0.0,0.95,100650.0,25.3,0.36,0.0,27.3,0.298,0,0,0,1.0,27.15439768737693,91.57499964550837,0.023772567114031546,31.089748352437308,0.2519689022543144,0.0,0.3031115474874295,0.0,0.0005847678062420813,1.4881606401951696e-07,0.6294376682365086,0.0,0.0,1.167601208771138,interaction_004_wet_humid_boundary_june2024,smartgarden_pa1_joint_c0fc643ba7cc
2024-06-26T04:00,27.0,90.0,0.0,0.0,0.0,1.12,100670.0,25.1,0.37,0.0,27.0,0.297,0,0,0,1.0,27.092608238005294,90.74286344346396,0.023476218840290962,30.978609902001438,0.2519404517850748,0.0,0.3318458337259931,0.0,0.0006932691883215496,1.6287803139603448e-07,0.6292620480560173,0.0,0.0,1.1680735591459988,interaction_004_wet_humid_boundary_june2024,smartgarden_pa1_joint_c0fc643ba7cc
2024-06-26T05:00,27.8,85.0,0.0,0.0,0.0,0.91,100650.0,25.0,0.58,0.0,26.9,0.296,0,0,0,1.0,27.51886853096804,87.92816738397485,0.02328965761690872,30.87318357085515,0.25190726379095313,0.0,0.4436785736354283,0.0,0.0006214035670834603,2.176973713867305e-07,0.6290571838947724,0.0,0.0,1.1661858424260354,interaction_004_wet_humid_boundary_june2024,smartgarden_pa1_joint_c0fc643ba7cc
2024-06-26T06:00,27.9,85.0,16.0,5.0,11.0,1.0,100750.0,25.0,0.58,0.02,27.0,0.295,1,0,0,1.0,27.884034864810957,88.1509661449667,0.023822638500314616,30.785472821874762,0.2518214740654911,1795.0064,0.44486990719375363,13.6,0.0006041463849851768,7.181547305334862e-07,0.6285276176882167,0.0,0.0,1.1659284614132237,interaction_004_wet_humid_boundary_june2024,smartgarden_pa1_joint_c0fc643ba7cc
2024-06-26T07:00,28.1,84.0,98.0,44.0,54.0,0.98,100790.0,25.2,0.6,0.08,28.4,0.294,0,0,0,1.0,28.228138811397166,97.74653701832115,0.026919423259085352,30.730217511266513,0.26393349618807677,10523.849599999998,0.08631738026096603,83.3,0.0006211052406892225,3.474533873536734e-06,0.7032931863461529,3.0973512127080567e-06,0.0,1.165059612595945,interaction_004_wet_humid_boundary_june2024,smartgarden_pa1_joint_c0fc643ba7cc
2024-06-26T08:00,28.9,78.0,275.0,180.0,95.0,0.58,100870.0,24.6,0.89,0.2,29.2,0.292,0,0,0,1.0,29.175763033481335,99.99999999999997,0.029002634409559698,30.751465542038957,0.26276485871323035,27542.327999999998,8.881784197001252e-16,233.75,0.0004549464159559592,9.518450400411909e-06,0.6960793747730268,4.7989519827794234e-06,0.0,1.162329638115148,interaction_004_wet_humid_boundary_june2024,smartgarden_pa1_joint_c0fc643ba7cc
2024-06-26T09:00,29.5,73.0,424.0,233.0,191.0,0.76,100870.0,24.2,1.1,0.32,30.1,0.29,0,1,0,1.0,30.270023159434626,93.4287649084422,0.028751723772884437,30.87388542008712,0.2606035778541863,44031.83839999999,0.28316933893857676,360.4,0.002057372455566417,1.4545238988337138e-05,0.6827381349023847,0.0,0.0,1.158137788932094,interaction_004_wet_humid_boundary_june2024,smartgarden_pa1_joint_c0fc643ba7cc
2024-06-26T10:00,29.9,74.0,513.0,315.0,198.0,1.41,100860.0,24.7,1.1,0.39,30.8,0.288,0,1,0,1.0,31.06752372287473,91.25215707977051,0.0293125298458111,31.070450335982287,0.2577441290168298,52110.11519999999,0.39451822566185424,436.05,0.0024266959917950636,1.7170323357485753e-05,0.6650872161532704,0.0,0.0,1.1549872384185245,interaction_004_wet_humid_boundary_june2024,smartgarden_pa1_joint_c0fc643ba7cc
2024-06-26T11:00,30.1,75.0,634.0,380.0,254.0,1.61,100800.0,25.1,1.08,0.47,31.4,0.285,0,1,0,1.0,31.695592106124405,92.30310775211495,0.03066306861398215,31.326881418100662,0.2543492232778109,64728.3296,0.3597214398866866,538.9,0.0025830164971882936,2.0487380741049313e-05,0.6441310078877216,0.0,0.0,1.1519219692789051,interaction_004_wet_humid_boundary_june2024,smartgarden_pa1_joint_c0fc643ba7cc
2024-06-26T12:00,30.7,74.0,806.0,526.0,280.0,1.26,100780.0,25.5,1.15,0.6,32.2,0.281,0,1,0,1.0,32.64197951853613,94.8412941846145,0.03313197880619939,31.662173069036243,0.25025360654471296,80779.072,0.25432465325469256,685.1,0.002470293127353659,2.4925226935583138e-05,0.618849423115512,0.0,0.0,1.1481290682145704,interaction_004_wet_humid_boundary_june2024,smartgarden_pa1_joint_c0fc643ba7cc
2024-06-26T13:00,30.3,76.0,674.0,349.0,325.0,1.5,100760.0,25.6,1.04,0.5,32.3,0.278,0,1,0,1.0,32.62636690444525,89.66372526113665,0.03129734495142339,32.0113758034489,0.2462042042314006,70746.28,0.5091319880983924,572.9,0.0026243159568049654,2.0138611918516298e-05,0.5938531125395099,0.0,0.0,1.1479598302279004,interaction_004_wet_humid_boundary_june2024,smartgarden_pa1_joint_c0fc643ba7cc
2024-06-26T14:00,30.3,72.0,576.0,276.0,300.0,1.55,100650.0,24.6,1.22,0.44,32.3,0.275,0,1,0,1.0,32.24661868137648,84.45341866312853,0.028890707303860588,32.288599485533915,0.24288882934044637,61242.72,0.7495692689921132,489.59999999999997,0.00259926324998753,1.67579842699025e-05,0.5733878354348542,0.0,0.0,1.1481324817970295,interaction_004_wet_humid_boundary_june2024,smartgarden_pa1_joint_c0fc643ba7cc
2024-06-26T15:00,30.0,71.0,400.0,188.0,212.0,1.22,100690.0,24.1,1.24,0.31,31.9,0.278,0,1,0,1.0,31.631848477772575,80.22770693782348,0.02656110943421708,32.48322320159348,0.24035160097607475,42658.66879999999,0.9207456478126694,340.0,0.002408647258231636,1.1493717291629606e-05,0.5577259319510787,0.0,0.0,1.1509055674954378,interaction_004_wet_humid_boundary_june2024,smartgarden_pa1_joint_c0fc643ba7cc
2024-06-26T16:00,28.8,82.0,297.0,146.0,151.0,1.2,100680.0,25.5,0.7,0.22,31.1,0.295,0,1,0,1.0,30.422540707338715,86.14329381970292,0.02672858185753726,32.586287761256116,0.23856808004118016,31448.542399999995,0.6023496221877385,252.45,0.002399633355648737,8.330952909405595e-06,0.546716543464075,3.0705759574099576e-07,0.0,1.1553755432918609,interaction_004_wet_humid_boundary_june2024,smartgarden_pa1_joint_c0fc643ba7cc
2024-06-26T17:00,28.0,83.0,198.0,87.0,111.0,0.54,100750.0,24.9,0.63,0.14,30.2,0.327,0,0,0,1.0,29.258775397837343,100.0,0.029133873576896147,32.61043662049858,0.23734463532891265,21329.2464,0.0,168.29999999999998,0.000704875437429912,5.308370212114666e-06,0.5391644156105719,5.334964993382707e-07,0.0,1.160628188256781,interaction_004_wet_humid_boundary_june2024,smartgarden_pa1_joint_c0fc643ba7cc
2024-06-26T18:00,27.1,90.0,57.0,23.0,34.0,0.32,100800.0,25.3,0.37,0.04,29.3,0.332,1,0,0,1.0,28.00226699780227,99.9021455569419,0.027174283245379214,32.551001485753744,0.2367314997454551,6212.201599999999,0.003699318071100244,48.449999999999996,0.0005647331875639391,1.518984685132245e-06,0.5353796280583648,2.8091646185930228e-08,0.0,1.1660491162347562,interaction_004_wet_humid_boundary_june2024,smartgarden_pa1_joint_c0fc643ba7cc
2024-06-26T19:00,26.4,98.0,1.0,0.0,1.0,0.45,100830.0,26.0,0.08,0.0,28.8,0.334,0,0,0,1.0,26.92793274445478,99.48056772831308,0.025503322975297768,32.41946179052221,0.2490726967679128,123.18239999999999,0.01844137115836819,0.85,0.0004883943348706663,3.920665566379845e-08,0.6115598565920544,0.0,0.0,1.1705720676674247,interaction_004_wet_humid_boundary_june2024,smartgarden_pa1_joint_c0fc643ba7cc
2024-06-26T20:00,26.6,91.0,0.0,0.0,0.0,0.3,100900.0,24.9,0.32,0.0,28.3,0.331,0,0,0,1.0,26.658364442716667,96.04986609617558,0.024258644731071713,32.26225242465006,0.24906363879763044,0.0,0.1380374852974926,0.0,0.00022522703288847945,6.584016392317496e-08,0.6115039431952496,0.0,0.0,1.1724379564997618,interaction_004_wet_humid_boundary_june2024,smartgarden_pa1_joint_c0fc643ba7cc
2024-06-26T21:00,26.7,89.0,0.0,0.0,0.0,0.67,100910.0,24.7,0.38,0.0,27.9,0.329,0,0,0,1.0,26.735712596141976,92.13961830685736,0.023371114239137097,32.108715095094425,0.24904583578082848,0.0,0.27593330677141203,0.0,0.0004157106455705833,1.315891055023145e-07,0.6113940480298055,0.0,0.0,1.1722517229707612,interaction_004_wet_humid_boundary_june2024,smartgarden_pa1_joint_c0fc643ba7cc
2024-06-26T22:00,26.9,88.0,0.0,0.0,0.0,0.95,100960.0,24.6,0.44,0.0,27.6,0.327,0,0,0,1.0,26.88437031713076,89.64405911596232,0.02292621551078024,31.961874337582152,0.24901779663719498,0.0,0.36672720897499733,0.0,0.0005742858457924357,1.7483806022035596e-07,0.6112209668962653,0.0,0.0,1.1722514610420196,interaction_004_wet_humid_boundary_june2024,smartgarden_pa1_joint_c0fc643ba7cc
2024-06-26T23:00,26.9,88.0,0.0,0.0,0.0,0.73,100980.0,24.7,0.43,0.0,27.4,0.325,0,0,0,1.0,26.95629911203127,89.17312054047008,0.022896784045224095,31.82202245567174,0.2489851118741341,0.0,0.38502651776434904,0.0,0.0004577172971511406,1.8350170672605959e-07,0.6110192090995933,0.0,0.0,1.1722026637919065,interaction_004_wet_humid_boundary_june2024,smartgarden_pa1_joint_c0fc643ba7cc
2024-06-27T00:00,26.2,91.0,0.0,0.0,0.0,1.0,100960.0,24.6,0.3,0.0,27.1,0.323,0,0,0,1.0,26.55571564236226,90.51982340522426,0.022732071794309496,31.68318721069385,0.24895394265750848,0.0,0.3292899522281454,0.0,0.0006868316610502885,1.5688852135415142e-07,0.6108268065278301,0.0,0.0,1.1735369417738433,interaction_004_wet_humid_boundary_june2024,smartgarden_pa1_joint_c0fc643ba7cc
2024-06-27T01:00,27.2,86.0,0.0,0.0,0.0,0.81,100960.0,24.6,0.5,0.0,27.0,0.323,0,0,0,1.0,26.88704203718548,88.71964315343897,0.022693156469557243,31.543981101628585,0.2489243071036747,0.0,0.39952553374086586,0.0,0.0005782681815001423,1.9029489842297495e-07,0.6106438710103376,0.0,0.0,1.172241022571768,interaction_004_wet_humid_boundary_june2024,smartgarden_pa1_joint_c0fc643ba7cc
2024-06-27T02:00,27.1,87.0,0.0,0.0,0.0,0.67,100920.0,24.8,0.46,0.0,26.9,0.322,0,0,0,1.0,27.15274801779417,88.13926524011943,0.022878575753566686,31.419102249189123,0.24888774147614134,0.0,0.42667988071145757,0.0,0.0004220667190971576,2.0315345428861144e-07,0.6104181572601318,0.0,0.0,1.1707398042214954,interaction_004_wet_humid_boundary_june2024,smartgarden_pa1_joint_c0fc643ba7cc
2024-06-27T03:00,27.0,88.0,0.0,0.0,0.0,0.5,100880.0,24.7,0.44,0.0,26.8,0.321,0,0,0,1.0,27.095700528517323,89.09976169691603,0.023055071383459306,31.29880422817213,0.24885261361207392,0.0,0.3908178793676931,0.0,0.0003464209500606239,1.8601251654952626e-07,0.6102013185930489,0.0,0.0,1.1704981328870032,interaction_004_wet_humid_boundary_june2024,smartgarden_pa1_joint_c0fc643ba7cc
2024-06-27T04:00,27.0,87.0,0.0,0.0,0.0,0.54,100880.0,24.7,0.45,0.0,26.6,0.319,0,0,0,1.0,27.05902537322201,89.18443493137492,0.02303022345166591,31.18053157048259,0.24881970881889684,0.0,0.3869490200553076,0.0,0.00035140577792894967,1.8410980124633284e-07,0.609998202585783,0.0,0.0,1.170641127258152,interaction_004_wet_humid_boundary_june2024,smartgarden_pa1_joint_c0fc643ba7cc
2024-06-27T05:00,24.7,96.0,0.0,0.0,0.0,1.0,100920.0,24.1,0.11,0.0,26.4,0.318,0,0,0,1.0,25.71305021685578,92.67233894935714,0.022205303013389077,31.053652741956178,0.24879103556755816,0.0,0.24216751312418827,0.0,0.0008240858736217424,1.151895304558016e-07,0.6098212072071492,0.0,0.0,1.1763795496513358,interaction_004_wet_humid_boundary_june2024,smartgarden_pa1_joint_c0fc643ba7cc
2024-06-27T06:00,25.0,97.0,18.0,9.0,9.0,0.81,100930.0,24.5,0.09,0.0,26.6,0.316,1,0,0,1.0,25.108272986771123,98.32024614317864,0.022773679212053418,30.905807958177345,0.24872986294151717,1900.6415999999997,0.05355500854129769,15.299999999999999,0.0005199729472826813,5.70940723303913e-07,0.609443598404427,1.7019682790331082e-06,0.0,1.178881692155148,interaction_004_wet_humid_boundary_june2024,smartgarden_pa1_joint_c0fc643ba7cc
2024-06-27T07:00,27.3,89.0,160.0,107.0,53.0,0.5,100990.0,25.3,0.4,0.1,28.5,0.315,0,0,0,1.0,26.727009708712007,100.0,0.025352653566314474,30.811205206085052,0.26068387217605,15944.667199999998,0.0,136.0,0.0005195049902442571,5.43580794464601e-06,0.6832337788645061,7.306037951126781e-06,0.0,1.1732151148165195,interaction_004_wet_humid_boundary_june2024,smartgarden_pa1_joint_c0fc643ba7cc
2024-06-27T08:00,28.4,85.0,390.0,303.0,87.0,0.2,101030.0,25.6,0.59,0.27,28.6,0.313,0,0,0,1.0,28.754820898380732,100.0,0.028344915252442163,30.853083734361448,0.2590148803227731,37380.8688,0.0,331.5,0.0003536167574144129,1.304998963197196e-05,0.6729313600171178,8.095910496524082e-06,0.0,1.1657965178378453,interaction_004_wet_humid_boundary_june2024,smartgarden_pa1_joint_c0fc643ba7cc
2024-06-27T09:00,29.4,75.0,546.0,417.0,129.0,0.7,101070.0,24.5,1.02,0.4,29.4,0.31,0,1,0,1.0,30.3717789155321,98.87725634252311,0.030595865412440727,31.02564166501954,0.25623184236655816,52586.5296,0.04866407910555637,464.09999999999997,0.0020801439761187475,1.78284625420028e-05,0.6557521133738158,0.0,0.0,1.1600450508868647,interaction_004_wet_humid_boundary_june2024,smartgarden_pa1_joint_c0fc643ba7cc
2024-06-27T10:00,29.9,72.0,731.0,578.0,153.0,1.1,101060.0,24.4,1.17,0.53,31.0,0.306,0,1,0,1.0,31.596807930764683,95.00023099799856,0.03139308596690353,31.305799411223152,0.25253629551756224,69710.9072,0.23236470322308733,621.35,0.002368586691446222,2.3121440609536775e-05,0.6329400957874213,0.0,0.0,1.155267557095916,interaction_004_wet_humid_boundary_june2024,smartgarden_pa1_joint_c0fc643ba7cc
2024-06-27T11:00,30.6,69.0,846.0,644.0,202.0,1.24,100970.0,24.3,1.36,0.63,31.9,0.302,0,1,0,1.0,32.700458583191995,91.07530743740568,0.03191505093254057,31.674564744453743,0.24813698852570426,81554.84479999999,0.4414372745155797,719.1,0.0024843808202462516,2.5692306651586848e-05,0.605783879788298,0.0,0.0,1.1500736920026207,interaction_004_wet_humid_boundary_june2024,smartgarden_pa1_joint_c0fc643ba7cc
2024-06-27T12:00,30.9,68.0,776.0,575.0,201.0,1.58,100900.0,24.2,1.44,0.58,32.3,0.298,0,1,0,1.0,33.214300760121304,84.27572932848003,0.03034517829339372,32.06299434680288,0.2437853795682309,75359.6624,0.8005114493345342,659.6,0.0026577081801966483,2.270011369101636e-05,0.5789220961001907,0.0,0.0,1.1473487781593037,interaction_004_wet_humid_boundary_june2024,smartgarden_pa1_joint_c0fc643ba7cc
2024-06-27T13:00,31.0,67.0,777.0,530.0,247.0,2.01,100830.0,24.2,1.46,0.58,32.6,0.294,0,1,0,1.0,33.39412768440412,80.2277529643366,0.029162701329668073,32.430663643808174,0.23977581937669562,77066.0528,1.016772650119779,660.4499999999999,0.0028686651614142555,2.185066284475973e-05,0.5541717245475039,0.0,0.0,1.1458801995244154,interaction_004_wet_humid_boundary_june2024,smartgarden_pa1_joint_c0fc643ba7cc
2024-06-27T14:00,30.3,70.0,678.0,518.0,160.0,2.19,100770.0,24.3,1.28,0.5,32.5,0.291,0,1,0,1.0,32.868351797548705,78.7930639272306,0.027857427397285875,32.76244475974062,0.23615965023144225,65293.184,1.0588882348831303,576.3,0.002975319465391675,1.836981332853445e-05,0.5318496927866806,0.0,0.0,1.1471659177092874,interaction_004_wet_humid_boundary_june2024,smartgarden_pa1_joint_c0fc643ba7cc
2024-06-27T15:00,30.1,73.0,509.0,386.0,123.0,1.92,100720.0,24.7,1.17,0.38,32.2,0.289,0,1,0,1.0,32.11316655752722,79.89651451939226,0.02713862526806078,33.00513257511227,0.23330729947486586,49119.43519999999,0.9620053372457877,432.65,0.002784596617144422,1.3401362002703071e-05,0.5142425893510238,0.0,0.0,1.1494332632746829,interaction_004_wet_humid_boundary_june2024,smartgarden_pa1_joint_c0fc643ba7cc
2024-06-27T16:00,29.9,75.0,421.0,304.0,117.0,1.35,100740.0,24.9,1.07,0.31,31.8,0.287,0,1,0,1.0,31.56054492579645,81.90351267421781,0.02701287548281074,33.16547060622935,0.23113111444882406,41164.3408,0.8393087692273027,357.84999999999997,0.0024701698653869122,1.0811915851280357e-05,0.5008093484495313,0.0,0.0,1.1517465273544112,interaction_004_wet_humid_boundary_june2024,smartgarden_pa1_joint_c0fc643ba7cc
2024-06-27T17:00,29.4,74.0,249.0,180.0,69.0,1.65,100690.0,24.3,1.05,0.19,31.1,0.289,0,1,0,1.0,30.72112509886489,77.75331081668403,0.024516160209102498,33.24540705440603,0.22958061974798474,24339.5856,0.9836941446774241,211.65,0.002567629996470603,6.459198548594836e-06,0.4912383935060787,0.0,0.0,1.1543549133551083,interaction_004_wet_humid_boundary_june2024,smartgarden_pa1_joint_c0fc643ba7cc
2024-06-27T18:00,28.6,80.0,58.0,28.0,30.0,1.34,100820.0,24.8,0.77,0.05,30.1,0.291,1,0,0,1.0,29.48128094712366,83.26967204777424,0.02455469401554676,33.21340893007317,0.22884825051131286,6159.472,0.6890292333271266,49.3,0.0009594626965033745,1.665300750459062e-06,0.4867175957488448,0.0,0.0,1.1605806510101735,interaction_004_wet_humid_boundary_june2024,smartgarden_pa1_joint_c0fc643ba7cc
2024-06-27T19:00,28.1,82.0,1.0,0.0,1.0,1.0,100890.0,24.8,0.67,0.0,29.3,0.292,0,0,0,1.0,28.513416298812405,83.91525690522805,0.02347405598127933,33.09749467645909,0.24114996091351854,123.18239999999999,0.6264056793697357,0.85,0.0006992996115318845,3.028887487349352e-07,0.5626540797130773,0.0,0.0,1.1651126720126284,interaction_004_wet_humid_boundary_june2024,smartgarden_pa1_joint_c0fc643ba7cc
2024-06-27T20:00,28.0,82.0,0.0,0.0,0.0,0.85,100950.0,24.5,0.7,0.0,28.9,0.294,0,0,0,1.0,28.14162035172635,83.5158732384074,0.022891451514735827,32.95629652094825,0.24109754107484316,0.0,0.628244954030373,0.0,0.0005516808475408778,2.755594135418456e-07,0.5623305004619948,0.0,0.0,1.167244184953239,interaction_004_wet_humid_boundary_june2024,smartgarden_pa1_joint_c0fc643ba7cc
2024-06-27T21:00,27.8,83.0,0.0,0.0,0.0,0.73,100970.0,24.6,0.63,0.0,28.5,0.293,0,0,0,1.0,27.95169594805439,84.22964177084842,0.022847682312036544,32.81357893963047,0.24104909462077528,0.0,0.594434029444372,0.0,0.000489156367896356,2.60590682409245e-07,0.5620314482763906,0.0,0.0,1.1682118395113583,interaction_004_wet_humid_boundary_june2024,smartgarden_pa1_joint_c0fc643ba7cc
2024-06-27T22:00,27.2,88.0,0.0,0.0,0.0,0.41,100980.0,25.0,0.44,0.0,28.2,0.292,0,0,0,1.0,27.52432406001357,87.34674037381184,0.023142611164473265,32.66851188888906,0.24100655905343574,0.0,0.46519616293400023,0.0,0.0004025727082354059,2.0383952850196389e-07,0.5617688830458997,0.0,0.0,1.1699881735483293,interaction_004_wet_humid_boundary_june2024,smartgarden_pa1_joint_c0fc643ba7cc
2024-06-27T23:00,27.2,87.0,0.0,0.0,0.0,0.32,101000.0,24.9,0.46,0.0,27.9,0.291,0,0,0,1.0,27.302068029573856,88.97704718340749,0.023287326014926203,32.518832765106154,0.24097335113442822,0.0,0.40002440286569296,0.0,0.00026238532846561144,1.7521862445745503e-07,0.5615638958915322,0.0,0.0,1.171085557241014,interaction_004_wet_humid_boundary_june2024,smartgarden_pa1_joint_c0fc643ba7cc
2024-06-28T00:00,26.9,89.0,0.0,0.0,0.0,0.5,100960.0,24.8,0.4,0.0,27.5,0.29,0,0,0,1.0,27.10081701729764,89.76273307268538,0.023233190896248486,32.36978552637641,0.2409429177809531,0.0,0.3671577703997664,0.0,0.0003911090731258736,1.6076858742198224e-07,0.5613760356848956,0.0,0.0,1.1714064010251015,interaction_004_wet_humid_boundary_june2024,smartgarden_pa1_joint_c0fc643ba7cc
2024-06-28T01:00,26.4,91.0,0.0,0.0,0.0,0.45,100940.0,24.8,0.3,0.0,27.3,0.29,0,0,0,1.0,26.69950350763078,91.24445754908521,0.0230976290996018,32.21814690459217,0.2409162345258521,0.0,0.30670369419443233,0.0,0.0004085770521812234,1.3425795736564481e-07,0.5612113242336549,0.0,0.0,1.172741827419285,interaction_004_wet_humid_boundary_june2024,smartgarden_pa1_joint_c0fc643ba7cc
2024-06-28T02:00,26.3,90.0,0.0,0.0,0.0,0.45,100910.0,24.6,0.34,0.0,27.2,0.291,0,0,0,1.0,26.4490337892449,91.58420776029318,0.022863469463118583,32.0625765697169,0.2408931874863108,0.0,0.2904883102496796,0.0,0.0003460221138380245,1.2712752214791658e-07,0.5610690585574741,0.0,0.0,1.1733734212655587,interaction_004_wet_humid_boundary_june2024,smartgarden_pa1_joint_c0fc643ba7cc
2024-06-28T03:00,26.1,89.0,0.0,0.0,0.0,0.3,100890.0,24.1,0.39,0.0,27.0,0.299,0,0,0,1.0,26.27281033358807,91.19155853329116,0.022543427086912583,31.907232797297453,0.2408698909665004,0.0,0.30089915007010326,0.0,0.00029450744067643193,1.3164990683858448e-07,0.5609252528796321,0.0,0.0,1.1738313077109626,interaction_004_wet_humid_boundary_june2024,smartgarden_pa1_joint_c0fc643ba7cc
2024-06-28T04:00,26.2,89.0,0.0,0.0,0.0,0.64,100940.0,24.2,0.38,0.0,27.0,0.298,0,0,0,1.0,26.24942590041025,90.50635515931857,0.022344937334588616,31.753477740984795,0.24084542200087877,0.0,0.3238588092814956,0.0,0.0004037296039776199,1.4165710095275357e-07,0.5607742098819678,0.0,0.0,1.1745047728023126,interaction_004_wet_humid_boundary_june2024,smartgarden_pa1_joint_c0fc643ba7cc
2024-06-28T05:00,26.3,89.0,0.0,0.0,0.0,0.41,100970.0,24.3,0.38,0.0,26.9,0.297,0,0,0,1.0,26.331124851021286,90.35294509035631,0.02240870231720343,31.60505137112839,0.2408194459069736,0.0,0.33068180973597583,0.0,0.000265142036302483,1.446001494491021e-07,0.5606138636232938,0.0,0.0,1.1745333408856626,interaction_004_wet_humid_boundary_june2024,smartgarden_pa1_joint_c0fc643ba7cc
2024-06-28T06:00,26.2,91.0,16.0,7.0,9.0,0.5,101030.0,24.6,0.31,0.01,26.9,0.296,1,0,0,1.0,26.343296510900913,93.2142690426362,0.023134004910573623,31.465875481556463,0.24075623244056926,1724.6416,0.23276832060133534,13.6,0.00036748382245150294,5.47427750993627e-07,0.560223657040551,7.741783401079543e-07,0.0,1.1751835283865195,interaction_004_wet_humid_boundary_june2024,smartgarden_pa1_joint_c0fc643ba7cc
2024-06-28T07:00,27.7,87.0,146.0,91.0,55.0,0.71,101070.0,25.2,0.5,0.1,28.7,0.296,0,0,0,1.0,27.444585522134425,100.0,0.026378896617631306,31.374634728689973,0.25278887478696577,14783.032000000001,0.0,124.1,0.0005113411665717243,4.606369213716995e-06,0.6344992270800356,3.639494782838867e-06,0.0,1.1713415824032307,interaction_004_wet_humid_boundary_june2024,smartgarden_pa1_joint_c0fc643ba7cc
2024-06-28T08:00,28.1,85.0,274.0,163.0,111.0,1.03,101100.0,25.2,0.59,0.2,28.6,0.298,0,0,0,1.0,28.599250296345197,99.99999999999999,0.028105096158087064,31.376523426883804,0.2516031588036285,28017.2464,0.0,232.9,0.0007332713724811542,8.545107886381832e-06,0.6271799926149907,6.168439084817927e-06,0.0,1.1672057131230866,interaction_004_wet_humid_boundary_june2024,smartgarden_pa1_joint_c0fc643ba7cc
2024-06-28T09:00,28.7,84.0,479.0,326.0,153.0,1.44,101100.0,25.8,0.62,0.34,29.3,0.297,0,0,0,1.0,29.704268017351144,100.0,0.029846911478942584,31.48070680777537,0.2495114785923509,47534.9072,0.0,407.15,0.0010289207881366772,1.4630813350427323e-05,0.6142683863725364,2.022785525761029e-06,0.0,1.1629469552541485,interaction_004_wet_humid_boundary_june2024,smartgarden_pa1_joint_c0fc643ba7cc
2024-06-28T10:00,29.4,81.0,589.0,464.0,125.0,1.61,101040.0,25.9,0.76,0.43,30.2,0.296,0,1,0,1.0,30.78131014036794,96.61331067621457,0.030561547666169933,31.681696959182013,0.24661264048338036,56229.8,0.1502660551642716,500.65,0.0025555284288906986,1.7536525667145185e-05,0.5963743239714837,0.0,0.0,1.15813808684473,interaction_004_wet_humid_boundary_june2024,smartgarden_pa1_joint_c0fc643ba7cc
2024-06-28T11:00,30.0,78.0,703.0,495.0,208.0,2.06,100970.0,25.8,0.92,0.51,31.0,0.293,0,1,0,1.0,31.78244395926268,92.31603601775096,0.030809761707952594,31.953183054760576,0.24320494733509893,69181.9392,0.36088751004769115,597.55,0.0028304276225402333,2.0273898292914337e-05,0.5753391810808576,0.0,0.0,1.1535360473169536,interaction_004_wet_humid_boundary_june2024,smartgarden_pa1_joint_c0fc643ba7cc
2024-06-28T12:00,30.1,75.0,532.0,226.0,306.0,2.46,100890.0,25.2,1.05,0.4,31.2,0.29,0,1,0,1.0,31.909155409907903,83.49873851194384,0.028055882520691557,32.21786117566458,0.24003306644052444,57581.814399999996,0.7805791296871223,452.2,0.003043256880399684,1.5040274797289897e-05,0.5557596693859533,0.0,0.0,1.1521433229568034,interaction_004_wet_humid_boundary_june2024,smartgarden_pa1_joint_c0fc643ba7cc
2024-06-28T13:00,30.0,74.0,492.0,189.0,303.0,2.61,100840.0,24.9,1.1,0.38,31.3,0.288,0,1,0,1.0,31.674978458676573,81.03834035909027,0.026891320109481608,32.421783225936544,0.23745814605881677,53956.267199999995,0.885156755441967,418.2,0.0031121717875038134,1.3580372577475308e-05,0.5398650991284986,0.0,0.0,1.1524570102710718,interaction_004_wet_humid_boundary_june2024,smartgarden_pa1_joint_c0fc643ba7cc
2024-06-28T14:00,31.1,66.0,751.0,628.0,123.0,2.82,100710.0,24.0,1.52,0.56,32.1,0.284,0,1,0,1.0,32.78795566470899,77.78124176343775,0.027383000686008536,32.67891329043697,0.2344360267050366,70415.43519999999,1.1044117387351635,638.35,0.0032279989900766133,1.991278593104766e-05,0.5212100413891149,0.0,0.0,1.146784156922002,interaction_004_wet_humid_boundary_june2024,smartgarden_pa1_joint_c0fc643ba7cc
2024-06-28T15:00,30.6,68.0,573.0,421.0,152.0,2.83,100680.0,24.1,1.4,0.44,32.0,0.281,0,1,0,1.0,32.82284063884342,73.54592537131364,0.02593978046921332,32.96797248935414,0.23131483346917747,55771.724799999996,1.3175127836408551,487.05,0.0032775881645705713,1.4817412305137893e-05,0.5019434164764042,0.0,0.0,1.14631183740334,interaction_004_wet_humid_boundary_june2024,smartgarden_pa1_joint_c0fc643ba7cc
2024-06-28T16:00,30.4,70.0,420.0,283.0,137.0,2.15,100710.0,24.2,1.32,0.32,31.7,0.279,0,1,0,1.0,32.12297101128082,74.87266795034463,0.025445428943523713,33.15862667514761,0.22902809620571604,41779.9888,1.2030755625024088,357.0,0.0028706054460305762,1.0645815782835197e-05,0.4878277543562719,0.0,0.0,1.1492822289348026,interaction_004_wet_humid_boundary_june2024,smartgarden_pa1_joint_c0fc643ba7cc
2024-06-28T17:00,29.8,73.0,298.0,229.0,69.0,1.91,100700.0,24.4,1.14,0.22,31.1,0.277,0,1,0,1.0,31.26079439435241,76.19522463599081,0.024730610361669646,33.26203942553922,0.227399045475345,28651.5856,1.085432753899164,253.29999999999998,0.0027174667876704696,7.484147307950141e-06,0.47777188565027784,0.0,0.0,1.152422876852869,interaction_004_wet_humid_boundary_june2024,smartgarden_pa1_joint_c0fc643ba7cc
2024-06-28T18:00,29.3,77.0,64.0,36.0,28.0,1.25,100730.0,24.8,0.93,0.06,30.4,0.276,1,1,0,1.0,30.108355415246088,76.97071898717533,0.02348112011348556,33.25561424269437,0.226560449413859,6617.1071999999995,0.9832368048050024,54.4,0.0022908127994514397,1.8664325586817082e-06,0.4725953667522161,0.0,0.0,1.157146929553411,interaction_004_wet_humid_boundary_june2024,smartgarden_pa1_joint_c0fc643ba7cc
2024-06-28T19:00,28.9,79.0,1.0,0.0,1.0,1.17,100820.0,24.9,0.83,0.01,29.7,0.275,0,0,0,1.0,29.256223621267814,80.87118141618801,0.02355763908120921,33.15531797696438,0.23883752159725302,123.18239999999999,0.7776578401278971,0.85,0.0007769826555433895,3.59900604889993e-07,0.5483797629460063,0.0,0.0,1.161444380514906,interaction_004_wet_humid_boundary_june2024,smartgarden_pa1_joint_c0fc643ba7cc
2024-06-28T20:00,28.5,82.0,0.0,0.0,0.0,1.2,100890.0,25.1,0.71,0.0,29.3,0.274,0,0,0,1.0,28.746693517347857,82.09467403265892,0.02325934481615649,33.028116079746155,0.2387769871612169,0.0,0.7067971472215682,0.0,0.0007715757985809,3.0211673201413355e-07,0.5480060935877586,0.0,0.0,1.1642123831083648,interaction_004_wet_humid_boundary_june2024,smartgarden_pa1_joint_c0fc643ba7cc
2024-06-28T21:00,28.3,83.0,0.0,0.0,0.0,0.91,100940.0,25.2,0.64,0.0,29.0,0.274,0,0,0,1.0,28.45654394240343,83.77838103635237,0.023362975834093216,32.89538741816043,0.23872590242381078,0.0,0.6296552915989797,0.0,0.0005890499299510858,2.689879783405976e-07,0.5476907557025357,0.0,0.0,1.165909897370982,interaction_004_wet_humid_boundary_june2024,smartgarden_pa1_joint_c0fc643ba7cc
2024-06-28T22:00,28.1,84.0,0.0,0.0,0.0,1.04,100970.0,25.1,0.6,0.0,28.7,0.273,0,0,0,1.0,28.248599072880413,84.74579400235886,0.023365199546860727,32.761125292097184,0.23867935078711197,0.0,0.5849973287735653,0.0,0.0006601453630481694,2.497790308377215e-07,0.5474033999204443,0.0,0.0,1.1670610519938427,interaction_004_wet_humid_boundary_june2024,smartgarden_pa1_joint_c0fc643ba7cc
2024-06-28T23:00,27.8,85.0,0.0,0.0,0.0,1.03,100950.0,25.1,0.55,0.0,28.5,0.273,0,0,0,1.0,27.99124856072248,85.58452704508329,0.023265682429952392,32.625597293818856,0.2386359227317701,0.0,0.5446172444688782,0.0,0.0006646147756880627,2.3242387999582567e-07,0.5471353255047536,0.0,0.0,1.1678270363542649,interaction_004_wet_humid_boundary_june2024,smartgarden_pa1_joint_c0fc643ba7cc
2024-06-29T00:00,27.6,86.0,0.0,0.0,0.0,1.08,100960.0,25.1,0.52,0.0,28.3,0.272,0,0,0,1.0,27.757624504247357,86.47089150057072,0.023206745952312202,32.48809422352361,0.23859567010403823,0.0,0.5042180502937028,0.0,0.0006849959032816654,2.1508517354673678e-07,0.5468868524940632,0.0,0.0,1.1688495083716777,interaction_004_wet_humid_boundary_june2024,smartgarden_pa1_joint_c0fc643ba7cc
2024-06-29T01:00,27.4,87.0,0.0,0.0,0.0,0.89,100920.0,25.0,0.48,0.0,28.2,0.272,0,0,0,1.0,27.555999089664052,87.48351197642998,0.023219340016618826,32.34968945319055,0.2385585879307921,0.0,0.4610201926815414,0.0,0.0005779235031318458,1.9657587575146928e-07,0.5466579501900747,0.0,0.0,1.169169825297356,interaction_004_wet_humid_boundary_june2024,smartgarden_pa1_joint_c0fc643ba7cc
2024-06-29T02:00,27.6,85.0,0.0,0.0,0.0,0.67,100890.0,24.9,0.54,0.0,28.1,0.271,0,0,0,1.0,27.589805657622307,87.11773543976462,0.02316535970930141,32.21270269165592,0.23852315256759116,0.0,0.4754307903749351,0.0,0.00040594980657001175,2.0263934114517802e-07,0.5464392133801923,0.0,0.0,1.168690882950496,interaction_004_wet_humid_boundary_june2024,smartgarden_pa1_joint_c0fc643ba7cc
2024-06-29T03:00,27.5,85.0,0.0,0.0,0.0,0.92,100900.0,24.7,0.56,0.0,28.0,0.271,0,0,0,1.0,27.590875167895835,86.38484409210285,0.022971830779807974,32.08090374800122,0.238485516103995,0.0,0.5025101496965454,0.0,0.0005771928077409933,2.140901145422703e-07,0.5462068895308333,0.0,0.0,1.1688025645084577,interaction_004_wet_humid_boundary_june2024,smartgarden_pa1_joint_c0fc643ba7cc
2024-06-29T04:00,27.4,85.0,0.0,0.0,0.0,0.94,100910.0,24.7,0.54,0.0,27.8,0.27,0,0,0,1.0,27.501639684552355,86.15240638857897,0.022797650956077567,31.9514518444937,0.23844665397845244,0.0,0.5084313007458903,0.0,0.0005915426461323251,2.1651763528723007e-07,0.5459669998669904,0.0,0.0,1.169265345281283,interaction_004_wet_humid_boundary_june2024,smartgarden_pa1_joint_c0fc643ba7cc
2024-06-29T05:00,27.3,86.0,0.0,0.0,0.0,0.92,100900.0,24.7,0.52,0.0,27.7,0.27,0,0,0,1.0,27.402813018939817,86.70113375869403,0.022818171881655046,31.823472035727434,0.23840837559143485,0.0,0.48547088698489604,0.0,0.0005804383666074484,2.066503713698075e-07,0.5457307135273757,0.0,0.0,1.1695339085933087,interaction_004_wet_humid_boundary_june2024,smartgarden_pa1_joint_c0fc643ba7cc
2024-06-29T06:00,27.3,86.0,18.0,7.0,11.0,0.72,100960.0,24.8,0.51,0.01,27.6,0.269,1,0,0,1.0,27.399083743512133,88.96501337035392,0.023409167957742585,31.701956363706845,0.23832993539443878,1971.0063999999998,0.402740823974828,15.299999999999999,0.0004665414673109959,6.593054569473093e-07,0.5452465147804864,3.978300414481143e-07,0.0,1.1702438902366854,interaction_004_wet_humid_boundary_june2024,smartgarden_pa1_joint_c0fc643ba7cc
2024-06-29T07:00,28.0,83.0,159.0,103.0,56.0,0.81,101000.0,24.7,0.66,0.11,28.4,0.269,0,0,0,1.0,28.092113475259968,100.0,0.02733536559179039,31.627904613480904,0.2503226190396419,15962.214399999997,0.0,135.15,0.0005147651869559492,4.8961618200471905e-06,0.6192754261706291,2.4039630893454146e-06,0.0,1.1680142376292457,interaction_004_wet_humid_boundary_june2024,smartgarden_pa1_joint_c0fc643ba7cc
2024-06-29T08:00,28.7,78.0,264.0,139.0,125.0,1.02,101070.0,24.6,0.85,0.2,29.1,0.267,0,0,0,1.0,29.117053102646157,100.0,0.028910122693498613,31.635068924276418,0.24915713443950432,27629.8,0.0,224.4,0.00071023869624109,8.0350331274145e-06,0.6120810767870637,2.165234867724663e-06,0.0,1.164860456517475,interaction_004_wet_humid_boundary_june2024,smartgarden_pa1_joint_c0fc643ba7cc
2024-06-29T09:00,29.8,72.0,450.0,311.0,139.0,1.33,101050.0,24.2,1.16,0.34,30.2,0.265,0,1,0,1.0,30.516276074782994,88.3331282466791,0.02754677485214704,31.737300509812414,0.24721066382434162,44490.3536,0.5098821888260163,382.5,0.002315650661702688,1.3665873984671927e-05,0.6000658260761829,0.0,0.0,1.1592636091993047,interaction_004_wet_humid_boundary_june2024,smartgarden_pa1_joint_c0fc643ba7cc
2024-06-29T10:00,30.7,68.0,632.0,372.0,260.0,1.65,101040.0,24.0,1.43,0.48,31.3,0.262,0,1,0,1.0,32.020923915582856,84.52252851931954,0.028569398350639666,31.957283164866638,0.2442966434085353,64763.42399999999,0.7367895953026169,537.1999999999999,0.002566863926128338,1.86270189380179e-05,0.5820780457316994,0.0,0.0,1.1534336939503045,interaction_004_wet_humid_boundary_june2024,smartgarden_pa1_joint_c0fc643ba7cc
2024-06-29T11:00,31.7,63.0,895.0,784.0,111.0,2.16,100950.0,23.9,1.71,0.67,32.4,0.258,0,1,0,1.0,33.72630123819284,79.94499301176691,0.029572119109937192,32.311798121319995,0.24033300770820054,82665.2464,1.0506281959611972,760.75,0.0029058861112268306,2.5272814069510378e-05,0.5576111586925959,0.0,0.0,1.1460021201106763,interaction_004_wet_humid_boundary_june2024,smartgarden_pa1_joint_c0fc643ba7cc
2024-06-29T12:00,32.0,62.0,827.0,711.0,116.0,2.5,100870.0,23.8,1.79,0.63,32.9,0.255,0,1,0,1.0,34.51356012875419,73.2217954408526,0.028225314710185686,32.73321961825028,0.23604056689431074,76857.1584,1.465641118143342,702.9499999999999,0.0031264671264175066,2.2447970663181292e-05,0.5311146104587083,0.0,0.0,1.1421638447937548,interaction_004_wet_humid_boundary_june2024,smartgarden_pa1_joint_c0fc643ba7cc
2024-06-29T13:00,32.5,60.0,941.0,830.0,111.0,2.82,100810.0,23.8,1.94,0.72,33.5,0.251,0,1,0,1.0,35.194802945491915,70.48410232432447,0.02815133250117901,33.16678098415779,0.23182835143357003,86713.2464,1.6775370383069061,799.85,0.0033087024057071334,2.4295799220689538e-05,0.505113280454136,0.0,0.0,1.1389625139339572,interaction_004_wet_humid_boundary_june2024,smartgarden_pa1_joint_c0fc643ba7cc
2024-06-29T14:00,32.5,59.0,838.0,728.0,110.0,2.91,100740.0,23.4,2.01,0.65,33.7,0.248,0,1,0,1.0,35.360273770414956,66.33542769934262,0.02672293499355662,33.60278658373308,0.2277810745011411,77614.064,1.930870108508541,712.3,0.0033691389841029144,2.0729918465144005e-05,0.4801300895132167,0.0,0.0,1.1375611828983154,interaction_004_wet_humid_boundary_june2024,smartgarden_pa1_joint_c0fc643ba7cc
2024-06-29T15:00,32.2,60.0,681.0,555.0,126.0,3.01,100670.0,23.5,1.92,0.53,33.5,0.245,0,1,0,1.0,34.81873285001818,64.73175616807173,0.02535295183621563,33.959895243819304,0.22445801636447718,64360.98239999999,1.963239611173762,578.85,0.003404381061989272,1.6267721576116047e-05,0.45961738496590854,0.0,0.0,1.1387696691359879,interaction_004_wet_humid_boundary_june2024,smartgarden_pa1_joint_c0fc643ba7cc
2024-06-29T16:00,31.5,63.0,474.0,383.0,91.0,3.13,100620.0,23.6,1.71,0.38,32.9,0.243,0,1,0,1.0,33.69828111226798,65.08270477846679,0.02403905730323068,34.20221269537663,0.2220006476851453,44913.5984,1.8263660864386209,402.9,0.0034386162276849944,1.1108640171583464e-05,0.44444844250089693,0.0,0.0,1.1423602083065187,interaction_004_wet_humid_boundary_june2024,smartgarden_pa1_joint_c0fc643ba7cc
2024-06-29T17:00,30.8,68.0,292.0,207.0,85.0,2.19,100650.0,24.1,1.44,0.23,32.2,0.241,0,1,0,1.0,32.410266581706374,69.303103132105,0.023914833263251757,34.31767971808346,0.22039169301100917,28686.504,1.4937493760148173,248.2,0.0028797799207090358,6.8153169880936446e-06,0.43451662352474796,0.0,0.0,1.1475175802849693,interaction_004_wet_humid_boundary_june2024,smartgarden_pa1_joint_c0fc643ba7cc
2024-06-29T18:00,29.9,74.0,91.0,59.0,32.0,1.77,100720.0,24.6,1.11,0.08,31.2,0.24,1,1,0,1.0,30.943140321502472,73.05370943313429,0.023310672600491827,34.30890150076196,0.21956953620551953,9133.836800000001,1.2066737057118448,77.35,0.002593386858913577,2.347405194670557e-06,0.4294415815155527,0.0,0.0,1.1538558131328254,interaction_004_wet_humid_boundary_june2024,smartgarden_pa1_joint_c0fc643ba7cc
2024-06-29T19:00,29.2,78.0,1.0,0.0,1.0,1.58,100870.0,24.9,0.9,0.02,30.4,0.24,0,0,0,1.0,29.722205083615908,77.57296663859007,0.0231756462067991,34.200028051778496,0.23178647484972895,123.18239999999999,0.9365358483442026,0.85,0.0010300604737029603,3.9389929404291035e-07,0.5048547830230182,0.0,0.0,1.1602325629140466,interaction_004_wet_humid_boundary_june2024,smartgarden_pa1_joint_c0fc643ba7cc
2024-06-29T20:00,28.8,80.0,0.0,0.0,0.0,1.3,100960.0,25.1,0.78,0.01,29.9,0.239,0,0,0,1.0,29.073587620214692,80.07187634999701,0.02309416674864494,34.0519947792674,0.2317229667954756,0.0,0.801657320832323,0.0,0.0008328406949512193,3.154368851675883e-07,0.504462757996763,0.0,0.0,1.1637600219644597,interaction_004_wet_humid_boundary_june2024,smartgarden_pa1_joint_c0fc643ba7cc
2024-06-29T21:00,28.5,82.0,0.0,0.0,0.0,1.22,101020.0,25.1,0.71,0.0,29.5,0.239,0,0,0,1.0,28.709689567303375,82.13883775739123,0.023224890460860455,33.8972758112334,0.23166979948714445,0.0,0.7035446466546738,0.0,0.0007753849825199463,2.76651315886309e-07,0.5041345647354596,0.0,0.0,1.1658554088154829,interaction_004_wet_humid_boundary_june2024,smartgarden_pa1_joint_c0fc643ba7cc
2024-06-29T22:00,28.3,84.0,0.0,0.0,0.0,1.12,101050.0,25.2,0.63,0.0,29.2,0.239,0,0,0,1.0,28.46522708139076,84.10607112053928,0.023465502031341536,33.740172466559336,0.23162311692702345,0.0,0.6172466448446294,0.0,0.000709335393850827,2.425780503127998e-07,0.5038464007840954,0.0,0.0,1.1671468532971991,interaction_004_wet_humid_boundary_june2024,smartgarden_pa1_joint_c0fc643ba7cc
2024-06-29T23:00,28.0,85.0,0.0,0.0,0.0,1.21,101080.0,25.3,0.55,0.0,29.0,0.239,0,0,0,1.0,28.203897596429606,85.26640913301357,0.023451211534542295,33.58211996032991,0.23158156951758183,0.0,0.5635655462091766,0.0,0.0007686183748485405,2.213686308204122e-07,0.503589935293715,0.0,0.0,1.1685057914044368,interaction_004_wet_humid_boundary_june2024,smartgarden_pa1_joint_c0fc643ba7cc
2024-06-30T00:00,27.8,87.0,0.0,0.0,0.0,1.17,101070.0,25.3,0.5,0.0,28.8,0.238,0,0,0,1.0,27.969966314162807,86.85623994340551,0.0235838124697381,33.42268163832887,0.23154396216884882,0.0,0.4959568227358728,0.0,0.0007388797090743809,1.9472211002860525e-07,0.5033577911657334,0.0,0.0,1.1692978774446006,interaction_004_wet_humid_boundary_june2024,smartgarden_pa1_joint_c0fc643ba7cc
2024-06-30T01:00,27.6,87.0,0.0,0.0,0.0,1.0,101030.0,25.2,0.48,0.0,28.6,0.238,0,0,0,1.0,27.76818306702703,87.54562697293905,0.023508829376582094,33.26295462598546,0.23151033925702003,0.0,0.46444955618532413,0.0,0.0006423526750727898,1.822765672598874e-07,0.5031502423272841,0.0,0.0,1.1696188822308373,interaction_004_wet_humid_boundary_june2024,smartgarden_pa1_joint_c0fc643ba7cc
2024-06-30T02:00,27.5,87.0,0.0,0.0,0.0,0.99,100980.0,25.1,0.49,0.0,28.4,0.238,0,0,0,1.0,27.627283444275303,87.67183833329777,0.023360867983688263,33.103725632584215,0.231477892450393,0.0,0.4559780331214571,0.0,0.0006266386127006709,1.7888062179679765e-07,0.5029499533974876,0.0,0.0,1.1695876736815753,interaction_004_wet_humid_boundary_june2024,smartgarden_pa1_joint_c0fc643ba7cc
2024-06-30T03:00,27.4,87.0,0.0,0.0,0.0,0.86,100910.0,25.0,0.49,0.0,28.3,0.238,0,0,0,1.0,27.522147941514948,87.78650586672394,0.023256338303191373,32.94632719082595,0.23144593022850837,0.0,0.4489711207107172,0.0,0.0005518169061104372,1.7606271016157914e-07,0.5027526557315332,0.0,0.0,1.1691855919874623,interaction_004_wet_humid_boundary_june2024,smartgarden_pa1_joint_c0fc643ba7cc
2024-06-30T04:00,27.3,87.0,0.0,0.0,0.0,0.94,100890.0,24.9,0.49,0.0,28.2,0.238,0,0,0,1.0,27.42088057810916,87.78538463919608,0.023126562782686627,32.791032342541946,0.23141438109688545,0.0,0.4463620650846729,0.0,0.000596622011060593,1.7497177280072312e-07,0.5025579080054657,0.0,0.0,1.1693477037308357,interaction_004_wet_humid_boundary_june2024,smartgarden_pa1_joint_c0fc643ba7cc
2024-06-30T05:00,27.2,87.0,0.0,0.0,0.0,1.06,100940.0,24.8,0.48,0.0,28.0,0.237,0,0,0,1.0,27.319769958396453,87.67735595011563,0.022969601334826242,32.63781163994463,0.23138285535096847,0.0,0.44765393519663244,0.0,0.0006648477894442886,1.7541022997044135e-07,0.5023633046356079,0.0,0.0,1.1703209102965453,interaction_004_wet_humid_boundary_june2024,smartgarden_pa1_joint_c0fc643ba7cc
2024-06-30T06:00,27.2,87.0,19.0,9.0,10.0,0.94,100970.0,24.9,0.46,0.01,28.0,0.237,1,0,0,1.0,27.31823750964884,89.26914355085358,0.023384637673050154,32.491989274286304,0.23131017651318952,2023.824,0.3897929115354697,16.15,0.000595938438018547,6.267978009806737e-07,0.5019146698345033,4.4304490079321387e-07,0.0,1.1706747076458313,interaction_004_wet_humid_boundary_june2024,smartgarden_pa1_joint_c0fc643ba7cc
2024-06-30T07:00,28.1,82.0,180.0,129.0,51.0,0.72,101010.0,24.7,0.69,0.12,28.7,0.237,0,0,0,1.0,28.179859885353178,100.0,0.02746723775081308,32.400804328289,0.24328157726620317,17634.3024,0.0,153.0,0.0004599722298269381,5.153807143957724e-06,0.5758122053469331,4.741517693108782e-06,0.0,1.1677897264575745,interaction_004_wet_humid_boundary_june2024,smartgarden_pa1_joint_c0fc643ba7cc
2024-06-30T08:00,29.5,73.0,405.0,330.0,75.0,0.32,101060.0,24.2,1.1,0.28,30.0,0.235,0,0,0,1.0,29.965392559518694,100.0,0.03027176938044073,32.43410021798088,0.24178620430232903,38278.68,0.0,344.25,0.0004259214636241591,1.1410172522333275e-05,0.566581508039068,3.3778818439494556e-07,0.0,1.1614853912831982,interaction_004_wet_humid_boundary_june2024,smartgarden_pa1_joint_c0fc643ba7cc
2024-06-30T09:00,30.8,66.0,617.0,529.0,88.0,0.22,101050.0,23.7,1.5,0.45,31.4,0.233,0,1,0,1.0,31.94888861459381,87.03537778139919,0.02930615921091893,32.61343899969203,0.2391994031127476,57392.0512,0.6146604691915067,524.4499999999999,0.0019987644000033582,1.7156987703338493e-05,0.5506135994614049,0.0,0.0,1.153820208238303,interaction_004_wet_humid_boundary_june2024,smartgarden_pa1_joint_c0fc643ba7cc
2024-06-30T10:00,31.9,61.0,775.0,666.0,109.0,0.22,100980.0,23.4,1.85,0.58,32.6,0.23,0,1,0,1.0,33.72571349235143,81.35101231690676,0.030091284737940954,32.917841911049635,0.2357754150497605,72034.88160000001,0.9769385682318132,658.75,0.0021488469791473737,2.08078910528206e-05,0.5294778706775339,0.0,0.0,1.1463448809174714,interaction_004_wet_humid_boundary_june2024,smartgarden_pa1_joint_c0fc643ba7cc
2024-06-30T11:00,32.6,59.0,871.0,744.0,127.0,0.58,100890.0,23.5,2.02,0.66,33.6,0.227,0,1,0,1.0,35.03132773082044,76.32335288659279,0.03022558903345952,33.308664897292054,0.23187991770698474,81116.1648,1.3335692137079063,740.35,0.0023183249791828117,2.2416224123956163e-05,0.5054315907838565,0.0,0.0,1.140471006469797,interaction_004_wet_humid_boundary_june2024,smartgarden_pa1_joint_c0fc643ba7cc
2024-06-30T12:00,33.0,59.0,904.0,699.0,205.0,1.35,100790.0,23.9,2.08,0.7,34.2,0.223,0,1,0,1.0,35.81149710701998,71.70081253170267,0.029567361443138655,33.74227583206457,0.22786017358662342,86764.39199999999,1.6639433082212332,768.4,0.0026188564795631662,2.2228250867398396e-05,0.4806183554729841,0.0,0.0,1.1364636077189547,interaction_004_wet_humid_boundary_june2024,smartgarden_pa1_joint_c0fc643ba7cc
2024-06-30T13:00,32.6,60.0,765.0,560.0,205.0,2.08,100760.0,24.0,1.95,0.6,34.2,0.221,0,1,0,1.0,35.53721104598926,66.99773115393508,0.0272384823553432,34.145429414979205,0.22423485088835435,74532.39199999999,1.9114236304569383,650.25,0.002955200918615543,1.8114465452550898e-05,0.45823982029848365,0.0,0.0,1.1371348526228227,interaction_004_wet_humid_boundary_june2024,smartgarden_pa1_joint_c0fc643ba7cc
2024-06-30T14:00,31.9,64.0,738.0,536.0,202.0,2.16,100720.0,24.1,1.71,0.57,34.0,0.222,0,1,0,1.0,34.817730026809635,69.1222260564784,0.027071116528929542,34.48481226151908,0.22110307478453328,72050.84479999999,1.7187446250244824,627.3,0.002992504725311358,1.6695033037385733e-05,0.4389078690403289,0.0,0.0,1.1393389744543572,interaction_004_wet_humid_boundary_june2024,smartgarden_pa1_joint_c0fc643ba7cc
2024-06-30T15:00,31.3,68.0,483.0,311.0,172.0,0.61,100700.0,24.8,1.44,0.37,33.3,0.221,0,1,0,1.0,33.67736464325734,72.62789290025965,0.026796491858926276,34.727910706343515,0.21865077599812088,48555.3728,1.430041109079344,410.55,0.0023180947003812605,1.0650450480702018e-05,0.42377022221062277,0.0,0.0,1.143346402068431,interaction_004_wet_humid_boundary_june2024,smartgarden_pa1_joint_c0fc643ba7cc
2024-06-30T16:00,31.2,69.0,323.0,196.0,127.0,0.51,100690.0,24.8,1.41,0.25,32.9,0.219,0,1,0,1.0,32.74511496110839,73.35261355001404,0.02576541603639535,34.84072617231817,0.21706013276194236,32892.1648,1.3213578046747543,274.55,0.0021433325398976587,7.075189278164527e-06,0.4139514368021133,0.0,0.0,1.146716992617607,interaction_004_wet_humid_boundary_june2024,smartgarden_pa1_joint_c0fc643ba7cc
2024-06-30T17:00,31.0,70.0,231.0,157.0,74.0,1.03,100730.0,24.8,1.36,0.18,32.4,0.219,0,1,0,1.0,32.13196338531796,72.90061641632522,0.024787079135959837,34.8742802703768,0.21596690441593575,22931.4976,1.298154599962864,196.35,0.002243886861117367,5.0896462094016314e-06,0.4072031136786157,0.0,0.0,1.1494766049681586,interaction_004_wet_humid_boundary_june2024,smartgarden_pa1_joint_c0fc643ba7cc
2024-06-30T18:00,30.4,75.0,93.0,60.0,33.0,0.5,100750.0,25.4,1.1,0.06,31.6,0.218,1,1,0,1.0,31.25158747659875,75.27048544482389,0.024418429507542347,34.836791824165765,0.21530983258340983,9345.0192,1.1270085765250117,79.05,0.001983353384230814,2.2187167955420313e-06,0.4031471147124064,0.0,0.0,1.153029956290639,interaction_004_wet_humid_boundary_june2024,smartgarden_pa1_joint_c0fc643ba7cc
2024-06-30T19:00,29.9,78.0,1.0,0.0,1.0,0.72,100830.0,25.6,0.93,0.0,30.8,0.218,0,0,0,1.0,30.333125062876668,78.36535342643528,0.0241983304694938,34.72449741955259,0.22753943851220682,123.18239999999999,0.9356584942228827,0.85,0.0005665546846280571,3.7311720567512647e-07,0.47863850933461,0.0,0.0,1.1574378184001732,interaction_004_wet_humid_boundary_june2024,smartgarden_pa1_joint_c0fc643ba7cc
2024-06-30T20:00,29.5,81.0,0.0,0.0,0.0,0.92,100920.0,25.8,0.79,0.0,30.3,0.217,0,0,0,1.0,29.765022553659453,81.17965459880192,0.024309492787651276,34.576690221018055,0.2274797477557808,0.0,0.7878595528131656,0.0,0.0006221504074523944,2.939115083134453e-07,0.4782700478751902,0.0,0.0,1.1606435938952149,interaction_004_wet_humid_boundary_june2024,smartgarden_pa1_joint_c0fc643ba7cc
2024-06-30T21:00,29.1,83.0,0.0,0.0,0.0,1.02,100990.0,26.0,0.68,0.0,30.0,0.217,0,0,0,1.0,29.35020833845453,83.19028877320838,0.02435729648681691,34.422376415921256,0.2274304346073399,0.0,0.6870907264248136,0.0,0.0006726169874192443,2.5615649492692613e-07,0.4779656457243203,0.0,0.0,1.16304131593392,interaction_004_wet_humid_boundary_june2024,smartgarden_pa1_joint_c0fc643ba7cc
2024-06-30T22:00,28.9,85.0,0.0,0.0,0.0,1.08,101000.0,26.1,0.59,0.0,29.7,0.217,0,0,0,1.0,29.07020775311503,85.03106044511563,0.024519971617095387,34.2643907310334,0.22738723570802738,0.0,0.6020445199972206,0.0,0.0006876954119521015,2.2432492417954243e-07,0.47769898585202086,0.0,0.0,1.1642341196458323,interaction_004_wet_humid_boundary_june2024,smartgarden_pa1_joint_c0fc643ba7cc
2024-06-30T23:00,28.6,87.0,0.0,0.0,0.0,1.03,100990.0,26.2,0.51,0.0,29.4,0.217,0,0,0,1.0,28.805251456581132,86.8600237515455,0.024688252282806283,34.10515744890174,0.22734960109165858,0.0,0.5204503147415172,0.0,0.0006677705119496627,1.9382819075285134e-07,0.4774666734052999,0.0,0.0,1.165140326850153,interaction_004_wet_humid_boundary_june2024,smartgarden_pa1_joint_c0fc643ba7cc
