timestamp,temperature_outside,humidity_outside,shortwave_radiation,direct_radiation,diffuse_radiation,wind_speed,surface_pressure,dew_point_outside,vpd_outside_reference,et0_outside_reference,external_soil_temperature_context,external_soil_moisture_context,pump_state,fan_state,grow_light_state,vent_state,temperature_inside_true,humidity_inside_true,vapor_density_inside_true,soil_temperature_inside_true,soil_moisture_inside_true,light_lux_inside_true,vpd_inside,solar_inside,ventilation_rate_m3_s,evapotranspiration_rate_kg_s,water_stress_coefficient,condensation_rate_kg_s,drainage_rate_m3_s,air_density,simulation_id,parameter_set_id
2024-06-01T00:00,29.6,83.0,0.0,0.0,0.0,0.81,100950.0,26.4,0.72,0.0,29.8,0.176,0,0,0,1.0,29.6,83.00000000000001,0.024633318950427478,29.6,0.4,0.0,0.7049358805204089,0.0,0.0015795000000000002,5.49849986805919e-07,1.0,0.0,0.0,1.1616214428759424,scenario_009_high_et_response_june2024,smartgarden_pa1_pilot_53a065f0754a
2024-06-01T01:00,29.3,84.0,0.0,0.0,0.0,1.1,100880.0,26.4,0.63,0.0,29.6,0.176,0,0,0,1.0,29.391720993105103,84.42536624508475,0.024774721441662966,29.583500633046622,0.3999076345937126,0.0,0.6381321830041373,0.0,0.0022141575407239266,4.977431027432271e-07,1.0,0.0,0.0,1.161615101290407,scenario_009_high_et_response_june2024,smartgarden_pa1_pilot_53a065f0754a
2024-06-01T02:00,28.9,85.0,0.0,0.0,0.0,1.0,100820.0,26.1,0.59,0.0,29.4,0.176,0,0,0,1.0,29.047020661538124,85.20721941365181,0.024539764933059566,29.56113468557714,0.3998209354584975,0.0,0.5941631379200754,0.0,0.0020703330145064465,4.634472475776588e-07,1.0,0.0,0.0,1.1622484175680614,scenario_009_high_et_response_june2024,smartgarden_pa1_pilot_53a065f0754a
2024-06-01T03:00,28.7,86.0,0.0,0.0,0.0,0.9,100780.0,26.1,0.54,0.0,29.2,0.176,0,0,0,1.0,28.77997633965929,86.42162609627151,0.024529791507128924,29.53210695429728,0.3997416924861571,0.0,0.5370282414023255,0.0,0.00182850317973365,4.188820282938139e-07,1.0,0.0,0.0,1.1628148512062446,scenario_009_high_et_response_june2024,smartgarden_pa1_pilot_53a065f0754a
2024-06-01T04:00,28.7,86.0,0.0,0.0,0.0,0.92,100820.0,26.1,0.55,0.0,28.8,0.176,0,0,0,1.0,28.695581976659476,86.82127014612118,0.02452995179913726,29.499935198029615,0.39966806105477953,0.0,0.5186813641477799,0.0,0.0017980519045795685,4.0457146403526833e-07,1.0,0.0,0.0,1.1636016229146418,scenario_009_high_et_response_june2024,smartgarden_pa1_pilot_53a065f0754a
2024-06-01T05:00,28.6,86.0,0.0,0.0,0.0,1.02,100840.0,26.1,0.53,0.0,28.5,0.176,0,0,0,1.0,28.62683584608223,86.66683276338699,0.02439454080657047,29.46739891470931,0.39959494312891514,0.0,0.5226737080160455,0.0,0.0020111063217808723,4.0768549225251553e-07,1.0,0.0,0.0,1.1640975767590245,scenario_009_high_et_response_june2024,smartgarden_pa1_pilot_53a065f0754a
2024-06-01T06:00,28.6,86.0,19.0,2.0,17.0,1.02,100900.0,26.0,0.54,0.02,28.5,0.176,1,0,0,1.0,28.612938454661187,88.05646090834621,0.024766872035281207,29.439058943662136,0.39944009539123176,2270.1007999999997,0.4678219279362672,16.15,0.001999689193582231,1.3096761037902885e-06,1.0,0.0,0.0,1.1648438603787232,scenario_009_high_et_response_june2024,smartgarden_pa1_pilot_53a065f0754a
2024-06-01T07:00,29.0,84.0,156.0,58.0,98.0,1.02,100980.0,26.1,0.62,0.11,29.7,0.175,0,0,0,1.0,29.02008338362928,96.10949244238715,0.02763905005228534,29.452239564687666,0.40694507272683395,17175.875200000002,0.15602215125273755,132.6,0.0020055453779086203,7.878797277977135e-06,1.0,1.3054411756952745e-06,0.0,1.164196664675218,scenario_009_high_et_response_june2024,smartgarden_pa1_pilot_53a065f0754a
2024-06-01T08:00,30.2,75.0,326.0,146.0,180.0,0.71,101020.0,25.4,1.06,0.24,30.6,0.175,0,0,0,1.0,30.162541357863173,100.0,0.030595960233626058,29.554774989865948,0.4047828039918563,35020.831999999995,0.0,277.09999999999997,0.0014281619130720109,1.621035e-05,1.0,9.852429006742125e-06,0.0,1.1602710201494273,scenario_009_high_et_response_june2024,smartgarden_pa1_pilot_53a065f0754a
2024-06-01T09:00,31.6,66.0,535.0,311.0,224.0,0.32,101030.0,24.6,1.55,0.4,32.0,0.173,0,0,0,1.0,31.78547830319825,99.99999999999999,0.033379625275823686,29.77600359948497,0.4009296137418562,54960.857599999996,8.881784197001252e-16,454.75,0.0009971060994352998,2.6602875e-05,1.0,9.079063767123183e-06,0.0,1.154210034464524,scenario_009_high_et_response_june2024,smartgarden_pa1_pilot_53a065f0754a
2024-06-01T10:00,32.7,61.0,673.0,368.0,305.0,0.2,100990.0,24.1,1.93,0.52,33.3,0.172,0,1,0,1.0,33.26748279701965,92.65300788672283,0.03345526983363671,30.109161603496748,0.3955139200767385,69954.632,0.37514557987366715,572.05,0.0028008881496823985,3.375753855230146e-05,1.0,0.0,0.0,1.1481728691352042,scenario_009_high_et_response_june2024,smartgarden_pa1_pilot_53a065f0754a
2024-06-01T11:00,33.3,58.0,730.0,349.0,381.0,0.86,100950.0,23.9,2.15,0.57,34.3,0.17,0,1,0,1.0,34.1753301768297,81.79906805394461,0.03097893300743837,30.506089525601116,0.3891380450529912,77644.49440000001,0.9776463604091843,620.5,0.0037647330838337933,3.706181416111917e-05,1.0,0.0,0.0,1.1443277117064852,scenario_009_high_et_response_june2024,smartgarden_pa1_pilot_53a065f0754a
2024-06-01T12:00,33.6,57.0,685.0,331.0,354.0,1.64,100940.0,23.9,2.23,0.55,34.7,0.169,0,1,0,1.0,34.546619113849616,72.68272275714173,0.028065916546962586,30.908709029803774,0.38262839932034853,72734.5696,1.4978898626712573,582.25,0.00503395518210376,3.522997909288358e-05,1.0,0.0,0.0,1.1428336642340324,scenario_009_high_et_response_june2024,smartgarden_pa1_pilot_53a065f0754a
2024-06-01T13:00,33.3,58.0,601.0,271.0,330.0,1.64,100890.0,23.9,2.16,0.49,34.8,0.167,0,1,0,1.0,34.35188647399729,71.00826386866433,0.027141796859206195,31.271585203648108,0.3766547447713627,64498.191999999995,1.5726186234221684,510.84999999999997,0.0050806172673722875,3.111136752626929e-05,1.0,0.0,0.0,1.1429909359014225,scenario_009_high_et_response_june2024,smartgarden_pa1_pilot_53a065f0754a
2024-06-01T14:00,33.5,57.0,537.0,197.0,340.0,1.7,100790.0,23.8,2.24,0.45,34.8,0.166,0,1,0,1.0,34.27055986723439,69.384317154407,0.026408506329612415,31.584493125829596,0.371337039435519,59218.015999999996,1.6532216514358447,456.45,0.0050606444683784215,2.799183788811996e-05,1.0,0.0,0.0,1.1421601008082638,scenario_009_high_et_response_june2024,smartgarden_pa1_pilot_53a065f0754a
2024-06-01T15:00,33.2,59.0,342.0,78.0,264.0,0.72,100790.0,24.0,2.1,0.28,34.3,0.164,0,1,0,1.0,33.925208773768894,70.86844934202125,0.026489799871345462,31.824067777935337,0.36717719945769217,39384.1536,1.5431417123957418,290.7,0.0034672749038243585,1.8209600535668677e-05,1.0,0.0,0.0,1.1434446272970737,scenario_009_high_et_response_june2024,smartgarden_pa1_pilot_53a065f0754a
2024-06-01T16:00,32.6,61.0,222.0,33.0,189.0,0.71,100770.0,24.1,1.93,0.19,33.7,0.164,0,1,0,1.0,33.23034056813307,69.40621336816358,0.02501225687097046,31.97020342419434,0.36443547952707833,26185.473599999998,1.5589075578190426,188.7,0.0033795497711517925,1.2254897895098854e-05,1.0,0.0,0.0,1.1458105396865401,scenario_009_high_et_response_june2024,smartgarden_pa1_pilot_53a065f0754a
2024-06-01T17:00,32.3,62.0,145.0,34.0,111.0,0.71,100740.0,24.2,1.82,0.13,33.1,0.163,0,0,0,1.0,32.69559871851412,74.42890552128864,0.02607502760401846,32.050908748109244,0.3625975568094229,16665.2464,1.2644638026862651,123.25,0.0017897062447708152,8.196406766095286e-06,1.0,0.0,0.0,1.1474721671229722,scenario_009_high_et_response_june2024,smartgarden_pa1_pilot_53a065f0754a
2024-06-01T18:00,31.9,66.0,41.0,9.0,32.0,0.61,100810.0,24.7,1.61,0.05,32.4,0.163,1,0,0,1.0,32.16584124439617,72.0127567566474,0.024529341716215097,32.07536941806076,0.3615823319318558,4733.8368,1.3432523918869386,34.85,0.0015102113442704336,3.0864618656718124e-06,1.0,0.0,0.0,1.15026187468651,scenario_009_high_et_response_june2024,smartgarden_pa1_pilot_53a065f0754a
2024-06-01T19:00,31.2,70.0,0.0,0.0,0.0,1.0,100940.0,25.1,1.35,0.03,31.7,0.162,0,0,0,1.0,31.473682642628454,70.75662143638013,0.02322842677709404,32.051300312133016,0.3695408552034927,0.0,1.3496328019964818,0.0,0.0021670007690750477,1.052713585557256e-06,1.0,0.0,0.0,1.1543621679173264,scenario_009_high_et_response_june2024,smartgarden_pa1_pilot_53a065f0754a
2024-06-01T20:00,30.7,74.0,0.0,0.0,0.0,1.1,100990.0,25.5,1.14,0.01,31.1,0.162,0,0,0,1.0,30.885620973117284,74.29848050539098,0.023634779517147292,32.00324741220297,0.3693651355239481,0.0,1.1471668730118334,0.0,0.002282131977264963,8.9479016094923e-07,1.0,0.0,0.0,1.1571678320131735,scenario_009_high_et_response_june2024,smartgarden_pa1_pilot_53a065f0754a
2024-06-01T21:00,30.2,78.0,0.0,0.0,0.0,1.2,101050.0,25.8,0.96,0.01,30.7,0.162,0,0,0,1.0,30.39056212187904,77.99911554723157,0.024159931512078493,31.94482716244577,0.3692177485947813,0.0,0.9546289492239248,0.0,0.0024697932385709218,7.446105803946614e-07,1.0,0.0,0.0,1.1597437282639576,scenario_009_high_et_response_june2024,smartgarden_pa1_pilot_53a065f0754a
2024-06-01T22:00,29.7,82.0,0.0,0.0,0.0,1.1,101080.0,26.2,0.77,0.0,30.2,0.162,0,0,0,1.0,29.905569781746646,81.76949062814056,0.024673110557549314,31.87713835063274,0.36909682814102984,0.0,0.7693525387725044,0.0,0.002296855730872765,6.000949802425534e-07,1.0,0.0,0.0,1.16194457292874,scenario_009_high_et_response_june2024,smartgarden_pa1_pilot_53a065f0754a
2024-06-01T23:00,29.2,85.0,0.0,0.0,0.0,1.3,101060.0,26.4,0.61,0.0,29.6,0.162,0,0,0,1.0,29.418472392430157,84.57783003618383,0.02485554690176093,31.800510943167676,0.3689987189536335,0.0,0.6328600015450783,0.0,0.0026728704986024782,4.936308012051611e-07,1.0,0.0,0.0,1.1635848822818757,scenario_009_high_et_response_june2024,smartgarden_pa1_pilot_53a065f0754a
2024-06-02T00:00,28.8,87.0,0.0,0.0,0.0,1.2,101050.0,26.5,0.5,0.0,29.1,0.162,0,0,0,1.0,28.990410917412994,86.68236112831592,0.024887744058618922,31.715653707786007,0.3689172097962024,0.0,0.5331661323339612,0.0,0.0024702781172814877,4.158695832204897e-07,1.0,0.0,0.0,1.1651181056041824,scenario_009_high_et_response_june2024,smartgarden_pa1_pilot_53a065f0754a
2024-06-02T01:00,28.4,89.0,0.0,0.0,0.0,1.12,100980.0,26.4,0.42,0.0,28.8,0.162,0,0,0,1.0,28.596560617824924,88.58239382927488,0.024892507707747192,31.624135843688652,0.3688484830294114,0.0,0.446797084569285,0.0,0.002327576859638204,3.4850172596404233e-07,1.0,0.0,0.0,1.165830697521703,scenario_009_high_et_response_june2024,smartgarden_pa1_pilot_53a065f0754a
2024-06-02T02:00,28.4,91.0,0.0,0.0,0.0,1.14,100950.0,26.7,0.35,0.0,28.5,0.162,0,0,0,1.0,28.445161515477725,90.9856998341776,0.025357058521424235,31.5285087461794,0.3687929393164397,0.0,0.349666336805019,0.0,0.0022562428430606936,2.7273974270791484e-07,1.0,0.0,0.0,1.1660694092820962,scenario_009_high_et_response_june2024,smartgarden_pa1_pilot_53a065f0754a
2024-06-02T03:00,28.4,89.0,0.0,0.0,0.0,1.04,100940.0,26.5,0.41,0.0,28.3,0.162,0,0,0,1.0,28.428535394879354,89.64691294949857,0.024961229198928403,31.434239345586214,0.368741168081702,0.0,0.4012108118446589,0.0,0.0020510664789956654,3.1294443323883394e-07,1.0,0.0,0.0,1.1660181790917832,scenario_009_high_et_response_june2024,smartgarden_pa1_pilot_53a065f0754a
2024-06-02T04:00,28.3,89.0,0.0,0.0,0.0,1.04,100970.0,26.4,0.4,0.0,28.1,0.162,0,0,0,1.0,28.364556995628234,89.3066500616354,0.0247795585746717,31.34188635299933,0.36868349142210766,0.0,0.4128606915331141,0.0,0.0020798299983233663,3.22031339395829e-07,1.0,0.0,0.0,1.1666122180249043,scenario_009_high_et_response_june2024,smartgarden_pa1_pilot_53a065f0754a
2024-06-02T05:00,28.0,90.0,0.0,0.0,0.0,1.12,101060.0,26.2,0.38,0.0,27.9,0.162,0,0,0,1.0,28.149201958652075,89.81324177928256,0.024627779492435494,31.249159898761047,0.3686268437747212,0.0,0.3884101489141605,0.0,0.002293965000058195,3.0295991615304516e-07,1.0,0.0,0.0,1.1684866672141643,scenario_009_high_et_response_june2024,smartgarden_pa1_pilot_53a065f0754a
2024-06-02T06:00,28.0,91.0,19.0,4.0,15.0,1.36,101020.0,26.4,0.34,0.02,28.1,0.162,1,0,0,1.0,28.063263246784558,92.09179131045215,0.025133807767154348,31.159393463075386,0.3684936063358742,2199.736,0.3000276541175433,16.15,0.0026910880214199378,1.1787965702116836e-06,1.0,0.0,0.0,1.1683574222197204,scenario_009_high_et_response_june2024,smartgarden_pa1_pilot_53a065f0754a
2024-06-02T07:00,30.2,77.0,168.0,87.0,81.0,1.21,101070.0,25.6,1.0,0.13,30.3,0.162,0,0,0,1.0,29.549094589200685,89.83837169000162,0.02658934452172508,31.124548875206052,0.3759445188836473,17633.7744,0.420137930720506,142.79999999999998,0.0027758826110016073,8.681507585961993e-06,1.0,0.0,0.0,1.1631978547711914,scenario_009_high_et_response_june2024,smartgarden_pa1_pilot_53a065f0754a
2024-06-02T08:00,31.3,68.0,350.0,181.0,169.0,0.98,101090.0,24.7,1.45,0.27,31.3,0.161,0,0,0,1.0,31.258401775996877,93.7242830783623,0.030416103625328317,31.20969214236266,0.37357013530071503,36745.8256,0.28611665432375855,297.5,0.0019462290840800093,1.7626920990372532e-05,1.0,9.084571585494249e-08,0.0,1.156895176629399,scenario_009_high_et_response_june2024,smartgarden_pa1_pilot_53a065f0754a
2024-06-02T09:00,32.0,65.0,510.0,248.0,262.0,0.73,101090.0,24.5,1.68,0.39,32.5,0.16,0,0,0,1.0,32.45648241542258,100.0,0.03459230966405686,31.405507725776587,0.3697047092241009,54097.788799999995,0.0,433.5,0.0018739457207435453,2.535975e-05,1.0,9.717279312080088e-07,0.0,1.1523597567586892,scenario_009_high_et_response_june2024,smartgarden_pa1_pilot_53a065f0754a
2024-06-02T10:00,33.0,61.0,705.0,426.0,279.0,0.32,101060.0,24.4,1.98,0.54,33.9,0.159,0,1,0,1.0,33.64945508523441,90.57348124279746,0.03336863973994287,31.705578480993523,0.3642232483973353,71855.8896,0.4917168242416734,599.25,0.0029682610028533606,3.5439664122908506e-05,1.0,0.0,0.0,1.1475382191703798,scenario_009_high_et_response_june2024,smartgarden_pa1_pilot_53a065f0754a
2024-06-02T11:00,34.0,57.0,821.0,573.0,248.0,0.14,100970.0,24.3,2.27,0.64,35.2,0.157,0,1,0,1.0,34.8750055672178,88.26335358504862,0.034670850486687575,32.09840655724829,0.35731505673689307,80973.23520000001,0.6553688134014459,697.85,0.003091633530164308,4.133541267445313e-05,1.0,0.0,0.0,1.1419545807838858,scenario_009_high_et_response_june2024,smartgarden_pa1_pilot_53a065f0754a
2024-06-02T12:00,34.6,55.0,860.0,673.0,187.0,0.8,100910.0,24.2,2.48,0.68,36.1,0.155,0,1,0,1.0,35.71577051310988,79.94769144890536,0.032805301762590035,32.54069282368776,0.34966400808349424,82259.1088,1.17285405682569,731.0,0.003843655923010895,4.367832616432404e-05,1.0,0.0,0.0,1.1381693176978984,scenario_009_high_et_response_june2024,smartgarden_pa1_pilot_53a065f0754a
2024-06-02T13:00,34.8,55.0,913.0,742.0,171.0,0.82,100810.0,24.4,2.5,0.72,36.7,0.154,0,1,0,1.0,36.1459227738988,78.75558805038001,0.033042288225988536,33.00630911510659,0.3415543699103482,86360.1904,1.272270189025356,776.05,0.00401263344207077,4.639129574743977e-05,1.0,0.0,0.0,1.1354600758122406,scenario_009_high_et_response_june2024,smartgarden_pa1_pilot_53a065f0754a
2024-06-02T14:00,34.6,56.0,656.0,386.0,270.0,0.92,100820.0,24.6,2.42,0.53,36.4,0.153,0,1,0,1.0,35.86237122549402,72.9221763220076,0.03015020755552056,33.412748279422814,0.3343287117031291,67227.248,1.5965848820833592,557.6,0.004087180186030014,3.3864936208025024e-05,1.0,0.0,0.0,1.136614717607392,scenario_009_high_et_response_june2024,smartgarden_pa1_pilot_53a065f0754a
2024-06-02T15:00,32.6,66.0,461.0,246.0,215.0,1.2,100830.0,25.5,1.67,0.37,35.5,0.161,0,1,0,1.0,34.206418328284,74.45391923275619,0.028243103702950807,33.68028688725375,0.32911407174971585,48132.216,1.3745581898644508,391.84999999999997,0.00465583535182619,2.3995380388094267e-05,1.0,0.0,0.0,1.142851833400996,scenario_009_high_et_response_june2024,smartgarden_pa1_pilot_53a065f0754a
2024-06-02T16:00,31.5,71.0,398.0,260.0,138.0,1.0,100840.0,25.6,1.34,0.3,34.3,0.165,0,1,0,1.0,32.68336081928966,80.79992054163412,0.02828867791252989,33.83970058782781,0.32510980297636605,39879.1712,0.9487707907280911,338.3,0.004154783085250583,2.0530591216767913e-05,1.0,0.0,0.0,1.148657171962363,scenario_009_high_et_response_june2024,smartgarden_pa1_pilot_53a065f0754a
2024-06-02T17:00,30.9,73.0,171.0,95.0,76.0,0.42,100820.0,25.5,1.21,0.13,33.2,0.165,0,1,0,1.0,31.621206925086614,79.83847825083613,0.02641723503992399,33.89804489679294,0.3224345367151356,17721.862399999998,0.9383050604699226,145.35,0.003127831786131754,9.23485294716654e-06,1.0,0.0,0.0,1.1524317293660489,scenario_009_high_et_response_june2024,smartgarden_pa1_pilot_53a065f0754a
2024-06-02T18:00,30.7,73.0,54.0,19.0,35.0,0.64,100860.0,25.3,1.19,0.05,32.3,0.165,1,0,0,1.0,31.007972106649166,80.19766571365749,0.025679403118754687,33.854179742771564,0.3213034671431839,5983.383999999999,0.8900419864193254,45.9,0.0016013644162504355,3.3793827494070736e-06,1.0,0.0,0.0,1.15521337537062,scenario_009_high_et_response_june2024,smartgarden_pa1_pilot_53a065f0754a
2024-06-02T19:00,30.4,75.0,0.0,0.0,0.0,0.89,100910.0,25.5,1.08,0.03,31.6,0.165,0,0,0,1.0,30.579449580239114,76.24228767583351,0.02385722678608635,33.76031026920021,0.3292571907246411,0.0,1.042046904304136,0.0,0.0018972266013775239,8.127965853572261e-07,1.0,0.0,0.0,1.1574167199492187,scenario_009_high_et_response_june2024,smartgarden_pa1_pilot_53a065f0754a
2024-06-02T20:00,29.7,84.0,0.0,0.0,0.0,1.02,100970.0,26.7,0.67,0.0,30.9,0.164,0,0,0,1.0,30.006675112478405,82.82301921980168,0.025128014981833643,33.64563802534499,0.3291295501377379,0.0,0.7291095630310993,0.0,0.00222756733986297,5.687054591642574e-07,1.0,0.0,0.0,1.160292993624364,scenario_009_high_et_response_june2024,smartgarden_pa1_pilot_53a065f0754a
2024-06-02T21:00,29.5,84.0,0.0,0.0,0.0,0.94,101010.0,26.6,0.64,0.0,30.2,0.164,0,0,0,1.0,29.63465642361698,84.37682581384068,0.025089042295105154,33.52254262809176,0.32903541259765,0.0,0.6491360729379574,0.0,0.0019499032561582003,5.063261368916068e-07,1.0,0.0,0.0,1.1621788197771064,scenario_009_high_et_response_june2024,smartgarden_pa1_pilot_53a065f0754a
2024-06-02T22:00,29.1,86.0,0.0,0.0,0.0,0.94,101030.0,26.5,0.57,0.0,29.6,0.164,0,0,0,1.0,29.30149530002486,85.83027355405284,0.025063821911503865,33.39593663174332,0.3289487553003339,0.0,0.5775581368551848,0.0,0.002005582568536571,4.504953467470441e-07,1.0,0.0,0.0,1.1636893663648609,scenario_009_high_et_response_june2024,smartgarden_pa1_pilot_53a065f0754a
2024-06-02T23:00,29.0,86.0,0.0,0.0,0.0,0.98,101020.0,26.4,0.55,0.0,29.2,0.164,0,0,0,1.0,29.09291734434454,86.37769245067287,0.02493910937972181,33.26617107140834,0.3288704367182637,0.0,0.5486025994866899,0.0,0.0019893777189605223,4.279100275996181e-07,1.0,0.0,0.0,1.1643771668086975,scenario_009_high_et_response_june2024,smartgarden_pa1_pilot_53a065f0754a
2024-06-03T00:00,28.6,87.0,0.0,0.0,0.0,0.98,100980.0,26.3,0.49,0.0,28.9,0.164,0,0,0,1.0,28.80326102348687,86.85007403003543,0.02468274349814534,33.135295918742294,0.3287949270365428,0.0,0.5207844096588308,0.0,0.002078774022099431,4.06211839533888e-07,1.0,0.0,0.0,1.1650326346781557,scenario_009_high_et_response_june2024,smartgarden_pa1_pilot_53a065f0754a
2024-06-03T01:00,28.2,90.0,0.0,0.0,0.0,1.17,100930.0,26.3,0.39,0.0,28.5,0.164,0,0,0,1.0,28.420381452898003,89.30603867986794,0.02485522310041367,33.00019389786821,0.328728805358717,0.0,0.4142245543889769,0.0,0.0024355543984350757,3.23095152423402e-07,1.0,0.0,0.0,1.165934187117227,scenario_009_high_et_response_june2024,smartgarden_pa1_pilot_53a065f0754a
2024-06-03T02:00,28.1,93.0,0.0,0.0,0.0,1.24,100880.0,26.8,0.27,0.0,28.3,0.164,0,0,0,1.0,28.210192056643777,92.51520452359242,0.025453662032153466,32.86175982184931,0.3286798944090636,0.0,0.2864011035714751,0.0,0.0024920520254450773,2.2339286078575055e-07,1.0,0.0,0.0,1.1661693917752864,scenario_009_high_et_response_june2024,smartgarden_pa1_pilot_53a065f0754a
2024-06-03T03:00,27.9,93.0,0.0,0.0,0.0,1.2,100840.0,26.7,0.26,0.0,28.2,0.164,0,0,0,1.0,28.04088312810631,92.7171137047861,0.025273409480792187,32.72352538495259,0.3286409981967231,0.0,0.27594402016814534,0.0,0.002437361595150252,2.1523633573115337e-07,1.0,0.0,0.0,1.1663622739238488,scenario_009_high_et_response_june2024,smartgarden_pa1_pilot_53a065f0754a
2024-06-03T04:00,27.9,93.0,0.0,0.0,0.0,1.2,100820.0,26.6,0.28,0.0,28.0,0.164,0,0,0,1.0,27.965202247876373,92.9866129458773,0.025241769059396384,32.58601059248151,0.32860321203720255,0.0,0.2645644915457148,0.0,0.002385565353431045,2.0636030340565754e-07,1.0,0.0,0.0,1.1664240345079837,scenario_009_high_et_response_june2024,smartgarden_pa1_pilot_53a065f0754a
2024-06-03T05:00,28.0,92.0,0.0,0.0,0.0,1.33,100840.0,26.5,0.31,0.0,27.8,0.164,0,0,0,1.0,28.014935216390057,92.29556091110183,0.025122690593420424,32.45216168782419,0.32856451839069395,0.0,0.2914757798139167,0.0,0.0026029897695887243,2.2735110825485504e-07,1.0,0.0,0.0,1.1664627659193434,scenario_009_high_et_response_june2024,smartgarden_pa1_pilot_53a065f0754a
2024-06-03T06:00,28.0,92.0,25.0,13.0,12.0,1.3,100880.0,26.7,0.29,0.01,28.0,0.164,1,0,0,1.0,28.074728606456066,93.48196122531022,0.025529271882847666,32.32945498529707,0.3284142604691748,2622.1888,0.24745137999345124,21.25,0.0025831989666725854,1.4361370763948918e-06,1.0,0.0,0.0,1.1666938285638728,scenario_009_high_et_response_june2024,smartgarden_pa1_pilot_53a065f0754a
2024-06-03T07:00,29.5,86.0,196.0,139.0,57.0,1.1,100930.0,27.0,0.56,0.14,30.5,0.164,0,0,0,1.0,29.186540356719078,99.97010055269611,0.029010967522024964,32.26716931243284,0.33574142219780795,19253.396800000002,0.001210647163440548,166.6,0.0023731842622111013,9.747044304787485e-06,1.0,2.5014059481734493e-06,0.0,1.1629795629170716,scenario_009_high_et_response_june2024,smartgarden_pa1_pilot_53a065f0754a
2024-06-03T08:00,31.3,72.0,419.0,337.0,82.0,0.7,100950.0,25.6,1.3,0.31,31.6,0.163,0,0,0,1.0,31.139532506291705,99.99999999999997,0.03224678391770841,32.33611857773392,0.33298914297565557,39756.9568,8.881784197001252e-16,356.15,0.0015451926013000273,2.0834774999999997e-05,1.0,8.759801900401938e-06,0.0,1.1557442969991745,scenario_009_high_et_response_june2024,smartgarden_pa1_pilot_53a065f0754a
2024-06-03T09:00,32.9,62.0,633.0,534.0,99.0,0.6,100950.0,24.6,1.91,0.48,33.3,0.162,0,0,0,1.0,33.17082351777882,100.0,0.03592453869749785,32.55222398327105,0.3282811799756556,59187.05760000001,0.0,538.05,0.0014993535747889327,3.1475924999999996e-05,1.0,2.402144941898567e-06,0.0,1.1480802636660448,scenario_009_high_et_response_june2024,smartgarden_pa1_pilot_53a065f0754a
2024-06-03T10:00,34.0,56.0,763.0,643.0,120.0,0.63,100900.0,24.0,2.35,0.59,34.8,0.16,0,1,0,1.0,34.70633715262695,83.68721856033808,0.032585633891096234,32.88447548413842,0.32196839711881114,71365.888,0.9024327767508371,648.55,0.003335878000406407,3.8644072565865654e-05,1.0,0.0,0.0,1.1417881125977505,scenario_009_high_et_response_june2024,smartgarden_pa1_pilot_53a065f0754a
2024-06-03T11:00,35.0,53.0,910.0,785.0,125.0,0.45,100830.0,23.9,2.65,0.71,36.1,0.158,0,1,0,1.0,35.98453260256819,82.80458636169813,0.03445291439004811,33.30345025146376,0.31434521473337385,84477.8,1.0207124857659498,773.5,0.003373076474579793,4.604590573889744e-05,1.0,0.0,0.0,1.136278251532759,scenario_009_high_et_response_june2024,smartgarden_pa1_pilot_53a065f0754a
2024-06-03T12:00,35.4,51.0,950.0,825.0,125.0,0.36,100780.0,23.9,2.79,0.75,36.9,0.156,0,1,0,1.0,36.7950944114641,77.26743876888366,0.033518942524927986,33.77902017617623,0.3059651895249392,87997.8,1.4105829628613433,807.5,0.003617952261321929,4.653828414322845e-05,0.9627480834872788,0.0,0.0,1.13274469201962,scenario_009_high_et_response_june2024,smartgarden_pa1_pilot_53a065f0754a
2024-06-03T13:00,36.0,50.0,931.0,796.0,135.0,0.32,100720.0,23.8,2.98,0.74,37.4,0.154,0,1,0,1.0,37.47394747096251,73.00762354092619,0.03279097913387642,34.26184064370016,0.2978660155912971,86677.624,1.7379366227584452,791.35,0.003648965250561546,4.3492292622617025e-05,0.9127531826623279,0.0,0.0,1.1295962225403828,scenario_009_high_et_response_june2024,smartgarden_pa1_pilot_53a065f0754a
2024-06-03T14:00,35.5,54.0,757.0,594.0,163.0,0.8,100580.0,24.7,2.68,0.61,37.3,0.153,0,1,0,1.0,37.260667188522824,67.75715620254054,0.03010287540001358,34.69275237223294,0.29089118694443905,72350.7312,2.052080969087556,643.4499999999999,0.00423035417314594,3.4129105551164907e-05,0.8696986848422164,0.0,0.0,1.1288011490003125,scenario_009_high_et_response_june2024,smartgarden_pa1_pilot_53a065f0754a
2024-06-03T15:00,34.7,56.0,570.0,403.0,167.0,1.08,100620.0,24.5,2.44,0.46,36.6,0.154,0,1,0,1.0,36.31666236740142,65.0302803583206,0.027524932551608792,35.011641006192804,0.2855731417221093,56035.4608,2.1139191059164926,484.5,0.004492120788569326,2.5099531849709e-05,0.8368712451982055,0.0,0.0,1.1326947582927496,scenario_009_high_et_response_june2024,smartgarden_pa1_pilot_53a065f0754a
2024-06-03T16:00,33.0,64.0,347.0,220.0,127.0,1.06,100620.0,25.4,1.78,0.28,35.4,0.158,0,1,0,1.0,34.581909673622256,67.89357867678002,0.026264960884379494,35.19531594929233,0.2819571776431895,35004.1648,1.7639415700309375,294.95,0.004452267022962115,1.5175441508009778e-05,0.8145504792789475,0.0,0.0,1.1390800086402415,scenario_009_high_et_response_june2024,smartgarden_pa1_pilot_53a065f0754a
2024-06-03T17:00,32.6,66.0,150.0,87.0,63.0,0.82,100610.0,25.4,1.66,0.13,34.2,0.158,0,1,0,1.0,33.31952750361448,69.19997598472003,0.025055453889758366,35.23750353068071,0.27997324253776606,15416.491199999999,1.5772712604826045,127.5,0.0036005587886423157,6.971236479296756e-06,0.8023039662825066,0.0,0.0,1.1436583338269628,scenario_009_high_et_response_june2024,smartgarden_pa1_pilot_53a065f0754a
2024-06-03T18:00,32.1,70.0,65.0,43.0,22.0,1.04,100630.0,25.8,1.45,0.06,33.3,0.158,1,0,0,1.0,32.55088894179571,72.58342054594094,0.025234289994708847,35.19058229385477,0.2790376349151835,6494.0127999999995,1.3447307508486648,55.25,0.0023620861490232037,3.4099509184338113e-06,0.7965286105875526,0.0,0.0,1.1467618058940008,scenario_009_high_et_response_june2024,smartgarden_pa1_pilot_53a065f0754a
2024-06-03T19:00,31.4,75.0,0.0,0.0,0.0,1.04,100720.0,26.5,1.13,0.03,32.4,0.158,0,0,0,1.0,31.764286100058925,74.7392572364552,0.024919507682123043,35.09272143545612,0.2869752905213964,0.0,1.1851853512114396,0.0,0.0023023473231231816,7.816423709076194e-07,0.8455264846999779,0.0,0.0,1.1507484355083282,scenario_009_high_et_response_june2024,smartgarden_pa1_pilot_53a065f0754a
2024-06-03T20:00,31.1,79.0,0.0,0.0,0.0,1.12,100810.0,26.9,0.96,0.01,31.9,0.157,0,0,0,1.0,31.26676434380585,78.85612181392045,0.025602436327085563,34.96694816080208,0.28684797668705453,0.0,0.9644301953671413,0.0,0.0023053418432245434,6.354608042943045e-07,0.84474059683367,0.0,0.0,1.153659105070289,scenario_009_high_et_response_june2024,smartgarden_pa1_pilot_53a065f0754a
2024-06-03T21:00,30.7,82.0,0.0,0.0,0.0,1.0,100890.0,27.3,0.8,0.0,31.4,0.157,0,0,0,1.0,30.896281693045506,81.79136364655459,0.02603320528491472,34.8358968915962,0.28674287055134917,0.0,0.8132218121647155,0.0,0.0021081855571279573,5.354184092129084e-07,0.8440917935268467,0.0,0.0,1.1559814744493435,scenario_009_high_et_response_june2024,smartgarden_pa1_pilot_53a065f0754a
2024-06-03T22:00,30.2,86.0,0.0,0.0,0.0,1.1,100900.0,27.6,0.61,0.0,30.9,0.157,0,0,0,1.0,30.448804708941893,85.26852902360604,0.02649462367347098,34.69946298130124,0.2866564825983288,0.0,0.6413378350809977,0.0,0.0023272191804346756,4.2198468336746335e-07,0.8435585345575853,0.0,0.0,1.1578000331251028,scenario_009_high_et_response_june2024,smartgarden_pa1_pilot_53a065f0754a
2024-06-03T23:00,29.5,91.0,0.0,0.0,0.0,1.32,100890.0,27.9,0.36,0.0,30.2,0.157,0,0,0,1.0,29.843290641114766,89.53996810569822,0.0269268756253734,34.5552425441288,0.2865921986870552,0.0,0.4398521862107647,0.0,0.0027842633259507047,2.8927589027921226e-07,0.8431617202904643,0.0,0.0,1.1599988510262877,scenario_009_high_et_response_june2024,smartgarden_pa1_pilot_53a065f0754a
2024-06-04T00:00,29.3,90.0,0.0,0.0,0.0,1.4,100870.0,27.5,0.4,0.0,29.7,0.157,0,0,0,1.0,29.462982592985984,89.72609092622187,0.026432306358962494,34.403020832362884,0.2865426320753849,0.0,0.42267960327023246,0.0,0.0028263872940069924,2.778811897097263e-07,0.8428557535517586,0.0,0.0,1.161226434267785,scenario_009_high_et_response_june2024,smartgarden_pa1_pilot_53a065f0754a
2024-06-04T01:00,29.1,90.0,0.0,0.0,0.0,1.43,100790.0,27.2,0.42,0.0,29.2,0.157,0,0,0,1.0,29.245534015557478,89.71013304851864,0.02611722619188773,34.24902910368731,0.28649280260407073,0.0,0.4180636300220981,0.0,0.0028730305922479117,2.747462203226361e-07,0.8425481642226589,0.0,0.0,1.1611398256643197,scenario_009_high_et_response_june2024,smartgarden_pa1_pilot_53a065f0754a
2024-06-04T02:00,28.5,88.0,0.0,0.0,0.0,1.33,100750.0,26.4,0.45,0.0,28.7,0.157,0,0,0,1.0,28.801582183850584,87.42974774940767,0.024845210446516976,34.09261849553728,0.2864385531579894,0.0,0.4977788753606349,0.0,0.002778384431356726,3.2700406818837414e-07,0.8422132910986999,0.0,0.0,1.1623855273897472,scenario_009_high_et_response_june2024,smartgarden_pa1_pilot_53a065f0754a
2024-06-04T03:00,28.1,91.0,0.0,0.0,0.0,1.41,100730.0,26.4,0.36,0.0,28.4,0.157,0,0,0,1.0,28.344788802823675,90.02080002643122,0.024950690091270676,33.92966240500582,0.2863857187114942,0.0,0.38484596242674307,0.0,0.0028925967723747335,2.5271755974972023e-07,0.8418871525400877,0.0,0.0,1.1639155562972783,scenario_009_high_et_response_june2024,smartgarden_pa1_pilot_53a065f0754a
2024-06-04T04:00,27.8,92.0,0.0,0.0,0.0,1.4,100720.0,26.3,0.31,0.0,28.1,0.157,0,0,0,1.0,28.005516249909796,91.29642127041073,0.024837879311582253,33.762460041443255,0.2863439740108624,0.0,0.329094897363837,0.0,0.0028515785429477658,2.1604125175284133e-07,0.8416294692028544,0.0,0.0,1.1651111095790418,scenario_009_high_et_response_june2024,smartgarden_pa1_pilot_53a065f0754a
2024-06-04T05:00,27.8,91.0,0.0,0.0,0.0,1.2,100840.0,26.3,0.33,0.0,27.8,0.157,0,0,0,1.0,27.885638469665896,91.01385267729175,0.024598496041407143,33.59451551174469,0.2863051637589854,0.0,0.3374148629368716,0.0,0.002399684312966704,2.2144001700564318e-07,0.8413898997468234,0.0,0.0,1.1669637691944872,scenario_009_high_et_response_june2024,smartgarden_pa1_pilot_53a065f0754a
2024-06-04T06:00,27.8,92.0,26.0,14.0,12.0,1.41,100860.0,26.5,0.28,0.01,28.0,0.157,1,0,0,1.0,27.908960422510003,92.90170075706065,0.02514092654036517,33.436701978559306,0.28617129556422466,2710.1888,0.2668917696472102,22.099999999999998,0.0028141864333907246,1.2617073947399594e-06,0.8405635528655844,0.0,0.0,1.1671047993724935,scenario_009_high_et_response_june2024,smartgarden_pa1_pilot_53a065f0754a
2024-06-04T07:00,30.5,76.0,199.0,144.0,55.0,1.02,100870.0,25.8,1.04,0.14,30.5,0.157,0,0,0,1.0,29.769428045156737,90.2574620902231,0.027034318909218726,33.347294329592756,0.29357237700422184,19447.032000000003,0.40794653894430066,169.15,0.0025207878238716467,9.05168295805072e-06,0.8862492407668014,0.0,0.0,1.1600516909968819,scenario_009_high_et_response_june2024,smartgarden_pa1_pilot_53a065f0754a
2024-06-04T08:00,32.3,63.0,427.0,348.0,79.0,0.58,100910.0,24.4,1.78,0.32,32.0,0.156,0,0,0,1.0,32.222366868701975,98.6248909951885,0.03369518333733686,33.40879307774871,0.29106808804673684,40355.4096,0.06620943077517172,362.95,0.0012377238693585828,1.8534098697844655e-05,0.8707906669551657,7.241167528035701e-07,0.0,1.1511897651050103,scenario_009_high_et_response_june2024,smartgarden_pa1_pilot_53a065f0754a
2024-06-04T09:00,33.6,58.0,638.0,545.0,93.0,0.5,100910.0,24.2,2.19,0.49,33.8,0.155,0,1,0,1.0,34.22906034581702,80.03749647968597,0.030397158646560982,33.62279330815044,0.28695406393900785,59415.9632,1.0754754078387423,542.3,0.003116812726609115,2.7528968004918726e-05,0.8453954564136287,0.0,0.0,1.1436743377692675,scenario_009_high_et_response_june2024,smartgarden_pa1_pilot_53a065f0754a
2024-06-04T10:00,34.7,54.0,812.0,710.0,102.0,0.81,100880.0,24.1,2.54,0.64,35.3,0.153,0,1,0,1.0,35.84314339458816,72.07172379184381,0.029768980091560458,33.96169766786931,0.2814196002457876,75044.60479999999,1.644991752648128,690.1999999999999,0.003873584458145271,3.3795761832751774e-05,0.8112321002826396,0.0,0.0,1.1373619104136246,scenario_009_high_et_response_june2024,smartgarden_pa1_pilot_53a065f0754a
2024-06-04T11:00,35.5,52.0,925.0,818.0,107.0,0.91,100820.0,24.1,2.77,0.73,36.5,0.152,0,1,0,1.0,37.133823201149454,67.2337165100554,0.029677085631617896,34.39174930575566,0.2750595635436624,85164.5168,2.071057492160884,786.25,0.004284570827153221,3.6754426625505405e-05,0.7719726144670519,0.0,0.0,1.1319572043237425,scenario_009_high_et_response_june2024,smartgarden_pa1_pilot_53a065f0754a
2024-06-04T12:00,36.0,51.0,971.0,854.0,117.0,0.95,100750.0,24.2,2.92,0.77,37.3,0.15,0,1,0,1.0,38.01856906613018,63.54259632344958,0.029342935415113187,34.87175403119913,0.2684460050436616,89564.3408,2.417640748312654,825.35,0.004532536659389827,3.668077909396508e-05,0.7311481792818618,0.0,0.0,1.1279550185814298,scenario_009_high_et_response_june2024,smartgarden_pa1_pilot_53a065f0754a
2024-06-04T13:00,36.0,52.0,945.0,833.0,112.0,0.95,100670.0,24.4,2.87,0.75,37.7,0.148,0,1,0,1.0,38.32782829141439,61.62056674572993,0.02890588179259508,35.35669903645393,0.2620941805534863,87100.4288,2.587962235309263,803.25,0.00468486087789103,3.39110743871344e-05,0.6919393861326316,0.0,0.0,1.1259403403947243,scenario_009_high_et_response_june2024,smartgarden_pa1_pilot_53a065f0754a
2024-06-04T14:00,36.1,51.0,827.0,693.0,134.0,1.48,100590.0,24.4,2.91,0.67,37.7,0.147,0,1,0,1.0,38.271203576788004,57.35661017063783,0.026828482862620812,35.79602213671508,0.2564867200558499,77490.4416,2.86671317738444,702.9499999999999,0.005295539620955507,2.8500717908698287e-05,0.6573254324435178,0.0,0.0,1.125250146412525,scenario_009_high_et_response_june2024,smartgarden_pa1_pilot_53a065f0754a
2024-06-04T15:00,35.3,54.0,617.0,439.0,178.0,1.87,100570.0,24.4,2.65,0.51,37.2,0.146,0,1,0,1.0,37.3862045304165,56.53032671706721,0.025276753720543926,36.13611001029529,0.2520690078401715,60558.4672,2.7855446456421045,524.4499999999999,0.005858505649287059,2.0699248148263324e-05,0.6300556039516759,0.0,0.0,1.1282326361197408,scenario_009_high_et_response_june2024,smartgarden_pa1_pilot_53a065f0754a
2024-06-04T16:00,32.7,64.0,276.0,103.0,173.0,2.19,100640.0,25.1,1.77,0.25,35.6,0.15,0,1,0,1.0,34.72635956200082,61.48629095266089,0.02396617392769674,36.298001405756544,0.24936626868399148,30374.555199999995,2.13296536850164,234.6,0.00636705294004921,9.438454072642654e-06,0.6133720289135276,0.0,0.0,1.1387718794046533,scenario_009_high_et_response_june2024,smartgarden_pa1_pilot_53a065f0754a
2024-06-04T17:00,32.3,67.0,175.0,96.0,79.0,0.57,100660.0,25.5,1.57,0.14,34.4,0.15,0,1,0,1.0,33.17711099976545,68.71574147368085,0.024694002678734,36.29639218580193,0.24798204515539757,18179.4096,1.5893452942775528,148.75,0.0034094683246469228,6.0129308953823104e-06,0.6048274392308493,0.0,0.0,1.1447586657640818,scenario_009_high_et_response_june2024,smartgarden_pa1_pilot_53a065f0754a
2024-06-04T18:00,31.9,69.0,64.0,33.0,31.0,0.41,100610.0,25.5,1.46,0.05,33.5,0.15,1,1,0,1.0,32.425472403795766,69.87847769784693,0.02413284472929243,36.222912974666,0.2472093530960319,6722.6544,1.467007037670275,54.4,0.0029216023178983736,2.5962490943569734e-06,0.6000577351606907,0.0,0.0,1.147004458297506,scenario_009_high_et_response_june2024,smartgarden_pa1_pilot_53a065f0754a
2024-06-04T19:00,31.3,74.0,0.0,0.0,0.0,0.94,100760.0,26.0,1.21,0.03,32.6,0.15,0,0,0,1.0,31.67205127266991,73.55448845026426,0.02440410708829046,36.09348720884745,0.2552355488923486,0.0,1.2343087323910709,0.0,0.0021385975117593713,6.2541149645382e-07,0.649602153656473,0.0,0.0,1.151553782850628,scenario_009_high_et_response_june2024,smartgarden_pa1_pilot_53a065f0754a
2024-06-04T20:00,30.9,77.0,0.0,0.0,0.0,0.92,100750.0,26.5,1.02,0.0,32.0,0.15,0,0,0,1.0,31.13090470876195,76.71728855350229,0.0247274231470395,35.9374911757745,0.2551314756923774,0.0,1.053817911091668,0.0,0.0019932475665312616,5.33430599019864e-07,0.6489597264961566,0.0,0.0,1.153487266770431,scenario_009_high_et_response_june2024,smartgarden_pa1_pilot_53a065f0754a
2024-06-04T21:00,30.6,80.0,0.0,0.0,0.0,1.08,100780.0,26.9,0.86,0.0,31.5,0.15,0,0,0,1.0,30.783048971891283,79.67657641593166,0.02520633021643735,35.77632220581617,0.25504259176584654,0.0,0.9018316183997839,0.0,0.0022436860945947794,4.561109247890058e-07,0.6484110602830033,0.0,0.0,1.1551513127635413,scenario_009_high_et_response_june2024,smartgarden_pa1_pilot_53a065f0754a
2024-06-04T22:00,30.4,82.0,0.0,0.0,0.0,1.06,100830.0,27.1,0.77,0.0,31.2,0.15,0,0,0,1.0,30.543000794411437,81.83326978440016,0.025556532019453588,35.61313044727443,0.25496564558119245,0.0,0.7951613656481338,0.0,0.0021773199813342535,4.0186671819415805e-07,0.6479360838345213,0.0,0.0,1.1566379379017508,scenario_009_high_et_response_june2024,smartgarden_pa1_pilot_53a065f0754a
2024-06-04T23:00,30.2,84.0,0.0,0.0,0.0,1.03,100850.0,27.2,0.68,0.0,30.9,0.15,0,0,0,1.0,30.3423907943675,83.76908510824788,0.025879867495009992,35.44973180351177,0.25489758611361446,0.0,0.7023293032504725,0.0,0.002121465622523169,3.547201597710395e-07,0.6475159636642868,0.0,0.0,1.15763205643223,scenario_009_high_et_response_june2024,smartgarden_pa1_pilot_53a065f0754a
2024-06-05T00:00,30.0,85.0,0.0,0.0,0.0,0.89,100830.0,27.2,0.62,0.0,30.7,0.15,0,0,0,1.0,30.145602321392385,84.88961451277571,0.025949048383183376,35.28647356475504,0.254836462584888,0.0,0.6465174285654469,0.0,0.0018679765814101634,3.263414084198642e-07,0.6471386579314075,0.0,0.0,1.1581534433915766,scenario_009_high_et_response_june2024,smartgarden_pa1_pilot_53a065f0754a
2024-06-05T01:00,29.8,86.0,0.0,0.0,0.0,0.81,100770.0,27.2,0.59,0.0,30.5,0.149,0,0,0,1.0,29.94863648822054,85.87750828830004,0.02597309588212683,35.12337747925087,0.2547799776142456,0.0,0.5974633921658108,0.0,0.001726980342871602,3.014180041237198e-07,0.6467899852731209,0.0,0.0,1.158216438856734,scenario_009_high_et_response_june2024,smartgarden_pa1_pilot_53a065f0754a
2024-06-05T02:00,29.6,89.0,0.0,0.0,0.0,0.81,100750.0,27.6,0.45,0.0,30.3,0.149,0,0,0,1.0,29.75229712079467,88.44595348302784,0.026467160184053873,34.96043838376908,0.2547305654215482,0.0,0.48332333287651386,0.0,0.001730547496337033,2.437197915320733e-07,0.6464849717379519,0.0,0.0,1.1587371652152723,scenario_009_high_et_response_june2024,smartgarden_pa1_pilot_53a065f0754a
2024-06-05T03:00,29.5,89.0,0.0,0.0,0.0,0.85,100720.0,27.5,0.46,0.0,30.2,0.149,0,0,0,1.0,29.614226316822624,88.9655264462369,0.026424185374738243,34.79817440280607,0.2546884685879416,0.0,0.45793911119184694,0.0,0.0017670510636633035,2.3082676864576605e-07,0.6462251147403801,0.0,0.0,1.158920398100829,scenario_009_high_et_response_june2024,smartgarden_pa1_pilot_53a065f0754a
2024-06-05T04:00,29.4,89.0,0.0,0.0,0.0,0.95,100730.0,27.4,0.44,0.0,30.1,0.149,0,0,0,1.0,29.509082922319923,88.94637779628519,0.0262682546860345,34.63785448944033,0.2546470349261945,0.0,0.45596655207759706,0.0,0.001946831024013164,2.297415259650853e-07,0.6459693513962624,0.0,0.0,1.1594381091818555,scenario_009_high_et_response_june2024,smartgarden_pa1_pilot_53a065f0754a
2024-06-05T05:00,29.2,89.0,0.0,0.0,0.0,1.02,100760.0,27.3,0.43,0.0,29.9,0.149,0,0,0,1.0,29.347620751383104,88.7886961688897,0.025992800404432675,34.479192708791786,0.25460553534557046,0.0,0.4581895544031158,0.0,0.0021074609628791087,2.3077004709819333e-07,0.6457131811454967,0.0,0.0,1.160402469835711,scenario_009_high_et_response_june2024,smartgarden_pa1_pilot_53a065f0754a
2024-06-05T06:00,29.2,89.0,25.0,13.0,12.0,1.17,100760.0,27.2,0.43,0.02,29.9,0.149,1,0,0,1.0,29.3162853117509,89.79163429294539,0.026241688319885728,34.32821167618719,0.25449376713560073,2622.1888,0.4164480133870634,21.25,0.002363798681250313,1.011367081627813e-06,0.6450232539234614,0.0,0.0,1.160522687272524,scenario_009_high_et_response_june2024,smartgarden_pa1_pilot_53a065f0754a
2024-06-05T07:00,30.2,83.0,185.0,123.0,62.0,0.98,100870.0,26.9,0.74,0.13,30.9,0.149,0,0,0,1.0,30.198634924276945,92.7839383757818,0.02844350397963854,34.23322615884035,0.26213970369804745,18461.308800000003,0.309687928574752,157.25,0.0019121704413837695,6.535032318331505e-06,0.6922203931978238,0.0,0.0,1.1584103380828163,scenario_009_high_et_response_june2024,smartgarden_pa1_pilot_53a065f0754a
2024-06-05T08:00,32.0,69.0,414.0,327.0,87.0,0.64,100910.0,25.6,1.47,0.31,32.3,0.148,0,0,0,1.0,32.180862221410855,94.88451092116317,0.032345850711106586,34.265549153506655,0.26027346044809974,39492.8688,0.24572697010722333,351.9,0.0014651047037175886,1.4143467809830776e-05,0.6807003731364182,0.0,0.0,1.1513462501875142,scenario_009_high_et_response_june2024,smartgarden_pa1_pilot_53a065f0754a
2024-06-05T09:00,33.4,62.0,624.0,526.0,98.0,0.64,100870.0,25.0,1.96,0.48,34.0,0.147,0,1,0,1.0,34.2704429035911,75.19862795513018,0.028621327877142985,34.44884110481029,0.2570823571780726,58359.875199999995,1.3392449538537763,530.4,0.0034800893756655312,2.120033102797629e-05,0.6610022048029173,0.0,0.0,1.1430671019161671,scenario_009_high_et_response_june2024,smartgarden_pa1_pilot_53a065f0754a
2024-06-05T10:00,34.5,57.0,795.0,683.0,112.0,0.63,100840.0,24.7,2.37,0.62,35.5,0.146,0,1,0,1.0,36.016102170248,68.63596035972392,0.028604291138547813,34.75998448385536,0.25282273169452313,73900.4288,1.8649837196970642,675.75,0.003915867805572937,2.6014190661902033e-05,0.6347082203365625,0.0,0.0,1.1362749048632172,scenario_009_high_et_response_june2024,smartgarden_pa1_pilot_53a065f0754a
2024-06-05T11:00,35.4,54.0,905.0,782.0,123.0,1.03,100800.0,24.7,2.63,0.72,36.7,0.145,0,1,0,1.0,37.40485125807464,62.48423021661808,0.02796558875972183,35.163951245511605,0.24792362055753375,83967.43519999999,2.4064532466636637,769.25,0.00462210135114481,2.833629017631125e-05,0.6044667935650232,0.0,0.0,1.13074496618655,scenario_009_high_et_response_june2024,smartgarden_pa1_pilot_53a065f0754a
2024-06-05T12:00,35.5,54.0,831.0,696.0,135.0,1.62,100740.0,24.8,2.64,0.67,37.2,0.143,0,1,0,1.0,37.819364185216905,57.891384670973046,0.026463658397742843,35.58655286071946,0.24312627936900508,77877.624,2.7624613865442993,706.35,0.005559747437488953,2.4992446113804332e-05,0.5748535763518832,0.0,0.0,1.1285655514204511,scenario_009_high_et_response_june2024,smartgarden_pa1_pilot_53a065f0754a
2024-06-05T13:00,35.1,56.0,805.0,547.0,258.0,1.48,100700.0,24.9,2.5,0.65,37.3,0.142,0,1,0,1.0,37.582143167523796,58.69227297333341,0.026507294203376927,35.97416995800385,0.23880057465265903,79917.0592,2.6753071719623116,684.25,0.005422789579056063,2.308560850410523e-05,0.5481516953867841,0.0,0.0,1.128978675475733,scenario_009_high_et_response_june2024,smartgarden_pa1_pilot_53a065f0754a
2024-06-05T14:00,35.2,54.0,550.0,255.0,295.0,1.24,100620.0,24.6,2.59,0.46,37.1,0.141,0,1,0,1.0,37.083299160895514,56.512731233920704,0.024880376655424932,36.275668175128054,0.23533750847936089,58778.808000000005,2.7411506400197987,467.5,0.004836113968674467,1.553292653391308e-05,0.5267747436997585,0.0,0.0,1.1298956858532214,scenario_009_high_et_response_june2024,smartgarden_pa1_pilot_53a065f0754a
2024-06-05T15:00,34.0,59.0,452.0,267.0,185.0,1.0,100640.0,24.9,2.16,0.37,36.5,0.144,0,1,0,1.0,35.96381304474321,59.81130431326431,0.02485937169729689,36.468107134877954,0.23282191988231205,46284.744000000006,2.3828730416689523,384.2,0.004570083559735044,1.2440844681564238e-05,0.5112464190266176,0.0,0.0,1.134213114416644,scenario_009_high_et_response_june2024,smartgarden_pa1_pilot_53a065f0754a
2024-06-05T16:00,31.1,80.0,284.0,151.0,133.0,1.0,100700.0,27.2,0.92,0.22,35.0,0.157,0,1,0,1.0,33.34673734792814,75.12304149814679,0.027239061815710078,36.552052737805845,0.23102443070638384,29671.259199999997,1.2758917383614938,241.4,0.004719333529604879,7.5608275392134715e-06,0.50015080682953,0.0,0.0,1.1445797643933002,scenario_009_high_et_response_june2024,smartgarden_pa1_pilot_53a065f0754a
2024-06-05T17:00,30.7,80.0,153.0,74.0,79.0,1.63,100770.0,26.9,0.87,0.13,33.6,0.172,0,1,0,1.0,31.655044016124123,78.71019766983557,0.026090989402362433,36.508121110489846,0.22997761755375104,16243.409599999999,0.9927160177955945,130.04999999999998,0.005024638250946208,4.1382213851604784e-06,0.4936889972453768,0.0,0.0,1.1517323294595736,scenario_009_high_et_response_june2024,smartgarden_pa1_pilot_53a065f0754a
2024-06-05T18:00,30.0,83.0,44.0,18.0,26.0,1.66,100810.0,26.7,0.74,0.05,32.3,0.178,1,1,0,1.0,30.62694182651273,81.24032564550328,0.025486224890343395,36.381900136324134,0.2294808381137912,4786.7424,0.8250602456190226,37.4,0.004928733725731303,1.389171481270226e-06,0.49062245749253824,0.0,0.0,1.1560889704454094,scenario_009_high_et_response_june2024,smartgarden_pa1_pilot_53a065f0754a
2024-06-05T19:00,29.7,81.0,0.0,0.0,0.0,1.51,100900.0,26.0,0.81,0.03,31.3,0.178,0,0,0,1.0,29.979547796975137,80.53282819549722,0.02439737819318424,36.203394305768775,0.23764656947958154,0.0,0.8250362788514938,0.0,0.0030963068890613875,3.481669607362693e-07,0.5410282066640836,0.0,0.0,1.1595923548310134,scenario_009_high_et_response_june2024,smartgarden_pa1_pilot_53a065f0754a
2024-06-05T20:00,29.6,80.0,0.0,0.0,0.0,1.4,100990.0,25.8,0.83,0.01,30.9,0.178,0,0,0,1.0,29.7308957934228,79.98461216170956,0.023907400892856166,36.009855900824775,0.2375836170787015,0.0,0.8362449672919858,0.0,0.0028076051342967403,3.526435803669641e-07,0.5406396115969228,0.0,0.0,1.1615795029086182,scenario_009_high_et_response_june2024,smartgarden_pa1_pilot_53a065f0754a
2024-06-05T21:00,29.5,81.0,0.0,0.0,0.0,1.17,101070.0,25.8,0.8,0.0,30.5,0.179,0,0,0,1.0,29.61696885906403,80.89562050693071,0.02403086729325611,35.818206884247275,0.23752161822690318,0.0,0.7929714827411387,0.0,0.002364193212602231,3.3415848737214333e-07,0.5402569026352049,0.0,0.0,1.1629370891883513,scenario_009_high_et_response_june2024,smartgarden_pa1_pilot_53a065f0754a
2024-06-05T22:00,29.3,81.0,0.0,0.0,0.0,1.12,101060.0,25.7,0.77,0.0,30.2,0.179,0,0,0,1.0,29.45570001901344,80.9059164746519,0.023824560579181555,35.6290402539636,0.23746186510914208,0.0,0.7852216134383703,0.0,0.0022981520221789257,3.306667810589946e-07,0.5398880562292722,0.0,0.0,1.1634417339423277,scenario_009_high_et_response_june2024,smartgarden_pa1_pilot_53a065f0754a
2024-06-05T23:00,28.6,86.0,0.0,0.0,0.0,1.32,101060.0,26.1,0.54,0.0,29.9,0.179,0,0,0,1.0,28.96021201988222,84.50173829105037,0.024221765321697498,35.43843036503748,0.23740777999689117,0.0,0.6193843821978566,0.0,0.0027948366913228264,2.606693257646622e-07,0.5395541975116739,0.0,0.0,1.1653498833325868,scenario_009_high_et_response_june2024,smartgarden_pa1_pilot_53a065f0754a
2024-06-06T00:00,28.1,89.0,0.0,0.0,0.0,1.24,101030.0,26.1,0.42,0.0,29.5,0.178,0,0,0,1.0,28.411304415386446,87.71820339745841,0.02440117982382357,35.24047769084929,0.23736665121110223,0.0,0.4754778789968199,0.0,0.0026216876408606325,2.0001178895104738e-07,0.5393003161179151,0.0,0.0,1.1671245075826537,scenario_009_high_et_response_june2024,smartgarden_pa1_pilot_53a065f0754a
2024-06-06T01:00,27.9,90.0,0.0,0.0,0.0,1.17,100930.0,26.2,0.37,0.0,29.2,0.178,0,0,0,1.0,28.09418615047945,89.30442552244641,0.02441446741509763,35.03815679278195,0.2373336717233507,0.0,0.40650769351138427,0.0,0.002417900435271304,1.7093463813178377e-07,0.5390967390330291,0.0,0.0,1.1671966919961656,scenario_009_high_et_response_june2024,smartgarden_pa1_pilot_53a065f0754a
2024-06-06T02:00,27.7,92.0,0.0,0.0,0.0,1.17,100860.0,26.3,0.3,0.0,28.8,0.178,0,0,0,1.0,27.88437374070355,91.1824312720368,0.024642345351689264,34.83603213196991,0.2373056910935503,0.0,0.33106061621114424,0.0,0.0024112810597892546,1.391648839252657e-07,0.5389240190959895,0.0,0.0,1.1672001214912946,scenario_009_high_et_response_june2024,smartgarden_pa1_pilot_53a065f0754a
2024-06-06T03:00,27.5,92.0,0.0,0.0,0.0,1.12,100840.0,26.1,0.28,0.0,28.5,0.178,0,0,0,1.0,27.6845412071367,91.40027736569662,0.02443123141586101,34.63501966002335,0.23728132865739815,0.0,0.319140332324928,0.0,0.0023194499798463828,1.34116629272327e-07,0.5387736336876429,0.0,0.0,1.1677438432462037,scenario_009_high_et_response_june2024,smartgarden_pa1_pilot_53a065f0754a
2024-06-06T04:00,27.5,92.0,0.0,0.0,0.0,1.02,100860.0,26.1,0.3,0.0,28.3,0.178,0,0,0,1.0,27.605139249133057,91.69964995870264,0.024404332195336963,34.43620270330239,0.23725775129110793,0.0,0.3066058384625112,0.0,0.0020745470719742017,1.2881428442982385e-07,0.5386280943895552,0.0,0.0,1.1682838021668747,scenario_009_high_et_response_june2024,smartgarden_pa1_pilot_53a065f0754a
2024-06-06T05:00,27.9,91.0,0.0,0.0,0.0,1.1,100920.0,26.2,0.35,0.0,28.2,0.178,0,0,0,1.0,27.832940263684552,91.44000354002877,0.024642191090004414,34.24426940754416,0.23723435594451667,0.0,0.3204278514234553,0.0,0.002196036996028935,1.3458523118256864e-07,0.538483678669856,0.0,0.0,1.1680940458403422,scenario_009_high_et_response_june2024,smartgarden_pa1_pilot_53a065f0754a
2024-06-06T06:00,28.1,91.0,21.0,8.0,13.0,1.2,100950.0,26.4,0.36,0.02,28.4,0.178,1,0,0,1.0,28.12980824717633,91.72299791627219,0.02512471729699552,34.069309099488976,0.23715958019049116,2305.3712,0.31523740150354085,17.849999999999998,0.0023609286580807635,6.941077845260479e-07,0.5380220999413035,0.0,0.0,1.1672899484261656,scenario_009_high_et_response_june2024,smartgarden_pa1_pilot_53a065f0754a
2024-06-06T07:00,29.3,87.0,167.0,87.0,80.0,1.1,100970.0,26.9,0.54,0.12,30.5,0.178,0,0,0,1.0,29.227483047718014,94.01929681417916,0.027344893816475462,33.952298267129116,0.24497611419276613,17510.592,0.24273513599367735,141.95,0.0021998870931604197,4.979450164575219e-06,0.5862723098318897,0.0,0.0,1.1632829354821925,scenario_009_high_et_response_june2024,smartgarden_pa1_pilot_53a065f0754a
2024-06-06T08:00,30.1,80.0,359.0,210.0,149.0,0.85,101030.0,26.3,0.86,0.26,30.9,0.178,0,1,0,1.0,30.659508133535397,88.4272235812702,0.027789493450663144,33.949264263074646,0.24358331920146453,36834.177599999995,0.5099237863271728,305.15,0.00352867191933327,1.0541996590371965e-05,0.5776748098855835,0.0,0.0,1.1584877349101645,scenario_009_high_et_response_june2024,smartgarden_pa1_pilot_53a065f0754a
2024-06-06T09:00,32.0,65.0,551.0,405.0,146.0,0.92,101010.0,24.6,1.66,0.42,32.3,0.176,0,1,0,1.0,32.69897507661981,75.21194253656589,0.026354063554331553,34.074225674471116,0.24119625013715895,53624.6304,1.2259761243540526,468.34999999999997,0.003732185126682549,1.596201006919594e-05,0.562939815661475,0.0,0.0,1.1505348826520085,scenario_009_high_et_response_june2024,smartgarden_pa1_pilot_53a065f0754a
2024-06-06T10:00,33.6,56.0,779.0,643.0,136.0,0.61,100980.0,23.6,2.28,0.6,34.2,0.174,0,1,0,1.0,35.024085857195175,66.37406729893338,0.0262755716023209,34.34568118074069,0.237788072539881,73336.8064,1.8931974130849207,662.15,0.003840440253695663,2.1791204592701452e-05,0.5419016823449444,0.0,0.0,1.1415151999602833,scenario_009_high_et_response_june2024,smartgarden_pa1_pilot_53a065f0754a
2024-06-06T11:00,34.5,53.0,914.0,794.0,120.0,0.92,100920.0,23.5,2.57,0.71,35.6,0.172,0,1,0,1.0,36.72645937752791,59.558842080054745,0.0257460034536406,34.74185676203782,0.23361580584336955,84653.888,2.5000428348245216,776.9,0.004608084608651088,2.446468586011825e-05,0.5161469496504293,0.0,0.0,1.1345695027230116,scenario_009_high_et_response_june2024,smartgarden_pa1_pilot_53a065f0754a
2024-06-06T12:00,35.0,52.0,952.0,811.0,141.0,1.48,100830.0,23.6,2.7,0.76,36.5,0.169,0,1,0,1.0,37.650620917089995,55.18218956287678,0.025009228013143526,35.19684751918269,0.22922728877674756,88736.7184,2.9134366274078918,809.1999999999999,0.005488845478260138,2.426246738198211e-05,0.48905733812807134,0.0,0.0,1.1301870799278315,scenario_009_high_et_response_june2024,smartgarden_pa1_pilot_53a065f0754a
2024-06-06T13:00,35.1,52.0,862.0,700.0,162.0,1.32,100730.0,23.7,2.72,0.69,36.8,0.167,0,1,0,1.0,37.84366754062319,53.81536937684623,0.02463087020555986,35.63910947076974,0.22515952447964416,81555.54879999999,3.0338503600635858,732.6999999999999,0.005312964588546238,2.098405361179314e-05,0.4639476819731121,0.0,0.0,1.1283653381280863,scenario_009_high_et_response_june2024,smartgarden_pa1_pilot_53a065f0754a
2024-06-06T14:00,34.5,55.0,726.0,441.0,285.0,1.0,100690.0,24.1,2.48,0.58,36.6,0.165,0,1,0,1.0,37.23419307332124,55.49813047455405,0.024623120429249894,36.01091474935213,0.22174971229407064,73914.984,2.828227188117198,617.1,0.004933216498276799,1.696586929700001e-05,0.4428994586053744,0.0,0.0,1.1301320560540167,scenario_009_high_et_response_june2024,smartgarden_pa1_pilot_53a065f0754a
2024-06-06T15:00,34.3,56.0,551.0,389.0,162.0,0.8,100680.0,24.3,2.38,0.44,36.2,0.164,0,1,0,1.0,36.463695934344834,56.73771475592183,0.02419745987778604,36.28156533227274,0.21909926989772802,54187.5488,2.6363269200934925,468.34999999999997,0.004452035347753877,1.2563616455651226e-05,0.42653870307239516,0.0,0.0,1.1328319572226169,scenario_009_high_et_response_june2024,smartgarden_pa1_pilot_53a065f0754a
2024-06-06T16:00,31.5,70.0,320.0,143.0,177.0,0.45,100690.0,25.4,1.38,0.25,34.9,0.172,0,1,0,1.0,33.98749353361723,65.74027956562436,0.02465334243665195,36.41656441803868,0.21732341999259552,34387.2848,1.821095064617443,272.0,0.004359348382282285,7.202963520184522e-06,0.41557666662096004,0.0,0.0,1.1420784947124207,scenario_009_high_et_response_june2024,smartgarden_pa1_pilot_53a065f0754a
2024-06-06T17:00,30.4,76.0,152.0,65.0,87.0,0.71,100710.0,25.8,1.03,0.12,33.3,0.174,0,1,0,1.0,31.744754170540464,73.48495157362221,0.02447578867398746,36.393943442740294,0.21636554450779558,16436.8688,1.2426601306845058,129.2,0.0038994115159482453,3.4933982416259562e-06,0.40966385498639246,0.0,0.0,1.1507078943088405,scenario_009_high_et_response_june2024,smartgarden_pa1_pilot_53a065f0754a
2024-06-06T18:00,30.1,76.0,32.0,8.0,24.0,0.64,100820.0,25.4,1.03,0.04,32.3,0.174,1,1,0,1.0,30.628912060535193,75.13367169935358,0.02357298069875165,36.267164904741676,0.21596363987496922,3660.3776,1.093757083611663,27.2,0.0032024193501501647,9.952897438321912e-07,0.40718296219116806,0.0,0.0,1.1561961515869308,scenario_009_high_et_response_june2024,smartgarden_pa1_pilot_53a065f0754a
2024-06-06T19:00,29.7,76.0,0.0,0.0,0.0,0.73,100910.0,25.1,0.99,0.02,31.4,0.173,0,0,0,1.0,30.012291735705773,75.87201248326168,0.023026110411240096,36.08991000825439,0.22416470347609774,0.0,1.0244882111800568,0.0,0.001746622969768608,3.6583379154075825e-07,0.45780681158085024,0.0,0.0,1.159582022132267,scenario_009_high_et_response_june2024,smartgarden_pa1_pilot_53a065f0754a
2024-06-06T20:00,29.4,78.0,0.0,0.0,0.0,0.7,100970.0,25.1,0.91,0.0,30.9,0.173,0,0,0,1.0,29.620478555193827,77.65313280778858,0.0230720433288814,35.89888012495226,0.2241017377280249,0.0,0.9277457164926588,0.0,0.001608523088223514,3.3100681737181045e-07,0.4574181341236106,0.0,0.0,1.1617729964361225,scenario_009_high_et_response_june2024,smartgarden_pa1_pilot_53a065f0754a
2024-06-06T21:00,28.8,86.0,0.0,0.0,0.0,0.85,101020.0,26.2,0.56,0.0,30.5,0.173,0,0,0,1.0,29.137160411233268,84.15990214345518,0.024357372126992162,35.704195847270114,0.22405059287597778,0.0,0.6395499598317951,0.0,0.001963776592727858,2.2802507336725134e-07,0.4571024251603567,0.0,0.0,1.164206747341312,scenario_009_high_et_response_june2024,smartgarden_pa1_pilot_53a065f0754a
2024-06-06T22:00,28.9,85.0,0.0,0.0,0.0,0.89,101050.0,26.1,0.6,0.0,29.9,0.173,0,0,0,1.0,28.97379160118883,85.14340123239312,0.024423759940760223,35.50632635546538,0.22401234433686013,0.0,0.5942067130378614,0.0,0.001804115859219728,2.1174896817933942e-07,0.45686632306703784,0.0,0.0,1.1651821967706968,scenario_009_high_et_response_june2024,smartgarden_pa1_pilot_53a065f0754a
2024-06-06T23:00,28.6,87.0,0.0,0.0,0.0,0.72,101010.0,26.3,0.49,0.0,29.5,0.173,0,0,0,1.0,28.806003555702155,86.35100384653798,0.024544580585141352,35.31178066354342,0.22397551051730125,0.0,0.540635189488182,0.0,0.001627765952758287,1.9256256811040002e-07,0.4566389538105015,0.0,0.0,1.1653681678963617,scenario_009_high_et_response_june2024,smartgarden_pa1_pilot_53a065f0754a
2024-06-07T00:00,28.4,88.0,0.0,0.0,0.0,0.63,100950.0,26.2,0.48,0.0,29.2,0.173,0,0,0,1.0,28.582953575458536,87.54071805190333,0.0245814993115197,35.117705964622054,0.22394270637515146,0.0,0.4871758225241356,0.0,0.0014533258362875753,1.7344454976802805e-07,0.4564364591058732,0.0,0.0,1.1655369016322634,scenario_009_high_et_response_june2024,smartgarden_pa1_pilot_53a065f0754a
2024-06-07T01:00,28.4,87.0,0.0,0.0,0.0,0.67,100840.0,26.0,0.51,0.0,28.9,0.173,0,0,0,1.0,28.49919764381309,87.15762692008957,0.024362109687801232,34.92541773894499,0.22391143182757034,0.0,0.4997222185446635,0.0,0.0014261661280641122,1.7783607442700716e-07,0.4562434063430268,0.0,0.0,1.164590146681716,scenario_009_high_et_response_june2024,smartgarden_pa1_pilot_53a065f0754a
2024-06-07T02:00,28.6,85.0,0.0,0.0,0.0,0.67,100780.0,25.8,0.59,0.0,28.6,0.173,0,0,0,1.0,28.604583056091116,85.71421026069844,0.024097082743026983,34.7387167340392,0.2238777328201924,0.0,0.5592956929674671,0.0,0.0013122671738033135,1.9894573001590877e-07,0.4560353877789655,0.0,0.0,1.1634907312968448,scenario_009_high_et_response_june2024,smartgarden_pa1_pilot_53a065f0754a
2024-06-07T03:00,28.5,84.0,0.0,0.0,0.0,0.76,100740.0,25.6,0.61,0.0,28.5,0.173,0,0,0,1.0,28.610544756472105,84.23394189071944,0.023688646754547935,34.559209557248565,0.22383988202015026,0.0,0.6174622488348627,0.0,0.0016001884754371764,2.1952348699119188e-07,0.4558017408651251,0.0,0.0,1.1630059597412934,scenario_009_high_et_response_june2024,smartgarden_pa1_pilot_53a065f0754a
2024-06-07T04:00,28.6,84.0,0.0,0.0,0.0,0.95,100710.0,25.6,0.63,0.0,28.3,0.173,0,0,0,1.0,28.63833419612036,84.18443384687873,0.023710698551975024,34.384407339846135,0.22380018177695704,0.0,0.6203995153202349,0.0,0.0018862840847439235,2.2044917076466738e-07,0.4555566776355373,0.0,0.0,1.1625525601973532,scenario_009_high_et_response_june2024,smartgarden_pa1_pilot_53a065f0754a
2024-06-07T05:00,28.1,88.0,0.0,0.0,0.0,1.0,100740.0,25.9,0.46,0.0,28.1,0.173,0,0,0,1.0,28.370430792909705,86.8230967536008,0.024098205245989445,34.2129239286205,0.2237634154017251,0.0,0.5089220107503047,0.0,0.002166647814885436,1.8074730885878786e-07,0.4553297247020068,0.0,0.0,1.1639321124729867,scenario_009_high_et_response_june2024,smartgarden_pa1_pilot_53a065f0754a
2024-06-07T06:00,28.4,87.0,24.0,8.0,16.0,1.14,100800.0,25.9,0.52,0.02,28.2,0.173,1,0,0,1.0,28.429102305595922,87.85312053846496,0.02446252566426904,34.04749382244477,0.22368403893599761,2674.9184,0.47074072665098976,20.4,0.002244479403884777,7.098127958681629e-07,0.45483974651850384,0.0,0.0,1.1643987666925448,scenario_009_high_et_response_june2024,smartgarden_pa1_pilot_53a065f0754a
2024-06-07T07:00,29.5,80.0,180.0,115.0,65.0,1.02,100850.0,25.7,0.82,0.13,30.1,0.172,0,0,0,1.0,29.516936831396187,87.18994031914909,0.025760507770407556,33.94153524353815,0.23152218988647136,18126.855999999996,0.5286593026474593,153.0,0.002002939329405452,4.71160729964376e-06,0.5032233943609343,0.0,0.0,1.160789229721947,scenario_009_high_et_response_june2024,smartgarden_pa1_pilot_53a065f0754a
2024-06-07T08:00,31.0,69.0,375.0,279.0,96.0,0.8,100890.0,24.7,1.39,0.28,31.2,0.172,0,0,0,1.0,31.3988642070835,82.4109590766346,0.026946383531585343,33.955934871642434,0.23023720579281792,36377.5104,0.8083256634260483,318.75,0.0019328597969139661,9.547914969129747e-06,0.4952913937828267,0.0,0.0,1.1540738131710042,scenario_009_high_et_response_june2024,smartgarden_pa1_pilot_53a065f0754a
2024-06-07T09:00,32.5,62.0,610.0,488.0,122.0,0.51,100860.0,24.2,1.88,0.46,33.0,0.17,0,1,0,1.0,33.57585328155846,70.27936646608704,0.025791976284050503,34.11790964714614,0.2280000337323063,57972.252799999995,1.5439631626070667,518.5,0.003504770585454121,1.5184267176625207e-05,0.4814816897055944,0.0,0.0,1.1455420332001423,scenario_009_high_et_response_june2024,smartgarden_pa1_pilot_53a065f0754a
2024-06-07T10:00,33.6,57.0,740.0,586.0,154.0,0.2,100820.0,23.9,2.23,0.57,34.4,0.168,0,1,0,1.0,35.384085813588534,63.529652520412775,0.025624275873679877,34.40757883668987,0.22502580619471296,70538.08959999999,2.094545882650366,629.0,0.003818332997480519,1.779790229963414e-05,0.46312226046119115,0.0,0.0,1.1383766825356922,scenario_009_high_et_response_june2024,smartgarden_pa1_pilot_53a065f0754a
2024-06-07T11:00,34.4,54.0,878.0,697.0,181.0,0.22,100750.0,23.9,2.48,0.68,35.7,0.166,0,1,0,1.0,36.79022627068497,58.827752555560316,0.02551335313951454,34.78793846538284,0.22160146616667786,83632.0144,2.5541094777186615,746.3,0.00419116780156182,2.0176919862518565e-05,0.4419843590535671,0.0,0.0,1.1324252851142118,scenario_009_high_et_response_june2024,smartgarden_pa1_pilot_53a065f0754a
2024-06-07T12:00,34.9,53.0,933.0,750.0,183.0,0.61,100690.0,24.0,2.61,0.73,36.5,0.164,0,1,0,1.0,37.730943698836455,55.532195280298566,0.025271119214306952,35.22993468697014,0.21794575701232016,88542.3792,2.903294765176173,793.05,0.004624647609756459,2.04080512304083e-05,0.41941825316247017,0.0,0.0,1.1283262399783185,scenario_009_high_et_response_june2024,smartgarden_pa1_pilot_53a065f0754a
2024-06-07T13:00,35.0,54.0,892.0,651.0,241.0,1.12,100590.0,24.2,2.61,0.71,36.8,0.162,0,1,0,1.0,38.00445748303955,54.06837628211344,0.024949983581760656,35.67661936113792,0.21443766941411802,86974.95839999999,3.0435922335320815,758.1999999999999,0.005179885069760229,1.8586966962342223e-05,0.397763391445173,0.0,0.0,1.126214799413075,scenario_009_high_et_response_june2024,smartgarden_pa1_pilot_53a065f0754a
2024-06-07T14:00,34.5,55.0,742.0,464.0,278.0,1.02,100470.0,24.3,2.43,0.59,36.6,0.16,0,1,0,1.0,37.42417518738787,53.96089830950248,0.024174718204011972,36.062302320845255,0.21143246441445693,75076.7072,2.956283887962337,630.6999999999999,0.005038382907513775,1.4865841624164687e-05,0.37921274329911686,0.0,0.0,1.1269729979091654,scenario_009_high_et_response_june2024,smartgarden_pa1_pilot_53a065f0754a
2024-06-07T15:00,33.9,58.0,466.0,159.0,307.0,1.22,100510.0,24.5,2.22,0.38,35.9,0.159,0,1,0,1.0,36.14355096798864,56.10734163363392,0.02353722737207922,36.314831288440004,0.2092718592574415,51808.99679999999,2.628270528311609,396.09999999999997,0.00497676428288389,9.22808004316857e-06,0.3658756744286512,0.0,0.0,1.1320897468886644,scenario_009_high_et_response_june2024,smartgarden_pa1_pilot_53a065f0754a
2024-06-07T16:00,32.3,64.0,335.0,146.0,189.0,0.98,100520.0,24.7,1.72,0.27,35.0,0.161,0,1,0,1.0,34.33689113179351,61.2478358205758,0.02339267805552185,36.42933562711049,0.2078557076866654,36129.473600000005,2.1003103308613893,284.75,0.0045887602660453185,6.534165434029749e-06,0.3571339980658358,0.0,0.0,1.138854712397935,scenario_009_high_et_response_june2024,smartgarden_pa1_pilot_53a065f0754a
2024-06-07T17:00,32.0,66.0,200.0,110.0,90.0,1.63,100570.0,24.7,1.63,0.18,34.0,0.16,0,1,0,1.0,33.11017860870128,64.4590751338663,0.023082639401598513,36.441189419084004,0.20691193053372892,20766.415999999997,1.7988392661162482,170.0,0.005091263355743738,3.986678846509164e-06,0.3513082131711662,0.0,0.0,1.143985098681767,scenario_009_high_et_response_june2024,smartgarden_pa1_pilot_53a065f0754a
2024-06-07T18:00,31.5,68.0,52.0,16.0,36.0,1.51,100570.0,24.8,1.48,0.07,33.0,0.16,1,1,0,1.0,32.1411806998823,66.63384190203332,0.022667408548427737,36.36312142811334,0.2064339562510415,5842.5664,1.5991867592958569,44.199999999999996,0.0046689203910493735,1.3352781509578322e-06,0.3483577546360586,0.0,0.0,1.147616121254386,scenario_009_high_et_response_june2024,smartgarden_pa1_pilot_53a065f0754a
2024-06-07T19:00,30.9,73.0,0.0,0.0,0.0,1.41,100660.0,25.5,1.2,0.04,32.2,0.16,0,0,0,1.0,31.28857363427035,71.77463538750261,0.023330490986937704,36.21898988722253,0.21459419069290697,0.0,1.2890323843127978,0.0,0.002971356042566179,4.0090075827453126e-07,0.39872957217843813,0.0,0.0,1.1518599981903956,scenario_009_high_et_response_june2024,smartgarden_pa1_pilot_53a065f0754a
2024-06-07T20:00,30.4,77.0,0.0,0.0,0.0,1.22,100740.0,25.9,0.99,0.01,31.5,0.159,0,0,0,1.0,30.686754510212772,76.0336169295127,0.02392966676171018,36.050395664628084,0.21452883246079327,0.0,1.0576586139349304,0.0,0.002568682286343227,3.2860858573747604e-07,0.398326126301193,0.0,0.0,1.155058783234732,scenario_009_high_et_response_june2024,smartgarden_pa1_pilot_53a065f0754a
2024-06-07T21:00,29.8,82.0,0.0,0.0,0.0,1.12,100750.0,26.4,0.74,0.0,30.7,0.159,0,0,0,1.0,30.12681628407198,80.66489172055307,0.02463263342457744,35.874110753023466,0.21447612221688755,0.0,0.8263876437119855,0.0,0.0024169055246858273,2.565442664031467e-07,0.39800075442523186,0.0,0.0,1.1573062306687678,scenario_009_high_et_response_june2024,smartgarden_pa1_pilot_53a065f0754a
2024-06-07T22:00,30.3,75.0,0.0,0.0,0.0,1.12,100770.0,25.3,1.09,0.01,30.1,0.159,0,0,0,1.0,30.194921894447624,76.45463414516979,0.023432955493989608,35.69554607330789,0.21442656983584746,0.0,1.0102692414679746,0.0,0.0022614845351656135,3.133875421851061e-07,0.3976948755299226,0.0,0.0,1.1572760842123861,scenario_009_high_et_response_june2024,smartgarden_pa1_pilot_53a065f0754a
2024-06-07T23:00,30.6,71.0,0.0,0.0,0.0,1.0,100740.0,24.8,1.25,0.01,29.6,0.159,0,0,0,1.0,30.51798417613352,72.26264324315233,0.022537250601578077,35.52810503998764,0.21436425414587476,0.0,1.212335646185502,0.0,0.0020176892381955527,3.757051982723817e-07,0.39731021077700474,0.0,0.0,1.155700733215915,scenario_009_high_et_response_june2024,smartgarden_pa1_pilot_53a065f0754a
2024-06-08T00:00,30.4,73.0,0.0,0.0,0.0,1.1,100700.0,25.0,1.16,0.01,29.2,0.159,0,0,0,1.0,30.515143784994226,72.93996856645937,0.02274501579257664,35.369515426524806,0.2142966118538545,0.0,1.182539393852668,0.0,0.0022311610322010064,3.6608614567025406e-07,0.396892665764534,0.0,0.0,1.1552526544481931,scenario_009_high_et_response_june2024,smartgarden_pa1_pilot_53a065f0754a
2024-06-08T01:00,30.1,75.0,0.0,0.0,0.0,1.2,100630.0,25.3,1.05,0.01,28.9,0.159,0,0,0,1.0,30.276832671375967,74.65645382953325,0.022983182721403303,35.212113426984146,0.21423317099947567,0.0,1.0925363232732597,0.0,0.002460714997715315,3.3788960821753566e-07,0.39650105555231896,0.0,0.0,1.1553563024730014,scenario_009_high_et_response_june2024,smartgarden_pa1_pilot_53a065f0754a
2024-06-08T02:00,28.4,86.0,0.0,0.0,0.0,1.22,100590.0,25.8,0.54,0.0,28.5,0.159,0,0,0,1.0,29.14434621384438,82.57462358499178,0.0239079117573624,35.0456675481552,0.21418198376979367,0.0,0.7038480956504487,0.0,0.0028474832091878767,2.1750621172914246e-07,0.39618508499872634,0.0,0.0,1.1592236484398293,scenario_009_high_et_response_june2024,smartgarden_pa1_pilot_53a065f0754a
2024-06-08T03:00,28.3,86.0,0.0,0.0,0.0,1.02,100570.0,25.7,0.54,0.0,28.2,0.159,0,0,0,1.0,28.491864389869097,85.4450775547144,0.023873844306439747,34.8596418387173,0.2141481586181324,0.0,0.5661200370669706,0.0,0.0021421069661211756,1.7485268635213903e-07,0.3959762877662495,0.0,0.0,1.1615001828630052,scenario_009_high_et_response_june2024,smartgarden_pa1_pilot_53a065f0754a
2024-06-08T04:00,28.6,84.0,0.0,0.0,0.0,1.1,100580.0,25.7,0.61,0.0,28.1,0.159,0,0,0,1.0,28.57435560966819,84.50163770328359,0.023716974830434827,34.673872972792616,0.21411605742110798,0.0,0.6057062423229325,0.0,0.0021646111272143683,1.8698572250752181e-07,0.3957781322290616,0.0,0.0,1.1612980896963112,scenario_009_high_et_response_june2024,smartgarden_pa1_pilot_53a065f0754a
2024-06-08T05:00,28.7,84.0,0.0,0.0,0.0,1.0,100640.0,25.7,0.64,0.0,27.9,0.159,0,0,0,1.0,28.725666580294273,84.16200490083551,0.023817712229802956,34.496927153296426,0.21408166591435046,0.0,0.6244303273696117,0.0,0.0019715595513017607,1.9266257893657157e-07,0.395565838977472,0.0,0.0,1.1614084188181097,scenario_009_high_et_response_june2024,smartgarden_pa1_pilot_53a065f0754a
2024-06-08T06:00,28.5,86.0,22.0,7.0,15.0,1.22,100730.0,25.9,0.55,0.02,28.1,0.159,1,0,0,1.0,28.69800682807322,85.766002346507,0.024235011786236667,34.33166004317698,0.2140095862406915,2463.736,0.5602927145535568,18.7,0.00251235858620342,6.049215347972664e-07,0.3951209027203179,0.0,0.0,1.16255355971273,scenario_009_high_et_response_june2024,smartgarden_pa1_pilot_53a065f0754a
2024-06-08T07:00,29.9,77.0,134.0,48.0,86.0,1.08,100720.0,25.5,0.97,0.11,30.1,0.159,0,0,0,1.0,29.734373226776434,82.3573606659617,0.02462125305305685,34.210930192791515,0.2219935404462361,14817.686399999999,0.7372586220354225,113.89999999999999,0.0022313678135943552,3.2166943740476293e-06,0.4444045706557784,0.0,0.0,1.1584606823907355,scenario_009_high_et_response_june2024,smartgarden_pa1_pilot_53a065f0754a
2024-06-08T08:00,31.4,65.0,379.0,260.0,119.0,0.78,100770.0,24.2,1.59,0.28,31.7,0.158,0,0,0,1.0,31.78726694608043,77.1538302713952,0.025756115655733706,34.21450998580324,0.22092618593178523,37538.705599999994,1.073293460158177,322.15,0.0018911136248245283,8.617507028765045e-06,0.43781596254188415,0.0,0.0,1.1512329302728108,scenario_009_high_et_response_june2024,smartgarden_pa1_pilot_53a065f0754a
2024-06-08T09:00,32.6,60.0,550.0,375.0,175.0,0.58,100770.0,23.8,1.97,0.42,33.2,0.157,0,1,0,1.0,33.74411553684561,65.56260104099779,0.024274693365952803,34.36317985246595,0.21903787039996891,54556.92,1.8058770815712366,467.5,0.0036219045316817433,1.2255216705404107e-05,0.4261596938269686,0.0,0.0,1.1438923250829525,scenario_009_high_et_response_june2024,smartgarden_pa1_pilot_53a065f0754a
2024-06-08T10:00,33.3,58.0,668.0,405.0,263.0,0.63,100740.0,23.9,2.15,0.52,34.4,0.156,0,1,0,1.0,35.12401903445011,61.46418611495023,0.024458652980480652,34.613684441921684,0.21663750190739464,68036.97119999999,2.181642401111541,567.8,0.004107892409314622,1.4363253273737931e-05,0.4113426043666336,0.0,0.0,1.1384329859057543,scenario_009_high_et_response_june2024,smartgarden_pa1_pilot_53a065f0754a
2024-06-08T11:00,33.8,57.0,690.0,398.0,292.0,0.81,100700.0,24.0,2.26,0.55,35.2,0.154,0,1,0,1.0,35.93190800365663,58.77222728170394,0.0243872772311279,34.914457925164385,0.214054800485004,70993.2608,2.4402050916527673,586.5,0.0044472827441340585,1.4318861491144996e-05,0.39540000299385186,0.0,0.0,1.1350064637780626,scenario_009_high_et_response_june2024,smartgarden_pa1_pilot_53a065f0754a
2024-06-08T12:00,34.3,56.0,851.0,576.0,275.0,0.78,100620.0,24.2,2.39,0.67,36.1,0.153,0,1,0,1.0,36.85547774210837,57.320423410571244,0.024943004757898693,35.2680798969265,0.21125037508265096,84563.16,2.6570550674322733,723.35,0.0046308997484464515,1.6782783481139256e-05,0.3780887350780924,0.0,0.0,1.130726040336334,scenario_009_high_et_response_june2024,smartgarden_pa1_pilot_53a065f0754a
2024-06-08T13:00,34.5,56.0,864.0,715.0,149.0,1.14,100570.0,24.5,2.39,0.68,36.5,0.151,0,1,0,1.0,37.40777541892224,55.244059492661286,0.024728854808401576,35.67129421719092,0.2082755037625193,81274.1776,2.8713307419858283,734.4,0.005164124028605538,1.6260318112988422e-05,0.3597253318674031,0.0,0.0,1.1281542707322714,scenario_009_high_et_response_june2024,smartgarden_pa1_pilot_53a065f0754a
2024-06-08T14:00,34.0,55.0,792.0,601.0,191.0,1.56,100500.0,23.8,2.38,0.63,36.4,0.15,0,1,0,1.0,37.052980565713824,52.76098105647036,0.0231925836198411,36.05177015033559,0.20552768901850843,76415.8384,2.972725510932813,673.1999999999999,0.005752439119695623,1.4293555833810519e-05,0.3427635124599286,0.0,0.0,1.1286584676096965,scenario_009_high_et_response_june2024,smartgarden_pa1_pilot_53a065f0754a
2024-06-08T15:00,33.0,61.0,493.0,324.0,169.0,1.3,100460.0,24.4,1.98,0.4,35.6,0.149,0,1,0,1.0,35.55673883115507,57.44657111984932,0.02337902050270032,36.313134833917665,0.20346350955851458,49329.8256,2.467258057982,419.05,0.005217985280681139,8.725405244609003e-06,0.33002166394144805,0.0,0.0,1.1336774618941023,scenario_009_high_et_response_june2024,smartgarden_pa1_pilot_53a065f0754a
2024-06-08T16:00,32.5,64.0,348.0,161.0,187.0,0.82,100460.0,24.7,1.78,0.28,34.8,0.149,0,1,0,1.0,34.263643508782955,62.049235398322125,0.023608142008981235,36.427610587055966,0.20213463570442677,37203.108799999995,2.0485225471299637,295.8,0.004263213509090208,6.083065299179716e-06,0.32181873891621465,0.0,0.0,1.1384461280024827,scenario_009_high_et_response_june2024,smartgarden_pa1_pilot_53a065f0754a
2024-06-08T17:00,31.6,68.0,169.0,42.0,127.0,0.72,100450.0,24.9,1.51,0.14,33.9,0.149,0,1,0,1.0,32.91197004930875,65.7394902172495,0.023295973840258846,36.434714865279474,0.20131137370359053,19340.1648,1.7148630135479128,143.65,0.0038856583527508825,3.085371319225872e-06,0.31673687471352185,0.0,0.0,1.1433600684036125,scenario_009_high_et_response_june2024,smartgarden_pa1_pilot_53a065f0754a
2024-06-08T18:00,31.0,69.0,52.0,21.0,31.0,0.4,100560.0,24.8,1.37,0.04,32.8,0.152,1,1,0,1.0,31.714102239330558,67.78452780737504,0.022540251699386244,36.341624208687705,0.20092849936817495,5666.6544,1.5071992944941344,44.199999999999996,0.0031028521398074925,1.1824577253322804e-06,0.3143734528899688,0.0,0.0,1.1491095243367366,scenario_009_high_et_response_june2024,smartgarden_pa1_pilot_53a065f0754a
2024-06-08T19:00,30.6,73.0,0.0,0.0,0.0,0.85,100620.0,25.2,1.18,0.03,31.8,0.152,0,0,0,1.0,30.941755224569498,72.14518689274145,0.023019061424322942,36.1891047500474,0.20910702385756416,0.0,1.2472595807416194,0.0,0.001965925194972821,3.549568234596722e-07,0.36485817196027265,0.0,0.0,1.1527154561327813,scenario_009_high_et_response_june2024,smartgarden_pa1_pilot_53a065f0754a
2024-06-08T20:00,30.2,75.0,0.0,0.0,0.0,0.57,100680.0,25.2,1.09,0.0,31.3,0.152,0,0,0,1.0,30.45509247541986,74.58782018110004,0.02318376712828489,36.01497854671509,0.20904700695977185,0.0,1.106722572176071,0.0,0.0014390739162843964,3.146416742531933e-07,0.3644876972825423,0.0,0.0,1.1552516668561095,scenario_009_high_et_response_june2024,smartgarden_pa1_pilot_53a065f0754a
2024-06-08T21:00,30.1,75.0,0.0,0.0,0.0,0.58,100710.0,25.2,1.06,0.0,30.9,0.151,0,0,0,1.0,30.22870198537898,75.3110595689648,0.023124576436425653,35.8376593290909,0.20899194154500744,0.0,1.0613882485250636,0.0,0.0013042283978183284,3.0147170210227006e-07,0.3641477873148608,0.0,0.0,1.1564582426564105,scenario_009_high_et_response_june2024,smartgarden_pa1_pilot_53a065f0754a
2024-06-08T22:00,29.9,76.0,0.0,0.0,0.0,0.81,100740.0,25.3,1.0,0.0,30.6,0.151,0,0,0,1.0,30.054407953253815,75.91913656930049,0.023092915679989983,35.66140278525177,0.20893851807448488,0.0,1.0249596776478747,0.0,0.0017324027210307502,2.9086105863950995e-07,0.3638180128054622,0.0,0.0,1.1574677107618552,scenario_009_high_et_response_june2024,smartgarden_pa1_pilot_53a065f0754a
2024-06-08T23:00,29.7,78.0,0.0,0.0,0.0,0.86,100740.0,25.4,0.94,0.0,30.4,0.151,0,0,0,1.0,29.857791983811197,77.66329240613803,0.02337360373061165,35.48582807210168,0.20888823056270192,0.0,0.94005776289282,0.0,0.0018248731615751336,2.6654014729087853e-07,0.36350759606606126,0.0,0.0,1.1582187694543067,scenario_009_high_et_response_june2024,smartgarden_pa1_pilot_53a065f0754a
2024-06-09T00:00,29.4,79.0,0.0,0.0,0.0,0.98,100690.0,25.5,0.85,0.0,30.1,0.151,0,0,0,1.0,29.599179430566124,78.6046392524886,0.023327795089789733,35.31021644370568,0.2088417008876427,0.0,0.8871556168420018,0.0,0.002075122999947938,2.5134173733745187e-07,0.36322037584964634,0.0,0.0,1.1586327895070905,scenario_009_high_et_response_june2024,smartgarden_pa1_pilot_53a065f0754a
2024-06-09T01:00,29.1,81.0,0.0,0.0,0.0,1.14,100620.0,25.5,0.77,0.0,29.8,0.151,0,0,0,1.0,29.304823594281714,80.36221677397401,0.02347130682382097,35.13319267392262,0.2087985855040602,0.0,0.8005897853969519,0.0,0.0023696279732755947,2.2665041124237717e-07,0.36295423150654443,0.0,0.0,1.1589541279728988,scenario_009_high_et_response_june2024,smartgarden_pa1_pilot_53a065f0754a
2024-06-09T02:00,28.9,81.0,0.0,0.0,0.0,1.14,100550.0,25.4,0.74,0.0,29.5,0.151,0,0,0,1.0,29.067235680013415,80.69047704177261,0.023264534565190027,34.955008919597915,0.20875862658868546,0.0,0.7764876706560475,0.0,0.002343499414273448,2.1967760673346644e-07,0.3627075715350955,0.0,0.0,1.1590583362561064,scenario_009_high_et_response_june2024,smartgarden_pa1_pilot_53a065f0754a
2024-06-09T03:00,28.8,82.0,0.0,0.0,0.0,0.99,100530.0,25.4,0.7,0.0,29.4,0.151,0,0,0,1.0,28.924902795600488,81.72331917389444,0.023380314486724976,34.77754227216579,0.20872026709862876,0.0,0.7289336997799549,0.0,0.0020342062963455993,2.0608939263982154e-07,0.3624707845594368,0.0,0.0,1.1593738137835194,scenario_009_high_et_response_june2024,smartgarden_pa1_pilot_53a065f0754a
2024-06-09T04:00,28.7,83.0,0.0,0.0,0.0,0.92,100540.0,25.4,0.68,0.0,29.3,0.151,0,0,0,1.0,28.820922487995915,82.73564672113072,0.023536093902317083,34.60243192804567,0.20868432646630838,0.0,0.6844297323874842,0.0,0.0019017453509010064,1.9338847117139913e-07,0.36224892880437276,0.0,0.0,1.1598883970450236,scenario_009_high_et_response_june2024,smartgarden_pa1_pilot_53a065f0754a
2024-06-09T05:00,28.7,82.0,0.0,0.0,0.0,0.85,100450.0,25.4,0.69,0.0,29.3,0.151,0,0,0,1.0,28.77942960803996,82.19226736194979,0.023328640273249383,34.43045091639587,0.20864924439943583,0.0,0.704278197116357,0.0,0.0017346195442398686,1.98877775334195e-07,0.3620323728360237,0.0,0.0,1.1590093601197058,scenario_009_high_et_response_june2024,smartgarden_pa1_pilot_53a065f0754a
2024-06-09T06:00,28.7,82.0,13.0,4.0,9.0,1.22,100540.0,25.4,0.69,0.03,29.3,0.151,1,0,0,1.0,28.802049428970147,82.14878487081188,0.023345096329735356,34.26621382101426,0.20859228271204186,1460.6416,0.7069228135760657,11.049999999999999,0.002448614331968601,4.3323017903747886e-07,0.3616807574817399,0.0,0.0,1.1599608941260073,scenario_009_high_et_response_june2024,smartgarden_pa1_pilot_53a065f0754a
2024-06-09T07:00,29.0,80.0,82.0,35.0,47.0,1.1,100520.0,25.3,0.78,0.07,29.6,0.15,0,0,0,1.0,29.146714854538782,82.10354832223814,0.023774585154092285,34.12946300961413,0.2167094004428817,8869.5728,0.7229746771316781,69.7,0.002254692507786089,1.911253249928169e-06,0.4117864224869241,0.0,0.0,1.158407874642426,scenario_009_high_et_response_june2024,smartgarden_pa1_pilot_53a065f0754a
2024-06-09T08:00,29.7,75.0,175.0,54.0,121.0,0.71,100620.0,24.8,1.04,0.14,30.2,0.15,0,0,0,1.0,29.969551544274697,80.95959477019404,0.02451341395833991,34.047954624381305,0.2161938189272891,19657.070399999997,0.8064868967896985,148.75,0.0016736527524984983,3.8126556001006176e-06,0.40860382053882155,0.0,0.0,1.1564125921409192,scenario_009_high_et_response_june2024,smartgarden_pa1_pilot_53a065f0754a
2024-06-09T09:00,30.8,68.0,322.0,85.0,237.0,0.22,100670.0,24.1,1.44,0.25,31.3,0.15,0,1,0,1.0,31.346003135019505,75.7417455762794,0.024695786211710424,34.050087428340944,0.21524302858075037,36674.2288,1.1114767831201173,273.7,0.002791442872389968,6.79751887012996e-06,0.40273474432561956,0.0,0.0,1.1517571606886905,scenario_009_high_et_response_june2024,smartgarden_pa1_pilot_53a065f0754a
2024-06-09T10:00,32.4,60.0,570.0,267.0,303.0,0.4,100670.0,23.6,1.95,0.44,33.1,0.149,0,1,0,1.0,33.45180574796146,66.24913974066563,0.024154737615128475,34.18427744940528,0.21357597983351023,60820.2672,1.7412187756592514,484.5,0.003393818065239919,1.1656145977990319e-05,0.3924443199599397,0.0,0.0,1.1438466618169174,scenario_009_high_et_response_june2024,smartgarden_pa1_pilot_53a065f0754a
2024-06-09T11:00,33.8,54.0,848.0,663.0,185.0,0.91,100610.0,23.3,2.4,0.66,35.0,0.147,0,1,0,1.0,35.81991009232197,57.64779738548107,0.02378264342801318,34.490842879009094,0.21102225055052332,81132.744,2.4913876064195533,720.8,0.004495307118116444,1.661541046869741e-05,0.37668055895384767,0.0,0.0,1.134403117406449,scenario_009_high_et_response_june2024,smartgarden_pa1_pilot_53a065f0754a
2024-06-09T12:00,34.4,53.0,868.0,685.0,183.0,1.6,100560.0,23.4,2.57,0.69,36.1,0.146,0,1,0,1.0,37.09286014413744,52.66805275934092,0.02319906871118177,34.902390312365405,0.20805686702254528,82822.3792,2.9850469199585477,737.8,0.005674409204177401,1.630238137561047e-05,0.35837572236139065,0.0,0.0,1.1291871256886468,scenario_009_high_et_response_june2024,smartgarden_pa1_pilot_53a065f0754a
2024-06-09T13:00,34.0,55.0,684.0,417.0,267.0,1.3,100560.0,23.7,2.39,0.55,36.1,0.144,0,1,0,1.0,36.76145982392928,53.089292361021805,0.022990633926513192,35.27381103998099,0.20547649166509094,69585.7008,2.9055298072805456,581.4,0.005298728062855133,1.242338268500123e-05,0.3424474794141416,0.0,0.0,1.1303946091913244,scenario_009_high_et_response_june2024,smartgarden_pa1_pilot_53a065f0754a
2024-06-09T14:00,33.5,59.0,605.0,303.0,302.0,1.55,100480.0,24.3,2.15,0.49,35.9,0.143,0,1,0,1.0,35.97716826201758,56.4013780046972,0.023458277999511667,35.55738684143604,0.20340856177748812,63865.08479999999,2.5869501362875433,514.25,0.00552459985809424,1.0583284367378134e-05,0.32968248010795137,0.0,0.0,1.1323609904250984,scenario_009_high_et_response_june2024,smartgarden_pa1_pilot_53a065f0754a
2024-06-09T15:00,33.2,59.0,407.0,191.0,216.0,0.98,100430.0,24.2,2.06,0.33,35.3,0.143,0,1,0,1.0,35.1040961057084,57.446406653196654,0.02283618285423086,35.74917140320874,0.2018239185422934,43415.39839999999,2.406453334223578,345.95,0.004518489222108063,7.074639423928138e-06,0.31990073174255185,0.0,0.0,1.1350031196943704,scenario_009_high_et_response_june2024,smartgarden_pa1_pilot_53a065f0754a
2024-06-09T16:00,32.0,64.0,331.0,155.0,176.0,0.81,100490.0,24.5,1.69,0.26,34.6,0.144,0,1,0,1.0,33.85190314510565,61.54168717235283,0.0229152590197642,35.847568699205496,0.20068010158550792,35320.102399999996,2.0288893998944446,281.34999999999997,0.0043032139671758535,5.644107995613676e-06,0.31284013324387605,0.0,0.0,1.1403133986156617,scenario_009_high_et_response_june2024,smartgarden_pa1_pilot_53a065f0754a
2024-06-09T17:00,30.1,75.0,193.0,111.0,82.0,0.64,100460.0,25.1,1.07,0.15,33.3,0.154,0,1,0,1.0,31.846271115640736,70.59074914830734,0.023639411753464033,35.85677345441362,0.1998773841250597,19868.9568,1.386242058656956,164.04999999999998,0.004081660185057172,3.28765663093424e-06,0.3078850871917266,0.0,0.0,1.147469347305611,scenario_009_high_et_response_june2024,smartgarden_pa1_pilot_53a065f0754a
2024-06-09T18:00,30.0,74.0,30.0,8.0,22.0,0.64,100560.0,24.8,1.11,0.04,31.9,0.154,1,1,0,1.0,30.548756648164904,72.87017764467078,0.022764410505520496,35.7536518820635,0.19951740651143926,3414.0128,1.1878681820612385,25.5,0.0032203710196880247,7.391809225486509e-07,0.3056630031570325,0.0,0.0,1.1535188598662318,scenario_009_high_et_response_june2024,smartgarden_pa1_pilot_53a065f0754a
2024-06-09T19:00,29.6,75.0,0.0,0.0,0.0,0.63,100700.0,24.7,1.04,0.02,31.2,0.155,0,0,0,1.0,29.914132473203104,74.62308438588934,0.02252718779102187,35.58817360810647,0.2077471795204853,0.0,1.0714671619046219,0.0,0.0015937136754593908,2.9791284634612747e-07,0.3564640711141068,0.0,0.0,1.1575436544013515,scenario_009_high_et_response_june2024,smartgarden_pa1_pilot_53a065f0754a
2024-06-09T20:00,29.2,78.0,0.0,0.0,0.0,0.45,100790.0,24.9,0.9,0.0,30.6,0.155,0,0,0,1.0,29.46237439451195,77.31877866821088,0.02277649845590425,35.40841435328519,0.20769684807700625,0.0,0.9330970115590387,0.0,0.0012775669149092876,2.592140128597761e-07,0.35615338319139667,0.0,0.0,1.1603077975613054,scenario_009_high_et_response_june2024,smartgarden_pa1_pilot_53a065f0754a
2024-06-09T21:00,29.0,79.0,0.0,0.0,0.0,0.51,100830.0,25.1,0.83,0.0,30.3,0.155,0,0,0,1.0,29.179967887428,78.862709732465,0.022877496319999194,35.22539926556764,0.20765246691640088,0.0,0.8555374273260821,0.0,0.00125736355612385,2.374851710816947e-07,0.355879425409882,0.0,0.0,1.1618525568224018,scenario_009_high_et_response_june2024,smartgarden_pa1_pilot_53a065f0754a
2024-06-09T22:00,28.8,81.0,0.0,0.0,0.0,0.72,100810.0,25.3,0.75,0.0,30.0,0.155,0,0,0,1.0,28.971212680929522,80.55598089123757,0.02310459110496017,35.04229973785163,0.2076115869813262,0.0,0.7775699358254564,0.0,0.0015920870567942256,2.1568944218308989e-07,0.35562708013164324,0.0,0.0,1.1624247394113418,scenario_009_high_et_response_june2024,smartgarden_pa1_pilot_53a065f0754a
2024-06-09T23:00,28.7,83.0,0.0,0.0,0.0,0.78,100850.0,25.4,0.68,0.0,29.8,0.155,0,0,0,1.0,28.830347017807437,82.58001384986144,0.02350390171483473,34.860285656995764,0.20757496156444863,0.0,0.6909763794905026,0.0,0.0016560984533267181,1.9154748162385124e-07,0.35540099731141134,0.0,0.0,1.1634284281622473,scenario_009_high_et_response_june2024,smartgarden_pa1_pilot_53a065f0754a
2024-06-10T00:00,28.5,84.0,0.0,0.0,0.0,0.76,100850.0,25.5,0.62,0.0,29.5,0.155,0,0,0,1.0,28.66656784544,83.61018145209474,0.02358530740213588,34.68023994270705,0.2075417526803302,0.0,0.6439784020937522,0.0,0.0016568387592460277,1.7841607306732893e-07,0.3551960041995692,0.0,0.0,1.1640597564767707,scenario_009_high_et_response_june2024,smartgarden_pa1_pilot_53a065f0754a
2024-06-10T01:00,28.2,86.0,0.0,0.0,0.0,0.86,100800.0,25.6,0.54,0.0,29.3,0.155,0,0,0,1.0,28.411647427483164,85.23887985902604,0.023711934370788414,34.50057147057871,0.20751133007281128,0.0,0.5714738704181133,0.0,0.0018735615086920478,1.5824477446845933e-07,0.35500821032599555,0.0,0.0,1.1644661639850078,scenario_009_high_et_response_june2024,smartgarden_pa1_pilot_53a065f0754a
2024-06-10T02:00,28.1,86.0,0.0,0.0,0.0,0.86,100750.0,25.5,0.54,0.0,29.1,0.156,0,0,0,1.0,28.237391128042738,85.72759654767873,0.023621378631434656,34.32067866787913,0.20748369531005176,0.0,0.5469888723699889,0.0,0.0018071070270165121,1.5139194140924744e-07,0.3548376253706899,0.0,0.0,1.1645614894148975,scenario_009_high_et_response_june2024,smartgarden_pa1_pilot_53a065f0754a
2024-06-10T03:00,28.0,86.0,0.0,0.0,0.0,0.86,100720.0,25.5,0.52,0.0,29.0,0.155,0,0,0,1.0,28.12871322628743,85.76870494754051,0.023492309338679265,34.14290514903294,0.20745659037692007,0.0,0.5419777207953493,0.0,0.001799210165949256,1.4993425728259884e-07,0.35467031096864243,0.0,0.0,1.164634679749974,scenario_009_high_et_response_june2024,smartgarden_pa1_pilot_53a065f0754a
2024-06-10T04:00,28.0,87.0,0.0,0.0,0.0,0.86,100710.0,25.5,0.51,0.0,28.9,0.155,0,0,0,1.0,28.086607887635566,86.73003574226708,0.023700811843195002,33.96828421945377,0.20743048280937226,0.0,0.504130419902872,0.0,0.0017601775944625774,1.3940070162254652e-07,0.3545091531442732,0.0,0.0,1.164681819442951,scenario_009_high_et_response_june2024,smartgarden_pa1_pilot_53a065f0754a
2024-06-10T05:00,28.0,87.0,0.0,0.0,0.0,0.81,100740.0,25.5,0.51,0.0,28.8,0.156,0,0,0,1.0,28.08033168686901,86.91703285671386,0.023743734662601223,33.79813467754445,0.2074056787068605,0.0,0.4968448520390858,0.0,0.0016613259598211713,1.3732678046780528e-07,0.35435604140037347,0.0,0.0,1.165053034338423,scenario_009_high_et_response_june2024,smartgarden_pa1_pilot_53a065f0754a
2024-06-10T06:00,27.9,87.0,20.0,8.0,12.0,0.86,100780.0,25.6,0.49,0.02,28.8,0.156,1,0,0,1.0,28.065376216506746,87.16364908771153,0.023791571569411262,33.63730038722982,0.20734949346672385,2182.1888,0.48705516261447457,17.0,0.0018325613509510572,4.865513420269467e-07,0.35400921893039416,0.0,0.0,1.1655735006693397,scenario_009_high_et_response_june2024,smartgarden_pa1_pilot_53a065f0754a
2024-06-10T07:00,28.3,87.0,171.0,104.0,67.0,1.06,100790.0,25.9,0.49,0.12,29.4,0.157,0,0,0,1.0,28.63130524684308,90.26536997897288,0.025413643939006005,33.526256213011536,0.21531331195193354,17405.2208,0.38170624240544493,145.35,0.0023160671696830417,3.548168196445613e-06,0.4031685922958861,0.0,0.0,1.1635031446407544,scenario_009_high_et_response_june2024,smartgarden_pa1_pilot_53a065f0754a
2024-06-10T08:00,28.9,83.0,310.0,175.0,135.0,0.67,100860.0,25.7,0.67,0.22,30.2,0.158,0,0,0,1.0,29.64380089358097,89.55473778774667,0.026641873201698328,33.505761415112545,0.21442881952810253,32029.624000000003,0.4342243983397873,263.5,0.002037064605395444,6.265283128575175e-06,0.39770876251915144,0.0,0.0,1.160417936451399,scenario_009_high_et_response_june2024,smartgarden_pa1_pilot_53a065f0754a
2024-06-10T09:00,30.1,75.0,416.0,136.0,280.0,0.81,100900.0,25.2,1.07,0.31,31.1,0.158,0,1,0,1.0,30.998819456672663,78.61453016036208,0.025160125183299648,33.57001959163753,0.21311154155780077,46459.07199999999,0.9606973904361293,353.59999999999997,0.0037198763202271326,8.3505701037482e-06,0.38957741702346155,0.0,0.0,1.1557062979125858,scenario_009_high_et_response_june2024,smartgarden_pa1_pilot_53a065f0754a
2024-06-10T10:00,31.0,67.0,571.0,219.0,352.0,0.63,100900.0,24.2,1.47,0.43,32.4,0.157,0,1,0,1.0,32.46858297575484,70.42762223155695,0.02437818335811589,33.72667202117969,0.21135032493445433,62632.20479999999,1.4437633787957602,485.34999999999997,0.0038963998907811633,1.1179055660441699e-05,0.3787057094719403,0.0,0.0,1.1501483408704898,scenario_009_high_et_response_june2024,smartgarden_pa1_pilot_53a065f0754a
2024-06-10T11:00,32.1,62.0,623.0,242.0,381.0,0.54,100860.0,23.9,1.83,0.48,33.5,0.156,0,1,0,1.0,33.82213235313869,64.69715097195835,0.024052592373487777,33.95956696059249,0.20927469454390707,68228.49440000001,1.8593328687713124,529.55,0.00397490495453286,1.1865533213113739e-05,0.3658931761969572,0.0,0.0,1.1446229822549312,scenario_009_high_et_response_june2024,smartgarden_pa1_pilot_53a065f0754a
2024-06-10T12:00,32.8,60.0,663.0,289.0,374.0,0.45,100800.0,23.9,2.0,0.52,34.5,0.154,0,1,0,1.0,34.848605004741096,61.446026020576795,0.024103534944468794,34.23472323949551,0.20710606664769862,71502.21759999999,2.1496935023728465,563.55,0.004106263786317225,1.2212391773433322e-05,0.35250658424505327,0.0,0.0,1.1401296274685244,scenario_009_high_et_response_june2024,smartgarden_pa1_pilot_53a065f0754a
2024-06-10T13:00,33.2,59.0,685.0,388.0,297.0,0.58,100740.0,24.0,2.1,0.54,35.1,0.153,0,1,0,1.0,35.49398812434383,59.25903765140998,0.024038348414293503,34.53544525191471,0.2049109557685949,70729.1728,2.35402375952953,582.25,0.004333381263647141,1.2167780898277218e-05,0.33895651709009195,0.0,0.0,1.137068355354354,scenario_009_high_et_response_june2024,smartgarden_pa1_pilot_53a065f0754a
2024-06-10T14:00,32.8,60.0,480.0,144.0,336.0,0.89,100680.0,24.1,1.98,0.39,34.8,0.152,0,1,0,1.0,34.97820680603675,58.330380287139505,0.02303625879485467,34.78748735378544,0.20306218119593802,54061.2864,2.3401292223218717,408.0,0.004557731044121097,8.415694951985901e-06,0.3275443283699878,0.0,0.0,1.1382933512770517,scenario_009_high_et_response_june2024,smartgarden_pa1_pilot_53a065f0754a
2024-06-10T15:00,32.7,60.0,434.0,166.0,268.0,1.06,100640.0,23.8,1.99,0.35,34.6,0.151,0,1,0,1.0,34.450628564423546,59.03810773567908,0.022683148433911334,34.957849155538334,0.20163736002210408,47620.8832,2.2341372025599653,368.9,0.004540379693810324,7.434274396750406e-06,0.31874913593891413,0.0,0.0,1.1397926663509825,scenario_009_high_et_response_june2024,smartgarden_pa1_pilot_53a065f0754a
2024-06-10T16:00,32.2,61.0,288.0,112.0,176.0,1.21,100670.0,23.7,1.88,0.24,34.0,0.151,0,1,0,1.0,33.68479148583368,59.43790663783625,0.021938528851031106,35.06562899599682,0.20052164856038476,31536.102399999996,2.1200234443527397,244.79999999999998,0.004610572302288947,4.981814485382366e-06,0.3118620281505233,0.0,0.0,1.142978116378424,scenario_009_high_et_response_june2024,smartgarden_pa1_pilot_53a065f0754a
2024-06-10T17:00,31.2,66.0,128.0,44.0,84.0,0.73,100610.0,24.1,1.54,0.11,33.1,0.153,0,1,0,1.0,32.35230940577401,63.896855051111714,0.021981544444444973,35.074241071831075,0.1998602441608919,14219.3216,1.751096008018742,108.8,0.003792451564015832,2.379335433038564e-06,0.3077792849437772,0.0,0.0,1.1472791478246542,scenario_009_high_et_response_june2024,smartgarden_pa1_pilot_53a065f0754a
2024-06-10T18:00,30.9,68.0,53.0,21.0,32.0,0.32,100690.0,24.3,1.42,0.04,32.2,0.152,1,1,0,1.0,31.431206005932864,67.34229479216303,0.02205740863634275,34.999561556272695,0.19954244190723042,5789.8368,1.5035817621032148,45.05,0.0028461759390773704,1.16462010742434e-06,0.3058175426372248,0.0,0.0,1.1516637250355715,scenario_009_high_et_response_june2024,smartgarden_pa1_pilot_53a065f0754a
2024-06-10T19:00,30.5,71.0,0.0,0.0,0.0,0.7,100800.0,24.6,1.26,0.03,31.4,0.152,0,0,0,1.0,30.813505098857704,70.58069876447814,0.0223653422760274,34.88084399608102,0.20772211755432418,0.0,1.3077209993774277,0.0,0.0016996570048301652,3.63443529002292e-07,0.3563093676192851,0.0,0.0,1.1552647896683317,scenario_009_high_et_response_june2024,smartgarden_pa1_pilot_53a065f0754a
2024-06-10T20:00,30.1,74.0,0.0,0.0,0.0,0.71,100860.0,24.9,1.13,0.0,30.9,0.152,0,0,0,1.0,30.335290488146956,73.48195848869247,0.02269304307126574,34.74047591228369,0.2076607280144656,0.0,1.1469984005291387,0.0,0.0016394476897371813,3.1843626536192256e-07,0.35593041984238033,0.0,0.0,1.1577739304532395,scenario_009_high_et_response_june2024,smartgarden_pa1_pilot_53a065f0754a
2024-06-10T21:00,29.8,76.0,0.0,0.0,0.0,0.76,100940.0,25.2,1.0,0.0,30.4,0.152,0,0,0,1.0,29.99168417475549,75.6682032999734,0.022938689004851413,34.595008325110626,0.20760649199990058,0.0,1.0319216282560917,0.0,0.0016808047895692207,2.8621852047946894e-07,0.355595629629016,0.0,0.0,1.160005611407723,scenario_009_high_et_response_june2024,smartgarden_pa1_pilot_53a065f0754a
2024-06-10T22:00,29.5,79.0,0.0,0.0,0.0,0.81,101000.0,25.4,0.87,0.0,30.1,0.152,0,0,0,1.0,29.69067563130975,78.41574164279987,0.02338744545432272,34.44657261444969,0.20755820980359538,0.0,0.8997100585893785,0.0,0.0017666109810907467,2.4933855707074185e-07,0.3552975913802184,0.0,0.0,1.1618488064033736,scenario_009_high_et_response_june2024,smartgarden_pa1_pilot_53a065f0754a
2024-06-10T23:00,29.2,81.0,0.0,0.0,0.0,0.85,101040.0,25.6,0.77,0.0,29.8,0.152,0,0,0,1.0,29.39400780469141,80.47122213300119,0.023617306495699857,34.29562920947728,0.2075159430435391,0.0,0.8002489172239073,0.0,0.0018398278177455079,2.216118240252419e-07,0.35503668545394507,0.0,0.0,1.1634486784660087,scenario_009_high_et_response_june2024,smartgarden_pa1_pilot_53a065f0754a
2024-06-11T00:00,28.9,83.0,0.0,0.0,0.0,0.82,101030.0,25.7,0.69,0.0,29.5,0.152,0,0,0,1.0,29.097889840417942,82.39970314327473,0.023797018739113204,34.142282836028706,0.20747834993624684,0.0,0.7090092175183154,0.0,0.00179104934553855,1.962166069863147e-07,0.35480462923609163,0.0,0.0,1.1644732709552403,scenario_009_high_et_response_june2024,smartgarden_pa1_pilot_53a065f0754a
2024-06-11T01:00,28.6,84.0,0.0,0.0,0.0,0.92,100990.0,25.6,0.63,0.0,29.2,0.152,0,0,0,1.0,28.80077042191964,83.46593146622781,0.02371774866444771,33.98660012359178,0.207444502810765,0.0,0.6547142582428531,0.0,0.001969675055540096,1.8108390948979023e-07,0.354595696362747,0.0,0.0,1.1651576178614753,scenario_009_high_et_response_june2024,smartgarden_pa1_pilot_53a065f0754a
2024-06-11T02:00,28.5,83.0,0.0,0.0,0.0,1.02,100970.0,25.4,0.65,0.0,29.0,0.151,0,0,0,1.0,28.62156504058726,82.95261289789661,0.023342357648380392,33.82964761421,0.20741183135468882,0.0,0.6680708033529079,0.0,0.002087271130395883,1.8467303253190825e-07,0.3543940207079557,0.0,0.0,1.1656186561386492,scenario_009_high_et_response_june2024,smartgarden_pa1_pilot_53a065f0754a
2024-06-11T03:00,28.4,83.0,0.0,0.0,0.0,1.02,100940.0,25.3,0.65,0.0,28.7,0.151,0,0,0,1.0,28.512310377907447,82.86658637501878,0.023179303961324903,33.67412559608531,0.20737854436355127,0.0,0.6672023996546259,0.0,0.002079985323355618,1.84326049016541e-07,0.35418854545402023,0.0,0.0,1.165694362858189,scenario_009_high_et_response_june2024,smartgarden_pa1_pilot_53a065f0754a
2024-06-11T04:00,28.3,84.0,0.0,0.0,0.0,1.02,100950.0,25.2,0.63,0.0,28.4,0.151,0,0,0,1.0,28.411042303458334,83.72527874776382,0.02329010622905012,33.52062099642421,0.2073462134672578,0.0,0.6300505096940099,0.0,0.002079009814164787,1.7396412715291647e-07,0.3539889720201098,0.0,0.0,1.1662013406784755,scenario_009_high_et_response_june2024,smartgarden_pa1_pilot_53a065f0754a
2024-06-11T05:00,28.1,85.0,0.0,0.0,0.0,1.12,101000.0,25.2,0.59,0.0,28.1,0.151,0,0,0,1.0,28.250627428929047,84.55594334263961,0.023315447353848554,33.36863211424103,0.20731581838616342,0.0,0.5923479055679359,0.0,0.0022949537446940475,1.6346732025941825e-07,0.35380134806273716,0.0,0.0,1.167399950405202,scenario_009_high_et_response_june2024,smartgarden_pa1_pilot_53a065f0754a
2024-06-11T06:00,27.9,86.0,22.0,9.0,13.0,1.12,101060.0,25.3,0.54,0.02,28.2,0.151,1,0,0,1.0,28.107386819405665,85.79338272306371,0.023471594244276788,33.22246481135801,0.20725289522417426,2393.3712,0.5403670856669915,18.7,0.002335465931513639,5.35574797767577e-07,0.35341293348255715,0.0,0.0,1.1686488555449235,scenario_009_high_et_response_june2024,smartgarden_pa1_pilot_53a065f0754a
2024-06-11T07:00,29.0,77.0,166.0,97.0,69.0,0.98,101050.0,24.6,0.91,0.12,29.8,0.151,0,0,0,1.0,29.035010043702723,82.99501011860377,0.023887016180613875,33.12609022232813,0.2152135444166472,17035.5856,0.6825444223044408,141.1,0.0019409090310894856,3.5371241378751512e-06,0.402552743312637,0.0,0.0,1.164946147208474,scenario_009_high_et_response_june2024,smartgarden_pa1_pilot_53a065f0754a
2024-06-11T08:00,30.7,65.0,413.0,333.0,80.0,0.5,101040.0,23.5,1.53,0.3,31.1,0.15,0,0,0,1.0,31.179778341481697,79.2628962650827,0.025614907727708434,33.160391177698784,0.214134921315789,39158.592000000004,0.9412112588206694,351.05,0.0015869138671501075,8.42090320557334e-06,0.395894576023389,0.0,0.0,1.1566217015517057,scenario_009_high_et_response_june2024,smartgarden_pa1_pilot_53a065f0754a
2024-06-11T09:00,32.1,59.0,625.0,528.0,97.0,0.32,101030.0,23.0,1.96,0.46,32.9,0.149,0,1,0,1.0,33.43780161854256,64.56963650965328,0.023525032661057092,33.35387051519286,0.21224078108043426,58412.6928,1.8264343991683845,531.25,0.0035633963115592306,1.248763063778132e-05,0.38420235234835964,0.0,0.0,1.1479895386043435,scenario_009_high_et_response_june2024,smartgarden_pa1_pilot_53a065f0754a
2024-06-11T10:00,33.1,55.0,798.0,694.0,104.0,0.36,101000.0,22.9,2.28,0.61,34.4,0.148,0,1,0,1.0,35.2660165283761,58.38792884347464,0.023406531729287403,33.67911301588928,0.2097323131703365,73882.9696,2.374334800735127,678.3,0.004123213479338448,1.531379109311366e-05,0.36871798253294136,0.0,0.0,1.1408456716133475,scenario_009_high_et_response_june2024,smartgarden_pa1_pilot_53a065f0754a
2024-06-11T11:00,34.0,52.0,884.0,761.0,123.0,0.28,100930.0,22.9,2.52,0.68,35.7,0.146,0,1,0,1.0,36.66155024405921,53.94162413191243,0.02324019243352322,34.09232584690418,0.20689133448764482,82119.43519999999,2.8372240407329445,751.4,0.004362252756326458,1.621400741503568e-05,0.35118107708422736,0.0,0.0,1.1349196544832791,scenario_009_high_et_response_june2024,smartgarden_pa1_pilot_53a065f0754a
2024-06-11T12:00,34.6,51.0,878.0,743.0,135.0,0.36,100840.0,23.1,2.68,0.69,36.5,0.145,0,1,0,1.0,37.51870442405417,51.42005921484246,0.023147872295881958,34.538317804655264,0.20404758556753977,82013.624,3.1354847876954635,746.3,0.004524988128009273,1.538161861184871e-05,0.3336270714045665,0.0,0.0,1.1307791172004202,scenario_009_high_et_response_june2024,smartgarden_pa1_pilot_53a065f0754a
2024-06-11T13:00,34.9,51.0,795.0,636.0,159.0,0.51,100740.0,23.3,2.73,0.63,36.8,0.143,0,1,0,1.0,37.78817676943609,50.34825633030639,0.022978967119773975,34.96319666143236,0.201463145988084,75554.0016,3.2518187196914865,675.75,0.004586641357753758,1.3363833354958912e-05,0.3176737406671853,0.0,0.0,1.1286787476945586,scenario_009_high_et_response_june2024,smartgarden_pa1_pilot_53a065f0754a
2024-06-11T14:00,35.2,50.0,708.0,556.0,152.0,0.86,100680.0,23.2,2.84,0.57,36.8,0.142,0,1,0,1.0,37.81913421968694,49.0782521404443,0.02243468343108885,35.33843443341543,0.19922926564583063,67651.7248,3.3405897963672384,601.8,0.004733687658584053,1.1490159235743642e-05,0.3038843558384607,0.0,0.0,1.127894220204017,scenario_009_high_et_response_june2024,smartgarden_pa1_pilot_53a065f0754a
2024-06-11T15:00,34.4,52.0,596.0,457.0,139.0,1.22,100640.0,23.2,2.6,0.48,36.5,0.141,0,1,0,1.0,37.05788325690441,49.52878020166064,0.02177724631873507,35.64954389950776,0.19735227892284132,57338.3536,3.1769740517976417,506.59999999999997,0.005154491896826751,9.38689940309674e-06,0.29229801804223043,0.0,0.0,1.1302128653910637,scenario_009_high_et_response_june2024,smartgarden_pa1_pilot_53a065f0754a
2024-06-11T16:00,33.0,58.0,321.0,186.0,135.0,1.08,100670.0,23.8,2.09,0.27,35.4,0.141,0,1,0,1.0,35.154881662340074,54.515117566249224,0.021728209340071313,35.83038977037985,0.19605183993255013,32997.624,2.579444375959131,272.84999999999997,0.004763141493403368,5.109392402285934e-06,0.2842706168675934,0.0,0.0,1.1375280537917083,scenario_009_high_et_response_june2024,smartgarden_pa1_pilot_53a065f0754a
2024-06-11T17:00,32.7,60.0,204.0,103.0,101.0,0.71,100670.0,24.0,1.97,0.16,34.5,0.141,0,1,0,1.0,33.87439906093467,58.72914157131578,0.021893829243693937,35.87364637073308,0.19529659511635308,21505.4224,2.1799983819058744,173.4,0.0037806562645687266,3.311767928192472e-06,0.27960861182934005,0.0,0.0,1.1422722529040459,scenario_009_high_et_response_june2024,smartgarden_pa1_pilot_53a065f0754a
2024-06-11T18:00,32.1,64.0,78.0,48.0,30.0,0.99,100720.0,24.4,1.72,0.07,33.5,0.141,1,1,0,1.0,32.87939132078623,62.44674063364984,0.02209104724763747,35.83547703696514,0.19486602260355887,7919.472,1.876242674200025,66.3,0.0038907672225381796,1.4794762841281537e-06,0.2769507568120918,0.0,0.0,1.1465553559395947,scenario_009_high_et_response_june2024,smartgarden_pa1_pilot_53a065f0754a
2024-06-11T19:00,31.3,69.0,0.0,0.0,0.0,0.86,100790.0,25.0,1.4,0.03,32.6,0.14,0,0,0,1.0,31.795655976728007,67.48463956779939,0.022538346911058348,35.72646761318899,0.2030073598809905,0.0,1.5282691822326466,0.0,0.002104425986234311,3.900458107367513e-07,0.32720592519129943,0.0,0.0,1.1514297408955034,scenario_009_high_et_response_june2024,smartgarden_pa1_pilot_53a065f0754a
2024-06-11T20:00,30.7,73.0,0.0,0.0,0.0,0.3,100860.0,25.3,1.2,0.0,31.9,0.14,0,0,0,1.0,31.038354474466583,72.13089151371736,0.023134077517491147,35.580941909837215,0.20294391255864047,0.0,1.2547819176788253,0.0,0.001203456956417585,3.198629013654675e-07,0.32681427505333627,0.0,0.0,1.155097992525873,scenario_009_high_et_response_june2024,smartgarden_pa1_pilot_53a065f0754a
2024-06-11T21:00,30.4,75.0,0.0,0.0,0.0,0.45,100900.0,25.6,1.07,0.0,31.4,0.14,0,0,0,1.0,30.609206333299433,74.76109584394825,0.02343123136878004,35.42644004183197,0.20289012755227517,0.0,1.1088967305324515,0.0,0.001206179808753696,2.823873939859665e-07,0.3264822688412048,0.0,0.0,1.157188650812658,scenario_009_high_et_response_june2024,smartgarden_pa1_pilot_53a065f0754a
2024-06-11T22:00,30.1,78.0,0.0,0.0,0.0,0.54,100940.0,25.9,0.93,0.0,31.0,0.14,0,0,0,1.0,30.298266852886144,77.45311296167125,0.02387172453699762,35.26844894191564,0.20284234764949755,0.0,0.9731681182316136,0.0,0.0013260941815982621,2.47599386787048e-07,0.32618733116973797,0.0,0.0,1.1588336237385222,scenario_009_high_et_response_june2024,smartgarden_pa1_pilot_53a065f0754a
2024-06-11T23:00,29.8,81.0,0.0,0.0,0.0,0.73,100930.0,26.2,0.8,0.0,30.6,0.14,0,0,0,1.0,29.999674101097156,80.30212880355138,0.024353972995123246,35.10811720505341,0.20280095707223283,0.0,0.8357778668372049,0.0,0.001637475205033075,2.1247715796085802e-07,0.32593183377921503,0.0,0.0,1.159860120584059,scenario_009_high_et_response_june2024,smartgarden_pa1_pilot_53a065f0754a
2024-06-12T00:00,29.6,83.0,0.0,0.0,0.0,0.92,100900.0,26.4,0.7,0.0,30.3,0.14,0,0,0,1.0,29.76112312320657,82.45957864871819,0.024687555681420097,34.9461213622908,0.20276518435871918,0.0,0.7341147150882352,0.0,0.0019358124269063099,1.865052139507524e-07,0.32571101455999496,0.0,0.0,1.1604285195092758,scenario_009_high_et_response_june2024,smartgarden_pa1_pilot_53a065f0754a
2024-06-12T01:00,29.3,85.0,0.0,0.0,0.0,1.04,100870.0,26.4,0.62,0.0,29.8,0.14,0,0,0,1.0,29.498045177229656,84.27797614093997,0.024874646179876454,34.7833328408335,0.2027335757839573,0.0,0.6481280890283472,0.0,0.0021825421703550204,1.6456127855790404e-07,0.3255158999009709,0.0,0.0,1.161091903084365,scenario_009_high_et_response_june2024,smartgarden_pa1_pilot_53a065f0754a
2024-06-12T02:00,29.0,87.0,0.0,0.0,0.0,0.98,100860.0,26.7,0.51,0.0,29.4,0.14,0,0,0,1.0,29.204953876531352,86.19933853452662,0.025039809702529177,34.618754037909895,0.2027059935087197,0.0,0.5593914026955193,0.0,0.0020798989491726434,1.4195653159664723e-07,0.32534563894271423,0.0,0.0,1.1621022017277356,scenario_009_high_et_response_june2024,smartgarden_pa1_pilot_53a065f0754a
2024-06-12T03:00,29.0,87.0,0.0,0.0,0.0,1.04,100850.0,26.6,0.52,0.0,29.1,0.14,0,0,0,1.0,29.08717888709223,86.81191566921798,0.025056649823307384,34.45373041633692,0.20268135059168807,0.0,0.5309394205407854,0.0,0.00209752529024324,1.3467328697553286e-07,0.325193522170914,0.0,0.0,1.162439782426854,scenario_009_high_et_response_june2024,smartgarden_pa1_pilot_53a065f0754a
2024-06-12T04:00,28.8,88.0,0.0,0.0,0.0,1.02,100870.0,26.6,0.48,0.0,28.9,0.14,0,0,0,1.0,28.953839850783414,87.47120873622588,0.025064235337238828,34.291211707580544,0.20265769220228616,0.0,0.5005257858138479,0.0,0.002112461788901213,1.2690182444185522e-07,0.3250474827301615,0.0,0.0,1.1631834766256486,scenario_009_high_et_response_june2024,smartgarden_pa1_pilot_53a065f0754a
2024-06-12T05:00,28.7,88.0,0.0,0.0,0.0,1.1,100970.0,26.5,0.47,0.0,28.7,0.14,0,0,0,1.0,28.820893604083018,87.67504887098794,0.02494118331379739,34.12987573618987,0.20263522651935795,0.0,0.4886107673552229,0.0,0.0022358732751743913,1.2382807387185672e-07,0.3249088056750491,0.0,0.0,1.1648492406180375,scenario_009_high_et_response_june2024,smartgarden_pa1_pilot_53a065f0754a
2024-06-12T06:00,28.6,88.0,23.0,11.0,12.0,1.5,101010.0,26.4,0.48,0.02,28.7,0.14,1,0,0,1.0,28.769818239682547,87.78019633531444,0.024901597399326177,33.97644416110637,0.20257970908763484,2446.1888,0.48301232673851313,19.55,0.0030190947985566157,4.934782959185793e-07,0.32456610547922743,0.0,0.0,1.165507838142854,scenario_009_high_et_response_june2024,smartgarden_pa1_pilot_53a065f0754a
2024-06-12T07:00,29.9,77.0,180.0,126.0,54.0,1.22,101070.0,25.5,0.97,0.13,30.4,0.14,0,0,0,1.0,29.89564185898507,81.98808324370778,0.02472578468880806,33.87937956113019,0.21054158036312134,17739.849599999998,0.7596945817840313,153.0,0.0023820036778319192,3.566370625236001e-06,0.37371345903161324,0.0,0.0,1.1618676820674454,scenario_009_high_et_response_june2024,smartgarden_pa1_pilot_53a065f0754a
2024-06-12T08:00,31.8,64.0,398.0,300.0,98.0,1.03,101090.0,24.1,1.7,0.3,31.9,0.139,0,0,0,1.0,32.192838440943746,72.58255741321128,0.024758936941320107,33.913551465020646,0.20953062661965893,38471.8752,1.317911094313578,338.3,0.0023050832927318226,7.650244319759332e-06,0.36747300382505516,0.0,0.0,1.1533547455648867,scenario_009_high_et_response_june2024,smartgarden_pa1_pilot_53a065f0754a
2024-06-12T09:00,33.1,57.0,622.0,521.0,101.0,0.64,101080.0,23.3,2.19,0.47,33.9,0.138,0,1,0,1.0,34.4720145050026,60.95676913316023,0.023446500548665466,34.10486527770024,0.2077871787227516,58289.422399999996,2.132018447359543,528.6999999999999,0.0038368722850573933,1.1625897281371038e-05,0.3567109797700716,0.0,0.0,1.1446962765988944,scenario_009_high_et_response_june2024,smartgarden_pa1_pilot_53a065f0754a
2024-06-12T10:00,34.0,54.0,784.0,670.0,114.0,0.41,101070.0,23.3,2.47,0.6,35.4,0.137,0,1,0,1.0,36.21749850191337,56.085453816183986,0.023617925842082638,34.42741696113595,0.20547029838678785,73002.7936,2.6402576305609182,666.4,0.004175809624464773,1.4053777072384903e-05,0.34240924930115957,0.0,0.0,1.138125172076415,scenario_009_high_et_response_june2024,smartgarden_pa1_pilot_53a065f0754a
2024-06-12T11:00,34.7,52.0,895.0,763.0,132.0,0.41,100980.0,23.3,2.67,0.7,36.6,0.136,0,1,0,1.0,37.504909182574416,52.55969297897075,0.02364424758565834,34.839088097364254,0.2028252151048172,83404.0768,3.059638351610778,760.75,0.004490126483985375,1.529009316077155e-05,0.32608157472109395,0.0,0.0,1.132399304957085,scenario_009_high_et_response_june2024,smartgarden_pa1_pilot_53a065f0754a
2024-06-12T12:00,35.4,49.0,946.0,823.0,123.0,0.61,100910.0,23.2,2.9,0.75,37.5,0.134,0,1,0,1.0,38.51041639565736,48.68447150690364,0.023050017483040093,35.302896463503565,0.2000633425697996,87575.43519999999,3.4944832022312227,804.1,0.004756259565935739,1.5379195200709898e-05,0.3090329788259235,0.0,0.0,1.1279634011617792,scenario_009_high_et_response_june2024,smartgarden_pa1_pilot_53a065f0754a
2024-06-12T13:00,35.6,49.0,877.0,712.0,165.0,0.71,100830.0,23.2,2.96,0.7,37.9,0.133,0,1,0,1.0,38.84296185450408,47.307427567955415,0.022778129142893948,35.765333904105795,0.19745620487480134,82981.096,3.6530416293566486,745.4499999999999,0.004889316513893006,1.3609442822795813e-05,0.2929395362642058,0.0,0.0,1.1258678532557795,scenario_009_high_et_response_june2024,smartgarden_pa1_pilot_53a065f0754a
2024-06-12T14:00,34.8,52.0,672.0,559.0,113.0,0.64,100750.0,23.6,2.64,0.53,37.4,0.133,0,1,0,1.0,37.911922885574505,48.921955372111306,0.02246912840620917,36.14400239878096,0.19532864937693625,63111.61119999999,3.3677142917366094,571.1999999999999,0.004780892717327871,1.008478986493225e-05,0.279806477635409,0.0,0.0,1.1283417328840175,scenario_009_high_et_response_june2024,smartgarden_pa1_pilot_53a065f0754a
2024-06-12T15:00,34.6,53.0,591.0,482.0,109.0,1.08,100770.0,23.7,2.56,0.47,37.0,0.132,0,1,0,1.0,37.09310015217019,50.58177660116127,0.022280385764168423,36.42118029303021,0.1936524293295598,55842.8816,3.116661182908069,502.34999999999997,0.004913973860680528,8.573787312320652e-06,0.2694594403059248,0.0,0.0,1.1315443379837657,scenario_009_high_et_response_june2024,smartgarden_pa1_pilot_53a065f0754a
2024-06-12T16:00,32.9,61.0,391.0,281.0,110.0,0.94,100740.0,24.2,1.97,0.31,36.1,0.133,0,1,0,1.0,35.359849965847545,56.495576317719,0.022758493757408897,36.5995558641293,0.1923795852327679,38278.064000000006,2.495187762860657,332.34999999999997,0.00474873930562633,5.595340394589081e-06,0.2616023779800488,0.0,0.0,1.1375627455830242,scenario_009_high_et_response_june2024,smartgarden_pa1_pilot_53a065f0754a
2024-06-12T17:00,32.8,61.0,245.0,171.0,74.0,0.1,100720.0,24.2,1.95,0.17,35.1,0.133,0,1,0,1.0,34.145353306023,59.6188055635365,0.022543415660689382,36.652859731156205,0.19155894735308532,24163.4976,2.165425801764102,208.25,0.0034844976233825726,3.558589309713284e-06,0.25653671205608225,0.0,0.0,1.1418319018457617,scenario_009_high_et_response_june2024,smartgarden_pa1_pilot_53a065f0754a
2024-06-12T18:00,32.2,64.0,83.0,52.0,31.0,0.92,100740.0,24.4,1.74,0.07,34.0,0.133,1,1,0,1.0,33.07824551424408,62.185056215097894,0.02223081356457342,36.60944501054887,0.1911111161776045,8394.654400000001,1.9105118506372305,70.55,0.0038526985658820408,1.425534105786976e-06,0.2537723220839785,0.0,0.0,1.1460383459311956,scenario_009_high_et_response_june2024,smartgarden_pa1_pilot_53a065f0754a
2024-06-12T19:00,31.5,69.0,0.0,0.0,0.0,0.71,100790.0,25.1,1.43,0.03,33.0,0.133,0,0,0,1.0,31.986359753551596,67.50352990682936,0.022774877761971374,36.484028549725124,0.19925826492535192,0.0,1.5439435796472294,0.0,0.0018713136624101956,3.6617620903287867e-07,0.3040633637367403,0.0,0.0,1.1507101216390074,scenario_009_high_et_response_june2024,smartgarden_pa1_pilot_53a065f0754a
2024-06-12T20:00,31.1,72.0,0.0,0.0,0.0,0.64,100870.0,25.4,1.26,0.0,32.3,0.132,0,0,0,1.0,31.362228137394492,71.36693150909251,0.023289573420267055,36.3229129459076,0.19919786490348687,0.0,1.3131333888213494,0.0,0.0015536467663561085,3.110532103056957e-07,0.303690524095598,0.0,0.0,1.1539838544054837,scenario_009_high_et_response_june2024,smartgarden_pa1_pilot_53a065f0754a
2024-06-12T21:00,30.7,75.0,0.0,0.0,0.0,0.71,100900.0,25.7,1.12,0.0,31.8,0.132,0,0,0,1.0,30.944093516652643,74.33136158863869,0.02371957133964041,36.15548708882501,0.19914546395706634,0.0,1.1495219550060591,0.0,0.0016477352234623938,2.72007136110699e-07,0.3033670614633725,0.0,0.0,1.1559142832529419,scenario_009_high_et_response_june2024,smartgarden_pa1_pilot_53a065f0754a
2024-06-12T22:00,30.4,78.0,0.0,0.0,0.0,0.72,100910.0,26.1,0.96,0.0,31.3,0.132,0,0,0,1.0,30.606492241749542,77.32692409936112,0.02423186090843116,35.98423320162489,0.19909984266142647,0.0,0.9960101139074213,0.0,0.0016270220028808194,2.3546341424687775e-07,0.3030854485273239,0.0,0.0,1.1573136781068762,scenario_009_high_et_response_june2024,smartgarden_pa1_pilot_53a065f0754a
2024-06-12T23:00,30.1,81.0,0.0,0.0,0.0,0.76,100920.0,26.5,0.82,0.0,30.9,0.132,0,0,0,1.0,30.305968009948504,80.236816163179,0.024739959632002418,35.810784505753595,0.19906053284400407,0.0,0.8533940257987362,0.0,0.001694479329300257,2.0158650118906848e-07,0.3028427953333585,0.0,0.0,1.158574612083435,scenario_009_high_et_response_june2024,smartgarden_pa1_pilot_53a065f0754a
2024-06-13T00:00,29.8,84.0,0.0,0.0,0.0,0.72,100900.0,26.8,0.67,0.0,30.4,0.132,0,0,0,1.0,30.009653841809,83.13764214385182,0.02522753145704314,35.63552891645024,0.19902719862671334,0.0,0.7158770876438991,0.0,0.0016306139317268018,1.6898771340259137e-07,0.3026370285599589,0.0,0.0,1.15947719854626,scenario_009_high_et_response_june2024,smartgarden_pa1_pilot_53a065f0754a
2024-06-13T01:00,29.3,87.0,0.0,0.0,0.0,0.95,100810.0,27.0,0.52,0.0,29.9,0.132,0,0,0,1.0,29.592744808111696,85.78104784990677,0.025448683317706083,35.45751134934441,0.1989994540072741,0.0,0.5893686251595178,0.0,0.002096022699258996,1.3904578923846075e-07,0.3024657654770006,0.0,0.0,1.1600382765369517,scenario_009_high_et_response_june2024,smartgarden_pa1_pilot_53a065f0754a
2024-06-13T02:00,29.4,86.0,0.0,0.0,0.0,1.1,100800.0,26.8,0.57,0.0,29.4,0.132,0,0,0,1.0,29.462873333254777,85.98413033370036,0.02532981623975847,35.277187390315845,0.19897517281754468,0.0,0.5766242344080563,0.0,0.0021926305023960172,1.359716777414616e-07,0.30231588158978195,0.0,0.0,1.1604210056132176,scenario_009_high_et_response_june2024,smartgarden_pa1_pilot_53a065f0754a
2024-06-13T03:00,29.2,86.0,0.0,0.0,0.0,1.2,100740.0,26.7,0.55,0.0,29.1,0.132,0,0,0,1.0,29.355364645522286,85.57468715943655,0.02506244499389874,35.100487290602736,0.19895029907281142,0.0,0.589804583618919,0.0,0.002446694501245161,1.3900905182022012e-07,0.3021623399556261,0.0,0.0,1.160142440375565,scenario_009_high_et_response_june2024,smartgarden_pa1_pilot_53a065f0754a
2024-06-13T04:00,28.6,90.0,0.0,0.0,0.0,1.3,100750.0,26.8,0.39,0.0,28.9,0.132,0,0,0,1.0,28.92440138059804,88.46188945924463,0.02530746775226952,34.922969049907124,0.19892764086821843,0.0,0.4601641755222272,0.0,0.0027375385233439865,1.0840433991289916e-07,0.3020224744951755,0.0,0.0,1.1619129178070338,scenario_009_high_et_response_june2024,smartgarden_pa1_pilot_53a065f0754a
2024-06-13T05:00,28.2,92.0,0.0,0.0,0.0,1.1,100780.0,26.7,0.32,0.0,28.6,0.132,0,0,0,1.0,28.470071222121135,90.78086985330305,0.02533447638298862,34.73963708475967,0.19891047388208494,0.0,0.3581289936547418,0.0,0.0023433752745556815,8.433754232495518e-08,0.3019165054449688,0.0,0.0,1.1640096068194175,scenario_009_high_et_response_june2024,smartgarden_pa1_pilot_53a065f0754a
2024-06-13T06:00,28.3,92.0,24.0,13.0,11.0,1.22,100880.0,26.8,0.32,0.01,28.7,0.132,1,0,0,1.0,28.42693689613914,91.88913116993582,0.025583313034822388,34.5609272618233,0.19886412167361384,2499.0063999999998,0.31428948316477134,20.4,0.002465398952665754,4.339091163657359e-07,0.30163038070132,0.0,0.0,1.1653312600525954,scenario_009_high_et_response_june2024,smartgarden_pa1_pilot_53a065f0754a
2024-06-13T07:00,30.6,76.0,190.0,136.0,54.0,1.2,100900.0,25.9,1.05,0.14,31.0,0.132,0,0,0,1.0,30.23825766779539,82.17735624152158,0.02524591603239307,34.44886383905228,0.20683670702736912,18619.849599999998,0.7666225111950364,161.5,0.002580941174734234,3.524477728962603e-06,0.35084387053931554,0.0,0.0,1.1586035295197483,scenario_009_high_et_response_june2024,smartgarden_pa1_pilot_53a065f0754a
2024-06-13T08:00,32.3,64.0,407.0,327.0,80.0,1.08,100910.0,24.5,1.76,0.31,32.6,0.132,0,0,0,1.0,32.788287349536006,71.17187668285762,0.025056603712054225,34.483864584290004,0.2058547079169931,38630.592000000004,1.4329653679698175,345.95,0.0024540418316162478,7.363094446617494e-06,0.3447821476357598,0.0,0.0,1.1490603099425214,scenario_009_high_et_response_june2024,smartgarden_pa1_pilot_53a065f0754a
2024-06-13T09:00,33.6,56.0,613.0,510.0,103.0,1.22,100910.0,23.7,2.27,0.48,34.4,0.131,0,1,0,1.0,34.986071598819784,58.233700050468094,0.02300749045392842,34.67160339313538,0.20421092098991345,57567.7872,2.3465786515238074,521.05,0.004572085576096379,1.0812654755783858e-05,0.33463531475255215,0.0,0.0,1.1408646234149253,scenario_009_high_et_response_june2024,smartgarden_pa1_pilot_53a065f0754a
2024-06-13T10:00,34.6,53.0,773.0,664.0,109.0,1.17,100820.0,23.6,2.6,0.61,36.0,0.13,0,1,0,1.0,36.75347831211194,53.582551307417546,0.023194736673446067,34.98505653044234,0.20205613531099303,71858.88160000001,2.8737268123497675,657.05,0.00486958339340843,1.3071530765449028e-05,0.32133416858637676,0.0,0.0,1.133346456679407,scenario_009_high_et_response_june2024,smartgarden_pa1_pilot_53a065f0754a
2024-06-13T11:00,35.3,51.0,877.0,752.0,125.0,0.89,100720.0,23.7,2.8,0.7,37.3,0.129,0,1,0,1.0,38.06374424914141,50.55240846868654,0.023397958135025085,35.38662607218515,0.19960361264390983,81573.8,3.2870909836611917,745.4499999999999,0.004830224275322875,1.413787346729339e-05,0.3061951397772212,0.0,0.0,1.127455468074976,scenario_009_high_et_response_june2024,smartgarden_pa1_pilot_53a065f0754a
2024-06-13T12:00,36.2,48.0,902.0,752.0,150.0,0.54,100610.0,23.5,3.1,0.72,38.3,0.128,0,1,0,1.0,39.15445536830752,47.445281907501126,0.023206547091454758,35.83366444808747,0.1970819648440427,84653.36,3.7049221878009826,766.6999999999999,0.004631731324281102,1.387516818345438e-05,0.29062941261754754,0.0,0.0,1.1222908388552195,scenario_009_high_et_response_june2024,smartgarden_pa1_pilot_53a065f0754a
2024-06-13T13:00,36.5,48.0,864.0,709.0,155.0,0.57,100580.0,23.6,3.2,0.69,38.7,0.127,0,1,0,1.0,39.66397076818073,46.18640158811331,0.023177537440412597,36.28403874457287,0.19469168705537,81485.272,3.8985494189233827,734.4,0.004749447211436582,1.2691133835900952e-05,0.2758746114529012,0.0,0.0,1.1201287363345598,scenario_009_high_et_response_june2024,smartgarden_pa1_pilot_53a065f0754a
2024-06-13T14:00,36.3,48.0,760.0,610.0,150.0,0.42,100480.0,23.5,3.15,0.6,38.6,0.126,0,1,0,1.0,39.41770093344322,45.676673322707906,0.022639696641003515,36.69094695994728,0.19258636723661013,72157.36,3.883991745841387,646.0,0.00464302495625843,1.073084803288875e-05,0.26287881010253167,0.0,0.0,1.119896730772643,scenario_009_high_et_response_june2024,smartgarden_pa1_pilot_53a065f0754a
2024-06-13T15:00,35.8,50.0,572.0,436.0,136.0,0.67,100470.0,23.7,2.96,0.46,38.1,0.126,0,1,0,1.0,38.490635535735116,47.22706518958697,0.022337598692190704,37.00393984462661,0.1909144199447568,55120.8064,3.589901723967998,486.2,0.0045970646286630735,7.890629596201878e-06,0.2525581478071408,0.0,0.0,1.1231164019493285,scenario_009_high_et_response_june2024,smartgarden_pa1_pilot_53a065f0754a
2024-06-13T16:00,34.9,52.0,314.0,178.0,136.0,1.2,100560.0,23.7,2.67,0.28,37.1,0.126,0,1,0,1.0,36.876853285203005,49.18039223649084,0.021424345109069903,37.17412364925824,0.18980796635321157,32416.806399999998,3.167509264205415,266.9,0.0048263772216194396,4.443824034425571e-06,0.24572818736550353,0.0,0.0,1.12997387097082,scenario_009_high_et_response_june2024,smartgarden_pa1_pilot_53a065f0754a
2024-06-13T17:00,32.8,61.0,147.0,66.0,81.0,0.89,100540.0,24.3,1.93,0.13,35.6,0.127,0,1,0,1.0,34.5042681581688,57.04487117094915,0.021978815867255405,37.19456484719684,0.18920997696606667,15785.774399999998,2.34983497057332,124.95,0.004307883311928485,2.212809308250138e-06,0.24203689485226343,0.0,0.0,1.1384615963095936,scenario_009_high_et_response_june2024,smartgarden_pa1_pilot_53a065f0754a
2024-06-13T18:00,32.2,63.0,60.0,36.0,24.0,0.64,100570.0,24.3,1.77,0.06,34.3,0.127,1,1,0,1.0,32.95093503828563,61.49319679649239,0.021836146621216718,37.10665883595125,0.1889154656797697,6124.3776,1.931624734126876,51.0,0.0033881445671052664,1.0786231553848005e-06,0.24021892394919564,0.0,0.0,1.14458023659467,scenario_009_high_et_response_june2024,smartgarden_pa1_pilot_53a065f0754a
2024-06-13T19:00,31.6,68.0,0.0,0.0,0.0,1.06,100660.0,24.9,1.5,0.04,33.3,0.127,0,0,0,1.0,32.02336215926496,66.74114196718925,0.022562052516271205,36.96085583806098,0.19709940390863928,0.0,1.5834728942219285,0.0,0.0023773927810921297,3.590919194457143e-07,0.29073706116444004,0.0,0.0,1.1490865794913254,scenario_009_high_et_response_june2024,smartgarden_pa1_pilot_53a065f0754a
2024-06-13T20:00,31.1,71.0,0.0,0.0,0.0,0.92,100690.0,25.3,1.3,0.01,32.5,0.127,0,0,0,1.0,31.397000579094932,70.20337450390592,0.022952511977954823,36.78760984595779,0.19703950942680162,0.0,1.3691951403284124,0.0,0.002046506791023269,3.1010425193997085e-07,0.2903673421407508,0.0,0.0,1.1517930750183778,scenario_009_high_et_response_june2024,smartgarden_pa1_pilot_53a065f0754a
2024-06-13T21:00,30.8,74.0,0.0,0.0,0.0,0.86,100750.0,25.6,1.15,0.0,31.9,0.127,0,0,0,1.0,31.011296423820056,73.36768389891421,0.023496622919081916,36.60810191159474,0.19698734033230075,0.0,1.1972510615284948,0.0,0.0018716624289828799,2.708605037726743e-07,0.29004531069321454,0.0,0.0,1.1539408637116029,scenario_009_high_et_response_june2024,smartgarden_pa1_pilot_53a065f0754a
2024-06-13T22:00,30.5,77.0,0.0,0.0,0.0,0.94,100760.0,26.0,1.0,0.0,31.3,0.127,0,0,0,1.0,30.705738487359937,76.30284796839383,0.024038925644662364,36.426213593198554,0.1969417011885196,0.0,1.0469106284565326,0.0,0.00200827938272009,2.366181320730348e-07,0.28976358758345444,0.0,0.0,1.1552159191949345,scenario_009_high_et_response_june2024,smartgarden_pa1_pilot_53a065f0754a
2024-06-13T23:00,30.2,79.0,0.0,0.0,0.0,0.89,100770.0,26.2,0.9,0.0,30.8,0.127,0,0,0,1.0,30.40841884366301,78.37672783951346,0.024300269378081073,36.2427023110161,0.19690141377803377,0.0,0.9392027636227525,0.0,0.001922159483184154,2.1209229136883937e-07,0.28951489986440604,0.0,0.0,1.156462155498696,scenario_009_high_et_response_june2024,smartgarden_pa1_pilot_53a065f0754a
2024-06-14T00:00,29.7,84.0,0.0,0.0,0.0,0.95,100680.0,26.6,0.68,0.0,30.3,0.127,0,0,0,1.0,29.99272808436258,82.60662149971465,0.025043472170699833,36.05665600577876,0.19686707091415667,0.0,0.7377045959753539,0.0,0.0020957069376349416,1.6646766554540397e-07,0.28930290687751037,0.0,0.0,1.1570136990078923,scenario_009_high_et_response_june2024,smartgarden_pa1_pilot_53a065f0754a
2024-06-14T01:00,29.1,88.0,0.0,0.0,0.0,1.04,100660.0,26.9,0.47,0.0,29.8,0.127,0,0,0,1.0,29.446909468317482,86.41900613001985,0.02543587167471134,35.864949246944136,0.1968408356256614,0.0,0.5582196300336362,0.0,0.0022918984034145306,1.258952448646296e-07,0.2891409606522309,0.0,0.0,1.1588704441549267,scenario_009_high_et_response_june2024,smartgarden_pa1_pilot_53a065f0754a
2024-06-14T02:00,28.9,88.0,0.0,0.0,0.0,1.04,100630.0,26.7,0.47,0.0,29.4,0.127,0,0,0,1.0,29.098152926520978,87.35346193677013,0.02522802465716117,35.667849475803884,0.19681955814241933,0.0,0.5094600592972056,0.0,0.0021828205933823027,1.1484630862132478e-07,0.2890096181630823,0.0,0.0,1.1598618554718532,scenario_009_high_et_response_june2024,smartgarden_pa1_pilot_53a065f0754a
2024-06-14T03:00,28.6,89.0,0.0,0.0,0.0,1.1,100610.0,26.7,0.41,0.0,29.0,0.127,0,0,0,1.0,28.823260932241652,88.13814449980907,0.02507615988312747,35.46997262798697,0.19679961446872718,0.0,0.47031621292489145,0.0,0.0023100260950837414,1.0597704694911016e-07,0.2888865090662172,0.0,0.0,1.1606869698048086,scenario_009_high_et_response_june2024,smartgarden_pa1_pilot_53a065f0754a
2024-06-14T04:00,28.4,90.0,0.0,0.0,0.0,1.2,100600.0,26.6,0.39,0.0,28.8,0.127,0,0,0,1.0,28.586807084773135,89.22306755743143,0.025059181636255642,35.2716770412113,0.19678155756448318,0.0,0.4214876847201978,0.0,0.0024680428561909755,9.493779815220841e-08,0.2887750466943406,0.0,0.0,1.1614810783050094,scenario_009_high_et_response_june2024,smartgarden_pa1_pilot_53a065f0754a
2024-06-14T05:00,28.6,88.0,0.0,0.0,0.0,1.1,100680.0,26.4,0.47,0.0,28.5,0.127,0,0,0,1.0,28.622750814580396,88.18248253097859,0.024815618726123926,35.07621161156235,0.19676393537237852,0.0,0.46314903864310386,0.0,0.0021624044341852842,1.0428249342278134e-07,0.2886662677307316,0.0,0.0,1.1622662689108698,scenario_009_high_et_response_june2024,smartgarden_pa1_pilot_53a065f0754a
2024-06-14T06:00,28.7,88.0,24.0,13.0,11.0,1.2,100710.0,26.6,0.45,0.02,28.6,0.127,1,0,0,1.0,28.800031921764216,88.07526592778919,0.025026532505053843,34.89485390887078,0.1967138952630367,2499.0063999999998,0.4721741487099824,20.4,0.0024093628315795135,4.503265167613228e-07,0.2883573781668933,0.0,0.0,1.1619299998891828,scenario_009_high_et_response_june2024,smartgarden_pa1_pilot_53a065f0754a
2024-06-14T07:00,30.6,75.0,194.0,141.0,53.0,1.1,100710.0,25.7,1.09,0.14,31.1,0.127,0,0,0,1.0,30.406283415318192,80.7226019425213,0.025024714705503735,34.78111378130688,0.20468798870611465,18936.6672,0.8372079242432733,164.9,0.002288144389478016,3.4769651599152833e-06,0.33758017719823863,0.0,0.0,1.15578171075898,scenario_009_high_et_response_june2024,smartgarden_pa1_pilot_53a065f0754a
2024-06-14T08:00,32.6,60.0,418.0,342.0,76.0,0.54,100710.0,23.9,1.94,0.31,32.7,0.126,0,0,0,1.0,33.03782763438731,71.60858212735666,0.025545097010112428,34.81402621315651,0.2037194779823973,39457.8624,1.4311632982341123,355.3,0.0015908251931461145,7.262527686192688e-06,0.3316017159407242,0.0,0.0,1.145848296021522,scenario_009_high_et_response_june2024,smartgarden_pa1_pilot_53a065f0754a
2024-06-14T09:00,34.0,53.0,623.0,529.0,94.0,0.3,100660.0,23.2,2.47,0.47,34.7,0.126,0,1,0,1.0,35.425529466594035,56.58097388149583,0.022870679041711597,35.00548532516448,0.20210267418170563,58131.145599999996,2.4993202454777688,529.55,0.003610619685643107,1.059039752764276e-05,0.3216214455660842,0.0,0.0,1.1364174452900693,scenario_009_high_et_response_june2024,smartgarden_pa1_pilot_53a065f0754a
2024-06-14T10:00,35.2,50.0,793.0,686.0,107.0,0.4,100630.0,23.0,2.86,0.62,36.4,0.125,0,1,0,1.0,37.401522484367405,51.546915750333106,0.023066535599295786,35.32874057866153,0.19998199565219638,73548.5168,3.1074666916188423,674.05,0.0041561611156892345,1.2913789293272884e-05,0.3085308373592369,0.0,0.0,1.1288500557389536,scenario_009_high_et_response_june2024,smartgarden_pa1_pilot_53a065f0754a
2024-06-14T11:00,35.8,48.0,842.0,715.0,127.0,1.49,100570.0,23.1,3.05,0.68,37.4,0.124,0,1,0,1.0,38.55230266576128,46.783535496472936,0.022197053171556,35.730805965092394,0.19763439825747597,78564.1648,3.6321185711083146,715.6999999999999,0.005538880789641975,1.3144007235186217e-05,0.29403949541651836,0.0,0.0,1.124011846083983,scenario_009_high_et_response_june2024,smartgarden_pa1_pilot_53a065f0754a
2024-06-14T12:00,36.1,48.0,935.0,798.0,137.0,1.96,100550.0,23.3,3.1,0.76,38.1,0.123,0,1,0,1.0,39.24154654764054,45.31436966829055,0.02226177876240558,36.174347483606255,0.19520495671703603,87099.98879999999,3.873183919047069,794.75,0.006349519897788747,1.3816520672415603e-05,0.27904294269775326,0.0,0.0,1.121308851812276,scenario_009_high_et_response_june2024,smartgarden_pa1_pilot_53a065f0754a
2024-06-14T13:00,36.1,49.0,848.0,712.0,136.0,1.75,100460.0,23.6,3.05,0.7,38.3,0.123,0,1,0,1.0,39.30981218177709,45.583945072767364,0.022471356623134292,36.6162356024694,0.1928873133737756,79408.8064,3.868212368250116,720.8,0.006064398971212857,1.1961855615280357e-05,0.2647365023072568,0.0,0.0,1.1200604317847702,scenario_009_high_et_response_june2024,smartgarden_pa1_pilot_53a065f0754a
2024-06-14T14:00,35.3,53.0,662.0,452.0,210.0,1.75,100410.0,24.2,2.7,0.55,37.9,0.122,0,1,0,1.0,38.320878782186455,48.562972482474585,0.022772602774515496,36.97124841598985,0.1910034725693537,65644.304,3.4671483636726816,562.6999999999999,0.006002958947260624,9.016290467079434e-06,0.253107855366381,0.0,0.0,1.1230574358458392,scenario_009_high_et_response_june2024,smartgarden_pa1_pilot_53a065f0754a
2024-06-14T15:00,34.6,55.0,516.0,365.0,151.0,1.81,100370.0,24.4,2.45,0.44,37.3,0.122,0,1,0,1.0,37.05865153134661,51.11205553089055,0.022474279015879534,37.21044709856513,0.1895784475650497,50720.5424,3.0774415275816334,438.59999999999997,0.005898749225242111,6.855012622303958e-06,0.24431140472252913,0.0,0.0,1.1271779049169741,scenario_009_high_et_response_june2024,smartgarden_pa1_pilot_53a065f0754a
2024-06-14T16:00,34.6,55.0,417.0,306.0,111.0,0.92,100310.0,24.3,2.45,0.34,36.7,0.121,0,1,0,1.0,36.4304367202586,52.92405434517186,0.022532416629700826,37.362687672043165,0.18847289692342034,40601.246399999996,2.863511508331626,354.45,0.004405177260401978,5.454807013678371e-06,0.2374870180458046,0.0,0.0,1.1287900450171788,scenario_009_high_et_response_june2024,smartgarden_pa1_pilot_53a065f0754a
2024-06-14T17:00,34.1,57.0,282.0,210.0,72.0,0.89,100350.0,24.3,2.31,0.22,36.0,0.121,0,1,0,1.0,35.65344808227342,54.75744720011003,0.022396515978512877,37.441897757468745,0.18764685348494503,27349.1328,2.637170564257158,239.7,0.004219854000421162,3.736669359573696e-06,0.23238798447496936,0.0,0.0,1.1320814771288046,scenario_009_high_et_response_june2024,smartgarden_pa1_pilot_53a065f0754a
2024-06-14T18:00,33.2,61.0,83.0,53.0,30.0,0.72,100470.0,24.8,1.97,0.07,34.9,0.121,1,1,0,1.0,34.25211391567771,58.70384048546789,0.022321835810463476,37.415453319222976,0.18719031269693762,8359.472,2.227673891002762,70.55,0.003707224428506099,1.3463721105412144e-06,0.2295698314625779,0.0,0.0,1.1386021547662695,scenario_009_high_et_response_june2024,smartgarden_pa1_pilot_53a065f0754a
2024-06-14T19:00,32.2,68.0,0.0,0.0,0.0,0.91,100530.0,25.6,1.51,0.03,33.7,0.121,0,1,0,1.0,32.814157717947616,65.93787544004492,0.02324572797021929,37.2897440063695,0.1953431958727757,0.0,1.6955952584404361,0.0,0.003657133785754518,3.701808159323659e-07,0.27989627081960317,0.0,0.0,1.144636465638791,scenario_009_high_et_response_june2024,smartgarden_pa1_pilot_53a065f0754a
2024-06-14T20:00,31.4,74.0,0.0,0.0,0.0,1.04,100570.0,26.3,1.18,0.01,32.9,0.121,0,0,0,1.0,31.83099565557486,72.3696656509536,0.02421541183208455,37.12064111046702,0.1952848262196892,0.0,1.3012655036114547,0.0,0.002349053142843316,2.8372539576199045e-07,0.2795359643190692,0.0,0.0,1.1487833197437674,scenario_009_high_et_response_june2024,smartgarden_pa1_pilot_53a065f0754a
2024-06-14T21:00,30.9,79.0,0.0,0.0,0.0,0.78,100630.0,26.9,0.92,0.0,32.3,0.121,0,0,0,1.0,31.2088501006989,77.67278957754894,0.02514015958274314,36.938702276487895,0.19523966602916165,0.0,1.0150588747458582,0.0,0.0018227750880910774,2.2110074756100384e-07,0.2792571977108744,0.0,0.0,1.1518183333598095,scenario_009_high_et_response_june2024,smartgarden_pa1_pilot_53a065f0754a
2024-06-14T22:00,30.6,82.0,0.0,0.0,0.0,0.78,100610.0,27.1,0.79,0.0,31.9,0.121,0,0,0,1.0,30.823441970769725,81.10527432082964,0.02571405187115162,36.75079391675317,0.19520357523295764,0.0,0.8403677076389182,0.0,0.0017448183634762647,1.829033791269822e-07,0.2790344150182571,0.0,0.0,1.1530495128821951,scenario_009_high_et_response_june2024,smartgarden_pa1_pilot_53a065f0754a
2024-06-14T23:00,30.3,84.0,0.0,0.0,0.0,0.78,100640.0,27.3,0.7,0.0,31.5,0.121,0,0,0,1.0,30.517606261611927,83.2224059005252,0.025954849818524858,36.560732082470345,0.19517287499488578,0.0,0.7332939606359363,0.0,0.0017395452260018846,1.5949072349557556e-07,0.27884490737583817,0.0,0.0,1.1545549586893937,scenario_009_high_et_response_june2024,smartgarden_pa1_pilot_53a065f0754a
2024-06-15T00:00,30.0,86.0,0.0,0.0,0.0,0.76,100620.0,27.4,0.6,0.0,31.2,0.121,0,0,0,1.0,30.219829808375213,85.16045472892286,0.02613635766308672,36.36926876371808,0.19514605859454856,0.0,0.6376344590558567,0.0,0.0017078900541292329,1.3860254609470623e-07,0.27867937404042326,0.0,0.0,1.1554585587872142,scenario_009_high_et_response_june2024,smartgarden_pa1_pilot_53a065f0754a
2024-06-15T01:00,29.8,87.0,0.0,0.0,0.0,0.76,100570.0,27.4,0.56,0.0,30.9,0.121,0,0,0,1.0,29.98191361110268,86.38903551303547,0.026174861022504523,36.17702596653496,0.19512241599791574,0.0,0.5769232301203306,0.0,0.001671249125133229,1.253400777216892e-07,0.2785334320858997,0.0,0.0,1.1557908122384457,scenario_009_high_et_response_june2024,smartgarden_pa1_pilot_53a065f0754a
2024-06-15T02:00,29.4,88.0,0.0,0.0,0.0,0.85,100560.0,27.1,0.5,0.0,30.6,0.121,0,0,0,1.0,29.659056794722716,87.11121441641824,0.02593638222638913,35.98432441146549,0.19510062829299385,0.0,0.5362754230996103,0.0,0.0018968454226385688,1.1645283731795777e-07,0.278398940080209,0.0,0.0,1.1569080767259559,scenario_009_high_et_response_june2024,smartgarden_pa1_pilot_53a065f0754a
2024-06-15T03:00,29.2,88.0,0.0,0.0,0.0,0.95,100530.0,27.1,0.48,0.0,30.3,0.121,0,0,0,1.0,29.388333301042334,87.42273948105135,0.02564958405785669,35.78981649957673,0.19508019475263072,0.0,0.5152216303559869,0.0,0.0020126542644630444,1.1183029210511314e-07,0.27827280711500446,0.0,0.0,1.1575978762133763,scenario_009_high_et_response_june2024,smartgarden_pa1_pilot_53a065f0754a
2024-06-15T04:00,29.1,89.0,0.0,0.0,0.0,0.89,100500.0,27.1,0.44,0.0,30.1,0.121,0,0,0,1.0,29.241150652306924,88.43526394264995,0.025739938811524,35.59616717602383,0.19506091704533493,0.0,0.46974108010851934,0.0,0.0018644369944921973,1.0191501109860306e-07,0.27815380892182057,0.0,0.0,1.1578156964514597,scenario_009_high_et_response_june2024,smartgarden_pa1_pilot_53a065f0754a
2024-06-15T05:00,28.9,90.0,0.0,0.0,0.0,0.89,100530.0,27.1,0.41,0.0,29.8,0.121,0,0,0,1.0,29.07617379465469,89.31043869545447,0.0257623613970509,35.4047510386745,0.19504334020711658,0.0,0.43007788000970537,0.0,0.0018951551267334579,9.327328720104598e-08,0.27804530992047277,0.0,0.0,1.1587935211077185,scenario_009_high_et_response_june2024,smartgarden_pa1_pilot_53a065f0754a
2024-06-15T06:00,29.0,89.0,23.0,10.0,13.0,1.08,100570.0,27.0,0.43,0.01,29.8,0.121,1,0,0,1.0,29.115574330415473,89.1042024920994,0.025758060905781584,35.22204196024524,0.1949980159913229,2481.3712,0.43937404098635513,19.55,0.0021944140045972254,4.1286700515066456e-07,0.27776553081063526,0.0,0.0,1.1591034851523814,scenario_009_high_et_response_june2024,smartgarden_pa1_pilot_53a065f0754a
2024-06-15T07:00,30.0,81.0,161.0,72.0,89.0,0.95,100690.0,26.4,0.8,0.12,30.8,0.121,0,0,0,1.0,30.09598233489785,85.24643050172553,0.02598838007419495,35.09258633303121,0.20303762814855297,17299.2336,0.6294581695253418,136.85,0.0019355873486490802,2.7817588944892e-06,0.3273927663490925,0.0,0.0,1.1567346204680513,scenario_009_high_et_response_june2024,smartgarden_pa1_pilot_53a065f0754a
2024-06-15T08:00,31.6,70.0,350.0,212.0,138.0,0.45,100690.0,25.5,1.38,0.26,32.3,0.12,0,0,0,1.0,32.055582557471475,79.57980793736527,0.026948370810749505,35.07781081155268,0.20225872853732282,35655.1712,0.9739880510745889,297.5,0.0015014478857156423,5.859255314604942e-06,0.32258474405754833,0.0,0.0,1.1493077005515355,scenario_009_high_et_response_june2024,smartgarden_pa1_pilot_53a065f0754a
2024-06-15T09:00,33.0,62.0,572.0,377.0,195.0,0.45,100720.0,24.7,1.93,0.44,34.1,0.12,0,1,0,1.0,34.26858293679835,65.00012886054724,0.024737272926638798,35.20889396880302,0.20087809549338767,57196.568,1.889756597125292,486.2,0.0035964868187991347,9.395711331134948e-06,0.3140623178604177,0.0,0.0,1.1413741952155128,scenario_009_high_et_response_june2024,smartgarden_pa1_pilot_53a065f0754a
2024-06-15T10:00,34.4,55.0,762.0,608.0,154.0,0.32,100620.0,24.1,2.42,0.59,35.8,0.12,0,1,0,1.0,36.42119506844583,56.71478531214442,0.02413483833651713,35.48281392606403,0.19894157859057146,72474.08959999999,2.6316002964244474,647.6999999999999,0.004012216919914678,1.2067149884158843e-05,0.30210850981834236,0.0,0.0,1.1323122820015783,scenario_009_high_et_response_june2024,smartgarden_pa1_pilot_53a065f0754a
2024-06-15T11:00,35.1,52.0,824.0,698.0,126.0,0.22,100570.0,23.9,2.7,0.65,37.0,0.119,0,1,0,1.0,37.80533922496897,51.59378904743681,0.023568022911289527,35.84973287365049,0.19672473728396578,76944.9824,3.1731933886063524,700.4,0.004361333399368301,1.2531600740921266e-05,0.288424304222011,0.0,0.0,1.1267118986321554,scenario_009_high_et_response_june2024,smartgarden_pa1_pilot_53a065f0754a
2024-06-15T12:00,35.8,50.0,895.0,690.0,205.0,0.57,100440.0,23.7,2.95,0.71,38.1,0.118,0,1,0,1.0,38.8124115955652,48.64930426602666,0.023388089579622563,36.26290628619159,0.19442803913092344,85972.39199999999,3.55417183655786,760.75,0.004680955678079056,1.2965343892686221e-05,0.27424715512915704,0.0,0.0,1.1216229419605785,scenario_009_high_et_response_june2024,smartgarden_pa1_pilot_53a065f0754a
2024-06-15T13:00,36.2,49.0,828.0,658.0,170.0,1.08,100370.0,23.8,3.05,0.67,38.5,0.118,0,1,0,1.0,39.26562612907351,46.498629437385084,0.022871305420177953,36.682809693374054,0.19222741632828919,78845.008,3.794199497950436,703.8,0.005156244197591826,1.1503523839028403e-05,0.2606630637548715,0.0,0.0,1.1192152654226135,scenario_009_high_et_response_june2024,smartgarden_pa1_pilot_53a065f0754a
2024-06-15T14:00,36.0,49.0,843.0,727.0,116.0,1.51,100270.0,23.6,3.02,0.68,38.6,0.117,0,1,0,1.0,39.24690983408403,45.512495149432894,0.022365155723617684,37.0828422770877,0.19018857377491877,78265.1584,3.8602607057563296,716.55,0.00574841344355364,1.1145923449291038e-05,0.24807761589456032,0.0,0.0,1.1181671635032204,scenario_009_high_et_response_june2024,smartgarden_pa1_pilot_53a065f0754a
2024-06-15T15:00,33.9,57.0,658.0,509.0,149.0,1.84,100310.0,24.3,2.26,0.53,37.9,0.121,0,1,0,1.0,37.421975571340596,50.44243166845766,0.022595890833892077,37.41410272002872,0.1884366788604071,63146.17759999999,3.181833221576255,559.3,0.006303211916885926,8.351882202550507e-06,0.23726344975559943,0.0,0.0,1.1251862453430774,scenario_009_high_et_response_june2024,smartgarden_pa1_pilot_53a065f0754a
2024-06-15T16:00,32.6,65.0,393.0,306.0,87.0,1.91,100350.0,25.2,1.72,0.32,36.4,0.121,0,1,0,1.0,35.05339240756079,59.10816090126053,0.023434902809398573,37.577989092340495,0.187248575184817,37644.8688,2.3060115234593113,334.05,0.006056616820710223,4.9068362014400325e-06,0.22992947644948766,0.0,0.0,1.134285579780893,scenario_009_high_et_response_june2024,smartgarden_pa1_pilot_53a065f0754a
2024-06-15T17:00,32.3,66.0,180.0,111.0,69.0,0.91,100400.0,25.1,1.65,0.15,35.2,0.121,0,1,0,1.0,33.569002799777465,63.35245624247205,0.023241479197979066,37.579755307369936,0.1865977959233293,18267.5856,1.9030822934733016,153.0,0.004083896120774245,2.3573734196616804e-06,0.2259123205143785,0.0,0.0,1.1403429397483646,scenario_009_high_et_response_june2024,smartgarden_pa1_pilot_53a065f0754a
2024-06-15T18:00,31.6,68.0,61.0,33.0,28.0,0.71,100450.0,25.0,1.47,0.05,34.0,0.121,1,1,0,1.0,32.409845582815244,66.03875601965008,0.022787876534219577,37.47528791419844,0.18629906690148404,6353.1071999999995,1.6525573915896055,51.85,0.003522523591716658,9.68472496472959e-07,0.22406831420669163,0.0,0.0,1.1452389444164672,scenario_009_high_et_response_june2024,smartgarden_pa1_pilot_53a065f0754a
2024-06-15T19:00,30.8,71.0,0.0,0.0,0.0,1.12,100530.0,24.9,1.28,0.03,33.0,0.121,0,1,0,1.0,31.31274359727822,69.36250607128244,0.022575607305000484,37.30572832620412,0.19449898589138984,0.0,1.401114947910203,0.0,0.003927503665136933,3.0019500958908516e-07,0.274685098094999,0.0,0.0,1.1502810753281014,scenario_009_high_et_response_june2024,smartgarden_pa1_pilot_53a065f0754a
2024-06-15T20:00,30.1,72.0,0.0,0.0,0.0,1.04,100550.0,24.5,1.19,0.01,32.2,0.12,0,0,0,1.0,30.501658328758797,71.02226741439993,0.02213093896719055,37.10498187927641,0.19444798810881614,0.0,1.2653686493510627,0.0,0.0023298345902386993,2.708000662352304e-07,0.27437029696800086,0.0,0.0,1.1535830507335656,scenario_009_high_et_response_june2024,smartgarden_pa1_pilot_53a065f0754a
2024-06-15T21:00,29.8,72.0,0.0,0.0,0.0,0.98,100590.0,24.2,1.16,0.01,31.7,0.12,0,0,0,1.0,30.039157107953777,71.62074134439595,0.021767492261844094,36.89549550748567,0.19440062836415076,0.0,1.2068575286078724,0.0,0.002106253582575779,2.580029718557565e-07,0.27407795286512815,0.0,0.0,1.1558023982895018,scenario_009_high_et_response_june2024,smartgarden_pa1_pilot_53a065f0754a
2024-06-15T22:00,29.4,75.0,0.0,0.0,0.0,1.03,100670.0,24.4,1.03,0.01,31.2,0.12,0,0,0,1.0,29.665061088196083,74.12061415793127,0.022075760518325774,36.68325941564239,0.19435649675895883,0.0,1.0771589833666955,0.0,0.002214608044455961,2.3004703200357295e-07,0.2738055355491286,0.0,0.0,1.1581506241847737,scenario_009_high_et_response_june2024,smartgarden_pa1_pilot_53a065f0754a
2024-06-15T23:00,29.1,77.0,0.0,0.0,0.0,1.12,100710.0,24.6,0.94,0.01,30.9,0.12,0,0,0,1.0,29.33059218831466,76.26250350552534,0.022305122372798105,36.468813109528796,0.19431728928432584,0.0,0.9691649197580445,0.0,0.0023511528470608303,2.0679996572992226e-07,0.27356351410077684,0.0,0.0,1.1598919389147768,scenario_009_high_et_response_june2024,smartgarden_pa1_pilot_53a065f0754a
2024-06-16T00:00,29.0,78.0,0.0,0.0,0.0,1.12,100670.0,24.7,0.88,0.0,30.6,0.12,0,0,0,1.0,29.148727609888304,77.59673906268182,0.022472017240644803,36.25441860600149,0.19428144356934746,0.0,0.9051443616552635,0.0,0.0022932699218626935,1.9298306912805832e-07,0.27334224425523124,0.0,0.0,1.16012877323263,scenario_009_high_et_response_june2024,smartgarden_pa1_pilot_53a065f0754a
2024-06-16T01:00,28.8,80.0,0.0,0.0,0.0,1.17,100610.0,24.9,0.8,0.0,30.3,0.12,0,0,0,1.0,28.979638855628377,79.35450826905026,0.022770444314334837,36.042526333063094,0.19424815917338784,0.0,0.8260192498121364,0.0,0.0024075889724520095,1.7598066896207694e-07,0.2731367850209126,0.0,0.0,1.160086215046925,scenario_009_high_et_response_june2024,smartgarden_pa1_pilot_53a065f0754a
2024-06-16T02:00,28.8,80.0,0.0,0.0,0.0,1.06,100570.0,25.0,0.79,0.0,30.1,0.12,0,0,0,1.0,28.903349278266393,79.8258500876203,0.02281064690047122,35.83339985537548,0.19421710280406093,0.0,0.8036087455906449,0.0,0.0021477259348999405,1.710860210127081e-07,0.27294507903741316,0.0,0.0,1.1599178803516745,scenario_009_high_et_response_june2024,smartgarden_pa1_pilot_53a065f0754a
2024-06-16T03:00,28.6,80.0,0.0,0.0,0.0,0.99,100570.0,24.9,0.78,0.0,30.0,0.12,0,0,0,1.0,28.7739592709746,79.6436792477372,0.02259852665931861,35.62837257360049,0.19418625243778445,0.0,0.8048174418142087,0.0,0.0020735885740298197,1.712238023904996e-07,0.27275464467768185,0.0,0.0,1.1604149650592246,scenario_009_high_et_response_june2024,smartgarden_pa1_pilot_53a065f0754a
2024-06-16T04:00,28.4,82.0,0.0,0.0,0.0,1.06,100610.0,25.0,0.7,0.0,29.8,0.12,0,0,0,1.0,28.581490315777828,81.3128330213442,0.022830878498663842,35.42522337651133,0.19415671883867422,0.0,0.7306330940059045,0.0,0.002206946601748934,1.5533728940045984e-07,0.2725723385103347,0.0,0.0,1.161617002012973,scenario_009_high_et_response_june2024,smartgarden_pa1_pilot_53a065f0754a
2024-06-16T05:00,28.3,82.0,0.0,0.0,0.0,1.34,100620.0,25.0,0.69,0.0,29.7,0.12,0,0,0,1.0,28.44091872271104,81.62022043569665,0.022741686864876556,35.22385385595998,0.19412926741491,0.0,0.7127794596254007,0.0,0.0027004445833795805,1.5144728146727277e-07,0.2724028852772222,0.0,0.0,1.1622739431759663,scenario_009_high_et_response_june2024,smartgarden_pa1_pilot_53a065f0754a
2024-06-16T06:00,28.4,82.0,21.0,9.0,12.0,1.41,100650.0,25.0,0.7,0.02,29.6,0.12,1,0,0,1.0,28.507491310554126,81.99517974027418,0.022929511824816142,35.03197726900265,0.19407675803005026,2270.1888,0.7009404078329808,17.849999999999998,0.002813198956252932,4.328660101146276e-07,0.27207875327191516,0.0,0.0,1.1623638989230105,scenario_009_high_et_response_june2024,smartgarden_pa1_pilot_53a065f0754a
2024-06-16T07:00,29.6,73.0,157.0,90.0,67.0,1.1,100700.0,24.3,1.11,0.12,30.4,0.12,0,0,0,1.0,29.605824032558086,77.22433840745944,0.02292641709323719,34.8938745013141,0.20211715745449144,16173.2208,0.9447506639074468,133.45,0.0021494543252991703,2.748610794119864e-06,0.3217108484845151,0.0,0.0,1.1587224276923607,scenario_009_high_et_response_june2024,smartgarden_pa1_pilot_53a065f0754a
2024-06-16T08:00,30.7,67.0,251.0,103.0,148.0,0.5,100730.0,23.8,1.46,0.19,31.5,0.12,0,0,0,1.0,31.105873265662435,73.77424222379703,0.02374694516891481,34.845636972324506,0.20148516950860962,27294.995199999998,1.1853366525293723,213.35,0.0015090174651079902,4.260409722977211e-06,0.31780968832475076,0.0,0.0,1.153353166411241,scenario_009_high_et_response_june2024,smartgarden_pa1_pilot_53a065f0754a
2024-06-16T09:00,32.0,61.0,453.0,247.0,206.0,0.14,100780.0,23.6,1.85,0.34,33.0,0.119,0,1,0,1.0,32.93109201275744,64.71488089270422,0.022956075709563116,34.90511572524461,0.20042931164809777,47111.5744,1.7680448902280474,385.05,0.0031494268598754277,7.4412807470186415e-06,0.3112920472104801,0.0,0.0,1.147044589404015,scenario_009_high_et_response_june2024,smartgarden_pa1_pilot_53a065f0754a
2024-06-16T10:00,33.8,54.0,791.0,686.0,105.0,1.02,100720.0,23.2,2.42,0.61,35.1,0.119,0,1,0,1.0,35.579525438882584,56.07408591107583,0.022847413211035433,35.140320817954425,0.19863649649757492,73302.152,2.55003130579983,672.35,0.004501429041365751,1.2405759023108523e-05,0.30022528702206747,0.0,0.0,1.1365276359459933,scenario_009_high_et_response_june2024,smartgarden_pa1_pilot_53a065f0754a
2024-06-16T11:00,34.7,51.0,861.0,724.0,137.0,1.41,100690.0,23.2,2.7,0.68,36.5,0.118,0,1,0,1.0,37.377855745380586,49.83264446592156,0.02227247451670693,35.519278226085504,0.1963492454803871,80587.98879999999,3.213275885018713,731.85,0.005405735785203095,1.2966224366104811e-05,0.2861064535826364,0.0,0.0,1.12960921152349,scenario_009_high_et_response_june2024,smartgarden_pa1_pilot_53a065f0754a
2024-06-16T12:00,35.3,50.0,892.0,745.0,147.0,1.62,100640.0,23.2,2.87,0.72,37.5,0.118,0,1,0,1.0,38.30416901838928,47.551562212214876,0.022279425335903245,35.940000345931225,0.19402873969259138,83667.8128,3.5321375375167507,758.1999999999999,0.005812793319498228,1.2803602966155755e-05,0.2717823437814283,0.0,0.0,1.1256903117003445,scenario_009_high_et_response_june2024,smartgarden_pa1_pilot_53a065f0754a
2024-06-16T13:00,34.7,51.0,702.0,533.0,169.0,1.14,100600.0,23.2,2.7,0.57,37.5,0.117,0,1,0,1.0,37.80693352942192,47.57944295043098,0.02173603611778836,36.31796571397717,0.19200325605249605,67721.8256,3.4366442353615545,596.6999999999999,0.0052460029520128605,9.74567130944119e-06,0.25927935834874105,0.0,0.0,1.1270422179667305,scenario_009_high_et_response_june2024,smartgarden_pa1_pilot_53a065f0754a
2024-06-16T14:00,34.7,50.0,678.0,461.0,217.0,1.12,100480.0,22.9,2.74,0.55,37.6,0.117,0,1,0,1.0,37.385396430647624,47.59404778828308,0.021280141531777267,36.61999718762514,0.19031411944115237,67298.58080000001,3.358035647022712,576.3,0.0050452662255004496,9.041515781551882e-06,0.2488525891429159,0.0,0.0,1.127225915125782,scenario_009_high_et_response_june2024,smartgarden_pa1_pilot_53a065f0754a
2024-06-16T15:00,34.6,51.0,601.0,384.0,217.0,1.43,100500.0,23.1,2.68,0.49,37.3,0.117,0,1,0,1.0,37.08348398696689,48.15342229573358,0.02120029589488519,36.883491013771106,0.1888027501730998,60522.5808,3.2680992287459443,510.84999999999997,0.005355771169935891,7.768656072467005e-06,0.23952314921666548,0.0,0.0,1.1285474933065818,scenario_009_high_et_response_june2024,smartgarden_pa1_pilot_53a065f0754a
2024-06-16T16:00,33.5,56.0,379.0,182.0,197.0,1.81,100540.0,23.4,2.29,0.33,36.3,0.117,0,1,0,1.0,35.704584705665326,51.95352894677701,0.02130599319852699,37.05184532392926,0.18766592639090743,40282.932799999995,2.808497129725552,322.15,0.005811036885244953,4.891083937853772e-06,0.23250571846239157,0.0,0.0,1.1340371378090277,scenario_009_high_et_response_june2024,smartgarden_pa1_pilot_53a065f0754a
2024-06-16T17:00,32.1,61.0,167.0,39.0,128.0,0.91,100550.0,23.6,1.87,0.15,35.0,0.118,0,1,0,1.0,33.69392238882238,57.56156011481647,0.021256165833986207,37.07287097910903,0.18702138789636324,19199.3472,2.2192233561983996,141.95,0.004272353069304364,2.293285123952561e-06,0.22852708578002007,0.0,0.0,1.1415816994130439,scenario_009_high_et_response_june2024,smartgarden_pa1_pilot_53a065f0754a
2024-06-16T18:00,31.5,64.0,60.0,24.0,36.0,0.86,100610.0,23.9,1.65,0.06,33.8,0.118,1,1,0,1.0,32.27213912954081,62.20747600321074,0.02130945470550087,36.97738487559584,0.18672628364807847,6546.5664,1.8247689115190302,51.0,0.003696769553738482,9.990500750655798e-07,0.22670545461776836,0.0,0.0,1.1475802971992866,scenario_009_high_et_response_june2024,smartgarden_pa1_pilot_53a065f0754a
2024-06-16T19:00,30.9,67.0,0.0,0.0,0.0,0.89,100570.0,24.2,1.46,0.03,32.9,0.118,0,0,0,1.0,31.334577466013307,65.95372601757954,0.021491236181052652,36.81987270033646,0.19491982358720333,0.0,1.5589373282141445,0.0,0.0021050452679112117,3.3716795072944865e-07,0.2772828616494033,0.0,0.0,1.1506562452644347,scenario_009_high_et_response_june2024,smartgarden_pa1_pilot_53a065f0754a
2024-06-16T20:00,30.4,71.0,0.0,0.0,0.0,1.0,100640.0,24.6,1.25,0.01,32.2,0.118,0,0,0,1.0,30.7068097831989,70.00942638710853,0.022057477245278637,36.63518937399772,0.19486381087696603,0.0,1.3250271346390794,0.0,0.002192386402542202,2.862203585477208e-07,0.27693710417880263,0.0,0.0,1.1538360481466103,scenario_009_high_et_response_june2024,smartgarden_pa1_pilot_53a065f0754a
2024-06-16T21:00,30.0,75.0,0.0,0.0,0.0,1.0,100700.0,25.1,1.07,0.01,31.7,0.118,0,0,0,1.0,30.259965093267564,74.03398296338173,0.02277082360613083,36.44399698353557,0.19481641949050438,0.0,1.1182901714768145,0.0,0.0021574309498186934,2.413077402522848e-07,0.27664456475619986,0.0,0.0,1.1562242634752242,scenario_009_high_et_response_june2024,smartgarden_pa1_pilot_53a065f0754a
2024-06-16T22:00,29.7,77.0,0.0,0.0,0.0,0.99,100710.0,25.3,0.94,0.0,31.2,0.118,0,0,0,1.0,29.91967885332491,76.3376826385446,0.023051705096484663,36.24939855431714,0.19477551220590156,0.0,0.9993912711019974,0.0,0.002108936465895665,2.1545456620373576e-07,0.27639205065371336,0.0,0.0,1.1576374181832647,scenario_009_high_et_response_june2024,smartgarden_pa1_pilot_53a065f0754a
2024-06-16T23:00,29.4,79.0,0.0,0.0,0.0,0.85,100740.0,25.4,0.84,0.0,30.9,0.118,0,0,0,1.0,29.619267076222684,78.31511122465467,0.023267199834529035,36.05323322537235,0.19473868592958396,0.0,0.9002004892661462,0.0,0.0018621094961289773,1.9391082611783967e-07,0.2761647279603948,0.0,0.0,1.1591312267443719,scenario_009_high_et_response_june2024,smartgarden_pa1_pilot_53a065f0754a
2024-06-17T00:00,29.1,81.0,0.0,0.0,0.0,1.0,100710.0,25.6,0.74,0.0,30.6,0.118,0,0,0,1.0,29.321193951037742,80.2332774628083,0.02345450558361721,35.855885575006894,0.1947056205678103,0.0,0.8066072877542405,0.0,0.002128306822306084,1.7362164133201165e-07,0.27596062078895245,0.0,0.0,1.1599279785108623,scenario_009_high_et_response_june2024,smartgarden_pa1_pilot_53a065f0754a
2024-06-17T01:00,28.8,83.0,0.0,0.0,0.0,0.86,100680.0,25.7,0.67,0.0,30.3,0.118,0,0,0,1.0,29.024402099481513,82.18540649208357,0.023640339021402425,35.65739751803097,0.1946761686358665,0.0,0.7146020977715644,0.0,0.0018843541409709482,1.537162554661566e-07,0.2757788187399167,0.0,0.0,1.1607213804720682,scenario_009_high_et_response_june2024,smartgarden_pa1_pilot_53a065f0754a
2024-06-17T02:00,28.7,87.0,0.0,0.0,0.0,0.86,100650.0,26.4,0.51,0.0,30.1,0.118,0,0,0,1.0,28.847331096561938,86.03035830998209,0.024508633278902035,35.45886764330367,0.19465150481397517,0.0,0.5546607557304952,0.0,0.0018158881730746808,1.192458097259641e-07,0.2756265729257727,0.0,0.0,1.1610558824010138,scenario_009_high_et_response_june2024,smartgarden_pa1_pilot_53a065f0754a
2024-06-17T03:00,28.6,88.0,0.0,0.0,0.0,0.81,100610.0,26.4,0.47,0.0,29.9,0.118,0,0,0,1.0,28.739472349361773,87.4714818616805,0.02477295320785799,35.26297242706752,0.194631454697284,0.0,0.4943456058130402,0.0,0.0017187869234284846,1.062310094957035e-07,0.275502806773358,0.0,0.0,1.1610091152430386,scenario_009_high_et_response_june2024,smartgarden_pa1_pilot_53a065f0754a
2024-06-17T04:00,28.5,88.0,0.0,0.0,0.0,0.81,100630.0,26.3,0.47,0.0,29.7,0.118,0,0,0,1.0,28.63778184682534,87.6294374986243,0.024680245304793572,35.070230365205326,0.1946125937787257,0.0,0.48524632422651104,0.0,0.001717210838726382,1.0423157884791967e-07,0.27538638135015864,0.0,0.0,1.1616312009749536,scenario_009_high_et_response_june2024,smartgarden_pa1_pilot_53a065f0754a
2024-06-17T05:00,28.4,88.0,0.0,0.0,0.0,0.95,100700.0,26.3,0.46,0.0,29.6,0.118,0,0,0,1.0,28.535764668710446,87.60650019820024,0.024536593262392957,34.88059358238638,0.19459387593533414,0.0,0.483279552242442,0.0,0.001969582116129904,1.037655589378455e-07,0.2752708391070009,0.0,0.0,1.1628323391600563,scenario_009_high_et_response_june2024,smartgarden_pa1_pilot_53a065f0754a
2024-06-17T06:00,28.5,87.0,22.0,11.0,11.0,0.95,100740.0,26.2,0.49,0.01,29.6,0.118,1,0,0,1.0,28.608352348641212,87.2279134049555,0.024527686134201424,34.70071835691276,0.19454792059335416,2323.0063999999998,0.5001427248693955,18.7,0.001946487436206027,4.0809781530557875e-07,0.27498716415650715,0.0,0.0,1.1630144094937316,scenario_009_high_et_response_june2024,smartgarden_pa1_pilot_53a065f0754a
2024-06-17T07:00,29.6,78.0,171.0,115.0,56.0,0.82,100770.0,25.4,0.9,0.12,30.5,0.118,0,0,0,1.0,29.677580408748995,83.43547349291075,0.024866924266687986,34.57741030381181,0.20257417554299173,17018.214399999997,0.6899498028967019,145.35,0.0016767682101150112,2.934137426477026e-06,0.3245319477962453,0.0,0.0,1.1592531396971009,scenario_009_high_et_response_june2024,smartgarden_pa1_pilot_53a065f0754a
2024-06-17T08:00,31.3,66.0,372.0,277.0,95.0,0.54,100820.0,24.3,1.53,0.27,32.2,0.117,0,0,0,1.0,31.777313818671562,75.89456946897867,0.025322296641762092,34.576814133831796,0.20175203435481476,36078.328,1.1318146636162902,316.2,0.0016325962737555716,6.191241362603485e-06,0.31945700219021456,0.0,0.0,1.1518417443788493,scenario_009_high_et_response_june2024,smartgarden_pa1_pilot_53a065f0754a
2024-06-17T09:00,32.9,58.0,613.0,505.0,108.0,0.2,100760.0,23.5,2.09,0.46,34.1,0.117,0,1,0,1.0,34.21682725558709,61.73640808655721,0.02343164687216488,34.73292043989376,0.20028981898187984,57743.699199999995,2.0600411295103775,521.05,0.0034894486107470415,9.961189136101381e-06,0.31043098136962866,0.0,0.0,1.142019746807113,scenario_009_high_et_response_june2024,smartgarden_pa1_pilot_53a065f0754a
2024-06-17T10:00,34.0,53.0,709.0,582.0,127.0,0.5,100750.0,23.2,2.49,0.55,35.7,0.117,0,1,0,1.0,36.05712992915512,54.197601146313964,0.022634936212814455,35.01395036092612,0.19838502496463933,66860.1648,2.7296605281590667,602.65,0.004139581661692411,1.1165639044061468e-05,0.2986729936088848,0.0,0.0,1.1351101418112852,scenario_009_high_et_response_june2024,smartgarden_pa1_pilot_53a065f0754a
2024-06-17T11:00,34.7,51.0,795.0,669.0,126.0,1.03,100680.0,23.1,2.71,0.63,36.7,0.116,0,1,0,1.0,37.26192682504939,50.241422195572,0.02232249390492274,35.36343178075395,0.19629694790268312,74392.9824,3.1670786772862964,675.75,0.004887631176421007,1.200339721349832e-05,0.2857836290289082,0.0,0.0,1.1299188556820887,scenario_009_high_et_response_june2024,smartgarden_pa1_pilot_53a065f0754a
2024-06-17T12:00,34.9,51.0,825.0,687.0,138.0,1.35,100650.0,23.2,2.75,0.66,37.4,0.116,0,1,0,1.0,37.842678390548365,48.616675192514634,0.022250348174624707,35.750784008173426,0.19414465400948613,77455.1712,3.3751698171085693,701.25,0.005431080745886583,1.189610066960818e-05,0.2724978642560873,0.0,0.0,1.1274727738083183,scenario_009_high_et_response_june2024,smartgarden_pa1_pilot_53a065f0754a
2024-06-17T13:00,34.6,52.0,704.0,466.0,238.0,1.7,100590.0,23.3,2.63,0.58,37.4,0.116,0,1,0,1.0,37.4991501625693,48.507499674861286,0.021814933175712096,36.10879375141731,0.19219527193509062,70325.41119999999,3.3199447260320256,598.4,0.005891062171130554,9.792417435046799e-06,0.26046464157463345,0.0,0.0,1.1280467200292026,scenario_009_high_et_response_june2024,smartgarden_pa1_pilot_53a065f0754a
2024-06-17T14:00,35.0,51.0,647.0,410.0,237.0,1.57,100540.0,23.2,2.77,0.54,37.4,0.116,0,1,0,1.0,37.40521844898638,48.57924715796612,0.02174264975986877,36.40673694943885,0.19053381481957918,65274.2288,3.2984557135329333,549.9499999999999,0.005521001719535516,8.693470030964787e-06,0.2502087334541925,0.0,0.0,1.1278270285976313,scenario_009_high_et_response_june2024,smartgarden_pa1_pilot_53a065f0754a
2024-06-17T15:00,32.0,66.0,437.0,187.0,250.0,1.4,100470.0,24.7,1.63,0.35,36.3,0.137,0,1,0,1.0,35.08486197268036,58.56371792817866,0.023257070653714774,36.61322765312112,0.18923944546144714,47251.6,2.340780090709626,371.45,0.005560824185576999,5.70561725237945e-06,0.24221879914473543,0.0,0.0,1.1355260305212298,scenario_009_high_et_response_june2024,smartgarden_pa1_pilot_53a065f0754a
2024-06-17T16:00,32.3,63.0,229.0,79.0,150.0,1.78,100520.0,24.3,1.81,0.22,34.7,0.137,0,1,0,1.0,33.525605158846524,60.766932304881564,0.022242119106003228,36.66119993778416,0.18845348927210498,25429.36,2.032413418415307,194.65,0.0053916316139660265,3.079200530816501e-06,0.2373672177290431,0.0,0.0,1.1418674621499552,scenario_009_high_et_response_june2024,smartgarden_pa1_pilot_53a065f0754a
2024-06-17T17:00,31.9,65.0,149.0,62.0,87.0,1.12,100530.0,24.5,1.65,0.14,34.1,0.137,0,1,0,1.0,32.828643416728376,63.25869659948636,0.022318305719737128,36.61896331840796,0.18799033598781495,16172.868799999998,1.8304520724101332,126.64999999999999,0.004179569631365361,2.072297226541198e-06,0.2345082468383639,0.0,0.0,1.1445822760428457,scenario_009_high_et_response_june2024,smartgarden_pa1_pilot_53a065f0754a
2024-06-17T18:00,31.6,66.0,62.0,23.0,39.0,0.99,100550.0,24.4,1.58,0.06,33.3,0.137,1,1,0,1.0,32.17453917322483,64.86412917369869,0.0221045596378056,36.523290256926984,0.1877121079386285,6828.1136,1.6871799781422956,52.699999999999996,0.003754912373601321,1.0240351336945614e-06,0.2327907897446204,0.0,0.0,1.1472625401277086,scenario_009_high_et_response_june2024,smartgarden_pa1_pilot_53a065f0754a
2024-06-17T19:00,31.1,69.0,0.0,0.0,0.0,0.99,100660.0,24.8,1.39,0.03,32.5,0.136,0,0,0,1.0,31.47576814197576,68.07647364801066,0.02235106228577157,36.380031598196275,0.1959043153661324,0.0,1.4735006059634022,0.0,0.0022256360084250983,3.256742498549281e-07,0.28335997139587904,0.0,0.0,1.1511521727604526,scenario_009_high_et_response_june2024,smartgarden_pa1_pilot_53a065f0754a
2024-06-17T20:00,30.8,71.0,0.0,0.0,0.0,0.71,100720.0,25.0,1.27,0.0,32.0,0.136,0,0,0,1.0,31.01378076568657,70.60085987674374,0.022613537229992726,36.21248253929759,0.19584897246630978,0.0,1.3218200685553803,0.0,0.0016173273776805082,2.917974796562768e-07,0.28301834855746777,0.0,0.0,1.153587836166735,scenario_009_high_et_response_june2024,smartgarden_pa1_pilot_53a065f0754a
2024-06-17T21:00,30.5,73.0,0.0,0.0,0.0,0.72,100740.0,25.1,1.17,0.0,31.6,0.136,0,0,0,1.0,30.701130764205505,72.60998701843965,0.02286983722507506,36.04157293229631,0.195798753675489,0.0,1.2097385347056675,0.0,0.0016215560076974316,2.66762490042783e-07,0.282708356021537,0.0,0.0,1.1550041333856347,scenario_009_high_et_response_june2024,smartgarden_pa1_pilot_53a065f0754a
2024-06-17T22:00,30.1,76.0,0.0,0.0,0.0,1.0,100780.0,25.3,1.04,0.01,31.2,0.136,0,0,0,1.0,30.34162850634275,75.21667183324234,0.023236704745525607,35.86814163451651,0.19575338330098285,0.0,1.0723547398692483,0.0,0.0021434082618765624,2.362333877119353e-07,0.28242829198137565,0.0,0.0,1.1568314494868133,scenario_009_high_et_response_june2024,smartgarden_pa1_pilot_53a065f0754a
2024-06-17T23:00,29.8,78.0,0.0,0.0,0.0,0.99,100780.0,25.6,0.91,0.0,30.9,0.136,0,0,0,1.0,30.009170641588156,77.36547267422559,0.02347539414816822,35.69153944409405,0.19571319986120145,0.0,0.9609030120579836,0.0,0.0021006980250232263,2.1149532173580813e-07,0.2821802460567991,0.0,0.0,1.1581000824388143,scenario_009_high_et_response_june2024,smartgarden_pa1_pilot_53a065f0754a
2024-06-18T00:00,29.5,80.0,0.0,0.0,0.0,1.06,100730.0,25.6,0.83,0.0,30.7,0.136,0,0,0,1.0,29.70830851224272,79.30916067558357,0.02367651773845621,35.512927408220925,0.19567709359230315,0.0,0.8633438117049836,0.0,0.0022263067706277733,1.8987239598688732e-07,0.28195736785372316,0.0,0.0,1.1586754101414514,scenario_009_high_et_response_june2024,smartgarden_pa1_pilot_53a065f0754a
2024-06-18T01:00,29.2,81.0,0.0,0.0,0.0,0.89,100710.0,25.7,0.75,0.0,30.4,0.136,0,0,0,1.0,29.41171075226877,80.42470358843518,0.023626358323313248,35.33264038760866,0.19564419807492056,0.0,0.8029737291781753,0.0,0.0019255558428101865,1.764682204690227e-07,0.28175430910444793,0.0,0.0,1.1595809651032103,scenario_009_high_et_response_june2024,smartgarden_pa1_pilot_53a065f0754a
2024-06-18T02:00,28.8,83.0,0.0,0.0,0.0,0.98,100610.0,25.7,0.66,0.0,30.1,0.136,0,0,0,1.0,29.05479133586934,82.09650930527594,0.023653884951893554,35.15024808543596,0.19561400748048238,0.0,0.7194300176235,0.0,0.0021190335039635716,1.580033780267795e-07,0.2815679474103851,0.0,0.0,1.1597977240671205,scenario_009_high_et_response_june2024,smartgarden_pa1_pilot_53a065f0754a
2024-06-18T03:00,28.7,84.0,0.0,0.0,0.0,0.98,100520.0,25.7,0.63,0.0,29.9,0.136,0,0,0,1.0,28.841871404509476,83.53182228023353,0.02378975579566915,34.96599870921082,0.19558702071986614,0.0,0.6536579266107339,0.0,0.0020295499588292086,1.4347338028644723e-07,0.28140136246830955,0.0,0.0,1.1595772208615969,scenario_009_high_et_response_june2024,smartgarden_pa1_pilot_53a065f0754a
2024-06-18T04:00,28.6,84.0,0.0,0.0,0.0,0.98,100510.0,25.7,0.61,0.0,29.7,0.136,0,0,0,1.0,28.729500206206424,83.7147143925135,0.02369608874508443,34.78365955158479,0.19556151962791737,0.0,0.6422077984055496,0.0,0.002019528674607066,1.4088130435530697e-07,0.28124394832047767,0.0,0.0,1.159893459444808,scenario_009_high_et_response_june2024,smartgarden_pa1_pilot_53a065f0754a
2024-06-18T05:00,28.5,85.0,0.0,0.0,0.0,0.82,100540.0,25.7,0.59,0.0,29.6,0.136,0,0,0,1.0,28.62818394569039,84.59503225930536,0.023813134841108766,34.6040585537646,0.19553685241519417,0.0,0.603937573923714,0.0,0.001726030721072338,1.324142260121517e-07,0.28109168157527264,0.0,0.0,1.1606291901532613,scenario_009_high_et_response_june2024,smartgarden_pa1_pilot_53a065f0754a
2024-06-18T06:00,28.4,85.0,21.0,10.0,11.0,1.1,100630.0,25.7,0.58,0.02,29.5,0.135,1,0,0,1.0,28.57877180624365,84.85197154737521,0.02382105199618081,34.4326677577229,0.1954869791782368,2235.0063999999998,0.5921661005662653,17.849999999999998,0.0022782000392909804,4.228926022214587e-07,0.28078382208788144,0.0,0.0,1.1618583848258677,scenario_009_high_et_response_june2024,smartgarden_pa1_pilot_53a065f0754a
2024-06-18T07:00,29.7,76.0,181.0,125.0,56.0,1.2,100680.0,25.1,0.99,0.13,30.8,0.135,0,0,0,1.0,29.721175884068007,80.43405691738293,0.024029083731981645,34.318502867581245,0.2034899092454006,17898.214399999997,0.8170105630585991,153.85,0.0023548089515946923,3.1821520908469477e-06,0.3301846249716087,0.0,0.0,1.1580510694833739,scenario_009_high_et_response_june2024,smartgarden_pa1_pilot_53a065f0754a
2024-06-18T08:00,31.4,65.0,398.0,318.0,80.0,1.12,100730.0,24.0,1.62,0.3,32.3,0.135,0,1,0,1.0,31.92413764593025,70.18268751640508,0.02360046721599056,34.33605536812688,0.20259275839218366,37838.592000000004,1.411679800296183,338.3,0.003934148812844425,6.782407652076735e-06,0.3246466567418745,0.0,0.0,1.1502596632345188,scenario_009_high_et_response_june2024,smartgarden_pa1_pilot_53a065f0754a
2024-06-18T09:00,32.6,59.0,590.0,488.0,102.0,1.04,100770.0,23.5,2.03,0.45,33.9,0.134,0,1,0,1.0,34.01187046668175,60.81303078501286,0.02283473114885032,34.49986944936283,0.20109749731014723,55508.6048,2.085834944974939,501.5,0.004335681371885103,9.766782340698649e-06,0.31541665006263725,0.0,0.0,1.14289518696559,scenario_009_high_et_response_june2024,smartgarden_pa1_pilot_53a065f0754a
2024-06-18T10:00,33.6,55.0,751.0,638.0,113.0,0.89,100720.0,23.2,2.35,0.58,35.3,0.134,0,1,0,1.0,35.74631034694846,55.58390522321522,0.02284406441090861,34.78513030354426,0.19913915374801253,70063.6112,2.6022505987843267,638.35,0.004538714266827751,1.1943007564669063e-05,0.3033281095556329,0.0,0.0,1.1359139812957881,scenario_009_high_et_response_june2024,smartgarden_pa1_pilot_53a065f0754a
2024-06-18T11:00,34.5,52.0,858.0,729.0,129.0,0.73,100620.0,23.1,2.64,0.67,36.7,0.133,0,1,0,1.0,37.18651825795834,51.59937472287756,0.02283756873050129,35.16125061802246,0.1968873116054148,80042.5296,3.068039801845028,729.3,0.004649975831361405,1.3040785645064187e-05,0.28942784941614086,0.0,0.0,1.1295198782843165,scenario_009_high_et_response_june2024,smartgarden_pa1_pilot_53a065f0754a
2024-06-18T12:00,34.8,51.0,758.0,622.0,136.0,0.22,100560.0,23.1,2.75,0.6,37.2,0.132,0,1,0,1.0,37.67115840216323,49.53441315560862,0.022473109299887155,35.5513822883409,0.19471567781084267,71488.8064,3.2842314056805093,644.3,0.004449878915684146,1.1110810987886066e-05,0.2760227025360659,0.0,0.0,1.1270862167571962,scenario_009_high_et_response_june2024,smartgarden_pa1_pilot_53a065f0754a
2024-06-18T13:00,35.2,51.0,778.0,578.0,200.0,0.45,100480.0,23.4,2.8,0.62,37.6,0.131,0,1,0,1.0,38.018913486647264,49.30882002426987,0.02277040829603529,35.918319941730694,0.19273506267633522,75500.48,3.361603735755804,661.3,0.004515932765080949,1.089694000984845e-05,0.26379668318725447,0.0,0.0,1.1249309659446596,scenario_009_high_et_response_june2024,smartgarden_pa1_pilot_53a065f0754a
2024-06-18T14:00,34.9,52.0,694.0,574.0,120.0,1.1,100410.0,23.7,2.66,0.56,37.5,0.13,0,1,0,1.0,37.79165817093455,48.87491002515346,0.022310487382983097,36.26339008813235,0.190912094994009,65293.888000000006,3.3489432465353546,589.9,0.00511026731328716,9.374760522613017e-06,0.2525437962593148,0.0,0.0,1.1249688720495483,scenario_009_high_et_response_june2024,smartgarden_pa1_pilot_53a065f0754a
2024-06-18T15:00,34.1,56.0,514.0,370.0,144.0,0.99,100330.0,24.0,2.36,0.42,36.9,0.129,0,1,0,1.0,36.67912434796886,52.20090420279438,0.02251053457184665,36.52085574512393,0.18946079113009423,50298.2656,2.9472800817187013,436.9,0.004853652659792452,6.785679704372358e-06,0.24358513043268046,0.0,0.0,1.1281088894087523,scenario_009_high_et_response_june2024,smartgarden_pa1_pilot_53a065f0754a
2024-06-18T16:00,33.3,59.0,393.0,277.0,116.0,1.17,100340.0,24.2,2.1,0.32,36.1,0.129,0,1,0,1.0,35.385277100473026,55.538640152035704,0.022402536894877017,36.67144862452962,0.18839293804989704,38665.1584,2.5536491779224098,334.05,0.004842302629528813,5.103362652828815e-06,0.2369934447524509,0.0,0.0,1.13295254207586,scenario_009_high_et_response_june2024,smartgarden_pa1_pilot_53a065f0754a
2024-06-18T17:00,32.8,62.0,236.0,172.0,64.0,1.12,100370.0,24.4,1.91,0.19,35.2,0.129,0,1,0,1.0,34.23237274707981,59.327625340466206,0.022535735726252844,36.72455211013528,0.18765423086233549,23019.673600000002,2.1916185570214775,200.6,0.004455435392398987,3.124967032450865e-06,0.2324335238415771,0.0,0.0,1.137541931228211,scenario_009_high_et_response_june2024,smartgarden_pa1_pilot_53a065f0754a
2024-06-18T18:00,32.3,64.0,85.0,52.0,33.0,0.64,100430.0,24.6,1.74,0.06,34.2,0.129,1,1,0,1.0,33.14970509424758,62.30167211193724,0.022356664213047408,36.67846543191659,0.18725563839027112,8641.0192,1.9122632227739098,72.25,0.0034664105959366625,1.3150298183724042e-06,0.2299730764831551,0.0,0.0,1.1422451766020913,scenario_009_high_et_response_june2024,smartgarden_pa1_pilot_53a065f0754a
2024-06-18T19:00,31.5,70.0,0.0,0.0,0.0,0.41,100530.0,25.3,1.41,0.02,33.2,0.129,0,1,0,1.0,32.032937824143325,68.213287969899,0.023071470792659605,36.553303296787,0.19541523683766335,0.0,1.5142021554594391,0.0,0.0029302308540788886,3.311044606051037e-07,0.2803409681337244,0.0,0.0,1.1475665533576729,scenario_009_high_et_response_june2024,smartgarden_pa1_pilot_53a065f0754a
2024-06-18T20:00,31.1,73.0,0.0,0.0,0.0,0.82,100630.0,25.6,1.22,0.0,32.5,0.129,0,0,0,1.0,31.36958263735242,72.23134115714907,0.02358093619762698,36.390716162772776,0.19536103323914975,0.0,1.274022801337265,0.0,0.0018539445422602542,2.782529178909728e-07,0.2800063780194429,0.0,0.0,1.1512103767847952,scenario_009_high_et_response_june2024,smartgarden_pa1_pilot_53a065f0754a
2024-06-18T21:00,30.8,75.0,0.0,0.0,0.0,1.3,100660.0,25.8,1.12,0.01,32.0,0.129,0,0,0,1.0,31.00193810045588,74.41778067569587,0.023820964566426725,36.22196304369675,0.19531359284963176,0.0,1.1494316210741191,0.0,0.0026620370773988264,2.507790349318456e-07,0.27971353610883803,0.0,0.0,1.15294552145723,scenario_009_high_et_response_june2024,smartgarden_pa1_pilot_53a065f0754a
2024-06-18T22:00,30.5,75.0,0.0,0.0,0.0,0.89,100700.0,25.7,1.07,0.0,31.7,0.129,0,0,0,1.0,30.698771698122425,74.74748493787635,0.02354009506915101,36.05065419645143,0.195269277115591,0.0,1.1151812461792985,0.0,0.0019137588199059402,2.4306845750970746e-07,0.2794399821950062,0.0,0.0,1.1545544892626418,scenario_009_high_et_response_june2024,smartgarden_pa1_pilot_53a065f0754a
2024-06-18T23:00,30.2,77.0,0.0,0.0,0.0,0.76,100680.0,25.8,0.98,0.0,31.3,0.129,0,0,0,1.0,30.403190856359863,76.4673902602426,0.02370161135343364,35.87748239580508,0.1952272317306443,0.0,1.0218289538494933,0.0,0.0016917288471218431,2.225142346306768e-07,0.27918044278175497,0.0,0.0,1.155449192145705,scenario_009_high_et_response_june2024,smartgarden_pa1_pilot_53a065f0754a
2024-06-19T00:00,30.0,79.0,0.0,0.0,0.0,0.81,100660.0,26.0,0.88,0.0,31.0,0.129,0,0,0,1.0,30.16614697079617,78.5027462104201,0.02402334514427431,35.703054309046856,0.1951892095369483,0.0,0.9208711150939815,0.0,0.001743421329658946,2.003609967016915e-07,0.2789457378823969,0.0,0.0,1.1561224760949522,scenario_009_high_et_response_june2024,smartgarden_pa1_pilot_53a065f0754a
2024-06-19T01:00,29.7,82.0,0.0,0.0,0.0,0.81,100580.0,26.2,0.77,0.0,30.8,0.129,0,0,0,1.0,29.90451238892659,81.17823655206115,0.024493304517715205,35.52820942257924,0.19515554506070842,0.0,0.7942560659061981,0.0,0.0017792903903750216,1.7268364905888455e-07,0.2787379324735088,0.0,0.0,1.1562009587723308,scenario_009_high_et_response_june2024,smartgarden_pa1_pilot_53a065f0754a
2024-06-19T02:00,29.3,84.0,0.0,0.0,0.0,0.91,100560.0,26.3,0.64,0.0,30.5,0.129,0,0,0,1.0,29.55127308221328,83.1027095818694,0.02459870634018108,35.35141158745695,0.19512640830052447,0.0,0.6987150614174804,0.0,0.001993564508201977,1.5181352404232087e-07,0.27855807592916343,0.0,0.0,1.157320020310705,scenario_009_high_et_response_june2024,smartgarden_pa1_pilot_53a065f0754a
2024-06-19T03:00,29.2,84.0,0.0,0.0,0.0,0.9,100510.0,26.3,0.64,0.0,30.2,0.129,0,0,0,1.0,29.338271156175992,83.69751672211794,0.0244899185324386,35.17262969108701,0.19509995058819277,0.0,0.6658996338895746,0.0,0.0018800465483816853,1.4459871392833376e-07,0.27839475671723934,0.0,0.0,1.1575591228423645,scenario_009_high_et_response_june2024,smartgarden_pa1_pilot_53a065f0754a
2024-06-19T04:00,29.1,85.0,0.0,0.0,0.0,1.0,100510.0,26.3,0.6,0.0,29.9,0.129,0,0,0,1.0,29.225485845135992,84.58367406207259,0.02459793315441719,34.995596608956575,0.19507465859905637,0.0,0.6256208869056787,0.0,0.0020530888191997395,1.3577608243194825e-07,0.2782386333275085,0.0,0.0,1.1579908895424726,scenario_009_high_et_response_june2024,smartgarden_pa1_pilot_53a065f0754a
2024-06-19T05:00,29.0,85.0,0.0,0.0,0.0,1.0,100500.0,26.2,0.6,0.0,29.7,0.129,0,0,0,1.0,29.123222222556866,84.71696699235936,0.024500004296587847,34.82114176763625,0.19505047714526094,0.0,0.6165619132856257,0.0,0.0020513085161654966,1.3373826258535617e-07,0.27808936509420334,0.0,0.0,1.1582674049621193,scenario_009_high_et_response_june2024,smartgarden_pa1_pilot_53a065f0754a
2024-06-19T06:00,29.1,84.0,17.0,2.0,15.0,1.14,100630.0,26.1,0.64,0.02,29.5,0.129,1,0,0,1.0,29.183286708346408,84.21137725200354,0.024433516880712533,34.6547323511256,0.1950049773915747,2023.7359999999999,0.6391711009118817,14.45,0.0022837829426554197,3.7334086204521534e-07,0.2778085024171279,0.0,0.0,1.1595352509248433,scenario_009_high_et_response_june2024,smartgarden_pa1_pilot_53a065f0754a
2024-06-19T07:00,29.6,80.0,141.0,43.0,98.0,1.3,100650.0,25.8,0.84,0.11,30.7,0.128,0,0,0,1.0,29.826648299270463,82.09384317575645,0.024665413217825245,34.53348448166743,0.203074924127131,15855.8752,0.7522480215202143,119.85,0.0026777048722383327,2.489272408107904e-06,0.3276229884390802,0.0,0.0,1.1573029793131888,scenario_009_high_et_response_june2024,smartgarden_pa1_pilot_53a065f0754a
2024-06-19T08:00,31.1,69.0,311.0,159.0,152.0,1.5,100650.0,24.6,1.41,0.25,31.8,0.128,0,0,0,1.0,31.47577129488541,73.09881262357949,0.024000015008655885,34.51036230087965,0.20237270458518947,32715.7248,1.2416837210645633,264.34999999999997,0.003127660574837247,5.312592850710244e-06,0.323288299908577,0.0,0.0,1.151037800408704,scenario_009_high_et_response_june2024,smartgarden_pa1_pilot_53a065f0754a
2024-06-19T09:00,32.4,61.0,452.0,195.0,257.0,1.5,100620.0,23.8,1.91,0.36,33.2,0.128,0,1,0,1.0,33.34119496045727,62.538264181510904,0.022669293610494065,34.60300760438103,0.20120938886387413,48817.8768,1.9207452565256782,384.2,0.004796139611877991,7.578319815263399e-06,0.3161073386658897,0.0,0.0,1.1436911470658475,scenario_009_high_et_response_june2024,smartgarden_pa1_pilot_53a065f0754a
2024-06-19T10:00,33.6,55.0,643.0,364.0,279.0,1.4,100570.0,23.4,2.33,0.51,34.8,0.127,0,1,0,1.0,35.209994271162536,55.876119253995526,0.022334525498881194,34.813004177068386,0.19958853071707638,66399.8896,2.5098856243413667,546.55,0.004944850424621204,1.038631340805913e-05,0.3061020414634345,0.0,0.0,1.1361949901318174,scenario_009_high_et_response_june2024,smartgarden_pa1_pilot_53a065f0754a
2024-06-19T11:00,34.5,52.0,737.0,377.0,360.0,0.91,100510.0,23.4,2.6,0.59,36.2,0.126,0,1,0,1.0,36.722525583043065,52.08915564361789,0.02251247104500693,35.123350987197526,0.19762014474443756,77521.66399999999,2.9611775728942136,626.4499999999999,0.004595304650002108,1.145148179390065e-05,0.29395151076813314,0.0,0.0,1.1299745182985248,scenario_009_high_et_response_june2024,smartgarden_pa1_pilot_53a065f0754a
2024-06-19T12:00,35.2,50.0,832.0,510.0,322.0,0.81,100420.0,23.2,2.84,0.66,37.2,0.126,0,1,0,1.0,37.899369695731316,49.207968840811986,0.022586055465804913,35.49928978050778,0.19547559581957813,84544.7328,3.346582708780009,707.1999999999999,0.004724232106979725,1.234621288290815e-05,0.2807135544418403,0.0,0.0,1.1246913116858854,scenario_009_high_et_response_june2024,smartgarden_pa1_pilot_53a065f0754a
2024-06-19T13:00,34.8,51.0,617.0,324.0,293.0,0.71,100390.0,23.3,2.7,0.5,37.1,0.125,0,1,0,1.0,37.5660091637624,48.540056039289986,0.021904191920840404,35.848399133483774,0.19356286944086132,64604.4432,3.3299031871821523,524.4499999999999,0.004670513506078432,8.948579628749718e-06,0.2689066014867983,0.0,0.0,1.1255616121429812,scenario_009_high_et_response_june2024,smartgarden_pa1_pilot_53a065f0754a
2024-06-19T14:00,35.1,50.0,620.0,245.0,375.0,0.0,100320.0,23.1,2.83,0.48,37.2,0.124,0,1,0,1.0,37.4349807974935,49.0276295679167,0.02197671840848748,36.12704945393146,0.19198026831063997,67753.4,3.27498212378356,527.0,0.0041231029451785145,8.651041308226434e-06,0.25913745870765414,0.0,0.0,1.1252512962504027,scenario_009_high_et_response_june2024,smartgarden_pa1_pilot_53a065f0754a
2024-06-19T15:00,34.4,52.0,416.0,154.0,262.0,0.4,100290.0,23.2,2.61,0.33,36.7,0.124,0,1,0,1.0,36.59955395281694,49.73108618130927,0.021357975361628683,36.3439222362149,0.19068215777157388,45825.788799999995,3.086128695503374,353.59999999999997,0.004158316149794139,5.79916132657328e-06,0.2511244306887277,0.0,0.0,1.1279488101614632,scenario_009_high_et_response_june2024,smartgarden_pa1_pilot_53a065f0754a
2024-06-19T16:00,31.4,69.0,176.0,17.0,159.0,0.51,100310.0,25.0,1.44,0.15,35.0,0.136,0,1,0,1.0,33.66412136137516,62.5818007577207,0.023073861551371054,36.40861116925019,0.18993349919574704,21082.0016,1.9534493713931345,149.6,0.004274574873891166,2.5328907734854246e-06,0.24650308145522865,0.0,0.0,1.1389675075949455,scenario_009_high_et_response_june2024,smartgarden_pa1_pilot_53a065f0754a
2024-06-19T17:00,31.0,71.0,93.0,6.0,87.0,0.51,100290.0,25.1,1.31,0.09,33.5,0.143,0,1,0,1.0,31.855603064762498,69.10803904485154,0.023154394612594834,36.333795691284486,0.18958155354370657,11244.868799999998,1.456900394140559,79.05,0.0033327388719529413,1.4075413758889026e-06,0.24433057743028747,0.0,0.0,1.1454925329845134,scenario_009_high_et_response_june2024,smartgarden_pa1_pilot_53a065f0754a
2024-06-19T18:00,30.5,71.0,43.0,7.0,36.0,0.72,100360.0,24.6,1.27,0.05,32.4,0.147,1,1,0,1.0,31.050769189535778,69.85434796494367,0.022418856390326567,36.20458113872647,0.18938535232736284,5050.5664,1.3582405962246646,36.55,0.003330963766143934,7.773994294204627e-07,0.24311945881088173,0.0,0.0,1.1493248413385746,scenario_009_high_et_response_june2024,smartgarden_pa1_pilot_53a065f0754a
2024-06-19T19:00,30.0,73.0,0.0,0.0,0.0,0.71,100400.0,24.7,1.14,0.02,31.5,0.147,0,0,0,1.0,30.37041489003148,72.21708014459621,0.022344689688032552,36.04067794493925,0.19760976334290456,0.0,1.2041259092866805,0.0,0.0017692920617093997,2.760244238854008e-07,0.29388742804262075,0.0,0.0,1.1523602109469588,scenario_009_high_et_response_june2024,smartgarden_pa1_pilot_53a065f0754a
2024-06-19T20:00,29.8,75.0,0.0,0.0,0.0,0.94,100480.0,25.0,1.04,0.0,31.1,0.148,0,0,0,1.0,29.98496107660116,74.51764894854264,0.022581690959815815,35.858735731801765,0.1975627818754515,0.0,1.080300413148756,0.0,0.0019916398891826233,2.4739526216192874e-07,0.2935974189842686,0.0,0.0,1.154744887152853,scenario_009_high_et_response_june2024,smartgarden_pa1_pilot_53a065f0754a
2024-06-19T21:00,29.6,78.0,0.0,0.0,0.0,1.08,100570.0,25.3,0.92,0.0,30.7,0.148,0,0,0,1.0,29.766130155286863,77.37607135534022,0.023171888211971477,35.675776416849814,0.19752096830582824,0.0,0.9471458855180712,0.0,0.002231725293125536,2.1671139440262913e-07,0.293339310529804,0.0,0.0,1.1566141442133298,scenario_009_high_et_response_june2024,smartgarden_pa1_pilot_53a065f0754a
2024-06-19T22:00,29.5,81.0,0.0,0.0,0.0,0.73,100620.0,25.8,0.8,0.0,30.5,0.148,0,0,0,1.0,29.627198460832634,80.41987439798721,0.023902795438979937,35.49384494141879,0.19748477750696047,0.0,0.8131967780660325,0.0,0.0015633627471288852,1.8592151295776103e-07,0.2931159105367931,0.0,0.0,1.1577201589546133,scenario_009_high_et_response_june2024,smartgarden_pa1_pilot_53a065f0754a
2024-06-19T23:00,29.3,83.0,0.0,0.0,0.0,1.0,100600.0,26.1,0.68,0.0,30.3,0.148,0,0,0,1.0,29.463490424659497,82.40449017811758,0.024276113597229837,35.31391779050969,0.19745324255194321,0.0,0.7239192566846846,0.0,0.0020832025783755646,1.6540004036342597e-07,0.29292125032063715,0.0,0.0,1.1581162213400593,scenario_009_high_et_response_june2024,smartgarden_pa1_pilot_53a065f0754a
2024-06-20T00:00,29.2,84.0,0.0,0.0,0.0,0.95,100510.0,26.3,0.63,0.0,30.1,0.147,0,0,0,1.0,29.32761393401303,83.61307247312747,0.024451046313968394,35.13538452563649,0.19742470860596628,0.0,0.6689378078790549,0.0,0.0019624695414770773,1.5274605480900534e-07,0.29274511485164373,0.0,0.0,1.1575999072315908,scenario_009_high_et_response_june2024,smartgarden_pa1_pilot_53a065f0754a
2024-06-20T01:00,29.0,86.0,0.0,0.0,0.0,0.63,100460.0,26.4,0.56,0.0,29.8,0.148,0,0,0,1.0,29.165982076370927,85.35455472653005,0.024741899368131103,34.95878164437866,0.1973987032878151,0.0,0.5922999933109758,0.0,0.0014335862721036154,1.351723227126606e-07,0.2925845881963896,0.0,0.0,1.1576426417948993,scenario_009_high_et_response_june2024,smartgarden_pa1_pilot_53a065f0754a
2024-06-20T02:00,29.0,85.0,0.0,0.0,0.0,0.71,100410.0,26.2,0.61,0.0,29.7,0.147,0,0,0,1.0,29.08947414211264,85.08612030453848,0.024561599995035703,34.78403882637319,0.19737452768896246,0.0,0.6004978524798563,0.0,0.0014870164776480668,1.3697330659744552e-07,0.2924353561047066,0.0,0.0,1.1573593669677216,scenario_009_high_et_response_june2024,smartgarden_pa1_pilot_53a065f0754a
2024-06-20T03:00,28.9,86.0,0.0,0.0,0.0,0.91,100390.0,26.3,0.56,0.0,29.4,0.147,0,0,0,1.0,29.018932400301175,85.62060420307269,0.02462112473829165,34.612930288883206,0.19735017583016093,0.0,0.5766227243707633,0.0,0.0018815524442076421,1.3145979112077295e-07,0.29228503598864775,0.0,0.0,1.1573989735307717,scenario_009_high_et_response_june2024,smartgarden_pa1_pilot_53a065f0754a
2024-06-20T04:00,28.8,87.0,0.0,0.0,0.0,0.9,100400.0,26.4,0.52,0.0,29.2,0.147,0,0,0,1.0,28.921278440353046,86.58254555506534,0.024765602450074,34.44460496840482,0.19732736616594748,0.0,0.5350197517235755,0.0,0.0018652784923276428,1.219162903873584e-07,0.29214423559226843,0.0,0.0,1.1578884663754938,scenario_009_high_et_response_june2024,smartgarden_pa1_pilot_53a065f0754a
2024-06-20T05:00,28.7,88.0,0.0,0.0,0.0,0.91,100400.0,26.4,0.48,0.0,29.1,0.148,0,0,0,1.0,28.82116208275479,87.55910287775473,0.02490856464332331,34.27875807418272,0.19730628458080288,0.0,0.4932149966877608,0.0,0.0018835706256644601,1.123400729284454e-07,0.2920141023506351,0.0,0.0,1.1582723559328907,scenario_009_high_et_response_june2024,smartgarden_pa1_pilot_53a065f0754a
2024-06-20T06:00,28.6,89.0,12.0,0.0,12.0,1.12,100420.0,26.5,0.44,0.02,29.2,0.148,1,0,0,1.0,28.749613642260186,88.61836370690254,0.025111661424922663,34.11840594557509,0.19727131135256906,1478.1888,0.44935614639248467,10.2,0.002294047102359056,2.7639062865086155e-07,0.291798218225735,0.0,0.0,1.1587776459253798,scenario_009_high_et_response_june2024,smartgarden_pa1_pilot_53a065f0754a
2024-06-20T07:00,28.8,86.0,79.0,4.0,75.0,1.2,100470.0,26.3,0.54,0.07,29.6,0.149,0,0,0,1.0,29.000165357624542,87.21276420071098,0.02505334113437889,33.982599428134094,0.20544264419985764,9590.68,0.512220334786345,67.14999999999999,0.002476763249307044,1.4811423207871544e-06,0.3422385444435657,0.0,0.0,1.158393240890095,scenario_009_high_et_response_june2024,smartgarden_pa1_pilot_53a065f0754a
2024-06-20T08:00,29.6,80.0,217.0,50.0,167.0,1.17,100540.0,25.7,0.84,0.17,30.3,0.152,0,0,0,1.0,29.961473139411943,83.44712598901842,0.025255568298374702,33.912181142898405,0.20496298862912826,24971.4608,0.7007986424238171,184.45,0.0025280623318697745,3.8463737084887686e-06,0.33927770758721154,0.0,0.0,1.155523958269025,scenario_009_high_et_response_june2024,smartgarden_pa1_pilot_53a065f0754a
2024-06-20T09:00,30.1,76.0,293.0,55.0,238.0,0.71,100550.0,25.4,1.01,0.23,30.7,0.155,0,1,0,1.0,30.902305253447242,77.39067441319432,0.024640485736715907,33.9176989348819,0.20415298026083098,34157.411199999995,1.0101090155168153,249.04999999999998,0.003519805084999051,5.133605598937912e-06,0.33427765593105546,0.0,0.0,1.152062984963093,scenario_009_high_et_response_june2024,smartgarden_pa1_pilot_53a065f0754a
2024-06-20T10:00,30.2,76.0,233.0,21.0,212.0,0.2,100560.0,25.4,1.05,0.19,30.9,0.154,0,1,0,1.0,31.14514860497899,76.2238753727169,0.024587146400212596,33.94062446527014,0.20332277001837323,27962.6688,1.0770228171718186,198.04999999999998,0.003189098449082032,4.090054872920394e-06,0.329152901347983,0.0,0.0,1.1512580634874152,scenario_009_high_et_response_june2024,smartgarden_pa1_pilot_53a065f0754a
2024-06-20T11:00,31.3,69.0,557.0,171.0,386.0,0.32,100540.0,24.9,1.43,0.43,32.3,0.155,0,1,0,1.0,32.56788213533768,72.08096257899146,0.0250821873625206,34.03948968291527,0.20211882613465737,62596.4064,1.3706855000329838,473.45,0.0035133663196703063,9.254617602969219e-06,0.3217211489793665,0.0,0.0,1.145672496461152,scenario_009_high_et_response_june2024,smartgarden_pa1_pilot_53a065f0754a
2024-06-20T12:00,31.7,67.0,539.0,156.0,383.0,0.58,100520.0,24.9,1.54,0.42,33.1,0.155,0,1,0,1.0,33.558760148265534,66.6473932938038,0.024437090807187627,34.24099017887055,0.20049493364969762,60906.8592,1.7309877829189566,458.15,0.004091774607542003,8.774880362047714e-06,0.3116971212944297,0.0,0.0,1.1417440271244699,scenario_009_high_et_response_june2024,smartgarden_pa1_pilot_53a065f0754a
2024-06-20T13:00,32.0,66.0,565.0,245.0,320.0,0.95,100490.0,24.9,1.61,0.44,33.5,0.155,0,1,0,1.0,33.98401128690765,64.71271526794429,0.024263564088869507,34.4519957447577,0.1989015874761081,60978.368,1.8753521525059194,480.25,0.004528215614395476,8.922245468930176e-06,0.301861651087087,0.0,0.0,1.139822913424745,scenario_009_high_et_response_june2024,smartgarden_pa1_pilot_53a065f0754a
2024-06-20T14:00,29.0,81.0,220.0,40.0,180.0,0.86,100460.0,25.5,0.74,0.18,32.3,0.164,0,1,0,1.0,31.460148290647126,73.30102614962553,0.02404631804598907,34.564523618207225,0.1977849887104271,25692.832,1.2312583136488757,187.0,0.00468183767333862,3.5100969283903432e-06,0.29496906611374757,0.0,0.0,1.14892387568709,scenario_009_high_et_response_june2024,smartgarden_pa1_pilot_53a065f0754a
2024-06-20T15:00,28.2,84.0,173.0,51.0,122.0,0.78,100410.0,25.2,0.62,0.14,31.1,0.189,0,0,0,1.0,29.4830049586285,81.96780925336675,0.024173060472936096,34.51939698584828,0.19723042863315934,19516.2528,0.7427194528998227,147.04999999999998,0.002555220242676023,2.6769000454569643e-06,0.2915458557602429,0.0,0.0,1.1558543871101963,scenario_009_high_et_response_june2024,smartgarden_pa1_pilot_53a065f0754a
2024-06-20T16:00,27.9,89.0,111.0,2.0,109.0,0.58,100390.0,25.9,0.42,0.09,30.3,0.196,0,0,0,1.0,28.710906851885504,87.84218416889475,0.024839171893640332,34.422754280961065,0.19683678013499215,13602.8816,0.47892568071264785,94.35,0.0019875767643439774,1.7037708626311527e-06,0.2891159267592108,0.0,0.0,1.1585800090523157,scenario_009_high_et_response_june2024,smartgarden_pa1_pilot_53a065f0754a
2024-06-20T17:00,26.7,98.0,47.0,0.0,47.0,0.71,100360.0,26.3,0.08,0.04,29.7,0.202,0,0,0,1.0,27.598595791357802,94.38629213254619,0.02511028613594614,34.280162033114806,0.19661858937308505,5789.5728,0.20728499155623226,39.949999999999996,0.0022108719645092113,7.19065062991742e-07,0.2877690702042287,0.0,0.0,1.1625174836273742,scenario_009_high_et_response_june2024,smartgarden_pa1_pilot_53a065f0754a
2024-06-20T18:00,26.7,99.0,20.0,0.0,20.0,1.14,100320.0,26.5,0.05,0.02,29.4,0.204,1,0,0,1.0,26.99553705409086,97.85368987365811,0.025180298349678495,34.097702442090714,0.19652742122603503,2463.648,0.07650322352584116,17.0,0.0024332807522879827,3.0276499148196407e-07,0.2872063038644138,0.0,0.0,1.1643889683267328,scenario_009_high_et_response_june2024,smartgarden_pa1_pilot_53a065f0754a
2024-06-20T19:00,26.6,98.0,0.0,0.0,0.0,0.95,100370.0,26.2,0.07,0.01,29.0,0.211,0,0,0,1.0,26.78964111840073,97.29799821404717,0.02475342684795662,33.90199152124757,0.20482679527119244,0.0,0.09515303173331713,0.0,0.0020150623422244625,2.5118579730957825e-08,0.3384370078468669,0.0,0.0,1.1657690081125192,scenario_009_high_et_response_june2024,smartgarden_pa1_pilot_53a065f0754a
2024-06-20T20:00,26.5,97.0,0.0,0.0,0.0,0.85,100440.0,26.1,0.09,0.0,28.8,0.217,0,0,0,1.0,26.65531322323817,96.4575176423611,0.02435747848734567,33.703210106167354,0.20482159897376068,0.0,0.12376988096207109,0.0,0.0018062251169876301,3.2669783751379946e-08,0.33840493193679433,0.0,0.0,1.1671047257737968,scenario_009_high_et_response_june2024,smartgarden_pa1_pilot_53a065f0754a
2024-06-20T21:00,26.5,97.0,0.0,0.0,0.0,0.76,100520.0,26.0,0.09,0.0,28.6,0.22,0,0,0,1.0,26.610337239784545,96.48694344174363,0.0243041716872974,33.50794058665741,0.2048156924843349,0.0,0.1224174394692139,0.0,0.0016007327958802336,3.2309317524679055e-08,0.33836847212552407,0.0,0.0,1.1682095709877562,scenario_009_high_et_response_june2024,smartgarden_pa1_pilot_53a065f0754a
2024-06-20T22:00,26.5,97.0,0.0,0.0,0.0,1.04,100600.0,26.0,0.1,0.0,28.5,0.224,0,0,0,1.0,26.602180016534007,96.51360718837564,0.024299883093401413,33.31767639091645,0.20480990770588103,0.0,0.1214300040991656,0.0,0.002109918190173533,3.204532412081492e-08,0.3383327636165496,0.0,0.0,1.1691711200826023,scenario_009_high_et_response_june2024,smartgarden_pa1_pilot_53a065f0754a
2024-06-20T23:00,26.5,97.0,0.0,0.0,0.0,0.95,100580.0,26.1,0.09,0.0,28.4,0.226,0,0,0,1.0,26.598673037641657,96.53448589006541,0.024300408876607362,33.132596666336724,0.20480415802899737,0.0,0.12067789858653422,0.0,0.0019388390441164932,3.184350300802542e-08,0.33829727178393443,0.0,0.0,1.1689523567644178,scenario_009_high_et_response_june2024,smartgarden_pa1_pilot_53a065f0754a
2024-06-21T00:00,27.8,87.0,0.0,0.0,0.0,1.08,100550.0,25.3,0.5,0.0,28.3,0.228,0,0,0,1.0,27.37022081071598,89.64674132521226,0.023551018140127715,32.959316361307934,0.20479356421092063,0.0,0.3772225521590049,0.0,0.002420193500572275,9.951917990219011e-08,0.33823187784518904,0.0,0.0,1.165603450677038,scenario_009_high_et_response_june2024,smartgarden_pa1_pilot_53a065f0754a
2024-06-21T01:00,27.9,84.0,0.0,0.0,0.0,1.1,100440.0,25.0,0.59,0.0,28.1,0.228,0,0,0,1.0,27.875356575592168,84.67613955514271,0.022872661656796172,32.80868152387041,0.20477019571727345,0.0,0.5750407591648004,0.0,0.002163892565721761,1.5164304963824192e-07,0.33808762788440405,0.0,0.0,1.1623744984654418,scenario_009_high_et_response_june2024,smartgarden_pa1_pilot_53a065f0754a
2024-06-21T02:00,28.0,84.0,0.0,0.0,0.0,1.14,100400.0,24.9,0.62,0.0,28.0,0.228,0,0,0,1.0,28.012415256839645,84.1486087389543,0.022901935862960212,32.667935240383954,0.20474201669432224,0.0,0.5996048218929086,0.0,0.002232201237527534,1.5803944563361122e-07,0.3379136832982854,0.0,0.0,1.1613828008089788,scenario_009_high_et_response_june2024,smartgarden_pa1_pilot_53a065f0754a
2024-06-21T03:00,27.5,85.0,0.0,0.0,0.0,1.3,100330.0,24.7,0.55,0.0,27.8,0.228,0,0,0,1.0,27.75261781303457,84.17750644439685,0.022585034343418846,32.53049553815514,0.2047135491485128,0.0,0.5895183086458315,0.0,0.002694633980034361,1.5530011348242373e-07,0.3377379577068692,0.0,0.0,1.161575103317472,scenario_009_high_et_response_june2024,smartgarden_pa1_pilot_53a065f0754a
2024-06-21T04:00,27.3,85.0,0.0,0.0,0.0,1.26,100360.0,24.6,0.54,0.0,27.7,0.228,0,0,0,1.0,27.461872350276714,84.5604564516073,0.022327387584467232,32.389448821423834,0.2046862994199729,0.0,0.5655654665743102,0.0,0.002563651050289695,1.489158784469749e-07,0.3375697495060056,0.0,0.0,1.1630462165394704,scenario_009_high_et_response_june2024,smartgarden_pa1_pilot_53a065f0754a
2024-06-21T05:00,27.4,84.0,0.0,0.0,0.0,1.17,100330.0,24.5,0.59,0.0,27.6,0.228,0,0,0,1.0,27.43404007003183,84.15064655112555,0.022185106810045145,32.24867224031779,0.20465934913865647,0.0,0.5796331829789612,0.0,0.0023060472366226614,1.5254475658161897e-07,0.337403389744793,0.0,0.0,1.162806213174991,scenario_009_high_et_response_june2024,smartgarden_pa1_pilot_53a065f0754a
2024-06-21T06:00,27.4,85.0,9.0,0.0,9.0,0.86,100440.0,24.6,0.56,0.02,27.6,0.227,1,0,0,1.0,27.48055679861361,85.04761455366334,0.0224791612482147,32.11470929262008,0.2046188858133308,1108.6416,0.5483189762038458,7.6499999999999995,0.0017546470734197818,2.950814980435055e-07,0.33715361613167155,0.0,0.0,1.1639009740095332,scenario_009_high_et_response_june2024,smartgarden_pa1_pilot_53a065f0754a
2024-06-21T07:00,27.7,86.0,64.0,1.0,63.0,1.06,100510.0,25.2,0.52,0.06,28.4,0.227,0,0,0,1.0,27.797193865553275,87.44734467294676,0.02351993459809894,32.00299802259529,0.21279806121312994,7848.4911999999995,0.46890740440174605,54.4,0.002143277502705226,1.375412353054908e-06,0.3876423531674688,0.0,0.0,1.1634867012120187,scenario_009_high_et_response_june2024,smartgarden_pa1_pilot_53a065f0754a
2024-06-21T08:00,28.6,83.0,160.0,19.0,141.0,0.85,100570.0,25.5,0.65,0.13,28.5,0.228,0,0,0,1.0,28.73348086843341,87.97445748965893,0.024907253748531404,31.94374129429852,0.21238564831098486,19040.7184,0.47433479115485033,136.0,0.0017852136745649856,3.2063069818707612e-06,0.38509659451225225,0.0,0.0,1.1605705606682832,scenario_009_high_et_response_june2024,smartgarden_pa1_pilot_53a065f0754a
2024-06-21T09:00,29.4,75.0,343.0,91.0,252.0,0.67,100550.0,24.6,1.02,0.26,32.5,0.227,0,1,0,1.0,30.091173575716454,81.16935016712057,0.024739006774141377,31.978745547861173,0.21149413188692268,39049.9648,0.803184598460462,291.55,0.003382251946231779,6.712030967776314e-06,0.3795934067093993,0.0,0.0,1.1551446073259988,scenario_009_high_et_response_june2024,smartgarden_pa1_pilot_53a065f0754a
2024-06-21T10:00,30.9,66.0,532.0,203.0,329.0,0.57,100520.0,23.8,1.52,0.41,31.9,0.227,0,1,0,1.0,31.96391114338784,70.95474969692125,0.02391068236379881,32.13624032446869,0.2099678998596648,58391.0096,1.3782225000056791,452.2,0.0035574978319986303,1.0190365045876932e-05,0.37017222135595557,0.0,0.0,1.1477119927234842,scenario_009_high_et_response_june2024,smartgarden_pa1_pilot_53a065f0754a
2024-06-21T11:00,31.7,64.0,700.0,388.0,312.0,0.42,100480.0,24.2,1.67,0.54,32.6,0.225,0,1,0,1.0,33.63531704023826,66.37632346376107,0.02443587385164562,32.415728434661105,0.2078819104306805,72576.90879999999,1.7525328026280098,595.0,0.004024004154488659,1.2924986146596147e-05,0.35729574339926234,0.0,0.0,1.1410048883616297,scenario_009_high_et_response_june2024,smartgarden_pa1_pilot_53a065f0754a
2024-06-21T12:00,32.2,64.0,761.0,462.0,299.0,0.36,100450.0,24.5,1.72,0.59,33.5,0.223,0,1,0,1.0,34.65021161869191,64.26167095956785,0.024948694514891213,32.77157825485342,0.20550193116446713,77487.5376,1.9709276113998042,646.85,0.0042886545817138536,1.3491097156084058e-05,0.34260451336090825,0.0,0.0,1.136903165761408,scenario_009_high_et_response_june2024,smartgarden_pa1_pilot_53a065f0754a
2024-06-21T13:00,32.0,64.0,543.0,271.0,272.0,0.67,100360.0,24.3,1.71,0.43,33.4,0.221,0,1,0,1.0,34.338522109864584,62.31245747407759,0.02380132379951673,33.08938049996081,0.20344351494156468,57353.612799999995,2.042794441209694,461.55,0.004433492500502001,9.43312831903132e-06,0.3298982403800289,0.0,0.0,1.1370359400241794,scenario_009_high_et_response_june2024,smartgarden_pa1_pilot_53a065f0754a
2024-06-21T14:00,28.8,81.0,207.0,9.0,198.0,0.73,100320.0,25.2,0.76,0.17,32.0,0.225,0,1,0,1.0,31.279046155433594,73.3398907008627,0.023827126249782612,33.23185578978908,0.20227125167881216,25182.115199999997,1.216889448614158,175.95,0.004570718323421907,3.6274470054830535e-06,0.3226620474000751,0.0,0.0,1.1480052795614233,scenario_009_high_et_response_june2024,smartgarden_pa1_pilot_53a065f0754a
2024-06-21T15:00,29.0,80.0,268.0,55.0,213.0,0.81,100250.0,25.3,0.78,0.21,31.5,0.225,0,1,0,1.0,30.049165825820285,79.35719674344908,0.02413186042468793,33.2454919059368,0.20154642300494008,31077.851199999997,0.8783606419699383,227.79999999999998,0.003825237773504104,4.458263267087617e-06,0.3181877963267906,0.0,0.0,1.1518576950314057,scenario_009_high_et_response_june2024,smartgarden_pa1_pilot_53a065f0754a
2024-06-21T16:00,29.4,77.0,283.0,81.0,202.0,0.71,100260.0,24.9,0.95,0.22,31.4,0.226,0,1,0,1.0,30.351770959479556,77.34233118424194,0.0239064542444866,33.27272524710888,0.20072729500567793,32010.8448,0.9809481864064424,240.54999999999998,0.00363283094704866,4.646029839910388e-06,0.31313145065233294,0.0,0.0,1.15082402424134,scenario_009_high_et_response_june2024,smartgarden_pa1_pilot_53a065f0754a
2024-06-21T17:00,28.9,80.0,203.0,90.0,113.0,0.61,100200.0,25.2,0.78,0.15,30.9,0.225,0,1,0,1.0,30.018528422667885,78.32003924981292,0.023777066923551197,33.28581836791756,0.20000859976374474,21839.6112,0.9208729082769862,172.54999999999998,0.0036436037823663033,3.337751715980072e-06,0.3086950602700293,0.0,0.0,1.151399548026231,scenario_009_high_et_response_june2024,smartgarden_pa1_pilot_53a065f0754a
2024-06-21T18:00,28.8,81.0,56.0,18.0,38.0,0.92,100310.0,25.2,0.76,0.05,30.3,0.225,1,0,0,1.0,29.376241954473677,80.41644157877491,0.02357846510835422,33.232063449199515,0.19961636589084883,6264.9312,0.8016726076148921,47.6,0.0022610894076623544,1.0443646664842526e-06,0.30627386352375824,0.0,0.0,1.1551107528532567,scenario_009_high_et_response_june2024,smartgarden_pa1_pilot_53a065f0754a
2024-06-21T19:00,28.6,82.0,0.0,0.0,0.0,0.99,100350.0,25.3,0.7,0.02,29.8,0.225,0,0,0,1.0,28.849471894700383,81.41856883365865,0.02319751891198755,33.11816213322493,0.2078221873662347,0.0,0.7378619632754222,0.0,0.0021326666156970446,2.05423075919289e-07,0.3569270825076216,0.0,0.0,1.157587003229402,scenario_009_high_et_response_june2024,smartgarden_pa1_pilot_53a065f0754a
2024-06-21T20:00,28.5,83.0,0.0,0.0,0.0,0.72,100440.0,25.4,0.65,0.0,29.5,0.224,0,0,0,1.0,28.615744624723355,82.80438955465944,0.02329323924605021,32.98567077256776,0.20778689805046724,0.0,0.6736522574669257,0.0,0.0015338265085928693,1.874324319289661e-07,0.35670924722510644,0.0,0.0,1.1595225903128152,scenario_009_high_et_response_june2024,smartgarden_pa1_pilot_53a065f0754a
2024-06-21T21:00,28.4,85.0,0.0,0.0,0.0,0.99,100490.0,25.6,0.59,0.0,29.2,0.224,0,0,0,1.0,28.50194832491959,84.62948902225457,0.023659009074018293,32.85348389252686,0.20775498788557692,0.0,0.5981925192819921,0.0,0.00201566427041191,1.6634511931735723e-07,0.356512270898623,0.0,0.0,1.1605374521890717,scenario_009_high_et_response_june2024,smartgarden_pa1_pilot_53a065f0754a
2024-06-21T22:00,27.9,90.0,0.0,0.0,0.0,0.92,100510.0,26.0,0.39,0.0,28.9,0.224,0,0,0,1.0,28.16350651656413,88.60583828938202,0.024315762907800968,32.72057176145696,0.20772879391772034,0.0,0.43480871996155646,0.0,0.002021895088161887,1.2085658475842595e-07,0.35635057973901446,0.0,0.0,1.162072227951712,scenario_009_high_et_response_june2024,smartgarden_pa1_pilot_53a065f0754a
2024-06-21T23:00,28.1,88.0,0.0,0.0,0.0,1.06,100510.0,25.8,0.47,0.0,28.4,0.223,0,0,0,1.0,28.103038949941567,88.33590267409066,0.02416142019126526,32.58534721105544,0.2077076114358661,0.0,0.4435468340519688,0.0,0.0020694250772522573,1.2324013651482774e-07,0.3562198236781859,0.0,0.0,1.1623054793078107,scenario_009_high_et_response_june2024,smartgarden_pa1_pilot_53a065f0754a
2024-06-22T00:00,28.0,88.0,0.0,0.0,0.0,0.94,100460.0,25.8,0.47,0.0,28.1,0.223,0,0,0,1.0,28.092540736969674,87.8615293349461,0.024017833278238532,32.454443026181096,0.20768477139495956,0.0,0.4613038165656671,0.0,0.0019145139657329399,1.2812321023287676e-07,0.3560788357713553,0.0,0.0,1.1617677612581605,scenario_009_high_et_response_june2024,smartgarden_pa1_pilot_53a065f0754a
2024-06-22T01:00,28.3,86.0,0.0,0.0,0.0,1.04,100400.0,25.6,0.55,0.0,27.9,0.223,0,0,0,1.0,28.238934450382285,86.61218696966483,0.023867137224004298,32.32779651597697,0.20766070848818585,0.0,0.5131330318122145,0.0,0.00207708015843006,1.4245888300695567e-07,0.35593029930978926,0.0,0.0,1.1605099237210614,scenario_009_high_et_response_june2024,smartgarden_pa1_pilot_53a065f0754a
2024-06-22T02:00,27.4,92.0,0.0,0.0,0.0,0.8,100350.0,26.1,0.28,0.0,27.6,0.223,0,0,0,1.0,27.804167791594356,89.98801338486128,0.024212559411898846,32.203748920185596,0.2076375952038,0.0,0.3741522514376623,0.0,0.001941398062695769,1.0383261784015071e-07,0.3557876247148149,0.0,0.0,1.1616076501373915,scenario_009_high_et_response_june2024,smartgarden_pa1_pilot_53a065f0754a
2024-06-22T03:00,27.2,93.0,0.0,0.0,0.0,0.91,100310.0,26.0,0.25,0.0,27.5,0.223,0,0,0,1.0,27.382046573554085,92.23331140739323,0.024246348454496337,32.07098732986157,0.2076217155218737,0.0,0.2831763161335612,0.0,0.0019368020657635542,7.856383951857152e-08,0.35568960198687466,0.0,0.0,1.162775547852837,scenario_009_high_et_response_june2024,smartgarden_pa1_pilot_53a065f0754a
2024-06-22T04:00,27.2,93.0,0.0,0.0,0.0,1.04,100270.0,25.9,0.26,0.0,27.3,0.223,0,0,0,1.0,27.2788037124029,92.73205432571038,0.024238944066686308,31.93656201871928,0.20760824185673318,0.0,0.26339574917307385,0.0,0.0020913196127101117,7.305887344117492e-08,0.3556064312144024,0.0,0.0,1.1627113054404115,scenario_009_high_et_response_june2024,smartgarden_pa1_pilot_53a065f0754a
2024-06-22T05:00,26.8,93.0,0.0,0.0,0.0,0.95,100270.0,25.7,0.23,0.0,27.1,0.222,0,0,0,1.0,27.02776039165622,92.24283826275465,0.023778838708647554,31.802881442926093,0.20759466659699863,0.0,0.27701995129698975,0.0,0.002046033880932134,7.681975280135926e-08,0.3555226333148064,0.0,0.0,1.1636836989541968,scenario_009_high_et_response_june2024,smartgarden_pa1_pilot_53a065f0754a
2024-06-22T06:00,27.1,92.0,18.0,5.0,13.0,1.14,100290.0,25.8,0.27,0.01,27.2,0.222,1,0,0,1.0,27.106274355214488,92.52649458373153,0.023955759625516982,31.673635213205525,0.20755267776865763,2041.3711999999998,0.26812171468757695,15.299999999999999,0.002227668854703291,3.9227654260758263e-07,0.3552634430164051,0.0,0.0,1.163611456844336,scenario_009_high_et_response_june2024,smartgarden_pa1_pilot_53a065f0754a
2024-06-22T07:00,28.7,85.0,145.0,71.0,74.0,0.81,100450.0,26.0,0.57,0.1,29.1,0.222,0,0,0,1.0,28.454910382874804,91.09982120967334,0.025402409129877894,31.596870042742683,0.2155735548790576,15363.497599999997,0.34543491036283136,123.25,0.0018173835838608012,3.027540836498669e-06,0.40477503011763954,0.0,0.0,1.1602564247614178,scenario_009_high_et_response_june2024,smartgarden_pa1_pilot_53a065f0754a
2024-06-22T08:00,29.9,75.0,345.0,226.0,119.0,0.42,100450.0,25.0,1.05,0.25,30.2,0.221,0,0,0,1.0,30.364655365643483,88.21162802879618,0.02728509085426832,31.638767688391958,0.2146695944519965,34546.705599999994,0.5107457592508062,293.25,0.0014809101623277539,7.007272586395006e-06,0.3991950274814598,0.0,0.0,1.1529559737066115,scenario_009_high_et_response_june2024,smartgarden_pa1_pilot_53a065f0754a
2024-06-22T09:00,30.7,70.0,478.0,328.0,150.0,0.73,100490.0,24.5,1.34,0.36,31.3,0.22,0,1,0,1.0,31.85967835674648,73.46030320218824,0.024617950502373715,31.797426790958607,0.21316076064464576,47341.36,1.2519311925248955,406.3,0.0037987013004231168,9.647633209926587e-06,0.3898812385471961,0.0,0.0,1.1477615577411668,scenario_009_high_et_response_june2024,smartgarden_pa1_pilot_53a065f0754a
2024-06-22T10:00,30.8,68.0,440.0,183.0,257.0,0.22,100450.0,24.1,1.44,0.34,31.5,0.218,0,1,0,1.0,32.346785625200916,69.66233278712642,0.023957934617805838,31.99710140943396,0.21150522171821268,47761.8768,1.4709973665157063,374.0,0.0036733779967372754,8.742237536597842e-06,0.37966186245810296,0.0,0.0,1.145475342056938,scenario_009_high_et_response_june2024,smartgarden_pa1_pilot_53a065f0754a
2024-06-22T11:00,31.1,65.0,574.0,306.0,268.0,0.5,100430.0,23.9,1.56,0.44,32.1,0.217,0,1,0,1.0,32.87556186315728,67.02197196396298,0.023704772624376355,32.22239574921983,0.20972629508850268,59940.8832,1.647299946670779,487.9,0.003981216692391277,1.0996659438748959e-05,0.36868083387964623,0.0,0.0,1.143268420482454,scenario_009_high_et_response_june2024,smartgarden_pa1_pilot_53a065f0754a
2024-06-22T12:00,31.4,64.0,624.0,267.0,357.0,1.06,100400.0,23.9,1.63,0.48,32.8,0.215,0,1,0,1.0,33.437134864348835,64.25866415399537,0.02341091246073531,32.49853701612812,0.20769445450339435,67472.11679999999,1.8423963335819349,530.4,0.004687353574837951,1.1562206989137475e-05,0.3561386080456442,0.0,0.0,1.1408334191326734,scenario_009_high_et_response_june2024,smartgarden_pa1_pilot_53a065f0754a
2024-06-22T13:00,31.0,65.0,455.0,225.0,230.0,0.89,100370.0,23.7,1.57,0.36,32.7,0.213,0,1,0,1.0,33.007715151455365,63.72728378436844,0.022697455759057898,32.74178899440456,0.20590978833930054,48131.952,1.8253609764099514,386.75,0.0044764524369511624,8.299724062985025e-06,0.34512215024259596,0.0,0.0,1.1420921982882155,scenario_009_high_et_response_june2024,smartgarden_pa1_pilot_53a065f0754a
2024-06-22T14:00,30.3,68.0,356.0,161.0,195.0,1.1,100280.0,23.7,1.38,0.29,32.4,0.213,0,1,0,1.0,32.038979005652195,66.11473472677551,0.022368876973282766,32.897261825157024,0.20458948523348822,38188.568,1.6147205140508047,302.59999999999997,0.004593135250446368,6.389524695339269e-06,0.33697213107091495,0.0,0.0,1.1446901026077565,scenario_009_high_et_response_june2024,smartgarden_pa1_pilot_53a065f0754a
2024-06-22T15:00,30.3,68.0,389.0,151.0,238.0,1.3,100260.0,23.7,1.38,0.31,32.3,0.212,0,1,0,1.0,31.736100581202372,67.26732608492277,0.022394532006703684,33.01667185233334,0.20340554498936864,42605.411199999995,1.5333053174317515,330.65,0.004722082579423831,6.770967016270142e-06,0.32966385795906566,0.0,0.0,1.1455987293423249,scenario_009_high_et_response_june2024,smartgarden_pa1_pilot_53a065f0754a
2024-06-22T16:00,29.7,71.0,298.0,169.0,129.0,1.2,100260.0,23.8,1.22,0.23,31.8,0.213,0,1,0,1.0,31.17241271733698,69.06150424915555,0.022309381406867827,33.11240271523621,0.2023341653621021,30762.529599999998,1.4036419288164925,253.29999999999998,0.0045962056167364075,5.140665762451541e-06,0.3230504034697661,0.0,0.0,1.1477206897159427,scenario_009_high_et_response_june2024,smartgarden_pa1_pilot_53a065f0754a
2024-06-22T17:00,28.9,77.0,100.0,28.0,72.0,0.76,100220.0,24.4,0.93,0.09,30.9,0.216,0,0,0,1.0,29.932200390022132,74.67857799083873,0.0225659834914569,33.11625131419971,0.20170589076998077,11333.1328,1.0702332874159564,85.0,0.0023628184126199413,1.8535227587074098e-06,0.3191721652467949,0.0,0.0,1.1519573911800933,scenario_009_high_et_response_june2024,smartgarden_pa1_pilot_53a065f0754a
2024-06-22T18:00,28.5,79.0,19.0,2.0,17.0,1.0,100360.0,24.6,0.8,0.04,30.0,0.22,1,0,0,1.0,28.970585575610375,77.9808219635839,0.0223652349330741,33.02748844287171,0.20149382282473638,2270.1007999999997,0.8805191021012306,16.15,0.0023133043412565113,5.186190510889492e-07,0.31786310385639743,0.0,0.0,1.157238260073266,scenario_009_high_et_response_june2024,smartgarden_pa1_pilot_53a065f0754a
2024-06-22T19:00,28.2,81.0,0.0,0.0,0.0,1.08,100470.0,24.6,0.73,0.02,29.4,0.226,0,0,0,1.0,28.436047294347745,80.2976894364139,0.02236722967414447,32.901217682416,0.2097536474453788,0.0,0.7638520697308775,0.0,0.002283316642911335,2.1976233873206775e-07,0.3688496755887581,0.0,0.0,1.1605600206779083,scenario_009_high_et_response_june2024,smartgarden_pa1_pilot_53a065f0754a
2024-06-22T20:00,28.1,82.0,0.0,0.0,0.0,1.36,100510.0,24.6,0.7,0.0,28.9,0.232,0,0,0,1.0,28.212963426921604,81.71473081506196,0.022485548659427656,32.765724999732534,0.20971596200883694,0.0,0.6997873314266183,0.0,0.0027213681346378556,2.012037622483649e-07,0.3686170494372651,0.0,0.0,1.1618815193744099,scenario_009_high_et_response_june2024,smartgarden_pa1_pilot_53a065f0754a
2024-06-22T21:00,26.1,97.0,0.0,0.0,0.0,0.89,100560.0,25.6,0.1,0.0,28.5,0.241,0,0,0,1.0,26.964618926596486,92.14640818467971,0.02367112712579424,32.62082236331997,0.20968933579376867,0.0,0.27942657539932503,0.0,0.0024242056115911822,8.030526924195212e-08,0.36845269008499176,0.0,0.0,1.1672948314366083,scenario_009_high_et_response_june2024,smartgarden_pa1_pilot_53a065f0754a
2024-06-22T22:00,26.2,97.0,0.0,0.0,0.0,0.94,100550.0,25.7,0.1,0.0,28.3,0.25,0,0,0,1.0,26.332325125447955,96.29423531753777,0.02388381393918714,32.453351904788654,0.209680388831474,0.0,0.1270352159304915,0.0,0.0019491686281454632,3.6503571876402186e-08,0.368397461922679,0.0,0.0,1.169643003901705,scenario_009_high_et_response_june2024,smartgarden_pa1_pilot_53a065f0754a
2024-06-22T23:00,26.2,97.0,0.0,0.0,0.0,0.94,100540.0,25.7,0.1,0.0,28.1,0.256,0,0,0,1.0,26.294453167570126,96.56270168078721,0.023899991948216338,32.285835145357865,0.20967416836460828,0.0,0.11756919653703646,0.0,0.0019166504159696812,3.3779989767539575e-08,0.3683590639790635,0.0,0.0,1.1696745941819335,scenario_009_high_et_response_june2024,smartgarden_pa1_pilot_53a065f0754a
2024-06-23T00:00,26.1,97.0,0.0,0.0,0.0,0.91,100510.0,25.6,0.09,0.0,27.9,0.258,0,0,0,1.0,26.228884189041803,96.45560020932342,0.023786519811573693,32.12210908850719,0.20966799193115118,0.0,0.12076442851935454,0.0,0.0018912805837489068,3.4694452705191885e-08,0.36832093784661224,0.0,0.0,1.169581678340903,scenario_009_high_et_response_june2024,smartgarden_pa1_pilot_53a065f0754a
2024-06-23T01:00,26.0,97.0,0.0,0.0,0.0,0.71,100470.0,25.6,0.09,0.0,27.8,0.26,0,0,0,1.0,26.13258556974249,96.46403897905977,0.023661362888278303,31.961016488051413,0.20966176362028158,0.0,0.11979396390056385,0.0,0.0015353723242585372,3.4412055202161405e-08,0.3682824914832196,0.0,0.0,1.169492400026508,scenario_009_high_et_response_june2024,smartgarden_pa1_pilot_53a065f0754a
2024-06-23T02:00,27.3,89.0,0.0,0.0,0.0,0.54,100450.0,25.4,0.38,0.0,27.8,0.26,0,0,0,1.0,26.858621487350646,91.63207364031692,0.02340124455543676,31.809362415575304,0.20965210872744047,0.0,0.2958794010227277,0.0,0.001603677407853815,8.498066392601122e-08,0.3682228933792622,0.0,0.0,1.1664299288348174,scenario_009_high_et_response_june2024,smartgarden_pa1_pilot_53a065f0754a
2024-06-23T03:00,27.4,89.0,0.0,0.0,0.0,0.54,100410.0,25.4,0.41,0.0,27.7,0.259,0,0,0,1.0,27.36468155197557,89.41809547092892,0.023483772132130713,31.679351806080568,0.20963360082226942,0.0,0.3854283720443017,0.0,0.0011071028469196575,1.1066602292328575e-07,0.36810864705104585,0.0,0.0,1.1640019870552407,scenario_009_high_et_response_june2024,smartgarden_pa1_pilot_53a065f0754a
2024-06-23T04:00,27.4,89.0,0.0,0.0,0.0,0.85,100440.0,25.4,0.4,0.0,27.7,0.259,0,0,0,1.0,27.44645793045247,89.04433876883424,0.02349133943858373,31.558246860606594,0.20961322058950285,0.0,0.4009549927819096,0.0,0.0017032299799639823,1.1508475540933944e-07,0.36798284314507934,0.0,0.0,1.1640330038615767,scenario_009_high_et_response_june2024,smartgarden_pa1_pilot_53a065f0754a
2024-06-23T05:00,27.3,90.0,0.0,0.0,0.0,0.85,100440.0,25.4,0.37,0.0,27.5,0.258,0,0,0,1.0,27.39428507064228,89.6945245513011,0.023594875876173465,31.440703589094976,0.20959300895525457,0.0,0.37601050411134507,0.0,0.0017490746314086127,1.0788843163114935e-07,0.36785807997070724,0.0,0.0,1.1642350736853655,scenario_009_high_et_response_june2024,smartgarden_pa1_pilot_53a065f0754a
2024-06-23T06:00,27.2,91.0,13.0,2.0,11.0,0.72,100540.0,25.5,0.33,0.01,27.6,0.263,1,0,0,1.0,27.330735118592305,90.97342912801638,0.023847531062071253,31.32799805396135,0.20955339925923439,1531.0064,0.32812550771239346,11.049999999999999,0.0015504397969258355,3.317208507601236e-07,0.3676135756742864,0.0,0.0,1.165640682756492,scenario_009_high_et_response_june2024,smartgarden_pa1_pilot_53a065f0754a
2024-06-23T07:00,28.2,87.0,133.0,65.0,68.0,0.82,100620.0,25.7,0.51,0.09,29.1,0.263,0,0,0,1.0,28.168376738567332,92.47750257372837,0.025385027294076747,31.256527431116048,0.21759636504349034,14096.403199999999,0.2871447724520597,113.05,0.0016313069439991173,2.8529829994923738e-06,0.4172615126141379,0.0,0.0,1.1633252180766889,scenario_009_high_et_response_june2024,smartgarden_pa1_pilot_53a065f0754a
2024-06-23T08:00,28.6,84.0,198.0,66.0,132.0,1.14,100620.0,25.7,0.62,0.15,28.9,0.264,0,0,0,1.0,29.05222663570189,87.84733986729499,0.025307296154851968,31.253340339053988,0.2169589195304006,22068.0768,0.48826753622073094,168.29999999999998,0.002535700608747326,4.226843248042483e-06,0.41332666376790506,0.0,0.0,1.1599228444880565,scenario_009_high_et_response_june2024,smartgarden_pa1_pilot_53a065f0754a
2024-06-23T09:00,28.7,84.0,289.0,103.0,186.0,0.5,100640.0,25.7,0.63,0.22,29.3,0.271,0,0,0,1.0,29.597585854737087,89.55421735720712,0.02657504606235652,31.302514309521023,0.21603687743276156,31975.9264,0.4330931970538532,245.65,0.0019745390939229423,5.995633910609052e-06,0.4076350458812443,0.0,0.0,1.158063538683034,scenario_009_high_et_response_june2024,smartgarden_pa1_pilot_53a065f0754a
2024-06-23T10:00,29.0,82.0,398.0,166.0,232.0,0.41,100650.0,25.6,0.72,0.3,29.9,0.276,0,1,0,1.0,30.188130498819998,84.41529187747251,0.025863373425245032,31.409900410718063,0.214767967582772,43186.3168,0.6684384571922131,338.3,0.0035182415369836425,8.120756500616673e-06,0.3998022690294568,0.0,0.0,1.155923843673962,scenario_009_high_et_response_june2024,smartgarden_pa1_pilot_53a065f0754a
2024-06-23T11:00,29.0,82.0,306.0,97.0,209.0,0.28,100590.0,25.6,0.72,0.24,30.0,0.279,0,1,0,1.0,30.227068327995063,82.64277506831019,0.025373573410697518,31.526687515314595,0.2134807185738868,34281.12159999999,0.7461248235939566,260.09999999999997,0.003467394578966415,6.190477980688714e-06,0.3918562874931285,0.0,0.0,1.1550864963263565,scenario_009_high_et_response_june2024,smartgarden_pa1_pilot_53a065f0754a
2024-06-23T12:00,29.3,77.0,252.0,23.0,229.0,0.81,100580.0,24.9,0.92,0.2,29.9,0.281,0,1,0,1.0,30.199742883101603,78.18770276851845,0.02397036896250111,31.603848221622062,0.2124648170837975,30232.7696,0.9361663126219866,214.2,0.0037221849180164484,5.113211730029253e-06,0.38558529064072533,0.0,0.0,1.155075703886074,scenario_009_high_et_response_june2024,smartgarden_pa1_pilot_53a065f0754a
2024-06-23T13:00,29.2,79.0,341.0,57.0,284.0,1.33,100520.0,25.2,0.85,0.27,32.2,0.284,0,1,0,1.0,30.348888501165252,78.82458994309033,0.02436083326804425,31.68896067185427,0.21140025456029082,39999.8016,0.916623650386406,289.84999999999997,0.004627804209529316,6.6976274891848126e-06,0.37901391703883225,0.0,0.0,1.1538193655186626,scenario_009_high_et_response_june2024,smartgarden_pa1_pilot_53a065f0754a
2024-06-23T14:00,29.2,75.0,331.0,97.0,234.0,1.12,100480.0,24.2,1.02,0.26,31.3,0.283,0,1,0,1.0,30.406442038963576,75.25492240770399,0.02332988551330613,31.79314275051606,0.21021906003097182,37360.681599999996,1.0746763075045753,281.34999999999997,0.00434219226361706,6.429768403037899e-06,0.3717225927837767,0.0,0.0,1.1531415511042054,scenario_009_high_et_response_june2024,smartgarden_pa1_pilot_53a065f0754a
2024-06-23T15:00,28.4,78.0,229.0,46.0,183.0,0.71,100480.0,24.1,0.87,0.18,30.3,0.304,0,0,0,1.0,29.727903877647456,78.52152673025206,0.023466280944452772,31.862019269461374,0.20924181726872332,26590.379199999996,0.897218530672002,194.65,0.0025053045767086455,4.420044951573131e-06,0.36569023005384765,0.0,0.0,1.1557249371413048,scenario_009_high_et_response_june2024,smartgarden_pa1_pilot_53a065f0754a
2024-06-23T16:00,27.9,86.0,167.0,32.0,135.0,0.41,100500.0,25.4,0.52,0.13,29.7,0.307,0,0,0,1.0,28.92184943349101,86.25892252018187,0.02467380306705749,31.87165765146424,0.2085605064486582,19445.624,0.5479422812106289,141.95,0.0020007598290651433,3.1562920001954126e-06,0.3614846077077667,0.0,0.0,1.1590395508547564,scenario_009_high_et_response_june2024,smartgarden_pa1_pilot_53a065f0754a
2024-06-23T17:00,27.8,87.0,89.0,18.0,71.0,0.32,100400.0,25.3,0.5,0.07,29.2,0.307,0,0,0,1.0,28.396824387645122,88.46328263996934,0.024588948444518595,31.832875840595154,0.2081236799481626,10329.9504,0.4462575975125018,75.64999999999999,0.0015354122650897614,1.712713228672527e-06,0.35878814782816426,0.0,0.0,1.159902280647979,scenario_009_high_et_response_june2024,smartgarden_pa1_pilot_53a065f0754a
2024-06-23T18:00,27.7,87.0,46.0,18.0,28.0,0.54,100480.0,25.4,0.48,0.04,28.8,0.309,1,0,0,1.0,28.064027527664287,87.97992980372759,0.024012600461745588,31.75725243655232,0.20788494683329817,5033.1071999999995,0.4560468770340913,39.1,0.0015200555173449655,9.44405972463089e-07,0.35731448662529736,0.0,0.0,1.1621090468249702,scenario_009_high_et_response_june2024,smartgarden_pa1_pilot_53a065f0754a
2024-06-23T19:00,27.6,89.0,1.0,0.0,1.0,0.22,100600.0,25.7,0.39,0.0,28.4,0.307,0,0,0,1.0,27.78234539770768,89.04025020144633,0.02392881608445336,31.65621095572886,0.21610800170132952,123.18239999999999,0.40904967793693103,0.85,0.0008868929891134947,1.5049109069435367e-07,0.40807408457610816,0.0,0.0,1.164585985577483,scenario_009_high_et_response_june2024,smartgarden_pa1_pilot_53a065f0754a
2024-06-23T20:00,27.4,86.0,0.0,0.0,0.0,0.61,100670.0,24.8,0.51,0.0,28.1,0.308,0,0,0,1.0,27.549550141987822,86.58629902986563,0.022973043040440934,31.541359873865296,0.21608091083688938,0.0,0.49388115314826164,0.0,0.0013818332277057389,1.571368569584204e-07,0.4079068570178357,0.0,0.0,1.1662985589644028,scenario_009_high_et_response_june2024,smartgarden_pa1_pilot_53a065f0754a
2024-06-23T21:00,27.5,85.0,0.0,0.0,0.0,0.98,100680.0,24.8,0.55,0.0,27.9,0.312,0,0,0,1.0,27.520337217347,85.33433838165458,0.02260445603308251,31.42618380304977,0.2160511081115535,0.0,0.5390563732322997,0.0,0.0019285179335854438,1.7143278526875975e-07,0.4077228895774908,0.0,0.0,1.1665277406287362,scenario_009_high_et_response_june2024,smartgarden_pa1_pilot_53a065f0754a
2024-06-23T22:00,26.1,97.0,0.0,0.0,0.0,1.08,100680.0,25.6,0.1,0.0,27.7,0.313,0,0,0,1.0,26.707899601344508,93.44159175735507,0.023664829529760158,31.30749180265683,0.21602761408344387,0.0,0.229852271061469,0.0,0.0025399141512958807,7.307250431409166e-08,0.4075778647126165,0.0,0.0,1.1696883410926802,scenario_009_high_et_response_june2024,smartgarden_pa1_pilot_53a065f0754a
2024-06-23T23:00,27.3,88.0,0.0,0.0,0.0,1.0,100690.0,25.1,0.45,0.0,27.6,0.311,0,0,0,1.0,26.942080300372417,90.30849523435346,0.023170066902027987,31.17980022897607,0.2160137227516604,0.0,0.3443627244046197,0.0,0.0022334980816726344,1.094535742196626e-07,0.4074921157509901,0.0,0.0,1.1688916479685723,scenario_009_high_et_response_june2024,smartgarden_pa1_pilot_53a065f0754a
2024-06-24T00:00,27.3,88.0,0.0,0.0,0.0,0.94,100670.0,25.1,0.43,0.0,27.5,0.309,0,0,0,1.0,27.306283284187817,88.24538085300293,0.023101207236055472,31.06747174361839,0.21599067699823918,0.0,0.4266819318140027,0.0,0.0018386637117952086,1.3557088298636792e-07,0.4073498580138221,0.0,0.0,1.167242862017728,scenario_009_high_et_response_june2024,smartgarden_pa1_pilot_53a065f0754a
2024-06-24T01:00,27.1,89.0,0.0,0.0,0.0,0.78,100630.0,25.1,0.4,0.0,27.4,0.307,0,0,0,1.0,27.224365708001258,88.68621625795946,0.02311182614620344,30.96041555187899,0.2159665630981864,0.0,0.4087150037778575,0.0,0.0016508045720368062,1.2981474559871778e-07,0.40720100677892845,0.0,0.0,1.1670972742297392,scenario_009_high_et_response_june2024,smartgarden_pa1_pilot_53a065f0754a
2024-06-24T02:00,27.0,89.0,0.0,0.0,0.0,0.81,100600.0,25.0,0.39,0.0,27.3,0.312,0,0,0,1.0,27.097870212813923,88.8903694070061,0.023003649514619303,30.85346947343018,0.21594360916863028,0.0,0.3983761133762034,0.0,0.0016789751970759518,1.264869123680659e-07,0.4070593158557425,0.0,0.0,1.1672408926955178,scenario_009_high_et_response_june2024,smartgarden_pa1_pilot_53a065f0754a
2024-06-24T03:00,27.0,89.0,0.0,0.0,0.0,0.85,100560.0,25.0,0.41,0.0,27.3,0.31,0,0,0,1.0,27.05423128476881,89.01765609955805,0.022981061307650267,30.747551979516643,0.2159210338874148,0.0,0.39280542770040405,0.0,0.0017108306645675245,1.2467548845843866e-07,0.4069199622679926,0.0,0.0,1.1669463885046756,scenario_009_high_et_response_june2024,smartgarden_pa1_pilot_53a065f0754a
2024-06-24T04:00,27.0,89.0,0.0,0.0,0.0,0.98,100570.0,24.9,0.41,0.0,27.2,0.308,0,0,0,1.0,27.047968549792724,89.01589523752958,0.022972647301778962,30.644178584633394,0.21589860855088283,0.0,0.39272414402551226,0.0,0.0019521308844098987,1.2460728528260405e-07,0.40678153426470887,0.0,0.0,1.1670867805684646,scenario_009_high_et_response_june2024,smartgarden_pa1_pilot_53a065f0754a
2024-06-24T05:00,26.9,89.0,0.0,0.0,0.0,0.92,100600.0,25.0,0.39,0.0,27.1,0.307,0,0,0,1.0,26.986439058407882,88.90299478504944,0.022865536605776837,30.543093906939895,0.21587607674219467,0.0,0.3953313249887427,0.0,0.0018721166574877529,1.2539162857265737e-07,0.406642449025893,0.0,0.0,1.1676742522720858,scenario_009_high_et_response_june2024,smartgarden_pa1_pilot_53a065f0754a
2024-06-24T06:00,27.0,89.0,12.0,1.0,11.0,0.72,100620.0,25.0,0.39,0.01,27.1,0.305,1,0,0,1.0,27.037056962695544,89.55503944631582,0.023097840131056438,30.447063804045015,0.21583230260064717,1443.0064,0.37320874722348574,10.2,0.001447055712836445,3.6077842026257796e-07,0.4063722382755999,0.0,0.0,1.167709460483063,scenario_009_high_et_response_june2024,smartgarden_pa1_pilot_53a065f0754a
2024-06-24T07:00,27.4,89.0,119.0,31.0,88.0,0.91,100700.0,25.4,0.4,0.08,27.9,0.303,0,0,0,1.0,27.551333555718173,92.99642793166747,0.024676200567309223,30.387676496880292,0.22387796054205422,13568.0512,0.25789248426860345,101.14999999999999,0.0019103135179883491,2.7902297171139307e-06,0.4560367934694705,0.0,0.0,1.16663920067386,scenario_009_high_et_response_june2024,smartgarden_pa1_pilot_53a065f0754a
2024-06-24T08:00,28.1,85.0,193.0,40.0,153.0,0.91,100750.0,25.4,0.56,0.15,28.1,0.301,0,0,0,1.0,28.40844062635974,91.2150324653098,0.02536994028037361,30.38877392425362,0.22322576818295212,22366.907199999998,0.3400449918623041,164.04999999999998,0.0020410631272942768,4.457804004944237e-06,0.452010914709581,0.0,0.0,1.1639009287019892,scenario_009_high_et_response_june2024,smartgarden_pa1_pilot_53a065f0754a
2024-06-24T09:00,28.7,84.0,245.0,30.0,215.0,0.85,100780.0,25.6,0.64,0.19,28.9,0.299,0,0,0,1.0,29.246599693261565,90.11901557951849,0.026237784134481017,30.43918814358938,0.22232152886512832,29124.215999999997,0.4014759541882258,208.25,0.002131837852121575,5.578479273715601e-06,0.44642919052548347,0.0,0.0,1.1610205302183807,scenario_009_high_et_response_june2024,smartgarden_pa1_pilot_53a065f0754a
2024-06-24T10:00,29.0,81.0,262.0,37.0,225.0,0.63,100780.0,25.4,0.75,0.21,29.3,0.297,0,0,0,1.0,29.780244070933012,87.45375015915457,0.026209885834578967,30.52023202688537,0.2212869266045979,30972.04,0.52567214364859,222.7,0.0020175306250785805,5.913283244727228e-06,0.4400427568185055,0.0,0.0,1.158975267025158,scenario_009_high_et_response_june2024,smartgarden_pa1_pilot_53a065f0754a
2024-06-24T11:00,30.3,72.0,529.0,126.0,403.0,0.36,100690.0,24.7,1.19,0.4,30.7,0.293,0,1,0,1.0,31.280479960795137,79.09863945327837,0.025700037220767843,30.685895627161656,0.21970271073814773,60730.5072,0.9541115066369108,449.65,0.003311255868819558,1.1638086053700215e-05,0.4302636465317761,0.0,0.0,1.1522339232582512,scenario_009_high_et_response_june2024,smartgarden_pa1_pilot_53a065f0754a
2024-06-24T12:00,31.3,67.0,736.0,433.0,303.0,0.51,100630.0,24.5,1.5,0.56,31.9,0.289,0,1,0,1.0,33.11452286129911,71.74337314448488,0.025697020325722696,30.999711762060826,0.21723935985211174,75428.2672,1.4305060200716868,625.6,0.0040119726096130015,1.5653237760406975e-05,0.41505777686488726,0.0,0.0,1.1446513627863428,scenario_009_high_et_response_june2024,smartgarden_pa1_pilot_53a065f0754a
2024-06-24T13:00,31.9,65.0,689.0,411.0,278.0,0.45,100580.0,24.4,1.66,0.53,32.5,0.285,0,1,0,1.0,34.054029712992026,67.09991483832894,0.02525113043388776,31.374773493046,0.21455311924592693,70412.7072,1.755312687506323,585.65,0.004171421194353792,1.4197569536745917e-05,0.39847604472794407,0.0,0.0,1.1405837290341367,scenario_009_high_et_response_june2024,smartgarden_pa1_pilot_53a065f0754a
2024-06-24T14:00,31.5,67.0,385.0,152.0,233.0,0.42,100480.0,24.5,1.54,0.31,32.3,0.285,0,1,0,1.0,33.374722377695434,66.31743046264572,0.024081688165330708,31.659836511947155,0.21256918122621798,42077.4992,1.7302213468845213,327.25,0.00398746351072858,7.91527087835696e-06,0.38622951374208636,0.0,0.0,1.14197492360556,scenario_009_high_et_response_june2024,smartgarden_pa1_pilot_53a065f0754a
2024-06-24T15:00,30.7,73.0,481.0,224.0,257.0,0.85,100440.0,25.3,1.19,0.37,32.0,0.309,0,1,0,1.0,32.62598700331376,71.8457116555828,0.02507741854507138,31.867834740256967,0.21100823160491428,51369.8768,1.386760981561034,408.84999999999997,0.004390680140559658,9.414624059720744e-06,0.3765940222525573,0.0,0.0,1.144315488289611,scenario_009_high_et_response_june2024,smartgarden_pa1_pilot_53a065f0754a
2024-06-24T16:00,30.2,76.0,322.0,144.0,178.0,0.5,100450.0,25.4,1.05,0.24,31.2,0.31,0,1,0,1.0,31.792467071122516,74.65548369566754,0.024929008250070748,32.03918550856845,0.2096029886659852,34598.4672,1.1910141187563106,273.7,0.0038675164722094084,6.232721689336866e-06,0.3679196831233655,0.0,0.0,1.1475575651117982,scenario_009_high_et_response_june2024,smartgarden_pa1_pilot_53a065f0754a
2024-06-24T17:00,28.9,85.0,112.0,34.0,78.0,0.22,100470.0,26.2,0.59,0.09,30.4,0.332,0,1,0,1.0,30.163481848244434,81.51824733781429,0.02494255703857877,32.091559891329155,0.20884139060493848,12600.2272,0.7915761747222523,95.2,0.003468872918587472,2.2470980124168614e-06,0.3632184605243116,0.0,0.0,1.153950385427362,scenario_009_high_et_response_june2024,smartgarden_pa1_pilot_53a065f0754a
2024-06-24T18:00,28.5,89.0,46.0,9.0,37.0,0.2,100470.0,26.5,0.44,0.03,29.6,0.336,1,0,0,1.0,29.06821937354776,88.61536697772745,0.025550793255922726,32.04339016478779,0.20855537087555162,5349.748799999999,0.4578326188405253,39.1,0.0014218730347559528,9.558475520518271e-07,0.36145290663920754,0.0,0.0,1.158132391917375,scenario_009_high_et_response_june2024,smartgarden_pa1_pilot_53a065f0754a
2024-06-24T19:00,28.7,83.0,0.0,0.0,0.0,0.36,100540.0,25.6,0.66,0.01,29.1,0.333,0,0,0,1.0,28.770290269461373,85.58674306573884,0.02427998128820356,31.955202442234544,0.21677624528861472,0.0,0.5697285484443748,0.0,0.000851063816665694,1.831764195870459e-07,0.41219904499144894,0.0,0.0,1.160082911043213,scenario_009_high_et_response_june2024,smartgarden_pa1_pilot_53a065f0754a
2024-06-24T20:00,28.5,84.0,0.0,0.0,0.0,0.28,100620.0,25.5,0.62,0.0,28.6,0.33,0,0,0,1.0,28.623196890162347,84.32166267782839,0.023729715620223402,31.855068872553844,0.21674077602560984,0.0,0.6144771605767652,0.0,0.0008390892855680479,1.9745884189251316e-07,0.41198009892351756,0.0,0.0,1.1615719021510449,scenario_009_high_et_response_june2024,smartgarden_pa1_pilot_53a065f0754a
2024-06-24T21:00,27.8,89.0,0.0,0.0,0.0,0.71,100640.0,25.9,0.4,0.0,28.3,0.327,0,0,0,1.0,28.134437242997592,87.49145982044492,0.02397170202757777,31.751207792638557,0.21670851005151875,0.0,0.47652779790375144,0.0,0.0017380034373734347,1.530555452413987e-07,0.41178092624394297,0.0,0.0,1.163687523361551,scenario_009_high_et_response_june2024,smartgarden_pa1_pilot_53a065f0754a
2024-06-24T22:00,27.2,92.0,0.0,0.0,0.0,0.7,100700.0,25.8,0.29,0.0,28.0,0.325,0,0,0,1.0,27.52514229016325,90.62517756488978,0.024012319300796437,31.637128816452858,0.21668501402179494,0.0,0.3446811397850067,0.0,0.0017142162004344938,1.106688393759069e-07,0.41163588902342557,0.0,0.0,1.1667408244957658,scenario_009_high_et_response_june2024,smartgarden_pa1_pilot_53a065f0754a
2024-06-24T23:00,26.9,93.0,0.0,0.0,0.0,0.54,100730.0,25.7,0.24,0.0,27.7,0.322,0,0,0,1.0,27.11175008056167,92.27246313661237,0.023897222750610795,31.51444892726796,0.21666733480422168,0.0,0.2773244243986124,0.0,0.001345389929928232,8.901860861482023e-08,0.4115267580507511,0.0,0.0,1.1686952291992467,scenario_009_high_et_response_june2024,smartgarden_pa1_pilot_53a065f0754a
2024-06-25T00:00,26.9,94.0,0.0,0.0,0.0,0.81,100740.0,25.8,0.22,0.0,27.6,0.32,0,0,0,1.0,26.979754953252083,93.60499447190807,0.024065970259410988,31.389085184150503,0.21665281793550115,0.0,0.2277330365294139,0.0,0.0016610435069296925,7.308430817852598e-08,0.4114371477500071,0.0,0.0,1.1693252873951796,scenario_009_high_et_response_june2024,smartgarden_pa1_pilot_53a065f0754a
2024-06-25T01:00,26.8,94.0,0.0,0.0,0.0,0.6,100730.0,25.7,0.22,0.0,27.5,0.319,0,0,0,1.0,26.905426701023433,93.7540523728611,0.024005311602624733,31.265511279190168,0.21663994749619983,0.0,0.22145670229991898,0.0,0.001310834780086713,7.10563774745652e-08,0.41135770059382615,0.0,0.0,1.1694988445578813,scenario_009_high_et_response_june2024,smartgarden_pa1_pilot_53a065f0754a
2024-06-25T02:00,26.1,98.0,0.0,0.0,0.0,0.85,100640.0,25.7,0.08,0.0,27.5,0.348,0,0,0,1.0,26.451510419983677,96.1746215588727,0.024012744617341306,31.14030236278328,0.21662921572413518,0.0,0.13206004040227892,0.0,0.001978380438237009,4.23658296172292e-08,0.41129145508725423,0.0,0.0,1.1702242091877555,scenario_009_high_et_response_june2024,smartgarden_pa1_pilot_53a065f0754a
2024-06-25T03:00,25.9,97.0,0.0,0.0,0.0,0.73,100620.0,25.4,0.1,0.0,27.4,0.353,0,0,0,1.0,26.08341065545043,96.43603404859516,0.023589764173637864,31.007831644077154,0.21662245224867624,0.0,0.12039254412388933,0.0,0.001623530538398921,3.861889066143557e-08,0.4112497052387422,0.0,0.0,1.1714309092761157,scenario_009_high_et_response_june2024,smartgarden_pa1_pilot_53a065f0754a
2024-06-25T04:00,25.7,97.0,0.0,0.0,0.0,0.92,100570.0,25.2,0.11,0.0,27.3,0.359,0,0,0,1.0,25.865916279332097,96.34238343820617,0.023282663563372427,30.87312944730106,0.21661539304480076,0.0,0.12197742554449587,0.0,0.0019417002738394246,3.9123134773375434e-08,0.41120612990617755,0.0,0.0,1.1717004399213224,scenario_009_high_et_response_june2024,smartgarden_pa1_pilot_53a065f0754a
2024-06-25T05:00,25.7,96.0,0.0,0.0,0.0,1.14,100660.0,25.1,0.12,0.0,27.2,0.361,0,0,0,1.0,25.782622455975957,95.75837864288667,0.02303413003062918,30.738589936446182,0.2166079477024648,0.0,0.14075762962058924,0.0,0.00228398143636276,4.514166623051279e-08,0.41116017100286917,0.0,0.0,1.1730757653494335,scenario_009_high_et_response_june2024,smartgarden_pa1_pilot_53a065f0754a
2024-06-25T06:00,25.7,97.0,8.0,1.0,7.0,0.67,100650.0,25.2,0.11,0.01,27.2,0.359,1,0,0,1.0,25.79156122600961,96.79951331804699,0.023296199253298015,30.609107020625974,0.21658591028443025,950.2767999999999,0.10626394292477226,6.8,0.0014182771279370333,1.9757349740612434e-07,0.41102413755821143,0.0,0.0,1.1729241538080337,scenario_009_high_et_response_june2024,smartgarden_pa1_pilot_53a065f0754a
2024-06-25T07:00,27.4,87.0,106.0,30.0,76.0,0.57,100720.0,25.1,0.47,0.08,28.2,0.356,0,0,0,1.0,27.015408176664533,94.27353487320292,0.024285719671410657,30.5192843902668,0.22467529876380174,12001.8624,0.20435259322215105,90.1,0.0015841452499678309,2.5031183298256874e-06,0.4609586343444552,0.0,0.0,1.168954276994066,scenario_009_high_et_response_june2024,smartgarden_pa1_pilot_53a065f0754a
2024-06-25T08:00,27.8,83.0,222.0,86.0,136.0,0.41,100740.0,24.7,0.63,0.16,28.0,0.352,0,0,0,1.0,28.228520916260777,93.88614742512445,0.025856812394683182,30.514472771288556,0.2239888594001135,24320.806399999998,0.23419220238863891,188.7,0.0014328639696206099,5.125153446569686e-06,0.45672135432168837,0.0,0.0,1.1644801723081952,scenario_009_high_et_response_june2024,smartgarden_pa1_pilot_53a065f0754a
2024-06-25T09:00,28.6,79.0,319.0,143.0,176.0,0.28,100720.0,24.5,0.84,0.24,28.7,0.347,0,0,0,1.0,29.28282477732604,91.37743803173989,0.02665661676388989,30.58368863670215,0.22287316140557617,34264.102399999996,0.3510775073778172,271.15,0.0015947517017373906,7.2585786794211385e-06,0.44983432966405046,0.0,0.0,1.160190326404304,scenario_009_high_et_response_june2024,smartgarden_pa1_pilot_53a065f0754a
2024-06-25T10:00,28.9,76.0,335.0,68.0,267.0,0.5,100700.0,24.3,0.93,0.26,29.8,0.343,0,0,0,1.0,29.934113264431883,84.29801786716021,0.02547537128795431,30.6981938287867,0.22153629904335878,38873.7008,0.6637316326484006,284.75,0.0020840984771107562,7.584431067789351e-06,0.4415820928602394,0.0,0.0,1.1574673434464564,scenario_009_high_et_response_june2024,smartgarden_pa1_pilot_53a065f0754a
2024-06-25T11:00,29.6,73.0,543.0,154.0,389.0,1.3,100670.0,24.2,1.14,0.41,30.5,0.338,0,1,0,1.0,30.91303096231303,76.0722595125528,0.02423466403007667,30.87830651865633,0.2197671323652274,61469.9536,1.0696647962411836,461.55,0.004663087453379136,1.1987463420417267e-05,0.4306613108964655,0.0,0.0,1.153397211433154,scenario_009_high_et_response_june2024,smartgarden_pa1_pilot_53a065f0754a
2024-06-25T12:00,30.2,69.0,588.0,244.0,344.0,2.33,100600.0,24.0,1.31,0.45,31.2,0.332,0,1,0,1.0,31.81590370988796,69.24144540786963,0.02315005592027269,31.136599567402325,0.21754681285549457,63846.745599999995,1.4473542283256933,499.8,0.006479315211252202,1.2661790291147778e-05,0.41695563491046034,0.0,0.0,1.1491828686216827,scenario_009_high_et_response_june2024,smartgarden_pa1_pilot_53a065f0754a
2024-06-25T13:00,31.1,66.0,871.0,682.0,189.0,2.0,100610.0,24.0,1.54,0.65,32.4,0.326,0,1,0,1.0,33.278676630988734,66.75357476635737,0.02411769573203523,31.489402389556123,0.21479120626661782,83297.4736,1.6986634815890902,740.35,0.006109073948327509,1.7851750092101844e-05,0.3999457176951718,0.0,0.0,1.14381079815059,scenario_009_high_et_response_june2024,smartgarden_pa1_pilot_53a065f0754a
2024-06-25T14:00,29.9,72.0,352.0,107.0,245.0,1.43,100560.0,24.2,1.2,0.28,31.7,0.322,0,1,0,1.0,32.11499476643592,68.14489535705917,0.02314917764615027,31.787707962674375,0.2125469791904815,39595.688,1.5245089770928941,299.2,0.005260725304374731,7.216962731816432e-06,0.3860924641387746,0.0,0.0,1.1476004439343648,scenario_009_high_et_response_june2024,smartgarden_pa1_pilot_53a065f0754a
2024-06-25T15:00,29.9,71.0,299.0,206.0,93.0,0.85,100580.0,24.1,1.22,0.24,31.3,0.318,0,1,0,1.0,31.1238001479265,71.20173651993726,0.022940921002619668,31.90784084307246,0.21135910581427594,29583.9632,1.3029352340971254,254.15,0.003986359502006348,6.016246872520835e-06,0.37875991243380214,0.0,0.0,1.1515678234997913,scenario_009_high_et_response_june2024,smartgarden_pa1_pilot_53a065f0754a
2024-06-25T16:00,30.0,71.0,370.0,253.0,117.0,0.22,100550.0,24.1,1.23,0.27,31.3,0.314,0,1,0,1.0,31.237175264827073,72.74107102603543,0.023579661941009744,32.021787533026114,0.21016974632888635,36676.3408,1.2412656206793113,314.5,0.0034445594405407443,7.193046991749419e-06,0.37141818721534786,0.0,0.0,1.1507955486969321,scenario_009_high_et_response_june2024,smartgarden_pa1_pilot_53a065f0754a
2024-06-25T17:00,29.6,74.0,195.0,106.0,89.0,0.4,100560.0,24.4,1.09,0.14,30.8,0.311,0,1,0,1.0,30.719636732926826,73.32618199349409,0.02311840582279162,32.10626584049341,0.20917469365620636,20291.2336,1.1793508012417409,165.75,0.0034558641797546264,3.877866936138947e-06,0.36527588676670597,0.0,0.0,1.152870182352191,scenario_009_high_et_response_june2024,smartgarden_pa1_pilot_53a065f0754a
2024-06-25T18:00,29.2,77.0,76.0,49.0,27.0,0.14,100560.0,24.8,0.92,0.05,30.2,0.309,1,0,0,1.0,29.877694180207513,77.26795591991777,0.02327968158431591,32.10131916894374,0.20867819253578718,7637.924799999999,0.9577896252930578,64.6,0.0015160482930810174,1.6394309960774024e-06,0.3622110650357233,0.0,0.0,1.15607335646111,scenario_009_high_et_response_june2024,smartgarden_pa1_pilot_53a065f0754a
2024-06-25T19:00,29.1,75.0,1.0,0.0,1.0,0.82,100600.0,24.3,0.99,0.0,29.6,0.308,0,0,0,1.0,29.32038505425023,75.66664021761228,0.022118573220705907,32.03454010090223,0.21681532829100153,123.18239999999999,0.992908663994537,0.85,0.001811445159290675,3.3993071920082925e-07,0.4124402980926021,0.0,0.0,1.1586641515144538,scenario_009_high_et_response_june2024,smartgarden_pa1_pilot_53a065f0754a
2024-06-25T20:00,29.0,77.0,0.0,0.0,0.0,1.22,100680.0,24.5,0.92,0.01,29.1,0.306,0,0,0,1.0,29.084686667093163,76.91607871075686,0.022197387915427195,31.94300239410068,0.21675721530514516,0.0,0.9292024203572842,0.0,0.002436856983224057,2.986676142563303e-07,0.4120815759576862,0.0,0.0,1.1604898597710165,scenario_009_high_et_response_june2024,smartgarden_pa1_pilot_53a065f0754a
2024-06-25T21:00,28.0,87.0,0.0,0.0,0.0,0.92,100700.0,25.5,0.51,0.0,28.6,0.305,0,0,0,1.0,28.43637746202187,84.64956051121663,0.023579886070843884,31.845694602643267,0.21671219567974206,0.0,0.5951428698326073,0.0,0.0021580697696031536,1.9116397728362594e-07,0.41180367703544485,0.0,0.0,1.1632155483056708,scenario_009_high_et_response_june2024,smartgarden_pa1_pilot_53a065f0754a
2024-06-25T22:00,27.7,89.0,0.0,0.0,0.0,1.12,100760.0,25.8,0.39,0.0,28.2,0.304,0,0,0,1.0,27.90692598221601,88.16689727682989,0.02385693382141559,31.735775456368582,0.21668311610455382,0.0,0.4448647873026017,0.0,0.002335237627330467,1.4283133830105608e-07,0.41162417348490016,0.0,0.0,1.165955525168906,scenario_009_high_et_response_june2024,smartgarden_pa1_pilot_53a065f0754a
2024-06-25T23:00,27.3,92.0,0.0,0.0,0.0,1.04,100790.0,26.0,0.28,0.0,27.9,0.302,0,0,0,1.0,27.52816705389471,90.92263787450044,0.0240951513550422,31.61976429294335,0.2166605660726261,0.0,0.33380350477832543,0.0,0.0022062120506005163,1.0713699911560979e-07,0.41148497575695125,0.0,0.0,1.1677718441909903,scenario_009_high_et_response_june2024,smartgarden_pa1_pilot_53a065f0754a
2024-06-26T00:00,27.1,93.0,0.0,0.0,0.0,0.92,100800.0,26.0,0.24,0.0,27.8,0.302,0,0,0,1.0,27.25610256013917,92.38101373300061,0.024116935731248797,31.499385495387585,0.21664320945508675,0.0,0.27575097036495677,0.0,0.0019326565947980635,8.848151325228817e-08,0.41137783614251083,0.0,0.0,1.16894541020378,scenario_009_high_et_response_june2024,smartgarden_pa1_pilot_53a065f0754a
2024-06-26T01:00,27.1,94.0,0.0,0.0,0.0,0.91,100750.0,26.0,0.22,0.0,27.8,0.301,0,0,0,1.0,27.17001581274176,93.65005370780842,0.024332237416015784,31.378342432850058,0.2166287126241019,0.0,0.22866518667757108,0.0,0.0018386627490190371,7.335691523466462e-08,0.4112883495314933,0.0,0.0,1.1687004882211798,scenario_009_high_et_response_june2024,smartgarden_pa1_pilot_53a065f0754a
2024-06-26T02:00,27.1,92.0,0.0,0.0,0.0,0.85,100710.0,25.6,0.29,0.0,27.5,0.299,0,0,0,1.0,27.15924483766567,92.19805298085164,0.023940722348927662,31.25989839169034,0.2166143239430006,0.0,0.28077530277042406,0.0,0.0017156572490013005,9.005464468935567e-08,0.41119953051234936,0.0,0.0,1.16827838832283,scenario_009_high_et_response_june2024,smartgarden_pa1_pilot_53a065f0754a
2024-06-26T03:00,27.1,90.0,0.0,0.0,0.0,0.95,100650.0,25.3,0.36,0.0,27.3,0.298,0,0,0,1.0,27.155118164945726,90.23466468912126,0.023425553374135665,31.14461976953791,0.21659609034474764,0.0,0.3513484562014275,0.0,0.0019011228059341223,1.1265912441178238e-07,0.41108697743671385,0.0,0.0,1.1675984075185808,scenario_009_high_et_response_june2024,smartgarden_pa1_pilot_53a065f0754a
2024-06-26T04:00,27.0,90.0,0.0,0.0,0.0,1.12,100670.0,25.1,0.37,0.0,27.0,0.297,0,0,0,1.0,27.092373882995155,89.80567796145259,0.023233457134812646,31.03195870290535,0.2165751768591905,0.0,0.36543663328081477,0.0,0.0022529526639859694,1.1713967051461705e-07,0.410957881846855,0.0,0.0,1.1680744708890258,scenario_009_high_et_response_june2024,smartgarden_pa1_pilot_53a065f0754a
2024-06-26T05:00,27.8,85.0,0.0,0.0,0.0,0.91,100650.0,25.0,0.58,0.0,26.9,0.296,0,0,0,1.0,27.531079314032155,86.7060282516845,0.02298140745192851,30.925168710577857,0.21655131477210834,0.0,0.48894486240540935,0.0,0.002009529423735463,1.566737054718218e-07,0.4108105850130145,0.0,0.0,1.166138483136363,scenario_009_high_et_response_june2024,smartgarden_pa1_pilot_53a065f0754a
2024-06-26T06:00,27.9,85.0,16.0,5.0,11.0,1.0,100750.0,25.0,0.58,0.02,27.0,0.295,1,0,0,1.0,27.89875334174537,85.80225394820188,0.02320666538576289,30.83631795873759,0.21649179329710713,1795.0064,0.5335092898774625,13.6,0.0019510555700944536,4.973492746813641e-07,0.4104431685006613,0.0,0.0,1.1658714583830632,scenario_009_high_et_response_june2024,smartgarden_pa1_pilot_53a065f0754a
2024-06-26T07:00,28.1,84.0,98.0,44.0,54.0,0.98,100790.0,25.2,0.6,0.08,28.4,0.294,0,0,0,1.0,28.274480426202363,87.08187979723627,0.024043352423929056,30.780277622838486,0.22455692951489004,10523.849599999998,0.4961543171247884,83.3,0.0020560955722676282,2.4208222499001994e-06,0.46022795996845706,0.0,0.0,1.1648804939533062,scenario_009_high_et_response_june2024,smartgarden_pa1_pilot_53a065f0754a
2024-06-26T08:00,28.9,78.0,275.0,180.0,95.0,0.58,100870.0,24.6,0.89,0.2,29.2,0.292,0,0,0,1.0,29.318698238858584,88.61669137206809,0.02590170648486747,30.802108209901636,0.2237623692856816,27542.327999999998,0.4644441532106538,233.75,0.001629622920446955,6.391209440687768e-06,0.4553232671955655,0.0,0.0,1.1617803653259062,scenario_009_high_et_response_june2024,smartgarden_pa1_pilot_53a065f0754a
2024-06-26T09:00,29.5,73.0,424.0,233.0,191.0,0.76,100870.0,24.2,1.1,0.32,30.1,0.29,0,1,0,1.0,30.49273172061238,77.67602926165043,0.024192656158702794,30.9272963003834,0.2223088856936624,44031.83839999999,0.9743221508599418,360.4,0.0037228674109021564,9.7498138079094e-06,0.44635114625717526,0.0,0.0,1.1572883459068748,scenario_009_high_et_response_june2024,smartgarden_pa1_pilot_53a065f0754a
2024-06-26T10:00,29.9,74.0,513.0,315.0,198.0,1.41,100860.0,24.7,1.1,0.39,30.8,0.288,0,1,0,1.0,31.324763181365448,75.65024017759215,0.024637935263821614,31.127861501785066,0.2203967334662992,52110.11519999999,1.11432452041046,436.05,0.0048836005543793515,1.1462542858754866e-05,0.4345477374462914,0.0,0.0,1.1540114324480393,scenario_009_high_et_response_june2024,smartgarden_pa1_pilot_53a065f0754a
2024-06-26T11:00,30.1,75.0,634.0,380.0,254.0,1.61,100800.0,25.1,1.08,0.47,31.4,0.285,0,1,0,1.0,31.968534190094594,75.2642457306222,0.025369161681957672,31.38859147998024,0.21813343795285817,64728.3296,1.1740398958265028,538.9,0.005382155918463413,1.3644099939677619e-05,0.42057677748677885,0.0,0.0,1.1508915239023219,scenario_009_high_et_response_june2024,smartgarden_pa1_pilot_53a065f0754a
2024-06-26T12:00,30.7,74.0,806.0,526.0,280.0,1.26,100780.0,25.5,1.15,0.6,32.2,0.281,0,1,0,1.0,32.97331055514767,74.62187644147485,0.02652947025444957,31.72884371602125,0.21540755007685067,80779.072,1.274647288881786,685.1,0.005052415708635876,1.658306480615603e-05,0.40375030911636217,0.0,0.0,1.14688639645055,scenario_009_high_et_response_june2024,smartgarden_pa1_pilot_53a065f0754a
2024-06-26T13:00,30.3,76.0,674.0,349.0,325.0,1.5,100760.0,25.6,1.04,0.5,32.3,0.278,0,1,0,1.0,32.87975975791608,73.16650084759704,0.02588375467265512,32.08293282129161,0.21271414342965006,70746.28,1.3406878247424547,572.9,0.005504496913036636,1.3379166889827426e-05,0.38712434215833375,0.0,0.0,1.1470093186917627,scenario_009_high_et_response_june2024,smartgarden_pa1_pilot_53a065f0754a
2024-06-26T14:00,30.3,72.0,576.0,276.0,300.0,1.55,100650.0,24.6,1.22,0.44,32.3,0.275,0,1,0,1.0,32.44441180671783,70.37972188948042,0.024330387029126904,32.36309413690512,0.2105129712464181,61242.72,1.444134743850681,489.59999999999997,0.005403044087687271,1.11194546108103e-05,0.37353685954579074,0.0,0.0,1.147389363784701,scenario_009_high_et_response_june2024,smartgarden_pa1_pilot_53a065f0754a
2024-06-26T15:00,30.0,71.0,400.0,188.0,212.0,1.22,100690.0,24.1,1.24,0.31,31.9,0.278,0,1,0,1.0,31.776108172073364,69.51901482862289,0.02319359551567028,32.55945853814937,0.20882931943919775,42658.66879999999,1.4310664027444333,340.0,0.004772936948762451,7.628285928588474e-06,0.36314394715554166,0.0,0.0,1.1503610772701462,scenario_009_high_et_response_june2024,smartgarden_pa1_pilot_53a065f0754a
2024-06-26T16:00,28.8,82.0,297.0,146.0,151.0,1.2,100680.0,25.5,0.7,0.22,31.1,0.295,0,1,0,1.0,30.50681180601917,78.28798628244796,0.024401748680705052,32.66293169056241,0.2076471285163995,31448.542399999995,0.9483762414354677,252.45,0.004715301834878112,5.518487898537415e-06,0.3558464723234537,0.0,0.0,1.1550549024807997,scenario_009_high_et_response_june2024,smartgarden_pa1_pilot_53a065f0754a
2024-06-26T17:00,28.0,83.0,198.0,87.0,111.0,0.54,100750.0,24.9,0.63,0.14,30.2,0.327,0,0,0,1.0,29.313673853447927,82.94763238066739,0.02423808220592917,32.68644407477157,0.20682456516255468,21329.2464,0.6955428249704152,168.29999999999998,0.0023297440121088234,3.6438132964770097e-06,0.3507689207565104,0.0,0.0,1.1604175292567707,scenario_009_high_et_response_june2024,smartgarden_pa1_pilot_53a065f0754a
2024-06-26T18:00,27.1,90.0,57.0,23.0,34.0,0.32,100800.0,25.3,0.37,0.04,29.3,0.332,1,0,0,1.0,28.01569037798503,87.99687160332715,0.02395358789839097,32.625692480416795,0.20639738672020844,6212.201599999999,0.4541245623338428,48.449999999999996,0.0018473816634760683,1.110033612304955e-06,0.34813201679141015,0.0,0.0,1.1659971437787326,scenario_009_high_et_response_june2024,smartgarden_pa1_pilot_53a065f0754a
2024-06-26T19:00,26.4,98.0,1.0,0.0,1.0,0.45,100830.0,26.0,0.08,0.0,28.8,0.334,0,0,0,1.0,26.917957465738457,95.18456212411705,0.024388504052971074,32.492079895094605,0.2146104152721895,123.18239999999999,0.1708621070612697,0.85,0.0015768525460939159,7.298481986905786e-08,0.3988297239024043,0.0,0.0,1.170610981461257,scenario_009_high_et_response_june2024,smartgarden_pa1_pilot_53a065f0754a
2024-06-26T20:00,26.6,91.0,0.0,0.0,0.0,0.3,100900.0,24.9,0.32,0.0,28.3,0.331,0,0,0,1.0,26.654196169133638,92.80356320701323,0.0234333284782732,32.332654831863096,0.21459822846709012,0.0,0.25141793598776774,0.0,0.0007224842780746043,7.819814537244696e-08,0.39875449671043284,0.0,0.0,1.172454257279485,scenario_009_high_et_response_june2024,smartgarden_pa1_pilot_53a065f0754a
2024-06-26T21:00,26.7,89.0,0.0,0.0,0.0,0.67,100910.0,24.7,0.38,0.0,27.9,0.329,0,0,0,1.0,26.735647350074675,89.54013810633842,0.022711676737100745,32.17711545833817,0.2145805355389736,0.0,0.36718486752212387,0.0,0.0013509795384091786,1.1417368149000588e-07,0.3986452811047754,0.0,0.0,1.1722519780173617,scenario_009_high_et_response_june2024,smartgarden_pa1_pilot_53a065f0754a
2024-06-26T22:00,26.9,88.0,0.0,0.0,0.0,0.95,100960.0,24.6,0.44,0.0,27.6,0.327,0,0,0,1.0,26.887726972189547,88.34269311348315,0.022597595509243798,32.028404481011655,0.21455856704349086,0.0,0.41289288376985134,0.0,0.0018634462423621967,1.2834261034898924e-07,0.39850967310796825,0.0,0.0,1.1722383465452642,scenario_009_high_et_response_june2024,smartgarden_pa1_pilot_53a065f0754a
2024-06-26T23:00,26.9,88.0,0.0,0.0,0.0,0.73,100980.0,24.7,0.43,0.0,27.4,0.325,0,0,0,1.0,26.95919634149874,88.04283851331924,0.022610189810922263,31.886772163079264,0.21453496563354735,0.0,0.42529402004183625,0.0,0.0014908037675396123,1.3214902021414456e-07,0.3983639853922676,0.0,0.0,1.1721913474439212,scenario_009_high_et_response_june2024,smartgarden_pa1_pilot_53a065f0754a
2024-06-27T00:00,26.2,91.0,0.0,0.0,0.0,1.0,100960.0,24.6,0.3,0.0,27.1,0.323,0,0,0,1.0,26.54759834239377,89.53774114511772,0.022475310197448875,31.74608753737708,0.21451245873865185,0.0,0.36322856062892495,0.0,0.002226169042940918,1.1282443625687203e-07,0.3982250539422954,0.0,0.0,1.1735687269847799,scenario_009_high_et_response_june2024,smartgarden_pa1_pilot_53a065f0754a
2024-06-27T01:00,27.2,86.0,0.0,0.0,0.0,0.81,100960.0,24.6,0.5,0.0,27.0,0.323,0,0,0,1.0,26.896749294237623,87.7500706379295,0.022457224347639235,31.605117419809247,0.21449135657034454,0.0,0.43411302713402256,0.0,0.0018707840314351857,1.3479814604500547e-07,0.39809479364410216,0.0,0.0,1.1722030976651998,scenario_009_high_et_response_june2024,smartgarden_pa1_pilot_53a065f0754a
2024-06-27T02:00,27.1,87.0,0.0,0.0,0.0,0.67,100920.0,24.8,0.46,0.0,26.9,0.322,0,0,0,1.0,27.158676268627005,87.01824401817998,0.022594990784283866,31.47873723176473,0.21446543125556425,0.0,0.46716992859819273,0.0,0.0013788522395542155,1.4500445996936204e-07,0.3979347608368164,0.0,0.0,1.1707166932035065,scenario_009_high_et_response_june2024,smartgarden_pa1_pilot_53a065f0754a
2024-06-27T03:00,27.0,88.0,0.0,0.0,0.0,0.5,100880.0,24.7,0.44,0.0,26.8,0.321,0,0,0,1.0,27.098227558687785,87.85585924850785,0.022736381235088178,31.356861563129602,0.21444014659331453,0.0,0.4354813513492295,0.0,0.0011295776082422546,1.351156546499214e-07,0.3977786826747811,0.0,0.0,1.170488281424697,scenario_009_high_et_response_june2024,smartgarden_pa1_pilot_53a065f0754a
2024-06-27T04:00,27.0,87.0,0.0,0.0,0.0,0.54,100880.0,24.7,0.45,0.0,26.6,0.319,0,0,0,1.0,27.061320691656547,87.4038786511133,0.022573293437490434,31.237021774742956,0.2144156698184143,0.0,0.45071273368839115,0.0,0.0011453918176778065,1.3978833861886738e-07,0.3976275914716933,0.0,0.0,1.1706321769155954,scenario_009_high_et_response_june2024,smartgarden_pa1_pilot_53a065f0754a
2024-06-27T05:00,24.7,96.0,0.0,0.0,0.0,1.0,100920.0,24.1,0.11,0.0,26.4,0.318,0,0,0,1.0,25.677499722501782,91.36187267621152,0.02184783665955557,31.108265026787695,0.2143937246753174,0.0,0.28487564072570626,0.0,0.0026561777348422452,8.832394314175738e-08,0.397492127625416,0.0,0.0,1.1765194995373967,scenario_009_high_et_response_june2024,smartgarden_pa1_pilot_53a065f0754a
2024-06-27T06:00,25.0,97.0,18.0,9.0,9.0,0.81,100930.0,24.5,0.09,0.0,26.6,0.316,1,0,0,1.0,25.1026074163826,96.87877269357949,0.022432654915322273,30.958352344046173,0.2143521406705666,1900.6415999999997,0.0994794554903482,15.299999999999999,0.001684315973028457,3.8636865382565873e-07,0.39723543623806545,0.0,0.0,1.1789040860489162,scenario_009_high_et_response_june2024,smartgarden_pa1_pilot_53a065f0754a
2024-06-27T07:00,27.3,89.0,160.0,107.0,53.0,0.5,100990.0,25.3,0.4,0.1,28.5,0.315,0,0,0,1.0,26.820839600433132,98.10400359021975,0.025001672399232438,30.863165326217597,0.2223251232069386,15944.667199999998,0.06689144592524654,136.0,0.00159343255620551,3.575260908934999e-06,0.4464513778206086,9.5526408749231e-07,0.0,1.1728481369884898,scenario_009_high_et_response_june2024,smartgarden_pa1_pilot_53a065f0754a
2024-06-27T08:00,28.4,85.0,390.0,303.0,87.0,0.2,101030.0,25.6,0.59,0.27,28.6,0.313,0,0,0,1.0,28.980047429220107,100.0,0.028695220653284382,30.907094625746538,0.221233697653233,37380.8688,0.0,331.5,0.001435687284779042,8.527267223239101e-06,0.4397141830446482,8.025714044427682e-09,0.0,1.1649274605970599,scenario_009_high_et_response_june2024,smartgarden_pa1_pilot_53a065f0754a
2024-06-27T09:00,29.4,75.0,546.0,417.0,129.0,0.7,101070.0,24.5,1.02,0.4,29.4,0.31,0,1,0,1.0,30.664021781172924,80.3088619884186,0.025244312156607215,31.084140471333747,0.21939371314483172,52586.5296,0.8678614650659005,464.09999999999997,0.0038384742742220233,1.1919776073327617e-05,0.42835625398044275,0.0,0.0,1.1589291876756933,scenario_009_high_et_response_june2024,smartgarden_pa1_pilot_53a065f0754a
2024-06-27T10:00,29.9,72.0,731.0,578.0,153.0,1.1,101060.0,24.4,1.17,0.53,31.0,0.306,0,1,0,1.0,31.931786127565015,74.25647618773264,0.024980542176520695,31.369695039217635,0.21692712975210676,69710.9072,1.2193363002702369,621.35,0.004739049281129789,1.540978873845188e-05,0.4131304305685603,0.0,0.0,1.1539990793935593,scenario_009_high_et_response_june2024,smartgarden_pa1_pilot_53a065f0754a
2024-06-27T11:00,30.6,69.0,846.0,644.0,202.0,1.24,100970.0,24.3,1.36,0.63,31.9,0.302,0,1,0,1.0,33.05462239105894,69.91724055887076,0.02496387075264385,31.744410004567236,0.21399817065903778,81554.84479999999,1.5178496837684938,719.1,0.005106166269795804,1.70864341659803e-05,0.39505043616689994,0.0,0.0,1.148743488444926,scenario_009_high_et_response_june2024,smartgarden_pa1_pilot_53a065f0754a
2024-06-27T12:00,30.9,68.0,776.0,575.0,201.0,1.58,100900.0,24.2,1.44,0.58,32.3,0.298,0,1,0,1.0,33.504118130299375,66.60435704206193,0.024351206177453875,32.13819097909779,0.2111067209743376,75359.6624,1.727937991760066,659.6,0.005624108886826302,1.5063331647115176e-05,0.3772019813230717,0.0,0.0,1.1462644242051139,scenario_009_high_et_response_june2024,smartgarden_pa1_pilot_53a065f0754a
2024-06-27T13:00,31.0,67.0,777.0,530.0,247.0,2.01,100830.0,24.2,1.46,0.58,32.6,0.294,0,1,0,1.0,33.62175112000071,64.62030758675134,0.023772451417492003,32.509493852280826,0.20844999626567384,77066.0528,1.8426636611249774,660.4499999999999,0.006273655109766503,1.4458653861583e-05,0.3608024460844065,0.0,0.0,1.1450299609126606,scenario_009_high_et_response_june2024,smartgarden_pa1_pilot_53a065f0754a
2024-06-27T14:00,30.3,70.0,678.0,518.0,160.0,2.19,100770.0,24.3,1.28,0.5,32.5,0.291,0,1,0,1.0,33.006496172657,65.7880201389662,0.02342991013413519,32.84315644805724,0.2060594576234443,65293.184,1.721540317792488,576.3,0.006587731814026022,1.2131111410030215e-05,0.34604603471261913,0.0,0.0,1.1466482918518301,scenario_009_high_et_response_june2024,smartgarden_pa1_pilot_53a065f0754a
2024-06-27T15:00,30.1,73.0,509.0,386.0,123.0,1.92,100720.0,24.7,1.17,0.38,32.2,0.289,0,1,0,1.0,32.21339848974843,69.49140050997399,0.023730416718618544,33.08616794072492,0.2041762468814333,49119.43519999999,1.4682001282626973,432.65,0.005960515546969925,8.847188824808247e-06,0.33442127704588454,0.0,0.0,1.1490559753694949,scenario_009_high_et_response_june2024,smartgarden_pa1_pilot_53a065f0754a
2024-06-27T16:00,29.9,75.0,421.0,304.0,117.0,1.35,100740.0,24.9,1.07,0.31,31.8,0.287,0,1,0,1.0,31.662453232100965,72.52441915610325,0.024050025604437638,33.24646032296911,0.2027395041050555,41164.3408,1.281688766246861,357.84999999999997,0.004949761451963054,7.140649609159149e-06,0.3255524944756513,0.0,0.0,1.1513614625821218,scenario_009_high_et_response_june2024,smartgarden_pa1_pilot_53a065f0754a
2024-06-27T17:00,29.4,74.0,249.0,180.0,69.0,1.65,100690.0,24.3,1.05,0.19,31.1,0.289,0,1,0,1.0,30.7760068768657,71.50811300634207,0.0226136119864044,33.32597493730423,0.20171499042542104,24339.5856,1.2637914152868959,211.65,0.005243036376070671,4.267215286180978e-06,0.31922833595938915,0.0,0.0,1.1541464644278843,scenario_009_high_et_response_june2024,smartgarden_pa1_pilot_53a065f0754a
2024-06-27T18:00,28.6,80.0,58.0,28.0,30.0,1.34,100820.0,24.8,0.77,0.05,30.1,0.291,1,0,0,1.0,29.480992775511677,77.52804304378427,0.02286123570009927,33.292326732692054,0.20122926429174273,6159.472,0.9254796673650159,49.3,0.003118102373012221,1.140301486493459e-06,0.31623002649223914,0.0,0.0,1.160581756139539,scenario_009_high_et_response_june2024,smartgarden_pa1_pilot_53a065f0754a
2024-06-27T19:00,28.1,82.0,1.0,0.0,1.0,1.0,100890.0,24.8,0.67,0.0,29.3,0.292,0,0,0,1.0,28.50255481106312,80.77135674600542,0.02258117909966576,33.174043718891774,0.20942377100947057,123.18239999999999,0.7483703845449892,0.85,0.0022648438095233072,2.3235937960119267e-07,0.36681340129302825,0.0,0.0,1.1651546237773716,scenario_009_high_et_response_june2024,smartgarden_pa1_pilot_53a065f0754a
2024-06-27T20:00,28.0,82.0,0.0,0.0,0.0,0.85,100950.0,24.5,0.7,0.0,28.9,0.294,0,0,0,1.0,28.138889505526734,81.84162720123587,0.02242918611579811,33.03054338735387,0.20938545422218366,0.0,0.6919440979116098,0.0,0.0017904487162041707,1.9784755154108187e-07,0.366576877914714,0.0,0.0,1.1672547647139189,scenario_009_high_et_response_june2024,smartgarden_pa1_pilot_53a065f0754a
2024-06-27T21:00,27.8,83.0,0.0,0.0,0.0,0.73,100970.0,24.6,0.63,0.0,28.5,0.293,0,0,0,1.0,27.95204291705866,82.72236540699954,0.022439254217122947,32.88574080885933,0.20935082866956164,0.0,0.6512611423997221,0.0,0.0015901183647980804,1.8610650009711693e-07,0.36636313993556574,0.0,0.0,1.1682104933454711,scenario_009_high_et_response_june2024,smartgarden_pa1_pilot_53a065f0754a
2024-06-27T22:00,27.2,88.0,0.0,0.0,0.0,0.41,100980.0,25.0,0.44,0.0,28.2,0.292,0,0,0,1.0,27.52134126327459,86.46565613260704,0.022905401423119323,32.73863449962228,0.20932083980085073,0.0,0.4975024371668102,0.0,0.0013045900091475822,1.4209607810524704e-07,0.36617802346204154,0.0,0.0,1.1699997803642435,scenario_009_high_et_response_june2024,smartgarden_pa1_pilot_53a065f0754a
2024-06-27T23:00,27.2,87.0,0.0,0.0,0.0,0.32,101000.0,24.9,0.46,0.0,27.9,0.291,0,0,0,1.0,27.302736873264596,87.31478931226042,0.022853118954829298,32.58696976630704,0.20929690513368607,0.0,0.4603659817216035,0.0,0.0008540488297299716,1.314361530681438e-07,0.3660302786030004,0.0,0.0,1.1710829502646405,scenario_009_high_et_response_june2024,smartgarden_pa1_pilot_53a065f0754a
2024-06-28T00:00,26.9,89.0,0.0,0.0,0.0,0.5,100960.0,24.8,0.4,0.0,27.5,0.29,0,0,0,1.0,27.100067751623776,88.31010318044065,0.02285626135572987,32.4360300625477,0.20927398182822393,0.0,0.41923766995796186,0.0,0.0012701286529168214,1.1964759940753232e-07,0.3658887767174317,0.0,0.0,1.1714093242371195,scenario_009_high_et_response_june2024,smartgarden_pa1_pilot_53a065f0754a
2024-06-28T01:00,26.4,91.0,0.0,0.0,0.0,0.45,100940.0,24.8,0.3,0.0,27.3,0.29,0,0,0,1.0,26.695189285831677,89.93433088076269,0.022760536372381148,32.28248642882729,0.20925411803468433,0.0,0.35250755184856564,0.0,0.001322482480942059,1.0056956041095655e-07,0.36576616070792795,0.0,0.0,1.1727587010211877,scenario_009_high_et_response_june2024,smartgarden_pa1_pilot_53a065f0754a
2024-06-28T02:00,26.3,90.0,0.0,0.0,0.0,0.45,100910.0,24.6,0.34,0.0,27.2,0.291,0,0,0,1.0,26.447083784397364,89.95502195396949,0.022454319067808044,32.12504670418685,0.20923651513396183,0.0,0.34668316649622843,0.0,0.001121691953539839,9.887849418702495e-08,0.3656575008269249,0.0,0.0,1.1733810584689337,scenario_009_high_et_response_june2024,smartgarden_pa1_pilot_53a065f0754a
2024-06-28T03:00,26.1,89.0,0.0,0.0,0.0,0.3,100890.0,24.1,0.39,0.0,27.0,0.299,0,0,0,1.0,26.271640185546058,89.10264866708476,0.02202559417655119,31.967929522081658,0.20921806395457332,0.0,0.3722312770010685,0.0,0.0009551181494462974,1.061320749538678e-07,0.36554360465786,0.0,0.0,1.1738358950761427,scenario_009_high_et_response_june2024,smartgarden_pa1_pilot_53a065f0754a
2024-06-28T04:00,26.2,89.0,0.0,0.0,0.0,0.64,100940.0,24.2,0.38,0.0,27.0,0.298,0,0,0,1.0,26.250336423479403,89.01444485047219,0.021977716340624565,31.81247766373091,0.20919884193987545,0.0,0.37477280925632517,0.0,0.0013132728909884502,1.0682204143735843e-07,0.3654249502461448,0.0,0.0,1.1745012009503126,scenario_009_high_et_response_june2024,smartgarden_pa1_pilot_53a065f0754a
2024-06-28T05:00,26.3,89.0,0.0,0.0,0.0,0.41,100970.0,24.3,0.38,0.0,26.9,0.297,0,0,0,1.0,26.333588069884897,89.13918429106131,0.02211070325754652,31.662446097715453,0.2091796698158467,0.0,0.37234118623635615,0.0,0.0008664437916146668,1.0609458147555822e-07,0.3653066038015229,0.0,0.0,1.1745236804808978,scenario_009_high_et_response_june2024,smartgarden_pa1_pilot_53a065f0754a
2024-06-28T06:00,26.2,91.0,16.0,7.0,9.0,0.5,101030.0,24.6,0.31,0.01,26.9,0.296,1,0,0,1.0,26.349456885260146,91.01212766089792,0.022595216031236078,31.521759893737034,0.2091357884877224,1724.6416,0.3084195295431078,13.6,0.0012028507225620767,3.782380637726934e-07,0.3650357314056939,0.0,0.0,1.175159356154119,scenario_009_high_et_response_june2024,smartgarden_pa1_pilot_53a065f0754a
2024-06-28T07:00,27.7,87.0,146.0,91.0,55.0,0.71,101070.0,25.2,0.5,0.1,28.7,0.296,0,0,0,1.0,27.515915179123915,93.68400850934891,0.024810176785762073,31.429705197621747,0.21715330993582224,14783.032000000001,0.23209288816995155,124.1,0.0015892341422713032,3.084443737944797e-06,0.4145266045421126,0.0,0.0,1.171063694591303,scenario_009_high_et_response_june2024,smartgarden_pa1_pilot_53a065f0754a
2024-06-28T08:00,28.1,85.0,274.0,163.0,111.0,1.03,101100.0,25.2,0.59,0.2,28.6,0.298,0,0,0,1.0,28.733718669247946,90.17651284284908,0.025531029237330416,31.432422732527915,0.21636184945018486,28017.2464,0.38748238493250087,232.9,0.002474170400427852,5.705024255014708e-06,0.4096410459887954,0.0,0.0,1.1666858034910657,scenario_009_high_et_response_june2024,smartgarden_pa1_pilot_53a065f0754a
2024-06-28T09:00,28.7,84.0,479.0,326.0,153.0,1.44,101100.0,25.8,0.62,0.34,29.3,0.297,0,0,0,1.0,29.910173025078716,87.77813819641035,0.02649275525599428,31.538824507441454,0.21497058936526695,47534.9072,0.5159156513363987,407.15,0.003443204445989692,9.713780572095524e-06,0.4010530207732528,0.0,0.0,1.1621568263519633,scenario_009_high_et_response_june2024,smartgarden_pa1_pilot_53a065f0754a
2024-06-28T10:00,29.4,81.0,589.0,464.0,125.0,1.61,101040.0,25.9,0.76,0.43,30.2,0.296,0,1,0,1.0,31.013162841279936,81.1087570313427,0.02597836782474774,31.74300137189609,0.2130423556417653,56229.8,0.8493427231233914,500.65,0.005278673774568184,1.1655252157931895e-05,0.389150343467687,0.0,0.0,1.1572552796008952,scenario_009_high_et_response_june2024,smartgarden_pa1_pilot_53a065f0754a
2024-06-28T11:00,30.0,78.0,703.0,495.0,208.0,2.06,100970.0,25.8,0.92,0.51,31.0,0.293,0,1,0,1.0,32.01900472474448,76.47882225865003,0.02584791064337277,32.01806337743563,0.21078012254698894,69181.9392,1.1195808016598257,597.55,0.006154949016409993,1.3442892789071939e-05,0.3751859416480799,0.0,0.0,1.1526418497866038,scenario_009_high_et_response_june2024,smartgarden_pa1_pilot_53a065f0754a
2024-06-28T12:00,30.1,75.0,532.0,226.0,306.0,2.46,100890.0,25.2,1.05,0.4,31.2,0.29,0,1,0,1.0,32.05237019058423,72.02988562074684,0.024387547000330363,32.28526600008194,0.2086777493162294,57581.814399999996,1.333856913051719,452.2,0.006808523498663016,9.958595061170352e-06,0.3622083291125272,0.0,0.0,1.1516026851065733,scenario_009_high_et_response_june2024,smartgarden_pa1_pilot_53a065f0754a
2024-06-28T13:00,30.0,74.0,492.0,189.0,303.0,2.61,100840.0,24.9,1.1,0.38,31.3,0.288,0,1,0,1.0,31.771557796721357,71.18879426859229,0.023744920907643498,32.489869992415,0.2069748015872177,53956.267199999995,1.352322764468735,418.2,0.007017427543590771,8.975118018006436e-06,0.3516963060939365,0.0,0.0,1.1520919867680393,scenario_009_high_et_response_june2024,smartgarden_pa1_pilot_53a065f0754a
2024-06-28T14:00,31.1,66.0,751.0,628.0,123.0,2.82,100710.0,24.0,1.52,0.56,32.1,0.284,0,1,0,1.0,32.95841942849912,64.86737501291098,0.023043424418955304,32.74800608815004,0.2049795652368887,70415.43519999999,1.7631053991994046,638.35,0.007411862995843466,1.3140352711235569e-05,0.3393800323264735,0.0,0.0,1.1461455428518348,scenario_009_high_et_response_june2024,smartgarden_pa1_pilot_53a065f0754a
2024-06-28T15:00,30.6,68.0,573.0,421.0,152.0,2.83,100680.0,24.1,1.4,0.44,32.0,0.281,0,1,0,1.0,32.89288707156119,63.86570195191345,0.022609143196609827,33.03798197144861,0.20292042695351456,55771.724799999996,1.8067165908896055,487.05,0.007545513446917745,9.767955693658122e-06,0.32666930218218865,0.0,0.0,1.1460494720343537,scenario_009_high_et_response_june2024,smartgarden_pa1_pilot_53a065f0754a
2024-06-28T16:00,30.4,70.0,420.0,283.0,137.0,2.15,100710.0,24.2,1.32,0.32,31.7,0.279,0,1,0,1.0,32.17360037397223,66.94690445280506,0.02281319441621692,33.22786740428163,0.20141296133970138,41779.9888,1.5870836602166003,357.0,0.006221436938551734,7.020860459099704e-06,0.31736395888704555,0.0,0.0,1.1490916526847772,scenario_009_high_et_response_june2024,smartgarden_pa1_pilot_53a065f0754a
2024-06-28T17:00,29.8,73.0,298.0,229.0,69.0,1.91,100700.0,24.4,1.14,0.22,31.1,0.277,0,1,0,1.0,31.296563561755026,70.01509758680302,0.022768284190243463,33.33034417837188,0.20033852947726408,28651.5856,1.370010912814542,253.29999999999998,0.005720185023307923,4.936487825933986e-06,0.3107316634399017,0.0,0.0,1.1522874796707872,scenario_009_high_et_response_june2024,smartgarden_pa1_pilot_53a065f0754a
2024-06-28T18:00,29.3,77.0,64.0,36.0,28.0,1.25,100730.0,24.8,0.93,0.06,30.4,0.276,1,1,0,1.0,30.11524163143854,74.64187894243805,0.022779141992507444,33.32251624415917,0.1997846195756826,6617.1071999999995,1.0830941538763956,54.4,0.004323955396259406,1.237612895442287e-06,0.30731246651655936,0.0,0.0,1.1571206543235806,scenario_009_high_et_response_june2024,smartgarden_pa1_pilot_53a065f0754a
2024-06-28T19:00,28.9,79.0,1.0,0.0,1.0,1.17,100820.0,24.9,0.83,0.01,29.7,0.275,0,0,0,1.0,29.25048663326343,77.99634454273843,0.02271311780387492,33.220365000494866,0.2079655140032913,123.18239999999999,0.8942347269802808,0.85,0.002521459885007545,2.673670379212188e-07,0.3578118148351315,0.0,0.0,1.1614664148461098,scenario_009_high_et_response_june2024,smartgarden_pa1_pilot_53a065f0754a
2024-06-28T20:00,28.5,82.0,0.0,0.0,0.0,1.2,100890.0,25.1,0.71,0.0,29.3,0.274,0,0,0,1.0,28.740006555309282,81.10584284939463,0.022970799187213394,33.09118846083645,0.2079227916063847,0.0,0.7455416814036235,0.0,0.002503229244866821,2.0792226696133505e-07,0.357548096335708,0.0,0.0,1.1642381707920961,scenario_009_high_et_response_june2024,smartgarden_pa1_pilot_53a065f0754a
2024-06-28T21:00,28.3,83.0,0.0,0.0,0.0,0.91,100940.0,25.2,0.64,0.0,29.0,0.274,0,0,0,1.0,28.454638478367333,82.63119936289507,0.023040663306054154,32.9566048133898,0.20788742355501108,0.0,0.6741095398475352,0.0,0.0019127716199781285,1.8788593997154172e-07,0.3573297750309326,0.0,0.0,1.1659172633033827,scenario_009_high_et_response_june2024,smartgarden_pa1_pilot_53a065f0754a
2024-06-28T22:00,28.1,84.0,0.0,0.0,0.0,1.04,100970.0,25.1,0.6,0.0,28.7,0.273,0,0,0,1.0,28.247681078261824,83.61549989520717,0.02305240731448129,32.82061151216595,0.20785479105466287,0.0,0.6283104767955181,0.0,0.0021447668224305765,1.7502223243777184e-07,0.357128339843598,0.0,0.0,1.167064606618953,scenario_009_high_et_response_june2024,smartgarden_pa1_pilot_53a065f0754a
2024-06-28T23:00,27.8,85.0,0.0,0.0,0.0,1.03,100950.0,25.1,0.55,0.0,28.5,0.273,0,0,0,1.0,27.9884531358897,84.45453154740774,0.022954975619322117,32.68338439232256,0.2078242981693109,0.0,0.5872129340508323,0.0,0.002157861555797666,1.6348788342096514e-07,0.3569401121562401,0.0,0.0,1.167837877124229,scenario_009_high_et_response_june2024,smartgarden_pa1_pilot_53a065f0754a
2024-06-29T00:00,27.6,86.0,0.0,0.0,0.0,1.08,100960.0,25.1,0.52,0.0,28.3,0.272,0,0,0,1.0,27.755032183276143,85.51807146717732,0.022947758905007214,32.544207565716434,0.20779609769415525,0.0,0.5396472098863181,0.0,0.002224312811062814,1.5017168045132714e-07,0.3567660351491065,0.0,0.0,1.1688595781038809,scenario_009_high_et_response_june2024,smartgarden_pa1_pilot_53a065f0754a
2024-06-29T01:00,27.4,87.0,0.0,0.0,0.0,0.89,100920.0,25.0,0.48,0.0,28.2,0.272,0,0,0,1.0,27.554022277372944,86.53217846377112,0.022964341589690875,32.40418672385708,0.20777017237107018,0.0,0.4960034034961667,0.0,0.0018765112740853108,1.3796467685775678e-07,0.35660600229055667,0.0,0.0,1.1691775113577667,scenario_009_high_et_response_june2024,smartgarden_pa1_pilot_53a065f0754a
2024-06-29T02:00,27.6,85.0,0.0,0.0,0.0,0.67,100890.0,24.9,0.54,0.0,28.1,0.271,0,0,0,1.0,27.592888774381688,85.6251296707642,0.022772329778477804,32.26569204326542,0.20774483115602727,0.0,0.5306121989949428,0.0,0.0013154676858582756,1.4752646441621747e-07,0.35644957503720537,0.0,0.0,1.1686789019175865,scenario_009_high_et_response_june2024,smartgarden_pa1_pilot_53a065f0754a
2024-06-29T03:00,27.5,85.0,0.0,0.0,0.0,0.92,100900.0,24.7,0.56,0.0,28.0,0.271,0,0,0,1.0,27.592830655873364,84.95723029412902,0.022594627063052094,32.132480669665746,0.20771744815983842,0.0,0.5552641405517429,0.0,0.0018775987065769197,1.543072519315044e-07,0.3562805441965335,0.0,0.0,1.168794964728413,scenario_009_high_et_response_june2024,smartgarden_pa1_pilot_53a065f0754a
2024-06-29T04:00,27.4,85.0,0.0,0.0,0.0,0.94,100910.0,24.7,0.54,0.0,27.8,0.27,0,0,0,1.0,27.502447716515768,84.88994884539746,0.022464579925215823,32.00161826008955,0.2076896632166397,0.0,0.554810170833945,0.0,0.00192320830058336,1.5410687213314673e-07,0.35610903220147966,0.0,0.0,1.169262202769789,scenario_009_high_et_response_june2024,smartgarden_pa1_pilot_53a065f0754a
2024-06-29T05:00,27.3,86.0,0.0,0.0,0.0,0.92,100900.0,24.7,0.52,0.0,27.7,0.27,0,0,0,1.0,27.403444311862774,85.7302719306217,0.02256344430465714,31.8722550720279,0.2076626881480905,0.0,0.5209311238129084,0.0,0.00188697802386766,1.4462879859546474e-07,0.3559425194326574,0.0,0.0,1.1695314520635516,scenario_009_high_et_response_june2024,smartgarden_pa1_pilot_53a065f0754a
2024-06-29T06:00,27.3,86.0,18.0,7.0,11.0,0.72,100960.0,24.8,0.51,0.01,27.6,0.269,1,0,0,1.0,27.40631991817029,86.471339553219,0.022762096955613223,31.7494552929823,0.2076087450338535,1971.0063999999998,0.49396075820358165,15.299999999999999,0.0015241314796160697,4.5530089849316205e-07,0.3556095372460092,0.0,0.0,1.1702157155199309,scenario_009_high_et_response_june2024,smartgarden_pa1_pilot_53a065f0754a
2024-06-29T07:00,28.0,83.0,159.0,103.0,56.0,0.81,101000.0,24.7,0.66,0.11,28.4,0.269,0,0,0,1.0,28.15780130970257,88.56033722193027,0.024295674041672943,31.674804954706936,0.2155949300234196,15962.214399999997,0.43640025413246386,135.15,0.001736549947031909,3.339133072801781e-06,0.40490697545320736,0.0,0.0,1.1677595999280825,scenario_009_high_et_response_june2024,smartgarden_pa1_pilot_53a065f0754a
2024-06-29T08:00,28.7,78.0,264.0,139.0,125.0,1.02,101070.0,24.6,0.85,0.2,29.1,0.267,0,0,0,1.0,29.241250511588134,83.6584183057809,0.02434972391474251,31.68283466147014,0.2148027319005797,27629.8,0.6637727325660499,224.4,0.002394992428230788,5.458287198568867e-06,0.40001686358382527,0.0,0.0,1.1643820278253956,scenario_009_high_et_response_june2024,smartgarden_pa1_pilot_53a065f0754a
2024-06-29T09:00,29.8,72.0,450.0,311.0,139.0,1.33,101050.0,24.2,1.16,0.34,30.2,0.265,0,1,0,1.0,30.710899071954454,74.97768695052976,0.0236279934038234,31.787243891544264,0.21349012368127473,44490.3536,1.1057801245533514,382.5,0.004504536049816947,9.107602785082903e-06,0.39191434371157247,0.0,0.0,1.1585211005092322,scenario_009_high_et_response_june2024,smartgarden_pa1_pilot_53a065f0754a
2024-06-29T10:00,30.7,68.0,632.0,372.0,260.0,1.65,101040.0,24.0,1.43,0.48,31.3,0.262,0,1,0,1.0,32.27348861764105,69.29939141729814,0.023740524474976783,32.010914105810166,0.21155146330438973,64763.42399999999,1.482456681899822,537.1999999999999,0.005322759751072898,1.2379639203582283e-05,0.37994730434808477,0.0,0.0,1.1524798817907518,scenario_009_high_et_response_june2024,smartgarden_pa1_pilot_53a065f0754a
2024-06-29T11:00,31.7,63.0,895.0,784.0,111.0,2.16,100950.0,23.9,1.71,0.67,32.4,0.258,0,1,0,1.0,34.01712027632811,62.72681130847507,0.02355982037717329,32.37004449340203,0.20892116519346432,82665.2464,1.984548621175081,760.75,0.006413059034345526,1.674954979009634e-05,0.3637108962559526,0.0,0.0,1.1449171106410048,scenario_009_high_et_response_june2024,smartgarden_pa1_pilot_53a065f0754a
2024-06-29T12:00,32.0,62.0,827.0,711.0,116.0,2.5,100870.0,23.8,1.79,0.63,32.9,0.255,0,1,0,1.0,34.71605245192645,59.147805337774116,0.02304229162171927,32.795479365189664,0.2060787849932331,76857.1584,2.2611841623732247,702.9499999999999,0.007093140473849196,1.48457501293897e-05,0.3461653394644018,0.0,0.0,1.1414126109096234,scenario_009_high_et_response_june2024,smartgarden_pa1_pilot_53a065f0754a
2024-06-29T13:00,32.5,60.0,941.0,830.0,111.0,2.82,100810.0,23.8,1.94,0.72,33.5,0.251,0,1,0,1.0,35.36127022910482,56.84021102541995,0.022899012595676536,33.23133293756625,0.2032968450068024,86713.2464,2.475615118085039,799.85,0.007670735278940101,1.6029258007373928e-05,0.32899287041236047,0.0,0.0,1.138347949689057,scenario_009_high_et_response_june2024,smartgarden_pa1_pilot_53a065f0754a
2024-06-29T14:00,32.5,59.0,838.0,728.0,110.0,2.91,100740.0,23.4,2.01,0.65,33.7,0.248,0,1,0,1.0,35.447319287763264,54.90777809199056,0.02221944512354721,33.66838154638648,0.20062836756941146,77614.064,2.5987519579538976,712.3,0.0078462298155458,1.3656088505828415e-05,0.3125207874655029,0.0,0.0,1.1372403129636404,scenario_009_high_et_response_june2024,smartgarden_pa1_pilot_53a065f0754a
2024-06-29T15:00,32.2,60.0,681.0,555.0,126.0,3.01,100670.0,23.5,1.92,0.53,33.5,0.245,0,1,0,1.0,34.838339002257655,55.68887161466836,0.021833488257316184,34.02479120174677,0.19844078917869867,64360.98239999999,2.4692979578606744,578.85,0.007944002587940821,1.070146062556928e-05,0.299017217152461,0.0,0.0,1.1386971764839247,scenario_009_high_et_response_june2024,smartgarden_pa1_pilot_53a065f0754a
2024-06-29T16:00,31.5,63.0,474.0,383.0,91.0,3.13,100620.0,23.6,1.71,0.38,32.9,0.243,0,1,0,1.0,33.66216311992709,58.65938281413193,0.021625443252216697,34.26507034810758,0.19682513930041348,44913.5984,2.1579866945605826,402.9,0.00804174873615895,7.299195098921953e-06,0.2890440697556388,0.0,0.0,1.142494687190389,scenario_009_high_et_response_june2024,smartgarden_pa1_pilot_53a065f0754a
2024-06-29T17:00,30.8,68.0,292.0,207.0,85.0,2.19,100650.0,24.1,1.44,0.23,32.2,0.241,0,1,0,1.0,32.388490567243394,64.4904647577504,0.022228404906919255,34.37803798432983,0.19576774737040217,28686.504,1.7258196708737006,248.2,0.006226979484907216,4.482368684461079e-06,0.28251695907655666,0.0,0.0,1.147599364937955,scenario_009_high_et_response_june2024,smartgarden_pa1_pilot_53a065f0754a
2024-06-29T18:00,29.9,74.0,91.0,59.0,32.0,1.77,100720.0,24.6,1.11,0.08,31.2,0.24,1,1,0,1.0,30.91845647685395,70.9262257339184,0.022601851506529557,34.36712347693786,0.19522668797466247,9133.836800000001,1.3001146631513816,77.35,0.005293193522510172,1.546379870218645e-06,0.27917708626334864,0.0,0.0,1.1539494815059548,scenario_009_high_et_response_june2024,smartgarden_pa1_pilot_53a065f0754a
2024-06-29T19:00,29.2,78.0,1.0,0.0,1.0,1.58,100870.0,24.9,0.9,0.02,30.4,0.24,0,0,0,1.0,29.700804592836697,76.20984962843714,0.022742018163448795,34.25615661032035,0.20337228275920255,123.18239999999999,0.9922372376268438,0.85,0.0033372033074051807,2.713651269175847e-07,0.32945853555063304,0.0,0.0,1.160314548980743,scenario_009_high_et_response_june2024,smartgarden_pa1_pilot_53a065f0754a
2024-06-29T20:00,28.8,80.0,0.0,0.0,0.0,1.3,100960.0,25.1,0.78,0.01,29.9,0.239,0,0,0,1.0,29.061018418128356,79.12228175515776,0.022804673553702047,34.10615172725297,0.20332891363701114,0.0,0.8392475626951912,0.0,0.002699088603669361,2.1549262603095236e-07,0.3291908249198219,0.0,0.0,1.1638084236904216,scenario_009_high_et_response_june2024,smartgarden_pa1_pilot_53a065f0754a
2024-06-29T21:00,28.5,82.0,0.0,0.0,0.0,1.22,101020.0,25.1,0.71,0.0,29.5,0.239,0,0,0,1.0,28.703627152092057,81.29149277958035,0.022977694666005653,33.949729218482275,0.203292602512418,0.0,0.7366625558551552,0.0,0.0025160382577768055,1.8902320076837754e-07,0.32896668217541986,0.0,0.0,1.1658788238051627,scenario_009_high_et_response_june2024,smartgarden_pa1_pilot_53a065f0754a
2024-06-29T22:00,28.3,84.0,0.0,0.0,0.0,1.12,101050.0,25.2,0.63,0.0,29.2,0.239,0,0,0,1.0,28.462124925404943,83.39344581238205,0.02326273208007653,33.79106500906086,0.20326076259333423,0.0,0.6448056411972574,0.0,0.002303121938384594,1.6535441565572114e-07,0.3287701394650261,0.0,0.0,1.1671588576938996,scenario_009_high_et_response_june2024,smartgarden_pa1_pilot_53a065f0754a
2024-06-29T23:00,28.0,85.0,0.0,0.0,0.0,1.21,101080.0,25.3,0.55,0.0,29.0,0.239,0,0,0,1.0,28.199141732940248,84.34603587543069,0.023192029826957027,33.63151120199293,0.20323213166470044,0.0,0.5986046457288468,0.0,0.00249486868078464,1.534240804129672e-07,0.3285934053376571,0.0,0.0,1.168524232651684,scenario_009_high_et_response_june2024,smartgarden_pa1_pilot_53a065f0754a
2024-06-30T00:00,27.8,87.0,0.0,0.0,0.0,1.17,101070.0,25.3,0.5,0.0,28.8,0.238,0,0,0,1.0,27.965709880269994,86.30252278207521,0.02342798617898449,33.470591523824844,0.20320637216274287,0.0,0.5167222639886351,0.0,0.0023984321836713605,1.3237330447155815e-07,0.328434396066314,0.0,0.0,1.1693144061043586,scenario_009_high_et_response_june2024,smartgarden_pa1_pilot_53a065f0754a
2024-06-30T01:00,27.6,87.0,0.0,0.0,0.0,1.0,101030.0,25.2,0.48,0.0,28.6,0.238,0,0,0,1.0,27.76453954405162,86.56055784759681,0.023239648491551256,33.309440502903634,0.20318305797678518,0.0,0.5010783381029214,0.0,0.0020847621135124403,1.2830941406707588e-07,0.3282904813381802,0.0,0.0,1.1696330441695604,scenario_009_high_et_response_june2024,smartgarden_pa1_pilot_53a065f0754a
2024-06-30T02:00,27.5,87.0,0.0,0.0,0.0,0.99,100980.0,25.1,0.49,0.0,28.4,0.238,0,0,0,1.0,27.625281317941322,86.6961373353773,0.023098337901662446,33.14885250367766,0.20316020609096913,0.0,0.49200847309004114,0.0,0.0020349504404940963,1.2593279028281676e-07,0.3281494203146243,0.0,0.0,1.169595459102874,scenario_009_high_et_response_june2024,smartgarden_pa1_pilot_53a065f0754a
2024-06-30T03:00,27.4,87.0,0.0,0.0,0.0,0.86,100910.0,25.0,0.49,0.0,28.3,0.238,0,0,0,1.0,27.521106532484662,86.74854219656561,0.022980042789565825,32.99016286525686,0.20313765971232345,0.0,0.4870972829009874,0.0,0.0017924448376870257,1.2462286135284083e-07,0.3280102451377991,0.0,0.0,1.1691896415965104,scenario_009_high_et_response_june2024,smartgarden_pa1_pilot_53a065f0754a
2024-06-30T04:00,27.3,87.0,0.0,0.0,0.0,0.94,100890.0,24.9,0.49,0.0,28.2,0.238,0,0,0,1.0,27.41988539473636,86.73825898694464,0.022849449251297137,32.83362458309357,0.20311529514370394,0.0,0.4845992630047511,0.0,0.0019381726994927835,1.2393156572294223e-07,0.32787219224508607,0.0,0.0,1.1693515754273973,scenario_009_high_et_response_june2024,smartgarden_pa1_pilot_53a065f0754a
2024-06-30T05:00,27.2,87.0,0.0,0.0,0.0,1.06,100940.0,24.8,0.48,0.0,28.0,0.237,0,0,0,1.0,27.31839079562894,86.71391553210125,0.02271547113048289,32.6791900794995,0.20309303773016296,0.0,0.48261460144175095,0.0,0.0021596992941734982,1.233722882093214e-07,0.3277348008034751,0.0,0.0,1.170326282119589,scenario_009_high_et_response_june2024,smartgarden_pa1_pilot_53a065f0754a
2024-06-30T06:00,27.2,87.0,19.0,9.0,10.0,0.94,100970.0,24.9,0.46,0.01,28.0,0.237,1,0,0,1.0,27.323329400413137,87.16209448472839,0.022839100538134052,32.53224391629072,0.20304337463272662,2023.824,0.4664693876957786,16.15,0.0019411436189739626,4.284795089376914e-07,0.3274282384736211,0.0,0.0,1.1706548691205825,scenario_009_high_et_response_june2024,smartgarden_pa1_pilot_53a065f0754a
2024-06-30T07:00,28.1,82.0,180.0,129.0,51.0,0.72,101010.0,24.7,0.69,0.12,28.7,0.237,0,0,0,1.0,28.249714201564487,88.39852624898809,0.024373781004453206,32.44067854268364,0.21101684319917594,17634.3024,0.4449442341988572,153.0,0.0015700831910159998,3.5018984398716404e-06,0.3766471802418268,0.0,0.0,1.1675190720774389,scenario_009_high_et_response_june2024,smartgarden_pa1_pilot_53a065f0754a
2024-06-30T08:00,29.5,73.0,405.0,330.0,75.0,0.32,101060.0,24.2,1.1,0.28,30.0,0.235,0,1,0,1.0,30.142927401311756,82.18617873785776,0.02511903390636657,32.47562230893602,0.21001290267511324,38278.68,0.7620706269130904,344.25,0.0029691899054822904,7.680555043332785e-06,0.37045001651304477,0.0,0.0,1.160805506898972,scenario_009_high_et_response_june2024,smartgarden_pa1_pilot_53a065f0754a
2024-06-30T09:00,30.8,66.0,617.0,529.0,88.0,0.22,101050.0,23.7,1.5,0.45,31.4,0.233,0,1,0,1.0,32.21830847483755,70.57901891862078,0.024108114201031847,32.65882244332771,0.2082847577440122,57392.0512,1.4162516942768626,524.4499999999999,0.003580380772095125,1.1435685814313769e-05,0.3597824552099519,0.0,0.0,1.1528022176000388,scenario_009_high_et_response_june2024,smartgarden_pa1_pilot_53a065f0754a
2024-06-30T10:00,31.9,61.0,775.0,666.0,109.0,0.22,100980.0,23.4,1.85,0.58,32.6,0.23,0,1,0,1.0,34.0398446075423,63.596513882401716,0.023914941802653265,32.96854761890298,0.20600431668330033,72034.88160000001,1.9406961894725439,658.75,0.00405552010161438,1.3845725280186227e-05,0.3457056585388909,0.0,0.0,1.145172633194582,scenario_009_high_et_response_june2024,smartgarden_pa1_pilot_53a065f0754a
2024-06-30T11:00,32.6,59.0,871.0,744.0,127.0,0.58,100890.0,23.5,2.02,0.66,33.6,0.227,0,1,0,1.0,35.33957917289273,59.20756889130426,0.023825910713521237,33.36496885570892,0.2034150642025627,81116.1648,2.337028847305971,740.35,0.00456852268766018,1.4881488818442694e-05,0.32972261853433765,0.0,0.0,1.139331415844634,scenario_009_high_et_response_june2024,smartgarden_pa1_pilot_53a065f0754a
2024-06-30T12:00,33.0,59.0,904.0,699.0,205.0,1.35,100790.0,23.9,2.08,0.7,34.2,0.223,0,1,0,1.0,36.062805895729014,56.71234245894145,0.023692124935673672,33.80333435997521,0.20075020056726145,86764.39199999999,2.5805940434298678,768.4,0.005485203517101596,1.4712628300634928e-05,0.31327284300778674,0.0,0.0,1.1355399613264956,scenario_009_high_et_response_june2024,smartgarden_pa1_pilot_53a065f0754a
2024-06-30T13:00,32.6,60.0,765.0,560.0,205.0,2.08,100760.0,24.0,1.95,0.6,34.2,0.221,0,1,0,1.0,35.65909350029636,55.68057269927745,0.022780743056441007,34.2089876685972,0.1983536610828276,74532.39199999999,2.5841642723071017,650.25,0.006517418756366577,1.1955673466815664e-05,0.2984793894001703,0.0,0.0,1.136686042048157,scenario_009_high_et_response_june2024,smartgarden_pa1_pilot_53a065f0754a
2024-06-30T14:00,31.9,64.0,738.0,536.0,202.0,2.16,100720.0,24.1,1.71,0.57,34.0,0.222,0,1,0,1.0,34.876047185213544,58.905628564416425,0.02314005688345177,34.54846198596593,0.1962891206195992,72050.84479999999,2.294822597085903,627.3,0.006618475263534058,1.0997098292785149e-05,0.2857353124666617,0.0,0.0,1.1391232686331898,scenario_009_high_et_response_june2024,smartgarden_pa1_pilot_53a065f0754a
2024-06-30T15:00,31.3,68.0,483.0,311.0,172.0,0.61,100700.0,24.8,1.44,0.37,33.3,0.221,0,1,0,1.0,33.74560287125313,63.94717700858251,0.023678428910772226,34.79109201186238,0.19467239344130194,48555.3728,1.8907458409926323,410.55,0.004444891225270016,7.0295476653798585e-06,0.2757555150697651,0.0,0.0,1.1430921790305881,scenario_009_high_et_response_june2024,smartgarden_pa1_pilot_53a065f0754a
2024-06-30T16:00,31.2,69.0,323.0,196.0,127.0,0.51,100690.0,24.8,1.41,0.25,32.9,0.219,0,1,0,1.0,32.8204601058665,66.74663877365592,0.02353869555270232,34.9038169734302,0.1936222463976391,32892.1648,1.6559215055963405,274.55,0.0038899946202014023,4.672641022918358e-06,0.2692731259113524,0.0,0.0,1.1464346138619081,scenario_009_high_et_response_june2024,smartgarden_pa1_pilot_53a065f0754a
2024-06-30T17:00,31.0,70.0,231.0,157.0,74.0,1.03,100730.0,24.8,1.36,0.18,32.4,0.219,0,1,0,1.0,32.186515981356486,68.10851627304608,0.023224971778745683,34.937093220282165,0.19290057752384235,22931.4976,1.5324240232877595,196.35,0.004199276808118924,3.3583646554897033e-06,0.26481837977680467,0.0,0.0,1.1492712350578975,scenario_009_high_et_response_june2024,smartgarden_pa1_pilot_53a065f0754a
2024-06-30T18:00,30.4,75.0,93.0,60.0,33.0,0.5,100750.0,25.4,1.1,0.06,31.6,0.218,1,1,0,1.0,31.276673770249204,72.80967816323931,0.023651863715837447,34.89872988768765,0.1924668894195409,9345.0192,1.2409235097813247,79.05,0.0033419067754857867,1.4659846361049031e-06,0.26214129271321546,0.0,0.0,1.1529349408055862,scenario_009_high_et_response_june2024,smartgarden_pa1_pilot_53a065f0754a
2024-06-30T19:00,29.9,78.0,1.0,0.0,1.0,0.72,100830.0,25.6,0.93,0.0,30.8,0.218,0,0,0,1.0,30.336962749038527,76.70409671016971,0.023690254873175397,34.785078294531175,0.20062008355746497,123.18239999999999,1.0077260204276595,0.85,0.0018447092458559525,2.6114691625566156e-07,0.31246965158928997,0.0,0.0,1.1574231822423011,scenario_009_high_et_response_june2024,smartgarden_pa1_pilot_53a065f0754a
2024-06-30T20:00,29.5,81.0,0.0,0.0,0.0,0.92,100920.0,25.8,0.79,0.0,30.3,0.217,0,0,0,1.0,29.760946923863695,80.0510864952124,0.023966249022402856,34.635535816224206,0.20057847004129647,0.0,0.8349082607686058,0.0,0.0020186805237727614,2.0332184144766904e-07,0.3122127780326943,0.0,0.0,1.1606592102130189,scenario_009_high_et_response_june2024,smartgarden_pa1_pilot_53a065f0754a
2024-06-30T21:00,29.1,83.0,0.0,0.0,0.0,1.02,100990.0,26.0,0.68,0.0,30.0,0.217,0,0,0,1.0,29.34507998015021,82.16190525688015,0.024049493875112318,34.479478867285074,0.20054433867011615,0.0,0.7289100301806664,0.0,0.0021821489931679707,1.7738873353016683e-07,0.31200209055627254,0.0,0.0,1.163061033585497,scenario_009_high_et_response_june2024,smartgarden_pa1_pilot_53a065f0754a
2024-06-30T22:00,28.9,85.0,0.0,0.0,0.0,1.08,101000.0,26.1,0.59,0.0,29.7,0.217,0,0,0,1.0,29.066927722257457,84.34552391895937,0.02431794338405127,34.319804933785264,0.20051466520460937,0.0,0.6294972422179166,0.0,0.0022325957497645863,1.5310553766378455e-07,0.3118189210161072,0.0,0.0,1.164246755350479,scenario_009_high_et_response_june2024,smartgarden_pa1_pilot_53a065f0754a
2024-06-30T23:00,28.6,87.0,0.0,0.0,0.0,1.03,100990.0,26.2,0.51,0.0,29.4,0.217,0,0,0,1.0,28.80104369529837,86.19873983729127,0.024494671004228252,34.15894657945226,0.2004889233901262,0.0,0.5465094513052389,0.0,0.0021670614730978544,1.3285361468373758e-07,0.3116600209267049,0.0,0.0,1.1651565633641796,scenario_009_high_et_response_june2024,smartgarden_pa1_pilot_53a065f0754a
