timestamp,temperature_outside,humidity_outside,shortwave_radiation,direct_radiation,diffuse_radiation,wind_speed,surface_pressure,dew_point_outside,vpd_outside_reference,et0_outside_reference,external_soil_temperature_context,external_soil_moisture_context,pump_state,fan_state,grow_light_state,vent_state,temperature_inside_true,humidity_inside_true,vapor_density_inside_true,soil_temperature_inside_true,soil_moisture_inside_true,light_lux_inside_true,vpd_inside,solar_inside,ventilation_rate_m3_s,evapotranspiration_rate_kg_s,water_stress_coefficient,condensation_rate_kg_s,drainage_rate_m3_s,air_density,simulation_id,parameter_set_id
2024-06-01T00:00,29.6,83.0,0.0,0.0,0.0,0.81,100950.0,26.4,0.72,0.0,29.8,0.176,0,0,0,1.0,29.6,83.00000000000001,0.024633318950427478,29.6,0.4,0.0,0.7049358805204089,0.0,0.0015795000000000002,4.229615283122453e-07,1.0,0.0,0.0,1.1616214428759424,scenario_007_low_soil_thermal_capacity_june2024,smartgarden_pa1_pilot_72e6b49d1a80
2024-06-01T01:00,29.3,84.0,0.0,0.0,0.0,1.1,100880.0,26.4,0.63,0.0,29.6,0.176,0,0,0,1.0,29.39813223430694,84.21902771126179,0.024722778476237158,29.57556522319584,0.3999280593429992,0.0,0.6468252915472128,0.0,0.0022189094735170205,3.8809517492832763e-07,1.0,0.0,0.0,1.1615904857208343,scenario_007_low_soil_thermal_capacity_june2024,smartgarden_pa1_pilot_72e6b49d1a80
2024-06-01T02:00,28.9,85.0,0.0,0.0,0.0,1.0,100820.0,26.1,0.59,0.0,29.4,0.176,0,0,0,1.0,29.053540035784422,85.00420111607323,0.024489988721073084,29.54278645382186,0.3998604534459309,0.0,0.6025444006429308,0.0,0.002075504810053975,3.6152664038575847e-07,1.0,0.0,0.0,1.1622233446241763,scenario_007_low_soil_thermal_capacity_june2024,smartgarden_pa1_pilot_72e6b49d1a80
2024-06-01T03:00,28.7,86.0,0.0,0.0,0.0,0.9,100780.0,26.1,0.54,0.0,29.2,0.176,0,0,0,1.0,28.785809586550926,86.21610283180225,0.024479247318026694,29.500507510879043,0.3997985951802373,0.0,0.5453408434547069,0.0,0.0018337475245815023,3.2720450607282414e-07,1.0,0.0,0.0,1.1627923862123586,scenario_007_low_soil_thermal_capacity_june2024,smartgarden_pa1_pilot_72e6b49d1a80
2024-06-01T04:00,28.7,86.0,0.0,0.0,0.0,0.92,100820.0,26.1,0.55,0.0,28.8,0.176,0,0,0,1.0,28.70084401121974,86.62072470655322,0.024480324256420122,29.454080344572308,0.399741068576808,0.0,0.526734837470114,0.0,0.0017947747618970327,3.160409024820683e-07,1.0,0.0,0.0,1.163581338353324,scenario_007_low_soil_thermal_capacity_june2024,smartgarden_pa1_pilot_72e6b49d1a80
2024-06-01T05:00,28.6,86.0,0.0,0.0,0.0,1.02,100840.0,26.1,0.53,0.0,28.5,0.176,0,0,0,1.0,28.63184307423991,86.48148797355088,0.024349031373894634,29.407689491398397,0.39968398582414405,0.0,0.5300932078638261,0.0,0.0020152038038301857,3.180559247182956e-07,1.0,0.0,0.0,1.164078261805861,scenario_007_low_soil_thermal_capacity_june2024,smartgarden_pa1_pilot_72e6b49d1a80
2024-06-01T06:00,28.6,86.0,19.0,2.0,17.0,1.02,100900.0,26.0,0.54,0.02,28.5,0.176,1,0,0,1.0,28.62563949575348,87.52062766454812,0.024633252427768513,29.3682386538056,0.39956341336533047,2270.1007999999997,0.4891701643372386,16.15,0.002010126075890482,1.020252098602343e-06,1.0,0.0,0.0,1.1647948347855324,scenario_007_low_soil_thermal_capacity_june2024,smartgarden_pa1_pilot_72e6b49d1a80
2024-06-01T07:00,29.0,84.0,156.0,58.0,98.0,1.02,100980.0,26.1,0.62,0.11,29.7,0.175,0,0,0,1.0,29.094566608916843,92.86181402952019,0.02681362300547934,29.392213533798667,0.4072523391414606,17175.875200000002,0.2874990420089989,132.6,0.0020657318736607097,6.139499425205399e-06,1.0,0.0,0.0,1.163909767466686,scenario_007_low_soil_thermal_capacity_june2024,smartgarden_pa1_pilot_72e6b49d1a80
2024-06-01T08:00,30.2,75.0,326.0,146.0,180.0,0.71,101020.0,25.4,1.06,0.24,30.6,0.175,0,0,0,1.0,30.347927504852176,98.37723931249111,0.030402027615926246,29.551823402816385,0.40557385899990256,35020.831999999995,0.07024086177954736,277.09999999999997,0.001549682743193973,1.2511644517067726e-05,1.0,1.2509744814310723e-06,0.0,1.159562289860371,scenario_007_low_soil_thermal_capacity_june2024,smartgarden_pa1_pilot_72e6b49d1a80
2024-06-01T09:00,31.6,66.0,535.0,311.0,224.0,0.32,101030.0,24.6,1.55,0.4,32.0,0.173,0,1,0,1.0,32.119114761969016,95.45268182508526,0.03243288149921101,29.890321988862496,0.40260852720890383,54960.857599999996,0.21767437989271166,454.75,0.0028312448317321243,2.0594354627935625e-05,1.0,0.0,0.0,1.1529485686628604,scenario_007_low_soil_thermal_capacity_june2024,smartgarden_pa1_pilot_72e6b49d1a80
2024-06-01T10:00,32.7,61.0,673.0,368.0,305.0,0.2,100990.0,24.1,1.93,0.52,33.3,0.172,0,1,0,1.0,33.67486549698623,80.09260861161695,0.02954676214746476,30.39408008841825,0.3983604739750696,69954.632,1.0399059667252306,572.05,0.0032086690492842164,2.6366193580035138e-05,1.0,0.0,0.0,1.146648397633525,scenario_007_low_soil_thermal_capacity_june2024,smartgarden_pa1_pilot_72e6b49d1a80
2024-06-01T11:00,33.3,58.0,730.0,349.0,381.0,0.86,100950.0,23.9,2.15,0.57,34.3,0.17,0,1,0,1.0,34.65705706467438,72.48838487109755,0.028152651946217334,30.98851773458322,0.39339147765949334,77644.49440000001,1.5178094526910626,620.5,0.004071511777444253,2.883318567161464e-05,1.0,0.0,0.0,1.1425368059602306,scenario_007_low_soil_thermal_capacity_june2024,smartgarden_pa1_pilot_72e6b49d1a80
2024-06-01T12:00,33.6,57.0,685.0,331.0,354.0,1.64,100940.0,23.9,2.23,0.55,34.7,0.169,0,1,0,1.0,35.02769718534703,66.28040008990753,0.02624342067758711,31.58434076674824,0.3883337368978396,72734.5696,1.8988499384788824,582.25,0.005240385708066442,2.7340559963087332e-05,1.0,0.0,0.0,1.1410496538392068,scenario_007_low_soil_thermal_capacity_june2024,smartgarden_pa1_pilot_72e6b49d1a80
2024-06-01T13:00,33.3,58.0,601.0,271.0,330.0,1.64,100890.0,23.9,2.16,0.49,34.8,0.167,0,1,0,1.0,34.79048683662097,65.43179430982275,0.025589442335755046,32.11203930321456,0.38369832816657784,64498.191999999995,1.9212652443697995,510.84999999999997,0.0052670760762889655,2.4141009146621877e-05,1.0,0.0,0.0,1.1413629712121678,scenario_007_low_soil_thermal_capacity_june2024,smartgarden_pa1_pilot_72e6b49d1a80
2024-06-01T14:00,33.5,57.0,537.0,197.0,340.0,1.7,100790.0,23.8,2.24,0.45,34.8,0.166,0,1,0,1.0,34.6673681074953,64.38535325650354,0.025019091861064935,32.55699909882035,0.3795720784275544,59218.015999999996,1.9659747052395211,456.45,0.00523082281205221,2.1719834823143712e-05,1.0,0.0,0.0,1.1406877389903314,scenario_007_low_soil_thermal_capacity_june2024,smartgarden_pa1_pilot_72e6b49d1a80
2024-06-01T15:00,33.2,59.0,342.0,78.0,264.0,0.72,100790.0,24.0,2.1,0.28,34.3,0.164,0,1,0,1.0,34.23295841615022,66.01513424286085,0.025076769998818995,32.88516304514663,0.37633962679845384,39384.1536,1.8313237857970628,290.7,0.003693866715203729,1.4180294271478234e-05,1.0,0.0,0.0,1.1422998186292586,scenario_007_low_soil_thermal_capacity_june2024,smartgarden_pa1_pilot_72e6b49d1a80
2024-06-01T16:00,32.6,61.0,222.0,33.0,189.0,0.71,100770.0,24.1,1.93,0.19,33.7,0.164,0,1,0,1.0,33.44583362650985,65.94779796338625,0.024037308571126174,33.067231578637994,0.37420434336679104,26185.473599999998,1.756178659863267,188.7,0.003547641687747154,9.545207195917959e-06,1.0,0.0,0.0,1.1450051986139078,scenario_007_low_soil_thermal_capacity_june2024,smartgarden_pa1_pilot_72e6b49d1a80
2024-06-01T17:00,32.3,62.0,145.0,34.0,111.0,0.71,100740.0,24.2,1.82,0.13,33.1,0.163,0,1,0,1.0,32.82545868604603,66.12110269231907,0.023324261969290293,33.147546326433066,0.37275583438516807,16665.2464,1.6875451039795775,123.25,0.0032927215379104525,6.558777062387746e-06,1.0,0.0,0.0,1.1469851649986638,scenario_007_low_soil_thermal_capacity_june2024,smartgarden_pa1_pilot_72e6b49d1a80
2024-06-01T18:00,31.9,66.0,41.0,9.0,32.0,0.61,100810.0,24.7,1.61,0.05,32.4,0.163,1,0,0,1.0,32.25010611895438,69.76901491973535,0.023871735904281235,33.14188587262676,0.3719496743739056,4733.8368,1.4578558972028102,34.85,0.0015983957678431069,2.442963538321686e-06,1.0,0.0,0.0,1.1499444986586782,scenario_007_low_soil_thermal_capacity_june2024,smartgarden_pa1_pilot_72e6b49d1a80
2024-06-01T19:00,31.2,70.0,0.0,0.0,0.0,1.0,100940.0,25.1,1.35,0.03,31.7,0.162,0,0,0,1.0,31.517350538197586,70.14407738803955,0.02308113537674928,33.06373264400903,0.37998750259854414,0.0,1.3813199318649834,0.0,0.0021996114594572884,8.2879195911899e-07,1.0,0.0,0.0,1.1541967134749367,scenario_007_low_soil_thermal_capacity_june2024,smartgarden_pa1_pilot_72e6b49d1a80
2024-06-01T20:00,30.7,74.0,0.0,0.0,0.0,1.1,100990.0,25.5,1.14,0.01,31.1,0.162,0,0,0,1.0,30.91480454118493,73.89916716858212,0.023544614160736856,32.95122844228849,0.3798498052661073,0.0,1.166928529659799,0.0,0.002302934690534553,7.001571177958794e-07,1.0,0.0,0.0,1.1570567692210092,scenario_007_low_soil_thermal_capacity_june2024,smartgarden_pa1_pilot_72e6b49d1a80
2024-06-01T21:00,30.2,78.0,0.0,0.0,0.0,1.2,101050.0,25.8,0.96,0.01,30.7,0.162,0,0,0,1.0,30.41539645289456,77.67220290860305,0.024090891893544214,32.825710200401716,0.37973453438290655,0.0,0.9701906902020179,0.0,0.0024861974596674203,5.821144141212106e-07,1.0,0.0,0.0,1.1596488509822336,scenario_007_low_soil_thermal_capacity_june2024,smartgarden_pa1_pilot_72e6b49d1a80
2024-06-01T22:00,29.7,82.0,0.0,0.0,0.0,1.1,101080.0,26.2,0.77,0.0,30.2,0.162,0,0,0,1.0,29.927244954027916,81.47870210238514,0.024614211275982224,32.68905464566527,0.3796399700307933,0.0,0.7825971730636221,0.0,0.0023122746585532896,4.695583038381732e-07,1.0,0.0,0.0,1.161861474150396,scenario_007_low_soil_thermal_capacity_june2024,smartgarden_pa1_pilot_72e6b49d1a80
2024-06-01T23:00,29.2,85.0,0.0,0.0,0.0,1.3,101060.0,26.4,0.61,0.0,29.6,0.162,0,0,0,1.0,29.43730444997118,84.34732981835899,0.02481316810260176,32.54184985357095,0.37956323958100047,0.0,0.6430159138001383,0.0,0.0026844142580909067,3.8580954828008297e-07,1.0,0.0,0.0,1.1635124645130708,scenario_007_low_soil_thermal_capacity_june2024,smartgarden_pa1_pilot_72e6b49d1a80
2024-06-02T00:00,28.8,87.0,0.0,0.0,0.0,1.2,101050.0,26.5,0.5,0.0,29.1,0.162,0,0,0,1.0,29.0069398882001,86.47332728735519,0.024850094971425724,32.385234411339155,0.3794995206427712,0.0,0.5420522405380162,0.0,0.0024812570019757995,3.2523134432280967e-07,1.0,0.0,0.0,1.1650543698411109,scenario_007_low_soil_thermal_capacity_june2024,smartgarden_pa1_pilot_72e6b49d1a80
2024-06-02T01:00,28.4,89.0,0.0,0.0,0.0,1.12,100980.0,26.4,0.42,0.0,28.8,0.162,0,0,0,1.0,28.61108836154601,88.39282602408575,0.024858965223117067,32.221609472435595,0.37944575267742914,0.0,0.45459794117351526,0.0,0.002337831511078531,2.7275876470410914e-07,1.0,0.0,0.0,1.165774570704002,scenario_007_low_soil_thermal_capacity_june2024,smartgarden_pa1_pilot_72e6b49d1a80
2024-06-02T02:00,28.4,91.0,0.0,0.0,0.0,1.14,100950.0,26.7,0.35,0.0,28.5,0.162,0,0,0,1.0,28.4576581692889,90.82642183297924,0.02532998168033223,32.05480210796943,0.3794022567343575,0.0,0.3561028966009312,0.0,0.0022653535729680934,2.136617379605587e-07,1.0,0.0,0.0,1.166021094972652,scenario_007_low_soil_thermal_capacity_june2024,smartgarden_pa1_pilot_72e6b49d1a80
2024-06-02T03:00,28.4,89.0,0.0,0.0,0.0,1.04,100940.0,26.5,0.41,0.0,28.3,0.162,0,0,0,1.0,28.4399798296638,89.47295142626163,0.02492839767862192,31.892922197172577,0.37936172413705205,0.0,0.40822334889239054,0.0,0.0020602437746843004,2.449340093354343e-07,1.0,0.0,0.0,1.1659739322006377,scenario_007_low_soil_thermal_capacity_june2024,smartgarden_pa1_pilot_72e6b49d1a80
2024-06-02T04:00,28.3,89.0,0.0,0.0,0.0,1.04,100970.0,26.4,0.4,0.0,28.1,0.162,0,0,0,1.0,28.3753540622646,89.13042215960132,0.024745284175617666,31.73668070901524,0.37931658819509784,0.0,0.41992787142996324,0.0,0.0020883708060851487,2.5195672285797794e-07,1.0,0.0,0.0,1.1665704437936926,scenario_007_low_soil_thermal_capacity_june2024,smartgarden_pa1_pilot_72e6b49d1a80
2024-06-02T05:00,28.0,90.0,0.0,0.0,0.0,1.12,101060.0,26.2,0.38,0.0,27.9,0.162,0,0,0,1.0,28.1589244490288,89.65675541088744,0.024597980739910808,31.58250143286395,0.3792722930606427,0.0,0.3945998667204562,0.0,0.0023009446247374355,2.3675992003227371e-07,1.0,0.0,0.0,1.1684489630525698,scenario_007_low_soil_thermal_capacity_june2024,smartgarden_pa1_pilot_72e6b49d1a80
2024-06-02T06:00,28.0,91.0,19.0,4.0,15.0,1.36,101020.0,26.4,0.34,0.02,28.1,0.162,1,0,0,1.0,28.0795333008549,91.67100989983712,0.025041314829611007,31.435366757743694,0.37916863768326414,2199.736,0.3162909114624206,16.15,0.0027010466176989236,9.165245468774522e-07,1.0,0.0,0.0,1.1682943167259638,scenario_007_low_soil_thermal_capacity_june2024,smartgarden_pa1_pilot_72e6b49d1a80
2024-06-02T07:00,30.2,77.0,168.0,87.0,81.0,1.21,101070.0,25.6,1.0,0.13,30.3,0.162,0,0,0,1.0,29.63336481194328,87.40401070248689,0.025987341389708686,31.373647946898142,0.3868172282123088,17633.7744,0.5233189838423549,142.79999999999998,0.002725467075139716,6.739991390305411e-06,1.0,0.0,0.0,1.1628741152474689,scenario_007_low_soil_thermal_capacity_june2024,smartgarden_pa1_pilot_72e6b49d1a80
2024-06-02T08:00,31.3,68.0,350.0,181.0,169.0,0.98,101090.0,24.7,1.45,0.27,31.3,0.161,0,0,0,1.0,31.460532522096944,87.11387223552481,0.02857819339907851,31.495038419083286,0.3849714876618303,36745.8256,0.5942736942800808,297.5,0.0020435204546890044,1.3744064216568048e-05,1.0,0.0,0.0,1.1561274944245996,scenario_007_low_soil_thermal_capacity_june2024,smartgarden_pa1_pilot_72e6b49d1a80
2024-06-02T09:00,32.0,65.0,510.0,248.0,262.0,0.73,101090.0,24.5,1.68,0.39,32.5,0.16,0,1,0,1.0,32.737426172059884,78.59450819060275,0.02759542098748084,31.783324663755476,0.3819241154943535,54097.788799999995,1.0609706362341336,433.5,0.0034921390574511896,2.014408238174048e-05,1.0,0.0,0.0,1.1513013664772942,scenario_007_low_soil_thermal_capacity_june2024,smartgarden_pa1_pilot_72e6b49d1a80
2024-06-02T10:00,33.0,61.0,705.0,426.0,279.0,0.32,101060.0,24.4,1.98,0.54,33.9,0.159,0,1,0,1.0,34.07376585542538,79.13364533379823,0.029810492006518627,32.2262494127719,0.3776255323000237,71855.8896,1.114502559493089,599.25,0.0033548208894072177,2.7634951535695852e-05,1.0,0.0,0.0,1.1459533390936578,scenario_007_low_soil_thermal_capacity_june2024,smartgarden_pa1_pilot_72e6b49d1a80
2024-06-02T11:00,34.0,57.0,821.0,573.0,248.0,0.14,100970.0,24.3,2.27,0.64,35.2,0.157,0,1,0,1.0,35.403100482984165,75.48849258255308,0.030477842254933867,32.80587842207854,0.3722364673598266,80973.23520000001,1.4092080144201526,697.85,0.0035328199923226784,3.224877480865209e-05,1.0,0.0,0.0,1.1400001022607271,scenario_007_low_soil_thermal_capacity_june2024,smartgarden_pa1_pilot_72e6b49d1a80
2024-06-02T12:00,34.6,55.0,860.0,673.0,187.0,0.8,100910.0,24.2,2.48,0.68,36.1,0.155,0,1,0,1.0,36.29390398284433,69.71864294455628,0.029474769328017413,33.45384462981509,0.3662742577822195,82259.1088,1.8282284414159866,731.0,0.0041954887353453625,3.399193706484959e-05,1.0,0.0,0.0,1.1360428780805183,scenario_007_low_soil_thermal_capacity_june2024,smartgarden_pa1_pilot_72e6b49d1a80
2024-06-02T13:00,34.8,55.0,913.0,742.0,171.0,0.82,100810.0,24.4,2.5,0.72,36.7,0.154,0,1,0,1.0,36.759711296580335,68.72936163057214,0.02976098743609551,34.129317549871864,0.359965501994345,86360.1904,1.9366389596545623,776.05,0.0043629283378597535,3.608423337579273e-05,1.0,0.0,0.0,1.1332112519222732,scenario_007_low_soil_thermal_capacity_june2024,smartgarden_pa1_pilot_72e6b49d1a80
2024-06-02T14:00,34.6,56.0,656.0,386.0,270.0,0.92,100820.0,24.6,2.42,0.53,36.4,0.153,0,1,0,1.0,36.38603767819726,65.47347009435514,0.027811698309634734,34.707170559067706,0.3543438762701951,67227.248,2.0950674358837014,557.6,0.004381580825608889,2.6349040461530222e-05,1.0,0.0,0.0,1.1346918171214764,scenario_007_low_soil_thermal_capacity_june2024,smartgarden_pa1_pilot_72e6b49d1a80
2024-06-02T15:00,32.6,66.0,461.0,246.0,215.0,1.2,100830.0,25.5,1.67,0.37,35.5,0.161,0,1,0,1.0,34.592206950531505,69.49068364710632,0.02689725957821285,35.06673499296098,0.3502902864761435,48132.216,1.6771530467224722,391.84999999999997,0.004840411788011067,1.863954182803348e-05,1.0,0.0,0.0,1.1414191432327876,scenario_007_low_soil_thermal_capacity_june2024,smartgarden_pa1_pilot_72e6b49d1a80
2024-06-02T16:00,31.5,71.0,398.0,260.0,138.0,1.0,100840.0,25.6,1.34,0.3,34.3,0.165,0,1,0,1.0,32.995477243812914,75.92340553542637,0.02702381723427394,35.25786602883148,0.34717999335662153,39879.1712,1.2107810801060719,338.3,0.004331683579484225,1.594996864806364e-05,1.0,0.0,0.0,1.1474861118090545,scenario_007_low_soil_thermal_capacity_june2024,smartgarden_pa1_pilot_72e6b49d1a80
2024-06-02T17:00,30.9,73.0,171.0,95.0,76.0,0.42,100820.0,25.5,1.21,0.13,33.2,0.165,0,1,0,1.0,31.823407878778777,76.47393493534709,0.025578382693638303,35.294397685850576,0.3450980730986448,17721.862399999998,1.1074971454232045,145.35,0.0033076544718250588,7.205248287253921e-06,1.0,0.0,0.0,1.1516676535852661,scenario_007_low_soil_thermal_capacity_june2024,smartgarden_pa1_pilot_72e6b49d1a80
2024-06-02T18:00,30.7,73.0,54.0,19.0,35.0,0.64,100860.0,25.3,1.19,0.05,32.3,0.165,1,0,0,1.0,31.101903940063945,77.09039370215203,0.024809091265502594,35.17566404458071,0.3442058361978211,5983.383999999999,1.0352213711412133,45.9,0.0016944193598692103,2.686632822684728e-06,1.0,0.0,0.0,1.1548567258018625,scenario_007_low_soil_thermal_capacity_june2024,smartgarden_pa1_pilot_72e6b49d1a80
2024-06-02T19:00,30.4,75.0,0.0,0.0,0.0,0.89,100910.0,25.5,1.08,0.03,31.6,0.165,0,0,0,1.0,30.626305723950793,75.56215481580163,0.023704092199507785,34.98317219787972,0.3522390599571768,0.0,1.0747501249266769,0.0,0.0019372039270127719,6.448500749560061e-07,1.0,0.0,0.0,1.157238193569306,scenario_007_low_soil_thermal_capacity_june2024,smartgarden_pa1_pilot_72e6b49d1a80
2024-06-02T20:00,29.7,84.0,0.0,0.0,0.0,1.02,100970.0,26.7,0.67,0.0,30.9,0.164,0,0,0,1.0,30.034963156572463,82.5008080641935,0.025068558025167453,34.76272655704463,0.3521386530239757,0.0,0.7439924173280232,0.0,0.0022482754046947223,4.4639545039681385e-07,1.0,0.0,0.0,1.1601847348933771,scenario_007_low_soil_thermal_capacity_june2024,smartgarden_pa1_pilot_72e6b49d1a80
2024-06-02T21:00,29.5,84.0,0.0,0.0,0.0,0.94,101010.0,26.6,0.64,0.0,30.2,0.164,0,0,0,1.0,29.657976267419176,84.07649086420159,0.025031361441443065,34.5338058268166,0.35206475862841496,0.0,0.6625027597024804,0.0,0.001969433657762788,3.975016558214882e-07,1.0,0.0,0.0,1.1620893180774434,scenario_007_low_soil_thermal_capacity_june2024,smartgarden_pa1_pilot_72e6b49d1a80
2024-06-02T22:00,29.1,86.0,0.0,0.0,0.0,0.94,101030.0,26.5,0.57,0.0,29.6,0.164,0,0,0,1.0,29.322366495191346,85.55901624100473,0.025012966721013156,34.303946723678294,0.35199673404287585,0.0,0.5893232998900495,0.0,0.0020226049820463773,3.5359397993402965e-07,1.0,0.0,0.0,1.1636090694830004,scenario_007_low_soil_thermal_capacity_june2024,smartgarden_pa1_pilot_72e6b49d1a80
2024-06-02T23:00,29.0,86.0,0.0,0.0,0.0,0.98,101020.0,26.4,0.55,0.0,29.2,0.164,0,0,0,1.0,29.111734995859674,86.1228946702017,0.024891028222717874,34.0735986271265,0.3519352731988039,0.0,0.5594715150303391,0.0,0.0020048720250520594,3.356829090182034e-07,1.0,0.0,0.0,1.1643046771706775,scenario_007_low_soil_thermal_capacity_june2024,smartgarden_pa1_pilot_72e6b49d1a80
2024-06-03T00:00,28.6,87.0,0.0,0.0,0.0,0.98,100980.0,26.3,0.49,0.0,28.9,0.164,0,0,0,1.0,28.820299398375408,86.6147301829405,0.02463875255106466,33.8457101578917,0.3518760688847629,0.0,0.5306278302599203,0.0,0.0020922168576217653,3.1837669815595217e-07,1.0,0.0,0.0,1.1649668988663004,scenario_007_low_soil_thermal_capacity_june2024,smartgarden_pa1_pilot_72e6b49d1a80
2024-06-03T01:00,28.2,90.0,0.0,0.0,0.0,1.17,100930.0,26.3,0.39,0.0,28.5,0.164,0,0,0,1.0,28.43506895034156,89.12465477223645,0.024824685749720007,33.615485076154826,0.35182426962311725,0.0,0.4216096016646742,0.0,0.0024454688394511402,2.529657609988045e-07,1.0,0.0,0.0,1.1658774049447798,scenario_007_low_soil_thermal_capacity_june2024,smartgarden_pa1_pilot_72e6b49d1a80
2024-06-03T02:00,28.1,93.0,0.0,0.0,0.0,1.24,100880.0,26.8,0.27,0.0,28.3,0.164,0,0,0,1.0,28.222147974187475,92.38058603733771,0.025433286443439573,33.3841680941029,0.3517859613594925,0.0,0.2917548994152437,0.0,0.0024999516182617884,1.750529396491462e-07,1.0,0.0,0.0,1.1661231279609834,scenario_007_low_soil_thermal_capacity_june2024,smartgarden_pa1_pilot_72e6b49d1a80
2024-06-03T03:00,27.9,93.0,0.0,0.0,0.0,1.2,100840.0,26.7,0.26,0.0,28.2,0.164,0,0,0,1.0,28.05089564627792,92.5949627554845,0.025253987148327717,33.15692590789447,0.3517555040367467,0.0,0.2807358045283497,0.0,0.0024441300564124976,1.6844148271700978e-07,1.0,0.0,0.0,1.1663235017168894,scenario_007_low_soil_thermal_capacity_june2024,smartgarden_pa1_pilot_72e6b49d1a80
2024-06-03T04:00,27.9,93.0,0.0,0.0,0.0,1.2,100820.0,26.6,0.28,0.0,28.0,0.164,0,0,0,1.0,27.973814793976974,92.87254268016719,0.02522273118654364,32.93440424212687,0.35172593953904496,0.0,0.26900243415441194,0.0,0.002391517700471856,1.6140146049264715e-07,1.0,0.0,0.0,1.1663906732118108,scenario_007_low_soil_thermal_capacity_june2024,smartgarden_pa1_pilot_72e6b49d1a80
2024-06-03T05:00,28.0,92.0,0.0,0.0,0.0,1.33,100840.0,26.5,0.31,0.0,27.8,0.164,0,0,0,1.0,28.02245412796616,92.18674668050127,0.02510343128660642,32.72083592330483,0.35169570884414403,0.0,0.29572187904266833,0.0,0.002607753828450581,1.7743312742560098e-07,1.0,0.0,0.0,1.166433644629287,scenario_007_low_soil_thermal_capacity_june2024,smartgarden_pa1_pilot_72e6b49d1a80
2024-06-03T06:00,28.0,92.0,25.0,13.0,12.0,1.3,100880.0,26.7,0.29,0.01,28.0,0.164,1,0,0,1.0,28.091779526238117,92.97597588891877,0.025414857256097982,32.52730032863716,0.35157893400340906,2622.1888,0.26692535735985645,21.25,0.0025940678002720785,1.1164052144159138e-06,1.0,0.0,0.0,1.1666277912336183,scenario_007_low_soil_thermal_capacity_june2024,smartgarden_pa1_pilot_72e6b49d1a80
2024-06-03T07:00,29.5,86.0,196.0,139.0,57.0,1.1,100930.0,27.0,0.56,0.14,30.5,0.164,0,0,0,1.0,29.280958568488924,96.86886400771203,0.028255708340951757,32.4281220837668,0.3591310035197098,19253.396800000002,0.12747407642112263,166.6,0.002306780046202826,7.573484445852673e-06,1.0,2.5693863796487636e-07,0.0,1.1626164835181396,scenario_007_low_soil_thermal_capacity_june2024,smartgarden_pa1_pilot_72e6b49d1a80
2024-06-03T08:00,31.3,72.0,419.0,337.0,82.0,0.7,100950.0,25.6,1.3,0.31,31.6,0.163,0,0,0,1.0,31.382420837045945,100.0,0.032668830667908974,32.52984443759377,0.3570060413058299,39756.9568,0.0,356.15,0.0014602585398365846,1.6026749999999997e-05,1.0,2.0015401985238508e-07,0.0,1.1548225008820145,scenario_007_low_soil_thermal_capacity_june2024,smartgarden_pa1_pilot_72e6b49d1a80
2024-06-03T09:00,32.9,62.0,633.0,534.0,99.0,0.6,100950.0,24.6,1.91,0.48,33.3,0.162,0,1,0,1.0,33.54887039588425,81.00037841712964,0.029684343840080462,32.85463796187107,0.35335851769325083,59187.05760000001,0.9855286149768254,538.05,0.0032524181308787293,2.4803567168986096e-05,1.0,0.0,0.0,1.1466651030593784,scenario_007_low_soil_thermal_capacity_june2024,smartgarden_pa1_pilot_72e6b49d1a80
2024-06-03T10:00,34.0,56.0,763.0,643.0,120.0,0.63,100900.0,24.0,2.35,0.59,34.8,0.16,0,1,0,1.0,35.188094294764014,73.04989099626468,0.02916594134346407,33.3512076813901,0.3484144605983231,71365.888,1.5311433100566383,648.55,0.0036999239275182323,3.010343598603398e-05,1.0,0.0,0.0,1.1400041469177737,scenario_007_low_soil_thermal_capacity_june2024,smartgarden_pa1_pilot_72e6b49d1a80
2024-06-03T11:00,35.0,53.0,910.0,785.0,125.0,0.45,100830.0,23.9,2.65,0.71,36.1,0.158,0,1,0,1.0,36.567985030731364,70.71167868240522,0.0303192542043549,33.973792347924785,0.34247498046534847,84477.8,1.7949815039740393,773.5,0.003798100819119553,3.588448890238442e-05,1.0,0.0,0.0,1.1341377096948024,scenario_007_low_soil_thermal_capacity_june2024,smartgarden_pa1_pilot_72e6b49d1a80
2024-06-03T12:00,35.4,51.0,950.0,825.0,125.0,0.36,100780.0,23.9,2.79,0.75,36.9,0.156,0,1,0,1.0,37.37697190328347,67.10784755906653,0.029992193670628407,34.67430732291972,0.3358588317833169,87997.8,2.1066784393908433,807.5,0.004001106266041499,3.76015070636345e-05,1.0,0.0,0.0,1.1306221110527424,scenario_007_low_soil_thermal_capacity_june2024,smartgarden_pa1_pilot_72e6b49d1a80
2024-06-03T13:00,36.0,50.0,931.0,796.0,135.0,0.32,100720.0,23.8,2.98,0.74,37.4,0.154,0,1,0,1.0,37.93407724613611,65.59810268026483,0.030162221107634318,35.373708212147186,0.32914698315994445,86677.624,2.2709309227905603,791.35,0.003952440776584069,3.697330855367433e-05,1.0,0.0,0.0,1.1279254174624902,scenario_007_low_soil_thermal_capacity_june2024,smartgarden_pa1_pilot_72e6b49d1a80
2024-06-03T14:00,35.5,54.0,757.0,594.0,163.0,0.8,100580.0,24.7,2.68,0.61,37.3,0.153,0,1,0,1.0,37.562059179486866,64.0121542163712,0.028880311471372926,35.98186229603956,0.3230831843685793,72350.7312,2.328225787483639,643.4499999999999,0.004394387874075838,3.035218547249018e-05,1.0,0.0,0.0,1.1277062071863444,scenario_007_low_soil_thermal_capacity_june2024,smartgarden_pa1_pilot_72e6b49d1a80
2024-06-03T15:00,34.7,56.0,570.0,403.0,167.0,1.08,100620.0,24.5,2.44,0.46,36.6,0.154,0,1,0,1.0,36.491434898605476,63.130581834197706,0.02696233464764869,36.41086921733181,0.31826691215851954,56035.4608,2.2501670638358893,484.5,0.004580814525323066,2.315260023830153e-05,1.0,0.0,0.0,1.1320554254784794,scenario_007_low_soil_thermal_capacity_june2024,smartgarden_pa1_pilot_72e6b49d1a80
2024-06-03T16:00,33.0,64.0,347.0,220.0,127.0,1.06,100620.0,25.4,1.78,0.28,35.4,0.158,0,1,0,1.0,34.674217806274385,66.97627282581229,0.026035180162644986,36.63039731075757,0.3148879898753042,35004.1648,1.8236445337937317,294.95,0.0045003106973438255,1.4366936720276237e-05,1.0,0.0,0.0,1.1387384294451792,scenario_007_low_soil_thermal_capacity_june2024,smartgarden_pa1_pilot_72e6b49d1a80
2024-06-03T17:00,32.6,66.0,150.0,87.0,63.0,0.82,100610.0,25.4,1.66,0.13,34.2,0.158,0,1,0,1.0,33.36836413168028,68.74021186547256,0.024953108156847505,36.63567579264492,0.3129956481289066,15416.491199999999,1.605195809651617,127.5,0.0036360084561970676,6.70061748579097e-06,1.0,0.0,0.0,1.1434761182626796,scenario_007_low_soil_thermal_capacity_june2024,smartgarden_pa1_pilot_72e6b49d1a80
2024-06-03T18:00,32.1,70.0,65.0,43.0,22.0,1.04,100630.0,25.8,1.45,0.06,33.3,0.158,1,0,0,1.0,32.57631213016004,71.86202151805902,0.025017176555644144,36.50884328653207,0.3120920496425714,6494.0127999999995,1.3820898568721325,55.25,0.0023794998533863574,3.3155039141232796e-06,1.0,0.0,0.0,1.146666444977248,scenario_007_low_soil_thermal_capacity_june2024,smartgarden_pa1_pilot_72e6b49d1a80
2024-06-03T19:00,31.4,75.0,0.0,0.0,0.0,1.04,100720.0,26.5,1.13,0.03,32.4,0.158,0,0,0,1.0,31.791589923462798,74.50030164729124,0.024876026356160208,36.30923126819592,0.32006317960784064,0.0,1.1982470977676511,0.0,0.0023215798030021707,7.189482586605906e-07,1.0,0.0,0.0,1.1506453999333077,scenario_007_low_soil_thermal_capacity_june2024,smartgarden_pa1_pilot_72e6b49d1a80
2024-06-03T20:00,31.1,79.0,0.0,0.0,0.0,1.12,100810.0,26.9,0.96,0.01,31.9,0.157,0,0,0,1.0,31.287903844376427,78.69251667108834,0.02557824535203315,36.072130489819564,0.3199462218571972,0.0,0.9730606266169786,0.0,0.002320261138088687,5.838363759701871e-07,1.0,0.0,0.0,1.153578997511401,scenario_007_low_soil_thermal_capacity_june2024,smartgarden_pa1_pilot_72e6b49d1a80
2024-06-03T21:00,30.7,82.0,0.0,0.0,0.0,1.0,100890.0,27.3,0.8,0.0,31.4,0.157,0,0,0,1.0,30.914825321708165,81.64131602906612,0.02601132737066981,35.831670312675776,0.319849604640905,0.0,0.8207898036090682,0.0,0.0021225105653830357,4.924738821654408e-07,1.0,0.0,0.0,1.1559109760246065,scenario_007_low_soil_thermal_capacity_june2024,smartgarden_pa1_pilot_72e6b49d1a80
2024-06-03T22:00,30.2,86.0,0.0,0.0,0.0,1.1,100900.0,27.6,0.61,0.0,30.9,0.157,0,0,0,1.0,30.465068500074512,85.14350361761615,0.026478963988222873,35.58765605168368,0.31977011676221684,0.0,0.6473824182145189,0.0,0.002338626160948589,3.8842945092871134e-07,1.0,0.0,0.0,1.157738013087675,scenario_007_low_soil_thermal_capacity_june2024,smartgarden_pa1_pilot_72e6b49d1a80
2024-06-03T23:00,29.5,91.0,0.0,0.0,0.0,1.32,100890.0,27.9,0.36,0.0,30.2,0.157,0,0,0,1.0,29.857140082108906,89.44338350820011,0.026917999249323702,35.33642769348871,0.3197109202277831,0.0,0.4442668098758187,0.0,0.0027924041979442153,2.665600859254912e-07,1.0,0.0,0.0,1.1599458313659714,scenario_007_low_soil_thermal_capacity_june2024,smartgarden_pa1_pilot_72e6b49d1a80
2024-06-04T00:00,29.3,90.0,0.0,0.0,0.0,1.4,100870.0,27.5,0.4,0.0,29.7,0.157,0,0,0,1.0,29.47489698575521,89.64052565746859,0.02642418371571222,35.077660573568856,0.3196652539383774,0.0,0.4264923686836779,0.0,0.0028333008171748863,2.558954212102067e-07,1.0,0.0,0.0,1.161180716589003,scenario_007_low_soil_thermal_capacity_june2024,smartgarden_pa1_pilot_72e6b49d1a80
2024-06-04T01:00,29.1,90.0,0.0,0.0,0.0,1.43,100790.0,27.2,0.42,0.0,29.2,0.157,0,0,0,1.0,29.25589236765165,89.6326008571625,0.026109355569375686,34.82063223385296,0.3196193793619256,0.0,0.42146540058702797,0.0,0.0028789493780340095,2.5287924035221676e-07,1.0,0.0,0.0,1.1611000529765239,scenario_007_low_soil_thermal_capacity_june2024,smartgarden_pa1_pilot_72e6b49d1a80
2024-06-04T02:00,28.5,88.0,0.0,0.0,0.0,1.33,100750.0,26.4,0.45,0.0,28.7,0.157,0,0,0,1.0,28.810628064366217,87.35229563793844,0.02483545537673225,34.56422258122836,0.31956947855927104,0.0,0.5011082300850784,0.0,0.0027837348144878708,3.0066493805104704e-07,1.0,0.0,0.0,1.1623507056295024,scenario_007_low_soil_thermal_capacity_june2024,smartgarden_pa1_pilot_72e6b49d1a80
2024-06-04T03:00,28.1,91.0,0.0,0.0,0.0,1.41,100730.0,26.4,0.36,0.0,28.4,0.157,0,0,0,1.0,28.352249099825638,89.95758609134458,0.02494335659817911,34.30217145594706,0.3195208889898538,0.0,0.38745162017938917,0.0,0.002896843308999329,2.3247097210763348e-07,1.0,0.0,0.0,1.1638867566589304,scenario_007_low_soil_thermal_capacity_june2024,smartgarden_pa1_pilot_72e6b49d1a80
2024-06-04T04:00,27.8,92.0,0.0,0.0,0.0,1.4,100720.0,26.3,0.31,0.0,28.1,0.157,0,0,0,1.0,28.011296117345996,91.24448460399807,0.02483162797280488,34.03785905624554,0.3194824904546401,0.0,0.3311701231735542,0.0,0.002854920578927954,1.987020739041325e-07,1.0,0.0,0.0,1.165088748844616,scenario_007_low_soil_thermal_capacity_june2024,smartgarden_pa1_pilot_72e6b49d1a80
2024-06-04T05:00,27.8,91.0,0.0,0.0,0.0,1.2,100840.0,26.3,0.33,0.0,27.8,0.157,0,0,0,1.0,27.8900203420514,90.96466416459018,0.024591122546118473,33.77643197211412,0.3194468003249052,0.0,0.3393484525648476,0.0,0.0024026974152725556,2.036090715389085e-07,1.0,0.0,0.0,1.1669467831262914,scenario_007_low_soil_thermal_capacity_june2024,smartgarden_pa1_pilot_72e6b49d1a80
2024-06-04T06:00,27.8,92.0,26.0,14.0,12.0,1.41,100860.0,26.5,0.28,0.01,28.0,0.157,1,0,0,1.0,27.915383603050184,92.74050771657306,0.02510616330101418,33.53400438395134,0.31932393169741663,2710.1888,0.2730547003337307,22.099999999999998,0.0028179518879774997,1.1583328202002382e-06,1.0,0.0,0.0,1.1670798993831757,scenario_007_low_soil_thermal_capacity_june2024,smartgarden_pa1_pilot_72e6b49d1a80
2024-06-04T07:00,30.5,76.0,199.0,144.0,55.0,1.02,100870.0,25.8,1.04,0.14,30.5,0.157,0,0,0,1.0,29.819290233919528,88.74019224957976,0.026651716639041183,33.397847587980685,0.3268469242174625,19447.032000000003,0.47283118509358646,169.15,0.0024880355239948805,7.895448711056152e-06,1.0,0.0,0.0,1.1598607715926534,scenario_007_low_soil_thermal_capacity_june2024,smartgarden_pa1_pilot_72e6b49d1a80
2024-06-04T08:00,32.3,63.0,427.0,348.0,79.0,0.58,100910.0,24.4,1.78,0.32,32.0,0.156,0,0,0,1.0,32.33565222029181,96.17104803909803,0.03305513981318304,33.49034528994534,0.32464329237024686,40355.4096,0.1855398025261792,362.95,0.0011811915474048682,1.6444073881515706e-05,1.0,0.0,0.0,1.1507628614637466,scenario_007_low_soil_thermal_capacity_june2024,smartgarden_pa1_pilot_72e6b49d1a80
2024-06-04T09:00,33.6,58.0,638.0,545.0,93.0,0.5,100910.0,24.2,2.19,0.49,33.8,0.155,0,1,0,1.0,34.35842767052878,75.87842123506917,0.029013258588936705,33.810155185762625,0.32091000683309245,59415.9632,1.3089187224569985,542.3,0.0032336664301769224,2.5188851233474194e-05,1.0,0.0,0.0,1.1431931994455489,scenario_007_low_soil_thermal_capacity_june2024,smartgarden_pa1_pilot_72e6b49d1a80
2024-06-04T10:00,34.7,54.0,812.0,710.0,102.0,0.81,100880.0,24.1,2.54,0.64,35.3,0.153,0,1,0,1.0,35.96644184090386,70.09954329175994,0.029139428232949603,34.3118079164683,0.31575167912462937,75044.60479999999,1.7731173132022056,690.1999999999999,0.003951872354703454,3.212287038792132e-05,1.0,0.0,0.0,1.136908246559261,scenario_007_low_soil_thermal_capacity_june2024,smartgarden_pa1_pilot_72e6b49d1a80
2024-06-04T11:00,35.5,52.0,925.0,818.0,107.0,0.91,100820.0,24.1,2.77,0.73,36.5,0.152,0,1,0,1.0,37.19656367421572,66.50401110579627,0.029449403569279005,34.94105325984611,0.30957910160977503,85164.5168,2.124418691198912,786.25,0.004318896648200915,3.6108122126799844e-05,0.9850561827763891,0.0,0.0,1.1317283648945273,scenario_007_low_soil_thermal_capacity_june2024,smartgarden_pa1_pilot_72e6b49d1a80
2024-06-04T12:00,36.0,51.0,971.0,854.0,117.0,0.95,100750.0,24.2,2.92,0.77,37.3,0.15,0,1,0,1.0,38.05129971442761,63.257321716434056,0.029259854094832824,35.6348164703189,0.3030431936898459,89564.3408,2.440873507135178,825.35,0.004549020026163009,3.6470829890068424e-05,0.9447110721595425,0.0,0.0,1.1278363857253253,scenario_007_low_soil_thermal_capacity_june2024,smartgarden_pa1_pilot_72e6b49d1a80
2024-06-04T13:00,36.0,52.0,945.0,833.0,112.0,0.95,100670.0,24.4,2.87,0.75,37.7,0.148,0,1,0,1.0,38.33665039548698,61.66824264377973,0.02894119639296709,36.32611576522511,0.29668906097757,87100.4288,2.5859777393163004,803.25,0.004689098696152527,3.4134939865024765e-05,0.9054880307257406,0.0,0.0,1.1259084508647883,scenario_007_low_soil_thermal_capacity_june2024,smartgarden_pa1_pilot_72e6b49d1a80
2024-06-04T14:00,36.1,51.0,827.0,693.0,134.0,1.48,100590.0,24.4,2.91,0.67,37.7,0.147,0,1,0,1.0,38.26180930503475,57.599439878028925,0.026929222571365718,36.94008708057235,0.2910121596714132,77490.4416,2.848944130457934,702.9499999999999,0.005291725214860791,2.9022492917390963e-05,0.8704454300704518,0.0,0.0,1.1252840915146374,scenario_007_low_soil_thermal_capacity_june2024,smartgarden_pa1_pilot_72e6b49d1a80
2024-06-04T15:00,35.3,54.0,617.0,439.0,178.0,1.87,100570.0,24.4,2.65,0.51,37.2,0.146,0,1,0,1.0,37.369881317845184,56.8098525324104,0.0253805616988315,37.39845472027899,0.28649203165046655,60558.4672,2.7651797710155206,524.4499999999999,0.005852693581827419,2.1282105387985997e-05,0.8425434052497935,0.0,0.0,1.1282919443388186,scenario_007_low_soil_thermal_capacity_june2024,smartgarden_pa1_pilot_72e6b49d1a80
2024-06-04T16:00,32.7,64.0,276.0,103.0,173.0,2.19,100640.0,25.1,1.77,0.25,35.6,0.15,0,1,0,1.0,34.71883353579255,61.649544587887725,0.024020380278379064,37.58633233155438,0.28370466155361723,30374.555199999995,2.123038955321414,234.6,0.006364626897691568,9.76442120378626e-06,0.8253374169976373,0.0,0.0,1.1387997173215714,scenario_007_low_soil_thermal_capacity_june2024,smartgarden_pa1_pilot_72e6b49d1a80
2024-06-04T17:00,32.3,67.0,175.0,96.0,79.0,0.57,100660.0,25.5,1.57,0.14,34.4,0.15,0,1,0,1.0,33.17814767688003,68.89394105110526,0.024759395305866076,37.53020224534412,0.2822703934716674,18179.4096,1.5803839321283806,148.75,0.003410298514049564,6.239554006323003e-06,0.8164839103189344,0.0,0.0,1.1447547916665834,scenario_007_low_soil_thermal_capacity_june2024,smartgarden_pa1_pilot_72e6b49d1a80
2024-06-04T18:00,31.9,69.0,64.0,33.0,31.0,0.41,100610.0,25.5,1.46,0.05,33.5,0.15,1,1,0,1.0,32.43276993924923,69.95593184044522,0.024168949885669665,37.369528061434394,0.2814678398490377,6722.6544,1.4638364007350195,54.4,0.00292931631006134,2.6993933188188785e-06,0.811529875611344,0.0,0.0,1.1469770670093737,scenario_007_low_soil_thermal_capacity_june2024,smartgarden_pa1_pilot_72e6b49d1a80
2024-06-04T19:00,31.3,74.0,0.0,0.0,0.0,0.94,100760.0,26.0,1.21,0.03,32.6,0.15,0,0,0,1.0,31.684960670537375,73.52185745744968,0.02441009081281026,37.12937672754898,0.28948746454576674,0.0,1.236735762258728,0.0,0.00214840855842982,6.389227251501708e-07,0.8610337317639922,0.0,0.0,1.1515050159181348,scenario_007_low_soil_thermal_capacity_june2024,smartgarden_pa1_pilot_72e6b49d1a80
2024-06-04T20:00,30.9,77.0,0.0,0.0,0.0,0.92,100750.0,26.5,1.02,0.0,32.0,0.15,0,0,0,1.0,31.144278417353764,76.67734334322448,0.024732266016740195,36.85442592860559,0.28938109340930407,0.0,1.0564291165691273,0.0,0.002004172209489351,5.4535646435863e-07,0.8603771198105189,0.0,0.0,1.153436571099614,scenario_007_low_soil_thermal_capacity_june2024,smartgarden_pa1_pilot_72e6b49d1a80
2024-06-04T21:00,30.6,80.0,0.0,0.0,0.0,1.08,100780.0,26.9,0.86,0.0,31.5,0.15,0,0,0,1.0,30.794969822708186,79.63858738595944,0.025210454540292707,36.57669081637685,0.28929020981177966,0.0,0.9041317043352155,0.0,0.002252355293801088,4.6643220294197816e-07,0.8598161099492572,0.0,0.0,1.155106007238405,scenario_007_low_soil_thermal_capacity_june2024,smartgarden_pa1_pilot_72e6b49d1a80
2024-06-04T22:00,30.4,82.0,0.0,0.0,0.0,1.06,100830.0,27.1,0.77,0.0,31.2,0.15,0,0,0,1.0,30.553325609597156,81.79963305886866,0.025560229436909474,36.30073597225543,0.2892115188140737,0.0,0.7971036343207478,0.0,0.002185065718620522,4.109852132815159e-07,0.8593303630498377,0.0,0.0,1.1565986163930988,scenario_007_low_soil_thermal_capacity_june2024,smartgarden_pa1_pilot_72e6b49d1a80
2024-06-04T23:00,30.2,84.0,0.0,0.0,0.0,1.03,100850.0,27.2,0.68,0.0,30.9,0.15,0,0,0,1.0,30.351167011791368,83.74048970801391,0.025883277274577263,36.02910553679759,0.28914191577911863,0.0,0.7039199930905848,0.0,0.0021282286965220616,3.6275843108832555e-07,0.8589007146859174,0.0,0.0,1.1575985816659742,scenario_007_low_soil_thermal_capacity_june2024,smartgarden_pa1_pilot_72e6b49d1a80
2024-06-05T00:00,30.0,85.0,0.0,0.0,0.0,0.89,100830.0,27.2,0.62,0.0,30.7,0.15,0,0,0,1.0,30.15290075305891,84.86701043260757,0.025952364351212617,35.7621292370182,0.2890794125905337,0.0,0.6477553786831423,0.0,0.0018743674422902886,3.336645835911487e-07,0.8585148925341587,0.0,0.0,1.1581255745392018,scenario_007_low_soil_thermal_capacity_june2024,smartgarden_pa1_pilot_72e6b49d1a80
2024-06-05T01:00,29.8,86.0,0.0,0.0,0.0,0.81,100770.0,27.2,0.59,0.0,30.5,0.149,0,0,0,1.0,29.954497211481424,85.86121559517935,0.025976400021000073,35.49965383396566,0.2890216683974906,0.0,0.598353848156794,0.0,0.0017325354076441308,3.08089445417838e-07,0.8581584468980902,0.0,0.0,1.1581940439860317,scenario_007_low_soil_thermal_capacity_june2024,smartgarden_pa1_pilot_72e6b49d1a80
2024-06-05T02:00,29.6,89.0,0.0,0.0,0.0,0.81,100750.0,27.6,0.45,0.0,30.3,0.149,0,0,0,1.0,29.75677520653767,88.43472641464626,0.026470219869823605,35.24149280942427,0.28897116774470294,0.0,0.4839174864303004,0.0,0.0017347876187361996,2.490762154862973e-07,0.8578467144734749,0.0,0.0,1.158720034781739,scenario_007_low_soil_thermal_capacity_june2024,smartgarden_pa1_pilot_72e6b49d1a80
2024-06-05T03:00,29.5,89.0,0.0,0.0,0.0,0.85,100720.0,27.5,0.46,0.0,30.2,0.149,0,0,0,1.0,29.617358926620014,88.95909136055913,0.026426762268175252,34.98824953316424,0.288928151549482,0.0,0.4582887470509873,0.0,0.0017699588047140398,2.358118833471177e-07,0.8575811824042098,0.0,0.0,1.1589084072263625,scenario_007_low_soil_thermal_capacity_june2024,smartgarden_pa1_pilot_72e6b49d1a80
2024-06-05T04:00,29.4,89.0,0.0,0.0,0.0,0.95,100730.0,27.4,0.44,0.0,30.1,0.149,0,0,0,1.0,29.510893364559934,88.94577226377072,0.02627065663509162,34.741637259829055,0.28888583406494,0.0,0.45603905859722094,0.0,0.0019483575420966197,2.3458283340542619e-07,0.8573199633638272,0.0,0.0,1.1594311737112557,scenario_007_low_soil_thermal_capacity_june2024,smartgarden_pa1_pilot_72e6b49d1a80
2024-06-05T05:00,29.2,89.0,0.0,0.0,0.0,1.02,100760.0,27.3,0.43,0.0,29.9,0.149,0,0,0,1.0,29.348174682855515,88.79367701275594,0.025995040893726177,34.501033511455724,0.28884347020015594,0.0,0.45800061736048603,0.0,0.0021078927263565865,2.355199817338654e-07,0.857058458025654,0.0,0.0,1.1604003449189262,scenario_007_low_soil_thermal_capacity_june2024,smartgarden_pa1_pilot_72e6b49d1a80
2024-06-05T06:00,29.2,89.0,25.0,13.0,12.0,1.17,100760.0,27.2,0.43,0.02,29.9,0.149,1,0,0,1.0,29.315051234306686,89.82578817386174,0.026249909243430434,34.275251361090554,0.2887294104805557,2622.1888,0.4150251842377499,21.25,0.0023629406616851164,1.0321340633232325e-06,0.8563543856824427,0.0,0.0,1.1605274222819608,scenario_007_low_soil_thermal_capacity_june2024,smartgarden_pa1_pilot_72e6b49d1a80
2024-06-05T07:00,30.2,83.0,185.0,123.0,62.0,0.98,100870.0,26.9,0.74,0.13,30.9,0.149,0,0,0,1.0,30.19639258565364,92.82311588241947,0.02845207022553087,34.13608853943734,0.29637311693506585,18461.308800000003,0.30796701468512744,157.25,0.001914091533748578,6.560614961872525e-06,0.9035377588584311,0.0,0.0,1.1584189010600139,scenario_007_low_soil_thermal_capacity_june2024,smartgarden_pa1_pilot_72e6b49d1a80
2024-06-05T08:00,32.0,69.0,414.0,327.0,87.0,0.64,100910.0,25.6,1.47,0.31,32.3,0.148,0,0,0,1.0,32.175097739774806,95.16582243857887,0.032431809211717615,34.18841253971538,0.2944961837238399,39492.8688,0.23213839620027255,351.9,0.0014586874003992055,1.4248735708437615e-05,0.8919517513817278,0.0,0.0,1.1513679873927591,scenario_007_low_soil_thermal_capacity_june2024,smartgarden_pa1_pilot_72e6b49d1a80
2024-06-05T09:00,33.4,62.0,624.0,526.0,98.0,0.64,100870.0,25.0,1.96,0.48,34.0,0.147,0,1,0,1.0,34.257142114974464,75.51518151371226,0.028721817679041535,34.46459334166072,0.29127121652619675,58359.875199999995,1.3211745463155609,530.4,0.0034698059830113323,2.150523306967982e-05,0.8720445464580047,0.0,0.0,1.143116559758274,scenario_007_low_soil_thermal_capacity_june2024,smartgarden_pa1_pilot_72e6b49d1a80
2024-06-05T10:00,34.5,57.0,795.0,683.0,112.0,0.63,100840.0,24.7,2.37,0.62,35.5,0.146,0,1,0,1.0,35.988466349256775,69.17027709411774,0.02878586645246391,34.92692789213094,0.2869306054080468,73900.4288,1.830434385173053,675.75,0.0038983037322539646,2.6631321236511204e-05,0.8452506506669557,0.0,0.0,1.1363764835837125,scenario_007_low_soil_thermal_capacity_june2024,smartgarden_pa1_pilot_72e6b49d1a80
2024-06-05T11:00,35.4,54.0,905.0,782.0,123.0,1.03,100800.0,24.7,2.63,0.72,36.7,0.145,0,1,0,1.0,37.35904377714741,63.17582183689877,0.02820901639615122,35.52063118256124,0.28188755203247323,83967.43519999999,2.3562212328700793,769.25,0.004599482682274529,2.9332754464902492e-05,0.8141206915584768,0.0,0.0,1.1309117780057554,scenario_007_low_soil_thermal_capacity_june2024,smartgarden_pa1_pilot_72e6b49d1a80
2024-06-05T12:00,35.5,54.0,831.0,696.0,135.0,1.62,100740.0,24.8,2.64,0.67,37.2,0.143,0,1,0,1.0,37.76166413256691,58.57011420701567,0.02669534542502669,36.13347906792376,0.2768930982375308,77877.624,2.7094549268214485,706.35,0.0055377313602211035,2.617085787298261e-05,0.7832907298613011,0.0,0.0,1.128774994484987,scenario_007_low_soil_thermal_capacity_june2024,smartgarden_pa1_pilot_72e6b49d1a80
2024-06-05T13:00,35.1,56.0,805.0,547.0,258.0,1.48,100700.0,24.9,2.5,0.65,37.3,0.142,0,1,0,1.0,37.51671078205604,59.485972987152685,0.026776196087228643,36.68603943145036,0.2723389701233706,79917.0592,2.6146053664250246,684.25,0.005396954337309888,2.4437596854911855e-05,0.7551788279220408,0.0,0.0,1.1292164601025203,scenario_007_low_soil_thermal_capacity_june2024,smartgarden_pa1_pilot_72e6b49d1a80
2024-06-05T14:00,35.2,54.0,550.0,255.0,295.0,1.24,100620.0,24.6,2.59,0.46,37.1,0.141,0,1,0,1.0,37.02579376894067,57.22821732737008,0.025121272343548634,37.1032166958315,0.2686568019520355,58778.808000000005,2.687623149539921,467.5,0.004809433064217173,1.6590032911925588e-05,0.7324493947656513,0.0,0.0,1.1301051641413031,scenario_007_low_soil_thermal_capacity_june2024,smartgarden_pa1_pilot_72e6b49d1a80
2024-06-05T15:00,34.0,59.0,452.0,267.0,185.0,1.0,100640.0,24.9,2.16,0.37,36.5,0.144,0,1,0,1.0,35.91716840659287,60.489628008748824,0.025080799458559414,37.35364747883857,0.2659607645206759,46284.744000000006,2.3366634163244697,384.2,0.004546558558329713,1.3379150762399094e-05,0.715807188399234,0.0,0.0,1.1343842906712431,scenario_007_low_soil_thermal_capacity_june2024,smartgarden_pa1_pilot_72e6b49d1a80
2024-06-05T16:00,31.1,80.0,284.0,151.0,133.0,1.0,100700.0,27.2,0.92,0.22,35.0,0.157,0,1,0,1.0,33.31555065343711,75.63124907108245,0.027378307022422475,37.44034320046267,0.2640227820491067,29671.259199999997,1.2476476533344094,241.4,0.004704218572918006,8.172750834997426e-06,0.7038443336364609,0.0,0.0,1.1446962396687648,scenario_007_low_soil_thermal_capacity_june2024,smartgarden_pa1_pilot_72e6b49d1a80
2024-06-05T17:00,30.7,80.0,153.0,74.0,79.0,1.63,100770.0,26.9,0.87,0.13,33.6,0.172,0,1,0,1.0,31.639811446271285,78.9988314646008,0.026165383567465936,37.33708214066997,0.26288949870140643,16243.409599999999,0.9784126273663118,130.04999999999998,0.005017818738262228,4.4872165147605614e-06,0.6968487574160891,0.0,0.0,1.1517898899242,scenario_007_low_soil_thermal_capacity_june2024,smartgarden_pa1_pilot_72e6b49d1a80
2024-06-05T18:00,30.0,83.0,44.0,18.0,26.0,1.66,100810.0,26.7,0.74,0.05,32.3,0.178,1,1,0,1.0,30.62486728674671,81.33508002690883,0.025513103077097067,37.11423671388366,0.26235040366350293,4786.7424,0.8207956813669055,37.4,0.004927776361503688,1.508739290381324e-06,0.6935210102685366,0.0,0.0,1.1560968656098896,scenario_007_low_soil_thermal_capacity_june2024,smartgarden_pa1_pilot_72e6b49d1a80
2024-06-05T19:00,29.7,81.0,0.0,0.0,0.0,1.51,100900.0,26.0,0.81,0.03,31.3,0.178,0,0,0,1.0,29.985544402455158,80.5329643232606,0.02440533071593052,36.817975883365406,0.2705065689559601,0.0,0.8253143662776368,0.0,0.0030994788670098763,3.683548244080761e-07,0.743867709604692,0.0,0.0,1.1595694158586691,scenario_007_low_soil_thermal_capacity_june2024,smartgarden_pa1_pilot_72e6b49d1a80
2024-06-05T20:00,29.6,80.0,0.0,0.0,0.0,1.4,100990.0,25.8,0.83,0.01,30.9,0.178,0,0,0,1.0,29.73731285561167,79.9803523007616,0.023914439196567872,36.50438576366256,0.27043993819689455,0.0,0.8367314757783184,0.0,0.0028113528814251343,3.732440267782853e-07,0.7434564086228058,0.0,0.0,1.1615548933340634,scenario_007_low_soil_thermal_capacity_june2024,smartgarden_pa1_pilot_72e6b49d1a80
2024-06-05T21:00,29.5,81.0,0.0,0.0,0.0,1.17,101070.0,25.8,0.8,0.0,30.5,0.179,0,0,0,1.0,29.62199536183697,80.90021276004833,0.02403878186013122,36.1985726574436,0.27037432919799687,0.0,0.7930101217347625,0.0,0.002367680661713834,3.5354837574460694e-07,0.7430514148024498,0.0,0.0,1.162917782559624,scenario_007_low_soil_thermal_capacity_june2024,smartgarden_pa1_pilot_72e6b49d1a80
2024-06-05T22:00,29.3,81.0,0.0,0.0,0.0,1.12,101060.0,25.7,0.77,0.0,30.2,0.179,0,0,0,1.0,29.459183920136713,80.91803723403017,0.023832636837031487,35.901147304384246,0.2703111188430073,0.0,0.7848806261062955,0.0,0.002300640163517666,3.4974024550017957e-07,0.742661227425971,0.0,0.0,1.1634283393853244,scenario_007_low_soil_thermal_capacity_june2024,smartgarden_pa1_pilot_72e6b49d1a80
2024-06-05T23:00,28.6,86.0,0.0,0.0,0.0,1.32,101060.0,26.1,0.54,0.0,29.9,0.179,0,0,0,1.0,28.962259569029126,84.51187130570312,0.02422737309582382,35.60600444772617,0.270253913981251,0.0,0.6190526859934318,0.0,0.0027960406914196803,2.757166979678389e-07,0.7423081109953764,0.0,0.0,1.1653419852381404,scenario_007_low_soil_thermal_capacity_june2024,smartgarden_pa1_pilot_72e6b49d1a80
2024-06-06T00:00,28.1,89.0,0.0,0.0,0.0,1.24,101030.0,26.1,0.42,0.0,29.5,0.178,0,0,0,1.0,28.412067191713522,87.73057896362023,0.024405641245513865,35.304220469297725,0.27021041619820535,0.0,0.47501980231464813,0.0,0.0026221668001800303,2.1149010421715956e-07,0.7420396061617615,0.0,0.0,1.1671215554376662,scenario_007_low_soil_thermal_capacity_june2024,smartgarden_pa1_pilot_72e6b49d1a80
2024-06-06T01:00,27.9,90.0,0.0,0.0,0.0,1.17,100930.0,26.2,0.37,0.0,29.2,0.178,0,0,0,1.0,28.093606787045466,89.32208045513451,0.02441851780532973,35.00020831807537,0.2701755541434753,0.0,0.4058230003023269,0.0,0.0024175051788623884,1.8062964424259217e-07,0.7418244082930576,0.0,0.0,1.1671989367942903,scenario_007_low_soil_thermal_capacity_june2024,smartgarden_pa1_pilot_72e6b49d1a80
2024-06-06T02:00,27.7,92.0,0.0,0.0,0.0,1.17,100860.0,26.3,0.3,0.0,28.8,0.178,0,0,0,1.0,27.882449636958686,91.2043924272149,0.024645674268439638,34.70067072985707,0.2701459979634405,0.0,0.3301990445526286,0.0,0.0024099635660434055,1.4693368049759307e-07,0.7416419627372872,0.0,0.0,1.1672075818635153,scenario_007_low_soil_thermal_capacity_june2024,smartgarden_pa1_pilot_72e6b49d1a80
2024-06-06T03:00,27.5,92.0,0.0,0.0,0.0,1.12,100840.0,26.1,0.28,0.0,28.5,0.178,0,0,0,1.0,27.681281161221957,91.4288737280998,0.024434490367222454,34.40679173824944,0.27012028637419416,0.0,0.3180185897029424,0.0,0.002317127267850379,1.4148327432383257e-07,0.7414832492234208,0.0,0.0,1.1677564978429298,scenario_007_low_soil_thermal_capacity_june2024,smartgarden_pa1_pilot_72e6b49d1a80
2024-06-06T04:00,27.5,92.0,0.0,0.0,0.0,1.02,100860.0,26.1,0.3,0.0,28.3,0.178,0,0,0,1.0,27.60054837721015,91.73571114689535,0.024407757124749636,34.12000037894407,0.2700954268297564,0.0,0.30519194187859444,0.0,0.002070886697234243,1.3574872787004447e-07,0.7413297952454099,0.0,0.0,1.1683016356881577,scenario_007_low_soil_thermal_capacity_june2024,smartgarden_pa1_pilot_72e6b49d1a80
2024-06-06T05:00,27.9,91.0,0.0,0.0,0.0,1.1,100920.0,26.2,0.35,0.0,28.2,0.178,0,0,0,1.0,27.82709161279398,91.48131477294581,0.02464539813109746,33.84708504252067,0.27007078001930607,0.0,0.31877272735767503,0.0,0.0022004331562299616,1.417603334174727e-07,0.7411776544401609,0.0,0.0,1.1681167444924054,scenario_007_low_soil_thermal_capacity_june2024,smartgarden_pa1_pilot_72e6b49d1a80
2024-06-06T06:00,28.1,91.0,21.0,8.0,13.0,1.2,100950.0,26.4,0.36,0.02,28.4,0.178,1,0,0,1.0,28.121607384263925,91.82174770047136,0.025140455331269698,33.60277818135404,0.2699918137974083,2305.3712,0.31132786887744235,17.849999999999998,0.002355189709801778,7.333179125687641e-07,0.740690208625977,0.0,0.0,1.1673217230262654,scenario_007_low_soil_thermal_capacity_june2024,smartgarden_pa1_pilot_72e6b49d1a80
2024-06-06T07:00,29.3,87.0,167.0,87.0,80.0,1.1,100970.0,26.9,0.54,0.12,30.5,0.178,0,0,0,1.0,29.21306687683276,94.29833752811369,0.027404556078752404,33.447678480796306,0.27779114800368626,17510.592,0.2312174922491259,141.95,0.002210639199136475,5.148311326693681e-06,0.788834246936335,0.0,0.0,1.1633383988883519,scenario_007_low_soil_thermal_capacity_june2024,smartgarden_pa1_pilot_72e6b49d1a80
2024-06-06T08:00,30.1,80.0,359.0,210.0,149.0,0.85,101030.0,26.3,0.86,0.26,30.9,0.178,0,1,0,1.0,30.636110986403136,90.46735982566915,0.02839487707299606,33.463677090831375,0.2763497463283773,36834.177599999995,0.4194699906631447,305.15,0.0035107336799175782,1.0906191884520294e-05,0.7799367057307239,0.0,0.0,1.1585769598845934,scenario_007_low_soil_thermal_capacity_june2024,smartgarden_pa1_pilot_72e6b49d1a80
2024-06-06T09:00,32.0,65.0,551.0,405.0,146.0,0.92,101010.0,24.6,1.66,0.42,32.3,0.176,0,1,0,1.0,32.66190682465675,75.97217740931343,0.026568244782781,33.6693336300795,0.27387288071722393,53624.6304,1.1859020039624952,468.34999999999997,0.0037063830184873563,1.665959582878722e-05,0.7646474118347156,0.0,0.0,1.1506743419600691,scenario_007_low_soil_thermal_capacity_june2024,smartgarden_pa1_pilot_72e6b49d1a80
2024-06-06T10:00,33.6,56.0,779.0,643.0,136.0,0.61,100980.0,23.6,2.28,0.6,34.2,0.174,0,1,0,1.0,34.96209042249362,67.482733422237,0.026628431393622757,34.089111923639244,0.27030053289008227,73336.8064,1.8245148217920435,662.15,0.0037994790753885536,2.2939870164129755e-05,0.7425958820375449,0.0,0.0,1.1417448849783005,scenario_007_low_soil_thermal_capacity_june2024,smartgarden_pa1_pilot_72e6b49d1a80
2024-06-06T11:00,34.5,53.0,914.0,794.0,120.0,0.92,100920.0,23.5,2.57,0.71,35.6,0.172,0,1,0,1.0,36.64196972033684,60.72922434110559,0.026138251290988422,34.68760327117952,0.26588374452416474,84653.888,2.4165185621130374,776.9,0.004565989338504544,2.6045523347228068e-05,0.7153317563220046,0.0,0.0,1.1348789342051482,scenario_007_low_soil_thermal_capacity_june2024,smartgarden_pa1_pilot_72e6b49d1a80
2024-06-06T12:00,35.0,52.0,952.0,811.0,141.0,1.48,100830.0,23.6,2.7,0.76,36.5,0.169,0,1,0,1.0,37.549680790045336,56.3092233937574,0.02538894426170385,35.364526382202236,0.2611826670723755,88736.7184,2.8246678136697185,809.1999999999999,0.005449595656879887,2.6154556169406523e-05,0.6863127597060215,0.0,0.0,1.130554255160011,scenario_007_low_soil_thermal_capacity_june2024,smartgarden_pa1_pilot_72e6b49d1a80
2024-06-06T13:00,35.1,52.0,862.0,700.0,162.0,1.32,100730.0,23.7,2.72,0.69,36.8,0.167,0,1,0,1.0,37.738395593150344,54.969838315451824,0.025024707955787505,36.01277662553215,0.2567714588150754,81555.54879999999,2.9411981329063956,732.6999999999999,0.005270205858725038,2.2894054095740824e-05,0.6590830791054038,0.0,0.0,1.1287474212752522,scenario_007_low_soil_thermal_capacity_june2024,smartgarden_pa1_pilot_72e6b49d1a80
2024-06-06T14:00,34.5,55.0,726.0,441.0,285.0,1.0,100690.0,24.1,2.48,0.58,36.6,0.165,0,1,0,1.0,37.13614632672616,56.65548902407238,0.025010810840647407,36.547517447550284,0.25303168853339986,73914.984,2.7400215439095437,617.1,0.004889004365945457,1.8706937669755453e-05,0.6359980773666658,0.0,0.0,1.1304891643962056,scenario_007_low_soil_thermal_capacity_june2024,smartgarden_pa1_pilot_72e6b49d1a80
2024-06-06T15:00,34.3,56.0,551.0,389.0,162.0,0.8,100680.0,24.3,2.38,0.44,36.2,0.164,0,1,0,1.0,36.381840411281594,57.80181941281973,0.024547643899845296,36.9251787046614,0.25009685088230293,54187.5488,2.559994707328938,468.34999999999997,0.004409110066859622,1.3971386728827712e-05,0.6178817955697712,0.0,0.0,1.133131534003726,scenario_007_low_soil_thermal_capacity_june2024,smartgarden_pa1_pilot_72e6b49d1a80
2024-06-06T16:00,31.5,70.0,320.0,143.0,177.0,0.45,100690.0,25.4,1.38,0.25,34.9,0.172,0,1,0,1.0,33.933819426868205,66.50381815759518,0.024869581204734016,37.096955485823756,0.24811607738914868,34387.2848,1.7751940619235613,272.0,0.0043301862052929786,8.058307617404007e-06,0.6056547986984486,0.0,0.0,1.1422781146180068,scenario_007_low_soil_thermal_capacity_june2024,smartgarden_pa1_pilot_72e6b49d1a80
2024-06-06T17:00,30.4,76.0,152.0,65.0,87.0,0.71,100710.0,25.8,1.03,0.12,33.3,0.174,0,1,0,1.0,31.717870843436188,73.95707657732768,0.02459774167365676,37.03346034897397,0.2470427286256335,16436.8688,1.218676951385671,129.2,0.003881964152731633,3.9207695446593434e-06,0.5990291890471204,0.0,0.0,1.150809364026324,scenario_007_low_soil_thermal_capacity_june2024,smartgarden_pa1_pilot_72e6b49d1a80
2024-06-06T18:00,30.1,76.0,32.0,8.0,24.0,0.64,100820.0,25.4,1.03,0.04,32.3,0.174,1,1,0,1.0,30.621773070802295,75.31100744198514,0.023619546080538872,36.817376340232066,0.2465913846666416,3660.3776,1.0855143777642158,27.2,0.0031959760083701207,1.1181398575694162e-06,0.5962431152261828,0.0,0.0,1.1562233235403088,scenario_007_low_soil_thermal_capacity_june2024,smartgarden_pa1_pilot_72e6b49d1a80
2024-06-06T19:00,29.7,76.0,0.0,0.0,0.0,0.73,100910.0,25.1,0.99,0.02,31.4,0.173,0,0,0,1.0,30.015107691825932,75.93462798892021,0.02304862135975645,36.53043561413313,0.25478135113677997,0.0,1.0219945600117044,0.0,0.0017492623412419838,3.9661470686098276e-07,0.6467984638072838,0.0,0.0,1.1595712513278136,scenario_007_low_soil_thermal_capacity_june2024,smartgarden_pa1_pilot_72e6b49d1a80
2024-06-06T20:00,29.4,78.0,0.0,0.0,0.0,0.7,100970.0,25.1,0.91,0.0,30.9,0.173,0,0,0,1.0,29.62398825842192,77.6964392643075,0.023089303577683122,36.22770394303543,0.2547130354413299,0.0,0.9261347670787083,0.0,0.0016120995554696693,3.59179195142817e-07,0.6463767619835179,0.0,0.0,1.1617595293663145,scenario_007_low_soil_thermal_capacity_june2024,smartgarden_pa1_pilot_72e6b49d1a80
2024-06-06T21:00,28.8,86.0,0.0,0.0,0.0,0.85,101020.0,26.2,0.56,0.0,30.5,0.173,0,0,0,1.0,29.139628257766194,84.18636947917544,0.024368304766772996,35.924145884497044,0.25465753053994306,0.0,0.6385723001806172,0.0,0.0019658401601798164,2.475237037337579e-07,0.6460341391354509,0.0,0.0,1.164197242934556,scenario_007_low_soil_thermal_capacity_june2024,smartgarden_pa1_pilot_72e6b49d1a80
2024-06-06T22:00,28.9,85.0,0.0,0.0,0.0,0.89,101050.0,26.1,0.6,0.0,29.9,0.173,0,0,0,1.0,28.974990541168165,85.17218554460683,0.024433613065723097,35.62034185653078,0.2546160126570352,0.0,0.593096551185357,0.0,0.0018052089025428115,2.2980517150241193e-07,0.6457778559076247,0.0,0.0,1.1651775729111598,scenario_007_low_soil_thermal_capacity_june2024,smartgarden_pa1_pilot_72e6b49d1a80
2024-06-06T23:00,28.6,87.0,0.0,0.0,0.0,0.72,101010.0,26.3,0.49,0.0,29.5,0.173,0,0,0,1.0,28.80575907718732,86.38737213013157,0.024554590436864716,35.32584003852488,0.254576050658723,0.0,0.539187016957908,0.0,0.001627518797053936,2.0883721777746642e-07,0.6455311769056976,0.0,0.0,1.165369111436832,scenario_007_low_soil_thermal_capacity_june2024,smartgarden_pa1_pilot_72e6b49d1a80
2024-06-07T00:00,28.4,88.0,0.0,0.0,0.0,0.63,100950.0,26.2,0.48,0.0,29.2,0.173,0,0,0,1.0,28.581362141781344,87.58433808733076,0.024591608708559472,35.03614355817339,0.25454048801690105,0.0,0.4854254304238035,0.0,0.0014515214064030717,1.8795041256414318e-07,0.6453116544253151,0.0,0.0,1.1655430490697194,scenario_007_low_soil_thermal_capacity_june2024,smartgarden_pa1_pilot_72e6b49d1a80
2024-06-07T01:00,28.4,87.0,0.0,0.0,0.0,0.67,100840.0,26.0,0.51,0.0,28.9,0.173,0,0,0,1.0,28.49622990000105,87.2100447153297,0.02437280501914765,34.753040099101746,0.25450660869785896,0.0,0.4975968680732783,0.0,0.0014227331802974706,1.926005969667194e-07,0.6451025228262899,0.0,0.0,1.1646016044917558,scenario_007_low_soil_thermal_capacity_june2024,smartgarden_pa1_pilot_72e6b49d1a80
2024-06-07T02:00,28.6,85.0,0.0,0.0,0.0,0.67,100780.0,25.8,0.59,0.0,28.6,0.173,0,0,0,1.0,28.600197819106114,85.78072277335387,0.02411000304283299,34.48199141381764,0.2544701226521419,0.0,0.5565502143619314,0.0,0.0013067494585726576,2.1534395983876613e-07,0.6448773003218637,0.0,0.0,1.163507639927306,scenario_007_low_soil_thermal_capacity_june2024,smartgarden_pa1_pilot_72e6b49d1a80
2024-06-07T03:00,28.5,84.0,0.0,0.0,0.0,0.76,100740.0,25.6,0.61,0.0,28.5,0.173,0,0,0,1.0,28.604849845468816,84.30383126042058,0.023700924374554514,34.22511084351316,0.25442914684806056,0.0,0.6145222269095445,0.0,0.0015943158986960067,2.3768159953827414e-07,0.6446243632596331,0.0,0.0,1.1630279087354534,scenario_007_low_soil_thermal_capacity_june2024,smartgarden_pa1_pilot_72e6b49d1a80
2024-06-07T04:00,28.6,84.0,0.0,0.0,0.0,0.95,100710.0,25.6,0.63,0.0,28.3,0.173,0,0,0,1.0,28.631501284849797,84.25254728819912,0.02372102581303566,33.97841244591872,0.2543861589998296,0.0,0.6174830759182912,0.0,0.001880307293047309,2.3872846867596514e-07,0.6443590061717875,0.0,0.0,1.162578882614259,scenario_007_low_soil_thermal_capacity_june2024,smartgarden_pa1_pilot_72e6b49d1a80
2024-06-07T05:00,28.1,88.0,0.0,0.0,0.0,1.0,100740.0,25.9,0.46,0.0,28.1,0.173,0,0,0,1.0,28.362763948226206,86.88593869093873,0.024105526947730112,33.739597890400866,0.2543463477536819,0.0,0.5062694822583951,0.0,0.0021608100438514134,1.956569313067074e-07,0.6441132577387774,0.0,0.0,1.1639617088542862,scenario_007_low_soil_thermal_capacity_june2024,smartgarden_pa1_pilot_72e6b49d1a80
2024-06-07T06:00,28.4,87.0,24.0,8.0,16.0,1.14,100800.0,25.9,0.52,0.02,28.2,0.173,1,0,0,1.0,28.418792132132783,87.99489154843059,0.024488180987627475,33.51258071803753,0.2542602424922664,2674.9184,0.46496820418634544,20.4,0.0022368938871046586,7.703550693808505e-07,0.6435817437794223,0.0,0.0,1.1644385756965865,scenario_007_low_soil_thermal_capacity_june2024,smartgarden_pa1_pilot_72e6b49d1a80
2024-06-07T07:00,29.5,80.0,180.0,115.0,65.0,1.02,100850.0,25.7,0.82,0.13,30.1,0.172,0,0,0,1.0,29.497345422369712,87.63992024864577,0.02586594175242714,33.376680722472024,0.2620710648634859,18126.855999999996,0.5095140553737183,153.0,0.001991191357525476,4.974508340952394e-06,0.6917966966881847,0.0,0.0,1.1608643716220397,scenario_007_low_soil_thermal_capacity_june2024,smartgarden_pa1_pilot_72e6b49d1a80
2024-06-07T08:00,31.0,69.0,375.0,279.0,96.0,0.8,100890.0,24.7,1.39,0.28,31.2,0.172,0,0,0,1.0,31.362689377463262,83.62196450894719,0.027289500798992485,33.42091007881734,0.2607125669790626,36377.5104,0.7511283142864533,318.75,0.0019020966949132875,1.0110672770920459e-05,0.6834109072781641,0.0,0.0,1.1542109122969748,scenario_007_low_soil_thermal_capacity_june2024,smartgarden_pa1_pilot_72e6b49d1a80
2024-06-07T09:00,32.5,62.0,610.0,488.0,122.0,0.51,100860.0,24.2,1.88,0.46,33.0,0.17,0,1,0,1.0,33.518935557777894,71.40883541963039,0.026128134190022384,33.68318159824162,0.25833583270855576,57972.252799999995,1.4805728596967285,518.5,0.003460854680897107,1.619743995590702e-05,0.6687397080775047,0.0,0.0,1.1457546456869796,scenario_007_low_soil_thermal_capacity_june2024,smartgarden_pa1_pilot_72e6b49d1a80
2024-06-07T10:00,33.6,57.0,740.0,586.0,154.0,0.2,100820.0,23.9,2.23,0.57,34.4,0.168,0,1,0,1.0,35.3067965054097,64.82586613542907,0.026042442915622955,34.1306261931167,0.25514909922068024,70538.08959999999,2.0115130484244763,629.0,0.0037668029365317953,1.915525015128914e-05,0.6490685137079028,0.0,0.0,1.138661922955864,scenario_007_low_soil_thermal_capacity_june2024,smartgarden_pa1_pilot_72e6b49d1a80
2024-06-07T11:00,34.4,54.0,878.0,697.0,181.0,0.22,100750.0,23.9,2.48,0.68,35.7,0.166,0,1,0,1.0,36.69313220320423,60.25430686715089,0.02600209606078527,34.70594966122293,0.2514437795841067,83632.0144,2.4525841554325116,746.3,0.00413544315690809,2.195133836757992e-05,0.6261961702722635,0.0,0.0,1.1327801478354473,scenario_007_low_soil_thermal_capacity_june2024,smartgarden_pa1_pilot_72e6b49d1a80
2024-06-07T12:00,34.9,53.0,933.0,750.0,183.0,0.61,100690.0,24.0,2.61,0.73,36.5,0.164,0,1,0,1.0,37.61798765141677,56.969650579519325,0.025776392340241698,35.364277846450136,0.247442612149536,88542.3792,2.792295853327551,793.05,0.0045688241411693175,2.2473530997154697e-05,0.6014976058613334,0.0,0.0,1.1287363570989104,scenario_007_low_soil_thermal_capacity_june2024,smartgarden_pa1_pilot_72e6b49d1a80
2024-06-07T13:00,35.0,54.0,892.0,651.0,241.0,1.12,100590.0,24.2,2.61,0.71,36.8,0.162,0,1,0,1.0,37.88644099558195,55.382949796597906,0.025403598461290804,36.020137718269346,0.24355582712306365,86974.95839999999,2.9376698737358735,758.1999999999999,0.005130277842878354,2.0721808311869922e-05,0.5775051056979238,0.0,0.0,1.1266421188433131,scenario_007_low_soil_thermal_capacity_june2024,smartgarden_pa1_pilot_72e6b49d1a80
2024-06-07T14:00,34.5,55.0,742.0,464.0,278.0,1.02,100470.0,24.3,2.43,0.59,36.6,0.16,0,1,0,1.0,37.315946320704015,55.17882913142887,0.024584016597578875,36.576396465358926,0.24018716916688732,75076.7072,2.861206702955642,630.6999999999999,0.004991030210122235,1.6756010009102142e-05,0.556710920783255,0.0,0.0,1.1273658622854117,scenario_007_low_soil_thermal_capacity_june2024,smartgarden_pa1_pilot_72e6b49d1a80
2024-06-07T15:00,33.9,58.0,466.0,159.0,307.0,1.22,100510.0,24.5,2.22,0.38,35.9,0.159,0,1,0,1.0,36.06428058888274,56.9977960755429,0.023813188158313667,36.92774001053184,0.23774189815503205,51808.99679999999,2.5637840597041177,396.09999999999997,0.004941321102117349,1.0487198960365435e-05,0.5416166552779756,0.0,0.0,1.1323799701708712,scenario_007_low_soil_thermal_capacity_june2024,smartgarden_pa1_pilot_72e6b49d1a80
2024-06-07T16:00,32.3,64.0,335.0,146.0,189.0,0.98,100520.0,24.7,1.72,0.27,35.0,0.161,0,1,0,1.0,34.28265842993525,61.99045212675249,0.02360925006475965,37.070481203374825,0.23612795671686557,36129.473600000005,2.053864544506683,284.75,0.004561415006381408,7.467649378615321e-06,0.5316540538078122,0.0,0.0,1.1390556122255353,scenario_007_low_soil_thermal_capacity_june2024,smartgarden_pa1_pilot_72e6b49d1a80
2024-06-07T17:00,32.0,66.0,200.0,110.0,90.0,1.63,100570.0,24.7,1.63,0.18,34.0,0.16,0,1,0,1.0,33.0760171112359,64.91967965106969,0.02320569608512101,37.05988373483004,0.2350472428038092,20766.415999999997,1.7721299842665883,170.0,0.005076306325064257,4.574322647408883e-06,0.5249829802704272,0.0,0.0,1.1441127176359556,scenario_007_low_soil_thermal_capacity_june2024,smartgarden_pa1_pilot_72e6b49d1a80
2024-06-07T18:00,31.5,68.0,52.0,16.0,36.0,1.51,100570.0,24.8,1.48,0.07,33.0,0.16,1,1,0,1.0,32.128136915937624,66.82065502534869,0.022715197027433014,36.91695902537979,0.2344983104386884,5842.5664,1.5890625603868473,44.199999999999996,0.004662450820909064,1.534759261623396e-06,0.5215945088807926,0.0,0.0,1.147665156068632,scenario_007_low_soil_thermal_capacity_june2024,smartgarden_pa1_pilot_72e6b49d1a80
2024-06-07T19:00,30.9,73.0,0.0,0.0,0.0,1.41,100660.0,25.5,1.2,0.04,32.2,0.16,0,0,0,1.0,31.28965973344446,71.8224180804192,0.02334738004140778,36.67905681336567,0.24264095459377136,0.0,1.2869295832770624,0.0,0.0029719521766621926,4.415643892213015e-07,0.571857744405996,0.0,0.0,1.1518558888894135,scenario_007_low_soil_thermal_capacity_june2024,smartgarden_pa1_pilot_72e6b49d1a80
2024-06-07T20:00,30.4,77.0,0.0,0.0,0.0,1.22,100740.0,25.9,0.99,0.01,31.5,0.159,0,0,0,1.0,30.689971182233194,76.0621164398872,0.023942777233896165,36.40889586875191,0.24256891913942077,0.0,1.0565948291422642,0.0,0.002570728717242304,3.6225126408148286e-07,0.5714130811075356,0.0,0.0,1.1550465549381868,scenario_007_low_soil_thermal_capacity_june2024,smartgarden_pa1_pilot_72e6b49d1a80
2024-06-07T21:00,29.8,82.0,0.0,0.0,0.0,1.12,100750.0,26.4,0.74,0.0,30.7,0.159,0,0,0,1.0,30.12932976135851,80.69025728482436,0.024643724258709834,36.1315057947328,0.24251081099877236,0.0,0.8254223892864458,0.0,0.0024186079964838487,2.8281664684975367e-07,0.5710543888813109,0.0,0.0,1.1572966393031887,scenario_007_low_soil_thermal_capacity_june2024,smartgarden_pa1_pilot_72e6b49d1a80
2024-06-07T22:00,30.3,75.0,0.0,0.0,0.0,1.12,100770.0,25.3,1.09,0.01,30.1,0.159,0,0,0,1.0,30.196025627798857,76.49535835059375,0.02344683409732312,35.854910982268535,0.24245619291894285,0.0,1.0085856296584041,0.0,0.0022606841700718843,3.4537032426285496e-07,0.570717240240388,0.0,0.0,1.1572718734296403,scenario_007_low_soil_thermal_capacity_june2024,smartgarden_pa1_pilot_72e6b49d1a80
2024-06-07T23:00,30.6,71.0,0.0,0.0,0.0,1.0,100740.0,24.8,1.25,0.01,29.6,0.159,0,0,0,1.0,30.517314971968542,72.32374837959874,0.02255549531653367,35.598908735782906,0.24238753061452656,0.0,1.2096186305070207,0.0,0.002018232355669688,4.1390251206618173e-07,0.5702933988551022,0.0,0.0,1.1557032800812048,scenario_007_low_soil_thermal_capacity_june2024,smartgarden_pa1_pilot_72e6b49d1a80
2024-06-08T00:00,30.4,73.0,0.0,0.0,0.0,1.1,100700.0,25.0,1.16,0.01,29.2,0.159,0,0,0,1.0,30.513092206483513,73.00300347401367,0.022762157498608306,35.359701911674584,0.24231301438359287,0.0,1.1796464417676487,0.0,0.0022296555497816517,4.0332118128315214e-07,0.5698334221209437,0.0,0.0,1.1552604594517681,scenario_007_low_soil_thermal_capacity_june2024,smartgarden_pa1_pilot_72e6b49d1a80
2024-06-08T01:00,30.1,75.0,0.0,0.0,0.0,1.2,100630.0,25.3,1.05,0.01,28.9,0.159,0,0,0,1.0,30.273767424240184,74.71546243645507,0.02299754567035695,35.125564973907764,0.2422431142595408,0.0,1.0898012911144157,0.0,0.002458674151988842,3.7232098154245223e-07,0.5694019398737086,0.0,0.0,1.1553679741117364,scenario_007_low_soil_thermal_capacity_june2024,smartgarden_pa1_pilot_72e6b49d1a80
2024-06-08T02:00,28.4,86.0,0.0,0.0,0.0,1.22,100590.0,25.8,0.54,0.0,28.5,0.159,0,0,0,1.0,29.14072522303668,82.6195757298943,0.0239162135839629,34.88108040458953,0.2421867074175818,0.0,0.7018856516143139,0.0,0.0028453960356176326,2.3964639705913895e-07,0.5690537494912458,0.0,0.0,1.1592375342055006,scenario_007_low_soil_thermal_capacity_june2024,smartgarden_pa1_pilot_72e6b49d1a80
2024-06-08T03:00,28.3,86.0,0.0,0.0,0.0,1.02,100570.0,25.7,0.54,0.0,28.2,0.159,0,0,0,1.0,28.487497506759034,85.49502990413973,0.02388209630795318,34.610677598669184,0.24214945281621322,0.0,0.564034214227549,0.0,0.0021387462006338077,1.9250164522478303e-07,0.568823782816131,0.0,0.0,1.1615169981978781,scenario_007_low_soil_thermal_capacity_june2024,smartgarden_pa1_pilot_72e6b49d1a80
2024-06-08T04:00,28.6,84.0,0.0,0.0,0.0,1.1,100580.0,25.7,0.61,0.0,28.1,0.159,0,0,0,1.0,28.568777374737238,84.5576485448385,0.023725459992926558,34.34415514112742,0.2421141171222776,0.0,0.6033220820389675,0.0,0.0021688539481367636,2.0583141084219932e-07,0.5686056612486271,0.0,0.0,1.1613195599993051,scenario_007_low_soil_thermal_capacity_june2024,smartgarden_pa1_pilot_72e6b49d1a80
2024-06-08T05:00,28.7,84.0,0.0,0.0,0.0,1.0,100640.0,25.7,0.64,0.0,27.9,0.159,0,0,0,1.0,28.71887229169503,84.22826807015468,0.023827624090150958,34.094089085211685,0.24207626890070041,0.0,0.6215732183398561,0.0,0.001965875814956418,2.119708992345717e-07,0.5683720302512372,0.0,0.0,1.1614345591217428,scenario_007_low_soil_thermal_capacity_june2024,smartgarden_pa1_pilot_72e6b49d1a80
2024-06-08T06:00,28.5,86.0,22.0,7.0,15.0,1.22,100730.0,25.9,0.55,0.02,28.1,0.159,1,0,0,1.0,28.68859466193153,85.8944410745844,0.024258832746968495,33.86440834220259,0.24199683763104038,2463.736,0.5549343616712652,18.7,0.002506183957433508,6.66954707941076e-07,0.5678817137718543,0.0,0.0,1.1625898113632682,scenario_007_low_soil_thermal_capacity_june2024,smartgarden_pa1_pilot_72e6b49d1a80
2024-06-08T07:00,29.9,77.0,134.0,48.0,86.0,1.08,100720.0,25.5,0.97,0.11,30.1,0.159,0,0,0,1.0,29.717724750453122,82.69457189230481,0.02469977741199855,33.703715122705354,0.24995780178525542,14817.686399999999,0.7224754333324723,113.89999999999999,0.0022435894303008646,3.430024362630771e-06,0.6170234678102187,0.0,0.0,1.1585243623528647,scenario_007_low_soil_thermal_capacity_june2024,smartgarden_pa1_pilot_72e6b49d1a80
2024-06-08T08:00,31.4,65.0,379.0,260.0,119.0,0.78,100770.0,24.2,1.59,0.28,31.7,0.158,0,0,0,1.0,31.75159212979242,78.36525787560362,0.026110803588159242,33.72955812268311,0.24881807384421536,37538.705599999994,1.0143312166460463,322.15,0.0018601371001504118,9.214083124953964e-06,0.6099881101494776,0.0,0.0,1.1513676295474369,scenario_007_low_soil_thermal_capacity_june2024,smartgarden_pa1_pilot_72e6b49d1a80
2024-06-08T09:00,32.6,60.0,550.0,375.0,175.0,0.58,100770.0,23.8,1.97,0.42,33.2,0.157,0,1,0,1.0,33.68955076457072,66.54440080712124,0.02456767898055622,33.96987228627003,0.2467919590433694,54556.92,1.7490590258326333,467.5,0.003582102446456,1.3196529309448028e-05,0.5974812286627741,0.0,0.0,1.144095741572351,scenario_007_low_soil_thermal_capacity_june2024,smartgarden_pa1_pilot_72e6b49d1a80
2024-06-08T10:00,33.3,58.0,668.0,405.0,263.0,0.63,100740.0,23.9,2.15,0.52,34.4,0.156,0,1,0,1.0,35.05348735399319,62.53507355183884,0.024793710118064298,34.35739382931693,0.24419663293397414,68036.97119999999,2.1127688854252686,567.8,0.004065969531401809,1.5593997513585236e-05,0.5814606971232972,0.0,0.0,1.1386935137546532,scenario_007_low_soil_thermal_capacity_june2024,smartgarden_pa1_pilot_72e6b49d1a80
2024-06-08T11:00,33.8,57.0,690.0,398.0,292.0,0.81,100700.0,24.0,2.26,0.55,35.2,0.154,0,1,0,1.0,35.8524855676105,59.838693449689856,0.02472810723316167,34.813573783668765,0.24137989288192027,70993.2608,2.3667385477166567,586.5,0.004405500784051825,1.5688316122641952e-05,0.5640734128513597,0.0,0.0,1.1352981927527204,scenario_007_low_soil_thermal_capacity_june2024,smartgarden_pa1_pilot_72e6b49d1a80
2024-06-08T12:00,34.3,56.0,851.0,576.0,275.0,0.78,100620.0,24.2,2.39,0.67,36.1,0.153,0,1,0,1.0,36.75998656482096,58.58108711216296,0.02536696970920414,35.3417821490595,0.23829137509862747,84563.16,2.56517581101346,723.35,0.004583691048332881,1.857926060386492e-05,0.5450084882631325,0.0,0.0,1.1310744458910502,scenario_007_low_soil_thermal_capacity_june2024,smartgarden_pa1_pilot_72e6b49d1a80
2024-06-08T13:00,34.5,56.0,864.0,715.0,149.0,1.14,100570.0,24.5,2.39,0.68,36.5,0.151,0,1,0,1.0,37.301457967663204,56.46433690277786,0.02513812652403209,35.935947409151574,0.23497918484696695,81274.1776,2.776957596511505,734.4,0.005119176654251793,1.8209767015841037e-05,0.524562869425722,0.0,0.0,1.1285406193340026,scenario_007_low_soil_thermal_capacity_june2024,smartgarden_pa1_pilot_72e6b49d1a80
2024-06-08T14:00,34.0,55.0,792.0,601.0,191.0,1.56,100500.0,23.8,2.38,0.63,36.4,0.15,0,1,0,1.0,36.94864502275078,53.84671193350417,0.023543634865496633,36.488067386203454,0.23188472041178243,76415.8384,2.8879425223001642,673.1999999999999,0.005714312507566076,1.6188288517017557e-05,0.5054612371097681,0.0,0.0,1.1290382151381941,scenario_007_low_soil_thermal_capacity_june2024,smartgarden_pa1_pilot_72e6b49d1a80
2024-06-08T15:00,33.0,61.0,493.0,324.0,169.0,1.3,100460.0,24.4,1.98,0.4,35.6,0.149,0,1,0,1.0,35.47834454444625,58.31071411803665,0.023634490081838745,36.85583125082106,0.22953690666679497,49329.8256,2.4067437197399704,419.05,0.00518513513570451,9.967298170414389e-06,0.4909685596715739,0.0,0.0,1.133965425840234,scenario_007_low_soil_thermal_capacity_june2024,smartgarden_pa1_pilot_72e6b49d1a80
2024-06-08T16:00,32.5,64.0,348.0,161.0,187.0,0.82,100460.0,24.7,1.78,0.28,34.8,0.149,0,1,0,1.0,34.20972515156982,62.82143023317492,0.023834598680875497,37.001475147020805,0.22801456221582958,37203.108799999995,2.0008354225788443,295.8,0.004232882774337849,6.988323564135525e-06,0.48157137170265174,0.0,0.0,1.1386458390900926,scenario_007_low_soil_thermal_capacity_june2024,smartgarden_pa1_pilot_72e6b49d1a80
2024-06-08T17:00,31.6,68.0,169.0,42.0,127.0,0.72,100450.0,24.9,1.51,0.14,33.9,0.149,0,1,0,1.0,32.881220266745004,66.22317057346379,0.023429255919216924,36.98660492947781,0.2270671215195487,19340.1648,1.687737291846438,143.65,0.0038656548516082506,3.5569294645742264e-06,0.4757229723428932,0.0,0.0,1.1434749523473646,scenario_007_low_soil_thermal_capacity_june2024,smartgarden_pa1_pilot_72e6b49d1a80
2024-06-08T18:00,31.0,69.0,52.0,21.0,31.0,0.4,100560.0,24.8,1.37,0.04,32.8,0.152,1,1,0,1.0,31.702616342976462,68.02889821760594,0.022607653751082656,36.824201651972444,0.22662539318251337,5666.6544,1.494793810579397,44.199999999999996,0.003091913217121197,1.3650086735646869e-06,0.47299625421304553,0.0,0.0,1.1491528192018237,scenario_007_low_soil_thermal_capacity_june2024,smartgarden_pa1_pilot_72e6b49d1a80
2024-06-08T19:00,30.6,73.0,0.0,0.0,0.0,0.85,100620.0,25.2,1.18,0.03,31.8,0.152,0,0,0,1.0,30.942477412879786,72.22517963693431,0.023045477546206016,36.5767782726757,0.23478826305762127,0.0,1.2437288891857983,0.0,0.0019665250576095883,3.905689341801799e-07,0.5233843398618597,0.0,0.0,1.1527127185523105,scenario_007_low_soil_thermal_capacity_june2024,smartgarden_pa1_pilot_72e6b49d1a80
2024-06-08T20:00,30.2,75.0,0.0,0.0,0.0,0.57,100680.0,25.2,1.09,0.0,31.3,0.152,0,0,0,1.0,30.457539584642745,74.64584986955225,0.023204862935016057,36.30136829679572,0.23472216408815405,0.0,1.1043497973025334,0.0,0.0014418536426184982,3.465292768066107e-07,0.5229763215318152,0.0,0.0,1.155242355404185,scenario_007_low_soil_thermal_capacity_june2024,smartgarden_pa1_pilot_72e6b49d1a80
2024-06-08T21:00,30.1,75.0,0.0,0.0,0.0,0.58,100710.0,25.2,1.06,0.0,30.9,0.151,0,0,0,1.0,30.230142977276405,75.37952377457302,0.02314739854245496,36.02541598241266,0.2346615295890877,0.0,1.0585322789378009,0.0,0.0013060370874855094,3.319146735344336e-07,0.5226020345005414,0.0,0.0,1.156452749722888,scenario_007_low_soil_thermal_capacity_june2024,smartgarden_pa1_pilot_72e6b49d1a80
2024-06-08T22:00,29.9,76.0,0.0,0.0,0.0,0.81,100740.0,25.3,1.0,0.0,30.6,0.151,0,0,0,1.0,30.054490030959897,75.97741315759431,0.023110744624176015,35.75510306276366,0.23460269901721342,0.0,1.0224840486440367,0.0,0.001732480370484418,3.2038855636049354e-07,0.5222388828223051,0.0,0.0,1.1574673974343892,scenario_007_low_soil_thermal_capacity_june2024,smartgarden_pa1_pilot_72e6b49d1a80
2024-06-08T23:00,29.7,78.0,0.0,0.0,0.0,0.86,100740.0,25.4,0.94,0.0,30.4,0.151,0,0,0,1.0,29.856614300414417,77.71883152329345,0.023388828094572264,35.48966735235607,0.23454730340971158,0.0,0.9376569479032364,0.0,0.001823814463382458,2.9361617210592236e-07,0.5218969346278493,0.0,0.0,1.1582232710557578,scenario_007_low_soil_thermal_capacity_june2024,smartgarden_pa1_pilot_72e6b49d1a80
2024-06-09T00:00,29.4,79.0,0.0,0.0,0.0,0.98,100690.0,25.5,0.85,0.0,30.1,0.151,0,0,0,1.0,29.59681810975274,78.65759392828123,0.02334052173262678,35.227866151297995,0.23449604360046067,0.0,0.8848396464863946,0.0,0.002073254599596058,2.769090716627059e-07,0.5215805160522263,0.0,0.0,1.1586418264434255,scenario_007_low_soil_thermal_capacity_june2024,smartgarden_pa1_pilot_72e6b49d1a80
2024-06-09T01:00,29.1,81.0,0.0,0.0,0.0,1.14,100620.0,25.5,0.77,0.0,29.8,0.151,0,0,0,1.0,29.30135746893279,80.41193670160122,0.023481404394350654,34.96750163443596,0.2344485409208001,0.0,0.7984032351286761,0.0,0.002367223813341097,2.497184750854192e-07,0.5212872896345686,0.0,0.0,1.1589674097128613,scenario_007_low_soil_thermal_capacity_june2024,smartgarden_pa1_pilot_72e6b49d1a80
2024-06-09T02:00,28.9,81.0,0.0,0.0,0.0,1.14,100550.0,25.4,0.74,0.0,29.5,0.151,0,0,0,1.0,29.06266210977315,80.74428013375963,0.023274250007075614,34.70883694886787,0.23440451819908079,0.0,0.7741195742794602,0.0,0.002340288240996464,2.4199699887235324e-07,0.5210155444387703,0.0,0.0,1.1590758769993579,scenario_007_low_soil_thermal_capacity_june2024,smartgarden_pa1_pilot_72e6b49d1a80
2024-06-09T03:00,28.8,82.0,0.0,0.0,0.0,0.99,100530.0,25.4,0.7,0.0,29.4,0.151,0,0,0,1.0,28.91921033238519,81.7848391530992,0.023390655286678694,34.45454930303866,0.23436227095228762,0.0,0.7262409959798943,0.0,0.0020295969417370653,2.2691607288709283e-07,0.5207547589647384,0.0,0.0,1.1593956620638537,scenario_007_low_soil_thermal_capacity_june2024,smartgarden_pa1_pilot_72e6b49d1a80
2024-06-09T04:00,28.7,83.0,0.0,0.0,0.0,0.92,100540.0,25.4,0.68,0.0,29.3,0.151,0,0,0,1.0,28.81417814282904,82.80300086154868,0.023546588776393942,34.20692725342959,0.23432270731551133,0.0,0.6814935089706893,0.0,0.0018958994060921462,2.1283473220131934e-07,0.5205105389846378,0.0,0.0,1.1599143030572956,scenario_007_low_soil_thermal_capacity_june2024,smartgarden_pa1_pilot_72e6b49d1a80
2024-06-09T05:00,28.7,82.0,0.0,0.0,0.0,0.85,100450.0,25.4,0.69,0.0,29.3,0.151,0,0,0,1.0,28.771617672166702,82.26939914815912,0.023340579569983103,33.966945692857884,0.23428410491691756,0.0,0.7009106817574944,0.0,0.0017271892545432247,2.1879862755050696e-07,0.5202722525735652,0.0,0.0,1.1590393483890702,scenario_007_low_soil_thermal_capacity_june2024,smartgarden_pa1_pilot_72e6b49d1a80
2024-06-09T06:00,28.7,82.0,13.0,4.0,9.0,1.22,100540.0,25.4,0.69,0.03,29.3,0.151,1,0,0,1.0,28.792394913876745,82.25566192296647,0.023363157661486486,33.74129013723283,0.23422135262860813,1460.6416,0.7022978555744626,11.049999999999999,0.0024421153618651194,4.775811901318929e-07,0.519884892769186,0.0,0.0,1.1599979835183838,scenario_007_low_soil_thermal_capacity_june2024,smartgarden_pa1_pilot_72e6b49d1a80
2024-06-09T07:00,29.0,80.0,82.0,35.0,47.0,1.1,100520.0,25.3,0.78,0.07,29.6,0.15,0,0,0,1.0,29.1330667418496,82.34239959327586,0.023826045819519418,33.559100344607444,0.2423249698436873,8869.5728,0.7127638469576496,69.7,0.0022447189324282914,2.031239557533003e-06,0.569907221257329,0.0,0.0,1.158460176881462,scenario_007_low_soil_thermal_capacity_june2024,smartgarden_pa1_pilot_72e6b49d1a80
2024-06-09T08:00,29.7,75.0,175.0,54.0,121.0,0.71,100620.0,24.8,1.04,0.14,30.2,0.15,0,0,0,1.0,29.94841540043286,81.55761802701713,0.024666278140580235,33.46092038267098,0.24177664413976763,19657.070399999997,0.7802099329645884,148.75,0.0016528256120517113,4.05736383539365e-06,0.5665224946899237,0.0,0.0,1.156493232954748,scenario_007_low_soil_thermal_capacity_june2024,smartgarden_pa1_pilot_72e6b49d1a80
2024-06-09T09:00,30.8,68.0,322.0,85.0,237.0,0.22,100670.0,24.1,1.44,0.25,31.3,0.15,0,1,0,1.0,31.31717516115615,79.34048270022049,0.02582929165021748,33.48778568469033,0.24076423937224525,36674.2288,0.9450396088721189,273.7,0.002757528052902238,7.218291574035877e-06,0.5602730825447239,0.0,0.0,1.1518662129216863,scenario_007_low_soil_thermal_capacity_june2024,smartgarden_pa1_pilot_72e6b49d1a80
2024-06-09T10:00,32.4,60.0,570.0,267.0,303.0,0.4,100670.0,23.6,1.95,0.44,33.1,0.149,0,1,0,1.0,33.4014498682798,67.24140920662016,0.024451606671355836,33.71000154578347,0.2389784055144213,60820.2672,1.6852754156984315,484.5,0.0033528022273063007,1.25303923323029e-05,0.549249416755687,0.0,0.0,1.1440345565566143,scenario_007_low_soil_thermal_capacity_june2024,smartgarden_pa1_pilot_72e6b49d1a80
2024-06-09T11:00,33.8,54.0,848.0,663.0,185.0,0.91,100610.0,23.3,2.4,0.66,35.0,0.147,0,1,0,1.0,35.74355934375796,58.72399815840449,0.02413115612003813,34.18455730212483,0.2362198444041473,81132.744,2.4179131353557217,720.8,0.004455752244210922,1.8035247714078954e-05,0.5322212617539958,0.0,0.0,1.134683513434684,scenario_007_low_soil_thermal_capacity_june2024,smartgarden_pa1_pilot_72e6b49d1a80
2024-06-09T12:00,34.4,53.0,868.0,685.0,183.0,1.6,100560.0,23.4,2.57,0.69,36.1,0.146,0,1,0,1.0,37.00292672731121,53.60055212793026,0.023501297106216935,34.80752267500454,0.23298250575518525,82822.3792,2.911943682695635,737.8,0.0056409292307461134,1.790176792359719e-05,0.5122376898468226,0.0,0.0,1.1295145501547672,scenario_007_low_soil_thermal_capacity_june2024,smartgarden_pa1_pilot_72e6b49d1a80
2024-06-09T13:00,34.0,55.0,684.0,417.0,267.0,1.3,100560.0,23.7,2.39,0.55,36.1,0.144,0,1,0,1.0,36.67876658001931,53.95282481938469,0.023265585667611506,35.36160283593108,0.23013435549621722,69585.7008,2.8392016452155846,581.4,0.005264943947990693,1.3784356168058155e-05,0.4946565154087483,0.0,0.0,1.1306963113159016,scenario_007_low_soil_thermal_capacity_june2024,smartgarden_pa1_pilot_72e6b49d1a80
2024-06-09T14:00,33.5,59.0,605.0,303.0,302.0,1.55,100480.0,24.3,2.15,0.49,35.9,0.143,0,1,0,1.0,35.90432302460361,57.19642580466667,0.02369960555580356,35.77767657518992,0.22782977249238545,63865.08479999999,2.529640411301986,514.25,0.0054963942649634565,1.1846956946351368e-05,0.48043069439744107,0.0,0.0,1.13262789206355,scenario_007_low_soil_thermal_capacity_june2024,smartgarden_pa1_pilot_72e6b49d1a80
2024-06-09T15:00,33.2,59.0,407.0,191.0,216.0,0.98,100430.0,24.2,2.06,0.33,35.3,0.143,0,1,0,1.0,35.04725919731066,58.15345991252959,0.02304903489645539,36.05180750240712,0.2260499665248698,43415.39839999999,2.3590504039501763,345.95,0.004489235134338604,7.972656104432573e-06,0.46944423780783834,0.0,0.0,1.1352124339125216,scenario_007_low_soil_thermal_capacity_june2024,smartgarden_pa1_pilot_72e6b49d1a80
2024-06-09T16:00,32.0,64.0,331.0,155.0,176.0,0.81,100490.0,24.5,1.69,0.26,34.6,0.144,0,1,0,1.0,33.80816005714697,62.179030164196774,0.023099475633664494,36.18404339043724,0.22475760465620193,35320.102399999996,1.9904062514029723,281.34999999999997,0.004278947489483326,6.393618181108507e-06,0.46146669540865387,0.0,0.0,1.140475899033591,scenario_007_low_soil_thermal_capacity_june2024,smartgarden_pa1_pilot_72e6b49d1a80
2024-06-09T17:00,30.1,75.0,193.0,111.0,82.0,0.64,100460.0,25.1,1.07,0.15,33.3,0.154,0,1,0,1.0,31.817233097211542,71.05446386135095,0.023757900692676012,36.18236009749341,0.22384664777804317,19868.9568,1.3621444926300246,164.04999999999998,0.004064122689022233,3.737705545070923e-06,0.4558435048027356,0.0,0.0,1.1475786057190989,scenario_007_low_soil_thermal_capacity_june2024,smartgarden_pa1_pilot_72e6b49d1a80
2024-06-09T18:00,30.0,74.0,30.0,8.0,22.0,0.64,100560.0,24.8,1.11,0.04,31.9,0.154,1,1,0,1.0,30.538084687022064,73.0431315529659,0.022805335372747617,36.01439020090069,0.22343714582616683,3414.0128,1.1795761316826763,25.5,0.0032108234440936696,8.410120214370018e-07,0.4533157149763385,0.0,0.0,1.153559395893395,scenario_007_low_soil_thermal_capacity_june2024,smartgarden_pa1_pilot_72e6b49d1a80
2024-06-09T19:00,29.6,75.0,0.0,0.0,0.0,0.63,100700.0,24.7,1.04,0.02,31.2,0.155,0,0,0,1.0,29.913462968223733,74.69387030782964,0.022547739992275384,35.75690232991646,0.23165809995740136,0.0,1.0684373736011326,0.0,0.001593025051683552,3.2313542908053574e-07,0.5040623454160578,0.0,0.0,1.157546211559621,scenario_007_low_soil_thermal_capacity_june2024,smartgarden_pa1_pilot_72e6b49d1a80
2024-06-09T20:00,29.2,78.0,0.0,0.0,0.0,0.45,100790.0,24.9,0.9,0.0,30.6,0.155,0,0,0,1.0,29.462357671542538,77.37702350201566,0.022793635476224004,35.48212601703022,0.23160347919946073,0.0,0.9306999444323063,0.0,0.0012775454267775989,2.812901983571146e-07,0.5037251802435847,0.0,0.0,1.1603078616822553,scenario_007_low_soil_thermal_capacity_june2024,smartgarden_pa1_pilot_72e6b49d1a80
2024-06-09T21:00,29.0,79.0,0.0,0.0,0.0,0.51,100830.0,25.1,0.83,0.0,30.3,0.155,0,0,0,1.0,29.1789017279594,78.92438838821951,0.022894060879855394,35.20643708852071,0.23155532523606887,0.0,0.8529884816366358,0.0,0.001255969139498563,2.5765093719443106e-07,0.5034279335559807,0.0,0.0,1.1618566540823645,scenario_007_low_soil_thermal_capacity_june2024,smartgarden_pa1_pilot_72e6b49d1a80
2024-06-09T22:00,28.8,81.0,0.0,0.0,0.0,0.72,100810.0,25.3,0.75,0.0,30.0,0.155,0,0,0,1.0,28.968915403672806,80.60934003919998,0.023117001197946657,34.93443462621091,0.23151096916076186,0.0,0.7753331318216072,0.0,0.0015897119934689045,2.340672407304738e-07,0.5031541306219868,0.0,0.0,1.1624335783544877,scenario_007_low_soil_thermal_capacity_june2024,smartgarden_pa1_pilot_72e6b49d1a80
2024-06-09T23:00,28.7,83.0,0.0,0.0,0.0,0.78,100850.0,25.4,0.68,0.0,29.8,0.155,0,0,0,1.0,28.82687940186956,82.63166658446332,0.02351415459279996,34.667704120035275,0.23147122478088866,0.0,0.6887893172778479,0.0,0.0016526488844280532,2.0783892331340142e-07,0.5029087949437572,0.0,0.0,1.1634417878703414,scenario_007_low_soil_thermal_capacity_june2024,smartgarden_pa1_pilot_72e6b49d1a80
2024-06-10T00:00,28.5,84.0,0.0,0.0,0.0,0.76,100850.0,25.5,0.62,0.0,29.5,0.155,0,0,0,1.0,28.661966624980646,83.66493553688683,0.023594822007612266,34.4073847858146,0.2314351964304726,0.0,0.6416559680609373,0.0,0.001652260021815853,1.9353103629565734e-07,0.5026863977189667,0.0,0.0,1.1640775029419863,scenario_007_low_soil_thermal_capacity_june2024,smartgarden_pa1_pilot_72e6b49d1a80
2024-06-10T01:00,28.2,86.0,0.0,0.0,0.0,0.86,100800.0,25.6,0.54,0.0,29.3,0.155,0,0,0,1.0,28.405989656225458,85.29258992415903,0.023719529575489253,34.1509210394199,0.231402200092234,0.0,0.5692075285609004,0.0,0.0018685794251512777,1.716101671626682e-07,0.5024827166187285,0.0,0.0,1.1644880116133725,scenario_007_low_soil_thermal_capacity_june2024,smartgarden_pa1_pilot_72e6b49d1a80
2024-06-10T02:00,28.1,86.0,0.0,0.0,0.0,0.86,100750.0,25.5,0.54,0.0,29.1,0.156,0,0,0,1.0,28.23067707151023,85.78605166547229,0.023628789180516824,33.89728164351076,0.2313722375519472,0.0,0.5445360414025568,0.0,0.0018009700515127876,1.641115411726141e-07,0.5022977626663407,0.0,0.0,1.1645874331208825,scenario_007_low_soil_thermal_capacity_june2024,smartgarden_pa1_pilot_72e6b49d1a80
2024-06-10T03:00,28.0,86.0,0.0,0.0,0.0,0.86,100720.0,25.5,0.52,0.0,29.0,0.155,0,0,0,1.0,28.120940429695867,85.83234276375266,0.023499718638705272,33.6498287131021,0.231342860264612,0.0,0.5393102638868146,0.0,0.0017920694148793458,1.624779238319118e-07,0.5021164213864939,0.0,0.0,1.1646647273491761,scenario_007_low_soil_thermal_capacity_june2024,smartgarden_pa1_pilot_72e6b49d1a80
2024-06-10T04:00,28.0,87.0,0.0,0.0,0.0,0.86,100710.0,25.5,0.51,0.0,28.9,0.155,0,0,0,1.0,28.0778496327574,86.79689768364643,0.023707687437438965,33.40993409467704,0.2313145752931473,0.0,0.5013347465512572,0.0,0.0017519478530795736,1.5098452590930786e-07,0.5019418227972056,0.0,0.0,1.1647156827800862,scenario_007_low_soil_thermal_capacity_june2024,smartgarden_pa1_pilot_72e6b49d1a80
2024-06-10T05:00,28.0,87.0,0.0,0.0,0.0,0.81,100740.0,25.5,0.51,0.0,28.8,0.156,0,0,0,1.0,28.070643442012184,86.98987584227541,0.023751003770917625,33.17938035791582,0.23128771688585503,0.0,0.4938000573080301,0.0,0.0016516747525350864,1.4866621946916347e-07,0.5017760301595989,0.0,0.0,1.1650905062690946,scenario_007_low_soil_thermal_capacity_june2024,smartgarden_pa1_pilot_72e6b49d1a80
2024-06-10T06:00,27.9,87.0,20.0,8.0,12.0,0.86,100780.0,25.6,0.49,0.02,28.8,0.156,1,0,0,1.0,28.053673500537418,87.30065579462583,0.023813668895591777,32.96518162201544,0.2312267351706934,2182.1888,0.4815285802459508,17.0,0.001821995321330269,5.284336363236737e-07,0.501399599819095,0.0,0.0,1.165618786888665,scenario_007_low_soil_thermal_capacity_june2024,smartgarden_pa1_pilot_72e6b49d1a80
2024-06-10T07:00,28.3,87.0,171.0,104.0,67.0,1.06,100790.0,25.9,0.49,0.12,29.4,0.157,0,0,0,1.0,28.61364814169055,90.62378944308779,0.025489950598726854,32.82737850906097,0.2391727621005459,17405.2208,0.3672761724609628,145.35,0.002303485617187497,3.7216503837060604e-06,0.5504491487688018,0.0,0.0,1.1635712247342207,scenario_007_low_soil_thermal_capacity_june2024,smartgarden_pa1_pilot_72e6b49d1a80
2024-06-10T08:00,28.9,83.0,310.0,175.0,135.0,0.67,100860.0,25.7,0.67,0.22,30.2,0.158,0,0,0,1.0,29.617088418696884,90.28164981093445,0.026819256668080185,32.82529732342913,0.2382436727636344,32029.624000000003,0.4033853892899777,263.5,0.002015468802765356,6.590784412153558e-06,0.5447140294051506,0.0,0.0,1.1605203175759276,scenario_007_low_soil_thermal_capacity_june2024,smartgarden_pa1_pilot_72e6b49d1a80
2024-06-10T09:00,30.1,75.0,416.0,136.0,280.0,0.81,100900.0,25.2,1.07,0.31,31.1,0.158,0,1,0,1.0,30.964512314689934,79.20577591923875,0.025302734790695856,32.948405193834056,0.23685440064854102,46459.07199999999,0.9323139464292893,353.59999999999997,0.0036957603214965214,8.830941756417404e-06,0.5361382756082779,0.0,0.0,1.1558366730786735,scenario_007_low_soil_thermal_capacity_june2024,smartgarden_pa1_pilot_72e6b49d1a80
2024-06-10T10:00,31.0,67.0,571.0,219.0,352.0,0.63,100900.0,24.2,1.47,0.43,32.4,0.157,0,1,0,1.0,32.42337115007094,71.18730081854038,0.024582111836775413,33.206429963721476,0.23498580687797335,62632.20479999999,1.403097399531796,485.34999999999997,0.003867031301625249,1.1899381360164531e-05,0.5246037461603293,0.0,0.0,1.150318513769072,scenario_007_low_soil_thermal_capacity_june2024,smartgarden_pa1_pilot_72e6b49d1a80
2024-06-10T11:00,32.1,62.0,623.0,242.0,381.0,0.54,100860.0,23.9,1.83,0.48,33.5,0.156,0,1,0,1.0,33.76824155625521,65.53438725520869,0.024295012281085934,33.57336810461204,0.23276779610951703,68228.49440000001,1.8097904427668352,529.55,0.003941114455078133,1.2729699439268456e-05,0.5109123216636854,0.0,0.0,1.1448239629601904,scenario_007_low_soil_thermal_capacity_june2024,smartgarden_pa1_pilot_72e6b49d1a80
2024-06-10T12:00,32.8,60.0,663.0,289.0,374.0,0.45,100800.0,23.9,2.0,0.52,34.5,0.154,0,1,0,1.0,34.78848862654833,62.32937954601981,0.024373594113358626,33.997427282307704,0.2304312979555217,71502.21759999999,2.0934626816161033,563.55,0.004070546784584155,1.3214478770060737e-05,0.4964894935526031,0.0,0.0,1.140352205893779,scenario_007_low_soil_thermal_capacity_june2024,smartgarden_pa1_pilot_72e6b49d1a80
2024-06-10T13:00,33.2,59.0,685.0,388.0,297.0,0.58,100740.0,24.0,2.1,0.54,35.1,0.153,0,1,0,1.0,35.42896864396175,60.15772837720505,0.024320781370557217,34.453166627219666,0.22804536661474617,70729.1728,2.29386690555804,582.25,0.004297852083421005,1.328581217395336e-05,0.481761522313248,0.0,0.0,1.1373079426274235,scenario_007_low_soil_thermal_capacity_june2024,smartgarden_pa1_pilot_72e6b49d1a80
2024-06-10T14:00,32.8,60.0,480.0,144.0,336.0,0.89,100680.0,24.1,1.98,0.39,34.8,0.152,0,1,0,1.0,34.92271641038821,59.014859268733474,0.0232393658508934,34.82975316661647,0.22601882285421615,54061.2864,2.2946384743548753,408.0,0.004529544035674833,9.261524796427653e-06,0.4692519929272602,0.0,0.0,1.1384983819242394,scenario_007_low_soil_thermal_capacity_june2024,smartgarden_pa1_pilot_72e6b49d1a80
2024-06-10T15:00,32.7,60.0,434.0,166.0,268.0,1.06,100640.0,23.8,1.99,0.35,34.6,0.151,0,1,0,1.0,34.40327048131988,59.67212151086716,0.022870079884430666,35.08001356774498,0.22444582115275546,47620.8832,2.193782834281976,368.9,0.004516131289199175,8.233510078788158e-06,0.4595421058812066,0.0,0.0,1.1399681754448365,scenario_007_low_soil_thermal_capacity_june2024,smartgarden_pa1_pilot_72e6b49d1a80
2024-06-10T16:00,32.2,61.0,288.0,112.0,176.0,1.21,100670.0,23.7,1.88,0.24,34.0,0.151,0,1,0,1.0,33.648295786669316,59.90617603784728,0.022068996024698504,35.233910318642536,0.2232070808783796,31536.102399999996,2.0912844369005024,244.79999999999998,0.004592250591705163,5.5451067919960026e-06,0.4518955609776518,0.0,0.0,1.1431140812324,scenario_007_low_soil_thermal_capacity_june2024,smartgarden_pa1_pilot_72e6b49d1a80
2024-06-10T17:00,31.2,66.0,128.0,44.0,84.0,0.73,100610.0,24.1,1.54,0.11,33.1,0.153,0,1,0,1.0,32.33122709045245,64.20051009947527,0.022061299385363532,35.2386012879631,0.2224698448881029,14219.3216,1.734305813623465,108.8,0.00377818700283608,2.6556992873657305e-06,0.4473447215314994,0.0,0.0,1.1473583255240065,scenario_007_low_soil_thermal_capacity_june2024,smartgarden_pa1_pilot_72e6b49d1a80
2024-06-10T18:00,30.9,68.0,53.0,21.0,32.0,0.32,100690.0,24.3,1.42,0.04,32.2,0.152,1,1,0,1.0,31.420899508097555,67.54179621778955,0.022110566036387846,35.11994281337709,0.2221149045846137,5789.8368,1.4935227710515826,45.05,0.002834604720313315,1.3013462444244304e-06,0.44515373200378827,0.0,0.0,1.1517026966500898,scenario_007_low_soil_thermal_capacity_june2024,smartgarden_pa1_pilot_72e6b49d1a80
2024-06-10T19:00,30.5,71.0,0.0,0.0,0.0,0.7,100800.0,24.6,1.26,0.03,31.4,0.152,0,0,0,1.0,30.81105440160949,70.66100484231629,0.02238784172630529,34.93787724617366,0.23028426881666897,0.0,1.3039691058221914,0.0,0.0016972992847931947,3.8773409711281587e-07,0.4955819062757344,0.0,0.0,1.155274104033445,scenario_007_low_soil_thermal_capacity_june2024,smartgarden_pa1_pilot_72e6b49d1a80
2024-06-10T20:00,30.1,74.0,0.0,0.0,0.0,0.71,100860.0,24.9,1.13,0.0,30.9,0.152,0,0,0,1.0,30.333835830399845,73.53189317219193,0.022706683082968547,34.72635866702627,0.23021871721678688,0.0,1.144743272137159,0.0,0.0016379945345084807,3.4011050679033365e-07,0.49517726677028945,0.0,0.0,1.1577794798915242,scenario_007_low_soil_thermal_capacity_june2024,smartgarden_pa1_pilot_72e6b49d1a80
2024-06-10T21:00,29.8,76.0,0.0,0.0,0.0,0.76,100940.0,25.2,1.0,0.0,30.4,0.152,0,0,0,1.0,29.989520696906133,75.71681164501892,0.02295073997392593,34.5101995892677,0.23016078755865366,0.0,1.0297323294024792,0.0,0.001678693638169303,3.057190907389248e-07,0.49481967628798557,0.0,0.0,1.1600138902571442,scenario_007_low_soil_thermal_capacity_june2024,smartgarden_pa1_pilot_72e6b49d1a80
2024-06-10T22:00,29.5,79.0,0.0,0.0,0.0,0.81,101000.0,25.4,0.87,0.0,30.1,0.152,0,0,0,1.0,29.68763814560289,78.46232812048706,0.023397488315810986,34.29252945465278,0.23010921584949787,0.0,0.8976114025572737,0.0,0.001763787624376718,2.663220207275228e-07,0.4945013324043078,0.0,0.0,1.1618604598397317,scenario_007_low_soil_thermal_capacity_june2024,smartgarden_pa1_pilot_72e6b49d1a80
2024-06-10T23:00,29.2,81.0,0.0,0.0,0.0,0.85,101040.0,25.6,0.77,0.0,29.8,0.152,0,0,0,1.0,29.390095346665213,80.51756218518301,0.023625885641587376,34.07397082931902,0.23006407193546205,0.0,0.7981700427167189,0.0,0.001836331970724875,2.3668423598815627e-07,0.49422266626828426,0.0,0.0,1.1634637242209025,scenario_007_low_soil_thermal_capacity_june2024,smartgarden_pa1_pilot_72e6b49d1a80
2024-06-11T00:00,28.9,83.0,0.0,0.0,0.0,0.82,101030.0,25.7,0.69,0.0,29.5,0.152,0,0,0,1.0,29.093095993772806,82.44807150512707,0.02380477427762168,33.85461201471781,0.23002392687987247,0.0,0.7068650377325532,0.0,0.0017866438085609815,2.0950413367943753e-07,0.4939748572831634,0.0,0.0,1.1644917405459683,scenario_007_low_soil_thermal_capacity_june2024,smartgarden_pa1_pilot_72e6b49d1a80
2024-06-11T01:00,28.6,84.0,0.0,0.0,0.0,0.92,100990.0,25.6,0.63,0.0,29.2,0.152,0,0,0,1.0,28.795103839416438,83.51512294947105,0.023724390269339514,33.634485752757456,0.2299877905753313,0.0,0.652552329401122,0.0,0.0019649352418867803,1.9331932986511688e-07,0.49375179367488464,0.0,0.0,1.1651794842924486,scenario_007_low_soil_thermal_capacity_june2024,smartgarden_pa1_pilot_72e6b49d1a80
2024-06-11T02:00,28.5,83.0,0.0,0.0,0.0,1.02,100970.0,25.4,0.65,0.0,29.0,0.151,0,0,0,1.0,28.614985454349686,83.00509566503437,0.02334873015814182,33.4151200049305,0.2299529126230348,0.0,0.6657601362366932,0.0,0.0020820730183319872,1.9714615555715582e-07,0.49353649767305435,0.0,0.0,1.165644070911197,scenario_007_low_soil_thermal_capacity_june2024,smartgarden_pa1_pilot_72e6b49d1a80
2024-06-11T03:00,28.4,83.0,0.0,0.0,0.0,1.02,100940.0,25.3,0.65,0.0,28.7,0.151,0,0,0,1.0,28.504826063290917,82.92301546218685,0.023185596316395194,33.200449174947686,0.22991737934973244,0.0,0.6647163356209647,0.0,0.002074048301323127,1.9674958353253592e-07,0.49331715647982993,0.0,0.0,1.165723284733805,scenario_007_low_soil_thermal_capacity_june2024,smartgarden_pa1_pilot_72e6b49d1a80
2024-06-11T04:00,28.3,84.0,0.0,0.0,0.0,1.02,100950.0,25.2,0.63,0.0,28.4,0.151,0,0,0,1.0,28.402733502588546,83.78455467412323,0.02329599884948563,32.99121136423227,0.22988287353985207,0.0,0.6274530369887032,0.0,0.0020724123526695256,1.8563982076283223e-07,0.4931041576534078,0.0,0.0,1.1662334734819197,scenario_007_low_soil_thermal_capacity_june2024,smartgarden_pa1_pilot_72e6b49d1a80
2024-06-11T05:00,28.1,85.0,0.0,0.0,0.0,1.12,101000.0,25.2,0.59,0.0,28.1,0.151,0,0,0,1.0,28.241601601358155,84.61619679557062,0.023320524083791042,32.786517940089965,0.22985044137819025,0.0,0.5897274890025139,0.0,0.0022884598031322253,1.7440740848037987e-07,0.49290395912463114,0.0,0.0,1.1674349107378807,scenario_007_low_soil_thermal_capacity_june2024,smartgarden_pa1_pilot_72e6b49d1a80
2024-06-11T06:00,27.9,86.0,22.0,9.0,13.0,1.12,101060.0,25.3,0.54,0.02,28.2,0.151,1,0,0,1.0,28.09664606914216,85.90007588413965,0.023486939794067345,32.592667374376994,0.2297831813872678,2393.3712,0.5359738339738405,18.7,0.002327868349306725,5.728059611496568e-07,0.4924887739954803,0.0,0.0,1.1686905229482523,scenario_007_low_soil_thermal_capacity_june2024,smartgarden_pa1_pilot_72e6b49d1a80
2024-06-11T07:00,29.0,77.0,166.0,97.0,69.0,0.98,101050.0,24.6,0.91,0.12,29.8,0.151,0,0,0,1.0,29.020183352025576,83.25273867185524,0.02394185093177849,32.47502481388096,0.2377314333043545,17035.5856,0.671624150405469,141.1,0.001928300085872465,3.656816452963788e-06,0.5415520574342871,0.0,0.0,1.1650033080347126,scenario_007_low_soil_thermal_capacity_june2024,smartgarden_pa1_pilot_72e6b49d1a80
2024-06-11T08:00,30.7,65.0,413.0,333.0,80.0,0.5,101040.0,23.5,1.53,0.3,31.1,0.15,0,0,0,1.0,31.155359039778997,80.14049247608936,0.02586465590354301,32.552807352221045,0.23661451752731005,39158.592000000004,0.9001284299594676,351.05,0.0015616098136302266,8.734874696373034e-06,0.5346575156006793,0.0,0.0,1.156714515869453,scenario_007_low_soil_thermal_capacity_june2024,smartgarden_pa1_pilot_72e6b49d1a80
2024-06-11T09:00,32.1,59.0,625.0,528.0,97.0,0.32,101030.0,23.0,1.96,0.46,32.9,0.149,0,1,0,1.0,33.40223271463778,65.18890614249608,0.023706213588531245,32.86551332726056,0.23464211005713523,58412.6928,1.7909454517607934,531.25,0.003536819745671941,1.3052031387493497e-05,0.5224821608465138,0.0,0.0,1.1481227385136077,scenario_007_low_soil_thermal_capacity_june2024,smartgarden_pa1_pilot_72e6b49d1a80
2024-06-11T10:00,33.1,55.0,798.0,694.0,104.0,0.36,101000.0,22.9,2.28,0.61,34.4,0.148,0,1,0,1.0,35.217524135795536,59.10635334443428,0.02363494070015611,33.36906335951319,0.23200786623533076,73882.9696,2.327107954262338,678.3,0.0040946706403446175,1.6158467899574754e-05,0.5062213965143875,0.0,0.0,1.141025075512434,scenario_007_low_soil_thermal_capacity_june2024,smartgarden_pa1_pilot_72e6b49d1a80
2024-06-11T11:00,34.0,52.0,884.0,761.0,123.0,0.28,100930.0,22.9,2.52,0.68,35.7,0.146,0,1,0,1.0,36.60123957332474,54.7508463056742,0.02351584556502534,33.99572945023344,0.22899352150982077,82119.43519999999,2.778209436190472,751.4,0.004329796905617403,1.7300520190897956e-05,0.48761433030753565,0.0,0.0,1.13514063105043,scenario_007_low_soil_thermal_capacity_june2024,smartgarden_pa1_pilot_72e6b49d1a80
2024-06-11T12:00,34.6,51.0,878.0,743.0,135.0,0.36,100840.0,23.1,2.68,0.69,36.5,0.145,0,1,0,1.0,37.45119363386026,52.26037550780012,0.02344520755777667,34.66193197082832,0.22594145501811289,82013.624,3.069978827202599,746.3,0.004490664423699446,1.6606562037088473e-05,0.46877441369205486,0.0,0.0,1.1310248979420967,scenario_007_low_soil_thermal_capacity_june2024,smartgarden_pa1_pilot_72e6b49d1a80
2024-06-11T13:00,34.9,51.0,795.0,636.0,159.0,0.51,100740.0,23.3,2.73,0.63,36.8,0.143,0,1,0,1.0,37.7202643041398,51.16413603761144,0.023270671135801887,35.2873243215705,0.2231355809250417,75554.0016,3.1866401725399562,675.75,0.004552811032380779,1.4591331262870573e-05,0.4514542032409982,0.0,0.0,1.128925317936505,scenario_007_low_soil_thermal_capacity_june2024,smartgarden_pa1_pilot_72e6b49d1a80
2024-06-11T14:00,35.2,50.0,708.0,556.0,152.0,0.86,100680.0,23.2,2.84,0.57,36.8,0.142,0,1,0,1.0,37.75489337328559,49.83061797684778,0.02270418539550702,35.830503775544564,0.22068408924473426,67651.7248,3.2798022970580214,601.8,0.004703091893739573,1.2674652616042273e-05,0.43632153854774236,0.0,0.0,1.128127271792787,scenario_007_low_soil_thermal_capacity_june2024,smartgarden_pa1_pilot_72e6b49d1a80
2024-06-11T15:00,34.4,52.0,596.0,457.0,139.0,1.22,100640.0,23.2,2.6,0.48,36.5,0.141,0,1,0,1.0,37.00128005057027,50.16985576717793,0.021995243608795022,36.27132024589726,0.21860427779519023,57338.3536,3.1269673845349186,506.59999999999997,0.0051305250987284156,1.0448677310864393e-05,0.4234831962666064,0.0,0.0,1.1304191314171488,scenario_007_low_soil_thermal_capacity_june2024,smartgarden_pa1_pilot_72e6b49d1a80
2024-06-11T16:00,33.0,58.0,321.0,186.0,135.0,1.08,100670.0,23.8,2.09,0.27,35.4,0.141,0,1,0,1.0,35.11821754839987,54.966538009958875,0.02186642697108608,36.512972431472534,0.21715216751057698,32997.624,2.548679532548083,272.84999999999997,0.004745693596717643,5.7234611955371005e-06,0.4145195525344258,0.0,0.0,1.1376633465523638,scenario_007_low_soil_thermal_capacity_june2024,smartgarden_pa1_pilot_72e6b49d1a80
2024-06-11T17:00,32.7,60.0,204.0,103.0,101.0,0.71,100670.0,24.0,1.97,0.16,34.5,0.141,0,1,0,1.0,33.853868666812794,59.10049418583798,0.022008542573638407,36.547991286823354,0.2163045612057074,21505.4224,2.1579122767512584,173.4,0.0037667675024028327,3.7235935004097255e-06,0.4092874148500457,0.0,0.0,1.142348640539317,scenario_007_low_soil_thermal_capacity_june2024,smartgarden_pa1_pilot_72e6b49d1a80
2024-06-11T18:00,32.1,64.0,78.0,48.0,30.0,0.99,100720.0,24.4,1.72,0.07,33.5,0.141,1,1,0,1.0,32.87151419923218,62.622800078283724,0.022144104606634865,36.462515174820936,0.2158199059519904,7919.472,1.8666206689096771,66.3,0.0038856596324661668,1.6672232563775878e-06,0.40629571575302725,0.0,0.0,1.146584868753198,scenario_007_low_soil_thermal_capacity_june2024,smartgarden_pa1_pilot_72e6b49d1a80
2024-06-11T19:00,31.3,69.0,0.0,0.0,0.0,0.86,100790.0,25.0,1.4,0.03,32.6,0.14,0,0,0,1.0,31.798256339593046,67.48309497327394,0.02254095587654725,36.27396170332476,0.2239473437003684,0.0,1.5285667163859564,0.0,0.0021064364160133364,4.186424012797624e-07,0.4564650845701753,0.0,0.0,1.1514199223932573,scenario_007_low_soil_thermal_capacity_june2024,smartgarden_pa1_pilot_72e6b49d1a80
2024-06-11T20:00,30.7,73.0,0.0,0.0,0.0,0.3,100860.0,25.3,1.2,0.0,31.9,0.14,0,0,0,1.0,31.043717354797693,72.16401233140813,0.02315135730314925,36.03458809409193,0.22387928571557586,0.0,1.2536732708627678,0.0,0.0012107105922125234,3.430388361927813e-07,0.45604497355293744,0.0,0.0,1.1550776283567556,scenario_007_low_soil_thermal_capacity_june2024,smartgarden_pa1_pilot_72e6b49d1a80
2024-06-11T21:00,30.4,75.0,0.0,0.0,0.0,0.45,100900.0,25.6,1.07,0.0,31.4,0.14,0,0,0,1.0,30.61383899578396,74.79527836500192,0.023447788460754442,35.785769721451665,0.22382160566533818,0.0,1.1076878399344032,0.0,0.0012124457363267163,3.0285664785158423e-07,0.4556889238601122,0.0,0.0,1.1571710026802542,scenario_007_low_soil_thermal_capacity_june2024,smartgarden_pa1_pilot_72e6b49d1a80
2024-06-11T22:00,30.1,78.0,0.0,0.0,0.0,0.54,100940.0,25.9,0.93,0.0,31.0,0.14,0,0,0,1.0,30.3016934980267,77.48376830832511,0.023885586716773363,35.53564070676491,0.22377035917819085,0.0,0.9720355746412834,0.0,0.0013303185209281605,2.655830128713579e-07,0.45537258751969667,0.0,0.0,1.1588205379272034,scenario_007_low_soil_thermal_capacity_june2024,smartgarden_pa1_pilot_72e6b49d1a80
2024-06-11T23:00,29.8,81.0,0.0,0.0,0.0,0.73,100930.0,26.2,0.8,0.0,30.6,0.14,0,0,0,1.0,30.001877142980273,80.32541238287011,0.02436393584011245,35.28581187681356,0.2237259561300211,0.0,0.8348954392824499,0.0,0.0016396788322039146,2.2797579455441702e-07,0.45509849462975993,0.0,0.0,1.1598516917382664,scenario_007_low_soil_thermal_capacity_june2024,smartgarden_pa1_pilot_72e6b49d1a80
2024-06-12T00:00,29.6,83.0,0.0,0.0,0.0,0.92,100900.0,26.4,0.7,0.0,30.3,0.14,0,0,0,1.0,29.762126643066004,82.47952736090721,0.02469487024034502,35.03718367699019,0.2236875709765167,0.0,0.7333220907275604,0.0,0.0019366626800334853,2.0013601336716563e-07,0.45486154923775746,0.0,0.0,1.160424675116918,scenario_007_low_soil_thermal_capacity_june2024,smartgarden_pa1_pilot_72e6b49d1a80
2024-06-12T01:00,29.3,85.0,0.0,0.0,0.0,1.04,100870.0,26.4,0.62,0.0,29.8,0.14,0,0,0,1.0,29.497882742537232,84.29794971767829,0.024880322053582298,34.79093228153925,0.2236536527383421,0.0,0.6472986404540131,0.0,0.0021824199805380016,1.7657744178518823e-07,0.4546521773971734,0.0,0.0,1.1610925262560998,scenario_007_low_soil_thermal_capacity_june2024,smartgarden_pa1_pilot_72e6b49d1a80
2024-06-12T02:00,29.0,87.0,0.0,0.0,0.0,0.98,100860.0,26.7,0.51,0.0,29.4,0.14,0,0,0,1.0,29.203677963153844,86.22271228395999,0.02504486127392075,34.54544181726771,0.22362406114695144,0.0,0.5584028671510866,0.0,0.0020788906181485427,1.5226624753986888e-07,0.45446951325278667,0.0,0.0,1.1621071057254486,scenario_007_low_soil_thermal_capacity_june2024,smartgarden_pa1_pilot_72e6b49d1a80
2024-06-12T03:00,29.0,87.0,0.0,0.0,0.0,1.04,100850.0,26.6,0.52,0.0,29.1,0.14,0,0,0,1.0,29.084788642772974,86.83961411271544,0.025061382941522097,34.302619718836034,0.22359763353303277,0.0,0.5297511755158699,0.0,0.0020956503469770535,1.4440160325670486e-07,0.45430637983353567,0.0,0.0,1.1624489756606935,scenario_007_low_soil_thermal_capacity_june2024,smartgarden_pa1_pilot_72e6b49d1a80
2024-06-12T04:00,28.8,88.0,0.0,0.0,0.0,1.02,100870.0,26.6,0.48,0.0,28.9,0.14,0,0,0,1.0,28.95036751415114,87.50324058522644,0.025068669327055315,34.06672189279903,0.22357227104377764,0.0,0.49914590524325675,0.0,0.0021097561655443104,1.3601221418869866e-07,0.45414982125788667,0.0,0.0,1.1631968462373083,scenario_007_low_soil_thermal_capacity_june2024,smartgarden_pa1_pilot_72e6b49d1a80
2024-06-12T05:00,28.7,88.0,0.0,0.0,0.0,1.1,100970.0,26.5,0.47,0.0,28.7,0.14,0,0,0,1.0,28.816395643006423,87.71100654341761,0.024945290145881212,33.83559882915567,0.22354819667791206,0.0,0.48705846793659635,0.0,0.0022325597784264226,1.3267508145719749e-07,0.4540012140611856,0.0,0.0,1.1648665917094834,scenario_007_low_soil_thermal_capacity_june2024,smartgarden_pa1_pilot_72e6b49d1a80
2024-06-12T06:00,28.6,88.0,23.0,11.0,12.0,1.5,101010.0,26.4,0.48,0.02,28.7,0.14,1,0,0,1.0,28.763365725040956,87.8521575638217,0.024913236231210143,33.61912397805196,0.22348862626209376,2446.1888,0.47998858544163525,19.55,0.00301557508412159,5.297274074903198e-07,0.45363349544502324,0.0,0.0,1.1655327474620307,scenario_007_low_soil_thermal_capacity_june2024,smartgarden_pa1_pilot_72e6b49d1a80
2024-06-12T07:00,29.9,77.0,180.0,126.0,54.0,1.22,101070.0,25.5,0.97,0.13,30.4,0.14,0,0,0,1.0,29.884918245171132,82.17135229728734,0.024766680743580446,33.489295432627344,0.23143809410234836,17739.849599999998,0.7515020243604429,153.0,0.0023893787985943557,3.6877889718608087e-06,0.5027042845823974,0.0,0.0,1.161908797528322,scenario_007_low_soil_thermal_capacity_june2024,smartgarden_pa1_pilot_72e6b49d1a80
2024-06-12T08:00,31.8,64.0,398.0,300.0,98.0,1.03,101090.0,24.1,1.7,0.3,31.9,0.139,0,0,0,1.0,32.17343581893026,73.05570248135591,0.02489464416676429,33.5561755363933,0.23039083392944804,38471.8752,1.2937504487538445,338.3,0.0022913530389882713,7.939711523506812e-06,0.4962397156138768,0.0,0.0,1.153428038681465,scenario_007_low_soil_thermal_capacity_june2024,smartgarden_pa1_pilot_72e6b49d1a80
2024-06-12T09:00,33.1,57.0,622.0,521.0,101.0,0.64,101080.0,23.3,2.19,0.47,33.9,0.138,0,1,0,1.0,34.44212054665355,61.438177060956775,0.02359479355867573,33.85545205303115,0.22857501606835848,58289.422399999996,2.1022401599442295,528.6999999999999,0.0038171415715430373,1.2151405107399074e-05,0.4850309633849289,0.0,0.0,1.1448075262068302,scenario_007_low_soil_thermal_capacity_june2024,smartgarden_pa1_pilot_72e6b49d1a80
2024-06-12T10:00,34.0,54.0,784.0,670.0,114.0,0.41,101070.0,23.3,2.47,0.6,35.4,0.137,0,1,0,1.0,36.17573603173105,56.68673004486218,0.023819785674868862,34.34526064052958,0.2261420984016114,73002.7936,2.598155717603843,666.4,0.004151792162273349,1.4827448542314958e-05,0.47001295309636665,0.0,0.0,1.1382788318370685,scenario_007_low_soil_thermal_capacity_june2024,smartgarden_pa1_pilot_72e6b49d1a80
2024-06-12T11:00,34.7,52.0,895.0,763.0,132.0,0.41,100980.0,23.3,2.67,0.7,36.6,0.136,0,1,0,1.0,37.45156809493814,53.2542287477389,0.023891529885068284,34.96041455524995,0.22333582272727387,83404.0768,3.0061284929088163,760.75,0.00446272099920088,1.6313792376794025e-05,0.45269026374860416,0.0,0.0,1.1325937772868147,scenario_007_low_soil_thermal_capacity_june2024,smartgarden_pa1_pilot_72e6b49d1a80
2024-06-12T12:00,35.4,49.0,946.0,823.0,123.0,0.61,100910.0,23.2,2.9,0.75,37.5,0.134,0,1,0,1.0,38.44722087894426,49.43344281355464,0.023329789929342308,35.64435338691269,0.2203709577093798,87575.43519999999,3.431773662099636,804.1,0.004726481239920542,1.6612569375193335e-05,0.4343886278356779,0.0,0.0,1.1281921651724747,scenario_007_low_soil_thermal_capacity_june2024,smartgarden_pa1_pilot_72e6b49d1a80
2024-06-12T13:00,35.6,49.0,877.0,712.0,165.0,0.71,100830.0,23.2,2.96,0.7,37.9,0.133,0,1,0,1.0,38.77680297715807,48.047680348382684,0.023057313700971832,36.316751038235296,0.21753752059487505,82981.096,3.588935270446968,745.4499999999999,0.004859375404802587,1.4882689423334093e-05,0.4168982752770065,0.0,0.0,1.1261066469487244,scenario_007_low_soil_thermal_capacity_june2024,smartgarden_pa1_pilot_72e6b49d1a80
2024-06-12T14:00,34.8,52.0,672.0,559.0,113.0,0.64,100750.0,23.6,2.64,0.53,37.4,0.133,0,1,0,1.0,37.85477055734828,49.58267154203786,0.022706430705033122,36.85558303389617,0.21519871964131176,63111.61119999999,3.3138857676120237,571.1999999999999,0.004754120073062652,1.1145089846369129e-05,0.40246123235377634,0.0,0.0,1.1285490845492463,scenario_007_low_soil_thermal_capacity_june2024,smartgarden_pa1_pilot_72e6b49d1a80
2024-06-12T15:00,34.6,53.0,591.0,482.0,109.0,1.08,100770.0,23.7,2.56,0.47,37.0,0.132,0,1,0,1.0,37.04430433436607,51.188952353919014,0.022491555593228525,37.23704397981839,0.2133381842383023,55842.8816,3.070201688691897,502.34999999999997,0.004891895475536053,9.558541718946116e-06,0.3909764459154464,0.0,0.0,1.1317223381294228,scenario_007_low_soil_thermal_capacity_june2024,smartgarden_pa1_pilot_72e6b49d1a80
2024-06-12T16:00,32.9,61.0,391.0,281.0,110.0,0.94,100740.0,24.2,1.97,0.31,36.1,0.133,0,1,0,1.0,35.324809916142385,56.976760776413975,0.02291063755521646,37.46719332852726,0.2119143249531356,38278.064000000006,2.462827167320958,332.34999999999997,0.004732022231785988,6.280652681125987e-06,0.3821871910687384,0.0,0.0,1.1376919627957969,scenario_007_low_soil_thermal_capacity_june2024,smartgarden_pa1_pilot_72e6b49d1a80
2024-06-12T17:00,32.8,61.0,245.0,171.0,74.0,0.1,100720.0,24.2,1.95,0.17,35.1,0.133,0,1,0,1.0,34.124491498013974,60.050563735766126,0.02268188073781977,37.50946930200177,0.21099119712600267,24163.4976,2.1397884700919025,208.25,0.0034683981344511942,4.011535261107693e-06,0.37648887114816465,0.0,0.0,1.141909424316953,scenario_007_low_soil_thermal_capacity_june2024,smartgarden_pa1_pilot_72e6b49d1a80
2024-06-12T18:00,32.2,64.0,83.0,52.0,31.0,0.92,100740.0,24.4,1.74,0.07,34.0,0.133,1,1,0,1.0,33.07191953194934,62.3585361456303,0.02228538757212179,37.40859373149345,0.21048572267558624,8394.654400000001,1.9010728703146809,70.55,0.00384853817012756,1.6112327649152968e-06,0.3733686584912731,0.0,0.0,1.1460620209780263,scenario_007_low_soil_thermal_capacity_june2024,smartgarden_pa1_pilot_72e6b49d1a80
2024-06-12T19:00,31.5,69.0,0.0,0.0,0.0,0.71,100790.0,25.1,1.43,0.03,33.0,0.133,0,0,0,1.0,31.991412959251452,67.49879683453305,0.022779408050881734,37.188522293529466,0.21861963435408535,0.0,1.5446094920820368,0.0,0.0018757014564229285,3.9255755024636607e-07,0.42357798984003303,0.0,0.0,1.1506910656384168,scenario_007_low_soil_thermal_capacity_june2024,smartgarden_pa1_pilot_72e6b49d1a80
2024-06-12T20:00,31.1,72.0,0.0,0.0,0.0,0.64,100870.0,25.4,1.26,0.0,32.3,0.132,0,0,0,1.0,31.369895878651366,71.37973984618068,0.023303309438446055,36.91949237246086,0.21855490008284062,0.0,1.3131175217014448,0.0,0.0015616770901392112,3.33409779619518e-07,0.4231783955730903,0.0,0.0,1.1539547973562398,scenario_007_low_soil_thermal_capacity_june2024,smartgarden_pa1_pilot_72e6b49d1a80
2024-06-12T21:00,30.7,75.0,0.0,0.0,0.0,0.71,100900.0,25.7,1.12,0.0,31.8,0.132,0,0,0,1.0,30.950775403476946,74.34174328380959,0.02373139233994133,36.64555944216808,0.2184987261541018,0.0,1.1494943934303636,0.0,0.0016543467785409961,2.9162556174541416e-07,0.4228316429265543,0.0,0.0,1.1558888848026778,scenario_007_low_soil_thermal_capacity_june2024,smartgarden_pa1_pilot_72e6b49d1a80
2024-06-12T22:00,30.4,78.0,0.0,0.0,0.0,0.72,100910.0,26.1,0.96,0.0,31.3,0.132,0,0,0,1.0,30.611814827402156,77.33813476846758,0.024242315564594434,36.37030996278313,0.21844981297584934,0.0,0.9958202267830321,0.0,0.0016323641637389912,2.5245817881802374e-07,0.42252970972746506,0.0,0.0,1.1572933993855954,scenario_007_low_soil_thermal_capacity_june2024,smartgarden_pa1_pilot_72e6b49d1a80
2024-06-12T23:00,30.1,81.0,0.0,0.0,0.0,0.76,100920.0,26.5,0.82,0.0,30.9,0.132,0,0,0,1.0,30.309915582404074,80.24810168387994,0.024748707674999197,36.09606626354673,0.21840766518708288,0.0,0.8530994017712779,0.0,0.0016982894459471318,2.1614273425063064e-07,0.42226953819186963,0.0,0.0,1.1585595407115947,scenario_007_low_soil_thermal_capacity_june2024,smartgarden_pa1_pilot_72e6b49d1a80
2024-06-13T00:00,29.8,84.0,0.0,0.0,0.0,0.72,100900.0,26.8,0.67,0.0,30.4,0.132,0,0,0,1.0,30.012269151941965,83.15090605004484,0.025235123513361494,35.82327259936894,0.21837192580382514,0.0,0.715421282064157,0.0,0.0016332404199753485,1.8116566968802963e-07,0.42204892471497,0.0,0.0,1.159467196007109,scenario_007_low_soil_thermal_capacity_june2024,smartgarden_pa1_pilot_72e6b49d1a80
2024-06-13T01:00,29.3,87.0,0.0,0.0,0.0,0.95,100810.0,27.0,0.52,0.0,29.9,0.132,0,0,0,1.0,29.59404515341099,85.79196682400361,0.02545371751165701,35.550367167128805,0.21834218048896004,0.0,0.5889600988361932,0.0,0.0020970403298812374,1.4907710139058833e-07,0.42186531166024716,0.0,0.0,1.1600332939440847,scenario_007_low_soil_thermal_capacity_june2024,smartgarden_pa1_pilot_72e6b49d1a80
2024-06-13T02:00,29.4,86.0,0.0,0.0,0.0,1.1,100800.0,26.8,0.57,0.0,29.4,0.132,0,0,0,1.0,29.46284948649109,85.99946469285594,0.025334300748795766,35.277935959152906,0.21831615097805018,0.0,0.5759925754304711,0.0,0.0021926126368294343,1.4573924350127414e-07,0.42170463566697647,0.0,0.0,1.160421097057733,scenario_007_low_soil_thermal_capacity_june2024,smartgarden_pa1_pilot_72e6b49d1a80
2024-06-13T03:00,29.2,86.0,0.0,0.0,0.0,1.2,100740.0,26.7,0.55,0.0,29.1,0.132,0,0,0,1.0,29.35401784499753,85.59507012127354,0.02506658036654172,35.01468337973875,0.21828949410337997,0.0,0.5889254735480716,0.0,0.002445790064521645,1.4895341723404182e-07,0.4215400870579011,0.0,0.0,1.1601476055315805,scenario_007_low_soil_thermal_capacity_june2024,smartgarden_pa1_pilot_72e6b49d1a80
2024-06-13T04:00,28.6,90.0,0.0,0.0,0.0,1.3,100750.0,26.8,0.39,0.0,28.9,0.132,0,0,0,1.0,28.92190423454969,88.48422132200051,0.02531041090929133,34.75375262405765,0.21826521976185398,0.0,0.459207223229682,0.0,0.0027360383053249967,1.1610326670372214e-07,0.4213902454435431,0.0,0.0,1.1619225230242372,scenario_007_low_soil_thermal_capacity_june2024,smartgarden_pa1_pilot_72e6b49d1a80
2024-06-13T05:00,28.2,92.0,0.0,0.0,0.0,1.1,100780.0,26.7,0.32,0.0,28.6,0.132,0,0,0,1.0,28.466469953642573,90.80802778160326,0.025337063309761956,34.48758991549431,0.21824684164183586,0.0,0.3569994066303317,0.0,0.0023408428709508237,9.023734063159115e-08,0.42127680025824604,0.0,0.0,1.164023504969961,scenario_007_low_soil_thermal_capacity_june2024,smartgarden_pa1_pilot_72e6b49d1a80
2024-06-13T06:00,28.3,92.0,24.0,13.0,11.0,1.22,100880.0,26.8,0.32,0.01,28.7,0.132,1,0,0,1.0,28.42120405425404,91.96048929577532,0.02559514910781825,34.231738162381774,0.21819717165287955,2499.0063999999998,0.31142077681724567,20.4,0.0024615638534563273,4.651099585251277e-07,0.4209701953881454,0.0,0.0,1.1653534128966594,scenario_007_low_soil_thermal_capacity_june2024,smartgarden_pa1_pilot_72e6b49d1a80
2024-06-13T07:00,30.6,76.0,190.0,136.0,54.0,1.2,100900.0,25.9,1.05,0.14,31.0,0.132,0,0,0,1.0,30.22861366623189,82.33106975903048,0.025279979498064358,34.07846336823334,0.2261591245548026,18619.849599999998,0.7595911268443145,161.5,0.0025870650372503625,3.630841449667058e-06,0.4701180528074235,0.0,0.0,1.1586403599809176,scenario_007_low_soil_thermal_capacity_june2024,smartgarden_pa1_pilot_72e6b49d1a80
2024-06-13T08:00,32.3,64.0,407.0,327.0,80.0,1.08,100910.0,24.5,1.76,0.31,32.6,0.132,0,0,0,1.0,32.771056960168636,71.55041922750561,0.02516691644938092,34.14581997024761,0.22514556580654005,38630.592000000004,1.4127807610915117,345.95,0.0024426222461829254,7.614480912817613e-06,0.4638615173243213,0.0,0.0,1.14912502845763,scenario_007_low_soil_thermal_capacity_june2024,smartgarden_pa1_pilot_72e6b49d1a80
2024-06-13T09:00,33.6,56.0,613.0,510.0,103.0,1.22,100910.0,23.7,2.27,0.48,34.4,0.131,0,1,0,1.0,34.96037936378471,58.57297504586045,0.023110616459564012,34.43905536978446,0.22343959777908234,57567.7872,2.3242135395861103,521.05,0.00455909311347296,1.1261544404478574e-05,0.45333085048816263,0.0,0.0,1.140959756081694,scenario_007_low_soil_thermal_capacity_june2024,smartgarden_pa1_pilot_72e6b49d1a80
2024-06-13T10:00,34.6,53.0,773.0,664.0,109.0,1.17,100820.0,23.6,2.6,0.61,36.0,0.13,0,1,0,1.0,36.717733909980986,54.01527642404898,0.023339179793927262,34.91478269162711,0.22118496093750495,71858.88160000001,2.8413885650942654,657.05,0.004853181580150879,1.374137047338363e-05,0.4394133391204009,0.0,0.0,1.1334771924323361,scenario_007_low_soil_thermal_capacity_june2024,smartgarden_pa1_pilot_72e6b49d1a80
2024-06-13T11:00,35.3,51.0,877.0,752.0,125.0,0.89,100720.0,23.7,2.8,0.7,37.3,0.129,0,1,0,1.0,38.01790465885258,51.09203432586384,0.02359267167150585,35.51461673141766,0.21859259534447117,81573.8,3.243172345177091,745.4499999999999,0.0048090644433489245,1.5027347678778942e-05,0.4234110823732789,0.0,0.0,1.1276215587801923,scenario_007_low_soil_thermal_capacity_june2024,smartgarden_pa1_pilot_72e6b49d1a80
2024-06-13T12:00,36.2,48.0,902.0,752.0,150.0,0.54,100610.0,23.5,3.1,0.72,38.3,0.128,0,1,0,1.0,39.1007063757314,48.07104847156847,0.02344897720729548,36.17356145680887,0.21589640841768576,84653.36,3.6502700814786433,766.6999999999999,0.004605482833418279,1.4924992270970185e-05,0.4067679531955911,0.0,0.0,1.1224840233724493,scenario_007_low_soil_thermal_capacity_june2024,smartgarden_pa1_pilot_72e6b49d1a80
2024-06-13T13:00,36.5,48.0,864.0,709.0,155.0,0.57,100580.0,23.6,3.2,0.69,38.7,0.127,0,1,0,1.0,39.60679482218696,46.824204660576044,0.023430204706368394,36.828405439080534,0.21330996644986097,81485.272,3.8405915941909936,734.4,0.00472256588804456,1.3815780285311821e-05,0.39080226203617885,0.0,0.0,1.120333510207406,scenario_007_low_soil_thermal_capacity_june2024,smartgarden_pa1_pilot_72e6b49d1a80
2024-06-13T14:00,36.3,48.0,760.0,610.0,150.0,0.42,100480.0,23.5,3.15,0.6,38.6,0.126,0,1,0,1.0,39.362836962207005,46.30468106149413,0.022887680932305976,37.40990979342781,0.2110054386325452,72157.36,3.8278321556287986,646.0,0.004616359857921655,1.1811970671898927e-05,0.3765767816823778,0.0,0.0,1.1200933370388748,scenario_007_low_soil_thermal_capacity_june2024,smartgarden_pa1_pilot_72e6b49d1a80
2024-06-13T15:00,35.8,50.0,572.0,436.0,136.0,0.67,100470.0,23.7,2.96,0.46,38.1,0.126,0,1,0,1.0,38.44575578357426,47.764068318427945,0.022540265580148815,37.84437920555535,0.20915659694646,55120.8064,3.544788287612265,486.2,0.0045748586119394715,8.766084887568426e-06,0.36516417868185186,0.0,0.0,1.1232781666230498,scenario_007_low_soil_thermal_capacity_june2024,smartgarden_pa1_pilot_72e6b49d1a80
2024-06-13T16:00,34.9,52.0,314.0,178.0,136.0,1.2,100560.0,23.7,2.67,0.28,37.1,0.126,0,1,0,1.0,36.84994324931216,49.515825940020505,0.021540714360231153,38.06147230160889,0.20792348853118475,32416.806399999998,3.1419889209215413,266.9,0.004813878844722833,4.968438484811479e-06,0.35755239834064667,0.0,0.0,1.1300719601417561,scenario_007_low_soil_thermal_capacity_june2024,smartgarden_pa1_pilot_72e6b49d1a80
2024-06-13T17:00,32.8,61.0,147.0,66.0,81.0,0.89,100540.0,24.3,1.93,0.13,35.6,0.127,0,1,0,1.0,34.49400648281802,57.24837978853601,0.022045408241224244,38.05423067082188,0.20725371218200075,15785.774399999998,2.3373711963476658,124.95,0.004302227756325277,2.482822326013935e-06,0.35341797643210343,0.0,0.0,1.138499570471464,scenario_007_low_soil_thermal_capacity_june2024,smartgarden_pa1_pilot_72e6b49d1a80
2024-06-13T18:00,32.2,63.0,60.0,36.0,24.0,0.64,100570.0,24.3,1.77,0.06,34.3,0.127,1,1,0,1.0,32.95060664102334,61.61231723946569,0.021878066441139543,37.887303554720155,0.20692296985279754,6124.3776,1.9256137870054215,51.0,0.0033878783964172874,1.2123778341955239e-06,0.3513763571160342,0.0,0.0,1.144581464547206,scenario_007_low_soil_thermal_capacity_june2024,smartgarden_pa1_pilot_72e6b49d1a80
2024-06-13T19:00,31.6,68.0,0.0,0.0,0.0,1.06,100660.0,24.9,1.5,0.04,33.3,0.127,0,0,0,1.0,32.02991208205588,66.75064530910002,0.02257313262531005,37.63775589827606,0.2150974836285875,0.0,1.5836063496504047,0.0,0.0023818709058847825,3.8181032748331263e-07,0.40183631869498454,0.0,0.0,1.1490619172246501,scenario_007_low_soil_thermal_capacity_june2024,smartgarden_pa1_pilot_72e6b49d1a80
2024-06-13T20:00,31.1,71.0,0.0,0.0,0.0,0.92,100690.0,25.3,1.3,0.01,32.5,0.127,0,0,0,1.0,31.404474863311485,70.20393792336696,0.022961872396742557,37.35181600302001,0.2150337724621708,0.0,1.3697502438876854,0.0,0.0020524547186290825,3.2992602107775816e-07,0.40144303988994334,0.0,0.0,1.1517648080595515,scenario_007_low_soil_thermal_capacity_june2024,smartgarden_pa1_pilot_72e6b49d1a80
2024-06-13T21:00,30.8,74.0,0.0,0.0,0.0,0.86,100750.0,25.6,1.15,0.0,31.9,0.127,0,0,0,1.0,31.017572635556416,73.37145682291455,0.02350574282983694,37.06122180994773,0.21497826653048893,0.0,1.1975092110880738,0.0,0.0018771319573797894,2.8819286181776446e-07,0.40110041068203045,0.0,0.0,1.1539170532273715,scenario_007_low_soil_thermal_capacity_june2024,smartgarden_pa1_pilot_72e6b49d1a80
2024-06-13T22:00,30.5,77.0,0.0,0.0,0.0,0.94,100760.0,26.0,1.0,0.0,31.3,0.127,0,0,0,1.0,30.71055919897925,76.30734686106385,0.024046574609821885,36.771653244266304,0.21492970470940143,0.0,1.0469998064290258,0.0,0.0020122006223780866,2.5178291948976705e-07,0.4008006463543298,0.0,0.0,1.1551975918318205,scenario_007_low_soil_thermal_capacity_june2024,smartgarden_pa1_pilot_72e6b49d1a80
2024-06-13T23:00,30.2,79.0,0.0,0.0,0.0,0.89,100770.0,26.2,0.9,0.0,30.8,0.127,0,0,0,1.0,30.411784062986147,78.38505340213408,0.02430725826459288,36.48409122662106,0.21488683624967284,0.0,0.9390218234389835,0.0,0.0019250228952483496,2.2566724182353528e-07,0.4005360262325484,0.0,0.0,1.1564493352130196,scenario_007_low_soil_thermal_capacity_june2024,smartgarden_pa1_pilot_72e6b49d1a80
2024-06-14T00:00,29.7,84.0,0.0,0.0,0.0,0.95,100680.0,26.6,0.68,0.0,30.3,0.127,0,0,0,1.0,29.9947076354648,82.61537351382597,0.025048806005359022,36.19702246650047,0.21485029604077313,0.0,0.7374171246340895,0.0,0.002097254096657659,1.7711747717798668e-07,0.4003104693874885,0.0,0.0,1.1570061436467547,scenario_007_low_soil_thermal_capacity_june2024,smartgarden_pa1_pilot_72e6b49d1a80
2024-06-14T01:00,29.1,88.0,0.0,0.0,0.0,1.04,100660.0,26.9,0.47,0.0,29.8,0.127,0,0,0,1.0,29.447568027884415,86.42836831521781,0.025439536809884332,35.905668626530584,0.2148223834298473,0.0,0.5578559753028713,0.0,0.002292369945054902,1.3393168122116352e-07,0.4001381693200451,0.0,0.0,1.1588679220420663,scenario_007_low_soil_thermal_capacity_june2024,smartgarden_pa1_pilot_72e6b49d1a80
2024-06-14T02:00,28.9,88.0,0.0,0.0,0.0,1.04,100630.0,26.7,0.47,0.0,29.4,0.127,0,0,0,1.0,29.097446569532835,87.36845336532966,0.025231384001714017,35.610384574502724,0.21479975255697634,0.0,0.5088353805986796,0.0,0.00218228855824832,1.221200250186271e-07,0.399998472573928,0.0,0.0,1.1598645660870666,scenario_007_low_soil_thermal_capacity_june2024,smartgarden_pa1_pilot_72e6b49d1a80
2024-06-14T03:00,28.6,89.0,0.0,0.0,0.0,1.1,100610.0,26.7,0.41,0.0,29.0,0.127,0,0,0,1.0,28.821174833017942,88.15862189156334,0.02507913155280091,35.31797722971259,0.2147785511314795,0.0,0.4694476223272379,0.0,0.0023085398181172984,1.126301363202832e-07,0.399867599577034,0.0,0.0,1.1606949881469169,scenario_007_low_soil_thermal_capacity_june2024,smartgarden_pa1_pilot_72e6b49d1a80
2024-06-14T04:00,28.4,90.0,0.0,0.0,0.0,1.2,100600.0,26.6,0.39,0.0,28.8,0.127,0,0,0,1.0,28.583408578196995,89.2484656657311,0.02506165936974713,35.028829249373686,0.214759366318678,0.0,0.42041152653329394,0.0,0.0024657741860875334,1.0083549648653407e-07,0.3997491748066544,0.0,0.0,1.161494160386643,scenario_007_low_soil_thermal_capacity_june2024,smartgarden_pa1_pilot_72e6b49d1a80
2024-06-14T05:00,28.6,88.0,0.0,0.0,0.0,1.1,100680.0,26.4,0.47,0.0,28.5,0.127,0,0,0,1.0,28.61802438416535,88.215971617108,0.024818632588346077,34.7476376871937,0.21474065441736007,0.0,0.46171005530874476,0.0,0.0021588004649372335,1.1070893011764314e-07,0.3996336692429634,0.0,0.0,1.1622844728629123,scenario_007_low_soil_thermal_capacity_june2024,smartgarden_pa1_pilot_72e6b49d1a80
2024-06-14T06:00,28.7,88.0,24.0,13.0,11.0,1.2,100710.0,26.6,0.45,0.02,28.6,0.127,1,0,0,1.0,28.79324711029058,88.14751910485136,0.025037792016406456,34.49099094057219,0.21468745257262536,2499.0063999999998,0.4691289394041709,20.4,0.002404722880774572,4.789576239047042e-07,0.39930526279398376,0.0,0.0,1.16195610902085,scenario_007_low_soil_thermal_capacity_june2024,smartgarden_pa1_pilot_72e6b49d1a80
2024-06-14T07:00,30.6,75.0,194.0,141.0,53.0,1.1,100710.0,25.7,1.09,0.14,31.1,0.127,0,0,0,1.0,30.396794934328817,80.84403274255033,0.0250495469992231,34.3382972201853,0.22265408983182114,18936.6672,0.8314829537503945,164.9,0.002294930950116614,3.551704048927619e-06,0.44848203599889597,0.0,0.0,1.1558178390033673,scenario_007_low_soil_thermal_capacity_june2024,smartgarden_pa1_pilot_72e6b49d1a80
2024-06-14T08:00,32.6,60.0,418.0,342.0,76.0,0.54,100710.0,23.9,1.94,0.31,32.7,0.126,0,0,0,1.0,33.02263370149031,72.05980424905502,0.025685443296818978,34.405596220048835,0.22166291652946007,39457.8624,1.407218407261662,355.3,0.001575261300242232,7.446233123989258e-06,0.4423636822806178,0.0,0.0,1.1459051591771525,scenario_007_low_soil_thermal_capacity_june2024,smartgarden_pa1_pilot_72e6b49d1a80
2024-06-14T09:00,34.0,53.0,623.0,529.0,94.0,0.3,100660.0,23.2,2.47,0.47,34.7,0.126,0,1,0,1.0,35.40375355255532,56.90949389515616,0.022977506507621988,34.707402042701155,0.21999909567962586,58131.145599999996,2.477435227616746,529.55,0.00359484289327821,1.093896225675541e-05,0.43209318320756707,0.0,0.0,1.136497646967462,scenario_007_low_soil_thermal_capacity_june2024,smartgarden_pa1_pilot_72e6b49d1a80
2024-06-14T10:00,35.2,50.0,793.0,686.0,107.0,0.4,100630.0,23.0,2.86,0.62,36.4,0.125,0,1,0,1.0,37.3710277804403,51.949388261757804,0.02321044399306831,35.200622547023876,0.21779819588566218,73548.5168,3.076554775524453,674.05,0.004138585784286644,1.346680706881026e-05,0.4185073820102604,0.0,0.0,1.128960914409215,scenario_007_low_soil_thermal_capacity_june2024,smartgarden_pa1_pilot_72e6b49d1a80
2024-06-14T11:00,35.8,48.0,842.0,715.0,127.0,1.49,100570.0,23.1,3.05,0.68,37.4,0.124,0,1,0,1.0,38.51459901084496,47.16117110014893,0.02233353190127751,35.803759336297,0.2153365252970767,78564.1648,3.5990277249973994,715.6999999999999,0.0055244901414245534,1.3860182602344469e-05,0.40331188454985617,0.0,0.0,1.1241478235254412,scenario_007_low_soil_thermal_capacity_june2024,smartgarden_pa1_pilot_72e6b49d1a80
2024-06-14T12:00,36.1,48.0,935.0,798.0,137.0,1.96,100550.0,23.3,3.1,0.76,38.1,0.123,0,1,0,1.0,39.19624266966017,45.72608457710992,0.02241281408647025,36.46011259328338,0.2127593116031778,87099.98879999999,3.8347011022905733,794.75,0.00633510758901015,1.4746334883817107e-05,0.38740315804430736,0.0,0.0,1.1214714906804968,scenario_007_low_soil_thermal_capacity_june2024,smartgarden_pa1_pilot_72e6b49d1a80
2024-06-14T13:00,36.1,49.0,848.0,712.0,136.0,1.75,100460.0,23.6,3.05,0.7,38.3,0.123,0,1,0,1.0,39.261792012706444,46.026784160542206,0.022634846111500267,37.10478958342721,0.21027085445184593,79408.8064,3.8268754891201064,720.8,0.006048193346469907,1.2921820175099576e-05,0.37204231143114774,0.0,0.0,1.1202325939523925,scenario_007_low_soil_thermal_capacity_june2024,smartgarden_pa1_pilot_72e6b49d1a80
2024-06-14T14:00,35.3,53.0,662.0,452.0,210.0,1.75,100410.0,24.2,2.7,0.55,37.9,0.122,0,1,0,1.0,38.27895825318514,48.970698527990734,0.022915000230641597,37.611576552298025,0.2082253689400082,65644.304,3.4318941848052154,562.6999999999999,0.005988572347026253,9.84103495468166e-06,0.3594158576543717,0.0,0.0,1.1232086072785588,scenario_007_low_soil_thermal_capacity_june2024,smartgarden_pa1_pilot_72e6b49d1a80
2024-06-14T15:00,34.6,55.0,516.0,365.0,151.0,1.81,100370.0,24.4,2.45,0.44,37.3,0.122,0,1,0,1.0,37.025534240469526,51.47314680055605,0.022594688534558174,37.939851094736056,0.20666365872138778,50720.5424,3.0492077395619135,438.59999999999997,0.005887056347635231,7.543445630982228e-06,0.3497756711196777,0.0,0.0,1.1272982531534614,scenario_007_low_soil_thermal_capacity_june2024,smartgarden_pa1_pilot_72e6b49d1a80
2024-06-14T16:00,34.6,55.0,417.0,306.0,111.0,0.92,100310.0,24.3,2.45,0.34,36.7,0.121,0,1,0,1.0,36.40392869073634,53.31747498570661,0.022668965838879188,38.13523007996598,0.20544318758653846,40601.246399999996,2.8354663543274503,354.45,0.004391112355715207,6.041093077710877e-06,0.3422418986823362,0.0,0.0,1.1288867066876167,scenario_007_low_soil_thermal_capacity_june2024,smartgarden_pa1_pilot_72e6b49d1a80
2024-06-14T17:00,34.1,57.0,282.0,210.0,72.0,0.89,100350.0,24.3,2.31,0.22,36.0,0.121,0,1,0,1.0,35.63519579896087,55.06554046976997,0.022501257551637514,38.220232184955655,0.20452609272964464,27349.1328,2.6165834060602684,239.7,0.004209505896605761,4.158944079558808e-06,0.33658081931879413,0.0,0.0,1.132148394429681,scenario_007_low_soil_thermal_capacity_june2024,smartgarden_pa1_pilot_72e6b49d1a80
2024-06-14T18:00,33.2,61.0,83.0,53.0,30.0,0.72,100470.0,24.8,1.97,0.07,34.9,0.121,1,1,0,1.0,34.24684170578444,58.84426758875828,0.022369060906151463,38.147892905433494,0.2040172638676163,8359.472,2.219448292819105,70.55,0.0037035558103727124,1.502619894493573e-06,0.3334399004173845,0.0,0.0,1.1386216831046594,scenario_007_low_soil_thermal_capacity_june2024,smartgarden_pa1_pilot_72e6b49d1a80
2024-06-14T19:00,32.2,68.0,0.0,0.0,0.0,0.91,100530.0,25.6,1.51,0.03,33.7,0.121,0,1,0,1.0,32.81998061453139,65.93695469179671,0.02325256468726852,37.93016477868545,0.21216034735052772,0.0,1.6961957569104524,0.0,0.003661293183333681,3.90504138607574e-07,0.3837058478427637,0.0,0.0,1.1446146821299905,scenario_007_low_soil_thermal_capacity_june2024,smartgarden_pa1_pilot_72e6b49d1a80
2024-06-14T20:00,31.4,74.0,0.0,0.0,0.0,1.04,100570.0,26.3,1.18,0.01,32.9,0.121,0,0,0,1.0,31.837748920836365,72.36418880124599,0.024222296410382482,37.65186053596111,0.21209875382936597,0.0,1.302020832774367,0.0,0.002353728567364271,2.9945878213022775e-07,0.38332564092201216,0.0,0.0,1.1487578825302605,scenario_007_low_soil_thermal_capacity_june2024,smartgarden_pa1_pilot_72e6b49d1a80
2024-06-14T21:00,30.9,79.0,0.0,0.0,0.0,0.78,100630.0,26.9,0.92,0.0,32.3,0.121,0,0,0,1.0,31.214865939678184,77.66862794634389,0.025146913175896124,37.35899216829425,0.21205108340876758,0.0,1.0155952952374943,0.0,0.0018281530299912219,2.3340291990493955e-07,0.38303137906646656,0.0,0.0,1.1517955674153713,scenario_007_low_soil_thermal_capacity_june2024,smartgarden_pa1_pilot_72e6b49d1a80
2024-06-14T22:00,30.6,82.0,0.0,0.0,0.0,0.78,100610.0,27.1,0.79,0.0,31.9,0.121,0,0,0,1.0,30.828097377769346,81.10357119927656,0.025719942794374943,37.06181090424685,0.21201298383168707,0.0,0.8406665239333804,0.0,0.0017491738102526117,1.930823687278566e-07,0.3827961964918955,0.0,0.0,1.1530318539955209,scenario_007_low_soil_thermal_capacity_june2024,smartgarden_pa1_pilot_72e6b49d1a80
2024-06-14T23:00,30.3,84.0,0.0,0.0,0.0,0.78,100640.0,27.3,0.7,0.0,31.5,0.121,0,0,0,1.0,30.52077465269458,83.2244647887506,0.025959920164699328,36.76591538828237,0.21198057672319867,0.0,0.7333367157190653,0.0,0.0017425226854437972,1.683430836020891e-07,0.3825961526123375,0.0,0.0,1.1545429124803381,scenario_007_low_soil_thermal_capacity_june2024,smartgarden_pa1_pilot_72e6b49d1a80
2024-06-15T00:00,30.0,86.0,0.0,0.0,0.0,0.76,100620.0,27.4,0.6,0.0,31.2,0.121,0,0,0,1.0,30.22152402923408,85.16736372844564,0.026140868082135265,36.472278828634984,0.2119522756394569,0.0,0.6373994242625023,0.0,0.0017095138921644536,1.4625312897904324e-07,0.3824214545645488,0.0,0.0,1.155452105966706,scenario_007_low_soil_thermal_capacity_june2024,smartgarden_pa1_pilot_72e6b49d1a80
2024-06-15T01:00,29.8,87.0,0.0,0.0,0.0,0.76,100570.0,27.4,0.56,0.0,30.9,0.121,0,0,0,1.0,29.982168601881707,86.40152190662852,0.026179005166583138,36.18167890387593,0.2119273328470878,0.0,0.576402405045962,0.0,0.0016714992095866216,1.3220393922645632e-07,0.3822674867104186,0.0,0.0,1.1557898400024704,scenario_007_low_soil_thermal_capacity_june2024,smartgarden_pa1_pilot_72e6b49d1a80
2024-06-15T02:00,29.4,88.0,0.0,0.0,0.0,0.85,100560.0,27.1,0.5,0.0,30.6,0.121,0,0,0,1.0,29.657908660673613,87.12831267118587,0.025939858715662036,35.89442974192302,0.2119043561740424,0.0,0.5355286420918812,0.0,0.0018958521600102893,1.2278354000539663e-07,0.3821256553953235,0.0,0.0,1.1569124632875896,scenario_007_low_soil_thermal_capacity_june2024,smartgarden_pa1_pilot_72e6b49d1a80
2024-06-15T03:00,29.2,88.0,0.0,0.0,0.0,0.95,100530.0,27.1,0.48,0.0,30.3,0.121,0,0,0,1.0,29.38582533286131,87.44532909641961,0.025652717042946357,35.6083735015428,0.2118828166226354,0.0,0.5142219399280523,0.0,0.002010606616888116,1.1785741485890184e-07,0.38199269520145307,0.0,0.0,1.1576074724938723,scenario_007_low_soil_thermal_capacity_june2024,smartgarden_pa1_pilot_72e6b49d1a80
2024-06-15T04:00,29.1,89.0,0.0,0.0,0.0,0.89,100500.0,27.1,0.44,0.0,30.1,0.121,0,0,0,1.0,29.237330008061054,88.4639155587544,0.025742929196813827,35.32735866368274,0.21186250617019897,0.0,0.46847403595378356,0.0,0.001861066109438328,1.073369553324776e-07,0.3818673220382653,0.0,0.0,1.1578303253774742,scenario_007_low_soil_thermal_capacity_june2024,smartgarden_pa1_pilot_72e6b49d1a80
2024-06-15T05:00,28.9,90.0,0.0,0.0,0.0,0.89,100530.0,27.1,0.41,0.0,29.8,0.121,0,0,0,1.0,29.071119728727002,89.34453043187428,0.025765104260239913,35.05325541314363,0.21184400046462723,0.0,0.42858112676497395,0.0,0.0018907652733899983,9.816730149179077e-08,0.3817530892878224,0.0,0.0,1.158812899696672,scenario_007_low_soil_thermal_capacity_june2024,smartgarden_pa1_pilot_72e6b49d1a80
2024-06-15T06:00,29.0,89.0,23.0,10.0,13.0,1.08,100570.0,27.0,0.43,0.01,29.8,0.121,1,0,0,1.0,29.108685986330883,89.17190591865985,0.025767969000153566,34.7955345952387,0.21179621423286077,2481.3712,0.43647025878695045,19.55,0.002189246371336914,4.354848471748247e-07,0.3814581125485233,0.0,0.0,1.1591299006170332,scenario_007_low_soil_thermal_capacity_june2024,smartgarden_pa1_pilot_72e6b49d1a80
2024-06-15T07:00,30.0,81.0,161.0,72.0,89.0,0.95,100690.0,26.4,0.8,0.12,30.8,0.121,0,0,0,1.0,30.087653459853932,85.34792069234513,0.02600761627899015,34.62033377799641,0.21983235770470022,17299.2336,0.6248297468971131,136.85,0.0019285213258454666,2.816204428820272e-06,0.43106393644876684,0.0,0.0,1.1567663919120093,scenario_007_low_soil_thermal_capacity_june2024,smartgarden_pa1_pilot_72e6b49d1a80
2024-06-15T08:00,31.6,70.0,350.0,212.0,138.0,0.45,100690.0,25.5,1.38,0.26,32.3,0.12,0,0,0,1.0,32.04424552674595,79.86453895438548,0.02702848008055625,34.617850770200505,0.21904253855746014,35655.1712,0.959792295936849,297.5,0.0014891145663213704,5.951030141343342e-06,0.4261885096139515,0.0,0.0,1.149350393809699,scenario_007_low_soil_thermal_capacity_june2024,smartgarden_pa1_pilot_72e6b49d1a80
2024-06-15T09:00,33.0,62.0,572.0,377.0,195.0,0.45,100720.0,24.7,1.93,0.44,34.1,0.12,0,1,0,1.0,34.25302440376643,65.2222753523117,0.02480161890030779,34.83203347905936,0.2176356336142991,57196.568,1.8761393409402691,486.2,0.0035851053983124567,9.604545380809725e-06,0.41750391119937724,0.0,0.0,1.1414319633788303,scenario_007_low_soil_thermal_capacity_june2024,smartgarden_pa1_pilot_72e6b49d1a80
2024-06-15T10:00,34.4,55.0,762.0,608.0,154.0,0.32,100620.0,24.1,2.42,0.59,35.8,0.12,0,1,0,1.0,36.39890295993873,57.02005784942836,0.024236920289821526,35.255307341512655,0.21564729793578172,72474.08959999999,2.6098562196365904,647.6999999999999,0.003998621840594988,1.2445598608501748e-05,0.4052302341714921,0.0,0.0,1.1323938252666748,scenario_007_low_soil_thermal_capacity_june2024,smartgarden_pa1_pilot_72e6b49d1a80
2024-06-15T11:00,35.1,52.0,824.0,698.0,126.0,0.22,100570.0,23.9,2.7,0.65,37.0,0.119,0,1,0,1.0,37.776310722683675,51.95623566045072,0.02369851995860184,35.81052701264627,0.21334884098455098,76944.9824,3.1444866344362876,700.4,0.004345812242602181,1.306264518778301e-05,0.3910422282996974,0.0,0.0,1.1268170899839207,scenario_007_low_soil_thermal_capacity_june2024,smartgarden_pa1_pilot_72e6b49d1a80
2024-06-15T12:00,35.8,50.0,895.0,690.0,205.0,0.57,100440.0,23.7,2.95,0.71,38.1,0.118,0,1,0,1.0,38.776488013391564,49.07167591617039,0.023548337782092525,36.4265959032314,0.21094103087178578,85972.39199999999,3.518136715052987,760.75,0.004663684757844478,1.3672094706820498e-05,0.3761792029122579,0.0,0.0,1.1217521157097523,scenario_007_low_soil_thermal_capacity_june2024,smartgarden_pa1_pilot_72e6b49d1a80
2024-06-15T13:00,36.2,49.0,828.0,658.0,170.0,1.08,100370.0,23.8,3.05,0.67,38.5,0.118,0,1,0,1.0,39.226482953363075,46.91094710837622,0.023028649380676617,37.043938230485786,0.20860696591855565,78845.008,3.757069943328347,703.8,0.0051398331847707325,1.2273182096789757e-05,0.36177139455898555,0.0,0.0,1.1193555117029288,scenario_007_low_soil_thermal_capacity_june2024,smartgarden_pa1_pilot_72e6b49d1a80
2024-06-15T14:00,36.0,49.0,843.0,727.0,116.0,1.51,100270.0,23.6,3.02,0.68,38.6,0.117,0,1,0,1.0,39.20511181099243,45.93274749737884,0.022524177370771677,37.62345807594456,0.20641932653343484,78265.1584,3.8219160099258094,716.55,0.005733284294692124,1.2028426145971562e-05,0.3482674477372521,0.0,0.0,1.1183167918433792,scenario_007_low_soil_thermal_capacity_june2024,smartgarden_pa1_pilot_72e6b49d1a80
2024-06-15T15:00,33.9,57.0,658.0,509.0,149.0,1.84,100310.0,24.3,2.26,0.53,37.9,0.121,0,1,0,1.0,37.38505046561553,50.814694782744,0.02271974821200814,38.09284802285557,0.20451903237469132,63146.17759999999,3.151605831793117,559.3,0.006291303599999155,9.106517077456145e-06,0.33653723688081066,0.0,0.0,1.1253200390034304,scenario_007_low_soil_thermal_capacity_june2024,smartgarden_pa1_pilot_72e6b49d1a80
2024-06-15T16:00,32.6,65.0,393.0,306.0,87.0,1.91,100350.0,25.2,1.72,0.32,36.4,0.121,0,1,0,1.0,35.02961222329316,59.39047416894242,0.023517728546720268,38.307428936252705,0.2032189051316779,37644.8688,2.287083964101327,334.05,0.006048455802968958,5.389071292431354e-06,0.3285117600720858,0.0,0.0,1.1343731051038848,scenario_007_low_soil_thermal_capacity_june2024,smartgarden_pa1_pilot_72e6b49d1a80
2024-06-15T17:00,32.3,66.0,180.0,111.0,69.0,0.91,100400.0,25.1,1.65,0.15,35.2,0.121,0,1,0,1.0,33.55881422055437,63.556279033673555,0.02330376182441396,38.27897295024957,0.202502758309152,18267.5856,1.8914211670767398,153.0,0.004077785998464073,2.5991628888643083e-06,0.3240911006737777,0.0,0.0,1.1403808208715813,scenario_007_low_soil_thermal_capacity_june2024,smartgarden_pa1_pilot_72e6b49d1a80
2024-06-15T18:00,31.6,68.0,61.0,33.0,28.0,0.71,100450.0,25.0,1.47,0.05,34.0,0.121,1,1,0,1.0,32.409135961185,66.13246899178584,0.022819354602942134,38.09401808596858,0.2021730716017576,6353.1071999999995,1.6479314265360543,51.85,0.0035219837769298497,1.069872875936248e-06,0.3220559975417136,0.0,0.0,1.1452416040860078,scenario_007_low_soil_thermal_capacity_june2024,smartgarden_pa1_pilot_72e6b49d1a80
2024-06-15T19:00,30.8,71.0,0.0,0.0,0.0,1.12,100530.0,24.9,1.28,0.03,33.0,0.121,0,1,0,1.0,31.31827013359305,69.35420337954174,0.022579581723417376,37.815782716920545,0.21036716273703435,0.0,1.4019346346138706,0.0,0.003931050242601665,3.1344746753489004e-07,0.37263680701873053,0.0,0.0,1.1502601960747976,scenario_007_low_soil_thermal_capacity_june2024,smartgarden_pa1_pilot_72e6b49d1a80
2024-06-15T20:00,30.1,72.0,0.0,0.0,0.0,1.04,100550.0,24.5,1.19,0.01,32.2,0.12,0,0,0,1.0,30.50709007324425,71.01709206771226,0.022135799904884172,37.49573943956605,0.21031390477125372,0.0,1.2659875174032433,0.0,0.002333643754707219,2.8280240950464865e-07,0.3723080541435415,0.0,0.0,1.1535624157193372,scenario_007_low_soil_thermal_capacity_june2024,smartgarden_pa1_pilot_72e6b49d1a80
2024-06-15T21:00,29.8,72.0,0.0,0.0,0.0,0.98,100590.0,24.2,1.16,0.01,31.7,0.12,0,0,0,1.0,30.043176924717464,71.62207932224352,0.021772628245013276,37.16762221778007,0.21026444685704665,0.0,1.2070788252922462,0.0,0.0021093785108457167,2.6942199155218836e-07,0.37200275837683117,0.0,0.0,1.1557870743501466,scenario_007_low_soil_thermal_capacity_june2024,smartgarden_pa1_pilot_72e6b49d1a80
2024-06-15T22:00,29.4,75.0,0.0,0.0,0.0,1.03,100670.0,24.4,1.03,0.01,31.2,0.12,0,0,0,1.0,29.667442069236404,74.12661812756592,0.022080397931212543,36.840286926579054,0.21021836338650654,0.0,1.077056533551659,0.0,0.0022163710499493914,2.4021696935268475e-07,0.37171829250929966,0.0,0.0,1.1581415179237236,scenario_007_low_soil_thermal_capacity_june2024,smartgarden_pa1_pilot_72e6b49d1a80
2024-06-15T23:00,29.1,77.0,0.0,0.0,0.0,1.12,100710.0,24.6,0.94,0.01,30.9,0.12,0,0,0,1.0,29.331369941604823,76.27274105530701,0.022309059463055413,36.514387751330474,0.21017742411420107,0.0,0.9687903706809138,0.0,0.002351696109426771,2.159233667193311e-07,0.37146558095185844,0.0,0.0,1.1598889565500385,scenario_007_low_soil_thermal_capacity_june2024,smartgarden_pa1_pilot_72e6b49d1a80
2024-06-16T00:00,29.0,78.0,0.0,0.0,0.0,1.12,100670.0,24.7,0.88,0.0,30.6,0.12,0,0,0,1.0,29.147946205271378,77.61292408237276,0.022475748695014466,36.193148257582365,0.21014000040863506,0.0,0.9044496512830551,0.0,0.002292709708369585,2.0145778665834362e-07,0.37123457042367325,0.0,0.0,1.1601317720289863,scenario_007_low_soil_thermal_capacity_june2024,smartgarden_pa1_pilot_72e6b49d1a80
2024-06-16T01:00,28.8,80.0,0.0,0.0,0.0,1.17,100610.0,24.9,0.8,0.0,30.3,0.12,0,0,0,1.0,28.977373144638324,79.37571498112426,0.022773717767828515,35.88002282975782,0.21010525790460768,0.0,0.825062723090066,0.0,0.002406040718874514,1.8366891762520864e-07,0.3710201105222697,0.0,0.0,1.1600949147554602,scenario_007_low_soil_thermal_capacity_june2024,smartgarden_pa1_pilot_72e6b49d1a80
2024-06-16T02:00,28.8,80.0,0.0,0.0,0.0,1.06,100570.0,25.0,0.79,0.0,30.1,0.12,0,0,0,1.0,28.899648342048753,79.85427355053098,0.02281416513736389,35.5751772620341,0.21007284958282765,0.0,0.8023047990628358,0.0,0.0021448885295046204,1.785064278284537e-07,0.37082005915325716,0.0,0.0,1.159932092525456,scenario_007_low_soil_thermal_capacity_june2024,smartgarden_pa1_pilot_72e6b49d1a80
2024-06-16T03:00,28.6,80.0,0.0,0.0,0.0,0.99,100570.0,24.9,0.78,0.0,30.0,0.12,0,0,0,1.0,28.768883928780866,79.67899467468197,0.02260228566840452,35.28036351670527,0.2100406651613955,0.0,0.8031851794801952,0.0,0.0020695562700318183,1.7860656453246573e-07,0.3706213898851574,0.0,0.0,1.1604344719643835,scenario_007_low_soil_thermal_capacity_june2024,smartgarden_pa1_pilot_72e6b49d1a80
2024-06-16T04:00,28.4,82.0,0.0,0.0,0.0,1.06,100610.0,25.0,0.7,0.0,29.8,0.12,0,0,0,1.0,28.575156737566136,81.3522607081296,0.022834042783754553,34.992030090878224,0.21000986219849546,0.0,0.7288238903837483,0.0,0.0022022153190991147,1.6198748603296332e-07,0.3704312481388609,0.0,0.0,1.1616413857674266,scenario_007_low_soil_thermal_capacity_june2024,smartgarden_pa1_pilot_72e6b49d1a80
2024-06-16T05:00,28.3,82.0,0.0,0.0,0.0,1.34,100620.0,25.0,0.69,0.0,29.7,0.12,0,0,0,1.0,28.43344914277455,81.66282237847763,0.022744258917166547,34.70984792245821,0.20998123791986747,0.0,0.7108191278134139,0.0,0.0026958826803008423,1.5791041193840398e-07,0.3702545550609104,0.0,0.0,1.162302730226951,scenario_007_low_soil_thermal_capacity_june2024,smartgarden_pa1_pilot_72e6b49d1a80
2024-06-16T06:00,28.4,82.0,21.0,9.0,12.0,1.41,100650.0,25.0,0.7,0.02,29.6,0.12,1,0,0,1.0,28.498455742886524,82.05955411675812,0.022936176818068574,34.44514461596134,0.20992642404244138,2270.1888,0.69806830441164,17.849999999999998,0.0028079018728718896,4.5207124965769766e-07,0.36991619779284807,0.0,0.0,1.1623987163320282,scenario_007_low_soil_thermal_capacity_june2024,smartgarden_pa1_pilot_72e6b49d1a80
2024-06-16T07:00,29.6,73.0,157.0,90.0,67.0,1.1,100700.0,24.3,1.11,0.12,30.4,0.12,0,0,0,1.0,29.596372282263452,77.26379207035849,0.022926376580226154,34.263669994380564,0.2179661543456986,16173.2208,0.9426014162347731,133.45,0.0021477757156406854,2.7567453357399905e-06,0.41954416262776917,0.0,0.0,1.1587586030392845,scenario_007_low_soil_thermal_capacity_june2024,smartgarden_pa1_pilot_72e6b49d1a80
2024-06-16T08:00,30.7,67.0,251.0,103.0,148.0,0.5,100730.0,23.8,1.46,0.19,31.5,0.12,0,0,0,1.0,31.09535334384457,73.90751046884408,0.023776431507599553,34.21779946662141,0.21733147994905647,27294.995199999998,1.1786077099538237,213.35,0.0014975968435953157,4.284241647871847e-06,0.41562641943862016,0.0,0.0,1.1533930460182937,scenario_007_low_soil_thermal_capacity_june2024,smartgarden_pa1_pilot_72e6b49d1a80
2024-06-16T09:00,32.0,61.0,453.0,247.0,206.0,0.14,100780.0,23.6,1.85,0.34,33.0,0.119,0,1,0,1.0,32.919508638112916,64.84343604641852,0.022987599270175296,34.33235979703131,0.21626738882292862,47111.5744,1.7604585005258047,385.05,0.0031387388171814565,7.519927196041196e-06,0.40905795569709025,0.0,0.0,1.1470879999589318,scenario_007_low_soil_thermal_capacity_june2024,smartgarden_pa1_pilot_72e6b49d1a80
2024-06-16T10:00,33.8,54.0,791.0,686.0,105.0,1.02,100720.0,23.2,2.42,0.61,35.1,0.119,0,1,0,1.0,35.56271735312914,56.261363039322376,0.022903769164960914,34.7064106144792,0.21444807162484242,73302.152,2.536811391354928,672.35,0.004492769937338205,1.2642100644522105e-05,0.39782760262248407,0.0,0.0,1.1365895150099006,scenario_007_low_soil_thermal_capacity_june2024,smartgarden_pa1_pilot_72e6b49d1a80
2024-06-16T11:00,34.7,51.0,861.0,724.0,137.0,1.41,100690.0,23.2,2.7,0.68,36.5,0.118,0,1,0,1.0,37.354616264003326,50.062191488899174,0.02234851300125648,35.288344357602206,0.21210442356578976,80587.98879999999,3.194537724077467,731.85,0.0053965410576202345,1.3360107788554606e-05,0.38336063929499853,0.0,0.0,1.1296937562640825,scenario_007_low_soil_thermal_capacity_june2024,smartgarden_pa1_pilot_72e6b49d1a80
2024-06-16T12:00,35.3,50.0,892.0,745.0,147.0,1.62,100640.0,23.2,2.87,0.72,37.5,0.118,0,1,0,1.0,38.27512978530907,47.82899708196945,0.02237641228427158,35.92378953377537,0.20969940095262443,83667.8128,3.5079526767317053,758.1999999999999,0.005802402341009889,1.33489966983038e-05,0.3685148206952126,0.0,0.0,1.1257952781279421,scenario_007_low_soil_thermal_capacity_june2024,smartgarden_pa1_pilot_72e6b49d1a80
2024-06-16T13:00,34.7,51.0,702.0,533.0,169.0,1.14,100600.0,23.2,2.7,0.57,37.5,0.117,0,1,0,1.0,37.77777772805616,47.87917200722828,0.02184050291125411,36.486270081983065,0.20757632138291096,67721.8256,3.411603392513414,596.6999999999999,0.0052340177033963235,1.0270784800174462e-05,0.35540939125253684,0.0,0.0,1.1271479010912104,scenario_007_low_soil_thermal_capacity_june2024,smartgarden_pa1_pilot_72e6b49d1a80
2024-06-16T14:00,34.7,50.0,678.0,461.0,217.0,1.12,100480.0,22.9,2.74,0.55,37.6,0.117,0,1,0,1.0,37.35646674904801,47.93027926717683,0.02139881903133623,36.928164141872706,0.20578780211002592,67298.58080000001,3.3312517132142583,576.3,0.005032684858410347,9.619005511318804e-06,0.34436914882732056,0.0,0.0,1.1273309380167922,scenario_007_low_soil_thermal_capacity_june2024,smartgarden_pa1_pilot_72e6b49d1a80
2024-06-16T15:00,34.6,51.0,601.0,384.0,217.0,1.43,100500.0,23.1,2.68,0.49,37.3,0.117,0,1,0,1.0,37.05551115029312,48.472962477977546,0.02131042573483577,37.3068085468827,0.2041728498918882,60522.5808,3.243014957657109,510.84999999999997,0.005344543439590895,8.337957000161622e-06,0.3344003079746185,0.0,0.0,1.1286492602758138,scenario_007_low_soil_thermal_capacity_june2024,smartgarden_pa1_pilot_72e6b49d1a80
2024-06-16T16:00,33.5,56.0,379.0,182.0,197.0,1.81,100540.0,23.4,2.29,0.33,36.3,0.117,0,1,0,1.0,35.68434278533025,52.1809285244046,0.02137684387479836,37.538927173926226,0.20294854474341786,40282.932799999995,2.7920951573272488,322.15,0.005803714185624821,5.285705192768618e-06,0.32684286878653007,0.0,0.0,1.1341114659721248,scenario_007_low_soil_thermal_capacity_june2024,smartgarden_pa1_pilot_72e6b49d1a80
2024-06-16T17:00,32.1,61.0,167.0,39.0,128.0,0.91,100550.0,23.6,1.87,0.15,35.0,0.118,0,1,0,1.0,33.68441670518691,57.721106651064616,0.02130443846282524,37.5492648121256,0.20225064879294433,19199.3472,2.209707708501805,141.95,0.004267034021038338,2.4878967819402705e-06,0.32253486909224893,0.0,0.0,1.1416170654407378,scenario_007_low_soil_thermal_capacity_june2024,smartgarden_pa1_pilot_72e6b49d1a80
2024-06-16T18:00,31.5,64.0,60.0,24.0,36.0,0.86,100610.0,23.9,1.65,0.06,33.8,0.118,1,1,0,1.0,32.270166671274204,62.2884154333582,0.021334945298757423,37.38693281787334,0.2019302021223677,6546.5664,1.820658306789674,51.0,0.003695381332144548,1.0858525073533777e-06,0.32055680322449204,0.0,0.0,1.1475877084788642,scenario_007_low_soil_thermal_capacity_june2024,smartgarden_pa1_pilot_72e6b49d1a80
2024-06-16T19:00,30.9,67.0,0.0,0.0,0.0,0.89,100570.0,24.2,1.46,0.03,32.9,0.118,0,0,0,1.0,31.33791356441307,65.95891351172438,0.021496763281168754,37.135275930107234,0.21011960859323842,0.0,1.5589951263080972,0.0,0.002107627821687029,3.4713398812003365e-07,0.3711086950199902,0.0,0.0,1.1506436381878071,scenario_007_low_soil_thermal_capacity_june2024,smartgarden_pa1_pilot_72e6b49d1a80
2024-06-16T20:00,30.4,71.0,0.0,0.0,0.0,1.0,100640.0,24.6,1.25,0.01,32.2,0.118,0,0,0,1.0,30.709896841918198,70.01036817560568,0.022061435256652617,36.847181040943994,0.21006192548275146,0.0,1.3252189179790688,0.0,0.0021946868722026174,2.947970366666347e-07,0.37075262643673745,0.0,0.0,1.1538243257716931,scenario_007_low_soil_thermal_capacity_june2024,smartgarden_pa1_pilot_72e6b49d1a80
2024-06-16T21:00,30.0,75.0,0.0,0.0,0.0,1.0,100700.0,25.1,1.07,0.01,31.7,0.118,0,0,0,1.0,30.261737481891704,74.03798433695206,0.02277423189973151,36.55366032497525,0.21001311229539885,0.0,1.1182312948673534,0.0,0.002158775604348423,2.485501491522361e-07,0.370451310465425,0.0,0.0,1.1562175093570464,scenario_007_low_soil_thermal_capacity_june2024,smartgarden_pa1_pilot_72e6b49d1a80
2024-06-16T22:00,29.7,77.0,0.0,0.0,0.0,0.99,100710.0,25.3,0.94,0.0,31.2,0.118,0,0,0,1.0,29.920033960894592,76.34641083872314,0.02305478360077449,36.259274484805346,0.2099709786022315,0.0,0.9990429913437908,0.0,0.0021092124847448485,2.2190216983921415e-07,0.37019122593970055,0.0,0.0,1.1576360617779322,scenario_007_low_soil_thermal_capacity_june2024,smartgarden_pa1_pilot_72e6b49d1a80
2024-06-16T23:00,29.4,79.0,0.0,0.0,0.0,0.85,100740.0,25.4,0.84,0.0,30.9,0.118,0,0,0,1.0,29.61821260489331,78.33008792623801,0.023270318915931686,35.96665353507543,0.2099330538870488,0.0,0.8995242021126568,0.0,0.0018611800126161352,1.9967123139971276e-07,0.36995712275956055,0.0,0.0,1.159135263729084,scenario_007_low_soil_thermal_capacity_june2024,smartgarden_pa1_pilot_72e6b49d1a80
2024-06-17T00:00,29.1,81.0,0.0,0.0,0.0,1.0,100710.0,25.6,0.74,0.0,30.6,0.118,0,0,0,1.0,29.318776485915066,80.2525078775582,0.023457045290302472,35.67623151620542,0.20989900943492143,0.0,0.805710266690292,0.0,0.002126440241310386,1.7874535876405506e-07,0.3697469718205027,0.0,0.0,1.1599372491716737,scenario_007_low_soil_thermal_capacity_june2024,smartgarden_pa1_pilot_72e6b49d1a80
2024-06-17T01:00,28.8,83.0,0.0,0.0,0.0,0.86,100680.0,25.7,0.67,0.0,30.3,0.118,0,0,0,1.0,29.020659749188656,82.2107663509519,0.02364281369700425,35.38793205437966,0.20986869344221523,0.0,0.7134305474540108,0.0,0.0018810859125800315,1.5819316569568876e-07,0.36955983606305703,0.0,0.0,1.1607357558783429,scenario_007_low_soil_thermal_capacity_june2024,smartgarden_pa1_pilot_72e6b49d1a80
2024-06-17T02:00,28.7,87.0,0.0,0.0,0.0,0.86,100650.0,26.4,0.51,0.0,30.1,0.118,0,0,0,1.0,28.84231305358838,86.06015571353281,0.02451041237286449,35.10326195244296,0.2098433182907505,0.0,0.5533169915244338,0.0,0.0018113350340399103,1.2263824014621182e-07,0.36940319932562043,0.0,0.0,1.1610751750388086,scenario_007_low_soil_thermal_capacity_june2024,smartgarden_pa1_pilot_72e6b49d1a80
2024-06-17T03:00,28.6,88.0,0.0,0.0,0.0,0.81,100610.0,26.4,0.47,0.0,29.9,0.118,0,0,0,1.0,28.733232326208043,87.50786413921378,0.0247748160734462,34.82605500680643,0.20982270570110176,0.0,0.49273198041450206,0.0,0.0017127999110266225,1.0917244538465849e-07,0.3692759611179121,0.0,0.0,1.161033113673508,scenario_007_low_soil_thermal_capacity_june2024,smartgarden_pa1_pilot_72e6b49d1a80
2024-06-17T04:00,28.5,88.0,0.0,0.0,0.0,0.81,100630.0,26.3,0.47,0.0,29.7,0.118,0,0,0,1.0,28.630368027728437,87.67201468919647,0.024682237247525683,34.5568820834987,0.20980332788458436,0.0,0.48336848684204536,0.0,0.0017100862539996546,1.0706312632477868e-07,0.3691563449665702,0.0,0.0,1.1616597386947454,scenario_007_low_soil_thermal_capacity_june2024,smartgarden_pa1_pilot_72e6b49d1a80
2024-06-17T05:00,28.4,88.0,0.0,0.0,0.0,0.95,100700.0,26.3,0.46,0.0,29.6,0.118,0,0,0,1.0,28.52727863377277,87.65330857893166,0.02453831472800193,34.295471365402534,0.2097841046253222,0.0,0.4812173972716649,0.0,0.0019624715214169616,1.065524119482017e-07,0.36903768287235933,0.0,0.0,1.1628650490674828,scenario_007_low_soil_thermal_capacity_june2024,smartgarden_pa1_pilot_72e6b49d1a80
2024-06-17T06:00,28.5,87.0,22.0,11.0,11.0,0.95,100740.0,26.2,0.49,0.01,29.6,0.118,1,0,0,1.0,28.598491193149993,87.29777924077646,0.02453410698459783,34.05156766640969,0.20973680626390687,2323.0063999999998,0.49712262340726454,18.7,0.0019381249064833218,4.202866245519047e-07,0.36874571767843745,0.0,0.0,1.163052416861673,scenario_007_low_soil_thermal_capacity_june2024,smartgarden_pa1_pilot_72e6b49d1a80
2024-06-17T07:00,29.6,78.0,171.0,115.0,56.0,0.82,100770.0,25.4,0.9,0.12,30.5,0.118,0,0,0,1.0,29.6685325295785,83.44570296102357,0.024857780797262148,33.89471606560866,0.21776589281025927,17018.214399999997,0.6891650994398213,145.35,0.0016678872419819226,2.909017878722405e-06,0.4183079803102424,0.0,0.0,1.1592877768847536,scenario_007_low_soil_thermal_capacity_june2024,smartgarden_pa1_pilot_72e6b49d1a80
2024-06-17T08:00,31.3,66.0,372.0,277.0,95.0,0.54,100820.0,24.3,1.53,0.27,32.2,0.117,0,0,0,1.0,31.769190548505083,75.92389653717215,0.025321110894111248,33.922147961332364,0.2169493149688154,36078.328,1.1299180101824713,316.2,0.001624475505997802,6.160556449030002e-06,0.4132673763507123,0.0,0.0,1.1518724302850456,scenario_007_low_soil_thermal_capacity_june2024,smartgarden_pa1_pilot_72e6b49d1a80
2024-06-17T09:00,32.9,58.0,613.0,505.0,108.0,0.2,100760.0,23.5,2.09,0.46,34.1,0.117,0,1,0,1.0,34.208880287921716,61.783176961252316,0.023439646423721806,34.18190510251566,0.21548970610558255,57743.699199999995,2.0566143980300424,521.05,0.003483345963073756,9.977566388789e-06,0.40425744509618855,0.0,0.0,1.1420492744849615,scenario_007_low_soil_thermal_capacity_june2024,smartgarden_pa1_pilot_72e6b49d1a80
2024-06-17T10:00,34.0,53.0,709.0,582.0,127.0,0.5,100750.0,23.2,2.49,0.55,35.7,0.117,0,1,0,1.0,36.04636057848092,54.3018856127566,0.02266588744748748,34.62322763639153,0.2135733832685847,66860.1648,2.7218373946305854,602.65,0.004133320729404815,1.1283236551461325e-05,0.392428291781387,0.0,0.0,1.13514967784964,scenario_007_low_soil_thermal_capacity_june2024,smartgarden_pa1_pilot_72e6b49d1a80
2024-06-17T11:00,34.7,51.0,795.0,669.0,126.0,1.03,100680.0,23.1,2.71,0.63,36.7,0.116,0,1,0,1.0,37.246717538353536,50.400929448499,0.02237595109914751,35.15969573778435,0.21145269065882558,74392.9824,3.1543168969130195,675.75,0.004880718602591925,1.2253112736883355e-05,0.3793375966594172,0.0,0.0,1.1299742211510129,scenario_007_low_soil_thermal_capacity_june2024,smartgarden_pa1_pilot_72e6b49d1a80
2024-06-17T12:00,34.9,51.0,825.0,687.0,138.0,1.35,100650.0,23.2,2.75,0.66,37.4,0.116,0,1,0,1.0,37.82263608794986,48.82490328469685,0.022322853154440773,35.744576143913925,0.20924367658116313,77455.1712,3.357846687811589,701.25,0.005423220577496325,1.2276956660638473e-05,0.3657017072911305,0.0,0.0,1.1275454398498987,scenario_007_low_soil_thermal_capacity_june2024,smartgarden_pa1_pilot_72e6b49d1a80
2024-06-17T13:00,34.6,52.0,704.0,466.0,238.0,1.7,100590.0,23.3,2.63,0.58,37.4,0.116,0,1,0,1.0,37.47744681248039,48.72493953623542,0.021888453577159232,36.27726477410796,0.20722150063351394,70325.41119999999,3.3020335713343907,598.4,0.005883411641589966,1.0211289868615187e-05,0.353219139713049,0.0,0.0,1.1281255359649245,scenario_007_low_soil_thermal_capacity_june2024,smartgarden_pa1_pilot_72e6b49d1a80
2024-06-17T14:00,35.0,51.0,647.0,410.0,237.0,1.57,100540.0,23.2,2.77,0.54,37.4,0.116,0,1,0,1.0,37.38320716627413,48.8232540666115,0.021827299673051453,36.71327751805858,0.2054810183649411,65274.2288,3.278881423213534,549.9499999999999,0.005512530153610325,9.149257904417501e-06,0.3424754220058092,0.0,0.0,1.127906971479758,scenario_007_low_soil_thermal_capacity_june2024,smartgarden_pa1_pilot_72e6b49d1a80
2024-06-17T15:00,32.0,66.0,437.0,187.0,250.0,1.4,100470.0,24.7,1.63,0.35,36.3,0.137,0,1,0,1.0,35.067596321493575,58.77798314811214,0.02332121491320617,37.00717048143191,0.2041137205427255,47251.6,2.3264561018631738,371.45,0.005554209734709204,6.049754842669616e-06,0.33403531199213277,0.0,0.0,1.135589640115849,scenario_007_low_soil_thermal_capacity_june2024,smartgarden_pa1_pilot_72e6b49d1a80
2024-06-17T16:00,32.3,63.0,229.0,79.0,150.0,1.78,100520.0,24.3,1.81,0.22,34.7,0.137,0,1,0,1.0,33.516053476401254,60.9048009875394,0.02228138163022072,37.061586118092315,0.203278425572531,25429.36,2.0241907065125693,194.65,0.005387776329468043,3.280163367513059e-06,0.3288791702008087,0.0,0.0,1.1419030277277864,scenario_007_low_soil_thermal_capacity_june2024,smartgarden_pa1_pilot_72e6b49d1a80
2024-06-17T17:00,31.9,65.0,149.0,62.0,87.0,1.12,100530.0,24.5,1.65,0.14,34.1,0.137,0,1,0,1.0,32.82383773204635,63.37257850730457,0.022352801612044934,36.981726129012074,0.20278435880018855,16172.868799999998,1.8242860233592353,126.64999999999999,0.004176778448163901,2.2136266524609405e-06,0.3258293753098059,0.0,0.0,1.1446002530749737,scenario_007_low_soil_thermal_capacity_june2024,smartgarden_pa1_pilot_72e6b49d1a80
2024-06-17T18:00,31.6,66.0,62.0,23.0,39.0,0.99,100550.0,24.4,1.58,0.06,33.3,0.137,1,1,0,1.0,32.173034319437484,64.92902526940726,0.022124905041806375,36.82395270225647,0.20248690916668732,6828.1136,1.6839207316541023,52.699999999999996,0.0037538783670929554,1.0956974183983785e-06,0.3239932664610329,0.0,0.0,1.1472681946712069,scenario_007_low_soil_thermal_capacity_june2024,smartgarden_pa1_pilot_72e6b49d1a80
2024-06-17T19:00,31.1,69.0,0.0,0.0,0.0,0.99,100660.0,24.8,1.39,0.03,32.5,0.136,0,0,0,1.0,31.478085753547806,68.07712413228715,0.02235404463507976,36.598036721409905,0.2106767251825627,0.0,1.473664320307019,0.0,0.0022273328591198385,3.3117453694302604e-07,0.37454768631211544,0.0,0.0,1.151143414790582,scenario_007_low_soil_thermal_capacity_june2024,smartgarden_pa1_pilot_72e6b49d1a80
2024-06-17T20:00,30.8,71.0,0.0,0.0,0.0,0.71,100720.0,25.0,1.27,0.0,32.0,0.136,0,0,0,1.0,31.015824341445605,70.6019539795644,0.022616366546023146,36.33947967531251,0.2106204374306401,0.0,1.321924646887962,0.0,0.0016193900432620245,2.9679870498034335e-07,0.374200231053334,0.0,0.0,1.1535800856439966,scenario_007_low_soil_thermal_capacity_june2024,smartgarden_pa1_pilot_72e6b49d1a80
2024-06-17T21:00,30.5,73.0,0.0,0.0,0.0,0.72,100740.0,25.1,1.17,0.0,31.6,0.136,0,0,0,1.0,30.70197392309871,72.61553198670381,0.02287262059617758,36.07967247854346,0.2105693572297694,0.0,1.209551818051398,0.0,0.0016224060541430174,2.7133991168693397e-07,0.37388492117141614,0.0,0.0,1.155000928364472,scenario_007_low_soil_thermal_capacity_june2024,smartgarden_pa1_pilot_72e6b49d1a80
2024-06-17T22:00,30.1,76.0,0.0,0.0,0.0,1.0,100780.0,25.3,1.04,0.01,31.2,0.136,0,0,0,1.0,30.341197277557576,75.22488660624664,0.02323870222289444,35.81975756168262,0.21052320759201115,0.0,1.0719728459889413,0.0,0.002143078900369857,2.4029346329921365e-07,0.3736000468642664,0.0,0.0,1.1568330932215412,scenario_007_low_soil_thermal_capacity_june2024,smartgarden_pa1_pilot_72e6b49d1a80
2024-06-17T23:00,29.8,78.0,0.0,0.0,0.0,0.99,100780.0,25.6,0.91,0.0,30.9,0.136,0,0,0,1.0,30.007498936581044,77.37834725585058,0.023477179136647017,35.55867105611439,0.21048233529542965,0.0,0.9602643739112118,0.0,0.002099393382701139,2.151075253153842e-07,0.37334774873722004,0.0,0.0,1.1581064685638927,scenario_007_low_soil_thermal_capacity_june2024,smartgarden_pa1_pilot_72e6b49d1a80
2024-06-18T00:00,29.5,80.0,0.0,0.0,0.0,1.06,100730.0,25.6,0.83,0.0,30.7,0.136,0,0,0,1.0,29.705432600588775,79.32665860706005,0.023678051618453638,35.298060238124435,0.21044561512417234,0.0,0.862471100853389,0.0,0.0022241864973484315,1.930836896959451e-07,0.3731210810134095,0.0,0.0,1.1586864129096253,scenario_007_low_soil_thermal_capacity_june2024,smartgarden_pa1_pilot_72e6b49d1a80
2024-06-18T01:00,29.2,81.0,0.0,0.0,0.0,0.89,100710.0,25.7,0.75,0.0,30.4,0.136,0,0,0,1.0,29.407644626049223,80.44820272330162,0.02362804358055466,35.03832071823641,0.21041216730026846,0.0,0.801821945829559,0.0,0.0019220850168785487,1.7940667235734117e-07,0.37291461296462014,0.0,0.0,1.1595965489188886,scenario_007_low_soil_thermal_capacity_june2024,smartgarden_pa1_pilot_72e6b49d1a80
2024-06-18T02:00,28.8,83.0,0.0,0.0,0.0,0.98,100610.0,25.7,0.66,0.0,30.1,0.136,0,0,0,1.0,29.049588694875208,82.12461250753348,0.023655279079392615,34.77870389285273,0.21038147800875925,0.0,0.7180848793712631,0.0,0.0021149936220336814,1.6058898648954988e-07,0.37272517289357565,0.0,0.0,1.159817691040637,scenario_007_low_soil_thermal_capacity_june2024,smartgarden_pa1_pilot_72e6b49d1a80
2024-06-18T03:00,28.7,84.0,0.0,0.0,0.0,0.98,100520.0,25.7,0.63,0.0,29.9,0.136,0,0,0,1.0,28.83554436441031,83.5651280419378,0.023791028877307,34.519497101654714,0.21035405471989502,0.0,0.6520971855633615,0.0,0.0020244131998080725,1.4576558970437277e-07,0.3725558933326853,0.0,0.0,1.1596015157052122,scenario_007_low_soil_thermal_capacity_june2024,smartgarden_pa1_pilot_72e6b49d1a80
2024-06-18T04:00,28.6,84.0,0.0,0.0,0.0,0.98,100510.0,25.7,0.61,0.0,29.7,0.136,0,0,0,1.0,28.722089246021422,83.75338654625834,0.023697445073994593,34.26621554752773,0.21032815022858747,0.0,0.6404078727696554,0.0,0.00201347812463166,1.430911939111774e-07,0.3723959890653548,0.0,0.0,1.1599219348307512,scenario_007_low_soil_thermal_capacity_june2024,smartgarden_pa1_pilot_72e6b49d1a80
2024-06-18T05:00,28.5,85.0,0.0,0.0,0.0,0.82,100540.0,25.7,0.59,0.0,29.6,0.136,0,0,0,1.0,28.619713650773043,84.63915903067301,0.023814532185961756,34.019923835178815,0.21030310082131953,0.0,0.6019120864633707,0.0,0.001717929717072134,1.3443394531693126e-07,0.372241363094565,0.0,0.0,1.1606617675494861,scenario_007_low_soil_thermal_capacity_june2024,smartgarden_pa1_pilot_72e6b49d1a80
2024-06-18T06:00,28.4,85.0,21.0,10.0,11.0,1.1,100630.0,25.7,0.58,0.02,29.5,0.135,1,0,0,1.0,28.569215984142414,84.90925383891286,0.023824685751448346,33.788614999162334,0.21025238218717782,2235.0063999999998,0.5896000971720499,17.849999999999998,0.0022712816594649063,4.303247668351549e-07,0.3719282851060359,0.0,0.0,1.1618951823231567,scenario_007_low_soil_thermal_capacity_june2024,smartgarden_pa1_pilot_72e6b49d1a80
2024-06-18T07:00,29.7,76.0,181.0,125.0,56.0,1.2,100680.0,25.1,0.99,0.13,30.8,0.135,0,0,0,1.0,29.713799822850184,80.38725987003012,0.024005508556406967,33.64521247318948,0.21826157992639178,17898.214399999997,0.8186175136577494,153.85,0.0023496614715926155,3.1241978896790582e-06,0.4213677773234061,0.0,0.0,1.1580792731035716,scenario_007_low_soil_thermal_capacity_june2024,smartgarden_pa1_pilot_72e6b49d1a80
2024-06-18T08:00,31.4,65.0,398.0,318.0,80.0,1.12,100730.0,24.0,1.62,0.3,32.3,0.135,0,1,0,1.0,31.92057932379962,70.57977827128747,0.023729499827014153,33.69939392615217,0.21737907748233662,37838.592000000004,1.3925996066752244,338.3,0.00393187324011204,6.6792878526689884e-06,0.41592023137244827,0.0,0.0,1.150273079783649,scenario_007_low_soil_thermal_capacity_june2024,smartgarden_pa1_pilot_72e6b49d1a80
2024-06-18T09:00,32.6,59.0,590.0,488.0,102.0,1.04,100770.0,23.5,2.03,0.45,33.9,0.134,0,1,0,1.0,34.009233115454535,60.774055952766055,0.02281694186515646,33.969979537375536,0.21590057147551256,55508.6048,2.0876029361257116,501.5,0.004334238955718719,9.689849893064291e-06,0.40679365108341087,0.0,0.0,1.1429050001689676,scenario_007_low_soil_thermal_capacity_june2024,smartgarden_pa1_pilot_72e6b49d1a80
2024-06-18T10:00,33.6,55.0,751.0,638.0,113.0,0.89,100720.0,23.2,2.35,0.58,35.3,0.134,0,1,0,1.0,35.74192701929268,55.60240423852119,0.022846485934001744,34.41697509496688,0.21394899882238844,70063.6112,2.6005401005993125,638.35,0.004536489080678473,1.1955334039633976e-05,0.39474690631103976,0.0,0.0,1.1359301004712448,scenario_007_low_soil_thermal_capacity_june2024,smartgarden_pa1_pilot_72e6b49d1a80
2024-06-18T11:00,34.5,52.0,858.0,729.0,129.0,0.73,100620.0,23.1,2.64,0.67,36.7,0.133,0,1,0,1.0,37.17754055789999,51.69947101568478,0.022871360848975206,34.99242377927142,0.21168279524901332,80042.5296,3.0602000542899574,729.3,0.004645600328245748,1.3195023653713674e-05,0.38075799536427973,0.0,0.0,1.1295525550189016,scenario_007_low_soil_thermal_capacity_june2024,smartgarden_pa1_pilot_72e6b49d1a80
2024-06-18T12:00,34.8,51.0,758.0,622.0,136.0,0.22,100560.0,23.1,2.75,0.6,37.2,0.132,0,1,0,1.0,37.65791682146196,49.69963356619529,0.02253284936868207,35.5800912191059,0.2094736281150804,71488.8064,3.271130372563758,644.3,0.004443014984934665,1.1364668095869534e-05,0.3671211612042001,0.0,0.0,1.1271342348490423,scenario_007_low_soil_thermal_capacity_june2024,smartgarden_pa1_pilot_72e6b49d1a80
2024-06-18T13:00,35.2,51.0,778.0,578.0,200.0,0.45,100480.0,23.4,2.8,0.62,37.6,0.131,0,1,0,1.0,38.00199427482154,49.533876780915634,0.02285466452677247,36.12498240493675,0.20743729147091394,75500.48,3.3436188839349588,661.3,0.004507353547982691,1.1262201763455105e-05,0.3545511819192219,0.0,0.0,1.1249921352305787,scenario_007_low_soil_thermal_capacity_june2024,smartgarden_pa1_pilot_72e6b49d1a80
2024-06-18T14:00,34.9,52.0,694.0,574.0,120.0,1.1,100410.0,23.7,2.66,0.56,37.5,0.13,0,1,0,1.0,37.77293816701085,49.10553620619841,0.02239439763284476,36.629697219744195,0.20554382131912188,65293.888000000006,3.3304578308654267,589.9,0.005102289436180674,9.786606923628553e-06,0.34286309456248076,0.0,0.0,1.1250366040149768,scenario_007_low_soil_thermal_capacity_june2024,smartgarden_pa1_pilot_72e6b49d1a80
2024-06-18T15:00,34.1,56.0,514.0,370.0,144.0,0.99,100330.0,24.0,2.36,0.42,36.9,0.129,0,1,0,1.0,36.663000296922036,52.421462851158225,0.022586929182586882,36.997191204583736,0.20402250682865203,50298.2656,2.931098965526893,436.9,0.004846238439276616,7.142695579216616e-06,0.33347226437439526,0.0,0.0,1.1281676012294368,scenario_007_low_soil_thermal_capacity_june2024,smartgarden_pa1_pilot_72e6b49d1a80
2024-06-18T16:00,33.3,59.0,393.0,277.0,116.0,1.17,100340.0,24.2,2.1,0.32,36.1,0.129,0,1,0,1.0,35.373152963323676,55.733823045373946,0.022467132370484637,37.201095847890485,0.2028949245102216,38665.1584,2.5407403913747357,334.05,0.004836678528927462,5.405957356110376e-06,0.3265118796927259,0.0,0.0,1.1329970640894331,scenario_007_low_soil_thermal_capacity_june2024,smartgarden_pa1_pilot_72e6b49d1a80
2024-06-18T17:00,32.8,62.0,236.0,172.0,64.0,1.12,100370.0,24.4,1.91,0.19,35.2,0.129,0,1,0,1.0,34.2254325181726,59.47240209180613,0.022582526178440154,37.25769890143832,0.20211067731315138,23019.673600000002,2.1829750106339096,200.6,0.004451789405948384,3.32504239458585e-06,0.3216708476120456,0.0,0.0,1.137567615783836,scenario_007_low_soil_thermal_capacity_june2024,smartgarden_pa1_pilot_72e6b49d1a80
2024-06-18T18:00,32.3,64.0,85.0,52.0,33.0,0.64,100430.0,24.6,1.74,0.06,34.2,0.129,1,1,0,1.0,33.14872156175107,62.38095666959874,0.02238395343745644,37.16661052359296,0.20168605495349506,8641.0192,1.9081363261972117,72.25,0.0034656441128249485,1.4025846270142244e-06,0.31904972193515474,0.0,0.0,1.1422488443785823,scenario_007_low_soil_thermal_capacity_june2024,smartgarden_pa1_pilot_72e6b49d1a80
2024-06-18T19:00,31.5,70.0,0.0,0.0,0.0,0.41,100530.0,25.3,1.41,0.02,33.2,0.129,0,1,0,1.0,32.03791426183932,68.20093093512592,0.023073401120293602,36.959896929137955,0.20984325952841806,0.0,1.5152167264069658,0.0,0.0029354727340412533,3.358352140747114e-07,0.36940283659517326,0.0,0.0,1.1475478409736373,scenario_007_low_soil_thermal_capacity_june2024,smartgarden_pa1_pilot_72e6b49d1a80
2024-06-18T20:00,31.1,73.0,0.0,0.0,0.0,0.82,100630.0,25.6,1.22,0.0,32.5,0.129,0,0,0,1.0,31.374349037723928,72.21928195742667,0.023583011094795023,36.70097261085325,0.20978826934714023,0.0,1.2749210293897542,0.0,0.0018581336870167084,2.823160070425478e-07,0.36906339103172986,0.0,0.0,1.151192358095699,scenario_007_low_soil_thermal_capacity_june2024,smartgarden_pa1_pilot_72e6b49d1a80
2024-06-18T21:00,30.8,75.0,0.0,0.0,0.0,1.3,100660.0,25.8,1.12,0.01,32.0,0.129,0,0,0,1.0,31.00545999796732,74.40803587770475,0.02382234537671785,36.4368546612296,0.20974013264036268,0.0,1.1501000348805666,0.0,0.0026641974616376193,2.544708467905585e-07,0.3687662508664363,0.0,0.0,1.1529321711923264,scenario_007_low_soil_thermal_capacity_june2024,smartgarden_pa1_pilot_72e6b49d1a80
2024-06-18T22:00,30.5,75.0,0.0,0.0,0.0,0.89,100700.0,25.7,1.07,0.0,31.7,0.129,0,0,0,1.0,30.70095073851331,74.7438757717237,0.02354171646214287,36.17284851819829,0.20969516608538152,0.0,1.1154793134758791,0.0,0.0019156198388722945,2.466248995657406e-07,0.3684886795393921,0.0,0.0,1.154546209476584,scenario_007_low_soil_thermal_capacity_june2024,smartgarden_pa1_pilot_72e6b49d1a80
2024-06-18T23:00,30.2,77.0,0.0,0.0,0.0,0.76,100680.0,25.8,0.98,0.0,31.3,0.129,0,0,0,1.0,30.40404984033805,76.46981217615324,0.023703459279138347,35.90987372242848,0.20965250777326347,0.0,1.021773979094653,0.0,0.0016925597484804204,2.2574585270541527e-07,0.36822535662508316,0.0,0.0,1.1554459225060998,scenario_007_low_soil_thermal_capacity_june2024,smartgarden_pa1_pilot_72e6b49d1a80
2024-06-19T00:00,30.0,79.0,0.0,0.0,0.0,0.81,100660.0,26.0,0.88,0.0,31.0,0.129,0,0,0,1.0,30.1657079560056,78.51017619113354,0.024025049405459513,35.64871631863936,0.20961393561145578,0.0,0.9205296880321967,0.0,0.0017430087346550366,2.0324591685475871e-07,0.36798725686083816,0.0,0.0,1.1561241494499859,scenario_007_low_soil_thermal_capacity_june2024,smartgarden_pa1_pilot_72e6b49d1a80
2024-06-19T01:00,29.7,82.0,0.0,0.0,0.0,0.81,100580.0,26.2,0.77,0.0,30.8,0.129,0,0,0,1.0,29.902825139175814,81.19041992792711,0.02449474455524547,35.390496663179135,0.2095797894123727,0.0,0.7936650743849589,0.0,0.0017777349995808762,1.7513480739189247e-07,0.3677764778541525,0.0,0.0,1.1562073959331745,scenario_007_low_soil_thermal_capacity_june2024,smartgarden_pa1_pilot_72e6b49d1a80
2024-06-19T02:00,29.3,84.0,0.0,0.0,0.0,0.91,100560.0,26.3,0.64,0.0,30.5,0.129,0,0,0,1.0,29.548392272636825,83.11969198028454,0.024599888478053677,35.13278675592197,0.20955024293746985,0.0,0.6978971098144524,0.0,0.0019911914921474493,1.5392571272151377e-07,0.36759409220660405,0.0,0.0,1.1573310346361283,scenario_007_low_soil_thermal_capacity_june2024,smartgarden_pa1_pilot_72e6b49d1a80
2024-06-19T03:00,29.2,84.0,0.0,0.0,0.0,0.9,100510.0,26.3,0.64,0.0,30.2,0.129,0,0,0,1.0,29.334204937337596,83.72018563517652,0.024491139568227422,34.87544868440072,0.20952342148636502,0.0,0.6648178416466934,0.0,0.0018764897395664986,1.4656382444441337e-07,0.36742852769361123,0.0,0.0,1.1575746836175556,scenario_007_low_soil_thermal_capacity_june2024,smartgarden_pa1_pilot_72e6b49d1a80
2024-06-19T04:00,29.1,85.0,0.0,0.0,0.0,1.0,100510.0,26.3,0.6,0.0,29.9,0.129,0,0,0,1.0,29.220294836234412,84.61099333217558,0.024598932271995923,34.6239430973197,0.20949778961325863,0.0,0.6243252211073225,0.0,0.0020489288176939184,1.3757766909516538e-07,0.36727030625468293,0.0,0.0,1.1580107696071427,scenario_007_low_soil_thermal_capacity_june2024,smartgarden_pa1_pilot_72e6b49d1a80
2024-06-19T05:00,29.0,85.0,0.0,0.0,0.0,1.0,100500.0,26.2,0.6,0.0,29.7,0.129,0,0,0,1.0,29.116969595347907,84.7494308473653,0.02450105307454578,34.37933506153289,0.20947329105252496,0.0,0.6150301553203796,0.0,0.002046290593880112,1.3547358308684656e-07,0.3671190805711418,0.0,0.0,1.1582913646236772,scenario_007_low_soil_thermal_capacity_june2024,smartgarden_pa1_pilot_72e6b49d1a80
2024-06-19T06:00,29.1,84.0,17.0,2.0,15.0,1.14,100630.0,26.1,0.64,0.02,29.5,0.129,1,0,0,1.0,29.175919571407277,84.25408676895323,0.024436112870223698,34.14960917168914,0.20942715023563158,2023.7359999999999,0.6371711282018664,14.45,0.0022784730874204737,3.7877569788638855e-07,0.3668342607137752,0.0,0.0,1.159563506705861,scenario_007_low_soil_thermal_capacity_june2024,smartgarden_pa1_pilot_72e6b49d1a80
2024-06-19T07:00,29.6,80.0,141.0,43.0,98.0,1.3,100650.0,25.8,0.84,0.11,30.7,0.128,0,0,0,1.0,29.821132910609666,82.05942869843692,0.02464771325070814,33.9899030380243,0.21750293268584478,15855.8752,0.7534550856952862,119.85,0.0026743250803348165,2.4356570893014204e-06,0.41668476966570855,0.0,0.0,1.1573240472468493,scenario_007_low_soil_thermal_capacity_june2024,smartgarden_pa1_pilot_72e6b49d1a80
2024-06-19T08:00,31.1,69.0,311.0,159.0,152.0,1.5,100650.0,24.6,1.41,0.25,31.8,0.128,0,0,0,1.0,31.473026400633266,73.01778722309258,0.023969895688524128,33.97810822894706,0.21681475754780188,32715.7248,1.2452297071290324,264.34999999999997,0.0031262295893955817,5.214391880760198e-06,0.4124367749864314,0.0,0.0,1.1510481721691046,scenario_007_low_soil_thermal_capacity_june2024,smartgarden_pa1_pilot_72e6b49d1a80
2024-06-19T09:00,32.4,61.0,452.0,195.0,257.0,1.5,100620.0,23.8,1.91,0.36,33.2,0.128,0,1,0,1.0,33.34045776809501,62.481741799804894,0.022647925310359335,34.138346279534765,0.2156700528359334,48817.8768,1.9235639414487884,384.2,0.004795789685714369,7.476307844946885e-06,0.4053706965181075,0.0,0.0,1.1436938979520725,scenario_007_low_soil_thermal_capacity_june2024,smartgarden_pa1_pilot_72e6b49d1a80
2024-06-19T10:00,33.6,55.0,643.0,364.0,279.0,1.4,100570.0,23.4,2.33,0.51,34.8,0.127,0,1,0,1.0,35.20950638987682,55.843419186584306,0.022320889130125973,34.470651391402974,0.2140651361440232,66399.8896,2.5116780671611707,546.55,0.0049446303501146,1.0322300034393808e-05,0.39546380335816794,0.0,0.0,1.1361967878006458,scenario_007_low_soil_thermal_capacity_june2024,smartgarden_pa1_pilot_72e6b49d1a80
2024-06-19T11:00,34.5,52.0,737.0,377.0,360.0,0.91,100510.0,23.4,2.6,0.59,36.2,0.126,0,1,0,1.0,36.71952730224739,52.11331405663646,0.022519444600326954,34.94721563860668,0.21209984868305054,77521.66399999999,2.959200149199346,626.4499999999999,0.004593814676642493,1.1486850544631169e-05,0.38333239927808976,0.0,0.0,1.1299854518708812,scenario_007_low_soil_thermal_capacity_june2024,smartgarden_pa1_pilot_72e6b49d1a80
2024-06-19T12:00,35.2,50.0,832.0,510.0,322.0,0.81,100420.0,23.2,2.84,0.66,37.2,0.126,0,1,0,1.0,37.891847949740395,49.30532366837015,0.022622078077835103,35.51444396399998,0.20993738973627435,84544.7328,3.3388089290804928,707.1999999999999,0.00472065660631177,1.2515550532034226e-05,0.36998388726095277,0.0,0.0,1.1247185094485672,scenario_007_low_soil_thermal_capacity_june2024,smartgarden_pa1_pilot_72e6b49d1a80
2024-06-19T13:00,34.8,51.0,617.0,324.0,293.0,0.71,100390.0,23.3,2.7,0.5,37.1,0.125,0,1,0,1.0,37.5561159465551,48.66935284267682,0.02195145404189052,36.0333115557076,0.2079889451369696,64604.4432,3.319754500780861,524.4499999999999,0.004665728722998423,9.160858268130621e-06,0.3579564514627754,0.0,0.0,1.1255974512363804,scenario_007_low_soil_thermal_capacity_june2024,smartgarden_pa1_pilot_72e6b49d1a80
2024-06-19T14:00,35.1,50.0,620.0,245.0,375.0,0.0,100320.0,23.1,2.83,0.48,37.2,0.124,0,1,0,1.0,37.42357209227273,49.213162068094,0.022047032433143685,36.44033038651892,0.20636197029632702,67753.4,3.261040908503892,527.0,0.004116465210847579,8.931502099194553e-06,0.34791339689090756,0.0,0.0,1.1252926315779768,scenario_007_low_soil_thermal_capacity_june2024,smartgarden_pa1_pilot_72e6b49d1a80
2024-06-19T15:00,34.4,52.0,416.0,154.0,262.0,0.4,100290.0,23.2,2.61,0.33,36.7,0.124,0,1,0,1.0,36.589833216443594,49.89267836082137,0.021416670718806523,36.749778190488335,0.20501697442187236,45825.788799999995,3.0745750293656764,353.59999999999997,0.00415271616467774,6.03038510154368e-06,0.33961095322143436,0.0,0.0,1.1279842092023693,scenario_007_low_soil_thermal_capacity_june2024,smartgarden_pa1_pilot_72e6b49d1a80
2024-06-19T16:00,31.4,69.0,176.0,17.0,159.0,0.51,100310.0,25.0,1.44,0.15,35.0,0.136,0,1,0,1.0,33.66039246474219,62.671179051549714,0.023102287113397915,36.82872681718963,0.20423679620405735,21082.0016,1.9483777254635077,149.6,0.004272495506277676,2.645224514940787e-06,0.33479503829665036,0.0,0.0,1.1389813503206434,scenario_007_low_soil_thermal_capacity_june2024,smartgarden_pa1_pilot_72e6b49d1a80
2024-06-19T17:00,31.0,71.0,93.0,6.0,87.0,0.51,100290.0,25.1,1.31,0.09,33.5,0.143,0,1,0,1.0,31.855767759657354,69.16859266561772,0.02317488628003111,36.69965809397215,0.20386886343743021,11244.868799999998,1.4540581627600044,79.05,0.003332876594509477,1.4729758692757918e-06,0.3325238483791989,0.0,0.0,1.145491914449416,scenario_007_low_soil_thermal_capacity_june2024,smartgarden_pa1_pilot_72e6b49d1a80
2024-06-19T18:00,30.5,71.0,43.0,7.0,36.0,0.72,100360.0,24.6,1.27,0.05,32.4,0.147,1,1,0,1.0,31.052247631456627,69.88542907435836,0.022430609629449805,36.491957317839194,0.20366341704258606,5050.5664,1.356954372787175,36.55,0.0033322053646249357,8.145320384541776e-07,0.3312556607567041,0.0,0.0,1.1493192555480707,scenario_007_low_soil_thermal_capacity_june2024,smartgarden_pa1_pilot_72e6b49d1a80
2024-06-19T19:00,30.0,73.0,0.0,0.0,0.0,0.71,100400.0,24.7,1.14,0.02,31.5,0.147,0,0,0,1.0,30.373578207344195,72.20372715940444,0.02234436786061632,36.235921065323694,0.2118877848029965,0.0,1.2049226296205453,0.0,0.0017722148040608117,2.761851570600628e-07,0.3820233629814599,0.0,0.0,1.1523482010694155,scenario_007_low_soil_thermal_capacity_june2024,smartgarden_pa1_pilot_72e6b49d1a80
2024-06-19T20:00,29.8,75.0,0.0,0.0,0.0,0.94,100480.0,25.0,1.04,0.0,31.1,0.148,0,0,0,1.0,29.987017967062858,74.50934258950231,0.022581684886717326,35.95688425353213,0.2118407752048839,0.0,1.0807800682517614,0.0,0.001993332045514383,2.475417675802824e-07,0.3817331802770611,0.0,0.0,1.1547370518057878,scenario_007_low_soil_thermal_capacity_june2024,smartgarden_pa1_pilot_72e6b49d1a80
2024-06-19T21:00,29.6,78.0,0.0,0.0,0.0,1.08,100570.0,25.3,0.92,0.0,30.7,0.148,0,0,0,1.0,29.766795867259827,77.37343198895677,0.023171933198175145,35.68032757927845,0.21179893839898664,0.0,0.9472926157963157,0.0,0.002232214581683112,2.1682102966448682e-07,0.3814749283888065,0.0,0.0,1.1566116023539994,scenario_007_low_soil_thermal_capacity_june2024,smartgarden_pa1_pilot_72e6b49d1a80
2024-06-19T22:00,29.5,81.0,0.0,0.0,0.0,0.73,100620.0,25.8,0.8,0.0,30.5,0.148,0,0,0,1.0,29.626508560573086,80.42301638041093,0.02390283525377007,35.409146646718916,0.2117627321154476,0.0,0.8130340227243815,0.0,0.0015626382258159745,1.859822316528545e-07,0.381251432811405,0.0,0.0,1.1577227969117057,scenario_007_low_soil_thermal_capacity_june2024,smartgarden_pa1_pilot_72e6b49d1a80
2024-06-19T23:00,29.3,83.0,0.0,0.0,0.0,1.0,100600.0,26.1,0.68,0.0,30.3,0.148,0,0,0,1.0,29.461511488626172,82.41347673026767,0.02427615298554129,35.144612638828264,0.21173119091937984,0.0,0.7234670747379077,0.0,0.00208164205082049,1.6540920042418897e-07,0.38105673407024593,0.0,0.0,1.158123794871912,scenario_007_low_soil_thermal_capacity_june2024,smartgarden_pa1_pilot_72e6b49d1a80
2024-06-20T00:00,29.2,84.0,0.0,0.0,0.0,0.95,100510.0,26.3,0.63,0.0,30.1,0.147,0,0,0,1.0,29.32440866583904,83.62782824837795,0.024451102073448843,34.885628473982464,0.21170265984804518,0.0,0.6682119739994312,0.0,0.001959784101653678,1.527053931039915e-07,0.3808806163459579,0.0,0.0,1.157612174114456,scenario_007_low_soil_thermal_capacity_june2024,smartgarden_pa1_pilot_72e6b49d1a80
2024-06-20T01:00,29.0,86.0,0.0,0.0,0.0,0.63,100460.0,26.4,0.56,0.0,29.8,0.148,0,0,0,1.0,29.161575318591776,85.37521018287902,0.02474195362139002,34.63281948770271,0.2116766667347189,0.0,0.5913142125024646,0.0,0.0014285245525473627,1.350751467408047e-07,0.3807201650291291,0.0,0.0,1.1576595166059676,scenario_007_low_soil_thermal_capacity_june2024,smartgarden_pa1_pilot_72e6b49d1a80
2024-06-20T02:00,29.0,85.0,0.0,0.0,0.0,0.71,100410.0,26.2,0.61,0.0,29.7,0.147,0,0,0,1.0,29.08392233920411,85.11352950017668,0.02456208695073966,34.38591052549155,0.21165251411426675,0.0,0.5992020879936306,0.0,0.0014808636532488556,1.3682338958268674e-07,0.3805710747794244,0.0,0.0,1.1573806267622875,scenario_007_low_soil_thermal_capacity_june2024,smartgarden_pa1_pilot_72e6b49d1a80
2024-06-20T03:00,28.9,86.0,0.0,0.0,0.0,0.91,100390.0,26.3,0.56,0.0,29.4,0.147,0,0,0,1.0,29.012374822945453,85.65146674713935,0.024621203044136855,34.147376185642734,0.21162819122103427,0.0,0.5751671372342946,0.0,0.0018758111808206818,1.3128337154640726e-07,0.3804209334631745,0.0,0.0,1.1574240915928893,scenario_007_low_soil_thermal_capacity_june2024,smartgarden_pa1_pilot_72e6b49d1a80
2024-06-20T04:00,28.8,87.0,0.0,0.0,0.0,0.9,100400.0,26.4,0.52,0.0,29.2,0.147,0,0,0,1.0,28.913768251348827,86.61815551598104,0.024765646621905096,33.91575467156095,0.21160541703785207,0.0,0.5333681275750104,0.0,0.001858642038805207,1.2169765160724744e-07,0.38028035208550665,0.0,0.0,1.157917254870316,scenario_007_low_soil_thermal_capacity_june2024,smartgarden_pa1_pilot_72e6b49d1a80
2024-06-20T05:00,28.7,88.0,0.0,0.0,0.0,0.91,100400.0,26.4,0.48,0.0,29.1,0.148,0,0,0,1.0,28.812740209583072,87.59941364277101,0.024908584652697727,33.69042243975995,0.21158437869400748,0.0,0.4913773524320155,0.0,0.001876197041005712,1.1207840353271117e-07,0.3801504857654783,0.0,0.0,1.1583046606565568,scenario_007_low_soil_thermal_capacity_june2024,smartgarden_pa1_pilot_72e6b49d1a80
2024-06-20T06:00,28.6,89.0,12.0,0.0,12.0,1.12,100420.0,26.5,0.44,0.02,29.2,0.148,1,0,0,1.0,28.740402603842963,88.6637868019219,0.025111903213555067,33.475727835363294,0.21154943286845668,1478.1888,0.44732417523208,10.2,0.002287428027301748,2.7636246458612595e-07,0.37993477079294247,0.0,0.0,1.158813001621757,scenario_007_low_soil_thermal_capacity_june2024,smartgarden_pa1_pilot_72e6b49d1a80
2024-06-20T07:00,28.8,86.0,79.0,4.0,75.0,1.2,100470.0,26.3,0.54,0.07,29.6,0.149,0,0,0,1.0,28.992404020159277,87.19105578314417,0.02503651615143709,33.29991895717599,0.21972611082788096,9590.68,0.5128598250886749,67.14999999999999,0.0024716046269490626,1.433029061704504e-06,0.43040809153012943,0.0,0.0,1.1584229973252742,scenario_007_low_soil_thermal_capacity_june2024,smartgarden_pa1_pilot_72e6b49d1a80
2024-06-20T08:00,29.6,80.0,217.0,50.0,167.0,1.17,100540.0,25.7,0.84,0.17,30.3,0.152,0,0,0,1.0,29.957042860472505,83.32784099561373,0.02521342511242373,33.223330599844026,0.21926149975271708,24971.4608,0.7056694126801943,184.45,0.0025251895377354176,3.7297110890962928e-06,0.4275401219303524,0.0,0.0,1.1555408476603375,scenario_007_low_soil_thermal_capacity_june2024,smartgarden_pa1_pilot_72e6b49d1a80
2024-06-20T09:00,30.1,76.0,293.0,55.0,238.0,0.71,100550.0,25.4,1.01,0.23,30.7,0.155,0,1,0,1.0,30.900718774774674,77.27670564997621,0.024602103710890864,33.26016453403647,0.21847476598717802,34157.411199999995,1.0151090025759246,249.04999999999998,0.0035185904968741705,4.994564394762464e-06,0.42268374066159276,0.0,0.0,1.1520689962080672,scenario_007_low_soil_thermal_capacity_june2024,smartgarden_pa1_pilot_72e6b49d1a80
2024-06-20T10:00,30.2,76.0,233.0,21.0,212.0,0.2,100560.0,25.4,1.05,0.19,30.9,0.154,0,1,0,1.0,31.142992752392704,76.1387647429933,0.024556855767551317,33.32152633608526,0.2176656068831248,27962.6688,1.0807456902489507,198.04999999999998,0.0031871467187048305,3.993397486137896e-06,0.41768893137731367,0.0,0.0,1.15126621991143,scenario_007_low_soil_thermal_capacity_june2024,smartgarden_pa1_pilot_72e6b49d1a80
2024-06-20T11:00,31.3,69.0,557.0,171.0,386.0,0.32,100540.0,24.9,1.43,0.43,32.3,0.155,0,1,0,1.0,32.568881654066125,71.93568966445373,0.025032962472526687,33.494793406166515,0.21648705056339196,62596.4064,1.377895171934052,473.45,0.003514128161354862,9.083274972815841e-06,0.4104138923666171,0.0,0.0,1.145668750794183,scenario_007_low_soil_thermal_capacity_june2024,smartgarden_pa1_pilot_72e6b49d1a80
2024-06-20T12:00,31.7,67.0,539.0,156.0,383.0,0.58,100520.0,24.9,1.54,0.42,33.1,0.155,0,1,0,1.0,33.55968301185338,66.57323396886653,0.024411084319193824,33.81761904823996,0.21488748702644936,60906.8592,1.7349260596134601,458.15,0.004092324691004067,8.674778354713333e-06,0.4005400433731442,0.0,0.0,1.141740591712914,scenario_007_low_soil_thermal_capacity_june2024,smartgarden_pa1_pilot_72e6b49d1a80
2024-06-20T13:00,32.0,66.0,565.0,245.0,320.0,0.95,100490.0,24.9,1.61,0.44,33.5,0.155,0,1,0,1.0,33.982929456837454,64.69268991463981,0.024254679961176532,34.14953027741529,0.21330657697291788,60978.368,1.876303368771449,480.25,0.004527661307696621,8.885207825862817e-06,0.3907813393389993,0.0,0.0,1.1398269282814544,scenario_007_low_soil_thermal_capacity_june2024,smartgarden_pa1_pilot_72e6b49d1a80
2024-06-20T14:00,29.0,81.0,220.0,40.0,180.0,0.86,100460.0,25.5,0.74,0.18,32.3,0.164,0,1,0,1.0,31.45715540057982,73.31572613218468,0.02404729292219595,34.32923805114794,0.2121916944720729,25692.832,1.2303714610171674,187.0,0.004680365797792656,3.5139162998576296e-06,0.3838993485930426,0.0,0.0,1.1489351643347616,scenario_007_low_soil_thermal_capacity_june2024,smartgarden_pa1_pilot_72e6b49d1a80
2024-06-20T15:00,28.2,84.0,173.0,51.0,122.0,0.78,100410.0,25.2,0.62,0.14,31.1,0.189,0,0,0,1.0,29.479154638039887,82.00072006616203,0.024177712917384603,34.27156785623507,0.2116357991087264,19516.2528,0.7411995584511173,147.04999999999998,0.0025527539138902188,2.6868527648316146e-06,0.38046789573287904,0.0,0.0,1.1558690929304254,scenario_007_low_soil_thermal_capacity_june2024,smartgarden_pa1_pilot_72e6b49d1a80
2024-06-20T16:00,27.9,89.0,111.0,2.0,109.0,0.58,100390.0,25.9,0.42,0.09,30.3,0.196,0,0,0,1.0,28.706376926743285,87.8857216033169,0.024845336778572476,34.137691313314924,0.2112403243882214,13602.8816,0.47708545394188384,94.35,0.0019838293064265984,1.713217457083165e-06,0.37802669375445314,0.0,0.0,1.1585973957339082,scenario_007_low_soil_thermal_capacity_june2024,smartgarden_pa1_pilot_72e6b49d1a80
2024-06-20T17:00,26.7,98.0,47.0,0.0,47.0,0.71,100360.0,26.3,0.08,0.04,29.7,0.202,0,0,0,1.0,27.593534569434702,94.42400751206722,0.025113318165640358,33.93688314170943,0.21102082021601368,5789.5728,0.20583150765014935,39.949999999999996,0.0022070954109178536,7.236801481308954e-07,0.3766717297284795,0.0,0.0,1.1625370476688173,scenario_007_low_soil_thermal_capacity_june2024,smartgarden_pa1_pilot_72e6b49d1a80
2024-06-20T18:00,26.7,99.0,20.0,0.0,20.0,1.14,100320.0,26.5,0.05,0.02,29.4,0.204,1,0,0,1.0,26.9896510884197,97.8901997534541,0.02518148978413709,33.679142260527705,0.21092906062217245,2463.648,0.0751758977120427,17.0,0.0024292742941034394,3.046849967492339e-07,0.37610531248254603,0.0,0.0,1.1644118028754857,scenario_007_low_soil_thermal_capacity_june2024,smartgarden_pa1_pilot_72e6b49d1a80
2024-06-20T19:00,26.6,98.0,0.0,0.0,0.0,0.95,100370.0,26.2,0.07,0.01,29.0,0.211,0,0,0,1.0,26.782981973113664,97.3307273929517,0.024752615440347656,33.40478899079091,0.2192294395228491,0.0,0.09396367323442423,0.0,0.0020095801923162787,2.409278679084195e-08,0.4273422192768463,0.0,0.0,1.1657948906451605,scenario_007_low_soil_thermal_capacity_june2024,smartgarden_pa1_pilot_72e6b49d1a80
2024-06-20T20:00,26.5,97.0,0.0,0.0,0.0,0.85,100440.0,26.1,0.09,0.0,28.8,0.217,0,0,0,1.0,26.647312760980345,96.49867438007875,0.02435705640906979,33.129105632629404,0.2192244556449233,0.0,0.12227435968167022,0.0,0.0017988680545958328,3.134954069738954e-08,0.42731145459829195,0.0,0.0,1.1671358714075701,scenario_007_low_soil_thermal_capacity_june2024,smartgarden_pa1_pilot_72e6b49d1a80
2024-06-20T21:00,26.5,97.0,0.0,0.0,0.0,0.76,100520.0,26.0,0.09,0.0,28.6,0.22,0,0,0,1.0,26.60115776363218,96.53326129677677,0.024303452436144225,32.86180957921186,0.21921879142334583,0.0,0.12073819436742372,0.0,0.0015911959980059527,3.095315515833367e-08,0.42727649026756687,0.0,0.0,1.168245345835059,scenario_007_low_soil_thermal_capacity_june2024,smartgarden_pa1_pilot_72e6b49d1a80
2024-06-20T22:00,26.5,97.0,0.0,0.0,0.0,1.04,100600.0,26.0,0.1,0.0,28.5,0.224,0,0,0,1.0,26.592025678167314,96.56555965539489,0.02429926286179089,32.604925436652934,0.2192132545896203,0.0,0.11954905783882053,0.0,0.0021019227460220397,3.064584954128714e-08,0.42724231228160675,0.0,0.0,1.1692107280058992,scenario_007_low_soil_thermal_capacity_june2024,smartgarden_pa1_pilot_72e6b49d1a80
2024-06-20T23:00,26.5,97.0,0.0,0.0,0.0,0.95,100580.0,26.1,0.09,0.0,28.4,0.226,0,0,0,1.0,26.58758594966953,96.5913057029424,0.024299751686334536,32.35849987179171,0.21920776024690095,0.0,0.11862186926813711,0.0,0.001929333300072179,3.040575514203134e-08,0.42720839658580834,0.0,0.0,1.168995595511316,scenario_007_low_soil_thermal_capacity_june2024,smartgarden_pa1_pilot_72e6b49d1a80
2024-06-21T00:00,27.8,87.0,0.0,0.0,0.0,1.08,100550.0,25.3,0.5,0.0,28.3,0.228,0,0,0,1.0,27.35849601416903,89.6979944210433,0.023549242609357174,32.13220133159661,0.21919756511619423,0.0,0.3750977441431278,0.0,0.0024282071315622567,9.613277990845056e-08,0.42714546368021133,0.0,0.0,1.1656489284704945,scenario_007_low_soil_thermal_capacity_june2024,smartgarden_pa1_pilot_72e6b49d1a80
2024-06-21T01:00,27.9,84.0,0.0,0.0,0.0,1.1,100440.0,25.0,0.59,0.0,28.1,0.228,0,0,0,1.0,27.86301185342248,84.72319880523972,0.0228698512421824,31.941802820376523,0.21917496216099636,0.0,0.572862503545374,0.0,0.0021732959013901635,1.467694148377959e-07,0.42700593926540964,0.0,0.0,1.162422168133116,scenario_007_low_soil_thermal_capacity_june2024,smartgarden_pa1_pilot_72e6b49d1a80
2024-06-21T02:00,28.0,84.0,0.0,0.0,0.0,1.14,100400.0,24.9,0.62,0.0,28.0,0.228,0,0,0,1.0,27.99954444100685,84.20030418163635,0.022899817635776466,31.76775186492088,0.2191476890777006,0.0,0.5972016584705702,0.0,0.0022233383128862426,1.529448688763338e-07,0.42683758689938645,0.0,0.0,1.1614324370924016,scenario_007_low_soil_thermal_capacity_june2024,smartgarden_pa1_pilot_72e6b49d1a80
2024-06-21T03:00,27.5,85.0,0.0,0.0,0.0,1.3,100330.0,24.7,0.55,0.0,27.8,0.228,0,0,0,1.0,27.739457362822595,84.23247166262335,0.022583425111659238,31.599979645995692,0.2191201405534124,0.0,0.5870195455830824,0.0,0.0026865582993637746,1.502773092529738e-07,0.4266675342803234,0.0,0.0,1.1616259088573162,scenario_007_low_soil_thermal_capacity_june2024,smartgarden_pa1_pilot_72e6b49d1a80
2024-06-21T04:00,27.3,85.0,0.0,0.0,0.0,1.26,100360.0,24.6,0.54,0.0,27.7,0.228,0,0,0,1.0,27.448267249329565,84.61782412840418,0.02232578048719952,31.42808303155257,0.21909377440798886,0.0,0.5630160135522564,0.0,0.002554862927580345,1.4407741269801776e-07,0.4265047802962275,0.0,0.0,1.1630988561016578,scenario_007_low_soil_thermal_capacity_june2024,smartgarden_pa1_pilot_72e6b49d1a80
2024-06-21T05:00,27.4,84.0,0.0,0.0,0.0,1.17,100330.0,24.5,0.59,0.0,27.6,0.228,0,0,0,1.0,27.41988086685072,84.20964796350529,0.02218333201016324,31.25786339226125,0.21906769941569235,0.0,0.5769974640370799,0.0,0.002295869198530069,1.475995829989992e-07,0.42634382355365646,0.0,0.0,1.1628609904846305,scenario_007_low_soil_thermal_capacity_june2024,smartgarden_pa1_pilot_72e6b49d1a80
2024-06-21T06:00,27.4,85.0,9.0,0.0,9.0,0.86,100440.0,24.6,0.56,0.02,27.6,0.227,1,0,0,1.0,27.465974634120307,85.10144093748683,0.022475312320809387,31.099008728429105,0.21902848281809967,1108.6416,0.5458795807420733,7.6499999999999995,0.0017408513949677923,2.8624567139589016e-07,0.42610174579073873,0.0,0.0,1.163957432071942,scenario_007_low_soil_thermal_capacity_june2024,smartgarden_pa1_pilot_72e6b49d1a80
2024-06-21T07:00,27.7,86.0,64.0,1.0,63.0,1.06,100510.0,25.2,0.52,0.06,28.4,0.227,0,0,0,1.0,27.785176260387747,87.39320993662525,0.023489844789687214,30.97441162382727,0.22721604941943496,7848.4911999999995,0.4705996906739909,54.4,0.002133996471026033,1.3014049281598085e-06,0.4766422803668825,0.0,0.0,1.1635331641212878,scenario_007_low_soil_thermal_capacity_june2024,smartgarden_pa1_pilot_72e6b49d1a80
2024-06-21T08:00,28.6,83.0,160.0,19.0,141.0,0.85,100570.0,25.5,0.65,0.13,28.5,0.228,0,0,0,1.0,28.726451002227172,87.72730814375893,0.024827750576041478,30.928664206036494,0.22682540405602908,19040.7184,0.4838863165715557,136.0,0.0017787190374742832,3.0399773450344073e-06,0.47423088923474743,0.0,0.0,1.1605975871413232,scenario_007_low_soil_thermal_capacity_june2024,smartgarden_pa1_pilot_72e6b49d1a80
2024-06-21T09:00,29.4,75.0,343.0,91.0,252.0,0.67,100550.0,24.6,1.02,0.26,32.5,0.227,0,1,0,1.0,30.093364218631503,80.74249307792404,0.024611820534928212,31.02307724576829,0.22597868782322977,39049.9648,0.821494497468509,291.55,0.0033840489054261357,6.384389098467997e-06,0.469004245822406,0.0,0.0,1.1551362625123984,scenario_007_low_soil_thermal_capacity_june2024,smartgarden_pa1_pilot_72e6b49d1a80
2024-06-21T10:00,30.9,66.0,532.0,203.0,329.0,0.57,100520.0,23.8,1.52,0.41,31.9,0.227,0,1,0,1.0,31.975716413684,70.52411711566629,0.023780508509057368,31.297829129646466,0.2245230192353474,58391.0096,1.3995899615701077,452.2,0.0035663194308573907,9.747221729609242e-06,0.4600186372552309,0.0,0.0,1.147667587910755,scenario_007_low_soil_thermal_capacity_june2024,smartgarden_pa1_pilot_72e6b49d1a80
2024-06-21T11:00,31.7,64.0,700.0,388.0,312.0,0.42,100480.0,24.2,1.67,0.54,32.6,0.225,0,1,0,1.0,33.65243647968274,65.98101506003816,0.02431221311277183,31.74964618251356,0.22251976179857771,72576.90879999999,1.7748324563353002,595.0,0.00403444543217818,1.24626103601013e-05,0.4476528506085044,0.0,0.0,1.1409412207965468,scenario_007_low_soil_thermal_capacity_june2024,smartgarden_pa1_pilot_72e6b49d1a80
2024-06-21T12:00,32.2,64.0,761.0,462.0,299.0,0.36,100450.0,24.5,1.72,0.59,33.5,0.223,0,1,0,1.0,34.66621253559234,63.9722379343914,0.02485706380122281,32.30800216765501,0.22021401155200293,77487.5376,1.9886518777923614,646.85,0.004297483127245703,1.313324529204151e-05,0.43341982439507987,0.0,0.0,1.136844067207341,scenario_007_low_soil_thermal_capacity_june2024,smartgarden_pa1_pilot_72e6b49d1a80
2024-06-21T13:00,32.0,64.0,543.0,271.0,272.0,0.67,100360.0,24.3,1.71,0.43,33.4,0.221,0,1,0,1.0,34.347503013393414,62.17091631355931,0.023758413501668577,32.800846822842004,0.2182016032123354,57353.612799999995,2.0514894551642513,461.55,0.0044382221087434425,9.26221710005336e-06,0.42099755069342837,0.0,0.0,1.13700273126643,scenario_007_low_soil_thermal_capacity_june2024,smartgarden_pa1_pilot_72e6b49d1a80
2024-06-21T14:00,28.8,81.0,207.0,9.0,198.0,0.73,100320.0,25.2,0.76,0.17,32.0,0.225,0,1,0,1.0,31.281249504304082,73.29505920228588,0.023815369720924764,33.024821775329954,0.21704768950866424,25182.115199999997,1.2190883560841774,175.95,0.0045718398761740355,3.5796856676335933e-06,0.41387462659669283,0.0,0.0,1.147996970768748,scenario_007_low_soil_thermal_capacity_june2024,smartgarden_pa1_pilot_72e6b49d1a80
2024-06-21T15:00,29.0,80.0,268.0,55.0,213.0,0.81,100250.0,25.3,0.78,0.21,31.5,0.225,0,1,0,1.0,30.049396098391473,79.31723404179972,0.024120008238266627,33.053767663339045,0.21633128112913994,31077.851199999997,0.8800726926183167,227.79999999999998,0.0038253922227689295,4.413504767701853e-06,0.409452352649012,0.0,0.0,1.1518568202234856,scenario_007_low_soil_thermal_capacity_june2024,smartgarden_pa1_pilot_72e6b49d1a80
2024-06-21T16:00,29.4,77.0,283.0,81.0,202.0,0.71,100260.0,24.9,0.95,0.22,31.4,0.226,0,1,0,1.0,30.35144195045225,77.31643650949613,0.023898026322674286,33.102317903391885,0.21551889482629552,32010.8448,0.9820507945269727,240.54999999999998,0.003632591491280599,4.616243125946655e-06,0.4044376223845403,0.0,0.0,1.1508252717856362,scenario_007_low_soil_thermal_capacity_june2024,smartgarden_pa1_pilot_72e6b49d1a80
2024-06-21T17:00,28.9,80.0,203.0,90.0,113.0,0.61,100200.0,25.2,0.78,0.15,30.9,0.225,0,1,0,1.0,30.01733820116454,78.31528556855979,0.023774094244558543,33.12879156398029,0.2148036492764044,21839.6112,0.9210119547676103,172.54999999999998,0.0036427410773142337,3.3271302292385344e-06,0.40002252639755814,0.0,0.0,1.1514040683697122,scenario_007_low_soil_thermal_capacity_june2024,smartgarden_pa1_pilot_72e6b49d1a80
2024-06-21T18:00,28.8,81.0,56.0,18.0,38.0,0.92,100310.0,25.2,0.76,0.05,30.3,0.225,1,0,0,1.0,29.374115782415238,80.4240486205538,0.023577972196554234,33.05504263658316,0.21441231718823556,6264.9312,0.8012630252832635,47.6,0.002259546394971688,1.0428265944361175e-06,0.3976068962236763,0.0,0.0,1.1551188710959985,scenario_007_low_soil_thermal_capacity_june2024,smartgarden_pa1_pilot_72e6b49d1a80
2024-06-21T19:00,28.6,82.0,0.0,0.0,0.0,0.99,100350.0,25.3,0.7,0.02,29.8,0.225,0,0,0,1.0,28.847504027753324,81.40966185077355,0.023192491660799244,32.892622293233785,0.22262238860829406,0.0,0.738131614378819,0.0,0.002131148189212129,1.9853659608698532e-07,0.44828634943391393,0.0,0.0,1.1575945462626114,scenario_007_low_soil_thermal_capacity_june2024,smartgarden_pa1_pilot_72e6b49d1a80
2024-06-21T20:00,28.5,83.0,0.0,0.0,0.0,0.72,100440.0,25.4,0.65,0.0,29.5,0.224,0,0,0,1.0,28.61237062705611,82.80607609314919,0.023289419490212824,32.70454406029255,0.22258829634891045,0.0,0.6734544807126364,0.0,0.001530199243423499,1.8105523490174236e-07,0.44807590338833614,0.0,0.0,1.1595355549064679,scenario_007_low_soil_thermal_capacity_june2024,smartgarden_pa1_pilot_72e6b49d1a80
2024-06-21T21:00,28.4,85.0,0.0,0.0,0.0,0.99,100490.0,25.6,0.59,0.0,29.2,0.224,0,0,0,1.0,28.49767601937517,84.63873832516589,0.023656066669343428,32.51919624659865,0.22255747740627693,0.0,0.5976844143341089,0.0,0.002012168823715212,1.6061656810789247e-07,0.44788566300170946,0.0,0.0,1.1605538891484306,scenario_007_low_soil_thermal_capacity_june2024,smartgarden_pa1_pilot_72e6b49d1a80
2024-06-21T22:00,27.9,90.0,0.0,0.0,0.0,0.92,100510.0,26.0,0.39,0.0,28.9,0.224,0,0,0,1.0,28.158413716206958,88.62235525102165,0.024313504594147536,32.33493905182459,0.2225321933474754,0.0,0.43404984895266674,0.0,0.0020177380680358676,1.1660217617287895e-07,0.447729588564663,0.0,0.0,1.1620918696264486,scenario_007_low_soil_thermal_capacity_june2024,smartgarden_pa1_pilot_72e6b49d1a80
2024-06-21T23:00,28.1,88.0,0.0,0.0,0.0,1.06,100510.0,25.8,0.47,0.0,28.4,0.223,0,0,0,1.0,28.097122681839387,88.35755775616816,0.024159500255642667,32.14935427614781,0.2225117627648605,0.0,0.44257099537892897,0.0,0.002069296211975691,1.1885778897601878e-07,0.44760347385716365,0.0,0.0,1.1623283061178098,scenario_007_low_soil_thermal_capacity_june2024,smartgarden_pa1_pilot_72e6b49d1a80
2024-06-22T00:00,28.0,88.0,0.0,0.0,0.0,0.94,100460.0,25.8,0.47,0.0,28.1,0.223,0,0,0,1.0,28.085915442363817,87.88572457122702,0.024015715741281373,31.972272069594517,0.2224897354562486,0.0,0.4602068682992351,0.0,0.0019087954384734646,1.2355657088207475e-07,0.44746750281634934,0.0,0.0,1.161793312838458,scenario_007_low_soil_thermal_capacity_june2024,smartgarden_pa1_pilot_72e6b49d1a80
2024-06-22T01:00,28.3,86.0,0.0,0.0,0.0,1.04,100400.0,25.6,0.55,0.0,27.9,0.223,0,0,0,1.0,28.23166861886359,86.63700444648431,0.02386447125087149,31.80343350670406,0.22246652829951025,0.0,0.5119655648254482,0.0,0.0020828442340332784,1.374087670066596e-07,0.44732424876240895,0.0,0.0,1.1605379017650488,scenario_007_low_soil_thermal_capacity_june2024,smartgarden_pa1_pilot_72e6b49d1a80
2024-06-22T02:00,27.4,92.0,0.0,0.0,0.0,0.8,100350.0,26.1,0.28,0.0,27.6,0.223,0,0,0,1.0,27.79632174176031,90.01926030589702,0.02421051870677548,31.640174305075707,0.22244424336702165,0.0,0.37281392744599895,0.0,0.0019347186207245874,1.0003045515004851e-07,0.44718668745075096,0.0,0.0,1.161637934712587,scenario_007_low_soil_thermal_capacity_june2024,smartgarden_pa1_pilot_72e6b49d1a80
2024-06-22T03:00,27.2,93.0,0.0,0.0,0.0,0.91,100310.0,26.0,0.25,0.0,27.5,0.223,0,0,0,1.0,27.37348652790439,92.27140012103098,0.024244908185988196,31.465545005231945,0.2224289593356441,0.0,0.281646514509001,0.0,0.0019294805746331825,7.55531998014753e-08,0.44709234157805006,0.0,0.0,1.1628086680987284,scenario_007_low_soil_thermal_capacity_june2024,smartgarden_pa1_pilot_72e6b49d1a80
2024-06-22T04:00,27.2,93.0,0.0,0.0,0.0,1.04,100270.0,25.9,0.26,0.0,27.3,0.223,0,0,0,1.0,27.26959806709111,92.7743578699891,0.02423767829954896,31.290165758262518,0.22241600869028444,0.0,0.2617215441889207,0.0,0.002084023719261853,7.019566525340571e-08,0.44701239932274345,0.0,0.0,1.1627469339678003,scenario_007_low_soil_thermal_capacity_june2024,smartgarden_pa1_pilot_72e6b49d1a80
2024-06-22T05:00,26.8,93.0,0.0,0.0,0.0,0.95,100270.0,25.7,0.23,0.0,27.1,0.222,0,0,0,1.0,27.017999977413872,92.28851692884076,0.02377777049170406,31.117570545585107,0.22240296579704308,0.0,0.2752310774613145,0.0,0.0020381228981880277,7.380572699153655e-08,0.4469318876360684,0.0,0.0,1.163721537880897,scenario_007_low_soil_thermal_capacity_june2024,smartgarden_pa1_pilot_72e6b49d1a80
2024-06-22T06:00,27.1,92.0,18.0,5.0,13.0,1.14,100290.0,25.8,0.27,0.01,27.2,0.222,1,0,0,1.0,27.096341263327837,92.5572454111333,0.023950563534160786,30.95321172158329,0.2223624333688911,2041.3711999999998,0.26686304901113633,15.299999999999999,0.002225723808782951,3.7906204404996294e-07,0.4466816874622908,0.0,0.0,1.1636499527656274,scenario_007_low_soil_thermal_capacity_june2024,smartgarden_pa1_pilot_72e6b49d1a80
2024-06-22T07:00,28.7,85.0,145.0,71.0,74.0,0.81,100450.0,26.0,0.57,0.1,29.1,0.222,0,0,0,1.0,28.45129504134592,90.82798750426821,0.0253216014599204,30.868711950232964,0.23040099945524353,15363.497599999997,0.3559106819273339,123.25,0.0018206627189500267,2.858601160215416e-06,0.49630246577310827,0.0,0.0,1.1602703329352402,scenario_007_low_soil_thermal_capacity_june2024,smartgarden_pa1_pilot_72e6b49d1a80
2024-06-22T08:00,29.9,75.0,345.0,226.0,119.0,0.42,100450.0,25.0,1.05,0.25,30.2,0.221,0,0,0,1.0,30.372654825213704,87.36300973347592,0.02703425633212584,30.961664977041437,0.22954578681893406,34546.705599999994,0.5477637757245151,293.25,0.001489718913876893,6.64104610881425e-06,0.49102337542551894,0.0,0.0,1.1529255870960857,scenario_007_low_soil_thermal_capacity_june2024,smartgarden_pa1_pilot_72e6b49d1a80
2024-06-22T09:00,30.7,70.0,478.0,328.0,150.0,0.73,100490.0,24.5,1.34,0.36,31.3,0.22,0,1,0,1.0,31.876923445506772,73.00595099811808,0.024488180698880025,31.226714085266178,0.22811303112536652,47341.36,1.2746066216967127,406.3,0.0038102937958915447,9.18467676918861e-06,0.4821792044775711,0.0,0.0,1.1476966675678169,scenario_007_low_soil_thermal_capacity_june2024,smartgarden_pa1_pilot_72e6b49d1a80
2024-06-22T10:00,30.8,68.0,440.0,183.0,257.0,0.22,100450.0,24.1,1.44,0.34,31.5,0.218,0,1,0,1.0,32.36389078212479,69.28129655016146,0.02384853652171558,31.548411805073084,0.2265321514936307,47761.8768,1.4909094747800045,374.0,0.0036854696428128544,8.373442071049977e-06,0.47242068823228833,0.0,0.0,1.1454112090139914,scenario_007_low_soil_thermal_capacity_june2024,smartgarden_pa1_pilot_72e6b49d1a80
2024-06-22T11:00,31.1,65.0,574.0,306.0,268.0,0.5,100430.0,23.9,1.56,0.44,32.1,0.217,0,1,0,1.0,32.89375700435352,66.65421327019376,0.023597391364378596,31.903329485144106,0.22482266632421555,59940.8832,1.6673723179436326,487.9,0.0039925286779644905,1.0602613555750322e-05,0.46186831064330586,0.0,0.0,1.1432004500375101,scenario_007_low_soil_thermal_capacity_june2024,smartgarden_pa1_pilot_72e6b49d1a80
2024-06-22T12:00,31.4,64.0,624.0,267.0,357.0,1.06,100400.0,23.9,1.63,0.48,32.8,0.215,0,1,0,1.0,33.45477253198673,63.99088659265193,0.023335012395077008,32.32856129382559,0.2228559914660997,67472.11679999999,1.858030989590945,530.4,0.0046959559668036735,1.123548159423271e-05,0.4497283423833314,0.0,0.0,1.1407677918415169,scenario_007_low_soil_thermal_capacity_june2024,smartgarden_pa1_pilot_72e6b49d1a80
2024-06-22T13:00,31.0,65.0,455.0,225.0,230.0,0.89,100370.0,23.7,1.57,0.36,32.7,0.213,0,1,0,1.0,33.01988991663207,63.56426312679113,0.02265395676540523,32.69828731883499,0.22111555083805218,48131.952,1.8348171510119435,386.75,0.004482807330962546,8.12325732917619e-06,0.4389848817163715,0.0,0.0,1.1420467832922208,scenario_007_low_soil_thermal_capacity_june2024,smartgarden_pa1_pilot_72e6b49d1a80
2024-06-22T14:00,30.3,68.0,356.0,161.0,195.0,1.1,100280.0,23.7,1.38,0.29,32.4,0.213,0,1,0,1.0,32.04676422378125,66.01579669691122,0.022344658001270824,32.931873398776396,0.21981982337206019,38188.568,1.6201475424909595,302.59999999999997,0.004597068458592236,6.2877011358603775e-06,0.4309865640250629,0.0,0.0,1.1446609028809456,scenario_007_low_soil_thermal_capacity_june2024,smartgarden_pa1_pilot_72e6b49d1a80
2024-06-22T15:00,30.3,68.0,389.0,151.0,238.0,1.3,100260.0,23.7,1.38,0.31,32.3,0.212,0,1,0,1.0,31.742187816814504,67.19405761049374,0.02237740401783959,33.108538488014446,0.21865185661657077,42605.411199999995,1.5372671810065919,330.65,0.004725045362729117,6.696357316155589e-06,0.42377689269488134,0.0,0.0,1.1455758572266685,scenario_007_low_soil_thermal_capacity_june2024,smartgarden_pa1_pilot_72e6b49d1a80
2024-06-22T16:00,29.7,71.0,298.0,169.0,129.0,1.2,100260.0,23.8,1.22,0.23,31.8,0.213,0,1,0,1.0,31.176854874428187,69.0199202479735,0.0223012546742965,33.24739030692873,0.21758983132182988,30762.529599999998,1.4058835800497347,253.29999999999998,0.004598456656606086,5.107634276185759e-06,0.4172211809989499,0.0,0.0,1.1477039368217472,scenario_007_low_soil_thermal_capacity_june2024,smartgarden_pa1_pilot_72e6b49d1a80
2024-06-22T17:00,28.9,77.0,100.0,28.0,72.0,0.76,100220.0,24.4,0.93,0.09,30.9,0.216,0,0,0,1.0,29.93503203074637,74.65822700828471,0.02256328934210696,33.247421758832914,0.21696472412860895,11333.1328,1.0712675043829467,85.0,0.002364776853250206,1.8468046267364055e-06,0.41336249462104296,0.0,0.0,1.1519466287566256,scenario_007_low_soil_thermal_capacity_june2024,smartgarden_pa1_pilot_72e6b49d1a80
2024-06-22T18:00,28.5,79.0,19.0,2.0,17.0,1.0,100360.0,24.6,0.8,0.04,30.0,0.22,1,0,0,1.0,28.972345989119606,77.96990269162771,0.02236424849594696,33.10973376808072,0.2167533174082075,2270.1007999999997,0.8810453961491107,16.15,0.002314554408547496,5.172876247810103e-07,0.41205751486547837,0.0,0.0,1.157231517050469,scenario_007_low_soil_thermal_capacity_june2024,smartgarden_pa1_pilot_72e6b49d1a80
2024-06-22T19:00,28.2,81.0,0.0,0.0,0.0,1.08,100470.0,24.6,0.73,0.02,29.4,0.226,0,0,0,1.0,28.437394081658827,80.27773459142414,0.022363319170147455,32.91826151085467,0.22501559139105337,0.0,0.7646854781506045,0.0,0.00228428808272517,2.124567902652519e-07,0.4630592061176134,0.0,0.0,1.1605548380093345,scenario_007_low_soil_thermal_capacity_june2024,smartgarden_pa1_pilot_72e6b49d1a80
2024-06-22T20:00,28.1,82.0,0.0,0.0,0.0,1.36,100510.0,24.6,0.7,0.0,28.9,0.232,0,0,0,1.0,28.213116953771795,81.70476377244825,0.022482995218974417,32.71575348967445,0.22497916725704578,0.0,0.700175024596537,0.0,0.0027214611737022528,1.9443903806825883e-07,0.46283436578423326,0.0,0.0,1.1618809274638544,scenario_007_low_soil_thermal_capacity_june2024,smartgarden_pa1_pilot_72e6b49d1a80
2024-06-22T21:00,26.1,97.0,0.0,0.0,0.0,0.89,100560.0,25.6,0.1,0.0,28.5,0.241,0,0,0,1.0,26.96361408797299,92.14637167385973,0.023669801220728974,32.50193253392213,0.224953439265534,0.0,0.2794113978601618,0.0,0.0024235207888700172,7.756609348003552e-08,0.4626755510218148,0.0,0.0,1.1672987397662427,scenario_007_low_soil_thermal_capacity_june2024,smartgarden_pa1_pilot_72e6b49d1a80
2024-06-22T22:00,26.2,97.0,0.0,0.0,0.0,0.94,100550.0,25.7,0.1,0.0,28.3,0.25,0,0,0,1.0,26.330026259419796,96.3037021504828,0.023883107693748518,32.257346393224424,0.22494480659187324,0.0,0.126693513910753,0.0,0.0019472104540835637,3.516674406105995e-08,0.4626222629127978,0.0,0.0,1.1696519823053744,scenario_007_low_soil_thermal_capacity_june2024,smartgarden_pa1_pilot_72e6b49d1a80
2024-06-22T23:00,26.2,97.0,0.0,0.0,0.0,0.94,100540.0,25.7,0.1,0.0,28.1,0.256,0,0,0,1.0,26.290982723402752,96.57870811826596,0.023899338114089713,32.015874072759054,0.22493882071511576,0.0,0.11699776170406029,0.0,0.0019136425155538328,3.247286773485336e-08,0.4625853130562701,0.0,0.0,1.1696881504103969,scenario_007_low_soil_thermal_capacity_june2024,smartgarden_pa1_pilot_72e6b49d1a80
2024-06-23T00:00,26.1,97.0,0.0,0.0,0.0,0.91,100510.0,25.6,0.09,0.0,27.9,0.258,0,0,0,1.0,26.224347777407278,96.47730108460755,0.023785863488859662,31.783081232864607,0.22493288788787957,0.0,0.1199929117214702,0.0,0.0018872945457590145,3.330153852357465e-08,0.4625486906659233,0.0,0.0,1.1695994009813784,scenario_007_low_soil_thermal_capacity_june2024,smartgarden_pa1_pilot_72e6b49d1a80
2024-06-23T01:00,26.0,97.0,0.0,0.0,0.0,0.71,100470.0,25.6,0.09,0.0,27.8,0.26,0,0,0,1.0,26.127017687496846,96.49091807556839,0.02366061508622051,31.557043702683064,0.22492691414378888,0.0,0.1188442494446944,0.0,0.0015293384901714625,3.298012175787276e-08,0.46251181570240046,0.0,0.0,1.169514157781316,scenario_007_low_soil_thermal_capacity_june2024,smartgarden_pa1_pilot_72e6b49d1a80
2024-06-23T02:00,27.3,89.0,0.0,0.0,0.0,0.54,100450.0,25.4,0.38,0.0,27.8,0.26,0,0,0,1.0,26.852210428112137,91.6563459646868,0.023399131345633498,31.3477636170942,0.22491763509734194,0.0,0.2949100982921893,0.0,0.0016102989593306774,8.182950789027957e-08,0.4624545376379133,0.0,0.0,1.16645485548906,scenario_007_low_soil_thermal_capacity_june2024,smartgarden_pa1_pilot_72e6b49d1a80
2024-06-23T03:00,27.4,89.0,0.0,0.0,0.0,0.54,100410.0,25.4,0.41,0.0,27.7,0.259,0,0,0,1.0,27.35749919496351,89.43881902756222,0.02347990734264966,31.17307787518356,0.22489980132885196,0.0,0.38451193714988907,0.0,0.001117786332280565,1.0666617667073594e-07,0.46234445264723434,0.0,0.0,1.164029807585032,scenario_007_low_soil_thermal_capacity_june2024,smartgarden_pa1_pilot_72e6b49d1a80
2024-06-23T04:00,27.4,89.0,0.0,0.0,0.0,0.85,100440.0,25.4,0.4,0.0,27.7,0.259,0,0,0,1.0,27.438700186863382,89.0737628737392,0.023489051301025403,31.013473490754663,0.2248801643736481,0.0,0.3996967845710695,0.0,0.0016956805433537886,1.1084948491963075e-07,0.46222323687437106,0.0,0.0,1.1640630458078227,scenario_007_low_soil_thermal_capacity_june2024,smartgarden_pa1_pilot_72e6b49d1a80
2024-06-23T05:00,27.3,90.0,0.0,0.0,0.0,0.85,100440.0,25.4,0.37,0.0,27.5,0.258,0,0,0,1.0,27.386035678095812,89.72720580092319,0.0235927335684202,30.86075146232575,0.22486070017396342,0.0,0.37463725802328396,0.0,0.0017412568935912995,1.038726201736179e-07,0.4621030874936014,0.0,0.0,1.1642670306921767,scenario_007_low_soil_thermal_capacity_june2024,smartgarden_pa1_pilot_72e6b49d1a80
2024-06-23T06:00,27.2,91.0,13.0,2.0,11.0,0.72,100540.0,25.5,0.33,0.01,27.6,0.263,1,0,0,1.0,27.322255595342618,90.99433571990781,0.02384185030748003,30.716693528635073,0.22482248126372614,1531.0064,0.3272031180051518,11.049999999999999,0.001541367352956094,3.2033807597661583e-07,0.46186716829460583,0.0,0.0,1.1656735778976781,scenario_007_low_soil_thermal_capacity_june2024,smartgarden_pa1_pilot_72e6b49d1a80
2024-06-23T07:00,28.2,87.0,133.0,65.0,68.0,0.82,100620.0,25.7,0.51,0.09,29.1,0.263,0,0,0,1.0,28.165780551117432,92.17654012556291,0.025298811491253563,30.6355615492995,0.23288179568959538,14096.403199999999,0.2985878683382519,113.05,0.0016339311837950236,2.694376014452443e-06,0.5116160227752802,0.0,0.0,1.1633352414824518,scenario_007_low_soil_thermal_capacity_june2024,smartgarden_pa1_pilot_72e6b49d1a80
2024-06-23T08:00,28.6,84.0,198.0,66.0,132.0,1.14,100620.0,25.7,0.62,0.15,28.9,0.264,0,0,0,1.0,29.055743172380282,87.51430327681983,0.025216182513143833,30.656716511607208,0.23227920835153482,22068.0768,0.5017501375257423,168.29999999999998,0.0025379777907982137,3.999455227863481e-06,0.5078963478489804,0.0,0.0,1.1599093473546667,scenario_007_low_soil_thermal_capacity_june2024,smartgarden_pa1_pilot_72e6b49d1a80
2024-06-23T09:00,28.7,84.0,289.0,103.0,186.0,0.5,100640.0,25.7,0.63,0.22,29.3,0.271,0,0,0,1.0,29.60653171089376,88.99220703533938,0.02642108423363852,30.75504443016627,0.2314052957501669,31975.9264,0.45662968137406734,245.65,0.0019819434663619555,5.692455154954437e-06,0.5025018256183142,0.0,0.0,1.1580293201980394,scenario_007_low_soil_thermal_capacity_june2024,smartgarden_pa1_pilot_72e6b49d1a80
2024-06-23T10:00,29.0,82.0,398.0,166.0,232.0,0.41,100650.0,25.6,0.72,0.3,29.9,0.276,0,1,0,1.0,30.201584726062677,83.96779462582876,0.02574495797953983,30.93822250824187,0.23019788590096857,43186.3168,0.6881619906923646,338.3,0.0035285321970245937,7.74077776604909e-06,0.49504867840104055,0.0,0.0,1.1558725762244049,scenario_007_low_soil_thermal_capacity_june2024,smartgarden_pa1_pilot_72e6b49d1a80
2024-06-23T11:00,29.0,82.0,306.0,97.0,209.0,0.28,100590.0,25.6,0.72,0.24,30.0,0.279,0,1,0,1.0,30.239331996760985,82.31916246947924,0.025290946761768688,31.13214641203539,0.228968066071489,34281.12159999999,0.7605696456479825,260.09999999999997,0.0034770026689667326,5.927889862663224e-06,0.48745719797215437,0.0,0.0,1.1550398051718138,scenario_007_low_soil_thermal_capacity_june2024,smartgarden_pa1_pilot_72e6b49d1a80
2024-06-23T12:00,29.3,77.0,252.0,23.0,229.0,0.81,100580.0,24.9,0.92,0.2,29.9,0.281,0,1,0,1.0,30.208342407705498,77.9633119302651,0.02391267288648826,31.263759991541857,0.22799350412518501,30232.7696,0.9462629046783255,214.2,0.003728199838648974,4.9139555686319845e-06,0.4814413834887964,0.0,0.0,1.155042960095822,scenario_007_low_soil_thermal_capacity_june2024,smartgarden_pa1_pilot_72e6b49d1a80
2024-06-23T13:00,29.2,79.0,341.0,57.0,284.0,1.33,100520.0,25.2,0.85,0.27,32.2,0.284,0,1,0,1.0,30.358167608832673,78.6144283793615,0.02430803965328247,31.40502372598171,0.22696851154876496,39999.8016,0.9262124755824095,289.84999999999997,0.004632476244812092,6.461068244645145e-06,0.47511426881953683,0.0,0.0,1.1537840899799325,scenario_007_low_soil_thermal_capacity_june2024,smartgarden_pa1_pilot_72e6b49d1a80
2024-06-23T14:00,29.2,75.0,331.0,97.0,234.0,1.12,100480.0,24.2,1.02,0.26,31.3,0.283,0,1,0,1.0,30.41567083196022,75.06282631803252,0.023281909137007235,31.572303834843293,0.2258264998212658,37360.681599999996,1.0835907020157345,281.34999999999997,0.004347285696989609,6.230365998245207e-06,0.46806481371151726,0.0,0.0,1.1531064940944922,scenario_007_low_soil_thermal_capacity_june2024,smartgarden_pa1_pilot_72e6b49d1a80
2024-06-23T15:00,28.4,78.0,229.0,46.0,183.0,0.71,100480.0,24.1,0.87,0.18,30.3,0.304,0,0,0,1.0,29.733162942153196,78.30831590692921,0.023409230750540078,31.6842024363802,0.22487769129860585,26590.379199999996,0.9063988934266436,194.65,0.0025087330135450843,4.299962045855261e-06,0.4622079709790485,0.0,0.0,1.1557048698918206,scenario_007_low_soil_thermal_capacity_june2024,smartgarden_pa1_pilot_72e6b49d1a80
2024-06-23T16:00,27.9,86.0,167.0,32.0,135.0,0.41,100500.0,25.4,0.52,0.13,29.7,0.307,0,0,0,1.0,28.925304341013565,86.09544763610653,0.0246316806913361,31.70600947339902,0.2242140214408826,19445.624,0.554571818842585,141.95,0.002003590413776938,3.078733446737367e-06,0.45811124346223825,0.0,0.0,1.1590262946421312,scenario_007_low_soil_thermal_capacity_june2024,smartgarden_pa1_pilot_72e6b49d1a80
2024-06-23T17:00,27.8,87.0,89.0,18.0,71.0,0.32,100400.0,25.3,0.5,0.07,29.2,0.307,0,0,0,1.0,28.397811682461043,88.35425964177858,0.024559971977301396,31.65511321136292,0.22378754249602661,10329.9504,0.45050059059302194,75.64999999999999,0.0015364700182346682,1.6736792618877727e-06,0.45547865738288035,0.0,0.0,1.1598984830229777,scenario_007_low_soil_thermal_capacity_june2024,smartgarden_pa1_pilot_72e6b49d1a80
2024-06-23T18:00,27.7,87.0,46.0,18.0,28.0,0.54,100480.0,25.4,0.48,0.04,28.8,0.309,1,0,0,1.0,28.063027137874045,87.92822033093132,0.023997169788288968,31.54980444371892,0.22355415117845917,5033.1071999999995,0.45798209294177106,39.1,0.0015189701054125768,9.236445645633247e-07,0.45403797023740233,0.0,0.0,1.1621129064257205,scenario_007_low_soil_thermal_capacity_june2024,smartgarden_pa1_pilot_72e6b49d1a80
2024-06-23T19:00,27.6,89.0,1.0,0.0,1.0,0.22,100600.0,25.7,0.39,0.0,28.4,0.307,0,0,0,1.0,27.780296210587686,88.99315794387262,0.02391346516526308,31.407834674453216,0.23178236551303302,123.18239999999999,0.41075820400947416,0.85,0.0008830696130989642,1.4372741992309504e-07,0.5048294167471175,0.0,0.0,1.1645939158345286,scenario_007_low_soil_thermal_capacity_june2024,smartgarden_pa1_pilot_72e6b49d1a80
2024-06-23T20:00,27.4,86.0,0.0,0.0,0.0,0.61,100670.0,24.8,0.51,0.0,28.1,0.308,0,0,0,1.0,27.54595495818191,86.58540316878104,0.022968255075395034,31.246971249465883,0.23175655765074246,0.0,0.49381040320619185,0.0,0.0013775266950456068,1.4952680999356815e-07,0.5046701089552004,0.0,0.0,1.1663125034742072,scenario_007_low_soil_thermal_capacity_june2024,smartgarden_pa1_pilot_72e6b49d1a80
2024-06-23T21:00,27.5,85.0,0.0,0.0,0.0,0.98,100680.0,24.8,0.55,0.0,27.9,0.312,0,0,0,1.0,27.5160520116642,85.33837077564486,0.02260018615839767,31.087511481095575,0.23172820169563146,0.0,0.5387732215150733,0.0,0.0019248402263532588,1.6308506117107052e-07,0.504495072195256,0.0,0.0,1.1665443664209394,scenario_007_low_soil_thermal_capacity_june2024,smartgarden_pa1_pilot_72e6b49d1a80
2024-06-23T22:00,26.1,97.0,0.0,0.0,0.0,1.08,100680.0,25.6,0.1,0.0,27.7,0.313,0,0,0,1.0,26.70293280372171,93.46002970843846,0.023662979630090602,30.924600112942997,0.23170586512117727,0.0,0.22913914958563097,0.0,0.002536676177419168,6.934078685194381e-08,0.5043571921060326,0.0,0.0,1.1697077159416023,scenario_007_low_soil_thermal_capacity_june2024,smartgarden_pa1_pilot_72e6b49d1a80
2024-06-23T23:00,27.3,88.0,0.0,0.0,0.0,1.0,100690.0,25.1,0.45,0.0,27.6,0.311,0,0,0,1.0,26.93630461444648,90.32759225847448,0.02316755746320274,30.75013874873487,0.23169268558375775,0.0,0.34356767166777713,0.0,0.002237783583349368,1.0395172510481272e-07,0.5042758369367762,0.0,0.0,1.1689141453332845,scenario_007_low_soil_thermal_capacity_june2024,smartgarden_pa1_pilot_72e6b49d1a80
2024-06-24T00:00,27.3,88.0,0.0,0.0,0.0,0.94,100670.0,25.1,0.43,0.0,27.5,0.309,0,0,0,1.0,27.299942070486214,88.262116646055,0.02309750137008967,30.600483131912046,0.23167078834118196,0.0,0.42591632122773637,0.0,0.0018330522983194169,1.2883304341498264e-07,0.5041406687727281,0.0,0.0,1.1672674975239914,scenario_007_low_soil_thermal_capacity_june2024,smartgarden_pa1_pilot_72e6b49d1a80
2024-06-24T01:00,27.1,89.0,0.0,0.0,0.0,0.78,100630.0,25.1,0.4,0.0,27.4,0.307,0,0,0,1.0,27.217481837564925,88.70613478000864,0.023108228023420267,30.460195550746224,0.23164787643040677,0.0,0.4078309752759597,0.0,0.0016438903495924505,1.233279002734216e-07,0.5039992372247332,0.0,0.0,1.1671240219534715,scenario_007_low_soil_thermal_capacity_june2024,smartgarden_pa1_pilot_72e6b49d1a80
2024-06-24T02:00,27.0,89.0,0.0,0.0,0.0,0.81,100600.0,25.0,0.39,0.0,27.3,0.312,0,0,0,1.0,27.090467923794236,88.91361142672211,0.02300024811882094,30.321433064064333,0.2316260728993132,0.0,0.39737020517571375,0.0,0.0016716606637960682,1.201324790210661e-07,0.5038646475266246,0.0,0.0,1.1672696704765515,scenario_007_low_soil_thermal_capacity_june2024,smartgarden_pa1_pilot_72e6b49d1a80
2024-06-24T03:00,27.0,89.0,0.0,0.0,0.0,0.85,100560.0,25.0,0.41,0.0,27.3,0.31,0,0,0,1.0,27.04635282251331,89.04335739886048,0.02297768085444583,30.18551093020809,0.2316046337657845,0.0,0.391705147401499,0.0,0.0017031879025337388,1.1838872258471096e-07,0.5037323071962007,0.0,0.0,1.1669770142700777,scenario_007_low_soil_thermal_capacity_june2024,smartgarden_pa1_pilot_72e6b49d1a80
2024-06-24T04:00,27.0,89.0,0.0,0.0,0.0,0.98,100570.0,24.9,0.41,0.0,27.2,0.308,0,0,0,1.0,27.039693702448258,89.04480769884049,0.02296959241398381,30.05461111624496,0.23158334179518705,0.0,0.3915003700723716,0.0,0.0019450985831974273,1.1829595742428337e-07,0.5036008752789325,0.0,0.0,1.167118951776036,scenario_007_low_soil_thermal_capacity_june2024,smartgarden_pa1_pilot_72e6b49d1a80
2024-06-24T05:00,26.9,89.0,0.0,0.0,0.0,0.92,100600.0,25.0,0.39,0.0,27.1,0.307,0,0,0,1.0,26.977789684118385,88.9337021669191,0.02286248788276525,29.92824882279636,0.23156195223916531,0.0,0.39403734691853565,0.0,0.0018644494123035357,1.1903131581413709e-07,0.503468840982502,0.0,0.0,1.1677079034433646,scenario_007_low_soil_thermal_capacity_june2024,smartgarden_pa1_pilot_72e6b49d1a80
2024-06-24T06:00,27.0,89.0,12.0,1.0,11.0,0.72,100620.0,25.0,0.39,0.01,27.1,0.305,1,0,0,1.0,27.02839896862582,89.56208146048367,0.023088594940162598,29.810471937617425,0.2315203094486918,1443.0064,0.37276778398213795,10.2,0.0014371126024512253,3.435228956702822e-07,0.5032117867203199,0.0,0.0,1.1677431405267262,scenario_007_low_soil_thermal_capacity_june2024,smartgarden_pa1_pilot_72e6b49d1a80
2024-06-24T07:00,27.4,89.0,119.0,31.0,88.0,0.91,100700.0,25.4,0.4,0.08,27.9,0.303,0,0,0,1.0,27.549547409472545,92.67972992620949,0.024589746043768523,29.748371977872544,0.23958508525676342,13568.0512,0.269526125286375,101.14999999999999,0.0019087676750802445,2.6065199034882457e-06,0.5529943534368112,0.0,0.0,1.1666461304755382,scenario_007_low_soil_thermal_capacity_june2024,smartgarden_pa1_pilot_72e6b49d1a80
2024-06-24T08:00,28.1,85.0,193.0,40.0,153.0,0.91,100750.0,25.4,0.56,0.15,28.1,0.301,0,0,0,1.0,28.414542845992088,90.68675616895011,0.025231434214762868,29.77673248694639,0.23897514443864856,22366.907199999998,0.36062101027472604,164.04999999999998,0.0020459813975138284,4.17338607356973e-06,0.5492292866583245,0.0,0.0,1.1638773769308486,scenario_007_low_soil_thermal_capacity_june2024,smartgarden_pa1_pilot_72e6b49d1a80
2024-06-24T09:00,28.7,84.0,245.0,30.0,215.0,0.85,100780.0,25.6,0.64,0.19,28.9,0.299,0,0,0,1.0,29.258146027237057,89.49061730774571,0.02607119115851313,29.877620498068968,0.23812739061004748,29124.215999999997,0.4272929899892599,208.25,0.0021407081211615455,5.237392216016287e-06,0.5439962383336264,0.0,0.0,1.160976200953543,scenario_007_low_soil_thermal_capacity_june2024,smartgarden_pa1_pilot_72e6b49d1a80
2024-06-24T10:00,29.0,81.0,262.0,37.0,225.0,0.63,100780.0,25.4,0.75,0.21,29.3,0.297,0,0,0,1.0,29.794172702123245,86.77847728192042,0.02602712909618674,30.022124401544794,0.23715441486173805,30972.04,0.5544086848994474,222.7,0.002028800601303732,5.570428810203173e-06,0.537990215195914,0.0,0.0,1.1589219801805588,scenario_007_low_soil_thermal_capacity_june2024,smartgarden_pa1_pilot_72e6b49d1a80
2024-06-24T11:00,30.3,72.0,529.0,126.0,403.0,0.36,100690.0,24.7,1.19,0.4,30.7,0.293,0,1,0,1.0,31.306319005354133,78.35824499175624,0.025494708459525582,30.29046574422267,0.23565873483868657,60730.5072,0.9893604005728753,449.65,0.003333012648819973,1.101289303418046e-05,0.5287576224610282,0.0,0.0,1.1521361337829574,scenario_007_low_soil_thermal_capacity_june2024,smartgarden_pa1_pilot_72e6b49d1a80
2024-06-24T12:00,31.3,67.0,736.0,433.0,303.0,0.51,100630.0,24.5,1.5,0.56,31.9,0.289,0,1,0,1.0,33.15144297893606,71.04166974913147,0.02549530934035253,30.775628671322522,0.2333183623756423,75428.2672,1.4690662790041848,625.6,0.004034586931632915,1.493221392315942e-05,0.5143108788619895,0.0,0.0,1.1445133919607522,scenario_007_low_soil_thermal_capacity_june2024,smartgarden_pa1_pilot_72e6b49d1a80
2024-06-24T13:00,31.9,65.0,689.0,411.0,278.0,0.45,100580.0,24.4,1.66,0.53,32.5,0.285,0,1,0,1.0,34.0876400136046,66.5979860984381,0.02510641757789964,31.34478986098655,0.23074404267762053,70412.7072,1.785428363469355,585.65,0.00419076426155808,1.3669421661255326e-05,0.4984200165285218,0.0,0.0,1.140458954732378,scenario_007_low_soil_thermal_capacity_june2024,smartgarden_pa1_pilot_72e6b49d1a80
2024-06-24T14:00,31.5,67.0,385.0,152.0,233.0,0.42,100480.0,24.5,1.54,0.31,32.3,0.285,0,1,0,1.0,33.39572103878478,66.05074690981978,0.024011389822268647,31.77127009734501,0.22882712240505243,42077.4992,1.7459699031453697,327.25,0.0040004575100565844,7.675344328888085e-06,0.4865871753398298,0.0,0.0,1.141896697283196,scenario_007_low_soil_thermal_capacity_june2024,smartgarden_pa1_pilot_72e6b49d1a80
2024-06-24T15:00,30.7,73.0,481.0,224.0,257.0,0.85,100440.0,25.3,1.19,0.37,32.0,0.309,0,1,0,1.0,32.64287236087061,71.61462031354722,0.02501912612556427,32.07710434331827,0.22730927988454208,51369.8768,1.3994720016641402,408.84999999999997,0.004399754846440517,9.18068371750689e-06,0.4772177770650746,0.0,0.0,1.1442523011524206,scenario_007_low_soil_thermal_capacity_june2024,smartgarden_pa1_pilot_72e6b49d1a80
2024-06-24T16:00,30.2,76.0,322.0,144.0,178.0,0.5,100450.0,25.4,1.05,0.24,31.2,0.31,0,1,0,1.0,31.80554828067245,74.49444241679835,0.024892587624737623,32.32397968206026,0.22593528611969793,34598.4672,1.1994695779606248,273.7,0.003876061407815423,6.11053204228301e-06,0.4687363340722095,0.0,0.0,1.1475083400983022,scenario_007_low_soil_thermal_capacity_june2024,smartgarden_pa1_pilot_72e6b49d1a80
2024-06-24T17:00,28.9,85.0,112.0,34.0,78.0,0.22,100470.0,26.2,0.59,0.09,30.4,0.332,0,1,0,1.0,30.1717739072899,81.43768921715827,0.024929066004555946,32.39027674380311,0.2251875003673736,12600.2272,0.7954042323883472,95.2,0.0034753703108395618,2.209789661622062e-06,0.46412037263810857,0.0,0.0,1.1539188393085056,scenario_007_low_soil_thermal_capacity_june2024,smartgarden_pa1_pilot_72e6b49d1a80
2024-06-24T18:00,28.5,89.0,46.0,9.0,37.0,0.2,100470.0,26.5,0.44,0.03,29.6,0.336,1,0,0,1.0,29.073963119527917,88.53531384193293,0.02553569615555323,32.3062534083793,0.22490601288255055,5349.748799999999,0.4612049323229477,39.1,0.0014284907390393023,9.415144643709556e-07,0.4623827955712997,0.0,0.0,1.1581103816895895,scenario_007_low_soil_thermal_capacity_june2024,smartgarden_pa1_pilot_72e6b49d1a80
2024-06-24T19:00,28.7,83.0,0.0,0.0,0.0,0.36,100540.0,25.6,0.66,0.01,29.1,0.333,0,0,0,1.0,28.77511241899517,85.47742925693889,0.02425535274034192,32.16411981212095,0.23313135057184597,0.0,0.5742097802679247,0.0,0.0008603416386495445,1.7679568350087213e-07,0.5131564850113949,0.0,0.0,1.1600643829611206,scenario_007_low_soil_thermal_capacity_june2024,smartgarden_pa1_pilot_72e6b49d1a80
2024-06-24T20:00,28.5,84.0,0.0,0.0,0.0,0.28,100620.0,25.5,0.62,0.0,28.6,0.33,0,0,0,1.0,28.626515631992977,84.264367400613,0.023717892064888405,32.006419880412125,0.23309721050706894,0.0,0.6168413453914123,0.0,0.0008455779482418687,1.8984368565723633e-07,0.512945743870796,0.0,0.0,1.161559127938801,scenario_007_low_soil_thermal_capacity_june2024,smartgarden_pa1_pilot_72e6b49d1a80
2024-06-24T21:00,27.8,89.0,0.0,0.0,0.0,0.71,100640.0,25.9,0.4,0.0,28.3,0.327,0,0,0,1.0,28.1367103715231,87.46537084780691,0.02396754189763965,31.845506379467256,0.23306621498572977,0.0,0.47758483041511735,0.0,0.0017401580567092715,1.4693023776735345e-07,0.5127544134921591,0.0,0.0,1.1636787436470362,scenario_007_low_soil_thermal_capacity_june2024,smartgarden_pa1_pilot_72e6b49d1a80
2024-06-24T22:00,27.2,92.0,0.0,0.0,0.0,0.7,100700.0,25.8,0.29,0.0,28.0,0.325,0,0,0,1.0,27.52639461609234,90.60839682296294,0.024009529962625932,31.671704423516513,0.23304366256726877,0.0,0.3453233815549859,0.0,0.0017154225089900733,1.0621080879422389e-07,0.5126152010325233,0.0,0.0,1.1667359649862958,scenario_007_low_soil_thermal_capacity_june2024,smartgarden_pa1_pilot_72e6b49d1a80
2024-06-24T23:00,26.9,93.0,0.0,0.0,0.0,0.54,100730.0,25.7,0.24,0.0,27.7,0.322,0,0,0,1.0,27.112014920484192,92.26071365649743,0.023894529673778985,31.487546567975812,0.2330266974809234,0.0,0.27775039942684643,0.0,0.0013457156200419001,8.540999403117931e-08,0.5125104782773049,0.0,0.0,1.1686941983757042,scenario_007_low_soil_thermal_capacity_june2024,smartgarden_pa1_pilot_72e6b49d1a80
2024-06-25T00:00,26.9,94.0,0.0,0.0,0.0,0.81,100740.0,25.8,0.22,0.0,27.6,0.32,0,0,0,1.0,26.979054717074682,93.60099153560691,0.024064008499105956,31.301923083085065,0.2330127741597227,0.0,0.2278662227953432,0.0,0.0016603451780377258,7.005854552421809e-08,0.5124245318501403,0.0,0.0,1.1693280155677992,scenario_007_low_soil_thermal_capacity_june2024,smartgarden_pa1_pilot_72e6b49d1a80
2024-06-25T01:00,26.8,94.0,0.0,0.0,0.0,0.6,100730.0,25.7,0.22,0.0,27.5,0.319,0,0,0,1.0,26.903820817759346,93.75427050732397,0.024003232780864043,31.121438945734152,0.23300044133766737,0.0,0.22142809071119185,0.0,0.0013088039227147112,6.806899723550358e-08,0.5123484033189344,0.0,0.0,1.1695051036970474,scenario_007_low_soil_thermal_capacity_june2024,smartgarden_pa1_pilot_72e6b49d1a80
2024-06-25T02:00,26.1,98.0,0.0,0.0,0.0,0.85,100640.0,25.7,0.08,0.0,27.5,0.348,0,0,0,1.0,26.449050108410248,96.18345765781962,0.024011667461295592,30.940838603159264,0.2329901684745158,0.0,0.1317359043891151,0.0,0.0019763179803077703,4.0491795923686544e-08,0.5122849905834309,0.0,0.0,1.1702338190852646,scenario_007_low_soil_thermal_capacity_june2024,smartgarden_pa1_pilot_72e6b49d1a80
2024-06-25T03:00,25.9,97.0,0.0,0.0,0.0,0.73,100620.0,25.4,0.1,0.0,27.4,0.353,0,0,0,1.0,26.08005434915532,96.45060658546922,0.023588915788742736,30.751697838559327,0.23298371223741726,0.0,0.11987650502391523,0.0,0.0016200940241403571,3.6843694062710684e-08,0.5122451372680078,0.0,0.0,1.17144404860112,scenario_007_low_soil_thermal_capacity_june2024,smartgarden_pa1_pilot_72e6b49d1a80
2024-06-25T04:00,25.7,97.0,0.0,0.0,0.0,0.92,100570.0,25.2,0.11,0.0,27.3,0.359,0,0,0,1.0,25.861728627444915,96.36135527050952,0.023281804505914508,30.56156353532325,0.23297698086513877,0.0,0.12131467015200803,0.0,0.0019381127967882238,3.728268542171774e-08,0.5122035855872763,0.0,0.0,1.1717168495570949,scenario_007_low_soil_thermal_capacity_june2024,smartgarden_pa1_pilot_72e6b49d1a80
2024-06-25T05:00,25.7,96.0,0.0,0.0,0.0,1.14,100660.0,25.1,0.12,0.0,27.2,0.361,0,0,0,1.0,25.77766706875609,95.78133984518558,0.023033275706022784,30.373952670983655,0.23296988758751652,0.0,0.13995459356173878,0.0,0.002280370906843295,4.3007469982126037e-08,0.5121597999229415,0.0,0.0,1.1730952116747355,scenario_007_low_soil_thermal_capacity_june2024,smartgarden_pa1_pilot_72e6b49d1a80
2024-06-25T06:00,25.7,97.0,8.0,1.0,7.0,0.67,100650.0,25.2,0.11,0.01,27.2,0.359,1,0,0,1.0,25.78604159391086,96.81033188140728,0.023291619910912113,30.196065385457533,0.23294880637418455,950.2767999999999,0.10587013522055733,6.8,0.0014117913735682852,1.8920626888167726e-07,0.5120296689764479,0.0,0.0,1.1729458109818367,scenario_007_low_soil_thermal_capacity_june2024,smartgarden_pa1_pilot_72e6b49d1a80
2024-06-25T07:00,27.4,87.0,106.0,30.0,76.0,0.57,100720.0,25.1,0.47,0.08,28.2,0.356,0,0,0,1.0,27.015216432131552,93.95978367898147,0.0242046377223369,30.079448235141854,0.24105311965665757,12001.8624,0.21554658205422683,90.1,0.001584345985769672,2.3515468326193724e-06,0.5620562941768986,0.0,0.0,1.1689550237181354,scenario_007_low_soil_thermal_capacity_june2024,smartgarden_pa1_pilot_72e6b49d1a80
2024-06-25T08:00,27.8,83.0,222.0,86.0,136.0,0.41,100740.0,24.7,0.63,0.16,28.0,0.352,0,0,0,1.0,28.237311371139945,93.0473215251957,0.025638143304100764,30.090831912254693,0.24040721122537514,24320.806399999998,0.26645968509932594,188.7,0.0014429348760495073,4.828066421855345e-06,0.5580692050949083,0.0,0.0,1.1644462083355058,scenario_007_low_soil_thermal_capacity_june2024,smartgarden_pa1_pilot_72e6b49d1a80
2024-06-25T09:00,28.6,79.0,319.0,143.0,176.0,0.28,100720.0,24.5,0.84,0.24,28.7,0.347,0,0,0,1.0,29.299758857157748,90.3082116491481,0.02636896310638559,30.21208026314118,0.23935440386917253,34264.102399999996,0.3949978027972634,271.15,0.0016120741775654003,6.860845514381636e-06,0.5515703942541514,0.0,0.0,1.1601253676631182,scenario_007_low_soil_thermal_capacity_june2024,smartgarden_pa1_pilot_72e6b49d1a80
2024-06-25T10:00,28.9,76.0,335.0,68.0,267.0,0.5,100700.0,24.3,0.93,0.26,29.8,0.343,0,0,0,1.0,29.953957671731906,83.4832061729278,0.025256221574381774,30.398734067720795,0.23808845267274129,38873.7008,0.6989696510687406,284.75,0.002099606618760354,7.19559323118549e-06,0.5437558806959338,0.0,0.0,1.1573915633293759,scenario_007_low_soil_thermal_capacity_june2024,smartgarden_pa1_pilot_72e6b49d1a80
2024-06-25T11:00,29.6,73.0,543.0,154.0,389.0,1.3,100670.0,24.2,1.14,0.41,30.5,0.338,0,1,0,1.0,30.939451776207328,75.56425101615109,0.024106987528315117,30.68037375984118,0.23640599307158133,61469.9536,1.0940200399945037,461.55,0.0046761980309962,1.1428079058000236e-05,0.5333703276023539,0.0,0.0,1.1532969985093204,scenario_007_low_soil_thermal_capacity_june2024,smartgarden_pa1_pilot_72e6b49d1a80
2024-06-25T12:00,30.2,69.0,588.0,244.0,344.0,2.33,100600.0,24.0,1.31,0.45,31.2,0.332,0,1,0,1.0,31.844211634877926,68.89279544338086,0.023068269333622524,31.07433142793282,0.23428164093433756,63846.745599999995,1.4661064134720276,499.8,0.006488324705684805,1.2158752461983047e-05,0.5202570428045529,0.0,0.0,1.1490762076386094,scenario_007_low_soil_thermal_capacity_june2024,smartgarden_pa1_pilot_72e6b49d1a80
2024-06-25T13:00,31.1,66.0,871.0,682.0,189.0,2.0,100610.0,24.0,1.54,0.65,32.4,0.326,0,1,0,1.0,33.310077856599136,66.38284712531315,0.024023480972628748,31.603692950456633,0.2316230116297119,83297.4736,1.7206264839067393,740.35,0.006119778102323885,1.730615727781704e-05,0.5038457508006908,0.0,0.0,1.1436935983470151,scenario_007_low_soil_thermal_capacity_june2024,smartgarden_pa1_pilot_72e6b49d1a80
2024-06-25T14:00,29.9,72.0,352.0,107.0,245.0,1.43,100560.0,24.2,1.2,0.28,31.7,0.322,0,1,0,1.0,32.13385779682585,67.97234794757182,0.023113737438146067,32.04365972532229,0.22943854046934306,39595.688,1.5343998659501659,299.2,0.005268594252625463,7.0536716073314626e-06,0.49036136092187077,0.0,0.0,1.1475295354290618,scenario_007_low_soil_thermal_capacity_june2024,smartgarden_pa1_pilot_72e6b49d1a80
2024-06-25T15:00,29.9,71.0,299.0,206.0,93.0,0.85,100580.0,24.1,1.22,0.24,31.3,0.318,0,1,0,1.0,31.13586303446687,71.06034448426901,0.022910170394516115,32.21236916968598,0.22827503209797304,29583.9632,1.3102309348639478,254.15,0.003993906401826541,5.905845644665634e-06,0.48317921048131507,0.0,0.0,1.151522171585963,scenario_007_low_soil_thermal_capacity_june2024,smartgarden_pa1_pilot_72e6b49d1a80
2024-06-25T16:00,30.0,71.0,370.0,253.0,117.0,0.22,100550.0,24.1,1.23,0.27,31.3,0.314,0,1,0,1.0,31.248261222020464,72.59174093629733,0.023545226963704483,32.369886745338945,0.22710490111353762,36676.3408,1.248852053951345,314.5,0.0034533136304603163,7.092609144966391e-06,0.4759561797131952,0.0,0.0,1.1507536375830514,scenario_007_low_soil_thermal_capacity_june2024,smartgarden_pa1_pilot_72e6b49d1a80
2024-06-25T17:00,29.6,74.0,195.0,106.0,89.0,0.4,100560.0,24.4,1.09,0.14,30.8,0.311,0,1,0,1.0,30.728402484262784,73.24476121149486,0.02310361976385417,32.481426348652505,0.22612186111752283,20291.2336,1.183542430700916,165.75,0.0034627659004222346,3.8384568094582085e-06,0.46988803158964715,0.0,0.0,1.1528369263746072,scenario_007_low_soil_thermal_capacity_june2024,smartgarden_pa1_pilot_72e6b49d1a80
2024-06-25T18:00,29.2,77.0,76.0,49.0,27.0,0.14,100560.0,24.8,0.92,0.05,30.2,0.309,1,0,0,1.0,29.883560400083635,77.12514087764043,0.02324403038744605,32.45859374776726,0.22562987516532698,7637.924799999999,0.964131619448533,64.6,0.0015223695928655396,1.6271996266586899e-06,0.4668510812674505,0.0,0.0,1.1560509768260199,scenario_007_low_soil_thermal_capacity_june2024,smartgarden_pa1_pilot_72e6b49d1a80
2024-06-25T19:00,29.1,75.0,1.0,0.0,1.0,0.82,100600.0,24.3,0.99,0.0,29.6,0.308,0,0,0,1.0,29.32701208456995,75.59133083089257,0.022104518210105388,32.34443984451669,0.23377363669585682,123.18239999999999,0.996362199815144,0.85,0.0018174443810418622,3.289239047561461e-07,0.5171212141719557,0.0,0.0,1.1586387661061228,scenario_007_low_soil_thermal_capacity_june2024,smartgarden_pa1_pilot_72e6b49d1a80
2024-06-25T20:00,29.0,77.0,0.0,0.0,0.0,1.22,100680.0,24.5,0.92,0.01,29.1,0.306,0,0,0,1.0,29.089588195264774,76.88008459622539,0.022192921755746126,32.195401549724046,0.23371745912762298,0.0,0.9309147772712945,0.0,0.002440162676629738,2.886437771018883e-07,0.5167744390594011,0.0,0.0,1.1604710396893239,scenario_007_low_soil_thermal_capacity_june2024,smartgarden_pa1_pilot_72e6b49d1a80
2024-06-25T21:00,28.0,87.0,0.0,0.0,0.0,0.92,100700.0,25.5,0.51,0.0,28.6,0.305,0,0,0,1.0,28.440142055691613,84.62135861296227,0.02357688632142574,32.04009646622413,0.23367394565694558,0.0,0.5963665454871392,0.0,0.0021609395363790572,1.84816081180412e-07,0.5165058373885529,0.0,0.0,1.163201028487948,scenario_007_low_soil_thermal_capacity_june2024,smartgarden_pa1_pilot_72e6b49d1a80
2024-06-25T22:00,27.7,89.0,0.0,0.0,0.0,1.12,100760.0,25.8,0.39,0.0,28.2,0.304,0,0,0,1.0,27.90963222921288,88.14582033544285,0.023854777429662067,31.86838553833944,0.23364583015955578,0.0,0.4457274515047427,0.0,0.002337149399429704,1.3808608409636053e-07,0.5163322849355295,0.0,0.0,1.165945044309632,scenario_007_low_soil_thermal_capacity_june2024,smartgarden_pa1_pilot_72e6b49d1a80
2024-06-25T23:00,27.3,92.0,0.0,0.0,0.0,1.04,100790.0,26.0,0.28,0.0,27.9,0.302,0,0,0,1.0,27.529873066864134,90.90773959264244,0.024093468214507942,31.69013813324614,0.2336240305614755,0.0,0.3343846943888029,0.0,0.0022074893831029755,1.0356517001058849e-07,0.5161977195152808,0.0,0.0,1.1677652184268805,scenario_007_low_soil_thermal_capacity_june2024,smartgarden_pa1_pilot_72e6b49d1a80
2024-06-26T00:00,27.1,93.0,0.0,0.0,0.0,0.92,100800.0,26.0,0.24,0.0,27.8,0.302,0,0,0,1.0,27.256841354345504,92.37125466927779,0.0241153719157593,31.5079417153892,0.2336072551300122,0.0,0.27611612057330115,0.0,0.001933288847708346,8.550115162326371e-08,0.5160941674692112,0.0,0.0,1.1689425354020855,scenario_007_low_soil_thermal_capacity_june2024,smartgarden_pa1_pilot_72e6b49d1a80
2024-06-26T01:00,27.1,94.0,0.0,0.0,0.0,0.91,100750.0,26.0,0.22,0.0,27.8,0.301,0,0,0,1.0,27.16981853016338,93.64571258534899,0.024330844239423766,31.327299081426705,0.2335932503055988,0.0,0.22881886800355788,0.0,0.0018384851457262398,7.084338113950068e-08,0.516007717935795,0.0,0.0,1.1687012559502188,scenario_007_low_soil_thermal_capacity_june2024,smartgarden_pa1_pilot_72e6b49d1a80
2024-06-26T02:00,27.1,92.0,0.0,0.0,0.0,0.85,100710.0,25.6,0.29,0.0,27.5,0.299,0,0,0,1.0,27.158192223176385,92.19696444699981,0.023939047003905492,31.152975718924722,0.23357935928416482,0.0,0.2807971566900207,0.0,0.001714641367199005,8.692165349987839e-08,0.5159219708899063,0.0,0.0,1.1682824832719219,scenario_007_low_soil_thermal_capacity_june2024,smartgarden_pa1_pilot_72e6b49d1a80
2024-06-26T03:00,27.1,90.0,0.0,0.0,0.0,0.95,100650.0,25.3,0.36,0.0,27.3,0.298,0,0,0,1.0,27.153306962407644,90.23622594688129,0.02342361379248247,30.985661606563067,0.2335617628010921,0.0,0.3512550012629334,0.0,0.0018995451006053902,1.0870921147492793e-07,0.5158133506240252,0.0,0.0,1.1676054495895474,scenario_007_low_soil_thermal_capacity_june2024,smartgarden_pa1_pilot_72e6b49d1a80
2024-06-26T04:00,27.0,90.0,0.0,0.0,0.0,1.12,100670.0,25.1,0.37,0.0,27.0,0.297,0,0,0,1.0,27.089860240353612,89.81114646237266,0.02323164257838788,30.824380980303808,0.2335415857423588,0.0,0.36518678311192465,0.0,0.00225110485850657,1.1299364056785572e-07,0.5156888008787581,0.0,0.0,1.1680842501428401,scenario_007_low_soil_thermal_capacity_june2024,smartgarden_pa1_pilot_72e6b49d1a80
2024-06-26T05:00,27.8,85.0,0.0,0.0,0.0,0.91,100650.0,25.0,0.58,0.0,26.9,0.296,0,0,0,1.0,27.527932414732128,86.71083404976868,0.022978695997906296,30.673862812187622,0.23351856647120045,0.0,0.48867824024007067,0.0,0.0020121195683079087,1.5116187440933185e-07,0.5155467066123485,0.0,0.0,1.1661506879574712,scenario_007_low_soil_thermal_capacity_june2024,smartgarden_pa1_pilot_72e6b49d1a80
2024-06-26T06:00,27.9,85.0,16.0,5.0,11.0,1.0,100750.0,25.0,0.58,0.02,27.0,0.295,1,0,0,1.0,27.895517351547944,85.78707138799804,0.023198433604545585,30.55187676129448,0.23346109808872645,1795.0064,0.5339791066460089,13.6,0.0019537929260376222,4.803585283244965e-07,0.5151919635106571,0.0,0.0,1.1658839905364864,scenario_007_low_soil_thermal_capacity_june2024,smartgarden_pa1_pilot_72e6b49d1a80
2024-06-26T07:00,28.1,84.0,98.0,44.0,54.0,0.98,100790.0,25.2,0.6,0.08,28.4,0.294,0,0,0,1.0,28.27593014508703,86.86289838864957,0.023984796499510897,30.480263382785203,0.24154094722225675,10523.849599999998,0.5046073773820989,83.3,0.0020572575942736987,2.2892381669331307e-06,0.5650675754460294,0.0,0.0,1.1648748914185487,scenario_007_low_soil_thermal_capacity_june2024,smartgarden_pa1_pilot_72e6b49d1a80
2024-06-26T08:00,28.9,78.0,275.0,180.0,95.0,0.58,100870.0,24.6,0.89,0.2,29.2,0.292,0,0,0,1.0,29.33058355638713,87.87223988572904,0.025700705515431244,30.52563664381309,0.24078847313729945,27542.327999999998,0.49515726361758006,233.75,0.0016415508948614016,6.061444413388757e-06,0.5604226736870337,0.0,0.0,1.1617347156898934,scenario_007_low_soil_thermal_capacity_june2024,smartgarden_pa1_pilot_72e6b49d1a80
2024-06-26T09:00,29.5,73.0,424.0,233.0,191.0,0.76,100870.0,24.2,1.1,0.32,30.1,0.29,0,1,0,1.0,30.51474776847245,77.14908906150389,0.024057041247476443,30.724330811089317,0.2394073811657761,44031.83839999999,0.9985757409340317,360.4,0.0037382111572584744,9.281339091864866e-06,0.5518974146035561,0.0,0.0,1.1572044411540228,scenario_007_low_soil_thermal_capacity_june2024,smartgarden_pa1_pilot_72e6b49d1a80
2024-06-26T10:00,29.9,74.0,513.0,315.0,198.0,1.41,100860.0,24.7,1.1,0.39,30.8,0.288,0,1,0,1.0,31.35117036436944,75.21681683719983,0.02453141247715512,31.03242930536809,0.2375817249973152,52110.11519999999,1.1358614566539824,436.05,0.004895859516538812,1.097678349856543e-05,0.5406279320821926,0.0,0.0,1.153911353387427,scenario_007_low_soil_thermal_capacity_june2024,smartgarden_pa1_pilot_72e6b49d1a80
2024-06-26T11:00,30.1,75.0,634.0,380.0,254.0,1.61,100800.0,25.1,1.08,0.47,31.4,0.285,0,1,0,1.0,31.996564439565738,74.86991711244082,0.025273934405920104,31.425783123271515,0.23540637652753568,64728.3296,1.1946470439806243,538.9,0.005393506951184388,1.316275073539774e-05,0.527199855108245,0.0,0.0,1.150785804945307,scenario_007_low_soil_thermal_capacity_june2024,smartgarden_pa1_pilot_72e6b49d1a80
2024-06-26T12:00,30.7,74.0,806.0,526.0,280.0,1.26,100780.0,25.5,1.15,0.6,32.2,0.281,0,1,0,1.0,33.00171867515135,74.24446852180753,0.026434938741033965,31.932169255157483,0.2327644587137747,80779.072,1.2956661985457392,685.1,0.005064894146018153,1.61477033757663e-05,0.5108917204553994,0.0,0.0,1.1467799757303858,scenario_007_low_soil_thermal_capacity_june2024,smartgarden_pa1_pilot_72e6b49d1a80
2024-06-26T13:00,30.3,76.0,674.0,349.0,325.0,1.5,100760.0,25.6,1.04,0.5,32.3,0.278,0,1,0,1.0,32.90086764639929,72.95386134591045,0.02583734776194161,32.451860258644544,0.23012925271259896,70746.28,1.3529141461998573,572.9,0.005512750357025146,1.3153191353510717e-05,0.49462501674443804,0.0,0.0,1.146930211107542,scenario_007_low_soil_thermal_capacity_june2024,smartgarden_pa1_pilot_72e6b49d1a80
2024-06-26T14:00,30.3,72.0,576.0,276.0,300.0,1.55,100650.0,24.6,1.22,0.44,32.3,0.275,0,1,0,1.0,32.45871428840552,70.26427439937953,0.024308913151305307,32.85431726150947,0.2279564815860293,61242.72,1.450931655125594,489.59999999999997,0.005408795997083091,1.1021005669238447e-05,0.4812128492964772,0.0,0.0,1.1473356659855318,scenario_007_low_soil_thermal_capacity_june2024,smartgarden_pa1_pilot_72e6b49d1a80
2024-06-26T15:00,30.0,71.0,400.0,188.0,212.0,1.22,100690.0,24.1,1.24,0.31,31.9,0.278,0,1,0,1.0,31.7860707975791,69.46374446808476,0.023187470122864224,33.12662154513854,0.22628236478100303,42658.66879999999,1.4344699785211823,340.0,0.004777705820086875,7.6097224595723245e-06,0.47087879494446316,0.0,0.0,1.1503234936002995,scenario_007_low_soil_thermal_capacity_june2024,smartgarden_pa1_pilot_72e6b49d1a80
2024-06-26T16:00,28.8,82.0,297.0,146.0,151.0,1.2,100680.0,25.5,0.7,0.22,31.1,0.295,0,1,0,1.0,30.5146786920261,78.25942501913912,0.024403181374734413,33.25734330820751,0.22510032172440983,31448.542399999995,0.95005075043857,252.45,0.004719150085662773,5.5306660498592525e-06,0.46358223286672734,0.0,0.0,1.1550249790623477,scenario_007_low_soil_thermal_capacity_june2024,smartgarden_pa1_pilot_72e6b49d1a80
2024-06-26T17:00,28.0,83.0,198.0,87.0,111.0,0.54,100750.0,24.9,0.63,0.14,30.2,0.327,0,0,0,1.0,29.320357702223124,82.9343262421809,0.02424299844069129,33.26777084992113,0.22427452963371952,21329.2464,0.6963538435819037,168.29999999999998,0.002334434703788721,3.6638948314529748e-06,0.45848475082542917,0.0,0.0,1.1603918868918772,scenario_007_low_soil_thermal_capacity_june2024,smartgarden_pa1_pilot_72e6b49d1a80
2024-06-26T18:00,27.1,90.0,57.0,23.0,34.0,0.32,100800.0,25.3,0.37,0.04,29.3,0.332,1,0,0,1.0,28.022822496467047,87.97315297432104,0.023956509358252668,33.153200676406186,0.22384460614850582,6212.201599999999,0.4552108997017523,48.449999999999996,0.001853724847909084,1.1183248414633922e-06,0.45583090215127053,0.0,0.0,1.1659695316266463,scenario_007_low_soil_thermal_capacity_june2024,smartgarden_pa1_pilot_72e6b49d1a80
2024-06-26T19:00,26.4,98.0,1.0,0.0,1.0,0.45,100830.0,26.0,0.08,0.0,28.8,0.334,0,0,0,1.0,26.925526056038642,95.12979662241807,0.02438468857737212,32.93245131987222,0.2320602239823753,123.18239999999999,0.17288209799258025,0.85,0.0015847717675946738,7.191882578774264e-08,0.5065445924837981,0.0,0.0,1.170581455978003,scenario_007_low_soil_thermal_capacity_june2024,smartgarden_pa1_pilot_72e6b49d1a80
2024-06-26T20:00,26.6,91.0,0.0,0.0,0.0,0.3,100900.0,24.9,0.32,0.0,28.3,0.331,0,0,0,1.0,26.66022923872984,92.74429834796442,0.023426204210937784,32.67691280985191,0.23204821721264596,0.0,0.2535784093826634,0.0,0.0007361997506531677,7.705798671654084e-08,0.5064704766212713,0.0,0.0,1.1724306640280122,scenario_007_low_soil_thermal_capacity_june2024,smartgarden_pa1_pilot_72e6b49d1a80
2024-06-26T21:00,26.7,89.0,0.0,0.0,0.0,0.67,100910.0,24.7,0.38,0.0,27.9,0.329,0,0,0,1.0,26.74029819728797,89.50487624866967,0.022708588101009623,32.43112045548082,0.23203082917920714,0.0,0.3685234445144583,0.0,0.0013566744043077867,1.1196401379814279e-07,0.5063631430815256,0.0,0.0,1.172233798153331,scenario_007_low_soil_thermal_capacity_june2024,smartgarden_pa1_pilot_72e6b49d1a80
2024-06-26T22:00,26.9,88.0,0.0,0.0,0.0,0.95,100960.0,24.6,0.44,0.0,27.6,0.327,0,0,0,1.0,26.891042081186303,88.32112035545707,0.022596225650035114,32.199204727804286,0.23200930528165487,0.0,0.4137375010182205,0.0,0.0018604957762460722,1.256678704721194e-07,0.5062302795163881,0.0,0.0,1.1722253946575425,scenario_007_low_soil_thermal_capacity_june2024,smartgarden_pa1_pilot_72e6b49d1a80
2024-06-26T23:00,26.9,88.0,0.0,0.0,0.0,0.73,100980.0,24.7,0.43,0.0,27.4,0.325,0,0,0,1.0,26.961321634448048,88.02500386828967,0.022608269214876596,31.98124276463871,0.2319861999937709,0.0,0.42598149143947195,0.0,0.0014931632424439658,1.2935038426222723e-07,0.5060876542825364,0.0,0.0,1.1721830463575365,scenario_007_low_soil_thermal_capacity_june2024,smartgarden_pa1_pilot_72e6b49d1a80
2024-06-27T00:00,26.2,91.0,0.0,0.0,0.0,1.0,100960.0,24.6,0.3,0.0,27.1,0.323,0,0,0,1.0,26.548572616855115,89.52811709347698,0.022474110303328923,31.76780453042097,0.23196417572912048,0.0,0.3635835406851129,0.0,0.002226894133779236,1.1037342674418672e-07,0.5059517020316079,0.0,0.0,1.1735649118914033,scenario_007_low_soil_thermal_capacity_june2024,smartgarden_pa1_pilot_72e6b49d1a80
2024-06-27T01:00,27.2,86.0,0.0,0.0,0.0,0.81,100960.0,24.6,0.5,0.0,27.0,0.323,0,0,0,1.0,26.89665517281082,87.74464516206925,0.02245571879568814,31.556958072894272,0.2319435370264307,0.0,0.43430289512523546,0.0,0.001870867482852499,1.3180857543474364e-07,0.5058243026322883,0.0,0.0,1.1722034653727749,scenario_007_low_soil_thermal_capacity_june2024,smartgarden_pa1_pilot_72e6b49d1a80
2024-06-27T02:00,27.1,87.0,0.0,0.0,0.0,0.67,100920.0,24.8,0.46,0.0,26.9,0.322,0,0,0,1.0,27.15764760529593,87.01451451466602,0.02259273792484305,31.37070587140025,0.23191818785119256,0.0,0.46727597424429046,0.0,0.001377616782886754,1.4177185569071409e-07,0.5056678262419294,0.0,0.0,1.1707207033355924,scenario_007_low_soil_thermal_capacity_june2024,smartgarden_pa1_pilot_72e6b49d1a80
2024-06-27T03:00,27.0,88.0,0.0,0.0,0.0,0.5,100880.0,24.7,0.44,0.0,26.8,0.321,0,0,0,1.0,27.096316864979936,87.85572305711335,0.022733944045632257,31.193608075170044,0.23189346975250333,0.0,0.43543745783740606,0.0,0.0011267739624735513,1.3207216400931316e-07,0.505515245385823,0.0,0.0,1.1704957301242107,scenario_007_low_soil_thermal_capacity_june2024,smartgarden_pa1_pilot_72e6b49d1a80
2024-06-27T04:00,27.0,87.0,0.0,0.0,0.0,0.54,100880.0,24.7,0.45,0.0,26.6,0.319,0,0,0,1.0,27.05858343549703,87.40859856449273,0.02257109497501605,31.021808871755876,0.23186954875894497,0.0,0.4504715333746896,0.0,0.0011414278479300035,1.3659222654124392e-07,0.5053675849317592,0.0,0.0,1.1706428505615654,scenario_007_low_soil_thermal_capacity_june2024,smartgarden_pa1_pilot_72e6b49d1a80
2024-06-27T05:00,24.7,96.0,0.0,0.0,0.0,1.0,100920.0,24.1,0.11,0.0,26.4,0.318,0,0,0,1.0,25.67408119777925,91.37599145955538,0.021847036705273572,30.838805793196794,0.23184811473831873,0.0,0.28435240922780114,0.0,0.0026540424969246313,8.619892080220159e-08,0.5052352761624613,0.0,0.0,1.1765329588308366,scenario_007_low_soil_thermal_capacity_june2024,smartgarden_pa1_pilot_72e6b49d1a80
2024-06-27T06:00,25.0,97.0,18.0,9.0,9.0,0.81,100930.0,24.5,0.09,0.0,26.6,0.316,1,0,0,1.0,25.098447941306567,96.8835345520022,0.022428517080529817,30.62657217630701,0.23180747465732068,1900.6415999999997,0.09930309842007246,15.299999999999999,0.001680195495821673,3.7776967732099623e-07,0.5049844114649426,0.0,0.0,1.1789205274493555,scenario_007_low_soil_thermal_capacity_june2024,smartgarden_pa1_pilot_72e6b49d1a80
2024-06-27T07:00,27.3,89.0,160.0,107.0,53.0,0.5,100990.0,25.3,0.4,0.1,28.5,0.315,0,0,0,1.0,26.822180479731827,97.7768779979348,0.024920156434931954,30.498696786635033,0.23979652479637828,15944.667199999998,0.0784387348543083,136.0,0.0015920349419300457,3.4184002915644438e-06,0.5542995357801128,6.796842091115754e-07,0.0,1.1728428943430387,scenario_007_low_soil_thermal_capacity_june2024,smartgarden_pa1_pilot_72e6b49d1a80
2024-06-27T08:00,28.4,85.0,390.0,303.0,87.0,0.2,101030.0,25.6,0.59,0.27,28.6,0.313,0,0,0,1.0,28.992805092999866,99.99833520964012,0.02871469579729126,30.57976596476928,0.238752056332675,37380.8688,6.665841219177793e-05,331.5,0.0014502084778428212,8.172607098675131e-06,0.5478521995844136,0.0,0.0,1.164878272754028,scenario_007_low_soil_thermal_capacity_june2024,smartgarden_pa1_pilot_72e6b49d1a80
2024-06-27T09:00,29.4,75.0,546.0,417.0,129.0,0.7,101070.0,24.5,1.02,0.4,29.4,0.31,0,1,0,1.0,30.68339552528484,79.83541745841092,0.025121649765021455,30.857811634488083,0.23698150379595714,52586.5296,0.8897110900411098,464.09999999999997,0.0038513291346801235,1.1499989266420346e-05,0.5369228629380071,0.0,0.0,1.1588552892897475,scenario_007_low_soil_thermal_capacity_june2024,smartgarden_pa1_pilot_72e6b49d1a80
2024-06-27T10:00,29.9,72.0,731.0,578.0,153.0,1.1,101060.0,24.4,1.17,0.53,31.0,0.306,0,1,0,1.0,31.95493188600232,73.87431416244533,0.024882631608094074,31.293468784302096,0.23459216780630127,69710.9072,1.239057558113287,621.35,0.004750214354607991,1.4988575277262895e-05,0.5221738753475387,0.0,0.0,1.1539115351386586,scenario_007_low_soil_thermal_capacity_june2024,smartgarden_pa1_pilot_72e6b49d1a80
2024-06-27T11:00,30.6,69.0,846.0,644.0,202.0,1.24,100970.0,24.3,1.36,0.63,31.9,0.302,0,1,0,1.0,33.07522922229054,69.65701630512032,0.024898032810400213,31.855652756575036,0.23172884260276966,81554.84479999999,1.532749293031829,719.1,0.005115084098452062,1.6789298627383626e-05,0.5044990284121584,0.0,0.0,1.1486661859860303,scenario_007_low_soil_thermal_capacity_june2024,smartgarden_pa1_pilot_72e6b49d1a80
2024-06-27T12:00,30.9,68.0,776.0,575.0,201.0,1.58,100900.0,24.2,1.44,0.58,32.3,0.298,0,1,0,1.0,33.51712089555935,66.49679630624244,0.024328520730367523,32.43808850050622,0.22887278578911208,75359.6624,1.734763355378754,659.6,0.005629041370860959,1.4958008635225793e-05,0.4868690480809388,0.0,0.0,1.146215822296992,scenario_007_low_soil_thermal_capacity_june2024,smartgarden_pa1_pilot_72e6b49d1a80
2024-06-27T13:00,31.0,67.0,777.0,530.0,247.0,2.01,100830.0,24.2,1.46,0.58,32.6,0.294,0,1,0,1.0,33.6277715929117,64.61468022691571,0.02377790615865418,32.9790033768492,0.22622132426216335,77066.0528,1.8435763482427094,660.4499999999999,0.006275635163609746,1.450388093078665e-05,0.4705020016182923,0.0,0.0,1.1450074898521723,scenario_007_low_soil_thermal_capacity_june2024,smartgarden_pa1_pilot_72e6b49d1a80
2024-06-27T14:00,30.3,70.0,678.0,518.0,160.0,2.19,100770.0,24.3,1.28,0.5,32.5,0.291,0,1,0,1.0,33.007258699515084,65.84973976948338,0.02345283574498866,33.456488812193896,0.22381190176550037,65293.184,1.7185080953552712,576.3,0.006587967898405926,1.2285856573247851e-05,0.4556290232438294,0.0,0.0,1.1466454359661882,scenario_007_low_soil_thermal_capacity_june2024,smartgarden_pa1_pilot_72e6b49d1a80
2024-06-27T15:00,30.1,73.0,509.0,386.0,123.0,1.92,100720.0,24.7,1.17,0.38,32.2,0.289,0,1,0,1.0,32.21229600303352,69.58538293746606,0.023761118262216205,33.792791898667275,0.22189723602948266,49119.43519999999,1.4635862638625734,432.65,0.005960125587708965,9.030382387681894e-06,0.44381009894742385,0.0,0.0,1.1490601239463298,scenario_007_low_soil_thermal_capacity_june2024,smartgarden_pa1_pilot_72e6b49d1a80
2024-06-27T16:00,29.9,75.0,421.0,304.0,117.0,1.35,100740.0,24.9,1.07,0.31,31.8,0.287,0,1,0,1.0,31.661281918186166,72.64574004239151,0.02408875124325786,34.002065029950124,0.22042625060138413,41164.3408,1.275944685050892,357.84999999999997,0.004949227957470402,7.333379753595543e-06,0.4347299419838527,0.0,0.0,1.1513658869777466,scenario_007_low_soil_thermal_capacity_june2024,smartgarden_pa1_pilot_72e6b49d1a80
2024-06-27T17:00,29.4,74.0,249.0,180.0,69.0,1.65,100690.0,24.3,1.05,0.19,31.1,0.289,0,1,0,1.0,30.777040717962013,71.58782683534004,0.02264007827640277,34.088930133928535,0.21937171257833052,24339.5856,1.2603299154551935,211.65,0.005243473184178518,4.402298026626308e-06,0.4282204480143859,0.0,0.0,1.154142538472355,scenario_007_low_soil_thermal_capacity_june2024,smartgarden_pa1_pilot_72e6b49d1a80
2024-06-27T18:00,28.6,80.0,58.0,28.0,30.0,1.34,100820.0,24.8,0.77,0.05,30.1,0.291,1,0,0,1.0,29.48585719903125,77.55503908354434,0.022875234940736875,34.00700382364617,0.21887004507876953,6159.472,0.9246268150944696,49.3,0.0031206568693060983,1.1789854893160945e-06,0.4251237350541329,0.0,0.0,1.160563101505408,scenario_007_low_soil_thermal_capacity_june2024,smartgarden_pa1_pilot_72e6b49d1a80
2024-06-27T19:00,28.1,82.0,1.0,0.0,1.0,1.0,100890.0,24.8,0.67,0.0,29.3,0.292,0,0,0,1.0,28.51173978416513,80.72851210799662,0.022580540764830067,33.8013211851219,0.2270647719832606,123.18239999999999,0.7504375785611974,0.85,0.0022715092597058026,2.323895559015621e-07,0.47570846903247294,0.0,0.0,1.1651191472403513,scenario_007_low_soil_thermal_capacity_june2024,smartgarden_pa1_pilot_72e6b49d1a80
2024-06-27T20:00,28.0,82.0,0.0,0.0,0.0,0.85,100950.0,24.5,0.7,0.0,28.9,0.294,0,0,0,1.0,28.147374022408364,81.80179200130587,0.022428703248962657,33.56180816685577,0.22702644375545547,0.0,0.6938043583262488,0.0,0.001798247976205914,1.9793067549595067e-07,0.4754718750336758,0.0,0.0,1.167221894886266,scenario_007_low_soil_thermal_capacity_june2024,smartgarden_pa1_pilot_72e6b49d1a80
2024-06-27T21:00,27.8,83.0,0.0,0.0,0.0,0.73,100970.0,24.6,0.63,0.0,28.5,0.293,0,0,0,1.0,27.959253850429917,82.68784682696788,0.022438775936356948,33.32431428271565,0.22699180601726146,0.0,0.6528364173360459,0.0,0.0015975850655532554,1.8615946223903995e-07,0.4752580618349473,0.0,0.0,1.1681825171610016,scenario_007_low_soil_thermal_capacity_june2024,smartgarden_pa1_pilot_72e6b49d1a80
2024-06-27T22:00,27.2,88.0,0.0,0.0,0.0,0.41,100980.0,25.0,0.44,0.0,28.2,0.292,0,0,0,1.0,27.52720557953708,86.43767702538705,0.0229053908832194,33.08718475853071,0.2269618084651674,0.0,0.49870177478781574,0.0,0.001311994179420063,1.4215181656466264e-07,0.47507289176029255,0.0,0.0,1.1699769610463442,scenario_007_low_soil_thermal_capacity_june2024,smartgarden_pa1_pilot_72e6b49d1a80
2024-06-27T23:00,27.2,87.0,0.0,0.0,0.0,0.32,101000.0,24.9,0.46,0.0,27.9,0.291,0,0,0,1.0,27.307326858039712,87.2864622304812,0.022851494318235917,32.846970220710936,0.22693786094725463,0.0,0.4615179908517155,0.0,0.0008628935241807121,1.3151187779557635e-07,0.47492506757564584,0.0,0.0,1.1710650600272206,scenario_007_low_soil_thermal_capacity_june2024,smartgarden_pa1_pilot_72e6b49d1a80
2024-06-28T00:00,26.9,89.0,0.0,0.0,0.0,0.5,100960.0,24.8,0.4,0.0,27.5,0.29,0,0,0,1.0,27.10332769252417,88.29264329340285,0.02285586175587913,32.61146988701843,0.2269149329127825,0.0,0.41994408383072823,0.0,0.0012743688789791999,1.1962952235170508e-07,0.47478353649865745,0.0,0.0,1.1713966058929248,scenario_007_low_soil_thermal_capacity_june2024,smartgarden_pa1_pilot_72e6b49d1a80
2024-06-28T01:00,26.4,91.0,0.0,0.0,0.0,0.45,100940.0,24.8,0.3,0.0,27.3,0.29,0,0,0,1.0,26.69716222612203,89.92346179108341,0.02276027623383023,32.375551469353255,0.2268950760502624,0.0,0.3529291380025845,0.0,0.0013249514732300762,1.0051301076689737e-07,0.47466096327322477,0.0,0.0,1.1727509844802844,scenario_007_low_soil_thermal_capacity_june2024,smartgarden_pa1_pilot_72e6b49d1a80
2024-06-28T02:00,26.3,90.0,0.0,0.0,0.0,0.45,100910.0,24.6,0.34,0.0,27.2,0.291,0,0,0,1.0,26.447826523912568,89.95012847844951,0.022454024413205792,32.13721623276271,0.22687748789473403,0.0,0.34686723305086886,0.0,0.001122789763497296,9.87640055924002e-08,0.47455239441193847,0.0,0.0,1.1733781495143238,scenario_007_low_soil_thermal_capacity_june2024,smartgarden_pa1_pilot_72e6b49d1a80
2024-06-28T03:00,26.1,89.0,0.0,0.0,0.0,0.3,100890.0,24.1,0.39,0.0,27.0,0.299,0,0,0,1.0,26.271184253974795,89.10448158212806,0.022025488387563612,31.902683201429525,0.2268590642240095,0.0,0.3721586585254326,0.0,0.0009543256118461845,1.0593987495232388e-07,0.4744386680494414,0.0,0.0,1.1738376824875623,scenario_007_low_soil_thermal_capacity_june2024,smartgarden_pa1_pilot_72e6b49d1a80
2024-06-28T04:00,26.2,89.0,0.0,0.0,0.0,0.64,100940.0,24.2,0.38,0.0,27.0,0.298,0,0,0,1.0,26.24873089473375,89.02208613209491,0.021977638821448476,31.67381330646985,0.22683988226524476,0.0,0.3744766509831927,0.0,0.001311241447292305,1.0657311767641363e-07,0.47432026089657264,0.0,0.0,1.174507499224972,scenario_007_low_soil_thermal_capacity_june2024,smartgarden_pa1_pilot_72e6b49d1a80
2024-06-28T05:00,26.3,89.0,0.0,0.0,0.0,0.41,100970.0,24.3,0.38,0.0,26.9,0.297,0,0,0,1.0,26.330893865883002,89.15258394154894,0.022110713083986676,31.456032873229027,0.22682075965678544,0.0,0.3718227325454784,0.0,0.0008612665271591057,1.0579149915483484e-07,0.47420222010361385,0.0,0.0,1.1745342467856774,scenario_007_low_soil_thermal_capacity_june2024,smartgarden_pa1_pilot_72e6b49d1a80
2024-06-28T06:00,26.2,91.0,16.0,7.0,9.0,0.5,101030.0,24.6,0.31,0.01,26.9,0.296,1,0,0,1.0,26.345816525127287,91.03099633146,0.02259532506830964,31.254962381951916,0.22677697013390669,1724.6416,0.3077060002097771,13.6,0.0011978184619395524,3.7754534786931394e-07,0.4739319144068314,0.0,0.0,1.1751736401709025,scenario_007_low_soil_thermal_capacity_june2024,smartgarden_pa1_pilot_72e6b49d1a80
2024-06-28T07:00,27.7,87.0,146.0,91.0,55.0,0.71,101070.0,25.2,0.5,0.1,28.7,0.296,0,0,0,1.0,27.51523343401457,93.50491048282029,0.02476181616472581,31.129004833889955,0.234803494692994,14783.032000000001,0.23866467050036233,124.1,0.001589943799173512,2.998326388789719e-06,0.523478362302432,0.0,0.0,1.1710663499263991,scenario_007_low_soil_thermal_capacity_june2024,smartgarden_pa1_pilot_72e6b49d1a80
2024-06-28T08:00,28.1,85.0,274.0,163.0,111.0,1.03,101100.0,25.2,0.59,0.2,28.6,0.298,0,0,0,1.0,28.737071130122036,89.94572695711642,0.02547034956559064,31.14573994546504,0.23403313528657457,28017.2464,0.39666260867866754,232.9,0.002476396324164585,5.559931826949856e-06,0.5187230573245344,0.0,0.0,1.166672847426091,scenario_007_low_soil_thermal_capacity_june2024,smartgarden_pa1_pilot_72e6b49d1a80
2024-06-28T09:00,28.7,84.0,479.0,326.0,153.0,1.44,101100.0,25.8,0.62,0.34,29.3,0.297,0,0,0,1.0,29.917875194547793,87.53528328264382,0.02643046794847055,31.316533705400193,0.23267409546001921,47534.9072,0.5263998212595586,407.15,0.003446857625182901,9.511394357644302e-06,0.5103339225927113,0.0,0.0,1.1621272912888345,scenario_007_low_soil_thermal_capacity_june2024,smartgarden_pa1_pilot_72e6b49d1a80
2024-06-28T10:00,29.4,81.0,589.0,464.0,125.0,1.61,101040.0,25.9,0.76,0.43,30.2,0.296,0,1,0,1.0,31.021399426266104,80.9686637652615,0.025944956640629537,31.630275076344162,0.2307796210992843,56229.8,0.8560425273522974,500.65,0.005282115146150196,1.1490091069467197e-05,0.49863963641533515,0.0,0.0,1.1572239425604007,scenario_007_low_soil_thermal_capacity_june2024,smartgarden_pa1_pilot_72e6b49d1a80
2024-06-28T11:00,30.0,78.0,703.0,495.0,208.0,2.06,100970.0,25.8,0.92,0.51,31.0,0.293,0,1,0,1.0,32.02519220572345,76.41055980602863,0.025833345576078554,32.04504187553792,0.2285401860986341,69181.9392,1.1232226149391975,597.55,0.006157049678671882,1.3363313809075665e-05,0.4848159635718155,0.0,0.0,1.1526184797693046,scenario_007_low_soil_thermal_capacity_june2024,smartgarden_pa1_pilot_72e6b49d1a80
2024-06-28T12:00,30.1,75.0,532.0,226.0,306.0,2.46,100890.0,25.2,1.05,0.4,31.2,0.29,0,1,0,1.0,32.05445593375076,72.02947985371618,0.024390116343661502,32.44191041411318,0.2264418753419009,57581.814399999996,1.3340334253588675,452.2,0.006809146397367841,9.979637848236223e-06,0.4718634280364254,0.0,0.0,1.1515948151447024,scenario_007_low_soil_thermal_capacity_june2024,smartgarden_pa1_pilot_72e6b49d1a80
2024-06-28T13:00,30.0,74.0,492.0,189.0,303.0,2.61,100840.0,24.9,1.1,0.38,31.3,0.288,0,1,0,1.0,31.771099859485588,71.22389674780162,0.02375604916589482,32.74014041800219,0.22472959463389852,53956.267199999995,1.3506401345978576,418.2,0.007017295649040577,9.054913057211107e-06,0.46129379403641063,0.0,0.0,1.1520937170052055,scenario_007_low_soil_thermal_capacity_june2024,smartgarden_pa1_pilot_72e6b49d1a80
2024-06-28T14:00,31.1,66.0,751.0,628.0,123.0,2.82,100710.0,24.0,1.52,0.56,32.1,0.284,0,1,0,1.0,32.9533205856182,64.96898121480366,0.023073301232540762,33.11442428652244,0.22270842529130788,70415.43519999999,1.7575034791336082,638.35,0.0074104961276949,1.3365896506536217e-05,0.4488174400698018,0.0,0.0,1.1461646344971996,scenario_007_low_soil_thermal_capacity_june2024,smartgarden_pa1_pilot_72e6b49d1a80
2024-06-28T15:00,30.6,68.0,573.0,421.0,152.0,2.83,100680.0,24.1,1.4,0.44,32.0,0.281,0,1,0,1.0,32.885076923582496,63.98864542991682,0.022643314611073315,33.53073445222178,0.22060482301506104,55771.724799999996,1.7997801355430565,487.05,0.007543467563107221,1.0022885506101668e-05,0.43583224083371014,0.0,0.0,1.146078719714252,scenario_007_low_soil_thermal_capacity_june2024,smartgarden_pa1_pilot_72e6b49d1a80
2024-06-28T16:00,30.4,70.0,420.0,283.0,137.0,2.15,100710.0,24.2,1.32,0.32,31.7,0.279,0,1,0,1.0,32.167022842437525,67.08043752499373,0.02285070612000205,33.79270256011449,0.2190529145280907,41779.9888,1.5800852432185577,357.0,0.006219232823365856,7.25185658420999e-06,0.4262525588153747,0.0,0.0,1.1491164078933516,scenario_007_low_soil_thermal_capacity_june2024,smartgarden_pa1_pilot_72e6b49d1a80
2024-06-28T17:00,29.8,73.0,298.0,229.0,69.0,1.91,100700.0,24.4,1.14,0.22,31.1,0.277,0,1,0,1.0,31.292510260907346,70.13263018265732,0.022801557659954202,33.921567402318786,0.2179404490333683,28651.5856,1.364326669734071,253.29999999999998,0.005718663945037047,5.123672766967951e-06,0.4193854878602981,0.0,0.0,1.1523028210494077,scenario_007_low_soil_thermal_capacity_june2024,smartgarden_pa1_pilot_72e6b49d1a80
2024-06-28T18:00,29.3,77.0,64.0,36.0,28.0,1.25,100730.0,24.8,0.93,0.06,30.4,0.276,1,1,0,1.0,30.117008143077427,74.6782790762499,0.02279242507918025,33.885062390768475,0.21736481340486358,6617.1071999999995,1.0816489294724057,54.4,0.004324939320888991,1.2878278407234163e-06,0.4158321815115036,0.0,0.0,1.1571139141670566,scenario_007_low_soil_thermal_capacity_june2024,smartgarden_pa1_pilot_72e6b49d1a80
2024-06-28T19:00,28.9,79.0,1.0,0.0,1.0,1.17,100820.0,24.9,0.83,0.01,29.7,0.275,0,0,0,1.0,29.257317458652782,77.96815806567106,0.022713344061142282,33.709637085769195,0.22554524621621863,123.18239999999999,0.8957330801503725,0.85,0.00252590487903342,2.684606871490953e-07,0.4663286803470286,0.0,0.0,1.1614401794549094,scenario_007_low_soil_thermal_capacity_june2024,smartgarden_pa1_pilot_72e6b49d1a80
2024-06-28T20:00,28.5,82.0,0.0,0.0,0.0,1.2,100890.0,25.1,0.71,0.0,29.3,0.274,0,0,0,1.0,28.746354896479136,81.07877820999184,0.022971093115515293,33.49711114689286,0.2255023397525519,0.0,0.7468841064469514,0.0,0.0025073991235455093,2.0885739837310689e-07,0.4660638256330365,0.0,0.0,1.1642136889426424,scenario_007_low_soil_thermal_capacity_june2024,smartgarden_pa1_pilot_72e6b49d1a80
2024-06-28T21:00,28.3,83.0,0.0,0.0,0.0,0.91,100940.0,25.2,0.64,0.0,29.0,0.274,0,0,0,1.0,28.459913692986692,82.60815944203152,0.023040887723176546,33.279972750513096,0.22546681244869002,0.0,0.675210402813569,0.0,0.0019173102247864108,1.8872584012050388e-07,0.46584452128821,0.0,0.0,1.165896871189221,scenario_007_low_soil_thermal_capacity_june2024,smartgarden_pa1_pilot_72e6b49d1a80
2024-06-28T22:00,28.1,84.0,0.0,0.0,0.0,1.04,100970.0,25.1,0.6,0.0,28.7,0.273,0,0,0,1.0,28.251778549031396,83.59756552646178,0.023052638440660314,33.064128797203836,0.22543403658019584,0.0,0.6291480226306301,0.0,0.002147914477873714,1.757747220499142e-07,0.46564220111232,0.0,0.0,1.1670487407102157,scenario_007_low_soil_thermal_capacity_june2024,smartgarden_pa1_pilot_72e6b49d1a80
2024-06-28T23:00,27.8,85.0,0.0,0.0,0.0,1.03,100950.0,25.1,0.55,0.0,28.5,0.273,0,0,0,1.0,27.99138117697893,84.44174756818873,0.022955191276433425,32.849721957635204,0.2254034158236361,0.0,0.5877960457722002,0.0,0.002160099322404334,1.6415492466240834e-07,0.46545318409651915,0.0,0.0,1.1678265220680875,scenario_007_low_soil_thermal_capacity_june2024,smartgarden_pa1_pilot_72e6b49d1a80
2024-06-29T00:00,27.6,86.0,0.0,0.0,0.0,1.08,100960.0,25.1,0.52,0.0,28.3,0.272,0,0,0,1.0,27.75683486761845,85.51041257110012,0.02294797926159387,32.63557970855394,0.22537510363774818,0.0,0.5399893873120747,0.0,0.002225650841479931,1.5074724456271025e-07,0.4652784175169641,0.0,0.0,1.1688525756545658,scenario_007_low_soil_thermal_capacity_june2024,smartgarden_pa1_pilot_72e6b49d1a80
2024-06-29T01:00,27.4,87.0,0.0,0.0,0.0,0.89,100920.0,25.0,0.48,0.0,28.2,0.272,0,0,0,1.0,27.55474515637301,86.5296085140089,0.022964574178871967,32.4232583496674,0.22534908264294165,0.0,0.49611900324534375,0.0,0.0018771477861340361,1.3845226583802683e-07,0.4651177940922324,0.0,0.0,1.1691747007141573,scenario_007_low_soil_thermal_capacity_june2024,smartgarden_pa1_pilot_72e6b49d1a80
2024-06-29T02:00,27.6,85.0,0.0,0.0,0.0,0.67,100890.0,24.9,0.54,0.0,28.1,0.271,0,0,0,1.0,27.592564863343693,85.62786089502657,0.022772649867827593,32.21618762736706,0.22532365637411267,0.0,0.5305013465859871,0.0,0.0013158747120764099,1.4799741161572943e-07,0.46496084181551034,0.0,0.0,1.1686801606286583,scenario_007_low_soil_thermal_capacity_june2024,smartgarden_pa1_pilot_72e6b49d1a80
2024-06-29T03:00,27.5,85.0,0.0,0.0,0.0,0.92,100900.0,24.7,0.56,0.0,28.0,0.271,0,0,0,1.0,27.591523381813445,84.96454681172773,0.022594945908804356,32.01979829249551,0.22529618964307588,0.0,0.554951697517386,0.0,0.0018764476460174208,1.5476203058894807e-07,0.46479129409306097,0.0,0.0,1.1688000452883622,scenario_007_low_soil_thermal_capacity_june2024,smartgarden_pa1_pilot_72e6b49d1a80
2024-06-29T04:00,27.4,85.0,0.0,0.0,0.0,0.94,100910.0,24.7,0.54,0.0,27.8,0.27,0,0,0,1.0,27.500231216773567,84.90150779842587,0.02246489404969766,31.829497120972896,0.22526832587837584,0.0,0.55431393700953,0.0,0.0019213020687173002,1.5452697055466223e-07,0.4646192955455299,0.0,0.0,1.1692708229839177,scenario_007_low_soil_thermal_capacity_june2024,smartgarden_pa1_pilot_72e6b49d1a80
2024-06-29T05:00,27.3,86.0,0.0,0.0,0.0,0.92,100900.0,24.7,0.52,0.0,27.7,0.27,0,0,0,1.0,27.400366119843248,85.74586910395935,0.022563717713090143,31.643867990415007,0.22524128068180124,0.0,0.5202680548682594,0.0,0.0018842784108605137,1.449838323930277e-07,0.464452349887662,0.0,0.0,1.1695434302302354,scenario_007_low_soil_thermal_capacity_june2024,smartgarden_pa1_pilot_72e6b49d1a80
2024-06-29T06:00,27.3,86.0,18.0,7.0,11.0,0.72,100960.0,24.8,0.51,0.01,27.6,0.269,1,0,0,1.0,27.40237005028267,86.4955150800088,0.02276350052953897,31.47034241250602,0.22518717106977754,1971.0063999999998,0.49296415926633763,15.299999999999999,0.001519839804518047,4.5682170139480334e-07,0.4641183399368984,0.0,0.0,1.1702310945285062,scenario_007_low_soil_thermal_capacity_june2024,smartgarden_pa1_pilot_72e6b49d1a80
2024-06-29T07:00,28.0,83.0,159.0,103.0,56.0,0.81,101000.0,24.7,0.66,0.11,28.4,0.269,0,0,0,1.0,28.15679401090623,88.4168557790762,0.02425497145395137,31.370803184511995,0.23318192185291567,15962.214399999997,0.4418478994099577,135.15,0.001735593010985267,3.2589130104489277e-06,0.5134686534130597,0.0,0.0,1.1677635038654077,scenario_007_low_soil_thermal_capacity_june2024,smartgarden_pa1_pilot_72e6b49d1a80
2024-06-29T08:00,28.7,78.0,264.0,139.0,125.0,1.02,101070.0,24.6,0.85,0.2,29.1,0.267,0,0,0,1.0,29.243333011940695,83.47747483694229,0.024299809858289754,31.39554048421381,0.23240770311535788,27629.8,0.6712030343623687,224.4,0.0023964191194433206,5.341607199323461e-06,0.5086895254034437,0.0,0.0,1.1643740090441637,scenario_007_low_soil_thermal_capacity_june2024,smartgarden_pa1_pilot_72e6b49d1a80
2024-06-29T09:00,29.8,72.0,450.0,311.0,139.0,1.33,101050.0,24.2,1.16,0.34,30.2,0.265,0,1,0,1.0,30.715594979284614,74.84535593888256,0.023592246817625104,31.56331262189953,0.231120174118973,44490.3536,1.1119259270014,382.5,0.004506993839837484,8.953091184606637e-06,0.5007418155492162,0.0,0.0,1.1585031968445267,scenario_007_low_soil_thermal_capacity_june2024,smartgarden_pa1_pilot_72e6b49d1a80
2024-06-29T10:00,30.7,68.0,632.0,372.0,260.0,1.65,101040.0,24.0,1.43,0.48,31.3,0.262,0,1,0,1.0,32.27952505262574,69.20382962454448,0.02371539010552777,31.906170947730622,0.22920768881504758,64763.42399999999,1.4875774301815397,537.1999999999999,0.00532524402208197,1.225594575013472e-05,0.4889363507101703,0.0,0.0,1.1524571044581533,scenario_007_low_soil_thermal_capacity_june2024,smartgarden_pa1_pilot_72e6b49d1a80
2024-06-29T11:00,31.7,63.0,895.0,784.0,111.0,2.16,100950.0,23.9,1.71,0.67,32.4,0.258,0,1,0,1.0,34.02035272564062,62.711147753939954,0.023557928342122676,32.445899447996155,0.22659074474950372,82665.2464,1.9857399112351213,760.75,0.006414092472504606,1.674840732886734e-05,0.47278237499693654,0.0,0.0,1.1449050623215806,scenario_007_low_soil_thermal_capacity_june2024,smartgarden_pa1_pilot_72e6b49d1a80
2024-06-29T12:00,32.0,62.0,827.0,711.0,116.0,2.5,100870.0,23.8,1.79,0.63,32.9,0.255,0,1,0,1.0,34.71268163742799,59.21783941938265,0.023065520781379245,33.07639736928966,0.22373255715061138,76857.1584,2.256886352884369,702.9499999999999,0.007092194462820403,1.5013624372863524e-05,0.4551392416704407,0.0,0.0,1.141425108332686,scenario_007_low_soil_thermal_capacity_june2024,smartgarden_pa1_pilot_72e6b49d1a80
2024-06-29T13:00,32.5,60.0,941.0,830.0,111.0,2.82,100810.0,23.8,1.94,0.72,33.5,0.251,0,1,0,1.0,35.3503445838827,56.99235093599804,0.02294729265262736,33.7138213223346,0.22090283432986055,86713.2464,2.465403138097837,799.85,0.007667957594374478,1.6400653604304782e-05,0.43767181685099105,0.0,0.0,1.1383882646710528,scenario_007_low_soil_thermal_capacity_june2024,smartgarden_pa1_pilot_72e6b49d1a80
2024-06-29T14:00,32.5,59.0,838.0,728.0,110.0,2.91,100740.0,23.4,2.01,0.65,33.7,0.248,0,1,0,1.0,35.43083166436715,55.108205702236454,0.02228149478251397,34.34420905221752,0.218156532987219,77614.064,2.5848519091994167,712.3,0.007842153816065128,1.4138025658985674e-05,0.42071933942727774,0.0,0.0,1.13730107626475,scenario_007_low_soil_thermal_capacity_june2024,smartgarden_pa1_pilot_72e6b49d1a80
2024-06-29T15:00,32.2,60.0,681.0,555.0,126.0,3.01,100670.0,23.5,1.92,0.53,33.5,0.245,0,1,0,1.0,34.821387012422,55.89796024634462,0.02189611944847917,34.846286013076345,0.2158803139653852,64360.98239999999,2.4553417234603896,578.85,0.007939862016415201,1.11921117186986e-05,0.40666860472460004,0.0,0.0,1.138759854978667,scenario_007_low_soil_thermal_capacity_june2024,smartgarden_pa1_pilot_72e6b49d1a80
2024-06-29T16:00,31.5,63.0,474.0,383.0,91.0,3.13,100620.0,23.6,1.71,0.38,32.9,0.243,0,1,0,1.0,33.64970680876004,58.83341016764533,0.02167540451915505,35.16934151936566,0.21418401217350236,44913.5984,2.1474087926489798,402.9,0.008038735157875258,7.693739629413612e-06,0.39619760600927384,0.0,0.0,1.1425410733798622,scenario_007_low_soil_thermal_capacity_june2024,smartgarden_pa1_pilot_72e6b49d1a80
2024-06-29T17:00,30.8,68.0,292.0,207.0,85.0,2.19,100650.0,24.1,1.44,0.23,32.2,0.241,0,1,0,1.0,32.38263676120016,64.63691108096474,0.022271960932716606,35.29954233284366,0.21306655485785633,28686.504,1.7181353316779253,248.2,0.00622502036726651,4.749410351212898e-06,0.3892997213447922,0.0,0.0,1.14762135219329,scenario_007_low_soil_thermal_capacity_june2024,smartgarden_pa1_pilot_72e6b49d1a80
2024-06-29T18:00,29.9,74.0,91.0,59.0,32.0,1.77,100720.0,24.6,1.11,0.08,31.2,0.24,1,1,0,1.0,30.921006250540643,70.97834168085946,0.02262155497360051,35.244728247819715,0.21249246955123177,9133.836800000001,1.2979726679504986,77.35,0.005294257657042139,1.6431405793122626e-06,0.38575598488414675,0.0,0.0,1.1539398051147065,scenario_007_low_soil_thermal_capacity_june2024,smartgarden_pa1_pilot_72e6b49d1a80
2024-06-29T19:00,29.2,78.0,1.0,0.0,1.0,1.58,100870.0,24.9,0.9,0.02,30.4,0.24,0,0,0,1.0,29.710183718306137,76.1767323117646,0.022743690565839234,35.04311246404722,0.22063459677890954,123.18239999999999,0.9941543482251589,0.85,0.0033418063814655966,2.7675795210199704e-07,0.4360160294994416,0.0,0.0,1.160278615780131,scenario_007_low_soil_thermal_capacity_june2024,smartgarden_pa1_pilot_72e6b49d1a80
2024-06-29T20:00,28.8,80.0,0.0,0.0,0.0,1.3,100960.0,25.1,0.78,0.01,29.9,0.239,0,0,0,1.0,29.07103573918173,79.08428376476262,0.02280615823141544,34.787305138558736,0.2205903454173312,0.0,0.8412616345285913,0.0,0.002705182192844796,2.1994425691748844e-07,0.43574287294648884,0.0,0.0,1.163769848471472,scenario_007_low_soil_thermal_capacity_june2024,smartgarden_pa1_pilot_72e6b49d1a80
2024-06-29T21:00,28.5,82.0,0.0,0.0,0.0,1.22,101020.0,25.1,0.71,0.0,29.5,0.239,0,0,0,1.0,28.71244869039439,81.25742180424264,0.02297913030051094,34.52632492913272,0.22055328193120874,0.0,0.7383812784195669,0.0,0.002521802687422353,1.9294526855208163e-07,0.4355140859951157,0.0,0.0,1.1658447525096283,scenario_007_low_soil_thermal_capacity_june2024,smartgarden_pa1_pilot_72e6b49d1a80
2024-06-29T22:00,28.3,84.0,0.0,0.0,0.0,1.12,101050.0,25.2,0.63,0.0,29.2,0.239,0,0,0,1.0,28.469549243142673,83.36461503602389,0.02326413667955817,34.26630828130536,0.22052078162246716,0.0,0.6462034005444526,0.0,0.0023084268161506754,1.6878062553144821e-07,0.4353134668053529,0.0,0.0,1.1671301282622972,scenario_007_low_soil_thermal_capacity_june2024,smartgarden_pa1_pilot_72e6b49d1a80
2024-06-29T23:00,28.0,85.0,0.0,0.0,0.0,1.21,101080.0,25.3,0.55,0.0,29.0,0.239,0,0,0,1.0,28.20511953773937,84.32260891872782,0.023193187356900714,34.00912772133628,0.22049155985843732,0.0,0.599708870433314,0.0,0.002498816102898973,1.5657190273253995e-07,0.43513308554590946,0.0,0.0,1.1685010533216744,scenario_007_low_soil_thermal_capacity_june2024,smartgarden_pa1_pilot_72e6b49d1a80
2024-06-30T00:00,27.8,87.0,0.0,0.0,0.0,1.17,101070.0,25.3,0.5,0.0,28.8,0.238,0,0,0,1.0,27.970303492364508,86.28481644087309,0.023429089408110098,33.75392144202226,0.2204652741718589,0.0,0.517528652846853,0.0,0.0024015907538481574,1.350659200542455e-07,0.4349708282213513,0.0,0.0,1.169296568128188,scenario_007_low_soil_thermal_capacity_june2024,smartgarden_pa1_pilot_72e6b49d1a80
2024-06-30T01:00,27.6,87.0,0.0,0.0,0.0,1.0,101030.0,25.2,0.48,0.0,28.6,0.238,0,0,0,1.0,27.767815155820497,86.54903740148644,0.023240742554188922,33.50224298322804,0.22044149016438064,0.0,0.5016036964328761,0.0,0.0020873551528803463,1.3086559943960523e-07,0.43482401336037435,0.0,0.0,1.1696203122421975,scenario_007_low_soil_thermal_capacity_june2024,smartgarden_pa1_pilot_72e6b49d1a80
2024-06-30T02:00,27.5,87.0,0.0,0.0,0.0,0.99,100980.0,25.1,0.49,0.0,28.4,0.238,0,0,0,1.0,27.627268249601112,86.69093102261498,0.023099477997131045,33.25512228203827,0.2204181881998658,0.0,0.49225812208461717,0.0,0.0020365631632951247,1.2838490771802626e-07,0.4346801740732457,0.0,0.0,1.169587732766837,scenario_007_low_soil_thermal_capacity_june2024,smartgarden_pa1_pilot_72e6b49d1a80
2024-06-30T03:00,27.4,87.0,0.0,0.0,0.0,0.86,100910.0,25.0,0.49,0.0,28.3,0.238,0,0,0,1.0,27.521853463648373,86.74974195098658,0.02298130658735638,33.01438230524273,0.22039520802063473,0.0,0.487074441666028,0.0,0.0017931335094165972,1.269915060837576e-07,0.4345383211150292,0.0,0.0,1.1691867370872606,scenario_007_low_soil_thermal_capacity_june2024,smartgarden_pa1_pilot_72e6b49d1a80
2024-06-30T04:00,27.3,87.0,0.0,0.0,0.0,0.94,100890.0,24.9,0.49,0.0,28.2,0.238,0,0,0,1.0,27.419445771862367,86.74498331647214,0.02285066657097902,32.78021434259558,0.22037242293214032,0.0,0.48434109582197005,0.0,0.0019377976052635361,1.2623798680962953e-07,0.4343976724206193,0.0,0.0,1.1693532857599263,scenario_007_low_soil_thermal_capacity_june2024,smartgarden_pa1_pilot_72e6b49d1a80
2024-06-30T05:00,27.2,87.0,0.0,0.0,0.0,1.06,100940.0,24.8,0.48,0.0,28.0,0.237,0,0,0,1.0,27.31683295221008,86.72556936558328,0.022716570463473192,32.552365792424425,0.22034975520633296,0.0,0.48214731621242146,0.0,0.0021585058242674275,1.2562572469975654e-07,0.4342577481872405,0.0,0.0,1.1703323499610163,scenario_007_low_soil_thermal_capacity_june2024,smartgarden_pa1_pilot_72e6b49d1a80
2024-06-30T06:00,27.2,87.0,19.0,9.0,10.0,0.94,100970.0,24.9,0.46,0.01,28.0,0.237,1,0,0,1.0,27.320497705599514,87.19061702194647,0.022843003671532105,32.33870142375828,0.22029916603272512,2023.824,0.4653558852760975,16.15,0.001938729228807305,4.365333166684017e-07,0.4339454693378094,0.0,0.0,1.1706659016091188,scenario_007_low_soil_thermal_capacity_june2024,smartgarden_pa1_pilot_72e6b49d1a80
2024-06-30T07:00,28.1,82.0,180.0,129.0,51.0,0.72,101010.0,24.7,0.69,0.12,28.7,0.237,0,0,0,1.0,28.24838539290888,88.31902857857276,0.02435008825421607,32.21045408973513,0.22827752802046297,17634.3024,0.4479585644362327,153.0,0.0015686871285863445,3.4566656411647264e-06,0.48319461741026526,0.0,0.0,1.167524219448904,scenario_007_low_soil_thermal_capacity_june2024,smartgarden_pa1_pilot_72e6b49d1a80
2024-06-30T08:00,29.5,73.0,405.0,330.0,75.0,0.32,101060.0,24.2,1.1,0.28,30.0,0.235,0,1,0,1.0,30.14367187263511,82.0687602732726,0.02508415501020111,32.2723181923986,0.22728465063539371,38278.68,0.7671264796329713,344.25,0.0029699603635964327,7.6099265761635735e-06,0.4770657446629242,0.0,0.0,1.1608026575602222,scenario_007_low_soil_thermal_capacity_june2024,smartgarden_pa1_pilot_72e6b49d1a80
2024-06-30T09:00,30.8,66.0,617.0,529.0,88.0,0.22,101050.0,23.7,1.5,0.45,31.4,0.233,0,1,0,1.0,32.21929287253455,70.54347226008086,0.02409723288263922,32.55393305118964,0.22556680737474497,57392.0512,1.4180415722161661,524.4499999999999,0.0035811086227309653,1.1405491792271906e-05,0.46646177391817883,0.0,0.0,1.1527985013919113,scenario_007_low_soil_thermal_capacity_june2024,smartgarden_pa1_pilot_72e6b49d1a80
2024-06-30T10:00,31.9,61.0,775.0,666.0,109.0,0.22,100980.0,23.4,1.85,0.58,32.6,0.23,0,1,0,1.0,34.03737335136598,63.660192457865016,0.023935787409790233,33.01981073265452,0.22328208453652026,72034.88160000001,1.937034966283353,658.75,0.004054030166301421,1.3935344256599357e-05,0.45235854652173,0.0,0.0,1.1451818458614695,scenario_007_low_soil_thermal_capacity_june2024,smartgarden_pa1_pilot_72e6b49d1a80
2024-06-30T11:00,32.6,59.0,871.0,744.0,127.0,0.58,100890.0,23.5,2.02,0.66,33.6,0.227,0,1,0,1.0,35.330712666237616,59.37838835090939,0.023883659050566452,33.60809550920076,0.22066205221720295,81116.1648,2.326105069732051,740.35,0.004564065015957644,1.5140615314168784e-05,0.43618550751359847,0.0,0.0,1.1393641630770093,scenario_007_low_soil_thermal_capacity_june2024,smartgarden_pa1_pilot_72e6b49d1a80
2024-06-30T12:00,33.0,59.0,904.0,699.0,205.0,1.35,100790.0,23.9,2.08,0.7,34.2,0.223,0,1,0,1.0,36.04674375451124,56.9539414948971,0.023773339434069153,34.25057986593684,0.2179349674674002,86764.39199999999,2.563931482014882,768.4,0.005478955918172146,1.5145454729502217e-05,0.41935165103333466,0.0,0.0,1.1355989503151758,scenario_007_low_soil_thermal_capacity_june2024,smartgarden_pa1_pilot_72e6b49d1a80
2024-06-30T13:00,32.6,60.0,765.0,560.0,205.0,2.08,100760.0,24.0,1.95,0.6,34.2,0.221,0,1,0,1.0,35.63995236221136,55.924757894110336,0.02285798533844901,34.83548627137908,0.21545427746237172,74532.39199999999,2.5672219040047497,650.25,0.0065114652911951445,1.2445033143723133e-05,0.4040387497677267,0.0,0.0,1.136756502451171,scenario_007_low_soil_thermal_capacity_june2024,smartgarden_pa1_pilot_72e6b49d1a80
2024-06-30T14:00,31.9,64.0,738.0,536.0,202.0,2.16,100720.0,24.1,1.71,0.57,34.0,0.222,0,1,0,1.0,34.85516690182659,59.19085087664681,0.023226830527997146,35.31439717994618,0.2132944894849659,72050.84479999999,2.2762639231458386,627.3,0.006612088372985167,1.1562675766638868e-05,0.39070672521583893,0.0,0.0,1.1392004920671372,scenario_007_low_soil_thermal_capacity_june2024,smartgarden_pa1_pilot_72e6b49d1a80
2024-06-30T15:00,31.3,68.0,483.0,311.0,172.0,0.61,100700.0,24.8,1.44,0.37,33.3,0.221,0,1,0,1.0,33.72912972619846,64.26783355201798,0.02377657902503409,35.643077099981916,0.21158780148695688,48555.3728,1.8722080826902774,410.55,0.00443621505738705,7.450631749163949e-06,0.38017161411701783,0.0,0.0,1.1431535397470791,scenario_007_low_soil_thermal_capacity_june2024,smartgarden_pa1_pilot_72e6b49d1a80
2024-06-30T16:00,31.2,69.0,323.0,196.0,127.0,0.51,100690.0,24.8,1.41,0.25,32.9,0.219,0,1,0,1.0,32.8112626272458,67.01307691534615,0.023621161387411434,35.77500384309167,0.21047173104122294,32892.1648,1.6418052702976378,274.55,0.0038840433226247093,4.979523476037344e-06,0.3732822903779194,0.0,0.0,1.1464690767470476,scenario_007_low_soil_thermal_capacity_june2024,smartgarden_pa1_pilot_72e6b49d1a80
2024-06-30T17:00,31.0,70.0,231.0,157.0,74.0,1.03,100730.0,24.8,1.36,0.18,32.4,0.219,0,1,0,1.0,32.18246669492646,68.29339741819369,0.023283004048975882,35.78807198890697,0.20970116277725773,22931.4976,1.523192161582409,196.35,0.004196938728150741,3.5930021908454294e-06,0.3685256961559119,0.0,0.0,1.149286476569771,scenario_007_low_soil_thermal_capacity_june2024,smartgarden_pa1_pilot_72e6b49d1a80
2024-06-30T18:00,30.4,75.0,93.0,60.0,33.0,0.5,100750.0,25.4,1.1,0.06,31.6,0.218,1,1,0,1.0,31.278598041762468,72.90658840456248,0.02368578411791422,35.69539437088709,0.20923663929963487,9345.0192,1.2366358658066128,79.05,0.0033435106671443476,1.5720495480573637e-06,0.36565826728169676,0.0,0.0,1.1529276531858372,scenario_007_low_soil_thermal_capacity_june2024,smartgarden_pa1_pilot_72e6b49d1a80
2024-06-30T19:00,29.9,78.0,1.0,0.0,1.0,0.72,100830.0,25.6,0.93,0.0,30.8,0.218,0,0,0,1.0,30.345241439650067,76.66766646306922,0.023689575002267364,35.49311968952052,0.21738545844783633,123.18239999999999,1.0097800637815109,0.85,0.0018520361937043725,2.679270944646373e-07,0.4159596200483724,0.0,0.0,1.1573916102532744,scenario_007_low_soil_thermal_capacity_june2024,smartgarden_pa1_pilot_72e6b49d1a80
2024-06-30T20:00,29.5,81.0,0.0,0.0,0.0,0.92,100920.0,25.8,0.79,0.0,30.3,0.217,0,0,0,1.0,29.77001140462972,80.02028626553577,0.023968791412357107,35.24124839232134,0.2173427622683436,0.0,0.836632953355656,0.0,0.002026030937115259,2.086710151247857e-07,0.415696063384837,0.0,0.0,1.1606244790209856,scenario_007_low_soil_thermal_capacity_june2024,smartgarden_pa1_pilot_72e6b49d1a80
2024-06-30T21:00,29.1,83.0,0.0,0.0,0.0,1.02,100990.0,26.0,0.68,0.0,30.0,0.217,0,0,0,1.0,29.35288370921008,82.13384037437453,0.02405147459064233,34.98391071645051,0.2173077299033948,0.0,0.7303852809248759,0.0,0.002188014177092989,1.8207620449595068e-07,0.4154798142184865,0.0,0.0,1.1630310298609874,scenario_007_low_soil_thermal_capacity_june2024,smartgarden_pa1_pilot_72e6b49d1a80
2024-06-30T22:00,28.9,85.0,0.0,0.0,0.0,1.08,101000.0,26.1,0.59,0.0,29.7,0.217,0,0,0,1.0,29.07330474282832,84.32238353167624,0.024319714751038633,34.725351555579074,0.21727727285603493,0.0,0.6306600107787972,0.0,0.002237287257058595,1.5714476157242616e-07,0.41529180775330204,0.0,0.0,1.1642221893246567,scenario_007_low_soil_thermal_capacity_june2024,smartgarden_pa1_pilot_72e6b49d1a80
2024-06-30T23:00,28.6,87.0,0.0,0.0,0.0,1.03,100990.0,26.2,0.51,0.0,29.4,0.217,0,0,0,1.0,28.80602269810112,86.18079037956636,0.024496224356676324,34.469088251733965,0.2172508535222223,0.0,0.5473779320151637,0.0,0.0021708388340085393,1.3633938195277304e-07,0.4151287254458166,0.0,0.0,1.1651373509048857,scenario_007_low_soil_thermal_capacity_june2024,smartgarden_pa1_pilot_72e6b49d1a80
